CVE-2011-5331;0.027490000;0.856940000
CVE-2011-5330;0.020690000;0.807550000
CVE-2011-5329;0.009230000;0.590310000
CVE-2011-5328;0.006800000;0.506960000
CVE-2011-5327;0.037230000;0.894660000
CVE-2011-5326;0.025330000;0.843900000
CVE-2011-5325;0.069840000;0.939590000
CVE-2011-5324;0.016790000;0.761140000
CVE-2011-5323;0.016790000;0.761160000
CVE-2011-5322;0.016790000;0.761180000
CVE-2011-5321;0.003700000;0.285940000
CVE-2011-5320;0.004660000;0.381460000
CVE-2011-5319;0.009640000;0.603440000
CVE-2011-5318;0.010600000;0.633570000
CVE-2011-5317;0.009420000;0.596460000
CVE-2011-5316;0.006090000;0.473070000
CVE-2011-5315;0.006090000;0.473060000
CVE-2011-5314;0.012570000;0.685240000
CVE-2011-5313;0.012030000;0.671920000
CVE-2011-5312;0.009660000;0.603990000
CVE-2011-5311;0.006090000;0.473070000
CVE-2011-5310;0.018480000;0.783540000
CVE-2011-5309;0.009660000;0.603980000
CVE-2011-5308;0.023340000;0.829770000
CVE-2011-5307;0.016290000;0.753690000
CVE-2011-5306;0.006090000;0.473050000
CVE-2011-5305;0.009660000;0.603980000
CVE-2011-5304;0.020440000;0.805020000
CVE-2011-5303;0.009660000;0.604000000
CVE-2011-5302;0.006090000;0.473060000
CVE-2011-5301;0.009660000;0.603990000
CVE-2011-5300;0.006090000;0.473070000
CVE-2011-5299;0.009660000;0.604000000
CVE-2011-5298;0.006090000;0.473070000
CVE-2011-5297;0.009660000;0.604000000
CVE-2011-5296;0.009660000;0.603980000
CVE-2011-5295;0.038030000;0.896960000
CVE-2011-5294;0.012290000;0.678790000
CVE-2011-5293;0.020810000;0.808590000
CVE-2011-5292;0.014020000;0.715970000
CVE-2011-5291;0.012290000;0.678790000
CVE-2011-5290;0.012290000;0.678790000
CVE-2011-5289;0.022500000;0.823130000
CVE-2011-5288;0.038030000;0.896950000
CVE-2011-5287;0.009660000;0.603990000
CVE-2011-5286;0.029400000;0.866610000
CVE-2011-5285;0.009660000;0.603980000
CVE-2011-5284;0.022680000;0.824410000
CVE-2011-5283;0.032170000;0.877920000
CVE-2011-5282;0.010800000;0.639210000
CVE-2011-5280;0.027320000;0.856030000
CVE-2011-5279;0.192400000;0.972620000
CVE-2011-5278;0.012390000;0.680920000
CVE-2011-5277;0.012390000;0.680920000
CVE-2011-5276;0.010570000;0.632690000
CVE-2011-5275;0.013000000;0.694600000
CVE-2011-5274;0.020340000;0.803940000
CVE-2011-5273;0.014840000;0.731070000
CVE-2011-5272;0.010570000;0.632690000
CVE-2011-5271;0.004900000;0.399820000
CVE-2011-5270;0.014900000;0.732080000
CVE-2011-5269;0.010680000;0.636140000
CVE-2011-5268;0.015010000;0.733930000
CVE-2011-5267;0.017430000;0.769740000
CVE-2011-5266;0.011840000;0.667170000
CVE-2011-5265;0.099640000;0.954680000
CVE-2011-5264;0.022400000;0.822460000
CVE-2011-5263;0.013330000;0.701620000
CVE-2011-5262;0.011060000;0.646530000
CVE-2011-5261;0.036080000;0.891260000
CVE-2011-5260;0.012060000;0.672730000
CVE-2011-5259;0.012300000;0.678920000
CVE-2011-5258;0.020920000;0.809690000
CVE-2011-5257;0.037880000;0.896510000
CVE-2011-5256;0.008950000;0.581390000
CVE-2011-5255;0.016660000;0.759280000
CVE-2011-5254;0.026070000;0.848680000
CVE-2011-5253;0.011190000;0.649770000
CVE-2011-5252;0.119270000;0.960010000
CVE-2011-5251;0.015330000;0.739180000
CVE-2011-5250;0.006600000;0.498120000
CVE-2011-5249;0.013620000;0.708150000
CVE-2011-5247;0.010760000;0.638140000
CVE-2011-5245;0.032130000;0.877680000
CVE-2011-5244;0.033550000;0.883210000
CVE-2011-5243;0.005270000;0.426020000
CVE-2011-5242;0.005210000;0.421880000
CVE-2011-5241;0.005270000;0.426030000
CVE-2011-5240;0.006110000;0.474510000
CVE-2011-5239;0.005270000;0.426030000
CVE-2011-5238;0.003780000;0.294130000
CVE-2011-5237;0.005270000;0.426020000
CVE-2011-5236;0.006110000;0.474510000
CVE-2011-5235;0.018890000;0.788230000
CVE-2011-5234;0.018890000;0.788240000
CVE-2011-5233;0.093180000;0.952400000
CVE-2011-5230;0.022370000;0.822160000
CVE-2011-5229;0.022240000;0.821060000
CVE-2011-5228;0.038890000;0.899290000
CVE-2011-5227;0.769520000;0.995380000
CVE-2011-5226;0.012220000;0.676900000
CVE-2011-5225;0.024830000;0.840460000
CVE-2011-5224;0.027360000;0.856220000
CVE-2011-5223;0.021220000;0.812400000
CVE-2011-5222;0.022370000;0.822160000
CVE-2011-5221;0.024900000;0.840980000
CVE-2011-5220;0.018780000;0.787120000
CVE-2011-5219;0.091560000;0.951860000
CVE-2011-5218;0.022340000;0.821920000
CVE-2011-5217;0.028390000;0.861880000
CVE-2011-5216;0.024310000;0.836900000
CVE-2011-5215;0.020230000;0.802890000
CVE-2011-5214;0.048480000;0.917600000
CVE-2011-5213;0.024530000;0.838450000
CVE-2011-5212;0.034170000;0.885160000
CVE-2011-5211;0.038650000;0.898710000
CVE-2011-5210;0.015800000;0.746550000
CVE-2011-5209;0.016480000;0.756680000
CVE-2011-5208;0.032600000;0.879790000
CVE-2011-5207;0.045350000;0.912690000
CVE-2011-5206;0.012060000;0.672740000
CVE-2011-5205;0.012080000;0.673190000
CVE-2011-5204;0.008220000;0.558180000
CVE-2011-5203;0.012360000;0.680280000
CVE-2011-5202;0.003320000;0.241040000
CVE-2011-5201;0.014630000;0.727230000
CVE-2011-5200;0.024320000;0.836950000
CVE-2011-5199;0.012060000;0.672740000
CVE-2011-5198;0.013090000;0.696210000
CVE-2011-5197;0.019760000;0.797740000
CVE-2011-5196;0.013340000;0.701720000
CVE-2011-5195;0.011090000;0.647390000
CVE-2011-5194;0.022400000;0.822470000
CVE-2011-5193;0.040530000;0.903440000
CVE-2011-5192;0.020580000;0.806310000
CVE-2011-5191;0.016680000;0.759490000
CVE-2011-5190;0.012060000;0.672740000
CVE-2011-5189;0.010410000;0.627920000
CVE-2011-5188;0.009410000;0.596210000
CVE-2011-5187;0.010410000;0.627930000
CVE-2011-5186;0.013320000;0.701180000
CVE-2011-5185;0.013530000;0.706140000
CVE-2011-5184;0.027090000;0.854750000
CVE-2011-5183;0.011980000;0.670900000
CVE-2011-5182;0.036040000;0.891160000
CVE-2011-5181;0.104280000;0.956100000
CVE-2011-5180;0.037310000;0.894950000
CVE-2011-5179;0.087720000;0.950270000
CVE-2011-5178;0.013790000;0.711470000
CVE-2011-5177;0.016130000;0.751390000
CVE-2011-5176;0.009310000;0.593060000
CVE-2011-5175;0.013110000;0.696590000
CVE-2011-5174;0.004560000;0.373660000
CVE-2011-5173;0.034780000;0.887260000
CVE-2011-5172;0.063650000;0.934530000
CVE-2011-5171;0.457860000;0.987680000
CVE-2011-5170;0.319680000;0.982640000
CVE-2011-5169;0.011180000;0.649610000
CVE-2011-5168;0.012750000;0.689250000
CVE-2011-5167;0.097560000;0.953960000
CVE-2011-5166;0.064810000;0.935530000
CVE-2011-5165;0.370010000;0.984740000
CVE-2011-5164;0.285820000;0.980860000
CVE-2011-5163;0.004710000;0.385230000
CVE-2011-5162;0.068460000;0.938460000
CVE-2011-5161;0.019650000;0.796710000
CVE-2011-5160;0.013340000;0.701760000
CVE-2011-5159;0.011480000;0.656960000
CVE-2011-5158;0.019980000;0.800120000
CVE-2011-5157;0.004050000;0.324830000
CVE-2011-5156;0.003610000;0.276640000
CVE-2011-5155;0.007140000;0.520530000
CVE-2011-5154;0.003560000;0.270880000
CVE-2011-5153;0.003630000;0.278730000
CVE-2011-5152;0.003610000;0.276630000
CVE-2011-5151;0.003610000;0.276630000
CVE-2011-5150;0.014570000;0.726140000
CVE-2011-5149;0.020800000;0.808480000
CVE-2011-5148;0.048390000;0.917410000
CVE-2011-5147;0.022880000;0.826090000
CVE-2011-5146;0.003120000;0.219470000
CVE-2011-5145;0.011660000;0.662000000
CVE-2011-5144;0.014890000;0.731900000
CVE-2011-5143;0.009420000;0.596440000
CVE-2011-5142;0.012080000;0.673180000
CVE-2011-5141;0.012960000;0.693810000
CVE-2011-5140;0.018050000;0.778020000
CVE-2011-5139;0.011130000;0.648260000
CVE-2011-5138;0.009600000;0.601880000
CVE-2011-5137;0.011990000;0.671130000
CVE-2011-5136;0.015890000;0.747830000
CVE-2011-5135;0.009210000;0.589400000
CVE-2011-5134;0.010550000;0.632250000
CVE-2011-5133;0.016790000;0.761180000
CVE-2011-5132;0.011610000;0.660520000
CVE-2011-5131;0.010470000;0.629850000
CVE-2011-5130;0.365500000;0.984540000
CVE-2011-5129;0.076960000;0.944310000
CVE-2011-5128;0.016550000;0.757530000
CVE-2011-5127;0.131620000;0.962610000
CVE-2011-5126;0.010600000;0.633480000
CVE-2011-5125;0.009420000;0.596500000
CVE-2011-5124;0.546480000;0.989930000
CVE-2011-5123;0.012210000;0.676530000
CVE-2011-5122;0.022230000;0.820960000
CVE-2011-5121;0.012210000;0.676530000
CVE-2011-5120;0.022230000;0.820950000
CVE-2011-5119;0.004000000;0.318500000
CVE-2011-5118;0.004000000;0.318500000
CVE-2011-5117;0.003360000;0.247560000
CVE-2011-5116;0.010510000;0.630860000
CVE-2011-5115;0.010030000;0.616720000
CVE-2011-5114;0.009310000;0.593110000
CVE-2011-5113;0.010240000;0.623170000
CVE-2011-5112;0.010240000;0.623180000
CVE-2011-5111;0.011150000;0.648930000
CVE-2011-5110;0.024220000;0.836230000
CVE-2011-5109;0.020420000;0.804830000
CVE-2011-5108;0.016130000;0.751400000
CVE-2011-5107;0.087720000;0.950270000
CVE-2011-5106;0.108990000;0.957540000
CVE-2011-5105;0.059800000;0.930890000
CVE-2011-5104;0.022400000;0.822470000
CVE-2011-5103;0.011060000;0.646530000
CVE-2011-5102;0.035110000;0.888320000
CVE-2011-5101;0.012180000;0.675930000
CVE-2011-5100;0.014220000;0.719600000
CVE-2011-5099;0.012770000;0.689520000
CVE-2011-5098;0.016810000;0.761360000
CVE-2011-5097;0.014230000;0.719670000
CVE-2011-5096;0.039400000;0.900790000
CVE-2011-5095;0.020880000;0.809320000
CVE-2011-5094;0.026960000;0.854140000
CVE-2011-5093;0.020870000;0.809180000
CVE-2011-5092;0.028470000;0.862260000
CVE-2011-5091;0.011860000;0.667790000
CVE-2011-5090;0.012860000;0.691440000
CVE-2011-5089;0.043050000;0.908520000
CVE-2011-5088;0.026920000;0.853900000
CVE-2011-5087;0.012790000;0.689890000
CVE-2011-5086;0.016580000;0.758000000
CVE-2011-5085;0.020010000;0.800460000
CVE-2011-5084;0.014250000;0.720150000
CVE-2011-5083;0.032630000;0.879870000
CVE-2011-5082;0.019370000;0.793900000
CVE-2011-5081;0.019570000;0.795940000
CVE-2011-5080;0.010530000;0.631770000
CVE-2011-5079;0.011040000;0.646110000
CVE-2011-5078;0.010250000;0.623260000
CVE-2011-5077;0.020570000;0.806250000
CVE-2011-5076;0.010980000;0.644610000
CVE-2011-5075;0.025600000;0.845600000
CVE-2011-5074;0.009900000;0.612180000
CVE-2011-5073;0.014800000;0.730160000
CVE-2011-5072;0.010140000;0.620150000
CVE-2011-5071;0.010440000;0.628880000
CVE-2011-5070;0.014500000;0.724650000
CVE-2011-5069;0.019390000;0.794180000
CVE-2011-5068;0.007010000;0.515740000
CVE-2011-5067;0.009480000;0.598370000
CVE-2011-5066;0.002870000;0.192480000
CVE-2011-5065;0.018590000;0.784970000
CVE-2011-5064;0.063350000;0.934320000
CVE-2011-5063;0.064860000;0.935570000
CVE-2011-5062;0.073560000;0.942310000
CVE-2011-5061;0.022020000;0.819230000
CVE-2011-5060;0.002870000;0.192620000
CVE-2011-5059;0.034010000;0.884740000
CVE-2011-5058;0.017640000;0.772630000
CVE-2011-5057;0.272190000;0.980020000
CVE-2011-5056;0.003810000;0.297960000
CVE-2011-5055;0.014470000;0.724140000
CVE-2011-5054;0.003260000;0.234500000
CVE-2011-5053;0.032660000;0.879950000
CVE-2011-5052;0.296910000;0.981490000
CVE-2011-5051;0.041950000;0.906480000
CVE-2011-5050;0.008390000;0.563740000
CVE-2011-5049;0.042780000;0.908050000
CVE-2011-5048;0.012230000;0.677110000
CVE-2011-5047;0.010860000;0.641040000
CVE-2011-5046;0.453040000;0.987530000
CVE-2011-5045;0.014780000;0.729800000
CVE-2011-5044;0.010910000;0.642110000
CVE-2011-5043;0.019380000;0.794040000
CVE-2011-5042;0.010530000;0.631780000
CVE-2011-5041;0.014940000;0.732590000
CVE-2011-5040;0.030060000;0.869480000
CVE-2011-5039;0.010100000;0.618550000
CVE-2011-5038;0.010980000;0.644610000
CVE-2011-5037;0.014450000;0.723650000
CVE-2011-5036;0.038710000;0.898890000
CVE-2011-5035;0.679320000;0.993050000
CVE-2011-5034;0.805690000;0.996160000
CVE-2011-5033;0.006830000;0.508430000
CVE-2011-5032;0.003610000;0.276220000
CVE-2011-5031;0.010880000;0.641460000
CVE-2011-5030;0.008850000;0.578350000
CVE-2011-5029;0.010530000;0.631770000
CVE-2011-5028;0.032270000;0.878300000
CVE-2011-5027;0.019620000;0.796480000
CVE-2011-5026;0.016020000;0.749690000
CVE-2011-5025;0.026620000;0.852010000
CVE-2011-5024;0.009780000;0.608760000
CVE-2011-5023;0.014780000;0.729790000
CVE-2011-5022;0.009290000;0.592290000
CVE-2011-5021;0.013460000;0.704580000
CVE-2011-5020;0.010340000;0.626070000
CVE-2011-5019;0.014640000;0.727300000
CVE-2011-5018;0.010000000;0.615320000
CVE-2011-5012;0.077500000;0.944650000
CVE-2011-5011;0.033160000;0.881930000
CVE-2011-5010;0.657180000;0.992490000
CVE-2011-5009;0.103950000;0.956030000
CVE-2011-5008;0.049670000;0.919380000
CVE-2011-5007;0.727140000;0.994340000
CVE-2011-5006;0.060300000;0.931440000
CVE-2011-5005;0.037740000;0.896140000
CVE-2011-5004;0.016390000;0.755410000
CVE-2011-5003;0.624130000;0.991660000
CVE-2011-5002;0.075110000;0.943200000
CVE-2011-5001;0.643630000;0.992150000
CVE-2011-5000;0.025650000;0.845970000
CVE-2011-4973;0.009990000;0.614920000
CVE-2011-4972;0.017440000;0.769840000
CVE-2011-4971;0.223170000;0.976250000
CVE-2011-4970;0.015430000;0.740880000
CVE-2011-4969;0.191910000;0.972570000
CVE-2011-4968;0.039890000;0.902060000
CVE-2011-4967;0.026530000;0.851540000
CVE-2011-4966;0.013820000;0.712040000
CVE-2011-4963;0.059590000;0.930720000
CVE-2011-4962;0.039180000;0.900170000
CVE-2011-4961;0.016000000;0.749400000
CVE-2011-4960;0.013530000;0.706190000
CVE-2011-4959;0.014520000;0.724990000
CVE-2011-4958;0.042850000;0.908180000
CVE-2011-4957;0.031550000;0.875330000
CVE-2011-4956;0.025100000;0.842290000
CVE-2011-4955;0.018100000;0.778700000
CVE-2011-4954;0.003410000;0.253320000
CVE-2011-4953;0.021920000;0.818150000
CVE-2011-4952;0.006350000;0.486390000
CVE-2011-4951;0.014910000;0.732260000
CVE-2011-4950;0.014110000;0.717390000
CVE-2011-4949;0.015220000;0.737360000
CVE-2011-4948;0.022630000;0.824040000
CVE-2011-4947;0.006830000;0.508460000
CVE-2011-4946;0.014550000;0.725610000
CVE-2011-4945;0.003520000;0.265360000
CVE-2011-4944;0.004290000;0.348830000
CVE-2011-4943;0.018270000;0.780950000
CVE-2011-4942;0.013670000;0.709040000
CVE-2011-4941;0.022680000;0.824470000
CVE-2011-4940;0.032130000;0.877720000
CVE-2011-4939;0.035090000;0.888240000
CVE-2011-4938;0.011700000;0.663040000
CVE-2011-4937;0.015660000;0.744550000
CVE-2011-4932;0.039280000;0.900450000
CVE-2011-4931;0.015030000;0.734270000
CVE-2011-4930;0.005860000;0.460980000
CVE-2011-4929;0.464010000;0.987850000
CVE-2011-4928;0.018320000;0.781540000
CVE-2011-4927;0.011180000;0.649650000
CVE-2011-4926;0.109110000;0.957570000
CVE-2011-4925;0.009550000;0.600390000
CVE-2011-4924;0.013620000;0.708090000
CVE-2011-4923;0.020320000;0.803760000
CVE-2011-4922;0.003080000;0.214780000
CVE-2011-4921;0.010290000;0.624490000
CVE-2011-4920;0.012920000;0.692790000
CVE-2011-4919;0.025830000;0.847060000
CVE-2011-4918;0.021060000;0.811020000
CVE-2011-4917;0.004830000;0.394140000
CVE-2011-4916;0.004120000;0.331700000
CVE-2011-4915;0.005130000;0.416420000
CVE-2011-4914;0.087930000;0.950350000
CVE-2011-4913;0.041770000;0.906110000
CVE-2011-4912;0.007710000;0.540910000
CVE-2011-4911;0.015130000;0.736030000
CVE-2011-4910;0.012840000;0.690950000
CVE-2011-4909;0.018790000;0.787230000
CVE-2011-4908;0.557690000;0.990170000
CVE-2011-4907;0.008800000;0.577030000
CVE-2011-4906;0.095820000;0.953380000
CVE-2011-4905;0.084360000;0.948470000
CVE-2011-4904;0.011400000;0.654980000
CVE-2011-4903;0.008340000;0.561990000
CVE-2011-4902;0.009840000;0.610200000
CVE-2011-4901;0.011400000;0.654980000
CVE-2011-4900;0.009530000;0.599900000
CVE-2011-4899;0.090230000;0.951380000
CVE-2011-4898;0.092080000;0.952010000
CVE-2011-4897;0.015280000;0.738240000
CVE-2011-4896;0.014990000;0.733730000
CVE-2011-4895;0.015280000;0.738240000
CVE-2011-4894;0.015280000;0.738240000
CVE-2011-4890;0.021160000;0.811780000
CVE-2011-4889;0.026790000;0.853150000
CVE-2011-4887;0.012840000;0.690930000
CVE-2011-4885;0.833700000;0.996740000
CVE-2011-4883;0.031230000;0.874110000
CVE-2011-4882;0.032910000;0.880950000
CVE-2011-4881;0.075370000;0.943340000
CVE-2011-4880;0.053860000;0.924310000
CVE-2011-4879;0.121050000;0.960360000
CVE-2011-4878;0.110920000;0.958080000
CVE-2011-4877;0.072590000;0.941690000
CVE-2011-4876;0.090460000;0.951450000
CVE-2011-4875;0.138410000;0.964190000
CVE-2011-4874;0.015100000;0.735590000
CVE-2011-4873;0.017590000;0.771980000
CVE-2011-4872;0.013210000;0.698840000
CVE-2011-4871;0.031230000;0.874110000
CVE-2011-4870;0.023870000;0.833630000
CVE-2011-4869;0.029850000;0.868470000
CVE-2011-4868;0.034140000;0.885080000
CVE-2011-4867;0.009590000;0.601720000
CVE-2011-4866;0.010470000;0.629910000
CVE-2011-4865;0.009590000;0.601720000
CVE-2011-4864;0.009590000;0.601720000
CVE-2011-4863;0.009490000;0.598560000
CVE-2011-4862;0.949830000;0.998610000
CVE-2011-4861;0.030360000;0.870620000
CVE-2011-4860;0.026420000;0.850800000
CVE-2011-4859;0.038940000;0.899410000
CVE-2011-4858;0.797130000;0.996000000
CVE-2011-4857;0.047090000;0.915480000
CVE-2011-4856;0.016180000;0.752190000
CVE-2011-4855;0.016180000;0.752190000
CVE-2011-4854;0.016180000;0.752190000
CVE-2011-4853;0.010420000;0.628580000
CVE-2011-4852;0.010420000;0.628590000
CVE-2011-4851;0.018710000;0.786320000
CVE-2011-4850;0.009780000;0.608790000
CVE-2011-4849;0.009680000;0.605060000
CVE-2011-4848;0.009680000;0.605060000
CVE-2011-4847;0.006350000;0.486170000
CVE-2011-4838;0.042030000;0.906640000
CVE-2011-4837;0.019870000;0.798970000
CVE-2011-4836;0.015370000;0.739890000
CVE-2011-4835;0.071530000;0.940970000
CVE-2011-4834;0.011590000;0.660000000
CVE-2011-4833;0.019570000;0.795960000
CVE-2011-4832;0.024820000;0.840420000
CVE-2011-4831;0.026300000;0.850030000
CVE-2011-4830;0.012470000;0.682820000
CVE-2011-4829;0.010030000;0.616740000
CVE-2011-4828;0.651130000;0.992350000
CVE-2011-4827;0.010820000;0.639960000
CVE-2011-4826;0.011040000;0.645930000
CVE-2011-4825;0.391620000;0.985570000
CVE-2011-4824;0.024500000;0.838240000
CVE-2011-4823;0.010690000;0.636400000
CVE-2011-4822;0.015280000;0.738300000
CVE-2011-4821;0.020860000;0.809110000
CVE-2011-4820;0.009980000;0.614570000
CVE-2011-4819;0.011480000;0.656760000
CVE-2011-4818;0.011680000;0.662590000
CVE-2011-4817;0.011960000;0.670210000
CVE-2011-4816;0.016770000;0.760780000
CVE-2011-4815;0.040590000;0.903560000
CVE-2011-4814;0.055270000;0.925740000
CVE-2011-4813;0.028710000;0.863380000
CVE-2011-4812;0.014640000;0.727290000
CVE-2011-4811;0.009240000;0.590670000
CVE-2011-4810;0.063230000;0.934210000
CVE-2011-4809;0.014940000;0.732590000
CVE-2011-4808;0.011570000;0.659440000
CVE-2011-4807;0.029890000;0.868660000
CVE-2011-4806;0.013570000;0.707050000
CVE-2011-4805;0.010940000;0.643550000
CVE-2011-4804;0.209810000;0.975030000
CVE-2011-4803;0.026020000;0.848350000
CVE-2011-4802;0.054620000;0.925030000
CVE-2011-4801;0.011330000;0.653090000
CVE-2011-4800;0.073390000;0.942190000
CVE-2011-4791;0.082430000;0.947400000
CVE-2011-4790;0.089990000;0.951300000
CVE-2011-4789;0.643720000;0.992160000
CVE-2011-4788;0.048660000;0.917800000
CVE-2011-4787;0.041920000;0.906420000
CVE-2011-4786;0.391850000;0.985590000
CVE-2011-4785;0.034670000;0.886870000
CVE-2011-4784;0.003320000;0.240900000
CVE-2011-4783;0.044040000;0.910330000
CVE-2011-4782;0.012500000;0.683630000
CVE-2011-4780;0.013500000;0.705470000
CVE-2011-4778;0.008450000;0.565410000
CVE-2011-4777;0.008550000;0.569050000
CVE-2011-4776;0.008450000;0.565610000
CVE-2011-4773;0.009490000;0.598560000
CVE-2011-4772;0.009590000;0.601710000
CVE-2011-4771;0.009590000;0.601710000
CVE-2011-4770;0.009590000;0.601700000
CVE-2011-4769;0.009590000;0.601700000
CVE-2011-4768;0.019020000;0.789900000
CVE-2011-4767;0.010640000;0.634790000
CVE-2011-4766;0.010760000;0.638190000
CVE-2011-4765;0.009680000;0.605070000
CVE-2011-4764;0.008450000;0.565560000
CVE-2011-4763;0.010250000;0.623450000
CVE-2011-4762;0.018390000;0.782370000
CVE-2011-4761;0.018390000;0.782380000
CVE-2011-4760;0.010640000;0.634800000
CVE-2011-4759;0.010640000;0.634790000
CVE-2011-4758;0.010640000;0.634790000
CVE-2011-4757;0.021860000;0.817680000
CVE-2011-4756;0.010640000;0.634800000
CVE-2011-4755;0.018390000;0.782410000
CVE-2011-4754;0.008450000;0.565590000
CVE-2011-4753;0.010250000;0.623460000
CVE-2011-4752;0.018390000;0.782390000
CVE-2011-4751;0.010640000;0.634820000
CVE-2011-4750;0.008550000;0.568970000
CVE-2011-4749;0.021860000;0.817680000
CVE-2011-4748;0.010640000;0.634770000
CVE-2011-4747;0.009380000;0.595330000
CVE-2011-4746;0.009490000;0.598610000
CVE-2011-4745;0.008450000;0.565520000
CVE-2011-4744;0.018390000;0.782400000
CVE-2011-4743;0.018390000;0.782400000
CVE-2011-4742;0.010640000;0.634810000
CVE-2011-4741;0.010640000;0.634780000
CVE-2011-4740;0.009680000;0.605060000
CVE-2011-4739;0.021860000;0.817680000
CVE-2011-4738;0.010920000;0.642400000
CVE-2011-4737;0.010640000;0.634800000
CVE-2011-4736;0.010640000;0.634810000
CVE-2011-4735;0.011970000;0.670530000
CVE-2011-4734;0.010250000;0.623460000
CVE-2011-4733;0.018390000;0.782380000
CVE-2011-4732;0.018390000;0.782380000
CVE-2011-4731;0.010760000;0.638170000
CVE-2011-4730;0.021860000;0.817680000
CVE-2011-4729;0.010640000;0.634830000
CVE-2011-4728;0.010640000;0.634830000
CVE-2011-4727;0.018390000;0.782390000
CVE-2011-4726;0.008450000;0.565520000
CVE-2011-4725;0.010250000;0.623470000
CVE-2011-4723;0.030640000;0.871800000
CVE-2011-4722;0.582320000;0.990720000
CVE-2011-4720;0.026810000;0.853240000
CVE-2011-4719;0.006690000;0.502270000
CVE-2011-4718;0.036160000;0.891520000
CVE-2011-4717;0.018920000;0.788750000
CVE-2011-4716;0.030810000;0.872450000
CVE-2011-4715;0.086150000;0.949470000
CVE-2011-4714;0.036030000;0.891100000
CVE-2011-4713;0.034280000;0.885500000
CVE-2011-4712;0.029260000;0.866010000
CVE-2011-4711;0.015260000;0.737930000
CVE-2011-4710;0.016590000;0.758320000
CVE-2011-4709;0.019810000;0.798380000
CVE-2011-4708;0.008450000;0.565530000
CVE-2011-4707;0.010860000;0.641050000
CVE-2011-4705;0.009590000;0.601730000
CVE-2011-4704;0.009590000;0.601730000
CVE-2011-4703;0.009590000;0.601740000
CVE-2011-4702;0.009590000;0.601730000
CVE-2011-4701;0.009590000;0.601730000
CVE-2011-4700;0.009590000;0.601720000
CVE-2011-4699;0.010470000;0.629910000
CVE-2011-4698;0.010470000;0.629910000
CVE-2011-4697;0.010470000;0.629920000
CVE-2011-4696;0.007860000;0.545880000
CVE-2011-4695;0.023970000;0.834370000
CVE-2011-4694;0.076290000;0.943950000
CVE-2011-4693;0.071120000;0.940620000
CVE-2011-4692;0.012080000;0.673190000
CVE-2011-4691;0.010670000;0.635840000
CVE-2011-4690;0.011470000;0.656500000
CVE-2011-4689;0.094010000;0.952720000
CVE-2011-4688;0.018180000;0.779780000
CVE-2011-4687;0.022570000;0.823660000
CVE-2011-4686;0.021960000;0.818690000
CVE-2011-4685;0.021960000;0.818690000
CVE-2011-4684;0.057170000;0.928000000
CVE-2011-4683;0.019940000;0.799760000
CVE-2011-4682;0.019780000;0.797950000
CVE-2011-4681;0.019780000;0.797950000
CVE-2011-4680;0.008550000;0.568950000
CVE-2011-4679;0.010370000;0.626820000
CVE-2011-4678;0.010640000;0.634800000
CVE-2011-4677;0.012880000;0.691900000
CVE-2011-4675;0.031120000;0.873590000
CVE-2011-4674;0.024090000;0.835170000
CVE-2011-4673;0.020640000;0.807030000
CVE-2011-4672;0.010410000;0.628080000
CVE-2011-4671;0.029020000;0.864910000
CVE-2011-4670;0.028440000;0.862110000
CVE-2011-4669;0.021380000;0.813780000
CVE-2011-4668;0.029640000;0.867590000
CVE-2011-4667;0.006880000;0.510520000
CVE-2011-4661;0.010140000;0.620040000
CVE-2011-4659;0.019020000;0.789890000
CVE-2011-4650;0.013410000;0.703470000
CVE-2011-4647;0.011410000;0.655170000
CVE-2011-4646;0.015410000;0.740520000
CVE-2011-4644;0.075140000;0.943210000
CVE-2011-4643;0.077330000;0.944550000
CVE-2011-4642;0.286150000;0.980870000
CVE-2011-4640;0.073230000;0.942100000
CVE-2011-4639;0.014640000;0.727410000
CVE-2011-4638;0.011850000;0.667600000
CVE-2011-4634;0.021290000;0.813120000
CVE-2011-4632;0.006780000;0.506050000
CVE-2011-4631;0.006780000;0.506060000
CVE-2011-4630;0.006780000;0.506060000
CVE-2011-4629;0.006780000;0.506050000
CVE-2011-4628;0.016450000;0.756300000
CVE-2011-4627;0.009530000;0.599890000
CVE-2011-4626;0.008340000;0.561990000
CVE-2011-4625;0.007440000;0.531480000
CVE-2011-4624;0.070620000;0.940220000
CVE-2011-4623;0.004200000;0.340480000
CVE-2011-4622;0.003470000;0.259530000
CVE-2011-4621;0.004410000;0.361100000
CVE-2011-4620;0.126370000;0.961400000
CVE-2011-4619;0.178390000;0.970930000
CVE-2011-4618;0.100830000;0.955060000
CVE-2011-4617;0.003100000;0.217040000
CVE-2011-4616;0.016230000;0.752720000
CVE-2011-4615;0.013210000;0.698810000
CVE-2011-4614;0.055120000;0.925590000
CVE-2011-4613;0.008620000;0.571320000
CVE-2011-4612;0.021990000;0.818960000
CVE-2011-4611;0.003970000;0.315570000
CVE-2011-4610;0.021720000;0.816600000
CVE-2011-4609;0.018340000;0.781700000
CVE-2011-4608;0.031410000;0.874760000
CVE-2011-4607;0.004080000;0.327100000
CVE-2011-4606;0.003130000;0.220010000
CVE-2011-4605;0.035210000;0.888590000
CVE-2011-4604;0.029860000;0.868550000
CVE-2011-4603;0.036000000;0.891020000
CVE-2011-4602;0.035830000;0.890530000
CVE-2011-4601;0.045280000;0.912530000
CVE-2011-4600;0.017830000;0.775130000
CVE-2011-4599;0.080030000;0.946030000
CVE-2011-4598;0.023540000;0.831400000
CVE-2011-4597;0.031580000;0.875450000
CVE-2011-4596;0.017610000;0.772320000
CVE-2011-4595;0.024070000;0.835020000
CVE-2011-4594;0.004290000;0.349560000
CVE-2011-4593;0.016740000;0.760430000
CVE-2011-4592;0.013930000;0.714160000
CVE-2011-4591;0.018320000;0.781560000
CVE-2011-4590;0.011700000;0.662980000
CVE-2011-4589;0.012720000;0.688710000
CVE-2011-4588;0.021490000;0.814790000
CVE-2011-4587;0.020660000;0.807210000
CVE-2011-4586;0.021020000;0.810680000
CVE-2011-4585;0.021180000;0.811990000
CVE-2011-4584;0.017270000;0.767570000
CVE-2011-4583;0.012720000;0.688710000
CVE-2011-4582;0.011880000;0.668270000
CVE-2011-4581;0.011120000;0.647980000
CVE-2011-4580;0.010050000;0.617200000
CVE-2011-4579;0.033190000;0.882000000
CVE-2011-4578;0.003940000;0.313120000
CVE-2011-4577;0.081930000;0.947160000
CVE-2011-4576;0.155750000;0.967430000
CVE-2011-4575;0.017940000;0.776620000
CVE-2011-4574;0.010870000;0.641230000
CVE-2011-4573;0.008070000;0.553340000
CVE-2011-4572;0.015260000;0.737970000
CVE-2011-4571;0.010030000;0.616750000
CVE-2011-4570;0.010460000;0.629590000
CVE-2011-4569;0.010030000;0.616740000
CVE-2011-4568;0.018300000;0.781230000
CVE-2011-4567;0.014780000;0.729790000
CVE-2011-4566;0.065580000;0.936170000
CVE-2011-4565;0.012700000;0.688170000
CVE-2011-4564;0.014800000;0.730170000
CVE-2011-4563;0.010420000;0.628470000
CVE-2011-4562;0.023930000;0.834020000
CVE-2011-4561;0.015400000;0.740420000
CVE-2011-4560;0.008850000;0.578350000
CVE-2011-4559;0.013370000;0.702410000
CVE-2011-4558;0.042710000;0.907950000
CVE-2011-4555;0.008830000;0.577830000
CVE-2011-4554;0.008760000;0.576060000
CVE-2011-4553;0.009490000;0.598560000
CVE-2011-4552;0.008450000;0.565590000
CVE-2011-4551;0.016420000;0.755930000
CVE-2011-4548;0.008750000;0.575690000
CVE-2011-4547;0.010820000;0.639970000
CVE-2011-4545;0.035630000;0.889790000
CVE-2011-4544;0.031250000;0.874190000
CVE-2011-4543;0.025770000;0.846740000
CVE-2011-4542;0.241190000;0.977880000
CVE-2011-4541;0.014780000;0.729800000
CVE-2011-4540;0.017340000;0.768540000
CVE-2011-4539;0.152190000;0.966630000
CVE-2011-4538;0.008710000;0.574370000
CVE-2011-4537;0.044920000;0.911960000
CVE-2011-4536;0.085270000;0.949000000
CVE-2011-4535;0.267290000;0.979740000
CVE-2011-4534;0.024120000;0.835400000
CVE-2011-4533;0.029150000;0.865520000
CVE-2011-4532;0.032140000;0.877770000
CVE-2011-4531;0.084060000;0.948330000
CVE-2011-4530;0.040800000;0.904040000
CVE-2011-4529;0.068560000;0.938540000
CVE-2011-4528;0.028380000;0.861770000
CVE-2011-4526;0.043050000;0.908510000
CVE-2011-4525;0.021520000;0.815080000
CVE-2011-4524;0.043050000;0.908520000
CVE-2011-4523;0.009890000;0.612110000
CVE-2011-4522;0.009890000;0.612120000
CVE-2011-4521;0.012320000;0.679490000
CVE-2011-4520;0.023670000;0.832210000
CVE-2011-4519;0.023670000;0.832210000
CVE-2011-4518;0.263850000;0.979530000
CVE-2011-4517;0.104870000;0.956340000
CVE-2011-4516;0.104870000;0.956330000
CVE-2011-4515;0.003810000;0.298020000
CVE-2011-4514;0.033770000;0.883860000
CVE-2011-4513;0.047760000;0.916530000
CVE-2011-4512;0.016100000;0.750950000
CVE-2011-4511;0.014200000;0.719130000
CVE-2011-4510;0.014200000;0.719130000
CVE-2011-4509;0.019750000;0.797700000
CVE-2011-4508;0.029790000;0.868240000
CVE-2011-4507;0.063160000;0.934170000
CVE-2011-4506;0.013090000;0.696260000
CVE-2011-4505;0.013090000;0.696270000
CVE-2011-4504;0.014280000;0.720750000
CVE-2011-4503;0.020940000;0.809880000
CVE-2011-4502;0.054840000;0.925290000
CVE-2011-4501;0.042010000;0.906590000
CVE-2011-4500;0.013090000;0.696260000
CVE-2011-4499;0.013090000;0.696260000
CVE-2011-4498;0.005630000;0.448600000
CVE-2011-4497;0.005090000;0.413740000
CVE-2011-4496;0.110580000;0.957970000
CVE-2011-4487;0.010350000;0.626410000
CVE-2011-4486;0.013130000;0.697080000
CVE-2011-4465;0.010420000;0.628470000
CVE-2011-4462;0.032200000;0.878080000
CVE-2011-4461;0.049220000;0.918630000
CVE-2011-4460;0.017740000;0.774100000
CVE-2011-4459;0.010170000;0.620820000
CVE-2011-4458;0.031010000;0.873180000
CVE-2011-4457;0.013660000;0.708830000
CVE-2011-4455;0.009490000;0.598740000
CVE-2011-4454;0.009490000;0.598740000
CVE-2011-4453;0.519810000;0.989230000
CVE-2011-4452;0.023040000;0.827380000
CVE-2011-4451;0.141700000;0.964820000
CVE-2011-4450;0.074760000;0.942980000
CVE-2011-4449;0.041390000;0.905380000
CVE-2011-4448;0.019440000;0.794680000
CVE-2011-4447;0.016300000;0.753920000
CVE-2011-4436;0.007400000;0.529960000
CVE-2011-4435;0.012290000;0.678620000
CVE-2011-4434;0.018480000;0.783550000
CVE-2011-4432;0.013020000;0.694890000
CVE-2011-4431;0.059970000;0.931100000
CVE-2011-4415;0.030190000;0.869950000
CVE-2011-4409;0.017550000;0.771520000
CVE-2011-4408;0.012430000;0.681910000
CVE-2011-4407;0.006320000;0.484860000
CVE-2011-4406;0.003780000;0.294940000
CVE-2011-4405;0.034490000;0.886300000
CVE-2011-4404;0.597260000;0.991060000
CVE-2011-4403;0.016810000;0.761310000
CVE-2011-4374;0.040150000;0.902640000
CVE-2011-4373;0.302530000;0.981770000
CVE-2011-4372;0.125840000;0.961290000
CVE-2011-4371;0.062110000;0.933200000
CVE-2011-4370;0.062110000;0.933200000
CVE-2011-4369;0.075190000;0.943240000
CVE-2011-4368;0.022540000;0.823430000
CVE-2011-4367;0.337470000;0.983480000
CVE-2011-4364;0.045990000;0.913830000
CVE-2011-4363;0.003030000;0.209350000
CVE-2011-4362;0.211060000;0.975160000
CVE-2011-4361;0.022290000;0.821470000
CVE-2011-4360;0.023170000;0.828480000
CVE-2011-4358;0.022090000;0.819800000
CVE-2011-4357;0.030170000;0.869900000
CVE-2011-4356;0.003300000;0.238550000
CVE-2011-4355;0.003600000;0.275600000
CVE-2011-4354;0.029900000;0.868690000
CVE-2011-4353;0.027590000;0.857570000
CVE-2011-4352;0.060470000;0.931590000
CVE-2011-4351;0.033170000;0.881950000
CVE-2011-4350;0.161420000;0.968400000
CVE-2011-4349;0.004570000;0.374150000
CVE-2011-4348;0.021840000;0.817560000
CVE-2011-4347;0.003670000;0.283060000
CVE-2011-4346;0.015960000;0.748780000
CVE-2011-4345;0.018910000;0.788570000
CVE-2011-4344;0.012310000;0.679140000
CVE-2011-4343;0.053340000;0.923800000
CVE-2011-4342;0.106850000;0.956900000
CVE-2011-4341;0.027790000;0.858940000
CVE-2011-4340;0.017980000;0.777130000
CVE-2011-4339;0.004250000;0.345130000
CVE-2011-4338;0.004000000;0.318530000
CVE-2011-4337;0.023710000;0.832520000
CVE-2011-4336;0.076520000;0.944070000
CVE-2011-4335;0.015370000;0.739820000
CVE-2011-4334;0.058420000;0.929560000
CVE-2011-4333;0.020630000;0.806860000
CVE-2011-4332;0.010530000;0.631740000
CVE-2011-4330;0.004440000;0.363860000
CVE-2011-4329;0.022340000;0.821910000
CVE-2011-4328;0.021300000;0.813160000
CVE-2011-4327;0.004160000;0.336430000
CVE-2011-4326;0.031760000;0.876150000
CVE-2011-4325;0.003600000;0.274870000
CVE-2011-4324;0.004780000;0.390490000
CVE-2011-4322;0.011730000;0.663930000
CVE-2011-4321;0.009380000;0.595330000
CVE-2011-4320;0.020460000;0.805250000
CVE-2011-4319;0.015780000;0.746330000
CVE-2011-4318;0.013210000;0.698780000
CVE-2011-4317;0.596030000;0.991030000
CVE-2011-4316;0.003320000;0.241330000
CVE-2011-4315;0.059620000;0.930760000
CVE-2011-4314;0.030740000;0.872210000
CVE-2011-4313;0.161700000;0.968460000
CVE-2011-4312;0.022520000;0.823230000
CVE-2011-4311;0.014420000;0.723100000
CVE-2011-4310;0.010610000;0.633920000
CVE-2011-4309;0.014310000;0.721280000
CVE-2011-4308;0.016740000;0.760440000
CVE-2011-4307;0.011870000;0.668050000
CVE-2011-4306;0.018320000;0.781550000
CVE-2011-4305;0.019190000;0.791870000
CVE-2011-4304;0.017210000;0.766930000
CVE-2011-4303;0.012480000;0.683240000
CVE-2011-4302;0.012840000;0.691000000
CVE-2011-4301;0.021020000;0.810690000
CVE-2011-4300;0.021180000;0.811970000
CVE-2011-4299;0.011870000;0.668020000
CVE-2011-4298;0.010110000;0.619080000
CVE-2011-4297;0.015610000;0.743880000
CVE-2011-4296;0.012720000;0.688700000
CVE-2011-4295;0.012720000;0.688720000
CVE-2011-4294;0.015410000;0.740610000
CVE-2011-4293;0.024090000;0.835170000
CVE-2011-4292;0.019900000;0.799310000
CVE-2011-4291;0.019190000;0.791870000
CVE-2011-4290;0.011870000;0.668020000
CVE-2011-4289;0.016740000;0.760440000
CVE-2011-4288;0.016740000;0.760440000
CVE-2011-4287;0.020660000;0.807200000
CVE-2011-4286;0.018320000;0.781530000
CVE-2011-4285;0.019050000;0.790240000
CVE-2011-4284;0.021180000;0.811970000
CVE-2011-4283;0.021180000;0.811970000
CVE-2011-4282;0.018320000;0.781530000
CVE-2011-4281;0.010060000;0.617480000
CVE-2011-4280;0.036190000;0.891620000
CVE-2011-4279;0.014000000;0.715480000
CVE-2011-4278;0.018320000;0.781560000
CVE-2011-4277;0.009180000;0.588730000
CVE-2011-4276;0.005310000;0.428980000
CVE-2011-4275;0.014910000;0.732150000
CVE-2011-4274;0.010420000;0.628450000
CVE-2011-4273;0.047720000;0.916470000
CVE-2011-4266;0.018150000;0.779350000
CVE-2011-4265;0.008450000;0.565510000
CVE-2011-4264;0.008450000;0.565640000
CVE-2011-4263;0.008450000;0.565640000
CVE-2011-4262;0.036460000;0.892410000
CVE-2011-4261;0.028300000;0.861400000
CVE-2011-4260;0.028890000;0.864190000
CVE-2011-4259;0.028890000;0.864200000
CVE-2011-4258;0.036460000;0.892410000
CVE-2011-4257;0.028890000;0.864200000
CVE-2011-4256;0.042550000;0.907630000
CVE-2011-4255;0.041050000;0.904610000
CVE-2011-4254;0.033730000;0.883770000
CVE-2011-4253;0.041050000;0.904610000
CVE-2011-4252;0.036460000;0.892400000
CVE-2011-4251;0.028890000;0.864190000
CVE-2011-4250;0.041050000;0.904610000
CVE-2011-4249;0.032540000;0.879540000
CVE-2011-4248;0.036460000;0.892400000
CVE-2011-4247;0.028890000;0.864200000
CVE-2011-4246;0.040220000;0.902780000
CVE-2011-4245;0.040220000;0.902780000
CVE-2011-4244;0.034010000;0.884730000
CVE-2011-4237;0.011540000;0.658930000
CVE-2011-4232;0.011600000;0.660070000
CVE-2011-4231;0.005870000;0.461440000
CVE-2011-4223;0.031430000;0.874840000
CVE-2011-4222;0.074800000;0.943000000
CVE-2011-4221;0.074800000;0.943000000
CVE-2011-4220;0.073790000;0.942440000
CVE-2011-4219;0.031430000;0.874840000
CVE-2011-4218;0.031430000;0.874840000
CVE-2011-4217;0.031120000;0.873600000
CVE-2011-4216;0.031430000;0.874840000
CVE-2011-4215;0.013240000;0.699550000
CVE-2011-4214;0.031350000;0.874600000
CVE-2011-4213;0.002400000;0.137300000
CVE-2011-4212;0.002330000;0.128860000
CVE-2011-4211;0.002200000;0.114580000
CVE-2011-4203;0.010220000;0.621990000
CVE-2011-4202;0.003080000;0.215090000
CVE-2011-4201;0.021860000;0.817710000
CVE-2011-4197;0.019240000;0.792320000
CVE-2011-4195;0.018770000;0.786960000
CVE-2011-4194;0.029880000;0.868590000
CVE-2011-4193;0.009420000;0.596490000
CVE-2011-4192;0.014980000;0.733310000
CVE-2011-4191;0.102360000;0.955520000
CVE-2011-4190;0.007790000;0.543570000
CVE-2011-4189;0.116080000;0.959270000
CVE-2011-4188;0.014950000;0.732820000
CVE-2011-4187;0.039990000;0.902270000
CVE-2011-4186;0.035520000;0.889450000
CVE-2011-4185;0.034510000;0.886350000
CVE-2011-4183;0.015500000;0.742110000
CVE-2011-4182;0.017570000;0.771720000
CVE-2011-4181;0.014410000;0.723060000
CVE-2011-4173;0.005920000;0.464320000
CVE-2011-4172;0.008550000;0.568980000
CVE-2011-4171;0.012700000;0.688180000
CVE-2011-4170;0.008950000;0.581300000
CVE-2011-4169;0.022900000;0.826300000
CVE-2011-4168;0.043760000;0.909920000
CVE-2011-4167;0.067580000;0.937830000
CVE-2011-4166;0.583400000;0.990740000
CVE-2011-4165;0.081710000;0.947050000
CVE-2011-4164;0.081710000;0.947050000
CVE-2011-4163;0.081710000;0.947040000
CVE-2011-4162;0.076480000;0.944040000
CVE-2011-4161;0.138920000;0.964290000
CVE-2011-4160;0.003280000;0.236310000
CVE-2011-4159;0.003290000;0.237520000
CVE-2011-4158;0.015870000;0.747580000
CVE-2011-4157;0.132390000;0.962750000
CVE-2011-4156;0.021920000;0.818170000
CVE-2011-4155;0.021920000;0.818170000
CVE-2011-4153;0.117720000;0.959640000
CVE-2011-4151;0.035420000;0.889210000
CVE-2011-4144;0.002760000;0.181620000
CVE-2011-4143;0.010760000;0.638180000
CVE-2011-4142;0.003460000;0.258490000
CVE-2011-4141;0.016600000;0.758470000
CVE-2011-4140;0.010930000;0.642550000
CVE-2011-4139;0.023230000;0.828860000
CVE-2011-4138;0.023600000;0.831830000
CVE-2011-4137;0.030240000;0.870180000
CVE-2011-4136;0.022840000;0.825720000
CVE-2011-4135;0.301660000;0.981740000
CVE-2011-4134;0.047090000;0.915480000
CVE-2011-4133;0.010060000;0.617470000
CVE-2011-4132;0.004680000;0.383060000
CVE-2011-4131;0.007670000;0.539490000
CVE-2011-4130;0.126250000;0.961370000
CVE-2011-4129;0.018000000;0.777350000
CVE-2011-4128;0.023000000;0.827080000
CVE-2011-4127;0.005660000;0.450240000
CVE-2011-4126;0.015390000;0.740220000
CVE-2011-4125;0.023080000;0.827750000
CVE-2011-4124;0.023080000;0.827750000
CVE-2011-4122;0.009050000;0.584570000
CVE-2011-4121;0.025290000;0.843660000
CVE-2011-4120;0.020190000;0.802520000
CVE-2011-4119;0.018910000;0.788690000
CVE-2011-4118;0.017740000;0.774130000
CVE-2011-4117;0.013200000;0.698520000
CVE-2011-4116;0.005240000;0.424670000
CVE-2011-4115;0.017350000;0.768740000
CVE-2011-4114;0.003290000;0.237610000
CVE-2011-4113;0.016460000;0.756340000
CVE-2011-4112;0.004680000;0.383540000
CVE-2011-4111;0.022580000;0.823730000
CVE-2011-4110;0.004670000;0.382270000
CVE-2011-4109;0.169100000;0.969730000
CVE-2011-4108;0.160500000;0.968270000
CVE-2011-4107;0.126700000;0.961470000
CVE-2011-4106;0.233420000;0.977240000
CVE-2011-4105;0.002950000;0.201000000
CVE-2011-4104;0.024290000;0.836760000
CVE-2011-4103;0.024300000;0.836830000
CVE-2011-4102;0.031790000;0.876300000
CVE-2011-4101;0.022810000;0.825550000
CVE-2011-4100;0.022810000;0.825540000
CVE-2011-4099;0.003820000;0.298780000
CVE-2011-4098;0.004810000;0.392740000
CVE-2011-4097;0.004530000;0.371230000
CVE-2011-4096;0.371860000;0.984810000
CVE-2011-4095;0.019500000;0.795330000
CVE-2011-4094;0.027400000;0.856510000
CVE-2011-4093;0.017610000;0.772320000
CVE-2011-4092;0.008100000;0.554270000
CVE-2011-4091;0.027270000;0.855750000
CVE-2011-4090;0.033990000;0.884650000
CVE-2011-4089;0.010450000;0.629310000
CVE-2011-4088;0.016160000;0.751860000
CVE-2011-4087;0.026690000;0.852480000
CVE-2011-4086;0.003910000;0.308510000
CVE-2011-4085;0.029400000;0.866610000
CVE-2011-4083;0.010030000;0.616670000
CVE-2011-4082;0.016910000;0.762840000
CVE-2011-4081;0.004560000;0.373690000
CVE-2011-4080;0.003490000;0.262660000
CVE-2011-4079;0.032700000;0.880100000
CVE-2011-4078;0.022580000;0.823700000
CVE-2011-4077;0.005340000;0.431260000
CVE-2011-4076;0.014580000;0.726310000
CVE-2011-4075;0.518910000;0.989200000
CVE-2011-4074;0.053860000;0.924300000
CVE-2011-4073;0.020860000;0.809130000
CVE-2011-4069;0.015550000;0.743030000
CVE-2011-4068;0.015140000;0.736180000
CVE-2011-4066;0.016340000;0.754600000
CVE-2011-4064;0.020260000;0.803200000
CVE-2011-4063;0.023800000;0.833120000
CVE-2011-4062;0.009090000;0.585700000
CVE-2011-4061;0.004120000;0.331580000
CVE-2011-4060;0.003020000;0.208280000
CVE-2011-4057;0.049230000;0.918660000
CVE-2011-4056;0.010190000;0.621290000
CVE-2011-4055;0.045640000;0.913250000
CVE-2011-4054;0.014140000;0.717940000
CVE-2011-4053;0.014790000;0.730050000
CVE-2011-4052;0.056950000;0.927770000
CVE-2011-4051;0.690950000;0.993380000
CVE-2011-4050;0.200620000;0.973790000
CVE-2011-4048;0.010590000;0.633400000
CVE-2011-4047;0.032970000;0.881220000
CVE-2011-4046;0.013350000;0.702110000
CVE-2011-4045;0.036870000;0.893550000
CVE-2011-4044;0.266580000;0.979690000
CVE-2011-4043;0.074170000;0.942690000
CVE-2011-4042;0.064280000;0.935050000
CVE-2011-4041;0.176900000;0.970770000
CVE-2011-4040;0.652620000;0.992380000
CVE-2011-4039;0.041010000;0.904490000
CVE-2011-4038;0.021240000;0.812610000
CVE-2011-4037;0.045140000;0.912330000
CVE-2011-4036;0.017310000;0.768230000
CVE-2011-4035;0.020050000;0.801210000
CVE-2011-4034;0.133680000;0.963120000
CVE-2011-4033;0.015460000;0.741320000
CVE-2011-4031;0.022940000;0.826620000
CVE-2011-4030;0.019910000;0.799430000
CVE-2011-4029;0.006050000;0.470970000
CVE-2011-4028;0.003720000;0.288280000
CVE-2011-4026;0.020290000;0.803480000
CVE-2011-4024;0.051390000;0.921580000
CVE-2011-4023;0.013150000;0.697530000
CVE-2011-4022;0.013370000;0.702600000
CVE-2011-4019;0.011140000;0.648730000
CVE-2011-4016;0.013210000;0.698890000
CVE-2011-4015;0.012040000;0.672300000
CVE-2011-4014;0.009260000;0.591340000
CVE-2011-4012;0.014520000;0.725040000
CVE-2011-4007;0.011890000;0.668730000
CVE-2011-4006;0.013180000;0.698320000
CVE-2011-4005;0.018020000;0.777630000
CVE-2011-4004;0.038110000;0.897220000
CVE-2011-4002;0.020760000;0.808180000
CVE-2011-4001;0.015190000;0.736830000
CVE-2011-4000;0.041530000;0.905620000
CVE-2011-3999;0.012610000;0.686230000
CVE-2011-3998;0.012610000;0.686250000
CVE-2011-3997;0.013670000;0.709000000
CVE-2011-3996;0.023510000;0.831160000
CVE-2011-3995;0.014090000;0.717010000
CVE-2011-3994;0.005860000;0.460970000
CVE-2011-3993;0.011170000;0.649360000
CVE-2011-3992;0.054650000;0.925090000
CVE-2011-3991;0.023430000;0.830530000
CVE-2011-3990;0.016560000;0.757700000
CVE-2011-3989;0.010840000;0.640440000
CVE-2011-3988;0.022790000;0.825410000
CVE-2011-3987;0.007640000;0.538640000
CVE-2011-3986;0.012610000;0.686240000
CVE-2011-3985;0.012120000;0.674660000
CVE-2011-3984;0.020440000;0.805040000
CVE-2011-3983;0.016700000;0.759830000
CVE-2011-3982;0.003270000;0.235130000
CVE-2011-3981;0.100580000;0.954980000
CVE-2011-3980;0.013710000;0.709810000
CVE-2011-3979;0.041580000;0.905710000
CVE-2011-3978;0.015520000;0.742440000
CVE-2011-3977;0.003640000;0.279260000
CVE-2011-3976;0.305920000;0.981960000
CVE-2011-3975;0.010340000;0.626220000
CVE-2011-3974;0.025020000;0.841790000
CVE-2011-3973;0.025020000;0.841780000
CVE-2011-3972;0.011090000;0.647240000
CVE-2011-3971;0.015450000;0.741220000
CVE-2011-3970;0.017260000;0.767510000
CVE-2011-3969;0.015450000;0.741230000
CVE-2011-3968;0.014780000;0.729820000
CVE-2011-3967;0.008400000;0.563890000
CVE-2011-3966;0.020350000;0.804070000
CVE-2011-3965;0.007110000;0.519190000
CVE-2011-3964;0.008110000;0.554770000
CVE-2011-3963;0.010810000;0.639630000
CVE-2011-3962;0.012170000;0.675570000
CVE-2011-3961;0.021710000;0.816540000
CVE-2011-3960;0.014700000;0.728630000
CVE-2011-3959;0.014110000;0.717460000
CVE-2011-3958;0.015450000;0.741220000
CVE-2011-3957;0.013460000;0.704550000
CVE-2011-3956;0.006490000;0.493330000
CVE-2011-3955;0.010190000;0.621170000
CVE-2011-3954;0.011090000;0.647250000
CVE-2011-3953;0.008580000;0.570180000
CVE-2011-3952;0.031240000;0.874140000
CVE-2011-3951;0.031090000;0.873490000
CVE-2011-3950;0.020370000;0.804230000
CVE-2011-3949;0.020370000;0.804230000
CVE-2011-3947;0.039370000;0.900710000
CVE-2011-3946;0.057150000;0.927980000
CVE-2011-3945;0.031510000;0.875170000
CVE-2011-3944;0.023780000;0.832920000
CVE-2011-3941;0.022710000;0.824730000
CVE-2011-3940;0.027350000;0.856180000
CVE-2011-3937;0.022700000;0.824610000
CVE-2011-3936;0.025450000;0.844680000
CVE-2011-3935;0.020370000;0.804240000
CVE-2011-3934;0.020470000;0.805280000
CVE-2011-3929;0.045570000;0.913170000
CVE-2011-3928;0.017080000;0.765190000
CVE-2011-3927;0.013570000;0.707150000
CVE-2011-3926;0.018750000;0.786780000
CVE-2011-3925;0.013570000;0.707140000
CVE-2011-3924;0.017080000;0.765180000
CVE-2011-3923;0.894920000;0.997830000
CVE-2011-3922;0.018210000;0.780070000
CVE-2011-3921;0.014680000;0.728180000
CVE-2011-3919;0.023860000;0.833530000
CVE-2011-3918;0.013540000;0.706360000
CVE-2011-3917;0.010790000;0.638750000
CVE-2011-3916;0.011090000;0.647240000
CVE-2011-3915;0.012070000;0.673050000
CVE-2011-3914;0.011510000;0.657960000
CVE-2011-3913;0.016980000;0.763810000
CVE-2011-3912;0.011220000;0.650570000
CVE-2011-3911;0.010810000;0.639640000
CVE-2011-3910;0.010260000;0.623670000
CVE-2011-3909;0.016870000;0.762360000
CVE-2011-3908;0.016870000;0.762360000
CVE-2011-3907;0.008770000;0.576110000
CVE-2011-3906;0.011090000;0.647250000
CVE-2011-3905;0.015410000;0.740490000
CVE-2011-3904;0.010190000;0.621180000
CVE-2011-3903;0.010810000;0.639640000
CVE-2011-3901;0.006750000;0.504930000
CVE-2011-3900;0.012160000;0.675490000
CVE-2011-3898;0.015320000;0.739080000
CVE-2011-3897;0.015540000;0.742850000
CVE-2011-3896;0.012070000;0.673060000
CVE-2011-3895;0.020900000;0.809520000
CVE-2011-3894;0.011510000;0.657970000
CVE-2011-3893;0.017520000;0.770840000
CVE-2011-3892;0.018040000;0.777890000
CVE-2011-3891;0.012280000;0.678380000
CVE-2011-3890;0.011220000;0.650570000
CVE-2011-3889;0.012070000;0.673060000
CVE-2011-3888;0.015540000;0.742850000
CVE-2011-3887;0.013990000;0.715370000
CVE-2011-3886;0.011270000;0.651710000
CVE-2011-3885;0.020970000;0.810180000
CVE-2011-3884;0.012270000;0.678170000
CVE-2011-3883;0.011220000;0.650570000
CVE-2011-3882;0.010190000;0.621170000
CVE-2011-3881;0.017570000;0.771690000
CVE-2011-3880;0.008770000;0.576370000
CVE-2011-3879;0.008770000;0.576370000
CVE-2011-3878;0.008050000;0.552460000
CVE-2011-3877;0.008620000;0.571350000
CVE-2011-3876;0.007840000;0.545190000
CVE-2011-3875;0.008770000;0.576110000
CVE-2011-3874;0.114320000;0.958900000
CVE-2011-3873;0.013640000;0.708420000
CVE-2011-3872;0.025020000;0.841740000
CVE-2011-3871;0.003380000;0.249730000
CVE-2011-3870;0.003520000;0.265610000
CVE-2011-3869;0.003410000;0.253120000
CVE-2011-3868;0.057670000;0.928620000
CVE-2011-3866;0.013680000;0.709220000
CVE-2011-3865;0.035300000;0.888820000
CVE-2011-3864;0.015350000;0.739480000
CVE-2011-3863;0.034290000;0.885590000
CVE-2011-3862;0.036760000;0.893270000
CVE-2011-3861;0.035300000;0.888810000
CVE-2011-3860;0.035070000;0.888220000
CVE-2011-3859;0.034290000;0.885590000
CVE-2011-3858;0.035300000;0.888820000
CVE-2011-3857;0.015350000;0.739470000
CVE-2011-3856;0.035300000;0.888810000
CVE-2011-3855;0.034290000;0.885600000
CVE-2011-3854;0.015250000;0.737790000
CVE-2011-3853;0.015350000;0.739480000
CVE-2011-3852;0.034290000;0.885590000
CVE-2011-3851;0.015350000;0.739480000
CVE-2011-3850;0.042530000;0.907580000
CVE-2011-3849;0.016170000;0.751980000
CVE-2011-3848;0.011150000;0.648870000
CVE-2011-3846;0.009680000;0.605220000
CVE-2011-3845;0.027740000;0.858660000
CVE-2011-3844;0.008970000;0.581830000
CVE-2011-3841;0.022610000;0.823870000
CVE-2011-3839;0.014640000;0.727240000
CVE-2011-3838;0.013620000;0.708000000
CVE-2011-3837;0.012600000;0.685860000
CVE-2011-3836;0.008130000;0.555210000
CVE-2011-3835;0.024750000;0.839990000
CVE-2011-3834;0.050840000;0.920930000
CVE-2011-3833;0.190450000;0.972350000
CVE-2011-3832;0.013030000;0.695090000
CVE-2011-3831;0.016890000;0.762530000
CVE-2011-3830;0.017500000;0.770660000
CVE-2011-3829;0.171370000;0.970040000
CVE-2011-3828;0.029170000;0.865590000
CVE-2011-3827;0.036940000;0.893770000
CVE-2011-3826;0.012290000;0.678590000
CVE-2011-3825;0.012640000;0.686920000
CVE-2011-3824;0.012290000;0.678600000
CVE-2011-3823;0.012290000;0.678600000
CVE-2011-3822;0.012290000;0.678650000
CVE-2011-3821;0.012630000;0.686480000
CVE-2011-3820;0.012290000;0.678630000
CVE-2011-3819;0.012290000;0.678670000
CVE-2011-3818;0.022690000;0.824510000
CVE-2011-3817;0.012290000;0.678670000
CVE-2011-3816;0.012290000;0.678670000
CVE-2011-3815;0.019140000;0.791210000
CVE-2011-3814;0.012420000;0.681740000
CVE-2011-3813;0.012290000;0.678690000
CVE-2011-3812;0.012290000;0.678690000
CVE-2011-3811;0.012290000;0.678690000
CVE-2011-3810;0.012290000;0.678690000
CVE-2011-3809;0.012290000;0.678580000
CVE-2011-3808;0.012290000;0.678640000
CVE-2011-3807;0.012290000;0.678680000
CVE-2011-3806;0.012290000;0.678650000
CVE-2011-3805;0.012290000;0.678650000
CVE-2011-3804;0.012290000;0.678680000
CVE-2011-3803;0.012290000;0.678630000
CVE-2011-3802;0.012290000;0.678640000
CVE-2011-3801;0.012290000;0.678630000
CVE-2011-3800;0.012290000;0.678670000
CVE-2011-3799;0.012290000;0.678630000
CVE-2011-3798;0.012290000;0.678680000
CVE-2011-3797;0.012290000;0.678680000
CVE-2011-3796;0.019260000;0.792520000
CVE-2011-3795;0.012290000;0.678700000
CVE-2011-3794;0.012290000;0.678590000
CVE-2011-3793;0.019140000;0.791210000
CVE-2011-3792;0.012290000;0.678590000
CVE-2011-3791;0.012290000;0.678590000
CVE-2011-3790;0.012290000;0.678570000
CVE-2011-3789;0.012290000;0.678620000
CVE-2011-3788;0.012290000;0.678620000
CVE-2011-3787;0.012290000;0.678610000
CVE-2011-3786;0.012290000;0.678610000
CVE-2011-3785;0.012290000;0.678580000
CVE-2011-3784;0.012290000;0.678580000
CVE-2011-3783;0.012290000;0.678610000
CVE-2011-3782;0.012290000;0.678700000
CVE-2011-3781;0.012290000;0.678600000
CVE-2011-3780;0.012290000;0.678600000
CVE-2011-3779;0.012290000;0.678640000
CVE-2011-3778;0.012420000;0.681750000
CVE-2011-3777;0.012420000;0.681750000
CVE-2011-3776;0.012420000;0.681750000
CVE-2011-3775;0.012420000;0.681750000
CVE-2011-3774;0.012420000;0.681760000
CVE-2011-3773;0.012420000;0.681760000
CVE-2011-3772;0.012290000;0.678650000
CVE-2011-3771;0.012420000;0.681740000
CVE-2011-3770;0.012420000;0.681720000
CVE-2011-3769;0.012420000;0.681760000
CVE-2011-3768;0.012420000;0.681740000
CVE-2011-3767;0.012420000;0.681770000
CVE-2011-3766;0.012420000;0.681730000
CVE-2011-3765;0.012420000;0.681730000
CVE-2011-3764;0.013500000;0.705300000
CVE-2011-3763;0.016180000;0.752140000
CVE-2011-3762;0.013500000;0.705300000
CVE-2011-3761;0.013730000;0.710320000
CVE-2011-3760;0.013500000;0.705300000
CVE-2011-3759;0.013350000;0.702000000
CVE-2011-3758;0.012290000;0.678640000
CVE-2011-3757;0.013730000;0.710330000
CVE-2011-3756;0.013350000;0.702010000
CVE-2011-3755;0.014140000;0.718090000
CVE-2011-3754;0.013350000;0.701980000
CVE-2011-3753;0.013350000;0.701980000
CVE-2011-3752;0.013350000;0.701960000
CVE-2011-3751;0.013350000;0.701990000
CVE-2011-3750;0.013350000;0.701990000
CVE-2011-3749;0.012290000;0.678660000
CVE-2011-3748;0.013350000;0.701990000
CVE-2011-3747;0.013350000;0.702000000
CVE-2011-3746;0.013350000;0.702020000
CVE-2011-3745;0.013350000;0.701990000
CVE-2011-3744;0.013720000;0.709930000
CVE-2011-3743;0.013350000;0.702000000
CVE-2011-3742;0.013350000;0.702000000
CVE-2011-3741;0.013730000;0.710330000
CVE-2011-3740;0.013720000;0.709940000
CVE-2011-3739;0.013350000;0.701930000
CVE-2011-3738;0.013350000;0.701980000
CVE-2011-3737;0.013350000;0.701970000
CVE-2011-3736;0.013350000;0.701970000
CVE-2011-3735;0.013350000;0.701980000
CVE-2011-3734;0.013350000;0.701970000
CVE-2011-3733;0.013350000;0.701920000
CVE-2011-3732;0.013350000;0.701930000
CVE-2011-3731;0.013350000;0.701960000
CVE-2011-3730;0.016440000;0.756170000
CVE-2011-3729;0.013350000;0.701970000
CVE-2011-3728;0.012290000;0.678620000
CVE-2011-3727;0.019520000;0.795520000
CVE-2011-3726;0.013350000;0.701930000
CVE-2011-3725;0.013350000;0.701930000
CVE-2011-3724;0.013350000;0.701940000
CVE-2011-3723;0.013350000;0.701920000
CVE-2011-3722;0.013350000;0.701920000
CVE-2011-3721;0.013350000;0.701940000
CVE-2011-3720;0.013500000;0.705300000
CVE-2011-3719;0.013350000;0.702010000
CVE-2011-3718;0.013360000;0.702370000
CVE-2011-3717;0.013350000;0.701940000
CVE-2011-3716;0.013350000;0.701940000
CVE-2011-3715;0.013350000;0.702010000
CVE-2011-3714;0.013350000;0.701910000
CVE-2011-3713;0.069280000;0.939160000
CVE-2011-3712;0.015800000;0.746500000
CVE-2011-3711;0.013350000;0.701910000
CVE-2011-3710;0.016470000;0.756500000
CVE-2011-3709;0.013430000;0.704050000
CVE-2011-3708;0.013350000;0.702010000
CVE-2011-3707;0.013730000;0.710320000
CVE-2011-3706;0.013350000;0.702020000
CVE-2011-3705;0.013350000;0.701950000
CVE-2011-3704;0.013350000;0.701960000
CVE-2011-3703;0.013350000;0.701910000
CVE-2011-3702;0.013350000;0.701910000
CVE-2011-3701;0.013350000;0.701900000
CVE-2011-3700;0.013350000;0.701950000
CVE-2011-3699;0.013730000;0.710320000
CVE-2011-3698;0.013350000;0.701950000
CVE-2011-3697;0.013350000;0.701920000
CVE-2011-3696;0.022900000;0.826320000
CVE-2011-3695;0.013350000;0.701950000
CVE-2011-3694;0.010760000;0.638160000
CVE-2011-3693;0.002750000;0.181010000
CVE-2011-3692;0.002750000;0.181010000
CVE-2011-3691;0.010830000;0.640080000
CVE-2011-3690;0.010770000;0.638440000
CVE-2011-3689;0.013080000;0.696000000
CVE-2011-3688;0.010630000;0.634210000
CVE-2011-3687;0.013000000;0.694500000
CVE-2011-3686;0.013140000;0.697190000
CVE-2011-3685;0.002820000;0.188220000
CVE-2011-3684;0.013080000;0.696000000
CVE-2011-3671;0.018610000;0.785160000
CVE-2011-3670;0.021410000;0.814050000
CVE-2011-3669;0.009060000;0.584740000
CVE-2011-3668;0.009060000;0.584740000
CVE-2011-3667;0.009930000;0.613000000
CVE-2011-3666;0.009790000;0.608980000
CVE-2011-3665;0.025550000;0.845350000
CVE-2011-3664;0.013070000;0.695790000
CVE-2011-3663;0.020080000;0.801600000
CVE-2011-3661;0.037150000;0.894380000
CVE-2011-3660;0.043720000;0.909830000
CVE-2011-3659;0.368240000;0.984660000
CVE-2011-3658;0.696280000;0.993490000
CVE-2011-3657;0.014930000;0.732470000
CVE-2011-3656;0.007610000;0.537540000
CVE-2011-3655;0.018760000;0.786920000
CVE-2011-3654;0.044030000;0.910300000
CVE-2011-3653;0.010250000;0.623380000
CVE-2011-3652;0.031640000;0.875690000
CVE-2011-3651;0.058130000;0.929190000
CVE-2011-3650;0.023300000;0.829440000
CVE-2011-3649;0.009580000;0.601370000
CVE-2011-3648;0.014660000;0.727880000
CVE-2011-3647;0.018760000;0.786920000
CVE-2011-3646;0.014740000;0.729170000
CVE-2011-3645;0.026180000;0.849270000
CVE-2011-3642;0.087540000;0.950170000
CVE-2011-3640;0.013950000;0.714600000
CVE-2011-3639;0.506040000;0.988870000
CVE-2011-3638;0.003590000;0.273730000
CVE-2011-3637;0.003640000;0.279150000
CVE-2011-3636;0.008120000;0.555150000
CVE-2011-3635;0.019620000;0.796480000
CVE-2011-3634;0.008150000;0.555810000
CVE-2011-3632;0.004940000;0.402810000
CVE-2011-3631;0.026930000;0.853940000
CVE-2011-3630;0.026550000;0.851630000
CVE-2011-3629;0.011330000;0.652970000
CVE-2011-3628;0.003830000;0.299830000
CVE-2011-3627;0.026440000;0.850930000
CVE-2011-3626;0.020860000;0.809100000
CVE-2011-3625;0.241050000;0.977860000
CVE-2011-3624;0.015210000;0.737200000
CVE-2011-3623;0.043350000;0.909050000
CVE-2011-3622;0.006550000;0.496090000
CVE-2011-3621;0.011970000;0.670460000
CVE-2011-3620;0.052500000;0.922930000
CVE-2011-3619;0.004720000;0.386850000
CVE-2011-3618;0.004090000;0.328660000
CVE-2011-3617;0.010580000;0.632960000
CVE-2011-3616;0.004240000;0.344450000
CVE-2011-3615;0.011170000;0.649440000
CVE-2011-3614;0.019580000;0.796030000
CVE-2011-3613;0.017300000;0.767980000
CVE-2011-3612;0.008750000;0.575430000
CVE-2011-3611;0.025530000;0.845180000
CVE-2011-3610;0.012220000;0.676740000
CVE-2011-3609;0.013140000;0.697120000
CVE-2011-3607;0.047190000;0.915620000
CVE-2011-3606;0.010530000;0.631620000
CVE-2011-3605;0.015950000;0.748740000
CVE-2011-3604;0.015520000;0.742490000
CVE-2011-3603;0.003590000;0.273490000
CVE-2011-3602;0.027940000;0.859580000
CVE-2011-3601;0.039950000;0.902150000
CVE-2011-3600;0.159100000;0.968000000
CVE-2011-3599;0.019580000;0.796040000
CVE-2011-3598;0.025300000;0.843700000
CVE-2011-3597;0.130540000;0.962410000
CVE-2011-3596;0.110550000;0.957950000
CVE-2011-3595;0.008140000;0.555530000
CVE-2011-3594;0.031940000;0.876850000
CVE-2011-3593;0.010070000;0.617520000
CVE-2011-3592;0.014490000;0.724330000
CVE-2011-3591;0.014490000;0.724320000
CVE-2011-3590;0.005730000;0.454140000
CVE-2011-3589;0.005480000;0.439190000
CVE-2011-3588;0.005490000;0.440100000
CVE-2011-3587;0.780790000;0.995660000
CVE-2011-3585;0.003170000;0.224270000
CVE-2011-3584;0.012180000;0.675890000
CVE-2011-3583;0.013690000;0.709330000
CVE-2011-3582;0.005080000;0.413090000
CVE-2011-3581;0.041060000;0.904620000
CVE-2011-3580;0.016100000;0.750960000
CVE-2011-3579;0.047840000;0.916650000
CVE-2011-3578;0.017880000;0.775750000
CVE-2011-3577;0.020400000;0.804460000
CVE-2011-3576;0.008710000;0.574150000
CVE-2011-3575;0.105430000;0.956480000
CVE-2011-3574;0.003190000;0.226600000
CVE-2011-3573;0.009120000;0.586700000
CVE-2011-3571;0.016320000;0.754260000
CVE-2011-3570;0.003390000;0.250520000
CVE-2011-3569;0.011640000;0.661340000
CVE-2011-3568;0.008720000;0.574550000
CVE-2011-3566;0.011630000;0.661090000
CVE-2011-3565;0.003230000;0.230880000
CVE-2011-3564;0.003460000;0.258670000
CVE-2011-3563;0.036970000;0.893820000
CVE-2011-3562;0.012280000;0.678360000
CVE-2011-3561;0.013790000;0.711570000
CVE-2011-3560;0.026050000;0.848540000
CVE-2011-3559;0.031400000;0.874750000
CVE-2011-3558;0.024800000;0.840300000
CVE-2011-3557;0.034770000;0.887240000
CVE-2011-3556;0.764050000;0.995270000
CVE-2011-3555;0.024090000;0.835200000
CVE-2011-3554;0.033040000;0.881490000
CVE-2011-3553;0.022050000;0.819460000
CVE-2011-3552;0.029050000;0.865060000
CVE-2011-3551;0.045490000;0.913020000
CVE-2011-3550;0.026070000;0.848660000
CVE-2011-3549;0.031880000;0.876580000
CVE-2011-3548;0.032770000;0.880340000
CVE-2011-3547;0.026850000;0.853410000
CVE-2011-3546;0.022270000;0.821290000
CVE-2011-3545;0.054450000;0.924880000
CVE-2011-3544;0.966530000;0.998840000
CVE-2011-3543;0.025920000;0.847770000
CVE-2011-3542;0.003650000;0.280120000
CVE-2011-3541;0.003280000;0.236640000
CVE-2011-3539;0.003320000;0.241760000
CVE-2011-3538;0.020980000;0.810300000
CVE-2011-3537;0.018460000;0.783150000
CVE-2011-3536;0.004030000;0.322390000
CVE-2011-3535;0.023260000;0.829160000
CVE-2011-3534;0.023260000;0.829160000
CVE-2011-3533;0.015450000;0.741180000
CVE-2011-3532;0.020450000;0.805150000
CVE-2011-3531;0.012090000;0.673470000
CVE-2011-3530;0.015630000;0.744190000
CVE-2011-3529;0.015570000;0.743180000
CVE-2011-3528;0.015450000;0.741180000
CVE-2011-3527;0.015450000;0.741180000
CVE-2011-3526;0.015460000;0.741400000
CVE-2011-3525;0.024620000;0.839050000
CVE-2011-3524;0.009130000;0.587010000
CVE-2011-3523;0.009010000;0.583200000
CVE-2011-3522;0.004050000;0.324900000
CVE-2011-3521;0.039000000;0.899530000
CVE-2011-3520;0.009560000;0.600740000
CVE-2011-3519;0.008880000;0.579140000
CVE-2011-3518;0.015350000;0.739560000
CVE-2011-3517;0.035140000;0.888420000
CVE-2011-3516;0.026800000;0.853170000
CVE-2011-3515;0.003660000;0.281080000
CVE-2011-3514;0.008210000;0.558080000
CVE-2011-3513;0.017620000;0.772480000
CVE-2011-3512;0.015010000;0.733940000
CVE-2011-3511;0.011040000;0.646080000
CVE-2011-3510;0.013780000;0.711260000
CVE-2011-3509;0.009130000;0.587010000
CVE-2011-3508;0.028910000;0.864380000
CVE-2011-3507;0.013690000;0.709450000
CVE-2011-3506;0.018870000;0.788010000
CVE-2011-3504;0.058940000;0.930070000
CVE-2011-3503;0.042740000;0.907990000
CVE-2011-3502;0.057380000;0.928310000
CVE-2011-3501;0.029390000;0.866540000
CVE-2011-3500;0.026520000;0.851440000
CVE-2011-3499;0.151650000;0.966530000
CVE-2011-3498;0.097760000;0.954040000
CVE-2011-3497;0.571050000;0.990470000
CVE-2011-3496;0.143750000;0.965220000
CVE-2011-3495;0.102910000;0.955680000
CVE-2011-3494;0.557780000;0.990170000
CVE-2011-3493;0.079910000;0.945990000
CVE-2011-3492;0.709090000;0.993870000
CVE-2011-3491;0.162400000;0.968580000
CVE-2011-3490;0.364290000;0.984480000
CVE-2011-3489;0.087460000;0.950130000
CVE-2011-3488;0.045000000;0.912130000
CVE-2011-3487;0.074260000;0.942720000
CVE-2011-3486;0.496500000;0.988630000
CVE-2011-3484;0.016560000;0.757680000
CVE-2011-3483;0.055720000;0.926350000
CVE-2011-3482;0.016560000;0.757680000
CVE-2011-3481;0.021420000;0.814210000
CVE-2011-3479;0.009490000;0.598820000
CVE-2011-3478;0.395070000;0.985730000
CVE-2011-3477;0.006210000;0.479350000
CVE-2011-3464;0.031300000;0.874370000
CVE-2011-3463;0.003770000;0.293700000
CVE-2011-3462;0.015850000;0.747330000
CVE-2011-3460;0.039480000;0.900990000
CVE-2011-3459;0.034050000;0.884850000
CVE-2011-3458;0.029980000;0.869090000
CVE-2011-3457;0.034070000;0.884900000
CVE-2011-3453;0.038340000;0.897850000
CVE-2011-3452;0.014240000;0.719820000
CVE-2011-3450;0.025360000;0.844110000
CVE-2011-3449;0.026110000;0.848880000
CVE-2011-3448;0.028810000;0.863850000
CVE-2011-3447;0.014240000;0.719820000
CVE-2011-3446;0.028380000;0.861800000
CVE-2011-3444;0.014240000;0.719820000
CVE-2011-3443;0.020040000;0.800800000
CVE-2011-3442;0.003560000;0.270330000
CVE-2011-3441;0.015850000;0.747320000
CVE-2011-3440;0.003070000;0.213160000
CVE-2011-3439;0.053290000;0.923730000
CVE-2011-3438;0.017230000;0.767140000
CVE-2011-3437;0.029870000;0.868550000
CVE-2011-3436;0.017210000;0.766840000
CVE-2011-3435;0.007900000;0.547230000
CVE-2011-3434;0.017020000;0.764400000
CVE-2011-3432;0.021970000;0.818760000
CVE-2011-3431;0.003700000;0.286190000
CVE-2011-3430;0.017540000;0.771330000
CVE-2011-3429;0.003700000;0.285810000
CVE-2011-3428;0.020250000;0.803140000
CVE-2011-3427;0.009000000;0.582870000
CVE-2011-3426;0.018210000;0.780090000
CVE-2011-3424;0.012840000;0.691060000
CVE-2011-3423;0.012630000;0.686590000
CVE-2011-3422;0.008570000;0.569990000
CVE-2011-3421;0.008940000;0.580990000
CVE-2011-3420;0.009140000;0.587300000
CVE-2011-3417;0.343100000;0.983670000
CVE-2011-3416;0.436910000;0.987070000
CVE-2011-3415;0.229540000;0.976910000
CVE-2011-3414;0.576870000;0.990610000
CVE-2011-3413;0.199320000;0.973620000
CVE-2011-3412;0.263770000;0.979520000
CVE-2011-3411;0.273190000;0.980070000
CVE-2011-3410;0.285010000;0.980810000
CVE-2011-3408;0.016920000;0.763020000
CVE-2011-3406;0.231470000;0.977080000
CVE-2011-3404;0.135240000;0.963460000
CVE-2011-3403;0.205060000;0.974460000
CVE-2011-3402;0.781380000;0.995670000
CVE-2011-3401;0.207400000;0.974730000
CVE-2011-3400;0.713740000;0.993980000
CVE-2011-3397;0.195350000;0.973070000
CVE-2011-3396;0.183020000;0.971460000
CVE-2011-3394;0.017990000;0.777200000
CVE-2011-3393;0.023390000;0.830160000
CVE-2011-3392;0.010860000;0.641060000
CVE-2011-3391;0.011520000;0.658370000
CVE-2011-3390;0.036410000;0.892220000
CVE-2011-3389;0.733270000;0.994510000
CVE-2011-3388;0.022750000;0.824980000
CVE-2011-3387;0.017630000;0.772560000
CVE-2011-3386;0.014500000;0.724580000
CVE-2011-3385;0.008450000;0.565490000
CVE-2011-3384;0.008450000;0.565490000
CVE-2011-3383;0.010290000;0.624600000
CVE-2011-3382;0.010420000;0.628470000
CVE-2011-3381;0.005860000;0.460980000
CVE-2011-3380;0.022730000;0.824880000
CVE-2011-3379;0.050100000;0.919930000
CVE-2011-3378;0.059170000;0.930260000
CVE-2011-3377;0.022170000;0.820450000
CVE-2011-3376;0.006410000;0.489280000
CVE-2011-3375;0.063300000;0.934260000
CVE-2011-3374;0.011910000;0.669190000
CVE-2011-3373;0.013110000;0.696600000
CVE-2011-3372;0.032890000;0.880900000
CVE-2011-3371;0.023300000;0.829450000
CVE-2011-3370;0.009860000;0.610750000
CVE-2011-3369;0.022910000;0.826330000
CVE-2011-3368;0.907340000;0.998020000
CVE-2011-3367;0.009100000;0.585980000
CVE-2011-3366;0.006800000;0.507140000
CVE-2011-3365;0.010730000;0.637420000
CVE-2011-3364;0.004550000;0.372840000
CVE-2011-3363;0.008270000;0.560120000
CVE-2011-3362;0.034090000;0.884950000
CVE-2011-3361;0.024160000;0.835790000
CVE-2011-3360;0.348640000;0.983920000
CVE-2011-3359;0.031910000;0.876720000
CVE-2011-3358;0.018340000;0.781710000
CVE-2011-3357;0.092960000;0.952330000
CVE-2011-3356;0.029110000;0.865310000
CVE-2011-3355;0.007800000;0.543950000
CVE-2011-3354;0.020690000;0.807560000
CVE-2011-3353;0.003910000;0.308750000
CVE-2011-3352;0.008150000;0.555970000
CVE-2011-3351;0.003980000;0.316660000
CVE-2011-3350;0.016860000;0.762220000
CVE-2011-3349;0.003630000;0.278100000
CVE-2011-3348;0.223800000;0.976330000
CVE-2011-3347;0.007560000;0.535740000
CVE-2011-3346;0.004870000;0.397570000
CVE-2011-3345;0.003430000;0.255630000
CVE-2011-3344;0.014680000;0.728330000
CVE-2011-3343;0.003800000;0.296690000
CVE-2011-3342;0.050070000;0.919890000
CVE-2011-3341;0.038310000;0.897780000
CVE-2011-3340;0.019940000;0.799760000
CVE-2011-3339;0.013380000;0.702780000
CVE-2011-3337;0.002870000;0.192860000
CVE-2011-3336;0.064850000;0.935570000
CVE-2011-3332;0.060380000;0.931510000
CVE-2011-3330;0.013020000;0.694830000
CVE-2011-3328;0.036370000;0.892130000
CVE-2011-3327;0.076150000;0.943850000
CVE-2011-3326;0.046280000;0.914350000
CVE-2011-3325;0.046280000;0.914340000
CVE-2011-3324;0.046680000;0.914900000
CVE-2011-3323;0.046680000;0.914900000
CVE-2011-3322;0.646530000;0.992220000
CVE-2011-3321;0.070700000;0.940270000
CVE-2011-3320;0.009080000;0.585500000
CVE-2011-3319;0.030200000;0.869990000
CVE-2011-3318;0.012050000;0.672570000
CVE-2011-3317;0.011350000;0.653660000
CVE-2011-3315;0.257470000;0.979150000
CVE-2011-3310;0.151630000;0.966530000
CVE-2011-3309;0.010540000;0.632060000
CVE-2011-3305;0.215930000;0.975620000
CVE-2011-3304;0.025700000;0.846300000
CVE-2011-3303;0.016510000;0.757050000
CVE-2011-3302;0.016510000;0.757040000
CVE-2011-3301;0.016510000;0.757050000
CVE-2011-3300;0.016510000;0.757050000
CVE-2011-3299;0.016330000;0.754420000
CVE-2011-3298;0.008590000;0.570300000
CVE-2011-3297;0.013880000;0.713230000
CVE-2011-3296;0.017700000;0.773590000
CVE-2011-3295;0.017790000;0.774740000
CVE-2011-3294;0.016890000;0.762540000
CVE-2011-3293;0.011130000;0.648350000
CVE-2011-3290;0.022800000;0.825490000
CVE-2011-3289;0.003460000;0.258850000
CVE-2011-3288;0.017680000;0.773250000
CVE-2011-3287;0.012050000;0.672580000
CVE-2011-3285;0.020110000;0.801820000
CVE-2011-3283;0.015350000;0.739550000
CVE-2011-3282;0.018380000;0.782180000
CVE-2011-3281;0.017980000;0.777110000
CVE-2011-3280;0.018040000;0.777930000
CVE-2011-3279;0.025560000;0.845370000
CVE-2011-3278;0.017700000;0.773600000
CVE-2011-3277;0.017700000;0.773600000
CVE-2011-3276;0.017700000;0.773590000
CVE-2011-3275;0.017700000;0.773580000
CVE-2011-3274;0.007370000;0.528960000
CVE-2011-3273;0.017700000;0.773590000
CVE-2011-3272;0.025640000;0.845910000
CVE-2011-3271;0.107570000;0.957110000
CVE-2011-3270;0.017700000;0.773580000
CVE-2011-3269;0.011030000;0.645780000
CVE-2011-3268;0.057190000;0.928070000
CVE-2011-3267;0.028700000;0.863320000
CVE-2011-3266;0.023170000;0.828460000
CVE-2011-3265;0.014650000;0.727730000
CVE-2011-3264;0.012640000;0.686920000
CVE-2011-3263;0.012940000;0.693260000
CVE-2011-3262;0.003340000;0.244400000
CVE-2011-3261;0.029270000;0.866050000
CVE-2011-3260;0.033530000;0.883140000
CVE-2011-3259;0.024390000;0.837420000
CVE-2011-3257;0.003540000;0.267720000
CVE-2011-3256;0.041380000;0.905360000
CVE-2011-3255;0.016860000;0.762170000
CVE-2011-3254;0.012740000;0.689010000
CVE-2011-3253;0.005660000;0.450170000
CVE-2011-3252;0.055930000;0.926660000
CVE-2011-3251;0.036070000;0.891230000
CVE-2011-3250;0.048110000;0.916980000
CVE-2011-3249;0.051340000;0.921520000
CVE-2011-3248;0.045240000;0.912480000
CVE-2011-3247;0.036820000;0.893400000
CVE-2011-3246;0.029970000;0.869010000
CVE-2011-3245;0.003730000;0.289680000
CVE-2011-3244;0.026310000;0.850140000
CVE-2011-3243;0.019820000;0.798410000
CVE-2011-3242;0.014480000;0.724160000
CVE-2011-3241;0.023010000;0.827200000
CVE-2011-3239;0.023010000;0.827190000
CVE-2011-3238;0.026310000;0.850090000
CVE-2011-3237;0.026800000;0.853190000
CVE-2011-3236;0.026800000;0.853200000
CVE-2011-3235;0.026800000;0.853190000
CVE-2011-3234;0.018790000;0.787270000
CVE-2011-3233;0.023010000;0.827200000
CVE-2011-3232;0.050300000;0.920170000
CVE-2011-3231;0.013500000;0.705320000
CVE-2011-3230;0.493070000;0.988570000
CVE-2011-3229;0.020810000;0.808620000
CVE-2011-3228;0.031570000;0.875390000
CVE-2011-3227;0.018380000;0.782230000
CVE-2011-3226;0.019910000;0.799420000
CVE-2011-3225;0.019350000;0.793640000
CVE-2011-3224;0.017600000;0.772050000
CVE-2011-3223;0.033630000;0.883470000
CVE-2011-3222;0.033630000;0.883470000
CVE-2011-3221;0.029610000;0.867470000
CVE-2011-3220;0.018900000;0.788510000
CVE-2011-3219;0.047560000;0.916240000
CVE-2011-3218;0.012930000;0.693040000
CVE-2011-3217;0.028640000;0.863010000
CVE-2011-3216;0.003480000;0.260480000
CVE-2011-3215;0.003690000;0.284290000
CVE-2011-3214;0.003640000;0.279310000
CVE-2011-3213;0.011170000;0.649260000
CVE-2011-3212;0.003820000;0.298480000
CVE-2011-3211;0.047980000;0.916810000
CVE-2011-3210;0.045610000;0.913210000
CVE-2011-3209;0.004810000;0.393330000
CVE-2011-3208;0.053650000;0.924110000
CVE-2011-3207;0.043590000;0.909530000
CVE-2011-3206;0.010870000;0.641400000
CVE-2011-3205;0.274540000;0.980180000
CVE-2011-3204;0.002860000;0.191640000
CVE-2011-3203;0.024020000;0.834640000
CVE-2011-3202;0.008040000;0.552060000
CVE-2011-3201;0.026730000;0.852770000
CVE-2011-3200;0.207590000;0.974740000
CVE-2011-3199;0.009610000;0.602810000
CVE-2011-3198;0.003430000;0.255460000
CVE-2011-3197;0.011790000;0.665910000
CVE-2011-3196;0.003430000;0.255460000
CVE-2011-3195;0.015550000;0.742970000
CVE-2011-3194;0.069510000;0.939310000
CVE-2011-3193;0.072520000;0.941640000
CVE-2011-3192;0.988280000;0.999260000
CVE-2011-3191;0.010650000;0.635020000
CVE-2011-3190;0.152260000;0.966640000
CVE-2011-3189;0.042050000;0.906680000
CVE-2011-3188;0.050280000;0.920140000
CVE-2011-3187;0.066660000;0.936950000
CVE-2011-3186;0.017480000;0.770350000
CVE-2011-3185;0.047940000;0.916740000
CVE-2011-3184;0.038580000;0.898520000
CVE-2011-3183;0.006860000;0.509590000
CVE-2011-3182;0.191520000;0.972530000
CVE-2011-3181;0.023260000;0.829080000
CVE-2011-3180;0.025780000;0.846810000
CVE-2011-3179;0.011880000;0.668310000
CVE-2011-3178;0.013040000;0.695170000
CVE-2011-3177;0.003110000;0.217730000
CVE-2011-3176;0.700680000;0.993620000
CVE-2011-3175;0.660530000;0.992570000
CVE-2011-3174;0.029000000;0.864800000
CVE-2011-3173;0.048310000;0.917290000
CVE-2011-3172;0.010290000;0.624330000
CVE-2011-3171;0.005850000;0.460800000
CVE-2011-3170;0.039480000;0.900990000
CVE-2011-3169;0.021090000;0.811260000
CVE-2011-3168;0.019760000;0.797820000
CVE-2011-3167;0.649660000;0.992310000
CVE-2011-3166;0.120030000;0.960170000
CVE-2011-3165;0.120030000;0.960180000
CVE-2011-3164;0.003310000;0.240100000
CVE-2011-3163;0.004280000;0.348110000
CVE-2011-3162;0.116900000;0.959480000
CVE-2011-3161;0.116900000;0.959490000
CVE-2011-3160;0.116900000;0.959480000
CVE-2011-3159;0.116900000;0.959480000
CVE-2011-3158;0.116900000;0.959480000
CVE-2011-3157;0.116900000;0.959470000
CVE-2011-3156;0.116900000;0.959470000
CVE-2011-3155;0.019870000;0.799010000
CVE-2011-3154;0.003260000;0.233870000
CVE-2011-3153;0.003130000;0.220290000
CVE-2011-3152;0.022910000;0.826350000
CVE-2011-3151;0.006010000;0.469310000
CVE-2011-3150;0.019040000;0.790100000
CVE-2011-3149;0.005320000;0.429710000
CVE-2011-3148;0.006960000;0.513550000
CVE-2011-3147;0.007400000;0.530010000
CVE-2011-3146;0.044180000;0.910580000
CVE-2011-3145;0.009800000;0.609200000
CVE-2011-3144;0.025090000;0.842220000
CVE-2011-3143;0.075060000;0.943170000
CVE-2011-3142;0.383560000;0.985280000
CVE-2011-3141;0.040470000;0.903280000
CVE-2011-3140;0.021510000;0.815030000
CVE-2011-3138;0.017620000;0.772420000
CVE-2011-3137;0.017690000;0.773440000
CVE-2011-3136;0.015240000;0.737640000
CVE-2011-3135;0.015710000;0.745340000
CVE-2011-3134;0.022010000;0.819160000
CVE-2011-3133;0.017020000;0.764390000
CVE-2011-3132;0.016740000;0.760390000
CVE-2011-3131;0.004400000;0.360180000
CVE-2011-3130;0.016020000;0.749690000
CVE-2011-3129;0.020150000;0.802150000
CVE-2011-3128;0.024480000;0.838120000
CVE-2011-3127;0.015250000;0.737900000
CVE-2011-3126;0.022090000;0.819790000
CVE-2011-3125;0.024430000;0.837660000
CVE-2011-3124;0.003640000;0.279270000
CVE-2011-3123;0.003640000;0.279270000
CVE-2011-3122;0.025730000;0.846440000
CVE-2011-3115;0.017570000;0.771700000
CVE-2011-3114;0.014920000;0.732360000
CVE-2011-3113;0.014090000;0.717050000
CVE-2011-3112;0.014200000;0.719060000
CVE-2011-3111;0.014420000;0.723140000
CVE-2011-3110;0.015960000;0.748880000
CVE-2011-3109;0.013980000;0.715130000
CVE-2011-3108;0.035100000;0.888270000
CVE-2011-3107;0.015940000;0.748570000
CVE-2011-3106;0.036900000;0.893650000
CVE-2011-3105;0.017840000;0.775310000
CVE-2011-3104;0.014420000;0.723130000
CVE-2011-3103;0.016540000;0.757400000
CVE-2011-3102;0.026300000;0.850020000
CVE-2011-3101;0.018080000;0.778380000
CVE-2011-3100;0.014860000;0.731290000
CVE-2011-3099;0.025490000;0.844950000
CVE-2011-3098;0.002740000;0.179500000
CVE-2011-3097;0.025880000;0.847400000
CVE-2011-3096;0.013980000;0.715130000
CVE-2011-3095;0.021570000;0.815430000
CVE-2011-3094;0.014530000;0.725220000
CVE-2011-3093;0.014550000;0.725690000
CVE-2011-3092;0.021740000;0.816790000
CVE-2011-3091;0.022220000;0.820880000
CVE-2011-3090;0.018290000;0.781210000
CVE-2011-3089;0.025950000;0.847960000
CVE-2011-3088;0.014060000;0.716590000
CVE-2011-3087;0.012870000;0.691600000
CVE-2011-3086;0.033070000;0.881600000
CVE-2011-3085;0.013980000;0.715010000
CVE-2011-3084;0.012770000;0.689610000
CVE-2011-3083;0.012940000;0.693210000
CVE-2011-3081;0.031050000;0.873320000
CVE-2011-3080;0.011430000;0.655680000
CVE-2011-3079;0.013650000;0.708660000
CVE-2011-3078;0.021980000;0.818840000
CVE-2011-3077;0.019070000;0.790410000
CVE-2011-3076;0.019440000;0.794660000
CVE-2011-3075;0.020990000;0.810460000
CVE-2011-3074;0.019440000;0.794660000
CVE-2011-3073;0.019440000;0.794660000
CVE-2011-3072;0.011800000;0.666220000
CVE-2011-3071;0.020990000;0.810460000
CVE-2011-3070;0.019580000;0.796030000
CVE-2011-3069;0.019440000;0.794650000
CVE-2011-3068;0.018870000;0.788130000
CVE-2011-3067;0.013000000;0.694540000
CVE-2011-3066;0.016740000;0.760380000
CVE-2011-3065;0.018680000;0.785880000
CVE-2011-3064;0.021240000;0.812600000
CVE-2011-3063;0.011470000;0.656570000
CVE-2011-3062;0.016940000;0.763310000
CVE-2011-3061;0.009600000;0.601860000
CVE-2011-3060;0.021800000;0.817270000
CVE-2011-3059;0.018590000;0.784990000
CVE-2011-3058;0.015170000;0.736560000
CVE-2011-3057;0.017190000;0.766650000
CVE-2011-3056;0.013260000;0.699990000
CVE-2011-3055;0.016930000;0.763130000
CVE-2011-3054;0.018130000;0.779100000
CVE-2011-3053;0.017480000;0.770290000
CVE-2011-3052;0.019120000;0.791000000
CVE-2011-3051;0.017600000;0.772140000
CVE-2011-3050;0.021350000;0.813590000
CVE-2011-3049;0.020780000;0.808270000
CVE-2011-3048;0.065200000;0.935820000
CVE-2011-3047;0.033430000;0.882820000
CVE-2011-3046;0.048160000;0.917060000
CVE-2011-3045;0.035560000;0.889540000
CVE-2011-3044;0.017070000;0.765060000
CVE-2011-3043;0.017070000;0.765050000
CVE-2011-3042;0.017460000;0.770050000
CVE-2011-3041;0.017070000;0.765050000
CVE-2011-3040;0.017070000;0.765070000
CVE-2011-3039;0.017070000;0.765050000
CVE-2011-3038;0.020270000;0.803310000
CVE-2011-3037;0.018480000;0.783540000
CVE-2011-3036;0.017070000;0.765060000
CVE-2011-3035;0.017070000;0.765060000
CVE-2011-3034;0.017070000;0.765060000
CVE-2011-3033;0.021840000;0.817540000
CVE-2011-3032;0.018480000;0.783540000
CVE-2011-3031;0.021880000;0.817860000
CVE-2011-3027;0.015850000;0.747300000
CVE-2011-3026;0.730390000;0.994430000
CVE-2011-3025;0.009920000;0.612880000
CVE-2011-3024;0.007110000;0.519460000
CVE-2011-3023;0.009070000;0.585210000
CVE-2011-3022;0.007480000;0.532710000
CVE-2011-3021;0.019260000;0.792540000
CVE-2011-3020;0.007550000;0.535330000
CVE-2011-3019;0.009610000;0.602590000
CVE-2011-3018;0.012670000;0.687490000
CVE-2011-3017;0.010860000;0.641080000
CVE-2011-3016;0.015850000;0.747300000
CVE-2011-3015;0.010200000;0.621580000
CVE-2011-3014;0.011880000;0.668310000
CVE-2011-3013;0.011880000;0.668310000
CVE-2011-3012;0.079550000;0.945810000
CVE-2011-3011;0.716310000;0.994050000
CVE-2011-3010;0.054760000;0.925180000
CVE-2011-3009;0.020230000;0.802970000
CVE-2011-3008;0.015350000;0.739460000
CVE-2011-3007;0.011880000;0.668350000
CVE-2011-3006;0.021290000;0.813060000
CVE-2011-3005;0.039830000;0.901920000
CVE-2011-3004;0.011360000;0.653850000
CVE-2011-3003;0.042660000;0.907830000
CVE-2011-3002;0.033460000;0.882910000
CVE-2011-3001;0.014670000;0.728050000
CVE-2011-3000;0.020180000;0.802400000
CVE-2011-2999;0.010950000;0.643670000
CVE-2011-2998;0.053680000;0.924140000
CVE-2011-2997;0.054590000;0.925000000
CVE-2011-2996;0.045000000;0.912120000
CVE-2011-2995;0.043720000;0.909830000
CVE-2011-2993;0.012610000;0.686160000
CVE-2011-2992;0.036190000;0.891620000
CVE-2011-2991;0.045200000;0.912430000
CVE-2011-2990;0.009690000;0.605540000
CVE-2011-2989;0.045200000;0.912440000
CVE-2011-2988;0.054850000;0.925290000
CVE-2011-2987;0.054850000;0.925300000
CVE-2011-2986;0.011950000;0.670050000
CVE-2011-2985;0.053120000;0.923550000
CVE-2011-2984;0.035910000;0.890780000
CVE-2011-2983;0.015890000;0.747830000
CVE-2011-2982;0.053120000;0.923550000
CVE-2011-2981;0.022600000;0.823860000
CVE-2011-2980;0.002970000;0.203110000
CVE-2011-2979;0.020650000;0.807070000
CVE-2011-2978;0.017130000;0.765920000
CVE-2011-2977;0.002900000;0.195710000
CVE-2011-2976;0.014460000;0.723920000
CVE-2011-2975;0.046030000;0.913920000
CVE-2011-2964;0.049550000;0.919210000
CVE-2011-2963;0.076250000;0.943930000
CVE-2011-2962;0.045640000;0.913250000
CVE-2011-2961;0.064880000;0.935580000
CVE-2011-2960;0.175660000;0.970600000
CVE-2011-2959;0.068790000;0.938740000
CVE-2011-2958;0.011970000;0.670530000
CVE-2011-2957;0.006440000;0.490950000
CVE-2011-2956;0.067420000;0.937660000
CVE-2011-2955;0.036820000;0.893400000
CVE-2011-2954;0.036820000;0.893410000
CVE-2011-2953;0.032850000;0.880730000
CVE-2011-2952;0.036820000;0.893390000
CVE-2011-2951;0.050300000;0.920150000
CVE-2011-2950;0.286120000;0.980870000
CVE-2011-2949;0.050300000;0.920160000
CVE-2011-2948;0.043420000;0.909180000
CVE-2011-2947;0.010590000;0.633370000
CVE-2011-2946;0.041450000;0.905480000
CVE-2011-2945;0.041800000;0.906180000
CVE-2011-2944;0.026840000;0.853340000
CVE-2011-2943;0.035960000;0.890910000
CVE-2011-2942;0.017860000;0.775560000
CVE-2011-2941;0.011280000;0.652120000
CVE-2011-2940;0.057110000;0.927960000
CVE-2011-2939;0.025570000;0.845480000
CVE-2011-2938;0.045290000;0.912600000
CVE-2011-2937;0.024530000;0.838450000
CVE-2011-2936;0.015460000;0.741360000
CVE-2011-2935;0.010570000;0.632760000
CVE-2011-2934;0.005030000;0.408490000
CVE-2011-2933;0.011120000;0.648010000
CVE-2011-2932;0.024920000;0.841120000
CVE-2011-2931;0.024920000;0.841130000
CVE-2011-2930;0.023190000;0.828600000
CVE-2011-2929;0.018130000;0.779140000
CVE-2011-2928;0.005060000;0.410940000
CVE-2011-2927;0.014680000;0.728320000
CVE-2011-2925;0.003910000;0.309210000
CVE-2011-2924;0.004340000;0.355110000
CVE-2011-2923;0.004020000;0.321290000
CVE-2011-2922;0.006840000;0.508710000
CVE-2011-2921;0.831140000;0.996680000
CVE-2011-2920;0.020400000;0.804560000
CVE-2011-2919;0.011880000;0.668380000
CVE-2011-2918;0.009210000;0.589330000
CVE-2011-2917;0.011870000;0.668210000
CVE-2011-2916;0.002460000;0.144700000
CVE-2011-2915;0.041990000;0.906530000
CVE-2011-2914;0.045830000;0.913600000
CVE-2011-2913;0.045780000;0.913500000
CVE-2011-2912;0.043450000;0.909260000
CVE-2011-2911;0.043450000;0.909260000
CVE-2011-2910;0.003750000;0.291010000
CVE-2011-2909;0.003670000;0.282390000
CVE-2011-2908;0.015670000;0.744690000
CVE-2011-2907;0.028790000;0.863730000
CVE-2011-2906;0.004770000;0.389790000
CVE-2011-2905;0.003950000;0.314070000
CVE-2011-2904;0.019570000;0.795920000
CVE-2011-2903;0.023330000;0.829730000
CVE-2011-2902;0.013950000;0.714600000
CVE-2011-2901;0.005900000;0.463340000
CVE-2011-2900;0.132560000;0.962790000
CVE-2011-2899;0.019670000;0.796800000
CVE-2011-2898;0.004480000;0.367130000
CVE-2011-2897;0.019440000;0.794680000
CVE-2011-2896;0.119930000;0.960150000
CVE-2011-2895;0.083550000;0.948050000
CVE-2011-2894;0.086010000;0.949390000
CVE-2011-2893;0.014530000;0.725150000
CVE-2011-2892;0.007640000;0.538580000
CVE-2011-2891;0.013850000;0.712620000
CVE-2011-2890;0.011470000;0.656510000
CVE-2011-2889;0.013650000;0.708560000
CVE-2011-2888;0.021650000;0.816020000
CVE-2011-2887;0.021650000;0.816020000
CVE-2011-2886;0.014530000;0.725160000
CVE-2011-2885;0.021650000;0.816020000
CVE-2011-2884;0.023400000;0.830280000
CVE-2011-2883;0.015290000;0.738370000
CVE-2011-2882;0.563680000;0.990300000
CVE-2011-2881;0.011260000;0.651610000
CVE-2011-2880;0.010540000;0.631920000
CVE-2011-2879;0.009000000;0.582730000
CVE-2011-2878;0.010190000;0.621180000
CVE-2011-2877;0.013600000;0.707590000
CVE-2011-2876;0.010290000;0.624420000
CVE-2011-2875;0.013060000;0.695690000
CVE-2011-2874;0.006810000;0.507460000
CVE-2011-2873;0.041360000;0.905310000
CVE-2011-2872;0.041360000;0.905320000
CVE-2011-2871;0.041360000;0.905320000
CVE-2011-2870;0.041360000;0.905310000
CVE-2011-2869;0.041360000;0.905310000
CVE-2011-2868;0.041360000;0.905310000
CVE-2011-2867;0.041360000;0.905320000
CVE-2011-2866;0.024750000;0.839950000
CVE-2011-2864;0.012960000;0.693530000
CVE-2011-2863;0.007200000;0.522880000
CVE-2011-2862;0.008940000;0.581060000
CVE-2011-2861;0.014750000;0.729400000
CVE-2011-2860;0.017580000;0.771830000
CVE-2011-2859;0.008890000;0.579400000
CVE-2011-2858;0.012630000;0.686800000
CVE-2011-2857;0.015600000;0.743710000
CVE-2011-2856;0.009340000;0.594000000
CVE-2011-2855;0.015600000;0.743710000
CVE-2011-2854;0.016980000;0.763750000
CVE-2011-2853;0.013450000;0.704310000
CVE-2011-2852;0.011930000;0.669670000
CVE-2011-2851;0.012960000;0.693530000
CVE-2011-2850;0.012630000;0.686800000
CVE-2011-2849;0.011590000;0.660040000
CVE-2011-2848;0.010170000;0.620720000
CVE-2011-2847;0.015600000;0.743710000
CVE-2011-2846;0.015410000;0.740570000
CVE-2011-2845;0.011640000;0.661520000
CVE-2011-2844;0.012960000;0.693530000
CVE-2011-2843;0.011990000;0.671090000
CVE-2011-2842;0.010040000;0.616940000
CVE-2011-2841;0.036920000;0.893720000
CVE-2011-2840;0.011270000;0.651840000
CVE-2011-2839;0.013360000;0.702310000
CVE-2011-2838;0.010250000;0.623440000
CVE-2011-2837;0.009920000;0.612830000
CVE-2011-2836;0.011900000;0.668960000
CVE-2011-2835;0.004770000;0.389850000
CVE-2011-2834;0.020450000;0.805140000
CVE-2011-2833;0.041410000;0.905410000
CVE-2011-2831;0.022880000;0.826120000
CVE-2011-2830;0.011800000;0.666200000
CVE-2011-2829;0.010090000;0.618380000
CVE-2011-2828;0.011120000;0.648000000
CVE-2011-2827;0.018070000;0.778300000
CVE-2011-2826;0.011400000;0.654940000
CVE-2011-2825;0.023470000;0.830830000
CVE-2011-2824;0.011120000;0.648000000
CVE-2011-2823;0.016490000;0.756820000
CVE-2011-2822;0.008770000;0.576340000
CVE-2011-2821;0.016930000;0.763190000
CVE-2011-2820;0.022880000;0.826130000
CVE-2011-2819;0.013820000;0.711980000
CVE-2011-2818;0.013750000;0.710840000
CVE-2011-2817;0.022880000;0.826120000
CVE-2011-2816;0.022880000;0.826130000
CVE-2011-2815;0.022880000;0.826130000
CVE-2011-2814;0.022880000;0.826120000
CVE-2011-2813;0.022880000;0.826130000
CVE-2011-2811;0.022160000;0.820370000
CVE-2011-2809;0.025950000;0.847950000
CVE-2011-2808;0.009720000;0.606600000
CVE-2011-2807;0.004710000;0.385750000
CVE-2011-2806;0.023090000;0.827780000
CVE-2011-2805;0.013820000;0.711980000
CVE-2011-2804;0.014110000;0.717370000
CVE-2011-2803;0.012220000;0.676760000
CVE-2011-2802;0.010250000;0.623330000
CVE-2011-2801;0.011930000;0.669670000
CVE-2011-2800;0.014260000;0.720250000
CVE-2011-2799;0.016100000;0.750890000
CVE-2011-2798;0.009460000;0.597870000
CVE-2011-2797;0.016100000;0.750890000
CVE-2011-2796;0.011930000;0.669660000
CVE-2011-2795;0.011660000;0.662020000
CVE-2011-2794;0.011930000;0.669660000
CVE-2011-2793;0.012220000;0.676760000
CVE-2011-2792;0.015720000;0.745420000
CVE-2011-2791;0.011930000;0.669680000
CVE-2011-2790;0.016100000;0.750890000
CVE-2011-2789;0.011930000;0.669670000
CVE-2011-2788;0.014570000;0.725950000
CVE-2011-2787;0.011410000;0.655150000
CVE-2011-2786;0.008520000;0.567900000
CVE-2011-2785;0.010170000;0.620730000
CVE-2011-2784;0.006850000;0.509430000
CVE-2011-2783;0.010440000;0.629060000
CVE-2011-2782;0.012900000;0.692270000
CVE-2011-2780;0.129910000;0.962220000
CVE-2011-2779;0.005530000;0.442200000
CVE-2011-2778;0.037680000;0.895950000
CVE-2011-2777;0.006120000;0.474820000
CVE-2011-2776;0.004330000;0.353970000
CVE-2011-2774;0.010140000;0.620160000
CVE-2011-2773;0.009550000;0.600600000
CVE-2011-2772;0.022710000;0.824670000
CVE-2011-2771;0.018010000;0.777520000
CVE-2011-2770;0.010770000;0.638280000
CVE-2011-2769;0.011370000;0.654020000
CVE-2011-2768;0.007230000;0.524070000
CVE-2011-2767;0.089460000;0.951050000
CVE-2011-2766;0.072380000;0.941540000
CVE-2011-2765;0.022070000;0.819600000
CVE-2011-2764;0.086900000;0.949870000
CVE-2011-2763;0.361390000;0.984360000
CVE-2011-2762;0.022680000;0.824440000
CVE-2011-2761;0.009650000;0.603820000
CVE-2011-2760;0.015700000;0.745080000
CVE-2011-2759;0.013250000;0.699710000
CVE-2011-2758;0.021290000;0.813070000
CVE-2011-2757;0.393660000;0.985670000
CVE-2011-2756;0.019780000;0.797970000
CVE-2011-2755;0.308780000;0.982090000
CVE-2011-2754;0.008450000;0.565420000
CVE-2011-2753;0.010810000;0.639540000
CVE-2011-2752;0.019350000;0.793630000
CVE-2011-2751;0.011130000;0.648330000
CVE-2011-2750;0.166760000;0.969420000
CVE-2011-2749;0.387750000;0.985460000
CVE-2011-2748;0.387750000;0.985470000
CVE-2011-2747;0.042950000;0.908320000
CVE-2011-2746;0.017370000;0.768970000
CVE-2011-2745;0.020300000;0.803590000
CVE-2011-2744;0.089600000;0.951140000
CVE-2011-2743;0.023270000;0.829220000
CVE-2011-2742;0.011810000;0.666630000
CVE-2011-2741;0.011810000;0.666630000
CVE-2011-2740;0.033960000;0.884510000
CVE-2011-2739;0.026850000;0.853490000
CVE-2011-2738;0.109630000;0.957720000
CVE-2011-2737;0.012290000;0.678660000
CVE-2011-2736;0.012290000;0.678660000
CVE-2011-2735;0.023350000;0.829870000
CVE-2011-2733;0.012890000;0.692100000
CVE-2011-2732;0.046460000;0.914570000
CVE-2011-2731;0.012560000;0.685190000
CVE-2011-2730;0.117790000;0.959650000
CVE-2011-2729;0.072430000;0.941580000
CVE-2011-2728;0.013850000;0.712640000
CVE-2011-2727;0.015330000;0.739180000
CVE-2011-2726;0.015980000;0.749180000
CVE-2011-2725;0.029520000;0.867140000
CVE-2011-2724;0.004310000;0.351580000
CVE-2011-2723;0.011060000;0.646620000
CVE-2011-2722;0.004440000;0.363410000
CVE-2011-2721;0.033770000;0.883900000
CVE-2011-2720;0.028500000;0.862380000
CVE-2011-2719;0.024300000;0.836830000
CVE-2011-2718;0.016770000;0.760790000
CVE-2011-2717;0.039300000;0.900550000
CVE-2011-2716;0.018000000;0.777350000
CVE-2011-2715;0.010650000;0.634960000
CVE-2011-2714;0.012020000;0.671700000
CVE-2011-2713;0.028760000;0.863620000
CVE-2011-2712;0.032800000;0.880480000
CVE-2011-2711;0.018820000;0.787500000
CVE-2011-2710;0.012640000;0.687020000
CVE-2011-2709;0.004400000;0.360320000
CVE-2011-2707;0.003670000;0.282230000
CVE-2011-2706;0.006990000;0.514580000
CVE-2011-2705;0.022480000;0.822970000
CVE-2011-2704;0.052200000;0.922640000
CVE-2011-2703;0.027340000;0.856120000
CVE-2011-2702;0.084580000;0.948620000
CVE-2011-2701;0.018470000;0.783330000
CVE-2011-2700;0.005070000;0.411180000
CVE-2011-2699;0.056160000;0.927050000
CVE-2011-2698;0.022890000;0.826150000
CVE-2011-2697;0.107950000;0.957240000
CVE-2011-2696;0.046470000;0.914590000
CVE-2011-2695;0.004510000;0.369690000
CVE-2011-2694;0.060490000;0.931610000
CVE-2011-2693;0.003130000;0.220550000
CVE-2011-2692;0.042270000;0.907120000
CVE-2011-2691;0.038610000;0.898630000
CVE-2011-2690;0.032920000;0.881030000
CVE-2011-2689;0.004060000;0.326030000
CVE-2011-2688;0.056590000;0.927450000
CVE-2011-2687;0.030560000;0.871490000
CVE-2011-2686;0.025820000;0.847050000
CVE-2011-2685;0.070420000;0.940070000
CVE-2011-2684;0.004100000;0.329380000
CVE-2011-2683;0.013320000;0.701180000
CVE-2011-2682;0.011740000;0.664500000
CVE-2011-2681;0.017690000;0.773430000
CVE-2011-2680;0.017690000;0.773430000
CVE-2011-2679;0.012230000;0.677210000
CVE-2011-2678;0.003600000;0.275170000
CVE-2011-2677;0.011930000;0.669540000
CVE-2011-2676;0.012630000;0.686810000
CVE-2011-2675;0.010860000;0.641030000
CVE-2011-2674;0.013440000;0.704200000
CVE-2011-2673;0.015420000;0.740700000
CVE-2011-2672;0.012630000;0.686670000
CVE-2011-2671;0.016610000;0.758620000
CVE-2011-2670;0.006970000;0.513950000
CVE-2011-2669;0.005620000;0.447520000
CVE-2011-2668;0.011110000;0.647920000
CVE-2011-2667;0.162050000;0.968530000
CVE-2011-2666;0.013290000;0.700490000
CVE-2011-2665;0.039720000;0.901650000
CVE-2011-2664;0.003020000;0.208650000
CVE-2011-2663;0.053940000;0.924400000
CVE-2011-2662;0.040920000;0.904270000
CVE-2011-2661;0.009430000;0.596890000
CVE-2011-2660;0.031670000;0.875800000
CVE-2011-2658;0.026710000;0.852630000
CVE-2011-2657;0.483660000;0.988320000
CVE-2011-2656;0.035250000;0.888690000
CVE-2011-2655;0.035250000;0.888690000
CVE-2011-2654;0.036340000;0.892000000
CVE-2011-2653;0.724930000;0.994280000
CVE-2011-2652;0.012120000;0.674620000
CVE-2011-2651;0.026570000;0.851720000
CVE-2011-2650;0.012120000;0.674620000
CVE-2011-2649;0.016880000;0.762480000
CVE-2011-2648;0.026570000;0.851720000
CVE-2011-2647;0.026570000;0.851720000
CVE-2011-2646;0.026570000;0.851720000
CVE-2011-2645;0.026570000;0.851710000
CVE-2011-2644;0.012120000;0.674620000
CVE-2011-2643;0.033200000;0.882020000
CVE-2011-2642;0.017360000;0.768910000
CVE-2011-2641;0.054450000;0.924880000
CVE-2011-2640;0.022580000;0.823740000
CVE-2011-2639;0.022340000;0.821880000
CVE-2011-2638;0.022140000;0.820250000
CVE-2011-2637;0.022140000;0.820270000
CVE-2011-2636;0.022140000;0.820260000
CVE-2011-2635;0.022340000;0.821860000
CVE-2011-2634;0.019340000;0.793550000
CVE-2011-2633;0.013480000;0.705090000
CVE-2011-2632;0.022140000;0.820260000
CVE-2011-2631;0.022340000;0.821860000
CVE-2011-2630;0.014420000;0.723220000
CVE-2011-2629;0.022340000;0.821860000
CVE-2011-2628;0.133870000;0.963160000
CVE-2011-2627;0.022140000;0.820260000
CVE-2011-2626;0.022340000;0.821850000
CVE-2011-2625;0.022340000;0.821870000
CVE-2011-2624;0.018850000;0.787850000
CVE-2011-2623;0.022340000;0.821870000
CVE-2011-2622;0.022140000;0.820270000
CVE-2011-2621;0.022340000;0.821850000
CVE-2011-2620;0.022340000;0.821850000
CVE-2011-2619;0.022340000;0.821840000
CVE-2011-2618;0.022340000;0.821840000
CVE-2011-2617;0.022340000;0.821850000
CVE-2011-2616;0.022340000;0.821840000
CVE-2011-2615;0.022140000;0.820260000
CVE-2011-2614;0.022340000;0.821870000
CVE-2011-2613;0.022340000;0.821860000
CVE-2011-2612;0.022340000;0.821870000
CVE-2011-2611;0.014300000;0.721010000
CVE-2011-2610;0.020780000;0.808300000
CVE-2011-2609;0.016330000;0.754350000
CVE-2011-2608;0.048000000;0.916840000
CVE-2011-2607;0.010860000;0.641040000
CVE-2011-2606;0.010860000;0.641050000
CVE-2011-2605;0.010340000;0.626090000
CVE-2011-2604;0.018650000;0.785550000
CVE-2011-2603;0.018650000;0.785550000
CVE-2011-2602;0.018650000;0.785560000
CVE-2011-2601;0.016350000;0.754800000
CVE-2011-2600;0.117640000;0.959620000
CVE-2011-2599;0.008050000;0.552830000
CVE-2011-2598;0.013000000;0.694510000
CVE-2011-2597;0.024960000;0.841340000
CVE-2011-2595;0.596890000;0.991060000
CVE-2011-2594;0.040030000;0.902390000
CVE-2011-2593;0.039860000;0.901980000
CVE-2011-2592;0.148570000;0.966030000
CVE-2011-2591;0.053880000;0.924330000
CVE-2011-2590;0.019410000;0.794360000
CVE-2011-2589;0.041720000;0.905980000
CVE-2011-2588;0.036950000;0.893790000
CVE-2011-2587;0.036950000;0.893800000
CVE-2011-2586;0.011890000;0.668730000
CVE-2011-2585;0.021310000;0.813210000
CVE-2011-2584;0.021770000;0.817050000
CVE-2011-2583;0.023220000;0.828760000
CVE-2011-2581;0.019920000;0.799610000
CVE-2011-2578;0.026900000;0.853790000
CVE-2011-2577;0.127230000;0.961590000
CVE-2011-2569;0.003270000;0.234870000
CVE-2011-2564;0.016330000;0.754430000
CVE-2011-2563;0.016330000;0.754420000
CVE-2011-2562;0.012050000;0.672590000
CVE-2011-2561;0.010600000;0.633610000
CVE-2011-2560;0.017630000;0.772530000
CVE-2011-2555;0.033660000;0.883560000
CVE-2011-2549;0.017020000;0.764380000
CVE-2011-2547;0.022000000;0.819010000
CVE-2011-2546;0.010940000;0.642770000
CVE-2011-2545;0.009430000;0.596830000
CVE-2011-2544;0.046810000;0.915060000
CVE-2011-2543;0.115030000;0.959070000
CVE-2011-2538;0.025670000;0.846080000
CVE-2011-2536;0.019450000;0.794830000
CVE-2011-2535;0.046120000;0.914060000
CVE-2011-2534;0.004620000;0.378870000
CVE-2011-2533;0.002860000;0.191640000
CVE-2011-2532;0.014470000;0.724150000
CVE-2011-2531;0.014290000;0.720830000
CVE-2011-2530;0.075880000;0.943660000
CVE-2011-2529;0.042760000;0.908020000
CVE-2011-2528;0.020310000;0.803710000
CVE-2011-2527;0.004390000;0.359420000
CVE-2011-2526;0.006990000;0.514900000
CVE-2011-2525;0.004770000;0.390190000
CVE-2011-2524;0.019250000;0.792460000
CVE-2011-2523;0.961840000;0.998780000
CVE-2011-2522;0.100460000;0.954930000
CVE-2011-2521;0.003920000;0.309890000
CVE-2011-2520;0.004210000;0.342270000
CVE-2011-2519;0.006710000;0.502790000
CVE-2011-2518;0.004030000;0.322420000
CVE-2011-2517;0.003770000;0.293650000
CVE-2011-2516;0.077200000;0.944480000
CVE-2011-2515;0.003930000;0.310900000
CVE-2011-2514;0.023970000;0.834350000
CVE-2011-2513;0.024970000;0.841420000
CVE-2011-2512;0.019030000;0.790030000
CVE-2011-2511;0.035360000;0.888980000
CVE-2011-2510;0.017450000;0.769990000
CVE-2011-2509;0.010890000;0.641800000
CVE-2011-2508;0.019130000;0.791040000
CVE-2011-2507;0.029740000;0.868000000
CVE-2011-2506;0.096260000;0.953510000
CVE-2011-2505;0.128790000;0.961970000
CVE-2011-2504;0.003960000;0.314710000
CVE-2011-2503;0.004410000;0.361010000
CVE-2011-2502;0.005200000;0.421460000
CVE-2011-2501;0.034840000;0.887510000
CVE-2011-2500;0.025650000;0.845930000
CVE-2011-2499;0.006490000;0.492860000
CVE-2011-2498;0.003890000;0.306900000
CVE-2011-2497;0.019740000;0.797530000
CVE-2011-2496;0.004870000;0.397370000
CVE-2011-2495;0.004830000;0.394810000
CVE-2011-2494;0.003540000;0.267640000
CVE-2011-2493;0.004660000;0.381430000
CVE-2011-2492;0.003540000;0.267660000
CVE-2011-2491;0.003990000;0.317960000
CVE-2011-2490;0.005340000;0.430550000
CVE-2011-2489;0.005340000;0.430550000
CVE-2011-2488;0.014420000;0.723150000
CVE-2011-2487;0.017560000;0.771530000
CVE-2011-2486;0.024700000;0.839590000
CVE-2011-2485;0.031290000;0.874350000
CVE-2011-2484;0.003880000;0.305880000
CVE-2011-2483;0.049720000;0.919440000
CVE-2011-2482;0.037690000;0.896000000
CVE-2011-2481;0.008400000;0.563870000
CVE-2011-2480;0.015920000;0.748320000
CVE-2011-2479;0.005130000;0.416400000
CVE-2011-2478;0.021290000;0.813110000
CVE-2011-2477;0.008670000;0.572880000
CVE-2011-2476;0.010860000;0.641070000
CVE-2011-2475;0.036770000;0.893290000
CVE-2011-2474;0.636120000;0.991950000
CVE-2011-2473;0.004010000;0.320420000
CVE-2011-2472;0.005420000;0.435630000
CVE-2011-2471;0.004840000;0.395020000
CVE-2011-2470;0.010820000;0.639970000
CVE-2011-2468;0.018950000;0.789030000
CVE-2011-2467;0.007200000;0.522980000
CVE-2011-2465;0.088800000;0.950770000
CVE-2011-2464;0.192650000;0.972660000
CVE-2011-2463;0.022540000;0.823430000
CVE-2011-2462;0.888810000;0.997750000
CVE-2011-2461;0.076890000;0.944270000
CVE-2011-2460;0.058470000;0.929630000
CVE-2011-2459;0.058470000;0.929630000
CVE-2011-2458;0.035960000;0.890910000
CVE-2011-2457;0.089600000;0.951140000
CVE-2011-2456;0.089600000;0.951130000
CVE-2011-2455;0.058470000;0.929620000
CVE-2011-2454;0.058470000;0.929630000
CVE-2011-2453;0.058470000;0.929630000
CVE-2011-2452;0.058470000;0.929620000
CVE-2011-2451;0.058470000;0.929620000
CVE-2011-2450;0.058470000;0.929620000
CVE-2011-2449;0.036570000;0.892740000
CVE-2011-2448;0.036570000;0.892740000
CVE-2011-2447;0.036570000;0.892740000
CVE-2011-2446;0.036570000;0.892740000
CVE-2011-2445;0.059250000;0.930350000
CVE-2011-2444;0.027010000;0.854330000
CVE-2011-2443;0.136880000;0.963860000
CVE-2011-2442;0.049030000;0.918370000
CVE-2011-2441;0.079640000;0.945840000
CVE-2011-2440;0.049030000;0.918360000
CVE-2011-2439;0.049030000;0.918370000
CVE-2011-2438;0.059400000;0.930510000
CVE-2011-2437;0.059400000;0.930510000
CVE-2011-2436;0.059400000;0.930510000
CVE-2011-2435;0.059400000;0.930500000
CVE-2011-2434;0.059400000;0.930500000
CVE-2011-2433;0.059400000;0.930500000
CVE-2011-2432;0.059400000;0.930510000
CVE-2011-2431;0.049030000;0.918370000
CVE-2011-2430;0.062700000;0.933740000
CVE-2011-2429;0.040520000;0.903420000
CVE-2011-2428;0.052510000;0.922940000
CVE-2011-2427;0.063590000;0.934500000
CVE-2011-2426;0.081970000;0.947180000
CVE-2011-2425;0.077440000;0.944620000
CVE-2011-2424;0.069050000;0.938970000
CVE-2011-2423;0.064880000;0.935590000
CVE-2011-2422;0.049170000;0.918560000
CVE-2011-2421;0.042960000;0.908350000
CVE-2011-2420;0.049170000;0.918560000
CVE-2011-2419;0.053120000;0.923540000
CVE-2011-2417;0.077440000;0.944620000
CVE-2011-2416;0.095680000;0.953320000
CVE-2011-2415;0.118480000;0.959810000
CVE-2011-2414;0.118480000;0.959800000
CVE-2011-2412;0.075160000;0.943230000
CVE-2011-2411;0.059900000;0.931010000
CVE-2011-2410;0.014790000;0.729990000
CVE-2011-2409;0.014630000;0.727110000
CVE-2011-2408;0.014630000;0.727120000
CVE-2011-2407;0.025190000;0.843030000
CVE-2011-2406;0.008890000;0.579560000
CVE-2011-2405;0.023080000;0.827710000
CVE-2011-2404;0.737400000;0.994640000
CVE-2011-2403;0.019690000;0.797030000
CVE-2011-2402;0.030820000;0.872530000
CVE-2011-2401;0.041290000;0.905160000
CVE-2011-2400;0.032490000;0.879100000
CVE-2011-2399;0.045490000;0.913010000
CVE-2011-2398;0.003100000;0.216420000
CVE-2011-2397;0.052890000;0.923320000
CVE-2011-2395;0.022900000;0.826230000
CVE-2011-2393;0.019050000;0.790200000
CVE-2011-2391;0.012360000;0.680370000
CVE-2011-2386;0.452200000;0.987510000
CVE-2011-2385;0.017440000;0.769830000
CVE-2011-2383;0.208470000;0.974870000
CVE-2011-2382;0.193050000;0.972710000
CVE-2011-2381;0.015180000;0.736730000
CVE-2011-2380;0.017660000;0.773000000
CVE-2011-2379;0.016690000;0.759670000
CVE-2011-2378;0.056080000;0.926830000
CVE-2011-2377;0.037690000;0.895990000
CVE-2011-2376;0.043720000;0.909840000
CVE-2011-2375;0.055050000;0.925530000
CVE-2011-2374;0.054590000;0.925000000
CVE-2011-2373;0.049600000;0.919270000
CVE-2011-2372;0.009210000;0.589360000
CVE-2011-2371;0.756910000;0.995090000
CVE-2011-2370;0.009750000;0.607960000
CVE-2011-2369;0.013580000;0.707170000
CVE-2011-2368;0.043330000;0.909010000
CVE-2011-2367;0.018410000;0.782570000
CVE-2011-2366;0.014230000;0.719700000
CVE-2011-2365;0.056550000;0.927410000
CVE-2011-2364;0.054590000;0.924990000
CVE-2011-2363;0.057720000;0.928660000
CVE-2011-2362;0.017770000;0.774530000
CVE-2011-2361;0.008370000;0.563070000
CVE-2011-2360;0.011150000;0.648810000
CVE-2011-2359;0.015410000;0.740560000
CVE-2011-2358;0.010360000;0.626680000
CVE-2011-2357;0.046150000;0.914130000
CVE-2011-2356;0.026680000;0.852430000
CVE-2011-2354;0.026650000;0.852220000
CVE-2011-2353;0.006760000;0.505500000
CVE-2011-2352;0.026650000;0.852220000
CVE-2011-2351;0.015780000;0.746280000
CVE-2011-2350;0.011930000;0.669660000
CVE-2011-2349;0.012220000;0.676770000
CVE-2011-2348;0.014750000;0.729390000
CVE-2011-2347;0.011930000;0.669670000
CVE-2011-2346;0.012220000;0.676770000
CVE-2011-2345;0.011320000;0.652950000
CVE-2011-2344;0.011450000;0.656010000
CVE-2011-2343;0.001570000;0.042540000
CVE-2011-2342;0.015090000;0.735340000
CVE-2011-2341;0.026180000;0.849330000
CVE-2011-2339;0.022880000;0.826120000
CVE-2011-2338;0.026180000;0.849330000
CVE-2011-2337;0.008090000;0.553890000
CVE-2011-2336;0.006050000;0.471270000
CVE-2011-2335;0.006050000;0.471100000
CVE-2011-2334;0.004710000;0.385750000
CVE-2011-2332;0.013920000;0.714140000
CVE-2011-2331;0.133450000;0.963060000
CVE-2011-2330;0.018230000;0.780370000
CVE-2011-2329;0.019570000;0.795920000
CVE-2011-2328;0.059050000;0.930140000
CVE-2011-2327;0.004030000;0.322340000
CVE-2011-2326;0.009130000;0.587010000
CVE-2011-2325;0.009130000;0.587000000
CVE-2011-2324;0.011630000;0.661090000
CVE-2011-2323;0.013340000;0.701730000
CVE-2011-2322;0.010530000;0.631660000
CVE-2011-2321;0.009130000;0.587000000
CVE-2011-2320;0.019900000;0.799360000
CVE-2011-2319;0.017780000;0.774610000
CVE-2011-2318;0.003400000;0.251970000
CVE-2011-2317;0.008210000;0.558080000
CVE-2011-2316;0.015040000;0.734450000
CVE-2011-2315;0.015770000;0.746240000
CVE-2011-2314;0.017620000;0.772480000
CVE-2011-2313;0.003580000;0.272640000
CVE-2011-2312;0.003250000;0.233660000
CVE-2011-2311;0.003050000;0.210960000
CVE-2011-2310;0.018420000;0.782720000
CVE-2011-2309;0.013340000;0.701720000
CVE-2011-2308;0.013870000;0.712920000
CVE-2011-2307;0.013620000;0.707980000
CVE-2011-2306;0.012960000;0.693770000
CVE-2011-2305;0.004290000;0.348930000
CVE-2011-2304;0.014850000;0.731200000
CVE-2011-2303;0.008880000;0.579140000
CVE-2011-2302;0.017990000;0.777330000
CVE-2011-2301;0.022400000;0.822430000
CVE-2011-2300;0.004200000;0.341260000
CVE-2011-2299;0.013620000;0.707980000
CVE-2011-2298;0.019440000;0.794610000
CVE-2011-2297;0.003680000;0.283370000
CVE-2011-2296;0.002980000;0.204680000
CVE-2011-2295;0.003320000;0.241250000
CVE-2011-2294;0.019440000;0.794610000
CVE-2011-2293;0.002980000;0.204680000
CVE-2011-2292;0.003060000;0.212420000
CVE-2011-2291;0.002640000;0.166250000
CVE-2011-2290;0.002980000;0.204690000
CVE-2011-2289;0.003450000;0.256960000
CVE-2011-2288;0.020540000;0.806010000
CVE-2011-2287;0.013950000;0.714420000
CVE-2011-2286;0.011040000;0.646090000
CVE-2011-2285;0.003300000;0.238000000
CVE-2011-2284;0.009960000;0.614000000
CVE-2011-2283;0.009880000;0.611920000
CVE-2011-2282;0.007830000;0.544860000
CVE-2011-2281;0.011060000;0.646470000
CVE-2011-2280;0.009120000;0.586710000
CVE-2011-2279;0.009880000;0.611910000
CVE-2011-2278;0.009580000;0.601360000
CVE-2011-2277;0.009880000;0.611910000
CVE-2011-2275;0.009790000;0.608820000
CVE-2011-2274;0.008140000;0.555660000
CVE-2011-2273;0.012390000;0.680970000
CVE-2011-2272;0.009510000;0.599420000
CVE-2011-2271;0.007230000;0.524060000
CVE-2011-2267;0.003430000;0.255580000
CVE-2011-2264;0.311140000;0.982230000
CVE-2011-2263;0.003300000;0.238820000
CVE-2011-2262;0.030410000;0.870780000
CVE-2011-2261;0.032440000;0.878870000
CVE-2011-2260;0.032940000;0.881080000
CVE-2011-2259;0.002980000;0.204680000
CVE-2011-2258;0.003720000;0.288760000
CVE-2011-2257;0.018450000;0.783130000
CVE-2011-2255;0.020010000;0.800500000
CVE-2011-2253;0.020320000;0.803770000
CVE-2011-2252;0.019380000;0.794040000
CVE-2011-2251;0.015540000;0.742800000
CVE-2011-2250;0.012640000;0.686970000
CVE-2011-2249;0.004110000;0.330860000
CVE-2011-2248;0.011760000;0.664920000
CVE-2011-2246;0.009600000;0.602080000
CVE-2011-2245;0.021180000;0.812050000
CVE-2011-2244;0.019360000;0.793800000
CVE-2011-2243;0.007690000;0.540250000
CVE-2011-2242;0.002800000;0.185600000
CVE-2011-2241;0.019340000;0.793490000
CVE-2011-2240;0.003530000;0.266510000
CVE-2011-2239;0.020320000;0.803770000
CVE-2011-2238;0.013010000;0.694650000
CVE-2011-2237;0.007440000;0.531420000
CVE-2011-2232;0.014340000;0.721650000
CVE-2011-2231;0.016720000;0.760060000
CVE-2011-2230;0.020270000;0.803370000
CVE-2011-2227;0.017050000;0.764840000
CVE-2011-2226;0.011760000;0.664890000
CVE-2011-2225;0.013730000;0.710340000
CVE-2011-2224;0.011630000;0.661180000
CVE-2011-2223;0.013710000;0.709870000
CVE-2011-2222;0.011820000;0.666870000
CVE-2011-2221;0.013510000;0.705780000
CVE-2011-2220;0.160640000;0.968290000
CVE-2011-2219;0.011350000;0.653640000
CVE-2011-2218;0.011350000;0.653650000
CVE-2011-2217;0.419560000;0.986530000
CVE-2011-2216;0.046180000;0.914170000
CVE-2011-2215;0.011870000;0.667980000
CVE-2011-2214;0.046760000;0.915030000
CVE-2011-2213;0.004070000;0.326780000
CVE-2011-2212;0.007080000;0.518380000
CVE-2011-2211;0.004820000;0.393570000
CVE-2011-2210;0.004950000;0.402960000
CVE-2011-2209;0.004620000;0.378700000
CVE-2011-2208;0.004740000;0.388210000
CVE-2011-2207;0.012030000;0.672020000
CVE-2011-2206;0.012820000;0.690590000
CVE-2011-2205;0.020690000;0.807560000
CVE-2011-2204;0.006680000;0.501520000
CVE-2011-2203;0.004280000;0.348460000
CVE-2011-2202;0.197360000;0.973340000
CVE-2011-2201;0.069010000;0.938920000
CVE-2011-2200;0.003860000;0.303750000
CVE-2011-2199;0.052460000;0.922890000
CVE-2011-2198;0.021620000;0.815850000
CVE-2011-2197;0.019620000;0.796490000
CVE-2011-2196;0.025930000;0.847820000
CVE-2011-2195;0.026640000;0.852160000
CVE-2011-2194;0.091810000;0.951890000
CVE-2011-2193;0.025030000;0.841800000
CVE-2011-2192;0.028770000;0.863660000
CVE-2011-2191;0.013980000;0.715060000
CVE-2011-2190;0.003290000;0.237690000
CVE-2011-2189;0.178540000;0.970950000
CVE-2011-2188;0.017450000;0.769930000
CVE-2011-2187;0.004820000;0.393970000
CVE-2011-2185;0.003300000;0.238960000
CVE-2011-2184;0.003820000;0.298920000
CVE-2011-2183;0.005410000;0.435090000
CVE-2011-2182;0.004030000;0.322470000
CVE-2011-2181;0.011470000;0.656640000
CVE-2011-2180;0.010820000;0.639960000
CVE-2011-2179;0.260370000;0.979340000
CVE-2011-2178;0.002830000;0.188790000
CVE-2011-2177;0.019990000;0.800150000
CVE-2011-2176;0.003240000;0.232310000
CVE-2011-2175;0.021040000;0.810820000
CVE-2011-2174;0.019710000;0.797300000
CVE-2011-2173;0.011250000;0.651350000
CVE-2011-2172;0.012630000;0.686610000
CVE-2011-2171;0.006740000;0.504330000
CVE-2011-2170;0.001600000;0.045190000
CVE-2011-2169;0.001740000;0.062000000
CVE-2011-2168;0.010930000;0.642650000
CVE-2011-2167;0.022060000;0.819570000
CVE-2011-2166;0.020100000;0.801720000
CVE-2011-2165;0.051560000;0.921840000
CVE-2011-2164;0.038250000;0.897590000
CVE-2011-2163;0.016810000;0.761340000
CVE-2011-2162;0.023230000;0.828890000
CVE-2011-2161;0.012330000;0.679760000
CVE-2011-2160;0.016950000;0.763390000
CVE-2011-2159;0.043770000;0.909920000
CVE-2011-2158;0.043840000;0.910050000
CVE-2011-2157;0.026400000;0.850700000
CVE-2011-2156;0.026400000;0.850700000
CVE-2011-2155;0.039130000;0.899880000
CVE-2011-2154;0.026670000;0.852390000
CVE-2011-2153;0.020140000;0.802100000
CVE-2011-2152;0.026400000;0.850690000
CVE-2011-2151;0.026670000;0.852390000
CVE-2011-2150;0.030240000;0.870190000
CVE-2011-2149;0.023500000;0.831060000
CVE-2011-2148;0.053210000;0.923640000
CVE-2011-2147;0.003450000;0.257310000
CVE-2011-2146;0.003200000;0.226960000
CVE-2011-2145;0.003190000;0.226270000
CVE-2011-2144;0.014090000;0.717010000
CVE-2011-2143;0.012430000;0.681940000
CVE-2011-2142;0.008910000;0.580100000
CVE-2011-2141;0.011170000;0.649450000
CVE-2011-2140;0.822580000;0.996510000
CVE-2011-2139;0.054020000;0.924450000
CVE-2011-2138;0.095680000;0.953320000
CVE-2011-2137;0.115490000;0.959150000
CVE-2011-2136;0.095680000;0.953320000
CVE-2011-2135;0.075450000;0.943390000
CVE-2011-2134;0.115490000;0.959150000
CVE-2011-2133;0.029850000;0.868490000
CVE-2011-2132;0.084670000;0.948660000
CVE-2011-2131;0.222000000;0.976140000
CVE-2011-2130;0.115490000;0.959150000
CVE-2011-2128;0.043720000;0.909850000
CVE-2011-2127;0.043720000;0.909850000
CVE-2011-2126;0.073130000;0.942020000
CVE-2011-2125;0.073130000;0.942020000
CVE-2011-2124;0.043720000;0.909850000
CVE-2011-2123;0.071740000;0.941120000
CVE-2011-2122;0.044100000;0.910400000
CVE-2011-2121;0.061360000;0.932470000
CVE-2011-2120;0.045510000;0.913060000
CVE-2011-2119;0.035750000;0.890300000
CVE-2011-2118;0.045510000;0.913050000
CVE-2011-2117;0.035750000;0.890310000
CVE-2011-2116;0.042960000;0.908350000
CVE-2011-2115;0.078780000;0.945410000
CVE-2011-2114;0.035750000;0.890300000
CVE-2011-2113;0.059910000;0.931020000
CVE-2011-2112;0.074760000;0.942990000
CVE-2011-2111;0.042960000;0.908350000
CVE-2011-2110;0.864210000;0.997310000
CVE-2011-2109;0.084640000;0.948640000
CVE-2011-2108;0.055610000;0.926190000
CVE-2011-2107;0.035530000;0.889470000
CVE-2011-2106;0.060180000;0.931310000
CVE-2011-2105;0.036500000;0.892540000
CVE-2011-2104;0.035100000;0.888290000
CVE-2011-2103;0.060180000;0.931310000
CVE-2011-2102;0.050670000;0.920700000
CVE-2011-2101;0.069650000;0.939410000
CVE-2011-2100;0.007380000;0.529220000
CVE-2011-2099;0.061200000;0.932320000
CVE-2011-2098;0.068460000;0.938480000
CVE-2011-2097;0.075060000;0.943170000
CVE-2011-2096;0.082410000;0.947390000
CVE-2011-2095;0.157190000;0.967670000
CVE-2011-2094;0.087010000;0.949910000
CVE-2011-2093;0.037720000;0.896090000
CVE-2011-2092;0.060620000;0.931780000
CVE-2011-2091;0.032940000;0.881090000
CVE-2011-2089;0.383160000;0.985270000
CVE-2011-2088;0.061400000;0.932500000
CVE-2011-2087;0.061270000;0.932370000
CVE-2011-2085;0.010700000;0.636710000
CVE-2011-2084;0.016740000;0.760410000
CVE-2011-2083;0.018480000;0.783510000
CVE-2011-2082;0.011910000;0.669280000
CVE-2011-2081;0.021040000;0.810850000
CVE-2011-2080;0.018480000;0.783550000
CVE-2011-2079;0.015070000;0.735070000
CVE-2011-2078;0.008930000;0.580760000
CVE-2011-2077;0.013120000;0.696880000
CVE-2011-2076;0.010000000;0.615290000
CVE-2011-2075;0.020630000;0.806890000
CVE-2011-2074;0.028760000;0.863630000
CVE-2011-2072;0.017020000;0.764380000
CVE-2011-2064;0.019160000;0.791430000
CVE-2011-2060;0.002690000;0.173210000
CVE-2011-2059;0.015570000;0.743230000
CVE-2011-2058;0.018170000;0.779570000
CVE-2011-2057;0.017830000;0.775150000
CVE-2011-2054;0.008580000;0.570190000
CVE-2011-2042;0.010760000;0.638180000
CVE-2011-2041;0.003100000;0.217010000
CVE-2011-2040;0.106840000;0.956890000
CVE-2011-2039;0.699590000;0.993590000
CVE-2011-2024;0.033720000;0.883750000
CVE-2011-2023;0.023240000;0.828960000
CVE-2011-2022;0.003810000;0.297310000
CVE-2011-2021;0.019520000;0.795510000
CVE-2011-2020;0.012630000;0.686520000
CVE-2011-2019;0.110730000;0.958020000
CVE-2011-2018;0.019720000;0.797390000
CVE-2011-2016;0.083210000;0.947920000
CVE-2011-2014;0.109650000;0.957720000
CVE-2011-2013;0.323350000;0.982830000
CVE-2011-2012;0.165880000;0.969280000
CVE-2011-2011;0.017870000;0.775690000
CVE-2011-2010;0.017020000;0.764310000
CVE-2011-2009;0.055830000;0.926510000
CVE-2011-2008;0.213450000;0.975390000
CVE-2011-2007;0.230450000;0.976970000
CVE-2011-2005;0.315340000;0.982410000
CVE-2011-2004;0.246230000;0.978260000
CVE-2011-2003;0.265580000;0.979610000
CVE-2011-2002;0.017760000;0.774360000
CVE-2011-2001;0.431250000;0.986870000
CVE-2011-20002;0.003090000;0.215160000
CVE-2011-20001;0.004680000;0.383480000
CVE-2011-2000;0.188860000;0.972180000
CVE-2011-1999;0.267380000;0.979750000
CVE-2011-1998;0.212280000;0.975290000
CVE-2011-1997;0.144760000;0.965380000
CVE-2011-1996;0.588470000;0.990860000
CVE-2011-1995;0.289010000;0.981080000
CVE-2011-1993;0.175740000;0.970620000
CVE-2011-1992;0.188470000;0.972130000
CVE-2011-1991;0.120700000;0.960300000
CVE-2011-1990;0.204860000;0.974440000
CVE-2011-1989;0.211350000;0.975200000
CVE-2011-1988;0.186090000;0.971840000
CVE-2011-1987;0.204860000;0.974440000
CVE-2011-1986;0.215070000;0.975530000
CVE-2011-1985;0.022700000;0.824610000
CVE-2011-1984;0.074650000;0.942920000
CVE-2011-1983;0.224570000;0.976380000
CVE-2011-1982;0.276970000;0.980360000
CVE-2011-1980;0.103830000;0.956000000
CVE-2011-1979;0.222010000;0.976150000
CVE-2011-1978;0.202100000;0.973990000
CVE-2011-1977;0.213650000;0.975410000
CVE-2011-1976;0.208080000;0.974830000
CVE-2011-1975;0.424720000;0.986670000
CVE-2011-1974;0.069830000;0.939570000
CVE-2011-1972;0.222010000;0.976140000
CVE-2011-1971;0.030190000;0.869950000
CVE-2011-1970;0.230370000;0.976970000
CVE-2011-1969;0.173090000;0.970270000
CVE-2011-1968;0.257080000;0.979130000
CVE-2011-1967;0.017070000;0.765010000
CVE-2011-1966;0.552030000;0.990050000
CVE-2011-1965;0.249350000;0.978560000
CVE-2011-1964;0.233560000;0.977240000
CVE-2011-1963;0.233560000;0.977250000
CVE-2011-1962;0.132840000;0.962850000
CVE-2011-1961;0.342080000;0.983650000
CVE-2011-1960;0.176040000;0.970680000
CVE-2011-1959;0.030480000;0.871030000
CVE-2011-1958;0.028760000;0.863640000
CVE-2011-1957;0.026260000;0.849780000
CVE-2011-1956;0.058520000;0.929710000
CVE-2011-1954;0.006710000;0.503150000
CVE-2011-1953;0.011410000;0.655170000
CVE-2011-1952;0.015430000;0.740860000
CVE-2011-1951;0.024620000;0.839090000
CVE-2011-1950;0.023490000;0.830980000
CVE-2011-1949;0.018720000;0.786410000
CVE-2011-1948;0.023890000;0.833780000
CVE-2011-1947;0.025510000;0.845060000
CVE-2011-1946;0.003580000;0.273020000
CVE-2011-1945;0.032880000;0.880870000
CVE-2011-1944;0.134320000;0.963230000
CVE-2011-1943;0.002150000;0.108280000
CVE-2011-1941;0.018800000;0.787300000
CVE-2011-1940;0.011630000;0.661320000
CVE-2011-1939;0.038580000;0.898520000
CVE-2011-1938;0.231290000;0.977060000
CVE-2011-1937;0.019190000;0.791860000
CVE-2011-1936;0.004700000;0.384900000
CVE-2011-1935;0.036490000;0.892500000
CVE-2011-1934;0.010310000;0.624960000
CVE-2011-1933;0.015630000;0.744150000
CVE-2011-1932;0.018000000;0.777410000
CVE-2011-1931;0.022280000;0.821380000
CVE-2011-1930;0.205330000;0.974490000
CVE-2011-1929;0.032500000;0.879110000
CVE-2011-1928;0.103220000;0.955790000
CVE-2011-1927;0.025910000;0.847690000
CVE-2011-1926;0.039990000;0.902270000
CVE-2011-1925;0.025240000;0.843310000
CVE-2011-1924;0.028160000;0.860700000
CVE-2011-1923;0.013080000;0.696060000
CVE-2011-1922;0.070850000;0.940420000
CVE-2011-1921;0.059930000;0.931060000
CVE-2011-1920;0.004380000;0.358500000
CVE-2011-1919;0.045970000;0.913790000
CVE-2011-1918;0.062860000;0.933910000
CVE-2011-1915;0.011040000;0.646030000
CVE-2011-1914;0.039250000;0.900380000
CVE-2011-1913;0.015540000;0.742860000
CVE-2011-1911;0.014910000;0.732220000
CVE-2011-1910;0.246380000;0.978280000
CVE-2011-1908;0.049800000;0.919580000
CVE-2011-1907;0.053680000;0.924130000
CVE-2011-1906;0.010640000;0.634820000
CVE-2011-1905;0.006730000;0.503770000
CVE-2011-1904;0.023560000;0.831530000
CVE-2011-1903;0.013240000;0.699540000
CVE-2011-1902;0.019440000;0.794670000
CVE-2011-1901;0.019590000;0.796210000
CVE-2011-1900;0.320430000;0.982670000
CVE-2011-1899;0.012630000;0.686610000
CVE-2011-1898;0.008520000;0.567870000
CVE-2011-1897;0.083970000;0.948280000
CVE-2011-1896;0.082560000;0.947480000
CVE-2011-1895;0.111370000;0.958260000
CVE-2011-1894;0.114110000;0.958840000
CVE-2011-1893;0.167740000;0.969560000
CVE-2011-1892;0.375110000;0.984930000
CVE-2011-1891;0.167740000;0.969560000
CVE-2011-1890;0.197690000;0.973370000
CVE-2011-1889;0.490200000;0.988500000
CVE-2011-1888;0.016600000;0.758520000
CVE-2011-1887;0.011680000;0.662440000
CVE-2011-1886;0.018780000;0.787090000
CVE-2011-1885;0.013700000;0.709600000
CVE-2011-1884;0.014050000;0.716440000
CVE-2011-1883;0.014050000;0.716430000
CVE-2011-1882;0.014050000;0.716440000
CVE-2011-1881;0.013280000;0.700350000
CVE-2011-1880;0.013700000;0.709610000
CVE-2011-1879;0.014050000;0.716420000
CVE-2011-1878;0.014050000;0.716430000
CVE-2011-1877;0.015350000;0.739450000
CVE-2011-1876;0.014050000;0.716430000
CVE-2011-1875;0.014050000;0.716440000
CVE-2011-1874;0.011640000;0.661540000
CVE-2011-1873;0.187000000;0.971940000
CVE-2011-1872;0.026440000;0.850920000
CVE-2011-1871;0.384610000;0.985330000
CVE-2011-1870;0.022440000;0.822770000
CVE-2011-1869;0.102930000;0.955690000
CVE-2011-1868;0.143960000;0.965260000
CVE-2011-1867;0.257870000;0.979190000
CVE-2011-1866;0.208900000;0.974930000
CVE-2011-1865;0.889480000;0.997760000
CVE-2011-1864;0.092040000;0.951980000
CVE-2011-1863;0.013640000;0.708360000
CVE-2011-1862;0.018420000;0.782670000
CVE-2011-1861;0.023130000;0.828110000
CVE-2011-1860;0.023310000;0.829520000
CVE-2011-1859;0.023310000;0.829520000
CVE-2011-1858;0.002870000;0.193170000
CVE-2011-1857;0.015620000;0.743940000
CVE-2011-1856;0.017280000;0.767810000
CVE-2011-1855;0.003150000;0.221710000
CVE-2011-1854;0.114510000;0.958960000
CVE-2011-1853;0.114510000;0.958960000
CVE-2011-1852;0.154190000;0.966970000
CVE-2011-1851;0.128550000;0.961910000
CVE-2011-1850;0.128550000;0.961910000
CVE-2011-1849;0.105670000;0.956560000
CVE-2011-1848;0.128550000;0.961920000
CVE-2011-1847;0.019650000;0.796680000
CVE-2011-1846;0.022910000;0.826390000
CVE-2011-1845;0.122180000;0.960570000
CVE-2011-1844;0.122180000;0.960570000
CVE-2011-1843;0.013420000;0.703810000
CVE-2011-1842;0.004390000;0.359760000
CVE-2011-1841;0.017050000;0.764740000
CVE-2011-1840;0.003030000;0.209110000
CVE-2011-1839;0.010980000;0.644620000
CVE-2011-1838;0.027280000;0.855810000
CVE-2011-1837;0.003790000;0.295440000
CVE-2011-1836;0.003780000;0.294940000
CVE-2011-1835;0.003520000;0.266190000
CVE-2011-1834;0.003820000;0.298300000
CVE-2011-1833;0.003580000;0.272580000
CVE-2011-1832;0.003820000;0.298310000
CVE-2011-1831;0.003660000;0.281220000
CVE-2011-1830;0.007920000;0.548050000
CVE-2011-1829;0.016860000;0.762250000
CVE-2011-1828;0.003640000;0.279410000
CVE-2011-1827;0.045190000;0.912400000
CVE-2011-1826;0.013630000;0.708320000
CVE-2011-1825;0.013410000;0.703520000
CVE-2011-1824;0.058500000;0.929670000
CVE-2011-1823;0.413670000;0.986350000
CVE-2011-1822;0.002870000;0.192480000
CVE-2011-1821;0.008830000;0.577810000
CVE-2011-1820;0.003490000;0.262650000
CVE-2011-1819;0.011530000;0.658670000
CVE-2011-1818;0.013530000;0.706210000
CVE-2011-1817;0.013530000;0.706210000
CVE-2011-1816;0.013530000;0.706220000
CVE-2011-1815;0.011530000;0.658680000
CVE-2011-1814;0.013530000;0.706200000
CVE-2011-1813;0.013530000;0.706200000
CVE-2011-1812;0.015730000;0.745600000
CVE-2011-1811;0.012940000;0.693240000
CVE-2011-1810;0.010670000;0.636100000
CVE-2011-1809;0.013530000;0.706210000
CVE-2011-1808;0.013750000;0.710650000
CVE-2011-1807;0.030940000;0.872960000
CVE-2011-1806;0.030300000;0.870440000
CVE-2011-1805;0.007480000;0.532780000
CVE-2011-1804;0.014910000;0.732170000
CVE-2011-1803;0.004710000;0.385750000
CVE-2011-1802;0.006170000;0.477470000
CVE-2011-1801;0.009610000;0.602590000
CVE-2011-1800;0.011900000;0.668960000
CVE-2011-1799;0.010190000;0.621310000
CVE-2011-1798;0.010810000;0.639360000
CVE-2011-1797;0.043750000;0.909910000
CVE-2011-1796;0.010810000;0.639370000
CVE-2011-1795;0.011430000;0.655650000
CVE-2011-1794;0.010810000;0.639380000
CVE-2011-1793;0.010810000;0.639360000
CVE-2011-1789;0.019000000;0.789620000
CVE-2011-1788;0.003670000;0.282390000
CVE-2011-1787;0.002410000;0.137910000
CVE-2011-1786;0.030120000;0.869670000
CVE-2011-1785;0.034090000;0.884960000
CVE-2011-1784;0.003670000;0.282440000
CVE-2011-1783;0.067420000;0.937660000
CVE-2011-1782;0.034250000;0.885430000
CVE-2011-1781;0.003010000;0.206920000
CVE-2011-1780;0.006970000;0.513870000
CVE-2011-1779;0.013550000;0.706620000
CVE-2011-1778;0.041990000;0.906540000
CVE-2011-1777;0.041990000;0.906530000
CVE-2011-1776;0.005420000;0.435880000
CVE-2011-1775;0.012900000;0.692340000
CVE-2011-1774;0.431950000;0.986890000
CVE-2011-1773;0.004710000;0.385820000
CVE-2011-1772;0.333460000;0.983320000
CVE-2011-1771;0.005160000;0.418350000
CVE-2011-1770;0.043640000;0.909630000
CVE-2011-1769;0.002910000;0.197140000
CVE-2011-1768;0.021490000;0.814780000
CVE-2011-1767;0.028300000;0.861440000
CVE-2011-1766;0.022320000;0.821680000
CVE-2011-1765;0.020980000;0.810250000
CVE-2011-1764;0.039400000;0.900800000
CVE-2011-1763;0.005550000;0.443840000
CVE-2011-1762;0.007330000;0.527440000
CVE-2011-1761;0.110820000;0.958050000
CVE-2011-1760;0.013670000;0.708980000
CVE-2011-1759;0.004370000;0.358090000
CVE-2011-1758;0.003380000;0.249170000
CVE-2011-1757;0.011180000;0.649540000
CVE-2011-1756;0.026600000;0.851880000
CVE-2011-1755;0.036590000;0.892780000
CVE-2011-1754;0.022710000;0.824680000
CVE-2011-1753;0.021250000;0.812700000
CVE-2011-1752;0.084830000;0.948740000
CVE-2011-1751;0.007500000;0.533450000
CVE-2011-1750;0.007180000;0.522060000
CVE-2011-1749;0.003480000;0.261240000
CVE-2011-1748;0.004050000;0.324300000
CVE-2011-1747;0.004290000;0.349120000
CVE-2011-1746;0.004190000;0.339370000
CVE-2011-1745;0.003810000;0.297310000
CVE-2011-1744;0.009880000;0.611550000
CVE-2011-1743;0.010130000;0.619760000
CVE-2011-1742;0.003150000;0.221830000
CVE-2011-1741;0.082170000;0.947280000
CVE-2011-1740;0.011260000;0.651490000
CVE-2011-1739;0.012820000;0.690720000
CVE-2011-1738;0.004880000;0.398500000
CVE-2011-1737;0.017280000;0.767810000
CVE-2011-1736;0.097740000;0.954030000
CVE-2011-1735;0.136140000;0.963670000
CVE-2011-1734;0.149260000;0.966130000
CVE-2011-1733;0.136140000;0.963670000
CVE-2011-1732;0.247440000;0.978400000
CVE-2011-1731;0.149260000;0.966120000
CVE-2011-1730;0.136140000;0.963670000
CVE-2011-1729;0.136140000;0.963670000
CVE-2011-1728;0.136140000;0.963680000
CVE-2011-1727;0.021270000;0.812860000
CVE-2011-1726;0.032870000;0.880810000
CVE-2011-1725;0.024360000;0.837230000
CVE-2011-1724;0.017700000;0.773640000
CVE-2011-1723;0.044590000;0.911450000
CVE-2011-1722;0.012990000;0.694320000
CVE-2011-1721;0.006290000;0.483010000
CVE-2011-1720;0.214810000;0.975510000
CVE-2011-1719;0.120420000;0.960250000
CVE-2011-1718;0.024450000;0.837870000
CVE-2011-1717;0.002920000;0.198270000
CVE-2011-1716;0.013210000;0.698820000
CVE-2011-1715;0.088800000;0.950770000
CVE-2011-1714;0.026080000;0.848720000
CVE-2011-1713;0.111950000;0.958400000
CVE-2011-1712;0.010700000;0.636680000
CVE-2011-1711;0.012760000;0.689450000
CVE-2011-1710;0.035380000;0.889060000
CVE-2011-1709;0.004320000;0.351890000
CVE-2011-1708;0.058690000;0.929910000
CVE-2011-1707;0.048830000;0.918050000
CVE-2011-1706;0.058690000;0.929900000
CVE-2011-1705;0.058690000;0.929900000
CVE-2011-1704;0.058690000;0.929890000
CVE-2011-1703;0.058690000;0.929900000
CVE-2011-1702;0.058690000;0.929890000
CVE-2011-1701;0.058690000;0.929900000
CVE-2011-1700;0.048830000;0.918050000
CVE-2011-1699;0.048830000;0.918050000
CVE-2011-1696;0.017050000;0.764840000
CVE-2011-1691;0.015820000;0.746790000
CVE-2011-1690;0.023640000;0.832060000
CVE-2011-1689;0.023260000;0.829070000
CVE-2011-1688;0.037820000;0.896340000
CVE-2011-1687;0.014450000;0.723820000
CVE-2011-1686;0.013420000;0.703840000
CVE-2011-1685;0.011160000;0.649030000
CVE-2011-1684;0.046470000;0.914600000
CVE-2011-1683;0.017230000;0.767120000
CVE-2011-1682;0.007610000;0.537580000
CVE-2011-1681;0.004410000;0.361160000
CVE-2011-1680;0.004740000;0.388090000
CVE-2011-1679;0.003740000;0.290560000
CVE-2011-1678;0.005310000;0.428710000
CVE-2011-1677;0.004490000;0.368170000
CVE-2011-1676;0.004870000;0.397270000
CVE-2011-1675;0.004040000;0.323100000
CVE-2011-1674;0.025700000;0.846320000
CVE-2011-1673;0.024920000;0.841100000
CVE-2011-1672;0.024960000;0.841380000
CVE-2011-1671;0.019730000;0.797470000
CVE-2011-1670;0.017410000;0.769490000
CVE-2011-1669;0.221570000;0.976100000
CVE-2011-1668;0.016790000;0.761120000
CVE-2011-1667;0.013560000;0.706780000
CVE-2011-1666;0.013920000;0.713940000
CVE-2011-1665;0.025360000;0.844100000
CVE-2011-1664;0.006150000;0.476520000
CVE-2011-1663;0.010840000;0.640440000
CVE-2011-1662;0.010530000;0.631780000
CVE-2011-1661;0.014700000;0.728620000
CVE-2011-1660;0.013270000;0.700040000
CVE-2011-1659;0.028560000;0.862650000
CVE-2011-1658;0.003110000;0.217280000
CVE-2011-1657;0.051500000;0.921770000
CVE-2011-1655;0.119750000;0.960120000
CVE-2011-1654;0.114230000;0.958880000
CVE-2011-1653;0.886550000;0.997720000
CVE-2011-1652;0.123290000;0.960820000
CVE-2011-1651;0.012100000;0.673860000
CVE-2011-1649;0.012100000;0.673860000
CVE-2011-1647;0.011660000;0.662110000
CVE-2011-1646;0.019000000;0.789640000
CVE-2011-1645;0.033960000;0.884510000
CVE-2011-1643;0.019020000;0.789900000
CVE-2011-1640;0.017680000;0.773260000
CVE-2011-1637;0.002710000;0.175870000
CVE-2011-1625;0.007280000;0.525960000
CVE-2011-1624;0.012100000;0.673840000
CVE-2011-1623;0.015710000;0.745340000
CVE-2011-1613;0.103780000;0.955970000
CVE-2011-1610;0.248220000;0.978470000
CVE-2011-1609;0.197590000;0.973350000
CVE-2011-1607;0.022610000;0.823930000
CVE-2011-1606;0.029450000;0.866860000
CVE-2011-1605;0.029450000;0.866870000
CVE-2011-1604;0.025080000;0.842160000
CVE-2011-1603;0.002640000;0.166370000
CVE-2011-1602;0.002640000;0.166370000
CVE-2011-1599;0.031300000;0.874370000
CVE-2011-1598;0.004210000;0.341400000
CVE-2011-1597;0.017890000;0.775880000
CVE-2011-1595;0.010940000;0.643420000
CVE-2011-1594;0.014560000;0.725910000
CVE-2011-1593;0.005720000;0.453390000
CVE-2011-1592;0.016650000;0.759150000
CVE-2011-1591;0.417440000;0.986480000
CVE-2011-1590;0.018120000;0.778960000
CVE-2011-1589;0.038800000;0.899080000
CVE-2011-1588;0.010740000;0.637700000
CVE-2011-1587;0.017110000;0.765710000
CVE-2011-1586;0.031190000;0.873940000
CVE-2011-1585;0.004940000;0.402680000
CVE-2011-1584;0.016910000;0.762820000
CVE-2011-1583;0.007050000;0.517140000
CVE-2011-1582;0.060160000;0.931280000
CVE-2011-1581;0.033770000;0.883940000
CVE-2011-1580;0.020060000;0.801320000
CVE-2011-1579;0.019170000;0.791610000
CVE-2011-1578;0.025910000;0.847710000
CVE-2011-1577;0.004200000;0.340430000
CVE-2011-1576;0.009940000;0.613560000
CVE-2011-1575;0.333410000;0.983310000
CVE-2011-1574;0.429410000;0.986840000
CVE-2011-1573;0.026680000;0.852420000
CVE-2011-1572;0.029190000;0.865670000
CVE-2011-1571;0.084700000;0.948680000
CVE-2011-1570;0.015040000;0.734530000
CVE-2011-1569;0.035240000;0.888660000
CVE-2011-1568;0.193780000;0.972830000
CVE-2011-1567;0.696180000;0.993490000
CVE-2011-1566;0.669820000;0.992800000
CVE-2011-1565;0.640630000;0.992060000
CVE-2011-1564;0.186260000;0.971860000
CVE-2011-1563;0.746380000;0.994890000
CVE-2011-1562;0.017340000;0.768620000
CVE-2011-1561;0.020430000;0.804890000
CVE-2011-1560;0.039920000;0.902120000
CVE-2011-1559;0.014740000;0.729230000
CVE-2011-1558;0.010530000;0.631770000
CVE-2011-1557;0.010290000;0.624580000
CVE-2011-1556;0.010820000;0.639670000
CVE-2011-1555;0.010070000;0.617630000
CVE-2011-1554;0.054170000;0.924620000
CVE-2011-1553;0.054170000;0.924620000
CVE-2011-1552;0.103780000;0.955970000
CVE-2011-1551;0.003410000;0.253200000
CVE-2011-1550;0.003500000;0.264060000
CVE-2011-1549;0.003650000;0.280410000
CVE-2011-1548;0.003890000;0.307030000
CVE-2011-1547;0.050770000;0.920850000
CVE-2011-1546;0.019910000;0.799410000
CVE-2011-1545;0.016040000;0.750130000
CVE-2011-1544;0.017670000;0.773040000
CVE-2011-1543;0.008720000;0.574510000
CVE-2011-1542;0.017280000;0.767800000
CVE-2011-1541;0.121110000;0.960370000
CVE-2011-1540;0.047440000;0.916010000
CVE-2011-1539;0.021880000;0.817810000
CVE-2011-1538;0.009680000;0.605190000
CVE-2011-1537;0.017280000;0.767810000
CVE-2011-1536;0.021880000;0.817810000
CVE-2011-1535;0.017700000;0.773630000
CVE-2011-1534;0.013720000;0.709970000
CVE-2011-1533;0.020710000;0.807720000
CVE-2011-1532;0.030020000;0.869260000
CVE-2011-1531;0.020440000;0.805040000
CVE-2011-1530;0.023830000;0.833300000
CVE-2011-1529;0.040460000;0.903250000
CVE-2011-1528;0.041770000;0.906100000
CVE-2011-1527;0.036530000;0.892610000
CVE-2011-1526;0.039380000;0.900720000
CVE-2011-1525;0.119140000;0.959960000
CVE-2011-1524;0.042100000;0.906780000
CVE-2011-1523;0.029300000;0.866220000
CVE-2011-1522;0.020190000;0.802510000
CVE-2011-1521;0.035640000;0.889810000
CVE-2011-1520;0.004740000;0.388130000
CVE-2011-1519;0.091990000;0.951960000
CVE-2011-1518;0.022650000;0.824160000
CVE-2011-1517;0.042160000;0.906920000
CVE-2011-1516;0.035330000;0.888900000
CVE-2011-1515;0.044680000;0.911560000
CVE-2011-1514;0.044680000;0.911560000
CVE-2011-1513;0.056360000;0.927230000
CVE-2011-1512;0.068670000;0.938620000
CVE-2011-1511;0.146460000;0.965650000
CVE-2011-1510;0.010860000;0.641050000
CVE-2011-1509;0.007870000;0.546330000
CVE-2011-1508;0.138630000;0.964250000
CVE-2011-1507;0.025040000;0.841870000
CVE-2011-1506;0.024710000;0.839700000
CVE-2011-1505;0.018260000;0.780840000
CVE-2011-1504;0.009920000;0.612650000
CVE-2011-1503;0.013970000;0.714920000
CVE-2011-1502;0.018260000;0.780760000
CVE-2011-1500;0.003410000;0.253150000
CVE-2011-1499;0.017550000;0.771460000
CVE-2011-1498;0.066850000;0.937090000
CVE-2011-1497;0.012850000;0.691190000
CVE-2011-1496;0.009520000;0.599790000
CVE-2011-1495;0.003670000;0.282160000
CVE-2011-1494;0.003710000;0.287750000
CVE-2011-1493;0.033580000;0.883310000
CVE-2011-1492;0.017630000;0.772610000
CVE-2011-1491;0.015190000;0.736810000
CVE-2011-1490;0.003780000;0.294830000
CVE-2011-1489;0.004740000;0.388350000
CVE-2011-1488;0.004760000;0.389120000
CVE-2011-1487;0.105800000;0.956600000
CVE-2011-1486;0.011990000;0.670980000
CVE-2011-1485;0.052460000;0.922890000
CVE-2011-1484;0.022860000;0.825990000
CVE-2011-1483;0.026640000;0.852140000
CVE-2011-1482;0.006390000;0.487990000
CVE-2011-1481;0.010890000;0.641800000
CVE-2011-1480;0.011540000;0.658950000
CVE-2011-1479;0.008030000;0.551940000
CVE-2011-1478;0.010890000;0.641680000
CVE-2011-1477;0.004090000;0.328520000
CVE-2011-1476;0.004250000;0.345390000
CVE-2011-1475;0.086900000;0.949870000
CVE-2011-1474;0.003500000;0.263410000
CVE-2011-1473;0.671890000;0.992860000
CVE-2011-1472;0.003130000;0.220180000
CVE-2011-1471;0.131890000;0.962650000
CVE-2011-1470;0.095210000;0.953140000
CVE-2011-1469;0.043360000;0.909060000
CVE-2011-1468;0.132630000;0.962800000
CVE-2011-1467;0.127180000;0.961570000
CVE-2011-1466;0.058560000;0.929750000
CVE-2011-1465;0.017690000;0.773520000
CVE-2011-1464;0.028010000;0.859960000
CVE-2011-1462;0.039230000;0.900320000
CVE-2011-1460;0.009140000;0.587390000
CVE-2011-1459;0.006540000;0.495710000
CVE-2011-1457;0.039230000;0.900320000
CVE-2011-1456;0.010440000;0.629080000
CVE-2011-1455;0.014230000;0.719660000
CVE-2011-1454;0.011040000;0.646090000
CVE-2011-1453;0.039230000;0.900320000
CVE-2011-1452;0.009710000;0.606260000
CVE-2011-1451;0.018220000;0.780240000
CVE-2011-1450;0.012610000;0.686190000
CVE-2011-1449;0.016470000;0.756470000
CVE-2011-1448;0.010940000;0.643330000
CVE-2011-1447;0.010940000;0.643330000
CVE-2011-1446;0.012320000;0.679490000
CVE-2011-1445;0.010510000;0.630880000
CVE-2011-1444;0.009790000;0.609030000
CVE-2011-1443;0.010940000;0.643330000
CVE-2011-1442;0.010440000;0.629080000
CVE-2011-1441;0.010900000;0.641990000
CVE-2011-1440;0.015980000;0.749110000
CVE-2011-1439;0.008480000;0.566410000
CVE-2011-1438;0.013130000;0.697020000
CVE-2011-1437;0.010940000;0.643340000
CVE-2011-1436;0.010040000;0.616890000
CVE-2011-1435;0.011020000;0.645490000
CVE-2011-1434;0.013520000;0.705970000
CVE-2011-1433;0.014670000;0.728090000
CVE-2011-1432;0.022830000;0.825660000
CVE-2011-1431;0.045930000;0.913740000
CVE-2011-1430;0.032120000;0.877610000
CVE-2011-1429;0.014750000;0.729300000
CVE-2011-1428;0.010820000;0.639870000
CVE-2011-1427;0.015690000;0.744860000
CVE-2011-1426;0.050390000;0.920360000
CVE-2011-1425;0.080570000;0.946340000
CVE-2011-1424;0.007730000;0.541490000
CVE-2011-1423;0.010530000;0.631760000
CVE-2011-1422;0.012690000;0.687840000
CVE-2011-1421;0.003080000;0.214050000
CVE-2011-1420;0.003770000;0.293770000
CVE-2011-1419;0.065400000;0.936050000
CVE-2011-1418;0.014600000;0.726700000
CVE-2011-1417;0.054720000;0.925160000
CVE-2011-1416;0.009330000;0.593810000
CVE-2011-1414;0.012920000;0.692830000
CVE-2011-1413;0.015950000;0.748710000
CVE-2011-1412;0.042120000;0.906830000
CVE-2011-1411;0.022910000;0.826380000
CVE-2011-1409;0.022890000;0.826170000
CVE-2011-1408;0.015960000;0.748800000
CVE-2011-1407;0.038020000;0.896920000
CVE-2011-1406;0.017300000;0.768050000
CVE-2011-1405;0.015030000;0.734240000
CVE-2011-1404;0.020410000;0.804740000
CVE-2011-1403;0.010350000;0.626300000
CVE-2011-1402;0.025290000;0.843650000
CVE-2011-1401;0.010600000;0.633600000
CVE-2011-1400;0.040610000;0.903590000
CVE-2011-1398;0.101730000;0.955340000
CVE-2011-1397;0.010350000;0.626410000
CVE-2011-1396;0.011480000;0.656770000
CVE-2011-1395;0.011480000;0.656770000
CVE-2011-1394;0.025550000;0.845340000
CVE-2011-1393;0.018490000;0.783590000
CVE-2011-1392;0.034330000;0.885740000
CVE-2011-1391;0.034330000;0.885740000
CVE-2011-1390;0.020330000;0.803850000
CVE-2011-1389;0.067880000;0.938030000
CVE-2011-1388;0.034330000;0.885740000
CVE-2011-1386;0.011820000;0.666810000
CVE-2011-1385;0.035370000;0.889010000
CVE-2011-1384;0.003330000;0.244230000
CVE-2011-1381;0.012120000;0.674590000
CVE-2011-1378;0.002780000;0.183970000
CVE-2011-1377;0.023170000;0.828420000
CVE-2011-1376;0.003610000;0.276650000
CVE-2011-1375;0.003610000;0.276220000
CVE-2011-1374;0.049970000;0.919770000
CVE-2011-1373;0.002910000;0.196490000
CVE-2011-1372;0.017240000;0.767320000
CVE-2011-1371;0.008450000;0.565550000
CVE-2011-1370;0.011350000;0.653720000
CVE-2011-1368;0.019310000;0.793050000
CVE-2011-1367;0.036280000;0.891820000
CVE-2011-1366;0.020340000;0.803960000
CVE-2011-1364;0.004950000;0.403190000
CVE-2011-1362;0.016740000;0.760390000
CVE-2011-1360;0.016740000;0.760390000
CVE-2011-1359;0.017800000;0.774890000
CVE-2011-1357;0.008450000;0.565560000
CVE-2011-1356;0.003580000;0.272860000
CVE-2011-1355;0.018670000;0.785830000
CVE-2011-1353;0.006530000;0.495300000
CVE-2011-1352;0.002370000;0.133340000
CVE-2011-1350;0.011090000;0.647420000
CVE-2011-1347;0.279670000;0.980520000
CVE-2011-1346;0.261720000;0.979420000
CVE-2011-1345;0.408750000;0.986180000
CVE-2011-1344;0.059160000;0.930260000
CVE-2011-1343;0.011170000;0.649450000
CVE-2011-1342;0.010720000;0.637120000
CVE-2011-1341;0.005860000;0.460970000
CVE-2011-1340;0.011530000;0.658550000
CVE-2011-1339;0.004890000;0.399390000
CVE-2011-1338;0.003440000;0.255940000
CVE-2011-1337;0.025870000;0.847340000
CVE-2011-1336;0.055390000;0.925930000
CVE-2011-1335;0.012630000;0.686630000
CVE-2011-1334;0.012230000;0.677100000
CVE-2011-1333;0.012230000;0.677100000
CVE-2011-1332;0.010420000;0.628450000
CVE-2011-1331;0.055640000;0.926220000
CVE-2011-1330;0.010860000;0.641040000
CVE-2011-1329;0.014240000;0.719870000
CVE-2011-1328;0.012580000;0.685570000
CVE-2011-1327;0.002300000;0.126080000
CVE-2011-1326;0.007950000;0.548940000
CVE-2011-1325;0.006100000;0.474010000
CVE-2011-1324;0.004750000;0.388670000
CVE-2011-1323;0.016330000;0.754420000
CVE-2011-1322;0.016310000;0.754070000
CVE-2011-1321;0.009670000;0.605020000
CVE-2011-1320;0.010520000;0.631410000
CVE-2011-1319;0.014020000;0.715990000
CVE-2011-1318;0.011050000;0.646350000
CVE-2011-1317;0.011050000;0.646350000
CVE-2011-1316;0.011050000;0.646360000
CVE-2011-1315;0.011050000;0.646370000
CVE-2011-1314;0.011050000;0.646350000
CVE-2011-1313;0.009260000;0.591050000
CVE-2011-1312;0.010270000;0.623840000
CVE-2011-1311;0.008570000;0.569940000
CVE-2011-1310;0.002700000;0.174240000
CVE-2011-1309;0.011870000;0.667980000
CVE-2011-1308;0.010860000;0.641050000
CVE-2011-1307;0.003060000;0.212440000
CVE-2011-1306;0.006770000;0.505970000
CVE-2011-1305;0.006840000;0.508950000
CVE-2011-1304;0.008990000;0.582360000
CVE-2011-1303;0.010230000;0.622510000
CVE-2011-1302;0.032840000;0.880660000
CVE-2011-1301;0.036310000;0.891900000
CVE-2011-1300;0.030090000;0.869550000
CVE-2011-1298;0.008640000;0.571850000
CVE-2011-1296;0.020140000;0.802080000
CVE-2011-1295;0.018210000;0.780100000
CVE-2011-1294;0.015750000;0.745990000
CVE-2011-1293;0.019750000;0.797610000
CVE-2011-1292;0.017670000;0.773070000
CVE-2011-1291;0.016700000;0.759750000
CVE-2011-1290;0.097540000;0.953950000
CVE-2011-1288;0.039230000;0.900310000
CVE-2011-1286;0.016010000;0.749540000
CVE-2011-1285;0.015490000;0.741990000
CVE-2011-1284;0.020980000;0.810230000
CVE-2011-1283;0.021160000;0.811800000
CVE-2011-1282;0.015530000;0.742570000
CVE-2011-1281;0.021160000;0.811800000
CVE-2011-1280;0.152540000;0.966720000
CVE-2011-1279;0.169680000;0.969820000
CVE-2011-1278;0.169680000;0.969820000
CVE-2011-1277;0.160710000;0.968290000
CVE-2011-1276;0.282220000;0.980660000
CVE-2011-1275;0.133200000;0.962960000
CVE-2011-1274;0.133200000;0.962960000
CVE-2011-1273;0.169680000;0.969820000
CVE-2011-1272;0.175920000;0.970660000
CVE-2011-1271;0.200960000;0.973840000
CVE-2011-1270;0.163080000;0.968700000
CVE-2011-1269;0.148830000;0.966070000
CVE-2011-1268;0.107600000;0.957110000
CVE-2011-1267;0.241530000;0.977900000
CVE-2011-1266;0.179770000;0.971100000
CVE-2011-1265;0.059480000;0.930590000
CVE-2011-1264;0.051500000;0.921770000
CVE-2011-1263;0.152420000;0.966700000
CVE-2011-1262;0.169350000;0.969770000
CVE-2011-1261;0.169350000;0.969770000
CVE-2011-1260;0.608490000;0.991290000
CVE-2011-1258;0.146500000;0.965660000
CVE-2011-1257;0.152790000;0.966750000
CVE-2011-1256;0.186470000;0.971880000
CVE-2011-1255;0.421030000;0.986550000
CVE-2011-1254;0.179770000;0.971090000
CVE-2011-1253;0.132410000;0.962760000
CVE-2011-1252;0.139730000;0.964460000
CVE-2011-1251;0.179770000;0.971090000
CVE-2011-1250;0.215860000;0.975610000
CVE-2011-1249;0.084200000;0.948390000
CVE-2011-1248;0.475660000;0.988120000
CVE-2011-1247;0.110670000;0.958000000
CVE-2011-1246;0.055520000;0.926070000
CVE-2011-1245;0.167260000;0.969490000
CVE-2011-1244;0.151360000;0.966470000
CVE-2011-1243;0.293230000;0.981300000
CVE-2011-1242;0.014340000;0.721670000
CVE-2011-1241;0.014340000;0.721690000
CVE-2011-1240;0.014340000;0.721690000
CVE-2011-1239;0.014460000;0.724030000
CVE-2011-1238;0.014340000;0.721680000
CVE-2011-1237;0.026920000;0.853920000
CVE-2011-1236;0.011700000;0.662970000
CVE-2011-1235;0.014340000;0.721680000
CVE-2011-1234;0.014430000;0.723350000
CVE-2011-1233;0.013980000;0.715010000
CVE-2011-1232;0.013980000;0.715010000
CVE-2011-1231;0.013490000;0.705240000
CVE-2011-1230;0.013980000;0.715020000
CVE-2011-1229;0.014680000;0.728180000
CVE-2011-1228;0.013980000;0.715030000
CVE-2011-1227;0.013980000;0.715030000
CVE-2011-1226;0.013980000;0.715020000
CVE-2011-1225;0.013980000;0.715020000
CVE-2011-1224;0.007650000;0.538980000
CVE-2011-1223;0.003940000;0.311970000
CVE-2011-1222;0.003940000;0.311970000
CVE-2011-1221;0.008690000;0.573570000
CVE-2011-1220;0.626630000;0.991730000
CVE-2011-1218;0.050930000;0.921060000
CVE-2011-1217;0.050930000;0.921070000
CVE-2011-1216;0.055390000;0.925930000
CVE-2011-1215;0.055390000;0.925920000
CVE-2011-1214;0.055390000;0.925910000
CVE-2011-1213;0.329610000;0.983150000
CVE-2011-1209;0.006710000;0.502950000
CVE-2011-1208;0.032600000;0.879790000
CVE-2011-1207;0.052610000;0.923050000
CVE-2011-1206;0.157230000;0.967690000
CVE-2011-1205;0.003720000;0.287880000
CVE-2011-1204;0.015430000;0.740890000
CVE-2011-1203;0.018510000;0.783910000
CVE-2011-1202;0.024360000;0.837240000
CVE-2011-1201;0.015750000;0.746000000
CVE-2011-1200;0.013750000;0.710840000
CVE-2011-1199;0.015750000;0.745990000
CVE-2011-1198;0.016310000;0.754100000
CVE-2011-1197;0.016050000;0.750150000
CVE-2011-1196;0.016310000;0.754090000
CVE-2011-1195;0.016310000;0.754090000
CVE-2011-1194;0.014270000;0.720470000
CVE-2011-1193;0.017740000;0.774120000
CVE-2011-1192;0.016070000;0.750590000
CVE-2011-1191;0.016510000;0.757010000
CVE-2011-1190;0.019000000;0.789650000
CVE-2011-1189;0.015910000;0.748080000
CVE-2011-1188;0.018460000;0.783220000
CVE-2011-1187;0.016020000;0.749770000
CVE-2011-1186;0.026940000;0.853980000
CVE-2011-1185;0.014180000;0.718690000
CVE-2011-1184;0.082360000;0.947370000
CVE-2011-1183;0.061560000;0.932700000
CVE-2011-1182;0.004850000;0.395830000
CVE-2011-1180;0.029830000;0.868430000
CVE-2011-1179;0.038890000;0.899280000
CVE-2011-1178;0.053250000;0.923680000
CVE-2011-1176;0.027210000;0.855480000
CVE-2011-1175;0.027240000;0.855580000
CVE-2011-1174;0.027240000;0.855580000
CVE-2011-1173;0.026080000;0.848710000
CVE-2011-1172;0.003700000;0.286730000
CVE-2011-1171;0.003760000;0.292320000
CVE-2011-1170;0.003760000;0.292320000
CVE-2011-1169;0.004400000;0.360500000
CVE-2011-1168;0.026730000;0.852790000
CVE-2011-1167;0.062330000;0.933390000
CVE-2011-1166;0.006670000;0.501330000
CVE-2011-1165;0.022730000;0.824850000
CVE-2011-1164;0.016270000;0.753380000
CVE-2011-1163;0.004140000;0.334230000
CVE-2011-1162;0.003410000;0.252800000
CVE-2011-1160;0.004780000;0.391170000
CVE-2011-1159;0.010950000;0.643800000
CVE-2011-1158;0.023460000;0.830690000
CVE-2011-1157;0.024640000;0.839200000
CVE-2011-1156;0.032610000;0.879820000
CVE-2011-1155;0.003870000;0.303860000
CVE-2011-1154;0.004120000;0.331820000
CVE-2011-1153;0.068330000;0.938390000
CVE-2011-1151;0.018640000;0.785490000
CVE-2011-1150;0.008820000;0.577510000
CVE-2011-1149;0.003200000;0.227480000
CVE-2011-1148;0.047360000;0.915930000
CVE-2011-1147;0.035250000;0.888680000
CVE-2011-1146;0.015320000;0.738870000
CVE-2011-1145;0.004500000;0.368860000
CVE-2011-1144;0.003110000;0.217860000
CVE-2011-1143;0.085900000;0.949310000
CVE-2011-1142;0.025510000;0.845060000
CVE-2011-1141;0.035330000;0.888900000
CVE-2011-1140;0.130640000;0.962440000
CVE-2011-1139;0.032770000;0.880320000
CVE-2011-1138;0.032860000;0.880780000
CVE-2011-1137;0.280680000;0.980580000
CVE-2011-1136;0.004550000;0.372860000
CVE-2011-1135;0.017730000;0.774030000
CVE-2011-1134;0.030440000;0.870870000
CVE-2011-1133;0.017730000;0.774020000
CVE-2011-1132;0.003620000;0.277820000
CVE-2011-1131;0.012420000;0.681730000
CVE-2011-1130;0.010840000;0.640440000
CVE-2011-1129;0.009960000;0.613980000
CVE-2011-1128;0.015960000;0.748860000
CVE-2011-1127;0.022110000;0.820020000
CVE-2011-1126;0.003840000;0.301630000
CVE-2011-1125;0.015560000;0.743140000
CVE-2011-1124;0.015560000;0.743140000
CVE-2011-1123;0.012260000;0.678030000
CVE-2011-1122;0.015330000;0.739250000
CVE-2011-1121;0.019770000;0.797880000
CVE-2011-1120;0.015330000;0.739250000
CVE-2011-1119;0.015030000;0.734300000
CVE-2011-1118;0.013080000;0.695990000
CVE-2011-1117;0.019770000;0.797870000
CVE-2011-1116;0.015560000;0.743140000
CVE-2011-1115;0.019770000;0.797870000
CVE-2011-1114;0.019770000;0.797880000
CVE-2011-1113;0.015240000;0.737710000
CVE-2011-1112;0.015560000;0.743150000
CVE-2011-1111;0.020880000;0.809360000
CVE-2011-1110;0.015560000;0.743150000
CVE-2011-1109;0.018150000;0.779330000
CVE-2011-1108;0.013080000;0.695990000
CVE-2011-1107;0.014380000;0.722470000
CVE-2011-1106;0.014800000;0.730170000
CVE-2011-1105;0.009080000;0.585500000
CVE-2011-1104;0.006800000;0.507170000
CVE-2011-1103;0.019550000;0.795820000
CVE-2011-1102;0.018590000;0.784960000
CVE-2011-1101;0.014480000;0.724210000
CVE-2011-1100;0.012970000;0.694000000
CVE-2011-1099;0.031720000;0.876030000
CVE-2011-1098;0.002810000;0.187250000
CVE-2011-1097;0.031890000;0.876620000
CVE-2011-1096;0.025870000;0.847350000
CVE-2011-1095;0.005180000;0.420180000
CVE-2011-1094;0.009990000;0.615190000
CVE-2011-1093;0.034770000;0.887250000
CVE-2011-1092;0.178810000;0.970970000
CVE-2011-1091;0.026390000;0.850560000
CVE-2011-1090;0.004170000;0.337480000
CVE-2011-1089;0.004170000;0.337480000
CVE-2011-1088;0.064530000;0.935320000
CVE-2011-1087;0.080740000;0.946410000
CVE-2011-1086;0.016660000;0.759280000
CVE-2011-1085;0.004570000;0.374400000
CVE-2011-1084;0.006490000;0.492850000
CVE-2011-1083;0.007950000;0.548960000
CVE-2011-1082;0.007780000;0.543160000
CVE-2011-1081;0.144740000;0.965380000
CVE-2011-1080;0.003500000;0.263440000
CVE-2011-1079;0.006620000;0.499280000
CVE-2011-1078;0.003620000;0.276860000
CVE-2011-1077;0.070060000;0.939800000
CVE-2011-1076;0.005160000;0.418400000
CVE-2011-1075;0.007580000;0.536490000
CVE-2011-1074;0.005210000;0.421960000
CVE-2011-1073;0.004380000;0.358380000
CVE-2011-1072;0.004770000;0.390340000
CVE-2011-1071;0.143230000;0.965120000
CVE-2011-1070;0.003720000;0.287940000
CVE-2011-1069;0.006860000;0.509600000
CVE-2011-1068;0.096020000;0.953450000
CVE-2011-1067;0.014180000;0.718700000
CVE-2011-1066;0.010810000;0.639400000
CVE-2011-1065;0.041720000;0.905970000
CVE-2011-1064;0.010180000;0.621060000
CVE-2011-1063;0.011300000;0.652400000
CVE-2011-1062;0.017510000;0.770760000
CVE-2011-1061;0.013400000;0.703330000
CVE-2011-1060;0.022660000;0.824260000
CVE-2011-1059;0.014210000;0.719210000
CVE-2011-1058;0.025380000;0.844230000
CVE-2011-1056;0.002760000;0.181980000
CVE-2011-1055;0.011510000;0.658130000
CVE-2011-1054;0.014740000;0.729230000
CVE-2011-1053;0.011990000;0.670940000
CVE-2011-1052;0.014740000;0.729230000
CVE-2011-1051;0.014740000;0.729240000
CVE-2011-1050;0.015240000;0.737630000
CVE-2011-1049;0.036650000;0.892960000
CVE-2011-1048;0.009900000;0.612360000
CVE-2011-1047;0.050210000;0.920070000
CVE-2011-1046;0.012460000;0.682690000
CVE-2011-1045;0.012250000;0.677790000
CVE-2011-1044;0.003860000;0.302820000
CVE-2011-1042;0.008770000;0.576290000
CVE-2011-1038;0.030530000;0.871370000
CVE-2011-1036;0.025470000;0.844770000
CVE-2011-1035;0.040190000;0.902710000
CVE-2011-1034;0.012230000;0.677250000
CVE-2011-1033;0.047560000;0.916210000
CVE-2011-1032;0.014420000;0.723230000
CVE-2011-1031;0.003320000;0.241280000
CVE-2011-1030;0.010530000;0.631740000
CVE-2011-1029;0.008850000;0.578360000
CVE-2011-1028;0.016130000;0.751410000
CVE-2011-1027;0.037460000;0.895350000
CVE-2011-1026;0.021350000;0.813580000
CVE-2011-1025;0.038740000;0.898950000
CVE-2011-1024;0.025930000;0.847820000
CVE-2011-1023;0.004850000;0.396060000
CVE-2011-1022;0.003860000;0.302930000
CVE-2011-1021;0.009280000;0.592060000
CVE-2011-1020;0.009230000;0.590360000
CVE-2011-1019;0.004430000;0.362760000
CVE-2011-1018;0.183210000;0.971480000
CVE-2011-1017;0.006140000;0.475960000
CVE-2011-1016;0.003420000;0.254340000
CVE-2011-1015;0.038030000;0.896940000
CVE-2011-1013;0.004070000;0.326610000
CVE-2011-1012;0.004630000;0.379400000
CVE-2011-1011;0.003680000;0.283850000
CVE-2011-1010;0.005090000;0.413430000
CVE-2011-1009;0.008040000;0.552060000
CVE-2011-1008;0.015330000;0.739260000
CVE-2011-1007;0.003970000;0.315940000
CVE-2011-1006;0.004190000;0.339990000
CVE-2011-1005;0.027720000;0.858310000
CVE-2011-10043;0.007750000;0.542250000
CVE-2011-10041;0.008250000;0.559290000
CVE-2011-10040;0.004440000;0.363900000
CVE-2011-1004;0.003850000;0.302640000
CVE-2011-10039;0.004200000;0.340660000
CVE-2011-10038;0.004720000;0.386110000
CVE-2011-10037;0.006070000;0.471940000
CVE-2011-10036;0.004440000;0.363890000
CVE-2011-10035;0.002330000;0.129450000
CVE-2011-10034;0.005820000;0.458880000
CVE-2011-10033;0.004780000;0.391160000
CVE-2011-10032;0.010850000;0.640810000
CVE-2011-10030;0.003780000;0.294060000
CVE-2011-1003;0.042150000;0.906910000
CVE-2011-10029;0.007230000;0.524090000
CVE-2011-10028;0.011380000;0.654340000
CVE-2011-10027;0.005100000;0.414140000
CVE-2011-10026;0.026400000;0.850720000
CVE-2011-10025;0.003430000;0.254990000
CVE-2011-10024;0.003540000;0.268800000
CVE-2011-10023;0.003470000;0.259750000
CVE-2011-10022;0.008030000;0.552000000
CVE-2011-10021;0.003450000;0.257120000
CVE-2011-10020;0.009110000;0.586170000
CVE-2011-1002;0.293610000;0.981320000
CVE-2011-10019;0.057630000;0.928560000
CVE-2011-10018;0.028300000;0.861410000
CVE-2011-10017;0.027420000;0.856560000
CVE-2011-10016;0.004860000;0.396280000
CVE-2011-10015;0.004890000;0.398960000
CVE-2011-10014;0.004190000;0.340320000
CVE-2011-10013;0.022860000;0.825870000
CVE-2011-10012;0.004890000;0.398960000
CVE-2011-10011;0.024400000;0.837470000
CVE-2011-10010;0.023320000;0.829610000
CVE-2011-1001;0.012310000;0.679130000
CVE-2011-10009;0.018430000;0.782780000
CVE-2011-10008;0.017170000;0.766490000
CVE-2011-10007;0.008000000;0.550650000
CVE-2011-10006;0.004330000;0.353680000
CVE-2011-10005;0.035100000;0.888280000
CVE-2011-10004;0.005990000;0.468100000
CVE-2011-10003;0.006080000;0.472480000
CVE-2011-10002;0.007350000;0.528310000
CVE-2011-10001;0.006580000;0.497590000
CVE-2011-1000;0.029010000;0.864860000
CVE-2011-0999;0.003870000;0.304180000
CVE-2011-0997;0.845690000;0.996980000
CVE-2011-0996;0.037480000;0.895390000
CVE-2011-0995;0.003780000;0.294480000
CVE-2011-0994;0.179360000;0.971030000
CVE-2011-0993;0.003690000;0.284860000
CVE-2011-0992;0.026920000;0.853890000
CVE-2011-0991;0.029280000;0.866090000
CVE-2011-0990;0.021640000;0.815990000
CVE-2011-0989;0.026920000;0.853890000
CVE-2011-0988;0.003440000;0.256580000
CVE-2011-0987;0.027280000;0.855790000
CVE-2011-0986;0.015580000;0.743350000
CVE-2011-0985;0.014610000;0.726860000
CVE-2011-0984;0.018710000;0.786390000
CVE-2011-0983;0.021170000;0.811890000
CVE-2011-0982;0.026310000;0.850220000
CVE-2011-0981;0.020750000;0.808090000
CVE-2011-0980;0.263740000;0.979520000
CVE-2011-0979;0.265230000;0.979590000
CVE-2011-0978;0.425620000;0.986720000
CVE-2011-0977;0.321720000;0.982750000
CVE-2011-0976;0.254590000;0.978960000
CVE-2011-0975;0.068260000;0.938340000
CVE-2011-0966;0.413480000;0.986340000
CVE-2011-0963;0.018020000;0.777660000
CVE-2011-0962;0.064490000;0.935300000
CVE-2011-0961;0.051540000;0.921810000
CVE-2011-0960;0.037790000;0.896260000
CVE-2011-0959;0.214640000;0.975490000
CVE-2011-0951;0.146400000;0.965640000
CVE-2011-0949;0.012050000;0.672560000
CVE-2011-0946;0.017870000;0.775670000
CVE-2011-0945;0.017700000;0.773580000
CVE-2011-0944;0.017850000;0.775430000
CVE-2011-0943;0.012050000;0.672560000
CVE-2011-0941;0.012100000;0.673840000
CVE-2011-0939;0.017700000;0.773580000
CVE-2011-0935;0.039870000;0.901990000
CVE-2011-0926;0.068120000;0.938250000
CVE-2011-0925;0.032850000;0.880720000
CVE-2011-0924;0.046250000;0.914290000
CVE-2011-0923;0.810810000;0.996250000
CVE-2011-0922;0.642190000;0.992100000
CVE-2011-0921;0.113330000;0.958660000
CVE-2011-0920;0.101590000;0.955290000
CVE-2011-0919;0.059120000;0.930210000
CVE-2011-0918;0.058490000;0.929660000
CVE-2011-0917;0.143020000;0.965080000
CVE-2011-0916;0.058490000;0.929670000
CVE-2011-0915;0.115840000;0.959220000
CVE-2011-0914;0.046580000;0.914760000
CVE-2011-0913;0.046580000;0.914760000
CVE-2011-0912;0.035390000;0.889090000
CVE-2011-0911;0.008550000;0.569020000
CVE-2011-0910;0.010470000;0.629910000
CVE-2011-0909;0.008550000;0.569020000
CVE-2011-0908;0.009590000;0.601710000
CVE-2011-0905;0.014960000;0.732910000
CVE-2011-0904;0.023030000;0.827330000
CVE-2011-0903;0.019400000;0.794300000
CVE-2011-0902;0.015170000;0.736540000
CVE-2011-0901;0.045230000;0.912470000
CVE-2011-0900;0.052070000;0.922420000
CVE-2011-0899;0.009040000;0.584110000
CVE-2011-0898;0.031190000;0.873960000
CVE-2011-0897;0.003080000;0.215080000
CVE-2011-0896;0.029240000;0.865940000
CVE-2011-0895;0.019420000;0.794450000
CVE-2011-0894;0.012030000;0.671970000
CVE-2011-0893;0.017820000;0.775080000
CVE-2011-0892;0.017820000;0.775070000
CVE-2011-0891;0.002800000;0.186230000
CVE-2011-0890;0.025380000;0.844260000
CVE-2011-0889;0.134420000;0.963240000
CVE-2011-0887;0.046680000;0.914890000
CVE-2011-0886;0.026110000;0.848880000
CVE-2011-0885;0.100690000;0.955020000
CVE-2011-0884;0.009950000;0.613750000
CVE-2011-0883;0.008610000;0.571100000
CVE-2011-0882;0.018300000;0.781220000
CVE-2011-0881;0.009600000;0.602070000
CVE-2011-0880;0.017430000;0.769750000
CVE-2011-0879;0.015080000;0.735120000
CVE-2011-0877;0.014950000;0.732730000
CVE-2011-0876;0.014950000;0.732730000
CVE-2011-0875;0.019900000;0.799330000
CVE-2011-0873;0.062700000;0.933750000
CVE-2011-0872;0.045430000;0.912800000
CVE-2011-0871;0.036480000;0.892470000
CVE-2011-0870;0.024130000;0.835500000
CVE-2011-0869;0.032460000;0.878980000
CVE-2011-0868;0.042740000;0.907990000
CVE-2011-0867;0.030610000;0.871690000
CVE-2011-0866;0.029480000;0.866980000
CVE-2011-0865;0.026120000;0.848940000
CVE-2011-0864;0.030390000;0.870700000
CVE-2011-0863;0.030510000;0.871240000
CVE-2011-0862;0.063290000;0.934250000
CVE-2011-0861;0.013120000;0.696870000
CVE-2011-0860;0.013120000;0.696870000
CVE-2011-0859;0.012620000;0.686400000
CVE-2011-0858;0.008720000;0.574550000
CVE-2011-0857;0.008720000;0.574550000
CVE-2011-0856;0.008780000;0.576600000
CVE-2011-0855;0.012620000;0.686410000
CVE-2011-0854;0.009060000;0.584940000
CVE-2011-0853;0.009060000;0.584950000
CVE-2011-0852;0.018450000;0.783130000
CVE-2011-0851;0.008720000;0.574540000
CVE-2011-0850;0.008720000;0.574540000
CVE-2011-0849;0.013610000;0.707820000
CVE-2011-0848;0.018450000;0.783130000
CVE-2011-0847;0.014090000;0.717020000
CVE-2011-0846;0.017150000;0.766220000
CVE-2011-0845;0.014130000;0.717780000
CVE-2011-0844;0.014530000;0.725350000
CVE-2011-0843;0.014020000;0.715980000
CVE-2011-0841;0.012600000;0.685880000
CVE-2011-0840;0.008780000;0.576590000
CVE-2011-0839;0.002530000;0.152150000
CVE-2011-0838;0.016460000;0.756330000
CVE-2011-0837;0.010180000;0.620910000
CVE-2011-0836;0.034030000;0.884780000
CVE-2011-0835;0.017430000;0.769750000
CVE-2011-0834;0.014020000;0.715990000
CVE-2011-0833;0.013490000;0.705190000
CVE-2011-0832;0.015060000;0.734760000
CVE-2011-0831;0.014480000;0.724240000
CVE-2011-0830;0.015670000;0.744700000
CVE-2011-0829;0.003290000;0.237820000
CVE-2011-0828;0.013490000;0.705200000
CVE-2011-0827;0.007230000;0.524050000
CVE-2011-0826;0.010520000;0.631440000
CVE-2011-0825;0.011500000;0.657810000
CVE-2011-0824;0.011320000;0.652900000
CVE-2011-0823;0.010260000;0.623500000
CVE-2011-0822;0.024330000;0.837020000
CVE-2011-0821;0.002910000;0.197070000
CVE-2011-0820;0.014700000;0.728470000
CVE-2011-0819;0.010260000;0.623500000
CVE-2011-0818;0.011630000;0.661080000
CVE-2011-0817;0.027340000;0.856140000
CVE-2011-0816;0.014480000;0.724240000
CVE-2011-0815;0.036790000;0.893330000
CVE-2011-0814;0.062770000;0.933800000
CVE-2011-0813;0.003290000;0.237820000
CVE-2011-0812;0.002440000;0.142050000
CVE-2011-0811;0.004110000;0.330420000
CVE-2011-0810;0.011630000;0.661090000
CVE-2011-0809;0.013490000;0.705190000
CVE-2011-0808;0.003870000;0.304380000
CVE-2011-0807;0.608780000;0.991310000
CVE-2011-0806;0.017010000;0.764130000
CVE-2011-0805;0.014140000;0.718110000
CVE-2011-0804;0.010170000;0.620760000
CVE-2011-0803;0.010030000;0.616280000
CVE-2011-0802;0.062770000;0.933800000
CVE-2011-0801;0.003550000;0.269720000
CVE-2011-0800;0.003350000;0.245750000
CVE-2011-0799;0.017350000;0.768660000
CVE-2011-0798;0.013490000;0.705190000
CVE-2011-0797;0.010570000;0.632680000
CVE-2011-0796;0.003370000;0.248380000
CVE-2011-0795;0.007230000;0.524060000
CVE-2011-0794;0.003870000;0.304380000
CVE-2011-0793;0.010530000;0.631660000
CVE-2011-0792;0.014470000;0.724100000
CVE-2011-0791;0.010180000;0.620910000
CVE-2011-0790;0.003090000;0.215730000
CVE-2011-0789;0.013490000;0.705190000
CVE-2011-0788;0.023470000;0.830790000
CVE-2011-0787;0.012620000;0.686400000
CVE-2011-0786;0.024370000;0.837310000
CVE-2011-0785;0.013610000;0.707820000
CVE-2011-0784;0.012480000;0.683130000
CVE-2011-0783;0.012280000;0.678330000
CVE-2011-0782;0.010020000;0.616090000
CVE-2011-0781;0.005920000;0.464440000
CVE-2011-0780;0.008930000;0.580640000
CVE-2011-0779;0.014360000;0.722170000
CVE-2011-0778;0.013980000;0.714980000
CVE-2011-0777;0.014580000;0.726190000
CVE-2011-0776;0.008930000;0.580800000
CVE-2011-0775;0.012420000;0.681730000
CVE-2011-0774;0.013500000;0.705400000
CVE-2011-0773;0.023600000;0.831810000
CVE-2011-0772;0.025180000;0.842930000
CVE-2011-0771;0.020620000;0.806760000
CVE-2011-0770;0.035030000;0.888070000
CVE-2011-0767;0.012480000;0.682890000
CVE-2011-0766;0.030720000;0.872160000
CVE-2011-0765;0.003880000;0.305720000
CVE-2011-0764;0.130550000;0.962410000
CVE-2011-0762;0.739460000;0.994700000
CVE-2011-0761;0.088780000;0.950760000
CVE-2011-0760;0.009640000;0.603530000
CVE-2011-0759;0.010650000;0.635000000
CVE-2011-0758;0.082050000;0.947220000
CVE-2011-0757;0.023530000;0.831290000
CVE-2011-0756;0.010640000;0.634760000
CVE-2011-0755;0.019370000;0.793900000
CVE-2011-0754;0.003390000;0.250640000
CVE-2011-0753;0.008000000;0.550750000
CVE-2011-0752;0.013370000;0.702450000
CVE-2011-0751;0.036640000;0.892950000
CVE-2011-0748;0.014730000;0.728980000
CVE-2011-0746;0.005390000;0.433750000
CVE-2011-0745;0.062640000;0.933680000
CVE-2011-0742;0.094670000;0.952930000
CVE-2011-0741;0.016700000;0.759840000
CVE-2011-0740;0.046570000;0.914740000
CVE-2011-0739;0.027060000;0.854640000
CVE-2011-0738;0.015850000;0.747260000
CVE-2011-0737;0.027750000;0.858740000
CVE-2011-0736;0.027180000;0.855330000
CVE-2011-0735;0.026190000;0.849360000
CVE-2011-0734;0.040850000;0.904130000
CVE-2011-0733;0.040850000;0.904140000
CVE-2011-0732;0.015720000;0.745500000
CVE-2011-0731;0.044600000;0.911470000
CVE-2011-0730;0.021740000;0.816810000
CVE-2011-0729;0.003330000;0.242850000
CVE-2011-0728;0.018290000;0.781110000
CVE-2011-0727;0.003760000;0.292680000
CVE-2011-0726;0.003390000;0.250420000
CVE-2011-0725;0.003920000;0.309400000
CVE-2011-0724;0.029300000;0.866210000
CVE-2011-0723;0.044330000;0.910860000
CVE-2011-0722;0.042300000;0.907180000
CVE-2011-0721;0.023090000;0.827810000
CVE-2011-0720;0.031980000;0.876980000
CVE-2011-0719;0.046480000;0.914610000
CVE-2011-0718;0.012620000;0.686380000
CVE-2011-0717;0.020150000;0.802140000
CVE-2011-0716;0.003680000;0.283510000
CVE-2011-0715;0.063090000;0.934100000
CVE-2011-0714;0.009470000;0.598160000
CVE-2011-0713;0.034800000;0.887370000
CVE-2011-0712;0.004350000;0.355520000
CVE-2011-0711;0.003960000;0.314410000
CVE-2011-0710;0.004000000;0.318900000
CVE-2011-0709;0.040050000;0.902420000
CVE-2011-0708;0.098260000;0.954230000
CVE-2011-0707;0.042480000;0.907500000
CVE-2011-0706;0.030860000;0.872660000
CVE-2011-0704;0.011980000;0.670730000
CVE-2011-0703;0.012670000;0.687460000
CVE-2011-0702;0.003330000;0.242880000
CVE-2011-0701;0.031680000;0.875870000
CVE-2011-0700;0.026690000;0.852490000
CVE-2011-0699;0.003150000;0.221640000
CVE-2011-0698;0.028560000;0.862640000
CVE-2011-0697;0.025920000;0.847780000
CVE-2011-0696;0.016020000;0.749740000
CVE-2011-0695;0.011840000;0.667260000
CVE-2011-0694;0.065820000;0.936390000
CVE-2011-0688;0.039580000;0.901250000
CVE-2011-0687;0.022340000;0.821950000
CVE-2011-0686;0.026240000;0.849650000
CVE-2011-0685;0.004000000;0.318480000
CVE-2011-0684;0.020520000;0.805820000
CVE-2011-0683;0.017660000;0.772950000
CVE-2011-0682;0.056370000;0.927240000
CVE-2011-0681;0.024530000;0.838460000
CVE-2011-0680;0.018400000;0.782490000
CVE-2011-0679;0.038440000;0.898160000
CVE-2011-0678;0.092110000;0.952030000
CVE-2011-0677;0.013980000;0.715020000
CVE-2011-0676;0.011730000;0.663940000
CVE-2011-0675;0.014340000;0.721700000
CVE-2011-0674;0.014340000;0.721680000
CVE-2011-0673;0.013980000;0.715010000
CVE-2011-0672;0.014340000;0.721690000
CVE-2011-0671;0.013450000;0.704400000
CVE-2011-0670;0.014340000;0.721680000
CVE-2011-0667;0.014340000;0.721700000
CVE-2011-0666;0.014340000;0.721690000
CVE-2011-0665;0.014340000;0.721700000
CVE-2011-0664;0.160060000;0.968170000
CVE-2011-0663;0.262210000;0.979460000
CVE-2011-0662;0.015610000;0.743920000
CVE-2011-0661;0.445810000;0.987330000
CVE-2011-0660;0.166270000;0.969340000
CVE-2011-0658;0.212020000;0.975250000
CVE-2011-0657;0.624950000;0.991690000
CVE-2011-0656;0.296040000;0.981440000
CVE-2011-0655;0.225930000;0.976580000
CVE-2011-0654;0.680840000;0.993100000
CVE-2011-0653;0.169120000;0.969740000
CVE-2011-0652;0.007470000;0.532570000
CVE-2011-0651;0.048910000;0.918210000
CVE-2011-0650;0.010580000;0.632880000
CVE-2011-0649;0.003750000;0.291770000
CVE-2011-0648;0.025180000;0.842960000
CVE-2011-0647;0.636760000;0.991980000
CVE-2011-0646;0.010210000;0.621850000
CVE-2011-0645;0.009990000;0.614860000
CVE-2011-0644;0.011650000;0.661780000
CVE-2011-0643;0.009730000;0.606740000
CVE-2011-0642;0.008630000;0.571610000
CVE-2011-0641;0.018300000;0.781230000
CVE-2011-0640;0.003520000;0.266020000
CVE-2011-0639;0.003000000;0.205900000
CVE-2011-0638;0.014310000;0.721240000
CVE-2011-0637;0.003520000;0.266300000
CVE-2011-0636;0.003790000;0.295780000
CVE-2011-0635;0.019190000;0.791750000
CVE-2011-0633;0.042460000;0.907460000
CVE-2011-0629;0.014430000;0.723400000
CVE-2011-0628;0.062700000;0.933740000
CVE-2011-0627;0.051070000;0.921210000
CVE-2011-0626;0.049370000;0.918880000
CVE-2011-0625;0.049370000;0.918880000
CVE-2011-0624;0.049370000;0.918890000
CVE-2011-0623;0.049370000;0.918880000
CVE-2011-0622;0.038800000;0.899090000
CVE-2011-0621;0.038800000;0.899090000
CVE-2011-0620;0.038800000;0.899090000
CVE-2011-0619;0.038800000;0.899090000
CVE-2011-0618;0.049370000;0.918890000
CVE-2011-0615;0.069620000;0.939390000
CVE-2011-0614;0.137110000;0.963950000
CVE-2011-0613;0.017320000;0.768290000
CVE-2011-0612;0.021740000;0.816760000
CVE-2011-0611;0.994100000;0.999410000
CVE-2011-0610;0.035470000;0.889320000
CVE-2011-0609;0.635070000;0.991920000
CVE-2011-0608;0.052180000;0.922620000
CVE-2011-0607;0.052180000;0.922610000
CVE-2011-0606;0.068900000;0.938820000
CVE-2011-0605;0.042150000;0.906900000
CVE-2011-0604;0.031550000;0.875330000
CVE-2011-0603;0.088990000;0.950880000
CVE-2011-0602;0.072210000;0.941430000
CVE-2011-0600;0.401340000;0.985980000
CVE-2011-0599;0.093050000;0.952370000
CVE-2011-0598;0.098390000;0.954280000
CVE-2011-0596;0.071590000;0.941010000
CVE-2011-0595;0.099200000;0.954570000
CVE-2011-0594;0.072210000;0.941430000
CVE-2011-0593;0.495400000;0.988620000
CVE-2011-0592;0.475990000;0.988140000
CVE-2011-0591;0.475990000;0.988130000
CVE-2011-0590;0.064170000;0.934950000
CVE-2011-0589;0.050050000;0.919880000
CVE-2011-0588;0.006470000;0.492040000
CVE-2011-0587;0.031550000;0.875330000
CVE-2011-0586;0.061980000;0.933070000
CVE-2011-0585;0.060500000;0.931650000
CVE-2011-0584;0.025490000;0.844940000
CVE-2011-0583;0.025710000;0.846390000
CVE-2011-0582;0.038060000;0.897030000
CVE-2011-0581;0.025710000;0.846380000
CVE-2011-0580;0.025490000;0.844940000
CVE-2011-0579;0.038570000;0.898500000
CVE-2011-0578;0.061030000;0.932190000
CVE-2011-0577;0.076900000;0.944280000
CVE-2011-0575;0.006990000;0.514520000
CVE-2011-0574;0.052180000;0.922620000
CVE-2011-0573;0.055230000;0.925690000
CVE-2011-0572;0.052180000;0.922620000
CVE-2011-0571;0.052180000;0.922610000
CVE-2011-0570;0.006470000;0.492030000
CVE-2011-0569;0.054290000;0.924730000
CVE-2011-0568;0.047970000;0.916790000
CVE-2011-0567;0.402680000;0.986010000
CVE-2011-0566;0.079130000;0.945590000
CVE-2011-0565;0.056870000;0.927680000
CVE-2011-0564;0.032620000;0.879840000
CVE-2011-0563;0.043280000;0.908930000
CVE-2011-0562;0.006730000;0.503730000
CVE-2011-0561;0.062870000;0.933910000
CVE-2011-0560;0.062870000;0.933920000
CVE-2011-0559;0.052180000;0.922620000
CVE-2011-0558;0.066880000;0.937120000
CVE-2011-0557;0.049260000;0.918710000
CVE-2011-0556;0.042560000;0.907650000
CVE-2011-0555;0.049640000;0.919350000
CVE-2011-0554;0.037210000;0.894600000
CVE-2011-0553;0.018110000;0.778780000
CVE-2011-0552;0.034560000;0.886560000
CVE-2011-0551;0.006420000;0.489680000
CVE-2011-0550;0.013280000;0.700220000
CVE-2011-0549;0.022370000;0.822170000
CVE-2011-0548;0.051370000;0.921550000
CVE-2011-0547;0.066460000;0.936800000
CVE-2011-0546;0.016050000;0.750270000
CVE-2011-0545;0.029370000;0.866420000
CVE-2011-0544;0.007960000;0.549480000
CVE-2011-0543;0.003290000;0.237130000
CVE-2011-0542;0.003210000;0.228850000
CVE-2011-0541;0.003200000;0.228150000
CVE-2011-0539;0.018120000;0.778900000
CVE-2011-0538;0.075080000;0.943190000
CVE-2011-0537;0.029220000;0.865820000
CVE-2011-0536;0.007870000;0.546270000
CVE-2011-0535;0.014340000;0.721730000
CVE-2011-0534;0.078850000;0.945480000
CVE-2011-0533;0.041980000;0.906510000
CVE-2011-0532;0.002840000;0.190270000
CVE-2011-0531;0.418500000;0.986510000
CVE-2011-0530;0.052780000;0.923230000
CVE-2011-0529;0.013090000;0.696270000
CVE-2011-0528;0.016520000;0.757220000
CVE-2011-0527;0.015610000;0.743920000
CVE-2011-0526;0.012720000;0.688480000
CVE-2011-0525;0.005140000;0.417200000
CVE-2011-0524;0.004110000;0.330460000
CVE-2011-0523;0.004770000;0.389790000
CVE-2011-0522;0.515380000;0.989140000
CVE-2011-0521;0.004040000;0.323540000
CVE-2011-0520;0.051690000;0.921970000
CVE-2011-0519;0.009070000;0.585240000
CVE-2011-0518;0.158330000;0.967870000
CVE-2011-0517;0.404620000;0.986080000
CVE-2011-0516;0.010210000;0.621870000
CVE-2011-0515;0.008800000;0.576990000
CVE-2011-0514;0.488670000;0.988450000
CVE-2011-0513;0.009750000;0.607820000
CVE-2011-0512;0.019420000;0.794450000
CVE-2011-0511;0.010210000;0.621850000
CVE-2011-0510;0.020400000;0.804550000
CVE-2011-0509;0.020600000;0.806550000
CVE-2011-0508;0.019200000;0.791920000
CVE-2011-0507;0.049180000;0.918590000
CVE-2011-0506;0.032890000;0.880910000
CVE-2011-0505;0.024470000;0.838020000
CVE-2011-0504;0.040060000;0.902450000
CVE-2011-0503;0.021080000;0.811190000
CVE-2011-0502;0.057040000;0.927860000
CVE-2011-0501;0.162720000;0.968630000
CVE-2011-0500;0.307080000;0.982010000
CVE-2011-0499;0.310450000;0.982180000
CVE-2011-0498;0.057390000;0.928330000
CVE-2011-0497;0.022180000;0.820500000
CVE-2011-0496;0.045490000;0.913030000
CVE-2011-0495;0.042060000;0.906690000
CVE-2011-0494;0.021380000;0.813780000
CVE-2011-0493;0.025240000;0.843310000
CVE-2011-0492;0.025240000;0.843310000
CVE-2011-0491;0.025170000;0.842860000
CVE-2011-0490;0.025170000;0.842860000
CVE-2011-0489;0.125510000;0.961230000
CVE-2011-0488;0.085980000;0.949360000
CVE-2011-0487;0.025470000;0.844770000
CVE-2011-0486;0.012630000;0.686590000
CVE-2011-0485;0.033940000;0.884410000
CVE-2011-0484;0.018930000;0.788850000
CVE-2011-0483;0.016960000;0.763570000
CVE-2011-0482;0.018800000;0.787350000
CVE-2011-0481;0.023640000;0.832050000
CVE-2011-0480;0.023040000;0.827400000
CVE-2011-0479;0.016110000;0.751060000
CVE-2011-0478;0.026160000;0.849150000
CVE-2011-0477;0.026160000;0.849160000
CVE-2011-0476;0.025550000;0.845280000
CVE-2011-0475;0.020080000;0.801570000
CVE-2011-0474;0.028290000;0.861360000
CVE-2011-0473;0.024110000;0.835310000
CVE-2011-0472;0.021900000;0.818060000
CVE-2011-0471;0.024110000;0.835310000
CVE-2011-0470;0.018540000;0.784310000
CVE-2011-0469;0.024060000;0.834950000
CVE-2011-0468;0.003260000;0.234370000
CVE-2011-0467;0.012900000;0.692300000
CVE-2011-0466;0.010700000;0.636690000
CVE-2011-0465;0.057810000;0.928750000
CVE-2011-0464;0.060160000;0.931270000
CVE-2011-0463;0.005180000;0.420380000
CVE-2011-0462;0.009430000;0.596890000
CVE-2011-0461;0.002960000;0.202290000
CVE-2011-0460;0.003410000;0.253540000
CVE-2011-0459;0.010530000;0.631790000
CVE-2011-0458;0.003200000;0.227790000
CVE-2011-0457;0.010420000;0.628480000
CVE-2011-0456;0.030010000;0.869220000
CVE-2011-0455;0.012630000;0.686650000
CVE-2011-0454;0.026080000;0.848730000
CVE-2011-0453;0.023470000;0.830800000
CVE-2011-0452;0.002850000;0.190460000
CVE-2011-0451;0.019370000;0.793880000
CVE-2011-0450;0.045130000;0.912320000
CVE-2011-0449;0.024980000;0.841520000
CVE-2011-0448;0.021730000;0.816710000
CVE-2011-0447;0.014180000;0.718820000
CVE-2011-0446;0.023500000;0.830990000
CVE-2011-0445;0.027840000;0.859160000
CVE-2011-0444;0.071690000;0.941070000
CVE-2011-0443;0.011160000;0.648980000
CVE-2011-0442;0.010610000;0.633740000
CVE-2011-0441;0.003390000;0.250300000
CVE-2011-0440;0.010350000;0.626300000
CVE-2011-0439;0.019000000;0.789680000
CVE-2011-0438;0.015270000;0.738120000
CVE-2011-0437;0.016140000;0.751480000
CVE-2011-0436;0.018540000;0.784330000
CVE-2011-0435;0.019730000;0.797410000
CVE-2011-0434;0.016070000;0.750580000
CVE-2011-0433;0.042100000;0.906790000
CVE-2011-0432;0.018110000;0.778760000
CVE-2011-0431;0.020000000;0.800400000
CVE-2011-0430;0.030170000;0.869910000
CVE-2011-0428;0.008390000;0.563750000
CVE-2011-0427;0.044440000;0.911150000
CVE-2011-0426;0.021470000;0.814570000
CVE-2011-0423;0.022610000;0.823920000
CVE-2011-0421;0.135140000;0.963430000
CVE-2011-0420;0.144090000;0.965270000
CVE-2011-0419;0.304060000;0.981870000
CVE-2011-0418;0.072550000;0.941670000
CVE-2011-0414;0.136780000;0.963850000
CVE-2011-0413;0.329230000;0.983140000
CVE-2011-0412;0.003810000;0.297820000
CVE-2011-0411;0.163340000;0.968760000
CVE-2011-0410;0.019210000;0.792060000
CVE-2011-0408;0.056080000;0.926830000
CVE-2011-0407;0.011500000;0.657660000
CVE-2011-0406;0.213150000;0.975360000
CVE-2011-0405;0.060550000;0.931700000
CVE-2011-0404;0.647390000;0.992260000
CVE-2011-0403;0.070700000;0.940280000
CVE-2011-0402;0.028730000;0.863480000
CVE-2011-0401;0.016530000;0.757300000
CVE-2011-0400;0.012810000;0.690320000
CVE-2011-0399;0.013810000;0.711930000
CVE-2011-0398;0.013380000;0.702880000
CVE-2011-0396;0.014010000;0.715810000
CVE-2011-0395;0.025990000;0.848200000
CVE-2011-0394;0.034420000;0.886070000
CVE-2011-0393;0.025990000;0.848200000
CVE-2011-0392;0.023880000;0.833640000
CVE-2011-0391;0.025700000;0.846310000
CVE-2011-0390;0.025700000;0.846310000
CVE-2011-0389;0.025730000;0.846430000
CVE-2011-0388;0.025990000;0.848190000
CVE-2011-0387;0.020370000;0.804240000
CVE-2011-0386;0.044800000;0.911730000
CVE-2011-0385;0.052260000;0.922680000
CVE-2011-0384;0.059420000;0.930550000
CVE-2011-0383;0.064720000;0.935480000
CVE-2011-0382;0.041940000;0.906440000
CVE-2011-0381;0.054580000;0.924990000
CVE-2011-0380;0.023810000;0.833150000
CVE-2011-0379;0.021500000;0.814870000
CVE-2011-0378;0.013820000;0.712150000
CVE-2011-0377;0.025420000;0.844500000
CVE-2011-0376;0.026310000;0.850050000
CVE-2011-0375;0.027950000;0.859620000
CVE-2011-0374;0.027950000;0.859620000
CVE-2011-0373;0.027950000;0.859620000
CVE-2011-0372;0.033460000;0.882900000
CVE-2011-0364;0.196170000;0.973160000
CVE-2011-0355;0.019830000;0.798510000
CVE-2011-0354;0.139880000;0.964500000
CVE-2011-0352;0.021510000;0.814960000
CVE-2011-0350;0.040860000;0.904150000
CVE-2011-0349;0.040860000;0.904150000
CVE-2011-0348;0.022650000;0.824180000
CVE-2011-0347;0.222920000;0.976220000
CVE-2011-0346;0.310160000;0.982170000
CVE-2011-0345;0.009410000;0.596100000
CVE-2011-0344;0.023180000;0.828550000
CVE-2011-0343;0.003770000;0.293690000
CVE-2011-0342;0.059220000;0.930320000
CVE-2011-0341;0.037960000;0.896740000
CVE-2011-0340;0.323490000;0.982840000
CVE-2011-0335;0.035750000;0.890290000
CVE-2011-0334;0.048220000;0.917120000
CVE-2011-0333;0.062360000;0.933420000
CVE-2011-0332;0.061890000;0.932960000
CVE-2011-0331;0.044880000;0.911890000
CVE-2011-0330;0.012420000;0.681770000
CVE-2011-0329;0.015810000;0.746710000
CVE-2011-0324;0.055390000;0.925930000
CVE-2011-0323;0.047650000;0.916350000
CVE-2011-0322;0.016610000;0.758610000
CVE-2011-0321;0.026020000;0.848310000
CVE-2011-0320;0.035750000;0.890310000
CVE-2011-0319;0.035750000;0.890290000
CVE-2011-0318;0.035750000;0.890300000
CVE-2011-0317;0.035750000;0.890300000
CVE-2011-0316;0.022190000;0.820610000
CVE-2011-0315;0.019200000;0.791920000
CVE-2011-0314;0.029580000;0.867340000
CVE-2011-0311;0.017810000;0.774930000
CVE-2011-0310;0.030120000;0.869690000
CVE-2011-0291;0.003640000;0.279270000
CVE-2011-0290;0.021040000;0.810840000
CVE-2011-0287;0.021940000;0.818320000
CVE-2011-0286;0.019310000;0.793180000
CVE-2011-0285;0.207650000;0.974750000
CVE-2011-0284;0.082670000;0.947550000
CVE-2011-0283;0.026240000;0.849650000
CVE-2011-0282;0.034750000;0.887190000
CVE-2011-0281;0.042020000;0.906610000
CVE-2011-0280;0.017280000;0.767820000
CVE-2011-0279;0.005820000;0.458840000
CVE-2011-0278;0.002800000;0.185990000
CVE-2011-0277;0.016070000;0.750600000
CVE-2011-0276;0.824260000;0.996560000
CVE-2011-0275;0.041670000;0.905880000
CVE-2011-0274;0.020710000;0.807720000
CVE-2011-0273;0.133940000;0.963170000
CVE-2011-0272;0.134420000;0.963250000
CVE-2011-0271;0.073300000;0.942150000
CVE-2011-0270;0.163100000;0.968710000
CVE-2011-0269;0.165460000;0.969220000
CVE-2011-0268;0.156290000;0.967490000
CVE-2011-0267;0.716600000;0.994060000
CVE-2011-0266;0.701110000;0.993630000
CVE-2011-0265;0.165460000;0.969210000
CVE-2011-0264;0.171010000;0.970000000
CVE-2011-0263;0.171010000;0.970000000
CVE-2011-0262;0.171010000;0.970000000
CVE-2011-0261;0.158200000;0.967850000
CVE-2011-0260;0.003640000;0.279310000
CVE-2011-0259;0.025770000;0.846760000
CVE-2011-0258;0.047830000;0.916620000
CVE-2011-0257;0.601060000;0.991120000
CVE-2011-0256;0.036820000;0.893390000
CVE-2011-0255;0.039230000;0.900310000
CVE-2011-0254;0.039230000;0.900300000
CVE-2011-0253;0.035640000;0.889840000
CVE-2011-0252;0.050840000;0.920940000
CVE-2011-0251;0.050840000;0.920930000
CVE-2011-0250;0.050840000;0.920930000
CVE-2011-0249;0.050840000;0.920940000
CVE-2011-0248;0.030200000;0.869990000
CVE-2011-0247;0.049820000;0.919600000
CVE-2011-0246;0.041800000;0.906180000
CVE-2011-0245;0.041800000;0.906180000
CVE-2011-0244;0.014800000;0.730160000
CVE-2011-0242;0.016930000;0.763100000
CVE-2011-0241;0.065320000;0.935940000
CVE-2011-0240;0.035640000;0.889840000
CVE-2011-0238;0.039230000;0.900320000
CVE-2011-0237;0.035640000;0.889850000
CVE-2011-0235;0.039230000;0.900310000
CVE-2011-0234;0.039230000;0.900300000
CVE-2011-0233;0.039230000;0.900290000
CVE-2011-0232;0.039230000;0.900330000
CVE-2011-0231;0.014000000;0.715670000
CVE-2011-0230;0.037640000;0.895840000
CVE-2011-0229;0.021710000;0.816500000
CVE-2011-0228;0.065470000;0.936100000
CVE-2011-0227;0.003150000;0.222470000
CVE-2011-0226;0.066460000;0.936800000
CVE-2011-0225;0.039230000;0.900310000
CVE-2011-0224;0.028950000;0.864600000
CVE-2011-0223;0.035640000;0.889850000
CVE-2011-0222;0.216390000;0.975650000
CVE-2011-0221;0.039230000;0.900300000
CVE-2011-0220;0.002570000;0.158090000
CVE-2011-0219;0.016110000;0.751110000
CVE-2011-0218;0.039230000;0.900300000
CVE-2011-0217;0.009680000;0.605070000
CVE-2011-0216;0.049940000;0.919750000
CVE-2011-0215;0.044800000;0.911730000
CVE-2011-0214;0.007210000;0.523320000
CVE-2011-0213;0.033200000;0.882040000
CVE-2011-0212;0.023500000;0.831060000
CVE-2011-0211;0.029240000;0.865910000
CVE-2011-0210;0.028950000;0.864600000
CVE-2011-0209;0.029240000;0.865910000
CVE-2011-0208;0.029240000;0.865900000
CVE-2011-0207;0.018770000;0.787020000
CVE-2011-0206;0.030930000;0.872930000
CVE-2011-0205;0.037730000;0.896120000
CVE-2011-0204;0.038660000;0.898740000
CVE-2011-0203;0.020440000;0.804990000
CVE-2011-0202;0.021710000;0.816500000
CVE-2011-0201;0.025500000;0.845020000
CVE-2011-0200;0.039030000;0.899630000
CVE-2011-0199;0.007540000;0.534990000
CVE-2011-0198;0.037730000;0.896120000
CVE-2011-0197;0.003470000;0.260070000
CVE-2011-0196;0.017360000;0.768790000
CVE-2011-0195;0.010270000;0.623890000
CVE-2011-0194;0.025000000;0.841600000
CVE-2011-0193;0.028400000;0.861920000
CVE-2011-0192;0.074740000;0.942960000
CVE-2011-0191;0.067220000;0.937460000
CVE-2011-0190;0.012830000;0.690740000
CVE-2011-0189;0.009810000;0.609420000
CVE-2011-0188;0.030250000;0.870200000
CVE-2011-0187;0.020330000;0.803900000
CVE-2011-0186;0.026060000;0.848590000
CVE-2011-0185;0.003290000;0.237390000
CVE-2011-0184;0.029290000;0.866150000
CVE-2011-0183;0.019270000;0.792560000
CVE-2011-0182;0.016910000;0.762850000
CVE-2011-0181;0.028420000;0.862030000
CVE-2011-0180;0.006820000;0.507850000
CVE-2011-0179;0.024490000;0.838190000
CVE-2011-0178;0.003330000;0.242440000
CVE-2011-0177;0.028400000;0.861930000
CVE-2011-0176;0.028400000;0.861920000
CVE-2011-0175;0.028400000;0.861920000
CVE-2011-0174;0.021580000;0.815550000
CVE-2011-0173;0.017620000;0.772410000
CVE-2011-0172;0.005300000;0.428020000
CVE-2011-0170;0.047560000;0.916220000
CVE-2011-0169;0.014780000;0.729810000
CVE-2011-0168;0.026310000;0.850140000
CVE-2011-0167;0.033440000;0.882820000
CVE-2011-0166;0.020630000;0.806850000
CVE-2011-0165;0.023410000;0.830350000
CVE-2011-0164;0.026540000;0.851560000
CVE-2011-0163;0.015920000;0.748370000
CVE-2011-0162;0.028890000;0.864240000
CVE-2011-0161;0.016550000;0.757550000
CVE-2011-0160;0.015490000;0.741980000
CVE-2011-0159;0.017170000;0.766400000
CVE-2011-0158;0.012500000;0.683510000
CVE-2011-0157;0.018510000;0.783890000
CVE-2011-0156;0.026310000;0.850130000
CVE-2011-0155;0.027070000;0.854680000
CVE-2011-0154;0.026750000;0.852900000
CVE-2011-0153;0.026310000;0.850130000
CVE-2011-0152;0.027070000;0.854680000
CVE-2011-0151;0.026310000;0.850140000
CVE-2011-0150;0.026310000;0.850160000
CVE-2011-0149;0.031810000;0.876370000
CVE-2011-0148;0.026310000;0.850150000
CVE-2011-0147;0.026310000;0.850140000
CVE-2011-0146;0.026310000;0.850150000
CVE-2011-0145;0.026310000;0.850090000
CVE-2011-0144;0.026310000;0.850150000
CVE-2011-0143;0.026310000;0.850090000
CVE-2011-0142;0.026310000;0.850090000
CVE-2011-0141;0.026310000;0.850060000
CVE-2011-0140;0.026310000;0.850150000
CVE-2011-0139;0.023410000;0.830340000
CVE-2011-0138;0.026310000;0.850060000
CVE-2011-0137;0.026310000;0.850080000
CVE-2011-0136;0.026310000;0.850080000
CVE-2011-0135;0.026310000;0.850110000
CVE-2011-0134;0.026310000;0.850110000
CVE-2011-0133;0.031810000;0.876370000
CVE-2011-0132;0.031810000;0.876370000
CVE-2011-0131;0.026310000;0.850060000
CVE-2011-0130;0.026310000;0.850100000
CVE-2011-0129;0.026310000;0.850060000
CVE-2011-0128;0.026310000;0.850070000
CVE-2011-0127;0.026310000;0.850070000
CVE-2011-0126;0.026310000;0.850070000
CVE-2011-0125;0.026310000;0.850050000
CVE-2011-0124;0.026310000;0.850080000
CVE-2011-0123;0.026310000;0.850080000
CVE-2011-0122;0.026310000;0.850130000
CVE-2011-0121;0.026310000;0.850120000
CVE-2011-0120;0.026310000;0.850110000
CVE-2011-0119;0.026310000;0.850100000
CVE-2011-0118;0.026310000;0.850100000
CVE-2011-0117;0.026310000;0.850100000
CVE-2011-0116;0.031810000;0.876380000
CVE-2011-0115;0.031810000;0.876380000
CVE-2011-0114;0.026310000;0.850110000
CVE-2011-0113;0.026310000;0.850120000
CVE-2011-0112;0.026310000;0.850130000
CVE-2011-0111;0.026310000;0.850120000
CVE-2011-0107;0.111100000;0.958170000
CVE-2011-0105;0.701660000;0.993650000
CVE-2011-0104;0.534310000;0.989610000
CVE-2011-0103;0.254590000;0.978960000
CVE-2011-0101;0.299710000;0.981630000
CVE-2011-0098;0.304990000;0.981910000
CVE-2011-0097;0.315530000;0.982410000
CVE-2011-0096;0.468190000;0.987930000
CVE-2011-0094;0.219050000;0.975880000
CVE-2011-0093;0.195350000;0.973070000
CVE-2011-0092;0.242250000;0.977950000
CVE-2011-0091;0.054860000;0.925310000
CVE-2011-0090;0.020780000;0.808310000
CVE-2011-0089;0.016760000;0.760700000
CVE-2011-0088;0.018310000;0.781330000
CVE-2011-0087;0.018310000;0.781330000
CVE-2011-0086;0.016760000;0.760710000
CVE-2011-0085;0.055720000;0.926320000
CVE-2011-0084;0.048050000;0.916890000
CVE-2011-0083;0.057720000;0.928670000
CVE-2011-0082;0.015020000;0.734150000
CVE-2011-0081;0.051180000;0.921330000
CVE-2011-0080;0.055030000;0.925480000
CVE-2011-0079;0.065970000;0.936480000
CVE-2011-0078;0.053020000;0.923440000
CVE-2011-0077;0.053020000;0.923440000
CVE-2011-0076;0.017790000;0.774770000
CVE-2011-0075;0.053020000;0.923440000
CVE-2011-0074;0.053020000;0.923450000
CVE-2011-0073;0.702130000;0.993660000
CVE-2011-0072;0.053020000;0.923440000
CVE-2011-0071;0.028180000;0.860800000
CVE-2011-0070;0.069140000;0.939030000
CVE-2011-0069;0.069140000;0.939030000
CVE-2011-0067;0.021930000;0.818300000
CVE-2011-0066;0.047800000;0.916560000
CVE-2011-0065;0.738350000;0.994670000
CVE-2011-0064;0.033330000;0.882460000
CVE-2011-0063;0.854510000;0.997160000
CVE-2011-0062;0.038490000;0.898240000
CVE-2011-0061;0.046980000;0.915330000
CVE-2011-0059;0.009670000;0.604920000
CVE-2011-0058;0.054970000;0.925400000
CVE-2011-0057;0.047200000;0.915630000
CVE-2011-0056;0.045540000;0.913120000
CVE-2011-0055;0.072000000;0.941300000
CVE-2011-0054;0.045540000;0.913120000
CVE-2011-0053;0.057870000;0.928820000
CVE-2011-0051;0.018230000;0.780360000
CVE-2011-0050;0.026580000;0.851810000
CVE-2011-0049;0.953880000;0.998680000
CVE-2011-0048;0.017850000;0.775480000
CVE-2011-0047;0.023460000;0.830680000
CVE-2011-0046;0.011360000;0.653750000
CVE-2011-0045;0.037960000;0.896710000
CVE-2011-0043;0.015730000;0.745560000
CVE-2011-0042;0.332760000;0.983270000
CVE-2011-0041;0.281570000;0.980620000
CVE-2011-0040;0.227600000;0.976710000
CVE-2011-0039;0.019240000;0.792280000
CVE-2011-0038;0.111530000;0.958300000
CVE-2011-0037;0.017810000;0.774970000
CVE-2011-0036;0.195350000;0.973070000
CVE-2011-0035;0.195350000;0.973060000
CVE-2011-0034;0.279250000;0.980500000
CVE-2011-0033;0.207310000;0.974720000
CVE-2011-0032;0.103910000;0.956020000
CVE-2011-0031;0.170260000;0.969900000
CVE-2011-0030;0.017640000;0.772640000
CVE-2011-0029;0.071600000;0.941010000
CVE-2011-0028;0.235960000;0.977460000
CVE-2011-0027;0.543720000;0.989840000
CVE-2011-0026;0.343990000;0.983720000
CVE-2011-0025;0.025780000;0.846810000
CVE-2011-0024;0.049580000;0.919250000
CVE-2011-0022;0.002940000;0.199680000
CVE-2011-0021;0.058270000;0.929410000
CVE-2011-0020;0.189440000;0.972250000
CVE-2011-0019;0.014220000;0.719600000
CVE-2011-0018;0.092660000;0.952230000
CVE-2011-0017;0.003790000;0.295130000
CVE-2011-0016;0.004020000;0.320710000
CVE-2011-0015;0.031050000;0.873310000
CVE-2011-0014;0.098540000;0.954330000
CVE-2011-0013;0.100090000;0.954840000
CVE-2011-0012;0.003320000;0.241700000
CVE-2011-0011;0.013050000;0.695300000
CVE-2011-0010;0.004960000;0.403660000
CVE-2011-0009;0.018790000;0.787180000
CVE-2011-0008;0.003330000;0.242310000
CVE-2011-0007;0.003420000;0.253840000
CVE-2011-0006;0.003400000;0.252450000
CVE-2011-0005;0.017740000;0.774110000
CVE-2011-0004;0.015620000;0.743980000
CVE-2011-0003;0.023640000;0.832060000
CVE-2011-0002;0.037900000;0.896560000
CVE-2011-0001;0.051080000;0.921220000
