CVE-2018-9999;0.007460000;0.520960000
CVE-2018-9998;0.018300000;0.772070000
CVE-2018-9997;0.018670000;0.776970000
CVE-2018-9996;0.012850000;0.679340000
CVE-2018-9995;0.826080000;0.996410000
CVE-2018-9993;0.005260000;0.424510000
CVE-2018-9992;0.005260000;0.424490000
CVE-2018-9991;0.005260000;0.424490000
CVE-2018-9990;0.008290000;0.548050000
CVE-2018-9989;0.021910000;0.810650000
CVE-2018-9988;0.021310000;0.805530000
CVE-2018-9987;0.008290000;0.548040000
CVE-2018-9986;0.008290000;0.548050000
CVE-2018-9985;0.006960000;0.503220000
CVE-2018-9984;0.025040000;0.834960000
CVE-2018-9983;0.025040000;0.834970000
CVE-2018-9982;0.027370000;0.850030000
CVE-2018-9981;0.027370000;0.849990000
CVE-2018-9980;0.025040000;0.834980000
CVE-2018-9979;0.025040000;0.835000000
CVE-2018-9978;0.025040000;0.835000000
CVE-2018-9977;0.027370000;0.849980000
CVE-2018-9976;0.025040000;0.834990000
CVE-2018-9975;0.031850000;0.870950000
CVE-2018-9974;0.031850000;0.870950000
CVE-2018-9973;0.028570000;0.856690000
CVE-2018-9972;0.028570000;0.856690000
CVE-2018-9971;0.028570000;0.856690000
CVE-2018-9970;0.031850000;0.870920000
CVE-2018-9969;0.031850000;0.870930000
CVE-2018-9968;0.031850000;0.870920000
CVE-2018-9967;0.031850000;0.870950000
CVE-2018-9966;0.031850000;0.870910000
CVE-2018-9965;0.027370000;0.850010000
CVE-2018-9964;0.027370000;0.850010000
CVE-2018-9963;0.025040000;0.835010000
CVE-2018-9962;0.027370000;0.850040000
CVE-2018-9961;0.027370000;0.850030000
CVE-2018-9960;0.027370000;0.850040000
CVE-2018-9959;0.027370000;0.850050000
CVE-2018-9958;0.629220000;0.991340000
CVE-2018-9957;0.027370000;0.850000000
CVE-2018-9956;0.027370000;0.850000000
CVE-2018-9955;0.027370000;0.849970000
CVE-2018-9954;0.027370000;0.849980000
CVE-2018-9953;0.027370000;0.849980000
CVE-2018-9952;0.027370000;0.850030000
CVE-2018-9951;0.047750000;0.912280000
CVE-2018-9950;0.041380000;0.900530000
CVE-2018-9949;0.031850000;0.870920000
CVE-2018-9948;0.636890000;0.991540000
CVE-2018-9947;0.031850000;0.870920000
CVE-2018-9946;0.029620000;0.861570000
CVE-2018-9945;0.031850000;0.870930000
CVE-2018-9944;0.031850000;0.870950000
CVE-2018-9943;0.031850000;0.870910000
CVE-2018-9942;0.031850000;0.870940000
CVE-2018-9941;0.031850000;0.870940000
CVE-2018-9940;0.031850000;0.870910000
CVE-2018-9939;0.031850000;0.870940000
CVE-2018-9938;0.031850000;0.870930000
CVE-2018-9937;0.031850000;0.870940000
CVE-2018-9936;0.027370000;0.850050000
CVE-2018-9935;0.027370000;0.850050000
CVE-2018-9934;0.013900000;0.702250000
CVE-2018-9928;0.007690000;0.528650000
CVE-2018-9927;0.006980000;0.504040000
CVE-2018-9926;0.029830000;0.862540000
CVE-2018-9925;0.006340000;0.477820000
CVE-2018-9924;0.014450000;0.712570000
CVE-2018-9923;0.006110000;0.467240000
CVE-2018-9922;0.011690000;0.649910000
CVE-2018-9921;0.014960000;0.722080000
CVE-2018-9920;0.007960000;0.537460000
CVE-2018-9919;0.048250000;0.913000000
CVE-2018-9918;0.016900000;0.752940000
CVE-2018-9867;0.002070000;0.111200000
CVE-2018-9866;0.045040000;0.907690000
CVE-2018-9864;0.013490000;0.693280000
CVE-2018-9862;0.004310000;0.362130000
CVE-2018-9861;0.017800000;0.765360000
CVE-2018-9860;0.013820000;0.700680000
CVE-2018-9859;0.009230000;0.577010000
CVE-2018-9857;0.021920000;0.810780000
CVE-2018-9856;0.006450000;0.482910000
CVE-2018-9853;0.012870000;0.679740000
CVE-2018-9852;0.013690000;0.697840000
CVE-2018-9851;0.018190000;0.770670000
CVE-2018-9850;0.018620000;0.776380000
CVE-2018-9849;0.009900000;0.598790000
CVE-2018-9848;0.022010000;0.811780000
CVE-2018-9847;0.015530000;0.732150000
CVE-2018-9846;0.022530000;0.815920000
CVE-2018-9845;0.131320000;0.960580000
CVE-2018-9844;0.037070000;0.888930000
CVE-2018-9843;0.170050000;0.968290000
CVE-2018-9842;0.161930000;0.966840000
CVE-2018-9841;0.017630000;0.762950000
CVE-2018-9840;0.004250000;0.358000000
CVE-2018-9839;0.012400000;0.668640000
CVE-2018-9838;0.042160000;0.902160000
CVE-2018-9594;0.003300000;0.260880000
CVE-2018-9593;0.003140000;0.243620000
CVE-2018-9592;0.013350000;0.690110000
CVE-2018-9591;0.013350000;0.690100000
CVE-2018-9590;0.013350000;0.690100000
CVE-2018-9589;0.001790000;0.076940000
CVE-2018-9588;0.005090000;0.414040000
CVE-2018-9587;0.001930000;0.093860000
CVE-2018-9586;0.001310000;0.031850000
CVE-2018-9585;0.001860000;0.085210000
CVE-2018-9584;0.001860000;0.085210000
CVE-2018-9583;0.022620000;0.816610000
CVE-2018-9582;0.002110000;0.117190000
CVE-2018-9581;0.001540000;0.051020000
CVE-2018-9580;0.004510000;0.377240000
CVE-2018-9578;0.008440000;0.552440000
CVE-2018-9577;0.008630000;0.558960000
CVE-2018-9576;0.008630000;0.558950000
CVE-2018-9575;0.008630000;0.558960000
CVE-2018-9574;0.008630000;0.558950000
CVE-2018-9573;0.008630000;0.558950000
CVE-2018-9572;0.011330000;0.639900000
CVE-2018-9571;0.011330000;0.639900000
CVE-2018-9570;0.008630000;0.558960000
CVE-2018-9569;0.011330000;0.639890000
CVE-2018-9568;0.007550000;0.523920000
CVE-2018-9567;0.001460000;0.043570000
CVE-2018-9566;0.003760000;0.310450000
CVE-2018-9565;0.011430000;0.642270000
CVE-2018-9564;0.007580000;0.524920000
CVE-2018-9563;0.007580000;0.524920000
CVE-2018-9562;0.010890000;0.627940000
CVE-2018-9561;0.007580000;0.524920000
CVE-2018-9560;0.001600000;0.057410000
CVE-2018-9559;0.001660000;0.063580000
CVE-2018-9558;0.001720000;0.069530000
CVE-2018-9557;0.001740000;0.071370000
CVE-2018-9556;0.019620000;0.788040000
CVE-2018-9555;0.006760000;0.495620000
CVE-2018-9554;0.001650000;0.062080000
CVE-2018-9553;0.010890000;0.628080000
CVE-2018-9552;0.005290000;0.426540000
CVE-2018-9551;0.010890000;0.628070000
CVE-2018-9550;0.012460000;0.669890000
CVE-2018-9549;0.010890000;0.628080000
CVE-2018-9548;0.001540000;0.050970000
CVE-2018-9547;0.001680000;0.065150000
CVE-2018-9545;0.001660000;0.063570000
CVE-2018-9544;0.001640000;0.060630000
CVE-2018-9543;0.002030000;0.105620000
CVE-2018-9542;0.011090000;0.633780000
CVE-2018-9541;0.011090000;0.633780000
CVE-2018-9540;0.011090000;0.633780000
CVE-2018-9539;0.003530000;0.286550000
CVE-2018-9538;0.001680000;0.065150000
CVE-2018-9537;0.015390000;0.729560000
CVE-2018-9536;0.014280000;0.709450000
CVE-2018-9535;0.007270000;0.514710000
CVE-2018-9534;0.007270000;0.514720000
CVE-2018-9533;0.007270000;0.514720000
CVE-2018-9532;0.007270000;0.514710000
CVE-2018-9531;0.011280000;0.638680000
CVE-2018-9530;0.007270000;0.514710000
CVE-2018-9529;0.007270000;0.514700000
CVE-2018-9528;0.007270000;0.514700000
CVE-2018-9527;0.012030000;0.658820000
CVE-2018-9526;0.009100000;0.573240000
CVE-2018-9525;0.001800000;0.077880000
CVE-2018-9524;0.001800000;0.079000000
CVE-2018-9523;0.001820000;0.080510000
CVE-2018-9522;0.001780000;0.076450000
CVE-2018-9521;0.015390000;0.729550000
CVE-2018-9519;0.001130000;0.016630000
CVE-2018-9518;0.002590000;0.178020000
CVE-2018-9517;0.004440000;0.372740000
CVE-2018-9516;0.004150000;0.348720000
CVE-2018-9515;0.007120000;0.509150000
CVE-2018-9514;0.001900000;0.090200000
CVE-2018-9513;0.001650000;0.062010000
CVE-2018-9511;0.002170000;0.124350000
CVE-2018-9510;0.007290000;0.515110000
CVE-2018-9509;0.007290000;0.515120000
CVE-2018-9508;0.006750000;0.495090000
CVE-2018-9507;0.005710000;0.448690000
CVE-2018-9506;0.006730000;0.494660000
CVE-2018-9505;0.005710000;0.448690000
CVE-2018-9504;0.008930000;0.567940000
CVE-2018-9503;0.026250000;0.843160000
CVE-2018-9502;0.012080000;0.660330000
CVE-2018-9501;0.002240000;0.132590000
CVE-2018-9499;0.003040000;0.231530000
CVE-2018-9498;0.016250000;0.742970000
CVE-2018-9497;0.015680000;0.734320000
CVE-2018-9496;0.018220000;0.771090000
CVE-2018-9493;0.008600000;0.557780000
CVE-2018-9492;0.001880000;0.087000000
CVE-2018-9491;0.015140000;0.725530000
CVE-2018-9490;0.014430000;0.712150000
CVE-2018-9489;0.009950000;0.600240000
CVE-2018-9488;0.004260000;0.358360000
CVE-2018-9487;0.001450000;0.042510000
CVE-2018-9486;0.001080000;0.013920000
CVE-2018-9485;0.001440000;0.042230000
CVE-2018-9484;0.002770000;0.203060000
CVE-2018-9483;0.001440000;0.042220000
CVE-2018-9482;0.000870000;0.004170000
CVE-2018-9481;0.001380000;0.037250000
CVE-2018-9480;0.001440000;0.042110000
CVE-2018-9479;0.003710000;0.304830000
CVE-2018-9478;0.003710000;0.305350000
CVE-2018-9477;0.000890000;0.005110000
CVE-2018-9476;0.024780000;0.833300000
CVE-2018-9475;0.001480000;0.045440000
CVE-2018-9474;0.000900000;0.005220000
CVE-2018-9473;0.015050000;0.723870000
CVE-2018-9472;0.002460000;0.162050000
CVE-2018-9471;0.001680000;0.065980000
CVE-2018-9470;0.002460000;0.162050000
CVE-2018-9469;0.000800000;0.001920000
CVE-2018-9468;0.002060000;0.110300000
CVE-2018-9467;0.003070000;0.235380000
CVE-2018-9466;0.003000000;0.227720000
CVE-2018-9465;0.002090000;0.114470000
CVE-2018-9464;0.001030000;0.011440000
CVE-2018-9463;0.000840000;0.003130000
CVE-2018-9462;0.000840000;0.003140000
CVE-2018-9461;0.000760000;0.001120000
CVE-2018-9459;0.016770000;0.750740000
CVE-2018-9458;0.005700000;0.447990000
CVE-2018-9457;0.001620000;0.059280000
CVE-2018-9456;0.002890000;0.215110000
CVE-2018-9455;0.015600000;0.733130000
CVE-2018-9454;0.001990000;0.100100000
CVE-2018-9453;0.001900000;0.090380000
CVE-2018-9452;0.009420000;0.583370000
CVE-2018-9451;0.001900000;0.090380000
CVE-2018-9450;0.027390000;0.850150000
CVE-2018-9449;0.000810000;0.002510000
CVE-2018-9448;0.016540000;0.747310000
CVE-2018-9447;0.000910000;0.005520000
CVE-2018-9446;0.020560000;0.798200000
CVE-2018-9445;0.008200000;0.545330000
CVE-2018-9444;0.005320000;0.428320000
CVE-2018-9441;0.000850000;0.003730000
CVE-2018-9440;0.001730000;0.070780000
CVE-2018-9439;0.000830000;0.003010000
CVE-2018-9438;0.001920000;0.092030000
CVE-2018-9437;0.008840000;0.565250000
CVE-2018-9436;0.017010000;0.754350000
CVE-2018-9435;0.000840000;0.003220000
CVE-2018-9434;0.000960000;0.008310000
CVE-2018-9433;0.002460000;0.161610000
CVE-2018-9432;0.000770000;0.001310000
CVE-2018-9431;0.000820000;0.002560000
CVE-2018-9430;0.003850000;0.319780000
CVE-2018-9429;0.002160000;0.123350000
CVE-2018-9428;0.000830000;0.002790000
CVE-2018-9427;0.018450000;0.773980000
CVE-2018-9426;0.002430000;0.157440000
CVE-2018-9425;0.001450000;0.042470000
CVE-2018-9424;0.000800000;0.002000000
CVE-2018-9423;0.001560000;0.053140000
CVE-2018-9422;0.002160000;0.123130000
CVE-2018-9421;0.000760000;0.001220000
CVE-2018-9420;0.000760000;0.001220000
CVE-2018-9419;0.002770000;0.202730000
CVE-2018-9418;0.002550000;0.173910000
CVE-2018-9417;0.000800000;0.002000000
CVE-2018-9416;0.001650000;0.061610000
CVE-2018-9415;0.002540000;0.172450000
CVE-2018-9414;0.000800000;0.002010000
CVE-2018-9413;0.001960000;0.096270000
CVE-2018-9412;0.000810000;0.002460000
CVE-2018-9411;0.005480000;0.436490000
CVE-2018-9410;0.000760000;0.001220000
CVE-2018-9409;0.000900000;0.005420000
CVE-2018-9408;0.000840000;0.003260000
CVE-2018-9407;0.000870000;0.004280000
CVE-2018-9406;0.000930000;0.006640000
CVE-2018-9405;0.001030000;0.011230000
CVE-2018-9404;0.000840000;0.003110000
CVE-2018-9403;0.000850000;0.003670000
CVE-2018-9402;0.000970000;0.008500000
CVE-2018-9401;0.000950000;0.007540000
CVE-2018-9400;0.000840000;0.003120000
CVE-2018-9399;0.000840000;0.003120000
CVE-2018-9398;0.000840000;0.003120000
CVE-2018-9397;0.000840000;0.003140000
CVE-2018-9396;0.000840000;0.003130000
CVE-2018-9395;0.000840000;0.003130000
CVE-2018-9394;0.000840000;0.003110000
CVE-2018-9393;0.000840000;0.003120000
CVE-2018-9392;0.000840000;0.003130000
CVE-2018-9391;0.000840000;0.003180000
CVE-2018-9390;0.000880000;0.004610000
CVE-2018-9389;0.001060000;0.012770000
CVE-2018-9388;0.001600000;0.056690000
CVE-2018-9387;0.001030000;0.011230000
CVE-2018-9386;0.000850000;0.003730000
CVE-2018-9385;0.002550000;0.172950000
CVE-2018-9384;0.001030000;0.011350000
CVE-2018-9383;0.001050000;0.012250000
CVE-2018-9382;0.000770000;0.001380000
CVE-2018-9381;0.002430000;0.157450000
CVE-2018-9380;0.002920000;0.218300000
CVE-2018-9379;0.000990000;0.009260000
CVE-2018-9378;0.000850000;0.003800000
CVE-2018-9377;0.000910000;0.005670000
CVE-2018-9376;0.000830000;0.002870000
CVE-2018-9375;0.002010000;0.102990000
CVE-2018-9374;0.000840000;0.003150000
CVE-2018-9373;0.001950000;0.096010000
CVE-2018-9372;0.000900000;0.005430000
CVE-2018-9371;0.000930000;0.006240000
CVE-2018-9370;0.000900000;0.005210000
CVE-2018-9369;0.000820000;0.002720000
CVE-2018-9368;0.000900000;0.005170000
CVE-2018-9367;0.000900000;0.005420000
CVE-2018-9366;0.000900000;0.005420000
CVE-2018-9365;0.002460000;0.161610000
CVE-2018-9364;0.002060000;0.109640000
CVE-2018-9363;0.004560000;0.380780000
CVE-2018-9362;0.015600000;0.733140000
CVE-2018-9361;0.017090000;0.755580000
CVE-2018-9360;0.017360000;0.759290000
CVE-2018-9359;0.017090000;0.755590000
CVE-2018-9358;0.017010000;0.754360000
CVE-2018-9357;0.002080000;0.113030000
CVE-2018-9356;0.032460000;0.873560000
CVE-2018-9355;0.029590000;0.861420000
CVE-2018-9354;0.002960000;0.223510000
CVE-2018-9353;0.002960000;0.223510000
CVE-2018-9352;0.002990000;0.226220000
CVE-2018-9351;0.002620000;0.181660000
CVE-2018-9350;0.002080000;0.112720000
CVE-2018-9349;0.002240000;0.132940000
CVE-2018-9348;0.002820000;0.207750000
CVE-2018-9347;0.008060000;0.541020000
CVE-2018-9346;0.000840000;0.003250000
CVE-2018-9345;0.000840000;0.003250000
CVE-2018-9344;0.000740000;0.000880000
CVE-2018-9341;0.003980000;0.333070000
CVE-2018-9340;0.001520000;0.049000000
CVE-2018-9339;0.000900000;0.005430000
CVE-2018-9338;0.001160000;0.019110000
CVE-2018-9337;0.010100000;0.605010000
CVE-2018-9336;0.006080000;0.465750000
CVE-2018-9335;0.010100000;0.605010000
CVE-2018-9334;0.003780000;0.312450000
CVE-2018-9333;0.003500000;0.282690000
CVE-2018-9332;0.002640000;0.185430000
CVE-2018-9331;0.025810000;0.840290000
CVE-2018-9330;0.005230000;0.422750000
CVE-2018-9328;0.006810000;0.497810000
CVE-2018-9327;0.015800000;0.736110000
CVE-2018-9326;0.019880000;0.790830000
CVE-2018-9325;0.011860000;0.654410000
CVE-2018-9322;0.006680000;0.492490000
CVE-2018-9320;0.006430000;0.481750000
CVE-2018-9318;0.043110000;0.904030000
CVE-2018-9314;0.007160000;0.510610000
CVE-2018-9313;0.012670000;0.675270000
CVE-2018-9312;0.006480000;0.484110000
CVE-2018-9311;0.040070000;0.897560000
CVE-2018-9310;0.003220000;0.251920000
CVE-2018-9309;0.018380000;0.773040000
CVE-2018-9307;0.006960000;0.503220000
CVE-2018-9305;0.019610000;0.787940000
CVE-2018-9304;0.017110000;0.755970000
CVE-2018-9303;0.013960000;0.703280000
CVE-2018-9302;0.088220000;0.947820000
CVE-2018-9285;0.035570000;0.884230000
CVE-2018-9284;0.046430000;0.910190000
CVE-2018-9283;0.007790000;0.531900000
CVE-2018-9282;0.006750000;0.495230000
CVE-2018-9281;0.004350000;0.365280000
CVE-2018-9280;0.010430000;0.614900000
CVE-2018-9279;0.010430000;0.614900000
CVE-2018-9276;0.871730000;0.997370000
CVE-2018-9275;0.014440000;0.712210000
CVE-2018-9274;0.021650000;0.808560000
CVE-2018-9273;0.021560000;0.807780000
CVE-2018-9272;0.020600000;0.798630000
CVE-2018-9271;0.020600000;0.798630000
CVE-2018-9270;0.023690000;0.825280000
CVE-2018-9269;0.023690000;0.825280000
CVE-2018-9268;0.023690000;0.825270000
CVE-2018-9267;0.022810000;0.818240000
CVE-2018-9266;0.020600000;0.798630000
CVE-2018-9265;0.021560000;0.807780000
CVE-2018-9264;0.026100000;0.842280000
CVE-2018-9263;0.025290000;0.836800000
CVE-2018-9262;0.023010000;0.819970000
CVE-2018-9261;0.028930000;0.858500000
CVE-2018-9260;0.025290000;0.836800000
CVE-2018-9259;0.022810000;0.818230000
CVE-2018-9258;0.019450000;0.786190000
CVE-2018-9257;0.018580000;0.775840000
CVE-2018-9256;0.023010000;0.819970000
CVE-2018-9252;0.020660000;0.799160000
CVE-2018-9251;0.024030000;0.827720000
CVE-2018-9250;0.315480000;0.981490000
CVE-2018-9249;0.062370000;0.929960000
CVE-2018-9248;0.147350000;0.964080000
CVE-2018-9247;0.015530000;0.732150000
CVE-2018-9246;0.025810000;0.840290000
CVE-2018-9245;0.041240000;0.900180000
CVE-2018-9244;0.008060000;0.540700000
CVE-2018-9243;0.010020000;0.602650000
CVE-2018-9242;0.004260000;0.358180000
CVE-2018-9240;0.018810000;0.778540000
CVE-2018-9238;0.021920000;0.810780000
CVE-2018-9237;0.018140000;0.770070000
CVE-2018-9236;0.018140000;0.770070000
CVE-2018-9235;0.025140000;0.835730000
CVE-2018-9234;0.020500000;0.797550000
CVE-2018-9233;0.016820000;0.751590000
CVE-2018-9232;0.012040000;0.659090000
CVE-2018-9230;0.134800000;0.961420000
CVE-2018-9209;0.018350000;0.772800000
CVE-2018-9208;0.026680000;0.845970000
CVE-2018-9207;0.034510000;0.880970000
CVE-2018-9206;0.972550000;0.998910000
CVE-2018-9205;0.557140000;0.989620000
CVE-2018-9195;0.018100000;0.769350000
CVE-2018-9194;0.011340000;0.640150000
CVE-2018-9193;0.003820000;0.316190000
CVE-2018-9192;0.011240000;0.637740000
CVE-2018-9191;0.003370000;0.268860000
CVE-2018-9190;0.004210000;0.354630000
CVE-2018-9186;0.007540000;0.523650000
CVE-2018-9185;0.021490000;0.807160000
CVE-2018-9183;0.022310000;0.814120000
CVE-2018-9182;0.014300000;0.709770000
CVE-2018-9177;0.006750000;0.495140000
CVE-2018-9175;0.022130000;0.812720000
CVE-2018-9174;0.014660000;0.716730000
CVE-2018-9173;0.024070000;0.828110000
CVE-2018-9172;0.031280000;0.868580000
CVE-2018-9169;0.005100000;0.414780000
CVE-2018-9165;0.011180000;0.636040000
CVE-2018-9163;0.048940000;0.914130000
CVE-2018-9162;0.022780000;0.817930000
CVE-2018-9161;0.573350000;0.990010000
CVE-2018-9160;0.759760000;0.994910000
CVE-2018-9159;0.045290000;0.908130000
CVE-2018-9158;0.012590000;0.673210000
CVE-2018-9157;0.031690000;0.870260000
CVE-2018-9156;0.038840000;0.894170000
CVE-2018-9155;0.011360000;0.640780000
CVE-2018-9154;0.035400000;0.883750000
CVE-2018-9153;0.012070000;0.660090000
CVE-2018-9151;0.002830000;0.209620000
CVE-2018-9149;0.004670000;0.387790000
CVE-2018-9148;0.036820000;0.888230000
CVE-2018-9147;0.007720000;0.529770000
CVE-2018-9145;0.018600000;0.776050000
CVE-2018-9144;0.018710000;0.777400000
CVE-2018-9143;0.023840000;0.826340000
CVE-2018-9142;0.008030000;0.539890000
CVE-2018-9141;0.023990000;0.827490000
CVE-2018-9140;0.006470000;0.483850000
CVE-2018-9139;0.025150000;0.835840000
CVE-2018-9138;0.010570000;0.618890000
CVE-2018-9137;0.028390000;0.855870000
CVE-2018-9136;0.007460000;0.521280000
CVE-2018-9135;0.021020000;0.802940000
CVE-2018-9134;0.007210000;0.512520000
CVE-2018-9133;0.032260000;0.872780000
CVE-2018-9132;0.017470000;0.760650000
CVE-2018-9130;0.006680000;0.492320000
CVE-2018-9129;0.009650000;0.590550000
CVE-2018-9128;0.048200000;0.912920000
CVE-2018-9127;0.009480000;0.585390000
CVE-2018-9126;0.495510000;0.988010000
CVE-2018-9123;0.005230000;0.422750000
CVE-2018-9122;0.005660000;0.446080000
CVE-2018-9121;0.005660000;0.446090000
CVE-2018-9120;0.005660000;0.446080000
CVE-2018-9119;0.004340000;0.365030000
CVE-2018-9118;0.469310000;0.987360000
CVE-2018-9117;0.026580000;0.845290000
CVE-2018-9116;0.019840000;0.790450000
CVE-2018-9115;0.059040000;0.926560000
CVE-2018-9113;0.041030000;0.899700000
CVE-2018-9112;0.013350000;0.690130000
CVE-2018-9111;0.005310000;0.427420000
CVE-2018-9110;0.028990000;0.858800000
CVE-2018-9109;0.029630000;0.861650000
CVE-2018-9108;0.007750000;0.530730000
CVE-2018-9107;0.071590000;0.937890000
CVE-2018-9106;0.054400000;0.921130000
CVE-2018-9105;0.026470000;0.844510000
CVE-2018-9104;0.010520000;0.617540000
CVE-2018-9103;0.010520000;0.617550000
CVE-2018-9102;0.010730000;0.623650000
CVE-2018-9101;0.010520000;0.617550000
CVE-2018-9092;0.023920000;0.826970000
CVE-2018-9091;0.033330000;0.876870000
CVE-2018-9090;0.007930000;0.536420000
CVE-2018-9086;0.024190000;0.829020000
CVE-2018-9085;0.006640000;0.490950000
CVE-2018-9084;0.007330000;0.516570000
CVE-2018-9083;0.010750000;0.624310000
CVE-2018-9082;0.007190000;0.511580000
CVE-2018-9081;0.005500000;0.437830000
CVE-2018-9080;0.007270000;0.514630000
CVE-2018-9079;0.012350000;0.667400000
CVE-2018-9078;0.010390000;0.613670000
CVE-2018-9077;0.016240000;0.742800000
CVE-2018-9076;0.016240000;0.742790000
CVE-2018-9075;0.040790000;0.899140000
CVE-2018-9074;0.009740000;0.593990000
CVE-2018-9073;0.005080000;0.413550000
CVE-2018-9072;0.008580000;0.557420000
CVE-2018-9071;0.009850000;0.597180000
CVE-2018-9070;0.002860000;0.212170000
CVE-2018-9069;0.005320000;0.428250000
CVE-2018-9068;0.010530000;0.617740000
CVE-2018-9067;0.011110000;0.634340000
CVE-2018-9066;0.022440000;0.815240000
CVE-2018-9065;0.004620000;0.385040000
CVE-2018-9064;0.009610000;0.589510000
CVE-2018-9063;0.004000000;0.335010000
CVE-2018-9062;0.005080000;0.413770000
CVE-2018-9059;0.773190000;0.995200000
CVE-2018-9058;0.011520000;0.645210000
CVE-2018-9057;0.019520000;0.786970000
CVE-2018-9056;0.006850000;0.499490000
CVE-2018-9055;0.017760000;0.764910000
CVE-2018-9054;0.004060000;0.341310000
CVE-2018-9053;0.004060000;0.341320000
CVE-2018-9052;0.004060000;0.341310000
CVE-2018-9051;0.004060000;0.341290000
CVE-2018-9050;0.004060000;0.341360000
CVE-2018-9049;0.004060000;0.341340000
CVE-2018-9048;0.004060000;0.341380000
CVE-2018-9047;0.004060000;0.341290000
CVE-2018-9046;0.004060000;0.341350000
CVE-2018-9045;0.004060000;0.341350000
CVE-2018-9044;0.004060000;0.341330000
CVE-2018-9043;0.004060000;0.341340000
CVE-2018-9042;0.004060000;0.341300000
CVE-2018-9041;0.004060000;0.341270000
CVE-2018-9040;0.004060000;0.341300000
CVE-2018-9039;0.010290000;0.610630000
CVE-2018-9038;0.094720000;0.950470000
CVE-2018-9037;0.028740000;0.857540000
CVE-2018-9036;0.005180000;0.419820000
CVE-2018-9035;0.074380000;0.939730000
CVE-2018-9034;0.019370000;0.785340000
CVE-2018-9032;0.278440000;0.979450000
CVE-2018-9031;0.015610000;0.733390000
CVE-2018-9029;0.017530000;0.761680000
CVE-2018-9028;0.009080000;0.572750000
CVE-2018-9027;0.008990000;0.569580000
CVE-2018-9026;0.013340000;0.689850000
CVE-2018-9025;0.014080000;0.705580000
CVE-2018-9024;0.011250000;0.637870000
CVE-2018-9023;0.019090000;0.781960000
CVE-2018-9022;0.132890000;0.960870000
CVE-2018-9021;0.099770000;0.952330000
CVE-2018-9020;0.010410000;0.614260000
CVE-2018-9019;0.039590000;0.896370000
CVE-2018-9018;0.030790000;0.866530000
CVE-2018-9017;0.005480000;0.436450000
CVE-2018-9016;0.006960000;0.503220000
CVE-2018-9015;0.005480000;0.436450000
CVE-2018-9014;0.011340000;0.640290000
CVE-2018-9010;0.097590000;0.951540000
CVE-2018-9009;0.019000000;0.780880000
CVE-2018-9007;0.004060000;0.341370000
CVE-2018-9006;0.004060000;0.341290000
CVE-2018-9005;0.004060000;0.341290000
CVE-2018-9004;0.004060000;0.341280000
CVE-2018-9003;0.004060000;0.341280000
CVE-2018-9002;0.004060000;0.341280000
CVE-2018-9001;0.004060000;0.341300000
CVE-2018-9000;0.004060000;0.341270000
CVE-2018-8999;0.004060000;0.341380000
CVE-2018-8998;0.004060000;0.341380000
CVE-2018-8997;0.004060000;0.341370000
CVE-2018-8996;0.004060000;0.341300000
CVE-2018-8995;0.004060000;0.341330000
CVE-2018-8994;0.004060000;0.341360000
CVE-2018-8993;0.004060000;0.341330000
CVE-2018-8992;0.004060000;0.341350000
CVE-2018-8991;0.004060000;0.341350000
CVE-2018-8990;0.004060000;0.341390000
CVE-2018-8989;0.004060000;0.341310000
CVE-2018-8988;0.004060000;0.341370000
CVE-2018-8979;0.012650000;0.674850000
CVE-2018-8978;0.005360000;0.430540000
CVE-2018-8977;0.021370000;0.806060000
CVE-2018-8976;0.021090000;0.803610000
CVE-2018-8975;0.016910000;0.753010000
CVE-2018-8974;0.041030000;0.899700000
CVE-2018-8973;0.006960000;0.503230000
CVE-2018-8972;0.005710000;0.448390000
CVE-2018-8971;0.013180000;0.686200000
CVE-2018-8970;0.010400000;0.613820000
CVE-2018-8969;0.025810000;0.840280000
CVE-2018-8968;0.025810000;0.840280000
CVE-2018-8967;0.018120000;0.769600000
CVE-2018-8966;0.017770000;0.765000000
CVE-2018-8965;0.025810000;0.840290000
CVE-2018-8964;0.016480000;0.746510000
CVE-2018-8963;0.014860000;0.720340000
CVE-2018-8962;0.016480000;0.746510000
CVE-2018-8961;0.014860000;0.720340000
CVE-2018-8960;0.043270000;0.904300000
CVE-2018-8957;0.007960000;0.537140000
CVE-2018-8956;0.030420000;0.865020000
CVE-2018-8955;0.042630000;0.903070000
CVE-2018-8954;0.071680000;0.937950000
CVE-2018-8953;0.027110000;0.848460000
CVE-2018-8949;0.007530000;0.523360000
CVE-2018-8948;0.007960000;0.537400000
CVE-2018-8947;0.112250000;0.956250000
CVE-2018-8945;0.020250000;0.795080000
CVE-2018-8944;0.011860000;0.654510000
CVE-2018-8943;0.010550000;0.618480000
CVE-2018-8942;0.005070000;0.413110000
CVE-2018-8941;0.067550000;0.934530000
CVE-2018-8940;0.016280000;0.743250000
CVE-2018-8939;0.014430000;0.712150000
CVE-2018-8938;0.022900000;0.818990000
CVE-2018-8937;0.006880000;0.500560000
CVE-2018-8936;0.017830000;0.765740000
CVE-2018-8935;0.017830000;0.765730000
CVE-2018-8934;0.017830000;0.765730000
CVE-2018-8933;0.016900000;0.752930000
CVE-2018-8932;0.016900000;0.752940000
CVE-2018-8931;0.016900000;0.752930000
CVE-2018-8930;0.017830000;0.765740000
CVE-2018-8929;0.007530000;0.523490000
CVE-2018-8928;0.008030000;0.539580000
CVE-2018-8927;0.009070000;0.572210000
CVE-2018-8926;0.017130000;0.756230000
CVE-2018-8925;0.007350000;0.517520000
CVE-2018-8924;0.008030000;0.539560000
CVE-2018-8923;0.008030000;0.539580000
CVE-2018-8922;0.009160000;0.575010000
CVE-2018-8921;0.006210000;0.472270000
CVE-2018-8920;0.010270000;0.610050000
CVE-2018-8919;0.014430000;0.712060000
CVE-2018-8918;0.008030000;0.539570000
CVE-2018-8917;0.008030000;0.539570000
CVE-2018-8916;0.009770000;0.594960000
CVE-2018-8915;0.008030000;0.539580000
CVE-2018-8914;0.013110000;0.684690000
CVE-2018-8913;0.011190000;0.636370000
CVE-2018-8912;0.010290000;0.610590000
CVE-2018-8911;0.010290000;0.610590000
CVE-2018-8910;0.008030000;0.539570000
CVE-2018-8909;0.016120000;0.740880000
CVE-2018-8908;0.022700000;0.817280000
CVE-2018-8906;0.006960000;0.503220000
CVE-2018-8905;0.030970000;0.867260000
CVE-2018-8904;0.004060000;0.341320000
CVE-2018-8903;0.015840000;0.736700000
CVE-2018-8902;0.017420000;0.760060000
CVE-2018-8901;0.006610000;0.489930000
CVE-2018-8900;0.007800000;0.532090000
CVE-2018-8899;0.012390000;0.668100000
CVE-2018-8898;0.127980000;0.959750000
CVE-2018-8897;0.188420000;0.970610000
CVE-2018-8896;0.004060000;0.341320000
CVE-2018-8895;0.004060000;0.341320000
CVE-2018-8894;0.004060000;0.341340000
CVE-2018-8893;0.004580000;0.382310000
CVE-2018-8892;0.004070000;0.341520000
CVE-2018-8891;0.005120000;0.416110000
CVE-2018-8890;0.010900000;0.628150000
CVE-2018-8889;0.004780000;0.395030000
CVE-2018-8888;0.005120000;0.416110000
CVE-2018-8885;0.002190000;0.127100000
CVE-2018-8883;0.003810000;0.315030000
CVE-2018-8882;0.003780000;0.312250000
CVE-2018-8881;0.011100000;0.634170000
CVE-2018-8880;0.140470000;0.962720000
CVE-2018-8879;0.171880000;0.968520000
CVE-2018-8878;0.014890000;0.720800000
CVE-2018-8877;0.014760000;0.718550000
CVE-2018-8876;0.004060000;0.341360000
CVE-2018-8875;0.004060000;0.341360000
CVE-2018-8874;0.004060000;0.341380000
CVE-2018-8873;0.004280000;0.359890000
CVE-2018-8872;0.022760000;0.817790000
CVE-2018-8871;0.038680000;0.893770000
CVE-2018-8870;0.003620000;0.295360000
CVE-2018-8869;0.023160000;0.821220000
CVE-2018-8868;0.003330000;0.264370000
CVE-2018-8867;0.034300000;0.880210000
CVE-2018-8866;0.021510000;0.807400000
CVE-2018-8865;0.058110000;0.925580000
CVE-2018-8864;0.001770000;0.075030000
CVE-2018-8863;0.005390000;0.432090000
CVE-2018-8862;0.005780000;0.451820000
CVE-2018-8861;0.004110000;0.345080000
CVE-2018-8860;0.006600000;0.489620000
CVE-2018-8859;0.015920000;0.737930000
CVE-2018-8858;0.011930000;0.656300000
CVE-2018-8857;0.003140000;0.243420000
CVE-2018-8856;0.013780000;0.699850000
CVE-2018-8855;0.008330000;0.549540000
CVE-2018-8854;0.025230000;0.836430000
CVE-2018-8853;0.003700000;0.304150000
CVE-2018-8852;0.018970000;0.780470000
CVE-2018-8851;0.013080000;0.684070000
CVE-2018-8850;0.038340000;0.892840000
CVE-2018-8849;0.003310000;0.261720000
CVE-2018-8848;0.020260000;0.795100000
CVE-2018-8847;0.068380000;0.935140000
CVE-2018-8846;0.012590000;0.673180000
CVE-2018-8845;0.056790000;0.924010000
CVE-2018-8844;0.008730000;0.562090000
CVE-2018-8843;0.020210000;0.794630000
CVE-2018-8842;0.005700000;0.447980000
CVE-2018-8841;0.003620000;0.295490000
CVE-2018-8840;0.084310000;0.945700000
CVE-2018-8839;0.004710000;0.390480000
CVE-2018-8838;0.002910000;0.217950000
CVE-2018-8837;0.020830000;0.801050000
CVE-2018-8836;0.035790000;0.884930000
CVE-2018-8835;0.020830000;0.801050000
CVE-2018-8834;0.003180000;0.247250000
CVE-2018-8833;0.022450000;0.815320000
CVE-2018-8832;0.006270000;0.475010000
CVE-2018-8831;0.538830000;0.989190000
CVE-2018-8828;0.309180000;0.981150000
CVE-2018-8827;0.012180000;0.663000000
CVE-2018-8826;0.042710000;0.903260000
CVE-2018-8825;0.007430000;0.520210000
CVE-2018-8824;0.014120000;0.706380000
CVE-2018-8823;0.510430000;0.988430000
CVE-2018-8822;0.005300000;0.426670000
CVE-2018-8821;0.007020000;0.505740000
CVE-2018-8820;0.017600000;0.762620000
CVE-2018-8819;0.030130000;0.863850000
CVE-2018-8817;0.031510000;0.869490000
CVE-2018-8815;0.013540000;0.694780000
CVE-2018-8814;0.030470000;0.865220000
CVE-2018-8813;0.032820000;0.874890000
CVE-2018-8811;0.021490000;0.807100000
CVE-2018-8810;0.011270000;0.638580000
CVE-2018-8809;0.011270000;0.638580000
CVE-2018-8808;0.011210000;0.636920000
CVE-2018-8807;0.016480000;0.746510000
CVE-2018-8806;0.014860000;0.720340000
CVE-2018-8805;0.006960000;0.503230000
CVE-2018-8804;0.036950000;0.888580000
CVE-2018-8802;0.009450000;0.584490000
CVE-2018-8801;0.013340000;0.689870000
CVE-2018-8800;0.070560000;0.936990000
CVE-2018-8799;0.040710000;0.898930000
CVE-2018-8798;0.038260000;0.892620000
CVE-2018-8797;0.070560000;0.937000000
CVE-2018-8796;0.040710000;0.898920000
CVE-2018-8795;0.073970000;0.939500000
CVE-2018-8794;0.066580000;0.933600000
CVE-2018-8793;0.070560000;0.936990000
CVE-2018-8792;0.040710000;0.898930000
CVE-2018-8791;0.038260000;0.892630000
CVE-2018-8790;0.003940000;0.328120000
CVE-2018-8789;0.052380000;0.918920000
CVE-2018-8788;0.074000000;0.939520000
CVE-2018-8787;0.083570000;0.945200000
CVE-2018-8786;0.081560000;0.944090000
CVE-2018-8785;0.072930000;0.938830000
CVE-2018-8784;0.072930000;0.938830000
CVE-2018-8781;0.005020000;0.410120000
CVE-2018-8780;0.098990000;0.952030000
CVE-2018-8779;0.070260000;0.936770000
CVE-2018-8778;0.076700000;0.941220000
CVE-2018-8777;0.045430000;0.908330000
CVE-2018-8772;0.018200000;0.770810000
CVE-2018-8770;0.594220000;0.990490000
CVE-2018-8769;0.008530000;0.555530000
CVE-2018-8768;0.010930000;0.628880000
CVE-2018-8767;0.006300000;0.476160000
CVE-2018-8766;0.033790000;0.878490000
CVE-2018-8765;0.004060000;0.341330000
CVE-2018-8764;0.012960000;0.681500000
CVE-2018-8763;0.015260000;0.727300000
CVE-2018-8761;0.008760000;0.563020000
CVE-2018-8756;0.033420000;0.877230000
CVE-2018-8755;0.010820000;0.626170000
CVE-2018-8754;0.003440000;0.276180000
CVE-2018-8753;0.016340000;0.744440000
CVE-2018-8741;0.042930000;0.903680000
CVE-2018-8740;0.081150000;0.943850000
CVE-2018-8739;0.015670000;0.734220000
CVE-2018-8738;0.022730000;0.817500000
CVE-2018-8737;0.005360000;0.430540000
CVE-2018-8736;0.469490000;0.987370000
CVE-2018-8735;0.641720000;0.991660000
CVE-2018-8734;0.532470000;0.989000000
CVE-2018-8733;0.275080000;0.979200000
CVE-2018-8732;0.016850000;0.752250000
CVE-2018-8729;0.054310000;0.921030000
CVE-2018-8728;0.010950000;0.630100000
CVE-2018-8727;0.080050000;0.943150000
CVE-2018-8726;0.004010000;0.335660000
CVE-2018-8725;0.004010000;0.335660000
CVE-2018-8724;0.002640000;0.185430000
CVE-2018-8722;0.015970000;0.738560000
CVE-2018-8721;0.019320000;0.784710000
CVE-2018-8720;0.006710000;0.493570000
CVE-2018-8719;0.159050000;0.966330000
CVE-2018-8718;0.066390000;0.933460000
CVE-2018-8717;0.006400000;0.480260000
CVE-2018-8716;0.393320000;0.984900000
CVE-2018-8715;0.231900000;0.975940000
CVE-2018-8714;0.003880000;0.323010000
CVE-2018-8712;0.018280000;0.771800000
CVE-2018-8711;0.019550000;0.787300000
CVE-2018-8710;0.042590000;0.903000000
CVE-2018-8654;0.017630000;0.763040000
CVE-2018-8653;0.243050000;0.976890000
CVE-2018-8652;0.015030000;0.723560000
CVE-2018-8651;0.014630000;0.716130000
CVE-2018-8650;0.015870000;0.737110000
CVE-2018-8649;0.016660000;0.749210000
CVE-2018-8643;0.099060000;0.952070000
CVE-2018-8641;0.011160000;0.635650000
CVE-2018-8639;0.221790000;0.974900000
CVE-2018-8638;0.018190000;0.770630000
CVE-2018-8637;0.018490000;0.774620000
CVE-2018-8636;0.162000000;0.966870000
CVE-2018-8635;0.061270000;0.928890000
CVE-2018-8634;0.145070000;0.963600000
CVE-2018-8631;0.692140000;0.993030000
CVE-2018-8629;0.224660000;0.975160000
CVE-2018-8628;0.162000000;0.966870000
CVE-2018-8627;0.081850000;0.944290000
CVE-2018-8626;0.211150000;0.973910000
CVE-2018-8625;0.437610000;0.986420000
CVE-2018-8624;0.129650000;0.960130000
CVE-2018-8622;0.018350000;0.772690000
CVE-2018-8621;0.018350000;0.772690000
CVE-2018-8619;0.457620000;0.987050000
CVE-2018-8618;0.108860000;0.955230000
CVE-2018-8617;0.624830000;0.991220000
CVE-2018-8612;0.014240000;0.708660000
CVE-2018-8611;0.041960000;0.901720000
CVE-2018-8609;0.099020000;0.952040000
CVE-2018-8608;0.016050000;0.739790000
CVE-2018-8607;0.016050000;0.739800000
CVE-2018-8606;0.016050000;0.739800000
CVE-2018-8605;0.016050000;0.739800000
CVE-2018-8604;0.024090000;0.828190000
CVE-2018-8602;0.017070000;0.755350000
CVE-2018-8600;0.022990000;0.819760000
CVE-2018-8599;0.009980000;0.601120000
CVE-2018-8598;0.062170000;0.929770000
CVE-2018-8597;0.161300000;0.966740000
CVE-2018-8596;0.070730000;0.937130000
CVE-2018-8595;0.069230000;0.935890000
CVE-2018-8592;0.012500000;0.670930000
CVE-2018-8589;0.030230000;0.864290000
CVE-2018-8588;0.141590000;0.962900000
CVE-2018-8587;0.287820000;0.979970000
CVE-2018-8584;0.026960000;0.847630000
CVE-2018-8583;0.108860000;0.955230000
CVE-2018-8582;0.185940000;0.970310000
CVE-2018-8581;0.273550000;0.979060000
CVE-2018-8580;0.044250000;0.906210000
CVE-2018-8579;0.063250000;0.930810000
CVE-2018-8578;0.048770000;0.913860000
CVE-2018-8577;0.190590000;0.970940000
CVE-2018-8576;0.190590000;0.970920000
CVE-2018-8575;0.195460000;0.971700000
CVE-2018-8574;0.190590000;0.970920000
CVE-2018-8573;0.190590000;0.970920000
CVE-2018-8572;0.016190000;0.742020000
CVE-2018-8570;0.141590000;0.962900000
CVE-2018-8569;0.133350000;0.961000000
CVE-2018-8568;0.022570000;0.816190000
CVE-2018-8567;0.031410000;0.869100000
CVE-2018-8566;0.010620000;0.620490000
CVE-2018-8565;0.031770000;0.870600000
CVE-2018-8564;0.027210000;0.849050000
CVE-2018-8563;0.016550000;0.747460000
CVE-2018-8562;0.013480000;0.693150000
CVE-2018-8561;0.011930000;0.656410000
CVE-2018-8558;0.055850000;0.922830000
CVE-2018-8557;0.141590000;0.962890000
CVE-2018-8556;0.141590000;0.962890000
CVE-2018-8555;0.141590000;0.962900000
CVE-2018-8554;0.011920000;0.656070000
CVE-2018-8553;0.190590000;0.970940000
CVE-2018-8552;0.509640000;0.988410000
CVE-2018-8551;0.143450000;0.963300000
CVE-2018-8550;0.032950000;0.875490000
CVE-2018-8549;0.011840000;0.654070000
CVE-2018-8547;0.016190000;0.742010000
CVE-2018-8546;0.054600000;0.921310000
CVE-2018-8545;0.058650000;0.926290000
CVE-2018-8544;0.475560000;0.987510000
CVE-2018-8543;0.141590000;0.962890000
CVE-2018-8542;0.141590000;0.962890000
CVE-2018-8541;0.143450000;0.963300000
CVE-2018-8540;0.221310000;0.974860000
CVE-2018-8539;0.190590000;0.970930000
CVE-2018-8533;0.233730000;0.976070000
CVE-2018-8532;0.233730000;0.976070000
CVE-2018-8531;0.151910000;0.964810000
CVE-2018-8530;0.054980000;0.921730000
CVE-2018-8529;0.134550000;0.961350000
CVE-2018-8527;0.233730000;0.976080000
CVE-2018-8524;0.190590000;0.970930000
CVE-2018-8522;0.190590000;0.970930000
CVE-2018-8518;0.027150000;0.848740000
CVE-2018-8517;0.058300000;0.925850000
CVE-2018-8514;0.018890000;0.779520000
CVE-2018-8513;0.146070000;0.963800000
CVE-2018-8512;0.034670000;0.881490000
CVE-2018-8511;0.146070000;0.963800000
CVE-2018-8510;0.146070000;0.963790000
CVE-2018-8509;0.131310000;0.960580000
CVE-2018-8506;0.043600000;0.904990000
CVE-2018-8505;0.146070000;0.963790000
CVE-2018-8504;0.186740000;0.970420000
CVE-2018-8503;0.146070000;0.963800000
CVE-2018-8502;0.197910000;0.972020000
CVE-2018-8501;0.186740000;0.970420000
CVE-2018-8500;0.184700000;0.970170000
CVE-2018-8498;0.022660000;0.816900000
CVE-2018-8497;0.010700000;0.623030000
CVE-2018-8495;0.507290000;0.988340000
CVE-2018-8494;0.221870000;0.974920000
CVE-2018-8493;0.084210000;0.945550000
CVE-2018-8492;0.020210000;0.794560000
CVE-2018-8491;0.131310000;0.960570000
CVE-2018-8490;0.041260000;0.900250000
CVE-2018-8489;0.041260000;0.900240000
CVE-2018-8488;0.022660000;0.816900000
CVE-2018-8486;0.016820000;0.751540000
CVE-2018-8485;0.011930000;0.656420000
CVE-2018-8484;0.011820000;0.653550000
CVE-2018-8482;0.051410000;0.917660000
CVE-2018-8481;0.051410000;0.917650000
CVE-2018-8480;0.022660000;0.816900000
CVE-2018-8479;0.021310000;0.805540000
CVE-2018-8477;0.017960000;0.767490000
CVE-2018-8476;0.632940000;0.991430000
CVE-2018-8475;0.146460000;0.963890000
CVE-2018-8474;0.381770000;0.984450000
CVE-2018-8473;0.146070000;0.963800000
CVE-2018-8472;0.188690000;0.970660000
CVE-2018-8471;0.011930000;0.656410000
CVE-2018-8470;0.032660000;0.874360000
CVE-2018-8469;0.154170000;0.965240000
CVE-2018-8468;0.117650000;0.957470000
CVE-2018-8467;0.690190000;0.992980000
CVE-2018-8466;0.690190000;0.992980000
CVE-2018-8465;0.146330000;0.963850000
CVE-2018-8464;0.425750000;0.986030000
CVE-2018-8463;0.154170000;0.965230000
CVE-2018-8462;0.011920000;0.656080000
CVE-2018-8461;0.128950000;0.959990000
CVE-2018-8460;0.191650000;0.971090000
CVE-2018-8459;0.144430000;0.963470000
CVE-2018-8457;0.128920000;0.959990000
CVE-2018-8456;0.145580000;0.963710000
CVE-2018-8455;0.010850000;0.627000000
CVE-2018-8454;0.032790000;0.874740000
CVE-2018-8453;0.700420000;0.993260000
CVE-2018-8452;0.055880000;0.922880000
CVE-2018-8450;0.160790000;0.966660000
CVE-2018-8449;0.031090000;0.867700000
CVE-2018-8448;0.031800000;0.870740000
CVE-2018-8447;0.128950000;0.959990000
CVE-2018-8446;0.027820000;0.852880000
CVE-2018-8445;0.027820000;0.852870000
CVE-2018-8444;0.058590000;0.926180000
CVE-2018-8443;0.027820000;0.852880000
CVE-2018-8442;0.027820000;0.852890000
CVE-2018-8441;0.010840000;0.626790000
CVE-2018-8440;0.183860000;0.970050000
CVE-2018-8439;0.043090000;0.903990000
CVE-2018-8438;0.071650000;0.937930000
CVE-2018-8437;0.020520000;0.797730000
CVE-2018-8436;0.020520000;0.797730000
CVE-2018-8435;0.013630000;0.696580000
CVE-2018-8434;0.034940000;0.882430000
CVE-2018-8433;0.026340000;0.843840000
CVE-2018-8432;0.196290000;0.971790000
CVE-2018-8431;0.022530000;0.815900000
CVE-2018-8430;0.230440000;0.975800000
CVE-2018-8429;0.122550000;0.958640000
CVE-2018-8428;0.017250000;0.757740000
CVE-2018-8427;0.022930000;0.819200000
CVE-2018-8426;0.022530000;0.815900000
CVE-2018-8425;0.034920000;0.882350000
CVE-2018-8424;0.129850000;0.960180000
CVE-2018-8423;0.327050000;0.982130000
CVE-2018-8422;0.062660000;0.930230000
CVE-2018-8421;0.289100000;0.980070000
CVE-2018-8420;0.489010000;0.987870000
CVE-2018-8419;0.016750000;0.750540000
CVE-2018-8417;0.020020000;0.792390000
CVE-2018-8416;0.072580000;0.938610000
CVE-2018-8415;0.011850000;0.654250000
CVE-2018-8414;0.739680000;0.994420000
CVE-2018-8413;0.464060000;0.987230000
CVE-2018-8412;0.012490000;0.670750000
CVE-2018-8411;0.030700000;0.866180000
CVE-2018-8410;0.039780000;0.896910000
CVE-2018-8409;0.065580000;0.932830000
CVE-2018-8408;0.016550000;0.747470000
CVE-2018-8407;0.016550000;0.747460000
CVE-2018-8406;0.034440000;0.880730000
CVE-2018-8405;0.034440000;0.880730000
CVE-2018-8404;0.011310000;0.639640000
CVE-2018-8403;0.125550000;0.959230000
CVE-2018-8401;0.019360000;0.785130000
CVE-2018-8400;0.019360000;0.785120000
CVE-2018-8399;0.010750000;0.624380000
CVE-2018-8398;0.079790000;0.943030000
CVE-2018-8397;0.678740000;0.992640000
CVE-2018-8396;0.024430000;0.830710000
CVE-2018-8394;0.079790000;0.943030000
CVE-2018-8393;0.224800000;0.975250000
CVE-2018-8392;0.227570000;0.975500000
CVE-2018-8391;0.109740000;0.955490000
CVE-2018-8390;0.144430000;0.963460000
CVE-2018-8389;0.286460000;0.979900000
CVE-2018-8388;0.036150000;0.886010000
CVE-2018-8387;0.095490000;0.950780000
CVE-2018-8385;0.142500000;0.963070000
CVE-2018-8384;0.621100000;0.991140000
CVE-2018-8383;0.068460000;0.935210000
CVE-2018-8382;0.122550000;0.958650000
CVE-2018-8381;0.144430000;0.963470000
CVE-2018-8380;0.144430000;0.963470000
CVE-2018-8379;0.170780000;0.968370000
CVE-2018-8378;0.082470000;0.944600000
CVE-2018-8377;0.095490000;0.950780000
CVE-2018-8376;0.181540000;0.969750000
CVE-2018-8375;0.162450000;0.966970000
CVE-2018-8374;0.030240000;0.864330000
CVE-2018-8373;0.544570000;0.989330000
CVE-2018-8372;0.247660000;0.977290000
CVE-2018-8371;0.144430000;0.963470000
CVE-2018-8370;0.045730000;0.909000000
CVE-2018-8367;0.149370000;0.964390000
CVE-2018-8366;0.050460000;0.916440000
CVE-2018-8360;0.089720000;0.948550000
CVE-2018-8359;0.145120000;0.963610000
CVE-2018-8358;0.054460000;0.921180000
CVE-2018-8357;0.077700000;0.941800000
CVE-2018-8356;0.006860000;0.499560000
CVE-2018-8355;0.682420000;0.992740000
CVE-2018-8354;0.145580000;0.963720000
CVE-2018-8353;0.676900000;0.992600000
CVE-2018-8351;0.078700000;0.942400000
CVE-2018-8350;0.185940000;0.970320000
CVE-2018-8349;0.226610000;0.975440000
CVE-2018-8348;0.025620000;0.839020000
CVE-2018-8347;0.012480000;0.670660000
CVE-2018-8346;0.187790000;0.970540000
CVE-2018-8345;0.136130000;0.961730000
CVE-2018-8344;0.218080000;0.974520000
CVE-2018-8343;0.011930000;0.656410000
CVE-2018-8342;0.011930000;0.656410000
CVE-2018-8341;0.026370000;0.844010000
CVE-2018-8340;0.075840000;0.940660000
CVE-2018-8339;0.010750000;0.624380000
CVE-2018-8337;0.014700000;0.717650000
CVE-2018-8336;0.027820000;0.852880000
CVE-2018-8335;0.089970000;0.948650000
CVE-2018-8333;0.018010000;0.768060000
CVE-2018-8332;0.190700000;0.970960000
CVE-2018-8331;0.195460000;0.971710000
CVE-2018-8330;0.025410000;0.837600000
CVE-2018-8329;0.011770000;0.652040000
CVE-2018-8327;0.211730000;0.973970000
CVE-2018-8326;0.023680000;0.825190000
CVE-2018-8325;0.057300000;0.924630000
CVE-2018-8324;0.093490000;0.950000000
CVE-2018-8323;0.022830000;0.818380000
CVE-2018-8320;0.047420000;0.911790000
CVE-2018-8319;0.070350000;0.936830000
CVE-2018-8316;0.136130000;0.961730000
CVE-2018-8315;0.031210000;0.868310000
CVE-2018-8314;0.037490000;0.890250000
CVE-2018-8313;0.012080000;0.660280000
CVE-2018-8312;0.195460000;0.971710000
CVE-2018-8311;0.166200000;0.967680000
CVE-2018-8310;0.053590000;0.920230000
CVE-2018-8309;0.015810000;0.736260000
CVE-2018-8308;0.035890000;0.885220000
CVE-2018-8307;0.034340000;0.880340000
CVE-2018-8306;0.028840000;0.858010000
CVE-2018-8305;0.078350000;0.942180000
CVE-2018-8304;0.117960000;0.957570000
CVE-2018-8302;0.255190000;0.977910000
CVE-2018-8301;0.130610000;0.960430000
CVE-2018-8300;0.127550000;0.959640000
CVE-2018-8299;0.022830000;0.818380000
CVE-2018-8298;0.753390000;0.994770000
CVE-2018-8297;0.093490000;0.950000000
CVE-2018-8296;0.158740000;0.966260000
CVE-2018-8294;0.193780000;0.971430000
CVE-2018-8292;0.148330000;0.964240000
CVE-2018-8291;0.700280000;0.993250000
CVE-2018-8290;0.192290000;0.971180000
CVE-2018-8289;0.093490000;0.950010000
CVE-2018-8288;0.700280000;0.993250000
CVE-2018-8287;0.163760000;0.967200000
CVE-2018-8286;0.192290000;0.971170000
CVE-2018-8284;0.394380000;0.984950000
CVE-2018-8283;0.139590000;0.962560000
CVE-2018-8282;0.012080000;0.660280000
CVE-2018-8281;0.195460000;0.971710000
CVE-2018-8280;0.192290000;0.971180000
CVE-2018-8279;0.710430000;0.993550000
CVE-2018-8278;0.064130000;0.931530000
CVE-2018-8276;0.052570000;0.919130000
CVE-2018-8275;0.192290000;0.971180000
CVE-2018-8274;0.192290000;0.971170000
CVE-2018-8273;0.292080000;0.980240000
CVE-2018-8271;0.027820000;0.852880000
CVE-2018-8269;0.257450000;0.978070000
CVE-2018-8267;0.156970000;0.965920000
CVE-2018-8266;0.270510000;0.978880000
CVE-2018-8265;0.196290000;0.971800000
CVE-2018-8262;0.192290000;0.971170000
CVE-2018-8260;0.145830000;0.963770000
CVE-2018-8256;0.226400000;0.975420000
CVE-2018-8254;0.026730000;0.846330000
CVE-2018-8253;0.017840000;0.765840000
CVE-2018-8252;0.026730000;0.846330000
CVE-2018-8251;0.074710000;0.939910000
CVE-2018-8249;0.142820000;0.963140000
CVE-2018-8248;0.213510000;0.974140000
CVE-2018-8247;0.034390000;0.880520000
CVE-2018-8246;0.184660000;0.970170000
CVE-2018-8245;0.164080000;0.967320000
CVE-2018-8244;0.051780000;0.918140000
CVE-2018-8243;0.119010000;0.957830000
CVE-2018-8242;0.179820000;0.969560000
CVE-2018-8239;0.581120000;0.990190000
CVE-2018-8238;0.054560000;0.921260000
CVE-2018-8236;0.142820000;0.963140000
CVE-2018-8235;0.028550000;0.856590000
CVE-2018-8234;0.060770000;0.928400000
CVE-2018-8233;0.014250000;0.708760000
CVE-2018-8232;0.010850000;0.627000000
CVE-2018-8231;0.159550000;0.966420000
CVE-2018-8229;0.709990000;0.993530000
CVE-2018-8227;0.161940000;0.966850000
CVE-2018-8226;0.135290000;0.961540000
CVE-2018-8225;0.236390000;0.976350000
CVE-2018-8224;0.011780000;0.652570000
CVE-2018-8222;0.019760000;0.789470000
CVE-2018-8221;0.021370000;0.806110000
CVE-2018-8219;0.011740000;0.651180000
CVE-2018-8218;0.076530000;0.941110000
CVE-2018-8217;0.021370000;0.806110000
CVE-2018-8216;0.021370000;0.806110000
CVE-2018-8215;0.021370000;0.806110000
CVE-2018-8214;0.033050000;0.875890000
CVE-2018-8213;0.086130000;0.946720000
CVE-2018-8212;0.022150000;0.812890000
CVE-2018-8211;0.021370000;0.806100000
CVE-2018-8210;0.252410000;0.977700000
CVE-2018-8209;0.028050000;0.854080000
CVE-2018-8208;0.031520000;0.869540000
CVE-2018-8207;0.025560000;0.838630000
CVE-2018-8206;0.107830000;0.954910000
CVE-2018-8205;0.017110000;0.755850000
CVE-2018-8204;0.014120000;0.706350000
CVE-2018-8202;0.012080000;0.660280000
CVE-2018-8201;0.019410000;0.785790000
CVE-2018-8200;0.014120000;0.706350000
CVE-2018-8179;0.141150000;0.962810000
CVE-2018-8178;0.155900000;0.965640000
CVE-2018-8177;0.117190000;0.957390000
CVE-2018-8176;0.234530000;0.976160000
CVE-2018-8175;0.071070000;0.937410000
CVE-2018-8174;0.885080000;0.997610000
CVE-2018-8173;0.203220000;0.972770000
CVE-2018-8172;0.310160000;0.981210000
CVE-2018-8171;0.098320000;0.951820000
CVE-2018-8170;0.010420000;0.614820000
CVE-2018-8169;0.011780000;0.652580000
CVE-2018-8168;0.024860000;0.833790000
CVE-2018-8167;0.010740000;0.623910000
CVE-2018-8166;0.012910000;0.680600000
CVE-2018-8165;0.014030000;0.704800000
CVE-2018-8164;0.015410000;0.729890000
CVE-2018-8163;0.134180000;0.961240000
CVE-2018-8162;0.251360000;0.977640000
CVE-2018-8161;0.221090000;0.974830000
CVE-2018-8160;0.087930000;0.947690000
CVE-2018-8159;0.036520000;0.887370000
CVE-2018-8158;0.251360000;0.977630000
CVE-2018-8157;0.251360000;0.977640000
CVE-2018-8156;0.029130000;0.859430000
CVE-2018-8155;0.029130000;0.859420000
CVE-2018-8154;0.238270000;0.976490000
CVE-2018-8153;0.035820000;0.885020000
CVE-2018-8152;0.036520000;0.887370000
CVE-2018-8151;0.087690000;0.947580000
CVE-2018-8150;0.054640000;0.921370000
CVE-2018-8149;0.029130000;0.859420000
CVE-2018-8148;0.251360000;0.977630000
CVE-2018-8147;0.251360000;0.977630000
CVE-2018-8145;0.668770000;0.992360000
CVE-2018-8142;0.013340000;0.689710000
CVE-2018-8141;0.026390000;0.844120000
CVE-2018-8140;0.017780000;0.765130000
CVE-2018-8139;0.665540000;0.992260000
CVE-2018-8137;0.158750000;0.966270000
CVE-2018-8136;0.238570000;0.976530000
CVE-2018-8134;0.030460000;0.865170000
CVE-2018-8133;0.505030000;0.988250000
CVE-2018-8132;0.014160000;0.707140000
CVE-2018-8130;0.158750000;0.966260000
CVE-2018-8129;0.014160000;0.707140000
CVE-2018-8128;0.158750000;0.966280000
CVE-2018-8127;0.030120000;0.863810000
CVE-2018-8126;0.057190000;0.924470000
CVE-2018-8125;0.186460000;0.970380000
CVE-2018-8124;0.012480000;0.670670000
CVE-2018-8123;0.062180000;0.929770000
CVE-2018-8122;0.158000000;0.966120000
CVE-2018-8121;0.015180000;0.726100000
CVE-2018-8120;0.737210000;0.994340000
CVE-2018-8119;0.012220000;0.664100000
CVE-2018-8118;0.096700000;0.951200000
CVE-2018-8117;0.011800000;0.653060000
CVE-2018-8116;0.013990000;0.703920000
CVE-2018-8115;0.352130000;0.983190000
CVE-2018-8114;0.158000000;0.966130000
CVE-2018-8113;0.052620000;0.919200000
CVE-2018-8112;0.028790000;0.857800000
CVE-2018-8111;0.161940000;0.966850000
CVE-2018-8110;0.161940000;0.966850000
CVE-2018-8108;0.010800000;0.625590000
CVE-2018-8107;0.007990000;0.538120000
CVE-2018-8106;0.007990000;0.538120000
CVE-2018-8105;0.007990000;0.538120000
CVE-2018-8104;0.007990000;0.538130000
CVE-2018-8103;0.008060000;0.540750000
CVE-2018-8102;0.007990000;0.538120000
CVE-2018-8101;0.007990000;0.538130000
CVE-2018-8100;0.009330000;0.580480000
CVE-2018-8099;0.013920000;0.702580000
CVE-2018-8098;0.014230000;0.708510000
CVE-2018-8097;0.063190000;0.930770000
CVE-2018-8096;0.488270000;0.987850000
CVE-2018-8092;0.016900000;0.752970000
CVE-2018-8090;0.011960000;0.657000000
CVE-2018-8088;0.147960000;0.964180000
CVE-2018-8087;0.004590000;0.382650000
CVE-2018-8078;0.007980000;0.537810000
CVE-2018-8076;0.010490000;0.616610000
CVE-2018-8074;0.015200000;0.726350000
CVE-2018-8073;0.015880000;0.737230000
CVE-2018-8072;0.028430000;0.856060000
CVE-2018-8071;0.008400000;0.551370000
CVE-2018-8070;0.005130000;0.416430000
CVE-2018-8069;0.005130000;0.416430000
CVE-2018-8065;0.758750000;0.994880000
CVE-2018-8062;0.009660000;0.590590000
CVE-2018-8061;0.004370000;0.366860000
CVE-2018-8060;0.005530000;0.439690000
CVE-2018-8059;0.005140000;0.416790000
CVE-2018-8058;0.005400000;0.432480000
CVE-2018-8057;0.218380000;0.974570000
CVE-2018-8056;0.127280000;0.959580000
CVE-2018-8050;0.015770000;0.735650000
CVE-2018-8049;0.014430000;0.712150000
CVE-2018-8048;0.019620000;0.788060000
CVE-2018-8047;0.012830000;0.678880000
CVE-2018-8046;0.670140000;0.992410000
CVE-2018-8045;0.287240000;0.979930000
CVE-2018-8044;0.003080000;0.236680000
CVE-2018-8043;0.003890000;0.323960000
CVE-2018-8042;0.017540000;0.761800000
CVE-2018-8041;0.098470000;0.951870000
CVE-2018-8040;0.071660000;0.937930000
CVE-2018-8039;0.103480000;0.953530000
CVE-2018-8038;0.107300000;0.954750000
CVE-2018-8037;0.120580000;0.958180000
CVE-2018-8036;0.048340000;0.913180000
CVE-2018-8035;0.048850000;0.913980000
CVE-2018-8034;0.213000000;0.974090000
CVE-2018-8033;0.257430000;0.978060000
CVE-2018-8032;0.105540000;0.954230000
CVE-2018-8031;0.020030000;0.792580000
CVE-2018-8030;0.039770000;0.896860000
CVE-2018-8029;0.039820000;0.896960000
CVE-2018-8028;0.013100000;0.684490000
CVE-2018-8027;0.055170000;0.921940000
CVE-2018-8026;0.090250000;0.948750000
CVE-2018-8025;0.017590000;0.762380000
CVE-2018-8024;0.052510000;0.919070000
CVE-2018-8023;0.030560000;0.865680000
CVE-2018-8022;0.074960000;0.940080000
CVE-2018-8021;0.527580000;0.988850000
CVE-2018-8020;0.041990000;0.901780000
CVE-2018-8019;0.040680000;0.898860000
CVE-2018-8018;0.067900000;0.934780000
CVE-2018-8017;0.025090000;0.835380000
CVE-2018-8016;0.022700000;0.817280000
CVE-2018-8015;0.034160000;0.879700000
CVE-2018-8014;0.217190000;0.974470000
CVE-2018-8013;0.192900000;0.971280000
CVE-2018-8012;0.084690000;0.945940000
CVE-2018-8011;0.560370000;0.989680000
CVE-2018-8010;0.039170000;0.895050000
CVE-2018-8009;0.075770000;0.940620000
CVE-2018-8008;0.023310000;0.822330000
CVE-2018-8007;0.116810000;0.957260000
CVE-2018-8006;0.572270000;0.989970000
CVE-2018-8005;0.068950000;0.935570000
CVE-2018-8004;0.063080000;0.930650000
CVE-2018-8003;0.044000000;0.905740000
CVE-2018-8002;0.080120000;0.943190000
CVE-2018-8001;0.012980000;0.682030000
CVE-2018-8000;0.028170000;0.854660000
CVE-2018-7999;0.022450000;0.815270000
CVE-2018-7998;0.018160000;0.770260000
CVE-2018-7997;0.005980000;0.461610000
CVE-2018-7996;0.006520000;0.485900000
CVE-2018-7995;0.003000000;0.226960000
CVE-2018-7994;0.013200000;0.686560000
CVE-2018-7993;0.010600000;0.620000000
CVE-2018-7992;0.005480000;0.436480000
CVE-2018-7991;0.002350000;0.147660000
CVE-2018-7990;0.002370000;0.149940000
CVE-2018-7989;0.002450000;0.160120000
CVE-2018-7988;0.002230000;0.131870000
CVE-2018-7987;0.007310000;0.516140000
CVE-2018-7977;0.009760000;0.594470000
CVE-2018-7976;0.004370000;0.366860000
CVE-2018-7961;0.009000000;0.569790000
CVE-2018-7960;0.007780000;0.531710000
CVE-2018-7959;0.007780000;0.531710000
CVE-2018-7958;0.011080000;0.633690000
CVE-2018-7957;0.002140000;0.120270000
CVE-2018-7956;0.007640000;0.527060000
CVE-2018-7951;0.014570000;0.714950000
CVE-2018-7950;0.014570000;0.714950000
CVE-2018-7949;0.008160000;0.543980000
CVE-2018-7947;0.002360000;0.148550000
CVE-2018-7946;0.002660000;0.187100000
CVE-2018-7944;0.003040000;0.231690000
CVE-2018-7943;0.012280000;0.665800000
CVE-2018-7942;0.016320000;0.744140000
CVE-2018-7941;0.007660000;0.527800000
CVE-2018-7940;0.003210000;0.251230000
CVE-2018-7939;0.002370000;0.149940000
CVE-2018-7938;0.005370000;0.430720000
CVE-2018-7937;0.008420000;0.551870000
CVE-2018-7936;0.002370000;0.149950000
CVE-2018-7935;0.010940000;0.629800000
CVE-2018-7934;0.005600000;0.442980000
CVE-2018-7933;0.010410000;0.614260000
CVE-2018-7932;0.004210000;0.354190000
CVE-2018-7931;0.006660000;0.491730000
CVE-2018-7930;0.003720000;0.305900000
CVE-2018-7929;0.002450000;0.160940000
CVE-2018-7928;0.003360000;0.267200000
CVE-2018-7926;0.002230000;0.131860000
CVE-2018-7925;0.002490000;0.166160000
CVE-2018-7924;0.002300000;0.141040000
CVE-2018-7923;0.010090000;0.604520000
CVE-2018-7922;0.010090000;0.604520000
CVE-2018-7921;0.132190000;0.960740000
CVE-2018-7920;0.008910000;0.567340000
CVE-2018-7911;0.002370000;0.149940000
CVE-2018-7910;0.002760000;0.201710000
CVE-2018-7907;0.006580000;0.488580000
CVE-2018-7906;0.005600000;0.442980000
CVE-2018-7904;0.011060000;0.633030000
CVE-2018-7903;0.011060000;0.633030000
CVE-2018-7902;0.011060000;0.633030000
CVE-2018-7901;0.004690000;0.389090000
CVE-2018-7900;0.007920000;0.535900000
CVE-2018-7899;0.005600000;0.442970000
CVE-2018-7894;0.006520000;0.485890000
CVE-2018-7893;0.005400000;0.432490000
CVE-2018-7891;0.041820000;0.901460000
CVE-2018-7890;0.788150000;0.995600000
CVE-2018-7889;0.045080000;0.907740000
CVE-2018-7886;0.019850000;0.790530000
CVE-2018-7884;0.009440000;0.584110000
CVE-2018-7877;0.013020000;0.682890000
CVE-2018-7876;0.019710000;0.788940000
CVE-2018-7875;0.015400000;0.729850000
CVE-2018-7874;0.012040000;0.659120000
CVE-2018-7873;0.018820000;0.778730000
CVE-2018-7872;0.014720000;0.717960000
CVE-2018-7871;0.016860000;0.752300000
CVE-2018-7870;0.014860000;0.720330000
CVE-2018-7869;0.015080000;0.724520000
CVE-2018-7868;0.015400000;0.729860000
CVE-2018-7867;0.016150000;0.741310000
CVE-2018-7866;0.017680000;0.763820000
CVE-2018-7859;0.014600000;0.715370000
CVE-2018-7858;0.006100000;0.466480000
CVE-2018-7857;0.015820000;0.736320000
CVE-2018-7856;0.015820000;0.736320000
CVE-2018-7855;0.026480000;0.844570000
CVE-2018-7854;0.023040000;0.820200000
CVE-2018-7853;0.018210000;0.770930000
CVE-2018-7852;0.036140000;0.885990000
CVE-2018-7851;0.011890000;0.655400000
CVE-2018-7850;0.015090000;0.724670000
CVE-2018-7849;0.032890000;0.875320000
CVE-2018-7848;0.034130000;0.879590000
CVE-2018-7847;0.038080000;0.892060000
CVE-2018-7846;0.295750000;0.980460000
CVE-2018-7845;0.034130000;0.879600000
CVE-2018-7844;0.032790000;0.874760000
CVE-2018-7843;0.032890000;0.875310000
CVE-2018-7842;0.350390000;0.983130000
CVE-2018-7841;0.726750000;0.994010000
CVE-2018-7840;0.009430000;0.583700000
CVE-2018-7839;0.003250000;0.256100000
CVE-2018-7838;0.011160000;0.635510000
CVE-2018-7837;0.012020000;0.658660000
CVE-2018-7836;0.319800000;0.981730000
CVE-2018-7835;0.017610000;0.762770000
CVE-2018-7834;0.007930000;0.536280000
CVE-2018-7833;0.013810000;0.700440000
CVE-2018-7832;0.021960000;0.811330000
CVE-2018-7831;0.006350000;0.478470000
CVE-2018-7830;0.024230000;0.829310000
CVE-2018-7829;0.017210000;0.757270000
CVE-2018-7828;0.005720000;0.449070000
CVE-2018-7827;0.008180000;0.544580000
CVE-2018-7826;0.022100000;0.812500000
CVE-2018-7825;0.022100000;0.812500000
CVE-2018-7824;0.008920000;0.567760000
CVE-2018-7823;0.013390000;0.691080000
CVE-2018-7822;0.003100000;0.238260000
CVE-2018-7821;0.010960000;0.630420000
CVE-2018-7820;0.010320000;0.611450000
CVE-2018-7817;0.030370000;0.864850000
CVE-2018-7816;0.012630000;0.674010000
CVE-2018-7815;0.011400000;0.641680000
CVE-2018-7814;0.012330000;0.666900000
CVE-2018-7813;0.011400000;0.641680000
CVE-2018-7812;0.037110000;0.889010000
CVE-2018-7811;0.034990000;0.882590000
CVE-2018-7810;0.008960000;0.568770000
CVE-2018-7809;0.024680000;0.832570000
CVE-2018-7807;0.012530000;0.671790000
CVE-2018-7806;0.012530000;0.671780000
CVE-2018-7804;0.008640000;0.559140000
CVE-2018-7803;0.011440000;0.642490000
CVE-2018-7802;0.023310000;0.822330000
CVE-2018-7801;0.063030000;0.930600000
CVE-2018-7800;0.039480000;0.896050000
CVE-2018-7799;0.027940000;0.853420000
CVE-2018-7798;0.006550000;0.487100000
CVE-2018-7797;0.007550000;0.523920000
CVE-2018-7796;0.006830000;0.498260000
CVE-2018-7795;0.023230000;0.821790000
CVE-2018-7794;0.013990000;0.703790000
CVE-2018-7793;0.003220000;0.252320000
CVE-2018-7792;0.010530000;0.617760000
CVE-2018-7791;0.018960000;0.780420000
CVE-2018-7790;0.024780000;0.833270000
CVE-2018-7789;0.027970000;0.853610000
CVE-2018-7788;0.011350000;0.640370000
CVE-2018-7787;0.011020000;0.632010000
CVE-2018-7786;0.007540000;0.523660000
CVE-2018-7785;0.030840000;0.866740000
CVE-2018-7784;0.023000000;0.819900000
CVE-2018-7783;0.015600000;0.733240000
CVE-2018-7782;0.007990000;0.538310000
CVE-2018-7781;0.005930000;0.458790000
CVE-2018-7780;0.011850000;0.654250000
CVE-2018-7779;0.013920000;0.702610000
CVE-2018-7778;0.020750000;0.800110000
CVE-2018-7777;0.318020000;0.981610000
CVE-2018-7776;0.006840000;0.498940000
CVE-2018-7774;0.009740000;0.594070000
CVE-2018-7773;0.009740000;0.594080000
CVE-2018-7772;0.009740000;0.594080000
CVE-2018-7771;0.014460000;0.712790000
CVE-2018-7770;0.012970000;0.681870000
CVE-2018-7769;0.009740000;0.594080000
CVE-2018-7768;0.009740000;0.594070000
CVE-2018-7767;0.009740000;0.594070000
CVE-2018-7766;0.009740000;0.594070000
CVE-2018-7765;0.029170000;0.859620000
CVE-2018-7764;0.013270000;0.688050000
CVE-2018-7763;0.013270000;0.688060000
CVE-2018-7762;0.013150000;0.685550000
CVE-2018-7761;0.021380000;0.806180000
CVE-2018-7760;0.014970000;0.722290000
CVE-2018-7759;0.013150000;0.685550000
CVE-2018-7758;0.006340000;0.478060000
CVE-2018-7757;0.005290000;0.426340000
CVE-2018-7756;0.613390000;0.990960000
CVE-2018-7755;0.006700000;0.493360000
CVE-2018-7754;0.003790000;0.313720000
CVE-2018-7753;0.021540000;0.807620000
CVE-2018-7752;0.014960000;0.722070000
CVE-2018-7751;0.023670000;0.825160000
CVE-2018-7750;0.271050000;0.978950000
CVE-2018-7749;0.017340000;0.758940000
CVE-2018-7748;0.025830000;0.840470000
CVE-2018-7747;0.045780000;0.909090000
CVE-2018-7746;0.031330000;0.868740000
CVE-2018-7745;0.120340000;0.958120000
CVE-2018-7741;0.006520000;0.485910000
CVE-2018-7740;0.005830000;0.454400000
CVE-2018-7739;0.532310000;0.988990000
CVE-2018-7738;0.004320000;0.363270000
CVE-2018-7737;0.084840000;0.946000000
CVE-2018-7736;0.032620000;0.874230000
CVE-2018-7735;0.012930000;0.681070000
CVE-2018-7734;0.012930000;0.681080000
CVE-2018-7733;0.004770000;0.394470000
CVE-2018-7732;0.010970000;0.630810000
CVE-2018-7731;0.012800000;0.678060000
CVE-2018-7730;0.013980000;0.703610000
CVE-2018-7729;0.012290000;0.666140000
CVE-2018-7728;0.013200000;0.686630000
CVE-2018-7727;0.012500000;0.670940000
CVE-2018-7726;0.016900000;0.752940000
CVE-2018-7725;0.016900000;0.752940000
CVE-2018-7724;0.002750000;0.200460000
CVE-2018-7723;0.005370000;0.431010000
CVE-2018-7722;0.005370000;0.431010000
CVE-2018-7721;0.006520000;0.485890000
CVE-2018-7720;0.011430000;0.642330000
CVE-2018-7719;0.475140000;0.987500000
CVE-2018-7718;0.007250000;0.513660000
CVE-2018-7717;0.006520000;0.485910000
CVE-2018-7716;0.023310000;0.822390000
CVE-2018-7715;0.023310000;0.822390000
CVE-2018-7714;0.022350000;0.814450000
CVE-2018-7713;0.023000000;0.819850000
CVE-2018-7712;0.022350000;0.814450000
CVE-2018-7711;0.011790000;0.652850000
CVE-2018-7707;0.026390000;0.844090000
CVE-2018-7706;0.068310000;0.935090000
CVE-2018-7705;0.060980000;0.928650000
CVE-2018-7704;0.047120000;0.911290000
CVE-2018-7703;0.040110000;0.897640000
CVE-2018-7702;0.142150000;0.962990000
CVE-2018-7701;0.029610000;0.861520000
CVE-2018-7700;0.745190000;0.994550000
CVE-2018-7698;0.010910000;0.628640000
CVE-2018-7692;0.006480000;0.484220000
CVE-2018-7691;0.072340000;0.938420000
CVE-2018-7690;0.074110000;0.939590000
CVE-2018-7689;0.012080000;0.660190000
CVE-2018-7688;0.011010000;0.631870000
CVE-2018-7687;0.003680000;0.301660000
CVE-2018-7686;0.013920000;0.702610000
CVE-2018-7685;0.002860000;0.212480000
CVE-2018-7683;0.011110000;0.634320000
CVE-2018-7682;0.008400000;0.551320000
CVE-2018-7681;0.005120000;0.416110000
CVE-2018-7680;0.006470000;0.483880000
CVE-2018-7679;0.023140000;0.821020000
CVE-2018-7678;0.006200000;0.471830000
CVE-2018-7677;0.005310000;0.427820000
CVE-2018-7676;0.008650000;0.559380000
CVE-2018-7675;0.005390000;0.431810000
CVE-2018-7674;0.007630000;0.526780000
CVE-2018-7673;0.008360000;0.550210000
CVE-2018-7669;0.174820000;0.968940000
CVE-2018-7668;0.014830000;0.719770000
CVE-2018-7667;0.044480000;0.906720000
CVE-2018-7666;0.013090000;0.684350000
CVE-2018-7665;0.158840000;0.966300000
CVE-2018-7664;0.019990000;0.791940000
CVE-2018-7663;0.008960000;0.568870000
CVE-2018-7662;0.470850000;0.987410000
CVE-2018-7661;0.009300000;0.579490000
CVE-2018-7660;0.005360000;0.430530000
CVE-2018-7659;0.005360000;0.430540000
CVE-2018-7658;0.391370000;0.984800000
CVE-2018-7654;0.023780000;0.825870000
CVE-2018-7653;0.078540000;0.942310000
CVE-2018-7652;0.012010000;0.658290000
CVE-2018-7651;0.017210000;0.757260000
CVE-2018-7650;0.005290000;0.426320000
CVE-2018-7649;0.006470000;0.483880000
CVE-2018-7648;0.016370000;0.744850000
CVE-2018-7644;0.012380000;0.668060000
CVE-2018-7643;0.023230000;0.821720000
CVE-2018-7642;0.018820000;0.778740000
CVE-2018-7641;0.012250000;0.665120000
CVE-2018-7640;0.012140000;0.662030000
CVE-2018-7639;0.012250000;0.665120000
CVE-2018-7638;0.012250000;0.665120000
CVE-2018-7637;0.012250000;0.665110000
CVE-2018-7636;0.010840000;0.626850000
CVE-2018-7635;0.007760000;0.530880000
CVE-2018-7634;0.007900000;0.535360000
CVE-2018-7633;0.013430000;0.691980000
CVE-2018-7632;0.010920000;0.628830000
CVE-2018-7631;0.023510000;0.824040000
CVE-2018-7603;0.007930000;0.536280000
CVE-2018-7602;0.992360000;0.999330000
CVE-2018-7600;0.999950000;0.999880000
CVE-2018-7590;0.005800000;0.452560000
CVE-2018-7589;0.013180000;0.686190000
CVE-2018-7588;0.013240000;0.687480000
CVE-2018-7587;0.010770000;0.624730000
CVE-2018-7586;0.020310000;0.795630000
CVE-2018-7584;0.873480000;0.997420000
CVE-2018-7583;0.380680000;0.984390000
CVE-2018-7582;0.364410000;0.983670000
CVE-2018-7581;0.010830000;0.626470000
CVE-2018-7580;0.023080000;0.820540000
CVE-2018-7579;0.009660000;0.590700000
CVE-2018-7577;0.005170000;0.419470000
CVE-2018-7576;0.004570000;0.381280000
CVE-2018-7575;0.006140000;0.468530000
CVE-2018-7573;0.692040000;0.993030000
CVE-2018-7572;0.003640000;0.297920000
CVE-2018-7570;0.014790000;0.719130000
CVE-2018-7569;0.020460000;0.797090000
CVE-2018-7568;0.019250000;0.783770000
CVE-2018-7567;0.052040000;0.918490000
CVE-2018-7566;0.004820000;0.397990000
CVE-2018-7565;0.004510000;0.377700000
CVE-2018-7564;0.006350000;0.478450000
CVE-2018-7563;0.010730000;0.623670000
CVE-2018-7562;0.016620000;0.748710000
CVE-2018-7561;0.017460000;0.760510000
CVE-2018-7560;0.013560000;0.695070000
CVE-2018-7559;0.011670000;0.649290000
CVE-2018-7557;0.018800000;0.778450000
CVE-2018-7556;0.019750000;0.789370000
CVE-2018-7554;0.021780000;0.809670000
CVE-2018-7553;0.024510000;0.831390000
CVE-2018-7552;0.021780000;0.809670000
CVE-2018-7551;0.021780000;0.809670000
CVE-2018-7550;0.006100000;0.466760000
CVE-2018-7549;0.025910000;0.841130000
CVE-2018-7548;0.025430000;0.837790000
CVE-2018-7547;0.005170000;0.419370000
CVE-2018-7546;0.013910000;0.702330000
CVE-2018-7544;0.018700000;0.777290000
CVE-2018-7543;0.033710000;0.878220000
CVE-2018-7542;0.003820000;0.316140000
CVE-2018-7541;0.004250000;0.357880000
CVE-2018-7540;0.004270000;0.358930000
CVE-2018-7539;0.042820000;0.903470000
CVE-2018-7538;0.042230000;0.902290000
CVE-2018-7537;0.043740000;0.905300000
CVE-2018-7536;0.045170000;0.907880000
CVE-2018-7535;0.002840000;0.210520000
CVE-2018-7534;0.001570000;0.053910000
CVE-2018-7533;0.003430000;0.275560000
CVE-2018-7532;0.077670000;0.941770000
CVE-2018-7531;0.014110000;0.706060000
CVE-2018-7530;0.003310000;0.261720000
CVE-2018-7529;0.021020000;0.802950000
CVE-2018-7528;0.015730000;0.735160000
CVE-2018-7527;0.007320000;0.516560000
CVE-2018-7526;0.012770000;0.677440000
CVE-2018-7525;0.003440000;0.276110000
CVE-2018-7524;0.006530000;0.486520000
CVE-2018-7523;0.003440000;0.276100000
CVE-2018-7522;0.004310000;0.361990000
CVE-2018-7521;0.003440000;0.276110000
CVE-2018-7520;0.015770000;0.735650000
CVE-2018-7519;0.003590000;0.292500000
CVE-2018-7518;0.012970000;0.681940000
CVE-2018-7517;0.003440000;0.276100000
CVE-2018-7516;0.011030000;0.632240000
CVE-2018-7515;0.002970000;0.224410000
CVE-2018-7514;0.003180000;0.247240000
CVE-2018-7513;0.003590000;0.292500000
CVE-2018-7512;0.015590000;0.733020000
CVE-2018-7511;0.020590000;0.798480000
CVE-2018-7510;0.014020000;0.704540000
CVE-2018-7509;0.025810000;0.840310000
CVE-2018-7508;0.008410000;0.551570000
CVE-2018-7507;0.028140000;0.854540000
CVE-2018-7506;0.019480000;0.786540000
CVE-2018-7505;0.028820000;0.857900000
CVE-2018-7504;0.009120000;0.573820000
CVE-2018-7503;0.025290000;0.836850000
CVE-2018-7502;0.005670000;0.446700000
CVE-2018-7501;0.016380000;0.745080000
CVE-2018-7500;0.018840000;0.778860000
CVE-2018-7499;0.037930000;0.891570000
CVE-2018-7498;0.006480000;0.484260000
CVE-2018-7497;0.028820000;0.857900000
CVE-2018-7496;0.012570000;0.672690000
CVE-2018-7495;0.021860000;0.810280000
CVE-2018-7494;0.028140000;0.854550000
CVE-2018-7493;0.017970000;0.767540000
CVE-2018-7492;0.006400000;0.480270000
CVE-2018-7491;0.010810000;0.625710000
CVE-2018-7490;0.694230000;0.993070000
CVE-2018-7489;0.197810000;0.972000000
CVE-2018-7487;0.012180000;0.662990000
CVE-2018-7486;0.024660000;0.832460000
CVE-2018-7485;0.030240000;0.864370000
CVE-2018-7484;0.026050000;0.841940000
CVE-2018-7482;0.023090000;0.820630000
CVE-2018-7480;0.003530000;0.285880000
CVE-2018-7479;0.020330000;0.795810000
CVE-2018-7477;0.026520000;0.844850000
CVE-2018-7476;0.008340000;0.549700000
CVE-2018-7475;0.009620000;0.589650000
CVE-2018-7474;0.063560000;0.931060000
CVE-2018-7473;0.009130000;0.574100000
CVE-2018-7472;0.003750000;0.308820000
CVE-2018-7471;0.003320000;0.262630000
CVE-2018-7470;0.018300000;0.772020000
CVE-2018-7469;0.005290000;0.426330000
CVE-2018-7467;0.101690000;0.952950000
CVE-2018-7466;0.061220000;0.928860000
CVE-2018-7465;0.023700000;0.825340000
CVE-2018-7463;0.012340000;0.667280000
CVE-2018-7456;0.029890000;0.862770000
CVE-2018-7455;0.007840000;0.533360000
CVE-2018-7454;0.007840000;0.533370000
CVE-2018-7453;0.008980000;0.569320000
CVE-2018-7452;0.007870000;0.534440000
CVE-2018-7449;0.075070000;0.940160000
CVE-2018-7448;0.127590000;0.959650000
CVE-2018-7447;0.006940000;0.502650000
CVE-2018-7445;0.610180000;0.990860000
CVE-2018-7443;0.032260000;0.872750000
CVE-2018-7442;0.019950000;0.791560000
CVE-2018-7441;0.002540000;0.172230000
CVE-2018-7440;0.037390000;0.889950000
CVE-2018-7439;0.021350000;0.805930000
CVE-2018-7438;0.020510000;0.797710000
CVE-2018-7437;0.020510000;0.797710000
CVE-2018-7436;0.021350000;0.805940000
CVE-2018-7435;0.021350000;0.805930000
CVE-2018-7434;0.022540000;0.815940000
CVE-2018-7433;0.013770000;0.699700000
CVE-2018-7432;0.022680000;0.817070000
CVE-2018-7431;0.022770000;0.817890000
CVE-2018-7429;0.017470000;0.760630000
CVE-2018-7427;0.010190000;0.607330000
CVE-2018-7422;0.628330000;0.991310000
CVE-2018-7421;0.017010000;0.754340000
CVE-2018-7420;0.026920000;0.847440000
CVE-2018-7419;0.026700000;0.846050000
CVE-2018-7418;0.026700000;0.846050000
CVE-2018-7417;0.027020000;0.847960000
CVE-2018-7409;0.025450000;0.837900000
CVE-2018-7408;0.003200000;0.250110000
CVE-2018-7407;0.039570000;0.896290000
CVE-2018-7406;0.039570000;0.896290000
CVE-2018-7405;0.012790000;0.677910000
CVE-2018-7366;0.005800000;0.452990000
CVE-2018-7365;0.006930000;0.502180000
CVE-2018-7364;0.102940000;0.953340000
CVE-2018-7363;0.008780000;0.563590000
CVE-2018-7362;0.011970000;0.657370000
CVE-2018-7361;0.008240000;0.546590000
CVE-2018-7360;0.009960000;0.600480000
CVE-2018-7359;0.018610000;0.776190000
CVE-2018-7358;0.896450000;0.997780000
CVE-2018-7357;0.878700000;0.997510000
CVE-2018-7356;0.006890000;0.500960000
CVE-2018-7355;0.018970000;0.780460000
CVE-2018-7340;0.009340000;0.580860000
CVE-2018-7339;0.013500000;0.693490000
CVE-2018-7337;0.026170000;0.842670000
CVE-2018-7336;0.026700000;0.846050000
CVE-2018-7335;0.026920000;0.847440000
CVE-2018-7334;0.026700000;0.846060000
CVE-2018-7333;0.021480000;0.807010000
CVE-2018-7332;0.023410000;0.823220000
CVE-2018-7331;0.023410000;0.823220000
CVE-2018-7330;0.021300000;0.805440000
CVE-2018-7329;0.021300000;0.805430000
CVE-2018-7328;0.021300000;0.805440000
CVE-2018-7327;0.021740000;0.809350000
CVE-2018-7326;0.021740000;0.809340000
CVE-2018-7325;0.023410000;0.823230000
CVE-2018-7324;0.023880000;0.826640000
CVE-2018-7323;0.024080000;0.828140000
CVE-2018-7322;0.024080000;0.828140000
CVE-2018-7321;0.016780000;0.750910000
CVE-2018-7320;0.026170000;0.842670000
CVE-2018-7319;0.019800000;0.789960000
CVE-2018-7318;0.086510000;0.946930000
CVE-2018-7317;0.079210000;0.942710000
CVE-2018-7316;0.080610000;0.943470000
CVE-2018-7315;0.026520000;0.844880000
CVE-2018-7314;0.577520000;0.990100000
CVE-2018-7313;0.191500000;0.971060000
CVE-2018-7312;0.026520000;0.844880000
CVE-2018-7311;0.022040000;0.811960000
CVE-2018-7308;0.007680000;0.528600000
CVE-2018-7307;0.005120000;0.415960000
CVE-2018-7305;0.003630000;0.296420000
CVE-2018-7304;0.012450000;0.669730000
CVE-2018-7303;0.005370000;0.431010000
CVE-2018-7302;0.005510000;0.438240000
CVE-2018-7301;0.014510000;0.713680000
CVE-2018-7300;0.305900000;0.980980000
CVE-2018-7299;0.011270000;0.638470000
CVE-2018-7298;0.007900000;0.535570000
CVE-2018-7297;0.642510000;0.991690000
CVE-2018-7296;0.018690000;0.777170000
CVE-2018-7295;0.004220000;0.355160000
CVE-2018-7290;0.005030000;0.410280000
CVE-2018-7289;0.017230000;0.757460000
CVE-2018-7287;0.114520000;0.956750000
CVE-2018-7286;0.382680000;0.984480000
CVE-2018-7285;0.050370000;0.916160000
CVE-2018-7284;0.576620000;0.990080000
CVE-2018-7282;0.100950000;0.952730000
CVE-2018-7281;0.015410000;0.729950000
CVE-2018-7280;0.007600000;0.525950000
CVE-2018-7279;0.024880000;0.833920000
CVE-2018-7278;0.007660000;0.527730000
CVE-2018-7277;0.007660000;0.527740000
CVE-2018-7276;0.014000000;0.704080000
CVE-2018-7274;0.009870000;0.597570000
CVE-2018-7273;0.017600000;0.762550000
CVE-2018-7272;0.008610000;0.558310000
CVE-2018-7271;0.016170000;0.741600000
CVE-2018-7269;0.013630000;0.696660000
CVE-2018-7268;0.005540000;0.439720000
CVE-2018-7265;0.008360000;0.550180000
CVE-2018-7264;0.123150000;0.958800000
CVE-2018-7263;0.024280000;0.829750000
CVE-2018-7262;0.029240000;0.859940000
CVE-2018-7261;0.005970000;0.461100000
CVE-2018-7260;0.015880000;0.737170000
CVE-2018-7259;0.009960000;0.600510000
CVE-2018-7254;0.097230000;0.951390000
CVE-2018-7253;0.028680000;0.857310000
CVE-2018-7251;0.718300000;0.993760000
CVE-2018-7250;0.029240000;0.859950000
CVE-2018-7249;0.014680000;0.717150000
CVE-2018-7248;0.063460000;0.930970000
CVE-2018-7247;0.024440000;0.830810000
CVE-2018-7246;0.008520000;0.555290000
CVE-2018-7245;0.012600000;0.673320000
CVE-2018-7244;0.010590000;0.619660000
CVE-2018-7243;0.028250000;0.855130000
CVE-2018-7242;0.019460000;0.786290000
CVE-2018-7241;0.038180000;0.892400000
CVE-2018-7240;0.033050000;0.875890000
CVE-2018-7239;0.028200000;0.854860000
CVE-2018-7238;0.027720000;0.852150000
CVE-2018-7237;0.017230000;0.757430000
CVE-2018-7236;0.013310000;0.689200000
CVE-2018-7235;0.016320000;0.744000000
CVE-2018-7234;0.009560000;0.587570000
CVE-2018-7233;0.020490000;0.797400000
CVE-2018-7232;0.020490000;0.797400000
CVE-2018-7231;0.020490000;0.797400000
CVE-2018-7230;0.015760000;0.735590000
CVE-2018-7229;0.021880000;0.810450000
CVE-2018-7228;0.021880000;0.810450000
CVE-2018-7227;0.012020000;0.658540000
CVE-2018-7226;0.022800000;0.818090000
CVE-2018-7225;0.061060000;0.928720000
CVE-2018-7219;0.005050000;0.411690000
CVE-2018-7218;0.063830000;0.931250000
CVE-2018-7217;0.018400000;0.773440000
CVE-2018-7216;0.028580000;0.856740000
CVE-2018-7213;0.016060000;0.740090000
CVE-2018-7212;0.018380000;0.773200000
CVE-2018-7211;0.007420000;0.519700000
CVE-2018-7210;0.014600000;0.715630000
CVE-2018-7209;0.014600000;0.715620000
CVE-2018-7208;0.022140000;0.812790000
CVE-2018-7206;0.017740000;0.764660000
CVE-2018-7205;0.008300000;0.548310000
CVE-2018-7204;0.027740000;0.852490000
CVE-2018-7203;0.023730000;0.825570000
CVE-2018-7202;0.008020000;0.539190000
CVE-2018-7201;0.012920000;0.680630000
CVE-2018-7198;0.023490000;0.823880000
CVE-2018-7197;0.013890000;0.701980000
CVE-2018-7196;0.024440000;0.830770000
CVE-2018-7195;0.010070000;0.604080000
CVE-2018-7194;0.012850000;0.679330000
CVE-2018-7193;0.024440000;0.830770000
CVE-2018-7192;0.020410000;0.796670000
CVE-2018-7191;0.006540000;0.486880000
CVE-2018-7188;0.005160000;0.418400000
CVE-2018-7187;0.630270000;0.991360000
CVE-2018-7186;0.034010000;0.879250000
CVE-2018-7185;0.089980000;0.948660000
CVE-2018-7184;0.085270000;0.946250000
CVE-2018-7183;0.102130000;0.953090000
CVE-2018-7182;0.288340000;0.980020000
CVE-2018-7180;0.027070000;0.848230000
CVE-2018-7179;0.026520000;0.844920000
CVE-2018-7178;0.038790000;0.894050000
CVE-2018-7177;0.026520000;0.844910000
CVE-2018-7176;0.023470000;0.823690000
CVE-2018-7175;0.008230000;0.546310000
CVE-2018-7174;0.008300000;0.548590000
CVE-2018-7173;0.007840000;0.533370000
CVE-2018-7172;0.026100000;0.842260000
CVE-2018-7171;0.284190000;0.979770000
CVE-2018-7170;0.026860000;0.847040000
CVE-2018-7169;0.015660000;0.734020000
CVE-2018-7167;0.071230000;0.937550000
CVE-2018-7166;0.032410000;0.873360000
CVE-2018-7164;0.063300000;0.930850000
CVE-2018-7162;0.068870000;0.935530000
CVE-2018-7161;0.077570000;0.941730000
CVE-2018-7160;0.099160000;0.952100000
CVE-2018-7159;0.036210000;0.886180000
CVE-2018-7158;0.034090000;0.879470000
CVE-2018-7125;0.013460000;0.692620000
CVE-2018-7124;0.080370000;0.943340000
CVE-2018-7123;0.576910000;0.990080000
CVE-2018-7122;0.017390000;0.759580000
CVE-2018-7121;0.076260000;0.940940000
CVE-2018-7120;0.020940000;0.802220000
CVE-2018-7119;0.003160000;0.244690000
CVE-2018-7118;0.004970000;0.406850000
CVE-2018-7117;0.012950000;0.681480000
CVE-2018-7116;0.103040000;0.953390000
CVE-2018-7115;0.133630000;0.961130000
CVE-2018-7114;0.327590000;0.982160000
CVE-2018-7113;0.007440000;0.520490000
CVE-2018-7112;0.006680000;0.492370000
CVE-2018-7111;0.052750000;0.919370000
CVE-2018-7110;0.006620000;0.490070000
CVE-2018-7109;0.010030000;0.603090000
CVE-2018-7108;0.024720000;0.832850000
CVE-2018-7107;0.008820000;0.564780000
CVE-2018-7105;0.041140000;0.899930000
CVE-2018-7104;0.088670000;0.948060000
CVE-2018-7103;0.088670000;0.948060000
CVE-2018-7102;0.028540000;0.856580000
CVE-2018-7101;0.071500000;0.937800000
CVE-2018-7100;0.005080000;0.413410000
CVE-2018-7099;0.004030000;0.338830000
CVE-2018-7098;0.007050000;0.506570000
CVE-2018-7097;0.007380000;0.518420000
CVE-2018-7096;0.032600000;0.874190000
CVE-2018-7095;0.022210000;0.813330000
CVE-2018-7094;0.003630000;0.296750000
CVE-2018-7093;0.034510000;0.880950000
CVE-2018-7092;0.527490000;0.988840000
CVE-2018-7091;0.009230000;0.576990000
CVE-2018-7090;0.009220000;0.576580000
CVE-2018-7084;0.046310000;0.910020000
CVE-2018-7083;0.018500000;0.774770000
CVE-2018-7082;0.042690000;0.903220000
CVE-2018-7081;0.058510000;0.926100000
CVE-2018-7080;0.006390000;0.479810000
CVE-2018-7079;0.009410000;0.583050000
CVE-2018-7078;0.068100000;0.934940000
CVE-2018-7077;0.024470000;0.831070000
CVE-2018-7076;0.123050000;0.958780000
CVE-2018-7075;0.009690000;0.592150000
CVE-2018-7074;0.167370000;0.967880000
CVE-2018-7073;0.007270000;0.514530000
CVE-2018-7072;0.031120000;0.867830000
CVE-2018-7071;0.008100000;0.541970000
CVE-2018-7070;0.018940000;0.780120000
CVE-2018-7069;0.018020000;0.768240000
CVE-2018-7068;0.009740000;0.594030000
CVE-2018-7067;0.013440000;0.692230000
CVE-2018-7066;0.034830000;0.882080000
CVE-2018-7065;0.009120000;0.573890000
CVE-2018-7064;0.014060000;0.705350000
CVE-2018-7063;0.008500000;0.554280000
CVE-2018-7060;0.004600000;0.383470000
CVE-2018-7059;0.011130000;0.634760000
CVE-2018-7058;0.038860000;0.894240000
CVE-2018-7057;0.006520000;0.485910000
CVE-2018-7056;0.010850000;0.627220000
CVE-2018-7055;0.011060000;0.633060000
CVE-2018-7054;0.023830000;0.826240000
CVE-2018-7053;0.024040000;0.827860000
CVE-2018-7052;0.023070000;0.820420000
CVE-2018-7051;0.024470000;0.831070000
CVE-2018-7050;0.023070000;0.820420000
CVE-2018-7049;0.008800000;0.564080000
CVE-2018-7048;0.014900000;0.721180000
CVE-2018-7047;0.023140000;0.821080000
CVE-2018-7046;0.054160000;0.920860000
CVE-2018-7039;0.014370000;0.711020000
CVE-2018-7035;0.009640000;0.590300000
CVE-2018-7034;0.020290000;0.795460000
CVE-2018-7033;0.020450000;0.797020000
CVE-2018-7032;0.017880000;0.766380000
CVE-2018-6983;0.004520000;0.377900000
CVE-2018-6982;0.004520000;0.377980000
CVE-2018-6981;0.013220000;0.686940000
CVE-2018-6980;0.014380000;0.711130000
CVE-2018-6979;0.010890000;0.627910000
CVE-2018-6978;0.003310000;0.262130000
CVE-2018-6977;0.004260000;0.358650000
CVE-2018-6976;0.012070000;0.660070000
CVE-2018-6975;0.002770000;0.203120000
CVE-2018-6974;0.004750000;0.393290000
CVE-2018-6973;0.004940000;0.405220000
CVE-2018-6972;0.029990000;0.863200000
CVE-2018-6971;0.004170000;0.350390000
CVE-2018-6970;0.017810000;0.765440000
CVE-2018-6969;0.003950000;0.330200000
CVE-2018-6968;0.050000000;0.915740000
CVE-2018-6967;0.022570000;0.816210000
CVE-2018-6966;0.022570000;0.816220000
CVE-2018-6965;0.029750000;0.862130000
CVE-2018-6964;0.003840000;0.318560000
CVE-2018-6963;0.004040000;0.339460000
CVE-2018-6962;0.004150000;0.348570000
CVE-2018-6961;0.862520000;0.997190000
CVE-2018-6960;0.025720000;0.839720000
CVE-2018-6959;0.020310000;0.795630000
CVE-2018-6958;0.010620000;0.620460000
CVE-2018-6957;0.016200000;0.742280000
CVE-2018-6954;0.005250000;0.423980000
CVE-2018-6953;0.015340000;0.728800000
CVE-2018-6952;0.081900000;0.944320000
CVE-2018-6951;0.084270000;0.945680000
CVE-2018-6948;0.015340000;0.728800000
CVE-2018-6947;0.030890000;0.866920000
CVE-2018-6944;0.011830000;0.653890000
CVE-2018-6943;0.010450000;0.615470000
CVE-2018-6942;0.020840000;0.801160000
CVE-2018-6941;0.034780000;0.881890000
CVE-2018-6940;0.027750000;0.852540000
CVE-2018-6936;0.021450000;0.806710000
CVE-2018-6935;0.005230000;0.422740000
CVE-2018-6934;0.004860000;0.400130000
CVE-2018-6930;0.021880000;0.810450000
CVE-2018-6928;0.016880000;0.752610000
CVE-2018-6927;0.006410000;0.480830000
CVE-2018-6926;0.016500000;0.746880000
CVE-2018-6925;0.003210000;0.251360000
CVE-2018-6924;0.004060000;0.340830000
CVE-2018-6923;0.040060000;0.897520000
CVE-2018-6922;0.032260000;0.872780000
CVE-2018-6921;0.003240000;0.254780000
CVE-2018-6920;0.003240000;0.254780000
CVE-2018-6919;0.013890000;0.702060000
CVE-2018-6918;0.042890000;0.903590000
CVE-2018-6917;0.019920000;0.791350000
CVE-2018-6916;0.020860000;0.801250000
CVE-2018-6914;0.103450000;0.953520000
CVE-2018-6913;0.108660000;0.955180000
CVE-2018-6912;0.014780000;0.718940000
CVE-2018-6911;0.127980000;0.959750000
CVE-2018-6910;0.188380000;0.970600000
CVE-2018-6909;0.010640000;0.620980000
CVE-2018-6908;0.015980000;0.738630000
CVE-2018-6907;0.004940000;0.404930000
CVE-2018-6906;0.006750000;0.495240000
CVE-2018-6905;0.022130000;0.812730000
CVE-2018-6904;0.005230000;0.422750000
CVE-2018-6903;0.010530000;0.617800000
CVE-2018-6902;0.005230000;0.422740000
CVE-2018-6900;0.005230000;0.422740000
CVE-2018-6893;0.025000000;0.834670000
CVE-2018-6892;0.933920000;0.998320000
CVE-2018-6891;0.009950000;0.600080000
CVE-2018-6890;0.007060000;0.506870000
CVE-2018-6889;0.066920000;0.933870000
CVE-2018-6888;0.019260000;0.783900000
CVE-2018-6885;0.014290000;0.709630000
CVE-2018-6883;0.012140000;0.662020000
CVE-2018-6882;0.254200000;0.977850000
CVE-2018-6881;0.022290000;0.813980000
CVE-2018-6880;0.017890000;0.766540000
CVE-2018-6879;0.010530000;0.617800000
CVE-2018-6878;0.005580000;0.441700000
CVE-2018-6876;0.024660000;0.832440000
CVE-2018-6875;0.011110000;0.634330000
CVE-2018-6874;0.007500000;0.522390000
CVE-2018-6873;0.022520000;0.815750000
CVE-2018-6872;0.021670000;0.808680000
CVE-2018-6871;0.228030000;0.975550000
CVE-2018-6870;0.006640000;0.490990000
CVE-2018-6869;0.028010000;0.853840000
CVE-2018-6868;0.005430000;0.434260000
CVE-2018-6867;0.006610000;0.489930000
CVE-2018-6866;0.014830000;0.719840000
CVE-2018-6864;0.005580000;0.441700000
CVE-2018-6863;0.014820000;0.719670000
CVE-2018-6862;0.006680000;0.492660000
CVE-2018-6861;0.005540000;0.440070000
CVE-2018-6860;0.025040000;0.834960000
CVE-2018-6859;0.017060000;0.755150000
CVE-2018-6858;0.005540000;0.440080000
CVE-2018-6857;0.006140000;0.468670000
CVE-2018-6856;0.006140000;0.468660000
CVE-2018-6855;0.005440000;0.434640000
CVE-2018-6854;0.006010000;0.462720000
CVE-2018-6853;0.006140000;0.468670000
CVE-2018-6852;0.006140000;0.468670000
CVE-2018-6851;0.006140000;0.468670000
CVE-2018-6849;0.291980000;0.980240000
CVE-2018-6846;0.014450000;0.712370000
CVE-2018-6845;0.025110000;0.835530000
CVE-2018-6844;0.005970000;0.460420000
CVE-2018-6843;0.011380000;0.641210000
CVE-2018-6842;0.006080000;0.465840000
CVE-2018-6836;0.027210000;0.849060000
CVE-2018-6835;0.022860000;0.818650000
CVE-2018-6834;0.008810000;0.564500000
CVE-2018-6832;0.023320000;0.822470000
CVE-2018-6831;0.044650000;0.907040000
CVE-2018-6830;0.026320000;0.843710000
CVE-2018-6829;0.017620000;0.762930000
CVE-2018-6827;0.009120000;0.573780000
CVE-2018-6826;0.030790000;0.866500000
CVE-2018-6825;0.015660000;0.734010000
CVE-2018-6824;0.007660000;0.527750000
CVE-2018-6823;0.014830000;0.719820000
CVE-2018-6822;0.014830000;0.719810000
CVE-2018-6811;0.011680000;0.649620000
CVE-2018-6810;0.043560000;0.904880000
CVE-2018-6809;0.041410000;0.900580000
CVE-2018-6808;0.023350000;0.822790000
CVE-2018-6806;0.011980000;0.657530000
CVE-2018-6799;0.025280000;0.836760000
CVE-2018-6798;0.040050000;0.897490000
CVE-2018-6797;0.065990000;0.933200000
CVE-2018-6796;0.005430000;0.434240000
CVE-2018-6795;0.005430000;0.434250000
CVE-2018-6794;0.242890000;0.976870000
CVE-2018-6792;0.010860000;0.627390000
CVE-2018-6791;0.007760000;0.530860000
CVE-2018-6790;0.020870000;0.801360000
CVE-2018-6789;0.817150000;0.996170000
CVE-2018-6788;0.003990000;0.333430000
CVE-2018-6787;0.003990000;0.333420000
CVE-2018-6786;0.003990000;0.333420000
CVE-2018-6785;0.003990000;0.333390000
CVE-2018-6784;0.003990000;0.333480000
CVE-2018-6783;0.003990000;0.333380000
CVE-2018-6782;0.003990000;0.333350000
CVE-2018-6781;0.003990000;0.333470000
CVE-2018-6780;0.003990000;0.333400000
CVE-2018-6779;0.003990000;0.333450000
CVE-2018-6778;0.003990000;0.333400000
CVE-2018-6777;0.003990000;0.333480000
CVE-2018-6776;0.003990000;0.333370000
CVE-2018-6775;0.003990000;0.333370000
CVE-2018-6774;0.003990000;0.333450000
CVE-2018-6773;0.003990000;0.333360000
CVE-2018-6772;0.003990000;0.333360000
CVE-2018-6771;0.003990000;0.333370000
CVE-2018-6770;0.003990000;0.333390000
CVE-2018-6769;0.003990000;0.333460000
CVE-2018-6768;0.003990000;0.333460000
CVE-2018-6767;0.028960000;0.858680000
CVE-2018-6766;0.007290000;0.515350000
CVE-2018-6765;0.007290000;0.515350000
CVE-2018-6764;0.003250000;0.255740000
CVE-2018-6759;0.020910000;0.801910000
CVE-2018-6758;0.020470000;0.797260000
CVE-2018-6757;0.011370000;0.640840000
CVE-2018-6756;0.010260000;0.609900000
CVE-2018-6755;0.009820000;0.596230000
CVE-2018-6707;0.003340000;0.264940000
CVE-2018-6706;0.006190000;0.471230000
CVE-2018-6705;0.003830000;0.317720000
CVE-2018-6704;0.003710000;0.304350000
CVE-2018-6703;0.032330000;0.873000000
CVE-2018-6700;0.009370000;0.582010000
CVE-2018-6695;0.007010000;0.505240000
CVE-2018-6693;0.001820000;0.080850000
CVE-2018-6692;0.037010000;0.888810000
CVE-2018-6690;0.002620000;0.181930000
CVE-2018-6689;0.003580000;0.291690000
CVE-2018-6687;0.008160000;0.543980000
CVE-2018-6686;0.002420000;0.156730000
CVE-2018-6683;0.003030000;0.230530000
CVE-2018-6682;0.007010000;0.505140000
CVE-2018-6681;0.004980000;0.407750000
CVE-2018-6678;0.012390000;0.668300000
CVE-2018-6677;0.021350000;0.805910000
CVE-2018-6674;0.001800000;0.079050000
CVE-2018-6672;0.012010000;0.658400000
CVE-2018-6671;0.025830000;0.840460000
CVE-2018-6670;0.009710000;0.592760000
CVE-2018-6669;0.005440000;0.434540000
CVE-2018-6668;0.004320000;0.363310000
CVE-2018-6667;0.035230000;0.883280000
CVE-2018-6664;0.007090000;0.508300000
CVE-2018-6662;0.002490000;0.165190000
CVE-2018-6661;0.008130000;0.542790000
CVE-2018-6660;0.016850000;0.752190000
CVE-2018-6659;0.010440000;0.615150000
CVE-2018-6656;0.005010000;0.409590000
CVE-2018-6655;0.005430000;0.434250000
CVE-2018-6654;0.005060000;0.412080000
CVE-2018-6653;0.004070000;0.342150000
CVE-2018-6651;0.023860000;0.826520000
CVE-2018-6644;0.019120000;0.782310000
CVE-2018-6643;0.008080000;0.541370000
CVE-2018-6641;0.055520000;0.922380000
CVE-2018-6640;0.039190000;0.895270000
CVE-2018-6639;0.036120000;0.885880000
CVE-2018-6638;0.039190000;0.895270000
CVE-2018-6635;0.011730000;0.650860000
CVE-2018-6634;0.014600000;0.715380000
CVE-2018-6633;0.003990000;0.333400000
CVE-2018-6632;0.003990000;0.333410000
CVE-2018-6631;0.003990000;0.333420000
CVE-2018-6630;0.003990000;0.333420000
CVE-2018-6629;0.003990000;0.333430000
CVE-2018-6628;0.003990000;0.333410000
CVE-2018-6627;0.003990000;0.333430000
CVE-2018-6626;0.003990000;0.333410000
CVE-2018-6625;0.003990000;0.333410000
CVE-2018-6624;0.016490000;0.746700000
CVE-2018-6623;0.008410000;0.551560000
CVE-2018-6622;0.005190000;0.420310000
CVE-2018-6621;0.021640000;0.808470000
CVE-2018-6619;0.003630000;0.296670000
CVE-2018-6618;0.004740000;0.392840000
CVE-2018-6617;0.004280000;0.360050000
CVE-2018-6616;0.017330000;0.758750000
CVE-2018-6612;0.011310000;0.639440000
CVE-2018-6611;0.013280000;0.688380000
CVE-2018-6610;0.079210000;0.942710000
CVE-2018-6609;0.026520000;0.844850000
CVE-2018-6608;0.033030000;0.875810000
CVE-2018-6606;0.011860000;0.654420000
CVE-2018-6605;0.577020000;0.990090000
CVE-2018-6604;0.026520000;0.844810000
CVE-2018-6603;0.007540000;0.523740000
CVE-2018-6599;0.003220000;0.251730000
CVE-2018-6598;0.002560000;0.174360000
CVE-2018-6597;0.005000000;0.408840000
CVE-2018-6596;0.026090000;0.842180000
CVE-2018-6594;0.020310000;0.795640000
CVE-2018-6593;0.011150000;0.635370000
CVE-2018-6592;0.002950000;0.222610000
CVE-2018-6591;0.010840000;0.626740000
CVE-2018-6590;0.007470000;0.521400000
CVE-2018-6589;0.017320000;0.758690000
CVE-2018-6588;0.008830000;0.564860000
CVE-2018-6587;0.008830000;0.564850000
CVE-2018-6586;0.008830000;0.564860000
CVE-2018-6585;0.026520000;0.844860000
CVE-2018-6584;0.038000000;0.891830000
CVE-2018-6583;0.191500000;0.971070000
CVE-2018-6582;0.027070000;0.848230000
CVE-2018-6581;0.026520000;0.844860000
CVE-2018-6580;0.362950000;0.983600000
CVE-2018-6579;0.038000000;0.891830000
CVE-2018-6578;0.038000000;0.891820000
CVE-2018-6577;0.019800000;0.789960000
CVE-2018-6576;0.026520000;0.844870000
CVE-2018-6575;0.026520000;0.844870000
CVE-2018-6574;0.076250000;0.940920000
CVE-2018-6569;0.015060000;0.724110000
CVE-2018-6563;0.024010000;0.827610000
CVE-2018-6562;0.007260000;0.514310000
CVE-2018-6561;0.011290000;0.639070000
CVE-2018-6560;0.004120000;0.346370000
CVE-2018-6559;0.005320000;0.428120000
CVE-2018-6558;0.006240000;0.473400000
CVE-2018-6557;0.003650000;0.298510000
CVE-2018-6556;0.003330000;0.264080000
CVE-2018-6555;0.004970000;0.407050000
CVE-2018-6554;0.005060000;0.412360000
CVE-2018-6553;0.003850000;0.319110000
CVE-2018-6552;0.003890000;0.323600000
CVE-2018-6551;0.021890000;0.810540000
CVE-2018-6550;0.007200000;0.512190000
CVE-2018-6548;0.013870000;0.701560000
CVE-2018-6547;0.010480000;0.616360000
CVE-2018-6546;0.174820000;0.968940000
CVE-2018-6545;0.015380000;0.729350000
CVE-2018-6544;0.015710000;0.734880000
CVE-2018-6543;0.022850000;0.818460000
CVE-2018-6542;0.012200000;0.663730000
CVE-2018-6541;0.022620000;0.816620000
CVE-2018-6540;0.022620000;0.816620000
CVE-2018-6537;0.041820000;0.901440000
CVE-2018-6536;0.002570000;0.176050000
CVE-2018-6535;0.013290000;0.688500000
CVE-2018-6534;0.010830000;0.626500000
CVE-2018-6533;0.003920000;0.326730000
CVE-2018-6532;0.013630000;0.696670000
CVE-2018-6530;0.966820000;0.998830000
CVE-2018-6529;0.016240000;0.742770000
CVE-2018-6528;0.016240000;0.742780000
CVE-2018-6527;0.016240000;0.742770000
CVE-2018-6526;0.039660000;0.896560000
CVE-2018-6525;0.003500000;0.283110000
CVE-2018-6524;0.003500000;0.283100000
CVE-2018-6523;0.003500000;0.283110000
CVE-2018-6522;0.003500000;0.283100000
CVE-2018-6521;0.030530000;0.865550000
CVE-2018-6520;0.008430000;0.552240000
CVE-2018-6519;0.016960000;0.753690000
CVE-2018-6518;0.007960000;0.537360000
CVE-2018-6517;0.008930000;0.567870000
CVE-2018-6516;0.008470000;0.553610000
CVE-2018-6515;0.008470000;0.553610000
CVE-2018-6514;0.008470000;0.553610000
CVE-2018-6513;0.011170000;0.635780000
CVE-2018-6512;0.019420000;0.785840000
CVE-2018-6511;0.006490000;0.484380000
CVE-2018-6510;0.005180000;0.419550000
CVE-2018-6508;0.018710000;0.777370000
CVE-2018-6506;0.005290000;0.426330000
CVE-2018-6505;0.025420000;0.837650000
CVE-2018-6504;0.005720000;0.449070000
CVE-2018-6503;0.011440000;0.642530000
CVE-2018-6502;0.012660000;0.674950000
CVE-2018-6501;0.008330000;0.549480000
CVE-2018-6500;0.039970000;0.897290000
CVE-2018-6499;0.023970000;0.827340000
CVE-2018-6498;0.031250000;0.868490000
CVE-2018-6497;0.005780000;0.451850000
CVE-2018-6496;0.007420000;0.519680000
CVE-2018-6495;0.006530000;0.486600000
CVE-2018-6494;0.011780000;0.652540000
CVE-2018-6493;0.020100000;0.793520000
CVE-2018-6492;0.015530000;0.732170000
CVE-2018-6491;0.010130000;0.605990000
CVE-2018-6490;0.025750000;0.839940000
CVE-2018-6489;0.012380000;0.668080000
CVE-2018-6488;0.018100000;0.769450000
CVE-2018-6487;0.018670000;0.776880000
CVE-2018-6486;0.011930000;0.656260000
CVE-2018-6485;0.046890000;0.910920000
CVE-2018-6484;0.022420000;0.815040000
CVE-2018-6481;0.206550000;0.973330000
CVE-2018-6480;0.013000000;0.682640000
CVE-2018-6479;0.045550000;0.908710000
CVE-2018-6476;0.045360000;0.908220000
CVE-2018-6475;0.009450000;0.584500000
CVE-2018-6474;0.003310000;0.261900000
CVE-2018-6473;0.003310000;0.261880000
CVE-2018-6472;0.003310000;0.261910000
CVE-2018-6471;0.003310000;0.261890000
CVE-2018-6470;0.010650000;0.621450000
CVE-2018-6469;0.009010000;0.570160000
CVE-2018-6468;0.009010000;0.570150000
CVE-2018-6467;0.005890000;0.457040000
CVE-2018-6466;0.009010000;0.570150000
CVE-2018-6465;0.016230000;0.742670000
CVE-2018-6464;0.006850000;0.499200000
CVE-2018-6462;0.024640000;0.832300000
CVE-2018-6461;0.017750000;0.764830000
CVE-2018-6460;0.109800000;0.955520000
CVE-2018-6459;0.010490000;0.616630000
CVE-2018-6458;0.103330000;0.953470000
CVE-2018-6449;0.007650000;0.527350000
CVE-2018-6448;0.014390000;0.711390000
CVE-2018-6447;0.005130000;0.416740000
CVE-2018-6446;0.013510000;0.693810000
CVE-2018-6445;0.016710000;0.749930000
CVE-2018-6444;0.032680000;0.874420000
CVE-2018-6443;0.073950000;0.939470000
CVE-2018-6442;0.021400000;0.806360000
CVE-2018-6441;0.003940000;0.328510000
CVE-2018-6440;0.021820000;0.809940000
CVE-2018-6439;0.003490000;0.282110000
CVE-2018-6438;0.003560000;0.289310000
CVE-2018-6437;0.003560000;0.289320000
CVE-2018-6436;0.003560000;0.289320000
CVE-2018-6435;0.003560000;0.289320000
CVE-2018-6434;0.012060000;0.659560000
CVE-2018-6433;0.003420000;0.274800000
CVE-2018-6414;0.022740000;0.817550000
CVE-2018-6413;0.017390000;0.759660000
CVE-2018-6412;0.023340000;0.822640000
CVE-2018-6411;0.058070000;0.925530000
CVE-2018-6410;0.049110000;0.914390000
CVE-2018-6409;0.145840000;0.963770000
CVE-2018-6408;0.005550000;0.440280000
CVE-2018-6407;0.322720000;0.981890000
CVE-2018-6406;0.020000000;0.792120000
CVE-2018-6405;0.016670000;0.749290000
CVE-2018-6402;0.002460000;0.161390000
CVE-2018-6401;0.012280000;0.665640000
CVE-2018-6400;0.003240000;0.254580000
CVE-2018-6398;0.026520000;0.844880000
CVE-2018-6397;0.119500000;0.957960000
CVE-2018-6396;0.235610000;0.976250000
CVE-2018-6395;0.026520000;0.844910000
CVE-2018-6394;0.026520000;0.844910000
CVE-2018-6393;0.021990000;0.811530000
CVE-2018-6392;0.016290000;0.743600000
CVE-2018-6391;0.009550000;0.587320000
CVE-2018-6390;0.010740000;0.624080000
CVE-2018-6389;0.726710000;0.994010000
CVE-2018-6388;0.058820000;0.926450000
CVE-2018-6387;0.017740000;0.764670000
CVE-2018-6384;0.007730000;0.530160000
CVE-2018-6383;0.134990000;0.961450000
CVE-2018-6382;0.005260000;0.424530000
CVE-2018-6381;0.016980000;0.754020000
CVE-2018-6380;0.016650000;0.749020000
CVE-2018-6379;0.016650000;0.749010000
CVE-2018-6378;0.014130000;0.706660000
CVE-2018-6377;0.565020000;0.989800000
CVE-2018-6376;0.041370000;0.900520000
CVE-2018-6374;0.006160000;0.469650000
CVE-2018-6373;0.019330000;0.784800000
CVE-2018-6372;0.026520000;0.844780000
CVE-2018-6370;0.026520000;0.844780000
CVE-2018-6368;0.026520000;0.844790000
CVE-2018-6367;0.030500000;0.865320000
CVE-2018-6365;0.030500000;0.865310000
CVE-2018-6364;0.030500000;0.865320000
CVE-2018-6363;0.029780000;0.862240000
CVE-2018-6362;0.010580000;0.619360000
CVE-2018-6361;0.395600000;0.985000000
CVE-2018-6360;0.025930000;0.841210000
CVE-2018-6359;0.024200000;0.829060000
CVE-2018-6358;0.018840000;0.778990000
CVE-2018-6357;0.006490000;0.484680000
CVE-2018-6356;0.038550000;0.893410000
CVE-2018-6355;0.006470000;0.483960000
CVE-2018-6354;0.007490000;0.522040000
CVE-2018-6353;0.004830000;0.398330000
CVE-2018-6352;0.010220000;0.608700000
CVE-2018-6350;0.016930000;0.753400000
CVE-2018-6349;0.022380000;0.814730000
CVE-2018-6347;0.013700000;0.698160000
CVE-2018-6346;0.013700000;0.698160000
CVE-2018-6345;0.017480000;0.760810000
CVE-2018-6344;0.019490000;0.786680000
CVE-2018-6343;0.008340000;0.549700000
CVE-2018-6342;0.028450000;0.856170000
CVE-2018-6341;0.034260000;0.880010000
CVE-2018-6340;0.014300000;0.709850000
CVE-2018-6339;0.015400000;0.729800000
CVE-2018-6337;0.017780000;0.765110000
CVE-2018-6336;0.004860000;0.399840000
CVE-2018-6335;0.014690000;0.717270000
CVE-2018-6334;0.019130000;0.782440000
CVE-2018-6333;0.023320000;0.822450000
CVE-2018-6332;0.010860000;0.627290000
CVE-2018-6331;0.024520000;0.831490000
CVE-2018-6330;0.015770000;0.735710000
CVE-2018-6329;0.618330000;0.991080000
CVE-2018-6328;0.649270000;0.991860000
CVE-2018-6324;0.009320000;0.580390000
CVE-2018-6323;0.058340000;0.925880000
CVE-2018-6322;0.002890000;0.215700000
CVE-2018-6321;0.003300000;0.261020000
CVE-2018-6320;0.040790000;0.899140000
CVE-2018-6319;0.003110000;0.239710000
CVE-2018-6318;0.010310000;0.611430000
CVE-2018-6317;0.436790000;0.986400000
CVE-2018-6316;0.018680000;0.777080000
CVE-2018-6315;0.024890000;0.833980000
CVE-2018-6313;0.006310000;0.476330000
CVE-2018-6312;0.013140000;0.685280000
CVE-2018-6311;0.003390000;0.270950000
CVE-2018-6308;0.010970000;0.630810000
CVE-2018-6307;0.265430000;0.978580000
CVE-2018-6306;0.026500000;0.844720000
CVE-2018-6305;0.013350000;0.689970000
CVE-2018-6304;0.019080000;0.781830000
CVE-2018-6303;0.010290000;0.610850000
CVE-2018-6302;0.010290000;0.610840000
CVE-2018-6301;0.010850000;0.627060000
CVE-2018-6300;0.011030000;0.632120000
CVE-2018-6299;0.013830000;0.700830000
CVE-2018-6298;0.035740000;0.884770000
CVE-2018-6297;0.011570000;0.646480000
CVE-2018-6296;0.007490000;0.522230000
CVE-2018-6295;0.007240000;0.513450000
CVE-2018-6294;0.011030000;0.632150000
CVE-2018-6293;0.012040000;0.659170000
CVE-2018-6292;0.037580000;0.890500000
CVE-2018-6291;0.008460000;0.553390000
CVE-2018-6290;0.004810000;0.397260000
CVE-2018-6289;0.065980000;0.933190000
CVE-2018-6288;0.006410000;0.480610000
CVE-2018-6271;0.006310000;0.476450000
CVE-2018-6269;0.003420000;0.273940000
CVE-2018-6268;0.008160000;0.544030000
CVE-2018-6267;0.008160000;0.544030000
CVE-2018-6266;0.003090000;0.237700000
CVE-2018-6265;0.003090000;0.236980000
CVE-2018-6263;0.003090000;0.236990000
CVE-2018-6262;0.002430000;0.158160000
CVE-2018-6261;0.002910000;0.217310000
CVE-2018-6260;0.003930000;0.327910000
CVE-2018-6259;0.002430000;0.158160000
CVE-2018-6258;0.002530000;0.170100000
CVE-2018-6257;0.002800000;0.205790000
CVE-2018-6254;0.001300000;0.030530000
CVE-2018-6253;0.004050000;0.339880000
CVE-2018-6252;0.002840000;0.210220000
CVE-2018-6251;0.003900000;0.324620000
CVE-2018-6250;0.003390000;0.270410000
CVE-2018-6249;0.004010000;0.335590000
CVE-2018-6248;0.003390000;0.270410000
CVE-2018-6247;0.003730000;0.307270000
CVE-2018-6246;0.003470000;0.279280000
CVE-2018-6243;0.001900000;0.089850000
CVE-2018-6242;0.027400000;0.850250000
CVE-2018-6241;0.002190000;0.126660000
CVE-2018-6240;0.001800000;0.079090000
CVE-2018-6239;0.003720000;0.306070000
CVE-2018-6237;0.063790000;0.931230000
CVE-2018-6236;0.003050000;0.232670000
CVE-2018-6235;0.004710000;0.390180000
CVE-2018-6234;0.006850000;0.499480000
CVE-2018-6233;0.005040000;0.411450000
CVE-2018-6232;0.005040000;0.411460000
CVE-2018-6231;0.069490000;0.936090000
CVE-2018-6230;0.033430000;0.877270000
CVE-2018-6229;0.104380000;0.953850000
CVE-2018-6228;0.104380000;0.953850000
CVE-2018-6227;0.016050000;0.739770000
CVE-2018-6226;0.016050000;0.739770000
CVE-2018-6225;0.039870000;0.897080000
CVE-2018-6224;0.021470000;0.806950000
CVE-2018-6223;0.101990000;0.953050000
CVE-2018-6222;0.012730000;0.676650000
CVE-2018-6221;0.062100000;0.929690000
CVE-2018-6220;0.100360000;0.952520000
CVE-2018-6219;0.039540000;0.896230000
CVE-2018-6218;0.015560000;0.732560000
CVE-2018-6217;0.008770000;0.563440000
CVE-2018-6213;0.033600000;0.877860000
CVE-2018-6212;0.017610000;0.762660000
CVE-2018-6211;0.057680000;0.925060000
CVE-2018-6210;0.030530000;0.865570000
CVE-2018-6209;0.003990000;0.333490000
CVE-2018-6208;0.003990000;0.333390000
CVE-2018-6207;0.003990000;0.333350000
CVE-2018-6206;0.003990000;0.333480000
CVE-2018-6205;0.003990000;0.333460000
CVE-2018-6204;0.003990000;0.333440000
CVE-2018-6203;0.003990000;0.333450000
CVE-2018-6202;0.003990000;0.333440000
CVE-2018-6201;0.003990000;0.333440000
CVE-2018-6200;0.034740000;0.881790000
CVE-2018-6198;0.003950000;0.329450000
CVE-2018-6197;0.043910000;0.905630000
CVE-2018-6196;0.029370000;0.860430000
CVE-2018-6195;0.037160000;0.889220000
CVE-2018-6194;0.010280000;0.610460000
CVE-2018-6193;0.021210000;0.804610000
CVE-2018-6192;0.018460000;0.774100000
CVE-2018-6191;0.051970000;0.918390000
CVE-2018-6190;0.015790000;0.735980000
CVE-2018-6189;0.009310000;0.579900000
CVE-2018-6188;0.048060000;0.912720000
CVE-2018-6187;0.019060000;0.781530000
CVE-2018-6186;0.030790000;0.866500000
CVE-2018-6185;0.004550000;0.380190000
CVE-2018-6184;0.090600000;0.948870000
CVE-2018-6183;0.002950000;0.221710000
CVE-2018-6182;0.006870000;0.500250000
CVE-2018-6180;0.039870000;0.897100000
CVE-2018-6179;0.011780000;0.652620000
CVE-2018-6178;0.009220000;0.576720000
CVE-2018-6177;0.009050000;0.571660000
CVE-2018-6176;0.004860000;0.400150000
CVE-2018-6175;0.014030000;0.704770000
CVE-2018-6174;0.032960000;0.875550000
CVE-2018-6173;0.014030000;0.704770000
CVE-2018-6172;0.014030000;0.704760000
CVE-2018-6171;0.003520000;0.284830000
CVE-2018-6170;0.015460000;0.730850000
CVE-2018-6169;0.013500000;0.693460000
CVE-2018-6168;0.007870000;0.534330000
CVE-2018-6167;0.014030000;0.704770000
CVE-2018-6166;0.014620000;0.715850000
CVE-2018-6165;0.014980000;0.722610000
CVE-2018-6164;0.016630000;0.748760000
CVE-2018-6163;0.014030000;0.704770000
CVE-2018-6162;0.016320000;0.743980000
CVE-2018-6161;0.009030000;0.570810000
CVE-2018-6160;0.009690000;0.592170000
CVE-2018-6159;0.007870000;0.534330000
CVE-2018-6158;0.013210000;0.686870000
CVE-2018-6157;0.008250000;0.546880000
CVE-2018-6156;0.008610000;0.558170000
CVE-2018-6155;0.006750000;0.495380000
CVE-2018-6154;0.009030000;0.570800000
CVE-2018-6153;0.015880000;0.737160000
CVE-2018-6152;0.013150000;0.685430000
CVE-2018-6151;0.012080000;0.660160000
CVE-2018-6150;0.008670000;0.559960000
CVE-2018-6149;0.007260000;0.514270000
CVE-2018-6148;0.007040000;0.506240000
CVE-2018-6147;0.004000000;0.335260000
CVE-2018-6145;0.005930000;0.458800000
CVE-2018-6144;0.015120000;0.725170000
CVE-2018-6143;0.015970000;0.738530000
CVE-2018-6142;0.008330000;0.549330000
CVE-2018-6141;0.016660000;0.749190000
CVE-2018-6140;0.026440000;0.844390000
CVE-2018-6139;0.019480000;0.786580000
CVE-2018-6138;0.006320000;0.477290000
CVE-2018-6137;0.019020000;0.781040000
CVE-2018-6136;0.007570000;0.524860000
CVE-2018-6135;0.014260000;0.709020000
CVE-2018-6134;0.008600000;0.557900000
CVE-2018-6133;0.014220000;0.708330000
CVE-2018-6132;0.008680000;0.560460000
CVE-2018-6131;0.008960000;0.568830000
CVE-2018-6130;0.029540000;0.861180000
CVE-2018-6129;0.027460000;0.850580000
CVE-2018-6128;0.008730000;0.562250000
CVE-2018-6127;0.017900000;0.766630000
CVE-2018-6126;0.076660000;0.941190000
CVE-2018-6125;0.006090000;0.466130000
CVE-2018-6124;0.019310000;0.784480000
CVE-2018-6123;0.018820000;0.778670000
CVE-2018-6122;0.007170000;0.510840000
CVE-2018-6121;0.008610000;0.558060000
CVE-2018-6120;0.024220000;0.829260000
CVE-2018-6119;0.009160000;0.575040000
CVE-2018-6118;0.014950000;0.721770000
CVE-2018-6117;0.019480000;0.786550000
CVE-2018-6116;0.014240000;0.708570000
CVE-2018-6115;0.010600000;0.620020000
CVE-2018-6114;0.014620000;0.715860000
CVE-2018-6113;0.014530000;0.714030000
CVE-2018-6112;0.015880000;0.737130000
CVE-2018-6111;0.026230000;0.843040000
CVE-2018-6110;0.012470000;0.670210000
CVE-2018-6109;0.014140000;0.706690000
CVE-2018-6108;0.014460000;0.712620000
CVE-2018-6107;0.013910000;0.702350000
CVE-2018-6106;0.017160000;0.756590000
CVE-2018-6105;0.012590000;0.673270000
CVE-2018-6104;0.013910000;0.702350000
CVE-2018-6103;0.014940000;0.721740000
CVE-2018-6102;0.012100000;0.661010000
CVE-2018-6101;0.026580000;0.845290000
CVE-2018-6100;0.013910000;0.702350000
CVE-2018-6099;0.015970000;0.738540000
CVE-2018-6098;0.014490000;0.713230000
CVE-2018-6097;0.014530000;0.714020000
CVE-2018-6096;0.014850000;0.720200000
CVE-2018-6095;0.016050000;0.739810000
CVE-2018-6094;0.016170000;0.741690000
CVE-2018-6093;0.015970000;0.738540000
CVE-2018-6092;0.091860000;0.949350000
CVE-2018-6091;0.021390000;0.806290000
CVE-2018-6090;0.032680000;0.874430000
CVE-2018-6089;0.015970000;0.738540000
CVE-2018-6088;0.024220000;0.829260000
CVE-2018-6087;0.034530000;0.881010000
CVE-2018-6086;0.033480000;0.877430000
CVE-2018-6085;0.035640000;0.884450000
CVE-2018-6084;0.010960000;0.630290000
CVE-2018-6083;0.015500000;0.731630000
CVE-2018-6082;0.014000000;0.704100000
CVE-2018-6081;0.008800000;0.564210000
CVE-2018-6080;0.013730000;0.698950000
CVE-2018-6079;0.017090000;0.755580000
CVE-2018-6078;0.012020000;0.658650000
CVE-2018-6077;0.015230000;0.726770000
CVE-2018-6076;0.011590000;0.647060000
CVE-2018-6075;0.014820000;0.719720000
CVE-2018-6074;0.015210000;0.726520000
CVE-2018-6073;0.017900000;0.766660000
CVE-2018-6072;0.014020000;0.704520000
CVE-2018-6071;0.014810000;0.719410000
CVE-2018-6070;0.008530000;0.555510000
CVE-2018-6069;0.015540000;0.732410000
CVE-2018-6068;0.009710000;0.592700000
CVE-2018-6067;0.015400000;0.729710000
CVE-2018-6066;0.027960000;0.853570000
CVE-2018-6065;0.603040000;0.990690000
CVE-2018-6064;0.068920000;0.935560000
CVE-2018-6063;0.015400000;0.729710000
CVE-2018-6062;0.015530000;0.732150000
CVE-2018-6061;0.013450000;0.692410000
CVE-2018-6060;0.019890000;0.790900000
CVE-2018-6057;0.014830000;0.719770000
CVE-2018-6056;0.087930000;0.947690000
CVE-2018-6055;0.011430000;0.642360000
CVE-2018-6054;0.014330000;0.710310000
CVE-2018-6053;0.007550000;0.524220000
CVE-2018-6052;0.013490000;0.693230000
CVE-2018-6051;0.012940000;0.681160000
CVE-2018-6050;0.013380000;0.690870000
CVE-2018-6049;0.014530000;0.714020000
CVE-2018-6048;0.012940000;0.681160000
CVE-2018-6047;0.014400000;0.711490000
CVE-2018-6046;0.011750000;0.651690000
CVE-2018-6045;0.015370000;0.729140000
CVE-2018-6043;0.017350000;0.759040000
CVE-2018-6042;0.012290000;0.665840000
CVE-2018-6041;0.013270000;0.688220000
CVE-2018-6040;0.014010000;0.704270000
CVE-2018-6039;0.011750000;0.651690000
CVE-2018-6038;0.015390000;0.729710000
CVE-2018-6037;0.015970000;0.738540000
CVE-2018-6036;0.016150000;0.741360000
CVE-2018-6035;0.015330000;0.728580000
CVE-2018-6034;0.019080000;0.781800000
CVE-2018-6033;0.014740000;0.718270000
CVE-2018-6032;0.014140000;0.706690000
CVE-2018-6031;0.021490000;0.807110000
CVE-2018-6029;0.013610000;0.696180000
CVE-2018-6024;0.030500000;0.865310000
CVE-2018-6023;0.023540000;0.824330000
CVE-2018-6022;0.013760000;0.699510000
CVE-2018-6021;0.013480000;0.693010000
CVE-2018-6020;0.010790000;0.625200000
CVE-2018-6019;0.002580000;0.177300000
CVE-2018-6018;0.009690000;0.592160000
CVE-2018-6017;0.009690000;0.592160000
CVE-2018-6016;0.003360000;0.267720000
CVE-2018-6015;0.032160000;0.872330000
CVE-2018-6014;0.012440000;0.669590000
CVE-2018-6013;0.008360000;0.550210000
CVE-2018-6012;0.013430000;0.691980000
CVE-2018-6011;0.011310000;0.639640000
CVE-2018-6010;0.028590000;0.856800000
CVE-2018-6009;0.005920000;0.458430000
CVE-2018-6008;0.368230000;0.983850000
CVE-2018-6007;0.022640000;0.816730000
CVE-2018-6006;0.191500000;0.971070000
CVE-2018-6005;0.026520000;0.844800000
CVE-2018-6004;0.026520000;0.844830000
CVE-2018-6003;0.028250000;0.855130000
CVE-2018-6002;0.007800000;0.532240000
CVE-2018-6001;0.007800000;0.532240000
CVE-2018-6000;0.851610000;0.996970000
CVE-2018-5999;0.872640000;0.997380000
CVE-2018-5997;0.235370000;0.976230000
CVE-2018-5996;0.028750000;0.857560000
CVE-2018-5995;0.004080000;0.342930000
CVE-2018-5994;0.026520000;0.844830000
CVE-2018-5993;0.026520000;0.844840000
CVE-2018-5992;0.026520000;0.844830000
CVE-2018-5991;0.026520000;0.844860000
CVE-2018-5990;0.026520000;0.844860000
CVE-2018-5989;0.025900000;0.840860000
CVE-2018-5988;0.191500000;0.971070000
CVE-2018-5987;0.026520000;0.844890000
CVE-2018-5986;0.025900000;0.840850000
CVE-2018-5985;0.191500000;0.971060000
CVE-2018-5984;0.026520000;0.844810000
CVE-2018-5983;0.026520000;0.844800000
CVE-2018-5982;0.026520000;0.844810000
CVE-2018-5981;0.026520000;0.844900000
CVE-2018-5980;0.038000000;0.891840000
CVE-2018-5979;0.191500000;0.971070000
CVE-2018-5978;0.026520000;0.844910000
CVE-2018-5977;0.019160000;0.782780000
CVE-2018-5976;0.021270000;0.805130000
CVE-2018-5975;0.026520000;0.844890000
CVE-2018-5974;0.026520000;0.844900000
CVE-2018-5973;0.200970000;0.972440000
CVE-2018-5972;0.191500000;0.971060000
CVE-2018-5971;0.026520000;0.844890000
CVE-2018-5970;0.026520000;0.844890000
CVE-2018-5969;0.013850000;0.701220000
CVE-2018-5968;0.070190000;0.936720000
CVE-2018-5967;0.006720000;0.493790000
CVE-2018-5965;0.012400000;0.668410000
CVE-2018-5964;0.010310000;0.611270000
CVE-2018-5963;0.012400000;0.668410000
CVE-2018-5962;0.026300000;0.843510000
CVE-2018-5961;0.026300000;0.843510000
CVE-2018-5960;0.009340000;0.580910000
CVE-2018-5958;0.003310000;0.261890000
CVE-2018-5957;0.003310000;0.261900000
CVE-2018-5956;0.003310000;0.261890000
CVE-2018-5955;0.809820000;0.996000000
CVE-2018-5954;0.089330000;0.948350000
CVE-2018-5953;0.004010000;0.336170000
CVE-2018-5951;0.043080000;0.903960000
CVE-2018-5950;0.045690000;0.908930000
CVE-2018-5927;0.003830000;0.316890000
CVE-2018-5926;0.011720000;0.650740000
CVE-2018-5925;0.108860000;0.955220000
CVE-2018-5924;0.122270000;0.958560000
CVE-2018-5923;0.026150000;0.842550000
CVE-2018-5921;0.007410000;0.519390000
CVE-2018-5919;0.001720000;0.069290000
CVE-2018-5918;0.002130000;0.118790000
CVE-2018-5917;0.002610000;0.181320000
CVE-2018-5916;0.003730000;0.307160000
CVE-2018-5915;0.012690000;0.675500000
CVE-2018-5914;0.002080000;0.113090000
CVE-2018-5913;0.002080000;0.113120000
CVE-2018-5912;0.002280000;0.137800000
CVE-2018-5911;0.002160000;0.122900000
CVE-2018-5910;0.001900000;0.089840000
CVE-2018-5909;0.002000000;0.101870000
CVE-2018-5908;0.002050000;0.109070000
CVE-2018-5907;0.001730000;0.070480000
CVE-2018-5906;0.001900000;0.089940000
CVE-2018-5905;0.001420000;0.040220000
CVE-2018-5904;0.001870000;0.086760000
CVE-2018-5903;0.002200000;0.127340000
CVE-2018-5899;0.001680000;0.065490000
CVE-2018-5898;0.001610000;0.057920000
CVE-2018-5897;0.005340000;0.429530000
CVE-2018-5896;0.001640000;0.061170000
CVE-2018-5895;0.001660000;0.062840000
CVE-2018-5894;0.008390000;0.551080000
CVE-2018-5893;0.001840000;0.082740000
CVE-2018-5892;0.008470000;0.553420000
CVE-2018-5891;0.002230000;0.131630000
CVE-2018-5890;0.001720000;0.069130000
CVE-2018-5889;0.001910000;0.090760000
CVE-2018-5888;0.001700000;0.067490000
CVE-2018-5887;0.001700000;0.067480000
CVE-2018-5886;0.005960000;0.460280000
CVE-2018-5885;0.009570000;0.587890000
CVE-2018-5884;0.002110000;0.116820000
CVE-2018-5883;0.002310000;0.141750000
CVE-2018-5882;0.007330000;0.516820000
CVE-2018-5881;0.004270000;0.358870000
CVE-2018-5880;0.002280000;0.137800000
CVE-2018-5879;0.004270000;0.358860000
CVE-2018-5878;0.009290000;0.579220000
CVE-2018-5877;0.002420000;0.156200000
CVE-2018-5876;0.008240000;0.546530000
CVE-2018-5875;0.007800000;0.532100000
CVE-2018-5874;0.008240000;0.546530000
CVE-2018-5873;0.005040000;0.411310000
CVE-2018-5872;0.004730000;0.392260000
CVE-2018-5871;0.002770000;0.203100000
CVE-2018-5870;0.002420000;0.156210000
CVE-2018-5869;0.002230000;0.132000000
CVE-2018-5868;0.002610000;0.181320000
CVE-2018-5867;0.002610000;0.181320000
CVE-2018-5866;0.002290000;0.139470000
CVE-2018-5865;0.001780000;0.076230000
CVE-2018-5864;0.001760000;0.074170000
CVE-2018-5863;0.001510000;0.048340000
CVE-2018-5862;0.001940000;0.093990000
CVE-2018-5861;0.001690000;0.066930000
CVE-2018-5860;0.001320000;0.032000000
CVE-2018-5859;0.001270000;0.027880000
CVE-2018-5858;0.001910000;0.090680000
CVE-2018-5857;0.001570000;0.053660000
CVE-2018-5856;0.001970000;0.098850000
CVE-2018-5855;0.011210000;0.636950000
CVE-2018-5854;0.001640000;0.060780000
CVE-2018-5853;0.001370000;0.035870000
CVE-2018-5852;0.001150000;0.018290000
CVE-2018-5851;0.001680000;0.066140000
CVE-2018-5850;0.004400000;0.369070000
CVE-2018-5849;0.001190000;0.020730000
CVE-2018-5848;0.003660000;0.299870000
CVE-2018-5847;0.001650000;0.062290000
CVE-2018-5846;0.004080000;0.342820000
CVE-2018-5845;0.003000000;0.226810000
CVE-2018-5844;0.001650000;0.062290000
CVE-2018-5843;0.001680000;0.066150000
CVE-2018-5842;0.001680000;0.066140000
CVE-2018-5841;0.003880000;0.322900000
CVE-2018-5840;0.003880000;0.322900000
CVE-2018-5839;0.002080000;0.112120000
CVE-2018-5838;0.002030000;0.106300000
CVE-2018-5837;0.006300000;0.476090000
CVE-2018-5836;0.001780000;0.076230000
CVE-2018-5835;0.002070000;0.110940000
CVE-2018-5834;0.001930000;0.092660000
CVE-2018-5832;0.001290000;0.030030000
CVE-2018-5831;0.001930000;0.093600000
CVE-2018-5830;0.002150000;0.121650000
CVE-2018-5829;0.008720000;0.561930000
CVE-2018-5828;0.001610000;0.057920000
CVE-2018-5827;0.002000000;0.101860000
CVE-2018-5826;0.003130000;0.241930000
CVE-2018-5825;0.001580000;0.054400000
CVE-2018-5824;0.001600000;0.057020000
CVE-2018-5823;0.001600000;0.057020000
CVE-2018-5822;0.004210000;0.354340000
CVE-2018-5821;0.003440000;0.276730000
CVE-2018-5820;0.004210000;0.354340000
CVE-2018-5819;0.028170000;0.854660000
CVE-2018-5818;0.023330000;0.822490000
CVE-2018-5817;0.025050000;0.835090000
CVE-2018-5816;0.021080000;0.803430000
CVE-2018-5815;0.022120000;0.812650000
CVE-2018-5814;0.003800000;0.314250000
CVE-2018-5813;0.020880000;0.801550000
CVE-2018-5812;0.017880000;0.766310000
CVE-2018-5811;0.017960000;0.767420000
CVE-2018-5810;0.021000000;0.802780000
CVE-2018-5809;0.027860000;0.853050000
CVE-2018-5808;0.028190000;0.854780000
CVE-2018-5807;0.019830000;0.790280000
CVE-2018-5806;0.016890000;0.752770000
CVE-2018-5805;0.019840000;0.790420000
CVE-2018-5804;0.016820000;0.751760000
CVE-2018-5803;0.005500000;0.437880000
CVE-2018-5802;0.019740000;0.789230000
CVE-2018-5801;0.020390000;0.796330000
CVE-2018-5800;0.025480000;0.838080000
CVE-2018-5799;0.019730000;0.789110000
CVE-2018-5798;0.006540000;0.486690000
CVE-2018-5797;0.004610000;0.384300000
CVE-2018-5796;0.014130000;0.706560000
CVE-2018-5795;0.006880000;0.500340000
CVE-2018-5794;0.008120000;0.542610000
CVE-2018-5793;0.009840000;0.596770000
CVE-2018-5792;0.009840000;0.596780000
CVE-2018-5791;0.009840000;0.596770000
CVE-2018-5790;0.004250000;0.357820000
CVE-2018-5789;0.010650000;0.621880000
CVE-2018-5788;0.013130000;0.685100000
CVE-2018-5787;0.013060000;0.683740000
CVE-2018-5786;0.013270000;0.688110000
CVE-2018-5785;0.023310000;0.822420000
CVE-2018-5784;0.029600000;0.861450000
CVE-2018-5783;0.010650000;0.621290000
CVE-2018-5782;0.190560000;0.970910000
CVE-2018-5781;0.017630000;0.763050000
CVE-2018-5780;0.017630000;0.763050000
CVE-2018-5779;0.027700000;0.851990000
CVE-2018-5778;0.011270000;0.638600000
CVE-2018-5777;0.016960000;0.753750000
CVE-2018-5776;0.020180000;0.794330000
CVE-2018-5773;0.008190000;0.545080000
CVE-2018-5772;0.018650000;0.776710000
CVE-2018-5770;0.027400000;0.850260000
CVE-2018-5768;0.035640000;0.884470000
CVE-2018-5767;0.473720000;0.987480000
CVE-2018-5766;0.024740000;0.832980000
CVE-2018-5764;0.063370000;0.930910000
CVE-2018-5763;0.010650000;0.621410000
CVE-2018-5762;0.010250000;0.609670000
CVE-2018-5761;0.005340000;0.429710000
CVE-2018-5759;0.050560000;0.916540000
CVE-2018-5758;0.030220000;0.864250000
CVE-2018-5757;0.076380000;0.941010000
CVE-2018-5756;0.055920000;0.922960000
CVE-2018-5755;0.078970000;0.942610000
CVE-2018-5754;0.029760000;0.862180000
CVE-2018-5753;0.082820000;0.944820000
CVE-2018-5752;0.045640000;0.908850000
CVE-2018-5751;0.091190000;0.949110000
CVE-2018-5750;0.004900000;0.402720000
CVE-2018-5749;0.024770000;0.833230000
CVE-2018-5748;0.031750000;0.870540000
CVE-2018-5747;0.012750000;0.677250000
CVE-2018-5745;0.022820000;0.818310000
CVE-2018-5744;0.033810000;0.878570000
CVE-2018-5743;0.064570000;0.931960000
CVE-2018-5742;0.015750000;0.735440000
CVE-2018-5741;0.034790000;0.881920000
CVE-2018-5740;0.596200000;0.990550000
CVE-2018-5739;0.018910000;0.779870000
CVE-2018-5738;0.111600000;0.956080000
CVE-2018-5737;0.104380000;0.953850000
CVE-2018-5736;0.180190000;0.969600000
CVE-2018-5735;0.013860000;0.701340000
CVE-2018-5734;0.062870000;0.930460000
CVE-2018-5733;0.202420000;0.972660000
CVE-2018-5732;0.049600000;0.915190000
CVE-2018-5731;0.004150000;0.348800000
CVE-2018-5730;0.022360000;0.814580000
CVE-2018-5729;0.025820000;0.840420000
CVE-2018-5728;0.013280000;0.688310000
CVE-2018-5727;0.018940000;0.780170000
CVE-2018-5726;0.198040000;0.972040000
CVE-2018-5725;0.046280000;0.909980000
CVE-2018-5724;0.115380000;0.956920000
CVE-2018-5723;0.097320000;0.951440000
CVE-2018-5721;0.019380000;0.785360000
CVE-2018-5720;0.027120000;0.848540000
CVE-2018-5718;0.002750000;0.200430000
CVE-2018-5717;0.012460000;0.670060000
CVE-2018-5716;0.017590000;0.762380000
CVE-2018-5715;0.069140000;0.935780000
CVE-2018-5714;0.003990000;0.333350000
CVE-2018-5713;0.010560000;0.618590000
CVE-2018-5712;0.799490000;0.995820000
CVE-2018-5711;0.132040000;0.960710000
CVE-2018-5710;0.017950000;0.767320000
CVE-2018-5709;0.020670000;0.799300000
CVE-2018-5708;0.061070000;0.928730000
CVE-2018-5706;0.010020000;0.602650000
CVE-2018-5705;0.014610000;0.715800000
CVE-2018-5704;0.045820000;0.909150000
CVE-2018-5703;0.026300000;0.843510000
CVE-2018-5702;0.119260000;0.957910000
CVE-2018-5701;0.184550000;0.970150000
CVE-2018-5700;0.033300000;0.876780000
CVE-2018-5698;0.010370000;0.613050000
CVE-2018-5697;0.010020000;0.602390000
CVE-2018-5696;0.014560000;0.714580000
CVE-2018-5695;0.012070000;0.660100000
CVE-2018-5694;0.023890000;0.826750000
CVE-2018-5693;0.003960000;0.331060000
CVE-2018-5692;0.006830000;0.498310000
CVE-2018-5691;0.007080000;0.507870000
CVE-2018-5690;0.009040000;0.571070000
CVE-2018-5689;0.009040000;0.571070000
CVE-2018-5688;0.032790000;0.874760000
CVE-2018-5687;0.005160000;0.418480000
CVE-2018-5686;0.014720000;0.717880000
CVE-2018-5685;0.019380000;0.785440000
CVE-2018-5684;0.012130000;0.661730000
CVE-2018-5683;0.006830000;0.498580000
CVE-2018-5682;0.008900000;0.566870000
CVE-2018-5681;0.005210000;0.421830000
CVE-2018-5680;0.033280000;0.876710000
CVE-2018-5679;0.040050000;0.897500000
CVE-2018-5678;0.040050000;0.897500000
CVE-2018-5677;0.040050000;0.897500000
CVE-2018-5676;0.033280000;0.876720000
CVE-2018-5675;0.039570000;0.896290000
CVE-2018-5674;0.040050000;0.897500000
CVE-2018-5673;0.007680000;0.528540000
CVE-2018-5672;0.006230000;0.473210000
CVE-2018-5671;0.006230000;0.473210000
CVE-2018-5670;0.006230000;0.473210000
CVE-2018-5669;0.005890000;0.457040000
CVE-2018-5668;0.006520000;0.486060000
CVE-2018-5667;0.006520000;0.486060000
CVE-2018-5666;0.006230000;0.473210000
CVE-2018-5665;0.006230000;0.473200000
CVE-2018-5664;0.007060000;0.506860000
CVE-2018-5663;0.006230000;0.473220000
CVE-2018-5662;0.006230000;0.473220000
CVE-2018-5661;0.007060000;0.506870000
CVE-2018-5660;0.006230000;0.473200000
CVE-2018-5659;0.007060000;0.506860000
CVE-2018-5658;0.006420000;0.481440000
CVE-2018-5657;0.007060000;0.506860000
CVE-2018-5656;0.006040000;0.463900000
CVE-2018-5655;0.007800000;0.532250000
CVE-2018-5654;0.009540000;0.587150000
CVE-2018-5653;0.009540000;0.587150000
CVE-2018-5652;0.006430000;0.481680000
CVE-2018-5651;0.006430000;0.481670000
CVE-2018-5650;0.011720000;0.650800000
CVE-2018-5560;0.016200000;0.742160000
CVE-2018-5559;0.006220000;0.472500000
CVE-2018-5553;0.024860000;0.833770000
CVE-2018-5552;0.002130000;0.118890000
CVE-2018-5551;0.016410000;0.745570000
CVE-2018-5550;0.368810000;0.983910000
CVE-2018-5549;0.017820000;0.765580000
CVE-2018-5548;0.014450000;0.712560000
CVE-2018-5547;0.002620000;0.182360000
CVE-2018-5546;0.004530000;0.378750000
CVE-2018-5545;0.023940000;0.827120000
CVE-2018-5544;0.024650000;0.832380000
CVE-2018-5543;0.012450000;0.669820000
CVE-2018-5542;0.012360000;0.667600000
CVE-2018-5541;0.018410000;0.773510000
CVE-2018-5540;0.004110000;0.345720000
CVE-2018-5539;0.017820000;0.765580000
CVE-2018-5538;0.007820000;0.532990000
CVE-2018-5537;0.011940000;0.656500000
CVE-2018-5536;0.023550000;0.824390000
CVE-2018-5535;0.026030000;0.841780000
CVE-2018-5534;0.017820000;0.765570000
CVE-2018-5533;0.017820000;0.765590000
CVE-2018-5532;0.011650000;0.649010000
CVE-2018-5531;0.005070000;0.413150000
CVE-2018-5530;0.017820000;0.765590000
CVE-2018-5529;0.004840000;0.398680000
CVE-2018-5528;0.012130000;0.661800000
CVE-2018-5527;0.025770000;0.840080000
CVE-2018-5526;0.019990000;0.792070000
CVE-2018-5525;0.009950000;0.600110000
CVE-2018-5524;0.016970000;0.753910000
CVE-2018-5523;0.022340000;0.814430000
CVE-2018-5522;0.015020000;0.723280000
CVE-2018-5521;0.009230000;0.576970000
CVE-2018-5520;0.010410000;0.614130000
CVE-2018-5519;0.010390000;0.613570000
CVE-2018-5518;0.004270000;0.359450000
CVE-2018-5517;0.017760000;0.764930000
CVE-2018-5516;0.003210000;0.250920000
CVE-2018-5515;0.032290000;0.872860000
CVE-2018-5514;0.039650000;0.896510000
CVE-2018-5513;0.017590000;0.762470000
CVE-2018-5512;0.030190000;0.864090000
CVE-2018-5511;0.144720000;0.963550000
CVE-2018-5510;0.010540000;0.618100000
CVE-2018-5509;0.028080000;0.854200000
CVE-2018-5508;0.008630000;0.558770000
CVE-2018-5507;0.011110000;0.634330000
CVE-2018-5506;0.007300000;0.515670000
CVE-2018-5505;0.020830000;0.801040000
CVE-2018-5504;0.043740000;0.905310000
CVE-2018-5503;0.017130000;0.756160000
CVE-2018-5502;0.013500000;0.693540000
CVE-2018-5501;0.013330000;0.689500000
CVE-2018-5500;0.013440000;0.692280000
CVE-2018-5499;0.013210000;0.686770000
CVE-2018-5498;0.012010000;0.658320000
CVE-2018-5497;0.003680000;0.301200000
CVE-2018-5496;0.003860000;0.321000000
CVE-2018-5495;0.015910000;0.737620000
CVE-2018-5493;0.017830000;0.765710000
CVE-2018-5492;0.028950000;0.858660000
CVE-2018-5490;0.008610000;0.558040000
CVE-2018-5489;0.007520000;0.523070000
CVE-2018-5488;0.039190000;0.895270000
CVE-2018-5487;0.028950000;0.858650000
CVE-2018-5486;0.004000000;0.335220000
CVE-2018-5485;0.004150000;0.348710000
CVE-2018-5482;0.009260000;0.577960000
CVE-2018-5481;0.006480000;0.484050000
CVE-2018-5479;0.020690000;0.799590000
CVE-2018-5478;0.004110000;0.345420000
CVE-2018-5477;0.012330000;0.666940000
CVE-2018-5476;0.017090000;0.755600000
CVE-2018-5475;0.037930000;0.891560000
CVE-2018-5474;0.061670000;0.929280000
CVE-2018-5473;0.058940000;0.926500000
CVE-2018-5472;0.045960000;0.909390000
CVE-2018-5471;0.009570000;0.587960000
CVE-2018-5470;0.005600000;0.442660000
CVE-2018-5469;0.028400000;0.855900000
CVE-2018-5468;0.045960000;0.909390000
CVE-2018-5467;0.012810000;0.678300000
CVE-2018-5466;0.019520000;0.786940000
CVE-2018-5465;0.017190000;0.756970000
CVE-2018-5464;0.019520000;0.786930000
CVE-2018-5463;0.004290000;0.361010000
CVE-2018-5462;0.019520000;0.786940000
CVE-2018-5461;0.004410000;0.370360000
CVE-2018-5459;0.026540000;0.845100000
CVE-2018-5458;0.012620000;0.673890000
CVE-2018-5457;0.003600000;0.293700000
CVE-2018-5455;0.015610000;0.733380000
CVE-2018-5454;0.034960000;0.882490000
CVE-2018-5453;0.011820000;0.653740000
CVE-2018-5452;0.021540000;0.807600000
CVE-2018-5451;0.026970000;0.847690000
CVE-2018-5449;0.004840000;0.398620000
CVE-2018-5448;0.007390000;0.518690000
CVE-2018-5447;0.024140000;0.828650000
CVE-2018-5446;0.003900000;0.324290000
CVE-2018-5445;0.018310000;0.772170000
CVE-2018-5443;0.011980000;0.657530000
CVE-2018-5442;0.037930000;0.891560000
CVE-2018-5441;0.002830000;0.209560000
CVE-2018-5440;0.030960000;0.867210000
CVE-2018-5439;0.042110000;0.902030000
CVE-2018-5438;0.004460000;0.373840000
CVE-2018-5437;0.009310000;0.579910000
CVE-2018-5436;0.010070000;0.604100000
CVE-2018-5435;0.032430000;0.873450000
CVE-2018-5434;0.012180000;0.662900000
CVE-2018-5433;0.014130000;0.706500000
CVE-2018-5432;0.008620000;0.558630000
CVE-2018-5431;0.006020000;0.463200000
CVE-2018-5430;0.500770000;0.988150000
CVE-2018-5429;0.015540000;0.732350000
CVE-2018-5428;0.030450000;0.865120000
CVE-2018-5413;0.012550000;0.672230000
CVE-2018-5412;0.006110000;0.466990000
CVE-2018-5411;0.007860000;0.534230000
CVE-2018-5410;0.015940000;0.738160000
CVE-2018-5409;0.010770000;0.624870000
CVE-2018-5408;0.007490000;0.522220000
CVE-2018-5407;0.034180000;0.879750000
CVE-2018-5406;0.122060000;0.958500000
CVE-2018-5405;0.036780000;0.888110000
CVE-2018-5404;0.038350000;0.892880000
CVE-2018-5403;0.024130000;0.828560000
CVE-2018-5402;0.008830000;0.565070000
CVE-2018-5401;0.008680000;0.560370000
CVE-2018-5400;0.007420000;0.519820000
CVE-2018-5399;0.020950000;0.802290000
CVE-2018-5393;0.128600000;0.959920000
CVE-2018-5392;0.014260000;0.709030000
CVE-2018-5391;0.324450000;0.982000000
CVE-2018-5390;0.737200000;0.994340000
CVE-2018-5389;0.030380000;0.864900000
CVE-2018-5388;0.039680000;0.896600000
CVE-2018-5387;0.016600000;0.748310000
CVE-2018-5386;0.046350000;0.910070000
CVE-2018-5385;0.041760000;0.901320000
CVE-2018-5384;0.043630000;0.905050000
CVE-2018-5383;0.008130000;0.542870000
CVE-2018-5382;0.002620000;0.182370000
CVE-2018-5381;0.301620000;0.980770000
CVE-2018-5380;0.148360000;0.964250000
CVE-2018-5379;0.384540000;0.984550000
CVE-2018-5378;0.742000000;0.994470000
CVE-2018-5377;0.020930000;0.802050000
CVE-2018-5376;0.008310000;0.548900000
CVE-2018-5375;0.008290000;0.548070000
CVE-2018-5374;0.012020000;0.658490000
CVE-2018-5373;0.012020000;0.658490000
CVE-2018-5372;0.012020000;0.658490000
CVE-2018-5371;0.419870000;0.985840000
CVE-2018-5370;0.021860000;0.810230000
CVE-2018-5369;0.006230000;0.473220000
CVE-2018-5368;0.006420000;0.481450000
CVE-2018-5367;0.008050000;0.540550000
CVE-2018-5366;0.007480000;0.521760000
CVE-2018-5365;0.007480000;0.521760000
CVE-2018-5364;0.008050000;0.540560000
CVE-2018-5363;0.007480000;0.521750000
CVE-2018-5362;0.008050000;0.540550000
CVE-2018-5361;0.010240000;0.609160000
CVE-2018-5360;0.018170000;0.770330000
CVE-2018-5359;0.089960000;0.948650000
CVE-2018-5358;0.016910000;0.753020000
CVE-2018-5357;0.036880000;0.888410000
CVE-2018-5354;0.018350000;0.772790000
CVE-2018-5353;0.110600000;0.955780000
CVE-2018-5349;0.003610000;0.294370000
CVE-2018-5347;0.541630000;0.989280000
CVE-2018-5345;0.021850000;0.810150000
CVE-2018-5344;0.003670000;0.300710000
CVE-2018-5342;0.037910000;0.891500000
CVE-2018-5341;0.082260000;0.944490000
CVE-2018-5340;0.052030000;0.918460000
CVE-2018-5339;0.075770000;0.940620000
CVE-2018-5338;0.089800000;0.948590000
CVE-2018-5337;0.094960000;0.950560000
CVE-2018-5336;0.026920000;0.847440000
CVE-2018-5335;0.018960000;0.780440000
CVE-2018-5334;0.018960000;0.780430000
CVE-2018-5333;0.076790000;0.941250000
CVE-2018-5332;0.004250000;0.357470000
CVE-2018-5331;0.006410000;0.481070000
CVE-2018-5330;0.017490000;0.761030000
CVE-2018-5329;0.005010000;0.409480000
CVE-2018-5328;0.012900000;0.680240000
CVE-2018-5327;0.011730000;0.651080000
CVE-2018-5326;0.011730000;0.651070000
CVE-2018-5319;0.123620000;0.958880000
CVE-2018-5316;0.036850000;0.888310000
CVE-2018-5315;0.048700000;0.913750000
CVE-2018-5314;0.028490000;0.856360000
CVE-2018-5313;0.005660000;0.446310000
CVE-2018-5312;0.005950000;0.459890000
CVE-2018-5311;0.005950000;0.459890000
CVE-2018-5310;0.015760000;0.735580000
CVE-2018-5309;0.010620000;0.620510000
CVE-2018-5308;0.013100000;0.684530000
CVE-2018-5307;0.012000000;0.658070000
CVE-2018-5306;0.010950000;0.630180000
CVE-2018-5304;0.007900000;0.535350000
CVE-2018-5303;0.005310000;0.427410000
CVE-2018-5301;0.004300000;0.361710000
CVE-2018-5299;0.030610000;0.865860000
CVE-2018-5298;0.004110000;0.345000000
CVE-2018-5296;0.010440000;0.615400000
CVE-2018-5295;0.010030000;0.602750000
CVE-2018-5294;0.018940000;0.780130000
CVE-2018-5293;0.012650000;0.674750000
CVE-2018-5292;0.012650000;0.674750000
CVE-2018-5291;0.036990000;0.888740000
CVE-2018-5290;0.036990000;0.888730000
CVE-2018-5289;0.036990000;0.888740000
CVE-2018-5288;0.014320000;0.710200000
CVE-2018-5287;0.036990000;0.888740000
CVE-2018-5286;0.012650000;0.674750000
CVE-2018-5285;0.007260000;0.513990000
CVE-2018-5284;0.007990000;0.538160000
CVE-2018-5283;0.016810000;0.751430000
CVE-2018-5282;0.015490000;0.731520000
CVE-2018-5281;0.025290000;0.836830000
CVE-2018-5280;0.025070000;0.835290000
CVE-2018-5279;0.004840000;0.398940000
CVE-2018-5278;0.003850000;0.319060000
CVE-2018-5277;0.004200000;0.353250000
CVE-2018-5276;0.004200000;0.353250000
CVE-2018-5275;0.004200000;0.353250000
CVE-2018-5274;0.004200000;0.353240000
CVE-2018-5273;0.004200000;0.353250000
CVE-2018-5272;0.004200000;0.353240000
CVE-2018-5271;0.004920000;0.404110000
CVE-2018-5270;0.004130000;0.347080000
CVE-2018-5269;0.013720000;0.698570000
CVE-2018-5268;0.015070000;0.724120000
CVE-2018-5267;0.025370000;0.837300000
CVE-2018-5266;0.020200000;0.794530000
CVE-2018-5265;0.029800000;0.862400000
CVE-2018-5264;0.014900000;0.721040000
CVE-2018-5263;0.015810000;0.736150000
CVE-2018-5262;0.391230000;0.984800000
CVE-2018-5261;0.004580000;0.382530000
CVE-2018-5259;0.019640000;0.788220000
CVE-2018-5258;0.008520000;0.555120000
CVE-2018-5256;0.016710000;0.749920000
CVE-2018-5255;0.010490000;0.616650000
CVE-2018-5254;0.012560000;0.672530000
CVE-2018-5253;0.010070000;0.603980000
CVE-2018-5252;0.008910000;0.567090000
CVE-2018-5251;0.018570000;0.775770000
CVE-2018-5249;0.015000000;0.723010000
CVE-2018-5248;0.035400000;0.883760000
CVE-2018-5247;0.020830000;0.800980000
CVE-2018-5246;0.036880000;0.888410000
CVE-2018-5244;0.003710000;0.305160000
CVE-2018-5243;0.017910000;0.766690000
CVE-2018-5242;0.003920000;0.326060000
CVE-2018-5241;0.046180000;0.909790000
CVE-2018-5240;0.010970000;0.630790000
CVE-2018-5239;0.003920000;0.326060000
CVE-2018-5238;0.015940000;0.738080000
CVE-2018-5237;0.019560000;0.787420000
CVE-2018-5236;0.010890000;0.627880000
CVE-2018-5235;0.003850000;0.319850000
CVE-2018-5234;0.167110000;0.967850000
CVE-2018-5233;0.033490000;0.877470000
CVE-2018-5232;0.010080000;0.604390000
CVE-2018-5231;0.028060000;0.854130000
CVE-2018-5230;0.376110000;0.984200000
CVE-2018-5229;0.005910000;0.458250000
CVE-2018-5228;0.012120000;0.661530000
CVE-2018-5227;0.006120000;0.467760000
CVE-2018-5226;0.014630000;0.716020000
CVE-2018-5225;0.034910000;0.882320000
CVE-2018-5224;0.027210000;0.849040000
CVE-2018-5223;0.021240000;0.804850000
CVE-2018-5221;0.039140000;0.894960000
CVE-2018-5220;0.003990000;0.333380000
CVE-2018-5219;0.003990000;0.333380000
CVE-2018-5218;0.003990000;0.333360000
CVE-2018-5217;0.003990000;0.333360000
CVE-2018-5216;0.005370000;0.431010000
CVE-2018-5215;0.005370000;0.431020000
CVE-2018-5214;0.005950000;0.459900000
CVE-2018-5213;0.010200000;0.607830000
CVE-2018-5212;0.010200000;0.607840000
CVE-2018-5211;0.019290000;0.784350000
CVE-2018-5210;0.017970000;0.767570000
CVE-2018-5208;0.023780000;0.825860000
CVE-2018-5207;0.019140000;0.782450000
CVE-2018-5206;0.021570000;0.807910000
CVE-2018-5205;0.024390000;0.830470000
CVE-2018-5204;0.023400000;0.823170000
CVE-2018-5203;0.023400000;0.823180000
CVE-2018-5202;0.015480000;0.731020000
CVE-2018-5201;0.006800000;0.497210000
CVE-2018-5200;0.016750000;0.750560000
CVE-2018-5199;0.016710000;0.749910000
CVE-2018-5198;0.014130000;0.706640000
CVE-2018-5197;0.011370000;0.640900000
CVE-2018-5196;0.014390000;0.711380000
CVE-2018-5195;0.025950000;0.841310000
CVE-2018-5190;0.014020000;0.704470000
CVE-2018-5189;0.012040000;0.658970000
CVE-2018-5188;0.039450000;0.895980000
CVE-2018-5187;0.029800000;0.862360000
CVE-2018-5186;0.021980000;0.811470000
CVE-2018-5185;0.015380000;0.729350000
CVE-2018-5184;0.017750000;0.764770000
CVE-2018-5183;0.031390000;0.869010000
CVE-2018-5182;0.020580000;0.798330000
CVE-2018-5181;0.024330000;0.830120000
CVE-2018-5180;0.022780000;0.817960000
CVE-2018-5179;0.014890000;0.720970000
CVE-2018-5178;0.049930000;0.915660000
CVE-2018-5177;0.038140000;0.892330000
CVE-2018-5176;0.014450000;0.712560000
CVE-2018-5175;0.014540000;0.714330000
CVE-2018-5174;0.018470000;0.774270000
CVE-2018-5173;0.018200000;0.770820000
CVE-2018-5172;0.016230000;0.742510000
CVE-2018-5170;0.017600000;0.762510000
CVE-2018-5169;0.013530000;0.694280000
CVE-2018-5168;0.023800000;0.826020000
CVE-2018-5167;0.014430000;0.712140000
CVE-2018-5166;0.024020000;0.827690000
CVE-2018-5165;0.016730000;0.750170000
CVE-2018-5164;0.015960000;0.738470000
CVE-2018-5163;0.020870000;0.801410000
CVE-2018-5162;0.019540000;0.787240000
CVE-2018-5161;0.020520000;0.797820000
CVE-2018-5160;0.026540000;0.845110000
CVE-2018-5159;0.210360000;0.973870000
CVE-2018-5158;0.104450000;0.953880000
CVE-2018-5157;0.016160000;0.741420000
CVE-2018-5156;0.037550000;0.890440000
CVE-2018-5155;0.034480000;0.880860000
CVE-2018-5154;0.032590000;0.874150000
CVE-2018-5153;0.016800000;0.751350000
CVE-2018-5152;0.016300000;0.743620000
CVE-2018-5151;0.027210000;0.848990000
CVE-2018-5150;0.031390000;0.869000000
CVE-2018-5148;0.029750000;0.862130000
CVE-2018-5147;0.024390000;0.830480000
CVE-2018-5146;0.119050000;0.957850000
CVE-2018-5145;0.029330000;0.860290000
CVE-2018-5144;0.032640000;0.874300000
CVE-2018-5143;0.009380000;0.582090000
CVE-2018-5142;0.012130000;0.661790000
CVE-2018-5141;0.015850000;0.736800000
CVE-2018-5140;0.012990000;0.682350000
CVE-2018-5138;0.011100000;0.634200000
CVE-2018-5137;0.016580000;0.747930000
CVE-2018-5136;0.016230000;0.742470000
CVE-2018-5135;0.015280000;0.727570000
CVE-2018-5134;0.016580000;0.747930000
CVE-2018-5133;0.015210000;0.726530000
CVE-2018-5132;0.014690000;0.717420000
CVE-2018-5131;0.022930000;0.819240000
CVE-2018-5130;0.023620000;0.824840000
CVE-2018-5129;0.030060000;0.863580000
CVE-2018-5128;0.018170000;0.770340000
CVE-2018-5127;0.079230000;0.942730000
CVE-2018-5126;0.017490000;0.761040000
CVE-2018-5125;0.024520000;0.831480000
CVE-2018-5124;0.010130000;0.606060000
CVE-2018-5123;0.005040000;0.411320000
CVE-2018-5122;0.028260000;0.855150000
CVE-2018-5121;0.014710000;0.717740000
CVE-2018-5119;0.015580000;0.732890000
CVE-2018-5118;0.015580000;0.732890000
CVE-2018-5117;0.023860000;0.826490000
CVE-2018-5116;0.011670000;0.649480000
CVE-2018-5115;0.024840000;0.833650000
CVE-2018-5114;0.015580000;0.732890000
CVE-2018-5113;0.020470000;0.797290000
CVE-2018-5112;0.019870000;0.790710000
CVE-2018-5111;0.015800000;0.736110000
CVE-2018-5110;0.014710000;0.717730000
CVE-2018-5109;0.006170000;0.469990000
CVE-2018-5108;0.011520000;0.645130000
CVE-2018-5107;0.017700000;0.764050000
CVE-2018-5106;0.012720000;0.676440000
CVE-2018-5105;0.004230000;0.356560000
CVE-2018-5104;0.071700000;0.937970000
CVE-2018-5103;0.030270000;0.864450000
CVE-2018-5102;0.070670000;0.937060000
CVE-2018-5101;0.017970000;0.767540000
CVE-2018-5100;0.053750000;0.920410000
CVE-2018-5099;0.030270000;0.864450000
CVE-2018-5098;0.030720000;0.866250000
CVE-2018-5097;0.071700000;0.937980000
CVE-2018-5096;0.029580000;0.861410000
CVE-2018-5095;0.042110000;0.902060000
CVE-2018-5094;0.152550000;0.964990000
CVE-2018-5093;0.197850000;0.972020000
CVE-2018-5092;0.018170000;0.770340000
CVE-2018-5091;0.033500000;0.877510000
CVE-2018-5090;0.022450000;0.815310000
CVE-2018-5089;0.033010000;0.875750000
CVE-2018-5088;0.003990000;0.333490000
CVE-2018-5087;0.003990000;0.333470000
CVE-2018-5086;0.003990000;0.333470000
CVE-2018-5085;0.003990000;0.333440000
CVE-2018-5084;0.003990000;0.333470000
CVE-2018-5083;0.003990000;0.333450000
CVE-2018-5082;0.003990000;0.333380000
CVE-2018-5081;0.003990000;0.333390000
CVE-2018-5080;0.003990000;0.333490000
CVE-2018-5079;0.003990000;0.333490000
CVE-2018-5078;0.004920000;0.403840000
CVE-2018-5077;0.004920000;0.403830000
CVE-2018-5076;0.004920000;0.403820000
CVE-2018-5075;0.004920000;0.403830000
CVE-2018-5074;0.004920000;0.403840000
CVE-2018-5073;0.003970000;0.331520000
CVE-2018-5072;0.004920000;0.403830000
CVE-2018-5071;0.008090000;0.541580000
CVE-2018-5070;0.254000000;0.977810000
CVE-2018-5069;0.254000000;0.977810000
CVE-2018-5068;0.277560000;0.979360000
CVE-2018-5067;0.136720000;0.961920000
CVE-2018-5066;0.078790000;0.942490000
CVE-2018-5065;0.315440000;0.981480000
CVE-2018-5064;0.254000000;0.977810000
CVE-2018-5063;0.310220000;0.981210000
CVE-2018-5062;0.078790000;0.942480000
CVE-2018-5061;0.087550000;0.947500000
CVE-2018-5060;0.084250000;0.945590000
CVE-2018-5059;0.081060000;0.943780000
CVE-2018-5058;0.136720000;0.961920000
CVE-2018-5057;0.092370000;0.949590000
CVE-2018-5056;0.084250000;0.945610000
CVE-2018-5055;0.084250000;0.945640000
CVE-2018-5054;0.084250000;0.945640000
CVE-2018-5053;0.084250000;0.945660000
CVE-2018-5052;0.136720000;0.961930000
CVE-2018-5051;0.084250000;0.945650000
CVE-2018-5050;0.084250000;0.945660000
CVE-2018-5049;0.084250000;0.945660000
CVE-2018-5048;0.084250000;0.945640000
CVE-2018-5047;0.084250000;0.945600000
CVE-2018-5046;0.084250000;0.945600000
CVE-2018-5045;0.136720000;0.961940000
CVE-2018-5044;0.084250000;0.945600000
CVE-2018-5043;0.092370000;0.949590000
CVE-2018-5042;0.081060000;0.943790000
CVE-2018-5041;0.136720000;0.961920000
CVE-2018-5040;0.136720000;0.961930000
CVE-2018-5039;0.084250000;0.945650000
CVE-2018-5038;0.136720000;0.961910000
CVE-2018-5037;0.092370000;0.949580000
CVE-2018-5036;0.136720000;0.961930000
CVE-2018-5035;0.084250000;0.945610000
CVE-2018-5034;0.092370000;0.949590000
CVE-2018-5033;0.084250000;0.945630000
CVE-2018-5032;0.130740000;0.960460000
CVE-2018-5031;0.084250000;0.945620000
CVE-2018-5030;0.091370000;0.949170000
CVE-2018-5029;0.084250000;0.945650000
CVE-2018-5028;0.136720000;0.961920000
CVE-2018-5027;0.084250000;0.945650000
CVE-2018-5026;0.078790000;0.942500000
CVE-2018-5025;0.078790000;0.942490000
CVE-2018-5024;0.078790000;0.942480000
CVE-2018-5023;0.078790000;0.942510000
CVE-2018-5022;0.078790000;0.942480000
CVE-2018-5021;0.084970000;0.946110000
CVE-2018-5020;0.081060000;0.943800000
CVE-2018-5019;0.084250000;0.945580000
CVE-2018-5018;0.084250000;0.945640000
CVE-2018-5017;0.084250000;0.945580000
CVE-2018-5016;0.084250000;0.945580000
CVE-2018-5015;0.136720000;0.961930000
CVE-2018-5014;0.084250000;0.945590000
CVE-2018-5012;0.092370000;0.949580000
CVE-2018-5011;0.087030000;0.947200000
CVE-2018-5010;0.078790000;0.942490000
CVE-2018-5009;0.087030000;0.947200000
CVE-2018-5008;0.067600000;0.934560000
CVE-2018-5007;0.180020000;0.969590000
CVE-2018-5006;0.537550000;0.989160000
CVE-2018-5005;0.038610000;0.893600000
CVE-2018-5004;0.042740000;0.903320000
CVE-2018-5003;0.048710000;0.913750000
CVE-2018-5002;0.253530000;0.977780000
CVE-2018-5001;0.133460000;0.961070000
CVE-2018-5000;0.138860000;0.962410000
CVE-2018-4999;0.099560000;0.952270000
CVE-2018-4998;0.085890000;0.946570000
CVE-2018-4997;0.084840000;0.946010000
CVE-2018-4996;0.089530000;0.948470000
CVE-2018-4995;0.071800000;0.938070000
CVE-2018-4994;0.095340000;0.950720000
CVE-2018-4993;0.868980000;0.997320000
CVE-2018-4992;0.010310000;0.611420000
CVE-2018-4991;0.046850000;0.910840000
CVE-2018-4990;0.366140000;0.983760000
CVE-2018-4989;0.117750000;0.957510000
CVE-2018-4988;0.117750000;0.957500000
CVE-2018-4987;0.134870000;0.961430000
CVE-2018-4986;0.110220000;0.955630000
CVE-2018-4985;0.367980000;0.983850000
CVE-2018-4984;0.155960000;0.965660000
CVE-2018-4983;0.117750000;0.957520000
CVE-2018-4982;0.249130000;0.977400000
CVE-2018-4981;0.110220000;0.955640000
CVE-2018-4980;0.092060000;0.949420000
CVE-2018-4979;0.092080000;0.949440000
CVE-2018-4978;0.155960000;0.965650000
CVE-2018-4977;0.117750000;0.957510000
CVE-2018-4976;0.110220000;0.955640000
CVE-2018-4975;0.110220000;0.955630000
CVE-2018-4974;0.092060000;0.949420000
CVE-2018-4973;0.110220000;0.955660000
CVE-2018-4972;0.090830000;0.948980000
CVE-2018-4971;0.092060000;0.949420000
CVE-2018-4970;0.110220000;0.955640000
CVE-2018-4969;0.110220000;0.955650000
CVE-2018-4968;0.155960000;0.965650000
CVE-2018-4967;0.110220000;0.955650000
CVE-2018-4966;0.155960000;0.965660000
CVE-2018-4965;0.099340000;0.952210000
CVE-2018-4964;0.110220000;0.955640000
CVE-2018-4963;0.110220000;0.955650000
CVE-2018-4962;0.110220000;0.955660000
CVE-2018-4961;0.117750000;0.957510000
CVE-2018-4960;0.110220000;0.955660000
CVE-2018-4959;0.117750000;0.957510000
CVE-2018-4958;0.117750000;0.957520000
CVE-2018-4957;0.110220000;0.955660000
CVE-2018-4956;0.331430000;0.982350000
CVE-2018-4955;0.110220000;0.955670000
CVE-2018-4954;0.093940000;0.950210000
CVE-2018-4953;0.094630000;0.950440000
CVE-2018-4952;0.093940000;0.950210000
CVE-2018-4951;0.090830000;0.948970000
CVE-2018-4950;0.108180000;0.955070000
CVE-2018-4949;0.331430000;0.982350000
CVE-2018-4948;0.155960000;0.965660000
CVE-2018-4947;0.155960000;0.965650000
CVE-2018-4946;0.081060000;0.943790000
CVE-2018-4945;0.068120000;0.934960000
CVE-2018-4944;0.088040000;0.947750000
CVE-2018-4943;0.067840000;0.934740000
CVE-2018-4942;0.040090000;0.897590000
CVE-2018-4941;0.017910000;0.766750000
CVE-2018-4940;0.017910000;0.766750000
CVE-2018-4939;0.629130000;0.991330000
CVE-2018-4938;0.007270000;0.514720000
CVE-2018-4937;0.261630000;0.978350000
CVE-2018-4936;0.287450000;0.979950000
CVE-2018-4935;0.261630000;0.978350000
CVE-2018-4934;0.231580000;0.975910000
CVE-2018-4933;0.047360000;0.911700000
CVE-2018-4932;0.051100000;0.917250000
CVE-2018-4931;0.023790000;0.825940000
CVE-2018-4930;0.023790000;0.825930000
CVE-2018-4929;0.023790000;0.825940000
CVE-2018-4928;0.043620000;0.905050000
CVE-2018-4927;0.036050000;0.885710000
CVE-2018-4926;0.061330000;0.928950000
CVE-2018-4925;0.039230000;0.895350000
CVE-2018-4924;0.142860000;0.963160000
CVE-2018-4923;0.094270000;0.950310000
CVE-2018-4921;0.041980000;0.901750000
CVE-2018-4920;0.077720000;0.941820000
CVE-2018-4919;0.075590000;0.940480000
CVE-2018-4918;0.120560000;0.958180000
CVE-2018-4917;0.176340000;0.969130000
CVE-2018-4916;0.150510000;0.964580000
CVE-2018-4915;0.150510000;0.964590000
CVE-2018-4914;0.112100000;0.956200000
CVE-2018-4913;0.135030000;0.961460000
CVE-2018-4912;0.107920000;0.954960000
CVE-2018-4911;0.097820000;0.951650000
CVE-2018-4910;0.245280000;0.977070000
CVE-2018-4909;0.107920000;0.954940000
CVE-2018-4908;0.107920000;0.954940000
CVE-2018-4907;0.107920000;0.954950000
CVE-2018-4906;0.212490000;0.974060000
CVE-2018-4905;0.112100000;0.956210000
CVE-2018-4904;0.427960000;0.986100000
CVE-2018-4903;0.220350000;0.974790000
CVE-2018-4902;0.122360000;0.958590000
CVE-2018-4901;0.161890000;0.966840000
CVE-2018-4900;0.107920000;0.954960000
CVE-2018-4899;0.107920000;0.954960000
CVE-2018-4898;0.150510000;0.964590000
CVE-2018-4897;0.107920000;0.954960000
CVE-2018-4896;0.107920000;0.954950000
CVE-2018-4895;0.136660000;0.961900000
CVE-2018-4894;0.107920000;0.954970000
CVE-2018-4893;0.107920000;0.954950000
CVE-2018-4892;0.122360000;0.958590000
CVE-2018-4891;0.107920000;0.954940000
CVE-2018-4890;0.245280000;0.977080000
CVE-2018-4889;0.107920000;0.954950000
CVE-2018-4888;0.122360000;0.958590000
CVE-2018-4887;0.107920000;0.954930000
CVE-2018-4886;0.107920000;0.954970000
CVE-2018-4885;0.112100000;0.956200000
CVE-2018-4884;0.112100000;0.956210000
CVE-2018-4883;0.107920000;0.954930000
CVE-2018-4882;0.107920000;0.954930000
CVE-2018-4881;0.107920000;0.954970000
CVE-2018-4880;0.107920000;0.954930000
CVE-2018-4879;0.286350000;0.979900000
CVE-2018-4878;0.895320000;0.997760000
CVE-2018-4877;0.083490000;0.945160000
CVE-2018-4876;0.039730000;0.896740000
CVE-2018-4875;0.038130000;0.892310000
CVE-2018-4873;0.012850000;0.679260000
CVE-2018-4872;0.115210000;0.956880000
CVE-2018-4871;0.055090000;0.921860000
CVE-2018-4868;0.015970000;0.738570000
CVE-2018-4863;0.012030000;0.658770000
CVE-2018-4862;0.010840000;0.626730000
CVE-2018-4861;0.019030000;0.781130000
CVE-2018-4860;0.037370000;0.889890000
CVE-2018-4859;0.037370000;0.889890000
CVE-2018-4858;0.018410000;0.773450000
CVE-2018-4856;0.012930000;0.681030000
CVE-2018-4855;0.010230000;0.608890000
CVE-2018-4854;0.025770000;0.840070000
CVE-2018-4853;0.022960000;0.819540000
CVE-2018-4852;0.027960000;0.853560000
CVE-2018-4851;0.014550000;0.714470000
CVE-2018-4850;0.025120000;0.835560000
CVE-2018-4849;0.007510000;0.522610000
CVE-2018-4848;0.010240000;0.608980000
CVE-2018-4847;0.002750000;0.200740000
CVE-2018-4846;0.017610000;0.762720000
CVE-2018-4845;0.011620000;0.647940000
CVE-2018-4844;0.004270000;0.358810000
CVE-2018-4843;0.005470000;0.436260000
CVE-2018-4842;0.008290000;0.548040000
CVE-2018-4841;0.047570000;0.912030000
CVE-2018-4840;0.017770000;0.765050000
CVE-2018-4839;0.005760000;0.450670000
CVE-2018-4838;0.014040000;0.704920000
CVE-2018-4837;0.026640000;0.845690000
CVE-2018-4836;0.018030000;0.768380000
CVE-2018-4835;0.022060000;0.812170000
CVE-2018-4834;0.033300000;0.876800000
CVE-2018-4833;0.009540000;0.587230000
CVE-2018-4832;0.024370000;0.830300000
CVE-2018-4478;0.002750000;0.199800000
CVE-2018-4474;0.017060000;0.755100000
CVE-2018-4470;0.007130000;0.509560000
CVE-2018-4468;0.006900000;0.501240000
CVE-2018-4467;0.007850000;0.533890000
CVE-2018-4465;0.007800000;0.532110000
CVE-2018-4464;0.014630000;0.716040000
CVE-2018-4463;0.007960000;0.537160000
CVE-2018-4462;0.006880000;0.500610000
CVE-2018-4461;0.010520000;0.617430000
CVE-2018-4460;0.015360000;0.729090000
CVE-2018-4456;0.011110000;0.634280000
CVE-2018-4452;0.012360000;0.667580000
CVE-2018-4451;0.009060000;0.571820000
CVE-2018-4450;0.007960000;0.537150000
CVE-2018-4449;0.009620000;0.589650000
CVE-2018-4448;0.002950000;0.221530000
CVE-2018-4447;0.010520000;0.617430000
CVE-2018-4446;0.006130000;0.468110000
CVE-2018-4445;0.005880000;0.456860000
CVE-2018-4444;0.011170000;0.635870000
CVE-2018-4443;0.058530000;0.926130000
CVE-2018-4442;0.058270000;0.925800000
CVE-2018-4441;0.127060000;0.959530000
CVE-2018-4440;0.016230000;0.742510000
CVE-2018-4439;0.019360000;0.785130000
CVE-2018-4438;0.058270000;0.925810000
CVE-2018-4437;0.014690000;0.717310000
CVE-2018-4436;0.009080000;0.572520000
CVE-2018-4435;0.030920000;0.867050000
CVE-2018-4434;0.003090000;0.237520000
CVE-2018-4433;0.007470000;0.521320000
CVE-2018-4431;0.007390000;0.518610000
CVE-2018-4430;0.002960000;0.223030000
CVE-2018-4429;0.007850000;0.533630000
CVE-2018-4428;0.002750000;0.199840000
CVE-2018-4427;0.010610000;0.620150000
CVE-2018-4426;0.010610000;0.620150000
CVE-2018-4425;0.010610000;0.620150000
CVE-2018-4424;0.009210000;0.576430000
CVE-2018-4423;0.008910000;0.567160000
CVE-2018-4422;0.013670000;0.697510000
CVE-2018-4421;0.009150000;0.574920000
CVE-2018-4420;0.010610000;0.620160000
CVE-2018-4419;0.010610000;0.620170000
CVE-2018-4418;0.008470000;0.553550000
CVE-2018-4417;0.008100000;0.542190000
CVE-2018-4416;0.341730000;0.982770000
CVE-2018-4415;0.012410000;0.668760000
CVE-2018-4414;0.010680000;0.622520000
CVE-2018-4413;0.011210000;0.636990000
CVE-2018-4412;0.011030000;0.632310000
CVE-2018-4411;0.010820000;0.626280000
CVE-2018-4410;0.009350000;0.581290000
CVE-2018-4409;0.016400000;0.745350000
CVE-2018-4408;0.010610000;0.620150000
CVE-2018-4407;0.220240000;0.974780000
CVE-2018-4406;0.010960000;0.630290000
CVE-2018-4404;0.139190000;0.962480000
CVE-2018-4403;0.006880000;0.500600000
CVE-2018-4402;0.009630000;0.589970000
CVE-2018-4401;0.010610000;0.620170000
CVE-2018-4400;0.009130000;0.574090000
CVE-2018-4399;0.009280000;0.578790000
CVE-2018-4398;0.016300000;0.743760000
CVE-2018-4397;0.008180000;0.544640000
CVE-2018-4396;0.008470000;0.553540000
CVE-2018-4395;0.003490000;0.281650000
CVE-2018-4394;0.009280000;0.578850000
CVE-2018-4393;0.009430000;0.583920000
CVE-2018-4392;0.014560000;0.714680000
CVE-2018-4391;0.008660000;0.559630000
CVE-2018-4390;0.008660000;0.559630000
CVE-2018-4389;0.009660000;0.590710000
CVE-2018-4388;0.003270000;0.257800000
CVE-2018-4387;0.003230000;0.253230000
CVE-2018-4386;0.064340000;0.931800000
CVE-2018-4385;0.009670000;0.591000000
CVE-2018-4384;0.027590000;0.851380000
CVE-2018-4383;0.010610000;0.620170000
CVE-2018-4382;0.058270000;0.925800000
CVE-2018-4381;0.006140000;0.468710000
CVE-2018-4380;0.003220000;0.252380000
CVE-2018-4379;0.003220000;0.252380000
CVE-2018-4378;0.014630000;0.716040000
CVE-2018-4377;0.011910000;0.655960000
CVE-2018-4376;0.013770000;0.699560000
CVE-2018-4375;0.013770000;0.699560000
CVE-2018-4374;0.021820000;0.809990000
CVE-2018-4373;0.017040000;0.754850000
CVE-2018-4372;0.017960000;0.767450000
CVE-2018-4371;0.009280000;0.578850000
CVE-2018-4369;0.015440000;0.730530000
CVE-2018-4368;0.015500000;0.731600000
CVE-2018-4367;0.064980000;0.932330000
CVE-2018-4366;0.064480000;0.931910000
CVE-2018-4365;0.007320000;0.516560000
CVE-2018-4363;0.009560000;0.587810000
CVE-2018-4362;0.009850000;0.597020000
CVE-2018-4361;0.021680000;0.808750000
CVE-2018-4360;0.021900000;0.810620000
CVE-2018-4359;0.021680000;0.808750000
CVE-2018-4358;0.021680000;0.808760000
CVE-2018-4357;0.009260000;0.578100000
CVE-2018-4356;0.010250000;0.609670000
CVE-2018-4355;0.008100000;0.542180000
CVE-2018-4354;0.009280000;0.578850000
CVE-2018-4353;0.012990000;0.682200000
CVE-2018-4352;0.003120000;0.241620000
CVE-2018-4351;0.008010000;0.538900000
CVE-2018-4350;0.009320000;0.580390000
CVE-2018-4348;0.003130000;0.241770000
CVE-2018-4347;0.014380000;0.711260000
CVE-2018-4346;0.008100000;0.542190000
CVE-2018-4345;0.014710000;0.717750000
CVE-2018-4344;0.029080000;0.859220000
CVE-2018-4343;0.019760000;0.789480000
CVE-2018-4342;0.003010000;0.228260000
CVE-2018-4341;0.009280000;0.578840000
CVE-2018-4340;0.010610000;0.620160000
CVE-2018-4339;0.002690000;0.192450000
CVE-2018-4338;0.014380000;0.711220000
CVE-2018-4337;0.010610000;0.620160000
CVE-2018-4336;0.010610000;0.620160000
CVE-2018-4335;0.008090000;0.541640000
CVE-2018-4334;0.009160000;0.575230000
CVE-2018-4333;0.008100000;0.542190000
CVE-2018-4332;0.021300000;0.805470000
CVE-2018-4331;0.043620000;0.905030000
CVE-2018-4330;0.030890000;0.866900000
CVE-2018-4329;0.012110000;0.661200000
CVE-2018-4328;0.096500000;0.951130000
CVE-2018-4327;0.023260000;0.821980000
CVE-2018-4326;0.009090000;0.572980000
CVE-2018-4325;0.003420000;0.274020000
CVE-2018-4324;0.007590000;0.525560000
CVE-2018-4323;0.096070000;0.950990000
CVE-2018-4322;0.003120000;0.241620000
CVE-2018-4321;0.013150000;0.685400000
CVE-2018-4319;0.010750000;0.624220000
CVE-2018-4318;0.093460000;0.949980000
CVE-2018-4317;0.093460000;0.949990000
CVE-2018-4316;0.020840000;0.801140000
CVE-2018-4315;0.093880000;0.950170000
CVE-2018-4314;0.105930000;0.954330000
CVE-2018-4313;0.003480000;0.281090000
CVE-2018-4312;0.093460000;0.949980000
CVE-2018-4311;0.020610000;0.798740000
CVE-2018-4310;0.019400000;0.785670000
CVE-2018-4309;0.014780000;0.718880000
CVE-2018-4308;0.008100000;0.542180000
CVE-2018-4307;0.010680000;0.622510000
CVE-2018-4306;0.093460000;0.949990000
CVE-2018-4305;0.005490000;0.437190000
CVE-2018-4304;0.009320000;0.580230000
CVE-2018-4303;0.009200000;0.576190000
CVE-2018-4302;0.009150000;0.574720000
CVE-2018-4301;0.005450000;0.435440000
CVE-2018-4300;0.018410000;0.773560000
CVE-2018-4299;0.021680000;0.808740000
CVE-2018-4298;0.013040000;0.683240000
CVE-2018-4296;0.010350000;0.612760000
CVE-2018-4295;0.013510000;0.693790000
CVE-2018-4293;0.013390000;0.691150000
CVE-2018-4291;0.020590000;0.798440000
CVE-2018-4290;0.008410000;0.551630000
CVE-2018-4289;0.007960000;0.537250000
CVE-2018-4288;0.020590000;0.798450000
CVE-2018-4287;0.020590000;0.798440000
CVE-2018-4286;0.020590000;0.798440000
CVE-2018-4285;0.007960000;0.537160000
CVE-2018-4284;0.015840000;0.736730000
CVE-2018-4283;0.003160000;0.245230000
CVE-2018-4282;0.003490000;0.281760000
CVE-2018-4281;0.010100000;0.605000000
CVE-2018-4280;0.020600000;0.798630000
CVE-2018-4279;0.008090000;0.541880000
CVE-2018-4278;0.022790000;0.818050000
CVE-2018-4277;0.018670000;0.776970000
CVE-2018-4276;0.012290000;0.666150000
CVE-2018-4275;0.006690000;0.493080000
CVE-2018-4274;0.008270000;0.547520000
CVE-2018-4273;0.020640000;0.799060000
CVE-2018-4272;0.020650000;0.799100000
CVE-2018-4271;0.016080000;0.740350000
CVE-2018-4270;0.020550000;0.798080000
CVE-2018-4269;0.009800000;0.595740000
CVE-2018-4268;0.012940000;0.681300000
CVE-2018-4267;0.019760000;0.789490000
CVE-2018-4266;0.017840000;0.765860000
CVE-2018-4265;0.019850000;0.790510000
CVE-2018-4264;0.020650000;0.799090000
CVE-2018-4263;0.019760000;0.789490000
CVE-2018-4262;0.025710000;0.839690000
CVE-2018-4261;0.019850000;0.790510000
CVE-2018-4260;0.007850000;0.533630000
CVE-2018-4259;0.020590000;0.798440000
CVE-2018-4258;0.012880000;0.679920000
CVE-2018-4257;0.012880000;0.679930000
CVE-2018-4256;0.002930000;0.219470000
CVE-2018-4255;0.002930000;0.219480000
CVE-2018-4254;0.012940000;0.681300000
CVE-2018-4253;0.009080000;0.572620000
CVE-2018-4252;0.003450000;0.277410000
CVE-2018-4251;0.012340000;0.667230000
CVE-2018-4250;0.013840000;0.701000000
CVE-2018-4249;0.021890000;0.810530000
CVE-2018-4248;0.023980000;0.827390000
CVE-2018-4247;0.014590000;0.715290000
CVE-2018-4246;0.030750000;0.866360000
CVE-2018-4244;0.003420000;0.274460000
CVE-2018-4243;0.185400000;0.970270000
CVE-2018-4242;0.028280000;0.855330000
CVE-2018-4241;0.081210000;0.943900000
CVE-2018-4240;0.069060000;0.935730000
CVE-2018-4239;0.003450000;0.277410000
CVE-2018-4238;0.003100000;0.238530000
CVE-2018-4237;0.137490000;0.962160000
CVE-2018-4236;0.011910000;0.655860000
CVE-2018-4235;0.004660000;0.387110000
CVE-2018-4234;0.011910000;0.655850000
CVE-2018-4233;0.533370000;0.989030000
CVE-2018-4232;0.021520000;0.807450000
CVE-2018-4230;0.041110000;0.899870000
CVE-2018-4229;0.020580000;0.798330000
CVE-2018-4228;0.009030000;0.571030000
CVE-2018-4227;0.018690000;0.777160000
CVE-2018-4226;0.005100000;0.414950000
CVE-2018-4225;0.005140000;0.417580000
CVE-2018-4224;0.005100000;0.414950000
CVE-2018-4223;0.003500000;0.282790000
CVE-2018-4222;0.103770000;0.953660000
CVE-2018-4221;0.012490000;0.670820000
CVE-2018-4220;0.021760000;0.809480000
CVE-2018-4219;0.009060000;0.571960000
CVE-2018-4218;0.089640000;0.948520000
CVE-2018-4217;0.009470000;0.585070000
CVE-2018-4216;0.007360000;0.517690000
CVE-2018-4215;0.009100000;0.573260000
CVE-2018-4214;0.021660000;0.808570000
CVE-2018-4213;0.020000000;0.792190000
CVE-2018-4212;0.020470000;0.797260000
CVE-2018-4211;0.017410000;0.760000000
CVE-2018-4210;0.019460000;0.786300000
CVE-2018-4209;0.020560000;0.798210000
CVE-2018-4208;0.020560000;0.798210000
CVE-2018-4207;0.020450000;0.797000000
CVE-2018-4206;0.049160000;0.914440000
CVE-2018-4205;0.016730000;0.750170000
CVE-2018-4204;0.031810000;0.870740000
CVE-2018-4203;0.015440000;0.730530000
CVE-2018-4202;0.014570000;0.714850000
CVE-2018-4201;0.026730000;0.846300000
CVE-2018-4200;0.085830000;0.946530000
CVE-2018-4199;0.031640000;0.870120000
CVE-2018-4198;0.014260000;0.709040000
CVE-2018-4197;0.093880000;0.950170000
CVE-2018-4196;0.014780000;0.718970000
CVE-2018-4195;0.009660000;0.590710000
CVE-2018-4194;0.019310000;0.784520000
CVE-2018-4193;0.056180000;0.923400000
CVE-2018-4192;0.123180000;0.958810000
CVE-2018-4191;0.021680000;0.808750000
CVE-2018-4190;0.035200000;0.883190000
CVE-2018-4189;0.016580000;0.747950000
CVE-2018-4188;0.025750000;0.839950000
CVE-2018-4187;0.024680000;0.832530000
CVE-2018-4186;0.009470000;0.585070000
CVE-2018-4185;0.029540000;0.861190000
CVE-2018-4184;0.013850000;0.701110000
CVE-2018-4183;0.003780000;0.311590000
CVE-2018-4182;0.003780000;0.311600000
CVE-2018-4181;0.004520000;0.378130000
CVE-2018-4180;0.004540000;0.379170000
CVE-2018-4179;0.003250000;0.255340000
CVE-2018-4178;0.002630000;0.182880000
CVE-2018-4176;0.009160000;0.574980000
CVE-2018-4175;0.010910000;0.628350000
CVE-2018-4174;0.014800000;0.719290000
CVE-2018-4173;0.006990000;0.504340000
CVE-2018-4172;0.003880000;0.322980000
CVE-2018-4171;0.010000000;0.601860000
CVE-2018-4170;0.003270000;0.257240000
CVE-2018-4169;0.012940000;0.681300000
CVE-2018-4168;0.003760000;0.309960000
CVE-2018-4167;0.011310000;0.639460000
CVE-2018-4166;0.011310000;0.639470000
CVE-2018-4165;0.019270000;0.784030000
CVE-2018-4164;0.024490000;0.831270000
CVE-2018-4163;0.020520000;0.797840000
CVE-2018-4162;0.384310000;0.984530000
CVE-2018-4161;0.019110000;0.782130000
CVE-2018-4160;0.014940000;0.721760000
CVE-2018-4159;0.009210000;0.576330000
CVE-2018-4158;0.011210000;0.636920000
CVE-2018-4157;0.011310000;0.639460000
CVE-2018-4156;0.011310000;0.639460000
CVE-2018-4155;0.011310000;0.639460000
CVE-2018-4154;0.011310000;0.639470000
CVE-2018-4153;0.009260000;0.578080000
CVE-2018-4152;0.010840000;0.626940000
CVE-2018-4151;0.011210000;0.636910000
CVE-2018-4150;0.047710000;0.912220000
CVE-2018-4149;0.015780000;0.735880000
CVE-2018-4148;0.052940000;0.919550000
CVE-2018-4147;0.015390000;0.729620000
CVE-2018-4146;0.013370000;0.690700000
CVE-2018-4145;0.021020000;0.802950000
CVE-2018-4144;0.020120000;0.793750000
CVE-2018-4143;0.014700000;0.717440000
CVE-2018-4142;0.028580000;0.856740000
CVE-2018-4141;0.009210000;0.576330000
CVE-2018-4140;0.032090000;0.871980000
CVE-2018-4139;0.044820000;0.907300000
CVE-2018-4138;0.010900000;0.628300000
CVE-2018-4137;0.023430000;0.823440000
CVE-2018-4136;0.014940000;0.721760000
CVE-2018-4135;0.013490000;0.693310000
CVE-2018-4134;0.015780000;0.735880000
CVE-2018-4133;0.015140000;0.725410000
CVE-2018-4132;0.013490000;0.693310000
CVE-2018-4131;0.011430000;0.642420000
CVE-2018-4130;0.018670000;0.776900000
CVE-2018-4129;0.020640000;0.799000000
CVE-2018-4128;0.019380000;0.785450000
CVE-2018-4127;0.019380000;0.785450000
CVE-2018-4126;0.019000000;0.780860000
CVE-2018-4125;0.020520000;0.797830000
CVE-2018-4124;0.066570000;0.933590000
CVE-2018-4123;0.003730000;0.306580000
CVE-2018-4122;0.020640000;0.799000000
CVE-2018-4121;0.133400000;0.961020000
CVE-2018-4120;0.019380000;0.785450000
CVE-2018-4119;0.019270000;0.784030000
CVE-2018-4118;0.019380000;0.785450000
CVE-2018-4117;0.030740000;0.866350000
CVE-2018-4116;0.012290000;0.666070000
CVE-2018-4115;0.022530000;0.815850000
CVE-2018-4114;0.020520000;0.797830000
CVE-2018-4113;0.021040000;0.803160000
CVE-2018-4112;0.020570000;0.798250000
CVE-2018-4111;0.011360000;0.640650000
CVE-2018-4110;0.038480000;0.893180000
CVE-2018-4109;0.012850000;0.679400000
CVE-2018-4108;0.017270000;0.757890000
CVE-2018-4107;0.020390000;0.796320000
CVE-2018-4106;0.016990000;0.754100000
CVE-2018-4105;0.017270000;0.757890000
CVE-2018-4104;0.011240000;0.637830000
CVE-2018-4102;0.011810000;0.653390000
CVE-2018-4101;0.019380000;0.785460000
CVE-2018-4100;0.028570000;0.856730000
CVE-2018-4098;0.013490000;0.693310000
CVE-2018-4097;0.015570000;0.732700000
CVE-2018-4096;0.018470000;0.774250000
CVE-2018-4095;0.018090000;0.769120000
CVE-2018-4094;0.015970000;0.738600000
CVE-2018-4093;0.010150000;0.606430000
CVE-2018-4092;0.006920000;0.502040000
CVE-2018-4091;0.017410000;0.759880000
CVE-2018-4090;0.036860000;0.888330000
CVE-2018-4089;0.065350000;0.932650000
CVE-2018-4088;0.018470000;0.774250000
CVE-2018-4087;0.072130000;0.938280000
CVE-2018-4086;0.009450000;0.584460000
CVE-2018-4085;0.015600000;0.733220000
CVE-2018-4084;0.019460000;0.786260000
CVE-2018-4083;0.037780000;0.891090000
CVE-2018-4082;0.014240000;0.708710000
CVE-2018-4073;0.260660000;0.978280000
CVE-2018-4072;0.268750000;0.978790000
CVE-2018-4071;0.186470000;0.970380000
CVE-2018-4070;0.182870000;0.969950000
CVE-2018-4069;0.040650000;0.898790000
CVE-2018-4068;0.113960000;0.956600000
CVE-2018-4067;0.041870000;0.901540000
CVE-2018-4066;0.019120000;0.782270000
CVE-2018-4065;0.048580000;0.913580000
CVE-2018-4064;0.144780000;0.963560000
CVE-2018-4063;0.275120000;0.979200000
CVE-2018-4062;0.053240000;0.919840000
CVE-2018-4061;0.194880000;0.971620000
CVE-2018-4059;0.018970000;0.780590000
CVE-2018-4058;0.009180000;0.575670000
CVE-2018-4056;0.029550000;0.861200000
CVE-2018-4055;0.005220000;0.421990000
CVE-2018-4054;0.006830000;0.498670000
CVE-2018-4053;0.003250000;0.255220000
CVE-2018-4052;0.003570000;0.290710000
CVE-2018-4051;0.002780000;0.203620000
CVE-2018-4050;0.003530000;0.285990000
CVE-2018-4049;0.003190000;0.248010000
CVE-2018-4048;0.005980000;0.461500000
CVE-2018-4047;0.003090000;0.237000000
CVE-2018-4046;0.003090000;0.237020000
CVE-2018-4045;0.003090000;0.237020000
CVE-2018-4044;0.003090000;0.237020000
CVE-2018-4043;0.004970000;0.407260000
CVE-2018-4042;0.003090000;0.237010000
CVE-2018-4041;0.003090000;0.237010000
CVE-2018-4040;0.010060000;0.603630000
CVE-2018-4039;0.014260000;0.709150000
CVE-2018-4038;0.012790000;0.677810000
CVE-2018-4037;0.003060000;0.234270000
CVE-2018-4036;0.003060000;0.234260000
CVE-2018-4035;0.003090000;0.237010000
CVE-2018-4034;0.003090000;0.237000000
CVE-2018-4033;0.003090000;0.237000000
CVE-2018-4032;0.003060000;0.233960000
CVE-2018-4031;0.026690000;0.846040000
CVE-2018-4030;0.011680000;0.649680000
CVE-2018-4029;0.028530000;0.856510000
CVE-2018-4028;0.013930000;0.702660000
CVE-2018-4027;0.017350000;0.759100000
CVE-2018-4026;0.014690000;0.717400000
CVE-2018-4025;0.016400000;0.745300000
CVE-2018-4024;0.016400000;0.745300000
CVE-2018-4023;0.028250000;0.855140000
CVE-2018-4022;0.015220000;0.726620000
CVE-2018-4021;0.722100000;0.993880000
CVE-2018-4020;0.487210000;0.987820000
CVE-2018-4019;0.487210000;0.987820000
CVE-2018-4018;0.023320000;0.822480000
CVE-2018-4017;0.004940000;0.405170000
CVE-2018-4016;0.007070000;0.507130000
CVE-2018-4015;0.007320000;0.516390000
CVE-2018-4014;0.022340000;0.814430000
CVE-2018-4013;0.096670000;0.951190000
CVE-2018-4012;0.025460000;0.837940000
CVE-2018-4011;0.013230000;0.687080000
CVE-2018-4010;0.050260000;0.916030000
CVE-2018-4009;0.004430000;0.371430000
CVE-2018-4008;0.004220000;0.355390000
CVE-2018-4007;0.003860000;0.320580000
CVE-2018-4006;0.006800000;0.497330000
CVE-2018-4005;0.006800000;0.497330000
CVE-2018-4004;0.003760000;0.309540000
CVE-2018-4003;0.018290000;0.772000000
CVE-2018-4002;0.015690000;0.734450000
CVE-2018-4001;0.014560000;0.714760000
CVE-2018-4000;0.010360000;0.613010000
CVE-2018-3999;0.008890000;0.566480000
CVE-2018-3998;0.010210000;0.608000000
CVE-2018-3997;0.030390000;0.864910000
CVE-2018-3996;0.031550000;0.869670000
CVE-2018-3995;0.025770000;0.840060000
CVE-2018-3994;0.031550000;0.869670000
CVE-2018-3993;0.031550000;0.869670000
CVE-2018-3992;0.028480000;0.856330000
CVE-2018-3991;0.343290000;0.982820000
CVE-2018-3990;0.006360000;0.478670000
CVE-2018-3989;0.005700000;0.447800000
CVE-2018-3988;0.005270000;0.425120000
CVE-2018-3987;0.003760000;0.310260000
CVE-2018-3986;0.004280000;0.360090000
CVE-2018-3985;0.018570000;0.775750000
CVE-2018-3984;0.013890000;0.701910000
CVE-2018-3983;0.014580000;0.715080000
CVE-2018-3982;0.012800000;0.678110000
CVE-2018-3981;0.022530000;0.815860000
CVE-2018-3980;0.014560000;0.714760000
CVE-2018-3979;0.014360000;0.710880000
CVE-2018-3978;0.010070000;0.604080000
CVE-2018-3977;0.034790000;0.881930000
CVE-2018-3976;0.018460000;0.774070000
CVE-2018-3975;0.012020000;0.658700000
CVE-2018-3974;0.005300000;0.426740000
CVE-2018-3973;0.018930000;0.780080000
CVE-2018-3972;0.036860000;0.888330000
CVE-2018-3971;0.005410000;0.433200000
CVE-2018-3970;0.004870000;0.401040000
CVE-2018-3969;0.005010000;0.409260000
CVE-2018-3968;0.002760000;0.200950000
CVE-2018-3967;0.062190000;0.929780000
CVE-2018-3966;0.062190000;0.929790000
CVE-2018-3965;0.060430000;0.928060000
CVE-2018-3964;0.094820000;0.950500000
CVE-2018-3963;0.026120000;0.842370000
CVE-2018-3962;0.024970000;0.834500000
CVE-2018-3961;0.023610000;0.824790000
CVE-2018-3960;0.023610000;0.824800000
CVE-2018-3959;0.023610000;0.824800000
CVE-2018-3958;0.028950000;0.858610000
CVE-2018-3957;0.028950000;0.858610000
CVE-2018-3956;0.460080000;0.987110000
CVE-2018-3955;0.048200000;0.912910000
CVE-2018-3954;0.033770000;0.878430000
CVE-2018-3953;0.135070000;0.961470000
CVE-2018-3952;0.008600000;0.557790000
CVE-2018-3951;0.039280000;0.895500000
CVE-2018-3950;0.029170000;0.859590000
CVE-2018-3949;0.532970000;0.989010000
CVE-2018-3948;0.230610000;0.975820000
CVE-2018-3947;0.012570000;0.672830000
CVE-2018-3946;0.031550000;0.869660000
CVE-2018-3945;0.031970000;0.871400000
CVE-2018-3944;0.025770000;0.840060000
CVE-2018-3943;0.025770000;0.840060000
CVE-2018-3942;0.031550000;0.869660000
CVE-2018-3941;0.031550000;0.869660000
CVE-2018-3940;0.021140000;0.804020000
CVE-2018-3939;0.023470000;0.823680000
CVE-2018-3938;0.032990000;0.875690000
CVE-2018-3937;0.096170000;0.951020000
CVE-2018-3936;0.020350000;0.795950000
CVE-2018-3935;0.022530000;0.815850000
CVE-2018-3934;0.026330000;0.843790000
CVE-2018-3933;0.020520000;0.797830000
CVE-2018-3932;0.025250000;0.836530000
CVE-2018-3931;0.024890000;0.833950000
CVE-2018-3930;0.016390000;0.745190000
CVE-2018-3929;0.024890000;0.833950000
CVE-2018-3928;0.022530000;0.815850000
CVE-2018-3927;0.011380000;0.641160000
CVE-2018-3926;0.004210000;0.354970000
CVE-2018-3925;0.014750000;0.718340000
CVE-2018-3924;0.441400000;0.986540000
CVE-2018-3923;0.014840000;0.720060000
CVE-2018-3922;0.014690000;0.717320000
CVE-2018-3921;0.014690000;0.717320000
CVE-2018-3920;0.005860000;0.456030000
CVE-2018-3919;0.009460000;0.584900000
CVE-2018-3918;0.009890000;0.598500000
CVE-2018-3917;0.009460000;0.584910000
CVE-2018-3916;0.003890000;0.323650000
CVE-2018-3915;0.003970000;0.331540000
CVE-2018-3914;0.004230000;0.355850000
CVE-2018-3913;0.003980000;0.332890000
CVE-2018-3912;0.003970000;0.331330000
CVE-2018-3911;0.012230000;0.664650000
CVE-2018-3910;0.016350000;0.744530000
CVE-2018-3909;0.012510000;0.671290000
CVE-2018-3908;0.012510000;0.671290000
CVE-2018-3907;0.014350000;0.710540000
CVE-2018-3906;0.004100000;0.344830000
CVE-2018-3905;0.014890000;0.721030000
CVE-2018-3904;0.017530000;0.761700000
CVE-2018-3903;0.018040000;0.768600000
CVE-2018-3902;0.017530000;0.761700000
CVE-2018-3900;0.025820000;0.840380000
CVE-2018-3899;0.019320000;0.784680000
CVE-2018-3898;0.019320000;0.784680000
CVE-2018-3897;0.015340000;0.728740000
CVE-2018-3896;0.015340000;0.728740000
CVE-2018-3895;0.018040000;0.768600000
CVE-2018-3894;0.018040000;0.768610000
CVE-2018-3893;0.018040000;0.768610000
CVE-2018-3892;0.026550000;0.845160000
CVE-2018-3891;0.004020000;0.336340000
CVE-2018-3890;0.016720000;0.750040000
CVE-2018-3889;0.014780000;0.718910000
CVE-2018-3888;0.014470000;0.712940000
CVE-2018-3887;0.014470000;0.712940000
CVE-2018-3886;0.014470000;0.712940000
CVE-2018-3885;0.009190000;0.575930000
CVE-2018-3884;0.009190000;0.575920000
CVE-2018-3883;0.009190000;0.575930000
CVE-2018-3882;0.009190000;0.575930000
CVE-2018-3881;0.012350000;0.667510000
CVE-2018-3880;0.012420000;0.668870000
CVE-2018-3879;0.015530000;0.732220000
CVE-2018-3878;0.015340000;0.728750000
CVE-2018-3877;0.018040000;0.768610000
CVE-2018-3876;0.018710000;0.777410000
CVE-2018-3875;0.015340000;0.728740000
CVE-2018-3874;0.018020000;0.768260000
CVE-2018-3873;0.018040000;0.768610000
CVE-2018-3872;0.017530000;0.761690000
CVE-2018-3871;0.014990000;0.722880000
CVE-2018-3870;0.014560000;0.714760000
CVE-2018-3868;0.012520000;0.671360000
CVE-2018-3867;0.020140000;0.793920000
CVE-2018-3866;0.015340000;0.728750000
CVE-2018-3865;0.018270000;0.771670000
CVE-2018-3864;0.018040000;0.768600000
CVE-2018-3863;0.017360000;0.759150000
CVE-2018-3862;0.010200000;0.607850000
CVE-2018-3861;0.014780000;0.718900000
CVE-2018-3860;0.014990000;0.722880000
CVE-2018-3859;0.018190000;0.770630000
CVE-2018-3858;0.014980000;0.722560000
CVE-2018-3857;0.018170000;0.770370000
CVE-2018-3856;0.034440000;0.880750000
CVE-2018-3855;0.019260000;0.783950000
CVE-2018-3854;0.004320000;0.363160000
CVE-2018-3853;0.033140000;0.876240000
CVE-2018-3852;0.019130000;0.782420000
CVE-2018-3851;0.027940000;0.853380000
CVE-2018-3850;0.028700000;0.857350000
CVE-2018-3849;0.040340000;0.898130000
CVE-2018-3848;0.038760000;0.893970000
CVE-2018-3847;0.028420000;0.856010000
CVE-2018-3846;0.030740000;0.866330000
CVE-2018-3845;0.027490000;0.850740000
CVE-2018-3844;0.030020000;0.863410000
CVE-2018-3843;0.240330000;0.976690000
CVE-2018-3842;0.032210000;0.872580000
CVE-2018-3841;0.016330000;0.744230000
CVE-2018-3840;0.016170000;0.741640000
CVE-2018-3839;0.026740000;0.846360000
CVE-2018-3838;0.018530000;0.775150000
CVE-2018-3837;0.012680000;0.675300000
CVE-2018-3836;0.014520000;0.713890000
CVE-2018-3835;0.024120000;0.828450000
CVE-2018-3834;0.005120000;0.415980000
CVE-2018-3833;0.011190000;0.636530000
CVE-2018-3832;0.016560000;0.747670000
CVE-2018-3831;0.019850000;0.790470000
CVE-2018-3830;0.016280000;0.743380000
CVE-2018-3829;0.007700000;0.529140000
CVE-2018-3828;0.005130000;0.416760000
CVE-2018-3827;0.010140000;0.606090000
CVE-2018-3826;0.006920000;0.501920000
CVE-2018-3825;0.005550000;0.440140000
CVE-2018-3824;0.008910000;0.567460000
CVE-2018-3823;0.006470000;0.483630000
CVE-2018-3822;0.016120000;0.740770000
CVE-2018-3821;0.009050000;0.571460000
CVE-2018-3820;0.008420000;0.551940000
CVE-2018-3819;0.008520000;0.555300000
CVE-2018-3818;0.010490000;0.616560000
CVE-2018-3817;0.010370000;0.613220000
CVE-2018-3815;0.008900000;0.566880000
CVE-2018-3814;0.018780000;0.778170000
CVE-2018-3813;0.011860000;0.654490000
CVE-2018-3811;0.420140000;0.985850000
CVE-2018-3810;0.911410000;0.998010000
CVE-2018-3809;0.010480000;0.616290000
CVE-2018-3787;0.020380000;0.796260000
CVE-2018-3786;0.122830000;0.958720000
CVE-2018-3785;0.040010000;0.897410000
CVE-2018-3784;0.032520000;0.873840000
CVE-2018-3783;0.037900000;0.891440000
CVE-2018-3781;0.007430000;0.520120000
CVE-2018-3780;0.008850000;0.565470000
CVE-2018-3779;0.061290000;0.928900000
CVE-2018-3778;0.014170000;0.707380000
CVE-2018-3777;0.015060000;0.723960000
CVE-2018-3776;0.012630000;0.674290000
CVE-2018-3775;0.012340000;0.667200000
CVE-2018-3774;0.038050000;0.891970000
CVE-2018-3773;0.009300000;0.579510000
CVE-2018-3772;0.027600000;0.851420000
CVE-2018-3771;0.009300000;0.579510000
CVE-2018-3770;0.005010000;0.409370000
CVE-2018-3769;0.014280000;0.709490000
CVE-2018-3767;0.014520000;0.713900000
CVE-2018-3766;0.019180000;0.783000000
CVE-2018-3764;0.006420000;0.481590000
CVE-2018-3763;0.006140000;0.468980000
CVE-2018-3762;0.008880000;0.566300000
CVE-2018-3761;0.016570000;0.747830000
CVE-2018-3760;0.267170000;0.978700000
CVE-2018-3759;0.006910000;0.501360000
CVE-2018-3758;0.274500000;0.979130000
CVE-2018-3757;0.045680000;0.908910000
CVE-2018-3756;0.008160000;0.544030000
CVE-2018-3755;0.009300000;0.579510000
CVE-2018-3754;0.012020000;0.658500000
CVE-2018-3753;0.014280000;0.709450000
CVE-2018-3752;0.014280000;0.709460000
CVE-2018-3751;0.014280000;0.709450000
CVE-2018-3750;0.021470000;0.806970000
CVE-2018-3749;0.014280000;0.709460000
CVE-2018-3748;0.009300000;0.579370000
CVE-2018-3747;0.009300000;0.579370000
CVE-2018-3746;0.049280000;0.914650000
CVE-2018-3745;0.021740000;0.809370000
CVE-2018-3744;0.022740000;0.817520000
CVE-2018-3743;0.009310000;0.580160000
CVE-2018-3741;0.012610000;0.673650000
CVE-2018-3740;0.014970000;0.722180000
CVE-2018-3739;0.020120000;0.793730000
CVE-2018-3738;0.009580000;0.588250000
CVE-2018-3737;0.017380000;0.759530000
CVE-2018-3735;0.008270000;0.547400000
CVE-2018-3734;0.019180000;0.783000000
CVE-2018-3733;0.022160000;0.812940000
CVE-2018-3732;0.024100000;0.828330000
CVE-2018-3731;0.020380000;0.796260000
CVE-2018-3730;0.020380000;0.796260000
CVE-2018-3729;0.020210000;0.794640000
CVE-2018-3728;0.041540000;0.900850000
CVE-2018-3727;0.020380000;0.796270000
CVE-2018-3726;0.010770000;0.624860000
CVE-2018-3725;0.020380000;0.796270000
CVE-2018-3724;0.017640000;0.763120000
CVE-2018-3723;0.020360000;0.796060000
CVE-2018-3722;0.020360000;0.796060000
CVE-2018-3721;0.024130000;0.828580000
CVE-2018-3720;0.020190000;0.794400000
CVE-2018-3719;0.021230000;0.804750000
CVE-2018-3718;0.013160000;0.685640000
CVE-2018-3717;0.013260000;0.687980000
CVE-2018-3716;0.006430000;0.481950000
CVE-2018-3715;0.014170000;0.707290000
CVE-2018-3714;0.086320000;0.946810000
CVE-2018-3713;0.014740000;0.718300000
CVE-2018-3712;0.017900000;0.766630000
CVE-2018-3711;0.017990000;0.767840000
CVE-2018-3710;0.028580000;0.856750000
CVE-2018-3705;0.002550000;0.172950000
CVE-2018-3704;0.002770000;0.202260000
CVE-2018-3703;0.002770000;0.202250000
CVE-2018-3702;0.003180000;0.247250000
CVE-2018-3701;0.003360000;0.267130000
CVE-2018-3700;0.005110000;0.415450000
CVE-2018-3699;0.009890000;0.598550000
CVE-2018-3698;0.003470000;0.279270000
CVE-2018-3697;0.003030000;0.230120000
CVE-2018-3696;0.003580000;0.291320000
CVE-2018-3693;0.084160000;0.945540000
CVE-2018-3691;0.002880000;0.214270000
CVE-2018-3689;0.002390000;0.152850000
CVE-2018-3688;0.003530000;0.286040000
CVE-2018-3687;0.003530000;0.286020000
CVE-2018-3686;0.004460000;0.373920000
CVE-2018-3684;0.003530000;0.286030000
CVE-2018-3683;0.003530000;0.286030000
CVE-2018-3682;0.003050000;0.232520000
CVE-2018-3679;0.012300000;0.666210000
CVE-2018-3672;0.003770000;0.311290000
CVE-2018-3671;0.004040000;0.339130000
CVE-2018-3670;0.003890000;0.323620000
CVE-2018-3669;0.011200000;0.636770000
CVE-2018-3668;0.003530000;0.286030000
CVE-2018-3667;0.003710000;0.305300000
CVE-2018-3666;0.003770000;0.311290000
CVE-2018-3665;0.006110000;0.467420000
CVE-2018-3663;0.004040000;0.339130000
CVE-2018-3662;0.006500000;0.485440000
CVE-2018-3661;0.003190000;0.248670000
CVE-2018-3659;0.004220000;0.355380000
CVE-2018-3658;0.033030000;0.875810000
CVE-2018-3657;0.005820000;0.453960000
CVE-2018-3655;0.004330000;0.363950000
CVE-2018-3652;0.003640000;0.297210000
CVE-2018-3650;0.003190000;0.249010000
CVE-2018-3649;0.005520000;0.439100000
CVE-2018-3646;0.081010000;0.943770000
CVE-2018-3645;0.003010000;0.228300000
CVE-2018-3643;0.004630000;0.385200000
CVE-2018-3641;0.011320000;0.639690000
CVE-2018-3640;0.075560000;0.940460000
CVE-2018-3639;0.606310000;0.990770000
CVE-2018-3638;0.003770000;0.311290000
CVE-2018-3635;0.003830000;0.317700000
CVE-2018-3634;0.003040000;0.232270000
CVE-2018-3632;0.003910000;0.325500000
CVE-2018-3629;0.009850000;0.597210000
CVE-2018-3628;0.013840000;0.701010000
CVE-2018-3627;0.005510000;0.438440000
CVE-2018-3626;0.002890000;0.215160000
CVE-2018-3624;0.013220000;0.687050000
CVE-2018-3621;0.005040000;0.411120000
CVE-2018-3620;0.055770000;0.922710000
CVE-2018-3619;0.002140000;0.121300000
CVE-2018-3616;0.023880000;0.826660000
CVE-2018-3615;0.063010000;0.930580000
CVE-2018-3613;0.004410000;0.370320000
CVE-2018-3612;0.003220000;0.251920000
CVE-2018-3611;0.016350000;0.744720000
CVE-2018-3610;0.003070000;0.235210000
CVE-2018-3609;0.214460000;0.974210000
CVE-2018-3608;0.033990000;0.879160000
CVE-2018-3607;0.143930000;0.963390000
CVE-2018-3606;0.487650000;0.987840000
CVE-2018-3605;0.198680000;0.972150000
CVE-2018-3604;0.680710000;0.992700000
CVE-2018-3603;0.081150000;0.943860000
CVE-2018-3602;0.081150000;0.943850000
CVE-2018-3601;0.042310000;0.902470000
CVE-2018-3600;0.017100000;0.755770000
CVE-2018-3599;0.004760000;0.394150000
CVE-2018-3598;0.004390000;0.368740000
CVE-2018-3597;0.001720000;0.069280000
CVE-2018-3596;0.004760000;0.394150000
CVE-2018-3595;0.002010000;0.102980000
CVE-2018-3594;0.012760000;0.677310000
CVE-2018-3593;0.012760000;0.677320000
CVE-2018-3592;0.012070000;0.660110000
CVE-2018-3591;0.012070000;0.660110000
CVE-2018-3590;0.012070000;0.660130000
CVE-2018-3589;0.013060000;0.683560000
CVE-2018-3588;0.002080000;0.113090000
CVE-2018-3587;0.001870000;0.086760000
CVE-2018-3586;0.006040000;0.464050000
CVE-2018-3584;0.004390000;0.368740000
CVE-2018-3583;0.002100000;0.115400000
CVE-2018-3582;0.001640000;0.061270000
CVE-2018-3581;0.001650000;0.062290000
CVE-2018-3580;0.003860000;0.320740000
CVE-2018-3579;0.001610000;0.058010000
CVE-2018-3578;0.004550000;0.380240000
CVE-2018-3577;0.008480000;0.553750000
CVE-2018-3576;0.001650000;0.062280000
CVE-2018-3574;0.002730000;0.197870000
CVE-2018-3573;0.001690000;0.066930000
CVE-2018-3572;0.001650000;0.062280000
CVE-2018-3571;0.001650000;0.062280000
CVE-2018-3570;0.001680000;0.065500000
CVE-2018-3569;0.001990000;0.100380000
CVE-2018-3568;0.001780000;0.076310000
CVE-2018-3567;0.001930000;0.092590000
CVE-2018-3566;0.003720000;0.305630000
CVE-2018-3565;0.003860000;0.320730000
CVE-2018-3564;0.001860000;0.085670000
CVE-2018-3563;0.004900000;0.402740000
CVE-2018-3562;0.003210000;0.250410000
CVE-2018-3561;0.001000000;0.009730000
CVE-2018-3560;0.001410000;0.039100000
CVE-2018-3316;0.011930000;0.656280000
CVE-2018-3315;0.011460000;0.643250000
CVE-2018-3314;0.010710000;0.623110000
CVE-2018-3312;0.008590000;0.557440000
CVE-2018-3311;0.016980000;0.753980000
CVE-2018-3309;0.005090000;0.414150000
CVE-2018-3305;0.010340000;0.612440000
CVE-2018-3304;0.014540000;0.714320000
CVE-2018-3303;0.011700000;0.650100000
CVE-2018-3302;0.014660000;0.716690000
CVE-2018-3301;0.015420000;0.730250000
CVE-2018-3300;0.007990000;0.538320000
CVE-2018-3299;0.018070000;0.768950000
CVE-2018-3298;0.007220000;0.512600000
CVE-2018-3297;0.007220000;0.512600000
CVE-2018-3296;0.007220000;0.512590000
CVE-2018-3295;0.017100000;0.755750000
CVE-2018-3294;0.023130000;0.820930000
CVE-2018-3293;0.007220000;0.512590000
CVE-2018-3292;0.007220000;0.512610000
CVE-2018-3291;0.007220000;0.512610000
CVE-2018-3290;0.007220000;0.512600000
CVE-2018-3289;0.007220000;0.512610000
CVE-2018-3288;0.007220000;0.512610000
CVE-2018-3287;0.007020000;0.505720000
CVE-2018-3286;0.014230000;0.708520000
CVE-2018-3285;0.021080000;0.803480000
CVE-2018-3284;0.023000000;0.819840000
CVE-2018-3283;0.024530000;0.831600000
CVE-2018-3282;0.039680000;0.896590000
CVE-2018-3281;0.011470000;0.643310000
CVE-2018-3280;0.021080000;0.803480000
CVE-2018-3279;0.021080000;0.803480000
CVE-2018-3278;0.034610000;0.881280000
CVE-2018-3277;0.026730000;0.846280000
CVE-2018-3276;0.035580000;0.884240000
CVE-2018-3275;0.023580000;0.824600000
CVE-2018-3274;0.017950000;0.767380000
CVE-2018-3273;0.027190000;0.848940000
CVE-2018-3272;0.005070000;0.412650000
CVE-2018-3271;0.003870000;0.321120000
CVE-2018-3270;0.004060000;0.341480000
CVE-2018-3269;0.020060000;0.793140000
CVE-2018-3268;0.027220000;0.849100000
CVE-2018-3267;0.020660000;0.799280000
CVE-2018-3266;0.003900000;0.324880000
CVE-2018-3265;0.004170000;0.350910000
CVE-2018-3264;0.004280000;0.359620000
CVE-2018-3263;0.015190000;0.726190000
CVE-2018-3262;0.017550000;0.761950000
CVE-2018-3261;0.021100000;0.803680000
CVE-2018-3259;0.034260000;0.880000000
CVE-2018-3258;0.037420000;0.890040000
CVE-2018-3257;0.015420000;0.730240000
CVE-2018-3256;0.017920000;0.766920000
CVE-2018-3255;0.015420000;0.730250000
CVE-2018-3254;0.015610000;0.733280000
CVE-2018-3253;0.014770000;0.718840000
CVE-2018-3252;0.280070000;0.979540000
CVE-2018-3251;0.030530000;0.865580000
CVE-2018-3250;0.015630000;0.733670000
CVE-2018-3249;0.020610000;0.798720000
CVE-2018-3248;0.024490000;0.831230000
CVE-2018-3247;0.028170000;0.854680000
CVE-2018-3246;0.028900000;0.858320000
CVE-2018-3245;0.942810000;0.998430000
CVE-2018-3244;0.019430000;0.785910000
CVE-2018-3243;0.020510000;0.797670000
CVE-2018-3242;0.020510000;0.797670000
CVE-2018-3241;0.011470000;0.643310000
CVE-2018-3239;0.021100000;0.803690000
CVE-2018-3238;0.045790000;0.909110000
CVE-2018-3237;0.020940000;0.802180000
CVE-2018-3236;0.020250000;0.795030000
CVE-2018-3235;0.020510000;0.797670000
CVE-2018-3234;0.014660000;0.716700000
CVE-2018-3233;0.014660000;0.716710000
CVE-2018-3232;0.014660000;0.716700000
CVE-2018-3231;0.014660000;0.716710000
CVE-2018-3230;0.014660000;0.716720000
CVE-2018-3229;0.014660000;0.716720000
CVE-2018-3228;0.014660000;0.716720000
CVE-2018-3227;0.014660000;0.716690000
CVE-2018-3226;0.014660000;0.716720000
CVE-2018-3225;0.014660000;0.716700000
CVE-2018-3224;0.014660000;0.716710000
CVE-2018-3223;0.014660000;0.716690000
CVE-2018-3222;0.014660000;0.716690000
CVE-2018-3221;0.014660000;0.716710000
CVE-2018-3220;0.018590000;0.776010000
CVE-2018-3219;0.018590000;0.776010000
CVE-2018-3218;0.015430000;0.730410000
CVE-2018-3217;0.015120000;0.725110000
CVE-2018-3215;0.011230000;0.637360000
CVE-2018-3214;0.070000000;0.936580000
CVE-2018-3213;0.043610000;0.905010000
CVE-2018-3212;0.023770000;0.825790000
CVE-2018-3211;0.004180000;0.351130000
CVE-2018-3210;0.016570000;0.747830000
CVE-2018-3209;0.026810000;0.846740000
CVE-2018-3208;0.020060000;0.793120000
CVE-2018-3207;0.015630000;0.733670000
CVE-2018-3206;0.015630000;0.733680000
CVE-2018-3205;0.015630000;0.733680000
CVE-2018-3204;0.015620000;0.733570000
CVE-2018-3203;0.021890000;0.810510000
CVE-2018-3202;0.021100000;0.803680000
CVE-2018-3201;0.033330000;0.876870000
CVE-2018-3200;0.026730000;0.846280000
CVE-2018-3198;0.021100000;0.803680000
CVE-2018-3197;0.033330000;0.876870000
CVE-2018-3196;0.020240000;0.794940000
CVE-2018-3195;0.017920000;0.766960000
CVE-2018-3194;0.015420000;0.730190000
CVE-2018-3193;0.015420000;0.730190000
CVE-2018-3192;0.024380000;0.830420000
CVE-2018-3191;0.631880000;0.991410000
CVE-2018-3190;0.020240000;0.794950000
CVE-2018-3189;0.019820000;0.790190000
CVE-2018-3188;0.020240000;0.794930000
CVE-2018-3187;0.028170000;0.854690000
CVE-2018-3186;0.021080000;0.803490000
CVE-2018-3185;0.025630000;0.839080000
CVE-2018-3184;0.013090000;0.684300000
CVE-2018-3183;0.028150000;0.854570000
CVE-2018-3182;0.021890000;0.810510000
CVE-2018-3181;0.004400000;0.369200000
CVE-2018-3180;0.033920000;0.878920000
CVE-2018-3179;0.017670000;0.763560000
CVE-2018-3178;0.015630000;0.733680000
CVE-2018-3177;0.015630000;0.733680000
CVE-2018-3176;0.015630000;0.733660000
CVE-2018-3175;0.015630000;0.733670000
CVE-2018-3174;0.008100000;0.542020000
CVE-2018-3173;0.026730000;0.846280000
CVE-2018-3172;0.027580000;0.851290000
CVE-2018-3171;0.020860000;0.801310000
CVE-2018-3170;0.021080000;0.803490000
CVE-2018-3169;0.040100000;0.897620000
CVE-2018-3168;0.011670000;0.649370000
CVE-2018-3167;0.171180000;0.968420000
CVE-2018-3166;0.012070000;0.659870000
CVE-2018-3165;0.024060000;0.828010000
CVE-2018-3164;0.015420000;0.730250000
CVE-2018-3163;0.017430000;0.760180000
CVE-2018-3162;0.032540000;0.873920000
CVE-2018-3161;0.034320000;0.880260000
CVE-2018-3160;0.005030000;0.410440000
CVE-2018-3159;0.004210000;0.354500000
CVE-2018-3158;0.012300000;0.666320000
CVE-2018-3157;0.024750000;0.833070000
CVE-2018-3156;0.037160000;0.889210000
CVE-2018-3155;0.036830000;0.888240000
CVE-2018-3154;0.015420000;0.730240000
CVE-2018-3153;0.015420000;0.730240000
CVE-2018-3152;0.020250000;0.795010000
CVE-2018-3151;0.027100000;0.848390000
CVE-2018-3150;0.023910000;0.826940000
CVE-2018-3149;0.071560000;0.937860000
CVE-2018-3148;0.011310000;0.639630000
CVE-2018-3147;0.017040000;0.754840000
CVE-2018-3146;0.015420000;0.730110000
CVE-2018-3145;0.024680000;0.832530000
CVE-2018-3144;0.044450000;0.906670000
CVE-2018-3143;0.037160000;0.889210000
CVE-2018-3142;0.020190000;0.794380000
CVE-2018-3141;0.019690000;0.788680000
CVE-2018-3140;0.015310000;0.728130000
CVE-2018-3139;0.052430000;0.918980000
CVE-2018-3138;0.020090000;0.793450000
CVE-2018-3137;0.021890000;0.810520000
CVE-2018-3136;0.036410000;0.886990000
CVE-2018-3135;0.017680000;0.763810000
CVE-2018-3134;0.004030000;0.338710000
CVE-2018-3133;0.029000000;0.858840000
CVE-2018-3132;0.015630000;0.733660000
CVE-2018-3131;0.004270000;0.358890000
CVE-2018-3130;0.012100000;0.661130000
CVE-2018-3129;0.017680000;0.763810000
CVE-2018-3128;0.016360000;0.744800000
CVE-2018-3127;0.012400000;0.668340000
CVE-2018-3126;0.014230000;0.708390000
CVE-2018-3125;0.011700000;0.650100000
CVE-2018-3123;0.020620000;0.798770000
CVE-2018-3122;0.012780000;0.677710000
CVE-2018-3120;0.011490000;0.644210000
CVE-2018-3115;0.010430000;0.614950000
CVE-2018-3111;0.012550000;0.672210000
CVE-2018-3110;0.024810000;0.833460000
CVE-2018-3109;0.019920000;0.791340000
CVE-2018-3108;0.018150000;0.770080000
CVE-2018-3105;0.009030000;0.571010000
CVE-2018-3104;0.014890000;0.721000000
CVE-2018-3103;0.014890000;0.720990000
CVE-2018-3102;0.014890000;0.721000000
CVE-2018-3101;0.021100000;0.803690000
CVE-2018-3100;0.026900000;0.847270000
CVE-2018-3099;0.014890000;0.720990000
CVE-2018-3098;0.017690000;0.763980000
CVE-2018-3097;0.017690000;0.763980000
CVE-2018-3096;0.017690000;0.763990000
CVE-2018-3095;0.017690000;0.763980000
CVE-2018-3094;0.017690000;0.763980000
CVE-2018-3093;0.017690000;0.763970000
CVE-2018-3092;0.017690000;0.763990000
CVE-2018-3091;0.005800000;0.452820000
CVE-2018-3090;0.005840000;0.455030000
CVE-2018-3089;0.005840000;0.455030000
CVE-2018-3088;0.005840000;0.455020000
CVE-2018-3087;0.005840000;0.455020000
CVE-2018-3086;0.005840000;0.455020000
CVE-2018-3085;0.005140000;0.417330000
CVE-2018-3084;0.004250000;0.357570000
CVE-2018-3082;0.013540000;0.694550000
CVE-2018-3081;0.024440000;0.830820000
CVE-2018-3080;0.020000000;0.792090000
CVE-2018-3079;0.020000000;0.792090000
CVE-2018-3078;0.020000000;0.792100000
CVE-2018-3077;0.034610000;0.881280000
CVE-2018-3076;0.014520000;0.713920000
CVE-2018-3075;0.020000000;0.792090000
CVE-2018-3074;0.017260000;0.757760000
CVE-2018-3073;0.020330000;0.795830000
CVE-2018-3072;0.020660000;0.799290000
CVE-2018-3071;0.029240000;0.859960000
CVE-2018-3070;0.036370000;0.886670000
CVE-2018-3069;0.010450000;0.615590000
CVE-2018-3068;0.015420000;0.730230000
CVE-2018-3067;0.020000000;0.792090000
CVE-2018-3066;0.019330000;0.784730000
CVE-2018-3065;0.036830000;0.888250000
CVE-2018-3064;0.031620000;0.870030000
CVE-2018-3063;0.032130000;0.872170000
CVE-2018-3062;0.030030000;0.863440000
CVE-2018-3061;0.029240000;0.859960000
CVE-2018-3060;0.029470000;0.860940000
CVE-2018-3059;0.011330000;0.639890000
CVE-2018-3058;0.024310000;0.829950000
CVE-2018-3057;0.004620000;0.384440000
CVE-2018-3056;0.025410000;0.837610000
CVE-2018-3055;0.005040000;0.410970000
CVE-2018-3054;0.034610000;0.881280000
CVE-2018-3053;0.010700000;0.623000000
CVE-2018-3052;0.010700000;0.623010000
CVE-2018-3051;0.020330000;0.795780000
CVE-2018-3050;0.020330000;0.795780000
CVE-2018-3049;0.010550000;0.618370000
CVE-2018-3048;0.012490000;0.670820000
CVE-2018-3047;0.016120000;0.740910000
CVE-2018-3046;0.016120000;0.740900000
CVE-2018-3045;0.012360000;0.667610000
CVE-2018-3044;0.012360000;0.667610000
CVE-2018-3043;0.016110000;0.740740000
CVE-2018-3042;0.016110000;0.740750000
CVE-2018-3041;0.022300000;0.814040000
CVE-2018-3040;0.022300000;0.814040000
CVE-2018-3039;0.020660000;0.799280000
CVE-2018-3038;0.020660000;0.799290000
CVE-2018-3037;0.014370000;0.710960000
CVE-2018-3036;0.014370000;0.710970000
CVE-2018-3035;0.020750000;0.800150000
CVE-2018-3034;0.010770000;0.624690000
CVE-2018-3033;0.016120000;0.740900000
CVE-2018-3032;0.012360000;0.667620000
CVE-2018-3031;0.016110000;0.740740000
CVE-2018-3030;0.022300000;0.814040000
CVE-2018-3029;0.021100000;0.803690000
CVE-2018-3028;0.014370000;0.710970000
CVE-2018-3027;0.020330000;0.795790000
CVE-2018-3026;0.010770000;0.624700000
CVE-2018-3025;0.016120000;0.740900000
CVE-2018-3024;0.012360000;0.667600000
CVE-2018-3023;0.016110000;0.740750000
CVE-2018-3022;0.022300000;0.814040000
CVE-2018-3021;0.020660000;0.799280000
CVE-2018-3020;0.014370000;0.710970000
CVE-2018-3019;0.010770000;0.624700000
CVE-2018-3018;0.020240000;0.794920000
CVE-2018-3017;0.020240000;0.794930000
CVE-2018-3016;0.012360000;0.667610000
CVE-2018-3015;0.020750000;0.800150000
CVE-2018-3014;0.020340000;0.795880000
CVE-2018-3013;0.020340000;0.795890000
CVE-2018-3012;0.020240000;0.794920000
CVE-2018-3011;0.020240000;0.794920000
CVE-2018-3010;0.023360000;0.822930000
CVE-2018-3009;0.023360000;0.822930000
CVE-2018-3008;0.020240000;0.794920000
CVE-2018-3007;0.027100000;0.848390000
CVE-2018-3006;0.015420000;0.730230000
CVE-2018-3005;0.004900000;0.402950000
CVE-2018-3004;0.026660000;0.845820000
CVE-2018-3003;0.005130000;0.416600000
CVE-2018-3002;0.004980000;0.407650000
CVE-2018-3001;0.005240000;0.423580000
CVE-2018-3000;0.005770000;0.451410000
CVE-2018-2999;0.015420000;0.730220000
CVE-2018-2998;0.010190000;0.607320000
CVE-2018-2997;0.020240000;0.794930000
CVE-2018-2996;0.027100000;0.848390000
CVE-2018-2995;0.020240000;0.794950000
CVE-2018-2994;0.021100000;0.803700000
CVE-2018-2993;0.020240000;0.794930000
CVE-2018-2992;0.355150000;0.983280000
CVE-2018-2991;0.020240000;0.794940000
CVE-2018-2990;0.021840000;0.810080000
CVE-2018-2989;0.014980000;0.722400000
CVE-2018-2988;0.019390000;0.785550000
CVE-2018-2987;0.012460000;0.670040000
CVE-2018-2986;0.015420000;0.730220000
CVE-2018-2985;0.015420000;0.730210000
CVE-2018-2984;0.020330000;0.795790000
CVE-2018-2982;0.015790000;0.735960000
CVE-2018-2981;0.012360000;0.667610000
CVE-2018-2980;0.016110000;0.740740000
CVE-2018-2979;0.022160000;0.812910000
CVE-2018-2978;0.017390000;0.759580000
CVE-2018-2977;0.024670000;0.832490000
CVE-2018-2976;0.022230000;0.813520000
CVE-2018-2975;0.021100000;0.803690000
CVE-2018-2974;0.014370000;0.710970000
CVE-2018-2973;0.046760000;0.910740000
CVE-2018-2972;0.035030000;0.882720000
CVE-2018-2971;0.014760000;0.718680000
CVE-2018-2970;0.010850000;0.627090000
CVE-2018-2969;0.010630000;0.620600000
CVE-2018-2968;0.011880000;0.655040000
CVE-2018-2967;0.005630000;0.444580000
CVE-2018-2966;0.011880000;0.655040000
CVE-2018-2965;0.010990000;0.631330000
CVE-2018-2964;0.027670000;0.851870000
CVE-2018-2963;0.010850000;0.627100000
CVE-2018-2962;0.007070000;0.507500000
CVE-2018-2961;0.010990000;0.631330000
CVE-2018-2960;0.010990000;0.631330000
CVE-2018-2959;0.011890000;0.655450000
CVE-2018-2958;0.020940000;0.802180000
CVE-2018-2957;0.027660000;0.851810000
CVE-2018-2956;0.004480000;0.375480000
CVE-2018-2955;0.021100000;0.803700000
CVE-2018-2954;0.004080000;0.342570000
CVE-2018-2953;0.020240000;0.794940000
CVE-2018-2952;0.041840000;0.901480000
CVE-2018-2951;0.005240000;0.423580000
CVE-2018-2950;0.015420000;0.730200000
CVE-2018-2949;0.015110000;0.724900000
CVE-2018-2948;0.015420000;0.730200000
CVE-2018-2947;0.020340000;0.795880000
CVE-2018-2946;0.015420000;0.730200000
CVE-2018-2945;0.015420000;0.730200000
CVE-2018-2944;0.027660000;0.851810000
CVE-2018-2943;0.022450000;0.815280000
CVE-2018-2942;0.018350000;0.772700000
CVE-2018-2941;0.022390000;0.814860000
CVE-2018-2940;0.031460000;0.869320000
CVE-2018-2939;0.004080000;0.342770000
CVE-2018-2938;0.019440000;0.786140000
CVE-2018-2937;0.015020000;0.723280000
CVE-2018-2936;0.014160000;0.707230000
CVE-2018-2935;0.017840000;0.765840000
CVE-2018-2934;0.019430000;0.785970000
CVE-2018-2933;0.009870000;0.597530000
CVE-2018-2932;0.018820000;0.778690000
CVE-2018-2930;0.032220000;0.872620000
CVE-2018-2929;0.015420000;0.730230000
CVE-2018-2928;0.020000000;0.792210000
CVE-2018-2927;0.014760000;0.718680000
CVE-2018-2926;0.013960000;0.703190000
CVE-2018-2925;0.019920000;0.791350000
CVE-2018-2924;0.004270000;0.358820000
CVE-2018-2923;0.004360000;0.366340000
CVE-2018-2922;0.003870000;0.321110000
CVE-2018-2921;0.021100000;0.803680000
CVE-2018-2920;0.011680000;0.649610000
CVE-2018-2919;0.015420000;0.730210000
CVE-2018-2918;0.023900000;0.826820000
CVE-2018-2917;0.027220000;0.849100000
CVE-2018-2916;0.019730000;0.789150000
CVE-2018-2915;0.020660000;0.799270000
CVE-2018-2914;0.038570000;0.893470000
CVE-2018-2913;0.041790000;0.901370000
CVE-2018-2912;0.038570000;0.893470000
CVE-2018-2911;0.019020000;0.781020000
CVE-2018-2909;0.007220000;0.512590000
CVE-2018-2908;0.018070000;0.768970000
CVE-2018-2907;0.027100000;0.848390000
CVE-2018-2906;0.016300000;0.743750000
CVE-2018-2905;0.021100000;0.803670000
CVE-2018-2904;0.016950000;0.753550000
CVE-2018-2903;0.004750000;0.393640000
CVE-2018-2902;0.015280000;0.727540000
CVE-2018-2901;0.020810000;0.800740000
CVE-2018-2900;0.020510000;0.797680000
CVE-2018-2899;0.015330000;0.728660000
CVE-2018-2898;0.015420000;0.730230000
CVE-2018-2897;0.015420000;0.730210000
CVE-2018-2896;0.015420000;0.730220000
CVE-2018-2895;0.015420000;0.730220000
CVE-2018-2894;0.502240000;0.988180000
CVE-2018-2893;0.711960000;0.993610000
CVE-2018-2892;0.016930000;0.753400000
CVE-2018-2891;0.010760000;0.624600000
CVE-2018-2889;0.021230000;0.804780000
CVE-2018-2888;0.005280000;0.425660000
CVE-2018-2887;0.012000000;0.658090000
CVE-2018-2883;0.007380000;0.518450000
CVE-2018-2882;0.009870000;0.597990000
CVE-2018-2881;0.008870000;0.565900000
CVE-2018-2880;0.016750000;0.750550000
CVE-2018-2879;0.221540000;0.974870000
CVE-2018-2878;0.014980000;0.722470000
CVE-2018-2877;0.004700000;0.389350000
CVE-2018-2876;0.010480000;0.616410000
CVE-2018-2875;0.009800000;0.595770000
CVE-2018-2874;0.005120000;0.415910000
CVE-2018-2873;0.020220000;0.794760000
CVE-2018-2872;0.020220000;0.794750000
CVE-2018-2871;0.026330000;0.843750000
CVE-2018-2870;0.026330000;0.843750000
CVE-2018-2869;0.020220000;0.794750000
CVE-2018-2868;0.020220000;0.794740000
CVE-2018-2867;0.020220000;0.794740000
CVE-2018-2866;0.020220000;0.794730000
CVE-2018-2865;0.020220000;0.794750000
CVE-2018-2864;0.020220000;0.794740000
CVE-2018-2863;0.014450000;0.712520000
CVE-2018-2862;0.011160000;0.635600000
CVE-2018-2861;0.015940000;0.738140000
CVE-2018-2860;0.004620000;0.384740000
CVE-2018-2859;0.014880000;0.720640000
CVE-2018-2858;0.020220000;0.794740000
CVE-2018-2857;0.014150000;0.706940000
CVE-2018-2856;0.019760000;0.789520000
CVE-2018-2855;0.019760000;0.789520000
CVE-2018-2854;0.014880000;0.720640000
CVE-2018-2853;0.007960000;0.537410000
CVE-2018-2852;0.007960000;0.537410000
CVE-2018-2851;0.015030000;0.723520000
CVE-2018-2850;0.012690000;0.675620000
CVE-2018-2849;0.014020000;0.704570000
CVE-2018-2848;0.019770000;0.789640000
CVE-2018-2847;0.014570000;0.714990000
CVE-2018-2846;0.028620000;0.856970000
CVE-2018-2845;0.004480000;0.375430000
CVE-2018-2844;0.010580000;0.619160000
CVE-2018-2843;0.004550000;0.380470000
CVE-2018-2842;0.004550000;0.380470000
CVE-2018-2841;0.018020000;0.768190000
CVE-2018-2840;0.013250000;0.687620000
CVE-2018-2839;0.028620000;0.856950000
CVE-2018-2838;0.014980000;0.722470000
CVE-2018-2837;0.005290000;0.426130000
CVE-2018-2836;0.005290000;0.426140000
CVE-2018-2835;0.005290000;0.426130000
CVE-2018-2834;0.004910000;0.403550000
CVE-2018-2833;0.015030000;0.723520000
CVE-2018-2832;0.019020000;0.781060000
CVE-2018-2831;0.004370000;0.366850000
CVE-2018-2830;0.005290000;0.426130000
CVE-2018-2829;0.016130000;0.741040000
CVE-2018-2828;0.013800000;0.700200000
CVE-2018-2827;0.010820000;0.626110000
CVE-2018-2826;0.050200000;0.915970000
CVE-2018-2825;0.041460000;0.900660000
CVE-2018-2824;0.014020000;0.704560000
CVE-2018-2823;0.010920000;0.628710000
CVE-2018-2822;0.004350000;0.365760000
CVE-2018-2821;0.014980000;0.722470000
CVE-2018-2820;0.014450000;0.712520000
CVE-2018-2819;0.031710000;0.870390000
CVE-2018-2818;0.036180000;0.886090000
CVE-2018-2817;0.031710000;0.870390000
CVE-2018-2816;0.028620000;0.856960000
CVE-2018-2815;0.048160000;0.912870000
CVE-2018-2814;0.037460000;0.890160000
CVE-2018-2813;0.025680000;0.839490000
CVE-2018-2812;0.024480000;0.831170000
CVE-2018-2811;0.004890000;0.402060000
CVE-2018-2810;0.030510000;0.865450000
CVE-2018-2809;0.017170000;0.756730000
CVE-2018-2808;0.004670000;0.388020000
CVE-2018-2807;0.014980000;0.722480000
CVE-2018-2806;0.022400000;0.814930000
CVE-2018-2805;0.026610000;0.845460000
CVE-2018-2804;0.020800000;0.800590000
CVE-2018-2803;0.015030000;0.723520000
CVE-2018-2802;0.008280000;0.547770000
CVE-2018-2801;0.022400000;0.814940000
CVE-2018-2800;0.054100000;0.920790000
CVE-2018-2799;0.152610000;0.965000000
CVE-2018-2798;0.078000000;0.941990000
CVE-2018-2797;0.078000000;0.941990000
CVE-2018-2796;0.068910000;0.935550000
CVE-2018-2795;0.078000000;0.941990000
CVE-2018-2794;0.007400000;0.518890000
CVE-2018-2793;0.005090000;0.413940000
CVE-2018-2792;0.011730000;0.650810000
CVE-2018-2791;0.394500000;0.984960000
CVE-2018-2790;0.050950000;0.917080000
CVE-2018-2789;0.010020000;0.602390000
CVE-2018-2788;0.014980000;0.722460000
CVE-2018-2787;0.025940000;0.841250000
CVE-2018-2786;0.025260000;0.836580000
CVE-2018-2785;0.017170000;0.756730000
CVE-2018-2784;0.030140000;0.863910000
CVE-2018-2783;0.039660000;0.896560000
CVE-2018-2782;0.030980000;0.867310000
CVE-2018-2781;0.032940000;0.875480000
CVE-2018-2780;0.030460000;0.865170000
CVE-2018-2779;0.028620000;0.856960000
CVE-2018-2778;0.028620000;0.856970000
CVE-2018-2777;0.030510000;0.865450000
CVE-2018-2776;0.028620000;0.856960000
CVE-2018-2775;0.030460000;0.865170000
CVE-2018-2774;0.019050000;0.781500000
CVE-2018-2773;0.005090000;0.414240000
CVE-2018-2772;0.023470000;0.823670000
CVE-2018-2771;0.035920000;0.885360000
CVE-2018-2770;0.014020000;0.704580000
CVE-2018-2769;0.028620000;0.856960000
CVE-2018-2768;0.022400000;0.814930000
CVE-2018-2767;0.015150000;0.725680000
CVE-2018-2766;0.031030000;0.867490000
CVE-2018-2765;0.034390000;0.880520000
CVE-2018-2764;0.031900000;0.871150000
CVE-2018-2763;0.004200000;0.353360000
CVE-2018-2762;0.004600000;0.383180000
CVE-2018-2761;0.040100000;0.897620000
CVE-2018-2760;0.020930000;0.802100000
CVE-2018-2759;0.028280000;0.855270000
CVE-2018-2758;0.032440000;0.873470000
CVE-2018-2756;0.014020000;0.704580000
CVE-2018-2755;0.008480000;0.553700000
CVE-2018-2754;0.004790000;0.396220000
CVE-2018-2753;0.004600000;0.383750000
CVE-2018-2752;0.010460000;0.615690000
CVE-2018-2750;0.014620000;0.715830000
CVE-2018-2749;0.010460000;0.615700000
CVE-2018-2748;0.014980000;0.722460000
CVE-2018-2747;0.019500000;0.786740000
CVE-2018-2746;0.016200000;0.742180000
CVE-2018-2742;0.019050000;0.781500000
CVE-2018-2739;0.023320000;0.822470000
CVE-2018-2738;0.011110000;0.634520000
CVE-2018-2737;0.011110000;0.634520000
CVE-2018-2733;0.012660000;0.675050000
CVE-2018-2732;0.011250000;0.638080000
CVE-2018-2731;0.009080000;0.572580000
CVE-2018-2730;0.006180000;0.470680000
CVE-2018-2729;0.017990000;0.767860000
CVE-2018-2728;0.012330000;0.666980000
CVE-2018-2727;0.014750000;0.718340000
CVE-2018-2726;0.014340000;0.710480000
CVE-2018-2725;0.019180000;0.783060000
CVE-2018-2724;0.014750000;0.718340000
CVE-2018-2723;0.015060000;0.724040000
CVE-2018-2722;0.010980000;0.631100000
CVE-2018-2721;0.015060000;0.724030000
CVE-2018-2720;0.015060000;0.724030000
CVE-2018-2719;0.011040000;0.632590000
CVE-2018-2718;0.032110000;0.872030000
CVE-2018-2717;0.004760000;0.394100000
CVE-2018-2716;0.011040000;0.632590000
CVE-2018-2715;0.014460000;0.712600000
CVE-2018-2714;0.011040000;0.632590000
CVE-2018-2713;0.017330000;0.758720000
CVE-2018-2712;0.011040000;0.632600000
CVE-2018-2711;0.014490000;0.713300000
CVE-2018-2710;0.024300000;0.829880000
CVE-2018-2709;0.010790000;0.625200000
CVE-2018-2708;0.011690000;0.650030000
CVE-2018-2707;0.016180000;0.741870000
CVE-2018-2706;0.017400000;0.759850000
CVE-2018-2705;0.017400000;0.759850000
CVE-2018-2704;0.018070000;0.768920000
CVE-2018-2703;0.031830000;0.870830000
CVE-2018-2702;0.014760000;0.718550000
CVE-2018-2701;0.008330000;0.549480000
CVE-2018-2700;0.015350000;0.728820000
CVE-2018-2699;0.011040000;0.632600000
CVE-2018-2698;0.016580000;0.747960000
CVE-2018-2697;0.015090000;0.724700000
CVE-2018-2696;0.045200000;0.907970000
CVE-2018-2695;0.014760000;0.718560000
CVE-2018-2694;0.003890000;0.323950000
CVE-2018-2693;0.004320000;0.362740000
CVE-2018-2692;0.011270000;0.638560000
CVE-2018-2691;0.008890000;0.566630000
CVE-2018-2690;0.005310000;0.427250000
CVE-2018-2689;0.005640000;0.445360000
CVE-2018-2688;0.005310000;0.427250000
CVE-2018-2687;0.005310000;0.427250000
CVE-2018-2686;0.005310000;0.427260000
CVE-2018-2685;0.005310000;0.427250000
CVE-2018-2684;0.014600000;0.715630000
CVE-2018-2683;0.014940000;0.721670000
CVE-2018-2682;0.011040000;0.632590000
CVE-2018-2681;0.008270000;0.547440000
CVE-2018-2680;0.016900000;0.752950000
CVE-2018-2679;0.015060000;0.724040000
CVE-2018-2678;0.046750000;0.910720000
CVE-2018-2677;0.046750000;0.910730000
CVE-2018-2676;0.003930000;0.327000000
CVE-2018-2675;0.019050000;0.781470000
CVE-2018-2674;0.011210000;0.636890000
CVE-2018-2673;0.012510000;0.671250000
CVE-2018-2672;0.015670000;0.734180000
CVE-2018-2671;0.014760000;0.718550000
CVE-2018-2670;0.011270000;0.638560000
CVE-2018-2669;0.008240000;0.546680000
CVE-2018-2668;0.039520000;0.896180000
CVE-2018-2667;0.022410000;0.815010000
CVE-2018-2666;0.011680000;0.649600000
CVE-2018-2665;0.039520000;0.896170000
CVE-2018-2664;0.018000000;0.767940000
CVE-2018-2663;0.046750000;0.910720000
CVE-2018-2662;0.006560000;0.487790000
CVE-2018-2661;0.013080000;0.683990000
CVE-2018-2660;0.010550000;0.618540000
CVE-2018-2659;0.008240000;0.546690000
CVE-2018-2658;0.008240000;0.546680000
CVE-2018-2657;0.075250000;0.940240000
CVE-2018-2656;0.019120000;0.782300000
CVE-2018-2655;0.019120000;0.782300000
CVE-2018-2654;0.011270000;0.638560000
CVE-2018-2653;0.015290000;0.727760000
CVE-2018-2652;0.020060000;0.793160000
CVE-2018-2651;0.020060000;0.793160000
CVE-2018-2650;0.008680000;0.560410000
CVE-2018-2649;0.019590000;0.787760000
CVE-2018-2648;0.017400000;0.759850000
CVE-2018-2647;0.023270000;0.822040000
CVE-2018-2646;0.026710000;0.846110000
CVE-2018-2645;0.024160000;0.828790000
CVE-2018-2644;0.008420000;0.551790000
CVE-2018-2643;0.007400000;0.519170000
CVE-2018-2642;0.006070000;0.465240000
CVE-2018-2641;0.051070000;0.917210000
CVE-2018-2640;0.039520000;0.896180000
CVE-2018-2639;0.029430000;0.860740000
CVE-2018-2638;0.033280000;0.876720000
CVE-2018-2637;0.046180000;0.909800000
CVE-2018-2636;0.137250000;0.962100000
CVE-2018-2635;0.011240000;0.637640000
CVE-2018-2634;0.045320000;0.908170000
CVE-2018-2633;0.056500000;0.923730000
CVE-2018-2632;0.009500000;0.585860000
CVE-2018-2631;0.008080000;0.541400000
CVE-2018-2630;0.009080000;0.572570000
CVE-2018-2629;0.048290000;0.913070000
CVE-2018-2628;0.994480000;0.999400000
CVE-2018-2627;0.004910000;0.403180000
CVE-2018-2626;0.011040000;0.632600000
CVE-2018-2625;0.015290000;0.727760000
CVE-2018-2624;0.019650000;0.788310000
CVE-2018-2623;0.016450000;0.746070000
CVE-2018-2622;0.039520000;0.896180000
CVE-2018-2621;0.013510000;0.693660000
CVE-2018-2620;0.014750000;0.718340000
CVE-2018-2619;0.012770000;0.677530000
CVE-2018-2618;0.047210000;0.911400000
CVE-2018-2617;0.017670000;0.763600000
CVE-2018-2616;0.270680000;0.978900000
CVE-2018-2615;0.013960000;0.703200000
CVE-2018-2614;0.011690000;0.650030000
CVE-2018-2613;0.011980000;0.657500000
CVE-2018-2612;0.037510000;0.890320000
CVE-2018-2611;0.023400000;0.823120000
CVE-2018-2610;0.014980000;0.722410000
CVE-2018-2609;0.008420000;0.551790000
CVE-2018-2608;0.015350000;0.728810000
CVE-2018-2607;0.011210000;0.636860000
CVE-2018-2606;0.004470000;0.374480000
CVE-2018-2605;0.018740000;0.777710000
CVE-2018-2604;0.017300000;0.758410000
CVE-2018-2603;0.069050000;0.935710000
CVE-2018-2602;0.006310000;0.476550000
CVE-2018-2601;0.017290000;0.758130000
CVE-2018-2600;0.025260000;0.836600000
CVE-2018-2599;0.041620000;0.900990000
CVE-2018-2598;0.010460000;0.615940000
CVE-2018-2597;0.013040000;0.683210000
CVE-2018-2596;0.013470000;0.692940000
CVE-2018-2595;0.008070000;0.541160000
CVE-2018-2594;0.008070000;0.541150000
CVE-2018-2593;0.017830000;0.765740000
CVE-2018-2592;0.015060000;0.724040000
CVE-2018-2591;0.028300000;0.855390000
CVE-2018-2590;0.029910000;0.862860000
CVE-2018-2589;0.015670000;0.734180000
CVE-2018-2588;0.034350000;0.880370000
CVE-2018-2587;0.020480000;0.797330000
CVE-2018-2586;0.025260000;0.836600000
CVE-2018-2585;0.026220000;0.842970000
CVE-2018-2584;0.010930000;0.629040000
CVE-2018-2583;0.029910000;0.862860000
CVE-2018-2582;0.047360000;0.911690000
CVE-2018-2581;0.025410000;0.837600000
CVE-2018-2580;0.004350000;0.365850000
CVE-2018-2579;0.040780000;0.899120000
CVE-2018-2578;0.004440000;0.372610000
CVE-2018-2577;0.004430000;0.371590000
CVE-2018-2576;0.022410000;0.815010000
CVE-2018-2575;0.008910000;0.567080000
CVE-2018-2574;0.013190000;0.686320000
CVE-2018-2573;0.031830000;0.870830000
CVE-2018-2572;0.010260000;0.610030000
CVE-2018-2571;0.008890000;0.566630000
CVE-2018-2570;0.010550000;0.618540000
CVE-2018-2569;0.005360000;0.430250000
CVE-2018-2568;0.013920000;0.702590000
CVE-2018-2567;0.011040000;0.632600000
CVE-2018-2566;0.014920000;0.721360000
CVE-2018-2565;0.022410000;0.815020000
CVE-2018-2564;0.013470000;0.692950000
CVE-2018-2563;0.009520000;0.586530000
CVE-2018-2562;0.033890000;0.878810000
CVE-2018-2561;0.019740000;0.789240000
CVE-2018-2560;0.004070000;0.342110000
CVE-2018-25437;0.002870000;0.213410000
CVE-2018-25436;0.006610000;0.489850000
CVE-2018-25435;0.001560000;0.053450000
CVE-2018-25434;0.003410000;0.273240000
CVE-2018-25433;0.003410000;0.273250000
CVE-2018-25432;0.001620000;0.059060000
CVE-2018-25431;0.002730000;0.198210000
CVE-2018-25430;0.002730000;0.198220000
CVE-2018-25429;0.002730000;0.198220000
CVE-2018-25428;0.003410000;0.273240000
CVE-2018-25427;0.009230000;0.577180000
CVE-2018-25426;0.005140000;0.417180000
CVE-2018-25425;0.002700000;0.193810000
CVE-2018-25424;0.003200000;0.249520000
CVE-2018-25423;0.001400000;0.038220000
CVE-2018-25422;0.002620000;0.181600000
CVE-2018-25421;0.003340000;0.265180000
CVE-2018-25420;0.002700000;0.193790000
CVE-2018-25419;0.002700000;0.193790000
CVE-2018-25418;0.002760000;0.201750000
CVE-2018-25417;0.002700000;0.193840000
CVE-2018-25416;0.002700000;0.193830000
CVE-2018-25415;0.002700000;0.193820000
CVE-2018-25414;0.002700000;0.193790000
CVE-2018-25413;0.002760000;0.201760000
CVE-2018-25412;0.007710000;0.529470000
CVE-2018-25411;0.002700000;0.193820000
CVE-2018-25410;0.002210000;0.129330000
CVE-2018-25409;0.003250000;0.255900000
CVE-2018-25408;0.006380000;0.479790000
CVE-2018-25407;0.002700000;0.193820000
CVE-2018-25406;0.002700000;0.193840000
CVE-2018-25405;0.002700000;0.193810000
CVE-2018-25404;0.002700000;0.193830000
CVE-2018-25403;0.003340000;0.265120000
CVE-2018-25402;0.003340000;0.265120000
CVE-2018-25401;0.003340000;0.265120000
CVE-2018-25400;0.003340000;0.265150000
CVE-2018-25399;0.003340000;0.265130000
CVE-2018-25398;0.003340000;0.265130000
CVE-2018-25397;0.001620000;0.058600000
CVE-2018-25396;0.003130000;0.242070000
CVE-2018-25395;0.003340000;0.265120000
CVE-2018-25394;0.003340000;0.265110000
CVE-2018-25393;0.005650000;0.445750000
CVE-2018-25392;0.002730000;0.198220000
CVE-2018-25391;0.003320000;0.263160000
CVE-2018-25390;0.003340000;0.265140000
CVE-2018-25389;0.003340000;0.265140000
CVE-2018-25388;0.005190000;0.420720000
CVE-2018-25387;0.001750000;0.073310000
CVE-2018-25386;0.003340000;0.265150000
CVE-2018-25385;0.003340000;0.265140000
CVE-2018-25384;0.002150000;0.121910000
CVE-2018-25383;0.001810000;0.080150000
CVE-2018-25382;0.003340000;0.265140000
CVE-2018-25381;0.002840000;0.210780000
CVE-2018-25380;0.002840000;0.210790000
CVE-2018-25379;0.003900000;0.324370000
CVE-2018-25378;0.001360000;0.035490000
CVE-2018-25377;0.001820000;0.080790000
CVE-2018-25376;0.001830000;0.081480000
CVE-2018-25375;0.001820000;0.080790000
CVE-2018-25374;0.007850000;0.533730000
CVE-2018-25373;0.001820000;0.080790000
CVE-2018-25372;0.003050000;0.233240000
CVE-2018-25371;0.003480000;0.280670000
CVE-2018-25370;0.001920000;0.091740000
CVE-2018-25369;0.001700000;0.067730000
CVE-2018-25368;0.003860000;0.320070000
CVE-2018-25367;0.001680000;0.066030000
CVE-2018-25366;0.001830000;0.081480000
CVE-2018-25365;0.007850000;0.533730000
CVE-2018-25364;0.003370000;0.267750000
CVE-2018-25363;0.001990000;0.100230000
CVE-2018-25362;0.003090000;0.237440000
CVE-2018-25361;0.001220000;0.023330000
CVE-2018-25360;0.001890000;0.088140000
CVE-2018-25359;0.001590000;0.055970000
CVE-2018-25358;0.005850000;0.455510000
CVE-2018-25357;0.017010000;0.754360000
CVE-2018-25356;0.001620000;0.059110000
CVE-2018-25355;0.001620000;0.059290000
CVE-2018-25354;0.001320000;0.032180000
CVE-2018-25353;0.004520000;0.378280000
CVE-2018-25352;0.002140000;0.120070000
CVE-2018-25351;0.003580000;0.291800000
CVE-2018-25350;0.004330000;0.363850000
CVE-2018-25349;0.001550000;0.051440000
CVE-2018-25348;0.003580000;0.291810000
CVE-2018-25347;0.002140000;0.120070000
CVE-2018-25346;0.001970000;0.097930000
CVE-2018-25345;0.001660000;0.063310000
CVE-2018-25344;0.001620000;0.059290000
CVE-2018-25343;0.001320000;0.032170000
CVE-2018-25342;0.003340000;0.265130000
CVE-2018-25341;0.003340000;0.265150000
CVE-2018-25340;0.003340000;0.265150000
CVE-2018-25339;0.002670000;0.190160000
CVE-2018-25338;0.002670000;0.190170000
CVE-2018-25337;0.001640000;0.061500000
CVE-2018-25336;0.001910000;0.091450000
CVE-2018-25335;0.005150000;0.417720000
CVE-2018-25334;0.001450000;0.042730000
CVE-2018-25333;0.003430000;0.275090000
CVE-2018-25332;0.005890000;0.457060000
CVE-2018-25331;0.002150000;0.122280000
CVE-2018-25330;0.003170000;0.246960000
CVE-2018-25329;0.004030000;0.337890000
CVE-2018-25328;0.001480000;0.045640000
CVE-2018-25327;0.001430000;0.041040000
CVE-2018-25326;0.006410000;0.480750000
CVE-2018-25325;0.006130000;0.468360000
CVE-2018-25324;0.005330000;0.428640000
CVE-2018-25323;0.001380000;0.036350000
CVE-2018-25322;0.001480000;0.045640000
CVE-2018-25321;0.001800000;0.078110000
CVE-2018-25320;0.005760000;0.450580000
CVE-2018-25319;0.002680000;0.190840000
CVE-2018-25318;0.006510000;0.485490000
CVE-2018-25317;0.006510000;0.485480000
CVE-2018-25316;0.006510000;0.485490000
CVE-2018-25315;0.001630000;0.059610000
CVE-2018-25314;0.001650000;0.061600000
CVE-2018-25313;0.001200000;0.021550000
CVE-2018-25312;0.009330000;0.580710000
CVE-2018-25311;0.005960000;0.459960000
CVE-2018-25310;0.002120000;0.118210000
CVE-2018-25309;0.002610000;0.181340000
CVE-2018-25308;0.007410000;0.519520000
CVE-2018-25307;0.001500000;0.047500000
CVE-2018-25306;0.001770000;0.075360000
CVE-2018-25305;0.001180000;0.019960000
CVE-2018-25304;0.001530000;0.049570000
CVE-2018-25303;0.001570000;0.054250000
CVE-2018-25302;0.001570000;0.053550000
CVE-2018-25301;0.001570000;0.053790000
CVE-2018-25300;0.003230000;0.253180000
CVE-2018-25299;0.001620000;0.059110000
CVE-2018-25298;0.001380000;0.037160000
CVE-2018-25297;0.001180000;0.020060000
CVE-2018-25296;0.001280000;0.029220000
CVE-2018-25295;0.001240000;0.025850000
CVE-2018-25294;0.003870000;0.321280000
CVE-2018-25293;0.001370000;0.036100000
CVE-2018-25292;0.001370000;0.036110000
CVE-2018-25291;0.001360000;0.034990000
CVE-2018-25290;0.001800000;0.078530000
CVE-2018-25289;0.001370000;0.036100000
CVE-2018-25288;0.001370000;0.036110000
CVE-2018-25287;0.001280000;0.029220000
CVE-2018-25286;0.001360000;0.034980000
CVE-2018-25285;0.001300000;0.030590000
CVE-2018-25284;0.001820000;0.080840000
CVE-2018-25283;0.001470000;0.044370000
CVE-2018-25282;0.001210000;0.023160000
CVE-2018-25281;0.001130000;0.016650000
CVE-2018-25280;0.001280000;0.029220000
CVE-2018-25279;0.001230000;0.025000000
CVE-2018-25278;0.001450000;0.043280000
CVE-2018-25277;0.001360000;0.034980000
CVE-2018-25276;0.001160000;0.019080000
CVE-2018-25275;0.001360000;0.034980000
CVE-2018-25274;0.001150000;0.017860000
CVE-2018-25273;0.001260000;0.027550000
CVE-2018-25272;0.004220000;0.355410000
CVE-2018-25271;0.001830000;0.081990000
CVE-2018-25270;0.008900000;0.567020000
CVE-2018-25269;0.002300000;0.140470000
CVE-2018-25268;0.002010000;0.103430000
CVE-2018-25267;0.001810000;0.079750000
CVE-2018-25266;0.001770000;0.075720000
CVE-2018-25265;0.002050000;0.108920000
CVE-2018-25264;0.001560000;0.052430000
CVE-2018-25263;0.001470000;0.044360000
CVE-2018-25262;0.001810000;0.079750000
CVE-2018-25261;0.002050000;0.108910000
CVE-2018-25260;0.002140000;0.121300000
CVE-2018-25259;0.001890000;0.088950000
CVE-2018-25258;0.001880000;0.087030000
CVE-2018-25257;0.001940000;0.095070000
CVE-2018-25256;0.002020000;0.104940000
CVE-2018-25255;0.001850000;0.084330000
CVE-2018-25254;0.009140000;0.574480000
CVE-2018-25253;0.001800000;0.078530000
CVE-2018-25252;0.003000000;0.227520000
CVE-2018-25251;0.001850000;0.084330000
CVE-2018-25250;0.002010000;0.103560000
CVE-2018-25249;0.002540000;0.172690000
CVE-2018-25248;0.002250000;0.134890000
CVE-2018-25247;0.002210000;0.129100000
CVE-2018-25246;0.003570000;0.290740000
CVE-2018-25245;0.003200000;0.249620000
CVE-2018-25244;0.001590000;0.055650000
CVE-2018-25243;0.001230000;0.025010000
CVE-2018-25242;0.001680000;0.064970000
CVE-2018-25241;0.003590000;0.292780000
CVE-2018-25240;0.001170000;0.019290000
CVE-2018-25239;0.001870000;0.086050000
CVE-2018-25238;0.001590000;0.055650000
CVE-2018-25237;0.008170000;0.544300000
CVE-2018-25236;0.005020000;0.409810000
CVE-2018-25235;0.002210000;0.128980000
CVE-2018-25234;0.002060000;0.110160000
CVE-2018-25233;0.002060000;0.110150000
CVE-2018-25232;0.002690000;0.192130000
CVE-2018-25231;0.002060000;0.110160000
CVE-2018-25230;0.002870000;0.213380000
CVE-2018-25229;0.002160000;0.123470000
CVE-2018-25228;0.002210000;0.128980000
CVE-2018-25227;0.002060000;0.110160000
CVE-2018-25226;0.002210000;0.129820000
CVE-2018-25225;0.001940000;0.094180000
CVE-2018-25224;0.001910000;0.091230000
CVE-2018-25223;0.008840000;0.565320000
CVE-2018-25222;0.001410000;0.039080000
CVE-2018-25221;0.008220000;0.545910000
CVE-2018-25220;0.006370000;0.479190000
CVE-2018-25219;0.002470000;0.163130000
CVE-2018-25218;0.002150000;0.122370000
CVE-2018-25217;0.002200000;0.127650000
CVE-2018-25216;0.001830000;0.081790000
CVE-2018-25215;0.001760000;0.074190000
CVE-2018-25214;0.001930000;0.093370000
CVE-2018-25213;0.002470000;0.163130000
CVE-2018-25212;0.002060000;0.109980000
CVE-2018-25211;0.002590000;0.177780000
CVE-2018-25210;0.002710000;0.194620000
CVE-2018-25209;0.003270000;0.257120000
CVE-2018-25208;0.003370000;0.267960000
CVE-2018-25207;0.002700000;0.193470000
CVE-2018-25206;0.002450000;0.160950000
CVE-2018-25205;0.002670000;0.190160000
CVE-2018-25204;0.005410000;0.432740000
CVE-2018-25203;0.003340000;0.265550000
CVE-2018-25202;0.002450000;0.160950000
CVE-2018-25201;0.004980000;0.407630000
CVE-2018-25200;0.001550000;0.051670000
CVE-2018-25199;0.003600000;0.293970000
CVE-2018-25198;0.001200000;0.021540000
CVE-2018-25197;0.002370000;0.150070000
CVE-2018-25196;0.002840000;0.209980000
CVE-2018-25195;0.005200000;0.421010000
CVE-2018-25194;0.003110000;0.240380000
CVE-2018-25193;0.003390000;0.270760000
CVE-2018-25192;0.002840000;0.209980000
CVE-2018-25191;0.001940000;0.095060000
CVE-2018-25190;0.001300000;0.030730000
CVE-2018-25189;0.002370000;0.150070000
CVE-2018-25188;0.002370000;0.150060000
CVE-2018-25187;0.003470000;0.279320000
CVE-2018-25186;0.001360000;0.035480000
CVE-2018-25185;0.004680000;0.388710000
CVE-2018-25184;0.008000000;0.538450000
CVE-2018-25183;0.005200000;0.421020000
CVE-2018-25182;0.002370000;0.150050000
CVE-2018-25181;0.006320000;0.477150000
CVE-2018-25180;0.001940000;0.095060000
CVE-2018-25179;0.002370000;0.150050000
CVE-2018-25178;0.005830000;0.454490000
CVE-2018-25177;0.001250000;0.026050000
CVE-2018-25176;0.002040000;0.107590000
CVE-2018-25175;0.002510000;0.167850000
CVE-2018-25174;0.001250000;0.026050000
CVE-2018-25173;0.002370000;0.150060000
CVE-2018-25172;0.002930000;0.219620000
CVE-2018-25171;0.002810000;0.207260000
CVE-2018-25170;0.001340000;0.033540000
CVE-2018-25169;0.003390000;0.270760000
CVE-2018-25168;0.002170000;0.124400000
CVE-2018-25167;0.002320000;0.143760000
CVE-2018-25166;0.002320000;0.143760000
CVE-2018-25165;0.002350000;0.147820000
CVE-2018-25164;0.002660000;0.186800000
CVE-2018-25163;0.002450000;0.161200000
CVE-2018-25162;0.004440000;0.372460000
CVE-2018-25161;0.002250000;0.135210000
CVE-2018-25160;0.004040000;0.339290000
CVE-2018-25159;0.003940000;0.328740000
CVE-2018-25158;0.003760000;0.309660000
CVE-2018-25157;0.002510000;0.167930000
CVE-2018-25156;0.002030000;0.106100000
CVE-2018-25155;0.002030000;0.106100000
CVE-2018-25154;0.003770000;0.311310000
CVE-2018-25152;0.001580000;0.055170000
CVE-2018-25151;0.001350000;0.034650000
CVE-2018-25150;0.001580000;0.055170000
CVE-2018-25149;0.002240000;0.133220000
CVE-2018-25148;0.007610000;0.526300000
CVE-2018-25147;0.003800000;0.313820000
CVE-2018-25146;0.004770000;0.394380000
CVE-2018-25145;0.004600000;0.383190000
CVE-2018-25144;0.004880000;0.401790000
CVE-2018-25143;0.005870000;0.456480000
CVE-2018-25142;0.004230000;0.355780000
CVE-2018-25141;0.004750000;0.393540000
CVE-2018-25140;0.003290000;0.260160000
CVE-2018-25139;0.005200000;0.420860000
CVE-2018-25138;0.006070000;0.465460000
CVE-2018-25137;0.005040000;0.411350000
CVE-2018-25136;0.004990000;0.408310000
CVE-2018-25135;0.006860000;0.499850000
CVE-2018-25134;0.006470000;0.483700000
CVE-2018-25133;0.001680000;0.065690000
CVE-2018-25132;0.002110000;0.116350000
CVE-2018-25131;0.002770000;0.202250000
CVE-2018-25130;0.001490000;0.046730000
CVE-2018-25129;0.003580000;0.291030000
CVE-2018-25128;0.004110000;0.345490000
CVE-2018-25127;0.002220000;0.130960000
CVE-2018-25126;0.040710000;0.898940000
CVE-2018-25125;0.004860000;0.400450000
CVE-2018-25124;0.009240000;0.577310000
CVE-2018-25123;0.003250000;0.255220000
CVE-2018-25122;0.015630000;0.733610000
CVE-2018-25121;0.003920000;0.326040000
CVE-2018-25120;0.098060000;0.951740000
CVE-2018-25119;0.004810000;0.397450000
CVE-2018-25118;0.013000000;0.682610000
CVE-2018-25117;0.004110000;0.345380000
CVE-2018-25116;0.002890000;0.215400000
CVE-2018-25115;0.099420000;0.952240000
CVE-2018-25114;0.028200000;0.854890000
CVE-2018-25113;0.011970000;0.657470000
CVE-2018-25112;0.003930000;0.327400000
CVE-2018-25111;0.001910000;0.091240000
CVE-2018-25110;0.005440000;0.434760000
CVE-2018-25109;0.002090000;0.113920000
CVE-2018-25108;0.004990000;0.408240000
CVE-2018-25107;0.004220000;0.355360000
CVE-2018-25106;0.003440000;0.276660000
CVE-2018-25105;0.008100000;0.541950000
CVE-2018-25104;0.003590000;0.292010000
CVE-2018-25103;0.006670000;0.492170000
CVE-2018-25101;0.004600000;0.383210000
CVE-2018-25100;0.005570000;0.441240000
CVE-2018-25099;0.004890000;0.402410000
CVE-2018-25098;0.008690000;0.560860000
CVE-2018-25097;0.004140000;0.348220000
CVE-2018-25096;0.003150000;0.243840000
CVE-2018-25095;0.009240000;0.577240000
CVE-2018-25094;0.007610000;0.526270000
CVE-2018-25093;0.004910000;0.403160000
CVE-2018-25092;0.004910000;0.403160000
CVE-2018-25091;0.005160000;0.418990000
CVE-2018-25090;0.004000000;0.335230000
CVE-2018-25089;0.005020000;0.409890000
CVE-2018-25088;0.007260000;0.514230000
CVE-2018-25087;0.009010000;0.570120000
CVE-2018-25086;0.004990000;0.408520000
CVE-2018-25085;0.004910000;0.403170000
CVE-2018-25084;0.005190000;0.420780000
CVE-2018-25083;0.026930000;0.847470000
CVE-2018-25082;0.007750000;0.530800000
CVE-2018-25081;0.010290000;0.610660000
CVE-2018-25080;0.026340000;0.843810000
CVE-2018-25079;0.009440000;0.583960000
CVE-2018-25078;0.003830000;0.317260000
CVE-2018-25077;0.008750000;0.562730000
CVE-2018-25076;0.006670000;0.491820000
CVE-2018-25075;0.009500000;0.585840000
CVE-2018-25074;0.009100000;0.573240000
CVE-2018-25073;0.005300000;0.427000000
CVE-2018-25072;0.006530000;0.486370000
CVE-2018-25071;0.006670000;0.492210000
CVE-2018-25070;0.006670000;0.492210000
CVE-2018-25069;0.008630000;0.558850000
CVE-2018-25068;0.008070000;0.541140000
CVE-2018-25067;0.006400000;0.480460000
CVE-2018-25066;0.006810000;0.497850000
CVE-2018-25065;0.005190000;0.420260000
CVE-2018-25064;0.005300000;0.427010000
CVE-2018-25063;0.005300000;0.427010000
CVE-2018-25062;0.008950000;0.568690000
CVE-2018-25061;0.009400000;0.582970000
CVE-2018-25060;0.005150000;0.417930000
CVE-2018-25059;0.007660000;0.527990000
CVE-2018-25058;0.005180000;0.419700000
CVE-2018-25057;0.005910000;0.458280000
CVE-2018-25056;0.004940000;0.405390000
CVE-2018-25055;0.006300000;0.476290000
CVE-2018-25054;0.005060000;0.412460000
CVE-2018-25053;0.005300000;0.426750000
CVE-2018-25052;0.005290000;0.426310000
CVE-2018-25051;0.004660000;0.387380000
CVE-2018-25050;0.005990000;0.461940000
CVE-2018-2505;0.013310000;0.689140000
CVE-2018-25049;0.007210000;0.512560000
CVE-2018-25048;0.010220000;0.608640000
CVE-2018-25047;0.008740000;0.562430000
CVE-2018-25046;0.011880000;0.655180000
CVE-2018-25045;0.007340000;0.517250000
CVE-2018-25044;0.009500000;0.585960000
CVE-2018-25043;0.011250000;0.638030000
CVE-2018-25042;0.009710000;0.592740000
CVE-2018-25041;0.009950000;0.600120000
CVE-2018-25040;0.008870000;0.565940000
CVE-2018-2504;0.010640000;0.620980000
CVE-2018-25039;0.005200000;0.421340000
CVE-2018-25038;0.005700000;0.447890000
CVE-2018-25037;0.005700000;0.447900000
CVE-2018-25036;0.005700000;0.447890000
CVE-2018-25035;0.005700000;0.447890000
CVE-2018-25034;0.007120000;0.509150000
CVE-2018-25033;0.010500000;0.616910000
CVE-2018-25032;0.517330000;0.988590000
CVE-2018-25031;0.423260000;0.985930000
CVE-2018-25030;0.002650000;0.186350000
CVE-2018-2503;0.005520000;0.438900000
CVE-2018-25029;0.006160000;0.469930000
CVE-2018-25028;0.010910000;0.628550000
CVE-2018-25027;0.013280000;0.688320000
CVE-2018-25026;0.013240000;0.687550000
CVE-2018-25025;0.012880000;0.680000000
CVE-2018-25024;0.012880000;0.680000000
CVE-2018-25023;0.013890000;0.701990000
CVE-2018-25022;0.015050000;0.723890000
CVE-2018-25021;0.022680000;0.817030000
CVE-2018-25020;0.005050000;0.411650000
CVE-2018-2502;0.013370000;0.690550000
CVE-2018-25019;0.015310000;0.728100000
CVE-2018-25018;0.013140000;0.685200000
CVE-2018-25017;0.017370000;0.759340000
CVE-2018-25016;0.012760000;0.677270000
CVE-2018-25015;0.005690000;0.447540000
CVE-2018-25014;0.022300000;0.814010000
CVE-2018-25013;0.020510000;0.797700000
CVE-2018-25012;0.020510000;0.797690000
CVE-2018-25011;0.025130000;0.835690000
CVE-2018-25010;0.022350000;0.814480000
CVE-2018-25009;0.021000000;0.802800000
CVE-2018-25008;0.010540000;0.618060000
CVE-2018-25007;0.005740000;0.450090000
CVE-2018-25004;0.010040000;0.603340000
CVE-2018-25002;0.014670000;0.717050000
CVE-2018-25001;0.009880000;0.598370000
CVE-2018-2500;0.003140000;0.243100000
CVE-2018-2499;0.017280000;0.758080000
CVE-2018-2497;0.009300000;0.579370000
CVE-2018-2494;0.007580000;0.524910000
CVE-2018-2492;0.011380000;0.641370000
CVE-2018-2491;0.007870000;0.534380000
CVE-2018-2490;0.007460000;0.520950000
CVE-2018-2489;0.008720000;0.561610000
CVE-2018-2488;0.007870000;0.534390000
CVE-2018-2487;0.015190000;0.726240000
CVE-2018-2486;0.009680000;0.592000000
CVE-2018-2485;0.011780000;0.652670000
CVE-2018-2484;0.013730000;0.698960000
CVE-2018-2483;0.008880000;0.566380000
CVE-2018-2482;0.019690000;0.788690000
CVE-2018-2481;0.014570000;0.714820000
CVE-2018-2479;0.013370000;0.690560000
CVE-2018-2478;0.018310000;0.772210000
CVE-2018-2477;0.017320000;0.758560000
CVE-2018-2476;0.009630000;0.590030000
CVE-2018-2475;0.013480000;0.693010000
CVE-2018-2474;0.006690000;0.492910000
CVE-2018-2473;0.015330000;0.728590000
CVE-2018-2472;0.013250000;0.687760000
CVE-2018-2471;0.017280000;0.758070000
CVE-2018-2470;0.013250000;0.687730000
CVE-2018-2469;0.017280000;0.758080000
CVE-2018-2468;0.017280000;0.758070000
CVE-2018-2467;0.013720000;0.698470000
CVE-2018-2466;0.009680000;0.592020000
CVE-2018-2465;0.025550000;0.838540000
CVE-2018-2464;0.013250000;0.687740000
CVE-2018-2463;0.016380000;0.745070000
CVE-2018-2462;0.016020000;0.739390000
CVE-2018-2461;0.013330000;0.689520000
CVE-2018-2460;0.007670000;0.528070000
CVE-2018-2459;0.017280000;0.758070000
CVE-2018-2458;0.017280000;0.758080000
CVE-2018-2457;0.008670000;0.560030000
CVE-2018-2455;0.013330000;0.689530000
CVE-2018-2454;0.013330000;0.689530000
CVE-2018-2452;0.014170000;0.707270000
CVE-2018-2451;0.011590000;0.647070000
CVE-2018-2450;0.017020000;0.754560000
CVE-2018-2449;0.016200000;0.742270000
CVE-2018-2448;0.013550000;0.694900000
CVE-2018-2447;0.012490000;0.670820000
CVE-2018-2446;0.017440000;0.760280000
CVE-2018-2445;0.010860000;0.627400000
CVE-2018-2444;0.013250000;0.687750000
CVE-2018-2442;0.007050000;0.506400000
CVE-2018-2441;0.010350000;0.612610000
CVE-2018-2440;0.003340000;0.264860000
CVE-2018-2439;0.015560000;0.732580000
CVE-2018-2438;0.019690000;0.788690000
CVE-2018-2437;0.032980000;0.875640000
CVE-2018-2436;0.013330000;0.689520000
CVE-2018-2435;0.013250000;0.687770000
CVE-2018-2434;0.005810000;0.453030000
CVE-2018-2433;0.010850000;0.627160000
CVE-2018-2432;0.009510000;0.586370000
CVE-2018-2431;0.013250000;0.687740000
CVE-2018-2428;0.017370000;0.759350000
CVE-2018-2427;0.017320000;0.758570000
CVE-2018-2425;0.004020000;0.337160000
CVE-2018-2424;0.023650000;0.825040000
CVE-2018-2423;0.025220000;0.836350000
CVE-2018-2422;0.019440000;0.786010000
CVE-2018-2421;0.025220000;0.836360000
CVE-2018-2420;0.015800000;0.736000000
CVE-2018-2419;0.008570000;0.556990000
CVE-2018-2418;0.018280000;0.771840000
CVE-2018-2417;0.013380000;0.690740000
CVE-2018-2416;0.014860000;0.720400000
CVE-2018-2415;0.011650000;0.649000000
CVE-2018-2413;0.014000000;0.704230000
CVE-2018-2412;0.013890000;0.701960000
CVE-2018-2410;0.009420000;0.583330000
CVE-2018-2409;0.012110000;0.661180000
CVE-2018-2408;0.015640000;0.733850000
CVE-2018-2406;0.003560000;0.289100000
CVE-2018-2405;0.009340000;0.580800000
CVE-2018-2404;0.018810000;0.778560000
CVE-2018-2403;0.011540000;0.645750000
CVE-2018-2402;0.015210000;0.726400000
CVE-2018-2401;0.016180000;0.741840000
CVE-2018-2400;0.016450000;0.746170000
CVE-2018-2399;0.012780000;0.677660000
CVE-2018-2398;0.010110000;0.605380000
CVE-2018-2397;0.009340000;0.580800000
CVE-2018-2396;0.009060000;0.571980000
CVE-2018-2395;0.014960000;0.722160000
CVE-2018-2394;0.010280000;0.610420000
CVE-2018-2393;0.154600000;0.965320000
CVE-2018-2392;0.410510000;0.985520000
CVE-2018-2391;0.009060000;0.571990000
CVE-2018-2390;0.009060000;0.571990000
CVE-2018-2389;0.006980000;0.504240000
CVE-2018-2388;0.006410000;0.481050000
CVE-2018-2387;0.008510000;0.554670000
CVE-2018-2386;0.009800000;0.595740000
CVE-2018-2385;0.009060000;0.571990000
CVE-2018-2384;0.009060000;0.571990000
CVE-2018-2383;0.006410000;0.481060000
CVE-2018-2382;0.008510000;0.554680000
CVE-2018-2381;0.012450000;0.669700000
CVE-2018-2380;0.289340000;0.980080000
CVE-2018-2379;0.008890000;0.566430000
CVE-2018-2378;0.008510000;0.554670000
CVE-2018-2377;0.008510000;0.554680000
CVE-2018-2376;0.009170000;0.575390000
CVE-2018-2375;0.009170000;0.575390000
CVE-2018-2374;0.011670000;0.649240000
CVE-2018-2373;0.011500000;0.644400000
CVE-2018-2372;0.008510000;0.554670000
CVE-2018-2371;0.009610000;0.589470000
CVE-2018-2370;0.011990000;0.657950000
CVE-2018-2369;0.014870000;0.720500000
CVE-2018-2368;0.024990000;0.834610000
CVE-2018-2367;0.018740000;0.777740000
CVE-2018-2366;0.015410000;0.729980000
CVE-2018-2365;0.009610000;0.589470000
CVE-2018-2364;0.009610000;0.589460000
CVE-2018-2363;0.016720000;0.750010000
CVE-2018-2362;0.015840000;0.736740000
CVE-2018-2361;0.012450000;0.669700000
CVE-2018-2360;0.025060000;0.835190000
CVE-2018-21270;0.036380000;0.886760000
CVE-2018-21269;0.003880000;0.322880000
CVE-2018-21268;0.043210000;0.904200000
CVE-2018-21265;0.007690000;0.528700000
CVE-2018-21264;0.011170000;0.635970000
CVE-2018-21263;0.009290000;0.579210000
CVE-2018-21262;0.011140000;0.635190000
CVE-2018-21261;0.005810000;0.453430000
CVE-2018-21260;0.007380000;0.518350000
CVE-2018-21259;0.010960000;0.630670000
CVE-2018-21258;0.011550000;0.645950000
CVE-2018-21257;0.008140000;0.543170000
CVE-2018-21256;0.006150000;0.469320000
CVE-2018-21255;0.005810000;0.453430000
CVE-2018-21254;0.006150000;0.469320000
CVE-2018-21253;0.005810000;0.453440000
CVE-2018-21252;0.006150000;0.469320000
CVE-2018-21251;0.011970000;0.657250000
CVE-2018-21250;0.010800000;0.625410000
CVE-2018-21249;0.007290000;0.515410000
CVE-2018-21248;0.012310000;0.666600000
CVE-2018-21247;0.023580000;0.824630000
CVE-2018-21246;0.027230000;0.849140000
CVE-2018-21245;0.011270000;0.638480000
CVE-2018-21244;0.018070000;0.768880000
CVE-2018-21243;0.009000000;0.569990000
CVE-2018-21242;0.022320000;0.814170000
CVE-2018-21241;0.007920000;0.536200000
CVE-2018-21240;0.010440000;0.615180000
CVE-2018-21239;0.008170000;0.544260000
CVE-2018-21238;0.010440000;0.615290000
CVE-2018-21237;0.008170000;0.544260000
CVE-2018-21236;0.010440000;0.615250000
CVE-2018-21235;0.012050000;0.659380000
CVE-2018-21234;0.083180000;0.945020000
CVE-2018-21233;0.005690000;0.447540000
CVE-2018-21232;0.014320000;0.710040000
CVE-2018-21231;0.004720000;0.390830000
CVE-2018-21230;0.004700000;0.389580000
CVE-2018-21229;0.004820000;0.397530000
CVE-2018-21228;0.008500000;0.554600000
CVE-2018-21227;0.008500000;0.554590000
CVE-2018-21226;0.007000000;0.504870000
CVE-2018-21225;0.008500000;0.554590000
CVE-2018-21224;0.007250000;0.513680000
CVE-2018-21223;0.006570000;0.487880000
CVE-2018-21222;0.006570000;0.487890000
CVE-2018-21221;0.007540000;0.523870000
CVE-2018-21220;0.006570000;0.487890000
CVE-2018-21219;0.006590000;0.488900000
CVE-2018-21218;0.007540000;0.523870000
CVE-2018-21217;0.007540000;0.523880000
CVE-2018-21216;0.007250000;0.513690000
CVE-2018-21215;0.007840000;0.533330000
CVE-2018-21214;0.007250000;0.513680000
CVE-2018-21213;0.006570000;0.487890000
CVE-2018-21212;0.007540000;0.523880000
CVE-2018-21211;0.007610000;0.526200000
CVE-2018-21210;0.006570000;0.487890000
CVE-2018-21209;0.006580000;0.488580000
CVE-2018-21208;0.014870000;0.720500000
CVE-2018-21207;0.007250000;0.513690000
CVE-2018-21206;0.006570000;0.487900000
CVE-2018-21205;0.007840000;0.533340000
CVE-2018-21204;0.005650000;0.445900000
CVE-2018-21203;0.007840000;0.533340000
CVE-2018-21202;0.007540000;0.523870000
CVE-2018-21201;0.005950000;0.459750000
CVE-2018-21200;0.006000000;0.462400000
CVE-2018-21199;0.005930000;0.458960000
CVE-2018-21198;0.005930000;0.458970000
CVE-2018-21197;0.006600000;0.489630000
CVE-2018-21196;0.005950000;0.459750000
CVE-2018-21195;0.006800000;0.497320000
CVE-2018-21194;0.006550000;0.487130000
CVE-2018-21193;0.005930000;0.458960000
CVE-2018-21192;0.005930000;0.458960000
CVE-2018-21191;0.005930000;0.458980000
CVE-2018-21190;0.007080000;0.507800000
CVE-2018-21189;0.006800000;0.497320000
CVE-2018-21188;0.005930000;0.458980000
CVE-2018-21187;0.005930000;0.458970000
CVE-2018-21186;0.006550000;0.487140000
CVE-2018-21185;0.005950000;0.459740000
CVE-2018-21184;0.005930000;0.458940000
CVE-2018-21183;0.007080000;0.507800000
CVE-2018-21182;0.005930000;0.458940000
CVE-2018-21181;0.013500000;0.693430000
CVE-2018-21180;0.005930000;0.458950000
CVE-2018-21179;0.005930000;0.458950000
CVE-2018-21178;0.005930000;0.458950000
CVE-2018-21177;0.013500000;0.693430000
CVE-2018-21176;0.016480000;0.746620000
CVE-2018-21175;0.016480000;0.746620000
CVE-2018-21174;0.016340000;0.744460000
CVE-2018-21173;0.006820000;0.497920000
CVE-2018-21172;0.005930000;0.458950000
CVE-2018-21171;0.006550000;0.487130000
CVE-2018-21170;0.007250000;0.513690000
CVE-2018-21169;0.006320000;0.476880000
CVE-2018-21168;0.013810000;0.700450000
CVE-2018-21167;0.008030000;0.539620000
CVE-2018-21166;0.011250000;0.638050000
CVE-2018-21165;0.011250000;0.638050000
CVE-2018-21164;0.015980000;0.738680000
CVE-2018-21163;0.010780000;0.624960000
CVE-2018-21162;0.033530000;0.877600000
CVE-2018-21161;0.010580000;0.619330000
CVE-2018-21160;0.007170000;0.511160000
CVE-2018-21159;0.010490000;0.616670000
CVE-2018-21158;0.006340000;0.477870000
CVE-2018-21157;0.008500000;0.554620000
CVE-2018-21156;0.013500000;0.693420000
CVE-2018-21155;0.007730000;0.530120000
CVE-2018-21154;0.008530000;0.555640000
CVE-2018-21153;0.015430000;0.730400000
CVE-2018-21152;0.008500000;0.554600000
CVE-2018-21151;0.006820000;0.497920000
CVE-2018-21150;0.005930000;0.458970000
CVE-2018-21149;0.006820000;0.497920000
CVE-2018-21148;0.005810000;0.453560000
CVE-2018-21147;0.005060000;0.412310000
CVE-2018-21146;0.008520000;0.555000000
CVE-2018-21145;0.005060000;0.412340000
CVE-2018-21144;0.005060000;0.412310000
CVE-2018-21143;0.005430000;0.434060000
CVE-2018-21142;0.011250000;0.638040000
CVE-2018-21141;0.004700000;0.389570000
CVE-2018-21140;0.005240000;0.423710000
CVE-2018-21139;0.011590000;0.646950000
CVE-2018-21138;0.007260000;0.514200000
CVE-2018-21137;0.014080000;0.705580000
CVE-2018-21136;0.004300000;0.361400000
CVE-2018-21135;0.013500000;0.693430000
CVE-2018-21134;0.012640000;0.674500000
CVE-2018-21133;0.013280000;0.688370000
CVE-2018-21132;0.016780000;0.750840000
CVE-2018-21131;0.012790000;0.677820000
CVE-2018-21130;0.016170000;0.741710000
CVE-2018-21129;0.006270000;0.475000000
CVE-2018-21128;0.007580000;0.525210000
CVE-2018-21127;0.013880000;0.701620000
CVE-2018-21126;0.014870000;0.720490000
CVE-2018-21125;0.007000000;0.504880000
CVE-2018-21124;0.006010000;0.462580000
CVE-2018-21123;0.014870000;0.720500000
CVE-2018-21122;0.005310000;0.427590000
CVE-2018-21121;0.007000000;0.504870000
CVE-2018-21120;0.004590000;0.383050000
CVE-2018-21119;0.008500000;0.554630000
CVE-2018-21118;0.007000000;0.504880000
CVE-2018-21117;0.010520000;0.617630000
CVE-2018-21116;0.010520000;0.617630000
CVE-2018-21115;0.009870000;0.597690000
CVE-2018-21114;0.008500000;0.554630000
CVE-2018-21113;0.016350000;0.744670000
CVE-2018-21112;0.009280000;0.578820000
CVE-2018-21111;0.005930000;0.458970000
CVE-2018-21110;0.008500000;0.554620000
CVE-2018-21109;0.008500000;0.554620000
CVE-2018-21108;0.008500000;0.554610000
CVE-2018-21107;0.008500000;0.554610000
CVE-2018-21106;0.008500000;0.554600000
CVE-2018-21105;0.008500000;0.554620000
CVE-2018-21104;0.008500000;0.554610000
CVE-2018-21103;0.008500000;0.554630000
CVE-2018-21102;0.005630000;0.444700000
CVE-2018-21101;0.009530000;0.586820000
CVE-2018-21100;0.009330000;0.580670000
CVE-2018-21099;0.010000000;0.601870000
CVE-2018-21098;0.008500000;0.554600000
CVE-2018-21097;0.011590000;0.646900000
CVE-2018-21096;0.003060000;0.233830000
CVE-2018-21095;0.003890000;0.323580000
CVE-2018-21094;0.010160000;0.606690000
CVE-2018-21093;0.006340000;0.478040000
CVE-2018-21092;0.001830000;0.081870000
CVE-2018-21091;0.004220000;0.355460000
CVE-2018-21090;0.005610000;0.443650000
CVE-2018-21089;0.008310000;0.548880000
CVE-2018-21088;0.004220000;0.355470000
CVE-2018-21087;0.004400000;0.369380000
CVE-2018-21086;0.003260000;0.256950000
CVE-2018-21085;0.003260000;0.256950000
CVE-2018-21084;0.003090000;0.237130000
CVE-2018-21083;0.004130000;0.346850000
CVE-2018-21082;0.001360000;0.035020000
CVE-2018-21081;0.003870000;0.321120000
CVE-2018-21080;0.000960000;0.008020000
CVE-2018-21079;0.004130000;0.346830000
CVE-2018-21078;0.003460000;0.278810000
CVE-2018-21077;0.001390000;0.038030000
CVE-2018-21076;0.001340000;0.033640000
CVE-2018-21075;0.006520000;0.486010000
CVE-2018-21074;0.001320000;0.032030000
CVE-2018-21073;0.001390000;0.038020000
CVE-2018-21072;0.008310000;0.548880000
CVE-2018-21071;0.003240000;0.253750000
CVE-2018-21070;0.001330000;0.032890000
CVE-2018-21069;0.004130000;0.346830000
CVE-2018-21068;0.001500000;0.047490000
CVE-2018-21067;0.003400000;0.272630000
CVE-2018-21066;0.005610000;0.443640000
CVE-2018-21065;0.004430000;0.371310000
CVE-2018-21064;0.004430000;0.371310000
CVE-2018-21063;0.005640000;0.445340000
CVE-2018-21062;0.001460000;0.043620000
CVE-2018-21061;0.001350000;0.034290000
CVE-2018-21060;0.004130000;0.346850000
CVE-2018-21059;0.004130000;0.346830000
CVE-2018-21058;0.002750000;0.200420000
CVE-2018-21057;0.005610000;0.443650000
CVE-2018-21056;0.001420000;0.039840000
CVE-2018-21055;0.008310000;0.548880000
CVE-2018-21054;0.004400000;0.369380000
CVE-2018-21053;0.001420000;0.039830000
CVE-2018-21052;0.008310000;0.548890000
CVE-2018-21051;0.008620000;0.558480000
CVE-2018-21050;0.008690000;0.560830000
CVE-2018-21049;0.005640000;0.445350000
CVE-2018-21048;0.001420000;0.039840000
CVE-2018-21047;0.003500000;0.283050000
CVE-2018-21046;0.001340000;0.033970000
CVE-2018-21045;0.001420000;0.039840000
CVE-2018-21044;0.006820000;0.497960000
CVE-2018-21043;0.001320000;0.032030000
CVE-2018-21042;0.006280000;0.475180000
CVE-2018-21041;0.004290000;0.361060000
CVE-2018-21040;0.003090000;0.237130000
CVE-2018-21039;0.004080000;0.342740000
CVE-2018-21038;0.005060000;0.412080000
CVE-2018-21037;0.005130000;0.416670000
CVE-2018-21036;0.017690000;0.763970000
CVE-2018-21035;0.023390000;0.823070000
CVE-2018-21034;0.013740000;0.699150000
CVE-2018-21033;0.008400000;0.551420000
CVE-2018-21032;0.008720000;0.561920000
CVE-2018-21031;0.020590000;0.798530000
CVE-2018-21030;0.014430000;0.712160000
CVE-2018-21029;0.031380000;0.868970000
CVE-2018-21028;0.020720000;0.799850000
CVE-2018-21027;0.023500000;0.823920000
CVE-2018-21026;0.013760000;0.699400000
CVE-2018-21025;0.028360000;0.855700000
CVE-2018-21024;0.022340000;0.814400000
CVE-2018-21023;0.029950000;0.863030000
CVE-2018-21022;0.018360000;0.772860000
CVE-2018-21021;0.018360000;0.772860000
CVE-2018-21020;0.019810000;0.790020000
CVE-2018-21019;0.016910000;0.753110000
CVE-2018-21018;0.025610000;0.838990000
CVE-2018-21017;0.012420000;0.669050000
CVE-2018-21016;0.013820000;0.700680000
CVE-2018-21015;0.013840000;0.700920000
CVE-2018-21014;0.007230000;0.513160000
CVE-2018-21013;0.019870000;0.790750000
CVE-2018-21012;0.009160000;0.575020000
CVE-2018-21011;0.017260000;0.757760000
CVE-2018-21010;0.020910000;0.801870000
CVE-2018-21009;0.018940000;0.780120000
CVE-2018-21008;0.005660000;0.446010000
CVE-2018-21007;0.019520000;0.786950000
CVE-2018-21006;0.006740000;0.494800000
CVE-2018-21005;0.020720000;0.799900000
CVE-2018-21004;0.022440000;0.815170000
CVE-2018-21003;0.018330000;0.772430000
CVE-2018-21002;0.006810000;0.497820000
CVE-2018-21001;0.009050000;0.571620000
CVE-2018-21000;0.020320000;0.795720000
CVE-2018-20999;0.015980000;0.738650000
CVE-2018-20998;0.016580000;0.748050000
CVE-2018-20997;0.017440000;0.760330000
CVE-2018-20996;0.017440000;0.760330000
CVE-2018-20995;0.016110000;0.740690000
CVE-2018-20994;0.014110000;0.706200000
CVE-2018-20993;0.014110000;0.706200000
CVE-2018-20992;0.013720000;0.698540000
CVE-2018-20991;0.018130000;0.769880000
CVE-2018-20990;0.016760000;0.750600000
CVE-2018-20989;0.014110000;0.706210000
CVE-2018-20988;0.013770000;0.699630000
CVE-2018-20987;0.021290000;0.805300000
CVE-2018-20986;0.009480000;0.585490000
CVE-2018-20985;0.076710000;0.941220000
CVE-2018-20984;0.020440000;0.796890000
CVE-2018-20983;0.009050000;0.571610000
CVE-2018-20982;0.009150000;0.574900000
CVE-2018-20981;0.017440000;0.760340000
CVE-2018-20980;0.013920000;0.702630000
CVE-2018-20979;0.020220000;0.794680000
CVE-2018-20978;0.009050000;0.571610000
CVE-2018-20977;0.008970000;0.568970000
CVE-2018-20976;0.006070000;0.465220000
CVE-2018-20975;0.012460000;0.670060000
CVE-2018-20974;0.006490000;0.484470000
CVE-2018-20973;0.019550000;0.787260000
CVE-2018-20972;0.006490000;0.484490000
CVE-2018-20971;0.006490000;0.484490000
CVE-2018-20970;0.009050000;0.571570000
CVE-2018-20969;0.026840000;0.846910000
CVE-2018-20968;0.006490000;0.484480000
CVE-2018-20967;0.006490000;0.484490000
CVE-2018-20966;0.018310000;0.772200000
CVE-2018-20965;0.010370000;0.613280000
CVE-2018-20964;0.006810000;0.497820000
CVE-2018-20963;0.009150000;0.574880000
CVE-2018-20962;0.013110000;0.684670000
CVE-2018-20961;0.063420000;0.930940000
CVE-2018-20960;0.005690000;0.447250000
CVE-2018-20959;0.005690000;0.447250000
CVE-2018-20958;0.004990000;0.408140000
CVE-2018-20957;0.009850000;0.597140000
CVE-2018-20956;0.004460000;0.373730000
CVE-2018-20955;0.020090000;0.793450000
CVE-2018-20954;0.011480000;0.643690000
CVE-2018-20953;0.006470000;0.483860000
CVE-2018-20952;0.008750000;0.562620000
CVE-2018-20951;0.006470000;0.483860000
CVE-2018-20950;0.006470000;0.483920000
CVE-2018-20949;0.006470000;0.483880000
CVE-2018-20948;0.006470000;0.483890000
CVE-2018-20947;0.003510000;0.284490000
CVE-2018-20946;0.003500000;0.283040000
CVE-2018-20945;0.006310000;0.476700000
CVE-2018-20944;0.003500000;0.283050000
CVE-2018-20943;0.002940000;0.220570000
CVE-2018-20942;0.002940000;0.220560000
CVE-2018-20941;0.003080000;0.236320000
CVE-2018-20940;0.002650000;0.186360000
CVE-2018-20939;0.003500000;0.283040000
CVE-2018-20938;0.005900000;0.457620000
CVE-2018-20937;0.005540000;0.440030000
CVE-2018-20936;0.003240000;0.254890000
CVE-2018-20935;0.005310000;0.427190000
CVE-2018-20934;0.008800000;0.564050000
CVE-2018-20933;0.005310000;0.427170000
CVE-2018-20932;0.006980000;0.503840000
CVE-2018-20931;0.009820000;0.596190000
CVE-2018-20930;0.007180000;0.511190000
CVE-2018-20929;0.006480000;0.484210000
CVE-2018-20928;0.006470000;0.483910000
CVE-2018-20927;0.003240000;0.254900000
CVE-2018-20926;0.003940000;0.329020000
CVE-2018-20925;0.003090000;0.237340000
CVE-2018-20924;0.008330000;0.549520000
CVE-2018-20923;0.006470000;0.483830000
CVE-2018-20922;0.006470000;0.483930000
CVE-2018-20921;0.006470000;0.483810000
CVE-2018-20920;0.006470000;0.483810000
CVE-2018-20919;0.006470000;0.483810000
CVE-2018-20918;0.006470000;0.483920000
CVE-2018-20917;0.003430000;0.275110000
CVE-2018-20916;0.005310000;0.427170000
CVE-2018-20915;0.005310000;0.427170000
CVE-2018-20914;0.008340000;0.549830000
CVE-2018-20913;0.008580000;0.557430000
CVE-2018-20912;0.010140000;0.606200000
CVE-2018-20911;0.015830000;0.736540000
CVE-2018-20910;0.006470000;0.483840000
CVE-2018-20909;0.003360000;0.266880000
CVE-2018-20908;0.003380000;0.269590000
CVE-2018-20907;0.005540000;0.440030000
CVE-2018-20906;0.005920000;0.458400000
CVE-2018-20905;0.005780000;0.451900000
CVE-2018-20904;0.006200000;0.471610000
CVE-2018-20903;0.006470000;0.483910000
CVE-2018-20902;0.003770000;0.310790000
CVE-2018-20901;0.006470000;0.483830000
CVE-2018-20900;0.006470000;0.483870000
CVE-2018-20899;0.006470000;0.483900000
CVE-2018-20898;0.006330000;0.477470000
CVE-2018-20897;0.003390000;0.271040000
CVE-2018-20896;0.004130000;0.346770000
CVE-2018-20895;0.010360000;0.612960000
CVE-2018-20894;0.003440000;0.276020000
CVE-2018-20893;0.003470000;0.279930000
CVE-2018-20892;0.006330000;0.477460000
CVE-2018-20891;0.004000000;0.335050000
CVE-2018-20890;0.005540000;0.440040000
CVE-2018-20889;0.003510000;0.283720000
CVE-2018-20888;0.003570000;0.290540000
CVE-2018-20887;0.010600000;0.619840000
CVE-2018-20886;0.003490000;0.281770000
CVE-2018-20885;0.007670000;0.528180000
CVE-2018-20884;0.005190000;0.420520000
CVE-2018-20883;0.007300000;0.515670000
CVE-2018-20882;0.003790000;0.312840000
CVE-2018-20881;0.005190000;0.420520000
CVE-2018-20880;0.003430000;0.275820000
CVE-2018-20879;0.009920000;0.599130000
CVE-2018-20878;0.005190000;0.420510000
CVE-2018-20877;0.005190000;0.420510000
CVE-2018-20876;0.005190000;0.420520000
CVE-2018-20875;0.005190000;0.420520000
CVE-2018-20874;0.005310000;0.427200000
CVE-2018-20873;0.003260000;0.256270000
CVE-2018-20872;0.005080000;0.413490000
CVE-2018-20871;0.021690000;0.808810000
CVE-2018-20870;0.004150000;0.348920000
CVE-2018-20869;0.005150000;0.417750000
CVE-2018-20868;0.006470000;0.483890000
CVE-2018-20867;0.006940000;0.502660000
CVE-2018-20866;0.006470000;0.483930000
CVE-2018-20865;0.006470000;0.483870000
CVE-2018-20864;0.007720000;0.529790000
CVE-2018-20863;0.023140000;0.821030000
CVE-2018-20862;0.003870000;0.321850000
CVE-2018-20861;0.011410000;0.641920000
CVE-2018-20860;0.013380000;0.690890000
CVE-2018-20859;0.012020000;0.658550000
CVE-2018-20858;0.008550000;0.556480000
CVE-2018-20857;0.012050000;0.659240000
CVE-2018-20856;0.007070000;0.507410000
CVE-2018-20855;0.004500000;0.376540000
CVE-2018-20854;0.003910000;0.324950000
CVE-2018-20853;0.009480000;0.585490000
CVE-2018-20852;0.038800000;0.894100000
CVE-2018-20851;0.015330000;0.728590000
CVE-2018-20850;0.003860000;0.320610000
CVE-2018-20849;0.009780000;0.595110000
CVE-2018-20848;0.008200000;0.545250000
CVE-2018-20847;0.021740000;0.809330000
CVE-2018-20846;0.021680000;0.808800000
CVE-2018-20845;0.023470000;0.823700000
CVE-2018-20843;0.071070000;0.937420000
CVE-2018-20841;0.479010000;0.987610000
CVE-2018-20840;0.006510000;0.485680000
CVE-2018-20839;0.024780000;0.833260000
CVE-2018-20838;0.010780000;0.624900000
CVE-2018-20837;0.007480000;0.521660000
CVE-2018-20836;0.051110000;0.917280000
CVE-2018-20835;0.021060000;0.803280000
CVE-2018-20834;0.031450000;0.869260000
CVE-2018-20827;0.007560000;0.524390000
CVE-2018-20826;0.008470000;0.553400000
CVE-2018-20824;0.379860000;0.984350000
CVE-2018-20823;0.014760000;0.718550000
CVE-2018-20822;0.021070000;0.803390000
CVE-2018-20821;0.022180000;0.813100000
CVE-2018-20820;0.009590000;0.588360000
CVE-2018-20819;0.009800000;0.595560000
CVE-2018-20818;0.015320000;0.728400000
CVE-2018-20817;0.036290000;0.886410000
CVE-2018-20816;0.005710000;0.448370000
CVE-2018-20815;0.044280000;0.906290000
CVE-2018-20814;0.015870000;0.737000000
CVE-2018-20813;0.030790000;0.866500000
CVE-2018-20812;0.011110000;0.634320000
CVE-2018-20811;0.021500000;0.807330000
CVE-2018-20810;0.017700000;0.764040000
CVE-2018-20809;0.027250000;0.849280000
CVE-2018-20808;0.016020000;0.739380000
CVE-2018-20807;0.016020000;0.739380000
CVE-2018-20806;0.009800000;0.595760000
CVE-2018-20805;0.012490000;0.670710000
CVE-2018-20804;0.012490000;0.670710000
CVE-2018-20803;0.012850000;0.679340000
CVE-2018-20802;0.014800000;0.719200000
CVE-2018-20801;0.031690000;0.870300000
CVE-2018-20800;0.009900000;0.598660000
CVE-2018-20799;0.015900000;0.737590000
CVE-2018-20798;0.014240000;0.708550000
CVE-2018-20797;0.013510000;0.693880000
CVE-2018-20796;0.057570000;0.924910000
CVE-2018-20795;0.034630000;0.881370000
CVE-2018-20794;0.039900000;0.897150000
CVE-2018-20793;0.049880000;0.915570000
CVE-2018-20792;0.034630000;0.881370000
CVE-2018-20791;0.008150000;0.543860000
CVE-2018-20790;0.036270000;0.886340000
CVE-2018-20789;0.036270000;0.886340000
CVE-2018-20788;0.007950000;0.536920000
CVE-2018-20787;0.008090000;0.541780000
CVE-2018-20786;0.029720000;0.862000000
CVE-2018-20785;0.004660000;0.387090000
CVE-2018-20784;0.041730000;0.901230000
CVE-2018-20783;0.056600000;0.923850000
CVE-2018-20782;0.100090000;0.952440000
CVE-2018-20781;0.014830000;0.719790000
CVE-2018-20780;0.008040000;0.540120000
CVE-2018-20779;0.019730000;0.789140000
CVE-2018-20778;0.008260000;0.547240000
CVE-2018-20777;0.006370000;0.479060000
CVE-2018-20776;0.015140000;0.725480000
CVE-2018-20775;0.021070000;0.803420000
CVE-2018-20774;0.006370000;0.479080000
CVE-2018-20773;0.021070000;0.803430000
CVE-2018-20772;0.021070000;0.803420000
CVE-2018-20771;0.030780000;0.866450000
CVE-2018-20770;0.010600000;0.619830000
CVE-2018-20769;0.014350000;0.710610000
CVE-2018-20768;0.012350000;0.667390000
CVE-2018-20767;0.022370000;0.814630000
CVE-2018-20764;0.011850000;0.654240000
CVE-2018-20763;0.014110000;0.706080000
CVE-2018-20762;0.014790000;0.719120000
CVE-2018-20761;0.014790000;0.719120000
CVE-2018-20760;0.014110000;0.706080000
CVE-2018-20758;0.006070000;0.465160000
CVE-2018-20757;0.008570000;0.557050000
CVE-2018-20756;0.008570000;0.557050000
CVE-2018-20755;0.008570000;0.557040000
CVE-2018-20753;0.293360000;0.980310000
CVE-2018-20752;0.034270000;0.880060000
CVE-2018-20751;0.016380000;0.745070000
CVE-2018-20750;0.033350000;0.876940000
CVE-2018-20749;0.032300000;0.872870000
CVE-2018-20748;0.032570000;0.874040000
CVE-2018-20745;0.005440000;0.434780000
CVE-2018-20744;0.007170000;0.511110000
CVE-2018-20743;0.036250000;0.886290000
CVE-2018-20742;0.013850000;0.701120000
CVE-2018-20737;0.009850000;0.597120000
CVE-2018-20736;0.009770000;0.594790000
CVE-2018-20735;0.074880000;0.940020000
CVE-2018-20733;0.011450000;0.642830000
CVE-2018-20732;0.040330000;0.898100000
CVE-2018-20731;0.008040000;0.540250000
CVE-2018-20730;0.011870000;0.654870000
CVE-2018-20729;0.008040000;0.540260000
CVE-2018-20728;0.005930000;0.458910000
CVE-2018-20727;0.056090000;0.923150000
CVE-2018-20726;0.010450000;0.615540000
CVE-2018-20725;0.010250000;0.609680000
CVE-2018-20724;0.010250000;0.609670000
CVE-2018-20723;0.010250000;0.609680000
CVE-2018-20721;0.020500000;0.797540000
CVE-2018-20720;0.024700000;0.832700000
CVE-2018-20719;0.009950000;0.600160000
CVE-2018-20718;0.037260000;0.889540000
CVE-2018-20717;0.027120000;0.848550000
CVE-2018-20716;0.011770000;0.652400000
CVE-2018-20715;0.011480000;0.643700000
CVE-2018-20714;0.018420000;0.773590000
CVE-2018-20713;0.011070000;0.633400000
CVE-2018-20712;0.026850000;0.847010000
CVE-2018-20703;0.006370000;0.479070000
CVE-2018-20699;0.022310000;0.814110000
CVE-2018-20698;0.008020000;0.539360000
CVE-2018-20687;0.025280000;0.836740000
CVE-2018-20685;0.036810000;0.888190000
CVE-2018-20684;0.027680000;0.851930000
CVE-2018-20683;0.020090000;0.793500000
CVE-2018-20682;0.005560000;0.440850000
CVE-2018-20681;0.005770000;0.451370000
CVE-2018-20680;0.005830000;0.454270000
CVE-2018-20679;0.076940000;0.941330000
CVE-2018-20678;0.013780000;0.699960000
CVE-2018-20677;0.039840000;0.897010000
CVE-2018-20676;0.038350000;0.892860000
CVE-2018-20675;0.018350000;0.772780000
CVE-2018-20674;0.025340000;0.837120000
CVE-2018-20673;0.016370000;0.744960000
CVE-2018-20671;0.019730000;0.789110000
CVE-2018-20669;0.005770000;0.451220000
CVE-2018-20664;0.080500000;0.943400000
CVE-2018-20663;0.006670000;0.491950000
CVE-2018-20662;0.022620000;0.816610000
CVE-2018-20659;0.011990000;0.657940000
CVE-2018-20658;0.084930000;0.946070000
CVE-2018-20657;0.040370000;0.898200000
CVE-2018-20655;0.021960000;0.811300000
CVE-2018-20652;0.014560000;0.714610000
CVE-2018-20651;0.022470000;0.815400000
CVE-2018-20650;0.026820000;0.846800000
CVE-2018-20648;0.006360000;0.478980000
CVE-2018-20647;0.018550000;0.775400000
CVE-2018-20646;0.016370000;0.744950000
CVE-2018-20645;0.006530000;0.486490000
CVE-2018-20644;0.006500000;0.485220000
CVE-2018-20643;0.016370000;0.744950000
CVE-2018-20642;0.015810000;0.736190000
CVE-2018-20641;0.006360000;0.478980000
CVE-2018-20640;0.006530000;0.486480000
CVE-2018-20639;0.008480000;0.553660000
CVE-2018-20638;0.014250000;0.708770000
CVE-2018-20637;0.015810000;0.736190000
CVE-2018-20636;0.006530000;0.486490000
CVE-2018-20635;0.013210000;0.686900000
CVE-2018-20634;0.015810000;0.736180000
CVE-2018-20633;0.006500000;0.485210000
CVE-2018-20632;0.006530000;0.486490000
CVE-2018-20631;0.016260000;0.743140000
CVE-2018-20630;0.018530000;0.775120000
CVE-2018-20629;0.018530000;0.775120000
CVE-2018-20628;0.021800000;0.809840000
CVE-2018-20627;0.006530000;0.486490000
CVE-2018-20626;0.016370000;0.744950000
CVE-2018-20623;0.018170000;0.770360000
CVE-2018-20622;0.028950000;0.858620000
CVE-2018-20621;0.008920000;0.567620000
CVE-2018-20618;0.014190000;0.707690000
CVE-2018-20617;0.011420000;0.642170000
CVE-2018-20616;0.011420000;0.642160000
CVE-2018-20615;0.044590000;0.906960000
CVE-2018-20614;0.013030000;0.683010000
CVE-2018-20613;0.004940000;0.404950000
CVE-2018-20612;0.004940000;0.404950000
CVE-2018-20611;0.009430000;0.583840000
CVE-2018-20610;0.018980000;0.780700000
CVE-2018-20609;0.026530000;0.845040000
CVE-2018-20608;0.120630000;0.958200000
CVE-2018-20607;0.026530000;0.845040000
CVE-2018-20606;0.026090000;0.842220000
CVE-2018-20605;0.023870000;0.826530000
CVE-2018-20604;0.013690000;0.697820000
CVE-2018-20603;0.005230000;0.422670000
CVE-2018-20602;0.012870000;0.679700000
CVE-2018-20601;0.005590000;0.442440000
CVE-2018-20600;0.007070000;0.507350000
CVE-2018-20599;0.015140000;0.725420000
CVE-2018-20598;0.005230000;0.422620000
CVE-2018-20597;0.005530000;0.439390000
CVE-2018-20596;0.011420000;0.642040000
CVE-2018-20595;0.006380000;0.479740000
CVE-2018-20594;0.008630000;0.558640000
CVE-2018-20593;0.013030000;0.683040000
CVE-2018-20592;0.014920000;0.721380000
CVE-2018-20591;0.011500000;0.644580000
CVE-2018-20590;0.006310000;0.476710000
CVE-2018-20589;0.006370000;0.479310000
CVE-2018-20588;0.011500000;0.644580000
CVE-2018-20587;0.003490000;0.282030000
CVE-2018-20586;0.010870000;0.627640000
CVE-2018-20584;0.028910000;0.858370000
CVE-2018-20583;0.015970000;0.738620000
CVE-2018-20582;0.006540000;0.486640000
CVE-2018-20580;0.097860000;0.951660000
CVE-2018-20579;0.003220000;0.251530000
CVE-2018-20578;0.015990000;0.738880000
CVE-2018-20577;0.005810000;0.453400000
CVE-2018-20576;0.004120000;0.346630000
CVE-2018-20575;0.009800000;0.595830000
CVE-2018-20574;0.025360000;0.837290000
CVE-2018-20573;0.025360000;0.837280000
CVE-2018-20572;0.015370000;0.729240000
CVE-2018-20571;0.013680000;0.697580000
CVE-2018-20570;0.022370000;0.814680000
CVE-2018-20569;0.016350000;0.744620000
CVE-2018-20568;0.016350000;0.744620000
CVE-2018-20567;0.010340000;0.612480000
CVE-2018-20566;0.012890000;0.680160000
CVE-2018-20565;0.005340000;0.429290000
CVE-2018-20564;0.005340000;0.429300000
CVE-2018-20563;0.005340000;0.429310000
CVE-2018-20562;0.005340000;0.429310000
CVE-2018-20561;0.005340000;0.429280000
CVE-2018-20560;0.005340000;0.429320000
CVE-2018-20559;0.005340000;0.429280000
CVE-2018-20558;0.005340000;0.429300000
CVE-2018-20557;0.005340000;0.429290000
CVE-2018-20556;0.189060000;0.970720000
CVE-2018-20555;0.104010000;0.953740000
CVE-2018-20553;0.012490000;0.670780000
CVE-2018-20552;0.012490000;0.670770000
CVE-2018-20551;0.020200000;0.794520000
CVE-2018-20549;0.018270000;0.771790000
CVE-2018-20548;0.018060000;0.768780000
CVE-2018-20547;0.017980000;0.767680000
CVE-2018-20546;0.023110000;0.820790000
CVE-2018-20545;0.023890000;0.826740000
CVE-2018-20544;0.018700000;0.777330000
CVE-2018-20543;0.010470000;0.616270000
CVE-2018-20542;0.019130000;0.782410000
CVE-2018-20541;0.019180000;0.782980000
CVE-2018-20540;0.014820000;0.719590000
CVE-2018-20539;0.014300000;0.709740000
CVE-2018-20538;0.007890000;0.535280000
CVE-2018-20537;0.010870000;0.627550000
CVE-2018-20536;0.014300000;0.709750000
CVE-2018-20535;0.007950000;0.537050000
CVE-2018-20534;0.023300000;0.822320000
CVE-2018-20533;0.021640000;0.808470000
CVE-2018-20532;0.021460000;0.806850000
CVE-2018-20530;0.005310000;0.427420000
CVE-2018-20528;0.010470000;0.616130000
CVE-2018-20526;0.730560000;0.994120000
CVE-2018-20525;0.216460000;0.974420000
CVE-2018-20524;0.007070000;0.507360000
CVE-2018-20523;0.100090000;0.952440000
CVE-2018-20520;0.008650000;0.559500000
CVE-2018-20519;0.010030000;0.602740000
CVE-2018-20512;0.017730000;0.764500000
CVE-2018-20511;0.004500000;0.376550000
CVE-2018-20510;0.004100000;0.343970000
CVE-2018-20509;0.003690000;0.301760000
CVE-2018-20508;0.014520000;0.713830000
CVE-2018-20507;0.007690000;0.528690000
CVE-2018-20506;0.075650000;0.940520000
CVE-2018-20505;0.069520000;0.936110000
CVE-2018-20503;0.039040000;0.894690000
CVE-2018-20502;0.010530000;0.618010000
CVE-2018-20501;0.006380000;0.479510000
CVE-2018-20500;0.014220000;0.708310000
CVE-2018-20499;0.007300000;0.515520000
CVE-2018-20498;0.006580000;0.488500000
CVE-2018-20497;0.006580000;0.488490000
CVE-2018-20496;0.005960000;0.460270000
CVE-2018-20495;0.009290000;0.578990000
CVE-2018-20494;0.016480000;0.746630000
CVE-2018-20493;0.007120000;0.509180000
CVE-2018-20492;0.008800000;0.564210000
CVE-2018-20491;0.005620000;0.443920000
CVE-2018-20490;0.005960000;0.460270000
CVE-2018-20489;0.007760000;0.531050000
CVE-2018-20488;0.007700000;0.529090000
CVE-2018-20487;0.018710000;0.777430000
CVE-2018-20486;0.006650000;0.491390000
CVE-2018-20485;0.052730000;0.919330000
CVE-2018-20484;0.052730000;0.919330000
CVE-2018-20483;0.006590000;0.488950000
CVE-2018-20482;0.005260000;0.424750000
CVE-2018-20481;0.034220000;0.879880000
CVE-2018-20480;0.011350000;0.640510000
CVE-2018-20479;0.011350000;0.640510000
CVE-2018-20478;0.012080000;0.660260000
CVE-2018-20477;0.011350000;0.640520000
CVE-2018-20476;0.006750000;0.495160000
CVE-2018-20472;0.020820000;0.800850000
CVE-2018-20470;0.460600000;0.987130000
CVE-2018-20469;0.185390000;0.970270000
CVE-2018-20468;0.022230000;0.813490000
CVE-2018-20467;0.030990000;0.867340000
CVE-2018-20465;0.015270000;0.727530000
CVE-2018-20464;0.006750000;0.495230000
CVE-2018-20463;0.131870000;0.960670000
CVE-2018-20462;0.039700000;0.896680000
CVE-2018-20461;0.010090000;0.604610000
CVE-2018-20460;0.010580000;0.619290000
CVE-2018-20459;0.009320000;0.580290000
CVE-2018-20458;0.009390000;0.582650000
CVE-2018-20457;0.008650000;0.559390000
CVE-2018-20456;0.010050000;0.603500000
CVE-2018-20455;0.010540000;0.618220000
CVE-2018-20454;0.007070000;0.507360000
CVE-2018-20453;0.009440000;0.584100000
CVE-2018-20452;0.015050000;0.723770000
CVE-2018-20451;0.009360000;0.581620000
CVE-2018-20450;0.010640000;0.621240000
CVE-2018-20449;0.004210000;0.354050000
CVE-2018-20448;0.016770000;0.750820000
CVE-2018-20445;0.019070000;0.781750000
CVE-2018-20444;0.012900000;0.680270000
CVE-2018-20443;0.013670000;0.697400000
CVE-2018-20442;0.013670000;0.697410000
CVE-2018-20441;0.013670000;0.697410000
CVE-2018-20440;0.013670000;0.697400000
CVE-2018-20439;0.012900000;0.680280000
CVE-2018-20438;0.013670000;0.697400000
CVE-2018-20437;0.024350000;0.830190000
CVE-2018-20436;0.015540000;0.732290000
CVE-2018-20434;0.714870000;0.993670000
CVE-2018-20433;0.045890000;0.909280000
CVE-2018-20432;0.039330000;0.895700000
CVE-2018-20431;0.022360000;0.814560000
CVE-2018-20430;0.022370000;0.814660000
CVE-2018-20429;0.014980000;0.722440000
CVE-2018-20428;0.014980000;0.722450000
CVE-2018-20427;0.013240000;0.687500000
CVE-2018-20426;0.014980000;0.722450000
CVE-2018-20425;0.014980000;0.722450000
CVE-2018-20424;0.009030000;0.570860000
CVE-2018-20423;0.011800000;0.652910000
CVE-2018-20422;0.012910000;0.680400000
CVE-2018-20421;0.014560000;0.714660000
CVE-2018-20420;0.009620000;0.589610000
CVE-2018-20419;0.004830000;0.398050000
CVE-2018-20418;0.037020000;0.888830000
CVE-2018-20410;0.015920000;0.737910000
CVE-2018-20409;0.011500000;0.644590000
CVE-2018-20408;0.011570000;0.646340000
CVE-2018-20407;0.011570000;0.646330000
CVE-2018-20406;0.057890000;0.925250000
CVE-2018-20405;0.008220000;0.545970000
CVE-2018-20404;0.014770000;0.718790000
CVE-2018-20402;0.010350000;0.612640000
CVE-2018-20401;0.015130000;0.725280000
CVE-2018-20400;0.015130000;0.725300000
CVE-2018-20399;0.025900000;0.841040000
CVE-2018-20398;0.021030000;0.803050000
CVE-2018-20397;0.015130000;0.725290000
CVE-2018-20396;0.014590000;0.715300000
CVE-2018-20395;0.015130000;0.725300000
CVE-2018-20394;0.015130000;0.725310000
CVE-2018-20393;0.015960000;0.738460000
CVE-2018-20392;0.016450000;0.746130000
CVE-2018-20391;0.015130000;0.725300000
CVE-2018-20390;0.015130000;0.725280000
CVE-2018-20389;0.020360000;0.796050000
CVE-2018-20388;0.015130000;0.725310000
CVE-2018-20387;0.015130000;0.725290000
CVE-2018-20386;0.018230000;0.771160000
CVE-2018-20385;0.015130000;0.725290000
CVE-2018-20384;0.015130000;0.725280000
CVE-2018-20383;0.018230000;0.771160000
CVE-2018-20382;0.015130000;0.725290000
CVE-2018-20381;0.015960000;0.738460000
CVE-2018-20380;0.015960000;0.738450000
CVE-2018-20379;0.005730000;0.449590000
CVE-2018-20378;0.022800000;0.818090000
CVE-2018-20377;0.077210000;0.941550000
CVE-2018-20376;0.007460000;0.520980000
CVE-2018-20375;0.007460000;0.520990000
CVE-2018-20374;0.007460000;0.520980000
CVE-2018-20373;0.005900000;0.457460000
CVE-2018-20372;0.005900000;0.457460000
CVE-2018-20371;0.015790000;0.735960000
CVE-2018-20370;0.005150000;0.418150000
CVE-2018-20369;0.006920000;0.501980000
CVE-2018-20368;0.007050000;0.506520000
CVE-2018-20367;0.007070000;0.507340000
CVE-2018-20365;0.027780000;0.852730000
CVE-2018-20364;0.026380000;0.844030000
CVE-2018-20363;0.028420000;0.856000000
CVE-2018-20362;0.011650000;0.648840000
CVE-2018-20361;0.012070000;0.660140000
CVE-2018-20360;0.011280000;0.638740000
CVE-2018-20359;0.011650000;0.648840000
CVE-2018-20358;0.011540000;0.645730000
CVE-2018-20357;0.011650000;0.648830000
CVE-2018-20356;0.035740000;0.884750000
CVE-2018-20355;0.035740000;0.884760000
CVE-2018-20354;0.035740000;0.884760000
CVE-2018-20353;0.035740000;0.884750000
CVE-2018-20352;0.027250000;0.849240000
CVE-2018-20351;0.006470000;0.483870000
CVE-2018-20349;0.016050000;0.739860000
CVE-2018-20348;0.004310000;0.361860000
CVE-2018-20346;0.103120000;0.953410000
CVE-2018-20345;0.006630000;0.490580000
CVE-2018-20343;0.022190000;0.813180000
CVE-2018-20342;0.005980000;0.461590000
CVE-2018-20341;0.002770000;0.203130000
CVE-2018-20340;0.004990000;0.408370000
CVE-2018-20339;0.024110000;0.828420000
CVE-2018-20338;0.115250000;0.956890000
CVE-2018-20337;0.020700000;0.799630000
CVE-2018-20336;0.019960000;0.791680000
CVE-2018-20335;0.014080000;0.705610000
CVE-2018-20334;0.039260000;0.895460000
CVE-2018-20333;0.012090000;0.660610000
CVE-2018-20332;0.022250000;0.813700000
CVE-2018-20331;0.006130000;0.468200000
CVE-2018-20330;0.020060000;0.793190000
CVE-2018-20329;0.011850000;0.654350000
CVE-2018-20328;0.006650000;0.491440000
CVE-2018-20327;0.006310000;0.476400000
CVE-2018-20326;0.048220000;0.912970000
CVE-2018-20325;0.034600000;0.881200000
CVE-2018-20323;0.544980000;0.989350000
CVE-2018-20322;0.011140000;0.635230000
CVE-2018-20321;0.017660000;0.763450000
CVE-2018-20318;0.016620000;0.748630000
CVE-2018-20316;0.008160000;0.544090000
CVE-2018-20315;0.008160000;0.544090000
CVE-2018-20314;0.008400000;0.551480000
CVE-2018-20313;0.008160000;0.544100000
CVE-2018-20312;0.008160000;0.544100000
CVE-2018-20311;0.008160000;0.544100000
CVE-2018-20310;0.008630000;0.558660000
CVE-2018-20309;0.008160000;0.544090000
CVE-2018-20307;0.008330000;0.549330000
CVE-2018-20306;0.005390000;0.431810000
CVE-2018-20305;0.040730000;0.899000000
CVE-2018-20304;0.008590000;0.557750000
CVE-2018-20303;0.032020000;0.871600000
CVE-2018-20302;0.008700000;0.560910000
CVE-2018-20301;0.008960000;0.568770000
CVE-2018-20300;0.015770000;0.735740000
CVE-2018-20299;0.018890000;0.779540000
CVE-2018-20298;0.013990000;0.703920000
CVE-2018-2028;0.007840000;0.533500000
CVE-2018-2026;0.013600000;0.695930000
CVE-2018-20253;0.040420000;0.898310000
CVE-2018-20252;0.036150000;0.886010000
CVE-2018-20251;0.315280000;0.981480000
CVE-2018-20250;0.962740000;0.998760000
CVE-2018-2025;0.003040000;0.232270000
CVE-2018-20249;0.014450000;0.712370000
CVE-2018-20248;0.016520000;0.747120000
CVE-2018-20247;0.544920000;0.989340000
CVE-2018-20245;0.010160000;0.606710000
CVE-2018-20244;0.019560000;0.787370000
CVE-2018-20243;0.026730000;0.846270000
CVE-2018-20242;0.053640000;0.920300000
CVE-2018-20241;0.009040000;0.571250000
CVE-2018-20240;0.008890000;0.566630000
CVE-2018-2024;0.006810000;0.497810000
CVE-2018-20239;0.033390000;0.877120000
CVE-2018-20238;0.015130000;0.725370000
CVE-2018-20237;0.017370000;0.759360000
CVE-2018-20236;0.064400000;0.931860000
CVE-2018-20235;0.066860000;0.933830000
CVE-2018-20234;0.059120000;0.926640000
CVE-2018-20233;0.018180000;0.770500000
CVE-2018-20232;0.009110000;0.573520000
CVE-2018-20231;0.014380000;0.711180000
CVE-2018-20230;0.008110000;0.542330000
CVE-2018-20229;0.017340000;0.758970000
CVE-2018-20228;0.004200000;0.352960000
CVE-2018-20227;0.018240000;0.771340000
CVE-2018-20226;0.017470000;0.760650000
CVE-2018-20225;0.017360000;0.759290000
CVE-2018-20222;0.017140000;0.756260000
CVE-2018-20221;0.102690000;0.953270000
CVE-2018-20220;0.153620000;0.965170000
CVE-2018-2022;0.013010000;0.682750000
CVE-2018-20219;0.145530000;0.963700000
CVE-2018-20218;0.107350000;0.954780000
CVE-2018-20217;0.014170000;0.707380000
CVE-2018-20216;0.038790000;0.894060000
CVE-2018-20213;0.010580000;0.619140000
CVE-2018-20212;0.015860000;0.736930000
CVE-2018-20211;0.013780000;0.699920000
CVE-2018-2021;0.009010000;0.570310000
CVE-2018-20201;0.010730000;0.623760000
CVE-2018-20200;0.024770000;0.833240000
CVE-2018-20199;0.011280000;0.638740000
CVE-2018-20198;0.012070000;0.660140000
CVE-2018-20197;0.013170000;0.685820000
CVE-2018-20196;0.012810000;0.678290000
CVE-2018-20195;0.011650000;0.648830000
CVE-2018-20194;0.013240000;0.687420000
CVE-2018-20193;0.012970000;0.681930000
CVE-2018-20191;0.037250000;0.889490000
CVE-2018-20190;0.025870000;0.840720000
CVE-2018-2019;0.024040000;0.827880000
CVE-2018-20189;0.022780000;0.817970000
CVE-2018-20188;0.005230000;0.422670000
CVE-2018-20187;0.015250000;0.727230000
CVE-2018-20186;0.011990000;0.657940000
CVE-2018-20185;0.021070000;0.803360000
CVE-2018-20184;0.023070000;0.820420000
CVE-2018-20182;0.082140000;0.944430000
CVE-2018-20181;0.082140000;0.944430000
CVE-2018-20180;0.082140000;0.944430000
CVE-2018-20179;0.067950000;0.934820000
CVE-2018-20178;0.043420000;0.904610000
CVE-2018-20177;0.079340000;0.942810000
CVE-2018-20176;0.035950000;0.885420000
CVE-2018-20175;0.043040000;0.903900000
CVE-2018-20174;0.035120000;0.883000000
CVE-2018-20173;0.244980000;0.977050000
CVE-2018-20172;0.015860000;0.736940000
CVE-2018-20171;0.015860000;0.736960000
CVE-2018-20170;0.011200000;0.636710000
CVE-2018-20169;0.005860000;0.455590000
CVE-2018-20168;0.002790000;0.204610000
CVE-2018-20167;0.026540000;0.845080000
CVE-2018-20166;0.071200000;0.937520000
CVE-2018-20165;0.015180000;0.726080000
CVE-2018-20164;0.032980000;0.875650000
CVE-2018-20162;0.040850000;0.899300000
CVE-2018-20161;0.007370000;0.517940000
CVE-2018-20160;0.022480000;0.815490000
CVE-2018-20159;0.098910000;0.952020000
CVE-2018-20157;0.017380000;0.759470000
CVE-2018-20156;0.015070000;0.724220000
CVE-2018-20155;0.007790000;0.531810000
CVE-2018-20154;0.009780000;0.595130000
CVE-2018-20153;0.020710000;0.799720000
CVE-2018-20152;0.036420000;0.887040000
CVE-2018-20151;0.057790000;0.925140000
CVE-2018-20150;0.042480000;0.902810000
CVE-2018-2015;0.015950000;0.738200000
CVE-2018-20149;0.028930000;0.858480000
CVE-2018-20148;0.268190000;0.978750000
CVE-2018-20147;0.031080000;0.867620000
CVE-2018-20146;0.004280000;0.360100000
CVE-2018-20145;0.016450000;0.746130000
CVE-2018-20144;0.022060000;0.812100000
CVE-2018-20141;0.015900000;0.737590000
CVE-2018-20140;0.015830000;0.736430000
CVE-2018-20138;0.006410000;0.481090000
CVE-2018-20137;0.005590000;0.442400000
CVE-2018-20136;0.005590000;0.442390000
CVE-2018-20135;0.017570000;0.762250000
CVE-2018-20133;0.018330000;0.772500000
CVE-2018-20131;0.003030000;0.230110000
CVE-2018-2013;0.017590000;0.762480000
CVE-2018-20129;0.082260000;0.944500000
CVE-2018-20128;0.015450000;0.730670000
CVE-2018-20127;0.013880000;0.701830000
CVE-2018-20126;0.004900000;0.402920000
CVE-2018-20125;0.036830000;0.888250000
CVE-2018-20124;0.004880000;0.401790000
CVE-2018-20123;0.004880000;0.401790000
CVE-2018-20122;0.048210000;0.912940000
CVE-2018-20121;0.015830000;0.736430000
CVE-2018-20114;0.067250000;0.934220000
CVE-2018-2011;0.027720000;0.852110000
CVE-2018-20106;0.010230000;0.608840000
CVE-2018-20105;0.004250000;0.357600000
CVE-2018-20103;0.065930000;0.933140000
CVE-2018-20102;0.043470000;0.904710000
CVE-2018-20101;0.007820000;0.532980000
CVE-2018-20100;0.007100000;0.508500000
CVE-2018-20099;0.022890000;0.818880000
CVE-2018-20098;0.025670000;0.839400000
CVE-2018-20097;0.022870000;0.818730000
CVE-2018-20096;0.027620000;0.851560000
CVE-2018-20095;0.011570000;0.646330000
CVE-2018-20094;0.018250000;0.771440000
CVE-2018-20092;0.021810000;0.809930000
CVE-2018-20091;0.010090000;0.604540000
CVE-2018-20090;0.008320000;0.549010000
CVE-2018-2009;0.016480000;0.746570000
CVE-2018-2008;0.012980000;0.682040000
CVE-2018-20073;0.002450000;0.161120000
CVE-2018-20072;0.001640000;0.060440000
CVE-2018-20071;0.003840000;0.318480000
CVE-2018-20070;0.004850000;0.399520000
CVE-2018-2007;0.009660000;0.590850000
CVE-2018-20069;0.004320000;0.362940000
CVE-2018-20068;0.004710000;0.390060000
CVE-2018-20067;0.004710000;0.390060000
CVE-2018-20066;0.006000000;0.462150000
CVE-2018-20065;0.005660000;0.446390000
CVE-2018-20064;0.026550000;0.845130000
CVE-2018-20063;0.027170000;0.848830000
CVE-2018-20062;0.995300000;0.999440000
CVE-2018-20061;0.014330000;0.710260000
CVE-2018-20060;0.044880000;0.907390000
CVE-2018-2006;0.024840000;0.833620000
CVE-2018-20059;0.015000000;0.723020000
CVE-2018-20058;0.014060000;0.705360000
CVE-2018-20057;0.073960000;0.939490000
CVE-2018-20056;0.070380000;0.936850000
CVE-2018-20053;0.022030000;0.811920000
CVE-2018-20052;0.003780000;0.312140000
CVE-2018-20051;0.014050000;0.705140000
CVE-2018-20050;0.014950000;0.721880000
CVE-2018-2005;0.003280000;0.258600000
CVE-2018-2004;0.009380000;0.582100000
CVE-2018-20034;0.028030000;0.853980000
CVE-2018-20033;0.036690000;0.887840000
CVE-2018-20032;0.022420000;0.815070000
CVE-2018-20031;0.022420000;0.815070000
CVE-2018-20030;0.037980000;0.891750000
CVE-2018-20029;0.003430000;0.275270000
CVE-2018-20028;0.009060000;0.571960000
CVE-2018-20027;0.018180000;0.770490000
CVE-2018-20026;0.030420000;0.865030000
CVE-2018-20025;0.025560000;0.838640000
CVE-2018-20024;0.032600000;0.874180000
CVE-2018-20023;0.024950000;0.834400000
CVE-2018-20022;0.029370000;0.860460000
CVE-2018-20021;0.035150000;0.883060000
CVE-2018-20020;0.086220000;0.946760000
CVE-2018-20019;0.094680000;0.950450000
CVE-2018-20018;0.012110000;0.661190000
CVE-2018-20017;0.005590000;0.442430000
CVE-2018-20015;0.005230000;0.422650000
CVE-2018-20014;0.013760000;0.699450000
CVE-2018-20013;0.013760000;0.699460000
CVE-2018-20012;0.005360000;0.430230000
CVE-2018-20011;0.044280000;0.906280000
CVE-2018-20010;0.044280000;0.906280000
CVE-2018-2001;0.005270000;0.425360000
CVE-2018-20009;0.044280000;0.906280000
CVE-2018-20008;0.002910000;0.217580000
CVE-2018-20007;0.004870000;0.400910000
CVE-2018-20006;0.006140000;0.468900000
CVE-2018-20005;0.011110000;0.634370000
CVE-2018-20004;0.020250000;0.795090000
CVE-2018-20002;0.018190000;0.770680000
CVE-2018-20001;0.010100000;0.604830000
CVE-2018-20000;0.016870000;0.752510000
CVE-2018-2000;0.007630000;0.526790000
CVE-2018-19999;0.006050000;0.464560000
CVE-2018-19998;0.022120000;0.812640000
CVE-2018-19995;0.011140000;0.635130000
CVE-2018-19994;0.020320000;0.795700000
CVE-2018-19993;0.014170000;0.707450000
CVE-2018-19992;0.010750000;0.624400000
CVE-2018-19991;0.023260000;0.821970000
CVE-2018-1999047;0.007740000;0.530390000
CVE-2018-1999046;0.012540000;0.671910000
CVE-2018-1999045;0.008740000;0.562430000
CVE-2018-1999044;0.011700000;0.650250000
CVE-2018-1999043;0.016730000;0.750280000
CVE-2018-1999042;0.014590000;0.715340000
CVE-2018-1999041;0.003810000;0.315130000
CVE-2018-1999040;0.014010000;0.704250000
CVE-2018-1999039;0.006420000;0.481480000
CVE-2018-1999038;0.004830000;0.398420000
CVE-2018-1999037;0.007610000;0.526230000
CVE-2018-1999036;0.013740000;0.699140000
CVE-2018-1999035;0.008560000;0.556630000
CVE-2018-1999034;0.007930000;0.536470000
CVE-2018-1999033;0.008740000;0.562330000
CVE-2018-1999032;0.010190000;0.607360000
CVE-2018-1999031;0.009260000;0.577940000
CVE-2018-1999030;0.006810000;0.497550000
CVE-2018-1999029;0.007190000;0.511620000
CVE-2018-1999028;0.011190000;0.636350000
CVE-2018-1999027;0.005590000;0.442140000
CVE-2018-1999026;0.008620000;0.558630000
CVE-2018-1999025;0.008560000;0.556630000
CVE-2018-1999024;0.012540000;0.671960000
CVE-2018-1999023;0.017240000;0.757580000
CVE-2018-1999022;0.022090000;0.812400000
CVE-2018-1999021;0.006530000;0.486480000
CVE-2018-1999020;0.012820000;0.678660000
CVE-2018-1999019;0.031750000;0.870530000
CVE-2018-1999018;0.034910000;0.882330000
CVE-2018-1999017;0.009740000;0.593960000
CVE-2018-1999016;0.009700000;0.592450000
CVE-2018-1999015;0.017630000;0.762990000
CVE-2018-1999014;0.014740000;0.718150000
CVE-2018-1999013;0.017730000;0.764380000
CVE-2018-1999012;0.021670000;0.808650000
CVE-2018-1999011;0.042440000;0.902730000
CVE-2018-1999010;0.031090000;0.867730000
CVE-2018-1999009;0.023910000;0.826940000
CVE-2018-1999008;0.005210000;0.421580000
CVE-2018-1999007;0.008940000;0.568250000
CVE-2018-1999006;0.009450000;0.584410000
CVE-2018-1999005;0.008940000;0.568250000
CVE-2018-1999004;0.009420000;0.583490000
CVE-2018-1999003;0.007590000;0.525760000
CVE-2018-1999002;0.866410000;0.997250000
CVE-2018-1999001;0.181160000;0.969710000
CVE-2018-19990;0.052640000;0.919240000
CVE-2018-1999;0.009760000;0.594530000
CVE-2018-19989;0.055430000;0.922280000
CVE-2018-19988;0.074410000;0.939760000
CVE-2018-19987;0.129320000;0.960050000
CVE-2018-19986;0.416060000;0.985730000
CVE-2018-19985;0.009610000;0.589140000
CVE-2018-19983;0.004630000;0.385160000
CVE-2018-19982;0.002210000;0.128890000
CVE-2018-19981;0.017970000;0.767570000
CVE-2018-19980;0.011820000;0.653710000
CVE-2018-1998;0.004000000;0.334880000
CVE-2018-19978;0.040940000;0.899500000
CVE-2018-19977;0.041830000;0.901460000
CVE-2018-19976;0.012650000;0.674900000
CVE-2018-19975;0.013480000;0.693060000
CVE-2018-19974;0.012650000;0.674890000
CVE-2018-19971;0.030290000;0.864570000
CVE-2018-19970;0.022390000;0.814840000
CVE-2018-1997;0.013580000;0.695480000
CVE-2018-19969;0.010650000;0.621310000
CVE-2018-19968;0.028870000;0.858180000
CVE-2018-19967;0.004540000;0.379280000
CVE-2018-19966;0.004380000;0.368140000
CVE-2018-19965;0.004090000;0.343390000
CVE-2018-19964;0.003570000;0.290580000
CVE-2018-19963;0.003640000;0.297550000
CVE-2018-19962;0.004090000;0.343280000
CVE-2018-19961;0.004090000;0.343280000
CVE-2018-19960;0.003390000;0.271190000
CVE-2018-1996;0.011420000;0.642160000
CVE-2018-19957;0.007070000;0.507550000
CVE-2018-19956;0.009170000;0.575420000
CVE-2018-19955;0.009170000;0.575430000
CVE-2018-19954;0.009170000;0.575420000
CVE-2018-19953;0.238940000;0.976560000
CVE-2018-19952;0.012670000;0.675220000
CVE-2018-19951;0.007650000;0.527350000
CVE-2018-19950;0.020630000;0.798890000
CVE-2018-19949;0.244490000;0.977010000
CVE-2018-19948;0.002960000;0.223280000
CVE-2018-19947;0.007550000;0.523950000
CVE-2018-19946;0.003150000;0.244300000
CVE-2018-19945;0.011100000;0.634230000
CVE-2018-19944;0.008160000;0.544060000
CVE-2018-19943;0.177050000;0.969200000
CVE-2018-19942;0.007460000;0.521210000
CVE-2018-19941;0.006580000;0.488730000
CVE-2018-1994;0.015510000;0.731850000
CVE-2018-19939;0.012780000;0.677720000
CVE-2018-19937;0.003300000;0.260930000
CVE-2018-19936;0.010660000;0.621910000
CVE-2018-19935;0.062780000;0.930340000
CVE-2018-19934;0.054240000;0.920930000
CVE-2018-19933;0.034660000;0.881460000
CVE-2018-19932;0.019770000;0.789610000
CVE-2018-19931;0.016060000;0.740050000
CVE-2018-1993;0.003910000;0.325200000
CVE-2018-19927;0.006040000;0.463830000
CVE-2018-19926;0.007250000;0.513780000
CVE-2018-19925;0.011350000;0.640550000
CVE-2018-19924;0.007070000;0.507300000
CVE-2018-19923;0.005230000;0.422640000
CVE-2018-19922;0.008300000;0.548520000
CVE-2018-19921;0.019310000;0.784530000
CVE-2018-1992;0.003530000;0.286720000
CVE-2018-19919;0.006700000;0.493390000
CVE-2018-19918;0.006570000;0.488220000
CVE-2018-19917;0.015830000;0.736430000
CVE-2018-19915;0.040080000;0.897580000
CVE-2018-19914;0.033160000;0.876320000
CVE-2018-19913;0.017620000;0.762860000
CVE-2018-19911;0.026960000;0.847650000
CVE-2018-1991;0.009780000;0.595060000
CVE-2018-19908;0.172950000;0.968660000
CVE-2018-19907;0.016890000;0.752850000
CVE-2018-19906;0.006570000;0.488220000
CVE-2018-19905;0.006670000;0.491970000
CVE-2018-19904;0.008650000;0.559540000
CVE-2018-19903;0.007070000;0.507350000
CVE-2018-19902;0.005590000;0.442450000
CVE-2018-19901;0.005590000;0.442460000
CVE-2018-1990;0.022790000;0.817980000
CVE-2018-19898;0.013870000;0.701440000
CVE-2018-19897;0.013260000;0.687880000
CVE-2018-19896;0.013260000;0.687870000
CVE-2018-19895;0.013260000;0.687880000
CVE-2018-19894;0.013260000;0.687880000
CVE-2018-19893;0.011350000;0.640560000
CVE-2018-19892;0.015140000;0.725490000
CVE-2018-19891;0.008670000;0.559940000
CVE-2018-19890;0.008670000;0.559940000
CVE-2018-19889;0.008720000;0.561620000
CVE-2018-19888;0.008670000;0.559950000
CVE-2018-19887;0.008720000;0.561620000
CVE-2018-19886;0.009960000;0.600370000
CVE-2018-19882;0.014250000;0.708770000
CVE-2018-19881;0.015710000;0.734800000
CVE-2018-19879;0.012570000;0.672760000
CVE-2018-19878;0.011910000;0.655740000
CVE-2018-19877;0.185630000;0.970280000
CVE-2018-19876;0.017140000;0.756360000
CVE-2018-19873;0.033820000;0.878600000
CVE-2018-19872;0.013840000;0.701000000
CVE-2018-19871;0.018590000;0.775940000
CVE-2018-19870;0.024240000;0.829330000
CVE-2018-1987;0.003060000;0.233530000
CVE-2018-19869;0.021960000;0.811310000
CVE-2018-19865;0.021690000;0.808810000
CVE-2018-19864;0.248080000;0.977320000
CVE-2018-19863;0.004300000;0.361290000
CVE-2018-19862;0.125550000;0.959240000
CVE-2018-19861;0.125550000;0.959240000
CVE-2018-19860;0.010180000;0.607080000
CVE-2018-19859;0.024410000;0.830570000
CVE-2018-19858;0.025970000;0.841460000
CVE-2018-19857;0.039160000;0.895010000
CVE-2018-19856;0.022730000;0.817440000
CVE-2018-19855;0.010890000;0.627880000
CVE-2018-19854;0.004330000;0.363440000
CVE-2018-19853;0.009470000;0.584930000
CVE-2018-1985;0.003300000;0.261080000
CVE-2018-19849;0.004860000;0.400230000
CVE-2018-19845;0.005700000;0.448040000
CVE-2018-19844;0.005590000;0.442450000
CVE-2018-19843;0.009590000;0.588360000
CVE-2018-19842;0.009680000;0.591750000
CVE-2018-19841;0.025420000;0.837680000
CVE-2018-19840;0.023040000;0.820190000
CVE-2018-1984;0.009680000;0.591990000
CVE-2018-19839;0.021560000;0.807730000
CVE-2018-19838;0.019370000;0.785290000
CVE-2018-19837;0.017820000;0.765610000
CVE-2018-19836;0.007980000;0.538020000
CVE-2018-19835;0.006750000;0.495180000
CVE-2018-19834;0.009310000;0.579690000
CVE-2018-19833;0.009310000;0.579680000
CVE-2018-19832;0.009310000;0.579680000
CVE-2018-19831;0.009310000;0.579690000
CVE-2018-19830;0.009310000;0.579690000
CVE-2018-1983;0.009680000;0.591990000
CVE-2018-19829;0.019150000;0.782620000
CVE-2018-19828;0.022730000;0.817500000
CVE-2018-19827;0.020440000;0.796930000
CVE-2018-19826;0.011910000;0.655920000
CVE-2018-19824;0.005640000;0.445270000
CVE-2018-19822;0.010810000;0.625820000
CVE-2018-19821;0.010810000;0.625820000
CVE-2018-19820;0.010810000;0.625820000
CVE-2018-1982;0.009680000;0.591980000
CVE-2018-19819;0.010810000;0.625850000
CVE-2018-19818;0.010810000;0.625850000
CVE-2018-19817;0.010580000;0.619380000
CVE-2018-19816;0.010580000;0.619390000
CVE-2018-19815;0.010580000;0.619400000
CVE-2018-19814;0.010810000;0.625820000
CVE-2018-19813;0.010810000;0.625850000
CVE-2018-19812;0.010580000;0.619380000
CVE-2018-19811;0.010810000;0.625860000
CVE-2018-19810;0.010810000;0.625860000
CVE-2018-19809;0.010810000;0.625830000
CVE-2018-19802;0.022600000;0.816400000
CVE-2018-19801;0.020580000;0.798390000
CVE-2018-19800;0.022140000;0.812830000
CVE-2018-1980;0.005260000;0.424930000
CVE-2018-19799;0.044790000;0.907220000
CVE-2018-19798;0.031000000;0.867350000
CVE-2018-19797;0.018290000;0.771890000
CVE-2018-19796;0.015810000;0.736200000
CVE-2018-19795;0.004300000;0.361340000
CVE-2018-19794;0.010830000;0.626400000
CVE-2018-19793;0.023700000;0.825330000
CVE-2018-19792;0.004280000;0.359810000
CVE-2018-19791;0.012390000;0.668110000
CVE-2018-19790;0.014850000;0.720220000
CVE-2018-19789;0.035890000;0.885240000
CVE-2018-19788;0.114830000;0.956820000
CVE-2018-19787;0.024380000;0.830390000
CVE-2018-19786;0.009340000;0.580790000
CVE-2018-19785;0.009440000;0.584220000
CVE-2018-19784;0.011320000;0.639670000
CVE-2018-19783;0.036360000;0.886660000
CVE-2018-19782;0.044320000;0.906360000
CVE-2018-1978;0.005190000;0.420760000
CVE-2018-19777;0.011290000;0.639100000
CVE-2018-19775;0.010810000;0.625830000
CVE-2018-19774;0.010810000;0.625830000
CVE-2018-19773;0.010810000;0.625840000
CVE-2018-19772;0.010810000;0.625840000
CVE-2018-19771;0.010580000;0.619380000
CVE-2018-19770;0.010810000;0.625840000
CVE-2018-1977;0.018590000;0.776000000
CVE-2018-19769;0.010810000;0.625840000
CVE-2018-19768;0.010810000;0.625870000
CVE-2018-19767;0.010810000;0.625860000
CVE-2018-19766;0.010580000;0.619360000
CVE-2018-19765;0.010810000;0.625860000
CVE-2018-19763;0.006840000;0.498800000
CVE-2018-19762;0.008240000;0.546540000
CVE-2018-19761;0.006840000;0.498800000
CVE-2018-19760;0.010690000;0.622630000
CVE-2018-1976;0.016650000;0.749010000
CVE-2018-19759;0.006840000;0.498810000
CVE-2018-19758;0.016890000;0.752750000
CVE-2018-19757;0.008670000;0.559950000
CVE-2018-19756;0.006840000;0.498810000
CVE-2018-19755;0.009990000;0.601260000
CVE-2018-19754;0.026210000;0.842880000
CVE-2018-19753;0.165640000;0.967590000
CVE-2018-19752;0.033160000;0.876320000
CVE-2018-19751;0.033160000;0.876330000
CVE-2018-19750;0.017960000;0.767440000
CVE-2018-1975;0.006730000;0.494320000
CVE-2018-19749;0.033160000;0.876320000
CVE-2018-19748;0.020240000;0.794980000
CVE-2018-1974;0.012520000;0.671650000
CVE-2018-1973;0.022960000;0.819490000
CVE-2018-19728;0.029580000;0.861400000
CVE-2018-19727;0.019440000;0.786140000
CVE-2018-19726;0.019440000;0.786140000
CVE-2018-19725;0.036300000;0.886460000
CVE-2018-19724;0.019440000;0.786130000
CVE-2018-19723;0.035550000;0.884170000
CVE-2018-19722;0.027130000;0.848610000
CVE-2018-19721;0.026010000;0.841660000
CVE-2018-19720;0.057210000;0.924500000
CVE-2018-19719;0.056200000;0.923430000
CVE-2018-19718;0.034490000;0.880880000
CVE-2018-19717;0.028580000;0.856780000
CVE-2018-19716;0.097440000;0.951470000
CVE-2018-19715;0.056820000;0.924050000
CVE-2018-19714;0.037740000;0.891010000
CVE-2018-19713;0.049170000;0.914460000
CVE-2018-19712;0.037740000;0.891000000
CVE-2018-19711;0.037740000;0.890990000
CVE-2018-19710;0.028580000;0.856780000
CVE-2018-19709;0.028580000;0.856770000
CVE-2018-19708;0.056820000;0.924050000
CVE-2018-19707;0.056820000;0.924060000
CVE-2018-19706;0.039310000;0.895650000
CVE-2018-19705;0.031920000;0.871240000
CVE-2018-19704;0.028580000;0.856770000
CVE-2018-19703;0.031920000;0.871250000
CVE-2018-19702;0.056400000;0.923620000
CVE-2018-19701;0.045990000;0.909450000
CVE-2018-19700;0.062350000;0.929940000
CVE-2018-1970;0.018530000;0.775090000
CVE-2018-19699;0.045990000;0.909460000
CVE-2018-19698;0.062350000;0.929940000
CVE-2018-19694;0.015730000;0.735070000
CVE-2018-19693;0.007070000;0.507330000
CVE-2018-19692;0.015210000;0.726540000
CVE-2018-1969;0.017460000;0.760480000
CVE-2018-1968;0.013010000;0.682770000
CVE-2018-1967;0.013250000;0.687750000
CVE-2018-19666;0.007840000;0.533540000
CVE-2018-19665;0.008770000;0.563310000
CVE-2018-19664;0.017070000;0.755280000
CVE-2018-19662;0.023120000;0.820870000
CVE-2018-19661;0.021070000;0.803370000
CVE-2018-19660;0.288040000;0.979990000
CVE-2018-19659;0.041040000;0.899710000
CVE-2018-19658;0.005210000;0.421770000
CVE-2018-19655;0.028550000;0.856610000
CVE-2018-19654;0.009170000;0.575490000
CVE-2018-19653;0.012230000;0.664600000
CVE-2018-19651;0.008480000;0.553860000
CVE-2018-19650;0.006130000;0.468200000
CVE-2018-19649;0.010580000;0.619390000
CVE-2018-19648;0.013410000;0.691640000
CVE-2018-19646;0.034500000;0.880900000
CVE-2018-19645;0.014160000;0.707170000
CVE-2018-19644;0.005120000;0.416120000
CVE-2018-19643;0.007970000;0.537650000
CVE-2018-19642;0.006970000;0.503460000
CVE-2018-19641;0.014990000;0.722870000
CVE-2018-19640;0.003010000;0.228340000
CVE-2018-19639;0.005030000;0.410350000
CVE-2018-19638;0.003990000;0.334320000
CVE-2018-19637;0.004570000;0.381790000
CVE-2018-19636;0.003180000;0.247220000
CVE-2018-19635;0.011760000;0.651750000
CVE-2018-19634;0.013340000;0.689820000
CVE-2018-19630;0.006630000;0.490510000
CVE-2018-19629;0.014800000;0.719350000
CVE-2018-19628;0.031410000;0.869070000
CVE-2018-19627;0.176970000;0.969190000
CVE-2018-19626;0.014400000;0.711530000
CVE-2018-19625;0.014080000;0.705640000
CVE-2018-19624;0.014400000;0.711520000
CVE-2018-19623;0.041550000;0.900860000
CVE-2018-19622;0.032410000;0.873390000
CVE-2018-19621;0.004470000;0.374570000
CVE-2018-19620;0.012600000;0.673430000
CVE-2018-1962;0.003620000;0.296070000
CVE-2018-19616;0.302950000;0.980830000
CVE-2018-19615;0.033000000;0.875720000
CVE-2018-19614;0.008650000;0.559380000
CVE-2018-19613;0.005580000;0.441770000
CVE-2018-19612;0.019640000;0.788160000
CVE-2018-1961;0.013010000;0.682750000
CVE-2018-19609;0.011970000;0.657290000
CVE-2018-19608;0.003390000;0.270230000
CVE-2018-19607;0.025160000;0.835980000
CVE-2018-19601;0.014390000;0.711270000
CVE-2018-19600;0.006680000;0.492530000
CVE-2018-19599;0.007280000;0.515010000
CVE-2018-19598;0.005590000;0.442450000
CVE-2018-19597;0.006700000;0.493390000
CVE-2018-19596;0.005650000;0.445930000
CVE-2018-19595;0.038580000;0.893490000
CVE-2018-19592;0.010890000;0.628070000
CVE-2018-19591;0.055320000;0.922130000
CVE-2018-1959;0.002490000;0.165360000
CVE-2018-19589;0.006620000;0.490340000
CVE-2018-19588;0.017300000;0.758400000
CVE-2018-19587;0.009440000;0.584090000
CVE-2018-19586;0.050420000;0.916360000
CVE-2018-19585;0.145090000;0.963600000
CVE-2018-19584;0.015450000;0.730640000
CVE-2018-19583;0.016440000;0.746020000
CVE-2018-19582;0.008390000;0.551080000
CVE-2018-19581;0.011060000;0.633140000
CVE-2018-19580;0.009920000;0.599060000
CVE-2018-19579;0.007280000;0.514900000
CVE-2018-19578;0.009840000;0.596840000
CVE-2018-19577;0.021480000;0.807010000
CVE-2018-19576;0.011840000;0.654180000
CVE-2018-19575;0.010770000;0.624750000
CVE-2018-19574;0.009830000;0.596460000
CVE-2018-19573;0.009590000;0.588360000
CVE-2018-19572;0.009250000;0.577810000
CVE-2018-19571;0.281900000;0.979640000
CVE-2018-19570;0.009830000;0.596460000
CVE-2018-1957;0.004050000;0.339660000
CVE-2018-19569;0.018840000;0.778910000
CVE-2018-19568;0.009250000;0.577780000
CVE-2018-19567;0.009250000;0.577790000
CVE-2018-19566;0.010750000;0.624270000
CVE-2018-19565;0.010750000;0.624270000
CVE-2018-19564;0.009320000;0.580240000
CVE-2018-19562;0.022140000;0.812800000
CVE-2018-19561;0.004450000;0.373590000
CVE-2018-19560;0.006520000;0.486050000
CVE-2018-1956;0.020170000;0.794180000
CVE-2018-19559;0.010400000;0.614060000
CVE-2018-19558;0.011350000;0.640510000
CVE-2018-19557;0.014570000;0.714870000
CVE-2018-19556;0.010150000;0.606570000
CVE-2018-19555;0.005230000;0.422620000
CVE-2018-19554;0.005970000;0.461030000
CVE-2018-19553;0.009840000;0.596650000
CVE-2018-19552;0.009840000;0.596640000
CVE-2018-19551;0.009840000;0.596650000
CVE-2018-19550;0.059930000;0.927540000
CVE-2018-19549;0.009840000;0.596640000
CVE-2018-19548;0.017150000;0.756500000
CVE-2018-19547;0.007300000;0.515730000
CVE-2018-19546;0.005440000;0.434670000
CVE-2018-19545;0.004940000;0.404960000
CVE-2018-19544;0.004220000;0.355370000
CVE-2018-19543;0.015530000;0.732130000
CVE-2018-19542;0.019460000;0.786310000
CVE-2018-19541;0.028020000;0.853930000
CVE-2018-19540;0.022910000;0.819070000
CVE-2018-19539;0.019460000;0.786310000
CVE-2018-19537;0.059840000;0.927440000
CVE-2018-19535;0.020870000;0.801390000
CVE-2018-19532;0.016660000;0.749210000
CVE-2018-19531;0.045870000;0.909240000
CVE-2018-19530;0.045870000;0.909230000
CVE-2018-19528;0.026840000;0.846890000
CVE-2018-19527;0.006750000;0.495180000
CVE-2018-19525;0.009080000;0.572560000
CVE-2018-19524;0.505230000;0.988260000
CVE-2018-19523;0.003190000;0.248770000
CVE-2018-19522;0.003840000;0.318450000
CVE-2018-19520;0.029170000;0.859600000
CVE-2018-1952;0.009680000;0.591930000
CVE-2018-19519;0.023640000;0.824980000
CVE-2018-19518;0.952300000;0.998590000
CVE-2018-19517;0.008240000;0.546710000
CVE-2018-19516;0.011040000;0.632640000
CVE-2018-19515;0.029060000;0.859100000
CVE-2018-19514;0.049290000;0.914660000
CVE-2018-19513;0.021240000;0.804840000
CVE-2018-19512;0.072280000;0.938380000
CVE-2018-19511;0.007270000;0.514670000
CVE-2018-19510;0.199920000;0.972310000
CVE-2018-1951;0.009680000;0.591950000
CVE-2018-19509;0.010580000;0.619390000
CVE-2018-19508;0.005590000;0.442420000
CVE-2018-19507;0.005590000;0.442430000
CVE-2018-19506;0.005590000;0.442430000
CVE-2018-19505;0.015810000;0.736270000
CVE-2018-19504;0.013830000;0.700760000
CVE-2018-19503;0.014500000;0.713490000
CVE-2018-19502;0.015180000;0.726040000
CVE-2018-1950;0.009760000;0.594530000
CVE-2018-19499;0.020170000;0.794210000
CVE-2018-19498;0.015500000;0.731680000
CVE-2018-19497;0.015230000;0.726790000
CVE-2018-19496;0.008260000;0.547160000
CVE-2018-19495;0.009840000;0.596840000
CVE-2018-19494;0.007980000;0.538030000
CVE-2018-19493;0.013040000;0.683240000
CVE-2018-19492;0.017770000;0.764970000
CVE-2018-19491;0.017690000;0.763850000
CVE-2018-19490;0.017770000;0.764970000
CVE-2018-1949;0.009760000;0.594520000
CVE-2018-19489;0.004030000;0.338590000
CVE-2018-19488;0.041290000;0.900310000
CVE-2018-19487;0.048520000;0.913480000
CVE-2018-19486;0.041200000;0.900030000
CVE-2018-1948;0.011390000;0.641450000
CVE-2018-19478;0.018880000;0.779450000
CVE-2018-19477;0.030400000;0.864950000
CVE-2018-19476;0.030400000;0.864940000
CVE-2018-19475;0.095480000;0.950770000
CVE-2018-1947;0.008940000;0.568110000
CVE-2018-19469;0.006430000;0.482100000
CVE-2018-19468;0.011350000;0.640560000
CVE-2018-19466;0.037210000;0.889360000
CVE-2018-19465;0.008380000;0.550920000
CVE-2018-19464;0.005130000;0.416650000
CVE-2018-19463;0.021720000;0.809120000
CVE-2018-19462;0.022100000;0.812420000
CVE-2018-19461;0.009330000;0.580520000
CVE-2018-1946;0.007300000;0.515530000
CVE-2018-19459;0.040020000;0.897420000
CVE-2018-19458;0.328850000;0.982230000
CVE-2018-19457;0.039190000;0.895240000
CVE-2018-19456;0.017530000;0.761680000
CVE-2018-19453;0.014190000;0.707690000
CVE-2018-19452;0.028980000;0.858730000
CVE-2018-19451;0.027060000;0.848170000
CVE-2018-19450;0.021100000;0.803670000
CVE-2018-1945;0.012130000;0.661810000
CVE-2018-19449;0.023290000;0.822190000
CVE-2018-19448;0.022410000;0.814980000
CVE-2018-19447;0.048960000;0.914150000
CVE-2018-19446;0.022080000;0.812280000
CVE-2018-19445;0.026420000;0.844260000
CVE-2018-19444;0.024480000;0.831160000
CVE-2018-19443;0.010780000;0.625020000
CVE-2018-19442;0.075350000;0.940320000
CVE-2018-19441;0.002960000;0.222910000
CVE-2018-19440;0.014430000;0.712170000
CVE-2018-1944;0.008440000;0.552400000
CVE-2018-19439;0.204570000;0.973010000
CVE-2018-19437;0.011240000;0.637760000
CVE-2018-19436;0.010590000;0.619550000
CVE-2018-19435;0.010590000;0.619560000
CVE-2018-19434;0.010590000;0.619540000
CVE-2018-19433;0.008650000;0.559440000
CVE-2018-19432;0.029560000;0.861270000
CVE-2018-1943;0.010310000;0.611200000
CVE-2018-19424;0.018030000;0.768420000
CVE-2018-19423;0.181250000;0.969720000
CVE-2018-19422;0.642610000;0.991690000
CVE-2018-19421;0.007770000;0.531140000
CVE-2018-19420;0.007770000;0.531140000
CVE-2018-19418;0.079920000;0.943110000
CVE-2018-19417;0.056920000;0.924180000
CVE-2018-19416;0.017150000;0.756450000
CVE-2018-19415;0.014760000;0.718660000
CVE-2018-19414;0.022180000;0.813080000
CVE-2018-19413;0.011500000;0.644600000
CVE-2018-19411;0.008700000;0.561130000
CVE-2018-19410;0.865790000;0.997230000
CVE-2018-1941;0.003110000;0.239550000
CVE-2018-19409;0.078250000;0.942100000
CVE-2018-19407;0.004770000;0.394930000
CVE-2018-19406;0.003560000;0.289540000
CVE-2018-19404;0.015990000;0.738810000
CVE-2018-19396;0.045840000;0.909180000
CVE-2018-19395;0.043270000;0.904300000
CVE-2018-19394;0.006860000;0.499890000
CVE-2018-19393;0.015190000;0.726220000
CVE-2018-19392;0.014080000;0.705600000
CVE-2018-19391;0.007260000;0.513930000
CVE-2018-19390;0.021710000;0.809030000
CVE-2018-1939;0.013100000;0.684560000
CVE-2018-19389;0.020090000;0.793450000
CVE-2018-19388;0.021710000;0.809030000
CVE-2018-19386;0.090440000;0.948800000
CVE-2018-1938;0.002570000;0.176160000
CVE-2018-19376;0.005060000;0.412230000
CVE-2018-19374;0.010800000;0.625450000
CVE-2018-19371;0.060170000;0.927770000
CVE-2018-19370;0.032050000;0.871760000
CVE-2018-1937;0.002570000;0.176160000
CVE-2018-19367;0.014690000;0.717320000
CVE-2018-19365;0.222920000;0.975000000
CVE-2018-19364;0.005300000;0.426870000
CVE-2018-19362;0.105990000;0.954350000
CVE-2018-19361;0.105990000;0.954350000
CVE-2018-19360;0.105990000;0.954350000
CVE-2018-1936;0.005080000;0.413450000
CVE-2018-19359;0.019500000;0.786740000
CVE-2018-19358;0.005580000;0.442030000
CVE-2018-19357;0.031090000;0.867710000
CVE-2018-19355;0.034960000;0.882470000
CVE-2018-19353;0.011490000;0.644300000
CVE-2018-19352;0.013350000;0.690120000
CVE-2018-19351;0.015110000;0.725040000
CVE-2018-19350;0.005310000;0.427420000
CVE-2018-1935;0.013160000;0.685590000
CVE-2018-19349;0.010000000;0.601800000
CVE-2018-19348;0.020270000;0.795240000
CVE-2018-19347;0.016530000;0.747150000
CVE-2018-19346;0.016530000;0.747160000
CVE-2018-19345;0.016530000;0.747170000
CVE-2018-19344;0.016530000;0.747160000
CVE-2018-19343;0.016530000;0.747160000
CVE-2018-19342;0.020270000;0.795230000
CVE-2018-19341;0.016530000;0.747170000
CVE-2018-19340;0.007070000;0.507380000
CVE-2018-1934;0.004300000;0.361670000
CVE-2018-19335;0.003530000;0.285670000
CVE-2018-19334;0.003410000;0.273720000
CVE-2018-19333;0.008130000;0.542790000
CVE-2018-19332;0.004650000;0.386830000
CVE-2018-19331;0.010790000;0.625230000
CVE-2018-1933;0.009380000;0.582100000
CVE-2018-19329;0.017740000;0.764670000
CVE-2018-19328;0.017510000;0.761220000
CVE-2018-19327;0.004940000;0.404960000
CVE-2018-19326;0.097590000;0.951540000
CVE-2018-19324;0.005310000;0.427430000
CVE-2018-19323;0.085230000;0.946200000
CVE-2018-19322;0.018720000;0.777480000
CVE-2018-19321;0.036710000;0.887910000
CVE-2018-19320;0.035970000;0.885490000
CVE-2018-1932;0.032300000;0.872880000
CVE-2018-19319;0.004220000;0.355370000
CVE-2018-19318;0.004940000;0.404960000
CVE-2018-19312;0.019310000;0.784520000
CVE-2018-19311;0.011590000;0.646850000
CVE-2018-19301;0.007070000;0.507340000
CVE-2018-19300;0.742760000;0.994490000
CVE-2018-19296;0.022110000;0.812550000
CVE-2018-19295;0.004660000;0.387460000
CVE-2018-19291;0.006510000;0.485630000
CVE-2018-19290;0.040480000;0.898450000
CVE-2018-1929;0.013160000;0.685600000
CVE-2018-19289;0.012280000;0.665770000
CVE-2018-19288;0.024110000;0.828410000
CVE-2018-19287;0.088630000;0.948050000
CVE-2018-19286;0.006680000;0.492600000
CVE-2018-19282;0.056450000;0.923680000
CVE-2018-19281;0.017640000;0.763100000
CVE-2018-19280;0.008550000;0.556470000
CVE-2018-1928;0.003240000;0.253770000
CVE-2018-19279;0.002120000;0.118210000
CVE-2018-19278;0.035790000;0.884940000
CVE-2018-19277;0.077910000;0.941920000
CVE-2018-19276;0.987140000;0.999230000
CVE-2018-19275;0.046130000;0.909690000
CVE-2018-19274;0.052010000;0.918430000
CVE-2018-19271;0.021220000;0.804670000
CVE-2018-1927;0.006510000;0.485500000
CVE-2018-1926;0.011860000;0.654460000
CVE-2018-1925;0.008770000;0.563280000
CVE-2018-19249;0.014010000;0.704370000
CVE-2018-19248;0.014790000;0.719110000
CVE-2018-19246;0.219510000;0.974700000
CVE-2018-19244;0.020050000;0.793000000
CVE-2018-19242;0.029420000;0.860670000
CVE-2018-19241;0.023380000;0.823010000
CVE-2018-19240;0.037250000;0.889490000
CVE-2018-19239;0.050860000;0.916970000
CVE-2018-19234;0.032960000;0.875540000
CVE-2018-19233;0.005920000;0.458510000
CVE-2018-19232;0.013660000;0.697220000
CVE-2018-1923;0.005320000;0.428250000
CVE-2018-19229;0.005560000;0.440870000
CVE-2018-19228;0.015360000;0.729010000
CVE-2018-19227;0.005560000;0.440860000
CVE-2018-19226;0.011770000;0.652040000
CVE-2018-19225;0.005230000;0.422670000
CVE-2018-19224;0.009800000;0.595840000
CVE-2018-19223;0.005590000;0.442420000
CVE-2018-19222;0.014220000;0.708160000
CVE-2018-19221;0.012020000;0.658610000
CVE-2018-19220;0.016700000;0.749750000
CVE-2018-1922;0.005390000;0.432060000
CVE-2018-19219;0.010530000;0.618020000
CVE-2018-19218;0.011560000;0.646110000
CVE-2018-19217;0.011490000;0.644290000
CVE-2018-19216;0.012570000;0.672750000
CVE-2018-19215;0.012430000;0.669270000
CVE-2018-19214;0.013410000;0.691490000
CVE-2018-19213;0.007500000;0.522430000
CVE-2018-19212;0.008600000;0.558000000
CVE-2018-19211;0.008560000;0.556770000
CVE-2018-19210;0.036130000;0.885910000
CVE-2018-1921;0.006730000;0.494330000
CVE-2018-19209;0.007750000;0.530800000
CVE-2018-19208;0.014880000;0.720760000
CVE-2018-19207;0.880650000;0.997550000
CVE-2018-19206;0.601620000;0.990660000
CVE-2018-19205;0.016000000;0.739020000
CVE-2018-19204;0.046400000;0.910140000
CVE-2018-19203;0.028050000;0.854040000
CVE-2018-19202;0.007800000;0.532080000
CVE-2018-19201;0.007880000;0.535080000
CVE-2018-19200;0.024840000;0.833670000
CVE-2018-1920;0.024040000;0.827870000
CVE-2018-19199;0.023380000;0.823000000
CVE-2018-19198;0.023670000;0.825150000
CVE-2018-19197;0.013590000;0.695700000
CVE-2018-19196;0.033000000;0.875730000
CVE-2018-19195;0.006750000;0.495210000
CVE-2018-19194;0.009370000;0.581770000
CVE-2018-19193;0.006750000;0.495170000
CVE-2018-19192;0.005230000;0.422610000
CVE-2018-19191;0.390670000;0.984780000
CVE-2018-19190;0.008430000;0.552100000
CVE-2018-19189;0.008640000;0.559230000
CVE-2018-19188;0.015160000;0.725800000
CVE-2018-19187;0.008640000;0.559230000
CVE-2018-19186;0.006750000;0.495220000
CVE-2018-19185;0.021160000;0.804140000
CVE-2018-19184;0.015100000;0.724770000
CVE-2018-19183;0.031010000;0.867420000
CVE-2018-19182;0.006440000;0.482270000
CVE-2018-19181;0.014490000;0.713310000
CVE-2018-19180;0.015080000;0.724340000
CVE-2018-1918;0.009680000;0.591950000
CVE-2018-19178;0.005560000;0.440850000
CVE-2018-19170;0.006400000;0.480410000
CVE-2018-1917;0.014370000;0.711080000
CVE-2018-19168;0.065120000;0.932410000
CVE-2018-19167;0.013300000;0.688780000
CVE-2018-19166;0.013300000;0.688770000
CVE-2018-19165;0.012960000;0.681770000
CVE-2018-19164;0.012960000;0.681750000
CVE-2018-19163;0.013580000;0.695500000
CVE-2018-19162;0.012960000;0.681740000
CVE-2018-19161;0.012960000;0.681750000
CVE-2018-19160;0.012960000;0.681770000
CVE-2018-1916;0.009680000;0.591970000
CVE-2018-19159;0.012960000;0.681770000
CVE-2018-19158;0.025970000;0.841450000
CVE-2018-19157;0.013300000;0.688770000
CVE-2018-19156;0.012960000;0.681760000
CVE-2018-19155;0.012960000;0.681760000
CVE-2018-19154;0.012960000;0.681750000
CVE-2018-19153;0.012960000;0.681760000
CVE-2018-19152;0.012960000;0.681760000
CVE-2018-19151;0.012960000;0.681750000
CVE-2018-19150;0.011740000;0.651170000
CVE-2018-19149;0.024440000;0.830760000
CVE-2018-19148;0.008620000;0.558510000
CVE-2018-19146;0.009880000;0.598030000
CVE-2018-19145;0.006920000;0.501980000
CVE-2018-19143;0.008610000;0.558300000
CVE-2018-19142;0.005470000;0.436080000
CVE-2018-19141;0.006730000;0.494670000
CVE-2018-1914;0.009680000;0.591960000
CVE-2018-19139;0.016610000;0.748580000
CVE-2018-19138;0.022480000;0.815460000
CVE-2018-19137;0.028780000;0.857720000
CVE-2018-19136;0.066230000;0.933370000
CVE-2018-19135;0.029620000;0.861630000
CVE-2018-19134;0.028730000;0.857500000
CVE-2018-19133;0.011570000;0.646490000
CVE-2018-19132;0.061140000;0.928770000
CVE-2018-19131;0.033330000;0.876860000
CVE-2018-19130;0.011290000;0.639000000
CVE-2018-1913;0.009680000;0.592020000
CVE-2018-19129;0.008970000;0.568970000
CVE-2018-19128;0.010580000;0.619260000
CVE-2018-19127;0.207660000;0.973510000
CVE-2018-19126;0.225350000;0.975300000
CVE-2018-19125;0.107630000;0.954860000
CVE-2018-19124;0.028910000;0.858410000
CVE-2018-19122;0.012450000;0.669750000
CVE-2018-19121;0.012450000;0.669740000
CVE-2018-19120;0.014550000;0.714400000
CVE-2018-1912;0.006600000;0.489540000
CVE-2018-19118;0.067350000;0.934330000
CVE-2018-19115;0.037460000;0.890150000
CVE-2018-19114;0.012650000;0.674860000
CVE-2018-19113;0.008480000;0.553890000
CVE-2018-19111;0.002210000;0.128880000
CVE-2018-19110;0.012200000;0.663500000
CVE-2018-1911;0.006600000;0.489570000
CVE-2018-19109;0.017710000;0.764200000
CVE-2018-19108;0.019360000;0.785180000
CVE-2018-19107;0.018160000;0.770280000
CVE-2018-19106;0.007940000;0.536610000
CVE-2018-19105;0.015390000;0.729700000
CVE-2018-19104;0.006460000;0.483230000
CVE-2018-1910;0.009680000;0.591940000
CVE-2018-19093;0.016560000;0.747690000
CVE-2018-19092;0.008650000;0.559530000
CVE-2018-19091;0.006670000;0.491990000
CVE-2018-19090;0.006670000;0.491990000
CVE-2018-19089;0.006670000;0.491960000
CVE-2018-19087;0.006030000;0.463390000
CVE-2018-19086;0.006030000;0.463400000
CVE-2018-19085;0.006030000;0.463400000
CVE-2018-19084;0.006030000;0.463400000
CVE-2018-19083;0.006750000;0.495190000
CVE-2018-19082;0.023180000;0.821400000
CVE-2018-19081;0.049690000;0.915320000
CVE-2018-19080;0.008860000;0.565780000
CVE-2018-1908;0.009680000;0.591950000
CVE-2018-19079;0.015220000;0.726630000
CVE-2018-19078;0.015910000;0.737690000
CVE-2018-19077;0.021870000;0.810320000
CVE-2018-19076;0.018520000;0.774980000
CVE-2018-19075;0.016870000;0.752520000
CVE-2018-19074;0.012920000;0.680870000
CVE-2018-19073;0.019460000;0.786300000
CVE-2018-19072;0.003470000;0.279710000
CVE-2018-19071;0.003900000;0.324730000
CVE-2018-19070;0.044370000;0.906500000
CVE-2018-19069;0.019950000;0.791570000
CVE-2018-19068;0.010080000;0.604400000
CVE-2018-19067;0.020360000;0.796130000
CVE-2018-19066;0.015820000;0.736340000
CVE-2018-19065;0.015820000;0.736340000
CVE-2018-19064;0.019950000;0.791580000
CVE-2018-19063;0.019950000;0.791580000
CVE-2018-19061;0.017590000;0.762390000
CVE-2018-19060;0.017350000;0.759070000
CVE-2018-1906;0.018900000;0.779650000
CVE-2018-19059;0.018360000;0.772880000
CVE-2018-19058;0.018650000;0.776660000
CVE-2018-19057;0.007880000;0.534850000
CVE-2018-19056;0.007880000;0.534860000
CVE-2018-19053;0.014370000;0.710990000
CVE-2018-19052;0.140800000;0.962750000
CVE-2018-19051;0.006750000;0.495220000
CVE-2018-19050;0.006750000;0.495220000
CVE-2018-1905;0.025280000;0.836760000
CVE-2018-19048;0.015370000;0.729250000
CVE-2018-19047;0.020840000;0.801070000
CVE-2018-19046;0.003660000;0.299880000
CVE-2018-19045;0.023770000;0.825830000
CVE-2018-19044;0.005010000;0.409320000
CVE-2018-19043;0.100050000;0.952420000
CVE-2018-19042;0.100050000;0.952420000
CVE-2018-19041;0.026310000;0.843690000
CVE-2018-19040;0.121280000;0.958340000
CVE-2018-1904;0.036980000;0.888700000
CVE-2018-19039;0.072800000;0.938780000
CVE-2018-19037;0.017740000;0.764650000
CVE-2018-19036;0.024080000;0.828180000
CVE-2018-19031;0.018460000;0.774230000
CVE-2018-1903;0.003870000;0.321830000
CVE-2018-19029;0.026680000;0.845940000
CVE-2018-19027;0.014240000;0.708700000
CVE-2018-19025;0.015070000;0.724210000
CVE-2018-19023;0.007530000;0.523300000
CVE-2018-19021;0.007160000;0.510420000
CVE-2018-19020;0.008280000;0.547890000
CVE-2018-1902;0.014750000;0.718470000
CVE-2018-19019;0.014990000;0.722790000
CVE-2018-19018;0.011600000;0.647190000
CVE-2018-19017;0.023950000;0.827230000
CVE-2018-19016;0.031850000;0.870900000
CVE-2018-19015;0.014840000;0.719920000
CVE-2018-19014;0.007860000;0.534180000
CVE-2018-19013;0.007530000;0.523410000
CVE-2018-19012;0.003930000;0.327310000
CVE-2018-19011;0.024210000;0.829150000
CVE-2018-19010;0.007680000;0.528590000
CVE-2018-1901;0.015040000;0.723720000
CVE-2018-19009;0.002410000;0.155140000
CVE-2018-19008;0.015670000;0.734250000
CVE-2018-19007;0.038820000;0.894140000
CVE-2018-19006;0.006870000;0.499930000
CVE-2018-19005;0.016700000;0.749680000
CVE-2018-19004;0.037260000;0.889500000
CVE-2018-19003;0.025620000;0.839030000
CVE-2018-19002;0.026680000;0.845940000
CVE-2018-19001;0.001580000;0.055100000
CVE-2018-19000;0.087890000;0.947660000
CVE-2018-1900;0.009680000;0.592010000
CVE-2018-18999;0.023090000;0.820690000
CVE-2018-18998;0.023750000;0.825720000
CVE-2018-18997;0.009130000;0.574180000
CVE-2018-18996;0.024620000;0.832250000
CVE-2018-18995;0.026460000;0.844500000
CVE-2018-18994;0.010540000;0.618120000
CVE-2018-18993;0.017540000;0.761830000
CVE-2018-18992;0.019840000;0.790430000
CVE-2018-18991;0.008520000;0.555140000
CVE-2018-18990;0.394870000;0.984980000
CVE-2018-1899;0.005390000;0.431910000
CVE-2018-18989;0.016270000;0.743240000
CVE-2018-18988;0.025720000;0.839740000
CVE-2018-18987;0.031990000;0.871520000
CVE-2018-18986;0.026680000;0.845940000
CVE-2018-18985;0.009730000;0.593700000
CVE-2018-18984;0.003150000;0.244630000
CVE-2018-18983;0.028510000;0.856420000
CVE-2018-18982;0.607910000;0.990810000
CVE-2018-18981;0.038660000;0.893740000
CVE-2018-18980;0.249950000;0.977460000
CVE-2018-18979;0.011740000;0.651200000
CVE-2018-18978;0.007340000;0.516900000
CVE-2018-18977;0.015800000;0.736080000
CVE-2018-18976;0.011420000;0.642080000
CVE-2018-18975;0.009620000;0.589660000
CVE-2018-1897;0.005590000;0.442550000
CVE-2018-18966;0.009970000;0.601000000
CVE-2018-18965;0.009970000;0.601000000
CVE-2018-18964;0.009970000;0.601010000
CVE-2018-18963;0.015280000;0.727560000
CVE-2018-18960;0.009060000;0.571870000
CVE-2018-1896;0.009680000;0.591900000
CVE-2018-18959;0.011630000;0.648280000
CVE-2018-18958;0.006420000;0.481460000
CVE-2018-18957;0.115730000;0.957010000
CVE-2018-18956;0.027940000;0.853380000
CVE-2018-18955;0.076110000;0.940840000
CVE-2018-18954;0.005160000;0.418620000
CVE-2018-18952;0.006420000;0.481340000
CVE-2018-18950;0.021490000;0.807170000
CVE-2018-1895;0.006600000;0.489520000
CVE-2018-18949;0.244980000;0.977050000
CVE-2018-18944;0.026990000;0.847850000
CVE-2018-18943;0.007300000;0.515570000
CVE-2018-18942;0.024020000;0.827660000
CVE-2018-18941;0.023250000;0.821870000
CVE-2018-18940;0.014160000;0.707110000
CVE-2018-18939;0.006700000;0.493390000
CVE-2018-18938;0.006700000;0.493380000
CVE-2018-18937;0.016560000;0.747680000
CVE-2018-18936;0.025060000;0.835200000
CVE-2018-18935;0.005870000;0.456050000
CVE-2018-18934;0.008120000;0.542750000
CVE-2018-18933;0.030070000;0.863610000
CVE-2018-18931;0.016310000;0.743820000
CVE-2018-18930;0.027500000;0.850790000
CVE-2018-1893;0.005970000;0.461020000
CVE-2018-18929;0.011140000;0.635280000
CVE-2018-18928;0.029180000;0.859640000
CVE-2018-18927;0.006400000;0.480420000
CVE-2018-18926;0.030410000;0.865010000
CVE-2018-18925;0.311330000;0.981290000
CVE-2018-18924;0.094890000;0.950530000
CVE-2018-18923;0.032130000;0.872140000
CVE-2018-18922;0.024260000;0.829560000
CVE-2018-18921;0.006080000;0.465870000
CVE-2018-18920;0.029260000;0.860040000
CVE-2018-1892;0.005970000;0.461020000
CVE-2018-18919;0.008200000;0.545470000
CVE-2018-18915;0.019870000;0.790760000
CVE-2018-18913;0.004020000;0.336330000
CVE-2018-18912;0.034970000;0.882510000
CVE-2018-1891;0.009680000;0.591910000
CVE-2018-18909;0.008650000;0.559500000
CVE-2018-18908;0.005620000;0.443890000
CVE-2018-18907;0.007790000;0.532030000
CVE-2018-18903;0.051520000;0.917820000
CVE-2018-1890;0.004650000;0.386780000
CVE-2018-18898;0.023560000;0.824410000
CVE-2018-18897;0.019550000;0.787350000
CVE-2018-18894;0.016550000;0.747480000
CVE-2018-18893;0.018290000;0.771930000
CVE-2018-18892;0.025800000;0.840250000
CVE-2018-18891;0.011750000;0.651570000
CVE-2018-18890;0.014950000;0.721920000
CVE-2018-1889;0.009680000;0.591940000
CVE-2018-18888;0.012950000;0.681460000
CVE-2018-18887;0.011350000;0.640550000
CVE-2018-18886;0.008780000;0.563570000
CVE-2018-18883;0.004370000;0.366930000
CVE-2018-18882;0.007320000;0.516210000
CVE-2018-18881;0.015710000;0.734790000
CVE-2018-18880;0.009260000;0.578000000
CVE-2018-1888;0.012450000;0.669860000
CVE-2018-18879;0.020500000;0.797540000
CVE-2018-18878;0.028890000;0.858310000
CVE-2018-18877;0.017060000;0.755240000
CVE-2018-18876;0.023710000;0.825430000
CVE-2018-18875;0.009260000;0.578000000
CVE-2018-18874;0.020620000;0.798750000
CVE-2018-18873;0.013740000;0.699160000
CVE-2018-18872;0.007300000;0.515650000
CVE-2018-18871;0.016580000;0.748030000
CVE-2018-1887;0.002120000;0.118040000
CVE-2018-18869;0.037410000;0.890010000
CVE-2018-18868;0.007070000;0.507330000
CVE-2018-18867;0.015030000;0.723500000
CVE-2018-18865;0.079970000;0.943130000
CVE-2018-18864;0.025700000;0.839600000
CVE-2018-18863;0.014580000;0.715010000
CVE-2018-18862;0.028860000;0.858100000
CVE-2018-18861;0.044610000;0.907000000
CVE-2018-18860;0.011830000;0.653800000
CVE-2018-1886;0.013010000;0.682760000
CVE-2018-18859;0.015710000;0.734910000
CVE-2018-18858;0.015710000;0.734920000
CVE-2018-18857;0.016040000;0.739750000
CVE-2018-18856;0.016100000;0.740560000
CVE-2018-18854;0.018970000;0.780490000
CVE-2018-18853;0.018970000;0.780480000
CVE-2018-18852;0.637970000;0.991580000
CVE-2018-18850;0.124750000;0.959060000
CVE-2018-1885;0.018090000;0.769210000
CVE-2018-18849;0.005610000;0.443320000
CVE-2018-18845;0.014160000;0.707110000
CVE-2018-18843;0.015790000;0.735990000
CVE-2018-18842;0.008150000;0.543780000
CVE-2018-18841;0.005340000;0.429330000
CVE-2018-18840;0.005560000;0.440850000
CVE-2018-1884;0.027360000;0.849850000
CVE-2018-18839;0.018670000;0.776840000
CVE-2018-18838;0.021720000;0.809160000
CVE-2018-18837;0.017510000;0.761260000
CVE-2018-18836;0.019620000;0.788050000
CVE-2018-18835;0.015770000;0.735730000
CVE-2018-18834;0.021160000;0.804140000
CVE-2018-18832;0.013070000;0.683860000
CVE-2018-18831;0.015430000;0.730270000
CVE-2018-18830;0.012050000;0.659200000
CVE-2018-1883;0.024250000;0.829440000
CVE-2018-18829;0.008600000;0.558000000
CVE-2018-18828;0.009150000;0.574770000
CVE-2018-18827;0.008600000;0.558010000
CVE-2018-18826;0.009150000;0.574770000
CVE-2018-18825;0.006550000;0.487110000
CVE-2018-18824;0.010330000;0.611810000
CVE-2018-18823;0.010280000;0.610440000
CVE-2018-18822;0.015870000;0.737070000
CVE-2018-18820;0.489440000;0.987880000
CVE-2018-1882;0.002250000;0.134980000
CVE-2018-18819;0.014300000;0.709760000
CVE-2018-18817;0.010710000;0.623290000
CVE-2018-18816;0.012340000;0.667290000
CVE-2018-18815;0.031320000;0.868730000
CVE-2018-18814;0.030970000;0.867260000
CVE-2018-18813;0.014800000;0.719260000
CVE-2018-18812;0.011580000;0.646540000
CVE-2018-18810;0.012300000;0.666170000
CVE-2018-18809;0.790640000;0.995670000
CVE-2018-18808;0.017050000;0.755060000
CVE-2018-18807;0.011770000;0.651960000
CVE-2018-18806;0.015870000;0.737050000
CVE-2018-18805;0.052040000;0.918480000
CVE-2018-18804;0.032130000;0.872140000
CVE-2018-18803;0.032130000;0.872130000
CVE-2018-18802;0.008770000;0.563380000
CVE-2018-18801;0.032130000;0.872140000
CVE-2018-18800;0.032130000;0.872120000
CVE-2018-18799;0.023850000;0.826380000
CVE-2018-18798;0.032130000;0.872120000
CVE-2018-18797;0.023850000;0.826380000
CVE-2018-18796;0.015870000;0.737050000
CVE-2018-18795;0.032130000;0.872150000
CVE-2018-18794;0.023850000;0.826380000
CVE-2018-18793;0.095040000;0.950600000
CVE-2018-18792;0.012020000;0.658580000
CVE-2018-18791;0.015370000;0.729230000
CVE-2018-18790;0.010590000;0.619560000
CVE-2018-18789;0.012020000;0.658590000
CVE-2018-18788;0.010590000;0.619560000
CVE-2018-18787;0.012020000;0.658590000
CVE-2018-18786;0.012020000;0.658580000
CVE-2018-18785;0.012020000;0.658590000
CVE-2018-18784;0.010590000;0.619550000
CVE-2018-18783;0.008020000;0.539180000
CVE-2018-18782;0.008260000;0.547240000
CVE-2018-18781;0.006750000;0.495250000
CVE-2018-1878;0.013010000;0.682770000
CVE-2018-18778;0.707910000;0.993490000
CVE-2018-18777;0.227680000;0.975520000
CVE-2018-18776;0.023210000;0.821600000
CVE-2018-18775;0.079050000;0.942620000
CVE-2018-18774;0.047510000;0.911910000
CVE-2018-18773;0.034090000;0.879490000
CVE-2018-18772;0.034800000;0.881950000
CVE-2018-18771;0.008900000;0.566810000
CVE-2018-1877;0.002450000;0.160820000
CVE-2018-18767;0.006300000;0.476070000
CVE-2018-18766;0.011910000;0.655850000
CVE-2018-18765;0.018350000;0.772760000
CVE-2018-18764;0.018350000;0.772760000
CVE-2018-18763;0.032130000;0.872150000
CVE-2018-18762;0.061890000;0.929470000
CVE-2018-18761;0.164560000;0.967360000
CVE-2018-18760;0.026270000;0.843290000
CVE-2018-1876;0.003690000;0.302270000
CVE-2018-18759;0.087500000;0.947480000
CVE-2018-18758;0.023380000;0.823020000
CVE-2018-18757;0.023380000;0.823020000
CVE-2018-18756;0.015110000;0.724890000
CVE-2018-18755;0.030990000;0.867340000
CVE-2018-18754;0.010820000;0.626170000
CVE-2018-18753;0.034870000;0.882200000
CVE-2018-18752;0.022970000;0.819640000
CVE-2018-18751;0.042570000;0.902990000
CVE-2018-1875;0.010350000;0.612570000
CVE-2018-18749;0.007260000;0.514050000
CVE-2018-18748;0.024280000;0.829740000
CVE-2018-18745;0.005340000;0.429340000
CVE-2018-18744;0.005340000;0.429330000
CVE-2018-18743;0.005340000;0.429320000
CVE-2018-18742;0.005230000;0.422610000
CVE-2018-18741;0.005340000;0.429260000
CVE-2018-18740;0.005340000;0.429260000
CVE-2018-1874;0.004360000;0.366290000
CVE-2018-18739;0.005340000;0.429260000
CVE-2018-18738;0.005340000;0.429260000
CVE-2018-18737;0.011990000;0.657840000
CVE-2018-18736;0.005560000;0.440860000
CVE-2018-18735;0.005230000;0.422660000
CVE-2018-18734;0.004940000;0.404940000
CVE-2018-18733;0.005310000;0.427440000
CVE-2018-18732;0.011410000;0.641770000
CVE-2018-18731;0.011410000;0.641780000
CVE-2018-18730;0.011410000;0.641780000
CVE-2018-18729;0.013470000;0.692760000
CVE-2018-18728;0.029620000;0.861580000
CVE-2018-18727;0.011410000;0.641780000
CVE-2018-18726;0.005590000;0.442450000
CVE-2018-18725;0.005590000;0.442410000
CVE-2018-18724;0.005590000;0.442400000
CVE-2018-18723;0.005590000;0.442410000
CVE-2018-18722;0.005590000;0.442410000
CVE-2018-18721;0.005590000;0.442440000
CVE-2018-18720;0.005590000;0.442400000
CVE-2018-1872;0.009680000;0.591930000
CVE-2018-18718;0.004110000;0.344940000
CVE-2018-18717;0.005340000;0.429270000
CVE-2018-18716;0.027530000;0.850910000
CVE-2018-18715;0.027530000;0.850920000
CVE-2018-18714;0.008720000;0.561720000
CVE-2018-18713;0.023040000;0.820190000
CVE-2018-18712;0.006500000;0.485260000
CVE-2018-18711;0.006500000;0.485240000
CVE-2018-18710;0.005010000;0.409360000
CVE-2018-1871;0.009680000;0.591930000
CVE-2018-18709;0.011410000;0.641790000
CVE-2018-18708;0.014250000;0.708890000
CVE-2018-18707;0.011410000;0.641790000
CVE-2018-18706;0.011410000;0.641790000
CVE-2018-18705;0.019730000;0.789130000
CVE-2018-18704;0.015870000;0.737060000
CVE-2018-18703;0.040800000;0.899190000
CVE-2018-18702;0.014520000;0.713830000
CVE-2018-18701;0.016860000;0.752440000
CVE-2018-18700;0.016860000;0.752440000
CVE-2018-18699;0.013750000;0.699220000
CVE-2018-18698;0.010820000;0.626160000
CVE-2018-18696;0.008460000;0.553170000
CVE-2018-18695;0.004200000;0.353710000
CVE-2018-18694;0.008880000;0.566210000
CVE-2018-18692;0.010460000;0.615820000
CVE-2018-18690;0.006830000;0.498570000
CVE-2018-18689;0.036880000;0.888390000
CVE-2018-18688;0.011330000;0.639810000
CVE-2018-18678;0.011300000;0.639270000
CVE-2018-18676;0.015530000;0.732160000
CVE-2018-18675;0.015210000;0.726440000
CVE-2018-18674;0.011610000;0.647790000
CVE-2018-18673;0.015180000;0.726110000
CVE-2018-18672;0.015210000;0.726440000
CVE-2018-18671;0.015210000;0.726440000
CVE-2018-18670;0.015110000;0.725040000
CVE-2018-18669;0.015210000;0.726450000
CVE-2018-18668;0.014440000;0.712330000
CVE-2018-18667;0.014240000;0.708700000
CVE-2018-18666;0.014240000;0.708700000
CVE-2018-18665;0.014640000;0.716160000
CVE-2018-18662;0.016070000;0.740150000
CVE-2018-18661;0.028700000;0.857340000
CVE-2018-18660;0.008970000;0.569260000
CVE-2018-18659;0.018270000;0.771790000
CVE-2018-18658;0.013370000;0.690540000
CVE-2018-18657;0.013370000;0.690540000
CVE-2018-18656;0.003570000;0.289910000
CVE-2018-18655;0.008400000;0.551490000
CVE-2018-18654;0.003060000;0.233900000
CVE-2018-18653;0.003110000;0.239830000
CVE-2018-18652;0.040740000;0.899030000
CVE-2018-18651;0.009240000;0.577560000
CVE-2018-18650;0.009240000;0.577560000
CVE-2018-18649;0.067350000;0.934330000
CVE-2018-18648;0.014610000;0.715780000
CVE-2018-18647;0.008200000;0.545370000
CVE-2018-18646;0.011930000;0.656290000
CVE-2018-18645;0.010450000;0.615600000
CVE-2018-18644;0.011570000;0.646250000
CVE-2018-18643;0.011620000;0.647980000
CVE-2018-18642;0.008060000;0.540700000
CVE-2018-18641;0.009320000;0.580220000
CVE-2018-18640;0.011570000;0.646250000
CVE-2018-18638;0.028320000;0.855510000
CVE-2018-18636;0.013270000;0.688190000
CVE-2018-18635;0.009470000;0.585130000
CVE-2018-18631;0.009880000;0.598240000
CVE-2018-18630;0.003280000;0.258910000
CVE-2018-18629;0.014930000;0.721540000
CVE-2018-18628;0.054820000;0.921570000
CVE-2018-18626;0.008900000;0.566800000
CVE-2018-18625;0.011920000;0.656070000
CVE-2018-18624;0.014000000;0.704090000
CVE-2018-18623;0.017620000;0.762860000
CVE-2018-18622;0.006750000;0.495230000
CVE-2018-18621;0.010580000;0.619380000
CVE-2018-18619;0.041850000;0.901510000
CVE-2018-18608;0.027540000;0.851050000
CVE-2018-18607;0.023200000;0.821530000
CVE-2018-18606;0.023200000;0.821530000
CVE-2018-18605;0.023200000;0.821520000
CVE-2018-18603;0.008920000;0.567700000
CVE-2018-18602;0.014310000;0.709950000
CVE-2018-18601;0.011540000;0.645620000
CVE-2018-18600;0.016290000;0.743410000
CVE-2018-18599;0.014710000;0.717810000
CVE-2018-18593;0.088260000;0.947840000
CVE-2018-18591;0.010010000;0.601970000
CVE-2018-18590;0.010250000;0.609570000
CVE-2018-1859;0.010360000;0.612910000
CVE-2018-18589;0.016890000;0.752690000
CVE-2018-18587;0.005270000;0.425420000
CVE-2018-18586;0.032840000;0.875000000
CVE-2018-18585;0.030850000;0.866770000
CVE-2018-18584;0.030860000;0.866810000
CVE-2018-18583;0.013540000;0.694640000
CVE-2018-18582;0.013540000;0.694640000
CVE-2018-18581;0.012910000;0.680550000
CVE-2018-1858;0.009240000;0.577240000
CVE-2018-18579;0.007300000;0.515720000
CVE-2018-18578;0.007300000;0.515720000
CVE-2018-18576;0.014410000;0.711820000
CVE-2018-18573;0.025560000;0.838660000
CVE-2018-18572;0.025410000;0.837640000
CVE-2018-18571;0.025940000;0.841260000
CVE-2018-18570;0.024650000;0.832410000
CVE-2018-1857;0.016650000;0.749020000
CVE-2018-18569;0.014720000;0.717930000
CVE-2018-18568;0.007340000;0.517010000
CVE-2018-18567;0.011800000;0.653200000
CVE-2018-18566;0.027500000;0.850780000
CVE-2018-18565;0.004750000;0.393460000
CVE-2018-18564;0.005840000;0.454800000
CVE-2018-18563;0.009700000;0.592640000
CVE-2018-18562;0.007150000;0.510360000
CVE-2018-18561;0.006710000;0.493450000
CVE-2018-18559;0.026120000;0.842380000
CVE-2018-18558;0.003900000;0.324300000
CVE-2018-18557;0.149600000;0.964440000
CVE-2018-18556;0.154110000;0.965230000
CVE-2018-18555;0.017690000;0.763920000
CVE-2018-18553;0.008650000;0.559530000
CVE-2018-18552;0.026770000;0.846530000
CVE-2018-18551;0.010580000;0.619370000
CVE-2018-18550;0.009280000;0.578870000
CVE-2018-18548;0.035900000;0.885260000
CVE-2018-18547;0.010580000;0.619370000
CVE-2018-18546;0.016590000;0.748110000
CVE-2018-18545;0.008090000;0.541820000
CVE-2018-18544;0.020190000;0.794380000
CVE-2018-18541;0.030240000;0.864360000
CVE-2018-18540;0.008260000;0.547260000
CVE-2018-18537;0.005270000;0.425030000
CVE-2018-18536;0.005750000;0.450160000
CVE-2018-18535;0.005750000;0.450160000
CVE-2018-18531;0.014680000;0.717180000
CVE-2018-18530;0.012020000;0.658610000
CVE-2018-1853;0.011830000;0.653950000
CVE-2018-18529;0.012020000;0.658600000
CVE-2018-18527;0.015870000;0.737060000
CVE-2018-18524;0.019400000;0.785640000
CVE-2018-18521;0.018250000;0.771510000
CVE-2018-18520;0.027910000;0.853290000
CVE-2018-18519;0.007700000;0.529150000
CVE-2018-18517;0.008280000;0.547930000
CVE-2018-18513;0.013200000;0.686660000
CVE-2018-18512;0.015820000;0.736320000
CVE-2018-18511;0.016220000;0.742410000
CVE-2018-18510;0.010130000;0.606030000
CVE-2018-1851;0.038720000;0.893890000
CVE-2018-18509;0.016760000;0.750660000
CVE-2018-18508;0.019800000;0.789980000
CVE-2018-18506;0.021770000;0.809600000
CVE-2018-18505;0.045380000;0.908240000
CVE-2018-18504;0.017920000;0.766840000
CVE-2018-18503;0.013750000;0.699230000
CVE-2018-18502;0.021530000;0.807500000
CVE-2018-18501;0.034660000;0.881460000
CVE-2018-18500;0.126580000;0.959430000
CVE-2018-1850;0.022470000;0.815410000
CVE-2018-18499;0.010930000;0.629050000
CVE-2018-18498;0.040320000;0.898080000
CVE-2018-18497;0.014220000;0.708220000
CVE-2018-18496;0.011790000;0.652760000
CVE-2018-18495;0.016650000;0.749010000
CVE-2018-18494;0.015490000;0.731560000
CVE-2018-18493;0.049750000;0.915390000
CVE-2018-18492;0.096460000;0.951130000
CVE-2018-18489;0.017420000;0.760010000
CVE-2018-18488;0.011350000;0.640500000
CVE-2018-18487;0.012080000;0.660270000
CVE-2018-18486;0.011350000;0.640540000
CVE-2018-18485;0.018350000;0.772730000
CVE-2018-18484;0.018840000;0.778970000
CVE-2018-18483;0.024580000;0.831980000
CVE-2018-18482;0.011500000;0.644590000
CVE-2018-18481;0.011500000;0.644590000
CVE-2018-18480;0.011500000;0.644590000
CVE-2018-1848;0.013250000;0.687740000
CVE-2018-18478;0.015970000;0.738610000
CVE-2018-18476;0.017890000;0.766500000
CVE-2018-18475;0.204090000;0.972880000
CVE-2018-18473;0.056470000;0.923700000
CVE-2018-18472;0.302840000;0.980820000
CVE-2018-18471;0.077070000;0.941430000
CVE-2018-1847;0.020500000;0.797630000
CVE-2018-18467;0.011380000;0.641280000
CVE-2018-18466;0.003420000;0.274390000
CVE-2018-18461;0.041840000;0.901480000
CVE-2018-18460;0.010220000;0.608650000
CVE-2018-1846;0.018530000;0.775080000
CVE-2018-18459;0.011410000;0.641990000
CVE-2018-18458;0.011410000;0.641990000
CVE-2018-18457;0.011410000;0.641980000
CVE-2018-18456;0.009660000;0.590600000
CVE-2018-18455;0.011410000;0.641980000
CVE-2018-18454;0.012210000;0.663870000
CVE-2018-18450;0.015200000;0.726360000
CVE-2018-1845;0.019600000;0.787840000
CVE-2018-18449;0.006500000;0.485200000
CVE-2018-18447;0.010210000;0.607960000
CVE-2018-18446;0.010210000;0.607960000
CVE-2018-18445;0.005330000;0.428580000
CVE-2018-18444;0.026150000;0.842480000
CVE-2018-18443;0.021070000;0.803360000
CVE-2018-18442;0.012990000;0.682310000
CVE-2018-18441;0.019430000;0.786000000
CVE-2018-18440;0.005740000;0.449860000
CVE-2018-1844;0.018530000;0.775090000
CVE-2018-18439;0.020410000;0.796630000
CVE-2018-18438;0.004430000;0.371820000
CVE-2018-18437;0.022730000;0.817510000
CVE-2018-18436;0.005130000;0.416670000
CVE-2018-18435;0.013750000;0.699320000
CVE-2018-18434;0.023520000;0.824100000
CVE-2018-18433;0.005780000;0.451780000
CVE-2018-18432;0.005380000;0.431640000
CVE-2018-18431;0.005780000;0.451790000
CVE-2018-18430;0.005780000;0.451790000
CVE-2018-1843;0.003160000;0.245700000
CVE-2018-18428;0.114750000;0.956800000
CVE-2018-18427;0.011890000;0.655390000
CVE-2018-18426;0.024460000;0.831010000
CVE-2018-18425;0.010850000;0.627190000
CVE-2018-18422;0.004940000;0.404940000
CVE-2018-18420;0.008210000;0.545650000
CVE-2018-1842;0.002630000;0.183440000
CVE-2018-18419;0.016430000;0.745840000
CVE-2018-18417;0.016430000;0.745840000
CVE-2018-18416;0.016520000;0.747080000
CVE-2018-1841;0.003790000;0.313440000
CVE-2018-18409;0.013020000;0.683000000
CVE-2018-18408;0.022540000;0.815930000
CVE-2018-18407;0.012390000;0.668210000
CVE-2018-18406;0.020340000;0.795930000
CVE-2018-18405;0.016200000;0.742220000
CVE-2018-1840;0.021380000;0.806160000
CVE-2018-18399;0.027700000;0.851970000
CVE-2018-18398;0.003220000;0.252050000
CVE-2018-18397;0.005100000;0.414840000
CVE-2018-18396;0.023400000;0.823180000
CVE-2018-18395;0.015350000;0.728930000
CVE-2018-18394;0.007100000;0.508510000
CVE-2018-18393;0.010060000;0.603870000
CVE-2018-18392;0.010240000;0.609010000
CVE-2018-18391;0.010240000;0.609010000
CVE-2018-18390;0.011230000;0.637450000
CVE-2018-18389;0.019200000;0.783330000
CVE-2018-18388;0.015290000;0.727830000
CVE-2018-18387;0.017950000;0.767250000
CVE-2018-18386;0.004130000;0.347140000
CVE-2018-18385;0.022500000;0.815610000
CVE-2018-18384;0.025860000;0.840610000
CVE-2018-18382;0.026950000;0.847600000
CVE-2018-18381;0.005460000;0.435860000
CVE-2018-18380;0.010850000;0.626960000
CVE-2018-1838;0.015880000;0.737160000
CVE-2018-18379;0.013030000;0.683150000
CVE-2018-18377;0.009190000;0.575810000
CVE-2018-18376;0.015180000;0.726030000
CVE-2018-18375;0.013000000;0.682500000
CVE-2018-18374;0.005310000;0.427410000
CVE-2018-18373;0.007950000;0.536840000
CVE-2018-18372;0.009630000;0.590000000
CVE-2018-18371;0.005890000;0.457250000
CVE-2018-18370;0.007720000;0.529760000
CVE-2018-18369;0.023810000;0.826100000
CVE-2018-18368;0.005800000;0.452590000
CVE-2018-18367;0.016560000;0.747590000
CVE-2018-18366;0.003860000;0.320510000
CVE-2018-18365;0.012500000;0.671130000
CVE-2018-18364;0.008710000;0.561370000
CVE-2018-18363;0.003920000;0.326060000
CVE-2018-18362;0.009080000;0.572600000
CVE-2018-18361;0.008020000;0.539200000
CVE-2018-1836;0.009770000;0.594800000
CVE-2018-18359;0.014130000;0.706480000
CVE-2018-18358;0.004430000;0.371610000
CVE-2018-18357;0.011450000;0.642870000
CVE-2018-18356;0.032770000;0.874690000
CVE-2018-18355;0.011450000;0.642870000
CVE-2018-18354;0.014240000;0.708670000
CVE-2018-18353;0.013720000;0.698640000
CVE-2018-18352;0.013910000;0.702410000
CVE-2018-18351;0.025500000;0.838250000
CVE-2018-18350;0.013760000;0.699520000
CVE-2018-1835;0.018530000;0.775100000
CVE-2018-18349;0.009760000;0.594570000
CVE-2018-18348;0.011140000;0.635250000
CVE-2018-18347;0.013860000;0.701370000
CVE-2018-18346;0.013310000;0.689160000
CVE-2018-18345;0.014450000;0.712400000
CVE-2018-18344;0.014980000;0.722640000
CVE-2018-18343;0.013840000;0.701020000
CVE-2018-18342;0.026530000;0.845050000
CVE-2018-18341;0.014680000;0.717240000
CVE-2018-18340;0.013860000;0.701370000
CVE-2018-1834;0.004500000;0.376510000
CVE-2018-18339;0.014240000;0.708680000
CVE-2018-18338;0.014240000;0.708680000
CVE-2018-18337;0.016770000;0.750770000
CVE-2018-18336;0.015340000;0.728680000
CVE-2018-18335;0.038980000;0.894540000
CVE-2018-18334;0.027180000;0.848900000
CVE-2018-18333;0.018170000;0.770480000
CVE-2018-18332;0.013660000;0.697210000
CVE-2018-18331;0.013660000;0.697200000
CVE-2018-18330;0.009530000;0.586950000
CVE-2018-1833;0.016960000;0.753730000
CVE-2018-18329;0.005840000;0.454870000
CVE-2018-18328;0.005560000;0.440610000
CVE-2018-18327;0.005560000;0.440610000
CVE-2018-18326;0.536180000;0.989120000
CVE-2018-18325;0.740480000;0.994440000
CVE-2018-18324;0.032070000;0.871870000
CVE-2018-18323;0.707360000;0.993470000
CVE-2018-18322;0.151410000;0.964710000
CVE-2018-18320;0.052440000;0.919000000
CVE-2018-18319;0.054340000;0.921040000
CVE-2018-18318;0.011820000;0.653710000
CVE-2018-18317;0.004940000;0.404940000
CVE-2018-18316;0.005120000;0.415880000
CVE-2018-18315;0.011800000;0.653040000
CVE-2018-18314;0.060600000;0.928240000
CVE-2018-18313;0.095240000;0.950680000
CVE-2018-18312;0.120930000;0.958260000
CVE-2018-18311;0.116760000;0.957240000
CVE-2018-18310;0.014640000;0.716380000
CVE-2018-18309;0.018200000;0.770800000
CVE-2018-18308;0.036480000;0.887250000
CVE-2018-18307;0.014700000;0.717670000
CVE-2018-18296;0.006750000;0.495240000
CVE-2018-18291;0.008300000;0.548510000
CVE-2018-18290;0.006210000;0.472230000
CVE-2018-1829;0.009680000;0.592010000
CVE-2018-18289;0.011230000;0.637480000
CVE-2018-18288;0.006420000;0.481490000
CVE-2018-18287;0.017220000;0.757390000
CVE-2018-18286;0.018440000;0.773890000
CVE-2018-18285;0.018440000;0.773880000
CVE-2018-18284;0.162880000;0.967020000
CVE-2018-18282;0.010300000;0.610980000
CVE-2018-18281;0.010610000;0.620200000
CVE-2018-1828;0.005970000;0.461010000
CVE-2018-18276;0.006570000;0.487950000
CVE-2018-18274;0.012460000;0.669940000
CVE-2018-18271;0.008260000;0.547210000
CVE-2018-18270;0.008330000;0.549500000
CVE-2018-1827;0.005970000;0.461010000
CVE-2018-18264;0.703720000;0.993360000
CVE-2018-18262;0.019530000;0.787110000
CVE-2018-18261;0.007520000;0.523180000
CVE-2018-18260;0.010490000;0.616560000
CVE-2018-1826;0.005970000;0.461010000
CVE-2018-18259;0.009780000;0.595100000
CVE-2018-18258;0.014890000;0.720920000
CVE-2018-18257;0.015510000;0.731760000
CVE-2018-18256;0.004100000;0.344860000
CVE-2018-18255;0.004100000;0.344850000
CVE-2018-18254;0.003900000;0.324610000
CVE-2018-18253;0.002990000;0.226650000
CVE-2018-18252;0.004320000;0.363380000
CVE-2018-18251;0.015510000;0.731790000
CVE-2018-18250;0.009950000;0.600100000
CVE-2018-1825;0.009680000;0.592010000
CVE-2018-18249;0.014890000;0.720930000
CVE-2018-18248;0.007170000;0.511030000
CVE-2018-18247;0.005780000;0.452050000
CVE-2018-18246;0.004580000;0.381950000
CVE-2018-18245;0.025520000;0.838350000
CVE-2018-18244;0.008030000;0.539860000
CVE-2018-18242;0.011350000;0.640520000
CVE-2018-18240;0.036530000;0.887410000
CVE-2018-1824;0.009680000;0.592000000
CVE-2018-1823;0.009680000;0.591900000
CVE-2018-18227;0.031200000;0.868260000
CVE-2018-18226;0.031660000;0.870170000
CVE-2018-18225;0.028840000;0.857990000
CVE-2018-18224;0.021630000;0.808320000
CVE-2018-18223;0.021630000;0.808320000
CVE-2018-1822;0.034320000;0.880260000
CVE-2018-18215;0.004940000;0.404930000
CVE-2018-18211;0.008830000;0.565100000
CVE-2018-18210;0.008650000;0.559450000
CVE-2018-1821;0.158010000;0.966130000
CVE-2018-18209;0.008650000;0.559520000
CVE-2018-18208;0.006550000;0.487130000
CVE-2018-18207;0.006550000;0.487110000
CVE-2018-18206;0.014490000;0.713240000
CVE-2018-18205;0.025810000;0.840330000
CVE-2018-18203;0.002410000;0.155120000
CVE-2018-18202;0.013630000;0.696550000
CVE-2018-18201;0.004940000;0.404950000
CVE-2018-18200;0.014210000;0.708060000
CVE-2018-1820;0.009680000;0.591910000
CVE-2018-18199;0.008290000;0.548050000
CVE-2018-18198;0.009050000;0.571470000
CVE-2018-18197;0.013710000;0.698420000
CVE-2018-18196;0.011850000;0.654330000
CVE-2018-18195;0.009440000;0.584090000
CVE-2018-18194;0.011840000;0.654040000
CVE-2018-18193;0.011850000;0.654320000
CVE-2018-18192;0.009450000;0.584340000
CVE-2018-18191;0.008060000;0.540780000
CVE-2018-18190;0.008790000;0.563940000
CVE-2018-1819;0.016590000;0.748230000
CVE-2018-1818;0.008440000;0.552410000
CVE-2018-1817;0.008940000;0.568110000
CVE-2018-1815;0.008940000;0.568110000
CVE-2018-1814;0.009660000;0.590850000
CVE-2018-1813;0.009040000;0.571190000
CVE-2018-1812;0.006600000;0.489520000
CVE-2018-18098;0.002780000;0.203330000
CVE-2018-18097;0.002770000;0.202250000
CVE-2018-18096;0.002840000;0.210220000
CVE-2018-18095;0.005150000;0.418300000
CVE-2018-18094;0.003290000;0.259990000
CVE-2018-18093;0.002770000;0.202250000
CVE-2018-18091;0.003210000;0.250270000
CVE-2018-18090;0.003210000;0.250280000
CVE-2018-18089;0.003250000;0.256100000
CVE-2018-18088;0.021070000;0.803350000
CVE-2018-18087;0.006840000;0.498690000
CVE-2018-18086;0.014930000;0.721470000
CVE-2018-18084;0.012610000;0.673540000
CVE-2018-18083;0.024770000;0.833240000
CVE-2018-18082;0.006750000;0.495150000
CVE-2018-1808;0.015940000;0.738180000
CVE-2018-18075;0.018270000;0.771670000
CVE-2018-18074;0.074430000;0.939770000
CVE-2018-18073;0.027300000;0.849550000
CVE-2018-18071;0.014090000;0.705800000
CVE-2018-18070;0.010540000;0.618080000
CVE-2018-18069;0.132070000;0.960720000
CVE-2018-18068;0.033260000;0.876650000
CVE-2018-18066;0.042980000;0.903780000
CVE-2018-18065;0.171890000;0.968530000
CVE-2018-18064;0.014800000;0.719220000
CVE-2018-18062;0.008130000;0.542910000
CVE-2018-18061;0.009100000;0.573230000
CVE-2018-18060;0.009710000;0.592660000
CVE-2018-18059;0.009710000;0.592660000
CVE-2018-18058;0.007620000;0.526420000
CVE-2018-18056;0.004050000;0.340420000
CVE-2018-1805;0.009760000;0.594540000
CVE-2018-1804;0.009150000;0.574810000
CVE-2018-18035;0.011950000;0.656860000
CVE-2018-1803;0.011830000;0.653950000
CVE-2018-18029;0.005810000;0.453470000
CVE-2018-18026;0.007930000;0.536560000
CVE-2018-18025;0.025410000;0.837630000
CVE-2018-18024;0.030030000;0.863450000
CVE-2018-18023;0.014770000;0.718750000
CVE-2018-18021;0.005700000;0.447970000
CVE-2018-18020;0.012810000;0.678240000
CVE-2018-1802;0.004450000;0.372970000
CVE-2018-18019;0.010210000;0.607980000
CVE-2018-18018;0.021930000;0.810880000
CVE-2018-18017;0.010210000;0.607980000
CVE-2018-18016;0.017850000;0.765950000
CVE-2018-18014;0.004840000;0.398910000
CVE-2018-18013;0.029190000;0.859690000
CVE-2018-1801;0.024500000;0.831320000
CVE-2018-18009;0.027120000;0.848510000
CVE-2018-18008;0.019870000;0.790760000
CVE-2018-18007;0.019170000;0.782850000
CVE-2018-18006;0.214920000;0.974280000
CVE-2018-18005;0.008030000;0.539860000
CVE-2018-18004;0.009300000;0.579570000
CVE-2018-1800;0.002980000;0.224770000
CVE-2018-17997;0.035800000;0.884980000
CVE-2018-17996;0.030110000;0.863760000
CVE-2018-17990;0.044980000;0.907580000
CVE-2018-1799;0.004280000;0.360210000
CVE-2018-17989;0.008260000;0.547370000
CVE-2018-17988;0.020430000;0.796740000
CVE-2018-17987;0.009260000;0.578010000
CVE-2018-17986;0.006140000;0.468610000
CVE-2018-17985;0.012910000;0.680510000
CVE-2018-17984;0.033690000;0.878170000
CVE-2018-17983;0.020490000;0.797480000
CVE-2018-17981;0.007760000;0.530850000
CVE-2018-17980;0.045540000;0.908690000
CVE-2018-1798;0.014940000;0.721600000
CVE-2018-17977;0.003790000;0.313450000
CVE-2018-17976;0.011310000;0.639490000
CVE-2018-17975;0.011330000;0.640010000
CVE-2018-17974;0.009860000;0.597250000
CVE-2018-17972;0.003500000;0.282840000
CVE-2018-1797;0.019510000;0.786860000
CVE-2018-17969;0.013670000;0.697410000
CVE-2018-17968;0.012080000;0.660260000
CVE-2018-17967;0.014550000;0.714480000
CVE-2018-17966;0.017140000;0.756300000
CVE-2018-17965;0.017720000;0.764270000
CVE-2018-17964;0.009630000;0.590000000
CVE-2018-17963;0.047820000;0.912360000
CVE-2018-17962;0.045030000;0.907670000
CVE-2018-17961;0.099800000;0.952350000
CVE-2018-17960;0.019540000;0.787250000
CVE-2018-1796;0.003570000;0.290270000
CVE-2018-17958;0.061690000;0.929300000
CVE-2018-17957;0.003750000;0.309210000
CVE-2018-17956;0.003410000;0.273450000
CVE-2018-17955;0.003090000;0.237800000
CVE-2018-17954;0.003180000;0.247010000
CVE-2018-17953;0.013420000;0.691900000
CVE-2018-17952;0.006470000;0.483900000
CVE-2018-17950;0.008340000;0.549620000
CVE-2018-1795;0.008940000;0.568120000
CVE-2018-17949;0.006470000;0.483900000
CVE-2018-17948;0.006480000;0.484220000
CVE-2018-17947;0.012120000;0.661660000
CVE-2018-17946;0.008440000;0.552510000
CVE-2018-17944;0.008680000;0.560500000
CVE-2018-17942;0.024940000;0.834340000
CVE-2018-1794;0.013550000;0.694850000
CVE-2018-17939;0.011660000;0.649100000
CVE-2018-17938;0.006060000;0.464830000
CVE-2018-17937;0.026560000;0.845180000
CVE-2018-17936;0.153120000;0.965080000
CVE-2018-17935;0.006630000;0.490730000
CVE-2018-17934;0.196530000;0.971850000
CVE-2018-17933;0.012060000;0.659650000
CVE-2018-17932;0.015070000;0.724210000
CVE-2018-17931;0.004160000;0.349560000
CVE-2018-17930;0.072600000;0.938610000
CVE-2018-1793;0.013550000;0.694840000
CVE-2018-17929;0.017540000;0.761830000
CVE-2018-17928;0.007660000;0.528050000
CVE-2018-17927;0.021100000;0.803770000
CVE-2018-17926;0.007870000;0.534660000
CVE-2018-17925;0.003040000;0.232160000
CVE-2018-17924;0.043350000;0.904480000
CVE-2018-17923;0.003270000;0.258050000
CVE-2018-17922;0.032450000;0.873510000
CVE-2018-17921;0.007260000;0.514000000
CVE-2018-1792;0.005200000;0.421050000
CVE-2018-17919;0.009870000;0.597710000
CVE-2018-17918;0.038050000;0.891980000
CVE-2018-17917;0.012510000;0.671240000
CVE-2018-17916;0.037330000;0.889800000
CVE-2018-17915;0.011000000;0.631580000
CVE-2018-17914;0.045670000;0.908900000
CVE-2018-17913;0.016270000;0.743240000
CVE-2018-17912;0.016470000;0.746320000
CVE-2018-17911;0.031650000;0.870140000
CVE-2018-17910;0.052190000;0.918750000
CVE-2018-1791;0.009790000;0.595460000
CVE-2018-17909;0.016270000;0.743250000
CVE-2018-17908;0.004500000;0.376620000
CVE-2018-17907;0.008910000;0.567420000
CVE-2018-17906;0.008120000;0.542490000
CVE-2018-17905;0.010690000;0.622660000
CVE-2018-17904;0.008520000;0.555130000
CVE-2018-17903;0.015630000;0.733710000
CVE-2018-17902;0.011070000;0.633230000
CVE-2018-17901;0.015670000;0.734250000
CVE-2018-17900;0.018650000;0.776630000
CVE-2018-1790;0.005270000;0.425360000
CVE-2018-17899;0.080630000;0.943470000
CVE-2018-17898;0.012500000;0.671160000
CVE-2018-17897;0.059660000;0.927250000
CVE-2018-17896;0.012150000;0.662390000
CVE-2018-17895;0.048310000;0.913130000
CVE-2018-17894;0.023750000;0.825720000
CVE-2018-17893;0.063810000;0.931240000
CVE-2018-17892;0.027830000;0.852900000
CVE-2018-17891;0.007350000;0.517400000
CVE-2018-17890;0.032560000;0.873980000
CVE-2018-1789;0.012310000;0.666500000
CVE-2018-17889;0.012480000;0.670500000
CVE-2018-17888;0.296390000;0.980490000
CVE-2018-17886;0.006630000;0.490650000
CVE-2018-17884;0.012120000;0.661670000
CVE-2018-17883;0.004430000;0.371530000
CVE-2018-17882;0.013210000;0.686780000
CVE-2018-17881;0.015030000;0.723520000
CVE-2018-17880;0.015760000;0.735590000
CVE-2018-1788;0.003880000;0.322450000
CVE-2018-17879;0.218500000;0.974580000
CVE-2018-17878;0.008310000;0.548620000
CVE-2018-17877;0.016370000;0.744920000
CVE-2018-17876;0.009980000;0.601240000
CVE-2018-17875;0.026830000;0.846860000
CVE-2018-17874;0.006470000;0.483800000
CVE-2018-17873;0.018530000;0.775140000
CVE-2018-17872;0.022430000;0.815150000
CVE-2018-17871;0.017850000;0.765980000
CVE-2018-17870;0.008030000;0.539640000
CVE-2018-1787;0.002980000;0.225620000
CVE-2018-17869;0.004650000;0.386750000
CVE-2018-17868;0.005340000;0.429310000
CVE-2018-17867;0.037990000;0.891800000
CVE-2018-17866;0.016480000;0.746580000
CVE-2018-17865;0.007460000;0.521220000
CVE-2018-17862;0.014370000;0.710980000
CVE-2018-17861;0.015430000;0.730300000
CVE-2018-17860;0.009520000;0.586680000
CVE-2018-1786;0.024250000;0.829440000
CVE-2018-17859;0.013480000;0.693100000
CVE-2018-17858;0.009800000;0.595780000
CVE-2018-17857;0.011810000;0.653410000
CVE-2018-17856;0.026940000;0.847510000
CVE-2018-17855;0.019000000;0.780810000
CVE-2018-17854;0.014560000;0.714620000
CVE-2018-17852;0.015370000;0.729230000
CVE-2018-1785;0.011280000;0.638780000
CVE-2018-17849;0.005450000;0.434960000
CVE-2018-17848;0.026770000;0.846530000
CVE-2018-17847;0.028320000;0.855530000
CVE-2018-17846;0.026180000;0.842710000
CVE-2018-17843;0.020090000;0.793520000
CVE-2018-17842;0.022090000;0.812390000
CVE-2018-17841;0.022900000;0.819030000
CVE-2018-17840;0.022900000;0.819020000
CVE-2018-1784;0.017280000;0.758010000
CVE-2018-17838;0.015150000;0.725550000
CVE-2018-17837;0.012660000;0.675060000
CVE-2018-17836;0.015940000;0.738070000
CVE-2018-17835;0.006700000;0.493420000
CVE-2018-17832;0.022730000;0.817500000
CVE-2018-17831;0.020530000;0.797900000
CVE-2018-17830;0.006840000;0.498710000
CVE-2018-1783;0.003300000;0.260780000
CVE-2018-17828;0.015380000;0.729350000
CVE-2018-17827;0.014370000;0.710990000
CVE-2018-17826;0.004940000;0.404930000
CVE-2018-17825;0.023010000;0.819920000
CVE-2018-1782;0.003320000;0.262960000
CVE-2018-1781;0.004740000;0.392910000
CVE-2018-1780;0.004670000;0.388040000
CVE-2018-17798;0.011700000;0.650070000
CVE-2018-17797;0.013910000;0.702380000
CVE-2018-17796;0.015370000;0.729230000
CVE-2018-17795;0.041000000;0.899640000
CVE-2018-17794;0.018030000;0.768420000
CVE-2018-17792;0.010390000;0.613720000
CVE-2018-17791;0.019050000;0.781420000
CVE-2018-17790;0.009400000;0.582910000
CVE-2018-1779;0.024940000;0.834320000
CVE-2018-17789;0.006520000;0.486170000
CVE-2018-17787;0.036610000;0.887620000
CVE-2018-17786;0.041150000;0.899950000
CVE-2018-17785;0.021220000;0.804650000
CVE-2018-17784;0.043530000;0.904850000
CVE-2018-17783;0.006860000;0.499880000
CVE-2018-17782;0.006860000;0.499870000
CVE-2018-17781;0.024420000;0.830670000
CVE-2018-17780;0.018030000;0.768320000
CVE-2018-1778;0.034480000;0.880850000
CVE-2018-17777;0.018660000;0.776740000
CVE-2018-17776;0.033930000;0.878940000
CVE-2018-17775;0.010270000;0.610130000
CVE-2018-17774;0.005830000;0.454530000
CVE-2018-17773;0.006000000;0.462360000
CVE-2018-17772;0.006690000;0.492720000
CVE-2018-17771;0.004770000;0.394470000
CVE-2018-17770;0.005570000;0.441650000
CVE-2018-1777;0.009900000;0.598670000
CVE-2018-17769;0.005640000;0.445030000
CVE-2018-17768;0.005830000;0.454540000
CVE-2018-17767;0.005530000;0.439320000
CVE-2018-17766;0.005270000;0.425130000
CVE-2018-17765;0.005610000;0.443100000
CVE-2018-1775;0.019240000;0.783660000
CVE-2018-1774;0.010610000;0.620120000
CVE-2018-1773;0.014170000;0.707300000
CVE-2018-1772;0.009680000;0.591900000
CVE-2018-1771;0.004820000;0.398000000
CVE-2018-17707;0.030040000;0.863500000
CVE-2018-17706;0.027730000;0.852210000
CVE-2018-17705;0.038550000;0.893410000
CVE-2018-17704;0.038550000;0.893350000
CVE-2018-17703;0.038550000;0.893350000
CVE-2018-17702;0.038550000;0.893350000
CVE-2018-17701;0.038550000;0.893350000
CVE-2018-17700;0.038550000;0.893360000
CVE-2018-1770;0.034820000;0.882020000
CVE-2018-17699;0.040880000;0.899370000
CVE-2018-17698;0.038550000;0.893390000
CVE-2018-17697;0.038550000;0.893400000
CVE-2018-17696;0.038550000;0.893400000
CVE-2018-17695;0.038550000;0.893400000
CVE-2018-17694;0.038550000;0.893380000
CVE-2018-17693;0.038550000;0.893380000
CVE-2018-17692;0.038550000;0.893370000
CVE-2018-17691;0.038550000;0.893370000
CVE-2018-17690;0.038550000;0.893360000
CVE-2018-17689;0.038550000;0.893390000
CVE-2018-17688;0.038550000;0.893360000
CVE-2018-17687;0.038550000;0.893360000
CVE-2018-17686;0.243970000;0.976960000
CVE-2018-17685;0.038550000;0.893370000
CVE-2018-17684;0.038550000;0.893410000
CVE-2018-17683;0.038550000;0.893400000
CVE-2018-17682;0.038550000;0.893390000
CVE-2018-17681;0.038550000;0.893380000
CVE-2018-17680;0.038550000;0.893380000
CVE-2018-1768;0.003810000;0.314730000
CVE-2018-17679;0.045560000;0.908740000
CVE-2018-17678;0.033140000;0.876220000
CVE-2018-17677;0.033140000;0.876220000
CVE-2018-17676;0.033140000;0.876240000
CVE-2018-17675;0.033140000;0.876230000
CVE-2018-17674;0.033140000;0.876220000
CVE-2018-17673;0.033140000;0.876230000
CVE-2018-17672;0.033140000;0.876230000
CVE-2018-17671;0.039180000;0.895200000
CVE-2018-17670;0.039180000;0.895200000
CVE-2018-1767;0.013550000;0.694840000
CVE-2018-17669;0.039180000;0.895150000
CVE-2018-17668;0.039180000;0.895160000
CVE-2018-17667;0.039180000;0.895090000
CVE-2018-17666;0.039180000;0.895090000
CVE-2018-17665;0.039180000;0.895100000
CVE-2018-17664;0.039180000;0.895100000
CVE-2018-17663;0.039180000;0.895120000
CVE-2018-17662;0.039180000;0.895120000
CVE-2018-17661;0.039180000;0.895110000
CVE-2018-17660;0.039180000;0.895090000
CVE-2018-1766;0.006660000;0.491650000
CVE-2018-17659;0.039180000;0.895160000
CVE-2018-17658;0.039180000;0.895160000
CVE-2018-17657;0.039180000;0.895160000
CVE-2018-17656;0.039180000;0.895180000
CVE-2018-17655;0.039180000;0.895180000
CVE-2018-17654;0.039180000;0.895180000
CVE-2018-17653;0.039180000;0.895190000
CVE-2018-17652;0.039180000;0.895190000
CVE-2018-17651;0.039180000;0.895080000
CVE-2018-17650;0.039180000;0.895170000
CVE-2018-17649;0.039180000;0.895190000
CVE-2018-17648;0.039180000;0.895200000
CVE-2018-17647;0.039180000;0.895200000
CVE-2018-17646;0.039180000;0.895110000
CVE-2018-17645;0.039180000;0.895110000
CVE-2018-17644;0.039180000;0.895120000
CVE-2018-17643;0.039180000;0.895130000
CVE-2018-17642;0.039180000;0.895130000
CVE-2018-17641;0.039180000;0.895130000
CVE-2018-17640;0.039180000;0.895140000
CVE-2018-1764;0.009380000;0.582090000
CVE-2018-17639;0.039180000;0.895150000
CVE-2018-17638;0.039180000;0.895150000
CVE-2018-17637;0.039180000;0.895100000
CVE-2018-17636;0.039180000;0.895090000
CVE-2018-17635;0.039180000;0.895140000
CVE-2018-17634;0.039180000;0.895140000
CVE-2018-17633;0.039180000;0.895140000
CVE-2018-17632;0.039180000;0.895170000
CVE-2018-17631;0.039180000;0.895170000
CVE-2018-17630;0.039180000;0.895190000
CVE-2018-1763;0.009380000;0.582090000
CVE-2018-17629;0.039180000;0.895170000
CVE-2018-17628;0.039180000;0.895110000
CVE-2018-17627;0.039180000;0.895130000
CVE-2018-17626;0.039180000;0.895080000
CVE-2018-17625;0.039180000;0.895080000
CVE-2018-17624;0.032790000;0.874750000
CVE-2018-17623;0.032790000;0.874750000
CVE-2018-17622;0.030000000;0.863270000
CVE-2018-17621;0.035800000;0.884990000
CVE-2018-17620;0.038140000;0.892330000
CVE-2018-1762;0.009680000;0.591970000
CVE-2018-17619;0.038140000;0.892330000
CVE-2018-17618;0.032790000;0.874740000
CVE-2018-17617;0.038140000;0.892340000
CVE-2018-17616;0.038140000;0.892330000
CVE-2018-17615;0.032790000;0.874750000
CVE-2018-17614;0.097030000;0.951340000
CVE-2018-17613;0.016250000;0.743020000
CVE-2018-17612;0.067350000;0.934330000
CVE-2018-17611;0.031760000;0.870570000
CVE-2018-17610;0.031760000;0.870580000
CVE-2018-1761;0.009680000;0.591960000
CVE-2018-17609;0.031760000;0.870580000
CVE-2018-17608;0.031760000;0.870580000
CVE-2018-17607;0.031760000;0.870570000
CVE-2018-17605;0.021850000;0.810190000
CVE-2018-1760;0.005970000;0.461000000
CVE-2018-17596;0.023420000;0.823350000
CVE-2018-17595;0.010090000;0.604550000
CVE-2018-17594;0.009880000;0.598220000
CVE-2018-17593;0.022970000;0.819570000
CVE-2018-17591;0.022970000;0.819580000
CVE-2018-17590;0.022970000;0.819580000
CVE-2018-1759;0.009380000;0.582090000
CVE-2018-17589;0.009980000;0.601230000
CVE-2018-17588;0.023210000;0.821600000
CVE-2018-17587;0.023210000;0.821590000
CVE-2018-17586;0.013650000;0.697140000
CVE-2018-17585;0.013650000;0.697150000
CVE-2018-17584;0.009190000;0.575910000
CVE-2018-17583;0.013650000;0.697140000
CVE-2018-17582;0.012110000;0.661210000
CVE-2018-17581;0.023500000;0.823960000
CVE-2018-17580;0.012110000;0.661210000
CVE-2018-1758;0.005970000;0.461010000
CVE-2018-17575;0.011350000;0.640540000
CVE-2018-17574;0.006670000;0.491980000
CVE-2018-17573;0.033640000;0.877990000
CVE-2018-17572;0.007270000;0.514540000
CVE-2018-17571;0.006750000;0.495180000
CVE-2018-17570;0.018460000;0.774090000
CVE-2018-1757;0.017100000;0.755710000
CVE-2018-17569;0.017440000;0.760220000
CVE-2018-17568;0.018080000;0.769010000
CVE-2018-17567;0.021880000;0.810410000
CVE-2018-17566;0.015370000;0.729230000
CVE-2018-17565;0.019350000;0.784920000
CVE-2018-17564;0.015820000;0.736380000
CVE-2018-17563;0.006990000;0.504540000
CVE-2018-17562;0.014670000;0.717050000
CVE-2018-17560;0.008260000;0.547250000
CVE-2018-1756;0.105990000;0.954350000
CVE-2018-17559;0.008900000;0.566890000
CVE-2018-17558;0.025070000;0.835250000
CVE-2018-17556;0.005880000;0.456740000
CVE-2018-17555;0.019780000;0.789760000
CVE-2018-17553;0.789940000;0.995650000
CVE-2018-17552;0.840630000;0.996730000
CVE-2018-1755;0.034820000;0.882020000
CVE-2018-17542;0.012290000;0.666080000
CVE-2018-17540;0.035110000;0.882970000
CVE-2018-17539;0.022360000;0.814520000
CVE-2018-17538;0.024640000;0.832280000
CVE-2018-17537;0.004020000;0.337480000
CVE-2018-17536;0.004020000;0.337470000
CVE-2018-17534;0.007240000;0.513380000
CVE-2018-17533;0.019580000;0.787650000
CVE-2018-17532;0.706590000;0.993440000
CVE-2018-1753;0.009760000;0.594530000
CVE-2018-1751;0.013250000;0.687780000
CVE-2018-17502;0.003400000;0.271890000
CVE-2018-17500;0.002720000;0.196630000
CVE-2018-1750;0.006750000;0.495130000
CVE-2018-17499;0.002060000;0.109670000
CVE-2018-17497;0.003830000;0.317350000
CVE-2018-17496;0.003840000;0.318830000
CVE-2018-17495;0.003840000;0.318820000
CVE-2018-17494;0.003840000;0.318830000
CVE-2018-17493;0.003840000;0.318820000
CVE-2018-17492;0.003340000;0.264680000
CVE-2018-17491;0.003350000;0.266090000
CVE-2018-17490;0.002860000;0.212560000
CVE-2018-1749;0.009040000;0.571190000
CVE-2018-17489;0.002060000;0.109670000
CVE-2018-17488;0.003590000;0.292900000
CVE-2018-17487;0.003590000;0.292900000
CVE-2018-17486;0.003160000;0.245080000
CVE-2018-17485;0.003830000;0.317360000
CVE-2018-17484;0.003090000;0.236950000
CVE-2018-17483;0.003030000;0.231220000
CVE-2018-17482;0.003500000;0.282740000
CVE-2018-17481;0.016060000;0.739930000
CVE-2018-17480;0.356400000;0.983350000
CVE-2018-17479;0.008950000;0.568440000
CVE-2018-17478;0.011200000;0.636800000
CVE-2018-17477;0.011900000;0.655540000
CVE-2018-17476;0.013460000;0.692600000
CVE-2018-17475;0.012120000;0.661710000
CVE-2018-17474;0.013730000;0.698730000
CVE-2018-17473;0.011350000;0.640580000
CVE-2018-17472;0.014870000;0.720450000
CVE-2018-17471;0.013900000;0.702190000
CVE-2018-17470;0.015470000;0.730980000
CVE-2018-1747;0.018530000;0.775090000
CVE-2018-17469;0.015170000;0.725900000
CVE-2018-17468;0.015140000;0.725450000
CVE-2018-17467;0.014020000;0.704450000
CVE-2018-17466;0.028270000;0.855260000
CVE-2018-17465;0.015660000;0.734080000
CVE-2018-17464;0.013210000;0.686730000
CVE-2018-17463;0.845640000;0.996860000
CVE-2018-17462;0.014770000;0.718690000
CVE-2018-17461;0.006190000;0.471070000
CVE-2018-17460;0.006340000;0.477980000
CVE-2018-17459;0.009850000;0.596890000
CVE-2018-17458;0.022220000;0.813390000
CVE-2018-17457;0.017590000;0.762460000
CVE-2018-17456;0.973560000;0.998930000
CVE-2018-17455;0.006210000;0.472020000
CVE-2018-17454;0.004020000;0.337480000
CVE-2018-17453;0.005180000;0.419710000
CVE-2018-17452;0.007370000;0.517950000
CVE-2018-17451;0.003160000;0.244900000
CVE-2018-17450;0.004380000;0.367980000
CVE-2018-1745;0.038940000;0.894440000
CVE-2018-17449;0.008390000;0.551080000
CVE-2018-17448;0.022040000;0.811970000
CVE-2018-17447;0.019470000;0.786500000
CVE-2018-17446;0.019620000;0.788010000
CVE-2018-17445;0.110590000;0.955770000
CVE-2018-17444;0.035760000;0.884830000
CVE-2018-17443;0.056570000;0.923810000
CVE-2018-17442;0.142190000;0.963020000
CVE-2018-17441;0.056570000;0.923810000
CVE-2018-17440;0.384690000;0.984560000
CVE-2018-1744;0.025580000;0.838760000
CVE-2018-17439;0.012800000;0.678130000
CVE-2018-17438;0.017400000;0.759780000
CVE-2018-17437;0.013320000;0.689260000
CVE-2018-17436;0.013120000;0.684910000
CVE-2018-17435;0.013120000;0.684910000
CVE-2018-17434;0.017580000;0.762320000
CVE-2018-17433;0.012720000;0.676380000
CVE-2018-17432;0.013120000;0.684910000
CVE-2018-17431;0.839120000;0.996720000
CVE-2018-1743;0.013010000;0.682750000
CVE-2018-17429;0.006140000;0.468570000
CVE-2018-17428;0.028390000;0.855820000
CVE-2018-17427;0.014720000;0.717950000
CVE-2018-17426;0.006840000;0.498700000
CVE-2018-17425;0.006840000;0.498710000
CVE-2018-17423;0.007390000;0.518850000
CVE-2018-17422;0.037170000;0.889250000
CVE-2018-17421;0.008650000;0.559430000
CVE-2018-17420;0.013260000;0.687880000
CVE-2018-1742;0.002990000;0.226450000
CVE-2018-17419;0.017600000;0.762510000
CVE-2018-17418;0.030690000;0.866140000
CVE-2018-17416;0.013260000;0.687890000
CVE-2018-17415;0.013190000;0.686410000
CVE-2018-17414;0.013190000;0.686400000
CVE-2018-17413;0.008260000;0.547260000
CVE-2018-17412;0.015370000;0.729210000
CVE-2018-17411;0.018640000;0.776610000
CVE-2018-17410;0.017120000;0.756070000
CVE-2018-1741;0.012710000;0.676090000
CVE-2018-17408;0.189680000;0.970800000
CVE-2018-17407;0.020580000;0.798390000
CVE-2018-17404;0.009380000;0.582340000
CVE-2018-17403;0.012990000;0.682200000
CVE-2018-17402;0.010630000;0.620840000
CVE-2018-17401;0.012310000;0.666510000
CVE-2018-17400;0.003120000;0.241230000
CVE-2018-1740;0.006600000;0.489580000
CVE-2018-17399;0.022900000;0.819030000
CVE-2018-17398;0.022900000;0.819020000
CVE-2018-17397;0.032130000;0.872130000
CVE-2018-17394;0.032130000;0.872130000
CVE-2018-17393;0.022900000;0.819010000
CVE-2018-17391;0.032130000;0.872150000
CVE-2018-17389;0.009110000;0.573460000
CVE-2018-17388;0.022900000;0.819020000
CVE-2018-17387;0.009110000;0.573460000
CVE-2018-17386;0.022900000;0.819020000
CVE-2018-17385;0.032130000;0.872150000
CVE-2018-17384;0.032800000;0.874820000
CVE-2018-17383;0.032130000;0.872120000
CVE-2018-17382;0.032130000;0.872110000
CVE-2018-17381;0.023380000;0.823020000
CVE-2018-17380;0.032800000;0.874830000
CVE-2018-1738;0.010990000;0.631370000
CVE-2018-17379;0.032800000;0.874820000
CVE-2018-17378;0.032800000;0.874820000
CVE-2018-17377;0.032130000;0.872130000
CVE-2018-17376;0.032130000;0.872110000
CVE-2018-17375;0.032800000;0.874830000
CVE-2018-17374;0.023380000;0.823020000
CVE-2018-17369;0.005340000;0.429240000
CVE-2018-17368;0.011740000;0.651340000
CVE-2018-17366;0.005720000;0.449070000
CVE-2018-17365;0.021160000;0.804150000
CVE-2018-17364;0.008790000;0.563860000
CVE-2018-17361;0.008300000;0.548520000
CVE-2018-17360;0.013410000;0.691610000
CVE-2018-1736;0.015070000;0.724300000
CVE-2018-17359;0.012840000;0.679210000
CVE-2018-17358;0.013260000;0.687990000
CVE-2018-17341;0.019390000;0.785590000
CVE-2018-1734;0.008760000;0.563150000
CVE-2018-17338;0.012460000;0.669940000
CVE-2018-17337;0.006750000;0.495230000
CVE-2018-17336;0.006220000;0.472740000
CVE-2018-17334;0.015540000;0.732320000
CVE-2018-17333;0.015540000;0.732320000
CVE-2018-17332;0.011620000;0.647860000
CVE-2018-1733;0.016540000;0.747330000
CVE-2018-17322;0.007560000;0.524420000
CVE-2018-17321;0.006920000;0.502020000
CVE-2018-17320;0.006550000;0.487120000
CVE-2018-1732;0.014480000;0.712980000
CVE-2018-17317;0.043110000;0.904010000
CVE-2018-17316;0.010000000;0.601710000
CVE-2018-17315;0.010000000;0.601720000
CVE-2018-17314;0.010000000;0.601720000
CVE-2018-17313;0.023240000;0.821810000
CVE-2018-17312;0.010000000;0.601720000
CVE-2018-17311;0.010000000;0.601720000
CVE-2018-17310;0.023240000;0.821810000
CVE-2018-1731;0.009220000;0.576660000
CVE-2018-17309;0.010000000;0.601700000
CVE-2018-17305;0.015030000;0.723580000
CVE-2018-17302;0.006320000;0.476780000
CVE-2018-17301;0.006740000;0.494770000
CVE-2018-17300;0.005730000;0.449440000
CVE-2018-1730;0.018530000;0.775110000
CVE-2018-17298;0.017560000;0.762090000
CVE-2018-17297;0.026740000;0.846360000
CVE-2018-17294;0.027160000;0.848780000
CVE-2018-17293;0.016230000;0.742510000
CVE-2018-17292;0.012280000;0.665720000
CVE-2018-1729;0.017590000;0.762490000
CVE-2018-17289;0.015140000;0.725490000
CVE-2018-17288;0.006320000;0.477280000
CVE-2018-17287;0.004260000;0.358290000
CVE-2018-17283;0.663470000;0.992220000
CVE-2018-17282;0.021460000;0.806850000
CVE-2018-17281;0.533810000;0.989050000
CVE-2018-1728;0.006600000;0.489590000
CVE-2018-1727;0.024630000;0.832270000
CVE-2018-17256;0.006510000;0.485510000
CVE-2018-17254;0.829760000;0.996490000
CVE-2018-1725;0.003450000;0.277920000
CVE-2018-17247;0.013830000;0.700720000
CVE-2018-17246;0.822510000;0.996310000
CVE-2018-17245;0.015230000;0.726870000
CVE-2018-17244;0.014560000;0.714590000
CVE-2018-17243;0.744350000;0.994520000
CVE-2018-17240;0.036760000;0.888050000
CVE-2018-1724;0.003290000;0.260100000
CVE-2018-17237;0.013260000;0.687940000
CVE-2018-17236;0.011130000;0.634880000
CVE-2018-17235;0.010730000;0.623870000
CVE-2018-17234;0.013320000;0.689260000
CVE-2018-17233;0.017580000;0.762320000
CVE-2018-17232;0.017480000;0.760820000
CVE-2018-17231;0.015110000;0.725050000
CVE-2018-17230;0.022070000;0.812260000
CVE-2018-1723;0.004020000;0.337460000
CVE-2018-17229;0.022070000;0.812260000
CVE-2018-17228;0.016400000;0.745420000
CVE-2018-1722;0.090440000;0.948800000
CVE-2018-17218;0.006470000;0.483530000
CVE-2018-17217;0.008160000;0.544070000
CVE-2018-17216;0.010750000;0.624240000
CVE-2018-17215;0.006430000;0.481830000
CVE-2018-17213;0.014280000;0.709460000
CVE-2018-17211;0.017290000;0.758190000
CVE-2018-17210;0.016580000;0.747970000
CVE-2018-1721;0.018430000;0.773760000
CVE-2018-17208;0.025290000;0.836810000
CVE-2018-17207;0.600860000;0.990630000
CVE-2018-17206;0.020460000;0.797150000
CVE-2018-17205;0.025310000;0.836950000
CVE-2018-17204;0.019110000;0.782220000
CVE-2018-17202;0.019310000;0.784490000
CVE-2018-17201;0.019310000;0.784490000
CVE-2018-17200;0.050270000;0.916040000
CVE-2018-1720;0.009660000;0.590840000
CVE-2018-17199;0.206790000;0.973350000
CVE-2018-17198;0.041240000;0.900170000
CVE-2018-17197;0.059340000;0.926900000
CVE-2018-17196;0.054790000;0.921520000
CVE-2018-17195;0.007130000;0.509690000
CVE-2018-17194;0.029700000;0.861920000
CVE-2018-17193;0.027580000;0.851270000
CVE-2018-17192;0.026800000;0.846690000
CVE-2018-17191;0.077550000;0.941720000
CVE-2018-17190;0.087210000;0.947270000
CVE-2018-1719;0.023770000;0.825840000
CVE-2018-17189;0.200710000;0.972390000
CVE-2018-17188;0.032280000;0.872820000
CVE-2018-17187;0.025390000;0.837530000
CVE-2018-17186;0.024860000;0.833820000
CVE-2018-17184;0.011940000;0.656650000
CVE-2018-17183;0.018290000;0.771960000
CVE-2018-17182;0.032060000;0.871830000
CVE-2018-17181;0.014120000;0.706330000
CVE-2018-17180;0.018940000;0.780100000
CVE-2018-1718;0.012300000;0.666360000
CVE-2018-17179;0.127800000;0.959700000
CVE-2018-17178;0.006750000;0.495270000
CVE-2018-17177;0.001710000;0.068340000
CVE-2018-17176;0.010000000;0.601930000
CVE-2018-17175;0.018580000;0.775870000
CVE-2018-17174;0.025890000;0.840830000
CVE-2018-17173;0.562370000;0.989720000
CVE-2018-17172;0.019690000;0.788710000
CVE-2018-17170;0.025890000;0.840850000
CVE-2018-17169;0.015140000;0.725490000
CVE-2018-17168;0.005250000;0.424080000
CVE-2018-17167;0.006320000;0.477280000
CVE-2018-17161;0.035190000;0.883160000
CVE-2018-17160;0.033480000;0.877450000
CVE-2018-1716;0.013250000;0.687760000
CVE-2018-17159;0.042080000;0.901990000
CVE-2018-17158;0.044140000;0.905980000
CVE-2018-17157;0.241680000;0.976760000
CVE-2018-17156;0.016290000;0.743410000
CVE-2018-17155;0.003720000;0.306030000
CVE-2018-17154;0.003230000;0.253360000
CVE-2018-17153;0.865860000;0.997240000
CVE-2018-17152;0.007200000;0.511950000
CVE-2018-17151;0.007050000;0.506490000
CVE-2018-17150;0.008990000;0.569560000
CVE-2018-1715;0.006950000;0.502960000
CVE-2018-17148;0.036820000;0.888230000
CVE-2018-17147;0.026980000;0.847740000
CVE-2018-17146;0.036080000;0.885790000
CVE-2018-17145;0.040860000;0.899330000
CVE-2018-17144;0.067490000;0.934470000
CVE-2018-17143;0.027720000;0.852120000
CVE-2018-17142;0.028100000;0.854290000
CVE-2018-17141;0.055880000;0.922890000
CVE-2018-17140;0.006570000;0.488330000
CVE-2018-17139;0.030740000;0.866330000
CVE-2018-17138;0.006570000;0.488330000
CVE-2018-17137;0.014000000;0.704240000
CVE-2018-17136;0.012020000;0.658610000
CVE-2018-17134;0.021070000;0.803420000
CVE-2018-17133;0.021070000;0.803410000
CVE-2018-17132;0.021070000;0.803410000
CVE-2018-17131;0.021070000;0.803420000
CVE-2018-17130;0.006370000;0.479060000
CVE-2018-17129;0.008780000;0.563560000
CVE-2018-17128;0.747520000;0.994640000
CVE-2018-17127;0.014950000;0.721890000
CVE-2018-17126;0.032330000;0.872970000
CVE-2018-17125;0.014120000;0.706450000
CVE-2018-1712;0.007130000;0.509590000
CVE-2018-17113;0.006430000;0.482090000
CVE-2018-17111;0.012050000;0.659200000
CVE-2018-17110;0.015870000;0.737060000
CVE-2018-1711;0.003690000;0.301970000
CVE-2018-17108;0.011460000;0.643220000
CVE-2018-17107;0.016450000;0.746090000
CVE-2018-17106;0.009460000;0.584600000
CVE-2018-17104;0.007780000;0.531430000
CVE-2018-17103;0.006500000;0.485180000
CVE-2018-17102;0.007090000;0.508130000
CVE-2018-17101;0.031560000;0.869740000
CVE-2018-17100;0.024660000;0.832440000
CVE-2018-1710;0.005330000;0.428830000
CVE-2018-17098;0.028380000;0.855780000
CVE-2018-17097;0.028380000;0.855780000
CVE-2018-17096;0.022580000;0.816300000
CVE-2018-17095;0.046540000;0.910390000
CVE-2018-17092;0.005870000;0.456090000
CVE-2018-17091;0.007260000;0.514290000
CVE-2018-17090;0.005310000;0.427430000
CVE-2018-17088;0.015570000;0.732760000
CVE-2018-17086;0.006920000;0.501970000
CVE-2018-17085;0.006920000;0.501990000
CVE-2018-17082;0.041030000;0.899710000
CVE-2018-17081;0.005850000;0.455370000
CVE-2018-1708;0.012480000;0.670570000
CVE-2018-17079;0.007990000;0.538330000
CVE-2018-17077;0.007670000;0.528280000
CVE-2018-17076;0.014800000;0.719180000
CVE-2018-17075;0.027740000;0.852510000
CVE-2018-17074;0.011990000;0.657850000
CVE-2018-17073;0.011750000;0.651440000
CVE-2018-17072;0.015970000;0.738560000
CVE-2018-17071;0.012080000;0.660250000
CVE-2018-17070;0.005060000;0.412240000
CVE-2018-17069;0.005060000;0.412230000
CVE-2018-17068;0.036780000;0.888120000
CVE-2018-17067;0.018920000;0.779920000
CVE-2018-17066;0.072550000;0.938590000
CVE-2018-17065;0.018920000;0.779930000
CVE-2018-17064;0.073810000;0.939380000
CVE-2018-17063;0.041430000;0.900620000
CVE-2018-17062;0.006920000;0.502030000
CVE-2018-17061;0.007240000;0.513360000
CVE-2018-17060;0.010220000;0.608230000
CVE-2018-1706;0.006600000;0.489580000
CVE-2018-17058;0.013240000;0.687500000
CVE-2018-17057;0.261720000;0.978360000
CVE-2018-17056;0.008190000;0.544930000
CVE-2018-17055;0.009670000;0.590910000
CVE-2018-17054;0.008360000;0.550190000
CVE-2018-17053;0.008360000;0.550190000
CVE-2018-17051;0.006140000;0.468890000
CVE-2018-17050;0.009260000;0.578050000
CVE-2018-1705;0.012690000;0.675670000
CVE-2018-17049;0.006480000;0.484290000
CVE-2018-17048;0.017370000;0.759390000
CVE-2018-17046;0.007440000;0.520320000
CVE-2018-17045;0.004720000;0.390900000
CVE-2018-17044;0.005090000;0.414230000
CVE-2018-17043;0.010500000;0.616790000
CVE-2018-17042;0.008150000;0.543500000
CVE-2018-1704;0.007060000;0.507100000
CVE-2018-17039;0.008650000;0.559430000
CVE-2018-17037;0.009570000;0.588050000
CVE-2018-17036;0.016580000;0.747960000
CVE-2018-17035;0.011350000;0.640540000
CVE-2018-17034;0.006750000;0.495220000
CVE-2018-17031;0.008690000;0.560850000
CVE-2018-17030;0.023180000;0.821420000
CVE-2018-17026;0.006960000;0.503420000
CVE-2018-17025;0.008990000;0.569550000
CVE-2018-17024;0.007070000;0.507120000
CVE-2018-17023;0.006140000;0.468810000
CVE-2018-17022;0.022420000;0.815080000
CVE-2018-17021;0.010950000;0.630270000
CVE-2018-17020;0.020780000;0.800400000
CVE-2018-1702;0.018530000;0.775110000
CVE-2018-17019;0.013990000;0.703900000
CVE-2018-17018;0.010400000;0.613870000
CVE-2018-17017;0.010400000;0.613860000
CVE-2018-17016;0.010400000;0.613880000
CVE-2018-17015;0.010400000;0.613840000
CVE-2018-17014;0.010400000;0.613860000
CVE-2018-17013;0.010400000;0.613860000
CVE-2018-17012;0.010400000;0.613870000
CVE-2018-17011;0.010400000;0.613870000
CVE-2018-17010;0.010400000;0.613880000
CVE-2018-1701;0.012420000;0.668850000
CVE-2018-17009;0.010400000;0.613870000
CVE-2018-17008;0.010400000;0.613880000
CVE-2018-17007;0.010400000;0.613850000
CVE-2018-17006;0.010400000;0.613850000
CVE-2018-17005;0.010400000;0.613850000
CVE-2018-17004;0.010400000;0.613860000
CVE-2018-17003;0.010090000;0.604550000
CVE-2018-17002;0.010000000;0.601710000
CVE-2018-17001;0.010000000;0.601710000
CVE-2018-17000;0.032650000;0.874330000
CVE-2018-16999;0.010330000;0.612270000
CVE-2018-16994;0.015710000;0.734900000
CVE-2018-1699;0.016950000;0.753570000
CVE-2018-16988;0.016160000;0.741540000
CVE-2018-16987;0.012970000;0.681970000
CVE-2018-16986;0.029810000;0.862440000
CVE-2018-16985;0.014670000;0.717040000
CVE-2018-16984;0.020330000;0.795850000
CVE-2018-16983;0.031200000;0.868270000
CVE-2018-16982;0.010890000;0.628030000
CVE-2018-16981;0.015920000;0.737900000
CVE-2018-16980;0.008430000;0.552140000
CVE-2018-1698;0.018250000;0.771510000
CVE-2018-16979;0.030200000;0.864140000
CVE-2018-16978;0.008550000;0.556320000
CVE-2018-16977;0.012150000;0.662330000
CVE-2018-16976;0.011660000;0.649100000
CVE-2018-16975;0.036950000;0.888600000
CVE-2018-16974;0.035650000;0.884520000
CVE-2018-16971;0.006490000;0.484920000
CVE-2018-16970;0.007330000;0.516860000
CVE-2018-1697;0.011860000;0.654650000
CVE-2018-16969;0.011050000;0.632760000
CVE-2018-16968;0.010580000;0.619330000
CVE-2018-16967;0.013650000;0.697150000
CVE-2018-16966;0.009190000;0.575910000
CVE-2018-16965;0.025490000;0.838170000
CVE-2018-16962;0.005160000;0.418440000
CVE-2018-16961;0.025140000;0.835780000
CVE-2018-16960;0.008400000;0.551340000
CVE-2018-16959;0.012400000;0.668400000
CVE-2018-16958;0.008960000;0.568880000
CVE-2018-16957;0.034440000;0.880760000
CVE-2018-16956;0.012450000;0.669740000
CVE-2018-16955;0.008230000;0.546230000
CVE-2018-16954;0.010710000;0.623180000
CVE-2018-16953;0.008230000;0.546230000
CVE-2018-16952;0.006660000;0.491760000
CVE-2018-16951;0.008150000;0.543420000
CVE-2018-16950;0.005470000;0.436220000
CVE-2018-1695;0.022470000;0.815400000
CVE-2018-16949;0.030750000;0.866360000
CVE-2018-16948;0.019920000;0.791370000
CVE-2018-16947;0.025980000;0.841540000
CVE-2018-16946;0.093480000;0.949990000
CVE-2018-1694;0.017550000;0.761980000
CVE-2018-1692;0.006600000;0.489540000
CVE-2018-1691;0.006600000;0.489530000
CVE-2018-1690;0.006600000;0.489530000
CVE-2018-16890;0.053510000;0.920130000
CVE-2018-16889;0.005360000;0.430440000
CVE-2018-16888;0.002950000;0.222670000
CVE-2018-16887;0.009990000;0.601320000
CVE-2018-16886;0.040310000;0.898040000
CVE-2018-16885;0.004270000;0.359380000
CVE-2018-16884;0.014550000;0.714480000
CVE-2018-16883;0.003820000;0.316170000
CVE-2018-16882;0.003600000;0.293600000
CVE-2018-16881;0.022380000;0.814750000
CVE-2018-16880;0.005610000;0.443310000
CVE-2018-1688;0.009680000;0.591940000
CVE-2018-16879;0.011100000;0.634040000
CVE-2018-16878;0.004380000;0.368040000
CVE-2018-16877;0.004030000;0.338630000
CVE-2018-16876;0.024830000;0.833570000
CVE-2018-16875;0.063250000;0.930810000
CVE-2018-16874;0.050390000;0.916330000
CVE-2018-16873;0.662520000;0.992200000
CVE-2018-16872;0.010750000;0.624350000
CVE-2018-16871;0.027790000;0.852750000
CVE-2018-16870;0.015850000;0.736850000
CVE-2018-16869;0.014950000;0.721960000
CVE-2018-16868;0.005730000;0.449290000
CVE-2018-16867;0.004240000;0.357100000
CVE-2018-16866;0.010510000;0.617030000
CVE-2018-16865;0.030160000;0.863960000
CVE-2018-16864;0.007110000;0.508820000
CVE-2018-16863;0.012490000;0.670750000
CVE-2018-16862;0.005300000;0.427080000
CVE-2018-16861;0.008780000;0.563520000
CVE-2018-16860;0.024860000;0.833820000
CVE-2018-1686;0.006600000;0.489540000
CVE-2018-16859;0.005390000;0.432050000
CVE-2018-16858;0.673210000;0.992490000
CVE-2018-16857;0.023010000;0.819940000
CVE-2018-16856;0.008850000;0.565570000
CVE-2018-16855;0.594690000;0.990510000
CVE-2018-16854;0.023260000;0.821980000
CVE-2018-16853;0.030810000;0.866630000
CVE-2018-16852;0.022270000;0.813820000
CVE-2018-16851;0.032510000;0.873760000
CVE-2018-16850;0.051500000;0.917790000
CVE-2018-1685;0.003930000;0.327950000
CVE-2018-16849;0.015200000;0.726320000
CVE-2018-16848;0.011850000;0.654390000
CVE-2018-16847;0.005420000;0.433590000
CVE-2018-16846;0.021360000;0.806010000
CVE-2018-16845;0.098010000;0.951720000
CVE-2018-16844;0.124000000;0.958930000
CVE-2018-16843;0.470570000;0.987410000
CVE-2018-16842;0.020990000;0.802750000
CVE-2018-16841;0.045860000;0.909220000
CVE-2018-16840;0.033980000;0.879120000
CVE-2018-1684;0.012960000;0.681580000
CVE-2018-16839;0.057820000;0.925160000
CVE-2018-16838;0.011020000;0.631960000
CVE-2018-16837;0.003570000;0.290330000
CVE-2018-16836;0.614370000;0.990980000
CVE-2018-16833;0.654060000;0.991990000
CVE-2018-16832;0.005620000;0.443960000
CVE-2018-16831;0.026640000;0.845640000
CVE-2018-1683;0.019640000;0.788200000
CVE-2018-16822;0.011890000;0.655380000
CVE-2018-16821;0.010050000;0.603620000
CVE-2018-16820;0.019730000;0.789150000
CVE-2018-1682;0.010670000;0.622300000
CVE-2018-16819;0.013360000;0.690420000
CVE-2018-16809;0.022390000;0.814850000
CVE-2018-16808;0.009800000;0.595760000
CVE-2018-16807;0.013990000;0.703900000
CVE-2018-16806;0.004700000;0.389660000
CVE-2018-16805;0.007600000;0.525860000
CVE-2018-16804;0.008260000;0.547260000
CVE-2018-16803;0.021660000;0.808640000
CVE-2018-16802;0.021590000;0.808000000
CVE-2018-1680;0.014840000;0.720070000
CVE-2018-16797;0.027280000;0.849430000
CVE-2018-16796;0.025490000;0.838090000
CVE-2018-16795;0.006090000;0.466310000
CVE-2018-16794;0.080260000;0.943260000
CVE-2018-16793;0.113290000;0.956440000
CVE-2018-16792;0.014190000;0.707710000
CVE-2018-16791;0.015370000;0.729180000
CVE-2018-16790;0.021370000;0.806120000
CVE-2018-1679;0.018090000;0.769210000
CVE-2018-16789;0.059860000;0.927450000
CVE-2018-16786;0.006750000;0.495200000
CVE-2018-16785;0.019240000;0.783690000
CVE-2018-16784;0.023290000;0.822200000
CVE-2018-16782;0.014200000;0.707800000
CVE-2018-16781;0.013250000;0.687830000
CVE-2018-16780;0.004830000;0.398550000
CVE-2018-16779;0.006550000;0.487130000
CVE-2018-16778;0.008130000;0.542910000
CVE-2018-16776;0.006700000;0.493380000
CVE-2018-16775;0.005340000;0.429250000
CVE-2018-16774;0.016190000;0.742060000
CVE-2018-16773;0.005480000;0.436530000
CVE-2018-16772;0.006700000;0.493390000
CVE-2018-16771;0.026700000;0.846090000
CVE-2018-16770;0.012690000;0.675580000
CVE-2018-1677;0.003640000;0.297670000
CVE-2018-16769;0.012690000;0.675570000
CVE-2018-16768;0.012690000;0.675570000
CVE-2018-16767;0.012690000;0.675580000
CVE-2018-16766;0.012690000;0.675580000
CVE-2018-16765;0.012690000;0.675570000
CVE-2018-16764;0.012690000;0.675580000
CVE-2018-16763;0.829370000;0.996480000
CVE-2018-16762;0.014210000;0.708060000
CVE-2018-16761;0.022010000;0.811760000
CVE-2018-1676;0.008940000;0.568130000
CVE-2018-16759;0.007070000;0.507300000
CVE-2018-16758;0.009470000;0.585030000
CVE-2018-16752;0.426570000;0.986050000
CVE-2018-16750;0.029140000;0.859460000
CVE-2018-1675;0.015520000;0.732040000
CVE-2018-16749;0.022860000;0.818590000
CVE-2018-16745;0.004480000;0.375340000
CVE-2018-16744;0.010340000;0.612310000
CVE-2018-16743;0.004480000;0.375340000
CVE-2018-16742;0.004480000;0.375340000
CVE-2018-16741;0.013230000;0.687140000
CVE-2018-1674;0.016950000;0.753570000
CVE-2018-16739;0.010310000;0.611330000
CVE-2018-16738;0.013550000;0.694800000
CVE-2018-16737;0.014720000;0.717890000
CVE-2018-16736;0.026020000;0.841740000
CVE-2018-16733;0.012490000;0.670860000
CVE-2018-16732;0.005180000;0.419640000
CVE-2018-16731;0.014910000;0.721290000
CVE-2018-16730;0.007050000;0.506710000
CVE-2018-1673;0.013250000;0.687730000
CVE-2018-16729;0.006250000;0.474260000
CVE-2018-16728;0.006160000;0.469610000
CVE-2018-16727;0.005800000;0.452590000
CVE-2018-16726;0.005800000;0.452590000
CVE-2018-16725;0.007070000;0.507350000
CVE-2018-16724;0.012020000;0.658600000
CVE-2018-16723;0.003190000;0.248570000
CVE-2018-16722;0.003190000;0.248570000
CVE-2018-16721;0.003190000;0.248570000
CVE-2018-16720;0.003190000;0.248580000
CVE-2018-1672;0.011560000;0.646170000
CVE-2018-16719;0.003190000;0.248580000
CVE-2018-16718;0.008400000;0.551350000
CVE-2018-16717;0.015890000;0.737320000
CVE-2018-16716;0.085700000;0.946470000
CVE-2018-16715;0.008610000;0.558030000
CVE-2018-16713;0.018560000;0.775560000
CVE-2018-16712;0.013470000;0.692850000
CVE-2018-16711;0.020050000;0.792700000
CVE-2018-16710;0.020900000;0.801770000
CVE-2018-1671;0.017020000;0.754540000
CVE-2018-16709;0.021250000;0.805010000
CVE-2018-16706;0.223330000;0.975030000
CVE-2018-16705;0.015730000;0.735080000
CVE-2018-16704;0.007720000;0.529880000
CVE-2018-16703;0.015260000;0.727370000
CVE-2018-1670;0.012080000;0.660270000
CVE-2018-1669;0.018530000;0.775100000
CVE-2018-1668;0.013960000;0.703140000
CVE-2018-16672;0.017200000;0.757110000
CVE-2018-16671;0.088510000;0.947990000
CVE-2018-16670;0.245680000;0.977110000
CVE-2018-1667;0.006600000;0.489470000
CVE-2018-16669;0.021610000;0.808200000
CVE-2018-16668;0.095120000;0.950620000
CVE-2018-16667;0.002820000;0.208670000
CVE-2018-16666;0.003350000;0.266150000
CVE-2018-16665;0.002980000;0.224980000
CVE-2018-16664;0.002800000;0.206010000
CVE-2018-16663;0.003350000;0.266150000
CVE-2018-16660;0.174170000;0.968850000
CVE-2018-1666;0.008390000;0.551230000
CVE-2018-16659;0.027380000;0.850130000
CVE-2018-16658;0.005520000;0.438970000
CVE-2018-16657;0.035810000;0.885010000
CVE-2018-16656;0.021700000;0.808990000
CVE-2018-16655;0.007300000;0.515720000
CVE-2018-16654;0.008260000;0.547280000
CVE-2018-16653;0.007070000;0.507310000
CVE-2018-16651;0.013740000;0.699030000
CVE-2018-16650;0.004970000;0.406790000
CVE-2018-1665;0.009660000;0.590850000
CVE-2018-16648;0.014700000;0.717560000
CVE-2018-16647;0.014700000;0.717560000
CVE-2018-16646;0.028820000;0.857900000
CVE-2018-16645;0.032090000;0.871990000
CVE-2018-16644;0.036450000;0.887150000
CVE-2018-16643;0.030800000;0.866560000
CVE-2018-16642;0.030370000;0.864850000
CVE-2018-16641;0.020490000;0.797420000
CVE-2018-16640;0.025490000;0.838160000
CVE-2018-1664;0.003790000;0.313760000
CVE-2018-16639;0.006960000;0.503440000
CVE-2018-16638;0.005700000;0.448030000
CVE-2018-16637;0.005700000;0.448020000
CVE-2018-16636;0.010160000;0.606670000
CVE-2018-16635;0.005700000;0.448030000
CVE-2018-16634;0.005230000;0.422600000
CVE-2018-16633;0.005700000;0.448020000
CVE-2018-16632;0.006200000;0.471670000
CVE-2018-16631;0.005560000;0.440860000
CVE-2018-16630;0.005590000;0.442420000
CVE-2018-1663;0.022810000;0.818220000
CVE-2018-16629;0.005590000;0.442420000
CVE-2018-16628;0.005700000;0.448030000
CVE-2018-16627;0.007530000;0.523530000
CVE-2018-16626;0.006830000;0.498560000
CVE-2018-16625;0.006830000;0.498560000
CVE-2018-16624;0.006960000;0.503440000
CVE-2018-16623;0.006830000;0.498550000
CVE-2018-16622;0.007880000;0.534890000
CVE-2018-16621;0.050970000;0.917110000
CVE-2018-16620;0.011240000;0.637540000
CVE-2018-16619;0.006910000;0.501530000
CVE-2018-16618;0.080320000;0.943310000
CVE-2018-16613;0.027330000;0.849690000
CVE-2018-1661;0.009240000;0.577400000
CVE-2018-16608;0.011990000;0.657990000
CVE-2018-16607;0.006530000;0.486590000
CVE-2018-16606;0.059490000;0.927040000
CVE-2018-16605;0.008980000;0.569480000
CVE-2018-16604;0.015310000;0.728200000
CVE-2018-16603;0.018070000;0.768900000
CVE-2018-16602;0.018380000;0.773080000
CVE-2018-16601;0.041610000;0.900980000
CVE-2018-16600;0.018290000;0.771990000
CVE-2018-1660;0.010680000;0.622430000
CVE-2018-16599;0.018290000;0.771990000
CVE-2018-16598;0.015180000;0.726100000
CVE-2018-16597;0.005420000;0.433670000
CVE-2018-16596;0.007000000;0.504610000
CVE-2018-16595;0.005980000;0.461570000
CVE-2018-16594;0.008900000;0.566910000
CVE-2018-16593;0.009130000;0.574170000
CVE-2018-16591;0.021620000;0.808300000
CVE-2018-16590;0.023590000;0.824680000
CVE-2018-1659;0.006600000;0.489440000
CVE-2018-16588;0.003010000;0.227980000
CVE-2018-16587;0.017540000;0.761840000
CVE-2018-16586;0.014850000;0.720220000
CVE-2018-16585;0.017210000;0.757210000
CVE-2018-1658;0.009980000;0.601110000
CVE-2018-1657;0.009680000;0.591890000
CVE-2018-16563;0.011550000;0.645860000
CVE-2018-16561;0.013690000;0.697820000
CVE-2018-1656;0.045130000;0.907840000
CVE-2018-16559;0.019860000;0.790590000
CVE-2018-16558;0.019860000;0.790600000
CVE-2018-16557;0.008210000;0.545770000
CVE-2018-16556;0.015450000;0.730710000
CVE-2018-16555;0.006890000;0.500700000
CVE-2018-16554;0.017660000;0.763520000
CVE-2018-16553;0.025830000;0.840480000
CVE-2018-16552;0.006380000;0.479690000
CVE-2018-16551;0.006670000;0.491960000
CVE-2018-16550;0.036210000;0.886180000
CVE-2018-1655;0.004250000;0.357830000
CVE-2018-16549;0.025030000;0.834880000
CVE-2018-16548;0.019540000;0.787180000
CVE-2018-16546;0.010010000;0.602280000
CVE-2018-16545;0.016980000;0.754040000
CVE-2018-16543;0.012740000;0.676930000
CVE-2018-16542;0.019080000;0.781820000
CVE-2018-16541;0.014120000;0.706370000
CVE-2018-16540;0.015610000;0.733270000
CVE-2018-1654;0.013100000;0.684560000
CVE-2018-16539;0.014450000;0.712590000
CVE-2018-16530;0.034440000;0.880740000
CVE-2018-1653;0.009680000;0.591970000
CVE-2018-16529;0.015580000;0.732940000
CVE-2018-16528;0.032910000;0.875340000
CVE-2018-16527;0.018500000;0.774720000
CVE-2018-16526;0.044430000;0.906630000
CVE-2018-16525;0.044430000;0.906620000
CVE-2018-16524;0.018290000;0.771990000
CVE-2018-16523;0.020480000;0.797340000
CVE-2018-16522;0.020480000;0.797340000
CVE-2018-16521;0.019160000;0.782680000
CVE-2018-1652;0.003720000;0.305720000
CVE-2018-16519;0.018750000;0.777780000
CVE-2018-16518;0.032360000;0.873160000
CVE-2018-16517;0.051660000;0.917990000
CVE-2018-16516;0.012240000;0.664800000
CVE-2018-16515;0.015250000;0.727240000
CVE-2018-16514;0.008910000;0.567120000
CVE-2018-16513;0.015010000;0.723190000
CVE-2018-16511;0.019380000;0.785370000
CVE-2018-16510;0.017450000;0.760430000
CVE-2018-16509;0.924990000;0.998190000
CVE-2018-1650;0.003430000;0.275410000
CVE-2018-16499;0.003100000;0.239080000
CVE-2018-16498;0.001660000;0.063020000
CVE-2018-16497;0.002280000;0.138180000
CVE-2018-16496;0.007420000;0.519600000
CVE-2018-16495;0.009110000;0.573580000
CVE-2018-16494;0.019220000;0.783570000
CVE-2018-16493;0.017640000;0.763120000
CVE-2018-16492;0.030500000;0.865440000
CVE-2018-16491;0.017190000;0.756950000
CVE-2018-16490;0.011010000;0.631910000
CVE-2018-1649;0.025360000;0.837270000
CVE-2018-16489;0.018360000;0.772840000
CVE-2018-16487;0.015530000;0.732090000
CVE-2018-16486;0.014810000;0.719390000
CVE-2018-16485;0.013330000;0.689560000
CVE-2018-16484;0.006060000;0.464740000
CVE-2018-16483;0.011560000;0.646160000
CVE-2018-16482;0.018210000;0.770890000
CVE-2018-16481;0.006910000;0.501720000
CVE-2018-16480;0.007690000;0.528870000
CVE-2018-1648;0.010730000;0.623640000
CVE-2018-16479;0.016500000;0.746850000
CVE-2018-16478;0.012950000;0.681400000
CVE-2018-16477;0.013110000;0.684680000
CVE-2018-16476;0.025590000;0.838790000
CVE-2018-16475;0.017640000;0.763120000
CVE-2018-16474;0.007650000;0.527520000
CVE-2018-16473;0.013660000;0.697180000
CVE-2018-16472;0.021410000;0.806440000
CVE-2018-16471;0.018900000;0.779710000
CVE-2018-16470;0.020330000;0.795800000
CVE-2018-1647;0.013820000;0.700580000
CVE-2018-16469;0.016780000;0.750990000
CVE-2018-16468;0.009150000;0.574700000
CVE-2018-16467;0.010680000;0.622420000
CVE-2018-16466;0.009570000;0.587850000
CVE-2018-16465;0.008110000;0.542320000
CVE-2018-16464;0.008910000;0.567430000
CVE-2018-16463;0.005450000;0.435000000
CVE-2018-16462;0.069910000;0.936450000
CVE-2018-16461;0.038540000;0.893330000
CVE-2018-16460;0.028560000;0.856640000
CVE-2018-16459;0.007590000;0.525740000
CVE-2018-16458;0.004220000;0.355370000
CVE-2018-16457;0.015190000;0.726180000
CVE-2018-16456;0.006750000;0.495140000
CVE-2018-16455;0.006680000;0.492620000
CVE-2018-16454;0.011110000;0.634410000
CVE-2018-16453;0.006750000;0.495140000
CVE-2018-16452;0.041220000;0.900080000
CVE-2018-16451;0.041340000;0.900440000
CVE-2018-16450;0.006750000;0.495140000
CVE-2018-16449;0.005560000;0.440590000
CVE-2018-16448;0.004940000;0.404950000
CVE-2018-16447;0.007090000;0.508120000
CVE-2018-16446;0.019280000;0.784170000
CVE-2018-16445;0.011350000;0.640540000
CVE-2018-16444;0.011140000;0.635060000
CVE-2018-1644;0.008970000;0.569220000
CVE-2018-16438;0.017660000;0.763390000
CVE-2018-16437;0.015600000;0.733150000
CVE-2018-16436;0.014540000;0.714270000
CVE-2018-16435;0.017460000;0.760570000
CVE-2018-16432;0.011350000;0.640530000
CVE-2018-16431;0.008450000;0.552680000
CVE-2018-16430;0.026460000;0.844480000
CVE-2018-1643;0.014940000;0.721600000
CVE-2018-16429;0.035320000;0.883530000
CVE-2018-16428;0.046930000;0.910990000
CVE-2018-16427;0.004930000;0.404310000
CVE-2018-16426;0.005920000;0.458500000
CVE-2018-16425;0.006600000;0.489300000
CVE-2018-16424;0.006540000;0.486920000
CVE-2018-16423;0.006600000;0.489300000
CVE-2018-16422;0.006920000;0.501950000
CVE-2018-16421;0.006920000;0.501950000
CVE-2018-16420;0.006920000;0.501950000
CVE-2018-16419;0.006920000;0.501940000
CVE-2018-16418;0.006920000;0.501940000
CVE-2018-16417;0.033450000;0.877340000
CVE-2018-16416;0.008630000;0.558820000
CVE-2018-16413;0.042250000;0.902330000
CVE-2018-16412;0.044790000;0.907230000
CVE-2018-16410;0.009400000;0.582780000
CVE-2018-16409;0.013310000;0.689010000
CVE-2018-16408;0.046910000;0.910950000
CVE-2018-16407;0.012190000;0.663360000
CVE-2018-16406;0.013390000;0.691090000
CVE-2018-16405;0.013500000;0.693560000
CVE-2018-16403;0.012180000;0.662960000
CVE-2018-16402;0.036910000;0.888470000
CVE-2018-1640;0.036440000;0.887100000
CVE-2018-16398;0.013900000;0.702160000
CVE-2018-16397;0.010400000;0.613830000
CVE-2018-16396;0.079680000;0.942980000
CVE-2018-16395;0.107150000;0.954710000
CVE-2018-16393;0.006450000;0.482730000
CVE-2018-16392;0.006450000;0.482720000
CVE-2018-16391;0.006710000;0.493680000
CVE-2018-1639;0.010750000;0.624280000
CVE-2018-16389;0.011450000;0.642870000
CVE-2018-16388;0.021870000;0.810350000
CVE-2018-16387;0.006500000;0.485250000
CVE-2018-16386;0.011380000;0.641280000
CVE-2018-16385;0.021340000;0.805820000
CVE-2018-16384;0.016720000;0.750040000
CVE-2018-16382;0.009530000;0.586950000
CVE-2018-16381;0.007070000;0.507370000
CVE-2018-16380;0.006140000;0.468580000
CVE-2018-1638;0.018130000;0.769940000
CVE-2018-16379;0.006400000;0.480420000
CVE-2018-16376;0.026470000;0.844520000
CVE-2018-16375;0.024390000;0.830430000
CVE-2018-16374;0.006400000;0.480400000
CVE-2018-16373;0.010620000;0.620530000
CVE-2018-16372;0.006550000;0.487120000
CVE-2018-16371;0.007070000;0.507330000
CVE-2018-16370;0.017830000;0.765680000
CVE-2018-16369;0.016180000;0.741870000
CVE-2018-16368;0.011400000;0.641650000
CVE-2018-16367;0.021690000;0.808900000
CVE-2018-16366;0.006140000;0.468570000
CVE-2018-16365;0.006140000;0.468580000
CVE-2018-16364;0.179330000;0.969470000
CVE-2018-16363;0.013780000;0.699920000
CVE-2018-16362;0.016170000;0.741710000
CVE-2018-16361;0.009470000;0.585130000
CVE-2018-1636;0.004390000;0.368880000
CVE-2018-16359;0.004520000;0.378400000
CVE-2018-16358;0.006800000;0.497220000
CVE-2018-16357;0.018380000;0.773110000
CVE-2018-16356;0.018380000;0.773110000
CVE-2018-16354;0.010600000;0.619850000
CVE-2018-16353;0.010600000;0.619850000
CVE-2018-16352;0.013710000;0.698420000
CVE-2018-16350;0.008650000;0.559470000
CVE-2018-1635;0.004390000;0.368890000
CVE-2018-16349;0.008650000;0.559470000
CVE-2018-16348;0.005590000;0.442440000
CVE-2018-16347;0.007880000;0.534850000
CVE-2018-16346;0.005590000;0.442440000
CVE-2018-16345;0.005230000;0.422640000
CVE-2018-16344;0.018920000;0.779900000
CVE-2018-16343;0.027030000;0.848020000
CVE-2018-16342;0.006070000;0.465370000
CVE-2018-1634;0.004160000;0.349780000
CVE-2018-16339;0.005230000;0.422630000
CVE-2018-16338;0.004720000;0.390900000
CVE-2018-16337;0.004470000;0.374580000
CVE-2018-16336;0.027300000;0.849520000
CVE-2018-16335;0.026470000;0.844550000
CVE-2018-16334;0.036200000;0.886160000
CVE-2018-16333;0.017380000;0.759460000
CVE-2018-16332;0.006140000;0.468570000
CVE-2018-16331;0.005230000;0.422650000
CVE-2018-16330;0.008650000;0.559540000
CVE-2018-1633;0.004170000;0.351000000
CVE-2018-16329;0.022800000;0.818140000
CVE-2018-16328;0.020320000;0.795690000
CVE-2018-16327;0.006170000;0.470260000
CVE-2018-16326;0.006750000;0.495200000
CVE-2018-16325;0.007970000;0.537560000
CVE-2018-16324;0.010580000;0.619390000
CVE-2018-16323;0.493240000;0.987950000
CVE-2018-16320;0.024350000;0.830230000
CVE-2018-1632;0.004160000;0.349770000
CVE-2018-16316;0.007940000;0.536650000
CVE-2018-16315;0.004470000;0.374570000
CVE-2018-16314;0.006640000;0.490800000
CVE-2018-16313;0.007070000;0.507340000
CVE-2018-16310;0.011600000;0.647270000
CVE-2018-1631;0.004160000;0.349770000
CVE-2018-16308;0.017900000;0.766630000
CVE-2018-16307;0.019670000;0.788450000
CVE-2018-16303;0.016160000;0.741510000
CVE-2018-16302;0.043230000;0.904220000
CVE-2018-16301;0.006260000;0.474310000
CVE-2018-16300;0.041220000;0.900080000
CVE-2018-1630;0.004160000;0.349780000
CVE-2018-16299;0.443580000;0.986600000
CVE-2018-16298;0.008650000;0.559440000
CVE-2018-16297;0.026630000;0.845590000
CVE-2018-16296;0.026630000;0.845600000
CVE-2018-16295;0.026630000;0.845600000
CVE-2018-16294;0.026630000;0.845610000
CVE-2018-16293;0.026630000;0.845600000
CVE-2018-16292;0.026630000;0.845600000
CVE-2018-16291;0.026630000;0.845610000
CVE-2018-16288;0.358280000;0.983450000
CVE-2018-16287;0.195870000;0.971750000
CVE-2018-16286;0.215450000;0.974320000
CVE-2018-16285;0.013450000;0.692470000
CVE-2018-16283;0.630700000;0.991370000
CVE-2018-16282;0.052510000;0.919080000
CVE-2018-16281;0.011910000;0.655850000
CVE-2018-16278;0.015820000;0.736350000
CVE-2018-16277;0.005610000;0.443240000
CVE-2018-16276;0.004400000;0.369080000
CVE-2018-16275;0.009480000;0.585350000
CVE-2018-16272;0.016280000;0.743290000
CVE-2018-16271;0.008060000;0.540690000
CVE-2018-16270;0.011580000;0.646810000
CVE-2018-16269;0.013770000;0.699710000
CVE-2018-16268;0.005180000;0.419780000
CVE-2018-16267;0.006800000;0.497450000
CVE-2018-16266;0.007050000;0.506770000
CVE-2018-16265;0.005900000;0.457720000
CVE-2018-16264;0.005810000;0.453290000
CVE-2018-16263;0.007810000;0.532470000
CVE-2018-16262;0.007810000;0.532460000
CVE-2018-16261;0.002020000;0.104650000
CVE-2018-1626;0.011430000;0.642260000
CVE-2018-16259;0.008860000;0.565710000
CVE-2018-16258;0.008860000;0.565710000
CVE-2018-16257;0.008640000;0.559000000
CVE-2018-16256;0.009370000;0.581750000
CVE-2018-16255;0.008860000;0.565720000
CVE-2018-16254;0.009050000;0.571360000
CVE-2018-16253;0.006180000;0.470550000
CVE-2018-16252;0.025030000;0.834930000
CVE-2018-16251;0.009310000;0.579880000
CVE-2018-16250;0.006190000;0.470860000
CVE-2018-1625;0.009840000;0.596810000
CVE-2018-16249;0.005340000;0.429080000
CVE-2018-16248;0.009960000;0.600460000
CVE-2018-16247;0.006190000;0.470870000
CVE-2018-16243;0.013590000;0.695750000
CVE-2018-16242;0.006780000;0.496640000
CVE-2018-16239;0.012280000;0.665630000
CVE-2018-16238;0.021550000;0.807690000
CVE-2018-16237;0.011840000;0.654050000
CVE-2018-16236;0.006750000;0.495150000
CVE-2018-16235;0.008720000;0.561780000
CVE-2018-16234;0.008480000;0.553640000
CVE-2018-16233;0.008650000;0.559520000
CVE-2018-16232;0.077860000;0.941890000
CVE-2018-16231;0.012700000;0.675930000
CVE-2018-16230;0.038910000;0.894330000
CVE-2018-1623;0.003590000;0.292030000
CVE-2018-16229;0.068160000;0.935000000
CVE-2018-16228;0.037390000;0.889950000
CVE-2018-16227;0.068160000;0.934990000
CVE-2018-16226;0.011240000;0.637760000
CVE-2018-16225;0.006160000;0.469600000
CVE-2018-16224;0.065940000;0.933160000
CVE-2018-16223;0.021470000;0.806950000
CVE-2018-16222;0.005350000;0.429790000
CVE-2018-16221;0.014990000;0.722740000
CVE-2018-16220;0.008020000;0.539170000
CVE-2018-1622;0.005320000;0.427970000
CVE-2018-16219;0.012160000;0.662580000
CVE-2018-16218;0.012600000;0.673520000
CVE-2018-16217;0.032550000;0.873970000
CVE-2018-16216;0.040810000;0.899210000
CVE-2018-16210;0.009550000;0.587470000
CVE-2018-1621;0.002650000;0.185900000
CVE-2018-16207;0.013110000;0.684780000
CVE-2018-16206;0.009520000;0.586560000
CVE-2018-16205;0.006780000;0.496590000
CVE-2018-16204;0.006780000;0.496650000
CVE-2018-16203;0.017200000;0.757110000
CVE-2018-16202;0.033050000;0.875920000
CVE-2018-16201;0.006020000;0.463290000
CVE-2018-16200;0.006500000;0.485280000
CVE-2018-16199;0.007880000;0.535100000
CVE-2018-16198;0.004700000;0.389650000
CVE-2018-16197;0.005030000;0.410440000
CVE-2018-16196;0.033420000;0.877220000
CVE-2018-16195;0.007290000;0.515160000
CVE-2018-16194;0.013990000;0.703990000
CVE-2018-16193;0.005320000;0.428160000
CVE-2018-16192;0.004990000;0.408150000
CVE-2018-16191;0.012970000;0.681810000
CVE-2018-16190;0.009340000;0.580820000
CVE-2018-16189;0.009440000;0.584210000
CVE-2018-16188;0.018670000;0.776800000
CVE-2018-16187;0.005040000;0.411350000
CVE-2018-16186;0.006020000;0.463290000
CVE-2018-16185;0.009850000;0.596960000
CVE-2018-16184;0.043170000;0.904140000
CVE-2018-16183;0.013290000;0.688500000
CVE-2018-16182;0.007960000;0.537170000
CVE-2018-16181;0.008330000;0.549410000
CVE-2018-16180;0.007880000;0.535090000
CVE-2018-1618;0.033950000;0.879010000
CVE-2018-16179;0.005470000;0.436210000
CVE-2018-16178;0.013920000;0.702600000
CVE-2018-16177;0.003650000;0.298670000
CVE-2018-16176;0.009850000;0.596960000
CVE-2018-16175;0.013060000;0.683740000
CVE-2018-16174;0.010360000;0.612970000
CVE-2018-16173;0.009520000;0.586570000
CVE-2018-16172;0.006000000;0.462220000
CVE-2018-16171;0.018570000;0.775740000
CVE-2018-16170;0.017090000;0.755660000
CVE-2018-16169;0.012850000;0.679410000
CVE-2018-16168;0.024030000;0.827750000
CVE-2018-16167;0.747450000;0.994630000
CVE-2018-16166;0.018810000;0.778640000
CVE-2018-16165;0.011180000;0.636070000
CVE-2018-16164;0.012040000;0.658930000
CVE-2018-16163;0.008380000;0.550770000
CVE-2018-16162;0.010010000;0.602370000
CVE-2018-16161;0.013170000;0.685980000
CVE-2018-16160;0.003340000;0.265290000
CVE-2018-16159;0.499180000;0.988090000
CVE-2018-16158;0.349290000;0.983100000
CVE-2018-16157;0.007350000;0.517490000
CVE-2018-16156;0.025570000;0.838700000
CVE-2018-16153;0.008290000;0.548130000
CVE-2018-16152;0.018880000;0.779470000
CVE-2018-16151;0.018880000;0.779470000
CVE-2018-16150;0.005930000;0.458910000
CVE-2018-16149;0.006960000;0.503440000
CVE-2018-16148;0.013110000;0.684660000
CVE-2018-16147;0.013110000;0.684660000
CVE-2018-16146;0.061970000;0.929550000
CVE-2018-16145;0.023080000;0.820510000
CVE-2018-16144;0.326920000;0.982110000
CVE-2018-16142;0.006920000;0.501990000
CVE-2018-16141;0.009390000;0.582530000
CVE-2018-16140;0.013810000;0.700380000
CVE-2018-1614;0.029020000;0.858930000
CVE-2018-16139;0.022850000;0.818470000
CVE-2018-16138;0.006520000;0.486120000
CVE-2018-16137;0.012690000;0.675670000
CVE-2018-16136;0.006140000;0.468580000
CVE-2018-16135;0.005440000;0.434720000
CVE-2018-16134;0.039860000;0.897070000
CVE-2018-16133;0.392790000;0.984880000
CVE-2018-16132;0.010850000;0.626960000
CVE-2018-16131;0.030540000;0.865600000
CVE-2018-16130;0.239550000;0.976620000
CVE-2018-1612;0.569520000;0.989920000
CVE-2018-16119;0.341310000;0.982750000
CVE-2018-16118;0.037240000;0.889470000
CVE-2018-16117;0.443430000;0.986590000
CVE-2018-16116;0.018730000;0.777580000
CVE-2018-16115;0.011860000;0.654570000
CVE-2018-1610;0.006600000;0.489540000
CVE-2018-16098;0.003970000;0.331770000
CVE-2018-16097;0.004530000;0.379060000
CVE-2018-16096;0.006470000;0.483850000
CVE-2018-16095;0.009160000;0.574990000
CVE-2018-16094;0.008920000;0.567590000
CVE-2018-16093;0.007330000;0.516580000
CVE-2018-16092;0.008720000;0.561740000
CVE-2018-16091;0.005750000;0.450320000
CVE-2018-16090;0.008740000;0.562310000
CVE-2018-16089;0.017350000;0.759010000
CVE-2018-16088;0.011460000;0.643140000
CVE-2018-16087;0.009710000;0.592830000
CVE-2018-16086;0.004660000;0.387580000
CVE-2018-16085;0.015070000;0.724120000
CVE-2018-16084;0.010840000;0.626740000
CVE-2018-16083;0.052640000;0.919230000
CVE-2018-16082;0.015560000;0.732610000
CVE-2018-16081;0.010640000;0.620930000
CVE-2018-16080;0.013630000;0.696570000
CVE-2018-1608;0.012830000;0.678900000
CVE-2018-16079;0.010720000;0.623550000
CVE-2018-16078;0.018480000;0.774490000
CVE-2018-16077;0.007260000;0.514260000
CVE-2018-16076;0.014690000;0.717400000
CVE-2018-16075;0.008890000;0.566610000
CVE-2018-16074;0.008580000;0.557390000
CVE-2018-16073;0.008690000;0.560650000
CVE-2018-16072;0.007800000;0.532170000
CVE-2018-16071;0.047980000;0.912620000
CVE-2018-16070;0.008930000;0.567900000
CVE-2018-1607;0.018530000;0.775100000
CVE-2018-16069;0.009020000;0.570650000
CVE-2018-16068;0.019370000;0.785310000
CVE-2018-16067;0.014080000;0.705560000
CVE-2018-16066;0.014590000;0.715340000
CVE-2018-16065;0.032390000;0.873250000
CVE-2018-16064;0.004920000;0.404180000
CVE-2018-16062;0.017290000;0.758150000
CVE-2018-16061;0.040320000;0.898080000
CVE-2018-16060;0.196120000;0.971780000
CVE-2018-1606;0.009760000;0.594540000
CVE-2018-16059;0.298160000;0.980580000
CVE-2018-16058;0.034590000;0.881170000
CVE-2018-16057;0.034460000;0.880810000
CVE-2018-16056;0.033800000;0.878510000
CVE-2018-16055;0.111910000;0.956160000
CVE-2018-16051;0.011570000;0.646240000
CVE-2018-16050;0.008060000;0.540700000
CVE-2018-1605;0.006600000;0.489550000
CVE-2018-16049;0.021470000;0.806920000
CVE-2018-16048;0.008910000;0.567100000
CVE-2018-16047;0.045990000;0.909440000
CVE-2018-16046;0.057210000;0.924500000
CVE-2018-16045;0.045860000;0.909220000
CVE-2018-16044;0.064150000;0.931560000
CVE-2018-16043;0.047480000;0.911850000
CVE-2018-16042;0.824300000;0.996370000
CVE-2018-16041;0.045990000;0.909450000
CVE-2018-16040;0.056820000;0.924050000
CVE-2018-1604;0.006600000;0.489490000
CVE-2018-16039;0.056820000;0.924060000
CVE-2018-16038;0.045990000;0.909450000
CVE-2018-16037;0.056820000;0.924060000
CVE-2018-16036;0.056820000;0.924060000
CVE-2018-16035;0.045990000;0.909450000
CVE-2018-16034;0.031920000;0.871250000
CVE-2018-16033;0.031920000;0.871250000
CVE-2018-16032;0.031920000;0.871250000
CVE-2018-16031;0.039310000;0.895640000
CVE-2018-16030;0.037740000;0.891000000
CVE-2018-1603;0.006600000;0.489490000
CVE-2018-16029;0.049690000;0.915300000
CVE-2018-16028;0.037740000;0.891010000
CVE-2018-16027;0.049690000;0.915300000
CVE-2018-16026;0.048750000;0.913830000
CVE-2018-16025;0.048750000;0.913830000
CVE-2018-16024;0.040310000;0.898050000
CVE-2018-16023;0.040310000;0.898050000
CVE-2018-16022;0.028580000;0.856780000
CVE-2018-16021;0.093810000;0.950140000
CVE-2018-16020;0.028580000;0.856770000
CVE-2018-1602;0.006600000;0.489500000
CVE-2018-16019;0.034670000;0.881490000
CVE-2018-16018;0.043740000;0.905320000
CVE-2018-16017;0.034670000;0.881490000
CVE-2018-16016;0.055730000;0.922680000
CVE-2018-16015;0.034670000;0.881500000
CVE-2018-16014;0.048750000;0.913840000
CVE-2018-16013;0.034670000;0.881500000
CVE-2018-16012;0.034670000;0.881500000
CVE-2018-16011;0.084140000;0.945530000
CVE-2018-16010;0.056200000;0.923430000
CVE-2018-1601;0.006600000;0.489490000
CVE-2018-16009;0.049790000;0.915470000
CVE-2018-16008;0.053880000;0.920570000
CVE-2018-16007;0.049790000;0.915470000
CVE-2018-16006;0.037740000;0.891010000
CVE-2018-16005;0.047480000;0.911860000
CVE-2018-16004;0.039380000;0.895800000
CVE-2018-16003;0.037720000;0.890930000
CVE-2018-16002;0.044460000;0.906690000
CVE-2018-16001;0.044460000;0.906700000
CVE-2018-16000;0.031170000;0.868060000
CVE-2018-1600;0.010590000;0.619640000
CVE-2018-15999;0.031170000;0.868060000
CVE-2018-15998;0.036150000;0.886000000
CVE-2018-15997;0.052640000;0.919230000
CVE-2018-15996;0.037740000;0.891000000
CVE-2018-15995;0.042280000;0.902390000
CVE-2018-15994;0.048750000;0.913830000
CVE-2018-15993;0.048750000;0.913840000
CVE-2018-15992;0.048750000;0.913840000
CVE-2018-15991;0.048750000;0.913840000
CVE-2018-15990;0.035990000;0.885550000
CVE-2018-1599;0.008490000;0.553910000
CVE-2018-15989;0.028580000;0.856770000
CVE-2018-15988;0.031170000;0.868050000
CVE-2018-15987;0.034490000;0.880870000
CVE-2018-15986;0.029980000;0.863180000
CVE-2018-15985;0.037740000;0.891000000
CVE-2018-15984;0.029200000;0.859710000
CVE-2018-15983;0.032820000;0.874950000
CVE-2018-15982;0.824560000;0.996380000
CVE-2018-15981;0.117020000;0.957370000
CVE-2018-15980;0.078790000;0.942520000
CVE-2018-15979;0.102670000;0.953260000
CVE-2018-15978;0.074300000;0.939680000
CVE-2018-15976;0.053660000;0.920310000
CVE-2018-15974;0.045800000;0.909120000
CVE-2018-15973;0.023790000;0.825940000
CVE-2018-15972;0.024070000;0.828080000
CVE-2018-15971;0.019440000;0.786130000
CVE-2018-15970;0.019440000;0.786120000
CVE-2018-15969;0.019440000;0.786130000
CVE-2018-15968;0.050190000;0.915960000
CVE-2018-15967;0.076000000;0.940790000
CVE-2018-15966;0.041810000;0.901420000
CVE-2018-15965;0.258560000;0.978160000
CVE-2018-15964;0.078790000;0.942510000
CVE-2018-15963;0.057400000;0.924760000
CVE-2018-15962;0.055490000;0.922350000
CVE-2018-15961;0.999500000;0.999740000
CVE-2018-15960;0.055250000;0.922030000
CVE-2018-15959;0.258560000;0.978160000
CVE-2018-15958;0.258560000;0.978160000
CVE-2018-15957;0.282110000;0.979650000
CVE-2018-15956;0.164650000;0.967390000
CVE-2018-15955;0.190050000;0.970830000
CVE-2018-15954;0.190050000;0.970830000
CVE-2018-15953;0.198420000;0.972100000
CVE-2018-15952;0.154810000;0.965360000
CVE-2018-15951;0.044640000;0.907030000
CVE-2018-15950;0.044280000;0.906280000
CVE-2018-1595;0.024150000;0.828670000
CVE-2018-15949;0.050340000;0.916140000
CVE-2018-15948;0.054630000;0.921370000
CVE-2018-15947;0.054630000;0.921360000
CVE-2018-15946;0.054630000;0.921340000
CVE-2018-15945;0.055680000;0.922590000
CVE-2018-15944;0.055200000;0.921970000
CVE-2018-15943;0.054630000;0.921330000
CVE-2018-15942;0.054630000;0.921330000
CVE-2018-15941;0.055200000;0.921970000
CVE-2018-15940;0.055680000;0.922580000
CVE-2018-15939;0.055200000;0.921970000
CVE-2018-15938;0.135350000;0.961560000
CVE-2018-15937;0.279670000;0.979510000
CVE-2018-15936;0.135350000;0.961560000
CVE-2018-15935;0.135350000;0.961560000
CVE-2018-15934;0.134590000;0.961370000
CVE-2018-15933;0.134590000;0.961360000
CVE-2018-15932;0.188540000;0.970640000
CVE-2018-15931;0.278210000;0.979430000
CVE-2018-15930;0.278210000;0.979440000
CVE-2018-1593;0.004090000;0.343390000
CVE-2018-15929;0.134590000;0.961350000
CVE-2018-15928;0.159250000;0.966370000
CVE-2018-15927;0.163740000;0.967180000
CVE-2018-15926;0.054630000;0.921360000
CVE-2018-15925;0.054630000;0.921340000
CVE-2018-15924;0.048330000;0.913160000
CVE-2018-15923;0.054630000;0.921340000
CVE-2018-15922;0.054630000;0.921350000
CVE-2018-15920;0.048330000;0.913150000
CVE-2018-15919;0.035570000;0.884230000
CVE-2018-15918;0.028710000;0.857390000
CVE-2018-15917;0.064830000;0.932190000
CVE-2018-15913;0.006480000;0.484080000
CVE-2018-15912;0.007890000;0.535300000
CVE-2018-15911;0.030370000;0.864840000
CVE-2018-15910;0.030370000;0.864840000
CVE-2018-15909;0.030190000;0.864110000
CVE-2018-15908;0.019160000;0.782680000
CVE-2018-15907;0.009590000;0.588470000
CVE-2018-15906;0.080960000;0.943740000
CVE-2018-15904;0.010600000;0.619840000
CVE-2018-15903;0.006900000;0.501150000
CVE-2018-15901;0.005580000;0.441680000
CVE-2018-15899;0.008780000;0.563690000
CVE-2018-15898;0.009070000;0.572240000
CVE-2018-15897;0.011380000;0.641320000
CVE-2018-15896;0.005450000;0.434970000
CVE-2018-15895;0.014890000;0.720830000
CVE-2018-15894;0.015370000;0.729210000
CVE-2018-15893;0.015370000;0.729210000
CVE-2018-15892;0.005330000;0.428790000
CVE-2018-15891;0.005630000;0.444540000
CVE-2018-15890;0.029610000;0.861500000
CVE-2018-15888;0.020090000;0.793510000
CVE-2018-15887;0.037470000;0.890190000
CVE-2018-15886;0.016490000;0.746680000
CVE-2018-15885;0.012080000;0.660250000
CVE-2018-15884;0.025050000;0.835110000
CVE-2018-15882;0.029320000;0.860230000
CVE-2018-15881;0.022000000;0.811660000
CVE-2018-15880;0.010330000;0.611770000
CVE-2018-1588;0.018530000;0.775100000
CVE-2018-15877;0.769900000;0.995130000
CVE-2018-15876;0.009500000;0.585990000
CVE-2018-15875;0.011760000;0.651720000
CVE-2018-15874;0.011760000;0.651720000
CVE-2018-15873;0.011350000;0.640570000
CVE-2018-15871;0.011630000;0.648380000
CVE-2018-15870;0.011630000;0.648380000
CVE-2018-1587;0.009840000;0.596810000
CVE-2018-15869;0.018010000;0.768110000
CVE-2018-15868;0.018110000;0.769490000
CVE-2018-15865;0.003170000;0.246150000
CVE-2018-15864;0.004330000;0.363480000
CVE-2018-15863;0.005390000;0.432110000
CVE-2018-15862;0.004330000;0.363480000
CVE-2018-15861;0.005390000;0.432100000
CVE-2018-15859;0.005390000;0.432110000
CVE-2018-15858;0.004310000;0.362140000
CVE-2018-15857;0.004470000;0.374330000
CVE-2018-15856;0.004280000;0.360280000
CVE-2018-15855;0.004330000;0.363470000
CVE-2018-15854;0.004330000;0.363480000
CVE-2018-15853;0.005390000;0.432110000
CVE-2018-15852;0.011360000;0.640780000
CVE-2018-15851;0.005880000;0.456580000
CVE-2018-15850;0.006170000;0.470250000
CVE-2018-1585;0.006660000;0.491650000
CVE-2018-15849;0.003570000;0.290910000
CVE-2018-15848;0.004730000;0.391580000
CVE-2018-15847;0.008700000;0.561000000
CVE-2018-15846;0.007270000;0.514460000
CVE-2018-15845;0.023310000;0.822350000
CVE-2018-15844;0.024670000;0.832520000
CVE-2018-15843;0.006240000;0.473740000
CVE-2018-15842;0.006560000;0.487500000
CVE-2018-15840;0.018580000;0.775790000
CVE-2018-1584;0.009680000;0.592000000
CVE-2018-15839;0.453470000;0.986900000
CVE-2018-15836;0.015220000;0.726650000
CVE-2018-15835;0.020320000;0.795740000
CVE-2018-15834;0.009540000;0.587210000
CVE-2018-15833;0.008780000;0.563580000
CVE-2018-15832;0.036710000;0.887900000
CVE-2018-1583;0.007900000;0.535540000
CVE-2018-15822;0.032660000;0.874380000
CVE-2018-15820;0.008560000;0.556860000
CVE-2018-15819;0.018100000;0.769360000
CVE-2018-15818;0.020490000;0.797480000
CVE-2018-15817;0.008270000;0.547710000
CVE-2018-15816;0.008270000;0.547700000
CVE-2018-15815;0.008270000;0.547700000
CVE-2018-15814;0.008270000;0.547700000
CVE-2018-15813;0.008270000;0.547700000
CVE-2018-15812;0.465470000;0.987260000
CVE-2018-15811;0.740480000;0.994440000
CVE-2018-15810;0.017610000;0.762700000
CVE-2018-15809;0.002440000;0.159380000
CVE-2018-15808;0.022870000;0.818760000
CVE-2018-15807;0.003410000;0.273170000
CVE-2018-15805;0.016300000;0.743770000
CVE-2018-15804;0.009610000;0.589510000
CVE-2018-15801;0.006530000;0.486300000
CVE-2018-15800;0.009280000;0.578490000
CVE-2018-15798;0.011450000;0.642860000
CVE-2018-15797;0.015790000;0.735920000
CVE-2018-15796;0.007120000;0.509060000
CVE-2018-15795;0.013040000;0.683250000
CVE-2018-15784;0.006100000;0.466690000
CVE-2018-15782;0.004230000;0.356180000
CVE-2018-15781;0.008260000;0.547300000
CVE-2018-15780;0.012460000;0.669900000
CVE-2018-15778;0.003730000;0.307270000
CVE-2018-15776;0.004160000;0.349520000
CVE-2018-15774;0.009410000;0.583100000
CVE-2018-15773;0.002110000;0.116670000
CVE-2018-15772;0.004140000;0.347720000
CVE-2018-15771;0.004170000;0.350940000
CVE-2018-15769;0.026500000;0.844730000
CVE-2018-15768;0.090510000;0.948840000
CVE-2018-15767;0.123240000;0.958830000
CVE-2018-15766;0.005540000;0.439990000
CVE-2018-15765;0.004420000;0.371180000
CVE-2018-15764;0.052510000;0.919080000
CVE-2018-15763;0.009780000;0.595120000
CVE-2018-15762;0.010780000;0.624920000
CVE-2018-15761;0.017130000;0.756230000
CVE-2018-15759;0.017480000;0.760810000
CVE-2018-15758;0.021530000;0.807560000
CVE-2018-15756;0.095130000;0.950630000
CVE-2018-15755;0.012820000;0.678430000
CVE-2018-15754;0.017820000;0.765610000
CVE-2018-15753;0.013260000;0.687900000
CVE-2018-15752;0.006980000;0.504200000
CVE-2018-15751;0.052410000;0.918970000
CVE-2018-15750;0.042750000;0.903330000
CVE-2018-15749;0.003160000;0.245480000
CVE-2018-15748;0.010640000;0.621000000
CVE-2018-15747;0.035300000;0.883440000
CVE-2018-15746;0.005000000;0.408900000
CVE-2018-15745;0.977090000;0.999000000
CVE-2018-15740;0.061410000;0.929020000
CVE-2018-15738;0.004490000;0.376420000
CVE-2018-15737;0.004340000;0.364300000
CVE-2018-15736;0.004340000;0.364290000
CVE-2018-15735;0.004490000;0.376420000
CVE-2018-15734;0.004490000;0.376420000
CVE-2018-15733;0.004250000;0.357440000
CVE-2018-15732;0.004750000;0.393290000
CVE-2018-15731;0.004340000;0.364290000
CVE-2018-15730;0.004340000;0.364290000
CVE-2018-15729;0.004340000;0.364290000
CVE-2018-15728;0.029180000;0.859640000
CVE-2018-15727;0.642840000;0.991690000
CVE-2018-15726;0.003340000;0.264660000
CVE-2018-15723;0.036990000;0.888760000
CVE-2018-15722;0.016430000;0.745780000
CVE-2018-15721;0.018250000;0.771460000
CVE-2018-15720;0.014950000;0.721930000
CVE-2018-15719;0.010820000;0.626160000
CVE-2018-15718;0.014290000;0.709520000
CVE-2018-15717;0.005250000;0.424090000
CVE-2018-15716;0.184980000;0.970210000
CVE-2018-15715;0.034870000;0.882190000
CVE-2018-15714;0.038100000;0.892180000
CVE-2018-15713;0.071680000;0.937940000
CVE-2018-15712;0.485550000;0.987760000
CVE-2018-15711;0.360120000;0.983510000
CVE-2018-15710;0.440940000;0.986510000
CVE-2018-1571;0.047060000;0.911200000
CVE-2018-15709;0.210250000;0.973820000
CVE-2018-15708;0.893620000;0.997730000
CVE-2018-15707;0.018820000;0.778660000
CVE-2018-15706;0.323670000;0.981950000
CVE-2018-15705;0.122360000;0.958600000
CVE-2018-15704;0.215390000;0.974320000
CVE-2018-15703;0.008800000;0.564020000
CVE-2018-15702;0.004600000;0.383470000
CVE-2018-15701;0.005920000;0.458570000
CVE-2018-15700;0.005920000;0.458580000
CVE-2018-15699;0.006460000;0.483370000
CVE-2018-15698;0.011060000;0.633170000
CVE-2018-15697;0.009070000;0.572330000
CVE-2018-15696;0.007290000;0.515120000
CVE-2018-15695;0.010140000;0.606330000
CVE-2018-15694;0.015110000;0.724980000
CVE-2018-15693;0.005670000;0.446760000
CVE-2018-15692;0.005320000;0.428300000
CVE-2018-15691;0.167640000;0.967910000
CVE-2018-15688;0.016660000;0.749230000
CVE-2018-15687;0.010580000;0.619310000
CVE-2018-15686;0.022610000;0.816480000
CVE-2018-15685;0.104270000;0.953790000
CVE-2018-15684;0.009610000;0.589160000
CVE-2018-15683;0.006990000;0.504450000
CVE-2018-15682;0.005380000;0.431530000
CVE-2018-15681;0.007510000;0.522660000
CVE-2018-15680;0.007920000;0.536050000
CVE-2018-1568;0.003540000;0.287710000
CVE-2018-15679;0.009470000;0.585140000
CVE-2018-15678;0.009470000;0.585120000
CVE-2018-15677;0.004740000;0.392460000
CVE-2018-15676;0.009320000;0.580400000
CVE-2018-15671;0.010640000;0.620950000
CVE-2018-15670;0.007360000;0.517760000
CVE-2018-1567;0.037600000;0.890560000
CVE-2018-15669;0.008830000;0.565090000
CVE-2018-15668;0.008800000;0.564040000
CVE-2018-15667;0.009600000;0.588700000
CVE-2018-15665;0.011950000;0.656710000
CVE-2018-15664;0.034270000;0.880040000
CVE-2018-15661;0.012270000;0.665470000
CVE-2018-15660;0.011700000;0.650130000
CVE-2018-1566;0.004740000;0.392850000
CVE-2018-15659;0.014330000;0.710230000
CVE-2018-15658;0.017770000;0.765000000
CVE-2018-15657;0.015620000;0.733550000
CVE-2018-15656;0.015530000;0.732240000
CVE-2018-15655;0.014330000;0.710220000
CVE-2018-1565;0.003970000;0.331450000
CVE-2018-15645;0.008690000;0.560750000
CVE-2018-15641;0.007020000;0.505490000
CVE-2018-15640;0.077780000;0.941840000
CVE-2018-1564;0.003870000;0.321500000
CVE-2018-15638;0.006870000;0.500180000
CVE-2018-15635;0.010040000;0.603230000
CVE-2018-15634;0.008990000;0.569630000
CVE-2018-15633;0.008800000;0.564300000
CVE-2018-15632;0.011700000;0.650130000
CVE-2018-15631;0.013730000;0.698890000
CVE-2018-1563;0.028370000;0.855760000
CVE-2018-15617;0.022420000;0.815080000
CVE-2018-15616;0.033430000;0.877250000
CVE-2018-15615;0.003430000;0.275530000
CVE-2018-15614;0.006210000;0.472310000
CVE-2018-15613;0.007720000;0.529840000
CVE-2018-15612;0.003910000;0.325100000
CVE-2018-15611;0.002970000;0.223760000
CVE-2018-15610;0.018450000;0.773970000
CVE-2018-15608;0.024700000;0.832700000
CVE-2018-15607;0.051900000;0.918310000
CVE-2018-15606;0.006470000;0.483920000
CVE-2018-15605;0.016970000;0.753920000
CVE-2018-15603;0.006470000;0.483910000
CVE-2018-15602;0.008020000;0.539160000
CVE-2018-15601;0.016300000;0.743780000
CVE-2018-1560;0.006600000;0.489440000
CVE-2018-15599;0.026860000;0.847070000
CVE-2018-15598;0.028680000;0.857300000
CVE-2018-15596;0.022610000;0.816560000
CVE-2018-15594;0.005510000;0.438680000
CVE-2018-15593;0.010350000;0.612710000
CVE-2018-15592;0.005880000;0.456750000
CVE-2018-15591;0.012840000;0.679220000
CVE-2018-15590;0.009930000;0.599400000
CVE-2018-15588;0.024450000;0.830930000
CVE-2018-15587;0.024430000;0.830690000
CVE-2018-15586;0.014400000;0.711440000
CVE-2018-15585;0.015210000;0.726440000
CVE-2018-15584;0.010670000;0.622280000
CVE-2018-15583;0.010850000;0.626950000
CVE-2018-15582;0.011180000;0.636070000
CVE-2018-15581;0.010570000;0.618900000
CVE-2018-15580;0.010790000;0.625200000
CVE-2018-1558;0.006600000;0.489460000
CVE-2018-15576;0.096750000;0.951220000
CVE-2018-15574;0.008300000;0.548620000
CVE-2018-15573;0.021460000;0.806860000
CVE-2018-15572;0.005110000;0.415620000
CVE-2018-15571;0.014980000;0.722640000
CVE-2018-15570;0.005180000;0.419830000
CVE-2018-1557;0.006600000;0.489440000
CVE-2018-15569;0.004110000;0.345510000
CVE-2018-15568;0.004830000;0.398060000
CVE-2018-15567;0.006720000;0.493830000
CVE-2018-15566;0.006750000;0.495180000
CVE-2018-15565;0.005700000;0.448010000
CVE-2018-15564;0.004650000;0.386750000
CVE-2018-15563;0.006860000;0.499680000
CVE-2018-15562;0.009780000;0.595100000
CVE-2018-15560;0.017560000;0.762030000
CVE-2018-1556;0.009680000;0.591980000
CVE-2018-15559;0.006670000;0.492120000
CVE-2018-15557;0.032580000;0.874110000
CVE-2018-15556;0.032580000;0.874100000
CVE-2018-15555;0.029740000;0.862090000
CVE-2018-15553;0.022440000;0.815200000
CVE-2018-15552;0.011650000;0.648900000
CVE-2018-1555;0.009680000;0.591980000
CVE-2018-15546;0.007240000;0.513360000
CVE-2018-15543;0.004280000;0.360010000
CVE-2018-15542;0.003430000;0.275190000
CVE-2018-15540;0.022590000;0.816380000
CVE-2018-1554;0.009680000;0.591960000
CVE-2018-15539;0.005790000;0.452160000
CVE-2018-15538;0.008450000;0.553050000
CVE-2018-15537;0.050230000;0.916010000
CVE-2018-15536;0.064100000;0.931480000
CVE-2018-15535;0.452420000;0.986880000
CVE-2018-15534;0.324470000;0.982000000
CVE-2018-15533;0.026060000;0.842050000
CVE-2018-15532;0.006960000;0.503370000
CVE-2018-15531;0.278730000;0.979460000
CVE-2018-15530;0.006920000;0.501990000
CVE-2018-1553;0.029020000;0.858930000
CVE-2018-15529;0.047570000;0.912030000
CVE-2018-15528;0.013150000;0.685570000
CVE-2018-15520;0.011860000;0.654550000
CVE-2018-1552;0.029080000;0.859230000
CVE-2018-15519;0.011960000;0.657120000
CVE-2018-15518;0.025020000;0.834820000
CVE-2018-15517;0.441010000;0.986520000
CVE-2018-15516;0.020340000;0.795870000
CVE-2018-15515;0.016750000;0.750460000
CVE-2018-15514;0.024670000;0.832480000
CVE-2018-15513;0.010450000;0.615600000
CVE-2018-15512;0.010300000;0.611070000
CVE-2018-15511;0.010300000;0.611060000
CVE-2018-15510;0.006310000;0.476770000
CVE-2018-1551;0.011380000;0.641300000
CVE-2018-15509;0.016280000;0.743250000
CVE-2018-15508;0.017610000;0.762700000
CVE-2018-15506;0.047040000;0.911170000
CVE-2018-15505;0.022270000;0.813800000
CVE-2018-15504;0.027660000;0.851790000
CVE-2018-15503;0.022720000;0.817420000
CVE-2018-15502;0.012960000;0.681690000
CVE-2018-15501;0.043370000;0.904520000
CVE-2018-1550;0.002860000;0.212670000
CVE-2018-15499;0.004040000;0.339120000
CVE-2018-15498;0.011960000;0.657090000
CVE-2018-15497;0.048670000;0.913680000
CVE-2018-15495;0.023730000;0.825550000
CVE-2018-15494;0.025400000;0.837550000
CVE-2018-15493;0.006550000;0.487480000
CVE-2018-15492;0.012070000;0.659760000
CVE-2018-15491;0.010080000;0.604370000
CVE-2018-15490;0.006090000;0.466300000
CVE-2018-1549;0.009260000;0.577910000
CVE-2018-15486;0.020580000;0.798360000
CVE-2018-15485;0.025050000;0.835080000
CVE-2018-15484;0.076590000;0.941160000
CVE-2018-15483;0.018680000;0.777040000
CVE-2018-15482;0.006660000;0.491470000
CVE-2018-15481;0.013190000;0.686420000
CVE-2018-15480;0.010240000;0.609010000
CVE-2018-1548;0.013160000;0.685600000
CVE-2018-15479;0.007870000;0.534300000
CVE-2018-15478;0.008590000;0.557720000
CVE-2018-15477;0.015920000;0.737820000
CVE-2018-15476;0.007560000;0.524360000
CVE-2018-15474;0.033340000;0.876900000
CVE-2018-15473;0.986310000;0.999210000
CVE-2018-15472;0.007230000;0.513040000
CVE-2018-15471;0.003520000;0.285100000
CVE-2018-15470;0.003990000;0.334550000
CVE-2018-1547;0.020060000;0.793170000
CVE-2018-15469;0.004210000;0.354410000
CVE-2018-15468;0.003370000;0.268980000
CVE-2018-15467;0.012110000;0.661450000
CVE-2018-15466;0.019330000;0.784800000
CVE-2018-15465;0.023820000;0.826140000
CVE-2018-15464;0.022650000;0.816840000
CVE-2018-15463;0.012110000;0.661460000
CVE-2018-15462;0.020560000;0.798190000
CVE-2018-15461;0.012110000;0.661430000
CVE-2018-15460;0.025160000;0.835890000
CVE-2018-1546;0.022090000;0.812410000
CVE-2018-15459;0.016710000;0.749920000
CVE-2018-15458;0.030660000;0.866060000
CVE-2018-15457;0.012110000;0.661460000
CVE-2018-15456;0.012810000;0.678290000
CVE-2018-15455;0.010790000;0.625270000
CVE-2018-15454;0.043810000;0.905430000
CVE-2018-15453;0.022870000;0.818730000
CVE-2018-15452;0.003340000;0.265020000
CVE-2018-15451;0.009220000;0.576700000
CVE-2018-15450;0.025380000;0.837400000
CVE-2018-1545;0.009660000;0.590840000
CVE-2018-15449;0.017430000;0.760210000
CVE-2018-15448;0.022220000;0.813400000
CVE-2018-15447;0.017310000;0.758480000
CVE-2018-15446;0.021840000;0.810140000
CVE-2018-15445;0.009330000;0.580710000
CVE-2018-15444;0.020080000;0.793370000
CVE-2018-15443;0.027670000;0.851890000
CVE-2018-15442;0.160200000;0.966560000
CVE-2018-15441;0.036520000;0.887360000
CVE-2018-15440;0.012710000;0.676060000
CVE-2018-1544;0.003970000;0.331460000
CVE-2018-15439;0.497420000;0.988050000
CVE-2018-15438;0.011690000;0.649890000
CVE-2018-15437;0.009660000;0.590820000
CVE-2018-15436;0.013730000;0.698670000
CVE-2018-15435;0.012110000;0.661440000
CVE-2018-15434;0.009180000;0.575650000
CVE-2018-15433;0.010080000;0.604160000
CVE-2018-15432;0.010080000;0.604150000
CVE-2018-15431;0.004900000;0.402570000
CVE-2018-15430;0.028740000;0.857530000
CVE-2018-1543;0.011040000;0.632680000
CVE-2018-15429;0.011160000;0.635740000
CVE-2018-15428;0.019540000;0.787200000
CVE-2018-15427;0.068270000;0.935060000
CVE-2018-15426;0.008620000;0.558460000
CVE-2018-15425;0.015890000;0.737300000
CVE-2018-15424;0.014300000;0.709820000
CVE-2018-15423;0.009220000;0.576540000
CVE-2018-15422;0.020150000;0.794030000
CVE-2018-15421;0.020150000;0.794030000
CVE-2018-15420;0.021250000;0.804910000
CVE-2018-1542;0.024040000;0.827880000
CVE-2018-15419;0.020150000;0.794030000
CVE-2018-15418;0.020150000;0.794040000
CVE-2018-15417;0.021250000;0.804920000
CVE-2018-15416;0.021250000;0.804900000
CVE-2018-15415;0.021250000;0.804920000
CVE-2018-15414;0.021250000;0.804900000
CVE-2018-15413;0.021250000;0.804910000
CVE-2018-15412;0.021250000;0.804910000
CVE-2018-15411;0.020150000;0.794020000
CVE-2018-15410;0.020150000;0.794020000
CVE-2018-1541;0.009680000;0.591980000
CVE-2018-15409;0.018600000;0.776100000
CVE-2018-15408;0.021250000;0.804920000
CVE-2018-15407;0.002860000;0.212850000
CVE-2018-15406;0.012000000;0.658120000
CVE-2018-15405;0.018460000;0.774090000
CVE-2018-15404;0.010690000;0.622770000
CVE-2018-15403;0.012160000;0.662460000
CVE-2018-15402;0.004810000;0.397030000
CVE-2018-15401;0.005000000;0.409080000
CVE-2018-15400;0.009180000;0.575660000
CVE-2018-15399;0.018420000;0.773650000
CVE-2018-15398;0.018850000;0.779030000
CVE-2018-15397;0.011960000;0.657010000
CVE-2018-15396;0.018230000;0.771250000
CVE-2018-15395;0.005830000;0.454260000
CVE-2018-15394;0.040210000;0.897840000
CVE-2018-15393;0.012320000;0.666700000
CVE-2018-15392;0.004500000;0.376860000
CVE-2018-15391;0.014150000;0.706930000
CVE-2018-15390;0.011200000;0.636630000
CVE-2018-1539;0.013010000;0.682780000
CVE-2018-15389;0.015110000;0.724890000
CVE-2018-15388;0.019670000;0.788460000
CVE-2018-15387;0.010990000;0.631370000
CVE-2018-15386;0.034410000;0.880590000
CVE-2018-15383;0.024920000;0.834220000
CVE-2018-15382;0.012810000;0.678200000
CVE-2018-15381;0.872540000;0.997380000
CVE-2018-15380;0.011330000;0.640020000
CVE-2018-15379;0.862210000;0.997180000
CVE-2018-15378;0.013150000;0.685510000
CVE-2018-15377;0.015870000;0.737070000
CVE-2018-15376;0.003270000;0.257250000
CVE-2018-15375;0.003270000;0.257250000
CVE-2018-15374;0.002360000;0.148540000
CVE-2018-15373;0.006610000;0.490030000
CVE-2018-15372;0.007470000;0.521500000
CVE-2018-15371;0.003960000;0.330540000
CVE-2018-15370;0.003610000;0.294420000
CVE-2018-15369;0.020630000;0.798880000
CVE-2018-15368;0.003900000;0.324070000
CVE-2018-15367;0.005560000;0.440610000
CVE-2018-15366;0.005400000;0.432430000
CVE-2018-15365;0.008150000;0.543790000
CVE-2018-15364;0.020760000;0.800230000
CVE-2018-15363;0.004710000;0.390180000
CVE-2018-15362;0.026910000;0.847360000
CVE-2018-15361;0.028760000;0.857590000
CVE-2018-15360;0.016020000;0.739340000
CVE-2018-1536;0.006660000;0.491650000
CVE-2018-15359;0.016170000;0.741660000
CVE-2018-15358;0.013310000;0.689090000
CVE-2018-15357;0.011040000;0.632670000
CVE-2018-15356;0.025170000;0.836030000
CVE-2018-15355;0.007870000;0.534520000
CVE-2018-15354;0.020980000;0.802560000
CVE-2018-15353;0.077430000;0.941660000
CVE-2018-15352;0.013840000;0.700980000
CVE-2018-15351;0.020400000;0.796410000
CVE-2018-15350;0.046950000;0.911020000
CVE-2018-1535;0.006660000;0.491640000
CVE-2018-1534;0.006600000;0.489560000
CVE-2018-15335;0.014270000;0.709320000
CVE-2018-15334;0.007340000;0.517070000
CVE-2018-15333;0.003870000;0.321820000
CVE-2018-15332;0.003190000;0.248060000
CVE-2018-15331;0.008830000;0.565050000
CVE-2018-15330;0.013440000;0.692330000
CVE-2018-1533;0.006600000;0.489570000
CVE-2018-15329;0.011780000;0.652580000
CVE-2018-15328;0.023060000;0.820350000
CVE-2018-15327;0.011780000;0.652590000
CVE-2018-15326;0.005540000;0.439800000
CVE-2018-15325;0.010310000;0.611290000
CVE-2018-15324;0.012700000;0.675830000
CVE-2018-15323;0.010860000;0.627270000
CVE-2018-15322;0.011340000;0.640200000
CVE-2018-15321;0.008960000;0.568930000
CVE-2018-15320;0.013340000;0.689750000
CVE-2018-1532;0.009630000;0.590090000
CVE-2018-15319;0.018590000;0.775940000
CVE-2018-15318;0.013440000;0.692330000
CVE-2018-15317;0.013600000;0.696120000
CVE-2018-15316;0.005920000;0.458440000
CVE-2018-15315;0.009230000;0.576980000
CVE-2018-15314;0.014130000;0.706670000
CVE-2018-15313;0.014130000;0.706670000
CVE-2018-15312;0.009320000;0.580280000
CVE-2018-15311;0.014240000;0.708560000
CVE-2018-15310;0.008730000;0.562160000
CVE-2018-1529;0.009680000;0.591920000
CVE-2018-1528;0.013160000;0.685600000
CVE-2018-1525;0.011020000;0.631990000
CVE-2018-1524;0.018730000;0.777620000
CVE-2018-1523;0.006820000;0.498020000
CVE-2018-1522;0.006600000;0.489590000
CVE-2018-1521;0.006310000;0.476400000
CVE-2018-15209;0.039690000;0.896620000
CVE-2018-15208;0.011270000;0.638570000
CVE-2018-15207;0.013590000;0.695670000
CVE-2018-15206;0.006360000;0.478970000
CVE-2018-15203;0.004390000;0.368410000
CVE-2018-15202;0.003710000;0.304690000
CVE-2018-15199;0.006420000;0.481470000
CVE-2018-15198;0.006500000;0.485230000
CVE-2018-15197;0.006500000;0.485210000
CVE-2018-15193;0.008230000;0.546180000
CVE-2018-15192;0.021030000;0.803090000
CVE-2018-15191;0.011380000;0.641310000
CVE-2018-15190;0.005450000;0.434970000
CVE-2018-15189;0.005450000;0.434970000
CVE-2018-15188;0.009380000;0.582410000
CVE-2018-15187;0.004520000;0.378370000
CVE-2018-15186;0.005120000;0.415880000
CVE-2018-15185;0.009380000;0.582410000
CVE-2018-15184;0.005450000;0.434950000
CVE-2018-15183;0.006920000;0.501970000
CVE-2018-15182;0.005450000;0.434970000
CVE-2018-15181;0.052830000;0.919470000
CVE-2018-15180;0.008320000;0.549150000
CVE-2018-1518;0.001510000;0.047810000
CVE-2018-15178;0.013160000;0.685770000
CVE-2018-15177;0.005790000;0.452150000
CVE-2018-15176;0.009750000;0.594220000
CVE-2018-15175;0.009750000;0.594220000
CVE-2018-15174;0.009750000;0.594230000
CVE-2018-15173;0.060810000;0.928480000
CVE-2018-15172;0.082990000;0.944910000
CVE-2018-1517;0.039810000;0.896950000
CVE-2018-15169;0.016580000;0.748060000
CVE-2018-15168;0.039400000;0.895870000
CVE-2018-15161;0.014560000;0.714590000
CVE-2018-15160;0.014560000;0.714600000
CVE-2018-15159;0.014560000;0.714610000
CVE-2018-15158;0.014560000;0.714620000
CVE-2018-15157;0.014560000;0.714610000
CVE-2018-15156;0.102390000;0.953190000
CVE-2018-15155;0.102390000;0.953190000
CVE-2018-15154;0.102390000;0.953190000
CVE-2018-15153;0.615550000;0.991010000
CVE-2018-15152;0.259350000;0.978210000
CVE-2018-15151;0.023840000;0.826310000
CVE-2018-15150;0.023840000;0.826310000
CVE-2018-1515;0.003500000;0.282720000
CVE-2018-15149;0.023840000;0.826310000
CVE-2018-15148;0.023840000;0.826300000
CVE-2018-15147;0.023840000;0.826310000
CVE-2018-15146;0.023840000;0.826300000
CVE-2018-15145;0.021980000;0.811460000
CVE-2018-15144;0.018450000;0.773970000
CVE-2018-15143;0.021980000;0.811460000
CVE-2018-15142;0.182080000;0.969840000
CVE-2018-15141;0.144680000;0.963540000
CVE-2018-15140;0.166820000;0.967800000
CVE-2018-1514;0.005270000;0.425360000
CVE-2018-15139;0.192740000;0.971270000
CVE-2018-15138;0.128510000;0.959890000
CVE-2018-15137;0.181950000;0.969810000
CVE-2018-15136;0.009570000;0.587910000
CVE-2018-15133;0.768140000;0.995100000
CVE-2018-15132;0.051390000;0.917620000
CVE-2018-15131;0.018780000;0.778140000
CVE-2018-15130;0.006670000;0.491950000
CVE-2018-1513;0.029400000;0.860570000
CVE-2018-15129;0.006670000;0.491980000
CVE-2018-15128;0.052380000;0.918940000
CVE-2018-15127;0.150890000;0.964650000
CVE-2018-15126;0.118090000;0.957590000
CVE-2018-15125;0.015340000;0.728700000
CVE-2018-15124;0.010720000;0.623550000
CVE-2018-15123;0.024420000;0.830640000
CVE-2018-15122;0.011870000;0.654860000
CVE-2018-15121;0.004860000;0.400390000
CVE-2018-15120;0.114990000;0.956850000
CVE-2018-1509;0.008680000;0.560530000
CVE-2018-1507;0.010330000;0.611770000
CVE-2018-1505;0.003540000;0.287710000
CVE-2018-1504;0.011480000;0.643770000
CVE-2018-1503;0.020160000;0.794140000
CVE-2018-1502;0.009680000;0.592020000
CVE-2018-1501;0.011450000;0.642820000
CVE-2018-15007;0.004470000;0.374320000
CVE-2018-15006;0.005330000;0.428540000
CVE-2018-15005;0.004730000;0.392370000
CVE-2018-15004;0.010840000;0.626770000
CVE-2018-15003;0.018290000;0.771970000
CVE-2018-15002;0.002960000;0.223000000
CVE-2018-15001;0.003950000;0.329490000
CVE-2018-15000;0.003590000;0.292320000
CVE-2018-14999;0.023410000;0.823270000
CVE-2018-14998;0.007300000;0.515560000
CVE-2018-14997;0.003890000;0.323880000
CVE-2018-14996;0.005180000;0.419560000
CVE-2018-14995;0.004150000;0.348630000
CVE-2018-14994;0.020160000;0.794150000
CVE-2018-14993;0.004160000;0.349990000
CVE-2018-14992;0.003650000;0.298300000
CVE-2018-14991;0.019190000;0.783210000
CVE-2018-14990;0.018290000;0.771970000
CVE-2018-14989;0.020160000;0.794150000
CVE-2018-14988;0.012470000;0.670090000
CVE-2018-14987;0.002840000;0.210440000
CVE-2018-14986;0.012470000;0.670160000
CVE-2018-14985;0.003470000;0.279990000
CVE-2018-14984;0.010330000;0.611800000
CVE-2018-14983;0.003570000;0.290340000
CVE-2018-14982;0.005650000;0.445840000
CVE-2018-14981;0.005650000;0.445840000
CVE-2018-14980;0.003580000;0.291090000
CVE-2018-1498;0.003510000;0.283580000
CVE-2018-14979;0.004150000;0.348630000
CVE-2018-14978;0.004940000;0.404970000
CVE-2018-14977;0.006750000;0.495160000
CVE-2018-14976;0.005340000;0.429290000
CVE-2018-14975;0.005340000;0.429300000
CVE-2018-14974;0.005340000;0.429290000
CVE-2018-14973;0.005340000;0.429320000
CVE-2018-14972;0.005340000;0.429310000
CVE-2018-14971;0.005340000;0.429280000
CVE-2018-14970;0.005340000;0.429250000
CVE-2018-14969;0.005340000;0.429270000
CVE-2018-14968;0.011350000;0.640520000
CVE-2018-14967;0.009950000;0.600160000
CVE-2018-14966;0.004940000;0.404970000
CVE-2018-14965;0.004940000;0.404970000
CVE-2018-14964;0.005310000;0.427440000
CVE-2018-14963;0.006500000;0.485200000
CVE-2018-14962;0.006670000;0.491960000
CVE-2018-14961;0.017940000;0.767240000
CVE-2018-14960;0.005380000;0.431650000
CVE-2018-1496;0.009680000;0.591910000
CVE-2018-14959;0.005230000;0.422640000
CVE-2018-14958;0.005230000;0.422620000
CVE-2018-14957;0.016300000;0.743690000
CVE-2018-14956;0.025620000;0.839030000
CVE-2018-14955;0.014260000;0.709070000
CVE-2018-14954;0.016470000;0.746320000
CVE-2018-14953;0.014260000;0.709070000
CVE-2018-14952;0.014260000;0.709080000
CVE-2018-14951;0.014260000;0.709070000
CVE-2018-14950;0.014260000;0.709070000
CVE-2018-1495;0.016050000;0.739850000
CVE-2018-14948;0.010010000;0.602080000
CVE-2018-14947;0.016050000;0.739780000
CVE-2018-14946;0.016050000;0.739790000
CVE-2018-14945;0.010500000;0.616790000
CVE-2018-14944;0.010010000;0.602090000
CVE-2018-14943;0.014550000;0.714430000
CVE-2018-14942;0.020070000;0.793280000
CVE-2018-14941;0.010340000;0.612440000
CVE-2018-14940;0.013030000;0.683020000
CVE-2018-1494;0.006820000;0.498020000
CVE-2018-14939;0.022160000;0.812960000
CVE-2018-14938;0.027530000;0.850920000
CVE-2018-14937;0.009070000;0.572490000
CVE-2018-14936;0.009070000;0.572490000
CVE-2018-14935;0.006470000;0.483850000
CVE-2018-14934;0.005410000;0.433060000
CVE-2018-14933;0.948840000;0.998540000
CVE-2018-14931;0.023980000;0.827410000
CVE-2018-14930;0.006360000;0.478980000
CVE-2018-14929;0.006550000;0.487120000
CVE-2018-14928;0.016570000;0.747780000
CVE-2018-14927;0.014800000;0.719180000
CVE-2018-14926;0.005790000;0.452160000
CVE-2018-14925;0.015400000;0.729790000
CVE-2018-14924;0.008020000;0.539180000
CVE-2018-14923;0.014070000;0.705430000
CVE-2018-14922;0.019520000;0.787020000
CVE-2018-1492;0.003650000;0.299010000
CVE-2018-14919;0.015160000;0.725770000
CVE-2018-14918;0.179820000;0.969560000
CVE-2018-14916;0.171950000;0.968540000
CVE-2018-14912;0.928800000;0.998230000
CVE-2018-14911;0.011020000;0.631970000
CVE-2018-14910;0.009900000;0.598610000
CVE-2018-14908;0.005120000;0.415890000
CVE-2018-14907;0.009610000;0.589150000
CVE-2018-14906;0.006920000;0.502030000
CVE-2018-14905;0.006920000;0.502000000
CVE-2018-14904;0.006880000;0.500370000
CVE-2018-14903;0.005290000;0.426280000
CVE-2018-14902;0.012080000;0.660260000
CVE-2018-14901;0.011450000;0.642850000
CVE-2018-14900;0.011120000;0.634680000
CVE-2018-14899;0.006750000;0.495520000
CVE-2018-14894;0.019270000;0.783970000
CVE-2018-14893;0.034430000;0.880710000
CVE-2018-14892;0.008750000;0.562790000
CVE-2018-14891;0.003010000;0.228290000
CVE-2018-14890;0.005210000;0.421570000
CVE-2018-14889;0.005580000;0.442030000
CVE-2018-14888;0.036800000;0.888170000
CVE-2018-14887;0.018080000;0.769000000
CVE-2018-14886;0.012520000;0.671470000
CVE-2018-14885;0.022240000;0.813610000
CVE-2018-14884;0.031850000;0.870960000
CVE-2018-14883;0.089750000;0.948550000
CVE-2018-14882;0.038910000;0.894340000
CVE-2018-14881;0.047630000;0.912110000
CVE-2018-14880;0.053420000;0.920020000
CVE-2018-1488;0.005150000;0.417930000
CVE-2018-14879;0.046670000;0.910590000
CVE-2018-14878;0.015610000;0.733370000
CVE-2018-14877;0.005060000;0.412530000
CVE-2018-14876;0.008670000;0.559930000
CVE-2018-14875;0.006490000;0.484640000
CVE-2018-14874;0.013580000;0.695540000
CVE-2018-14873;0.005560000;0.440850000
CVE-2018-14872;0.009800000;0.595830000
CVE-2018-1487;0.004400000;0.369100000
CVE-2018-14869;0.016040000;0.739600000
CVE-2018-14868;0.006030000;0.463630000
CVE-2018-14867;0.013990000;0.703850000
CVE-2018-14866;0.007870000;0.534510000
CVE-2018-14865;0.015330000;0.728530000
CVE-2018-14864;0.011830000;0.653930000
CVE-2018-14863;0.009630000;0.590010000
CVE-2018-14862;0.008050000;0.540640000
CVE-2018-14861;0.009700000;0.592590000
CVE-2018-14860;0.022110000;0.812510000
CVE-2018-14859;0.009630000;0.590010000
CVE-2018-14858;0.014720000;0.717920000
CVE-2018-14857;0.036900000;0.888450000
CVE-2018-14856;0.009490000;0.585670000
CVE-2018-14855;0.009490000;0.585670000
CVE-2018-14854;0.009490000;0.585670000
CVE-2018-14853;0.009380000;0.582340000
CVE-2018-14852;0.009630000;0.590100000
CVE-2018-14851;0.043060000;0.903940000
CVE-2018-14850;0.006780000;0.496680000
CVE-2018-1485;0.010140000;0.606140000
CVE-2018-14849;0.006780000;0.496680000
CVE-2018-14847;0.960870000;0.998740000
CVE-2018-14846;0.010970000;0.630950000
CVE-2018-14840;0.036660000;0.887780000
CVE-2018-1484;0.010100000;0.604830000
CVE-2018-14839;0.893540000;0.997720000
CVE-2018-14838;0.007070000;0.507320000
CVE-2018-14837;0.006700000;0.493410000
CVE-2018-14836;0.009980000;0.601030000
CVE-2018-14835;0.007360000;0.517750000
CVE-2018-14833;0.012070000;0.660020000
CVE-2018-14831;0.015910000;0.737650000
CVE-2018-1483;0.012980000;0.682120000
CVE-2018-14829;0.160920000;0.966670000
CVE-2018-14828;0.004070000;0.342160000
CVE-2018-14827;0.037560000;0.890450000
CVE-2018-14826;0.077440000;0.941670000
CVE-2018-14825;0.007910000;0.535720000
CVE-2018-14824;0.019970000;0.791810000
CVE-2018-14823;0.039500000;0.896110000
CVE-2018-14822;0.029190000;0.859700000
CVE-2018-14821;0.044950000;0.907530000
CVE-2018-14820;0.022000000;0.811660000
CVE-2018-14819;0.035770000;0.884870000
CVE-2018-14818;0.034940000;0.882420000
CVE-2018-14817;0.035770000;0.884880000
CVE-2018-14816;0.041300000;0.900330000
CVE-2018-14815;0.035770000;0.884860000
CVE-2018-14814;0.014680000;0.717210000
CVE-2018-14813;0.039180000;0.895080000
CVE-2018-14812;0.011020000;0.632090000
CVE-2018-14811;0.035770000;0.884860000
CVE-2018-14810;0.017020000;0.754540000
CVE-2018-1481;0.011970000;0.657280000
CVE-2018-14809;0.026560000;0.845190000
CVE-2018-14808;0.009010000;0.570100000
CVE-2018-14807;0.031290000;0.868610000
CVE-2018-14806;0.047790000;0.912320000
CVE-2018-14805;0.048070000;0.912730000
CVE-2018-14804;0.035150000;0.883080000
CVE-2018-14803;0.017380000;0.759430000
CVE-2018-14802;0.035770000;0.884870000
CVE-2018-14801;0.004080000;0.342760000
CVE-2018-14800;0.016270000;0.743240000
CVE-2018-1480;0.011340000;0.640200000
CVE-2018-14799;0.005000000;0.408680000
CVE-2018-14798;0.012900000;0.680290000
CVE-2018-14797;0.016750000;0.750420000
CVE-2018-14796;0.011330000;0.640030000
CVE-2018-14795;0.021850000;0.810210000
CVE-2018-14794;0.019330000;0.784790000
CVE-2018-14793;0.010260000;0.609830000
CVE-2018-14792;0.013470000;0.692750000
CVE-2018-14791;0.003600000;0.293650000
CVE-2018-14790;0.053760000;0.920420000
CVE-2018-1479;0.006940000;0.502700000
CVE-2018-14789;0.004460000;0.373740000
CVE-2018-14788;0.013950000;0.702930000
CVE-2018-14787;0.003900000;0.324870000
CVE-2018-14786;0.030580000;0.865720000
CVE-2018-14785;0.022140000;0.812780000
CVE-2018-14784;0.009770000;0.594880000
CVE-2018-14783;0.006700000;0.493350000
CVE-2018-14782;0.016190000;0.742040000
CVE-2018-14781;0.007120000;0.509270000
CVE-2018-14780;0.004450000;0.373460000
CVE-2018-1478;0.011480000;0.643770000
CVE-2018-14779;0.004860000;0.400400000
CVE-2018-14777;0.006530000;0.486470000
CVE-2018-14776;0.005260000;0.424730000
CVE-2018-14775;0.003410000;0.273820000
CVE-2018-14774;0.011460000;0.643120000
CVE-2018-14773;0.580610000;0.990170000
CVE-2018-14772;0.065670000;0.932930000
CVE-2018-14771;0.029820000;0.862470000
CVE-2018-14770;0.029820000;0.862480000
CVE-2018-14769;0.004680000;0.388470000
CVE-2018-14768;0.029480000;0.861000000
CVE-2018-14767;0.293030000;0.980300000
CVE-2018-1476;0.014480000;0.712980000
CVE-2018-1475;0.022090000;0.812370000
CVE-2018-14749;0.011850000;0.654240000
CVE-2018-14748;0.012840000;0.679030000
CVE-2018-14747;0.012580000;0.672880000
CVE-2018-14746;0.033020000;0.875790000
CVE-2018-14745;0.019100000;0.782090000
CVE-2018-14744;0.015970000;0.738550000
CVE-2018-14743;0.013700000;0.698160000
CVE-2018-14742;0.013050000;0.683360000
CVE-2018-14741;0.013050000;0.683370000
CVE-2018-14740;0.013050000;0.683360000
CVE-2018-1474;0.011600000;0.647070000
CVE-2018-14739;0.013050000;0.683370000
CVE-2018-14738;0.013050000;0.683360000
CVE-2018-14737;0.013700000;0.698170000
CVE-2018-14736;0.013700000;0.698170000
CVE-2018-14735;0.013520000;0.694160000
CVE-2018-14734;0.005660000;0.446340000
CVE-2018-14733;0.022120000;0.812620000
CVE-2018-14732;0.025560000;0.838630000
CVE-2018-14731;0.023270000;0.822040000
CVE-2018-14730;0.016910000;0.752990000
CVE-2018-1473;0.008940000;0.568120000
CVE-2018-14729;0.106150000;0.954400000
CVE-2018-14728;0.765110000;0.995020000
CVE-2018-14724;0.006910000;0.501450000
CVE-2018-14722;0.030050000;0.863570000
CVE-2018-14721;0.104580000;0.953910000
CVE-2018-14720;0.075240000;0.940240000
CVE-2018-14719;0.096820000;0.951240000
CVE-2018-14718;0.126790000;0.959480000
CVE-2018-14716;0.330340000;0.982300000
CVE-2018-14715;0.012530000;0.671740000
CVE-2018-14714;0.274110000;0.979110000
CVE-2018-14713;0.038520000;0.893270000
CVE-2018-14712;0.042260000;0.902350000
CVE-2018-14711;0.005650000;0.445740000
CVE-2018-14710;0.052600000;0.919160000
CVE-2018-14709;0.019110000;0.782130000
CVE-2018-14708;0.012730000;0.676720000
CVE-2018-14707;0.278240000;0.979440000
CVE-2018-14706;0.171130000;0.968420000
CVE-2018-14705;0.018530000;0.775130000
CVE-2018-14704;0.007070000;0.507360000
CVE-2018-14703;0.013370000;0.690530000
CVE-2018-14702;0.013130000;0.685060000
CVE-2018-14701;0.199940000;0.972310000
CVE-2018-14700;0.013130000;0.685050000
CVE-2018-1470;0.017760000;0.764940000
CVE-2018-14699;0.293980000;0.980350000
CVE-2018-14698;0.007070000;0.507360000
CVE-2018-14697;0.007070000;0.507370000
CVE-2018-14696;0.013130000;0.685060000
CVE-2018-14695;0.013130000;0.685060000
CVE-2018-14691;0.006750000;0.495200000
CVE-2018-14690;0.006750000;0.495210000
CVE-2018-1469;0.027880000;0.853120000
CVE-2018-14689;0.006750000;0.495210000
CVE-2018-14688;0.006750000;0.495190000
CVE-2018-14686;0.007070000;0.507340000
CVE-2018-14685;0.021430000;0.806550000
CVE-2018-14683;0.006470000;0.483830000
CVE-2018-14682;0.038060000;0.892000000
CVE-2018-14681;0.038060000;0.892000000
CVE-2018-14680;0.037530000;0.890360000
CVE-2018-1468;0.009630000;0.590090000
CVE-2018-14679;0.033120000;0.876160000
CVE-2018-14678;0.004090000;0.343880000
CVE-2018-14672;0.017410000;0.759990000
CVE-2018-14671;0.034220000;0.879840000
CVE-2018-14670;0.017930000;0.767130000
CVE-2018-1467;0.019870000;0.790750000
CVE-2018-14669;0.017110000;0.755950000
CVE-2018-14668;0.007160000;0.510700000
CVE-2018-14667;0.741710000;0.994460000
CVE-2018-14666;0.010470000;0.616240000
CVE-2018-14665;0.270400000;0.978880000
CVE-2018-14664;0.010740000;0.624010000
CVE-2018-14663;0.025720000;0.839740000
CVE-2018-14662;0.004470000;0.375050000
CVE-2018-14661;0.026550000;0.845140000
CVE-2018-14660;0.025150000;0.835880000
CVE-2018-1466;0.008310000;0.548750000
CVE-2018-14659;0.021720000;0.809110000
CVE-2018-14658;0.010970000;0.630830000
CVE-2018-14657;0.011590000;0.646900000
CVE-2018-14656;0.005280000;0.425730000
CVE-2018-14655;0.011940000;0.656520000
CVE-2018-14654;0.026300000;0.843470000
CVE-2018-14653;0.027690000;0.851950000
CVE-2018-14652;0.027470000;0.850670000
CVE-2018-14651;0.032250000;0.872750000
CVE-2018-14650;0.004290000;0.360930000
CVE-2018-1465;0.013450000;0.692440000
CVE-2018-14649;0.117410000;0.957420000
CVE-2018-14648;0.062900000;0.930490000
CVE-2018-14647;0.109110000;0.955290000
CVE-2018-14646;0.003930000;0.327460000
CVE-2018-14645;0.030090000;0.863670000
CVE-2018-14644;0.048390000;0.913260000
CVE-2018-14643;0.060560000;0.928200000
CVE-2018-14642;0.021140000;0.804050000
CVE-2018-14641;0.028610000;0.856890000
CVE-2018-1464;0.016520000;0.747020000
CVE-2018-14638;0.026500000;0.844670000
CVE-2018-14637;0.008140000;0.543270000
CVE-2018-14636;0.011730000;0.650820000
CVE-2018-14635;0.025270000;0.836620000
CVE-2018-14634;0.146890000;0.963990000
CVE-2018-14633;0.087430000;0.947430000
CVE-2018-14632;0.019520000;0.786990000
CVE-2018-14631;0.018030000;0.768430000
CVE-2018-14630;0.044250000;0.906190000
CVE-2018-1463;0.014230000;0.708360000
CVE-2018-14629;0.051920000;0.918330000
CVE-2018-14628;0.011680000;0.649750000
CVE-2018-14627;0.011120000;0.634600000
CVE-2018-14626;0.027210000;0.849060000
CVE-2018-14625;0.003330000;0.264270000
CVE-2018-14624;0.024510000;0.831390000
CVE-2018-14623;0.014280000;0.709440000
CVE-2018-14622;0.038610000;0.893590000
CVE-2018-14621;0.022620000;0.816580000
CVE-2018-14620;0.005970000;0.460340000
CVE-2018-1462;0.012440000;0.669650000
CVE-2018-14619;0.004300000;0.361180000
CVE-2018-14618;0.111150000;0.955990000
CVE-2018-14617;0.025440000;0.837820000
CVE-2018-14616;0.021660000;0.808570000
CVE-2018-14615;0.023060000;0.820370000
CVE-2018-14614;0.018920000;0.779910000
CVE-2018-14613;0.025120000;0.835540000
CVE-2018-14612;0.025900000;0.841050000
CVE-2018-14611;0.025180000;0.836120000
CVE-2018-14610;0.025230000;0.836410000
CVE-2018-1461;0.009830000;0.596510000
CVE-2018-14609;0.026910000;0.847390000
CVE-2018-14608;0.008760000;0.563220000
CVE-2018-14607;0.008660000;0.559780000
CVE-2018-14606;0.007800000;0.532230000
CVE-2018-14605;0.007530000;0.523560000
CVE-2018-14604;0.007430000;0.519880000
CVE-2018-14603;0.005570000;0.441550000
CVE-2018-14602;0.017950000;0.767360000
CVE-2018-14601;0.014520000;0.713910000
CVE-2018-14600;0.093410000;0.949970000
CVE-2018-1460;0.005650000;0.445940000
CVE-2018-14599;0.047990000;0.912630000
CVE-2018-14598;0.042290000;0.902410000
CVE-2018-14597;0.013420000;0.691720000
CVE-2018-14596;0.013030000;0.683010000
CVE-2018-14593;0.019000000;0.780880000
CVE-2018-14592;0.031130000;0.867890000
CVE-2018-14590;0.014400000;0.711480000
CVE-2018-1459;0.005140000;0.417210000
CVE-2018-14589;0.014800000;0.719160000
CVE-2018-14588;0.014400000;0.711480000
CVE-2018-14587;0.014800000;0.719170000
CVE-2018-14586;0.014800000;0.719170000
CVE-2018-14585;0.014800000;0.719160000
CVE-2018-14584;0.016140000;0.741120000
CVE-2018-14583;0.004940000;0.404960000
CVE-2018-14582;0.005230000;0.422620000
CVE-2018-14581;0.018380000;0.773150000
CVE-2018-1458;0.016840000;0.751950000
CVE-2018-14579;0.016040000;0.739730000
CVE-2018-14576;0.016320000;0.744010000
CVE-2018-14575;0.023770000;0.825780000
CVE-2018-14574;0.254900000;0.977900000
CVE-2018-14573;0.063940000;0.931320000
CVE-2018-14572;0.024610000;0.832140000
CVE-2018-14570;0.017650000;0.763340000
CVE-2018-1457;0.025200000;0.836250000
CVE-2018-14568;0.019990000;0.791940000
CVE-2018-14567;0.043000000;0.903830000
CVE-2018-14565;0.017530000;0.761740000
CVE-2018-14564;0.017530000;0.761730000
CVE-2018-14563;0.017530000;0.761730000
CVE-2018-14562;0.017530000;0.761730000
CVE-2018-1456;0.019970000;0.791820000
CVE-2018-14559;0.014300000;0.709710000
CVE-2018-14558;0.086720000;0.947040000
CVE-2018-14557;0.014300000;0.709710000
CVE-2018-14553;0.034350000;0.880350000
CVE-2018-14551;0.040330000;0.898090000
CVE-2018-14550;0.035410000;0.883830000
CVE-2018-1455;0.007800000;0.532260000
CVE-2018-14549;0.011860000;0.654450000
CVE-2018-14545;0.008370000;0.550710000
CVE-2018-14544;0.008370000;0.550720000
CVE-2018-14543;0.008370000;0.550720000
CVE-2018-14541;0.006630000;0.490480000
CVE-2018-1454;0.014800000;0.719200000
CVE-2018-14533;0.014910000;0.721240000
CVE-2018-14532;0.016780000;0.750890000
CVE-2018-14531;0.015950000;0.738280000
CVE-2018-1453;0.020510000;0.797660000
CVE-2018-14529;0.015400000;0.729800000
CVE-2018-14528;0.019610000;0.787960000
CVE-2018-14527;0.006750000;0.495160000
CVE-2018-14526;0.014760000;0.718540000
CVE-2018-14524;0.010580000;0.619260000
CVE-2018-14523;0.019820000;0.790180000
CVE-2018-14522;0.019640000;0.788210000
CVE-2018-14521;0.015100000;0.724820000
CVE-2018-14520;0.006830000;0.498430000
CVE-2018-1452;0.003830000;0.317040000
CVE-2018-14519;0.004850000;0.399520000
CVE-2018-14517;0.007070000;0.507320000
CVE-2018-14515;0.020020000;0.792380000
CVE-2018-14514;0.016280000;0.743250000
CVE-2018-14513;0.010950000;0.630260000
CVE-2018-14512;0.010850000;0.627190000
CVE-2018-1451;0.003830000;0.317050000
CVE-2018-14505;0.033480000;0.877450000
CVE-2018-14504;0.016300000;0.743750000
CVE-2018-14503;0.007930000;0.536320000
CVE-2018-14502;0.026860000;0.847050000
CVE-2018-14501;0.014520000;0.713840000
CVE-2018-14500;0.008180000;0.544890000
CVE-2018-1450;0.003830000;0.317040000
CVE-2018-14499;0.007930000;0.536300000
CVE-2018-14498;0.030920000;0.867060000
CVE-2018-14497;0.016430000;0.745830000
CVE-2018-14496;0.040640000;0.898770000
CVE-2018-14495;0.044120000;0.905910000
CVE-2018-14494;0.032320000;0.872940000
CVE-2018-14493;0.404340000;0.985340000
CVE-2018-14492;0.011210000;0.636850000
CVE-2018-1449;0.003830000;0.317050000
CVE-2018-14486;0.011350000;0.640340000
CVE-2018-14485;0.162870000;0.967020000
CVE-2018-14481;0.010810000;0.625810000
CVE-2018-1448;0.003840000;0.318210000
CVE-2018-14478;0.009920000;0.599280000
CVE-2018-14476;0.008740000;0.562560000
CVE-2018-14474;0.022570000;0.816230000
CVE-2018-14473;0.030700000;0.866200000
CVE-2018-14472;0.017950000;0.767350000
CVE-2018-14471;0.013520000;0.694010000
CVE-2018-14470;0.039850000;0.897040000
CVE-2018-1447;0.009310000;0.579710000
CVE-2018-14469;0.053420000;0.920020000
CVE-2018-14468;0.039850000;0.897060000
CVE-2018-14467;0.039850000;0.897060000
CVE-2018-14466;0.039850000;0.897050000
CVE-2018-14465;0.040690000;0.898880000
CVE-2018-14464;0.039850000;0.897050000
CVE-2018-14463;0.047190000;0.911370000
CVE-2018-14462;0.039850000;0.897050000
CVE-2018-14461;0.039850000;0.897060000
CVE-2018-14460;0.015610000;0.733280000
CVE-2018-14459;0.014710000;0.717810000
CVE-2018-14458;0.011430000;0.642450000
CVE-2018-14457;0.011840000;0.654050000
CVE-2018-14456;0.011840000;0.654040000
CVE-2018-14455;0.011850000;0.654330000
CVE-2018-14454;0.011840000;0.654050000
CVE-2018-14453;0.011420000;0.642160000
CVE-2018-14452;0.011850000;0.654320000
CVE-2018-14451;0.011420000;0.642170000
CVE-2018-14450;0.011840000;0.654050000
CVE-2018-1445;0.007580000;0.525110000
CVE-2018-14449;0.011850000;0.654330000
CVE-2018-14448;0.011750000;0.651690000
CVE-2018-14447;0.017620000;0.762870000
CVE-2018-14446;0.023850000;0.826370000
CVE-2018-14445;0.013740000;0.699140000
CVE-2018-14444;0.011490000;0.644160000
CVE-2018-14443;0.011160000;0.635520000
CVE-2018-14442;0.047390000;0.911740000
CVE-2018-14441;0.012050000;0.659190000
CVE-2018-14440;0.010720000;0.623470000
CVE-2018-1444;0.009490000;0.585560000
CVE-2018-14439;0.010330000;0.611800000
CVE-2018-14438;0.012000000;0.658040000
CVE-2018-14437;0.020790000;0.800490000
CVE-2018-14436;0.021090000;0.803580000
CVE-2018-14435;0.021090000;0.803590000
CVE-2018-14434;0.027740000;0.852510000
CVE-2018-14432;0.016180000;0.741830000
CVE-2018-14430;0.012550000;0.672120000
CVE-2018-1443;0.003970000;0.331660000
CVE-2018-14429;0.037480000;0.890220000
CVE-2018-14425;0.009770000;0.594890000
CVE-2018-14424;0.005320000;0.428140000
CVE-2018-14423;0.032180000;0.872420000
CVE-2018-14422;0.006750000;0.495150000
CVE-2018-14421;0.008890000;0.566520000
CVE-2018-14420;0.005230000;0.422630000
CVE-2018-1442;0.007330000;0.516880000
CVE-2018-14419;0.005180000;0.419820000
CVE-2018-14418;0.090760000;0.948930000
CVE-2018-14417;0.895750000;0.997770000
CVE-2018-14415;0.008260000;0.547290000
CVE-2018-1441;0.008940000;0.568130000
CVE-2018-14404;0.036500000;0.887300000
CVE-2018-14403;0.025960000;0.841400000
CVE-2018-14402;0.013510000;0.693880000
CVE-2018-14401;0.013510000;0.693880000
CVE-2018-1440;0.006600000;0.489550000
CVE-2018-14399;0.014720000;0.717910000
CVE-2018-14398;0.006810000;0.497840000
CVE-2018-14397;0.005450000;0.434950000
CVE-2018-14396;0.005450000;0.434960000
CVE-2018-14395;0.020350000;0.796030000
CVE-2018-14394;0.011210000;0.636960000
CVE-2018-14392;0.485570000;0.987760000
CVE-2018-1439;0.006600000;0.489510000
CVE-2018-14389;0.014520000;0.713830000
CVE-2018-14388;0.007650000;0.527590000
CVE-2018-14387;0.016320000;0.744160000
CVE-2018-14384;0.007870000;0.534630000
CVE-2018-14383;0.014810000;0.719540000
CVE-2018-14382;0.008650000;0.559510000
CVE-2018-14381;0.009570000;0.588000000
CVE-2018-14380;0.009790000;0.595400000
CVE-2018-1438;0.022900000;0.819010000
CVE-2018-14379;0.021790000;0.809690000
CVE-2018-14371;0.044250000;0.906200000
CVE-2018-14370;0.034210000;0.879800000
CVE-2018-1437;0.022910000;0.819090000
CVE-2018-14369;0.033520000;0.877590000
CVE-2018-14368;0.037730000;0.890950000
CVE-2018-14367;0.033240000;0.876570000
CVE-2018-14366;0.014820000;0.719600000
CVE-2018-14364;0.500750000;0.988150000
CVE-2018-14363;0.021800000;0.809840000
CVE-2018-14362;0.036670000;0.887800000
CVE-2018-14361;0.025040000;0.835030000
CVE-2018-14360;0.026510000;0.844760000
CVE-2018-14359;0.041310000;0.900360000
CVE-2018-14358;0.039150000;0.894970000
CVE-2018-14357;0.049540000;0.915080000
CVE-2018-14356;0.031660000;0.870180000
CVE-2018-14355;0.033170000;0.876370000
CVE-2018-14354;0.062290000;0.929870000
CVE-2018-14353;0.036980000;0.888700000
CVE-2018-14352;0.040190000;0.897800000
CVE-2018-14351;0.031660000;0.870190000
CVE-2018-14350;0.050200000;0.915970000
CVE-2018-1435;0.025150000;0.835840000
CVE-2018-14349;0.031660000;0.870190000
CVE-2018-14348;0.023160000;0.821250000
CVE-2018-14347;0.017180000;0.756850000
CVE-2018-14346;0.020890000;0.801680000
CVE-2018-14345;0.010190000;0.607580000
CVE-2018-14344;0.033510000;0.877560000
CVE-2018-14343;0.033520000;0.877590000
CVE-2018-14342;0.036960000;0.888610000
CVE-2018-14341;0.036660000;0.887780000
CVE-2018-14340;0.034500000;0.880910000
CVE-2018-1434;0.009290000;0.579190000
CVE-2018-14339;0.035150000;0.883060000
CVE-2018-14338;0.014330000;0.710280000
CVE-2018-14337;0.013920000;0.702590000
CVE-2018-14336;0.082970000;0.944900000
CVE-2018-14335;0.133890000;0.961190000
CVE-2018-14334;0.016560000;0.747650000
CVE-2018-14333;0.025950000;0.841320000
CVE-2018-14332;0.005530000;0.439270000
CVE-2018-14331;0.005230000;0.422630000
CVE-2018-1433;0.025570000;0.838730000
CVE-2018-14329;0.002470000;0.163600000
CVE-2018-14328;0.106620000;0.954540000
CVE-2018-14327;0.043870000;0.905540000
CVE-2018-14326;0.018670000;0.776910000
CVE-2018-14325;0.019760000;0.789470000
CVE-2018-14324;0.043430000;0.904640000
CVE-2018-14320;0.023590000;0.824650000
CVE-2018-1432;0.006910000;0.501460000
CVE-2018-14318;0.024890000;0.833960000
CVE-2018-14317;0.027730000;0.852260000
CVE-2018-14316;0.026290000;0.843450000
CVE-2018-14315;0.027730000;0.852250000
CVE-2018-14314;0.027730000;0.852250000
CVE-2018-14313;0.027730000;0.852180000
CVE-2018-14312;0.027730000;0.852220000
CVE-2018-14311;0.027730000;0.852230000
CVE-2018-14310;0.027730000;0.852230000
CVE-2018-1431;0.003760000;0.310130000
CVE-2018-14309;0.027730000;0.852230000
CVE-2018-14308;0.027730000;0.852310000
CVE-2018-14307;0.027730000;0.852320000
CVE-2018-14306;0.027730000;0.852320000
CVE-2018-14305;0.027730000;0.852330000
CVE-2018-14304;0.027730000;0.852300000
CVE-2018-14303;0.027730000;0.852300000
CVE-2018-14302;0.027730000;0.852300000
CVE-2018-14301;0.027730000;0.852300000
CVE-2018-14300;0.027730000;0.852290000
CVE-2018-1430;0.009680000;0.591990000
CVE-2018-14299;0.027730000;0.852290000
CVE-2018-14298;0.027730000;0.852320000
CVE-2018-14297;0.027730000;0.852250000
CVE-2018-14296;0.027730000;0.852270000
CVE-2018-14295;0.088950000;0.948230000
CVE-2018-14294;0.027730000;0.852280000
CVE-2018-14293;0.027730000;0.852270000
CVE-2018-14292;0.027730000;0.852290000
CVE-2018-14291;0.027730000;0.852200000
CVE-2018-14290;0.027730000;0.852190000
CVE-2018-1429;0.010460000;0.615880000
CVE-2018-14289;0.025360000;0.837250000
CVE-2018-14288;0.027730000;0.852190000
CVE-2018-14287;0.027730000;0.852180000
CVE-2018-14286;0.027730000;0.852180000
CVE-2018-14285;0.027730000;0.852220000
CVE-2018-14284;0.027730000;0.852220000
CVE-2018-14283;0.027730000;0.852290000
CVE-2018-14282;0.027730000;0.852310000
CVE-2018-14281;0.027730000;0.852310000
CVE-2018-14280;0.027730000;0.852350000
CVE-2018-1428;0.002880000;0.214460000
CVE-2018-14279;0.027730000;0.852350000
CVE-2018-14278;0.027730000;0.852340000
CVE-2018-14277;0.027730000;0.852350000
CVE-2018-14276;0.027730000;0.852340000
CVE-2018-14275;0.027730000;0.852240000
CVE-2018-14274;0.027730000;0.852220000
CVE-2018-14273;0.027730000;0.852210000
CVE-2018-14272;0.027730000;0.852210000
CVE-2018-14271;0.027730000;0.852240000
CVE-2018-14270;0.027730000;0.852240000
CVE-2018-1427;0.004430000;0.371700000
CVE-2018-14269;0.027730000;0.852330000
CVE-2018-14268;0.027730000;0.852240000
CVE-2018-14267;0.027730000;0.852210000
CVE-2018-14266;0.027730000;0.852360000
CVE-2018-14265;0.027730000;0.852250000
CVE-2018-14264;0.027730000;0.852160000
CVE-2018-14263;0.027730000;0.852160000
CVE-2018-14262;0.027730000;0.852160000
CVE-2018-14261;0.027730000;0.852170000
CVE-2018-14260;0.027730000;0.852190000
CVE-2018-1426;0.024590000;0.832030000
CVE-2018-14259;0.027730000;0.852280000
CVE-2018-14258;0.027730000;0.852280000
CVE-2018-14257;0.027730000;0.852360000
CVE-2018-14256;0.027730000;0.852360000
CVE-2018-14255;0.027730000;0.852360000
CVE-2018-14254;0.027730000;0.852370000
CVE-2018-14253;0.027730000;0.852370000
CVE-2018-14252;0.027730000;0.852270000
CVE-2018-14251;0.027730000;0.852260000
CVE-2018-14250;0.027730000;0.852170000
CVE-2018-1425;0.010940000;0.629830000
CVE-2018-14249;0.027730000;0.852350000
CVE-2018-14248;0.027730000;0.852320000
CVE-2018-14247;0.027730000;0.852330000
CVE-2018-14246;0.027730000;0.852330000
CVE-2018-14245;0.027730000;0.852200000
CVE-2018-14244;0.027730000;0.852200000
CVE-2018-14243;0.027730000;0.852260000
CVE-2018-14242;0.028820000;0.857890000
CVE-2018-14241;0.027730000;0.852270000
CVE-2018-1424;0.024040000;0.827880000
CVE-2018-1423;0.010920000;0.628660000
CVE-2018-1422;0.009680000;0.591920000
CVE-2018-1421;0.013940000;0.702780000
CVE-2018-1420;0.013410000;0.691620000
CVE-2018-1419;0.021210000;0.804590000
CVE-2018-1418;0.520720000;0.988690000
CVE-2018-1417;0.021450000;0.806760000
CVE-2018-1416;0.012740000;0.676920000
CVE-2018-1415;0.007290000;0.515230000
CVE-2018-1414;0.015080000;0.724460000
CVE-2018-1413;0.011090000;0.633740000
CVE-2018-1411;0.003730000;0.306690000
CVE-2018-1410;0.003760000;0.309590000
CVE-2018-1409;0.003730000;0.306690000
CVE-2018-14089;0.009260000;0.578060000
CVE-2018-14088;0.012950000;0.681450000
CVE-2018-14087;0.012490000;0.670830000
CVE-2018-14086;0.012490000;0.670830000
CVE-2018-14085;0.009260000;0.578010000
CVE-2018-14084;0.012490000;0.670830000
CVE-2018-14083;0.025290000;0.836850000
CVE-2018-14082;0.006630000;0.490480000
CVE-2018-14081;0.014560000;0.714740000
CVE-2018-14080;0.018110000;0.769470000
CVE-2018-1408;0.006600000;0.489480000
CVE-2018-14079;0.013910000;0.702370000
CVE-2018-14078;0.021550000;0.807710000
CVE-2018-14077;0.013680000;0.697580000
CVE-2018-14073;0.014520000;0.713870000
CVE-2018-14072;0.014110000;0.706080000
CVE-2018-14071;0.030540000;0.865610000
CVE-2018-1407;0.006600000;0.489470000
CVE-2018-14069;0.005020000;0.409860000
CVE-2018-14068;0.006500000;0.485250000
CVE-2018-14067;0.070160000;0.936700000
CVE-2018-14066;0.004350000;0.365470000
CVE-2018-14065;0.021770000;0.809540000
CVE-2018-14064;0.375700000;0.984180000
CVE-2018-14063;0.012050000;0.659190000
CVE-2018-14062;0.023260000;0.821970000
CVE-2018-14060;0.045160000;0.907870000
CVE-2018-14059;0.031210000;0.868320000
CVE-2018-14058;0.289500000;0.980100000
CVE-2018-14057;0.033380000;0.877080000
CVE-2018-14056;0.020170000;0.794180000
CVE-2018-14055;0.014630000;0.716120000
CVE-2018-14054;0.025960000;0.841410000
CVE-2018-14052;0.011610000;0.647790000
CVE-2018-14051;0.016560000;0.747670000
CVE-2018-14050;0.011860000;0.654450000
CVE-2018-1405;0.006600000;0.489550000
CVE-2018-14049;0.011610000;0.647800000
CVE-2018-14048;0.032410000;0.873400000
CVE-2018-14047;0.009480000;0.585320000
CVE-2018-14046;0.016880000;0.752620000
CVE-2018-14045;0.026090000;0.842230000
CVE-2018-14044;0.026030000;0.841810000
CVE-2018-14043;0.016530000;0.747150000
CVE-2018-14042;0.040090000;0.897620000
CVE-2018-14041;0.042930000;0.903670000
CVE-2018-14040;0.041350000;0.900440000
CVE-2018-1404;0.006600000;0.489550000
CVE-2018-14037;0.011740000;0.651190000
CVE-2018-14036;0.030860000;0.866800000
CVE-2018-14035;0.012390000;0.668170000
CVE-2018-14034;0.012410000;0.668650000
CVE-2018-14033;0.015610000;0.733280000
CVE-2018-14031;0.015680000;0.734310000
CVE-2018-1403;0.006600000;0.489470000
CVE-2018-14029;0.025130000;0.835620000
CVE-2018-14028;0.153540000;0.965160000
CVE-2018-14027;0.008330000;0.549500000
CVE-2018-14023;0.004700000;0.389470000
CVE-2018-14020;0.010820000;0.626340000
CVE-2018-14017;0.011720000;0.650760000
CVE-2018-14016;0.011720000;0.650760000
CVE-2018-14015;0.011790000;0.652820000
CVE-2018-14014;0.005230000;0.422660000
CVE-2018-14013;0.074360000;0.939710000
CVE-2018-14012;0.015870000;0.737060000
CVE-2018-14010;0.045160000;0.907870000
CVE-2018-1401;0.010770000;0.624790000
CVE-2018-14009;0.384440000;0.984540000
CVE-2018-14008;0.006060000;0.464960000
CVE-2018-14007;0.561470000;0.989690000
CVE-2018-14006;0.009310000;0.579730000
CVE-2018-14005;0.009310000;0.579720000
CVE-2018-14004;0.009400000;0.582760000
CVE-2018-14003;0.011910000;0.655640000
CVE-2018-14002;0.012020000;0.658510000
CVE-2018-14001;0.011840000;0.654150000
CVE-2018-13999;0.005340000;0.429250000
CVE-2018-13998;0.006700000;0.493410000
CVE-2018-13997;0.014690000;0.717300000
CVE-2018-13996;0.017530000;0.761740000
CVE-2018-13994;0.021740000;0.809350000
CVE-2018-13993;0.008560000;0.556800000
CVE-2018-13992;0.011100000;0.634050000
CVE-2018-13991;0.016400000;0.745380000
CVE-2018-13990;0.023140000;0.821070000
CVE-2018-1399;0.009310000;0.579680000
CVE-2018-13989;0.031830000;0.870850000
CVE-2018-13988;0.031500000;0.869450000
CVE-2018-13983;0.015480000;0.731110000
CVE-2018-13982;0.034630000;0.881360000
CVE-2018-13981;0.172820000;0.968650000
CVE-2018-13980;0.069020000;0.935670000
CVE-2018-1398;0.023750000;0.825670000
CVE-2018-1396;0.006310000;0.476400000
CVE-2018-1395;0.006600000;0.489430000
CVE-2018-1394;0.006600000;0.489480000
CVE-2018-1393;0.012310000;0.666600000
CVE-2018-13927;0.001820000;0.080870000
CVE-2018-13925;0.009350000;0.581190000
CVE-2018-13924;0.011120000;0.634600000
CVE-2018-13920;0.002110000;0.117040000
CVE-2018-1392;0.006350000;0.478480000
CVE-2018-13919;0.002110000;0.117030000
CVE-2018-13918;0.002260000;0.135330000
CVE-2018-13916;0.002220000;0.130990000
CVE-2018-13914;0.002120000;0.118050000
CVE-2018-13913;0.002160000;0.122910000
CVE-2018-13912;0.001970000;0.098850000
CVE-2018-13911;0.009880000;0.598210000
CVE-2018-13910;0.002080000;0.113100000
CVE-2018-1391;0.014350000;0.710620000
CVE-2018-13909;0.001380000;0.036390000
CVE-2018-13908;0.001920000;0.091540000
CVE-2018-13907;0.006650000;0.491190000
CVE-2018-13906;0.006650000;0.491340000
CVE-2018-13905;0.002530000;0.170510000
CVE-2018-13904;0.012500000;0.671070000
CVE-2018-13903;0.005620000;0.444040000
CVE-2018-13902;0.006780000;0.496530000
CVE-2018-13901;0.001950000;0.096130000
CVE-2018-13900;0.002530000;0.170510000
CVE-2018-1390;0.009490000;0.585570000
CVE-2018-13899;0.002110000;0.117030000
CVE-2018-13898;0.007330000;0.516820000
CVE-2018-13897;0.006920000;0.501740000
CVE-2018-13896;0.002100000;0.115530000
CVE-2018-13895;0.001820000;0.080870000
CVE-2018-13893;0.001510000;0.047890000
CVE-2018-1389;0.015070000;0.724150000
CVE-2018-13889;0.001840000;0.082910000
CVE-2018-13888;0.002320000;0.143430000
CVE-2018-13887;0.011180000;0.636070000
CVE-2018-13886;0.011120000;0.634600000
CVE-2018-13885;0.002040000;0.106970000
CVE-2018-1388;0.021510000;0.807390000
CVE-2018-13879;0.006180000;0.470460000
CVE-2018-13878;0.007630000;0.526820000
CVE-2018-13877;0.010540000;0.618100000
CVE-2018-13876;0.022680000;0.817010000
CVE-2018-13875;0.009450000;0.584450000
CVE-2018-13874;0.019140000;0.782480000
CVE-2018-13873;0.018530000;0.775080000
CVE-2018-13872;0.018530000;0.775180000
CVE-2018-13871;0.018530000;0.775180000
CVE-2018-13870;0.019970000;0.791820000
CVE-2018-1387;0.016700000;0.749730000
CVE-2018-13869;0.019970000;0.791820000
CVE-2018-13868;0.015420000;0.730110000
CVE-2018-13867;0.019970000;0.791820000
CVE-2018-13866;0.015430000;0.730410000
CVE-2018-13865;0.010320000;0.611450000
CVE-2018-13864;0.034180000;0.879740000
CVE-2018-13863;0.019410000;0.785770000
CVE-2018-13862;0.506010000;0.988280000
CVE-2018-13861;0.022740000;0.817570000
CVE-2018-13860;0.014050000;0.705050000
CVE-2018-1386;0.002880000;0.214280000
CVE-2018-13859;0.178710000;0.969410000
CVE-2018-13858;0.022740000;0.817570000
CVE-2018-13850;0.011770000;0.652400000
CVE-2018-13849;0.022730000;0.817510000
CVE-2018-13848;0.014110000;0.706210000
CVE-2018-13847;0.014520000;0.713970000
CVE-2018-13846;0.016780000;0.750880000
CVE-2018-13845;0.016460000;0.746300000
CVE-2018-13844;0.014410000;0.711740000
CVE-2018-13843;0.014720000;0.717980000
CVE-2018-1384;0.010550000;0.618460000
CVE-2018-13836;0.012020000;0.658520000
CVE-2018-13833;0.015870000;0.737100000
CVE-2018-13832;0.020030000;0.792480000
CVE-2018-1383;0.026770000;0.846550000
CVE-2018-13826;0.018320000;0.772310000
CVE-2018-13825;0.008990000;0.569570000
CVE-2018-13824;0.017530000;0.761680000
CVE-2018-13823;0.018830000;0.778760000
CVE-2018-13822;0.013340000;0.689810000
CVE-2018-13821;0.026810000;0.846750000
CVE-2018-13820;0.013830000;0.700800000
CVE-2018-1382;0.005400000;0.432670000
CVE-2018-13819;0.013830000;0.700800000
CVE-2018-13818;0.069900000;0.936430000
CVE-2018-13816;0.027960000;0.853560000
CVE-2018-13815;0.017990000;0.767900000
CVE-2018-13814;0.016840000;0.752000000
CVE-2018-13813;0.016810000;0.751460000
CVE-2018-13812;0.035720000;0.884680000
CVE-2018-13811;0.002400000;0.153920000
CVE-2018-13810;0.005060000;0.412400000
CVE-2018-13809;0.007940000;0.536590000
CVE-2018-13808;0.017690000;0.763900000
CVE-2018-13807;0.041800000;0.901410000
CVE-2018-13806;0.014390000;0.711420000
CVE-2018-13805;0.015330000;0.728510000
CVE-2018-13804;0.026560000;0.845160000
CVE-2018-13802;0.035740000;0.884780000
CVE-2018-13801;0.026800000;0.846700000
CVE-2018-13800;0.006260000;0.474580000
CVE-2018-1380;0.010680000;0.622500000
CVE-2018-13799;0.022520000;0.815780000
CVE-2018-13798;0.019860000;0.790600000
CVE-2018-13797;0.066640000;0.933660000
CVE-2018-13796;0.025410000;0.837640000
CVE-2018-13795;0.014560000;0.714660000
CVE-2018-13794;0.015450000;0.730700000
CVE-2018-13793;0.004600000;0.383500000
CVE-2018-13792;0.010220000;0.608670000
CVE-2018-13791;0.011290000;0.638940000
CVE-2018-13790;0.010090000;0.604750000
CVE-2018-13789;0.011580000;0.646550000
CVE-2018-13787;0.004170000;0.350920000
CVE-2018-13785;0.044700000;0.907110000
CVE-2018-13784;0.166660000;0.967760000
CVE-2018-13783;0.013980000;0.703710000
CVE-2018-13782;0.013980000;0.703750000
CVE-2018-13781;0.013850000;0.701210000
CVE-2018-13780;0.013980000;0.703730000
CVE-2018-13779;0.014110000;0.706050000
CVE-2018-13778;0.013980000;0.703750000
CVE-2018-13777;0.013980000;0.703720000
CVE-2018-13776;0.013980000;0.703720000
CVE-2018-13775;0.013980000;0.703720000
CVE-2018-13774;0.013980000;0.703720000
CVE-2018-13773;0.013700000;0.698050000
CVE-2018-13772;0.013980000;0.703700000
CVE-2018-13771;0.013980000;0.703740000
CVE-2018-13770;0.013980000;0.703750000
CVE-2018-1377;0.003200000;0.249680000
CVE-2018-13769;0.013980000;0.703740000
CVE-2018-13768;0.013980000;0.703760000
CVE-2018-13767;0.013980000;0.703750000
CVE-2018-13766;0.013980000;0.703730000
CVE-2018-13765;0.013980000;0.703710000
CVE-2018-13764;0.013980000;0.703700000
CVE-2018-13763;0.013980000;0.703760000
CVE-2018-13762;0.013980000;0.703730000
CVE-2018-13761;0.013700000;0.698040000
CVE-2018-13760;0.013850000;0.701220000
CVE-2018-1376;0.008940000;0.568120000
CVE-2018-13759;0.013980000;0.703730000
CVE-2018-13758;0.013980000;0.703710000
CVE-2018-13757;0.010940000;0.629110000
CVE-2018-13756;0.010710000;0.623190000
CVE-2018-13755;0.010940000;0.629110000
CVE-2018-13754;0.010940000;0.629180000
CVE-2018-13753;0.010710000;0.623190000
CVE-2018-13752;0.010940000;0.629180000
CVE-2018-13751;0.010940000;0.629210000
CVE-2018-13750;0.010940000;0.629170000
CVE-2018-1375;0.019550000;0.787260000
CVE-2018-13749;0.010940000;0.629150000
CVE-2018-13748;0.010940000;0.629140000
CVE-2018-13747;0.010940000;0.629130000
CVE-2018-13746;0.010940000;0.629110000
CVE-2018-13745;0.010940000;0.629110000
CVE-2018-13744;0.010940000;0.629120000
CVE-2018-13743;0.010830000;0.626620000
CVE-2018-13742;0.013980000;0.703760000
CVE-2018-13741;0.013980000;0.703740000
CVE-2018-13740;0.010940000;0.629160000
CVE-2018-1374;0.014080000;0.705640000
CVE-2018-13739;0.010940000;0.629100000
CVE-2018-13738;0.010940000;0.629190000
CVE-2018-13737;0.010940000;0.629190000
CVE-2018-13736;0.010940000;0.629220000
CVE-2018-13735;0.010940000;0.629230000
CVE-2018-13734;0.010940000;0.629220000
CVE-2018-13733;0.010940000;0.629220000
CVE-2018-13732;0.010940000;0.629200000
CVE-2018-13731;0.010940000;0.629200000
CVE-2018-13730;0.010940000;0.629200000
CVE-2018-1373;0.030420000;0.865020000
CVE-2018-13729;0.010940000;0.629210000
CVE-2018-13728;0.010940000;0.629170000
CVE-2018-13727;0.012600000;0.673300000
CVE-2018-13726;0.010940000;0.629170000
CVE-2018-13725;0.010710000;0.623190000
CVE-2018-13724;0.010940000;0.629180000
CVE-2018-13723;0.010940000;0.629170000
CVE-2018-13722;0.010940000;0.629260000
CVE-2018-13721;0.010940000;0.629260000
CVE-2018-13720;0.010940000;0.629270000
CVE-2018-1372;0.021550000;0.807710000
CVE-2018-13719;0.010940000;0.629270000
CVE-2018-13718;0.010940000;0.629270000
CVE-2018-13717;0.010940000;0.629240000
CVE-2018-13716;0.010940000;0.629230000
CVE-2018-13715;0.010940000;0.629230000
CVE-2018-13714;0.010940000;0.629250000
CVE-2018-13713;0.010940000;0.629190000
CVE-2018-13712;0.010940000;0.629240000
CVE-2018-13711;0.010940000;0.629210000
CVE-2018-13710;0.010940000;0.629210000
CVE-2018-1371;0.011520000;0.645250000
CVE-2018-13709;0.010830000;0.626690000
CVE-2018-13708;0.010710000;0.623180000
CVE-2018-13707;0.010940000;0.629220000
CVE-2018-13706;0.010940000;0.629250000
CVE-2018-13705;0.010940000;0.629250000
CVE-2018-13704;0.010940000;0.629350000
CVE-2018-13703;0.010940000;0.629350000
CVE-2018-13702;0.010940000;0.629350000
CVE-2018-13701;0.010940000;0.629360000
CVE-2018-13700;0.010940000;0.629360000
CVE-2018-1370;0.006170000;0.470270000
CVE-2018-13699;0.010830000;0.626610000
CVE-2018-13698;0.010940000;0.629340000
CVE-2018-13697;0.010940000;0.629290000
CVE-2018-13696;0.010940000;0.629350000
CVE-2018-13695;0.010940000;0.629190000
CVE-2018-13694;0.010940000;0.629240000
CVE-2018-13693;0.010940000;0.629240000
CVE-2018-13692;0.010940000;0.629260000
CVE-2018-13691;0.010710000;0.623200000
CVE-2018-13690;0.010940000;0.629290000
CVE-2018-1369;0.010520000;0.617490000
CVE-2018-13689;0.010940000;0.629280000
CVE-2018-13688;0.010940000;0.629280000
CVE-2018-13687;0.010940000;0.629280000
CVE-2018-13686;0.010830000;0.626670000
CVE-2018-13685;0.010710000;0.623200000
CVE-2018-13684;0.010940000;0.629280000
CVE-2018-13683;0.010940000;0.629380000
CVE-2018-13682;0.010940000;0.629390000
CVE-2018-13681;0.010940000;0.629390000
CVE-2018-13680;0.010940000;0.629290000
CVE-2018-1368;0.002870000;0.213650000
CVE-2018-13679;0.010940000;0.629330000
CVE-2018-13678;0.010940000;0.629340000
CVE-2018-13677;0.010940000;0.629330000
CVE-2018-13676;0.010610000;0.620240000
CVE-2018-13675;0.010940000;0.629320000
CVE-2018-13674;0.010940000;0.629380000
CVE-2018-13673;0.010940000;0.629430000
CVE-2018-13672;0.010940000;0.629430000
CVE-2018-13671;0.010940000;0.629440000
CVE-2018-13670;0.010830000;0.626650000
CVE-2018-13669;0.010940000;0.629440000
CVE-2018-13668;0.010940000;0.629440000
CVE-2018-13667;0.010940000;0.629440000
CVE-2018-13666;0.010940000;0.629450000
CVE-2018-13665;0.010940000;0.629370000
CVE-2018-13664;0.010940000;0.629360000
CVE-2018-13663;0.010940000;0.629380000
CVE-2018-13662;0.010940000;0.629390000
CVE-2018-13661;0.010940000;0.629390000
CVE-2018-13660;0.010940000;0.629300000
CVE-2018-1366;0.009150000;0.574740000
CVE-2018-13659;0.010940000;0.629300000
CVE-2018-13658;0.010940000;0.629400000
CVE-2018-13657;0.010940000;0.629400000
CVE-2018-13656;0.010710000;0.623210000
CVE-2018-13655;0.010940000;0.629410000
CVE-2018-13654;0.010940000;0.629410000
CVE-2018-13653;0.010940000;0.629410000
CVE-2018-13652;0.010940000;0.629410000
CVE-2018-13651;0.010940000;0.629420000
CVE-2018-13650;0.010940000;0.629420000
CVE-2018-13649;0.010940000;0.629420000
CVE-2018-13648;0.010940000;0.629500000
CVE-2018-13647;0.010940000;0.629360000
CVE-2018-13646;0.010940000;0.629270000
CVE-2018-13645;0.010940000;0.629370000
CVE-2018-13644;0.010940000;0.629370000
CVE-2018-13643;0.010940000;0.629380000
CVE-2018-13642;0.010940000;0.629520000
CVE-2018-13641;0.010940000;0.629520000
CVE-2018-13640;0.010940000;0.629520000
CVE-2018-1364;0.023740000;0.825580000
CVE-2018-13639;0.010710000;0.623200000
CVE-2018-13638;0.010940000;0.629520000
CVE-2018-13637;0.010940000;0.629510000
CVE-2018-13636;0.010940000;0.629510000
CVE-2018-13635;0.010940000;0.629510000
CVE-2018-13634;0.010940000;0.629540000
CVE-2018-13633;0.010940000;0.629530000
CVE-2018-13632;0.010940000;0.629530000
CVE-2018-13631;0.010940000;0.629530000
CVE-2018-13630;0.010940000;0.629430000
CVE-2018-1363;0.009680000;0.591900000
CVE-2018-13629;0.010940000;0.629430000
CVE-2018-13628;0.010940000;0.629500000
CVE-2018-13627;0.010940000;0.629400000
CVE-2018-13626;0.010940000;0.629570000
CVE-2018-13625;0.010940000;0.629590000
CVE-2018-13624;0.010940000;0.629580000
CVE-2018-13623;0.009880000;0.598070000
CVE-2018-13622;0.010240000;0.609360000
CVE-2018-13621;0.010240000;0.609480000
CVE-2018-13620;0.010240000;0.609480000
CVE-2018-1362;0.005850000;0.455230000
CVE-2018-13619;0.010240000;0.609470000
CVE-2018-13618;0.009880000;0.598030000
CVE-2018-13617;0.010240000;0.609490000
CVE-2018-13616;0.010240000;0.609480000
CVE-2018-13615;0.010240000;0.609400000
CVE-2018-13614;0.010240000;0.609440000
CVE-2018-13613;0.010240000;0.609450000
CVE-2018-13612;0.010240000;0.609450000
CVE-2018-13611;0.010240000;0.609440000
CVE-2018-13610;0.010240000;0.609390000
CVE-2018-1361;0.010770000;0.624770000
CVE-2018-13609;0.010240000;0.609390000
CVE-2018-13608;0.010240000;0.609410000
CVE-2018-13607;0.010240000;0.609420000
CVE-2018-13606;0.010240000;0.609410000
CVE-2018-13605;0.009880000;0.598040000
CVE-2018-13604;0.010240000;0.609410000
CVE-2018-13603;0.010240000;0.609460000
CVE-2018-13602;0.010150000;0.606450000
CVE-2018-13601;0.010240000;0.609460000
CVE-2018-13600;0.010240000;0.609460000
CVE-2018-1360;0.008630000;0.558840000
CVE-2018-13599;0.010240000;0.609450000
CVE-2018-13598;0.010240000;0.609470000
CVE-2018-13597;0.010940000;0.629580000
CVE-2018-13596;0.010940000;0.629570000
CVE-2018-13595;0.010940000;0.629560000
CVE-2018-13594;0.010940000;0.629540000
CVE-2018-13593;0.010940000;0.629610000
CVE-2018-13592;0.010940000;0.629600000
CVE-2018-13591;0.010940000;0.629600000
CVE-2018-13590;0.010940000;0.629600000
CVE-2018-13589;0.010940000;0.629590000
CVE-2018-13588;0.010940000;0.629620000
CVE-2018-13587;0.010240000;0.609330000
CVE-2018-13586;0.010240000;0.609330000
CVE-2018-13585;0.013100000;0.684520000
CVE-2018-13584;0.013100000;0.684520000
CVE-2018-13583;0.010240000;0.609340000
CVE-2018-13582;0.010240000;0.609340000
CVE-2018-13581;0.010150000;0.606440000
CVE-2018-13580;0.010240000;0.609340000
CVE-2018-13579;0.010240000;0.609380000
CVE-2018-13578;0.010240000;0.609290000
CVE-2018-13577;0.009880000;0.598050000
CVE-2018-13576;0.009880000;0.598100000
CVE-2018-13575;0.010240000;0.609290000
CVE-2018-13574;0.010940000;0.629470000
CVE-2018-13573;0.010940000;0.629460000
CVE-2018-13572;0.010940000;0.629610000
CVE-2018-13571;0.010940000;0.629610000
CVE-2018-13570;0.010940000;0.629470000
CVE-2018-13569;0.010940000;0.629600000
CVE-2018-13568;0.010940000;0.629590000
CVE-2018-13567;0.010940000;0.629620000
CVE-2018-13566;0.010940000;0.629620000
CVE-2018-13565;0.010940000;0.629610000
CVE-2018-13564;0.010940000;0.629580000
CVE-2018-13563;0.010940000;0.629580000
CVE-2018-13562;0.010940000;0.629480000
CVE-2018-13561;0.010940000;0.629480000
CVE-2018-13560;0.010940000;0.629550000
CVE-2018-1356;0.009230000;0.576980000
CVE-2018-13559;0.010240000;0.609310000
CVE-2018-13558;0.010240000;0.609310000
CVE-2018-13557;0.010240000;0.609310000
CVE-2018-13556;0.010240000;0.609300000
CVE-2018-13555;0.010240000;0.609300000
CVE-2018-13554;0.010240000;0.609300000
CVE-2018-13553;0.010240000;0.609300000
CVE-2018-13552;0.010240000;0.609370000
CVE-2018-13551;0.010240000;0.609360000
CVE-2018-13550;0.009880000;0.598050000
CVE-2018-1355;0.016220000;0.742400000
CVE-2018-13549;0.010240000;0.609360000
CVE-2018-13548;0.010240000;0.609290000
CVE-2018-13547;0.009880000;0.598040000
CVE-2018-13546;0.010240000;0.609320000
CVE-2018-13545;0.010240000;0.609330000
CVE-2018-13544;0.010940000;0.629320000
CVE-2018-13543;0.010830000;0.626640000
CVE-2018-13542;0.010940000;0.629340000
CVE-2018-13541;0.010940000;0.629330000
CVE-2018-13540;0.010940000;0.629330000
CVE-2018-1354;0.016830000;0.751870000
CVE-2018-13539;0.010760000;0.624410000
CVE-2018-13538;0.010940000;0.629550000
CVE-2018-13537;0.010940000;0.629540000
CVE-2018-13536;0.010940000;0.629540000
CVE-2018-13535;0.010940000;0.629490000
CVE-2018-13534;0.010830000;0.626630000
CVE-2018-13533;0.010830000;0.626630000
CVE-2018-13532;0.010940000;0.629490000
CVE-2018-13531;0.010940000;0.629490000
CVE-2018-13530;0.010940000;0.629160000
CVE-2018-1353;0.006960000;0.503380000
CVE-2018-13529;0.010940000;0.629160000
CVE-2018-13528;0.010940000;0.629160000
CVE-2018-13527;0.010940000;0.629150000
CVE-2018-13526;0.010940000;0.629140000
CVE-2018-13525;0.010940000;0.629630000
CVE-2018-13524;0.010940000;0.629630000
CVE-2018-13523;0.010240000;0.609350000
CVE-2018-13522;0.010240000;0.609350000
CVE-2018-13521;0.010240000;0.609340000
CVE-2018-13520;0.010240000;0.609350000
CVE-2018-1352;0.011910000;0.655840000
CVE-2018-13519;0.010240000;0.609330000
CVE-2018-13518;0.010240000;0.609320000
CVE-2018-13517;0.010240000;0.609320000
CVE-2018-13516;0.010240000;0.609310000
CVE-2018-13515;0.010240000;0.609360000
CVE-2018-13514;0.010240000;0.609470000
CVE-2018-13513;0.010240000;0.609390000
CVE-2018-13512;0.010150000;0.606440000
CVE-2018-13511;0.010240000;0.609380000
CVE-2018-13510;0.009880000;0.598110000
CVE-2018-1351;0.011930000;0.656290000
CVE-2018-13509;0.010240000;0.609400000
CVE-2018-13508;0.010150000;0.606450000
CVE-2018-13507;0.010240000;0.609440000
CVE-2018-13506;0.010240000;0.609440000
CVE-2018-13505;0.010240000;0.609430000
CVE-2018-13504;0.010150000;0.606440000
CVE-2018-13503;0.009880000;0.598110000
CVE-2018-13502;0.010240000;0.609390000
CVE-2018-13501;0.010940000;0.629650000
CVE-2018-13500;0.010940000;0.629140000
CVE-2018-1350;0.007920000;0.535920000
CVE-2018-13499;0.010940000;0.629150000
CVE-2018-13498;0.010940000;0.629640000
CVE-2018-13497;0.010940000;0.629460000
CVE-2018-13496;0.010940000;0.629460000
CVE-2018-13495;0.010830000;0.626640000
CVE-2018-13494;0.010240000;0.609370000
CVE-2018-13493;0.010240000;0.609380000
CVE-2018-13492;0.013100000;0.684520000
CVE-2018-13491;0.010240000;0.609450000
CVE-2018-13490;0.010240000;0.609420000
CVE-2018-1349;0.007920000;0.535910000
CVE-2018-13489;0.010240000;0.609420000
CVE-2018-13488;0.009880000;0.598150000
CVE-2018-13487;0.010240000;0.609480000
CVE-2018-13486;0.010240000;0.609400000
CVE-2018-13485;0.010240000;0.609420000
CVE-2018-13484;0.010240000;0.609410000
CVE-2018-13483;0.010240000;0.609470000
CVE-2018-13482;0.010240000;0.609430000
CVE-2018-13481;0.010830000;0.626680000
CVE-2018-13480;0.010940000;0.629450000
CVE-2018-1348;0.010560000;0.618610000
CVE-2018-13479;0.010830000;0.626690000
CVE-2018-13478;0.010830000;0.626680000
CVE-2018-13477;0.010830000;0.626610000
CVE-2018-13476;0.010940000;0.629460000
CVE-2018-13475;0.010940000;0.629450000
CVE-2018-13474;0.010830000;0.626670000
CVE-2018-13473;0.010830000;0.626670000
CVE-2018-13472;0.010940000;0.629100000
CVE-2018-13471;0.010830000;0.626680000
CVE-2018-13470;0.010940000;0.629100000
CVE-2018-1347;0.007430000;0.520100000
CVE-2018-13469;0.010940000;0.629650000
CVE-2018-13468;0.010940000;0.629640000
CVE-2018-13467;0.010830000;0.626670000
CVE-2018-13466;0.010940000;0.629650000
CVE-2018-13465;0.010940000;0.629500000
CVE-2018-13464;0.010940000;0.629500000
CVE-2018-13463;0.010240000;0.609430000
CVE-2018-13462;0.010940000;0.629490000
CVE-2018-1346;0.012630000;0.674310000
CVE-2018-13458;0.045100000;0.907770000
CVE-2018-13457;0.045100000;0.907770000
CVE-2018-13450;0.019180000;0.783100000
CVE-2018-1345;0.006610000;0.489910000
CVE-2018-13449;0.019180000;0.783090000
CVE-2018-13448;0.019180000;0.783100000
CVE-2018-13447;0.019370000;0.785330000
CVE-2018-13446;0.003530000;0.286750000
CVE-2018-13445;0.005230000;0.422640000
CVE-2018-13444;0.005230000;0.422650000
CVE-2018-13443;0.020540000;0.798030000
CVE-2018-13442;0.016650000;0.748960000
CVE-2018-13441;0.013420000;0.691720000
CVE-2018-13440;0.031130000;0.867860000
CVE-2018-1344;0.008760000;0.563150000
CVE-2018-13439;0.019030000;0.781200000
CVE-2018-13435;0.003580000;0.291000000
CVE-2018-13434;0.003580000;0.291000000
CVE-2018-13433;0.008650000;0.559450000
CVE-2018-1343;0.013620000;0.696390000
CVE-2018-13423;0.008860000;0.565700000
CVE-2018-13422;0.008220000;0.546060000
CVE-2018-13421;0.018040000;0.768560000
CVE-2018-13420;0.015270000;0.727460000
CVE-2018-1342;0.011690000;0.649760000
CVE-2018-13419;0.012670000;0.675280000
CVE-2018-13418;0.051850000;0.918220000
CVE-2018-13417;0.206950000;0.973410000
CVE-2018-13416;0.201850000;0.972590000
CVE-2018-13415;0.318090000;0.981620000
CVE-2018-13412;0.004990000;0.408430000
CVE-2018-13411;0.034730000;0.881700000
CVE-2018-13410;0.039770000;0.896840000
CVE-2018-13409;0.007070000;0.507310000
CVE-2018-13408;0.007070000;0.507320000
CVE-2018-13407;0.003840000;0.317900000
CVE-2018-13406;0.005310000;0.427770000
CVE-2018-13405;0.010100000;0.604910000
CVE-2018-13404;0.011420000;0.642050000
CVE-2018-13403;0.009440000;0.584120000
CVE-2018-13402;0.013630000;0.696650000
CVE-2018-13401;0.013630000;0.696660000
CVE-2018-13400;0.014360000;0.710930000
CVE-2018-1340;0.021000000;0.802790000
CVE-2018-13399;0.002560000;0.175470000
CVE-2018-13398;0.005340000;0.429210000
CVE-2018-13397;0.021120000;0.803870000
CVE-2018-13396;0.019460000;0.786260000
CVE-2018-13395;0.010080000;0.604390000
CVE-2018-13394;0.008410000;0.551540000
CVE-2018-13393;0.008000000;0.538600000
CVE-2018-13392;0.016770000;0.750740000
CVE-2018-13391;0.017960000;0.767430000
CVE-2018-13390;0.004670000;0.387840000
CVE-2018-1339;0.026480000;0.844600000
CVE-2018-13389;0.009980000;0.601090000
CVE-2018-13388;0.008610000;0.558060000
CVE-2018-13387;0.014500000;0.713360000
CVE-2018-13386;0.015910000;0.737660000
CVE-2018-13385;0.022140000;0.812810000
CVE-2018-13384;0.013580000;0.695560000
CVE-2018-13383;0.336470000;0.982570000
CVE-2018-13382;0.816910000;0.996160000
CVE-2018-13381;0.017530000;0.761760000
CVE-2018-13380;0.624740000;0.991210000
CVE-2018-1338;0.019840000;0.790360000
CVE-2018-13379;0.999990000;0.999940000
CVE-2018-13378;0.012620000;0.673880000
CVE-2018-13376;0.021190000;0.804490000
CVE-2018-13375;0.006470000;0.483810000
CVE-2018-13374;0.380880000;0.984390000
CVE-2018-13371;0.013080000;0.684000000
CVE-2018-1337;0.051750000;0.918110000
CVE-2018-13368;0.007650000;0.527290000
CVE-2018-13367;0.009090000;0.572810000
CVE-2018-13366;0.008700000;0.560920000
CVE-2018-13365;0.009090000;0.573040000
CVE-2018-13361;0.169310000;0.968160000
CVE-2018-13360;0.013240000;0.687580000
CVE-2018-1336;0.205990000;0.973240000
CVE-2018-13359;0.198800000;0.972160000
CVE-2018-13358;0.249460000;0.977440000
CVE-2018-13357;0.008520000;0.554960000
CVE-2018-13356;0.020070000;0.793260000
CVE-2018-13355;0.010650000;0.621310000
CVE-2018-13354;0.228550000;0.975610000
CVE-2018-13353;0.059450000;0.927010000
CVE-2018-13352;0.019350000;0.784940000
CVE-2018-13351;0.008560000;0.556750000
CVE-2018-13350;0.166610000;0.967760000
CVE-2018-1335;0.939720000;0.998390000
CVE-2018-13349;0.010820000;0.626140000
CVE-2018-13348;0.021040000;0.803150000
CVE-2018-13347;0.026650000;0.845760000
CVE-2018-13346;0.023560000;0.824440000
CVE-2018-13342;0.011420000;0.642040000
CVE-2018-13341;0.036320000;0.886520000
CVE-2018-13340;0.006500000;0.485220000
CVE-2018-1334;0.005090000;0.413940000
CVE-2018-13339;0.009370000;0.581750000
CVE-2018-13338;0.102260000;0.953120000
CVE-2018-13337;0.011880000;0.655170000
CVE-2018-13336;0.091000000;0.949040000
CVE-2018-13335;0.008520000;0.554960000
CVE-2018-13334;0.010820000;0.626140000
CVE-2018-13333;0.010820000;0.626140000
CVE-2018-13332;0.023480000;0.823790000
CVE-2018-13331;0.010820000;0.626140000
CVE-2018-13330;0.081360000;0.943980000
CVE-2018-1333;0.171030000;0.968400000
CVE-2018-13329;0.010820000;0.626150000
CVE-2018-13328;0.009280000;0.578420000
CVE-2018-13327;0.012290000;0.666120000
CVE-2018-13326;0.012290000;0.666120000
CVE-2018-13325;0.009360000;0.581630000
CVE-2018-13324;0.231700000;0.975910000
CVE-2018-13323;0.006920000;0.502010000
CVE-2018-13322;0.013080000;0.684010000
CVE-2018-13321;0.009930000;0.599440000
CVE-2018-13320;0.027760000;0.852650000
CVE-2018-1332;0.014650000;0.716540000
CVE-2018-13319;0.012310000;0.666550000
CVE-2018-13318;0.027760000;0.852650000
CVE-2018-13317;0.009910000;0.598980000
CVE-2018-13316;0.031950000;0.871320000
CVE-2018-13315;0.015550000;0.732550000
CVE-2018-13314;0.031950000;0.871330000
CVE-2018-13313;0.010150000;0.606500000
CVE-2018-13312;0.006920000;0.502010000
CVE-2018-13311;0.024950000;0.834360000
CVE-2018-13310;0.006720000;0.493840000
CVE-2018-1331;0.044810000;0.907260000
CVE-2018-13309;0.007070000;0.507300000
CVE-2018-13308;0.006920000;0.501990000
CVE-2018-13307;0.031950000;0.871320000
CVE-2018-13306;0.031950000;0.871330000
CVE-2018-13305;0.014110000;0.706140000
CVE-2018-13304;0.011430000;0.642350000
CVE-2018-13303;0.014260000;0.709140000
CVE-2018-13302;0.022100000;0.812450000
CVE-2018-13301;0.014130000;0.706600000
CVE-2018-13300;0.023010000;0.819910000
CVE-2018-1330;0.036740000;0.888000000
CVE-2018-13299;0.013640000;0.696770000
CVE-2018-13298;0.009360000;0.581620000
CVE-2018-13297;0.014860000;0.720320000
CVE-2018-13296;0.017620000;0.762850000
CVE-2018-13295;0.012870000;0.679720000
CVE-2018-13294;0.012870000;0.679720000
CVE-2018-13293;0.008030000;0.539690000
CVE-2018-13292;0.013100000;0.684570000
CVE-2018-13291;0.011880000;0.655170000
CVE-2018-13290;0.013100000;0.684570000
CVE-2018-13289;0.016380000;0.745030000
CVE-2018-13288;0.014860000;0.720310000
CVE-2018-13287;0.013440000;0.692170000
CVE-2018-13286;0.013050000;0.683510000
CVE-2018-13285;0.023760000;0.825760000
CVE-2018-13284;0.023080000;0.820550000
CVE-2018-13283;0.013840000;0.700980000
CVE-2018-13282;0.009600000;0.588690000
CVE-2018-13281;0.011780000;0.652600000
CVE-2018-13280;0.006340000;0.477770000
CVE-2018-1328;0.060150000;0.927750000
CVE-2018-1327;0.088090000;0.947760000
CVE-2018-13259;0.027230000;0.849150000
CVE-2018-13258;0.020560000;0.798200000
CVE-2018-13257;0.012100000;0.661070000
CVE-2018-13256;0.010490000;0.616510000
CVE-2018-13252;0.006550000;0.487110000
CVE-2018-13251;0.014560000;0.714600000
CVE-2018-13250;0.014560000;0.714600000
CVE-2018-1325;0.008400000;0.551360000
CVE-2018-1324;0.036810000;0.888170000
CVE-2018-13233;0.009880000;0.598090000
CVE-2018-13232;0.010330000;0.611780000
CVE-2018-13231;0.010330000;0.611790000
CVE-2018-13230;0.010330000;0.611780000
CVE-2018-1323;0.463970000;0.987220000
CVE-2018-13229;0.010330000;0.611800000
CVE-2018-13228;0.010330000;0.611780000
CVE-2018-13227;0.010330000;0.611790000
CVE-2018-13226;0.010330000;0.611780000
CVE-2018-13225;0.010330000;0.611790000
CVE-2018-13224;0.009880000;0.598070000
CVE-2018-13223;0.009880000;0.598090000
CVE-2018-13222;0.009880000;0.598080000
CVE-2018-13221;0.009880000;0.598100000
CVE-2018-13220;0.009880000;0.598040000
CVE-2018-1322;0.201160000;0.972450000
CVE-2018-13219;0.009880000;0.598110000
CVE-2018-13218;0.009880000;0.598150000
CVE-2018-13217;0.009880000;0.598150000
CVE-2018-13216;0.009880000;0.598100000
CVE-2018-13215;0.009880000;0.598080000
CVE-2018-13214;0.009880000;0.598040000
CVE-2018-13213;0.009880000;0.598080000
CVE-2018-13212;0.009880000;0.598070000
CVE-2018-13211;0.009880000;0.598120000
CVE-2018-13210;0.009880000;0.598120000
CVE-2018-1321;0.176810000;0.969170000
CVE-2018-13209;0.009880000;0.598110000
CVE-2018-13208;0.009880000;0.598050000
CVE-2018-13207;0.009880000;0.598120000
CVE-2018-13206;0.009880000;0.598100000
CVE-2018-13205;0.009880000;0.598130000
CVE-2018-13204;0.009880000;0.598130000
CVE-2018-13203;0.010150000;0.606430000
CVE-2018-13202;0.009880000;0.598140000
CVE-2018-13201;0.009880000;0.598140000
CVE-2018-13200;0.009880000;0.598060000
CVE-2018-1320;0.081880000;0.944310000
CVE-2018-13199;0.008900000;0.566840000
CVE-2018-13198;0.009880000;0.598080000
CVE-2018-13197;0.009880000;0.598090000
CVE-2018-13196;0.009880000;0.598130000
CVE-2018-13195;0.010830000;0.626620000
CVE-2018-13194;0.010830000;0.626630000
CVE-2018-13193;0.010940000;0.629630000
CVE-2018-13192;0.010940000;0.629630000
CVE-2018-13191;0.010830000;0.626640000
CVE-2018-13190;0.010940000;0.629130000
CVE-2018-1319;0.022040000;0.811980000
CVE-2018-13189;0.010940000;0.629130000
CVE-2018-13188;0.010940000;0.629140000
CVE-2018-13187;0.010610000;0.620240000
CVE-2018-13186;0.010940000;0.629130000
CVE-2018-13185;0.010940000;0.629120000
CVE-2018-13184;0.010940000;0.629120000
CVE-2018-13183;0.010830000;0.626620000
CVE-2018-13182;0.010940000;0.629650000
CVE-2018-13181;0.010830000;0.626630000
CVE-2018-13180;0.010830000;0.626660000
CVE-2018-1318;0.077240000;0.941560000
CVE-2018-13179;0.010830000;0.626660000
CVE-2018-13178;0.010830000;0.626660000
CVE-2018-13177;0.010830000;0.626660000
CVE-2018-13176;0.010830000;0.626650000
CVE-2018-13175;0.010940000;0.629320000
CVE-2018-13174;0.010940000;0.629300000
CVE-2018-13173;0.010940000;0.629310000
CVE-2018-13172;0.010940000;0.629310000
CVE-2018-13171;0.010940000;0.629310000
CVE-2018-13170;0.010830000;0.626650000
CVE-2018-1317;0.045800000;0.909140000
CVE-2018-13169;0.010830000;0.626640000
CVE-2018-13168;0.010710000;0.623200000
CVE-2018-13167;0.010940000;0.629320000
CVE-2018-13166;0.010940000;0.629250000
CVE-2018-13165;0.010940000;0.629640000
CVE-2018-13164;0.010940000;0.629300000
CVE-2018-13163;0.009950000;0.600110000
CVE-2018-13162;0.009950000;0.600110000
CVE-2018-13161;0.010940000;0.629570000
CVE-2018-13160;0.010940000;0.629570000
CVE-2018-1316;0.031380000;0.868940000
CVE-2018-13159;0.010940000;0.629560000
CVE-2018-13158;0.010940000;0.629560000
CVE-2018-13157;0.010940000;0.629550000
CVE-2018-13156;0.010940000;0.629550000
CVE-2018-13155;0.009800000;0.595840000
CVE-2018-13153;0.039650000;0.896520000
CVE-2018-1315;0.017800000;0.765340000
CVE-2018-13146;0.008800000;0.564080000
CVE-2018-13145;0.008800000;0.564080000
CVE-2018-13144;0.012660000;0.674940000
CVE-2018-13140;0.066310000;0.933410000
CVE-2018-1314;0.019880000;0.790880000
CVE-2018-13139;0.035740000;0.884740000
CVE-2018-13137;0.011870000;0.654740000
CVE-2018-13136;0.014810000;0.719470000
CVE-2018-13134;0.023280000;0.822150000
CVE-2018-13133;0.003290000;0.259450000
CVE-2018-13132;0.009880000;0.598050000
CVE-2018-13131;0.010240000;0.609370000
CVE-2018-13130;0.009880000;0.598060000
CVE-2018-1313;0.045040000;0.907690000
CVE-2018-13129;0.009230000;0.576770000
CVE-2018-13128;0.009880000;0.598060000
CVE-2018-13127;0.010240000;0.609370000
CVE-2018-13126;0.009880000;0.598070000
CVE-2018-13123;0.014310000;0.709940000
CVE-2018-13122;0.007760000;0.531070000
CVE-2018-13121;0.008670000;0.560100000
CVE-2018-1312;0.158850000;0.966300000
CVE-2018-13116;0.011350000;0.640510000
CVE-2018-13115;0.010160000;0.606830000
CVE-2018-13114;0.018980000;0.780600000
CVE-2018-13113;0.012660000;0.674940000
CVE-2018-13112;0.022650000;0.816820000
CVE-2018-13111;0.008760000;0.562970000
CVE-2018-13110;0.064890000;0.932230000
CVE-2018-1311;0.095030000;0.950590000
CVE-2018-13109;0.358620000;0.983460000
CVE-2018-13108;0.015830000;0.736500000
CVE-2018-13106;0.006700000;0.493400000
CVE-2018-13104;0.007650000;0.527430000
CVE-2018-13103;0.008370000;0.550560000
CVE-2018-13102;0.011250000;0.637940000
CVE-2018-13101;0.024130000;0.828580000
CVE-2018-13100;0.023580000;0.824630000
CVE-2018-1310;0.031760000;0.870570000
CVE-2018-13099;0.025000000;0.834690000
CVE-2018-13098;0.012890000;0.680130000
CVE-2018-13097;0.017910000;0.766760000
CVE-2018-13096;0.025890000;0.840810000
CVE-2018-13095;0.015340000;0.728770000
CVE-2018-13094;0.021790000;0.809710000
CVE-2018-13093;0.017250000;0.757670000
CVE-2018-13092;0.009260000;0.578000000
CVE-2018-13091;0.009260000;0.578010000
CVE-2018-13090;0.009260000;0.578020000
CVE-2018-1309;0.045200000;0.907950000
CVE-2018-13089;0.009260000;0.578060000
CVE-2018-13088;0.009170000;0.575490000
CVE-2018-13087;0.009170000;0.575500000
CVE-2018-13086;0.009260000;0.578060000
CVE-2018-13085;0.009260000;0.578030000
CVE-2018-13084;0.009170000;0.575510000
CVE-2018-13083;0.009170000;0.575510000
CVE-2018-13082;0.009170000;0.575480000
CVE-2018-13081;0.009170000;0.575500000
CVE-2018-13080;0.009260000;0.578020000
CVE-2018-1308;0.211920000;0.973980000
CVE-2018-13079;0.009260000;0.578070000
CVE-2018-13078;0.009260000;0.578060000
CVE-2018-13077;0.009260000;0.578070000
CVE-2018-13076;0.009260000;0.578070000
CVE-2018-13075;0.009170000;0.575510000
CVE-2018-13074;0.009260000;0.578020000
CVE-2018-13073;0.009260000;0.578030000
CVE-2018-13072;0.009260000;0.578000000
CVE-2018-13071;0.009170000;0.575500000
CVE-2018-13070;0.009260000;0.578040000
CVE-2018-1307;0.016710000;0.749860000
CVE-2018-13069;0.009260000;0.578050000
CVE-2018-13068;0.009260000;0.578050000
CVE-2018-13067;0.007160000;0.510440000
CVE-2018-13066;0.014100000;0.705920000
CVE-2018-13065;0.013530000;0.694420000
CVE-2018-13063;0.012780000;0.677770000
CVE-2018-13060;0.009170000;0.575340000
CVE-2018-1306;0.438950000;0.986470000
CVE-2018-13056;0.012540000;0.671910000
CVE-2018-13055;0.015100000;0.724750000
CVE-2018-13054;0.022010000;0.811730000
CVE-2018-13053;0.005130000;0.416280000
CVE-2018-13052;0.012050000;0.659180000
CVE-2018-13050;0.398380000;0.985110000
CVE-2018-1305;0.144720000;0.963540000
CVE-2018-13049;0.012180000;0.662900000
CVE-2018-13045;0.032130000;0.872120000
CVE-2018-13043;0.024760000;0.833160000
CVE-2018-13042;0.078900000;0.942590000
CVE-2018-13041;0.009170000;0.575520000
CVE-2018-13040;0.006500000;0.485250000
CVE-2018-1304;0.170700000;0.968360000
CVE-2018-13039;0.008650000;0.559460000
CVE-2018-13038;0.017700000;0.764120000
CVE-2018-13037;0.015730000;0.735190000
CVE-2018-13034;0.017970000;0.767580000
CVE-2018-13033;0.030950000;0.867190000
CVE-2018-13032;0.022770000;0.817880000
CVE-2018-13031;0.010940000;0.629670000
CVE-2018-13030;0.015730000;0.735190000
CVE-2018-1303;0.702790000;0.993330000
CVE-2018-13026;0.015520000;0.732010000
CVE-2018-13025;0.008480000;0.553810000
CVE-2018-13024;0.014070000;0.705480000
CVE-2018-13023;0.239550000;0.976620000
CVE-2018-13022;0.006920000;0.502020000
CVE-2018-13021;0.022040000;0.811950000
CVE-2018-1302;0.131750000;0.960650000
CVE-2018-13014;0.002660000;0.187110000
CVE-2018-13013;0.001910000;0.091440000
CVE-2018-13012;0.005040000;0.411450000
CVE-2018-13011;0.017680000;0.763740000
CVE-2018-13010;0.005170000;0.419110000
CVE-2018-1301;0.152640000;0.965010000
CVE-2018-13009;0.017680000;0.763740000
CVE-2018-13008;0.017680000;0.763750000
CVE-2018-13007;0.017680000;0.763750000
CVE-2018-13006;0.023060000;0.820370000
CVE-2018-13005;0.025420000;0.837660000
CVE-2018-13003;0.006720000;0.493860000
CVE-2018-13002;0.009350000;0.581140000
CVE-2018-13001;0.008130000;0.542910000
CVE-2018-13000;0.009350000;0.581140000
CVE-2018-12999;0.086410000;0.946850000
CVE-2018-12998;0.992930000;0.999360000
CVE-2018-12997;0.067060000;0.933980000
CVE-2018-12996;0.034560000;0.881110000
CVE-2018-12995;0.012170000;0.662800000
CVE-2018-12994;0.012170000;0.662800000
CVE-2018-12993;0.011730000;0.651060000
CVE-2018-12992;0.005290000;0.426280000
CVE-2018-12990;0.011770000;0.652040000
CVE-2018-1299;0.030010000;0.863340000
CVE-2018-12989;0.003140000;0.243120000
CVE-2018-12988;0.015860000;0.736920000
CVE-2018-12984;0.026140000;0.842450000
CVE-2018-12983;0.009880000;0.598160000
CVE-2018-12982;0.010750000;0.624230000
CVE-2018-12981;0.051750000;0.918110000
CVE-2018-12980;0.301400000;0.980770000
CVE-2018-1298;0.023290000;0.822180000
CVE-2018-12979;0.078740000;0.942450000
CVE-2018-12977;0.014600000;0.715370000
CVE-2018-12976;0.044700000;0.907100000
CVE-2018-12975;0.012530000;0.671740000
CVE-2018-12973;0.008400000;0.551350000
CVE-2018-12972;0.022460000;0.815330000
CVE-2018-12971;0.004470000;0.374560000
CVE-2018-1297;0.099110000;0.952080000
CVE-2018-1296;0.032990000;0.875670000
CVE-2018-12959;0.009260000;0.578040000
CVE-2018-1295;0.064690000;0.932080000
CVE-2018-12944;0.010670000;0.622280000
CVE-2018-12943;0.010670000;0.622270000
CVE-2018-12942;0.015490000;0.731490000
CVE-2018-12941;0.035840000;0.885110000
CVE-2018-12940;0.025090000;0.835360000
CVE-2018-1294;0.028180000;0.854760000
CVE-2018-12939;0.019690000;0.788750000
CVE-2018-12934;0.032520000;0.873770000
CVE-2018-12933;0.022980000;0.819720000
CVE-2018-12932;0.024330000;0.830110000
CVE-2018-12931;0.004260000;0.358510000
CVE-2018-12930;0.004270000;0.358880000
CVE-2018-12929;0.004040000;0.339400000
CVE-2018-12928;0.004010000;0.335810000
CVE-2018-12927;0.013680000;0.697580000
CVE-2018-12926;0.013680000;0.697590000
CVE-2018-12925;0.014550000;0.714440000
CVE-2018-12924;0.014550000;0.714440000
CVE-2018-12923;0.013190000;0.686390000
CVE-2018-12922;0.015710000;0.734870000
CVE-2018-12921;0.014490000;0.713200000
CVE-2018-12920;0.018360000;0.772850000
CVE-2018-1292;0.021610000;0.808160000
CVE-2018-12919;0.007070000;0.507330000
CVE-2018-12918;0.014220000;0.708230000
CVE-2018-12917;0.014660000;0.716880000
CVE-2018-12916;0.014660000;0.716890000
CVE-2018-12915;0.014660000;0.716880000
CVE-2018-12914;0.038870000;0.894270000
CVE-2018-12913;0.014560000;0.714670000
CVE-2018-12912;0.026830000;0.846880000
CVE-2018-12911;0.017280000;0.758040000
CVE-2018-12910;0.041880000;0.901570000
CVE-2018-1291;0.021170000;0.804190000
CVE-2018-12909;0.161180000;0.966710000
CVE-2018-12908;0.106620000;0.954540000
CVE-2018-12907;0.013060000;0.683680000
CVE-2018-12905;0.422060000;0.985880000
CVE-2018-12904;0.011820000;0.653600000
CVE-2018-12903;0.006400000;0.480280000
CVE-2018-12902;0.006750000;0.495190000
CVE-2018-12901;0.011240000;0.637770000
CVE-2018-12900;0.251830000;0.977670000
CVE-2018-1290;0.034180000;0.879730000
CVE-2018-12897;0.016720000;0.750030000
CVE-2018-12896;0.006390000;0.480120000
CVE-2018-12895;0.625580000;0.991230000
CVE-2018-12893;0.004140000;0.348480000
CVE-2018-12892;0.025540000;0.838510000
CVE-2018-12891;0.004350000;0.365240000
CVE-2018-1289;0.026730000;0.846260000
CVE-2018-12889;0.016910000;0.753110000
CVE-2018-12886;0.021710000;0.809060000
CVE-2018-12885;0.013870000;0.701530000
CVE-2018-12884;0.007900000;0.535580000
CVE-2018-12882;0.068000000;0.934870000
CVE-2018-12881;0.052780000;0.919410000
CVE-2018-12880;0.054630000;0.921350000
CVE-2018-1288;0.048010000;0.912650000
CVE-2018-12879;0.054630000;0.921350000
CVE-2018-12878;0.054630000;0.921370000
CVE-2018-12877;0.048330000;0.913160000
CVE-2018-12876;0.047640000;0.912130000
CVE-2018-12875;0.163740000;0.967190000
CVE-2018-12874;0.163740000;0.967190000
CVE-2018-12873;0.163740000;0.967180000
CVE-2018-12872;0.197340000;0.971940000
CVE-2018-12871;0.197340000;0.971940000
CVE-2018-12870;0.197340000;0.971950000
CVE-2018-1287;0.033520000;0.877590000
CVE-2018-12869;0.197340000;0.971950000
CVE-2018-12868;0.040350000;0.898170000
CVE-2018-12867;0.197340000;0.971950000
CVE-2018-12866;0.163740000;0.967180000
CVE-2018-12865;0.159250000;0.966370000
CVE-2018-12864;0.160140000;0.966540000
CVE-2018-12863;0.168730000;0.968080000
CVE-2018-12862;0.134590000;0.961360000
CVE-2018-12861;0.159250000;0.966370000
CVE-2018-12860;0.134590000;0.961360000
CVE-2018-1286;0.010850000;0.627190000
CVE-2018-12859;0.197340000;0.971940000
CVE-2018-12858;0.047640000;0.912130000
CVE-2018-12857;0.163740000;0.967180000
CVE-2018-12856;0.062000000;0.929580000
CVE-2018-12855;0.048680000;0.913720000
CVE-2018-12853;0.048680000;0.913720000
CVE-2018-12852;0.048330000;0.913160000
CVE-2018-12851;0.100530000;0.952580000
CVE-2018-12850;0.335780000;0.982540000
CVE-2018-1285;0.173660000;0.968770000
CVE-2018-12849;0.335780000;0.982540000
CVE-2018-12848;0.347030000;0.983000000
CVE-2018-12847;0.108550000;0.955160000
CVE-2018-12846;0.083400000;0.945110000
CVE-2018-12845;0.054630000;0.921360000
CVE-2018-12844;0.054630000;0.921340000
CVE-2018-12843;0.054630000;0.921360000
CVE-2018-12842;0.046430000;0.910200000
CVE-2018-12841;0.045620000;0.908810000
CVE-2018-12840;0.288290000;0.980010000
CVE-2018-1284;0.021910000;0.810710000
CVE-2018-12839;0.198420000;0.972100000
CVE-2018-12838;0.118310000;0.957650000
CVE-2018-12837;0.100530000;0.952580000
CVE-2018-12836;0.100530000;0.952580000
CVE-2018-12835;0.044640000;0.907030000
CVE-2018-12834;0.044280000;0.906270000
CVE-2018-12833;0.102690000;0.953270000
CVE-2018-12832;0.100530000;0.952570000
CVE-2018-12831;0.049210000;0.914500000
CVE-2018-12830;0.063250000;0.930810000
CVE-2018-1283;0.099190000;0.952150000
CVE-2018-12829;0.050700000;0.916700000
CVE-2018-12828;0.071360000;0.937700000
CVE-2018-12827;0.320320000;0.981750000
CVE-2018-12826;0.074030000;0.939550000
CVE-2018-12825;0.071360000;0.937700000
CVE-2018-12824;0.108540000;0.955160000
CVE-2018-12823;0.082990000;0.944920000
CVE-2018-12822;0.080330000;0.943310000
CVE-2018-12821;0.039730000;0.896750000
CVE-2018-12820;0.039730000;0.896750000
CVE-2018-1282;0.055870000;0.922870000
CVE-2018-12819;0.039730000;0.896760000
CVE-2018-12818;0.039730000;0.896760000
CVE-2018-12817;0.034550000;0.881080000
CVE-2018-12816;0.039730000;0.896750000
CVE-2018-12815;0.109680000;0.955470000
CVE-2018-12814;0.112150000;0.956220000
CVE-2018-12813;0.112150000;0.956220000
CVE-2018-12812;0.085560000;0.946410000
CVE-2018-12811;0.064890000;0.932240000
CVE-2018-12810;0.064890000;0.932240000
CVE-2018-1281;0.019470000;0.786450000
CVE-2018-12809;0.049490000;0.914990000
CVE-2018-12808;0.075120000;0.940180000
CVE-2018-12807;0.048980000;0.914180000
CVE-2018-12806;0.038500000;0.893230000
CVE-2018-12805;0.041310000;0.900380000
CVE-2018-12804;0.114750000;0.956800000
CVE-2018-12803;0.084250000;0.945610000
CVE-2018-12802;0.088380000;0.947920000
CVE-2018-12801;0.067250000;0.934230000
CVE-2018-1280;0.021870000;0.810380000
CVE-2018-12799;0.067450000;0.934450000
CVE-2018-12798;0.134670000;0.961390000
CVE-2018-12797;0.083910000;0.945410000
CVE-2018-12796;0.083910000;0.945410000
CVE-2018-12795;0.078790000;0.942510000
CVE-2018-12794;0.158780000;0.966290000
CVE-2018-12793;0.094410000;0.950350000
CVE-2018-12792;0.087030000;0.947200000
CVE-2018-12791;0.087030000;0.947200000
CVE-2018-12790;0.084250000;0.945590000
CVE-2018-1279;0.018300000;0.772110000
CVE-2018-12789;0.084250000;0.945610000
CVE-2018-12788;0.136720000;0.961940000
CVE-2018-12787;0.084970000;0.946110000
CVE-2018-12786;0.078790000;0.942510000
CVE-2018-12785;0.109220000;0.955330000
CVE-2018-12784;0.095790000;0.950900000
CVE-2018-12783;0.085540000;0.946400000
CVE-2018-12782;0.111810000;0.956140000
CVE-2018-12781;0.084250000;0.945590000
CVE-2018-12780;0.084250000;0.945630000
CVE-2018-1278;0.012810000;0.678410000
CVE-2018-12779;0.084250000;0.945630000
CVE-2018-12778;0.067250000;0.934230000
CVE-2018-12777;0.084250000;0.945620000
CVE-2018-12776;0.085540000;0.946400000
CVE-2018-12775;0.067250000;0.934220000
CVE-2018-12774;0.084250000;0.945620000
CVE-2018-12773;0.085540000;0.946390000
CVE-2018-12772;0.085540000;0.946390000
CVE-2018-12771;0.081060000;0.943790000
CVE-2018-12770;0.085540000;0.946390000
CVE-2018-1277;0.011180000;0.636140000
CVE-2018-12769;0.045280000;0.908110000
CVE-2018-12768;0.277560000;0.979370000
CVE-2018-12767;0.277560000;0.979370000
CVE-2018-12766;0.277560000;0.979360000
CVE-2018-12765;0.277560000;0.979370000
CVE-2018-12764;0.310220000;0.981210000
CVE-2018-12763;0.078790000;0.942490000
CVE-2018-12762;0.078790000;0.942500000
CVE-2018-12761;0.084250000;0.945620000
CVE-2018-12760;0.084970000;0.946110000
CVE-2018-1276;0.010450000;0.615650000
CVE-2018-12759;0.040350000;0.898170000
CVE-2018-12758;0.084970000;0.946110000
CVE-2018-12757;0.078790000;0.942500000
CVE-2018-12756;0.088490000;0.947980000
CVE-2018-12755;0.252650000;0.977730000
CVE-2018-12754;0.252650000;0.977730000
CVE-2018-1275;0.576320000;0.990070000
CVE-2018-1274;0.019690000;0.788680000
CVE-2018-12739;0.023850000;0.826390000
CVE-2018-12735;0.013680000;0.697590000
CVE-2018-1273;0.957150000;0.998670000
CVE-2018-1272;0.030850000;0.866790000
CVE-2018-12716;0.006960000;0.503420000
CVE-2018-12715;0.008560000;0.556860000
CVE-2018-12714;0.052800000;0.919430000
CVE-2018-12713;0.019470000;0.786420000
CVE-2018-12712;0.023190000;0.821480000
CVE-2018-12711;0.014130000;0.706670000
CVE-2018-12710;0.765070000;0.995020000
CVE-2018-1271;0.345050000;0.982910000
CVE-2018-12706;0.100360000;0.952510000
CVE-2018-12705;0.022930000;0.819220000
CVE-2018-12703;0.010940000;0.629480000
CVE-2018-12702;0.010940000;0.629470000
CVE-2018-1270;0.772450000;0.995170000
CVE-2018-12699;0.045910000;0.909310000
CVE-2018-12698;0.066900000;0.933850000
CVE-2018-12697;0.052290000;0.918810000
CVE-2018-12696;0.007050000;0.506710000
CVE-2018-12695;0.007050000;0.506690000
CVE-2018-12694;0.014640000;0.716320000
CVE-2018-12693;0.158070000;0.966140000
CVE-2018-12692;0.291440000;0.980200000
CVE-2018-12691;0.006990000;0.504320000
CVE-2018-1269;0.010580000;0.619160000
CVE-2018-12689;0.017990000;0.767880000
CVE-2018-12688;0.016300000;0.743790000
CVE-2018-12687;0.013990000;0.703900000
CVE-2018-12684;0.010520000;0.617510000
CVE-2018-12680;0.015030000;0.723530000
CVE-2018-1268;0.010150000;0.606550000
CVE-2018-12679;0.014880000;0.720760000
CVE-2018-12678;0.023080000;0.820520000
CVE-2018-12675;0.031500000;0.869470000
CVE-2018-12674;0.005730000;0.449610000
CVE-2018-12673;0.012390000;0.668180000
CVE-2018-12672;0.005450000;0.434950000
CVE-2018-12671;0.012730000;0.676690000
CVE-2018-12670;0.033430000;0.877290000
CVE-2018-1267;0.009880000;0.598000000
CVE-2018-12669;0.014420000;0.711900000
CVE-2018-12668;0.016810000;0.751370000
CVE-2018-12667;0.014710000;0.717770000
CVE-2018-12666;0.018250000;0.771460000
CVE-2018-1266;0.011370000;0.640920000
CVE-2018-12659;0.008380000;0.550920000
CVE-2018-12658;0.008570000;0.557140000
CVE-2018-12657;0.008650000;0.559420000
CVE-2018-12656;0.008650000;0.559430000
CVE-2018-12655;0.008650000;0.559480000
CVE-2018-12654;0.008650000;0.559470000
CVE-2018-12653;0.026070000;0.842110000
CVE-2018-12652;0.008600000;0.557870000
CVE-2018-12651;0.008600000;0.557870000
CVE-2018-12650;0.026070000;0.842110000
CVE-2018-1265;0.017710000;0.764140000
CVE-2018-12649;0.014910000;0.721320000
CVE-2018-12648;0.022710000;0.817300000
CVE-2018-12642;0.013980000;0.703540000
CVE-2018-12641;0.020770000;0.800340000
CVE-2018-12640;0.016330000;0.744320000
CVE-2018-1264;0.018080000;0.769040000
CVE-2018-12638;0.010580000;0.619370000
CVE-2018-12636;0.301180000;0.980750000
CVE-2018-12635;0.008900000;0.566800000
CVE-2018-12634;0.568290000;0.989880000
CVE-2018-12633;0.002640000;0.185520000
CVE-2018-12632;0.014470000;0.712900000
CVE-2018-12631;0.032720000;0.874570000
CVE-2018-12630;0.015870000;0.737050000
CVE-2018-1263;0.014270000;0.709320000
CVE-2018-12628;0.006570000;0.488260000
CVE-2018-12627;0.009050000;0.571370000
CVE-2018-12626;0.009050000;0.571350000
CVE-2018-12625;0.009050000;0.571360000
CVE-2018-12624;0.009050000;0.571340000
CVE-2018-12623;0.009050000;0.571340000
CVE-2018-12622;0.009050000;0.571370000
CVE-2018-12621;0.009060000;0.571790000
CVE-2018-1262;0.013390000;0.691130000
CVE-2018-12617;0.253480000;0.977770000
CVE-2018-12615;0.011980000;0.657490000
CVE-2018-12613;0.984110000;0.999160000
CVE-2018-12611;0.012090000;0.660570000
CVE-2018-12610;0.012190000;0.663360000
CVE-2018-1261;0.012710000;0.676160000
CVE-2018-12609;0.010230000;0.608970000
CVE-2018-12608;0.009200000;0.576050000
CVE-2018-12607;0.007180000;0.511400000
CVE-2018-12606;0.007180000;0.511400000
CVE-2018-12605;0.006580000;0.488610000
CVE-2018-12604;0.133440000;0.961040000
CVE-2018-12603;0.036260000;0.886330000
CVE-2018-12602;0.030410000;0.864980000
CVE-2018-12601;0.021420000;0.806520000
CVE-2018-12600;0.032950000;0.875500000
CVE-2018-1260;0.082470000;0.944610000
CVE-2018-12599;0.032950000;0.875510000
CVE-2018-12596;0.223790000;0.975080000
CVE-2018-12594;0.014030000;0.704670000
CVE-2018-12592;0.014600000;0.715360000
CVE-2018-12591;0.018610000;0.776160000
CVE-2018-12590;0.016700000;0.749740000
CVE-2018-1259;0.050110000;0.915860000
CVE-2018-12589;0.203110000;0.972760000
CVE-2018-12588;0.016250000;0.742920000
CVE-2018-12587;0.008090000;0.541660000
CVE-2018-12585;0.015730000;0.735090000
CVE-2018-12584;0.245890000;0.977120000
CVE-2018-12583;0.004840000;0.398640000
CVE-2018-12582;0.005700000;0.448000000
CVE-2018-12581;0.018180000;0.770550000
CVE-2018-12580;0.006470000;0.483890000
CVE-2018-1258;0.024570000;0.831890000
CVE-2018-12579;0.012010000;0.658240000
CVE-2018-12578;0.021180000;0.804370000
CVE-2018-12577;0.026770000;0.846560000
CVE-2018-12576;0.006980000;0.503800000
CVE-2018-12575;0.028590000;0.856840000
CVE-2018-12574;0.004650000;0.386750000
CVE-2018-12572;0.003140000;0.242960000
CVE-2018-12571;0.302740000;0.980810000
CVE-2018-1257;0.032370000;0.873190000
CVE-2018-12565;0.024710000;0.832800000
CVE-2018-12564;0.015040000;0.723760000
CVE-2018-12563;0.008890000;0.566720000
CVE-2018-12562;0.016610000;0.748450000
CVE-2018-12561;0.013820000;0.700600000
CVE-2018-12560;0.017840000;0.765910000
CVE-2018-1256;0.015890000;0.737350000
CVE-2018-12559;0.020680000;0.799450000
CVE-2018-12558;0.026500000;0.844740000
CVE-2018-12557;0.018530000;0.775070000
CVE-2018-12556;0.017750000;0.764800000
CVE-2018-12551;0.014750000;0.718380000
CVE-2018-12550;0.013530000;0.694400000
CVE-2018-1255;0.013040000;0.683210000
CVE-2018-12549;0.023320000;0.822440000
CVE-2018-12548;0.011340000;0.640150000
CVE-2018-12547;0.027440000;0.850450000
CVE-2018-12546;0.008020000;0.539450000
CVE-2018-12545;0.050820000;0.916900000
CVE-2018-12544;0.021720000;0.809160000
CVE-2018-12543;0.360130000;0.983520000
CVE-2018-12542;0.022860000;0.818560000
CVE-2018-12541;0.026520000;0.844930000
CVE-2018-12540;0.019940000;0.791490000
CVE-2018-1254;0.020270000;0.795260000
CVE-2018-12539;0.004940000;0.405430000
CVE-2018-12538;0.026890000;0.847220000
CVE-2018-12537;0.024820000;0.833510000
CVE-2018-12536;0.043280000;0.904320000
CVE-2018-12534;0.014760000;0.718500000
CVE-2018-12533;0.192720000;0.971260000
CVE-2018-12532;0.071390000;0.937720000
CVE-2018-12531;0.015770000;0.735730000
CVE-2018-12530;0.016110000;0.740730000
CVE-2018-1253;0.014780000;0.718990000
CVE-2018-12529;0.008920000;0.567690000
CVE-2018-12528;0.014850000;0.720200000
CVE-2018-12526;0.022950000;0.819400000
CVE-2018-12525;0.072240000;0.938350000
CVE-2018-12524;0.072240000;0.938360000
CVE-2018-12523;0.072240000;0.938350000
CVE-2018-12522;0.072240000;0.938350000
CVE-2018-12520;0.106750000;0.954570000
CVE-2018-1252;0.019710000;0.788960000
CVE-2018-12519;0.078640000;0.942370000
CVE-2018-12511;0.009260000;0.578030000
CVE-2018-1251;0.024550000;0.831670000
CVE-2018-12504;0.015840000;0.736670000
CVE-2018-12503;0.018460000;0.774080000
CVE-2018-12501;0.016790000;0.751050000
CVE-2018-1250;0.016020000;0.739340000
CVE-2018-12499;0.004820000;0.397910000
CVE-2018-12498;0.014520000;0.713850000
CVE-2018-12495;0.017850000;0.765970000
CVE-2018-12494;0.016710000;0.749980000
CVE-2018-12493;0.016900000;0.752970000
CVE-2018-12492;0.009260000;0.578030000
CVE-2018-12491;0.016560000;0.747660000
CVE-2018-1249;0.008910000;0.567370000
CVE-2018-12483;0.032200000;0.872520000
CVE-2018-12482;0.013000000;0.682510000
CVE-2018-12481;0.011410000;0.642030000
CVE-2018-12480;0.006540000;0.486700000
CVE-2018-1248;0.014670000;0.717000000
CVE-2018-12479;0.017450000;0.760380000
CVE-2018-12478;0.015040000;0.723770000
CVE-2018-12477;0.011690000;0.649830000
CVE-2018-12476;0.010260000;0.610010000
CVE-2018-12475;0.006100000;0.466670000
CVE-2018-12474;0.013630000;0.696560000
CVE-2018-12473;0.018170000;0.770390000
CVE-2018-12472;0.015310000;0.728090000
CVE-2018-12471;0.015290000;0.727740000
CVE-2018-12470;0.019880000;0.790810000
CVE-2018-1247;0.163590000;0.967150000
CVE-2018-12469;0.010540000;0.618100000
CVE-2018-12468;0.022320000;0.814230000
CVE-2018-12467;0.006450000;0.482850000
CVE-2018-12466;0.008050000;0.540600000
CVE-2018-12465;0.790960000;0.995680000
CVE-2018-12464;0.806720000;0.995960000
CVE-2018-12463;0.138490000;0.962330000
CVE-2018-12462;0.005760000;0.450800000
CVE-2018-12461;0.004880000;0.401690000
CVE-2018-12460;0.010610000;0.620290000
CVE-2018-1246;0.011210000;0.637000000
CVE-2018-12459;0.010610000;0.620290000
CVE-2018-12458;0.015330000;0.728540000
CVE-2018-12457;0.019190000;0.783190000
CVE-2018-12456;0.008890000;0.566440000
CVE-2018-12455;0.058670000;0.926300000
CVE-2018-12454;0.012530000;0.671750000
CVE-2018-12453;0.239010000;0.976570000
CVE-2018-1245;0.025240000;0.836500000
CVE-2018-12449;0.008990000;0.569640000
CVE-2018-12448;0.007670000;0.528190000
CVE-2018-12447;0.037590000;0.890540000
CVE-2018-12446;0.002830000;0.209820000
CVE-2018-12445;0.003150000;0.243830000
CVE-2018-12441;0.005560000;0.440910000
CVE-2018-12440;0.001380000;0.037240000
CVE-2018-1244;0.034730000;0.881700000
CVE-2018-12439;0.002750000;0.200100000
CVE-2018-12438;0.004640000;0.385810000
CVE-2018-12437;0.005400000;0.432690000
CVE-2018-12436;0.003710000;0.305310000
CVE-2018-12435;0.004990000;0.408440000
CVE-2018-12434;0.003210000;0.250610000
CVE-2018-12433;0.003460000;0.278790000
CVE-2018-12432;0.007070000;0.507310000
CVE-2018-12431;0.005340000;0.429320000
CVE-2018-1243;0.018180000;0.770490000
CVE-2018-12429;0.005310000;0.427420000
CVE-2018-12426;0.050620000;0.916610000
CVE-2018-12423;0.018240000;0.771390000
CVE-2018-12422;0.018440000;0.773830000
CVE-2018-12421;0.027590000;0.851330000
CVE-2018-12420;0.009980000;0.601150000
CVE-2018-1242;0.027360000;0.849870000
CVE-2018-12418;0.011870000;0.654930000
CVE-2018-12416;0.005850000;0.455210000
CVE-2018-12415;0.008710000;0.561470000
CVE-2018-12414;0.006680000;0.492420000
CVE-2018-12413;0.008710000;0.561470000
CVE-2018-12412;0.008790000;0.563870000
CVE-2018-12411;0.008710000;0.561470000
CVE-2018-12410;0.039700000;0.896640000
CVE-2018-1241;0.015620000;0.733490000
CVE-2018-12409;0.011370000;0.640990000
CVE-2018-12408;0.023770000;0.825800000
CVE-2018-12407;0.032610000;0.874190000
CVE-2018-12406;0.011400000;0.641660000
CVE-2018-12405;0.032020000;0.871610000
CVE-2018-12404;0.443980000;0.986620000
CVE-2018-12403;0.018730000;0.777640000
CVE-2018-12402;0.013160000;0.685730000
CVE-2018-12401;0.022870000;0.818690000
CVE-2018-12400;0.015650000;0.733870000
CVE-2018-1240;0.005480000;0.436590000
CVE-2018-12399;0.013560000;0.695060000
CVE-2018-12398;0.016170000;0.741710000
CVE-2018-12397;0.003680000;0.301610000
CVE-2018-12396;0.022730000;0.817450000
CVE-2018-12395;0.028510000;0.856430000
CVE-2018-12393;0.039240000;0.895420000
CVE-2018-12392;0.034250000;0.879990000
CVE-2018-12391;0.020930000;0.802120000
CVE-2018-12390;0.032070000;0.871880000
CVE-2018-1239;0.033860000;0.878710000
CVE-2018-12389;0.023460000;0.823640000
CVE-2018-12388;0.014380000;0.711240000
CVE-2018-12387;0.095900000;0.950940000
CVE-2018-12386;0.134170000;0.961230000
CVE-2018-12385;0.003580000;0.291840000
CVE-2018-12384;0.014960000;0.722030000
CVE-2018-12383;0.004600000;0.383640000
CVE-2018-12382;0.016810000;0.751420000
CVE-2018-12381;0.018420000;0.773650000
CVE-2018-1238;0.014930000;0.721590000
CVE-2018-12379;0.003930000;0.327430000
CVE-2018-12378;0.033570000;0.877790000
CVE-2018-12377;0.033570000;0.877780000
CVE-2018-12376;0.031460000;0.869280000
CVE-2018-12375;0.018350000;0.772730000
CVE-2018-12374;0.020420000;0.796710000
CVE-2018-12373;0.023960000;0.827270000
CVE-2018-12372;0.024690000;0.832620000
CVE-2018-12371;0.014460000;0.712640000
CVE-2018-12370;0.011260000;0.638100000
CVE-2018-1237;0.015600000;0.733250000
CVE-2018-12369;0.025220000;0.836370000
CVE-2018-12368;0.048310000;0.913130000
CVE-2018-12367;0.019850000;0.790510000
CVE-2018-12366;0.031580000;0.869810000
CVE-2018-12365;0.031580000;0.869810000
CVE-2018-12364;0.018210000;0.770880000
CVE-2018-12363;0.030960000;0.867210000
CVE-2018-12362;0.037670000;0.890780000
CVE-2018-12361;0.028190000;0.854790000
CVE-2018-12360;0.031100000;0.867760000
CVE-2018-12359;0.046470000;0.910280000
CVE-2018-12358;0.012740000;0.676980000
CVE-2018-12357;0.007740000;0.530360000
CVE-2018-12356;0.045890000;0.909280000
CVE-2018-12355;0.007680000;0.528430000
CVE-2018-12354;0.004600000;0.383480000
CVE-2018-12353;0.006470000;0.483840000
CVE-2018-1235;0.428650000;0.986130000
CVE-2018-1234;0.004450000;0.372910000
CVE-2018-12339;0.004830000;0.398550000
CVE-2018-12338;0.015350000;0.728930000
CVE-2018-12337;0.003440000;0.276480000
CVE-2018-12336;0.015350000;0.728930000
CVE-2018-12335;0.004310000;0.362310000
CVE-2018-12334;0.005660000;0.446430000
CVE-2018-12333;0.004280000;0.359710000
CVE-2018-12332;0.001750000;0.072810000
CVE-2018-12331;0.009490000;0.585790000
CVE-2018-12330;0.008050000;0.540350000
CVE-2018-1233;0.010330000;0.611640000
CVE-2018-12329;0.008850000;0.565400000
CVE-2018-12327;0.290370000;0.980150000
CVE-2018-12326;0.026780000;0.846560000
CVE-2018-12323;0.004300000;0.361330000
CVE-2018-12322;0.008470000;0.553580000
CVE-2018-12321;0.010150000;0.606610000
CVE-2018-12320;0.010210000;0.608120000
CVE-2018-1232;0.027200000;0.848970000
CVE-2018-12319;0.011790000;0.652880000
CVE-2018-12318;0.011030000;0.632410000
CVE-2018-12317;0.034430000;0.880720000
CVE-2018-12316;0.034430000;0.880710000
CVE-2018-12315;0.006810000;0.497760000
CVE-2018-12314;0.023090000;0.820640000
CVE-2018-12313;0.043540000;0.904860000
CVE-2018-12312;0.034430000;0.880720000
CVE-2018-12311;0.005450000;0.434940000
CVE-2018-12310;0.005450000;0.434950000
CVE-2018-1231;0.009870000;0.597660000
CVE-2018-12309;0.015040000;0.723700000
CVE-2018-12308;0.005860000;0.455610000
CVE-2018-12307;0.034430000;0.880710000
CVE-2018-12306;0.017400000;0.759820000
CVE-2018-12305;0.006920000;0.502000000
CVE-2018-12304;0.008260000;0.547220000
CVE-2018-12303;0.006490000;0.484390000
CVE-2018-12302;0.008020000;0.539190000
CVE-2018-12301;0.014080000;0.705630000
CVE-2018-12300;0.031270000;0.868550000
CVE-2018-1230;0.006840000;0.498950000
CVE-2018-12299;0.006490000;0.484390000
CVE-2018-12298;0.017400000;0.759820000
CVE-2018-12297;0.006920000;0.502000000
CVE-2018-12296;0.109050000;0.955280000
CVE-2018-12295;0.011350000;0.640530000
CVE-2018-12294;0.024570000;0.831870000
CVE-2018-12293;0.105250000;0.954130000
CVE-2018-12292;0.090680000;0.948890000
CVE-2018-12291;0.018050000;0.768680000
CVE-2018-12290;0.007070000;0.507370000
CVE-2018-1229;0.007270000;0.514480000
CVE-2018-12273;0.008650000;0.559490000
CVE-2018-12272;0.008650000;0.559490000
CVE-2018-12271;0.004310000;0.362270000
CVE-2018-12270;0.008910000;0.567460000
CVE-2018-1227;0.012110000;0.661190000
CVE-2018-12268;0.026340000;0.843850000
CVE-2018-12266;0.007070000;0.507310000
CVE-2018-12265;0.028910000;0.858380000
CVE-2018-12264;0.028910000;0.858370000
CVE-2018-12263;0.010840000;0.626790000
CVE-2018-12261;0.003290000;0.260080000
CVE-2018-12260;0.003760000;0.309970000
CVE-2018-12259;0.004300000;0.361330000
CVE-2018-12258;0.004540000;0.379120000
CVE-2018-12257;0.003500000;0.282500000
CVE-2018-12256;0.025990000;0.841570000
CVE-2018-12255;0.007170000;0.511030000
CVE-2018-12254;0.025820000;0.840410000
CVE-2018-12250;0.016260000;0.743070000
CVE-2018-12249;0.021190000;0.804420000
CVE-2018-12248;0.015520000;0.731950000
CVE-2018-12247;0.015520000;0.731950000
CVE-2018-12246;0.009990000;0.601300000
CVE-2018-12245;0.010840000;0.626820000
CVE-2018-12244;0.011180000;0.636240000
CVE-2018-12243;0.007670000;0.528350000
CVE-2018-12242;0.029510000;0.861070000
CVE-2018-12241;0.009990000;0.601290000
CVE-2018-12240;0.011310000;0.639600000
CVE-2018-12239;0.005170000;0.419300000
CVE-2018-12238;0.004020000;0.336850000
CVE-2018-12237;0.027430000;0.850420000
CVE-2018-12234;0.029460000;0.860880000
CVE-2018-12233;0.023700000;0.825330000
CVE-2018-12232;0.065260000;0.932550000
CVE-2018-12230;0.009260000;0.578020000
CVE-2018-1223;0.009440000;0.584160000
CVE-2018-12229;0.017960000;0.767450000
CVE-2018-12228;0.066980000;0.933920000
CVE-2018-12227;0.034870000;0.882230000
CVE-2018-12224;0.003400000;0.272370000
CVE-2018-12223;0.002950000;0.221510000
CVE-2018-12222;0.003420000;0.274580000
CVE-2018-12221;0.003640000;0.297580000
CVE-2018-12220;0.004530000;0.378820000
CVE-2018-12219;0.003550000;0.288190000
CVE-2018-12218;0.003070000;0.235100000
CVE-2018-12217;0.003470000;0.279430000
CVE-2018-12216;0.004560000;0.381210000
CVE-2018-12215;0.003360000;0.267670000
CVE-2018-12214;0.004300000;0.361790000
CVE-2018-12213;0.003240000;0.254240000
CVE-2018-12212;0.003470000;0.279330000
CVE-2018-12211;0.003310000;0.262420000
CVE-2018-12210;0.003210000;0.250280000
CVE-2018-1221;0.012160000;0.662550000
CVE-2018-12209;0.003230000;0.253530000
CVE-2018-12208;0.005110000;0.415580000
CVE-2018-12207;0.009150000;0.574760000
CVE-2018-12206;0.002840000;0.210220000
CVE-2018-12205;0.002810000;0.207410000
CVE-2018-12204;0.003950000;0.329520000
CVE-2018-12203;0.004500000;0.377020000
CVE-2018-12202;0.003870000;0.321110000
CVE-2018-12201;0.005240000;0.423820000
CVE-2018-12200;0.003470000;0.279820000
CVE-2018-1220;0.017450000;0.760350000
CVE-2018-12199;0.004930000;0.404740000
CVE-2018-12198;0.003400000;0.271940000
CVE-2018-12196;0.004240000;0.357220000
CVE-2018-12193;0.003600000;0.293240000
CVE-2018-12192;0.004670000;0.388050000
CVE-2018-12191;0.004820000;0.397510000
CVE-2018-12190;0.003810000;0.315530000
CVE-2018-1219;0.017580000;0.762330000
CVE-2018-12189;0.002950000;0.221760000
CVE-2018-12188;0.003360000;0.266930000
CVE-2018-12187;0.011130000;0.634930000
CVE-2018-12185;0.003970000;0.331830000
CVE-2018-12183;0.005020000;0.410160000
CVE-2018-12182;0.004120000;0.346510000
CVE-2018-12181;0.004250000;0.357690000
CVE-2018-12180;0.022550000;0.816010000
CVE-2018-1218;0.136830000;0.961970000
CVE-2018-12179;0.004160000;0.349840000
CVE-2018-12178;0.022710000;0.817320000
CVE-2018-12177;0.002770000;0.202260000
CVE-2018-12176;0.004100000;0.344180000
CVE-2018-12175;0.002770000;0.202260000
CVE-2018-12174;0.003750000;0.308820000
CVE-2018-12173;0.004070000;0.342100000
CVE-2018-12172;0.003120000;0.241260000
CVE-2018-12171;0.021360000;0.806000000
CVE-2018-1217;0.459570000;0.987100000
CVE-2018-12169;0.005530000;0.439270000
CVE-2018-12168;0.003470000;0.279270000
CVE-2018-12167;0.002880000;0.214740000
CVE-2018-12166;0.002880000;0.214740000
CVE-2018-12163;0.005080000;0.413280000
CVE-2018-12162;0.003240000;0.254530000
CVE-2018-12161;0.010690000;0.622720000
CVE-2018-12160;0.004320000;0.362640000
CVE-2018-1216;0.213130000;0.974100000
CVE-2018-12159;0.002820000;0.208630000
CVE-2018-12158;0.003290000;0.260420000
CVE-2018-12155;0.003250000;0.256100000
CVE-2018-12154;0.004820000;0.397650000
CVE-2018-12153;0.004370000;0.367280000
CVE-2018-12152;0.008710000;0.561280000
CVE-2018-12151;0.002820000;0.208630000
CVE-2018-12150;0.003770000;0.310820000
CVE-2018-1215;0.041950000;0.901690000
CVE-2018-12149;0.002820000;0.208620000
CVE-2018-12148;0.003470000;0.279270000
CVE-2018-12147;0.004580000;0.382000000
CVE-2018-1214;0.007590000;0.525730000
CVE-2018-12131;0.002770000;0.202260000
CVE-2018-12130;0.015660000;0.734050000
CVE-2018-1213;0.019690000;0.788750000
CVE-2018-12127;0.015100000;0.724760000
CVE-2018-12126;0.015100000;0.724760000
CVE-2018-12123;0.040500000;0.898520000
CVE-2018-12122;0.412880000;0.985600000
CVE-2018-12121;0.102070000;0.953070000
CVE-2018-12120;0.042770000;0.903370000
CVE-2018-1212;0.043350000;0.904470000
CVE-2018-12116;0.045740000;0.909010000
CVE-2018-12115;0.080280000;0.943270000
CVE-2018-12114;0.029370000;0.860450000
CVE-2018-12113;0.069540000;0.936110000
CVE-2018-12112;0.012730000;0.676660000
CVE-2018-12111;0.024690000;0.832620000
CVE-2018-12110;0.010590000;0.619550000
CVE-2018-1211;0.032570000;0.874050000
CVE-2018-12109;0.013600000;0.696010000
CVE-2018-12108;0.011510000;0.645060000
CVE-2018-12104;0.013260000;0.688020000
CVE-2018-12103;0.004520000;0.378030000
CVE-2018-12102;0.008470000;0.553580000
CVE-2018-12101;0.012560000;0.672670000
CVE-2018-12100;0.013380000;0.690840000
CVE-2018-12099;0.020730000;0.800000000
CVE-2018-12098;0.005960000;0.460130000
CVE-2018-12097;0.005960000;0.460130000
CVE-2018-12096;0.005960000;0.460130000
CVE-2018-12095;0.056340000;0.923550000
CVE-2018-12094;0.017500000;0.761180000
CVE-2018-12093;0.013990000;0.703910000
CVE-2018-12092;0.016300000;0.743780000
CVE-2018-12090;0.022440000;0.815210000
CVE-2018-12089;0.009290000;0.578980000
CVE-2018-12088;0.018850000;0.779030000
CVE-2018-12087;0.002860000;0.212740000
CVE-2018-12086;0.115910000;0.957050000
CVE-2018-12085;0.022310000;0.814070000
CVE-2018-12084;0.008900000;0.566810000
CVE-2018-12083;0.008900000;0.566840000
CVE-2018-12082;0.008900000;0.566840000
CVE-2018-12081;0.008900000;0.566820000
CVE-2018-12080;0.008900000;0.566830000
CVE-2018-12079;0.008900000;0.566830000
CVE-2018-12078;0.008900000;0.566820000
CVE-2018-12076;0.002760000;0.201480000
CVE-2018-12073;0.004030000;0.338450000
CVE-2018-12072;0.015350000;0.728930000
CVE-2018-12071;0.015040000;0.723670000
CVE-2018-12070;0.008900000;0.566800000
CVE-2018-1207;0.903330000;0.997890000
CVE-2018-12068;0.008900000;0.566830000
CVE-2018-12067;0.008900000;0.566810000
CVE-2018-12066;0.003810000;0.314820000
CVE-2018-12065;0.025660000;0.839300000
CVE-2018-12064;0.012750000;0.677220000
CVE-2018-12063;0.008900000;0.566830000
CVE-2018-12062;0.008900000;0.566800000
CVE-2018-1206;0.003450000;0.277530000
CVE-2018-12056;0.016750000;0.750410000
CVE-2018-12055;0.032380000;0.873220000
CVE-2018-12054;0.389880000;0.984750000
CVE-2018-12053;0.109000000;0.955280000
CVE-2018-12052;0.046360000;0.910080000
CVE-2018-12051;0.028570000;0.856730000
CVE-2018-1205;0.014370000;0.711070000
CVE-2018-12049;0.051170000;0.917340000
CVE-2018-12048;0.051170000;0.917340000
CVE-2018-12047;0.008650000;0.559440000
CVE-2018-12046;0.009800000;0.595830000
CVE-2018-12045;0.013710000;0.698410000
CVE-2018-12043;0.008220000;0.546060000
CVE-2018-12042;0.017940000;0.767190000
CVE-2018-12041;0.010980000;0.631070000
CVE-2018-12040;0.013150000;0.685570000
CVE-2018-1204;0.023640000;0.824920000
CVE-2018-12039;0.046790000;0.910760000
CVE-2018-12038;0.006300000;0.475930000
CVE-2018-12037;0.002290000;0.140120000
CVE-2018-12036;0.017090000;0.755600000
CVE-2018-12035;0.012320000;0.666840000
CVE-2018-12034;0.012320000;0.666830000
CVE-2018-12031;0.173130000;0.968680000
CVE-2018-12030;0.006650000;0.491140000
CVE-2018-1203;0.021470000;0.806980000
CVE-2018-12029;0.002760000;0.201470000
CVE-2018-12028;0.009000000;0.569760000
CVE-2018-12027;0.010880000;0.627790000
CVE-2018-12026;0.019480000;0.786540000
CVE-2018-12025;0.016060000;0.740000000
CVE-2018-12023;0.089440000;0.948390000
CVE-2018-12022;0.073480000;0.939160000
CVE-2018-12021;0.015960000;0.738420000
CVE-2018-12020;0.085460000;0.946360000
CVE-2018-1202;0.021670000;0.808660000
CVE-2018-12019;0.021180000;0.804270000
CVE-2018-12018;0.042550000;0.902940000
CVE-2018-12016;0.018990000;0.780740000
CVE-2018-12015;0.072510000;0.938560000
CVE-2018-12014;0.001840000;0.082910000
CVE-2018-12013;0.002100000;0.115540000
CVE-2018-12012;0.002080000;0.113120000
CVE-2018-12011;0.001400000;0.038960000
CVE-2018-12010;0.001420000;0.040000000
CVE-2018-1201;0.018620000;0.776260000
CVE-2018-12006;0.001400000;0.038960000
CVE-2018-12005;0.001750000;0.072460000
CVE-2018-12004;0.002040000;0.106960000
CVE-2018-1200;0.013040000;0.683210000
CVE-2018-11999;0.002080000;0.112980000
CVE-2018-11998;0.002460000;0.162300000
CVE-2018-11996;0.002230000;0.132020000
CVE-2018-11995;0.002020000;0.104120000
CVE-2018-11994;0.002480000;0.163800000
CVE-2018-11993;0.003820000;0.316070000
CVE-2018-1199;0.028570000;0.856730000
CVE-2018-11988;0.001410000;0.039100000
CVE-2018-11987;0.001670000;0.064230000
CVE-2018-11986;0.001420000;0.040000000
CVE-2018-11985;0.001560000;0.052620000
CVE-2018-11984;0.001430000;0.040580000
CVE-2018-11983;0.001430000;0.040580000
CVE-2018-11982;0.003880000;0.322960000
CVE-2018-11980;0.002190000;0.126890000
CVE-2018-1198;0.009610000;0.589520000
CVE-2018-11976;0.002040000;0.106960000
CVE-2018-11971;0.002040000;0.106960000
CVE-2018-11970;0.002080000;0.113080000
CVE-2018-1197;0.006480000;0.484090000
CVE-2018-11968;0.002080000;0.113110000
CVE-2018-11967;0.002110000;0.117040000
CVE-2018-11966;0.002080000;0.113110000
CVE-2018-11965;0.001390000;0.038080000
CVE-2018-11964;0.001390000;0.038080000
CVE-2018-11963;0.001780000;0.076590000
CVE-2018-11962;0.001840000;0.082910000
CVE-2018-11961;0.001780000;0.076590000
CVE-2018-11960;0.001780000;0.076590000
CVE-2018-1196;0.012350000;0.667440000
CVE-2018-11958;0.002040000;0.106970000
CVE-2018-11956;0.001770000;0.075380000
CVE-2018-11955;0.008150000;0.543810000
CVE-2018-11953;0.009450000;0.584510000
CVE-2018-11952;0.001070000;0.012900000
CVE-2018-11951;0.001570000;0.054300000
CVE-2018-11950;0.002080000;0.113100000
CVE-2018-1195;0.009900000;0.598640000
CVE-2018-11949;0.009450000;0.584510000
CVE-2018-11948;0.002120000;0.118030000
CVE-2018-11947;0.001950000;0.095210000
CVE-2018-11946;0.002700000;0.193430000
CVE-2018-11945;0.013520000;0.693980000
CVE-2018-11943;0.001690000;0.066940000
CVE-2018-11942;0.001920000;0.092560000
CVE-2018-11940;0.009450000;0.584520000
CVE-2018-11939;0.001980000;0.099100000
CVE-2018-11938;0.002480000;0.163960000
CVE-2018-11937;0.009450000;0.584520000
CVE-2018-11936;0.009350000;0.581190000
CVE-2018-11935;0.008240000;0.546480000
CVE-2018-11934;0.001980000;0.099090000
CVE-2018-11932;0.010740000;0.624060000
CVE-2018-11931;0.002400000;0.153390000
CVE-2018-11930;0.009450000;0.584510000
CVE-2018-1193;0.011120000;0.634690000
CVE-2018-11929;0.001970000;0.097580000
CVE-2018-11928;0.002070000;0.111670000
CVE-2018-11927;0.002110000;0.117040000
CVE-2018-11925;0.002100000;0.115410000
CVE-2018-11924;0.001980000;0.099090000
CVE-2018-11923;0.001970000;0.097580000
CVE-2018-11922;0.002290000;0.140010000
CVE-2018-11921;0.002400000;0.153390000
CVE-2018-1192;0.010150000;0.606600000
CVE-2018-11919;0.002070000;0.110670000
CVE-2018-11918;0.001690000;0.066940000
CVE-2018-11914;0.001780000;0.075910000
CVE-2018-11913;0.001780000;0.075910000
CVE-2018-11912;0.001620000;0.059190000
CVE-2018-11911;0.001620000;0.059180000
CVE-2018-11910;0.001620000;0.059190000
CVE-2018-1191;0.009340000;0.580900000
CVE-2018-11909;0.001620000;0.059180000
CVE-2018-11908;0.001620000;0.059180000
CVE-2018-11907;0.001620000;0.059180000
CVE-2018-11906;0.001800000;0.077780000
CVE-2018-11905;0.008880000;0.566340000
CVE-2018-11904;0.003690000;0.301880000
CVE-2018-11903;0.001770000;0.075390000
CVE-2018-11902;0.002020000;0.104130000
CVE-2018-1190;0.008320000;0.549070000
CVE-2018-11899;0.001950000;0.095750000
CVE-2018-11898;0.001970000;0.098270000
CVE-2018-11897;0.002020000;0.104130000
CVE-2018-11895;0.002020000;0.104140000
CVE-2018-11894;0.002180000;0.125630000
CVE-2018-11893;0.001830000;0.082070000
CVE-2018-11891;0.004800000;0.396470000
CVE-2018-1189;0.281860000;0.979630000
CVE-2018-11889;0.002020000;0.104140000
CVE-2018-11888;0.002010000;0.102950000
CVE-2018-11886;0.002010000;0.103700000
CVE-2018-11884;0.002460000;0.161770000
CVE-2018-11883;0.001770000;0.075380000
CVE-2018-11882;0.002580000;0.177610000
CVE-2018-11880;0.002440000;0.158640000
CVE-2018-1188;0.018620000;0.776250000
CVE-2018-11879;0.002290000;0.139990000
CVE-2018-11878;0.002120000;0.118540000
CVE-2018-11877;0.002290000;0.139990000
CVE-2018-11876;0.002460000;0.161760000
CVE-2018-11875;0.002460000;0.161760000
CVE-2018-11874;0.002460000;0.161760000
CVE-2018-11873;0.002270000;0.137450000
CVE-2018-11872;0.002440000;0.158650000
CVE-2018-11871;0.002270000;0.137450000
CVE-2018-11870;0.002270000;0.137450000
CVE-2018-1187;0.018230000;0.771260000
CVE-2018-11869;0.002180000;0.125620000
CVE-2018-11868;0.002180000;0.125630000
CVE-2018-11867;0.002590000;0.178280000
CVE-2018-11866;0.002340000;0.145350000
CVE-2018-11865;0.002340000;0.145350000
CVE-2018-11864;0.002310000;0.141810000
CVE-2018-11863;0.001770000;0.075370000
CVE-2018-11862;0.002780000;0.203300000
CVE-2018-11861;0.002780000;0.203300000
CVE-2018-11860;0.002020000;0.104120000
CVE-2018-1186;0.018230000;0.771260000
CVE-2018-11859;0.002400000;0.153370000
CVE-2018-11858;0.002080000;0.113090000
CVE-2018-11857;0.002080000;0.113120000
CVE-2018-11856;0.002570000;0.175630000
CVE-2018-11855;0.002070000;0.111680000
CVE-2018-11854;0.002400000;0.153380000
CVE-2018-11853;0.002400000;0.153400000
CVE-2018-11852;0.001770000;0.075380000
CVE-2018-11851;0.002020000;0.104130000
CVE-2018-11850;0.002400000;0.153370000
CVE-2018-1185;0.063080000;0.930670000
CVE-2018-11849;0.002400000;0.153370000
CVE-2018-11847;0.002300000;0.140900000
CVE-2018-11846;0.001670000;0.064000000
CVE-2018-11845;0.002310000;0.141810000
CVE-2018-11843;0.001770000;0.075390000
CVE-2018-11842;0.001970000;0.098270000
CVE-2018-11840;0.001920000;0.092540000
CVE-2018-1184;0.011270000;0.638460000
CVE-2018-11838;0.002020000;0.105310000
CVE-2018-11836;0.001970000;0.098260000
CVE-2018-11832;0.001930000;0.092590000
CVE-2018-11830;0.002080000;0.113090000
CVE-2018-1183;0.021120000;0.803880000
CVE-2018-11828;0.011200000;0.636720000
CVE-2018-11827;0.001920000;0.092540000
CVE-2018-11826;0.002080000;0.112710000
CVE-2018-11824;0.002070000;0.111680000
CVE-2018-11823;0.001690000;0.066940000
CVE-2018-11822;0.002400000;0.153380000
CVE-2018-11821;0.002400000;0.153390000
CVE-2018-11820;0.002310000;0.141810000
CVE-2018-1182;0.004080000;0.342620000
CVE-2018-11819;0.001980000;0.099080000
CVE-2018-11818;0.001380000;0.036340000
CVE-2018-11816;0.001110000;0.015100000
CVE-2018-11813;0.031620000;0.870020000
CVE-2018-11808;0.063360000;0.930900000
CVE-2018-11806;0.008230000;0.546370000
CVE-2018-11805;0.008710000;0.561360000
CVE-2018-11804;0.056960000;0.924240000
CVE-2018-11803;0.584520000;0.990260000
CVE-2018-11802;0.020200000;0.794430000
CVE-2018-11801;0.052170000;0.918700000
CVE-2018-11800;0.052170000;0.918690000
CVE-2018-1180;0.027370000;0.850040000
CVE-2018-11799;0.014840000;0.720060000
CVE-2018-11798;0.048750000;0.913820000
CVE-2018-11797;0.040240000;0.897890000
CVE-2018-11796;0.068830000;0.935510000
CVE-2018-11793;0.049700000;0.915320000
CVE-2018-11792;0.024560000;0.831730000
CVE-2018-11790;0.010250000;0.609710000
CVE-2018-1179;0.025040000;0.834960000
CVE-2018-11789;0.069200000;0.935880000
CVE-2018-11788;0.074800000;0.939980000
CVE-2018-11787;0.025730000;0.839810000
CVE-2018-11786;0.019040000;0.781280000
CVE-2018-11785;0.012210000;0.663950000
CVE-2018-11784;0.944940000;0.998470000
CVE-2018-11783;0.018690000;0.777170000
CVE-2018-11782;0.024220000;0.829250000
CVE-2018-11781;0.009840000;0.596830000
CVE-2018-11780;0.108200000;0.955080000
CVE-2018-1178;0.027370000;0.850050000
CVE-2018-11779;0.034770000;0.881870000
CVE-2018-11778;0.040110000;0.897650000
CVE-2018-11777;0.023030000;0.820180000
CVE-2018-11776;0.999910000;0.999850000
CVE-2018-11775;0.069590000;0.936170000
CVE-2018-11774;0.013560000;0.695100000
CVE-2018-11773;0.021030000;0.803060000
CVE-2018-11772;0.013560000;0.695100000
CVE-2018-11771;0.052530000;0.919090000
CVE-2018-11770;0.658300000;0.992110000
CVE-2018-1177;0.027370000;0.850040000
CVE-2018-11769;0.081530000;0.944070000
CVE-2018-11768;0.065540000;0.932810000
CVE-2018-11767;0.037260000;0.889540000
CVE-2018-11766;0.032440000;0.873460000
CVE-2018-11765;0.052070000;0.918520000
CVE-2018-11764;0.023940000;0.827090000
CVE-2018-11763;0.510020000;0.988420000
CVE-2018-11762;0.054490000;0.921220000
CVE-2018-11761;0.096350000;0.951070000
CVE-2018-11760;0.006050000;0.464510000
CVE-2018-1176;0.035080000;0.882840000
CVE-2018-11759;0.906470000;0.997950000
CVE-2018-11758;0.029740000;0.862080000
CVE-2018-11757;0.068950000;0.935570000
CVE-2018-11756;0.081990000;0.944360000
CVE-2018-11752;0.002740000;0.198740000
CVE-2018-11751;0.006080000;0.465730000
CVE-2018-11750;0.010750000;0.624250000
CVE-2018-1175;0.026690000;0.846010000
CVE-2018-11749;0.007580000;0.524950000
CVE-2018-11748;0.002800000;0.206160000
CVE-2018-11747;0.007240000;0.513570000
CVE-2018-11746;0.013810000;0.700430000
CVE-2018-11744;0.009280000;0.578790000
CVE-2018-11743;0.022030000;0.811890000
CVE-2018-11742;0.143350000;0.963280000
CVE-2018-11741;0.178860000;0.969430000
CVE-2018-11740;0.013100000;0.684500000
CVE-2018-1174;0.025960000;0.841390000
CVE-2018-11739;0.013020000;0.682940000
CVE-2018-11738;0.013260000;0.687900000
CVE-2018-11737;0.013260000;0.687900000
CVE-2018-11736;0.085730000;0.946490000
CVE-2018-11735;0.008220000;0.546060000
CVE-2018-11734;0.007830000;0.533170000
CVE-2018-11731;0.011840000;0.654160000
CVE-2018-11730;0.008420000;0.551920000
CVE-2018-1173;0.027370000;0.849970000
CVE-2018-11729;0.011840000;0.654160000
CVE-2018-11728;0.011650000;0.648820000
CVE-2018-11727;0.011650000;0.648820000
CVE-2018-11726;0.025460000;0.837950000
CVE-2018-11725;0.025390000;0.837490000
CVE-2018-11724;0.015510000;0.731850000
CVE-2018-11723;0.011840000;0.654160000
CVE-2018-11722;0.015370000;0.729220000
CVE-2018-11720;0.017240000;0.757630000
CVE-2018-1172;0.086110000;0.946710000
CVE-2018-11719;0.008220000;0.545920000
CVE-2018-11718;0.004600000;0.383510000
CVE-2018-11717;0.085750000;0.946500000
CVE-2018-11716;0.142940000;0.963180000
CVE-2018-11715;0.016830000;0.751840000
CVE-2018-11714;0.680530000;0.992690000
CVE-2018-11713;0.015860000;0.736960000
CVE-2018-11712;0.011780000;0.652520000
CVE-2018-11711;0.051950000;0.918370000
CVE-2018-11710;0.020670000;0.799390000
CVE-2018-1171;0.004380000;0.367790000
CVE-2018-11709;0.036000000;0.885590000
CVE-2018-11707;0.008410000;0.551630000
CVE-2018-11706;0.007940000;0.536730000
CVE-2018-11705;0.007940000;0.536740000
CVE-2018-11704;0.007940000;0.536730000
CVE-2018-11703;0.007940000;0.536740000
CVE-2018-11702;0.007940000;0.536750000
CVE-2018-11701;0.007940000;0.536730000
CVE-2018-1170;0.007820000;0.532850000
CVE-2018-11698;0.016550000;0.747420000
CVE-2018-11697;0.016550000;0.747420000
CVE-2018-11696;0.016470000;0.746380000
CVE-2018-11695;0.016520000;0.747080000
CVE-2018-11694;0.017070000;0.755260000
CVE-2018-11693;0.013700000;0.698170000
CVE-2018-11692;0.044020000;0.905760000
CVE-2018-11691;0.022970000;0.819590000
CVE-2018-11690;0.335100000;0.982510000
CVE-2018-1169;0.025070000;0.835250000
CVE-2018-11689;0.015740000;0.735250000
CVE-2018-11688;0.024200000;0.829130000
CVE-2018-11687;0.014300000;0.709840000
CVE-2018-11686;0.525420000;0.988780000
CVE-2018-11685;0.022310000;0.814080000
CVE-2018-11684;0.022310000;0.814070000
CVE-2018-11683;0.022110000;0.812590000
CVE-2018-11682;0.043010000;0.903840000
CVE-2018-11681;0.043010000;0.903840000
CVE-2018-11680;0.004160000;0.350040000
CVE-2018-1168;0.003120000;0.241530000
CVE-2018-11679;0.005380000;0.431640000
CVE-2018-11678;0.016780000;0.750890000
CVE-2018-11671;0.024800000;0.833410000
CVE-2018-11670;0.024800000;0.833410000
CVE-2018-1167;0.048220000;0.912970000
CVE-2018-1166;0.003760000;0.309900000
CVE-2018-11657;0.010630000;0.620590000
CVE-2018-11656;0.018450000;0.773960000
CVE-2018-11655;0.017220000;0.757330000
CVE-2018-11654;0.019580000;0.787670000
CVE-2018-11653;0.021130000;0.803990000
CVE-2018-11652;0.244390000;0.977000000
CVE-2018-11651;0.008070000;0.541280000
CVE-2018-11650;0.008480000;0.553760000
CVE-2018-1165;0.004990000;0.408400000
CVE-2018-11649;0.007070000;0.507370000
CVE-2018-11647;0.009050000;0.571350000
CVE-2018-11646;0.683430000;0.992770000
CVE-2018-11645;0.025820000;0.840360000
CVE-2018-11643;0.013640000;0.696830000
CVE-2018-11642;0.005050000;0.411570000
CVE-2018-11641;0.017400000;0.759830000
CVE-2018-11640;0.018920000;0.779930000
CVE-2018-1164;0.039600000;0.896370000
CVE-2018-11639;0.011070000;0.633220000
CVE-2018-11638;0.040980000;0.899580000
CVE-2018-11637;0.020500000;0.797620000
CVE-2018-11636;0.006440000;0.482300000
CVE-2018-11635;0.019990000;0.792010000
CVE-2018-11634;0.003920000;0.325880000
CVE-2018-11633;0.005370000;0.430920000
CVE-2018-11632;0.005370000;0.430920000
CVE-2018-11631;0.012070000;0.660090000
CVE-2018-1163;0.160390000;0.966600000
CVE-2018-11629;0.043010000;0.903840000
CVE-2018-11628;0.034740000;0.881770000
CVE-2018-11627;0.021930000;0.810860000
CVE-2018-11626;0.013630000;0.696650000
CVE-2018-11625;0.022720000;0.817390000
CVE-2018-11624;0.020810000;0.800730000
CVE-2018-11623;0.028820000;0.857880000
CVE-2018-11622;0.027730000;0.852340000
CVE-2018-11621;0.026290000;0.843440000
CVE-2018-11620;0.026290000;0.843440000
CVE-2018-1162;0.049360000;0.914760000
CVE-2018-11619;0.027730000;0.852170000
CVE-2018-11618;0.027730000;0.852180000
CVE-2018-11617;0.027730000;0.852190000
CVE-2018-11616;0.048840000;0.913950000
CVE-2018-11615;0.033460000;0.877360000
CVE-2018-11614;0.012960000;0.681730000
CVE-2018-1161;0.666920000;0.992310000
CVE-2018-1160;0.865390000;0.997230000
CVE-2018-11598;0.012940000;0.681180000
CVE-2018-11597;0.008110000;0.542300000
CVE-2018-11596;0.008110000;0.542300000
CVE-2018-11595;0.012980000;0.682030000
CVE-2018-11594;0.011240000;0.637770000
CVE-2018-11593;0.012310000;0.666460000
CVE-2018-11592;0.010130000;0.605970000
CVE-2018-11591;0.010130000;0.605960000
CVE-2018-11590;0.010130000;0.605970000
CVE-2018-1159;0.024830000;0.833550000
CVE-2018-11589;0.021470000;0.806960000
CVE-2018-11588;0.011120000;0.634690000
CVE-2018-11587;0.042470000;0.902780000
CVE-2018-11586;0.149850000;0.964500000
CVE-2018-11583;0.006750000;0.495150000
CVE-2018-11581;0.010790000;0.625240000
CVE-2018-11580;0.006160000;0.469920000
CVE-2018-1158;0.024830000;0.833550000
CVE-2018-11579;0.009450000;0.584260000
CVE-2018-11578;0.010170000;0.607050000
CVE-2018-11577;0.025760000;0.839990000
CVE-2018-11576;0.014440000;0.712260000
CVE-2018-11575;0.015290000;0.727790000
CVE-2018-11574;0.018990000;0.780800000
CVE-2018-11572;0.006670000;0.491950000
CVE-2018-11571;0.012970000;0.681850000
CVE-2018-1157;0.043750000;0.905330000
CVE-2018-11569;0.017430000;0.760220000
CVE-2018-11568;0.010880000;0.627810000
CVE-2018-11567;0.010860000;0.627300000
CVE-2018-11565;0.008920000;0.567750000
CVE-2018-11564;0.031690000;0.870290000
CVE-2018-11563;0.008160000;0.544040000
CVE-2018-11562;0.008150000;0.543850000
CVE-2018-11561;0.009170000;0.575500000
CVE-2018-11560;0.016330000;0.744320000
CVE-2018-1156;0.074310000;0.939690000
CVE-2018-11559;0.006840000;0.498700000
CVE-2018-11558;0.006840000;0.498700000
CVE-2018-11557;0.006470000;0.483880000
CVE-2018-11556;0.010670000;0.622160000
CVE-2018-11555;0.010670000;0.622160000
CVE-2018-11554;0.014360000;0.710880000
CVE-2018-11553;0.006750000;0.495240000
CVE-2018-11552;0.286280000;0.979890000
CVE-2018-11551;0.024950000;0.834420000
CVE-2018-1155;0.005690000;0.447330000
CVE-2018-11549;0.006670000;0.491970000
CVE-2018-11548;0.013320000;0.689300000
CVE-2018-11547;0.016300000;0.743790000
CVE-2018-11546;0.016300000;0.743790000
CVE-2018-11545;0.015890000;0.737330000
CVE-2018-11544;0.015270000;0.727510000
CVE-2018-11543;0.016110000;0.740680000
CVE-2018-11542;0.034360000;0.880400000
CVE-2018-11541;0.017510000;0.761270000
CVE-2018-1154;0.006730000;0.494640000
CVE-2018-11538;0.127210000;0.959560000
CVE-2018-11537;0.011370000;0.640930000
CVE-2018-11536;0.017110000;0.755820000
CVE-2018-11535;0.032380000;0.873220000
CVE-2018-11532;0.024440000;0.830820000
CVE-2018-11531;0.029600000;0.861460000
CVE-2018-1153;0.004940000;0.405300000
CVE-2018-11529;0.408770000;0.985460000
CVE-2018-11528;0.015500000;0.731710000
CVE-2018-11527;0.006140000;0.468810000
CVE-2018-11526;0.052090000;0.918610000
CVE-2018-11525;0.052090000;0.918600000
CVE-2018-11523;0.098030000;0.951730000
CVE-2018-11522;0.042980000;0.903790000
CVE-2018-1152;0.034450000;0.880790000
CVE-2018-11518;0.014200000;0.707800000
CVE-2018-11517;0.020910000;0.801810000
CVE-2018-11516;0.037540000;0.890400000
CVE-2018-11515;0.016500000;0.746840000
CVE-2018-11514;0.011260000;0.638270000
CVE-2018-11512;0.021780000;0.809620000
CVE-2018-11511;0.111760000;0.956120000
CVE-2018-11510;0.447600000;0.986720000
CVE-2018-1151;0.084410000;0.945760000
CVE-2018-11509;0.125730000;0.959260000
CVE-2018-11508;0.017200000;0.757040000
CVE-2018-11507;0.011500000;0.644600000
CVE-2018-11506;0.003850000;0.319780000
CVE-2018-11505;0.090470000;0.948810000
CVE-2018-11504;0.015100000;0.724790000
CVE-2018-11503;0.015990000;0.738790000
CVE-2018-11502;0.019150000;0.782620000
CVE-2018-11501;0.006340000;0.478030000
CVE-2018-11500;0.005870000;0.456040000
CVE-2018-1150;0.018800000;0.778450000
CVE-2018-11499;0.040060000;0.897520000
CVE-2018-11498;0.020130000;0.793840000
CVE-2018-11496;0.013440000;0.692350000
CVE-2018-11495;0.016990000;0.754190000
CVE-2018-11494;0.023770000;0.825820000
CVE-2018-11493;0.006500000;0.485190000
CVE-2018-11492;0.113860000;0.956580000
CVE-2018-11491;0.067030000;0.933970000
CVE-2018-11490;0.024480000;0.831160000
CVE-2018-1149;0.152260000;0.964890000
CVE-2018-11489;0.025580000;0.838740000
CVE-2018-11488;0.048740000;0.913800000
CVE-2018-11487;0.008020000;0.539190000
CVE-2018-11486;0.008020000;0.539470000
CVE-2018-11485;0.008080000;0.541370000
CVE-2018-11482;0.012410000;0.668840000
CVE-2018-11481;0.017880000;0.766360000
CVE-2018-1148;0.007600000;0.525780000
CVE-2018-11479;0.099050000;0.952060000
CVE-2018-11478;0.009160000;0.575280000
CVE-2018-11477;0.004820000;0.397820000
CVE-2018-11476;0.005180000;0.419980000
CVE-2018-11475;0.010770000;0.624890000
CVE-2018-11474;0.010770000;0.624890000
CVE-2018-11473;0.022730000;0.817490000
CVE-2018-11472;0.009390000;0.582720000
CVE-2018-11471;0.005560000;0.440870000
CVE-2018-11470;0.010540000;0.618070000
CVE-2018-1147;0.011480000;0.643600000
CVE-2018-11469;0.030220000;0.864250000
CVE-2018-11468;0.015080000;0.724340000
CVE-2018-11466;0.040030000;0.897440000
CVE-2018-11465;0.004330000;0.363650000
CVE-2018-11464;0.018570000;0.775710000
CVE-2018-11463;0.004640000;0.385940000
CVE-2018-11462;0.036870000;0.888380000
CVE-2018-11461;0.003540000;0.287110000
CVE-2018-11460;0.003780000;0.311690000
CVE-2018-1146;0.291160000;0.980190000
CVE-2018-11459;0.003780000;0.311690000
CVE-2018-11458;0.045930000;0.909340000
CVE-2018-11457;0.045930000;0.909340000
CVE-2018-11456;0.012730000;0.676840000
CVE-2018-11455;0.053060000;0.919640000
CVE-2018-11454;0.004430000;0.371500000
CVE-2018-11453;0.003580000;0.291730000
CVE-2018-11452;0.023890000;0.826760000
CVE-2018-11451;0.023890000;0.826770000
CVE-2018-11450;0.008080000;0.541370000
CVE-2018-1145;0.248720000;0.977360000
CVE-2018-11449;0.004220000;0.355530000
CVE-2018-11448;0.003220000;0.252140000
CVE-2018-11447;0.005840000;0.455070000
CVE-2018-11446;0.008900000;0.566820000
CVE-2018-11445;0.024040000;0.827860000
CVE-2018-11444;0.032380000;0.873230000
CVE-2018-11443;0.027250000;0.849260000
CVE-2018-11442;0.024040000;0.827860000
CVE-2018-11440;0.031950000;0.871320000
CVE-2018-1144;0.069810000;0.936360000
CVE-2018-11439;0.028470000;0.856260000
CVE-2018-11438;0.026660000;0.845810000
CVE-2018-11437;0.014340000;0.710510000
CVE-2018-11436;0.014340000;0.710510000
CVE-2018-11435;0.014360000;0.710870000
CVE-2018-11434;0.014340000;0.710510000
CVE-2018-11433;0.014340000;0.710500000
CVE-2018-11432;0.014340000;0.710510000
CVE-2018-11430;0.005890000;0.457380000
CVE-2018-1143;0.551890000;0.989520000
CVE-2018-11429;0.009880000;0.598130000
CVE-2018-11427;0.005790000;0.452150000
CVE-2018-11426;0.018410000;0.773480000
CVE-2018-11425;0.015400000;0.729800000
CVE-2018-11424;0.013600000;0.695900000
CVE-2018-11423;0.013600000;0.695900000
CVE-2018-11422;0.010220000;0.608740000
CVE-2018-11421;0.009060000;0.571860000
CVE-2018-11420;0.015400000;0.729790000
CVE-2018-1142;0.005210000;0.421590000
CVE-2018-11419;0.015830000;0.736520000
CVE-2018-11418;0.015830000;0.736520000
CVE-2018-11416;0.017890000;0.766510000
CVE-2018-11415;0.083050000;0.944950000
CVE-2018-11414;0.010540000;0.618070000
CVE-2018-11413;0.016290000;0.743570000
CVE-2018-11412;0.161540000;0.966770000
CVE-2018-11411;0.009710000;0.592750000
CVE-2018-11410;0.050460000;0.916440000
CVE-2018-1141;0.002370000;0.149820000
CVE-2018-11409;0.983140000;0.999140000
CVE-2018-11408;0.011390000;0.641420000
CVE-2018-11407;0.023450000;0.823570000
CVE-2018-11406;0.007610000;0.526200000
CVE-2018-11405;0.005870000;0.456040000
CVE-2018-11404;0.023430000;0.823450000
CVE-2018-11403;0.017960000;0.767440000
CVE-2018-11402;0.002290000;0.139800000
CVE-2018-11401;0.003170000;0.246410000
CVE-2018-11400;0.003170000;0.246400000
CVE-2018-1140;0.108390000;0.955120000
CVE-2018-11399;0.002290000;0.139810000
CVE-2018-11396;0.014940000;0.721680000
CVE-2018-11392;0.035820000;0.885030000
CVE-2018-1139;0.031050000;0.867550000
CVE-2018-11386;0.016070000;0.740220000
CVE-2018-11385;0.020140000;0.793880000
CVE-2018-11384;0.011410000;0.641980000
CVE-2018-11383;0.011480000;0.643610000
CVE-2018-11382;0.011480000;0.643610000
CVE-2018-11381;0.009100000;0.573300000
CVE-2018-11380;0.009100000;0.573300000
CVE-2018-11379;0.011480000;0.643610000
CVE-2018-11378;0.010670000;0.622150000
CVE-2018-11377;0.014370000;0.711080000
CVE-2018-11376;0.011410000;0.641980000
CVE-2018-11375;0.011480000;0.643610000
CVE-2018-11373;0.012020000;0.658610000
CVE-2018-11372;0.012020000;0.658600000
CVE-2018-11371;0.006660000;0.491670000
CVE-2018-1137;0.016460000;0.746260000
CVE-2018-11369;0.011350000;0.640500000
CVE-2018-11367;0.010540000;0.618100000
CVE-2018-11366;0.021910000;0.810700000
CVE-2018-11365;0.011630000;0.648280000
CVE-2018-11364;0.011620000;0.647870000
CVE-2018-11363;0.019290000;0.784220000
CVE-2018-11362;0.030800000;0.866560000
CVE-2018-11361;0.028890000;0.858290000
CVE-2018-11360;0.034640000;0.881420000
CVE-2018-1136;0.009770000;0.594960000
CVE-2018-11359;0.028210000;0.854970000
CVE-2018-11358;0.028300000;0.855420000
CVE-2018-11357;0.028450000;0.856140000
CVE-2018-11356;0.028450000;0.856140000
CVE-2018-11355;0.031190000;0.868200000
CVE-2018-11354;0.027970000;0.853640000
CVE-2018-11352;0.007210000;0.512320000
CVE-2018-11351;0.012080000;0.660360000
CVE-2018-11350;0.007120000;0.509130000
CVE-2018-1135;0.011850000;0.654340000
CVE-2018-11349;0.005230000;0.422670000
CVE-2018-11348;0.006220000;0.472780000
CVE-2018-11347;0.013240000;0.687510000
CVE-2018-11346;0.012750000;0.677110000
CVE-2018-11345;0.019250000;0.783840000
CVE-2018-11344;0.014520000;0.713930000
CVE-2018-11343;0.009100000;0.573160000
CVE-2018-11342;0.011310000;0.639550000
CVE-2018-11341;0.021720000;0.809100000
CVE-2018-11340;0.021140000;0.804020000
CVE-2018-1134;0.010130000;0.605890000
CVE-2018-11339;0.039750000;0.896790000
CVE-2018-11338;0.008620000;0.558610000
CVE-2018-11335;0.009880000;0.598150000
CVE-2018-11334;0.003250000;0.254950000
CVE-2018-11332;0.018770000;0.778050000
CVE-2018-11331;0.022630000;0.816700000
CVE-2018-11330;0.006530000;0.486580000
CVE-2018-1133;0.318790000;0.981660000
CVE-2018-11329;0.008820000;0.564590000
CVE-2018-11328;0.013610000;0.696150000
CVE-2018-11327;0.014280000;0.709360000
CVE-2018-11326;0.010500000;0.616800000
CVE-2018-11325;0.032680000;0.874440000
CVE-2018-11324;0.013160000;0.685650000
CVE-2018-11323;0.027700000;0.851970000
CVE-2018-11322;0.017800000;0.765390000
CVE-2018-11321;0.019650000;0.788320000
CVE-2018-11320;0.013760000;0.699390000
CVE-2018-1132;0.028530000;0.856530000
CVE-2018-11319;0.027430000;0.850390000
CVE-2018-11317;0.009050000;0.571360000
CVE-2018-11316;0.013030000;0.683160000
CVE-2018-11315;0.008020000;0.539430000
CVE-2018-11314;0.017380000;0.759520000
CVE-2018-11311;0.157370000;0.966010000
CVE-2018-1131;0.012540000;0.672000000
CVE-2018-11309;0.021800000;0.809830000
CVE-2018-11307;0.057300000;0.924630000
CVE-2018-11305;0.002650000;0.186340000
CVE-2018-11304;0.001620000;0.059270000
CVE-2018-11302;0.001780000;0.076320000
CVE-2018-11301;0.001870000;0.086290000
CVE-2018-11300;0.001820000;0.080630000
CVE-2018-1130;0.004950000;0.405770000
CVE-2018-11299;0.002030000;0.105750000
CVE-2018-11298;0.002020000;0.104860000
CVE-2018-11297;0.001970000;0.098260000
CVE-2018-11296;0.001920000;0.092060000
CVE-2018-11295;0.001920000;0.092060000
CVE-2018-11294;0.003310000;0.262530000
CVE-2018-11293;0.003900000;0.324760000
CVE-2018-11292;0.003040000;0.232140000
CVE-2018-11291;0.007960000;0.537150000
CVE-2018-11290;0.008450000;0.553000000
CVE-2018-1129;0.019020000;0.781030000
CVE-2018-11289;0.002130000;0.119380000
CVE-2018-11288;0.002340000;0.145350000
CVE-2018-11287;0.009420000;0.583300000
CVE-2018-11286;0.001690000;0.066940000
CVE-2018-11285;0.005690000;0.447550000
CVE-2018-11284;0.005500000;0.437930000
CVE-2018-11281;0.001900000;0.090260000
CVE-2018-11280;0.001960000;0.096390000
CVE-2018-1128;0.013740000;0.699130000
CVE-2018-11279;0.005140000;0.417230000
CVE-2018-11278;0.001720000;0.069690000
CVE-2018-11277;0.001700000;0.067670000
CVE-2018-11276;0.001870000;0.086280000
CVE-2018-11275;0.001910000;0.090690000
CVE-2018-11274;0.001910000;0.091530000
CVE-2018-11273;0.001910000;0.090610000
CVE-2018-11271;0.008070000;0.541050000
CVE-2018-11270;0.001920000;0.091890000
CVE-2018-1127;0.012650000;0.674730000
CVE-2018-11269;0.002700000;0.193510000
CVE-2018-11268;0.002780000;0.203300000
CVE-2018-11267;0.002230000;0.132000000
CVE-2018-11266;0.001910000;0.091270000
CVE-2018-11265;0.002020000;0.104860000
CVE-2018-11264;0.002410000;0.155610000
CVE-2018-11263;0.004740000;0.392680000
CVE-2018-11262;0.002020000;0.104130000
CVE-2018-11261;0.001930000;0.092580000
CVE-2018-11260;0.002170000;0.123860000
CVE-2018-1126;0.019930000;0.791420000
CVE-2018-11259;0.001970000;0.098110000
CVE-2018-11258;0.002450000;0.161110000
CVE-2018-11257;0.001950000;0.095750000
CVE-2018-11256;0.013860000;0.701370000
CVE-2018-11255;0.011140000;0.635260000
CVE-2018-11254;0.010930000;0.628970000
CVE-2018-11251;0.021500000;0.807240000
CVE-2018-1125;0.022010000;0.811770000
CVE-2018-11248;0.016210000;0.742290000
CVE-2018-11247;0.025730000;0.839770000
CVE-2018-11246;0.010620000;0.620490000
CVE-2018-11245;0.008480000;0.553750000
CVE-2018-11244;0.009590000;0.588550000
CVE-2018-11243;0.024730000;0.832910000
CVE-2018-11242;0.040800000;0.899200000
CVE-2018-11241;0.036990000;0.888750000
CVE-2018-11240;0.022870000;0.818760000
CVE-2018-1124;0.018340000;0.772550000
CVE-2018-11239;0.009260000;0.578050000
CVE-2018-11237;0.008800000;0.564120000
CVE-2018-11236;0.073070000;0.938940000
CVE-2018-11235;0.487520000;0.987830000
CVE-2018-11233;0.044990000;0.907590000
CVE-2018-11232;0.003960000;0.330340000
CVE-2018-11231;0.090540000;0.948850000
CVE-2018-11230;0.017670000;0.763660000
CVE-2018-1123;0.090810000;0.948950000
CVE-2018-11229;0.056350000;0.923560000
CVE-2018-11228;0.074820000;0.940000000
CVE-2018-11227;0.047330000;0.911610000
CVE-2018-11226;0.017390000;0.759660000
CVE-2018-11225;0.019530000;0.787080000
CVE-2018-11224;0.010470000;0.616020000
CVE-2018-11223;0.013230000;0.687190000
CVE-2018-11222;0.065340000;0.932650000
CVE-2018-11221;0.056190000;0.923420000
CVE-2018-11220;0.162100000;0.966910000
CVE-2018-1122;0.013000000;0.682520000
CVE-2018-11219;0.069670000;0.936240000
CVE-2018-11218;0.590060000;0.990390000
CVE-2018-11215;0.023990000;0.827460000
CVE-2018-11214;0.024370000;0.830360000
CVE-2018-11213;0.026260000;0.843240000
CVE-2018-11212;0.050100000;0.915840000
CVE-2018-11210;0.021030000;0.803040000
CVE-2018-1121;0.041890000;0.901590000
CVE-2018-11209;0.010200000;0.607700000
CVE-2018-11208;0.008910000;0.567350000
CVE-2018-11207;0.018030000;0.768450000
CVE-2018-11206;0.028330000;0.855550000
CVE-2018-11205;0.024020000;0.827700000
CVE-2018-11204;0.017400000;0.759780000
CVE-2018-11203;0.017400000;0.759780000
CVE-2018-11202;0.019520000;0.786970000
CVE-2018-11200;0.008320000;0.549040000
CVE-2018-1120;0.072910000;0.938810000
CVE-2018-11198;0.009050000;0.571340000
CVE-2018-11196;0.009130000;0.573920000
CVE-2018-11195;0.005210000;0.421860000
CVE-2018-11194;0.026740000;0.846370000
CVE-2018-11193;0.026740000;0.846370000
CVE-2018-11192;0.026740000;0.846370000
CVE-2018-11191;0.026740000;0.846370000
CVE-2018-11190;0.026740000;0.846380000
CVE-2018-11189;0.033940000;0.878980000
CVE-2018-11188;0.045440000;0.908440000
CVE-2018-11187;0.045440000;0.908440000
CVE-2018-11186;0.045440000;0.908430000
CVE-2018-11185;0.045440000;0.908420000
CVE-2018-11184;0.044990000;0.907610000
CVE-2018-11183;0.045440000;0.908460000
CVE-2018-11182;0.045440000;0.908430000
CVE-2018-11181;0.045440000;0.908450000
CVE-2018-11180;0.045440000;0.908420000
CVE-2018-1118;0.004030000;0.338440000
CVE-2018-11179;0.045440000;0.908380000
CVE-2018-11178;0.045440000;0.908410000
CVE-2018-11177;0.045440000;0.908380000
CVE-2018-11176;0.046040000;0.909550000
CVE-2018-11175;0.045440000;0.908410000
CVE-2018-11174;0.045440000;0.908420000
CVE-2018-11173;0.045440000;0.908410000
CVE-2018-11172;0.045440000;0.908400000
CVE-2018-11171;0.045440000;0.908350000
CVE-2018-11170;0.045440000;0.908350000
CVE-2018-1117;0.014240000;0.708720000
CVE-2018-11169;0.045440000;0.908450000
CVE-2018-11168;0.045440000;0.908450000
CVE-2018-11167;0.045440000;0.908390000
CVE-2018-11166;0.045440000;0.908460000
CVE-2018-11165;0.045440000;0.908390000
CVE-2018-11164;0.045440000;0.908380000
CVE-2018-11163;0.044990000;0.907610000
CVE-2018-11162;0.045440000;0.908390000
CVE-2018-11161;0.045440000;0.908360000
CVE-2018-11160;0.045440000;0.908360000
CVE-2018-1116;0.011960000;0.657170000
CVE-2018-11159;0.045440000;0.908360000
CVE-2018-11158;0.045440000;0.908400000
CVE-2018-11157;0.045440000;0.908350000
CVE-2018-11156;0.045440000;0.908370000
CVE-2018-11155;0.045440000;0.908400000
CVE-2018-11154;0.045440000;0.908380000
CVE-2018-11153;0.045440000;0.908440000
CVE-2018-11152;0.045440000;0.908430000
CVE-2018-11151;0.044990000;0.907610000
CVE-2018-11150;0.045440000;0.908450000
CVE-2018-1115;0.040420000;0.898310000
CVE-2018-11149;0.045440000;0.908430000
CVE-2018-11148;0.045440000;0.908400000
CVE-2018-11147;0.045440000;0.908410000
CVE-2018-11146;0.045440000;0.908370000
CVE-2018-11145;0.045440000;0.908370000
CVE-2018-11144;0.045440000;0.908370000
CVE-2018-11143;0.371880000;0.984050000
CVE-2018-11142;0.004230000;0.356200000
CVE-2018-11141;0.020210000;0.794550000
CVE-2018-11140;0.013870000;0.701610000
CVE-2018-1114;0.023290000;0.822230000
CVE-2018-11139;0.429170000;0.986150000
CVE-2018-11138;0.920610000;0.998130000
CVE-2018-11137;0.064830000;0.932170000
CVE-2018-11136;0.013870000;0.701610000
CVE-2018-11135;0.020690000;0.799560000
CVE-2018-11134;0.030160000;0.863980000
CVE-2018-11133;0.087430000;0.947440000
CVE-2018-11132;0.182850000;0.969950000
CVE-2018-11130;0.223690000;0.975070000
CVE-2018-1113;0.003150000;0.243850000
CVE-2018-11129;0.014560000;0.714700000
CVE-2018-11128;0.016930000;0.753390000
CVE-2018-11127;0.005300000;0.426900000
CVE-2018-11126;0.006500000;0.485200000
CVE-2018-11124;0.018670000;0.776860000
CVE-2018-11120;0.008640000;0.559160000
CVE-2018-1112;0.024300000;0.829890000
CVE-2018-11119;0.008650000;0.559390000
CVE-2018-11118;0.012540000;0.671860000
CVE-2018-11117;0.008540000;0.555950000
CVE-2018-11116;0.024360000;0.830300000
CVE-2018-1111;0.979700000;0.999070000
CVE-2018-11106;0.026010000;0.841670000
CVE-2018-11105;0.010980000;0.631050000
CVE-2018-11102;0.026380000;0.844040000
CVE-2018-11101;0.014450000;0.712540000
CVE-2018-11100;0.018130000;0.769840000
CVE-2018-1110;0.011100000;0.634030000
CVE-2018-11099;0.015230000;0.726880000
CVE-2018-11098;0.014170000;0.707300000
CVE-2018-11097;0.010930000;0.628980000
CVE-2018-11096;0.005420000;0.433410000
CVE-2018-11095;0.018130000;0.769840000
CVE-2018-11094;0.344410000;0.982880000
CVE-2018-11093;0.010200000;0.607730000
CVE-2018-11092;0.010030000;0.602720000
CVE-2018-11091;0.038040000;0.891960000
CVE-2018-11090;0.007050000;0.506700000
CVE-2018-1109;0.013630000;0.696570000
CVE-2018-11088;0.009610000;0.589520000
CVE-2018-11087;0.012680000;0.675350000
CVE-2018-11086;0.009610000;0.589510000
CVE-2018-11084;0.011820000;0.653630000
CVE-2018-11083;0.014830000;0.719770000
CVE-2018-11082;0.011010000;0.631810000
CVE-2018-11081;0.014120000;0.706330000
CVE-2018-11080;0.003680000;0.301030000
CVE-2018-1108;0.018020000;0.768200000
CVE-2018-11079;0.003720000;0.306260000
CVE-2018-11078;0.007600000;0.525930000
CVE-2018-11077;0.010050000;0.603620000
CVE-2018-11076;0.008340000;0.549560000
CVE-2018-11075;0.014900000;0.721160000
CVE-2018-11074;0.020270000;0.795260000
CVE-2018-11073;0.011100000;0.634180000
CVE-2018-11072;0.004110000;0.345010000
CVE-2018-11071;0.018450000;0.773990000
CVE-2018-11070;0.016560000;0.747620000
CVE-2018-1107;0.012040000;0.659010000
CVE-2018-11069;0.012780000;0.677770000
CVE-2018-11068;0.004160000;0.349750000
CVE-2018-11067;0.018110000;0.769470000
CVE-2018-11066;0.099060000;0.952070000
CVE-2018-11065;0.012910000;0.680480000
CVE-2018-11064;0.003920000;0.326550000
CVE-2018-11063;0.003010000;0.228290000
CVE-2018-11062;0.017690000;0.763850000
CVE-2018-11061;0.049820000;0.915490000
CVE-2018-11060;0.030360000;0.864820000
CVE-2018-1106;0.003930000;0.327410000
CVE-2018-11059;0.013630000;0.696720000
CVE-2018-11058;0.040120000;0.897670000
CVE-2018-11057;0.016660000;0.749250000
CVE-2018-11056;0.018690000;0.777090000
CVE-2018-11055;0.004260000;0.358570000
CVE-2018-11054;0.032350000;0.873090000
CVE-2018-11053;0.004520000;0.377940000
CVE-2018-11052;0.042050000;0.901890000
CVE-2018-11051;0.026380000;0.844080000
CVE-2018-11050;0.006830000;0.498480000
CVE-2018-11049;0.004450000;0.373180000
CVE-2018-11048;0.020910000;0.801830000
CVE-2018-11047;0.010660000;0.622080000
CVE-2018-11046;0.009030000;0.570890000
CVE-2018-11045;0.008580000;0.557270000
CVE-2018-11044;0.007330000;0.516570000
CVE-2018-11041;0.008500000;0.554490000
CVE-2018-11040;0.032440000;0.873480000
CVE-2018-1104;0.025170000;0.836050000
CVE-2018-11039;0.027810000;0.852820000
CVE-2018-11037;0.023830000;0.826190000
CVE-2018-11036;0.013380000;0.691000000
CVE-2018-11035;0.004130000;0.346950000
CVE-2018-11034;0.010160000;0.606820000
CVE-2018-11033;0.012760000;0.677420000
CVE-2018-11032;0.014520000;0.713850000
CVE-2018-11031;0.019610000;0.787960000
CVE-2018-1103;0.013380000;0.690770000
CVE-2018-11027;0.008050000;0.540570000
CVE-2018-11025;0.025630000;0.839070000
CVE-2018-11024;0.025630000;0.839070000
CVE-2018-11023;0.025630000;0.839080000
CVE-2018-11022;0.025630000;0.839070000
CVE-2018-11021;0.029570000;0.861340000
CVE-2018-11020;0.006280000;0.475500000
CVE-2018-1102;0.024180000;0.828980000
CVE-2018-11019;0.029570000;0.861340000
CVE-2018-11018;0.006140000;0.468810000
CVE-2018-11017;0.013910000;0.702300000
CVE-2018-11013;0.065420000;0.932720000
CVE-2018-11012;0.006300000;0.476180000
CVE-2018-11011;0.006300000;0.476190000
CVE-2018-11010;0.008420000;0.552020000
CVE-2018-1101;0.020110000;0.793630000
CVE-2018-11009;0.008420000;0.552020000
CVE-2018-11008;0.006430000;0.482080000
CVE-2018-11007;0.006810000;0.497730000
CVE-2018-11006;0.006830000;0.498470000
CVE-2018-11005;0.006810000;0.497730000
CVE-2018-11004;0.005800000;0.452730000
CVE-2018-11003;0.007030000;0.506110000
CVE-2018-11002;0.009020000;0.570560000
CVE-2018-1100;0.005360000;0.430290000
CVE-2018-10999;0.024330000;0.830130000
CVE-2018-10998;0.024670000;0.832480000
CVE-2018-10997;0.018210000;0.770850000
CVE-2018-10996;0.052830000;0.919470000
CVE-2018-10995;0.017390000;0.759650000
CVE-2018-10994;0.013570000;0.695360000
CVE-2018-10992;0.015130000;0.725320000
CVE-2018-10990;0.010730000;0.623860000
CVE-2018-1099;0.005040000;0.411510000
CVE-2018-10989;0.013930000;0.702680000
CVE-2018-10988;0.002330000;0.144620000
CVE-2018-10987;0.029600000;0.861470000
CVE-2018-10986;0.004600000;0.383490000
CVE-2018-10982;0.004890000;0.402230000
CVE-2018-10981;0.004420000;0.371160000
CVE-2018-1098;0.012470000;0.670120000
CVE-2018-10977;0.004130000;0.346950000
CVE-2018-10976;0.004130000;0.346960000
CVE-2018-10975;0.004130000;0.346960000
CVE-2018-10974;0.004130000;0.346950000
CVE-2018-10973;0.009260000;0.578040000
CVE-2018-10972;0.012960000;0.681720000
CVE-2018-10971;0.011100000;0.634270000
CVE-2018-1097;0.017700000;0.764080000
CVE-2018-10969;0.052630000;0.919210000
CVE-2018-10968;0.017760000;0.764920000
CVE-2018-10967;0.038330000;0.892830000
CVE-2018-10966;0.016100000;0.740530000
CVE-2018-10963;0.037650000;0.890720000
CVE-2018-10962;0.003600000;0.293130000
CVE-2018-1096;0.013560000;0.695240000
CVE-2018-10959;0.016000000;0.738920000
CVE-2018-10958;0.025240000;0.836470000
CVE-2018-10957;0.008710000;0.561490000
CVE-2018-10956;0.553990000;0.989570000
CVE-2018-10955;0.004130000;0.346970000
CVE-2018-10954;0.004130000;0.346970000
CVE-2018-10953;0.004130000;0.346960000
CVE-2018-10952;0.004130000;0.346960000
CVE-2018-10951;0.012580000;0.673110000
CVE-2018-10950;0.013730000;0.698950000
CVE-2018-1095;0.014560000;0.714650000
CVE-2018-10949;0.024660000;0.832440000
CVE-2018-10948;0.007760000;0.530930000
CVE-2018-10947;0.004240000;0.357170000
CVE-2018-10946;0.004870000;0.401140000
CVE-2018-10945;0.013640000;0.696910000
CVE-2018-10944;0.009680000;0.591760000
CVE-2018-10943;0.011230000;0.637220000
CVE-2018-10942;0.127440000;0.959620000
CVE-2018-10940;0.005400000;0.432590000
CVE-2018-1094;0.020950000;0.802310000
CVE-2018-10939;0.014470000;0.712840000
CVE-2018-10938;0.049970000;0.915700000
CVE-2018-10937;0.010770000;0.624750000
CVE-2018-10936;0.029100000;0.859300000
CVE-2018-10935;0.018470000;0.774340000
CVE-2018-10934;0.009470000;0.585140000
CVE-2018-10933;0.917890000;0.998090000
CVE-2018-10932;0.010380000;0.613360000
CVE-2018-10931;0.678600000;0.992630000
CVE-2018-10930;0.021110000;0.803830000
CVE-2018-1093;0.019680000;0.788620000
CVE-2018-10929;0.033360000;0.877010000
CVE-2018-10928;0.026990000;0.847830000
CVE-2018-10927;0.027710000;0.852030000
CVE-2018-10926;0.025990000;0.841560000
CVE-2018-10925;0.022410000;0.815000000
CVE-2018-10924;0.018810000;0.778620000
CVE-2018-10923;0.016720000;0.750030000
CVE-2018-10922;0.008630000;0.558830000
CVE-2018-10921;0.010390000;0.613750000
CVE-2018-10920;0.032390000;0.873280000
CVE-2018-1092;0.019680000;0.788630000
CVE-2018-10919;0.021950000;0.811260000
CVE-2018-10918;0.025460000;0.837980000
CVE-2018-10917;0.010670000;0.622270000
CVE-2018-10916;0.047820000;0.912370000
CVE-2018-10915;0.051540000;0.917850000
CVE-2018-10914;0.024470000;0.831070000
CVE-2018-10913;0.020930000;0.802130000
CVE-2018-10912;0.013100000;0.684470000
CVE-2018-10911;0.030710000;0.866240000
CVE-2018-10910;0.004580000;0.382210000
CVE-2018-1091;0.004110000;0.345060000
CVE-2018-10908;0.011850000;0.654200000
CVE-2018-10907;0.033640000;0.878000000
CVE-2018-10906;0.014140000;0.706860000
CVE-2018-10905;0.004740000;0.392550000
CVE-2018-10904;0.030240000;0.864330000
CVE-2018-10903;0.031960000;0.871360000
CVE-2018-10902;0.005230000;0.422940000
CVE-2018-10901;0.005200000;0.421050000
CVE-2018-10900;0.050590000;0.916590000
CVE-2018-1090;0.013380000;0.690920000
CVE-2018-10899;0.026650000;0.845760000
CVE-2018-10898;0.008850000;0.565400000
CVE-2018-10897;0.057100000;0.924370000
CVE-2018-10896;0.003510000;0.284500000
CVE-2018-10895;0.011980000;0.657480000
CVE-2018-10894;0.003520000;0.284550000
CVE-2018-10893;0.023630000;0.824860000
CVE-2018-10892;0.011260000;0.638150000
CVE-2018-10891;0.021220000;0.804640000
CVE-2018-10890;0.021370000;0.806070000
CVE-2018-1089;0.042390000;0.902650000
CVE-2018-10889;0.021370000;0.806070000
CVE-2018-10888;0.018480000;0.774440000
CVE-2018-10887;0.020510000;0.797660000
CVE-2018-10885;0.016410000;0.745600000
CVE-2018-10884;0.008970000;0.569010000
CVE-2018-10883;0.005300000;0.426620000
CVE-2018-10882;0.007230000;0.513260000
CVE-2018-10881;0.007660000;0.527930000
CVE-2018-10880;0.029140000;0.859460000
CVE-2018-1088;0.055490000;0.922340000
CVE-2018-10879;0.008610000;0.558330000
CVE-2018-10878;0.007520000;0.523200000
CVE-2018-10877;0.022520000;0.815790000
CVE-2018-10876;0.007740000;0.530490000
CVE-2018-10875;0.005920000;0.458600000
CVE-2018-10874;0.004890000;0.402560000
CVE-2018-10873;0.039340000;0.895710000
CVE-2018-10872;0.004650000;0.386700000
CVE-2018-10871;0.010050000;0.603590000
CVE-2018-10870;0.061820000;0.929430000
CVE-2018-1087;0.007730000;0.530030000
CVE-2018-10869;0.027680000;0.851920000
CVE-2018-10868;0.011040000;0.632660000
CVE-2018-10867;0.010690000;0.622600000
CVE-2018-10866;0.010450000;0.615660000
CVE-2018-10865;0.010340000;0.612470000
CVE-2018-10864;0.012320000;0.666650000
CVE-2018-10863;0.010630000;0.620890000
CVE-2018-10862;0.012620000;0.673950000
CVE-2018-10861;0.032220000;0.872650000
CVE-2018-10860;0.487160000;0.987820000
CVE-2018-1086;0.019530000;0.787120000
CVE-2018-10859;0.013620000;0.696370000
CVE-2018-10858;0.043020000;0.903880000
CVE-2018-10857;0.015390000;0.729540000
CVE-2018-10856;0.008780000;0.563580000
CVE-2018-10855;0.031130000;0.867900000
CVE-2018-10854;0.006080000;0.465820000
CVE-2018-10853;0.004700000;0.389550000
CVE-2018-10852;0.015190000;0.726170000
CVE-2018-10851;0.060410000;0.928050000
CVE-2018-10850;0.015650000;0.733940000
CVE-2018-1085;0.022370000;0.814660000
CVE-2018-10847;0.016570000;0.747900000
CVE-2018-10846;0.003880000;0.323060000
CVE-2018-10845;0.036230000;0.886210000
CVE-2018-10844;0.036230000;0.886210000
CVE-2018-10843;0.013620000;0.696330000
CVE-2018-10841;0.012840000;0.679040000
CVE-2018-10840;0.006700000;0.493240000
CVE-2018-1084;0.031720000;0.870450000
CVE-2018-10839;0.031680000;0.870240000
CVE-2018-10832;0.059420000;0.926980000
CVE-2018-10831;0.007160000;0.510420000
CVE-2018-10830;0.010200000;0.607650000
CVE-2018-1083;0.006050000;0.464600000
CVE-2018-10828;0.013960000;0.703130000
CVE-2018-10827;0.017660000;0.763530000
CVE-2018-10825;0.001940000;0.094800000
CVE-2018-10824;0.124790000;0.959080000
CVE-2018-10823;0.776990000;0.995300000
CVE-2018-10822;0.392680000;0.984870000
CVE-2018-10821;0.010150000;0.606530000
CVE-2018-1082;0.020590000;0.798450000
CVE-2018-10817;0.006470000;0.483830000
CVE-2018-10815;0.008830000;0.565050000
CVE-2018-10814;0.014260000;0.709040000
CVE-2018-10813;0.011340000;0.640210000
CVE-2018-10812;0.001690000;0.066920000
CVE-2018-10811;0.062010000;0.929590000
CVE-2018-10810;0.006160000;0.469810000
CVE-2018-1081;0.014180000;0.707520000
CVE-2018-10809;0.011350000;0.640320000
CVE-2018-10806;0.003380000;0.270010000
CVE-2018-10805;0.018440000;0.773870000
CVE-2018-10804;0.020450000;0.797030000
CVE-2018-10803;0.007190000;0.511760000
CVE-2018-10801;0.011240000;0.637630000
CVE-2018-1080;0.015160000;0.725760000
CVE-2018-10799;0.008210000;0.545500000
CVE-2018-10798;0.008210000;0.545490000
CVE-2018-10796;0.004130000;0.346950000
CVE-2018-10795;0.017890000;0.766470000
CVE-2018-10790;0.015270000;0.727480000
CVE-2018-1079;0.010840000;0.626720000
CVE-2018-10780;0.009780000;0.595030000
CVE-2018-1078;0.012310000;0.666560000
CVE-2018-10779;0.030480000;0.865240000
CVE-2018-10778;0.010700000;0.622830000
CVE-2018-10777;0.010140000;0.606140000
CVE-2018-10776;0.010410000;0.614120000
CVE-2018-10775;0.016890000;0.752830000
CVE-2018-10774;0.014210000;0.708120000
CVE-2018-10773;0.011510000;0.645010000
CVE-2018-10772;0.016080000;0.740370000
CVE-2018-10771;0.030730000;0.866320000
CVE-2018-10770;0.015960000;0.738450000
CVE-2018-1077;0.010630000;0.620840000
CVE-2018-10769;0.012020000;0.658520000
CVE-2018-10768;0.024350000;0.830210000
CVE-2018-10767;0.022700000;0.817250000
CVE-2018-10763;0.016520000;0.747080000
CVE-2018-10760;0.012200000;0.663750000
CVE-2018-10759;0.018620000;0.776280000
CVE-2018-10758;0.004780000;0.395070000
CVE-2018-10757;0.056090000;0.923150000
CVE-2018-10756;0.026320000;0.843720000
CVE-2018-10753;0.027470000;0.850630000
CVE-2018-10752;0.019120000;0.782280000
CVE-2018-10751;0.086380000;0.946830000
CVE-2018-10750;0.033080000;0.876000000
CVE-2018-1075;0.003530000;0.286510000
CVE-2018-10749;0.026530000;0.845020000
CVE-2018-10748;0.026530000;0.845020000
CVE-2018-10747;0.027270000;0.849360000
CVE-2018-10746;0.027270000;0.849360000
CVE-2018-10740;0.028440000;0.856100000
CVE-2018-1074;0.014960000;0.722010000
CVE-2018-10739;0.003570000;0.290380000
CVE-2018-10738;0.425560000;0.986010000
CVE-2018-10737;0.425560000;0.986010000
CVE-2018-10736;0.425560000;0.986010000
CVE-2018-10735;0.425560000;0.986020000
CVE-2018-10734;0.018690000;0.777130000
CVE-2018-10733;0.022630000;0.816700000
CVE-2018-10732;0.016130000;0.741080000
CVE-2018-10731;0.027320000;0.849630000
CVE-2018-10730;0.045600000;0.908780000
CVE-2018-1073;0.019080000;0.781800000
CVE-2018-10729;0.018860000;0.779260000
CVE-2018-10728;0.022470000;0.815410000
CVE-2018-10727;0.010470000;0.616090000
CVE-2018-10726;0.006530000;0.486480000
CVE-2018-10723;0.012730000;0.676720000
CVE-2018-10722;0.005500000;0.437550000
CVE-2018-1072;0.009940000;0.599980000
CVE-2018-10718;0.312190000;0.981330000
CVE-2018-10717;0.020190000;0.794360000
CVE-2018-10716;0.003600000;0.293130000
CVE-2018-10713;0.024020000;0.827640000
CVE-2018-10712;0.013460000;0.692700000
CVE-2018-10711;0.015450000;0.730670000
CVE-2018-10710;0.009820000;0.596220000
CVE-2018-1071;0.004280000;0.359620000
CVE-2018-10709;0.011700000;0.650220000
CVE-2018-10706;0.009600000;0.588770000
CVE-2018-10705;0.011090000;0.633860000
CVE-2018-10704;0.009280000;0.578740000
CVE-2018-10703;0.026050000;0.841920000
CVE-2018-10702;0.053950000;0.920640000
CVE-2018-10701;0.026270000;0.843290000
CVE-2018-10700;0.383240000;0.984500000
CVE-2018-1070;0.008560000;0.556770000
CVE-2018-10699;0.019550000;0.787260000
CVE-2018-10698;0.023380000;0.822990000
CVE-2018-10697;0.037060000;0.888900000
CVE-2018-10696;0.011130000;0.634770000
CVE-2018-10695;0.033960000;0.879070000
CVE-2018-10694;0.008110000;0.542320000
CVE-2018-10693;0.026050000;0.841920000
CVE-2018-10692;0.012950000;0.681350000
CVE-2018-10691;0.024320000;0.830020000
CVE-2018-10690;0.014680000;0.717140000
CVE-2018-1069;0.005770000;0.451380000
CVE-2018-10689;0.019590000;0.787780000
CVE-2018-10686;0.012730000;0.676650000
CVE-2018-10685;0.024850000;0.833730000
CVE-2018-10683;0.017830000;0.765800000
CVE-2018-10682;0.082250000;0.944490000
CVE-2018-10680;0.008940000;0.568280000
CVE-2018-1068;0.004510000;0.377220000
CVE-2018-10678;0.010300000;0.610950000
CVE-2018-10677;0.015080000;0.724430000
CVE-2018-10676;0.020780000;0.800410000
CVE-2018-10675;0.004450000;0.373340000
CVE-2018-1067;0.017560000;0.762110000
CVE-2018-10666;0.009710000;0.592750000
CVE-2018-10665;0.011680000;0.649740000
CVE-2018-10664;0.015240000;0.727010000
CVE-2018-10663;0.014680000;0.717260000
CVE-2018-10662;0.797520000;0.995760000
CVE-2018-10661;0.866820000;0.997260000
CVE-2018-10660;0.822780000;0.996340000
CVE-2018-1066;0.034350000;0.880360000
CVE-2018-10659;0.017900000;0.766610000
CVE-2018-10658;0.015240000;0.727010000
CVE-2018-10657;0.015100000;0.724740000
CVE-2018-10655;0.164880000;0.967410000
CVE-2018-10654;0.012320000;0.666810000
CVE-2018-10653;0.068010000;0.934880000
CVE-2018-10652;0.011560000;0.646230000
CVE-2018-10651;0.007250000;0.513840000
CVE-2018-10650;0.008180000;0.544600000
CVE-2018-1065;0.004150000;0.348550000
CVE-2018-10649;0.006740000;0.494920000
CVE-2018-10648;0.012400000;0.668470000
CVE-2018-10647;0.003510000;0.283440000
CVE-2018-10646;0.003830000;0.317740000
CVE-2018-10645;0.003510000;0.283440000
CVE-2018-10642;0.074950000;0.940070000
CVE-2018-10641;0.017850000;0.766040000
CVE-2018-1064;0.029100000;0.859300000
CVE-2018-10637;0.018490000;0.774600000
CVE-2018-10636;0.095360000;0.950720000
CVE-2018-10635;0.051410000;0.917640000
CVE-2018-10634;0.004740000;0.393000000
CVE-2018-10633;0.018320000;0.772410000
CVE-2018-10632;0.021770000;0.809550000
CVE-2018-10631;0.004110000;0.344950000
CVE-2018-10630;0.109120000;0.955300000
CVE-2018-1063;0.003870000;0.321210000
CVE-2018-10628;0.054270000;0.920960000
CVE-2018-10627;0.012350000;0.667430000
CVE-2018-10626;0.003640000;0.297970000
CVE-2018-10624;0.007800000;0.532070000
CVE-2018-10623;0.035770000;0.884870000
CVE-2018-10622;0.003640000;0.297300000
CVE-2018-10621;0.035770000;0.884880000
CVE-2018-10620;0.042520000;0.902870000
CVE-2018-1062;0.013570000;0.695330000
CVE-2018-10619;0.027550000;0.851120000
CVE-2018-10618;0.101230000;0.952810000
CVE-2018-10617;0.035770000;0.884870000
CVE-2018-10616;0.012090000;0.660630000
CVE-2018-10615;0.025680000;0.839470000
CVE-2018-10614;0.010590000;0.619570000
CVE-2018-10613;0.180620000;0.969650000
CVE-2018-10612;0.012670000;0.675250000
CVE-2018-10611;0.049940000;0.915660000
CVE-2018-10610;0.011170000;0.635910000
CVE-2018-1061;0.049790000;0.915460000
CVE-2018-10609;0.023040000;0.820220000
CVE-2018-10608;0.078190000;0.942090000
CVE-2018-10607;0.031990000;0.871500000
CVE-2018-10606;0.019470000;0.786390000
CVE-2018-10605;0.014840000;0.720050000
CVE-2018-10604;0.016410000;0.745500000
CVE-2018-10603;0.034130000;0.879620000
CVE-2018-10602;0.019470000;0.786390000
CVE-2018-10601;0.003690000;0.302130000
CVE-2018-10600;0.024680000;0.832580000
CVE-2018-1060;0.051030000;0.917190000
CVE-2018-10599;0.004180000;0.351330000
CVE-2018-10598;0.035200000;0.883190000
CVE-2018-10597;0.003940000;0.328850000
CVE-2018-10596;0.013200000;0.686540000
CVE-2018-10595;0.004120000;0.345840000
CVE-2018-10594;0.689570000;0.992960000
CVE-2018-10593;0.003650000;0.298730000
CVE-2018-10592;0.069390000;0.936020000
CVE-2018-10591;0.006370000;0.479030000
CVE-2018-10590;0.016860000;0.752370000
CVE-2018-1059;0.008780000;0.563560000
CVE-2018-10589;0.040680000;0.898870000
CVE-2018-10587;0.032780000;0.874720000
CVE-2018-10586;0.005180000;0.419830000
CVE-2018-10585;0.014030000;0.704760000
CVE-2018-10583;0.789720000;0.995650000
CVE-2018-10581;0.007420000;0.519650000
CVE-2018-10580;0.016430000;0.745840000
CVE-2018-1058;0.130980000;0.960510000
CVE-2018-10578;0.013020000;0.682950000
CVE-2018-10577;0.065930000;0.933150000
CVE-2018-10576;0.015230000;0.726880000
CVE-2018-10575;0.086710000;0.947040000
CVE-2018-10574;0.022330000;0.814290000
CVE-2018-10573;0.026590000;0.845360000
CVE-2018-10572;0.019090000;0.781960000
CVE-2018-10571;0.015280000;0.727580000
CVE-2018-10570;0.005340000;0.429270000
CVE-2018-1057;0.100400000;0.952530000
CVE-2018-10569;0.008970000;0.569050000
CVE-2018-10568;0.007050000;0.506700000
CVE-2018-10567;0.007050000;0.506710000
CVE-2018-10566;0.007050000;0.506710000
CVE-2018-10565;0.007050000;0.506700000
CVE-2018-10564;0.007050000;0.506690000
CVE-2018-10563;0.007050000;0.506690000
CVE-2018-10562;0.999440000;0.999730000
CVE-2018-10561;0.930410000;0.998260000
CVE-2018-1056;0.014220000;0.708330000
CVE-2018-10554;0.027070000;0.848240000
CVE-2018-10553;0.394530000;0.984960000
CVE-2018-10550;0.012710000;0.675960000
CVE-2018-10549;0.071590000;0.937890000
CVE-2018-10548;0.086770000;0.947070000
CVE-2018-10547;0.036300000;0.886450000
CVE-2018-10546;0.104330000;0.953800000
CVE-2018-10545;0.008310000;0.548650000
CVE-2018-10544;0.012230000;0.664570000
CVE-2018-10540;0.016680000;0.749430000
CVE-2018-1054;0.045600000;0.908770000
CVE-2018-10539;0.016680000;0.749440000
CVE-2018-10538;0.016310000;0.743830000
CVE-2018-10537;0.020900000;0.801720000
CVE-2018-10536;0.020340000;0.795900000
CVE-2018-10535;0.022360000;0.814560000
CVE-2018-10534;0.018860000;0.779160000
CVE-2018-10532;0.023680000;0.825170000
CVE-2018-10531;0.014250000;0.708920000
CVE-2018-1053;0.004820000;0.397720000
CVE-2018-10529;0.019480000;0.786610000
CVE-2018-10528;0.025310000;0.836960000
CVE-2018-10527;0.005450000;0.434940000
CVE-2018-10523;0.011650000;0.649030000
CVE-2018-10522;0.010050000;0.603530000
CVE-2018-10521;0.008930000;0.567810000
CVE-2018-10520;0.009800000;0.595750000
CVE-2018-1052;0.017910000;0.766780000
CVE-2018-10519;0.010140000;0.606130000
CVE-2018-10518;0.009800000;0.595750000
CVE-2018-10517;0.121780000;0.958430000
CVE-2018-10516;0.012150000;0.662240000
CVE-2018-10515;0.024250000;0.829490000
CVE-2018-10514;0.004110000;0.345460000
CVE-2018-10513;0.007630000;0.526700000
CVE-2018-10512;0.010970000;0.630790000
CVE-2018-10511;0.026730000;0.846310000
CVE-2018-10510;0.064640000;0.932020000
CVE-2018-1051;0.012990000;0.682240000
CVE-2018-10509;0.011410000;0.641840000
CVE-2018-10508;0.013470000;0.692840000
CVE-2018-10507;0.013620000;0.696490000
CVE-2018-10506;0.010760000;0.624580000
CVE-2018-10505;0.003630000;0.296540000
CVE-2018-10504;0.046720000;0.910650000
CVE-2018-10503;0.005130000;0.416680000
CVE-2018-10502;0.002800000;0.206500000
CVE-2018-10501;0.002970000;0.224280000
CVE-2018-10500;0.002260000;0.135870000
CVE-2018-1050;0.065150000;0.932430000
CVE-2018-10499;0.003210000;0.250620000
CVE-2018-10498;0.003740000;0.308040000
CVE-2018-10497;0.003220000;0.251930000
CVE-2018-10496;0.024890000;0.833970000
CVE-2018-10495;0.027370000;0.849970000
CVE-2018-10494;0.027370000;0.850020000
CVE-2018-10493;0.025040000;0.834980000
CVE-2018-10492;0.025040000;0.834990000
CVE-2018-10491;0.027370000;0.850020000
CVE-2018-10490;0.027370000;0.850020000
CVE-2018-1049;0.071540000;0.937840000
CVE-2018-10489;0.027370000;0.850010000
CVE-2018-10488;0.027370000;0.850010000
CVE-2018-10487;0.025040000;0.835000000
CVE-2018-10486;0.025040000;0.835010000
CVE-2018-10485;0.025040000;0.834970000
CVE-2018-10484;0.027370000;0.849990000
CVE-2018-10483;0.027370000;0.850000000
CVE-2018-10482;0.025040000;0.834970000
CVE-2018-10481;0.025040000;0.834990000
CVE-2018-10480;0.025040000;0.835000000
CVE-2018-1048;0.015900000;0.737550000
CVE-2018-10479;0.025040000;0.835010000
CVE-2018-10478;0.025040000;0.834980000
CVE-2018-10477;0.027370000;0.850020000
CVE-2018-10476;0.025040000;0.834990000
CVE-2018-10475;0.025040000;0.834970000
CVE-2018-10474;0.027370000;0.849990000
CVE-2018-10473;0.027370000;0.849990000
CVE-2018-10472;0.003730000;0.307080000
CVE-2018-10471;0.004250000;0.357800000
CVE-2018-10470;0.006380000;0.479770000
CVE-2018-1047;0.004890000;0.402260000
CVE-2018-10469;0.021570000;0.807840000
CVE-2018-10468;0.015950000;0.738250000
CVE-2018-10466;0.083180000;0.945020000
CVE-2018-10465;0.012130000;0.661840000
CVE-2018-1046;0.014110000;0.706110000
CVE-2018-1045;0.008040000;0.540140000
CVE-2018-1044;0.009890000;0.598440000
CVE-2018-10432;0.014030000;0.704760000
CVE-2018-10431;0.027420000;0.850310000
CVE-2018-10430;0.006700000;0.493370000
CVE-2018-1043;0.013260000;0.687910000
CVE-2018-10429;0.018180000;0.770490000
CVE-2018-10428;0.019510000;0.786840000
CVE-2018-10425;0.004130000;0.346970000
CVE-2018-10424;0.009670000;0.591650000
CVE-2018-10423;0.013240000;0.687320000
CVE-2018-10422;0.005340000;0.429330000
CVE-2018-1042;0.155720000;0.965620000
CVE-2018-1041;0.155290000;0.965530000
CVE-2018-10408;0.008570000;0.557030000
CVE-2018-10407;0.004360000;0.366000000
CVE-2018-10406;0.008640000;0.559190000
CVE-2018-10405;0.003390000;0.270590000
CVE-2018-10404;0.008570000;0.557030000
CVE-2018-10403;0.008390000;0.551260000
CVE-2018-1040;0.071130000;0.937460000
CVE-2018-10393;0.024000000;0.827550000
CVE-2018-10392;0.033430000;0.877250000
CVE-2018-10391;0.006700000;0.493410000
CVE-2018-1039;0.013480000;0.692960000
CVE-2018-10389;0.022570000;0.816200000
CVE-2018-10388;0.043600000;0.904990000
CVE-2018-10387;0.028640000;0.857090000
CVE-2018-10383;0.019120000;0.782260000
CVE-2018-10382;0.006650000;0.491440000
CVE-2018-10381;0.039070000;0.894770000
CVE-2018-10380;0.004340000;0.364670000
CVE-2018-1038;0.086690000;0.947020000
CVE-2018-10379;0.008880000;0.566410000
CVE-2018-10377;0.008760000;0.563000000
CVE-2018-10376;0.018250000;0.771520000
CVE-2018-10375;0.012050000;0.659190000
CVE-2018-10374;0.006920000;0.501980000
CVE-2018-10373;0.034670000;0.881520000
CVE-2018-10372;0.024120000;0.828500000
CVE-2018-10371;0.064100000;0.931480000
CVE-2018-1037;0.059280000;0.926830000
CVE-2018-10369;0.018780000;0.778140000
CVE-2018-10368;0.006700000;0.493380000
CVE-2018-10367;0.006700000;0.493420000
CVE-2018-10366;0.025640000;0.839170000
CVE-2018-10365;0.015810000;0.736130000
CVE-2018-10364;0.008300000;0.548470000
CVE-2018-10363;0.013670000;0.697390000
CVE-2018-10362;0.015480000;0.731020000
CVE-2018-10361;0.003940000;0.328080000
CVE-2018-10360;0.034100000;0.879520000
CVE-2018-1036;0.011470000;0.643300000
CVE-2018-10359;0.003630000;0.296540000
CVE-2018-10358;0.003630000;0.296540000
CVE-2018-10357;0.730890000;0.994130000
CVE-2018-10356;0.101600000;0.952930000
CVE-2018-10355;0.006280000;0.475490000
CVE-2018-10354;0.131500000;0.960600000
CVE-2018-10353;0.013260000;0.687890000
CVE-2018-10352;0.020820000;0.800860000
CVE-2018-10351;0.035610000;0.884390000
CVE-2018-10350;0.146670000;0.963940000
CVE-2018-1035;0.013340000;0.689870000
CVE-2018-1034;0.022680000;0.817090000
CVE-2018-10329;0.008440000;0.552330000
CVE-2018-10328;0.005650000;0.445850000
CVE-2018-10327;0.002590000;0.178820000
CVE-2018-10326;0.005610000;0.443740000
CVE-2018-10323;0.005740000;0.449700000
CVE-2018-10322;0.005090000;0.414080000
CVE-2018-10321;0.019320000;0.784620000
CVE-2018-10320;0.005340000;0.429280000
CVE-2018-1032;0.022680000;0.817090000
CVE-2018-10319;0.005590000;0.442410000
CVE-2018-10318;0.005590000;0.442460000
CVE-2018-10316;0.010980000;0.631200000
CVE-2018-10314;0.018670000;0.776850000
CVE-2018-10313;0.022370000;0.814680000
CVE-2018-10312;0.024800000;0.833410000
CVE-2018-10311;0.025820000;0.840420000
CVE-2018-10310;0.038920000;0.894370000
CVE-2018-10309;0.028550000;0.856610000
CVE-2018-10307;0.008540000;0.555950000
CVE-2018-10306;0.011550000;0.646010000
CVE-2018-10305;0.011650000;0.648800000
CVE-2018-10303;0.025830000;0.840480000
CVE-2018-10302;0.032470000;0.873580000
CVE-2018-10301;0.009570000;0.587930000
CVE-2018-10300;0.009570000;0.587930000
CVE-2018-1030;0.245240000;0.977070000
CVE-2018-10299;0.027070000;0.848230000
CVE-2018-10298;0.005310000;0.427440000
CVE-2018-10297;0.005310000;0.427430000
CVE-2018-10296;0.008220000;0.546060000
CVE-2018-10295;0.005230000;0.422600000
CVE-2018-10294;0.007050000;0.506700000
CVE-2018-1029;0.208780000;0.973650000
CVE-2018-10289;0.010600000;0.619890000
CVE-2018-10286;0.066420000;0.933480000
CVE-2018-10285;0.132290000;0.960760000
CVE-2018-10284;0.011350000;0.640550000
CVE-2018-10283;0.011350000;0.640500000
CVE-2018-1028;0.192590000;0.971230000
CVE-2018-1027;0.191670000;0.971090000
CVE-2018-10268;0.005450000;0.434960000
CVE-2018-10267;0.005380000;0.431640000
CVE-2018-10266;0.006000000;0.462270000
CVE-2018-10265;0.004650000;0.386750000
CVE-2018-10260;0.057510000;0.924880000
CVE-2018-1026;0.415810000;0.985720000
CVE-2018-10259;0.016130000;0.740970000
CVE-2018-10258;0.074590000;0.939860000
CVE-2018-10257;0.043330000;0.904440000
CVE-2018-10256;0.025820000;0.840410000
CVE-2018-10255;0.071000000;0.937350000
CVE-2018-10254;0.014370000;0.711070000
CVE-2018-10253;0.076270000;0.940950000
CVE-2018-10252;0.009170000;0.575470000
CVE-2018-10251;0.044860000;0.907360000
CVE-2018-10250;0.006370000;0.479070000
CVE-2018-1025;0.063160000;0.930760000
CVE-2018-10249;0.005120000;0.415880000
CVE-2018-10248;0.005580000;0.441950000
CVE-2018-10245;0.019170000;0.782890000
CVE-2018-10244;0.016450000;0.746100000
CVE-2018-10243;0.023020000;0.820010000
CVE-2018-10242;0.015620000;0.733470000
CVE-2018-10241;0.017040000;0.754810000
CVE-2018-10240;0.010650000;0.621340000
CVE-2018-10239;0.003790000;0.312850000
CVE-2018-10238;0.016630000;0.748790000
CVE-2018-10237;0.051190000;0.917370000
CVE-2018-10236;0.015210000;0.726460000
CVE-2018-10235;0.015210000;0.726460000
CVE-2018-10234;0.006410000;0.480760000
CVE-2018-10233;0.006910000;0.501470000
CVE-2018-10232;0.005800000;0.452610000
CVE-2018-10231;0.007720000;0.529760000
CVE-2018-10230;0.027050000;0.848090000
CVE-2018-1023;0.151990000;0.964840000
CVE-2018-10229;0.005940000;0.459260000
CVE-2018-10228;0.008080000;0.541350000
CVE-2018-10227;0.006840000;0.498690000
CVE-2018-10225;0.011350000;0.640380000
CVE-2018-10224;0.004970000;0.406790000
CVE-2018-10223;0.004970000;0.406780000
CVE-2018-10222;0.006140000;0.468580000
CVE-2018-10221;0.006840000;0.498690000
CVE-2018-10220;0.016950000;0.753650000
CVE-2018-1022;0.155900000;0.965630000
CVE-2018-10219;0.008700000;0.560920000
CVE-2018-10213;0.006240000;0.473500000
CVE-2018-10212;0.006490000;0.485000000
CVE-2018-10211;0.010550000;0.618540000
CVE-2018-10210;0.010550000;0.618550000
CVE-2018-1021;0.063680000;0.931160000
CVE-2018-10209;0.006240000;0.473510000
CVE-2018-10208;0.008100000;0.541910000
CVE-2018-10207;0.010550000;0.618540000
CVE-2018-10206;0.006240000;0.473510000
CVE-2018-10205;0.013770000;0.699620000
CVE-2018-10204;0.015370000;0.729290000
CVE-2018-10201;0.456270000;0.986980000
CVE-2018-1020;0.162260000;0.966940000
CVE-2018-10199;0.023440000;0.823490000
CVE-2018-10198;0.009540000;0.587160000
CVE-2018-10197;0.015050000;0.723930000
CVE-2018-10196;0.016890000;0.752760000
CVE-2018-10195;0.003910000;0.324980000
CVE-2018-10194;0.019050000;0.781370000
CVE-2018-10193;0.048340000;0.913180000
CVE-2018-10192;0.024130000;0.828570000
CVE-2018-10191;0.026050000;0.842000000
CVE-2018-10190;0.003460000;0.278740000
CVE-2018-1019;0.157110000;0.965950000
CVE-2018-10189;0.011770000;0.651900000
CVE-2018-10188;0.042180000;0.902200000
CVE-2018-10187;0.009090000;0.573050000
CVE-2018-10186;0.009080000;0.572700000
CVE-2018-10185;0.005230000;0.422650000
CVE-2018-10184;0.084300000;0.945700000
CVE-2018-10183;0.007070000;0.507290000
CVE-2018-1018;0.157110000;0.965960000
CVE-2018-10178;0.011130000;0.634910000
CVE-2018-10177;0.031740000;0.870500000
CVE-2018-10176;0.022750000;0.817710000
CVE-2018-10175;0.012140000;0.661920000
CVE-2018-10174;0.011950000;0.656970000
CVE-2018-10173;0.053780000;0.920430000
CVE-2018-10172;0.003830000;0.316880000
CVE-2018-10171;0.017610000;0.762730000
CVE-2018-10170;0.027300000;0.849550000
CVE-2018-10169;0.025380000;0.837440000
CVE-2018-10168;0.015510000;0.731880000
CVE-2018-10167;0.011910000;0.655730000
CVE-2018-10166;0.007340000;0.517270000
CVE-2018-10165;0.006070000;0.465410000
CVE-2018-10164;0.006260000;0.474580000
CVE-2018-1016;0.236650000;0.976380000
CVE-2018-1015;0.236650000;0.976380000
CVE-2018-10143;0.248480000;0.977340000
CVE-2018-10142;0.021600000;0.808110000
CVE-2018-10141;0.038830000;0.894160000
CVE-2018-10140;0.019250000;0.783790000
CVE-2018-1014;0.022680000;0.817100000
CVE-2018-10139;0.015150000;0.725590000
CVE-2018-10138;0.006920000;0.502020000
CVE-2018-10137;0.005120000;0.415890000
CVE-2018-10136;0.006920000;0.502010000
CVE-2018-10135;0.006920000;0.501980000
CVE-2018-10133;0.014220000;0.708160000
CVE-2018-10132;0.005230000;0.422610000
CVE-2018-1013;0.236650000;0.976390000
CVE-2018-10128;0.006720000;0.493840000
CVE-2018-10127;0.004830000;0.398060000
CVE-2018-10126;0.018700000;0.777240000
CVE-2018-10125;0.008320000;0.549050000
CVE-2018-10124;0.005720000;0.449040000
CVE-2018-10123;0.107540000;0.954830000
CVE-2018-10122;0.021670000;0.808670000
CVE-2018-10121;0.006710000;0.493720000
CVE-2018-10120;0.021010000;0.802920000
CVE-2018-1012;0.236650000;0.976380000
CVE-2018-10119;0.019460000;0.786280000
CVE-2018-10118;0.027950000;0.853500000
CVE-2018-10117;0.005450000;0.435380000
CVE-2018-10115;0.047050000;0.911190000
CVE-2018-10114;0.019280000;0.784160000
CVE-2018-10113;0.013490000;0.693370000
CVE-2018-10112;0.014690000;0.717370000
CVE-2018-10111;0.013480000;0.693060000
CVE-2018-10110;0.035030000;0.882710000
CVE-2018-1011;0.201360000;0.972500000
CVE-2018-10109;0.021160000;0.804170000
CVE-2018-10108;0.011510000;0.645000000
CVE-2018-10107;0.011510000;0.645000000
CVE-2018-10106;0.019660000;0.788400000
CVE-2018-10105;0.038580000;0.893490000
CVE-2018-10103;0.040660000;0.898840000
CVE-2018-10102;0.043340000;0.904450000
CVE-2018-10101;0.026870000;0.847120000
CVE-2018-10100;0.027530000;0.851020000
CVE-2018-1010;0.403260000;0.985290000
CVE-2018-10099;0.003410000;0.273720000
CVE-2018-10098;0.002880000;0.214110000
CVE-2018-10097;0.015000000;0.723060000
CVE-2018-10096;0.006300000;0.476150000
CVE-2018-10095;0.869880000;0.997330000
CVE-2018-10094;0.709310000;0.993520000
CVE-2018-10093;0.681900000;0.992730000
CVE-2018-10092;0.020430000;0.796780000
CVE-2018-10091;0.007730000;0.529970000
CVE-2018-1009;0.012530000;0.671700000
CVE-2018-10088;0.397150000;0.985080000
CVE-2018-10087;0.004450000;0.373490000
CVE-2018-10086;0.019230000;0.783620000
CVE-2018-10085;0.038650000;0.893710000
CVE-2018-10084;0.007540000;0.523710000
CVE-2018-10083;0.015120000;0.725140000
CVE-2018-10082;0.012110000;0.661220000
CVE-2018-10081;0.015630000;0.733580000
CVE-2018-10080;0.005510000;0.438470000
CVE-2018-1008;0.011290000;0.639000000
CVE-2018-10079;0.007830000;0.533160000
CVE-2018-10078;0.020710000;0.799780000
CVE-2018-10077;0.082960000;0.944890000
CVE-2018-10076;0.012750000;0.677230000
CVE-2018-10075;0.012750000;0.677220000
CVE-2018-10074;0.003180000;0.247450000
CVE-2018-10073;0.006300000;0.476160000
CVE-2018-10072;0.003670000;0.300080000
CVE-2018-10071;0.003670000;0.300080000
CVE-2018-10070;0.129870000;0.960190000
CVE-2018-1007;0.066140000;0.933300000
CVE-2018-10068;0.039280000;0.895510000
CVE-2018-10066;0.010330000;0.611680000
CVE-2018-10063;0.092350000;0.949570000
CVE-2018-10061;0.010510000;0.617140000
CVE-2018-10060;0.010090000;0.604470000
CVE-2018-10059;0.011150000;0.635390000
CVE-2018-10058;0.039320000;0.895670000
CVE-2018-10057;0.023560000;0.824410000
CVE-2018-10055;0.005310000;0.427740000
CVE-2018-10054;0.339320000;0.982670000
CVE-2018-10052;0.005510000;0.438160000
CVE-2018-10051;0.005480000;0.436440000
CVE-2018-10050;0.010210000;0.607970000
CVE-2018-1005;0.022680000;0.817100000
CVE-2018-10049;0.005390000;0.432040000
CVE-2018-10048;0.005040000;0.411080000
CVE-2018-1004;0.190690000;0.970960000
CVE-2018-10033;0.006330000;0.477530000
CVE-2018-10032;0.005260000;0.424500000
CVE-2018-10031;0.004860000;0.400140000
CVE-2018-10030;0.004860000;0.400140000
CVE-2018-1003;0.232070000;0.975950000
CVE-2018-10029;0.005260000;0.424500000
CVE-2018-10028;0.015080000;0.724340000
CVE-2018-10027;0.004390000;0.368460000
CVE-2018-10026;0.005260000;0.424500000
CVE-2018-10024;0.014080000;0.705590000
CVE-2018-10023;0.006530000;0.486410000
CVE-2018-1002209;0.059500000;0.927070000
CVE-2018-1002208;0.101910000;0.953030000
CVE-2018-1002207;0.025300000;0.836870000
CVE-2018-1002206;0.101320000;0.952850000
CVE-2018-1002205;0.103950000;0.953720000
CVE-2018-1002204;0.153590000;0.965170000
CVE-2018-1002203;0.119170000;0.957870000
CVE-2018-1002202;0.130880000;0.960490000
CVE-2018-1002201;0.103500000;0.953570000
CVE-2018-1002200;0.131790000;0.960660000
CVE-2018-1002150;0.016900000;0.752900000
CVE-2018-1002105;0.869780000;0.997330000
CVE-2018-1002104;0.011380000;0.641210000
CVE-2018-1002103;0.007020000;0.505750000
CVE-2018-1002102;0.006180000;0.470390000
CVE-2018-1002101;0.041070000;0.899790000
CVE-2018-1002100;0.015900000;0.737520000
CVE-2018-10021;0.004590000;0.382570000
CVE-2018-1002009;0.026040000;0.841900000
CVE-2018-1002008;0.025820000;0.840400000
CVE-2018-1002007;0.025820000;0.840390000
CVE-2018-1002006;0.025820000;0.840390000
CVE-2018-1002005;0.031420000;0.869140000
CVE-2018-1002004;0.029230000;0.859880000
CVE-2018-1002003;0.029230000;0.859880000
CVE-2018-1002002;0.029230000;0.859880000
CVE-2018-1002001;0.029480000;0.860980000
CVE-2018-1002000;0.043540000;0.904860000
CVE-2018-10018;0.062710000;0.930280000
CVE-2018-10017;0.021550000;0.807700000
CVE-2018-10016;0.010760000;0.624580000
CVE-2018-1001;0.152270000;0.964900000
CVE-2018-1000998;0.008650000;0.559450000
CVE-2018-1000997;0.032560000;0.874010000
CVE-2018-1000893;0.010310000;0.611380000
CVE-2018-1000892;0.010310000;0.611380000
CVE-2018-1000891;0.010310000;0.611370000
CVE-2018-1000890;0.017790000;0.765280000
CVE-2018-1000889;0.014690000;0.717380000
CVE-2018-1000888;0.192070000;0.971150000
CVE-2018-1000887;0.006660000;0.491680000
CVE-2018-1000886;0.007510000;0.522640000
CVE-2018-1000885;0.032200000;0.872570000
CVE-2018-1000884;0.012870000;0.679670000
CVE-2018-1000883;0.011310000;0.639420000
CVE-2018-1000882;0.023770000;0.825780000
CVE-2018-1000881;0.038190000;0.892430000
CVE-2018-1000880;0.040560000;0.898630000
CVE-2018-1000879;0.033670000;0.878120000
CVE-2018-1000878;0.044490000;0.906750000
CVE-2018-1000877;0.045750000;0.909030000
CVE-2018-1000876;0.006560000;0.487680000
CVE-2018-1000875;0.016760000;0.750600000
CVE-2018-1000874;0.007990000;0.538320000
CVE-2018-1000873;0.047580000;0.912050000
CVE-2018-1000872;0.012870000;0.679870000
CVE-2018-1000871;0.016220000;0.742410000
CVE-2018-1000870;0.009500000;0.585960000
CVE-2018-1000869;0.017890000;0.766490000
CVE-2018-1000868;0.016300000;0.743750000
CVE-2018-1000867;0.014610000;0.715800000
CVE-2018-1000866;0.016390000;0.745140000
CVE-2018-1000865;0.016390000;0.745140000
CVE-2018-1000864;0.027510000;0.850820000
CVE-2018-1000863;0.067620000;0.934570000
CVE-2018-1000862;0.013660000;0.697320000
CVE-2018-1000861;0.983260000;0.999150000
CVE-2018-1000860;0.007990000;0.538190000
CVE-2018-1000858;0.010410000;0.614160000
CVE-2018-1000857;0.032530000;0.873870000
CVE-2018-1000856;0.014240000;0.708690000
CVE-2018-1000855;0.008960000;0.568890000
CVE-2018-1000854;0.031600000;0.869940000
CVE-2018-1000852;0.026660000;0.845830000
CVE-2018-1000851;0.022380000;0.814760000
CVE-2018-1000850;0.040330000;0.898120000
CVE-2018-1000849;0.035290000;0.883420000
CVE-2018-1000848;0.006470000;0.483800000
CVE-2018-1000847;0.008260000;0.547370000
CVE-2018-1000846;0.006210000;0.472040000
CVE-2018-1000844;0.021520000;0.807440000
CVE-2018-1000843;0.008070000;0.541260000
CVE-2018-1000842;0.016730000;0.750180000
CVE-2018-1000841;0.006960000;0.503160000
CVE-2018-1000840;0.021770000;0.809560000
CVE-2018-1000839;0.031270000;0.868550000
CVE-2018-1000838;0.025020000;0.834880000
CVE-2018-1000837;0.017990000;0.767890000
CVE-2018-1000836;0.011300000;0.639370000
CVE-2018-1000835;0.017990000;0.767900000
CVE-2018-1000834;0.013740000;0.699160000
CVE-2018-1000833;0.032320000;0.872950000
CVE-2018-1000832;0.064220000;0.931630000
CVE-2018-1000831;0.019090000;0.781900000
CVE-2018-1000830;0.014510000;0.713650000
CVE-2018-1000829;0.013350000;0.690140000
CVE-2018-1000828;0.013330000;0.689520000
CVE-2018-1000827;0.036040000;0.885680000
CVE-2018-1000826;0.013230000;0.687210000
CVE-2018-1000825;0.019370000;0.785300000
CVE-2018-1000824;0.032340000;0.873010000
CVE-2018-1000823;0.018790000;0.778230000
CVE-2018-1000822;0.019370000;0.785300000
CVE-2018-1000821;0.018550000;0.775490000
CVE-2018-1000820;0.018730000;0.777650000
CVE-2018-1000817;0.025110000;0.835520000
CVE-2018-1000816;0.007460000;0.521010000
CVE-2018-1000815;0.011230000;0.637320000
CVE-2018-1000814;0.009650000;0.590470000
CVE-2018-1000813;0.007410000;0.519270000
CVE-2018-1000812;0.019850000;0.790470000
CVE-2018-1000811;0.476450000;0.987540000
CVE-2018-1000810;0.029550000;0.861200000
CVE-2018-1000809;0.016890000;0.752840000
CVE-2018-1000808;0.018950000;0.780330000
CVE-2018-1000807;0.040750000;0.899070000
CVE-2018-1000805;0.044070000;0.905830000
CVE-2018-1000804;0.063000000;0.930570000
CVE-2018-1000803;0.012930000;0.681120000
CVE-2018-1000802;0.208070000;0.973560000
CVE-2018-1000801;0.018300000;0.772100000
CVE-2018-1000800;0.016560000;0.747650000
CVE-2018-1000773;0.083370000;0.945090000
CVE-2018-1000671;0.039820000;0.896960000
CVE-2018-1000670;0.006480000;0.484300000
CVE-2018-1000669;0.004810000;0.396960000
CVE-2018-1000668;0.008560000;0.556750000
CVE-2018-1000667;0.012260000;0.665270000
CVE-2018-1000666;0.080760000;0.943540000
CVE-2018-1000665;0.012810000;0.678400000
CVE-2018-1000664;0.005410000;0.432930000
CVE-2018-1000663;0.008520000;0.555020000
CVE-2018-1000661;0.008560000;0.556740000
CVE-2018-1000660;0.012710000;0.675950000
CVE-2018-1000659;0.035550000;0.884180000
CVE-2018-1000658;0.021370000;0.806090000
CVE-2018-1000657;0.005400000;0.432200000
CVE-2018-1000656;0.038550000;0.893430000
CVE-2018-1000655;0.008910000;0.567250000
CVE-2018-1000654;0.020080000;0.793330000
CVE-2018-1000653;0.012020000;0.658600000
CVE-2018-1000652;0.019370000;0.785290000
CVE-2018-1000651;0.018550000;0.775490000
CVE-2018-1000650;0.015190000;0.726160000
CVE-2018-1000649;0.027970000;0.853620000
CVE-2018-1000648;0.027970000;0.853620000
CVE-2018-1000647;0.014670000;0.717070000
CVE-2018-1000646;0.032860000;0.875150000
CVE-2018-1000645;0.013660000;0.697320000
CVE-2018-1000644;0.017340000;0.758940000
CVE-2018-1000642;0.008640000;0.559010000
CVE-2018-1000641;0.024910000;0.834090000
CVE-2018-1000640;0.008640000;0.559150000
CVE-2018-1000639;0.015540000;0.732350000
CVE-2018-1000638;0.021910000;0.810700000
CVE-2018-1000637;0.016750000;0.750570000
CVE-2018-1000636;0.011050000;0.632900000
CVE-2018-1000635;0.003450000;0.277020000
CVE-2018-1000634;0.009690000;0.592250000
CVE-2018-1000633;0.012190000;0.663260000
CVE-2018-1000632;0.065700000;0.932950000
CVE-2018-1000631;0.023460000;0.823640000
CVE-2018-1000630;0.018560000;0.775600000
CVE-2018-1000629;0.012770000;0.677570000
CVE-2018-1000628;0.028480000;0.856320000
CVE-2018-1000627;0.022810000;0.818230000
CVE-2018-1000626;0.028480000;0.856320000
CVE-2018-1000625;0.022800000;0.818110000
CVE-2018-1000624;0.022180000;0.813080000
CVE-2018-1000623;0.028190000;0.854800000
CVE-2018-1000622;0.018190000;0.770630000
CVE-2018-1000621;0.025670000;0.839440000
CVE-2018-1000620;0.016810000;0.751500000
CVE-2018-1000619;0.023160000;0.821230000
CVE-2018-1000618;0.015320000;0.728410000
CVE-2018-1000617;0.018230000;0.771170000
CVE-2018-1000616;0.014070000;0.705520000
CVE-2018-1000615;0.011620000;0.647940000
CVE-2018-1000614;0.015690000;0.734440000
CVE-2018-1000613;0.047670000;0.912180000
CVE-2018-1000611;0.008400000;0.551350000
CVE-2018-1000610;0.008960000;0.568890000
CVE-2018-1000609;0.009880000;0.598300000
CVE-2018-1000608;0.010120000;0.605730000
CVE-2018-1000607;0.008520000;0.555310000
CVE-2018-1000606;0.007000000;0.504620000
CVE-2018-1000605;0.008560000;0.556630000
CVE-2018-1000604;0.007040000;0.506290000
CVE-2018-1000603;0.010370000;0.613100000
CVE-2018-1000602;0.008520000;0.555210000
CVE-2018-1000601;0.010130000;0.605960000
CVE-2018-1000600;0.908940000;0.997980000
CVE-2018-1000559;0.014960000;0.722000000
CVE-2018-1000558;0.010100000;0.604990000
CVE-2018-1000557;0.007310000;0.515950000
CVE-2018-1000556;0.007070000;0.507630000
CVE-2018-1000554;0.012060000;0.659720000
CVE-2018-1000553;0.010800000;0.625440000
CVE-2018-1000552;0.010320000;0.611520000
CVE-2018-1000551;0.013380000;0.690920000
CVE-2018-1000550;0.025760000;0.840030000
CVE-2018-1000549;0.013010000;0.682700000
CVE-2018-1000548;0.013170000;0.685940000
CVE-2018-1000547;0.008260000;0.547130000
CVE-2018-1000546;0.025690000;0.839540000
CVE-2018-1000544;0.045850000;0.909220000
CVE-2018-1000543;0.012030000;0.658840000
CVE-2018-1000542;0.027340000;0.849770000
CVE-2018-1000540;0.012170000;0.662860000
CVE-2018-1000539;0.007770000;0.531360000
CVE-2018-1000538;0.015080000;0.724450000
CVE-2018-1000537;0.034290000;0.880150000
CVE-2018-1000536;0.012500000;0.671160000
CVE-2018-1000535;0.017560000;0.762050000
CVE-2018-1000534;0.015290000;0.727730000
CVE-2018-1000533;0.729670000;0.994100000
CVE-2018-1000532;0.003500000;0.282580000
CVE-2018-1000531;0.016310000;0.743910000
CVE-2018-1000529;0.011560000;0.646170000
CVE-2018-1000528;0.463230000;0.987200000
CVE-2018-1000527;0.026290000;0.843450000
CVE-2018-1000526;0.020540000;0.797970000
CVE-2018-1000525;0.040600000;0.898710000
CVE-2018-1000524;0.012110000;0.661410000
CVE-2018-1000523;0.011650000;0.648950000
CVE-2018-1000521;0.008650000;0.559520000
CVE-2018-1000520;0.007130000;0.509320000
CVE-2018-1000519;0.011750000;0.651620000
CVE-2018-1000518;0.018180000;0.770580000
CVE-2018-1000517;0.329190000;0.982250000
CVE-2018-1000516;0.010420000;0.614690000
CVE-2018-1000515;0.013510000;0.693900000
CVE-2018-1000514;0.003400000;0.271980000
CVE-2018-1000513;0.007100000;0.508440000
CVE-2018-1000512;0.008080000;0.541360000
CVE-2018-1000511;0.008360000;0.550370000
CVE-2018-1000510;0.010010000;0.602010000
CVE-2018-1000509;0.020610000;0.798730000
CVE-2018-1000508;0.005960000;0.460080000
CVE-2018-1000507;0.004380000;0.367550000
CVE-2018-1000506;0.006090000;0.466390000
CVE-2018-1000505;0.005290000;0.426440000
CVE-2018-1000504;0.019890000;0.790990000
CVE-2018-1000503;0.006230000;0.473090000
CVE-2018-1000502;0.012830000;0.678790000
CVE-2018-1000501;0.015890000;0.737360000
CVE-2018-1000500;0.024620000;0.832200000
CVE-2018-1000426;0.009930000;0.599400000
CVE-2018-1000425;0.003440000;0.276620000
CVE-2018-1000424;0.003330000;0.264070000
CVE-2018-1000423;0.003110000;0.239480000
CVE-2018-1000422;0.007690000;0.528970000
CVE-2018-1000421;0.012930000;0.681050000
CVE-2018-1000420;0.014490000;0.713310000
CVE-2018-1000419;0.016410000;0.745600000
CVE-2018-1000418;0.010640000;0.621220000
CVE-2018-1000417;0.007880000;0.535080000
CVE-2018-1000416;0.008420000;0.551960000
CVE-2018-1000415;0.006220000;0.472440000
CVE-2018-1000414;0.008350000;0.549940000
CVE-2018-1000413;0.009470000;0.585160000
CVE-2018-1000412;0.011940000;0.656490000
CVE-2018-1000411;0.008090000;0.541700000
CVE-2018-1000410;0.004330000;0.363890000
CVE-2018-1000409;0.012170000;0.662750000
CVE-2018-1000408;0.014700000;0.717610000
CVE-2018-1000407;0.015340000;0.728710000
CVE-2018-1000406;0.040210000;0.897820000
CVE-2018-1000404;0.003390000;0.270190000
CVE-2018-1000403;0.003390000;0.270190000
CVE-2018-1000402;0.009670000;0.590910000
CVE-2018-1000401;0.003390000;0.270200000
CVE-2018-1000400;0.020820000;0.800840000
CVE-2018-1000301;0.059270000;0.926800000
CVE-2018-1000300;0.048010000;0.912650000
CVE-2018-1000226;0.124840000;0.959090000
CVE-2018-1000225;0.012620000;0.673760000
CVE-2018-1000224;0.037850000;0.891320000
CVE-2018-1000223;0.024260000;0.829580000
CVE-2018-1000222;0.042000000;0.901790000
CVE-2018-1000221;0.013520000;0.694050000
CVE-2018-1000219;0.008950000;0.568470000
CVE-2018-1000218;0.008150000;0.543530000
CVE-2018-1000217;0.017530000;0.761740000
CVE-2018-1000216;0.014710000;0.717820000
CVE-2018-1000215;0.016770000;0.750820000
CVE-2018-1000211;0.016110000;0.740620000
CVE-2018-1000210;0.014690000;0.717370000
CVE-2018-1000209;0.012170000;0.662680000
CVE-2018-1000208;0.019230000;0.783600000
CVE-2018-1000207;0.640880000;0.991630000
CVE-2018-1000206;0.007560000;0.524320000
CVE-2018-1000205;0.007130000;0.509550000
CVE-2018-1000204;0.019120000;0.782260000
CVE-2018-1000203;0.009880000;0.598140000
CVE-2018-1000202;0.007190000;0.511620000
CVE-2018-1000201;0.013510000;0.693810000
CVE-2018-1000200;0.004930000;0.404530000
CVE-2018-1000199;0.012210000;0.663870000
CVE-2018-1000198;0.009540000;0.587050000
CVE-2018-1000197;0.008370000;0.550540000
CVE-2018-1000196;0.011760000;0.651760000
CVE-2018-1000195;0.020680000;0.799430000
CVE-2018-1000194;0.026120000;0.842340000
CVE-2018-1000193;0.010450000;0.615550000
CVE-2018-1000192;0.011150000;0.635390000
CVE-2018-1000191;0.009880000;0.598300000
CVE-2018-1000190;0.009880000;0.598290000
CVE-2018-1000189;0.020210000;0.794650000
CVE-2018-1000188;0.006080000;0.465970000
CVE-2018-1000187;0.012680000;0.675470000
CVE-2018-1000186;0.009880000;0.598300000
CVE-2018-1000185;0.006420000;0.481480000
CVE-2018-1000184;0.006080000;0.465970000
CVE-2018-1000183;0.010130000;0.605970000
CVE-2018-1000182;0.008090000;0.541890000
CVE-2018-1000181;0.014800000;0.719350000
CVE-2018-1000180;0.035760000;0.884830000
CVE-2018-1000179;0.023600000;0.824730000
CVE-2018-1000178;0.039780000;0.896880000
CVE-2018-1000177;0.006730000;0.494700000
CVE-2018-1000176;0.009880000;0.598300000
CVE-2018-1000175;0.027140000;0.848670000
CVE-2018-1000174;0.010030000;0.603120000
CVE-2018-1000173;0.015900000;0.737560000
CVE-2018-1000172;0.005840000;0.454840000
CVE-2018-1000170;0.008840000;0.565110000
CVE-2018-1000169;0.014030000;0.704630000
CVE-2018-1000168;0.106490000;0.954490000
CVE-2018-1000167;0.041930000;0.901650000
CVE-2018-1000165;0.012680000;0.675300000
CVE-2018-1000164;0.024520000;0.831510000
CVE-2018-1000163;0.006920000;0.502010000
CVE-2018-1000162;0.012000000;0.658040000
CVE-2018-1000161;0.010450000;0.615670000
CVE-2018-1000160;0.013270000;0.688230000
CVE-2018-1000159;0.007990000;0.538250000
CVE-2018-1000158;0.010860000;0.627430000
CVE-2018-1000156;0.054300000;0.921010000
CVE-2018-1000155;0.012090000;0.660540000
CVE-2018-1000154;0.015740000;0.735200000
CVE-2018-1000153;0.006880000;0.500520000
CVE-2018-1000152;0.006980000;0.503990000
CVE-2018-1000151;0.004250000;0.357790000
CVE-2018-1000150;0.003490000;0.282140000
CVE-2018-1000149;0.007180000;0.511350000
CVE-2018-1000148;0.009880000;0.598290000
CVE-2018-1000147;0.008580000;0.557420000
CVE-2018-1000146;0.015770000;0.735720000
CVE-2018-1000145;0.011420000;0.642120000
CVE-2018-1000144;0.008610000;0.558040000
CVE-2018-1000143;0.003680000;0.301060000
CVE-2018-1000142;0.003760000;0.310240000
CVE-2018-1000141;0.013320000;0.689220000
CVE-2018-1000140;0.095170000;0.950640000
CVE-2018-1000139;0.009140000;0.574260000
CVE-2018-1000138;0.015740000;0.735220000
CVE-2018-1000137;0.005700000;0.448070000
CVE-2018-1000136;0.051790000;0.918170000
CVE-2018-1000135;0.020590000;0.798470000
CVE-2018-1000134;0.047390000;0.911750000
CVE-2018-1000133;0.013310000;0.689050000
CVE-2018-1000132;0.026670000;0.845920000
CVE-2018-1000131;0.020920000;0.801980000
CVE-2018-1000130;0.731220000;0.994140000
CVE-2018-1000129;0.251030000;0.977590000
CVE-2018-1000127;0.022370000;0.814650000
CVE-2018-1000126;0.015580000;0.732930000
CVE-2018-1000125;0.013660000;0.697300000
CVE-2018-1000124;0.017920000;0.766930000
CVE-2018-1000123;0.014330000;0.710330000
CVE-2018-1000122;0.092080000;0.949430000
CVE-2018-1000121;0.093770000;0.950120000
CVE-2018-1000120;0.118230000;0.957630000
CVE-2018-1000119;0.024040000;0.827910000
CVE-2018-1000118;0.024040000;0.827860000
CVE-2018-1000117;0.010830000;0.626450000
CVE-2018-1000116;0.062910000;0.930500000
CVE-2018-1000115;0.881140000;0.997550000
CVE-2018-1000114;0.006300000;0.476110000
CVE-2018-1000113;0.007050000;0.506740000
CVE-2018-1000112;0.009620000;0.589660000
CVE-2018-1000111;0.008970000;0.569020000
CVE-2018-1000110;0.039140000;0.894950000
CVE-2018-1000109;0.006630000;0.490760000
CVE-2018-1000108;0.008270000;0.547550000
CVE-2018-1000107;0.006860000;0.499870000
CVE-2018-1000106;0.008910000;0.567310000
CVE-2018-1000105;0.006630000;0.490750000
CVE-2018-1000104;0.003380000;0.269050000
CVE-2018-1000101;0.023020000;0.820020000
CVE-2018-1000100;0.010910000;0.628520000
CVE-2018-10001;0.023420000;0.823330000
CVE-2018-1000099;0.033930000;0.878930000
CVE-2018-1000098;0.033190000;0.876410000
CVE-2018-1000097;0.019570000;0.787520000
CVE-2018-1000096;0.006730000;0.494380000
CVE-2018-1000095;0.005060000;0.412400000
CVE-2018-1000094;0.388020000;0.984700000
CVE-2018-1000093;0.017100000;0.755810000
CVE-2018-1000092;0.003790000;0.313670000
CVE-2018-1000091;0.026530000;0.844990000
CVE-2018-1000090;0.013440000;0.692110000
CVE-2018-1000089;0.012190000;0.663350000
CVE-2018-1000088;0.014280000;0.709460000
CVE-2018-1000087;0.006380000;0.479720000
CVE-2018-1000086;0.010050000;0.603410000
CVE-2018-1000085;0.016130000;0.741070000
CVE-2018-1000084;0.006440000;0.482420000
CVE-2018-1000083;0.015490000;0.731320000
CVE-2018-1000082;0.012790000;0.677860000
CVE-2018-1000081;0.011220000;0.637090000
CVE-2018-1000080;0.008410000;0.551700000
CVE-2018-1000079;0.027790000;0.852740000
CVE-2018-1000078;0.027490000;0.850720000
CVE-2018-1000077;0.036950000;0.888590000
CVE-2018-1000076;0.029340000;0.860370000
CVE-2018-1000075;0.046470000;0.910260000
CVE-2018-1000074;0.028810000;0.857870000
CVE-2018-1000073;0.049050000;0.914310000
CVE-2018-1000072;0.017010000;0.754420000
CVE-2018-1000071;0.016520000;0.747120000
CVE-2018-1000070;0.023580000;0.824590000
CVE-2018-1000069;0.026410000;0.844190000
CVE-2018-1000068;0.019570000;0.787450000
CVE-2018-1000067;0.016670000;0.749270000
CVE-2018-1000062;0.005770000;0.451390000
CVE-2018-1000060;0.023590000;0.824660000
CVE-2018-1000059;0.016210000;0.742300000
CVE-2018-1000058;0.025670000;0.839450000
CVE-2018-1000057;0.006630000;0.490750000
CVE-2018-1000056;0.010760000;0.624510000
CVE-2018-1000055;0.008490000;0.554010000
CVE-2018-1000054;0.008490000;0.554010000
CVE-2018-1000053;0.005920000;0.458430000
CVE-2018-1000052;0.013520000;0.694160000
CVE-2018-1000051;0.016920000;0.753200000
CVE-2018-1000050;0.018380000;0.773060000
CVE-2018-1000049;0.579250000;0.990130000
CVE-2018-1000048;0.020180000;0.794260000
CVE-2018-1000047;0.020180000;0.794260000
CVE-2018-1000046;0.017160000;0.756580000
CVE-2018-1000045;0.017160000;0.756580000
CVE-2018-1000044;0.019480000;0.786530000
CVE-2018-1000043;0.039190000;0.895260000
CVE-2018-1000042;0.039190000;0.895260000
CVE-2018-1000041;0.021970000;0.811390000
CVE-2018-1000040;0.014740000;0.718220000
CVE-2018-1000039;0.018480000;0.774500000
CVE-2018-1000038;0.019740000;0.789270000
CVE-2018-1000037;0.015530000;0.732130000
CVE-2018-1000036;0.009740000;0.594050000
CVE-2018-1000035;0.299680000;0.980660000
CVE-2018-1000034;0.014180000;0.707530000
CVE-2018-1000033;0.017330000;0.758710000
CVE-2018-1000032;0.012520000;0.671360000
CVE-2018-1000031;0.013200000;0.686690000
CVE-2018-1000030;0.011860000;0.654520000
CVE-2018-1000029;0.006320000;0.477120000
CVE-2018-1000028;0.013840000;0.701000000
CVE-2018-1000027;0.129120000;0.960010000
CVE-2018-1000026;0.038610000;0.893600000
CVE-2018-1000025;0.013100000;0.684450000
CVE-2018-1000024;0.079280000;0.942760000
CVE-2018-1000023;0.011640000;0.648480000
CVE-2018-1000022;0.017410000;0.759960000
CVE-2018-1000021;0.010740000;0.623960000
CVE-2018-1000020;0.006720000;0.493830000
CVE-2018-1000019;0.038270000;0.892650000
CVE-2018-1000018;0.004150000;0.349410000
CVE-2018-1000015;0.010310000;0.611420000
CVE-2018-1000014;0.008320000;0.549100000
CVE-2018-1000013;0.010190000;0.607420000
CVE-2018-1000012;0.009460000;0.584880000
CVE-2018-1000011;0.009460000;0.584880000
CVE-2018-1000010;0.009460000;0.584890000
CVE-2018-1000009;0.009460000;0.584870000
CVE-2018-1000008;0.011720000;0.650780000
CVE-2018-1000007;0.080310000;0.943310000
CVE-2018-1000006;0.845000000;0.996840000
CVE-2018-1000005;0.045560000;0.908730000
CVE-2018-1000004;0.035430000;0.883880000
CVE-2018-1000003;0.012870000;0.679740000
CVE-2018-1000002;0.010810000;0.626000000
CVE-2018-1000001;0.133680000;0.961140000
CVE-2018-10000;0.006160000;0.469810000
CVE-2018-1000;0.075910000;0.940710000
CVE-2018-0998;0.056650000;0.923880000
CVE-2018-0997;0.157110000;0.965940000
CVE-2018-0996;0.152270000;0.964900000
CVE-2018-0995;0.157110000;0.965960000
CVE-2018-0994;0.157110000;0.965940000
CVE-2018-0993;0.157110000;0.965950000
CVE-2018-0991;0.157110000;0.965970000
CVE-2018-0990;0.157110000;0.965960000
CVE-2018-0989;0.054260000;0.920950000
CVE-2018-0988;0.157110000;0.965950000
CVE-2018-0987;0.062090000;0.929670000
CVE-2018-0986;0.634690000;0.991480000
CVE-2018-0983;0.011710000;0.650380000
CVE-2018-0982;0.025750000;0.839970000
CVE-2018-0981;0.065440000;0.932730000
CVE-2018-0980;0.668450000;0.992350000
CVE-2018-0979;0.157110000;0.965960000
CVE-2018-0978;0.156970000;0.965910000
CVE-2018-0977;0.011290000;0.639000000
CVE-2018-0976;0.047590000;0.912060000
CVE-2018-0975;0.029820000;0.862480000
CVE-2018-0974;0.035080000;0.882860000
CVE-2018-0973;0.035080000;0.882870000
CVE-2018-0972;0.035080000;0.882860000
CVE-2018-0971;0.035080000;0.882860000
CVE-2018-0970;0.035080000;0.882850000
CVE-2018-0969;0.035080000;0.882860000
CVE-2018-0968;0.036180000;0.886100000
CVE-2018-0967;0.188240000;0.970580000
CVE-2018-0966;0.023120000;0.820890000
CVE-2018-0965;0.050510000;0.916490000
CVE-2018-0964;0.016120000;0.740800000
CVE-2018-0963;0.012660000;0.674930000
CVE-2018-0961;0.032270000;0.872800000
CVE-2018-0960;0.018420000;0.773630000
CVE-2018-0959;0.101860000;0.953010000
CVE-2018-0958;0.014160000;0.707140000
CVE-2018-0957;0.016120000;0.740800000
CVE-2018-0956;0.139440000;0.962530000
CVE-2018-0955;0.158000000;0.966130000
CVE-2018-0954;0.155900000;0.965640000
CVE-2018-0953;0.665540000;0.992260000
CVE-2018-0952;0.062320000;0.929920000
CVE-2018-0951;0.158750000;0.966270000
CVE-2018-0950;0.090950000;0.949030000
CVE-2018-0949;0.109780000;0.955510000
CVE-2018-0947;0.046140000;0.909720000
CVE-2018-0946;0.514200000;0.988520000
CVE-2018-0945;0.158750000;0.966270000
CVE-2018-0944;0.046140000;0.909750000
CVE-2018-0943;0.158750000;0.966270000
CVE-2018-0942;0.031420000;0.869130000
CVE-2018-0941;0.126880000;0.959500000
CVE-2018-0940;0.074200000;0.939630000
CVE-2018-0939;0.056050000;0.923120000
CVE-2018-0937;0.157110000;0.965940000
CVE-2018-0936;0.157110000;0.965940000
CVE-2018-0935;0.562240000;0.989720000
CVE-2018-0934;0.667650000;0.992310000
CVE-2018-0933;0.668450000;0.992350000
CVE-2018-0932;0.059590000;0.927180000
CVE-2018-0931;0.116560000;0.957190000
CVE-2018-0930;0.117540000;0.957430000
CVE-2018-0929;0.054260000;0.920950000
CVE-2018-0927;0.053510000;0.920130000
CVE-2018-0926;0.017370000;0.759380000
CVE-2018-0925;0.116560000;0.957190000
CVE-2018-0924;0.081790000;0.944260000
CVE-2018-0923;0.046140000;0.909730000
CVE-2018-0922;0.182830000;0.969950000
CVE-2018-0921;0.046140000;0.909720000
CVE-2018-0920;0.210010000;0.973800000
CVE-2018-0919;0.118780000;0.957760000
CVE-2018-0917;0.046140000;0.909730000
CVE-2018-0916;0.046140000;0.909730000
CVE-2018-0915;0.046140000;0.909730000
CVE-2018-0914;0.046140000;0.909750000
CVE-2018-0913;0.046140000;0.909750000
CVE-2018-0912;0.046140000;0.909740000
CVE-2018-0911;0.046140000;0.909740000
CVE-2018-0910;0.046140000;0.909740000
CVE-2018-0909;0.046140000;0.909720000
CVE-2018-0908;0.024210000;0.829150000
CVE-2018-0907;0.059720000;0.927300000
CVE-2018-0904;0.021310000;0.805490000
CVE-2018-0903;0.162570000;0.966980000
CVE-2018-0902;0.011340000;0.640170000
CVE-2018-0901;0.024070000;0.828060000
CVE-2018-0900;0.021570000;0.807820000
CVE-2018-0899;0.021570000;0.807830000
CVE-2018-0898;0.021570000;0.807820000
CVE-2018-0897;0.023860000;0.826480000
CVE-2018-0896;0.021310000;0.805490000
CVE-2018-0895;0.028080000;0.854210000
CVE-2018-0894;0.023860000;0.826480000
CVE-2018-0893;0.270620000;0.978900000
CVE-2018-0892;0.054260000;0.920950000
CVE-2018-0891;0.144520000;0.963490000
CVE-2018-0890;0.043020000;0.903860000
CVE-2018-0889;0.160340000;0.966590000
CVE-2018-0888;0.014580000;0.715010000
CVE-2018-0887;0.018420000;0.773640000
CVE-2018-0886;0.822600000;0.996330000
CVE-2018-0885;0.053790000;0.920450000
CVE-2018-0884;0.011340000;0.640160000
CVE-2018-0883;0.148010000;0.964190000
CVE-2018-0882;0.028610000;0.856900000
CVE-2018-0881;0.011290000;0.639000000
CVE-2018-0880;0.031170000;0.868080000
CVE-2018-0879;0.084550000;0.945860000
CVE-2018-0878;0.214900000;0.974270000
CVE-2018-0877;0.034100000;0.879510000
CVE-2018-0876;0.160340000;0.966590000
CVE-2018-0875;0.092500000;0.949640000
CVE-2018-0874;0.160340000;0.966590000
CVE-2018-0873;0.157110000;0.965970000
CVE-2018-0872;0.160340000;0.966590000
CVE-2018-0871;0.060770000;0.928400000
CVE-2018-0870;0.157110000;0.965970000
CVE-2018-0869;0.021860000;0.810290000
CVE-2018-0868;0.011970000;0.657280000
CVE-2018-0866;0.436380000;0.986390000
CVE-2018-0864;0.025660000;0.839330000
CVE-2018-0862;0.186410000;0.970370000
CVE-2018-0861;0.148300000;0.964230000
CVE-2018-0860;0.653120000;0.991960000
CVE-2018-0859;0.177290000;0.969230000
CVE-2018-0858;0.148300000;0.964230000
CVE-2018-0857;0.154300000;0.965280000
CVE-2018-0856;0.154300000;0.965270000
CVE-2018-0855;0.059300000;0.926860000
CVE-2018-0854;0.015130000;0.725230000
CVE-2018-0853;0.118220000;0.957630000
CVE-2018-0852;0.193510000;0.971390000
CVE-2018-0851;0.191110000;0.971020000
CVE-2018-0850;0.050320000;0.916120000
CVE-2018-0849;0.186410000;0.970360000
CVE-2018-0848;0.204890000;0.973090000
CVE-2018-0847;0.059300000;0.926860000
CVE-2018-0846;0.012160000;0.662490000
CVE-2018-0845;0.197270000;0.971930000
CVE-2018-0844;0.012160000;0.662500000
CVE-2018-0843;0.020910000;0.801800000
CVE-2018-0842;0.010220000;0.608750000
CVE-2018-0841;0.200720000;0.972400000
CVE-2018-0840;0.530730000;0.988940000
CVE-2018-0839;0.055010000;0.921760000
CVE-2018-0838;0.653120000;0.991960000
CVE-2018-0837;0.653120000;0.991970000
CVE-2018-0836;0.154300000;0.965270000
CVE-2018-0835;0.653120000;0.991960000
CVE-2018-0834;0.549270000;0.989470000
CVE-2018-0833;0.398970000;0.985130000
CVE-2018-0832;0.023410000;0.823270000
CVE-2018-0831;0.011040000;0.632450000
CVE-2018-0830;0.020370000;0.796140000
CVE-2018-0829;0.020370000;0.796140000
CVE-2018-0828;0.010220000;0.608240000
CVE-2018-0827;0.013600000;0.696040000
CVE-2018-0826;0.031050000;0.867560000
CVE-2018-0825;0.164790000;0.967400000
CVE-2018-0824;0.724050000;0.993930000
CVE-2018-0823;0.026330000;0.843780000
CVE-2018-0822;0.026330000;0.843770000
CVE-2018-0821;0.023000000;0.819870000
CVE-2018-0820;0.012420000;0.668890000
CVE-2018-0819;0.057340000;0.924670000
CVE-2018-0818;0.036860000;0.888340000
CVE-2018-0817;0.013250000;0.687700000
CVE-2018-0816;0.012410000;0.668760000
CVE-2018-0815;0.013250000;0.687700000
CVE-2018-0814;0.018420000;0.773640000
CVE-2018-0813;0.018420000;0.773630000
CVE-2018-0812;0.238770000;0.976540000
CVE-2018-0811;0.018420000;0.773630000
CVE-2018-0810;0.015840000;0.736740000
CVE-2018-0809;0.011740000;0.651260000
CVE-2018-0808;0.079060000;0.942640000
CVE-2018-0807;0.243980000;0.976970000
CVE-2018-0806;0.245820000;0.977110000
CVE-2018-0805;0.243980000;0.976970000
CVE-2018-0804;0.243980000;0.976970000
CVE-2018-0803;0.036570000;0.887540000
CVE-2018-0802;0.874170000;0.997430000
CVE-2018-0801;0.243980000;0.976970000
CVE-2018-0800;0.066640000;0.933660000
CVE-2018-0799;0.036310000;0.886490000
CVE-2018-0798;0.909900000;0.997990000
CVE-2018-0797;0.247640000;0.977290000
CVE-2018-0796;0.232570000;0.975980000
CVE-2018-0795;0.192680000;0.971250000
CVE-2018-0794;0.200720000;0.972400000
CVE-2018-0793;0.205700000;0.973210000
CVE-2018-0792;0.283380000;0.979730000
CVE-2018-0791;0.205700000;0.973210000
CVE-2018-0790;0.052550000;0.919120000
CVE-2018-0789;0.063710000;0.931180000
CVE-2018-0788;0.011170000;0.635970000
CVE-2018-0787;0.097520000;0.951510000
CVE-2018-0786;0.036870000;0.888340000
CVE-2018-0785;0.030350000;0.864780000
CVE-2018-0784;0.064960000;0.932300000
CVE-2018-0781;0.111500000;0.956040000
CVE-2018-0780;0.585720000;0.990290000
CVE-2018-0778;0.086430000;0.946870000
CVE-2018-0777;0.784340000;0.995490000
CVE-2018-0776;0.784340000;0.995490000
CVE-2018-0775;0.678700000;0.992640000
CVE-2018-0774;0.678700000;0.992640000
CVE-2018-0773;0.086430000;0.946880000
CVE-2018-0772;0.119320000;0.957930000
CVE-2018-0771;0.057780000;0.925130000
CVE-2018-0770;0.784340000;0.995500000
CVE-2018-0769;0.789540000;0.995630000
CVE-2018-0768;0.086430000;0.946870000
CVE-2018-0767;0.654670000;0.992020000
CVE-2018-0766;0.082640000;0.944740000
CVE-2018-0765;0.084440000;0.945790000
CVE-2018-0764;0.088850000;0.948170000
CVE-2018-0763;0.046910000;0.910940000
CVE-2018-0762;0.119320000;0.957930000
CVE-2018-0761;0.023220000;0.821700000
CVE-2018-0760;0.023220000;0.821690000
CVE-2018-0758;0.807990000;0.995970000
CVE-2018-0757;0.015840000;0.736730000
CVE-2018-0756;0.011700000;0.650220000
CVE-2018-0755;0.023220000;0.821700000
CVE-2018-0754;0.022790000;0.818050000
CVE-2018-0753;0.090240000;0.948740000
CVE-2018-0752;0.027750000;0.852570000
CVE-2018-0751;0.027600000;0.851420000
CVE-2018-0750;0.017040000;0.754920000
CVE-2018-0749;0.032060000;0.871850000
CVE-2018-0748;0.027750000;0.852570000
CVE-2018-0747;0.020800000;0.800660000
CVE-2018-0746;0.040750000;0.899040000
CVE-2018-0745;0.028670000;0.857230000
CVE-2018-0744;0.150230000;0.964520000
CVE-2018-0743;0.028430000;0.856070000
CVE-2018-0742;0.012420000;0.668890000
CVE-2018-0741;0.072260000;0.938380000
CVE-2018-0739;0.189300000;0.970750000
CVE-2018-0737;0.120460000;0.958160000
CVE-2018-0735;0.047630000;0.912110000
CVE-2018-0734;0.121540000;0.958380000
CVE-2018-0733;0.084360000;0.945730000
CVE-2018-0732;0.488310000;0.987850000
CVE-2018-0730;0.019600000;0.787780000
CVE-2018-0729;0.023410000;0.823250000
CVE-2018-0728;0.012730000;0.676650000
CVE-2018-0724;0.007720000;0.529760000
CVE-2018-0723;0.007720000;0.529750000
CVE-2018-0722;0.017410000;0.760000000
CVE-2018-0721;0.015520000;0.731910000
CVE-2018-0719;0.007590000;0.525400000
CVE-2018-0718;0.016820000;0.751790000
CVE-2018-0716;0.007720000;0.529750000
CVE-2018-0715;0.031220000;0.868350000
CVE-2018-0714;0.022510000;0.815680000
CVE-2018-0712;0.026390000;0.844090000
CVE-2018-0711;0.008990000;0.569580000
CVE-2018-0710;0.142290000;0.963030000
CVE-2018-0709;0.136160000;0.961760000
CVE-2018-0708;0.263290000;0.978440000
CVE-2018-0707;0.592150000;0.990440000
CVE-2018-0706;0.486880000;0.987800000
CVE-2018-0705;0.021210000;0.804600000
CVE-2018-0704;0.019470000;0.786440000
CVE-2018-0703;0.019470000;0.786440000
CVE-2018-0702;0.019470000;0.786440000
CVE-2018-0701;0.005710000;0.448670000
CVE-2018-0700;0.011340000;0.640170000
CVE-2018-0699;0.007880000;0.535090000
CVE-2018-0698;0.006340000;0.478020000
CVE-2018-0697;0.008420000;0.551760000
CVE-2018-0696;0.010570000;0.619080000
CVE-2018-0695;0.007880000;0.535090000
CVE-2018-0694;0.023740000;0.825610000
CVE-2018-0693;0.019470000;0.786430000
CVE-2018-0692;0.009440000;0.584100000
CVE-2018-0691;0.006670000;0.492150000
CVE-2018-0690;0.015330000;0.728530000
CVE-2018-0689;0.016420000;0.745670000
CVE-2018-0688;0.009800000;0.595640000
CVE-2018-0687;0.010400000;0.613790000
CVE-2018-0686;0.014960000;0.722010000
CVE-2018-0685;0.012440000;0.669660000
CVE-2018-0684;0.035840000;0.885080000
CVE-2018-0683;0.035840000;0.885090000
CVE-2018-0682;0.017650000;0.763320000
CVE-2018-0681;0.016730000;0.750270000
CVE-2018-0680;0.016730000;0.750270000
CVE-2018-0679;0.005230000;0.423140000
CVE-2018-0678;0.011200000;0.636810000
CVE-2018-0677;0.005990000;0.461670000
CVE-2018-0676;0.006170000;0.469940000
CVE-2018-0675;0.014340000;0.710520000
CVE-2018-0674;0.014340000;0.710520000
CVE-2018-0673;0.013810000;0.700280000
CVE-2018-0672;0.008180000;0.544630000
CVE-2018-0671;0.003650000;0.298170000
CVE-2018-0670;0.016400000;0.745270000
CVE-2018-0669;0.016400000;0.745270000
CVE-2018-0668;0.015990000;0.738860000
CVE-2018-0667;0.007960000;0.537160000
CVE-2018-0666;0.006520000;0.486230000
CVE-2018-0665;0.006520000;0.486230000
CVE-2018-0664;0.016520000;0.747120000
CVE-2018-0663;0.016240000;0.742740000
CVE-2018-0662;0.004200000;0.353640000
CVE-2018-0661;0.006410000;0.480730000
CVE-2018-0660;0.012380000;0.667930000
CVE-2018-0659;0.014190000;0.707730000
CVE-2018-0658;0.010290000;0.610660000
CVE-2018-0657;0.005180000;0.419830000
CVE-2018-0656;0.012820000;0.678700000
CVE-2018-0655;0.006670000;0.492080000
CVE-2018-0654;0.008990000;0.569570000
CVE-2018-0653;0.008990000;0.569580000
CVE-2018-0652;0.006670000;0.492070000
CVE-2018-0651;0.039720000;0.896710000
CVE-2018-0650;0.006330000;0.477340000
CVE-2018-0649;0.011340000;0.640040000
CVE-2018-0648;0.007960000;0.537170000
CVE-2018-0647;0.005580000;0.441930000
CVE-2018-0646;0.019510000;0.786860000
CVE-2018-0645;0.024090000;0.828260000
CVE-2018-0644;0.010100000;0.605230000
CVE-2018-0643;0.005330000;0.428690000
CVE-2018-0642;0.010440000;0.615130000
CVE-2018-0641;0.018000000;0.768020000
CVE-2018-0640;0.018000000;0.768010000
CVE-2018-0639;0.013990000;0.703970000
CVE-2018-0638;0.013990000;0.703970000
CVE-2018-0637;0.013990000;0.703970000
CVE-2018-0636;0.013990000;0.703970000
CVE-2018-0635;0.013990000;0.703990000
CVE-2018-0634;0.013990000;0.703990000
CVE-2018-0633;0.018000000;0.768010000
CVE-2018-0632;0.018000000;0.768020000
CVE-2018-0631;0.013990000;0.703980000
CVE-2018-0630;0.013990000;0.703990000
CVE-2018-0629;0.013990000;0.704000000
CVE-2018-0628;0.013990000;0.703980000
CVE-2018-0627;0.013990000;0.703980000
CVE-2018-0626;0.013990000;0.704000000
CVE-2018-0625;0.013990000;0.704000000
CVE-2018-0624;0.011900000;0.655590000
CVE-2018-0623;0.009740000;0.593960000
CVE-2018-0622;0.006070000;0.465210000
CVE-2018-0621;0.008820000;0.564630000
CVE-2018-0620;0.008820000;0.564620000
CVE-2018-0619;0.007940000;0.536740000
CVE-2018-0618;0.020480000;0.797310000
CVE-2018-0617;0.021800000;0.809780000
CVE-2018-0614;0.007880000;0.535080000
CVE-2018-0613;0.010780000;0.624910000
CVE-2018-0612;0.007810000;0.532610000
CVE-2018-0611;0.005030000;0.410380000
CVE-2018-0610;0.018460000;0.774140000
CVE-2018-0609;0.007960000;0.537170000
CVE-2018-0608;0.037840000;0.891320000
CVE-2018-0607;0.011530000;0.645470000
CVE-2018-0606;0.011000000;0.631650000
CVE-2018-0605;0.007810000;0.532490000
CVE-2018-0604;0.017960000;0.767500000
CVE-2018-0603;0.013090000;0.684220000
CVE-2018-0602;0.012240000;0.664790000
CVE-2018-0601;0.009590000;0.588460000
CVE-2018-0600;0.010270000;0.610160000
CVE-2018-0599;0.045890000;0.909270000
CVE-2018-0598;0.090440000;0.948800000
CVE-2018-0597;0.051300000;0.917500000
CVE-2018-0596;0.051300000;0.917510000
CVE-2018-0595;0.051300000;0.917500000
CVE-2018-0594;0.051300000;0.917500000
CVE-2018-0593;0.051300000;0.917490000
CVE-2018-0592;0.051300000;0.917500000
CVE-2018-0591;0.008610000;0.558290000
CVE-2018-0590;0.011020000;0.631950000
CVE-2018-0589;0.011020000;0.631940000
CVE-2018-0588;0.025980000;0.841500000
CVE-2018-0587;0.010770000;0.624840000
CVE-2018-0586;0.016070000;0.740230000
CVE-2018-0585;0.009980000;0.601040000
CVE-2018-0584;0.016220000;0.742430000
CVE-2018-0583;0.008990000;0.569570000
CVE-2018-0582;0.008990000;0.569560000
CVE-2018-0581;0.008990000;0.569570000
CVE-2018-0580;0.020820000;0.800900000
CVE-2018-0579;0.010850000;0.627030000
CVE-2018-0578;0.007660000;0.527680000
CVE-2018-0577;0.008060000;0.541030000
CVE-2018-0576;0.015170000;0.725890000
CVE-2018-0575;0.011810000;0.653280000
CVE-2018-0574;0.008420000;0.551750000
CVE-2018-0573;0.011190000;0.636400000
CVE-2018-0572;0.016320000;0.744170000
CVE-2018-0571;0.011290000;0.638900000
CVE-2018-0570;0.006770000;0.496220000
CVE-2018-0569;0.014990000;0.722760000
CVE-2018-0568;0.016990000;0.754120000
CVE-2018-0567;0.007870000;0.534390000
CVE-2018-0566;0.008690000;0.560700000
CVE-2018-0565;0.008090000;0.541660000
CVE-2018-0564;0.015250000;0.727120000
CVE-2018-0563;0.010520000;0.617680000
CVE-2018-0562;0.011190000;0.636420000
CVE-2018-0561;0.011190000;0.636420000
CVE-2018-0560;0.010170000;0.606890000
CVE-2018-0559;0.008090000;0.541650000
CVE-2018-0558;0.008090000;0.541650000
CVE-2018-0557;0.008090000;0.541660000
CVE-2018-0556;0.007170000;0.511170000
CVE-2018-0555;0.015600000;0.733250000
CVE-2018-0554;0.008300000;0.548300000
CVE-2018-0553;0.005280000;0.425810000
CVE-2018-0552;0.009280000;0.578870000
CVE-2018-0551;0.006780000;0.496600000
CVE-2018-0550;0.010250000;0.609790000
CVE-2018-0549;0.006780000;0.496590000
CVE-2018-0548;0.012700000;0.675850000
CVE-2018-0547;0.014540000;0.714290000
CVE-2018-0546;0.014540000;0.714300000
CVE-2018-0545;0.030060000;0.863600000
CVE-2018-0544;0.010400000;0.613790000
CVE-2018-0543;0.008930000;0.568030000
CVE-2018-0542;0.022610000;0.816490000
CVE-2018-0541;0.031150000;0.867970000
CVE-2018-0540;0.009270000;0.578190000
CVE-2018-0539;0.026070000;0.842080000
CVE-2018-0538;0.007200000;0.511880000
CVE-2018-0537;0.007200000;0.511890000
CVE-2018-0536;0.007200000;0.511880000
CVE-2018-0535;0.007200000;0.511890000
CVE-2018-0534;0.007200000;0.511890000
CVE-2018-0533;0.013530000;0.694350000
CVE-2018-0532;0.008930000;0.567900000
CVE-2018-0531;0.009080000;0.572590000
CVE-2018-0530;0.014220000;0.708190000
CVE-2018-0529;0.010690000;0.622830000
CVE-2018-0528;0.008690000;0.560700000
CVE-2018-0527;0.008090000;0.541650000
CVE-2018-0526;0.010310000;0.611280000
CVE-2018-0525;0.032070000;0.871870000
CVE-2018-0524;0.024130000;0.828600000
CVE-2018-0523;0.007040000;0.506250000
CVE-2018-0522;0.013180000;0.686180000
CVE-2018-0521;0.008140000;0.543150000
CVE-2018-0520;0.006450000;0.482840000
CVE-2018-0519;0.005240000;0.423570000
CVE-2018-0518;0.005920000;0.458550000
CVE-2018-0517;0.009090000;0.572990000
CVE-2018-0516;0.009110000;0.573490000
CVE-2018-0515;0.009110000;0.573480000
CVE-2018-0514;0.022930000;0.819280000
CVE-2018-0513;0.007620000;0.526320000
CVE-2018-0512;0.006550000;0.487400000
CVE-2018-0511;0.009000000;0.570050000
CVE-2018-0510;0.019950000;0.791600000
CVE-2018-0509;0.006920000;0.501960000
CVE-2018-0508;0.007610000;0.526060000
CVE-2018-0507;0.009120000;0.573670000
CVE-2018-0506;0.022770000;0.817890000
CVE-2018-0505;0.019320000;0.784700000
CVE-2018-0504;0.027970000;0.853640000
CVE-2018-0503;0.015300000;0.727910000
CVE-2018-0502;0.024870000;0.833840000
CVE-2018-0501;0.009540000;0.587140000
CVE-2018-0500;0.064330000;0.931770000
CVE-2018-0499;0.010340000;0.612480000
CVE-2018-0498;0.003730000;0.306700000
CVE-2018-0497;0.026740000;0.846410000
CVE-2018-0496;0.024480000;0.831210000
CVE-2018-0495;0.008870000;0.566120000
CVE-2018-0494;0.169800000;0.968250000
CVE-2018-0493;0.025110000;0.835480000
CVE-2018-0492;0.015920000;0.737830000
CVE-2018-0491;0.147900000;0.964170000
CVE-2018-0490;0.026410000;0.844180000
CVE-2018-0489;0.021070000;0.803410000
CVE-2018-0488;0.047930000;0.912540000
CVE-2018-0487;0.032550000;0.873980000
CVE-2018-0486;0.015310000;0.728230000
CVE-2018-0485;0.041090000;0.899830000
CVE-2018-0484;0.007880000;0.535100000
CVE-2018-0483;0.008760000;0.563110000
CVE-2018-0482;0.008760000;0.563110000
CVE-2018-0481;0.004920000;0.404030000
CVE-2018-0480;0.005220000;0.421990000
CVE-2018-0477;0.004920000;0.404030000
CVE-2018-0476;0.136980000;0.962000000
CVE-2018-0475;0.008560000;0.556700000
CVE-2018-0474;0.014910000;0.721320000
CVE-2018-0473;0.035190000;0.883150000
CVE-2018-0472;0.162210000;0.966930000
CVE-2018-0471;0.008480000;0.553780000
CVE-2018-0470;0.044020000;0.905750000
CVE-2018-0469;0.030810000;0.866620000
CVE-2018-0468;0.003270000;0.257160000
CVE-2018-0467;0.038140000;0.892310000
CVE-2018-0466;0.009520000;0.586730000
CVE-2018-0465;0.008010000;0.538920000
CVE-2018-0464;0.054060000;0.920750000
CVE-2018-0463;0.014870000;0.720580000
CVE-2018-0462;0.014770000;0.718850000
CVE-2018-0461;0.015010000;0.723080000
CVE-2018-0460;0.018950000;0.780290000
CVE-2018-0459;0.017890000;0.766540000
CVE-2018-0458;0.017830000;0.765770000
CVE-2018-0457;0.017160000;0.756570000
CVE-2018-0456;0.031750000;0.870540000
CVE-2018-0455;0.014850000;0.720120000
CVE-2018-0454;0.024600000;0.832050000
CVE-2018-0453;0.004110000;0.345110000
CVE-2018-0452;0.009180000;0.575640000
CVE-2018-0451;0.007070000;0.507560000
CVE-2018-0450;0.009180000;0.575660000
CVE-2018-0449;0.002770000;0.202450000
CVE-2018-0448;0.021390000;0.806270000
CVE-2018-0447;0.022760000;0.817750000
CVE-2018-0446;0.005660000;0.446420000
CVE-2018-0445;0.005660000;0.446420000
CVE-2018-0444;0.004200000;0.353140000
CVE-2018-0443;0.033810000;0.878560000
CVE-2018-0442;0.033450000;0.877330000
CVE-2018-0441;0.008560000;0.556700000
CVE-2018-0440;0.022530000;0.815840000
CVE-2018-0439;0.012310000;0.666530000
CVE-2018-0438;0.013740000;0.699170000
CVE-2018-0437;0.015160000;0.725770000
CVE-2018-0436;0.012840000;0.679200000
CVE-2018-0435;0.010940000;0.629710000
CVE-2018-0434;0.008320000;0.549150000
CVE-2018-0433;0.004500000;0.376600000
CVE-2018-0432;0.026330000;0.843750000
CVE-2018-0431;0.040290000;0.898020000
CVE-2018-0430;0.040290000;0.898020000
CVE-2018-0429;0.004980000;0.407390000
CVE-2018-0428;0.004360000;0.366240000
CVE-2018-0427;0.061400000;0.929020000
CVE-2018-0426;0.063740000;0.931200000
CVE-2018-0425;0.034130000;0.879590000
CVE-2018-0424;0.039580000;0.896330000
CVE-2018-0423;0.067650000;0.934590000
CVE-2018-0422;0.010700000;0.622950000
CVE-2018-0421;0.034800000;0.881980000
CVE-2018-0420;0.046380000;0.910120000
CVE-2018-0419;0.028180000;0.854740000
CVE-2018-0418;0.039640000;0.896500000
CVE-2018-0417;0.031630000;0.870100000
CVE-2018-0416;0.025070000;0.835230000
CVE-2018-0415;0.006300000;0.476150000
CVE-2018-0414;0.018260000;0.771570000
CVE-2018-0413;0.012310000;0.666530000
CVE-2018-0412;0.002530000;0.170920000
CVE-2018-0411;0.017830000;0.765760000
CVE-2018-0410;0.041190000;0.900020000
CVE-2018-0409;0.034910000;0.882320000
CVE-2018-0408;0.006780000;0.496590000
CVE-2018-0407;0.006780000;0.496600000
CVE-2018-0406;0.017830000;0.765780000
CVE-2018-0405;0.028810000;0.857880000
CVE-2018-0404;0.014720000;0.717900000
CVE-2018-0403;0.026590000;0.845370000
CVE-2018-0402;0.010290000;0.610600000
CVE-2018-0401;0.012100000;0.660950000
CVE-2018-0400;0.012710000;0.676050000
CVE-2018-0399;0.018890000;0.779520000
CVE-2018-0398;0.020620000;0.798840000
CVE-2018-0397;0.014820000;0.719650000
CVE-2018-0396;0.017800000;0.765390000
CVE-2018-0395;0.007880000;0.534990000
CVE-2018-0394;0.016050000;0.739900000
CVE-2018-0393;0.009370000;0.581930000
CVE-2018-0392;0.002910000;0.217680000
CVE-2018-0391;0.027140000;0.848670000
CVE-2018-0390;0.010120000;0.605720000
CVE-2018-0389;0.025160000;0.835900000
CVE-2018-0388;0.010150000;0.606530000
CVE-2018-0387;0.031060000;0.867580000
CVE-2018-0386;0.018230000;0.771200000
CVE-2018-0385;0.023330000;0.822590000
CVE-2018-0384;0.025020000;0.834790000
CVE-2018-0383;0.030260000;0.864430000
CVE-2018-0382;0.020410000;0.796630000
CVE-2018-0381;0.005240000;0.423520000
CVE-2018-0380;0.013010000;0.682790000
CVE-2018-0379;0.018130000;0.769930000
CVE-2018-0378;0.040140000;0.897710000
CVE-2018-0377;0.027250000;0.849220000
CVE-2018-0376;0.027250000;0.849230000
CVE-2018-0375;0.037900000;0.891470000
CVE-2018-0374;0.027250000;0.849230000
CVE-2018-0373;0.003940000;0.328340000
CVE-2018-0372;0.025400000;0.837580000
CVE-2018-0371;0.028010000;0.853890000
CVE-2018-0370;0.021950000;0.811180000
CVE-2018-0369;0.022990000;0.819780000
CVE-2018-0368;0.003330000;0.264560000
CVE-2018-0367;0.009100000;0.573230000
CVE-2018-0366;0.017830000;0.765780000
CVE-2018-0365;0.009490000;0.585580000
CVE-2018-0364;0.007190000;0.511620000
CVE-2018-0363;0.008760000;0.563010000
CVE-2018-0362;0.003530000;0.285880000
CVE-2018-0361;0.016210000;0.742330000
CVE-2018-0360;0.017340000;0.758970000
CVE-2018-0359;0.003560000;0.289020000
CVE-2018-0358;0.023980000;0.827420000
CVE-2018-0357;0.020020000;0.792420000
CVE-2018-0356;0.017830000;0.765760000
CVE-2018-0355;0.018120000;0.769620000
CVE-2018-0354;0.017830000;0.765770000
CVE-2018-0353;0.038390000;0.892990000
CVE-2018-0352;0.003920000;0.326500000
CVE-2018-0351;0.004710000;0.390140000
CVE-2018-0350;0.030540000;0.865590000
CVE-2018-0349;0.030460000;0.865160000
CVE-2018-0348;0.028950000;0.858660000
CVE-2018-0347;0.004710000;0.390130000
CVE-2018-0346;0.020120000;0.793750000
CVE-2018-0345;0.030000000;0.863260000
CVE-2018-0344;0.020480000;0.797310000
CVE-2018-0343;0.019640000;0.788230000
CVE-2018-0342;0.004520000;0.378080000
CVE-2018-0341;0.058720000;0.926350000
CVE-2018-0340;0.012760000;0.677350000
CVE-2018-0339;0.017830000;0.765770000
CVE-2018-0338;0.003770000;0.311340000
CVE-2018-0337;0.003460000;0.278150000
CVE-2018-0336;0.023840000;0.826260000
CVE-2018-0335;0.004130000;0.347120000
CVE-2018-0334;0.009830000;0.596430000
CVE-2018-0333;0.018990000;0.780750000
CVE-2018-0332;0.034360000;0.880400000
CVE-2018-0331;0.006400000;0.480530000
CVE-2018-0330;0.028740000;0.857530000
CVE-2018-0329;0.023650000;0.825030000
CVE-2018-0328;0.018180000;0.770600000
CVE-2018-0327;0.017830000;0.765770000
CVE-2018-0326;0.017960000;0.767400000
CVE-2018-0325;0.033370000;0.877070000
CVE-2018-0324;0.006840000;0.498950000
CVE-2018-0323;0.018820000;0.778730000
CVE-2018-0322;0.025910000;0.841140000
CVE-2018-0321;0.035720000;0.884690000
CVE-2018-0320;0.040040000;0.897480000
CVE-2018-0319;0.031160000;0.868030000
CVE-2018-0318;0.031160000;0.868030000
CVE-2018-0317;0.026140000;0.842430000
CVE-2018-0316;0.025080000;0.835310000
CVE-2018-0315;0.077740000;0.941830000
CVE-2018-0314;0.059580000;0.927170000
CVE-2018-0313;0.039960000;0.897280000
CVE-2018-0312;0.056590000;0.923830000
CVE-2018-0311;0.028260000;0.855200000
CVE-2018-0310;0.041530000;0.900820000
CVE-2018-0309;0.020480000;0.797370000
CVE-2018-0308;0.056590000;0.923830000
CVE-2018-0307;0.005810000;0.453420000
CVE-2018-0306;0.005640000;0.445390000
CVE-2018-0305;0.022990000;0.819790000
CVE-2018-0304;0.087000000;0.947180000
CVE-2018-0303;0.010770000;0.624880000
CVE-2018-0302;0.004270000;0.359470000
CVE-2018-0301;0.176700000;0.969160000
CVE-2018-0300;0.073320000;0.939080000
CVE-2018-0299;0.021090000;0.803550000
CVE-2018-0298;0.019750000;0.789380000
CVE-2018-0297;0.012290000;0.666090000
CVE-2018-0296;0.998880000;0.999650000
CVE-2018-0295;0.025400000;0.837540000
CVE-2018-0294;0.004480000;0.375720000
CVE-2018-0293;0.048300000;0.913110000
CVE-2018-0292;0.015510000;0.731860000
CVE-2018-0291;0.021090000;0.803560000
CVE-2018-0290;0.016540000;0.747400000
CVE-2018-0289;0.017830000;0.765760000
CVE-2018-0288;0.026400000;0.844150000
CVE-2018-0287;0.038360000;0.892940000
CVE-2018-0286;0.032560000;0.873990000
CVE-2018-0285;0.027400000;0.850260000
CVE-2018-0284;0.015630000;0.733720000
CVE-2018-0283;0.014350000;0.710640000
CVE-2018-0282;0.020040000;0.792590000
CVE-2018-0281;0.014350000;0.710640000
CVE-2018-0280;0.033370000;0.877070000
CVE-2018-0279;0.045110000;0.907800000
CVE-2018-0278;0.022000000;0.811630000
CVE-2018-0277;0.024240000;0.829390000
CVE-2018-0276;0.009180000;0.575650000
CVE-2018-0275;0.003490000;0.282220000
CVE-2018-0274;0.039080000;0.894780000
CVE-2018-0273;0.032860000;0.875160000
CVE-2018-0272;0.013370000;0.690540000
CVE-2018-0271;0.026430000;0.844290000
CVE-2018-0270;0.007100000;0.508370000
CVE-2018-0269;0.013200000;0.686690000
CVE-2018-0268;0.051960000;0.918390000
CVE-2018-0267;0.003640000;0.297540000
CVE-2018-0266;0.017560000;0.762080000
CVE-2018-0264;0.032060000;0.871800000
CVE-2018-0263;0.007390000;0.518780000
CVE-2018-0262;0.041000000;0.899610000
CVE-2018-0260;0.023830000;0.826210000
CVE-2018-0259;0.007100000;0.508360000
CVE-2018-0258;0.494310000;0.987990000
CVE-2018-0257;0.008040000;0.540210000
CVE-2018-0256;0.016070000;0.740110000
CVE-2018-0255;0.009360000;0.581680000
CVE-2018-0254;0.012290000;0.666090000
CVE-2018-0253;0.069840000;0.936390000
CVE-2018-0252;0.024830000;0.833600000
CVE-2018-0251;0.019060000;0.781610000
CVE-2018-0250;0.004800000;0.396670000
CVE-2018-0249;0.006030000;0.463450000
CVE-2018-0248;0.019950000;0.791640000
CVE-2018-0247;0.009470000;0.585050000
CVE-2018-0245;0.023250000;0.821870000
CVE-2018-0244;0.012290000;0.666100000
CVE-2018-0243;0.012290000;0.666100000
CVE-2018-0242;0.017990000;0.767830000
CVE-2018-0241;0.008560000;0.556710000
CVE-2018-0240;0.038600000;0.893520000
CVE-2018-0239;0.034460000;0.880810000
CVE-2018-0238;0.051820000;0.918200000
CVE-2018-0237;0.012210000;0.663890000
CVE-2018-0235;0.005230000;0.423010000
CVE-2018-0234;0.039070000;0.894760000
CVE-2018-0233;0.024830000;0.833600000
CVE-2018-0231;0.046000000;0.909500000
CVE-2018-0230;0.024860000;0.833790000
CVE-2018-0229;0.035770000;0.884890000
CVE-2018-0228;0.036120000;0.885870000
CVE-2018-0227;0.020470000;0.797250000
CVE-2018-0226;0.022140000;0.812790000
CVE-2018-0225;0.013550000;0.694970000
CVE-2018-0224;0.004530000;0.378980000
CVE-2018-0223;0.017140000;0.756370000
CVE-2018-0222;0.037420000;0.890050000
CVE-2018-0221;0.008170000;0.544360000
CVE-2018-0220;0.006420000;0.481180000
CVE-2018-0219;0.017140000;0.756370000
CVE-2018-0218;0.014920000;0.721360000
CVE-2018-0217;0.008630000;0.558650000
CVE-2018-0216;0.008340000;0.549680000
CVE-2018-0215;0.008410000;0.551550000
CVE-2018-0214;0.010150000;0.606600000
CVE-2018-0213;0.025150000;0.835820000
CVE-2018-0212;0.017140000;0.756360000
CVE-2018-0211;0.003840000;0.318690000
CVE-2018-0210;0.011680000;0.649670000
CVE-2018-0209;0.015800000;0.736020000
CVE-2018-0208;0.007900000;0.535510000
CVE-2018-0207;0.014850000;0.720170000
CVE-2018-0206;0.012200000;0.663700000
CVE-2018-0205;0.012200000;0.663710000
CVE-2018-0204;0.023400000;0.823110000
CVE-2018-0203;0.015890000;0.737370000
CVE-2018-0202;0.026300000;0.843520000
CVE-2018-0201;0.008910000;0.567490000
CVE-2018-0200;0.012200000;0.663720000
CVE-2018-0199;0.020350000;0.795950000
CVE-2018-0198;0.017500000;0.761160000
CVE-2018-0197;0.006250000;0.473960000
CVE-2018-0196;0.009920000;0.599220000
CVE-2018-0195;0.012810000;0.678380000
CVE-2018-0194;0.005780000;0.451980000
CVE-2018-0193;0.005780000;0.451980000
CVE-2018-0190;0.008850000;0.565530000
CVE-2018-0189;0.010150000;0.606450000
CVE-2018-0188;0.008850000;0.565520000
CVE-2018-0187;0.014830000;0.719830000
CVE-2018-0186;0.008850000;0.565530000
CVE-2018-0185;0.005780000;0.451990000
CVE-2018-0184;0.004090000;0.343170000
CVE-2018-0183;0.004090000;0.343170000
CVE-2018-0182;0.005780000;0.451980000
CVE-2018-0181;0.021740000;0.809310000
CVE-2018-0180;0.049670000;0.915280000
CVE-2018-0179;0.049670000;0.915280000
CVE-2018-0177;0.038150000;0.892340000
CVE-2018-0176;0.004930000;0.404490000
CVE-2018-0175;0.035010000;0.882660000
CVE-2018-0174;0.076580000;0.941150000
CVE-2018-0173;0.076580000;0.941150000
CVE-2018-0172;0.078710000;0.942420000
CVE-2018-0171;0.994900000;0.999420000
CVE-2018-0170;0.026880000;0.847160000
CVE-2018-0169;0.004930000;0.404490000
CVE-2018-0167;0.033760000;0.878360000
CVE-2018-0165;0.007220000;0.512710000
CVE-2018-0164;0.018670000;0.776840000
CVE-2018-0163;0.006370000;0.479110000
CVE-2018-0161;0.046670000;0.910590000
CVE-2018-0160;0.016620000;0.748640000
CVE-2018-0159;0.069150000;0.935790000
CVE-2018-0158;0.072370000;0.938440000
CVE-2018-0157;0.026880000;0.847150000
CVE-2018-0156;0.081950000;0.944350000
CVE-2018-0155;0.077930000;0.941940000
CVE-2018-0154;0.071170000;0.937500000
CVE-2018-0152;0.032520000;0.873830000
CVE-2018-0151;0.142870000;0.963160000
CVE-2018-0150;0.048230000;0.912980000
CVE-2018-0149;0.012550000;0.672160000
CVE-2018-0148;0.008310000;0.548840000
CVE-2018-0147;0.182120000;0.969840000
CVE-2018-0146;0.004460000;0.373830000
CVE-2018-0145;0.008680000;0.560570000
CVE-2018-0144;0.017140000;0.756370000
CVE-2018-0141;0.004170000;0.350930000
CVE-2018-0140;0.015630000;0.733580000
CVE-2018-0139;0.023040000;0.820230000
CVE-2018-0138;0.011630000;0.648300000
CVE-2018-0137;0.015890000;0.737310000
CVE-2018-0136;0.026700000;0.846060000
CVE-2018-0135;0.012390000;0.668110000
CVE-2018-0134;0.014360000;0.710870000
CVE-2018-0132;0.022970000;0.819660000
CVE-2018-0131;0.017220000;0.757340000
CVE-2018-0130;0.018920000;0.779900000
CVE-2018-0129;0.008680000;0.560560000
CVE-2018-0128;0.008680000;0.560570000
CVE-2018-0127;0.774840000;0.995240000
CVE-2018-0125;0.551860000;0.989520000
CVE-2018-0124;0.050550000;0.916520000
CVE-2018-0123;0.004060000;0.340430000
CVE-2018-0122;0.003730000;0.307250000
CVE-2018-0121;0.025140000;0.835770000
CVE-2018-0120;0.013960000;0.703120000
CVE-2018-0119;0.009890000;0.598420000
CVE-2018-0118;0.017290000;0.758200000
CVE-2018-0117;0.017380000;0.759540000
CVE-2018-0116;0.010600000;0.619790000
CVE-2018-0115;0.004450000;0.373140000
CVE-2018-0114;0.426510000;0.986050000
CVE-2018-0113;0.022270000;0.813800000
CVE-2018-0112;0.027000000;0.847880000
CVE-2018-0111;0.017230000;0.757400000
CVE-2018-0110;0.014430000;0.712050000
CVE-2018-0109;0.012180000;0.663070000
CVE-2018-0108;0.018340000;0.772520000
CVE-2018-0107;0.008310000;0.548840000
CVE-2018-0106;0.002960000;0.223400000
CVE-2018-0105;0.017390000;0.759570000
CVE-2018-0104;0.037740000;0.890980000
CVE-2018-0103;0.017150000;0.756460000
CVE-2018-0102;0.007930000;0.536470000
CVE-2018-0101;0.867800000;0.997290000
CVE-2018-0100;0.004110000;0.344920000
CVE-2018-0099;0.034370000;0.880460000
CVE-2018-0098;0.008680000;0.560570000
CVE-2018-0097;0.012150000;0.662360000
CVE-2018-0096;0.013500000;0.693640000
CVE-2018-0095;0.003990000;0.334430000
CVE-2018-0094;0.022970000;0.819650000
CVE-2018-0093;0.012200000;0.663730000
CVE-2018-0092;0.003400000;0.271710000
CVE-2018-0091;0.012200000;0.663700000
CVE-2018-0090;0.026450000;0.844450000
CVE-2018-0089;0.010300000;0.611090000
CVE-2018-0088;0.003900000;0.324820000
CVE-2018-0087;0.018370000;0.772980000
CVE-2018-0086;0.022970000;0.819650000
CVE-2018-0063;0.006370000;0.479150000
CVE-2018-0062;0.022990000;0.819780000
CVE-2018-0061;0.022650000;0.816840000
CVE-2018-0060;0.010890000;0.627860000
CVE-2018-0059;0.008030000;0.539580000
CVE-2018-0058;0.014060000;0.705340000
CVE-2018-0057;0.011470000;0.643300000
CVE-2018-0056;0.006120000;0.467660000
CVE-2018-0055;0.006010000;0.462780000
CVE-2018-0054;0.006470000;0.483970000
CVE-2018-0053;0.004900000;0.403070000
CVE-2018-0052;0.048500000;0.913460000
CVE-2018-0051;0.015940000;0.738150000
CVE-2018-0050;0.023020000;0.820060000
CVE-2018-0049;0.022110000;0.812580000
CVE-2018-0048;0.028870000;0.858140000
CVE-2018-0047;0.008620000;0.558640000
CVE-2018-0046;0.016460000;0.746220000
CVE-2018-0045;0.011480000;0.644110000
CVE-2018-0044;0.013420000;0.691860000
CVE-2018-0043;0.011580000;0.646820000
CVE-2018-0042;0.011480000;0.643750000
CVE-2018-0041;0.011290000;0.638950000
CVE-2018-0040;0.014340000;0.710530000
CVE-2018-0039;0.009730000;0.593800000
CVE-2018-0038;0.011290000;0.638940000
CVE-2018-0037;0.037690000;0.890870000
CVE-2018-0035;0.012710000;0.676010000
CVE-2018-0034;0.021500000;0.807270000
CVE-2018-0032;0.017080000;0.755470000
CVE-2018-0031;0.012160000;0.662470000
CVE-2018-0030;0.024250000;0.829450000
CVE-2018-0029;0.005600000;0.442740000
CVE-2018-0027;0.024250000;0.829470000
CVE-2018-0026;0.017650000;0.763280000
CVE-2018-0025;0.014300000;0.709860000
CVE-2018-0024;0.003780000;0.311670000
CVE-2018-0023;0.002980000;0.225560000
CVE-2018-0022;0.022900000;0.818950000
CVE-2018-0021;0.006110000;0.466990000
CVE-2018-0020;0.013640000;0.696920000
CVE-2018-0019;0.015280000;0.727540000
CVE-2018-0018;0.015070000;0.724230000
CVE-2018-0017;0.018910000;0.779880000
CVE-2018-0016;0.041460000;0.900660000
CVE-2018-0015;0.010530000;0.618020000
CVE-2018-0014;0.006030000;0.463730000
CVE-2018-0013;0.012220000;0.664090000
CVE-2018-0012;0.003370000;0.268830000
CVE-2018-0011;0.008290000;0.548120000
CVE-2018-0010;0.006120000;0.467800000
CVE-2018-0009;0.012690000;0.675640000
CVE-2018-0008;0.004520000;0.378110000
CVE-2018-0007;0.022180000;0.813100000
CVE-2018-0006;0.006680000;0.492610000
CVE-2018-0005;0.007200000;0.512100000
CVE-2018-0004;0.012460000;0.669990000
CVE-2018-0003;0.009100000;0.573340000
CVE-2018-0002;0.015440000;0.730520000
CVE-2018-0001;0.063350000;0.930890000
