CVE-2014-9998;0.011690000;0.660990000
CVE-2014-9997;0.011690000;0.660990000
CVE-2014-9996;0.013060000;0.693970000
CVE-2014-9995;0.013060000;0.693960000
CVE-2014-9994;0.013700000;0.707970000
CVE-2014-9993;0.012070000;0.671280000
CVE-2014-9991;0.013060000;0.693970000
CVE-2014-9990;0.012070000;0.671250000
CVE-2014-9989;0.012070000;0.671240000
CVE-2014-9988;0.014040000;0.714660000
CVE-2014-9987;0.012070000;0.671240000
CVE-2014-9986;0.008560000;0.566950000
CVE-2014-9985;0.012170000;0.673870000
CVE-2014-9984;0.044400000;0.910550000
CVE-2014-9983;0.017680000;0.771980000
CVE-2014-9981;0.009640000;0.601540000
CVE-2014-9980;0.008360000;0.560260000
CVE-2014-9979;0.008360000;0.560260000
CVE-2014-9978;0.009040000;0.581910000
CVE-2014-9977;0.009040000;0.581910000
CVE-2014-9976;0.010560000;0.630170000
CVE-2014-9975;0.004360000;0.353890000
CVE-2014-9974;0.008360000;0.560320000
CVE-2014-9973;0.008360000;0.560310000
CVE-2014-9972;0.009640000;0.601530000
CVE-2014-9971;0.009640000;0.601530000
CVE-2014-9970;0.023660000;0.831220000
CVE-2014-9969;0.004150000;0.332860000
CVE-2014-9968;0.009040000;0.581920000
CVE-2014-9967;0.006260000;0.478930000
CVE-2014-9966;0.004470000;0.363360000
CVE-2014-9965;0.006420000;0.486850000
CVE-2014-9964;0.006490000;0.490390000
CVE-2014-9963;0.006690000;0.499410000
CVE-2014-9962;0.006420000;0.486850000
CVE-2014-9961;0.006000000;0.465940000
CVE-2014-9960;0.006770000;0.503190000
CVE-2014-9959;0.010860000;0.639110000
CVE-2014-9958;0.010860000;0.639110000
CVE-2014-9957;0.010860000;0.639110000
CVE-2014-9956;0.010860000;0.639130000
CVE-2014-9955;0.010860000;0.639130000
CVE-2014-9954;0.010860000;0.639120000
CVE-2014-9953;0.010860000;0.639120000
CVE-2014-9952;0.004740000;0.385330000
CVE-2014-9951;0.004360000;0.353520000
CVE-2014-9950;0.004740000;0.385330000
CVE-2014-9949;0.004930000;0.398630000
CVE-2014-9948;0.004930000;0.398630000
CVE-2014-9947;0.004360000;0.353520000
CVE-2014-9946;0.004930000;0.398630000
CVE-2014-9945;0.005010000;0.404660000
CVE-2014-9944;0.005590000;0.443150000
CVE-2014-9943;0.004970000;0.401580000
CVE-2014-9942;0.004930000;0.398610000
CVE-2014-9941;0.003510000;0.261680000
CVE-2014-9940;0.016180000;0.750680000
CVE-2014-9939;0.022840000;0.824780000
CVE-2014-9938;0.023200000;0.827740000
CVE-2014-9937;0.006690000;0.499400000
CVE-2014-9936;0.005780000;0.453540000
CVE-2014-9935;0.007020000;0.513320000
CVE-2014-9934;0.003950000;0.310970000
CVE-2014-9933;0.006190000;0.475260000
CVE-2014-9932;0.006490000;0.490390000
CVE-2014-9931;0.006750000;0.502150000
CVE-2014-9930;0.004930000;0.398620000
CVE-2014-9929;0.004930000;0.398610000
CVE-2014-9928;0.004930000;0.398620000
CVE-2014-9927;0.004310000;0.348290000
CVE-2014-9926;0.004930000;0.398640000
CVE-2014-9925;0.004930000;0.398630000
CVE-2014-9924;0.004930000;0.398620000
CVE-2014-9923;0.004930000;0.398620000
CVE-2014-9922;0.012690000;0.686000000
CVE-2014-9921;0.029550000;0.866540000
CVE-2014-9920;0.010290000;0.622280000
CVE-2014-9919;0.007990000;0.547620000
CVE-2014-9918;0.007990000;0.547620000
CVE-2014-9917;0.007990000;0.547620000
CVE-2014-9916;0.008680000;0.570950000
CVE-2014-9915;0.008710000;0.572090000
CVE-2014-9914;0.002740000;0.177450000
CVE-2014-9913;0.014530000;0.723710000
CVE-2014-9912;0.049480000;0.918570000
CVE-2014-9911;0.054590000;0.924580000
CVE-2014-9910;0.005320000;0.426780000
CVE-2014-9909;0.005260000;0.422660000
CVE-2014-9908;0.004040000;0.320200000
CVE-2014-9907;0.024710000;0.838820000
CVE-2014-9906;0.060260000;0.930990000
CVE-2014-9905;0.012230000;0.675660000
CVE-2014-9904;0.003840000;0.298120000
CVE-2014-9903;0.003640000;0.276540000
CVE-2014-9902;0.025200000;0.842140000
CVE-2014-9901;0.008810000;0.574820000
CVE-2014-9900;0.005230000;0.420870000
CVE-2014-9899;0.004600000;0.373980000
CVE-2014-9898;0.004600000;0.373970000
CVE-2014-9897;0.004600000;0.373970000
CVE-2014-9896;0.004600000;0.373970000
CVE-2014-9895;0.007230000;0.521170000
CVE-2014-9894;0.004600000;0.373980000
CVE-2014-9893;0.004600000;0.373970000
CVE-2014-9892;0.004990000;0.403210000
CVE-2014-9891;0.005300000;0.425130000
CVE-2014-9890;0.005300000;0.425140000
CVE-2014-9889;0.004540000;0.369310000
CVE-2014-9888;0.003950000;0.311160000
CVE-2014-9887;0.005300000;0.425140000
CVE-2014-9886;0.004540000;0.369310000
CVE-2014-9885;0.004540000;0.369310000
CVE-2014-9884;0.004540000;0.369320000
CVE-2014-9883;0.004540000;0.369330000
CVE-2014-9882;0.005190000;0.417660000
CVE-2014-9881;0.004810000;0.390380000
CVE-2014-9880;0.004540000;0.369320000
CVE-2014-9879;0.004540000;0.369300000
CVE-2014-9878;0.004540000;0.369330000
CVE-2014-9877;0.004540000;0.369300000
CVE-2014-9876;0.004660000;0.378090000
CVE-2014-9875;0.004540000;0.369310000
CVE-2014-9874;0.004810000;0.390380000
CVE-2014-9873;0.004540000;0.369300000
CVE-2014-9872;0.004540000;0.369320000
CVE-2014-9871;0.005610000;0.444650000
CVE-2014-9870;0.010170000;0.618700000
CVE-2014-9869;0.005570000;0.442190000
CVE-2014-9868;0.002160000;0.108520000
CVE-2014-9867;0.005440000;0.433700000
CVE-2014-9866;0.005440000;0.433700000
CVE-2014-9865;0.005230000;0.420860000
CVE-2014-9864;0.005440000;0.433700000
CVE-2014-9863;0.005440000;0.433690000
CVE-2014-9862;0.067620000;0.937480000
CVE-2014-9854;0.036560000;0.892120000
CVE-2014-9853;0.018150000;0.778130000
CVE-2014-9852;0.029330000;0.865650000
CVE-2014-9851;0.037020000;0.893430000
CVE-2014-9850;0.036180000;0.891000000
CVE-2014-9849;0.036180000;0.891000000
CVE-2014-9848;0.037340000;0.894430000
CVE-2014-9847;0.045840000;0.913110000
CVE-2014-9846;0.048520000;0.917130000
CVE-2014-9845;0.019460000;0.793670000
CVE-2014-9844;0.020540000;0.804880000
CVE-2014-9843;0.039330000;0.900100000
CVE-2014-9842;0.036180000;0.891010000
CVE-2014-9841;0.039330000;0.900100000
CVE-2014-9840;0.011990000;0.668890000
CVE-2014-9839;0.020790000;0.807340000
CVE-2014-9838;0.011660000;0.660200000
CVE-2014-9837;0.017680000;0.772030000
CVE-2014-9836;0.011990000;0.668880000
CVE-2014-9835;0.011810000;0.664710000
CVE-2014-9834;0.011810000;0.664710000
CVE-2014-9833;0.011810000;0.664720000
CVE-2014-9832;0.011810000;0.664720000
CVE-2014-9831;0.018780000;0.785760000
CVE-2014-9830;0.018780000;0.785770000
CVE-2014-9829;0.017810000;0.773610000
CVE-2014-9828;0.019460000;0.793720000
CVE-2014-9827;0.019470000;0.793820000
CVE-2014-9826;0.037380000;0.894530000
CVE-2014-9825;0.013820000;0.710400000
CVE-2014-9824;0.016250000;0.751660000
CVE-2014-9823;0.016250000;0.751660000
CVE-2014-9822;0.016250000;0.751660000
CVE-2014-9821;0.016250000;0.751650000
CVE-2014-9820;0.016250000;0.751650000
CVE-2014-9819;0.016250000;0.751660000
CVE-2014-9818;0.014160000;0.716830000
CVE-2014-9817;0.016250000;0.751670000
CVE-2014-9816;0.014160000;0.716830000
CVE-2014-9815;0.014680000;0.726680000
CVE-2014-9814;0.014680000;0.726690000
CVE-2014-9813;0.014470000;0.722480000
CVE-2014-9812;0.014680000;0.726690000
CVE-2014-9811;0.013960000;0.712980000
CVE-2014-9810;0.014160000;0.716820000
CVE-2014-9809;0.014680000;0.726690000
CVE-2014-9808;0.014250000;0.718390000
CVE-2014-9807;0.013740000;0.708980000
CVE-2014-9806;0.013770000;0.709470000
CVE-2014-9805;0.014270000;0.718990000
CVE-2014-9804;0.033500000;0.882410000
CVE-2014-9803;0.006350000;0.483140000
CVE-2014-9802;0.005570000;0.441910000
CVE-2014-9801;0.005570000;0.441910000
CVE-2014-9800;0.005450000;0.434740000
CVE-2014-9799;0.005450000;0.434740000
CVE-2014-9798;0.003650000;0.277890000
CVE-2014-9796;0.005510000;0.438260000
CVE-2014-9795;0.005840000;0.457080000
CVE-2014-9793;0.005450000;0.434740000
CVE-2014-9792;0.004810000;0.390090000
CVE-2014-9790;0.004820000;0.390620000
CVE-2014-9789;0.007110000;0.516730000
CVE-2014-9788;0.005730000;0.451350000
CVE-2014-9787;0.005710000;0.450120000
CVE-2014-9786;0.006050000;0.468050000
CVE-2014-9785;0.005710000;0.450120000
CVE-2014-9784;0.006050000;0.468050000
CVE-2014-9783;0.005840000;0.457040000
CVE-2014-9782;0.005710000;0.450110000
CVE-2014-9781;0.006050000;0.468050000
CVE-2014-9780;0.005710000;0.450120000
CVE-2014-9779;0.005710000;0.450110000
CVE-2014-9778;0.005710000;0.450110000
CVE-2014-9777;0.005710000;0.450100000
CVE-2014-9773;0.020410000;0.803550000
CVE-2014-9772;0.026440000;0.850100000
CVE-2014-9771;0.027090000;0.853990000
CVE-2014-9770;0.003510000;0.261690000
CVE-2014-9769;0.023510000;0.830180000
CVE-2014-9768;0.018520000;0.782750000
CVE-2014-9767;0.045420000;0.912280000
CVE-2014-9766;0.055730000;0.925960000
CVE-2014-9765;0.041570000;0.905150000
CVE-2014-9764;0.027090000;0.853990000
CVE-2014-9763;0.027090000;0.854000000
CVE-2014-9762;0.027090000;0.853990000
CVE-2014-9761;0.055060000;0.925120000
CVE-2014-9760;0.012190000;0.674320000
CVE-2014-9759;0.019200000;0.790750000
CVE-2014-9758;0.010050000;0.615030000
CVE-2014-9757;0.023380000;0.829130000
CVE-2014-9756;0.028350000;0.860970000
CVE-2014-9755;0.036490000;0.891920000
CVE-2014-9754;0.017040000;0.763280000
CVE-2014-9753;0.029080000;0.864520000
CVE-2014-9752;0.021110000;0.810450000
CVE-2014-9751;0.045320000;0.912130000
CVE-2014-9750;0.061350000;0.932070000
CVE-2014-9749;0.114410000;0.958680000
CVE-2014-9748;0.025300000;0.842790000
CVE-2014-9747;0.030150000;0.869130000
CVE-2014-9746;0.032870000;0.880200000
CVE-2014-9745;0.037340000;0.894430000
CVE-2014-9744;0.020360000;0.803030000
CVE-2014-9743;0.019060000;0.789120000
CVE-2014-9742;0.014300000;0.719480000
CVE-2014-9741;0.018010000;0.776170000
CVE-2014-9740;0.009490000;0.596680000
CVE-2014-9739;0.009540000;0.598140000
CVE-2014-9738;0.011710000;0.661400000
CVE-2014-9737;0.011910000;0.666930000
CVE-2014-9736;0.016250000;0.751710000
CVE-2014-9735;0.757010000;0.995080000
CVE-2014-9734;0.206310000;0.974450000
CVE-2014-9733;0.013870000;0.711360000
CVE-2014-9732;0.071140000;0.940280000
CVE-2014-9731;0.004240000;0.341570000
CVE-2014-9730;0.004070000;0.323490000
CVE-2014-9729;0.004060000;0.322980000
CVE-2014-9728;0.004510000;0.366750000
CVE-2014-9727;0.716680000;0.994040000
CVE-2014-9721;0.025110000;0.841410000
CVE-2014-9720;0.025100000;0.841320000
CVE-2014-9718;0.004070000;0.323440000
CVE-2014-9717;0.003310000;0.237250000
CVE-2014-9716;0.021540000;0.814210000
CVE-2014-9715;0.003960000;0.311420000
CVE-2014-9714;0.021400000;0.812950000
CVE-2014-9713;0.019000000;0.788440000
CVE-2014-9712;0.009060000;0.582530000
CVE-2014-9711;0.025050000;0.840970000
CVE-2014-9710;0.002770000;0.181050000
CVE-2014-9709;0.154250000;0.966780000
CVE-2014-9708;0.561910000;0.990200000
CVE-2014-9707;0.282370000;0.980550000
CVE-2014-9706;0.049960000;0.919270000
CVE-2014-9705;0.192030000;0.972440000
CVE-2014-9702;0.013470000;0.703140000
CVE-2014-9701;0.022850000;0.824800000
CVE-2014-9699;0.011720000;0.661570000
CVE-2014-9697;0.008070000;0.550940000
CVE-2014-9696;0.008830000;0.575410000
CVE-2014-9695;0.007140000;0.517700000
CVE-2014-9694;0.005890000;0.459950000
CVE-2014-9693;0.013050000;0.693750000
CVE-2014-9692;0.007730000;0.539000000
CVE-2014-9691;0.005920000;0.461360000
CVE-2014-9690;0.008080000;0.551200000
CVE-2014-9689;0.012050000;0.670360000
CVE-2014-9688;0.020170000;0.801200000
CVE-2014-9687;0.021800000;0.816260000
CVE-2014-9686;0.015590000;0.742080000
CVE-2014-9685;0.017730000;0.772650000
CVE-2014-9684;0.019970000;0.798960000
CVE-2014-9683;0.004470000;0.363620000
CVE-2014-9682;0.028430000;0.861360000
CVE-2014-9680;0.004700000;0.381530000
CVE-2014-9679;0.046330000;0.913900000
CVE-2014-9678;0.010310000;0.622880000
CVE-2014-9677;0.011510000;0.655910000
CVE-2014-9676;0.033160000;0.881260000
CVE-2014-9675;0.041590000;0.905200000
CVE-2014-9674;0.057100000;0.927560000
CVE-2014-9673;0.034060000;0.884300000
CVE-2014-9672;0.046840000;0.914610000
CVE-2014-9671;0.034690000;0.886370000
CVE-2014-9670;0.041800000;0.905640000
CVE-2014-9669;0.038500000;0.897720000
CVE-2014-9668;0.019380000;0.792760000
CVE-2014-9667;0.034870000;0.886990000
CVE-2014-9666;0.042250000;0.906540000
CVE-2014-9665;0.048920000;0.917720000
CVE-2014-9664;0.042660000;0.907310000
CVE-2014-9663;0.050590000;0.920110000
CVE-2014-9662;0.043210000;0.908290000
CVE-2014-9661;0.043600000;0.909030000
CVE-2014-9660;0.050590000;0.920110000
CVE-2014-9659;0.076870000;0.943930000
CVE-2014-9658;0.050590000;0.920110000
CVE-2014-9657;0.050590000;0.920110000
CVE-2014-9656;0.045780000;0.913010000
CVE-2014-9655;0.025340000;0.843050000
CVE-2014-9654;0.024220000;0.835250000
CVE-2014-9653;0.046480000;0.914100000
CVE-2014-9652;0.054500000;0.924520000
CVE-2014-9651;0.014700000;0.727160000
CVE-2014-9650;0.026220000;0.848690000
CVE-2014-9649;0.023130000;0.827200000
CVE-2014-9648;0.009770000;0.606390000
CVE-2014-9647;0.011490000;0.655470000
CVE-2014-9646;0.002600000;0.158720000
CVE-2014-9645;0.006350000;0.483450000
CVE-2014-9644;0.005520000;0.438540000
CVE-2014-9643;0.010470000;0.627790000
CVE-2014-9642;0.010850000;0.638670000
CVE-2014-9641;0.009580000;0.599320000
CVE-2014-9640;0.032430000;0.878200000
CVE-2014-9639;0.035750000;0.889740000
CVE-2014-9638;0.035790000;0.889890000
CVE-2014-9637;0.023610000;0.830870000
CVE-2014-9636;0.118740000;0.959620000
CVE-2014-9635;0.027200000;0.854620000
CVE-2014-9634;0.027200000;0.854630000
CVE-2014-9633;0.080860000;0.946200000
CVE-2014-9632;0.014580000;0.724600000
CVE-2014-9630;0.014860000;0.729880000
CVE-2014-9629;0.023730000;0.831660000
CVE-2014-9628;0.021620000;0.814870000
CVE-2014-9627;0.011240000;0.649060000
CVE-2014-9626;0.014860000;0.729880000
CVE-2014-9625;0.023850000;0.832420000
CVE-2014-9624;0.030020000;0.868630000
CVE-2014-9623;0.028680000;0.862500000
CVE-2014-9622;0.032560000;0.878930000
CVE-2014-9621;0.029760000;0.867420000
CVE-2014-9620;0.046830000;0.914590000
CVE-2014-9619;0.073520000;0.941930000
CVE-2014-9618;0.726960000;0.994300000
CVE-2014-9617;0.080130000;0.945770000
CVE-2014-9616;0.024470000;0.837110000
CVE-2014-9615;0.041210000;0.904380000
CVE-2014-9614;0.687060000;0.993220000
CVE-2014-9613;0.040640000;0.903090000
CVE-2014-9612;0.048720000;0.917380000
CVE-2014-9611;0.126800000;0.961240000
CVE-2014-9610;0.037320000;0.894370000
CVE-2014-9609;0.126310000;0.961140000
CVE-2014-9608;0.046630000;0.914310000
CVE-2014-9607;0.047490000;0.915590000
CVE-2014-9606;0.041210000;0.904380000
CVE-2014-9605;0.039350000;0.900130000
CVE-2014-9604;0.023950000;0.833230000
CVE-2014-9603;0.019690000;0.795870000
CVE-2014-9602;0.019860000;0.797750000
CVE-2014-9601;0.045730000;0.912910000
CVE-2014-9600;0.006780000;0.503570000
CVE-2014-9599;0.022140000;0.819280000
CVE-2014-9598;0.063080000;0.933710000
CVE-2014-9597;0.066300000;0.936340000
CVE-2014-9596;0.007250000;0.522070000
CVE-2014-9595;0.023700000;0.831450000
CVE-2014-9594;0.023700000;0.831450000
CVE-2014-9593;0.031840000;0.875780000
CVE-2014-9587;0.018970000;0.788140000
CVE-2014-9585;0.005570000;0.442200000
CVE-2014-9584;0.004610000;0.374670000
CVE-2014-9583;0.802350000;0.996090000
CVE-2014-9582;0.014740000;0.727760000
CVE-2014-9581;0.035820000;0.889940000
CVE-2014-9580;0.032170000;0.877230000
CVE-2014-9579;0.016960000;0.762180000
CVE-2014-9578;0.022210000;0.819820000
CVE-2014-9577;0.017600000;0.770720000
CVE-2014-9576;0.022870000;0.825040000
CVE-2014-9575;0.023900000;0.832870000
CVE-2014-9574;0.025760000;0.845810000
CVE-2014-9573;0.014040000;0.714720000
CVE-2014-9572;0.024850000;0.839730000
CVE-2014-9571;0.022090000;0.818830000
CVE-2014-9570;0.016180000;0.750800000
CVE-2014-9569;0.018420000;0.781420000
CVE-2014-9568;0.003520000;0.262390000
CVE-2014-9567;0.433400000;0.986880000
CVE-2014-9566;0.477490000;0.988110000
CVE-2014-9565;0.005540000;0.439950000
CVE-2014-9564;0.011310000;0.650860000
CVE-2014-9563;0.011750000;0.662660000
CVE-2014-9562;0.009310000;0.590880000
CVE-2014-9561;0.019360000;0.792550000
CVE-2014-9560;0.021640000;0.815010000
CVE-2014-9559;0.009310000;0.590930000
CVE-2014-9558;0.037000000;0.893390000
CVE-2014-9557;0.009890000;0.609940000
CVE-2014-9556;0.028170000;0.860030000
CVE-2014-9530;0.011620000;0.658910000
CVE-2014-9529;0.003360000;0.244050000
CVE-2014-9528;0.023420000;0.829520000
CVE-2014-9527;0.066300000;0.936330000
CVE-2014-9526;0.018720000;0.785190000
CVE-2014-9525;0.011510000;0.655870000
CVE-2014-9524;0.011700000;0.661270000
CVE-2014-9523;0.010010000;0.613600000
CVE-2014-9522;0.035010000;0.887440000
CVE-2014-9521;0.023260000;0.828220000
CVE-2014-9520;0.011640000;0.659780000
CVE-2014-9519;0.011640000;0.659790000
CVE-2014-9518;0.010400000;0.625580000
CVE-2014-9517;0.024400000;0.836550000
CVE-2014-9516;0.014650000;0.726070000
CVE-2014-9515;0.056450000;0.926930000
CVE-2014-9514;0.007910000;0.545120000
CVE-2014-9513;0.037440000;0.894700000
CVE-2014-9512;0.064990000;0.935320000
CVE-2014-9510;0.009840000;0.608280000
CVE-2014-9509;0.014960000;0.731510000
CVE-2014-9508;0.017240000;0.765960000
CVE-2014-9507;0.009550000;0.598520000
CVE-2014-9506;0.009620000;0.600830000
CVE-2014-9505;0.009760000;0.606170000
CVE-2014-9504;0.016120000;0.749760000
CVE-2014-9503;0.014000000;0.713970000
CVE-2014-9502;0.009330000;0.591440000
CVE-2014-9501;0.009460000;0.595560000
CVE-2014-9500;0.011610000;0.658490000
CVE-2014-9499;0.009460000;0.595570000
CVE-2014-9498;0.009460000;0.595570000
CVE-2014-9497;0.022910000;0.825380000
CVE-2014-9496;0.005810000;0.455520000
CVE-2014-9495;0.040530000;0.902920000
CVE-2014-9494;0.013930000;0.712500000
CVE-2014-9493;0.027930000;0.858730000
CVE-2014-9491;0.027440000;0.855940000
CVE-2014-9490;0.024130000;0.834560000
CVE-2014-9489;0.022920000;0.825470000
CVE-2014-9488;0.039890000;0.901490000
CVE-2014-9487;0.020210000;0.801650000
CVE-2014-9485;0.040860000;0.903640000
CVE-2014-9483;0.028530000;0.861860000
CVE-2014-9482;0.022250000;0.820170000
CVE-2014-9481;0.013420000;0.702060000
CVE-2014-9480;0.012330000;0.677860000
CVE-2014-9479;0.012060000;0.670700000
CVE-2014-9478;0.012000000;0.669210000
CVE-2014-9477;0.012060000;0.670700000
CVE-2014-9476;0.022330000;0.820770000
CVE-2014-9475;0.014490000;0.722740000
CVE-2014-9474;0.045490000;0.912530000
CVE-2014-9473;0.137720000;0.963860000
CVE-2014-9472;0.028250000;0.860430000
CVE-2014-9471;0.070870000;0.940070000
CVE-2014-9470;0.014210000;0.717710000
CVE-2014-9469;0.014040000;0.714640000
CVE-2014-9468;0.017730000;0.772640000
CVE-2014-9466;0.021310000;0.812190000
CVE-2014-9465;0.033550000;0.882590000
CVE-2014-9464;0.020820000;0.807630000
CVE-2014-9463;0.147850000;0.965700000
CVE-2014-9462;0.041690000;0.905380000
CVE-2014-9461;0.020600000;0.805420000
CVE-2014-9460;0.011510000;0.655870000
CVE-2014-9459;0.011050000;0.644140000
CVE-2014-9458;0.018880000;0.786940000
CVE-2014-9457;0.010550000;0.630010000
CVE-2014-9456;0.107100000;0.956710000
CVE-2014-9455;0.012610000;0.684300000
CVE-2014-9454;0.011700000;0.661260000
CVE-2014-9453;0.016330000;0.752910000
CVE-2014-9452;0.028250000;0.860460000
CVE-2014-9451;0.046350000;0.913920000
CVE-2014-9450;0.012880000;0.690170000
CVE-2014-9449;0.038020000;0.896370000
CVE-2014-9448;0.063050000;0.933670000
CVE-2014-9447;0.050180000;0.919540000
CVE-2014-9446;0.012200000;0.674530000
CVE-2014-9445;0.012840000;0.689280000
CVE-2014-9444;0.067010000;0.936870000
CVE-2014-9443;0.016010000;0.748120000
CVE-2014-9442;0.017560000;0.770220000
CVE-2014-9441;0.010150000;0.618360000
CVE-2014-9440;0.023480000;0.829890000
CVE-2014-9439;0.014980000;0.731950000
CVE-2014-9438;0.011160000;0.647180000
CVE-2014-9437;0.010150000;0.618360000
CVE-2014-9436;0.069000000;0.938540000
CVE-2014-9435;0.011230000;0.648800000
CVE-2014-9434;0.015640000;0.742810000
CVE-2014-9433;0.020850000;0.808010000
CVE-2014-9432;0.021400000;0.812950000
CVE-2014-9431;0.009030000;0.581470000
CVE-2014-9430;0.014270000;0.719030000
CVE-2014-9429;0.014270000;0.719020000
CVE-2014-9428;0.053610000;0.923620000
CVE-2014-9427;0.182800000;0.971270000
CVE-2014-9426;0.021350000;0.812620000
CVE-2014-9425;0.036640000;0.892390000
CVE-2014-9424;0.017960000;0.775490000
CVE-2014-9423;0.038900000;0.898760000
CVE-2014-9422;0.027260000;0.854920000
CVE-2014-9421;0.062130000;0.932830000
CVE-2014-9420;0.004520000;0.367130000
CVE-2014-9419;0.004360000;0.354090000
CVE-2014-9418;0.006680000;0.499020000
CVE-2014-9417;0.006410000;0.486090000
CVE-2014-9416;0.008300000;0.558550000
CVE-2014-9415;0.005660000;0.447320000
CVE-2014-9414;0.013570000;0.705500000
CVE-2014-9413;0.011700000;0.661260000
CVE-2014-9412;0.032360000;0.877930000
CVE-2014-9411;0.008360000;0.560290000
CVE-2014-9410;0.012980000;0.692390000
CVE-2014-9408;0.022400000;0.821460000
CVE-2014-9407;0.005760000;0.452760000
CVE-2014-9406;0.020960000;0.809090000
CVE-2014-9405;0.015050000;0.733090000
CVE-2014-9403;0.021560000;0.814370000
CVE-2014-9402;0.078340000;0.944790000
CVE-2014-9401;0.010150000;0.618370000
CVE-2014-9400;0.010150000;0.618360000
CVE-2014-9399;0.010010000;0.613590000
CVE-2014-9398;0.010010000;0.613610000
CVE-2014-9397;0.010150000;0.618360000
CVE-2014-9396;0.010150000;0.618350000
CVE-2014-9395;0.010010000;0.613590000
CVE-2014-9394;0.010460000;0.627280000
CVE-2014-9393;0.010150000;0.618350000
CVE-2014-9392;0.010010000;0.613590000
CVE-2014-9391;0.010010000;0.613600000
CVE-2014-9390;0.755970000;0.995050000
CVE-2014-9389;0.018950000;0.787870000
CVE-2014-9388;0.019920000;0.798470000
CVE-2014-9387;0.046150000;0.913630000
CVE-2014-9386;0.020480000;0.804320000
CVE-2014-9385;0.012180000;0.673990000
CVE-2014-9382;0.007940000;0.546240000
CVE-2014-9381;0.027910000;0.858650000
CVE-2014-9380;0.024340000;0.836190000
CVE-2014-9379;0.039960000;0.901670000
CVE-2014-9378;0.039090000;0.899210000
CVE-2014-9377;0.039960000;0.901660000
CVE-2014-9376;0.041300000;0.904650000
CVE-2014-9375;0.031900000;0.876000000
CVE-2014-9374;0.095250000;0.952900000
CVE-2014-9373;0.062570000;0.933240000
CVE-2014-9372;0.023660000;0.831220000
CVE-2014-9371;0.190860000;0.972290000
CVE-2014-9369;0.022920000;0.825490000
CVE-2014-9368;0.010010000;0.613610000
CVE-2014-9367;0.019030000;0.788810000
CVE-2014-9365;0.030120000;0.869000000
CVE-2014-9364;0.009310000;0.590870000
CVE-2014-9363;0.013080000;0.694440000
CVE-2014-9362;0.007590000;0.534200000
CVE-2014-9361;0.010660000;0.633710000
CVE-2014-9360;0.014190000;0.717340000
CVE-2014-9358;0.025270000;0.842570000
CVE-2014-9357;0.062020000;0.932710000
CVE-2014-9356;0.049230000;0.918150000
CVE-2014-9355;0.006150000;0.473180000
CVE-2014-9354;0.009520000;0.597680000
CVE-2014-9353;0.029370000;0.865760000
CVE-2014-9352;0.011480000;0.655080000
CVE-2014-9351;0.027270000;0.855000000
CVE-2014-9350;0.071720000;0.940770000
CVE-2014-9349;0.032170000;0.877250000
CVE-2014-9348;0.023480000;0.829870000
CVE-2014-9347;0.013060000;0.694000000
CVE-2014-9346;0.009460000;0.595660000
CVE-2014-9345;0.023480000;0.829900000
CVE-2014-9344;0.023410000;0.829390000
CVE-2014-9343;0.021900000;0.817070000
CVE-2014-9342;0.021170000;0.810910000
CVE-2014-9341;0.010100000;0.616520000
CVE-2014-9340;0.010010000;0.613600000
CVE-2014-9339;0.010010000;0.613610000
CVE-2014-9338;0.010010000;0.613610000
CVE-2014-9337;0.010010000;0.613620000
CVE-2014-9336;0.010150000;0.618350000
CVE-2014-9335;0.010150000;0.618370000
CVE-2014-9334;0.011510000;0.655860000
CVE-2014-9331;0.046090000;0.913510000
CVE-2014-9330;0.041330000;0.904720000
CVE-2014-9328;0.032340000;0.877860000
CVE-2014-9326;0.008170000;0.553900000
CVE-2014-9325;0.019030000;0.788800000
CVE-2014-9324;0.017780000;0.773340000
CVE-2014-9323;0.028960000;0.863960000
CVE-2014-9322;0.015400000;0.738800000
CVE-2014-9320;0.042450000;0.906890000
CVE-2014-9319;0.024270000;0.835650000
CVE-2014-9318;0.022150000;0.819340000
CVE-2014-9317;0.024090000;0.834230000
CVE-2014-9316;0.015520000;0.741010000
CVE-2014-9312;0.453540000;0.987500000
CVE-2014-9311;0.038650000;0.898140000
CVE-2014-9310;0.014500000;0.723020000
CVE-2014-9308;0.505680000;0.988800000
CVE-2014-9305;0.036090000;0.890720000
CVE-2014-9304;0.081090000;0.946350000
CVE-2014-9303;0.033110000;0.881090000
CVE-2014-9302;0.020080000;0.800480000
CVE-2014-9301;0.039270000;0.899870000
CVE-2014-9300;0.006280000;0.479750000
CVE-2014-9296;0.161610000;0.968250000
CVE-2014-9295;0.790690000;0.995870000
CVE-2014-9294;0.129780000;0.961940000
CVE-2014-9293;0.129780000;0.961940000
CVE-2014-9292;0.018890000;0.787010000
CVE-2014-9284;0.010620000;0.632100000
CVE-2014-9283;0.023510000;0.830140000
CVE-2014-9282;0.016390000;0.753860000
CVE-2014-9281;0.023770000;0.831870000
CVE-2014-9280;0.031450000;0.874250000
CVE-2014-9279;0.021180000;0.811010000
CVE-2014-9278;0.018330000;0.780390000
CVE-2014-9277;0.019650000;0.795490000
CVE-2014-9276;0.006690000;0.499500000
CVE-2014-9275;0.047360000;0.915400000
CVE-2014-9274;0.058260000;0.928990000
CVE-2014-9273;0.006250000;0.478390000
CVE-2014-9272;0.019950000;0.798690000
CVE-2014-9271;0.015220000;0.735740000
CVE-2014-9270;0.021080000;0.810160000
CVE-2014-9269;0.019850000;0.797510000
CVE-2014-9268;0.046580000;0.914260000
CVE-2014-9267;0.034480000;0.885710000
CVE-2014-9266;0.026120000;0.848080000
CVE-2014-9265;0.040200000;0.902200000
CVE-2014-9264;0.039380000;0.900210000
CVE-2014-9263;0.038090000;0.896580000
CVE-2014-9262;0.074860000;0.942710000
CVE-2014-9261;0.090380000;0.951130000
CVE-2014-9260;0.110590000;0.957740000
CVE-2014-9258;0.030710000;0.871370000
CVE-2014-9254;0.013060000;0.694000000
CVE-2014-9253;0.023650000;0.831140000
CVE-2014-9252;0.003620000;0.274710000
CVE-2014-9251;0.012850000;0.689570000
CVE-2014-9250;0.015010000;0.732440000
CVE-2014-9249;0.015690000;0.743480000
CVE-2014-9248;0.012400000;0.679410000
CVE-2014-9247;0.011240000;0.649070000
CVE-2014-9245;0.014070000;0.715150000
CVE-2014-9243;0.024800000;0.839370000
CVE-2014-9242;0.020820000;0.807640000
CVE-2014-9241;0.034280000;0.884940000
CVE-2014-9240;0.034810000;0.886800000
CVE-2014-9239;0.013580000;0.705530000
CVE-2014-9238;0.024120000;0.834500000
CVE-2014-9237;0.021000000;0.809480000
CVE-2014-9236;0.026450000;0.850110000
CVE-2014-9235;0.020020000;0.799510000
CVE-2014-9234;0.027870000;0.858500000
CVE-2014-9230;0.019840000;0.797430000
CVE-2014-9229;0.017240000;0.766000000
CVE-2014-9228;0.004250000;0.342430000
CVE-2014-9227;0.004410000;0.357900000
CVE-2014-9226;0.015440000;0.739590000
CVE-2014-9225;0.092200000;0.951820000
CVE-2014-9224;0.045910000;0.913210000
CVE-2014-9223;0.060760000;0.931520000
CVE-2014-9222;0.637480000;0.991950000
CVE-2014-9221;0.038230000;0.896970000
CVE-2014-9220;0.020650000;0.806060000
CVE-2014-9219;0.012330000;0.677860000
CVE-2014-9218;0.107300000;0.956770000
CVE-2014-9217;0.023000000;0.826180000
CVE-2014-9215;0.023330000;0.828710000
CVE-2014-9212;0.011230000;0.648800000
CVE-2014-9211;0.008560000;0.567300000
CVE-2014-9209;0.006880000;0.507600000
CVE-2014-9208;0.092570000;0.951930000
CVE-2014-9207;0.004560000;0.370240000
CVE-2014-9206;0.003450000;0.254030000
CVE-2014-9205;0.047470000;0.915550000
CVE-2014-9204;0.015730000;0.744130000
CVE-2014-9203;0.017980000;0.775770000
CVE-2014-9202;0.007940000;0.546200000
CVE-2014-9201;0.015280000;0.736770000
CVE-2014-9200;0.055670000;0.925870000
CVE-2014-9199;0.025950000;0.847060000
CVE-2014-9198;0.041930000;0.905880000
CVE-2014-9197;0.019570000;0.794740000
CVE-2014-9196;0.022520000;0.822320000
CVE-2014-9195;0.806890000;0.996160000
CVE-2014-9194;0.011090000;0.645110000
CVE-2014-9193;0.031270000;0.873580000
CVE-2014-9192;0.029370000;0.865790000
CVE-2014-9191;0.003770000;0.290180000
CVE-2014-9190;0.062330000;0.933000000
CVE-2014-9189;0.052340000;0.922300000
CVE-2014-9188;0.062870000;0.933530000
CVE-2014-9187;0.036220000;0.891100000
CVE-2014-9186;0.036500000;0.891950000
CVE-2014-9185;0.021190000;0.811160000
CVE-2014-9184;0.022100000;0.818900000
CVE-2014-9183;0.036380000;0.891560000
CVE-2014-9182;0.010070000;0.615580000
CVE-2014-9181;0.094840000;0.952730000
CVE-2014-9180;0.044170000;0.910020000
CVE-2014-9179;0.034910000;0.887140000
CVE-2014-9178;0.046320000;0.913870000
CVE-2014-9177;0.025660000;0.845090000
CVE-2014-9176;0.020410000;0.803560000
CVE-2014-9175;0.045940000;0.913260000
CVE-2014-9174;0.019590000;0.794920000
CVE-2014-9173;0.050210000;0.919560000
CVE-2014-9166;0.030460000;0.870280000
CVE-2014-9165;0.084540000;0.948270000
CVE-2014-9164;0.036660000;0.892430000
CVE-2014-9163;0.207240000;0.974590000
CVE-2014-9162;0.046720000;0.914450000
CVE-2014-9161;0.040510000;0.902870000
CVE-2014-9160;0.107340000;0.956790000
CVE-2014-9159;0.097120000;0.953540000
CVE-2014-9158;0.097310000;0.953610000
CVE-2014-9157;0.055690000;0.925900000
CVE-2014-9156;0.016200000;0.751050000
CVE-2014-9155;0.014810000;0.729020000
CVE-2014-9154;0.009370000;0.592760000
CVE-2014-9153;0.009310000;0.590890000
CVE-2014-9152;0.023310000;0.828620000
CVE-2014-9151;0.013990000;0.713720000
CVE-2014-9150;0.022670000;0.823420000
CVE-2014-9148;0.114470000;0.958690000
CVE-2014-9147;0.114290000;0.958640000
CVE-2014-9146;0.025190000;0.842120000
CVE-2014-9145;0.020700000;0.806580000
CVE-2014-9144;0.085640000;0.948870000
CVE-2014-9143;0.039830000;0.901380000
CVE-2014-9142;0.032170000;0.877240000
CVE-2014-9141;0.012090000;0.671650000
CVE-2014-9140;0.057610000;0.928150000
CVE-2014-9137;0.004030000;0.319270000
CVE-2014-9136;0.004030000;0.319260000
CVE-2014-9135;0.007850000;0.542920000
CVE-2014-9134;0.024810000;0.839430000
CVE-2014-9130;0.131950000;0.962430000
CVE-2014-9129;0.015330000;0.737660000
CVE-2014-9127;0.013720000;0.708300000
CVE-2014-9126;0.010660000;0.633610000
CVE-2014-9120;0.009900000;0.610170000
CVE-2014-9119;0.156520000;0.967350000
CVE-2014-9118;0.533640000;0.989530000
CVE-2014-9117;0.023430000;0.829600000
CVE-2014-9116;0.096940000;0.953480000
CVE-2014-9115;0.026570000;0.850910000
CVE-2014-9114;0.006420000;0.487060000
CVE-2014-9113;0.017090000;0.763990000
CVE-2014-9112;0.070930000;0.940120000
CVE-2014-9104;0.008830000;0.575540000
CVE-2014-9103;0.018850000;0.786670000
CVE-2014-9102;0.016580000;0.756620000
CVE-2014-9101;0.024250000;0.835450000
CVE-2014-9100;0.016330000;0.752910000
CVE-2014-9099;0.026930000;0.853110000
CVE-2014-9098;0.028750000;0.862870000
CVE-2014-9097;0.050170000;0.919530000
CVE-2014-9096;0.023970000;0.833360000
CVE-2014-9095;0.023480000;0.829900000
CVE-2014-9094;0.073090000;0.941660000
CVE-2014-9093;0.041430000;0.904910000
CVE-2014-9092;0.032350000;0.877890000
CVE-2014-9091;0.004880000;0.394940000
CVE-2014-9090;0.003760000;0.289140000
CVE-2014-9089;0.024190000;0.835060000
CVE-2014-9087;0.056610000;0.927080000
CVE-2014-9066;0.003980000;0.313790000
CVE-2014-9065;0.003740000;0.287470000
CVE-2014-9060;0.021180000;0.811010000
CVE-2014-9059;0.018320000;0.780240000
CVE-2014-9057;0.019890000;0.798040000
CVE-2014-9050;0.048780000;0.917490000
CVE-2014-9049;0.009470000;0.596130000
CVE-2014-9048;0.012230000;0.675560000
CVE-2014-9047;0.010780000;0.636600000
CVE-2014-9046;0.011860000;0.665800000
CVE-2014-9045;0.018590000;0.783750000
CVE-2014-9044;0.011860000;0.665800000
CVE-2014-9043;0.018590000;0.783750000
CVE-2014-9042;0.010800000;0.636930000
CVE-2014-9041;0.008280000;0.557670000
CVE-2014-9039;0.023750000;0.831770000
CVE-2014-9038;0.037720000;0.895510000
CVE-2014-9037;0.025710000;0.845460000
CVE-2014-9036;0.023360000;0.829010000
CVE-2014-9035;0.023360000;0.829020000
CVE-2014-9034;0.827020000;0.996590000
CVE-2014-9033;0.019640000;0.795360000
CVE-2014-9032;0.028390000;0.861160000
CVE-2014-9031;0.049780000;0.919040000
CVE-2014-9030;0.021970000;0.817840000
CVE-2014-9029;0.184040000;0.971410000
CVE-2014-9028;0.098490000;0.954040000
CVE-2014-9027;0.009030000;0.581470000
CVE-2014-9026;0.009370000;0.592760000
CVE-2014-9025;0.011730000;0.661960000
CVE-2014-9024;0.013190000;0.696910000
CVE-2014-9023;0.009660000;0.602050000
CVE-2014-9022;0.015230000;0.735940000
CVE-2014-9021;0.018540000;0.782960000
CVE-2014-9020;0.020840000;0.807870000
CVE-2014-9019;0.010450000;0.627100000
CVE-2014-9018;0.029650000;0.866970000
CVE-2014-9017;0.017040000;0.763250000
CVE-2014-9016;0.822340000;0.996470000
CVE-2014-9015;0.024580000;0.837930000
CVE-2014-9014;0.115840000;0.958970000
CVE-2014-9013;0.469390000;0.987920000
CVE-2014-9006;0.015840000;0.745760000
CVE-2014-9005;0.012090000;0.671930000
CVE-2014-9004;0.014650000;0.726080000
CVE-2014-9003;0.010620000;0.632070000
CVE-2014-9002;0.050730000;0.920290000
CVE-2014-9001;0.028000000;0.859150000
CVE-2014-9000;0.088740000;0.950440000
CVE-2014-8999;0.016580000;0.756610000
CVE-2014-8998;0.359000000;0.984210000
CVE-2014-8997;0.091330000;0.951500000
CVE-2014-8996;0.018640000;0.784290000
CVE-2014-8995;0.022170000;0.819540000
CVE-2014-8994;0.003290000;0.234800000
CVE-2014-8993;0.019360000;0.792530000
CVE-2014-8992;0.014000000;0.714060000
CVE-2014-8991;0.003930000;0.308620000
CVE-2014-8990;0.052360000;0.922320000
CVE-2014-8989;0.004980000;0.402300000
CVE-2014-8988;0.019510000;0.794230000
CVE-2014-8987;0.012300000;0.677210000
CVE-2014-8986;0.012300000;0.677200000
CVE-2014-8985;0.098190000;0.953940000
CVE-2014-8967;0.124030000;0.960700000
CVE-2014-8966;0.131180000;0.962310000
CVE-2014-8964;0.065050000;0.935350000
CVE-2014-8962;0.098600000;0.954080000
CVE-2014-8961;0.024670000;0.838510000
CVE-2014-8960;0.016420000;0.754380000
CVE-2014-8959;0.027250000;0.854860000
CVE-2014-8958;0.024410000;0.836580000
CVE-2014-8957;0.012450000;0.680600000
CVE-2014-8956;0.006320000;0.482100000
CVE-2014-8955;0.016330000;0.752900000
CVE-2014-8954;0.032170000;0.877220000
CVE-2014-8953;0.022680000;0.823460000
CVE-2014-8952;0.015480000;0.740260000
CVE-2014-8951;0.015480000;0.740250000
CVE-2014-8950;0.015480000;0.740250000
CVE-2014-8949;0.075130000;0.942870000
CVE-2014-8948;0.037210000;0.894020000
CVE-2014-8945;0.024410000;0.836660000
CVE-2014-8944;0.005310000;0.426050000
CVE-2014-8943;0.009580000;0.599340000
CVE-2014-8942;0.004850000;0.392700000
CVE-2014-8941;0.010950000;0.641630000
CVE-2014-8940;0.011130000;0.646340000
CVE-2014-8939;0.013680000;0.707470000
CVE-2014-8938;0.003190000;0.222940000
CVE-2014-8937;0.010990000;0.642700000
CVE-2014-8927;0.012320000;0.677660000
CVE-2014-8926;0.012320000;0.677660000
CVE-2014-8925;0.009080000;0.583140000
CVE-2014-8924;0.017810000;0.773650000
CVE-2014-8923;0.003850000;0.299010000
CVE-2014-8921;0.017870000;0.774350000
CVE-2014-8920;0.003760000;0.289120000
CVE-2014-8918;0.005210000;0.418890000
CVE-2014-8917;0.020600000;0.805450000
CVE-2014-8916;0.007830000;0.542140000
CVE-2014-8914;0.016490000;0.755350000
CVE-2014-8913;0.013550000;0.704960000
CVE-2014-8912;0.021270000;0.811880000
CVE-2014-8911;0.009310000;0.590900000
CVE-2014-8910;0.018580000;0.783540000
CVE-2014-8909;0.014020000;0.714260000
CVE-2014-8904;0.009600000;0.599850000
CVE-2014-8903;0.022070000;0.818650000
CVE-2014-8902;0.017730000;0.772670000
CVE-2014-8901;0.021610000;0.814760000
CVE-2014-8900;0.005540000;0.439930000
CVE-2014-8899;0.007590000;0.534130000
CVE-2014-8898;0.007590000;0.534130000
CVE-2014-8897;0.007590000;0.534250000
CVE-2014-8896;0.007980000;0.547510000
CVE-2014-8895;0.012420000;0.679960000
CVE-2014-8894;0.009620000;0.600820000
CVE-2014-8893;0.009360000;0.592390000
CVE-2014-8892;0.044530000;0.910800000
CVE-2014-8891;0.072440000;0.941240000
CVE-2014-8890;0.023200000;0.827770000
CVE-2014-8889;0.058290000;0.929050000
CVE-2014-8888;0.053130000;0.923110000
CVE-2014-8887;0.010860000;0.638910000
CVE-2014-8886;0.061370000;0.932070000
CVE-2014-8884;0.006380000;0.484890000
CVE-2014-8878;0.012100000;0.672160000
CVE-2014-8877;0.143730000;0.965000000
CVE-2014-8875;0.025640000;0.844970000
CVE-2014-8874;0.014800000;0.728820000
CVE-2014-8873;0.045450000;0.912430000
CVE-2014-8872;0.015030000;0.732710000
CVE-2014-8871;0.040830000;0.903570000
CVE-2014-8870;0.012680000;0.685970000
CVE-2014-8869;0.012210000;0.674890000
CVE-2014-8868;0.069860000;0.939230000
CVE-2014-8867;0.004650000;0.377550000
CVE-2014-8866;0.004320000;0.350290000
CVE-2014-8840;0.022400000;0.821460000
CVE-2014-8839;0.021000000;0.809480000
CVE-2014-8838;0.008540000;0.566290000
CVE-2014-8837;0.025940000;0.847010000
CVE-2014-8836;0.033550000;0.882600000
CVE-2014-8835;0.082540000;0.947140000
CVE-2014-8834;0.003560000;0.267680000
CVE-2014-8833;0.003340000;0.242420000
CVE-2014-8832;0.003510000;0.261930000
CVE-2014-8831;0.009130000;0.584790000
CVE-2014-8830;0.037680000;0.895350000
CVE-2014-8829;0.023540000;0.830360000
CVE-2014-8828;0.016740000;0.758950000
CVE-2014-8827;0.003520000;0.262710000
CVE-2014-8826;0.087220000;0.949690000
CVE-2014-8825;0.003580000;0.270020000
CVE-2014-8824;0.028590000;0.862120000
CVE-2014-8823;0.003850000;0.299120000
CVE-2014-8822;0.028590000;0.862120000
CVE-2014-8821;0.004180000;0.336260000
CVE-2014-8820;0.003580000;0.270020000
CVE-2014-8819;0.003680000;0.280860000
CVE-2014-8817;0.028920000;0.863720000
CVE-2014-8816;0.021320000;0.812340000
CVE-2014-8810;0.036090000;0.890720000
CVE-2014-8809;0.016640000;0.757470000
CVE-2014-8802;0.073630000;0.942000000
CVE-2014-8801;0.180280000;0.970970000
CVE-2014-8800;0.037530000;0.894920000
CVE-2014-8799;0.676310000;0.992930000
CVE-2014-8793;0.023090000;0.826870000
CVE-2014-8791;0.147660000;0.965670000
CVE-2014-8790;0.025390000;0.843400000
CVE-2014-8789;0.032210000;0.877450000
CVE-2014-8788;0.018300000;0.779980000
CVE-2014-8780;0.006690000;0.499500000
CVE-2014-8779;0.014060000;0.714940000
CVE-2014-8778;0.033170000;0.881300000
CVE-2014-8775;0.027570000;0.856710000
CVE-2014-8774;0.014650000;0.726080000
CVE-2014-8773;0.011310000;0.650800000
CVE-2014-8772;0.007770000;0.540220000
CVE-2014-8771;0.006120000;0.471990000
CVE-2014-8770;0.065370000;0.935640000
CVE-2014-8769;0.055110000;0.925180000
CVE-2014-8768;0.198070000;0.973280000
CVE-2014-8767;0.054710000;0.924740000
CVE-2014-8766;0.021410000;0.813070000
CVE-2014-8765;0.011610000;0.658530000
CVE-2014-8764;0.016580000;0.756540000
CVE-2014-8763;0.025190000;0.842060000
CVE-2014-8762;0.023660000;0.831230000
CVE-2014-8761;0.015880000;0.746330000
CVE-2014-8760;0.013140000;0.695870000
CVE-2014-8758;0.011800000;0.664310000
CVE-2014-8757;0.045100000;0.911750000
CVE-2014-8756;0.036990000;0.893370000
CVE-2014-8755;0.026120000;0.848080000
CVE-2014-8754;0.022560000;0.822580000
CVE-2014-8753;0.014570000;0.724560000
CVE-2014-8752;0.011480000;0.655140000
CVE-2014-8751;0.014230000;0.718090000
CVE-2014-8750;0.020270000;0.802190000
CVE-2014-8749;0.018880000;0.786890000
CVE-2014-8748;0.009460000;0.595620000
CVE-2014-8747;0.012840000;0.689090000
CVE-2014-8746;0.009460000;0.595580000
CVE-2014-8745;0.010460000;0.627400000
CVE-2014-8744;0.014170000;0.717060000
CVE-2014-8743;0.009460000;0.595590000
CVE-2014-8742;0.043660000;0.909150000
CVE-2014-8741;0.771980000;0.995400000
CVE-2014-8739;0.916560000;0.998120000
CVE-2014-8738;0.052070000;0.921960000
CVE-2014-8737;0.010400000;0.625400000
CVE-2014-8736;0.012090000;0.671830000
CVE-2014-8735;0.012180000;0.674010000
CVE-2014-8734;0.009510000;0.597410000
CVE-2014-8733;0.003180000;0.222770000
CVE-2014-8732;0.019850000;0.797530000
CVE-2014-8731;0.117630000;0.959370000
CVE-2014-8730;0.137200000;0.963760000
CVE-2014-8728;0.012030000;0.669890000
CVE-2014-8727;0.010090000;0.616250000
CVE-2014-8724;0.020550000;0.804960000
CVE-2014-8723;0.011780000;0.663910000
CVE-2014-8722;0.143740000;0.965000000
CVE-2014-8716;0.004020000;0.317790000
CVE-2014-8714;0.034880000;0.887040000
CVE-2014-8713;0.037920000;0.896050000
CVE-2014-8712;0.031010000;0.872500000
CVE-2014-8711;0.032330000;0.877810000
CVE-2014-8710;0.031010000;0.872500000
CVE-2014-8709;0.045170000;0.911850000
CVE-2014-8708;0.029540000;0.866500000
CVE-2014-8707;0.006610000;0.496020000
CVE-2014-8706;0.011150000;0.646740000
CVE-2014-8705;0.014800000;0.728740000
CVE-2014-8704;0.020120000;0.800810000
CVE-2014-8703;0.007770000;0.540240000
CVE-2014-8702;0.013520000;0.704130000
CVE-2014-8701;0.014620000;0.725420000
CVE-2014-8690;0.039540000;0.900590000
CVE-2014-8688;0.013400000;0.701600000
CVE-2014-8687;0.438130000;0.987040000
CVE-2014-8686;0.372220000;0.984750000
CVE-2014-8684;0.717110000;0.994060000
CVE-2014-8683;0.019090000;0.789440000
CVE-2014-8682;0.333910000;0.983240000
CVE-2014-8681;0.044370000;0.910470000
CVE-2014-8680;0.089870000;0.950960000
CVE-2014-8678;0.023100000;0.826960000
CVE-2014-8677;0.034880000;0.887040000
CVE-2014-8676;0.407790000;0.986090000
CVE-2014-8675;0.125220000;0.960930000
CVE-2014-8674;0.026480000;0.850280000
CVE-2014-8673;0.119380000;0.959790000
CVE-2014-8672;0.009600000;0.599810000
CVE-2014-8671;0.009600000;0.599820000
CVE-2014-8670;0.019710000;0.796010000
CVE-2014-8669;0.054810000;0.924860000
CVE-2014-8668;0.012600000;0.684230000
CVE-2014-8667;0.009310000;0.590930000
CVE-2014-8666;0.011730000;0.662000000
CVE-2014-8665;0.011730000;0.661990000
CVE-2014-8664;0.012600000;0.684230000
CVE-2014-8663;0.011640000;0.659790000
CVE-2014-8662;0.013330000;0.700110000
CVE-2014-8661;0.028150000;0.859940000
CVE-2014-8660;0.004440000;0.360810000
CVE-2014-8659;0.018540000;0.783030000
CVE-2014-8658;0.018400000;0.781230000
CVE-2014-8657;0.067620000;0.937490000
CVE-2014-8656;0.108550000;0.957130000
CVE-2014-8655;0.073810000;0.942120000
CVE-2014-8654;0.028710000;0.862680000
CVE-2014-8653;0.035010000;0.887440000
CVE-2014-8652;0.027330000;0.855280000
CVE-2014-8651;0.003880000;0.303030000
CVE-2014-8650;0.036470000;0.891850000
CVE-2014-8643;0.015420000;0.739220000
CVE-2014-8642;0.014970000;0.731550000
CVE-2014-8641;0.041580000;0.905190000
CVE-2014-8640;0.023890000;0.832840000
CVE-2014-8639;0.019020000;0.788660000
CVE-2014-8638;0.010200000;0.619510000
CVE-2014-8637;0.021700000;0.815430000
CVE-2014-8636;0.647600000;0.992210000
CVE-2014-8635;0.041090000;0.904140000
CVE-2014-8634;0.038610000;0.898060000
CVE-2014-8632;0.010180000;0.618970000
CVE-2014-8631;0.016230000;0.751450000
CVE-2014-8630;0.020400000;0.803390000
CVE-2014-8629;0.018910000;0.787330000
CVE-2014-8628;0.017180000;0.765170000
CVE-2014-8627;0.020900000;0.808500000
CVE-2014-8626;0.057810000;0.928350000
CVE-2014-8625;0.032960000;0.880490000
CVE-2014-8622;0.015510000;0.740760000
CVE-2014-8621;0.029930000;0.868190000
CVE-2014-8619;0.013510000;0.703830000
CVE-2014-8618;0.013510000;0.703820000
CVE-2014-8617;0.012080000;0.671320000
CVE-2014-8616;0.018080000;0.777060000
CVE-2014-8613;0.028120000;0.859720000
CVE-2014-8612;0.008960000;0.579390000
CVE-2014-8611;0.004880000;0.395820000
CVE-2014-8610;0.003420000;0.251050000
CVE-2014-8609;0.006430000;0.487150000
CVE-2014-8608;0.004680000;0.380330000
CVE-2014-8607;0.008650000;0.570140000
CVE-2014-8606;0.060400000;0.931160000
CVE-2014-8605;0.068780000;0.938340000
CVE-2014-8604;0.068780000;0.938340000
CVE-2014-8603;0.061970000;0.932660000
CVE-2014-8602;0.252050000;0.978680000
CVE-2014-8601;0.688750000;0.993290000
CVE-2014-8600;0.020930000;0.808790000
CVE-2014-8598;0.384630000;0.985260000
CVE-2014-8597;0.008110000;0.552240000
CVE-2014-8596;0.032550000;0.878900000
CVE-2014-8595;0.004130000;0.330460000
CVE-2014-8594;0.022210000;0.819870000
CVE-2014-8593;0.018540000;0.782960000
CVE-2014-8592;0.021250000;0.811680000
CVE-2014-8591;0.018610000;0.783960000
CVE-2014-8590;0.021540000;0.814250000
CVE-2014-8589;0.015700000;0.743540000
CVE-2014-8588;0.012600000;0.684240000
CVE-2014-8587;0.012850000;0.689360000
CVE-2014-8586;0.400850000;0.985890000
CVE-2014-8585;0.028500000;0.861700000
CVE-2014-8584;0.016400000;0.754120000
CVE-2014-8583;0.004030000;0.319390000
CVE-2014-8582;0.013320000;0.699810000
CVE-2014-8580;0.015130000;0.734440000
CVE-2014-8579;0.019830000;0.797280000
CVE-2014-8578;0.011800000;0.664290000
CVE-2014-8577;0.042500000;0.907000000
CVE-2014-8572;0.009430000;0.594650000
CVE-2014-8571;0.004580000;0.372110000
CVE-2014-8570;0.006050000;0.468220000
CVE-2014-8567;0.035880000;0.890110000
CVE-2014-8566;0.027310000;0.855230000
CVE-2014-8564;0.032810000;0.879860000
CVE-2014-8563;0.025270000;0.842550000
CVE-2014-8562;0.020820000;0.807620000
CVE-2014-8561;0.021680000;0.815290000
CVE-2014-8559;0.007380000;0.526860000
CVE-2014-8558;0.017070000;0.763660000
CVE-2014-8557;0.018540000;0.783010000
CVE-2014-8555;0.074530000;0.942520000
CVE-2014-8554;0.024470000;0.837140000
CVE-2014-8553;0.024360000;0.836310000
CVE-2014-8552;0.020470000;0.804230000
CVE-2014-8551;0.052710000;0.922700000
CVE-2014-8549;0.023950000;0.833220000
CVE-2014-8548;0.023950000;0.833220000
CVE-2014-8547;0.030580000;0.870870000
CVE-2014-8546;0.030580000;0.870880000
CVE-2014-8545;0.030780000;0.871660000
CVE-2014-8544;0.031430000;0.874160000
CVE-2014-8543;0.030760000;0.871550000
CVE-2014-8542;0.024920000;0.840170000
CVE-2014-8541;0.023950000;0.833220000
CVE-2014-8540;0.021550000;0.814250000
CVE-2014-8539;0.018700000;0.784930000
CVE-2014-8538;0.002930000;0.196200000
CVE-2014-8537;0.003300000;0.235230000
CVE-2014-8536;0.003300000;0.235220000
CVE-2014-8535;0.003170000;0.221210000
CVE-2014-8534;0.002930000;0.196230000
CVE-2014-8533;0.021730000;0.815720000
CVE-2014-8532;0.003170000;0.221350000
CVE-2014-8531;0.019210000;0.790880000
CVE-2014-8530;0.013230000;0.697710000
CVE-2014-8529;0.003200000;0.223950000
CVE-2014-8528;0.003200000;0.223940000
CVE-2014-8527;0.003170000;0.221350000
CVE-2014-8526;0.003710000;0.284220000
CVE-2014-8525;0.013540000;0.704760000
CVE-2014-8524;0.011860000;0.665810000
CVE-2014-8523;0.005760000;0.452730000
CVE-2014-8522;0.012540000;0.682740000
CVE-2014-8521;0.003900000;0.305280000
CVE-2014-8520;0.013540000;0.704780000
CVE-2014-8519;0.003180000;0.222780000
CVE-2014-8518;0.001990000;0.087630000
CVE-2014-8517;0.691150000;0.993360000
CVE-2014-8516;0.816800000;0.996350000
CVE-2014-8515;0.024100000;0.834280000
CVE-2014-8514;0.040030000;0.901810000
CVE-2014-8513;0.029480000;0.866330000
CVE-2014-8512;0.039290000;0.899920000
CVE-2014-8511;0.044360000;0.910460000
CVE-2014-8510;0.014870000;0.729960000
CVE-2014-8509;0.051250000;0.920940000
CVE-2014-8508;0.009810000;0.607460000
CVE-2014-8507;0.015500000;0.740730000
CVE-2014-8506;0.018370000;0.780870000
CVE-2014-8505;0.014270000;0.719010000
CVE-2014-8504;0.062020000;0.932710000
CVE-2014-8503;0.062020000;0.932710000
CVE-2014-8502;0.049060000;0.917920000
CVE-2014-8501;0.051600000;0.921410000
CVE-2014-8500;0.577940000;0.990590000
CVE-2014-8499;0.363730000;0.984370000
CVE-2014-8498;0.127450000;0.961390000
CVE-2014-8496;0.023970000;0.833420000
CVE-2014-8495;0.016450000;0.754840000
CVE-2014-8494;0.004590000;0.372620000
CVE-2014-8493;0.080660000;0.946050000
CVE-2014-8492;0.012140000;0.673210000
CVE-2014-8491;0.019490000;0.794040000
CVE-2014-8490;0.007970000;0.547050000
CVE-2014-8489;0.029060000;0.864380000
CVE-2014-8488;0.018620000;0.784070000
CVE-2014-8487;0.010030000;0.614260000
CVE-2014-8485;0.074860000;0.942700000
CVE-2014-8484;0.050810000;0.920420000
CVE-2014-8483;0.035500000;0.888830000
CVE-2014-8481;0.005780000;0.453460000
CVE-2014-8480;0.006300000;0.481140000
CVE-2014-8479;0.014980000;0.731920000
CVE-2014-8478;0.022010000;0.818180000
CVE-2014-8476;0.003920000;0.307030000
CVE-2014-8475;0.017380000;0.767720000
CVE-2014-8474;0.025370000;0.843220000
CVE-2014-8473;0.010670000;0.633930000
CVE-2014-8472;0.021520000;0.814070000
CVE-2014-8471;0.018220000;0.779050000
CVE-2014-8469;0.032170000;0.877210000
CVE-2014-8461;0.089480000;0.950780000
CVE-2014-8460;0.097120000;0.953550000
CVE-2014-8459;0.089480000;0.950780000
CVE-2014-8458;0.089480000;0.950790000
CVE-2014-8457;0.127690000;0.961430000
CVE-2014-8456;0.089480000;0.950770000
CVE-2014-8455;0.084540000;0.948270000
CVE-2014-8454;0.084540000;0.948260000
CVE-2014-8453;0.126570000;0.961200000
CVE-2014-8452;0.175930000;0.970470000
CVE-2014-8451;0.094000000;0.952430000
CVE-2014-8450;0.046440000;0.914040000
CVE-2014-8449;0.144260000;0.965090000
CVE-2014-8448;0.094000000;0.952440000
CVE-2014-8447;0.089480000;0.950780000
CVE-2014-8446;0.094070000;0.952460000
CVE-2014-8445;0.089480000;0.950780000
CVE-2014-8443;0.047010000;0.914860000
CVE-2014-8442;0.053370000;0.923360000
CVE-2014-8441;0.062760000;0.933410000
CVE-2014-8440;0.819430000;0.996420000
CVE-2014-8439;0.203690000;0.974050000
CVE-2014-8438;0.099270000;0.954340000
CVE-2014-8437;0.039980000;0.901690000
CVE-2014-8429;0.022420000;0.821660000
CVE-2014-8428;0.023570000;0.830610000
CVE-2014-8426;0.022340000;0.820910000
CVE-2014-8425;0.031410000;0.874090000
CVE-2014-8424;0.596170000;0.990990000
CVE-2014-8423;0.624760000;0.991640000
CVE-2014-8422;0.015910000;0.746630000
CVE-2014-8421;0.017840000;0.773940000
CVE-2014-8420;0.239870000;0.977650000
CVE-2014-8419;0.004990000;0.403340000
CVE-2014-8418;0.035750000;0.889720000
CVE-2014-8417;0.023570000;0.830620000
CVE-2014-8416;0.043100000;0.908100000
CVE-2014-8415;0.030410000;0.870110000
CVE-2014-8414;0.023420000;0.829450000
CVE-2014-8413;0.020780000;0.807220000
CVE-2014-8412;0.027320000;0.855280000
CVE-2014-8399;0.004360000;0.353420000
CVE-2014-8398;0.071300000;0.940420000
CVE-2014-8397;0.070700000;0.939920000
CVE-2014-8396;0.070700000;0.939920000
CVE-2014-8395;0.071300000;0.940420000
CVE-2014-8394;0.070700000;0.939920000
CVE-2014-8393;0.083420000;0.947680000
CVE-2014-8391;0.054230000;0.924240000
CVE-2014-8390;0.005180000;0.417020000
CVE-2014-8389;0.507720000;0.988880000
CVE-2014-8388;0.010510000;0.628720000
CVE-2014-8387;0.309470000;0.982040000
CVE-2014-8386;0.059210000;0.929920000
CVE-2014-8385;0.040450000;0.902720000
CVE-2014-8384;0.032120000;0.876960000
CVE-2014-8383;0.030330000;0.869850000
CVE-2014-8381;0.018540000;0.783010000
CVE-2014-8380;0.032840000;0.880040000
CVE-2014-8379;0.009460000;0.595650000
CVE-2014-8378;0.009460000;0.595630000
CVE-2014-8377;0.014270000;0.719010000
CVE-2014-8376;0.009460000;0.595640000
CVE-2014-8375;0.032300000;0.877710000
CVE-2014-8373;0.035600000;0.889110000
CVE-2014-8372;0.009370000;0.592790000
CVE-2014-8371;0.005890000;0.459700000
CVE-2014-8370;0.041890000;0.905820000
CVE-2014-8369;0.005650000;0.447040000
CVE-2014-8368;0.028100000;0.859660000
CVE-2014-8367;0.016640000;0.757480000
CVE-2014-8366;0.020720000;0.806740000
CVE-2014-8365;0.014230000;0.718090000
CVE-2014-8364;0.016330000;0.752910000
CVE-2014-8363;0.021490000;0.813820000
CVE-2014-8362;0.033490000;0.882400000
CVE-2014-8361;0.999750000;0.999780000
CVE-2014-8360;0.028250000;0.860420000
CVE-2014-8359;0.013020000;0.693250000
CVE-2014-8358;0.050160000;0.919520000
CVE-2014-8357;0.054410000;0.924430000
CVE-2014-8356;0.056360000;0.926830000
CVE-2014-8355;0.020820000;0.807620000
CVE-2014-8354;0.028890000;0.863540000
CVE-2014-8352;0.014810000;0.729030000
CVE-2014-8351;0.016560000;0.756310000
CVE-2014-8350;0.031270000;0.873590000
CVE-2014-8349;0.015140000;0.734660000
CVE-2014-8347;0.013510000;0.704080000
CVE-2014-8346;0.016900000;0.761370000
CVE-2014-8340;0.018370000;0.780870000
CVE-2014-8339;0.020900000;0.808500000
CVE-2014-8338;0.012760000;0.687720000
CVE-2014-8337;0.047980000;0.916300000
CVE-2014-8336;0.025970000;0.847160000
CVE-2014-8335;0.005290000;0.424280000
CVE-2014-8334;0.034710000;0.886440000
CVE-2014-8333;0.020220000;0.801730000
CVE-2014-8331;0.004640000;0.376630000
CVE-2014-8330;0.008020000;0.548870000
CVE-2014-8329;0.020890000;0.808390000
CVE-2014-8328;0.015830000;0.745490000
CVE-2014-8327;0.010820000;0.637750000
CVE-2014-8326;0.015330000;0.737650000
CVE-2014-8325;0.018190000;0.778650000
CVE-2014-8324;0.041720000;0.905440000
CVE-2014-8323;0.032990000;0.880640000
CVE-2014-8322;0.239250000;0.977600000
CVE-2014-8321;0.008070000;0.550780000
CVE-2014-8320;0.010810000;0.637490000
CVE-2014-8319;0.010460000;0.627400000
CVE-2014-8318;0.010950000;0.641670000
CVE-2014-8317;0.010460000;0.627410000
CVE-2014-8316;0.027890000;0.858560000
CVE-2014-8315;0.015130000;0.734540000
CVE-2014-8314;0.022270000;0.820370000
CVE-2014-8313;0.020810000;0.807570000
CVE-2014-8312;0.021030000;0.809760000
CVE-2014-8311;0.017720000;0.772530000
CVE-2014-8310;0.029220000;0.865150000
CVE-2014-8309;0.016670000;0.758050000
CVE-2014-8308;0.022270000;0.820370000
CVE-2014-8307;0.014890000;0.730350000
CVE-2014-8306;0.012410000;0.679610000
CVE-2014-8305;0.049220000;0.918110000
CVE-2014-8304;0.009310000;0.590910000
CVE-2014-8303;0.013510000;0.703830000
CVE-2014-8302;0.007590000;0.534220000
CVE-2014-8301;0.009420000;0.594320000
CVE-2014-8298;0.030380000;0.870010000
CVE-2014-8296;0.017920000;0.775090000
CVE-2014-8295;0.023480000;0.829880000
CVE-2014-8294;0.012570000;0.683460000
CVE-2014-8293;0.009880000;0.609470000
CVE-2014-8275;0.158160000;0.967650000
CVE-2014-8272;0.190050000;0.972140000
CVE-2014-8271;0.004050000;0.321130000
CVE-2014-8270;0.199320000;0.973480000
CVE-2014-8269;0.047470000;0.915540000
CVE-2014-8268;0.013470000;0.703140000
CVE-2014-8267;0.011190000;0.647830000
CVE-2014-8266;0.016920000;0.761640000
CVE-2014-8248;0.016040000;0.748630000
CVE-2014-8247;0.018050000;0.776710000
CVE-2014-8246;0.009230000;0.587720000
CVE-2014-8244;0.039760000;0.901220000
CVE-2014-8243;0.012040000;0.670210000
CVE-2014-8242;0.029390000;0.865830000
CVE-2014-8241;0.030630000;0.871050000
CVE-2014-8240;0.035470000;0.888750000
CVE-2014-8184;0.015490000;0.740510000
CVE-2014-8183;0.007490000;0.530670000
CVE-2014-8182;0.030940000;0.872300000
CVE-2014-8181;0.003590000;0.270780000
CVE-2014-8180;0.003040000;0.207790000
CVE-2014-8179;0.027330000;0.855330000
CVE-2014-8178;0.004930000;0.398430000
CVE-2014-8177;0.017130000;0.764530000
CVE-2014-8176;0.165870000;0.969100000
CVE-2014-8175;0.014780000;0.728440000
CVE-2014-8174;0.030110000;0.868940000
CVE-2014-8173;0.004040000;0.320690000
CVE-2014-8172;0.003800000;0.293600000
CVE-2014-8171;0.003840000;0.298480000
CVE-2014-8170;0.035100000;0.887710000
CVE-2014-8169;0.003350000;0.242880000
CVE-2014-8168;0.002720000;0.176020000
CVE-2014-8167;0.007260000;0.522420000
CVE-2014-8166;0.037030000;0.893480000
CVE-2014-8165;0.027630000;0.857130000
CVE-2014-8164;0.006090000;0.470550000
CVE-2014-8163;0.015200000;0.735400000
CVE-2014-8162;0.026740000;0.852090000
CVE-2014-8161;0.025100000;0.841320000
CVE-2014-8160;0.054890000;0.924960000
CVE-2014-8159;0.004240000;0.341430000
CVE-2014-8158;0.144470000;0.965110000
CVE-2014-8157;0.168550000;0.969480000
CVE-2014-8156;0.004670000;0.379480000
CVE-2014-8155;0.010460000;0.627360000
CVE-2014-8154;0.027960000;0.858920000
CVE-2014-8153;0.019190000;0.790660000
CVE-2014-8152;0.056390000;0.926850000
CVE-2014-8151;0.011480000;0.655300000
CVE-2014-8150;0.068100000;0.937850000
CVE-2014-8149;0.018320000;0.780210000
CVE-2014-8148;0.004280000;0.345630000
CVE-2014-8147;0.231990000;0.977000000
CVE-2014-8146;0.243100000;0.977910000
CVE-2014-8145;0.077090000;0.944070000
CVE-2014-8144;0.006540000;0.492630000
CVE-2014-8143;0.042640000;0.907270000
CVE-2014-8142;0.531660000;0.989470000
CVE-2014-8141;0.074480000;0.942490000
CVE-2014-8140;0.074480000;0.942490000
CVE-2014-8139;0.074480000;0.942490000
CVE-2014-8138;0.185010000;0.971570000
CVE-2014-8137;0.145470000;0.965280000
CVE-2014-8136;0.003940000;0.309870000
CVE-2014-8135;0.004670000;0.379320000
CVE-2014-8134;0.007030000;0.513520000
CVE-2014-8133;0.005830000;0.456830000
CVE-2014-8132;0.051450000;0.921230000
CVE-2014-8131;0.014610000;0.725240000
CVE-2014-8130;0.038300000;0.897160000
CVE-2014-8129;0.036740000;0.892650000
CVE-2014-8128;0.039070000;0.899170000
CVE-2014-8127;0.056690000;0.927140000
CVE-2014-8126;0.030800000;0.871710000
CVE-2014-8125;0.026360000;0.849600000
CVE-2014-8124;0.028640000;0.862330000
CVE-2014-8123;0.035690000;0.889420000
CVE-2014-8122;0.020510000;0.804650000
CVE-2014-8121;0.056090000;0.926450000
CVE-2014-8120;0.003450000;0.253940000
CVE-2014-8119;0.026720000;0.851870000
CVE-2014-8118;0.076110000;0.943480000
CVE-2014-8117;0.059260000;0.929980000
CVE-2014-8116;0.044320000;0.910340000
CVE-2014-8115;0.019050000;0.789010000
CVE-2014-8114;0.031010000;0.872490000
CVE-2014-8112;0.016920000;0.761640000
CVE-2014-8111;0.070590000;0.939850000
CVE-2014-8110;0.070840000;0.940050000
CVE-2014-8109;0.220160000;0.975890000
CVE-2014-8108;0.101030000;0.954890000
CVE-2014-8106;0.006030000;0.467240000
CVE-2014-8105;0.021080000;0.810140000
CVE-2014-8104;0.034780000;0.886710000
CVE-2014-8103;0.033790000;0.883380000
CVE-2014-8102;0.043780000;0.909420000
CVE-2014-8101;0.043730000;0.909350000
CVE-2014-8100;0.043730000;0.909350000
CVE-2014-8099;0.043160000;0.908210000
CVE-2014-8098;0.051920000;0.921780000
CVE-2014-8097;0.043730000;0.909360000
CVE-2014-8096;0.046180000;0.913660000
CVE-2014-8095;0.044310000;0.910320000
CVE-2014-8094;0.042990000;0.907890000
CVE-2014-8093;0.043730000;0.909360000
CVE-2014-8092;0.043730000;0.909360000
CVE-2014-8091;0.041890000;0.905830000
CVE-2014-8090;0.056000000;0.926330000
CVE-2014-8089;0.025500000;0.844050000
CVE-2014-8088;0.024950000;0.840370000
CVE-2014-8087;0.018960000;0.787980000
CVE-2014-8086;0.003740000;0.287650000
CVE-2014-8085;0.025140000;0.841650000
CVE-2014-8084;0.032490000;0.878430000
CVE-2014-8083;0.023560000;0.830570000
CVE-2014-8082;0.026200000;0.848550000
CVE-2014-8081;0.041570000;0.905150000
CVE-2014-8080;0.055380000;0.925510000
CVE-2014-8079;0.011800000;0.664490000
CVE-2014-8078;0.010460000;0.627410000
CVE-2014-8077;0.010460000;0.627410000
CVE-2014-8076;0.009460000;0.595620000
CVE-2014-8075;0.009460000;0.595620000
CVE-2014-8074;0.037240000;0.894100000
CVE-2014-8073;0.010620000;0.632070000
CVE-2014-8072;0.017600000;0.770720000
CVE-2014-8071;0.018540000;0.782970000
CVE-2014-8070;0.012850000;0.689580000
CVE-2014-8069;0.009880000;0.609460000
CVE-2014-8068;0.017900000;0.774640000
CVE-2014-8036;0.013320000;0.699800000
CVE-2014-8035;0.013540000;0.704800000
CVE-2014-8034;0.013690000;0.707720000
CVE-2014-8033;0.013730000;0.708560000
CVE-2014-8032;0.010940000;0.641360000
CVE-2014-8031;0.006430000;0.487410000
CVE-2014-8030;0.011610000;0.658690000
CVE-2014-8029;0.011800000;0.664460000
CVE-2014-8028;0.011610000;0.658680000
CVE-2014-8027;0.016330000;0.752960000
CVE-2014-8026;0.017920000;0.775060000
CVE-2014-8025;0.018220000;0.779040000
CVE-2014-8024;0.018220000;0.779050000
CVE-2014-8023;0.017820000;0.773710000
CVE-2014-8022;0.017920000;0.775060000
CVE-2014-8021;0.017920000;0.775070000
CVE-2014-8020;0.023740000;0.831730000
CVE-2014-8019;0.028630000;0.862300000
CVE-2014-8018;0.017730000;0.772640000
CVE-2014-8017;0.012490000;0.681600000
CVE-2014-8016;0.012320000;0.677640000
CVE-2014-8015;0.011850000;0.665470000
CVE-2014-8014;0.012180000;0.674140000
CVE-2014-8013;0.003370000;0.244870000
CVE-2014-8012;0.013520000;0.704270000
CVE-2014-8010;0.014990000;0.732230000
CVE-2014-8009;0.011730000;0.661980000
CVE-2014-8008;0.084390000;0.948170000
CVE-2014-8007;0.013180000;0.696620000
CVE-2014-8006;0.011870000;0.666150000
CVE-2014-8005;0.011910000;0.666930000
CVE-2014-8004;0.015530000;0.741080000
CVE-2014-8003;0.003710000;0.284720000
CVE-2014-8002;0.022440000;0.821750000
CVE-2014-8001;0.025490000;0.843990000
CVE-2014-8000;0.022550000;0.822530000
CVE-2014-7999;0.007310000;0.524180000
CVE-2014-7998;0.015310000;0.737340000
CVE-2014-7997;0.006860000;0.506750000
CVE-2014-7996;0.006430000;0.487460000
CVE-2014-7995;0.003390000;0.247900000
CVE-2014-7994;0.006770000;0.502910000
CVE-2014-7993;0.005720000;0.450960000
CVE-2014-7992;0.271540000;0.979880000
CVE-2014-7991;0.006780000;0.503420000
CVE-2014-7990;0.003440000;0.252940000
CVE-2014-7989;0.003470000;0.256350000
CVE-2014-7988;0.016380000;0.753770000
CVE-2014-7987;0.021740000;0.815780000
CVE-2014-7986;0.028580000;0.862030000
CVE-2014-7985;0.050260000;0.919600000
CVE-2014-7984;0.015170000;0.735100000
CVE-2014-7983;0.009420000;0.594370000
CVE-2014-7982;0.013670000;0.707400000
CVE-2014-7981;0.085430000;0.948770000
CVE-2014-7980;0.009460000;0.595650000
CVE-2014-7979;0.009460000;0.595540000
CVE-2014-7978;0.009460000;0.595540000
CVE-2014-7975;0.004610000;0.374320000
CVE-2014-7970;0.006730000;0.501420000
CVE-2014-7968;0.015950000;0.747320000
CVE-2014-7967;0.005930000;0.461800000
CVE-2014-7960;0.030490000;0.870370000
CVE-2014-7959;0.021000000;0.809520000
CVE-2014-7958;0.025080000;0.841240000
CVE-2014-7957;0.011640000;0.659440000
CVE-2014-7956;0.020410000;0.803570000
CVE-2014-7954;0.003820000;0.295650000
CVE-2014-7953;0.003320000;0.238400000
CVE-2014-7952;0.004040000;0.320320000
CVE-2014-7951;0.010770000;0.636390000
CVE-2014-7948;0.013560000;0.705120000
CVE-2014-7947;0.017270000;0.766320000
CVE-2014-7946;0.016170000;0.750570000
CVE-2014-7945;0.017620000;0.771080000
CVE-2014-7944;0.019030000;0.788800000
CVE-2014-7943;0.016050000;0.748760000
CVE-2014-7942;0.015930000;0.747030000
CVE-2014-7941;0.016050000;0.748770000
CVE-2014-7940;0.020680000;0.806420000
CVE-2014-7939;0.025060000;0.841100000
CVE-2014-7938;0.016050000;0.748830000
CVE-2014-7937;0.018300000;0.779920000
CVE-2014-7936;0.014780000;0.728400000
CVE-2014-7935;0.016050000;0.748830000
CVE-2014-7934;0.017460000;0.768790000
CVE-2014-7933;0.028030000;0.859320000
CVE-2014-7932;0.016050000;0.748830000
CVE-2014-7931;0.017910000;0.774870000
CVE-2014-7930;0.016050000;0.748840000
CVE-2014-7929;0.016050000;0.748840000
CVE-2014-7928;0.041480000;0.904970000
CVE-2014-7927;0.041990000;0.905980000
CVE-2014-7926;0.022170000;0.819480000
CVE-2014-7925;0.017460000;0.768790000
CVE-2014-7924;0.016940000;0.761920000
CVE-2014-7923;0.022170000;0.819480000
CVE-2014-7922;0.004780000;0.387980000
CVE-2014-7921;0.008710000;0.572050000
CVE-2014-7920;0.017210000;0.765510000
CVE-2014-7919;0.008600000;0.568350000
CVE-2014-7917;0.006230000;0.477470000
CVE-2014-7916;0.006230000;0.477470000
CVE-2014-7915;0.006230000;0.477470000
CVE-2014-7914;0.004750000;0.385860000
CVE-2014-7913;0.018410000;0.781320000
CVE-2014-7912;0.026520000;0.850590000
CVE-2014-7911;0.245340000;0.978090000
CVE-2014-7910;0.076530000;0.943740000
CVE-2014-7909;0.016180000;0.750650000
CVE-2014-7908;0.016060000;0.748910000
CVE-2014-7907;0.016060000;0.748910000
CVE-2014-7906;0.018640000;0.784280000
CVE-2014-7905;0.010610000;0.631750000
CVE-2014-7904;0.016320000;0.752750000
CVE-2014-7903;0.014670000;0.726560000
CVE-2014-7902;0.012410000;0.679590000
CVE-2014-7901;0.013510000;0.703920000
CVE-2014-7900;0.013510000;0.703920000
CVE-2014-7899;0.012530000;0.682610000
CVE-2014-7898;0.103490000;0.955640000
CVE-2014-7897;0.103490000;0.955640000
CVE-2014-7896;0.024910000;0.840150000
CVE-2014-7895;0.103490000;0.955640000
CVE-2014-7894;0.103490000;0.955630000
CVE-2014-7893;0.103490000;0.955630000
CVE-2014-7892;0.103490000;0.955630000
CVE-2014-7891;0.103490000;0.955630000
CVE-2014-7890;0.103490000;0.955620000
CVE-2014-7889;0.103490000;0.955640000
CVE-2014-7888;0.103490000;0.955620000
CVE-2014-7885;0.030290000;0.869730000
CVE-2014-7884;0.117000000;0.959280000
CVE-2014-7883;0.370220000;0.984660000
CVE-2014-7882;0.019890000;0.798030000
CVE-2014-7881;0.016120000;0.749720000
CVE-2014-7880;0.023240000;0.828030000
CVE-2014-7879;0.047160000;0.915080000
CVE-2014-7878;0.103490000;0.955650000
CVE-2014-7877;0.006080000;0.469510000
CVE-2014-7876;0.127950000;0.961510000
CVE-2014-7875;0.052960000;0.922930000
CVE-2014-7874;0.015550000;0.741460000
CVE-2014-7872;0.010360000;0.624650000
CVE-2014-7871;0.016490000;0.755320000
CVE-2014-7870;0.009460000;0.595510000
CVE-2014-7869;0.009460000;0.595510000
CVE-2014-7868;0.733230000;0.994470000
CVE-2014-7867;0.399280000;0.985810000
CVE-2014-7866;0.797590000;0.995980000
CVE-2014-7864;0.226670000;0.976520000
CVE-2014-7863;0.833990000;0.996740000
CVE-2014-7862;0.810480000;0.996230000
CVE-2014-7861;0.024120000;0.834450000
CVE-2014-7860;0.095800000;0.953110000
CVE-2014-7859;0.208810000;0.974800000
CVE-2014-7858;0.151650000;0.966340000
CVE-2014-7857;0.151650000;0.966330000
CVE-2014-7853;0.012400000;0.679360000
CVE-2014-7852;0.009740000;0.605300000
CVE-2014-7851;0.010020000;0.614120000
CVE-2014-7850;0.018640000;0.784270000
CVE-2014-7849;0.012600000;0.684040000
CVE-2014-7848;0.021180000;0.811000000
CVE-2014-7847;0.024270000;0.835650000
CVE-2014-7846;0.017120000;0.764470000
CVE-2014-7845;0.024090000;0.834220000
CVE-2014-7844;0.015500000;0.740750000
CVE-2014-7843;0.003740000;0.287060000
CVE-2014-7842;0.003740000;0.287090000
CVE-2014-7841;0.052300000;0.922250000
CVE-2014-7840;0.041150000;0.904250000
CVE-2014-7839;0.019550000;0.794550000
CVE-2014-7838;0.010060000;0.615380000
CVE-2014-7837;0.019050000;0.789010000
CVE-2014-7836;0.010060000;0.615380000
CVE-2014-7835;0.014330000;0.719930000
CVE-2014-7834;0.016740000;0.759030000
CVE-2014-7833;0.016740000;0.759040000
CVE-2014-7832;0.017120000;0.764480000
CVE-2014-7831;0.016740000;0.759040000
CVE-2014-7830;0.014550000;0.724070000
CVE-2014-7829;0.041620000;0.905250000
CVE-2014-7828;0.020720000;0.806770000
CVE-2014-7827;0.017390000;0.767810000
CVE-2014-7826;0.005890000;0.459720000
CVE-2014-7825;0.005680000;0.448310000
CVE-2014-7824;0.005940000;0.462160000
CVE-2014-7823;0.019050000;0.788970000
CVE-2014-7822;0.011320000;0.650960000
CVE-2014-7821;0.039360000;0.900150000
CVE-2014-7819;0.038920000;0.898800000
CVE-2014-7818;0.034570000;0.885990000
CVE-2014-7817;0.005780000;0.453510000
CVE-2014-7816;0.250820000;0.978570000
CVE-2014-7815;0.037420000;0.894640000
CVE-2014-7814;0.014140000;0.716560000
CVE-2014-7813;0.010440000;0.626950000
CVE-2014-7812;0.014630000;0.725620000
CVE-2014-7811;0.014630000;0.725610000
CVE-2014-7810;0.138720000;0.964040000
CVE-2014-7809;0.035140000;0.887840000
CVE-2014-7808;0.011070000;0.644620000
CVE-2014-7807;0.025560000;0.844470000
CVE-2014-7804;0.002660000;0.167340000
CVE-2014-7803;0.002660000;0.167050000
CVE-2014-7802;0.002920000;0.194860000
CVE-2014-7800;0.002660000;0.167040000
CVE-2014-7799;0.002660000;0.166960000
CVE-2014-7798;0.002920000;0.194860000
CVE-2014-7797;0.002660000;0.166870000
CVE-2014-7796;0.002660000;0.166990000
CVE-2014-7795;0.002660000;0.167310000
CVE-2014-7794;0.002660000;0.167310000
CVE-2014-7793;0.002660000;0.167310000
CVE-2014-7791;0.002660000;0.167060000
CVE-2014-7789;0.002660000;0.166900000
CVE-2014-7788;0.002660000;0.166960000
CVE-2014-7787;0.002660000;0.167280000
CVE-2014-7786;0.002660000;0.167290000
CVE-2014-7785;0.002660000;0.167290000
CVE-2014-7784;0.002660000;0.167290000
CVE-2014-7783;0.002660000;0.166940000
CVE-2014-7782;0.002660000;0.166950000
CVE-2014-7781;0.002660000;0.166950000
CVE-2014-7780;0.002660000;0.166950000
CVE-2014-7779;0.002660000;0.166950000
CVE-2014-7778;0.002660000;0.166960000
CVE-2014-7777;0.002660000;0.167190000
CVE-2014-7776;0.002660000;0.167190000
CVE-2014-7775;0.002660000;0.167190000
CVE-2014-7774;0.002660000;0.167310000
CVE-2014-7773;0.002660000;0.167270000
CVE-2014-7772;0.002660000;0.167270000
CVE-2014-7771;0.002660000;0.167270000
CVE-2014-7770;0.002660000;0.167280000
CVE-2014-7769;0.002660000;0.167280000
CVE-2014-7768;0.002660000;0.167330000
CVE-2014-7767;0.002920000;0.194850000
CVE-2014-7766;0.002660000;0.167240000
CVE-2014-7765;0.002660000;0.167240000
CVE-2014-7764;0.002660000;0.167240000
CVE-2014-7763;0.002660000;0.167160000
CVE-2014-7762;0.002660000;0.167220000
CVE-2014-7761;0.002660000;0.167220000
CVE-2014-7760;0.002660000;0.166350000
CVE-2014-7759;0.002660000;0.166350000
CVE-2014-7758;0.002660000;0.166350000
CVE-2014-7757;0.002660000;0.167220000
CVE-2014-7756;0.002660000;0.167220000
CVE-2014-7755;0.002660000;0.167130000
CVE-2014-7754;0.002660000;0.167100000
CVE-2014-7753;0.002920000;0.194850000
CVE-2014-7752;0.002660000;0.167100000
CVE-2014-7751;0.002660000;0.167100000
CVE-2014-7750;0.002660000;0.167110000
CVE-2014-7749;0.002660000;0.167110000
CVE-2014-7748;0.002660000;0.167110000
CVE-2014-7746;0.002660000;0.167110000
CVE-2014-7745;0.002660000;0.167160000
CVE-2014-7744;0.002660000;0.167180000
CVE-2014-7743;0.002660000;0.167180000
CVE-2014-7742;0.002660000;0.166810000
CVE-2014-7741;0.002660000;0.166820000
CVE-2014-7740;0.002660000;0.166820000
CVE-2014-7739;0.002660000;0.166530000
CVE-2014-7737;0.002660000;0.166540000
CVE-2014-7735;0.002660000;0.166540000
CVE-2014-7734;0.002660000;0.166510000
CVE-2014-7733;0.002660000;0.166540000
CVE-2014-7731;0.002660000;0.166550000
CVE-2014-7728;0.002660000;0.166550000
CVE-2014-7727;0.002660000;0.166550000
CVE-2014-7726;0.002660000;0.166550000
CVE-2014-7725;0.002660000;0.166560000
CVE-2014-7724;0.002660000;0.166560000
CVE-2014-7723;0.002660000;0.166340000
CVE-2014-7722;0.002660000;0.166310000
CVE-2014-7721;0.002660000;0.166590000
CVE-2014-7720;0.002660000;0.166590000
CVE-2014-7719;0.002660000;0.166640000
CVE-2014-7718;0.002660000;0.166820000
CVE-2014-7717;0.002660000;0.166360000
CVE-2014-7716;0.002930000;0.196190000
CVE-2014-7715;0.002930000;0.196200000
CVE-2014-7714;0.002930000;0.196210000
CVE-2014-7713;0.002930000;0.196210000
CVE-2014-7712;0.002660000;0.166410000
CVE-2014-7710;0.002660000;0.166370000
CVE-2014-7708;0.002660000;0.166410000
CVE-2014-7707;0.010980000;0.642610000
CVE-2014-7705;0.002660000;0.166410000
CVE-2014-7703;0.002920000;0.194860000
CVE-2014-7702;0.002660000;0.166420000
CVE-2014-7701;0.002660000;0.166420000
CVE-2014-7700;0.002660000;0.166420000
CVE-2014-7698;0.002660000;0.166420000
CVE-2014-7697;0.002660000;0.166430000
CVE-2014-7696;0.002920000;0.194890000
CVE-2014-7695;0.002660000;0.166430000
CVE-2014-7694;0.002660000;0.166810000
CVE-2014-7693;0.002660000;0.168060000
CVE-2014-7692;0.002660000;0.168070000
CVE-2014-7691;0.002660000;0.167900000
CVE-2014-7690;0.002660000;0.166800000
CVE-2014-7689;0.002660000;0.166770000
CVE-2014-7688;0.002660000;0.166800000
CVE-2014-7686;0.002660000;0.166810000
CVE-2014-7685;0.002660000;0.166600000
CVE-2014-7683;0.002660000;0.166600000
CVE-2014-7682;0.002660000;0.166600000
CVE-2014-7681;0.002660000;0.166600000
CVE-2014-7677;0.002660000;0.166570000
CVE-2014-7676;0.002660000;0.166610000
CVE-2014-7674;0.002660000;0.166610000
CVE-2014-7671;0.002660000;0.166590000
CVE-2014-7670;0.002660000;0.166590000
CVE-2014-7668;0.002660000;0.168270000
CVE-2014-7667;0.002920000;0.194890000
CVE-2014-7666;0.002660000;0.168310000
CVE-2014-7664;0.002920000;0.194890000
CVE-2014-7663;0.002660000;0.168310000
CVE-2014-7661;0.002660000;0.168100000
CVE-2014-7660;0.002920000;0.194880000
CVE-2014-7659;0.002660000;0.168110000
CVE-2014-7656;0.002660000;0.168110000
CVE-2014-7655;0.002660000;0.168110000
CVE-2014-7652;0.002660000;0.168110000
CVE-2014-7650;0.002660000;0.168020000
CVE-2014-7649;0.002660000;0.167990000
CVE-2014-7648;0.002660000;0.168000000
CVE-2014-7647;0.002660000;0.168000000
CVE-2014-7646;0.002660000;0.168000000
CVE-2014-7644;0.003310000;0.237150000
CVE-2014-7643;0.002660000;0.168000000
CVE-2014-7642;0.002660000;0.168060000
CVE-2014-7640;0.002660000;0.168060000
CVE-2014-7638;0.002660000;0.168140000
CVE-2014-7636;0.002660000;0.168120000
CVE-2014-7634;0.002660000;0.168150000
CVE-2014-7633;0.002920000;0.194930000
CVE-2014-7632;0.002660000;0.167980000
CVE-2014-7631;0.002660000;0.167980000
CVE-2014-7630;0.002660000;0.167980000
CVE-2014-7629;0.002660000;0.167990000
CVE-2014-7628;0.002660000;0.167880000
CVE-2014-7626;0.002660000;0.167880000
CVE-2014-7624;0.002660000;0.167880000
CVE-2014-7622;0.002660000;0.167890000
CVE-2014-7621;0.002660000;0.167890000
CVE-2014-7620;0.002660000;0.167890000
CVE-2014-7618;0.010980000;0.642620000
CVE-2014-7617;0.002660000;0.167890000
CVE-2014-7616;0.002660000;0.167860000
CVE-2014-7614;0.002660000;0.167990000
CVE-2014-7613;0.002660000;0.167510000
CVE-2014-7612;0.002660000;0.168300000
CVE-2014-7611;0.002660000;0.168300000
CVE-2014-7610;0.002660000;0.168300000
CVE-2014-7609;0.002660000;0.168120000
CVE-2014-7608;0.002660000;0.168300000
CVE-2014-7607;0.002660000;0.168290000
CVE-2014-7606;0.002660000;0.168280000
CVE-2014-7605;0.002660000;0.168280000
CVE-2014-7604;0.002660000;0.168200000
CVE-2014-7603;0.010980000;0.642610000
CVE-2014-7602;0.002660000;0.168280000
CVE-2014-7598;0.002660000;0.167930000
CVE-2014-7597;0.002660000;0.168140000
CVE-2014-7596;0.002660000;0.168190000
CVE-2014-7595;0.002660000;0.168190000
CVE-2014-7593;0.002660000;0.168190000
CVE-2014-7592;0.002660000;0.167490000
CVE-2014-7591;0.002660000;0.167490000
CVE-2014-7590;0.002660000;0.167490000
CVE-2014-7589;0.002660000;0.167390000
CVE-2014-7587;0.002660000;0.167360000
CVE-2014-7585;0.002920000;0.194930000
CVE-2014-7584;0.002660000;0.167510000
CVE-2014-7582;0.002660000;0.167480000
CVE-2014-7581;0.002660000;0.167520000
CVE-2014-7580;0.002660000;0.167520000
CVE-2014-7578;0.002660000;0.167520000
CVE-2014-7577;0.002660000;0.167530000
CVE-2014-7576;0.002660000;0.167570000
CVE-2014-7575;0.002660000;0.167580000
CVE-2014-7573;0.002660000;0.167550000
CVE-2014-7572;0.002660000;0.167400000
CVE-2014-7571;0.002660000;0.167400000
CVE-2014-7570;0.002660000;0.167400000
CVE-2014-7569;0.002660000;0.167380000
CVE-2014-7568;0.002660000;0.167830000
CVE-2014-7567;0.002660000;0.167430000
CVE-2014-7566;0.002660000;0.167430000
CVE-2014-7565;0.002660000;0.167430000
CVE-2014-7564;0.002660000;0.167440000
CVE-2014-7563;0.002660000;0.167440000
CVE-2014-7562;0.002660000;0.167440000
CVE-2014-7560;0.002660000;0.167440000
CVE-2014-7559;0.002660000;0.167450000
CVE-2014-7558;0.002660000;0.167450000
CVE-2014-7557;0.002660000;0.167420000
CVE-2014-7555;0.002660000;0.167460000
CVE-2014-7554;0.002660000;0.167760000
CVE-2014-7553;0.002660000;0.167790000
CVE-2014-7552;0.002660000;0.167800000
CVE-2014-7551;0.002660000;0.167580000
CVE-2014-7550;0.002660000;0.167380000
CVE-2014-7547;0.002660000;0.167820000
CVE-2014-7546;0.002660000;0.167830000
CVE-2014-7544;0.002660000;0.167830000
CVE-2014-7543;0.002660000;0.167800000
CVE-2014-7542;0.002660000;0.167830000
CVE-2014-7539;0.002660000;0.167840000
CVE-2014-7538;0.002660000;0.167840000
CVE-2014-7536;0.002660000;0.167840000
CVE-2014-7535;0.002660000;0.167850000
CVE-2014-7534;0.002660000;0.167650000
CVE-2014-7533;0.002660000;0.167650000
CVE-2014-7532;0.002660000;0.167660000
CVE-2014-7530;0.002660000;0.167660000
CVE-2014-7529;0.002660000;0.167660000
CVE-2014-7528;0.002660000;0.167650000
CVE-2014-7527;0.002660000;0.167770000
CVE-2014-7526;0.002660000;0.166960000
CVE-2014-7525;0.002660000;0.167000000
CVE-2014-7524;0.002660000;0.167000000
CVE-2014-7523;0.002660000;0.167010000
CVE-2014-7522;0.002660000;0.167010000
CVE-2014-7521;0.002660000;0.167640000
CVE-2014-7520;0.002660000;0.167610000
CVE-2014-7519;0.002660000;0.167640000
CVE-2014-7518;0.002660000;0.166670000
CVE-2014-7517;0.002660000;0.167670000
CVE-2014-7516;0.002660000;0.167710000
CVE-2014-7515;0.002660000;0.167720000
CVE-2014-7513;0.002660000;0.167700000
CVE-2014-7510;0.002660000;0.167680000
CVE-2014-7509;0.002660000;0.167680000
CVE-2014-7508;0.002660000;0.167650000
CVE-2014-7507;0.002660000;0.167790000
CVE-2014-7506;0.002660000;0.167840000
CVE-2014-7505;0.002660000;0.167750000
CVE-2014-7502;0.002660000;0.167750000
CVE-2014-7501;0.002660000;0.167750000
CVE-2014-7499;0.002660000;0.167750000
CVE-2014-7498;0.002660000;0.167760000
CVE-2014-7497;0.002660000;0.167760000
CVE-2014-7495;0.002660000;0.167760000
CVE-2014-7494;0.003310000;0.237150000
CVE-2014-7493;0.002660000;0.167810000
CVE-2014-7492;0.002660000;0.167810000
CVE-2014-7491;0.002660000;0.167810000
CVE-2014-7490;0.002660000;0.167820000
CVE-2014-7488;0.002660000;0.167450000
CVE-2014-7487;0.002660000;0.167550000
CVE-2014-7486;0.002660000;0.167000000
CVE-2014-7485;0.002660000;0.167500000
CVE-2014-7484;0.002920000;0.194930000
CVE-2014-7483;0.002660000;0.167590000
CVE-2014-7481;0.002660000;0.167600000
CVE-2014-7478;0.002660000;0.167600000
CVE-2014-7476;0.002660000;0.167600000
CVE-2014-7475;0.002660000;0.167600000
CVE-2014-7472;0.002660000;0.167610000
CVE-2014-7471;0.002660000;0.167510000
CVE-2014-7470;0.002660000;0.167490000
CVE-2014-7469;0.002660000;0.167410000
CVE-2014-7468;0.002660000;0.167420000
CVE-2014-7467;0.002920000;0.194930000
CVE-2014-7466;0.002660000;0.167500000
CVE-2014-7465;0.002660000;0.168180000
CVE-2014-7464;0.002660000;0.168180000
CVE-2014-7463;0.002920000;0.194880000
CVE-2014-7462;0.002660000;0.168190000
CVE-2014-7461;0.002660000;0.167790000
CVE-2014-7460;0.002660000;0.168250000
CVE-2014-7459;0.002660000;0.168250000
CVE-2014-7458;0.002660000;0.168260000
CVE-2014-7457;0.002660000;0.168260000
CVE-2014-7456;0.002920000;0.194880000
CVE-2014-7455;0.002660000;0.168270000
CVE-2014-7454;0.002660000;0.168150000
CVE-2014-7452;0.002660000;0.168160000
CVE-2014-7450;0.002660000;0.168160000
CVE-2014-7449;0.002660000;0.168160000
CVE-2014-7448;0.002660000;0.168160000
CVE-2014-7447;0.002660000;0.168170000
CVE-2014-7446;0.002920000;0.194880000
CVE-2014-7445;0.002660000;0.168170000
CVE-2014-7444;0.002660000;0.168170000
CVE-2014-7443;0.002660000;0.168280000
CVE-2014-7441;0.002660000;0.167900000
CVE-2014-7439;0.002660000;0.167500000
CVE-2014-7437;0.002660000;0.168060000
CVE-2014-7436;0.002660000;0.166690000
CVE-2014-7435;0.002920000;0.194870000
CVE-2014-7434;0.002920000;0.194900000
CVE-2014-7433;0.002660000;0.166690000
CVE-2014-7432;0.002660000;0.166690000
CVE-2014-7431;0.002660000;0.166700000
CVE-2014-7430;0.002660000;0.166700000
CVE-2014-7428;0.002660000;0.166580000
CVE-2014-7427;0.002660000;0.166580000
CVE-2014-7425;0.002660000;0.168070000
CVE-2014-7424;0.002660000;0.168070000
CVE-2014-7423;0.002660000;0.168080000
CVE-2014-7422;0.002660000;0.168080000
CVE-2014-7421;0.002660000;0.168080000
CVE-2014-7420;0.002660000;0.168030000
CVE-2014-7419;0.002660000;0.168030000
CVE-2014-7418;0.002660000;0.168250000
CVE-2014-7417;0.002660000;0.166380000
CVE-2014-7416;0.002660000;0.166380000
CVE-2014-7415;0.002660000;0.166720000
CVE-2014-7414;0.002660000;0.166670000
CVE-2014-7413;0.002660000;0.166770000
CVE-2014-7410;0.002660000;0.166770000
CVE-2014-7409;0.002660000;0.166780000
CVE-2014-7408;0.002660000;0.166780000
CVE-2014-7407;0.002660000;0.166760000
CVE-2014-7406;0.002660000;0.166760000
CVE-2014-7405;0.002660000;0.166810000
CVE-2014-7403;0.002660000;0.166340000
CVE-2014-7402;0.002660000;0.166760000
CVE-2014-7399;0.002660000;0.166770000
CVE-2014-7398;0.002660000;0.166540000
CVE-2014-7397;0.002660000;0.168010000
CVE-2014-7396;0.002660000;0.166460000
CVE-2014-7395;0.002660000;0.166460000
CVE-2014-7394;0.002660000;0.166460000
CVE-2014-7393;0.002660000;0.166490000
CVE-2014-7392;0.002660000;0.166490000
CVE-2014-7391;0.002660000;0.166490000
CVE-2014-7390;0.002660000;0.166500000
CVE-2014-7389;0.002660000;0.166500000
CVE-2014-7388;0.002660000;0.166500000
CVE-2014-7387;0.002660000;0.166560000
CVE-2014-7385;0.002660000;0.166500000
CVE-2014-7384;0.002660000;0.166800000
CVE-2014-7382;0.002660000;0.166570000
CVE-2014-7380;0.002660000;0.166470000
CVE-2014-7379;0.002660000;0.166480000
CVE-2014-7378;0.002660000;0.166380000
CVE-2014-7376;0.002660000;0.167150000
CVE-2014-7375;0.002660000;0.167150000
CVE-2014-7374;0.002660000;0.167160000
CVE-2014-7373;0.002660000;0.167210000
CVE-2014-7372;0.002660000;0.167330000
CVE-2014-7371;0.002660000;0.167330000
CVE-2014-7370;0.002660000;0.167120000
CVE-2014-7369;0.002660000;0.167120000
CVE-2014-7368;0.002660000;0.167120000
CVE-2014-7367;0.002660000;0.167120000
CVE-2014-7366;0.002660000;0.167200000
CVE-2014-7364;0.002660000;0.167300000
CVE-2014-7362;0.002660000;0.167300000
CVE-2014-7361;0.002660000;0.167300000
CVE-2014-7360;0.002660000;0.167260000
CVE-2014-7359;0.002660000;0.166460000
CVE-2014-7358;0.002660000;0.166840000
CVE-2014-7357;0.002660000;0.166840000
CVE-2014-7354;0.002660000;0.166850000
CVE-2014-7353;0.002660000;0.166850000
CVE-2014-7352;0.002660000;0.166880000
CVE-2014-7351;0.002660000;0.166880000
CVE-2014-7348;0.002920000;0.194900000
CVE-2014-7346;0.002660000;0.166880000
CVE-2014-7345;0.002660000;0.166890000
CVE-2014-7344;0.002660000;0.166890000
CVE-2014-7342;0.002660000;0.166890000
CVE-2014-7341;0.002920000;0.194900000
CVE-2014-7340;0.002660000;0.166890000
CVE-2014-7339;0.002660000;0.166900000
CVE-2014-7338;0.002660000;0.167050000
CVE-2014-7337;0.002660000;0.167050000
CVE-2014-7336;0.002660000;0.167060000
CVE-2014-7335;0.002660000;0.167150000
CVE-2014-7334;0.002920000;0.194980000
CVE-2014-7333;0.002920000;0.194870000
CVE-2014-7331;0.002920000;0.194890000
CVE-2014-7330;0.002660000;0.166720000
CVE-2014-7329;0.002660000;0.166730000
CVE-2014-7328;0.002660000;0.167560000
CVE-2014-7327;0.002660000;0.167560000
CVE-2014-7326;0.002660000;0.168080000
CVE-2014-7325;0.002660000;0.168050000
CVE-2014-7323;0.002920000;0.194870000
CVE-2014-7321;0.002660000;0.168090000
CVE-2014-7320;0.002660000;0.167550000
CVE-2014-7317;0.002920000;0.194870000
CVE-2014-7316;0.002660000;0.167550000
CVE-2014-7315;0.002920000;0.194900000
CVE-2014-7314;0.002660000;0.167560000
CVE-2014-7313;0.002660000;0.168090000
CVE-2014-7310;0.002920000;0.194920000
CVE-2014-7309;0.002660000;0.166720000
CVE-2014-7307;0.002660000;0.166720000
CVE-2014-7303;0.007050000;0.514360000
CVE-2014-7302;0.005620000;0.445000000
CVE-2014-7301;0.005120000;0.412860000
CVE-2014-7300;0.004730000;0.383950000
CVE-2014-7299;0.021040000;0.809810000
CVE-2014-7298;0.003730000;0.286430000
CVE-2014-7297;0.021010000;0.809630000
CVE-2014-7296;0.016960000;0.762140000
CVE-2014-7295;0.015680000;0.743340000
CVE-2014-7294;0.020360000;0.802990000
CVE-2014-7293;0.009310000;0.590910000
CVE-2014-7292;0.019710000;0.796010000
CVE-2014-7291;0.011480000;0.655050000
CVE-2014-7290;0.019360000;0.792550000
CVE-2014-7289;0.045540000;0.912640000
CVE-2014-7288;0.081160000;0.946400000
CVE-2014-7287;0.011100000;0.645500000
CVE-2014-7286;0.011890000;0.666640000
CVE-2014-7285;0.503240000;0.988740000
CVE-2014-7284;0.037510000;0.894870000
CVE-2014-7283;0.005460000;0.435140000
CVE-2014-7281;0.026350000;0.849540000
CVE-2014-7280;0.032690000;0.879410000
CVE-2014-7279;0.117430000;0.959340000
CVE-2014-7278;0.024760000;0.839160000
CVE-2014-7277;0.012010000;0.669380000
CVE-2014-7275;0.008330000;0.559290000
CVE-2014-7274;0.008370000;0.560540000
CVE-2014-7273;0.009280000;0.589780000
CVE-2014-7272;0.003940000;0.310110000
CVE-2014-7271;0.004050000;0.321010000
CVE-2014-7270;0.006360000;0.483800000
CVE-2014-7269;0.019110000;0.789720000
CVE-2014-7268;0.011480000;0.655010000
CVE-2014-7267;0.009360000;0.592300000
CVE-2014-7266;0.017990000;0.775950000
CVE-2014-7265;0.009310000;0.591010000
CVE-2014-7264;0.014170000;0.717060000
CVE-2014-7263;0.015020000;0.732660000
CVE-2014-7262;0.017730000;0.772690000
CVE-2014-7261;0.011480000;0.655010000
CVE-2014-7260;0.021030000;0.809790000
CVE-2014-7259;0.009820000;0.607700000
CVE-2014-7258;0.011930000;0.667530000
CVE-2014-7257;0.015590000;0.742020000
CVE-2014-7256;0.017990000;0.775960000
CVE-2014-7255;0.031720000;0.875350000
CVE-2014-7254;0.003430000;0.252020000
CVE-2014-7253;0.004440000;0.360810000
CVE-2014-7252;0.003770000;0.290200000
CVE-2014-7251;0.003190000;0.223520000
CVE-2014-7250;0.047490000;0.915580000
CVE-2014-7249;0.061310000;0.932010000
CVE-2014-7248;0.011480000;0.655010000
CVE-2014-7247;0.053350000;0.923350000
CVE-2014-7246;0.010670000;0.633840000
CVE-2014-7243;0.013540000;0.704790000
CVE-2014-7242;0.006420000;0.486780000
CVE-2014-7241;0.020160000;0.801170000
CVE-2014-7240;0.011800000;0.664310000
CVE-2014-7238;0.010580000;0.631020000
CVE-2014-7237;0.200590000;0.973630000
CVE-2014-7236;0.556370000;0.990090000
CVE-2014-7235;0.432620000;0.986840000
CVE-2014-7233;0.016790000;0.759800000
CVE-2014-7232;0.016790000;0.759800000
CVE-2014-7231;0.005320000;0.426530000
CVE-2014-7230;0.004880000;0.394930000
CVE-2014-7229;0.013190000;0.696860000
CVE-2014-7228;0.554040000;0.990040000
CVE-2014-7226;0.091850000;0.951650000
CVE-2014-7224;0.020490000;0.804370000
CVE-2014-7222;0.109700000;0.957490000
CVE-2014-7221;0.109700000;0.957490000
CVE-2014-7217;0.016170000;0.750510000
CVE-2014-7216;0.068320000;0.938000000
CVE-2014-7210;0.004480000;0.364240000
CVE-2014-7209;0.026990000;0.853430000
CVE-2014-7208;0.011130000;0.646350000
CVE-2014-7207;0.003760000;0.289320000
CVE-2014-7206;0.003860000;0.300100000
CVE-2014-7205;0.785820000;0.995750000
CVE-2014-7204;0.042760000;0.907480000
CVE-2014-7203;0.019000000;0.788420000
CVE-2014-7202;0.020150000;0.801040000
CVE-2014-7201;0.023480000;0.829900000
CVE-2014-7200;0.032360000;0.877940000
CVE-2014-7199;0.019830000;0.797370000
CVE-2014-7198;0.005800000;0.454870000
CVE-2014-7195;0.009370000;0.592760000
CVE-2014-7194;0.011410000;0.653280000
CVE-2014-7193;0.013670000;0.707340000
CVE-2014-7192;0.130480000;0.962160000
CVE-2014-7191;0.083090000;0.947440000
CVE-2014-7190;0.022680000;0.823450000
CVE-2014-7189;0.013830000;0.710650000
CVE-2014-7188;0.008580000;0.567860000
CVE-2014-7187;0.646220000;0.992160000
CVE-2014-7186;0.659740000;0.992520000
CVE-2014-7185;0.053070000;0.923060000
CVE-2014-7183;0.023380000;0.829170000
CVE-2014-7182;0.024610000;0.838090000
CVE-2014-7181;0.020530000;0.804780000
CVE-2014-7180;0.004570000;0.371260000
CVE-2014-7178;0.050620000;0.920160000
CVE-2014-7177;0.033240000;0.881510000
CVE-2014-7176;0.022000000;0.818050000
CVE-2014-7175;0.012950000;0.691700000
CVE-2014-7174;0.012830000;0.689020000
CVE-2014-7173;0.025310000;0.842870000
CVE-2014-7170;0.002270000;0.121500000
CVE-2014-7169;0.999400000;0.999720000
CVE-2014-7158;0.010620000;0.632070000
CVE-2014-7157;0.018540000;0.783000000
CVE-2014-7156;0.008490000;0.564430000
CVE-2014-7155;0.009680000;0.603330000
CVE-2014-7154;0.007430000;0.528530000
CVE-2014-7153;0.022930000;0.825560000
CVE-2014-7152;0.019500000;0.794060000
CVE-2014-7151;0.011550000;0.657220000
CVE-2014-7146;0.505610000;0.988800000
CVE-2014-7145;0.037250000;0.894110000
CVE-2014-7144;0.019810000;0.797080000
CVE-2014-7143;0.026130000;0.848130000
CVE-2014-7142;0.249320000;0.978430000
CVE-2014-7141;0.760640000;0.995170000
CVE-2014-7140;0.161910000;0.968300000
CVE-2014-7139;0.020410000;0.803580000
CVE-2014-7138;0.023880000;0.832680000
CVE-2014-7137;0.016980000;0.762410000
CVE-2014-7136;0.006320000;0.482100000
CVE-2014-7135;0.002660000;0.168290000
CVE-2014-7134;0.002660000;0.168290000
CVE-2014-7132;0.002660000;0.168270000
CVE-2014-7131;0.002660000;0.168210000
CVE-2014-7129;0.002660000;0.168210000
CVE-2014-7128;0.002660000;0.168210000
CVE-2014-7127;0.002660000;0.168090000
CVE-2014-7125;0.002660000;0.167020000
CVE-2014-7124;0.002660000;0.167710000
CVE-2014-7123;0.002660000;0.167700000
CVE-2014-7122;0.002660000;0.167470000
CVE-2014-7121;0.002660000;0.167470000
CVE-2014-7120;0.002660000;0.167480000
CVE-2014-7119;0.002660000;0.167480000
CVE-2014-7118;0.002660000;0.167480000
CVE-2014-7117;0.002660000;0.167560000
CVE-2014-7116;0.002660000;0.167570000
CVE-2014-7115;0.002660000;0.167570000
CVE-2014-7113;0.002930000;0.196200000
CVE-2014-7111;0.002660000;0.167370000
CVE-2014-7109;0.002660000;0.167380000
CVE-2014-7108;0.002660000;0.167380000
CVE-2014-7107;0.002660000;0.167740000
CVE-2014-7106;0.002660000;0.167770000
CVE-2014-7104;0.002660000;0.167630000
CVE-2014-7103;0.002660000;0.167660000
CVE-2014-7102;0.002660000;0.167670000
CVE-2014-7101;0.002660000;0.167710000
CVE-2014-7100;0.002660000;0.167710000
CVE-2014-7099;0.002660000;0.167720000
CVE-2014-7098;0.002660000;0.167730000
CVE-2014-7093;0.002920000;0.194910000
CVE-2014-7092;0.002660000;0.167730000
CVE-2014-7091;0.002660000;0.167020000
CVE-2014-7090;0.002920000;0.194910000
CVE-2014-7089;0.002660000;0.166990000
CVE-2014-7088;0.002660000;0.167630000
CVE-2014-7087;0.002920000;0.194910000
CVE-2014-7086;0.002660000;0.167630000
CVE-2014-7085;0.002660000;0.167630000
CVE-2014-7084;0.002660000;0.167640000
CVE-2014-7083;0.002920000;0.194940000
CVE-2014-7082;0.002660000;0.167010000
CVE-2014-7080;0.002660000;0.167010000
CVE-2014-7079;0.002660000;0.167780000
CVE-2014-7078;0.002660000;0.167780000
CVE-2014-7077;0.002660000;0.167790000
CVE-2014-7076;0.002660000;0.167670000
CVE-2014-7075;0.010980000;0.642610000
CVE-2014-7073;0.002660000;0.167700000
CVE-2014-7072;0.002660000;0.167800000
CVE-2014-7071;0.002660000;0.167800000
CVE-2014-7070;0.002660000;0.167810000
CVE-2014-7069;0.002660000;0.167730000
CVE-2014-7068;0.002660000;0.167730000
CVE-2014-7067;0.002660000;0.167640000
CVE-2014-7066;0.002660000;0.167610000
CVE-2014-7065;0.002660000;0.167610000
CVE-2014-7064;0.002660000;0.167620000
CVE-2014-7063;0.002660000;0.167620000
CVE-2014-7062;0.002660000;0.167620000
CVE-2014-7061;0.002660000;0.167370000
CVE-2014-7060;0.002660000;0.167390000
CVE-2014-7059;0.002660000;0.167390000
CVE-2014-7058;0.002660000;0.167420000
CVE-2014-7057;0.002930000;0.196190000
CVE-2014-7056;0.002660000;0.167430000
CVE-2014-7055;0.002660000;0.167850000
CVE-2014-7054;0.002660000;0.167850000
CVE-2014-7053;0.002660000;0.167850000
CVE-2014-7052;0.002660000;0.167860000
CVE-2014-7050;0.002920000;0.194940000
CVE-2014-7049;0.002660000;0.167860000
CVE-2014-7048;0.002660000;0.167770000
CVE-2014-7047;0.002660000;0.167740000
CVE-2014-7046;0.002660000;0.167740000
CVE-2014-7045;0.002660000;0.167740000
CVE-2014-7044;0.002660000;0.167780000
CVE-2014-7043;0.002660000;0.167780000
CVE-2014-7042;0.002660000;0.167400000
CVE-2014-7041;0.002660000;0.167410000
CVE-2014-7040;0.002660000;0.167410000
CVE-2014-7039;0.002660000;0.167410000
CVE-2014-7038;0.002660000;0.167460000
CVE-2014-7037;0.002660000;0.167460000
CVE-2014-7036;0.002660000;0.167460000
CVE-2014-7035;0.003200000;0.224660000
CVE-2014-7034;0.002660000;0.167470000
CVE-2014-7033;0.002660000;0.167390000
CVE-2014-7032;0.002660000;0.167360000
CVE-2014-7031;0.002660000;0.167360000
CVE-2014-7030;0.002660000;0.167360000
CVE-2014-7029;0.002660000;0.167370000
CVE-2014-7028;0.002660000;0.167580000
CVE-2014-7027;0.002660000;0.167580000
CVE-2014-7026;0.002660000;0.167590000
CVE-2014-7025;0.002660000;0.167590000
CVE-2014-7024;0.002660000;0.167590000
CVE-2014-7023;0.002660000;0.167510000
CVE-2014-7022;0.002660000;0.168120000
CVE-2014-7021;0.002660000;0.168130000
CVE-2014-7020;0.002660000;0.168130000
CVE-2014-7019;0.002920000;0.194940000
CVE-2014-7018;0.002660000;0.168130000
CVE-2014-7017;0.002660000;0.168230000
CVE-2014-7016;0.002660000;0.168230000
CVE-2014-7015;0.002660000;0.168150000
CVE-2014-7013;0.002660000;0.167530000
CVE-2014-7012;0.002660000;0.167530000
CVE-2014-7011;0.002920000;0.194980000
CVE-2014-7010;0.002920000;0.194980000
CVE-2014-7009;0.002660000;0.167530000
CVE-2014-7008;0.002920000;0.194970000
CVE-2014-7007;0.002660000;0.167540000
CVE-2014-7006;0.002660000;0.167540000
CVE-2014-7005;0.002660000;0.167540000
CVE-2014-7004;0.002660000;0.167540000
CVE-2014-7003;0.002660000;0.167960000
CVE-2014-7002;0.002660000;0.168180000
CVE-2014-7001;0.002660000;0.167930000
CVE-2014-7000;0.002660000;0.167940000
CVE-2014-6999;0.002660000;0.167940000
CVE-2014-6998;0.002660000;0.167940000
CVE-2014-6997;0.002920000;0.194970000
CVE-2014-6996;0.002660000;0.168130000
CVE-2014-6995;0.002660000;0.168140000
CVE-2014-6994;0.002920000;0.194970000
CVE-2014-6993;0.002660000;0.168140000
CVE-2014-6992;0.002660000;0.168150000
CVE-2014-6991;0.002660000;0.168200000
CVE-2014-6990;0.002660000;0.168200000
CVE-2014-6989;0.002660000;0.168200000
CVE-2014-6988;0.002660000;0.168180000
CVE-2014-6987;0.002660000;0.168210000
CVE-2014-6986;0.002660000;0.168220000
CVE-2014-6985;0.002660000;0.168220000
CVE-2014-6984;0.002920000;0.194970000
CVE-2014-6983;0.002660000;0.168220000
CVE-2014-6982;0.002660000;0.167860000
CVE-2014-6981;0.002660000;0.167870000
CVE-2014-6980;0.002660000;0.167870000
CVE-2014-6979;0.002660000;0.167870000
CVE-2014-6978;0.002660000;0.167940000
CVE-2014-6977;0.002660000;0.167950000
CVE-2014-6976;0.002660000;0.168290000
CVE-2014-6975;0.002660000;0.168230000
CVE-2014-6974;0.002660000;0.168260000
CVE-2014-6973;0.002660000;0.168260000
CVE-2014-6972;0.002660000;0.168250000
CVE-2014-6971;0.002660000;0.168240000
CVE-2014-6970;0.002660000;0.168240000
CVE-2014-6969;0.002660000;0.168230000
CVE-2014-6968;0.002660000;0.168240000
CVE-2014-6967;0.002660000;0.168240000
CVE-2014-6966;0.002660000;0.167920000
CVE-2014-6965;0.002660000;0.167920000
CVE-2014-6964;0.002660000;0.167930000
CVE-2014-6963;0.002660000;0.167960000
CVE-2014-6962;0.002660000;0.167880000
CVE-2014-6961;0.002660000;0.167950000
CVE-2014-6960;0.002660000;0.167950000
CVE-2014-6959;0.002660000;0.167950000
CVE-2014-6958;0.002660000;0.167960000
CVE-2014-6957;0.002660000;0.167930000
CVE-2014-6956;0.002660000;0.168090000
CVE-2014-6955;0.002660000;0.167960000
CVE-2014-6954;0.002660000;0.167970000
CVE-2014-6953;0.002660000;0.167970000
CVE-2014-6952;0.002660000;0.167970000
CVE-2014-6951;0.002660000;0.167980000
CVE-2014-6950;0.002660000;0.168100000
CVE-2014-6949;0.002660000;0.166680000
CVE-2014-6948;0.002660000;0.166680000
CVE-2014-6947;0.002660000;0.168020000
CVE-2014-6946;0.002660000;0.168010000
CVE-2014-6945;0.002660000;0.168010000
CVE-2014-6944;0.002660000;0.168010000
CVE-2014-6943;0.002660000;0.168100000
CVE-2014-6942;0.002660000;0.168100000
CVE-2014-6941;0.002660000;0.167900000
CVE-2014-6940;0.002660000;0.167900000
CVE-2014-6939;0.002660000;0.167910000
CVE-2014-6938;0.002660000;0.167910000
CVE-2014-6937;0.002660000;0.167910000
CVE-2014-6936;0.002660000;0.167910000
CVE-2014-6935;0.002660000;0.167920000
CVE-2014-6934;0.002660000;0.166700000
CVE-2014-6933;0.002660000;0.166610000
CVE-2014-6932;0.002920000;0.194920000
CVE-2014-6931;0.002660000;0.166570000
CVE-2014-6930;0.002660000;0.166580000
CVE-2014-6929;0.002660000;0.168020000
CVE-2014-6928;0.002660000;0.167990000
CVE-2014-6927;0.002660000;0.168030000
CVE-2014-6926;0.002660000;0.168040000
CVE-2014-6925;0.002660000;0.168040000
CVE-2014-6924;0.002660000;0.168040000
CVE-2014-6923;0.002660000;0.168040000
CVE-2014-6922;0.002660000;0.168050000
CVE-2014-6921;0.002660000;0.168050000
CVE-2014-6920;0.002660000;0.168050000
CVE-2014-6919;0.002660000;0.167500000
CVE-2014-6918;0.002660000;0.166640000
CVE-2014-6917;0.002660000;0.166630000
CVE-2014-6916;0.002660000;0.166640000
CVE-2014-6914;0.002660000;0.166690000
CVE-2014-6913;0.002660000;0.166780000
CVE-2014-6912;0.002660000;0.166650000
CVE-2014-6911;0.002660000;0.166650000
CVE-2014-6910;0.002660000;0.166650000
CVE-2014-6909;0.002920000;0.194920000
CVE-2014-6908;0.002920000;0.194920000
CVE-2014-6907;0.002660000;0.166650000
CVE-2014-6906;0.002660000;0.166660000
CVE-2014-6905;0.002660000;0.166660000
CVE-2014-6904;0.002660000;0.166660000
CVE-2014-6903;0.002660000;0.167330000
CVE-2014-6902;0.002920000;0.194990000
CVE-2014-6901;0.002660000;0.166670000
CVE-2014-6900;0.002660000;0.166640000
CVE-2014-6899;0.002660000;0.166670000
CVE-2014-6898;0.002660000;0.166680000
CVE-2014-6897;0.002660000;0.166710000
CVE-2014-6896;0.002920000;0.194940000
CVE-2014-6895;0.002660000;0.166820000
CVE-2014-6894;0.002660000;0.166790000
CVE-2014-6893;0.002660000;0.166790000
CVE-2014-6892;0.002660000;0.166790000
CVE-2014-6891;0.002660000;0.166790000
CVE-2014-6890;0.002660000;0.166610000
CVE-2014-6889;0.002920000;0.195000000
CVE-2014-6888;0.002660000;0.166620000
CVE-2014-6887;0.002660000;0.166620000
CVE-2014-6886;0.002660000;0.166620000
CVE-2014-6885;0.002660000;0.166620000
CVE-2014-6884;0.002660000;0.166630000
CVE-2014-6883;0.002660000;0.166630000
CVE-2014-6882;0.002660000;0.166830000
CVE-2014-6881;0.003050000;0.208890000
CVE-2014-6880;0.002920000;0.194980000
CVE-2014-6879;0.002660000;0.166740000
CVE-2014-6878;0.002660000;0.166710000
CVE-2014-6877;0.002660000;0.166710000
CVE-2014-6876;0.002660000;0.166310000
CVE-2014-6875;0.002660000;0.166760000
CVE-2014-6874;0.002660000;0.166390000
CVE-2014-6873;0.002920000;0.194960000
CVE-2014-6872;0.002660000;0.166390000
CVE-2014-6871;0.002660000;0.166390000
CVE-2014-6870;0.002660000;0.166390000
CVE-2014-6869;0.002660000;0.166400000
CVE-2014-6868;0.002920000;0.194960000
CVE-2014-6867;0.002660000;0.166400000
CVE-2014-6866;0.002660000;0.166400000
CVE-2014-6865;0.002660000;0.166400000
CVE-2014-6864;0.002660000;0.166350000
CVE-2014-6863;0.002660000;0.166430000
CVE-2014-6862;0.002660000;0.166440000
CVE-2014-6861;0.002660000;0.166440000
CVE-2014-6860;0.002660000;0.166340000
CVE-2014-6859;0.002920000;0.194960000
CVE-2014-6858;0.002660000;0.166830000
CVE-2014-6857;0.002660000;0.166520000
CVE-2014-6856;0.002660000;0.166520000
CVE-2014-6855;0.002920000;0.194950000
CVE-2014-6854;0.002660000;0.166520000
CVE-2014-6853;0.002660000;0.166520000
CVE-2014-6852;0.002660000;0.166530000
CVE-2014-6851;0.002660000;0.166530000
CVE-2014-6850;0.002660000;0.166320000
CVE-2014-6848;0.002660000;0.166320000
CVE-2014-6847;0.002660000;0.166320000
CVE-2014-6846;0.002660000;0.166320000
CVE-2014-6845;0.002920000;0.194950000
CVE-2014-6844;0.002660000;0.166330000
CVE-2014-6843;0.002660000;0.166330000
CVE-2014-6842;0.002660000;0.166330000
CVE-2014-6841;0.002660000;0.166340000
CVE-2014-6840;0.002660000;0.166510000
CVE-2014-6839;0.002660000;0.166310000
CVE-2014-6838;0.002660000;0.166560000
CVE-2014-6837;0.002660000;0.166570000
CVE-2014-6836;0.002920000;0.194950000
CVE-2014-6835;0.002660000;0.166360000
CVE-2014-6834;0.002660000;0.166360000
CVE-2014-6833;0.002660000;0.166360000
CVE-2014-6832;0.002920000;0.194950000
CVE-2014-6831;0.002660000;0.166370000
CVE-2014-6830;0.002660000;0.166370000
CVE-2014-6829;0.002920000;0.194990000
CVE-2014-6828;0.002660000;0.166370000
CVE-2014-6827;0.002660000;0.166410000
CVE-2014-6826;0.002660000;0.166510000
CVE-2014-6825;0.002660000;0.166440000
CVE-2014-6824;0.002660000;0.166450000
CVE-2014-6823;0.002660000;0.166450000
CVE-2014-6822;0.002660000;0.166450000
CVE-2014-6821;0.002660000;0.166450000
CVE-2014-6820;0.002660000;0.166510000
CVE-2014-6819;0.002660000;0.167160000
CVE-2014-6818;0.002660000;0.167200000
CVE-2014-6817;0.002660000;0.167200000
CVE-2014-6816;0.002660000;0.167200000
CVE-2014-6815;0.002660000;0.166470000
CVE-2014-6814;0.002660000;0.166470000
CVE-2014-6813;0.002660000;0.166440000
CVE-2014-6812;0.002920000;0.194990000
CVE-2014-6810;0.002660000;0.166480000
CVE-2014-6808;0.002660000;0.166480000
CVE-2014-6807;0.002660000;0.166490000
CVE-2014-6806;0.002660000;0.167170000
CVE-2014-6805;0.002660000;0.167170000
CVE-2014-6804;0.002660000;0.167170000
CVE-2014-6803;0.002660000;0.167170000
CVE-2014-6802;0.002660000;0.167180000
CVE-2014-6801;0.002660000;0.166470000
CVE-2014-6800;0.002660000;0.167100000
CVE-2014-6799;0.003090000;0.212460000
CVE-2014-6798;0.002660000;0.167130000
CVE-2014-6797;0.002660000;0.167140000
CVE-2014-6796;0.002660000;0.167140000
CVE-2014-6795;0.002660000;0.167140000
CVE-2014-6794;0.002660000;0.167140000
CVE-2014-6793;0.002660000;0.167150000
CVE-2014-6792;0.002660000;0.167210000
CVE-2014-6791;0.002660000;0.167210000
CVE-2014-6790;0.002660000;0.167210000
CVE-2014-6789;0.002660000;0.167300000
CVE-2014-6788;0.002660000;0.167320000
CVE-2014-6787;0.002660000;0.167320000
CVE-2014-6786;0.002660000;0.167320000
CVE-2014-6785;0.002660000;0.167290000
CVE-2014-6784;0.002660000;0.167190000
CVE-2014-6783;0.002660000;0.166920000
CVE-2014-6782;0.002660000;0.166920000
CVE-2014-6781;0.002660000;0.166920000
CVE-2014-6780;0.002660000;0.167250000
CVE-2014-6779;0.002660000;0.167250000
CVE-2014-6778;0.002660000;0.167250000
CVE-2014-6777;0.002660000;0.167250000
CVE-2014-6776;0.002660000;0.167260000
CVE-2014-6775;0.002660000;0.167260000
CVE-2014-6774;0.002660000;0.167230000
CVE-2014-6773;0.002660000;0.166900000
CVE-2014-6772;0.002660000;0.166910000
CVE-2014-6771;0.002660000;0.166910000
CVE-2014-6770;0.002660000;0.166910000
CVE-2014-6769;0.002660000;0.166910000
CVE-2014-6768;0.002660000;0.167130000
CVE-2014-6767;0.002660000;0.166850000
CVE-2014-6766;0.002660000;0.166860000
CVE-2014-6765;0.002660000;0.166860000
CVE-2014-6764;0.002660000;0.166860000
CVE-2014-6763;0.002660000;0.166860000
CVE-2014-6762;0.002660000;0.166830000
CVE-2014-6761;0.002660000;0.166930000
CVE-2014-6760;0.002660000;0.166930000
CVE-2014-6759;0.002660000;0.166900000
CVE-2014-6758;0.002660000;0.166940000
CVE-2014-6757;0.002660000;0.166940000
CVE-2014-6756;0.002660000;0.166940000
CVE-2014-6755;0.002660000;0.166870000
CVE-2014-6754;0.002660000;0.166840000
CVE-2014-6753;0.002660000;0.166840000
CVE-2014-6752;0.002660000;0.166920000
CVE-2014-6751;0.002660000;0.167070000
CVE-2014-6750;0.002660000;0.167070000
CVE-2014-6749;0.002660000;0.167070000
CVE-2014-6748;0.002660000;0.167070000
CVE-2014-6747;0.002920000;0.194990000
CVE-2014-6746;0.002660000;0.167080000
CVE-2014-6745;0.002660000;0.167080000
CVE-2014-6744;0.002660000;0.167080000
CVE-2014-6743;0.002660000;0.166870000
CVE-2014-6742;0.002660000;0.166870000
CVE-2014-6741;0.002660000;0.166930000
CVE-2014-6740;0.002660000;0.167030000
CVE-2014-6739;0.002660000;0.167040000
CVE-2014-6738;0.002660000;0.167040000
CVE-2014-6737;0.002660000;0.167040000
CVE-2014-6736;0.002660000;0.167050000
CVE-2014-6735;0.002660000;0.166850000
CVE-2014-6734;0.002660000;0.167350000
CVE-2014-6733;0.002660000;0.167350000
CVE-2014-6732;0.002660000;0.167350000
CVE-2014-6731;0.002660000;0.167350000
CVE-2014-6730;0.002660000;0.167260000
CVE-2014-6729;0.002660000;0.167230000
CVE-2014-6728;0.002660000;0.167230000
CVE-2014-6727;0.002660000;0.167240000
CVE-2014-6726;0.002970000;0.200830000
CVE-2014-6725;0.002660000;0.166970000
CVE-2014-6724;0.002660000;0.166980000
CVE-2014-6723;0.002660000;0.166980000
CVE-2014-6722;0.002660000;0.167340000
CVE-2014-6721;0.006580000;0.494490000
CVE-2014-6720;0.002710000;0.174110000
CVE-2014-6719;0.002660000;0.167340000
CVE-2014-6718;0.002660000;0.167340000
CVE-2014-6717;0.002660000;0.167030000
CVE-2014-6716;0.002660000;0.166730000
CVE-2014-6715;0.002660000;0.166730000
CVE-2014-6714;0.002660000;0.166740000
CVE-2014-6713;0.002660000;0.166700000
CVE-2014-6712;0.002660000;0.166740000
CVE-2014-6711;0.002660000;0.166740000
CVE-2014-6710;0.002660000;0.166750000
CVE-2014-6709;0.002660000;0.166750000
CVE-2014-6708;0.002710000;0.174100000
CVE-2014-6707;0.002660000;0.166750000
CVE-2014-6706;0.002660000;0.166750000
CVE-2014-6705;0.002710000;0.174100000
CVE-2014-6704;0.002710000;0.174610000
CVE-2014-6703;0.002710000;0.174870000
CVE-2014-6702;0.002710000;0.174110000
CVE-2014-6701;0.002710000;0.174040000
CVE-2014-6700;0.002710000;0.174610000
CVE-2014-6699;0.002710000;0.174600000
CVE-2014-6698;0.002710000;0.174790000
CVE-2014-6697;0.002710000;0.174600000
CVE-2014-6696;0.002710000;0.174910000
CVE-2014-6695;0.002710000;0.175060000
CVE-2014-6694;0.002710000;0.175060000
CVE-2014-6693;0.002970000;0.200820000
CVE-2014-6692;0.003370000;0.245910000
CVE-2014-6691;0.002710000;0.175060000
CVE-2014-6690;0.002710000;0.175050000
CVE-2014-6689;0.002710000;0.175070000
CVE-2014-6688;0.002710000;0.175100000
CVE-2014-6687;0.002710000;0.175090000
CVE-2014-6686;0.002710000;0.175090000
CVE-2014-6685;0.002710000;0.175090000
CVE-2014-6684;0.002710000;0.175090000
CVE-2014-6683;0.002710000;0.174110000
CVE-2014-6682;0.002710000;0.174680000
CVE-2014-6681;0.002710000;0.174780000
CVE-2014-6680;0.002710000;0.174780000
CVE-2014-6679;0.002710000;0.174770000
CVE-2014-6678;0.002970000;0.200820000
CVE-2014-6677;0.002710000;0.174770000
CVE-2014-6676;0.002710000;0.174820000
CVE-2014-6675;0.002710000;0.174810000
CVE-2014-6674;0.002710000;0.174810000
CVE-2014-6673;0.002710000;0.174810000
CVE-2014-6672;0.002710000;0.174810000
CVE-2014-6671;0.002710000;0.174800000
CVE-2014-6670;0.002710000;0.174770000
CVE-2014-6669;0.002710000;0.174660000
CVE-2014-6668;0.002710000;0.174590000
CVE-2014-6667;0.002710000;0.174580000
CVE-2014-6666;0.002710000;0.174580000
CVE-2014-6665;0.002710000;0.174580000
CVE-2014-6664;0.002710000;0.174580000
CVE-2014-6663;0.002710000;0.175120000
CVE-2014-6662;0.002970000;0.200810000
CVE-2014-6661;0.002710000;0.175110000
CVE-2014-6660;0.002710000;0.175110000
CVE-2014-6659;0.002710000;0.175110000
CVE-2014-6658;0.002710000;0.175100000
CVE-2014-6657;0.004180000;0.336070000
CVE-2014-6656;0.002710000;0.175010000
CVE-2014-6655;0.002710000;0.175010000
CVE-2014-6654;0.002710000;0.174640000
CVE-2014-6653;0.002970000;0.200810000
CVE-2014-6652;0.002710000;0.174600000
CVE-2014-6651;0.002710000;0.174630000
CVE-2014-6650;0.002710000;0.174630000
CVE-2014-6649;0.002710000;0.174630000
CVE-2014-6648;0.002710000;0.174630000
CVE-2014-6647;0.002710000;0.174620000
CVE-2014-6646;0.002660000;0.167450000
CVE-2014-6645;0.002970000;0.200800000
CVE-2014-6643;0.002970000;0.200830000
CVE-2014-6642;0.002710000;0.174620000
CVE-2014-6641;0.002710000;0.174960000
CVE-2014-6640;0.002710000;0.175130000
CVE-2014-6639;0.002710000;0.175130000
CVE-2014-6638;0.002710000;0.175130000
CVE-2014-6637;0.002710000;0.175130000
CVE-2014-6636;0.002710000;0.175120000
CVE-2014-6635;0.014230000;0.718090000
CVE-2014-6633;0.025770000;0.845850000
CVE-2014-6632;0.017160000;0.764960000
CVE-2014-6631;0.009330000;0.591320000
CVE-2014-6628;0.016200000;0.751040000
CVE-2014-6627;0.019140000;0.790000000
CVE-2014-6626;0.023100000;0.826940000
CVE-2014-6625;0.015350000;0.738110000
CVE-2014-6624;0.012810000;0.688500000
CVE-2014-6623;0.009830000;0.607850000
CVE-2014-6622;0.011730000;0.661930000
CVE-2014-6621;0.011730000;0.661920000
CVE-2014-6620;0.009310000;0.591020000
CVE-2014-6619;0.032170000;0.877220000
CVE-2014-6618;0.018540000;0.782990000
CVE-2014-6617;0.043690000;0.909250000
CVE-2014-6616;0.018670000;0.784550000
CVE-2014-6611;0.009900000;0.610040000
CVE-2014-6610;0.015180000;0.735200000
CVE-2014-6609;0.036140000;0.890900000
CVE-2014-6607;0.066470000;0.936450000
CVE-2014-6604;0.011800000;0.664310000
CVE-2014-6603;0.032420000;0.878160000
CVE-2014-6602;0.021870000;0.816800000
CVE-2014-6601;0.068770000;0.938330000
CVE-2014-6600;0.003470000;0.257100000
CVE-2014-6599;0.012240000;0.675890000
CVE-2014-6598;0.045400000;0.912230000
CVE-2014-6597;0.008950000;0.579030000
CVE-2014-6596;0.009850000;0.608480000
CVE-2014-6595;0.003600000;0.271960000
CVE-2014-6594;0.011530000;0.656670000
CVE-2014-6593;0.663740000;0.992600000
CVE-2014-6592;0.008290000;0.558100000
CVE-2014-6591;0.040500000;0.902840000
CVE-2014-6590;0.003610000;0.273210000
CVE-2014-6589;0.003610000;0.273210000
CVE-2014-6588;0.003600000;0.271960000
CVE-2014-6587;0.004050000;0.321380000
CVE-2014-6586;0.009880000;0.609680000
CVE-2014-6585;0.042970000;0.907840000
CVE-2014-6584;0.009570000;0.599200000
CVE-2014-6583;0.011870000;0.666030000
CVE-2014-6582;0.012200000;0.674550000
CVE-2014-6581;0.011870000;0.666040000
CVE-2014-6580;0.009960000;0.612000000
CVE-2014-6579;0.009950000;0.611720000
CVE-2014-6578;0.018960000;0.788000000
CVE-2014-6577;0.035280000;0.888170000
CVE-2014-6576;0.009610000;0.600580000
CVE-2014-6575;0.017310000;0.766880000
CVE-2014-6574;0.009850000;0.608480000
CVE-2014-6573;0.009960000;0.612000000
CVE-2014-6572;0.011870000;0.666040000
CVE-2014-6571;0.017680000;0.772010000
CVE-2014-6570;0.003470000;0.257090000
CVE-2014-6569;0.013690000;0.707810000
CVE-2014-6568;0.071350000;0.940500000
CVE-2014-6567;0.046180000;0.913650000
CVE-2014-6566;0.008950000;0.579030000
CVE-2014-6565;0.013610000;0.706230000
CVE-2014-6564;0.023650000;0.831180000
CVE-2014-6563;0.014540000;0.723820000
CVE-2014-6562;0.047830000;0.916110000
CVE-2014-6561;0.012470000;0.681010000
CVE-2014-6560;0.024570000;0.837830000
CVE-2014-6559;0.046340000;0.913910000
CVE-2014-6558;0.031370000;0.873940000
CVE-2014-6557;0.009720000;0.604510000
CVE-2014-6556;0.009000000;0.580670000
CVE-2014-6555;0.038960000;0.898900000
CVE-2014-6554;0.016560000;0.756290000
CVE-2014-6553;0.021310000;0.812280000
CVE-2014-6552;0.018770000;0.785700000
CVE-2014-6551;0.003900000;0.304950000
CVE-2014-6550;0.012480000;0.681470000
CVE-2014-6549;0.045770000;0.912980000
CVE-2014-6548;0.003520000;0.262630000
CVE-2014-6547;0.009950000;0.611720000
CVE-2014-6546;0.017210000;0.765530000
CVE-2014-6545;0.024570000;0.837840000
CVE-2014-6544;0.011870000;0.666010000
CVE-2014-6543;0.014580000;0.724730000
CVE-2014-6542;0.014000000;0.713930000
CVE-2014-6541;0.011460000;0.654390000
CVE-2014-6540;0.003810000;0.294810000
CVE-2014-6539;0.012480000;0.681470000
CVE-2014-6538;0.014540000;0.723820000
CVE-2014-6537;0.016070000;0.749070000
CVE-2014-6536;0.014660000;0.726320000
CVE-2014-6535;0.012220000;0.675110000
CVE-2014-6534;0.008610000;0.568680000
CVE-2014-6533;0.013560000;0.705160000
CVE-2014-6532;0.048080000;0.916440000
CVE-2014-6531;0.030410000;0.870120000
CVE-2014-6530;0.026670000;0.851520000
CVE-2014-6529;0.010990000;0.642770000
CVE-2014-6528;0.009570000;0.599200000
CVE-2014-6527;0.030890000;0.872070000
CVE-2014-6526;0.009960000;0.612000000
CVE-2014-6525;0.007890000;0.544300000
CVE-2014-6524;0.003900000;0.304560000
CVE-2014-6523;0.011130000;0.646210000
CVE-2014-6522;0.010240000;0.620740000
CVE-2014-6521;0.003590000;0.270760000
CVE-2014-6520;0.026440000;0.850050000
CVE-2014-6519;0.034290000;0.885030000
CVE-2014-6518;0.003360000;0.244120000
CVE-2014-6517;0.041020000;0.903980000
CVE-2014-6516;0.003210000;0.226290000
CVE-2014-6515;0.034290000;0.885030000
CVE-2014-6514;0.011360000;0.651930000
CVE-2014-6513;0.056390000;0.926860000
CVE-2014-6512;0.030410000;0.870130000
CVE-2014-6511;0.040530000;0.902910000
CVE-2014-6510;0.003490000;0.258780000
CVE-2014-6509;0.003470000;0.257090000
CVE-2014-6508;0.027780000;0.858120000
CVE-2014-6507;0.072600000;0.941350000
CVE-2014-6506;0.033170000;0.881330000
CVE-2014-6505;0.026670000;0.851530000
CVE-2014-6504;0.032580000;0.879070000
CVE-2014-6503;0.048080000;0.916450000
CVE-2014-6502;0.030890000;0.872080000
CVE-2014-6501;0.003800000;0.293240000
CVE-2014-6500;0.056550000;0.927020000
CVE-2014-6499;0.013390000;0.701400000
CVE-2014-6498;0.014470000;0.722530000
CVE-2014-6497;0.003860000;0.300890000
CVE-2014-6496;0.043490000;0.908830000
CVE-2014-6495;0.030040000;0.868700000
CVE-2014-6494;0.048470000;0.917060000
CVE-2014-6493;0.048840000;0.917580000
CVE-2014-6492;0.038860000;0.898700000
CVE-2014-6491;0.056550000;0.927020000
CVE-2014-6490;0.023970000;0.833420000
CVE-2014-6489;0.023650000;0.831180000
CVE-2014-6488;0.009780000;0.606520000
CVE-2014-6487;0.007890000;0.544300000
CVE-2014-6486;0.011050000;0.644110000
CVE-2014-6485;0.041250000;0.904530000
CVE-2014-6484;0.026670000;0.851520000
CVE-2014-6483;0.009660000;0.601830000
CVE-2014-6482;0.011050000;0.644100000
CVE-2014-6481;0.010660000;0.633690000
CVE-2014-6480;0.003740000;0.287300000
CVE-2014-6479;0.011130000;0.646220000
CVE-2014-6478;0.025540000;0.844280000
CVE-2014-6477;0.011520000;0.656460000
CVE-2014-6476;0.034290000;0.885030000
CVE-2014-6475;0.009990000;0.612870000
CVE-2014-6474;0.013630000;0.706650000
CVE-2014-6473;0.003810000;0.294860000
CVE-2014-6472;0.014080000;0.715390000
CVE-2014-6471;0.012220000;0.675090000
CVE-2014-6470;0.003440000;0.252870000
CVE-2014-6469;0.044080000;0.909840000
CVE-2014-6468;0.027280000;0.855050000
CVE-2014-6467;0.024570000;0.837830000
CVE-2014-6466;0.004020000;0.317970000
CVE-2014-6465;0.009950000;0.611770000
CVE-2014-6464;0.040980000;0.903880000
CVE-2014-6463;0.028150000;0.859930000
CVE-2014-6462;0.018770000;0.785700000
CVE-2014-6461;0.014660000;0.726320000
CVE-2014-6460;0.009990000;0.612870000
CVE-2014-6459;0.016250000;0.751760000
CVE-2014-6458;0.004170000;0.334670000
CVE-2014-6457;0.034510000;0.885770000
CVE-2014-6456;0.045360000;0.912180000
CVE-2014-6455;0.017210000;0.765520000
CVE-2014-6454;0.014000000;0.713930000
CVE-2014-6453;0.024570000;0.837830000
CVE-2014-6452;0.014000000;0.713940000
CVE-2014-6451;0.019080000;0.789390000
CVE-2014-6450;0.019250000;0.791180000
CVE-2014-6449;0.017440000;0.768460000
CVE-2014-6448;0.003340000;0.241530000
CVE-2014-6447;0.009440000;0.594810000
CVE-2014-6446;0.461740000;0.987730000
CVE-2014-6445;0.015710000;0.743800000
CVE-2014-6444;0.011540000;0.656950000
CVE-2014-6440;0.049850000;0.919120000
CVE-2014-6439;0.020230000;0.801760000
CVE-2014-6438;0.041280000;0.904590000
CVE-2014-6437;0.155050000;0.966940000
CVE-2014-6436;0.421310000;0.986490000
CVE-2014-6435;0.125690000;0.961030000
CVE-2014-6434;0.031720000;0.875350000
CVE-2014-6433;0.033210000;0.881430000
CVE-2014-6432;0.030580000;0.870860000
CVE-2014-6431;0.034090000;0.884380000
CVE-2014-6430;0.030580000;0.870870000
CVE-2014-6429;0.030580000;0.870860000
CVE-2014-6428;0.031900000;0.876010000
CVE-2014-6427;0.033750000;0.883220000
CVE-2014-6426;0.023770000;0.831910000
CVE-2014-6425;0.028110000;0.859710000
CVE-2014-6424;0.029330000;0.865630000
CVE-2014-6423;0.030580000;0.870860000
CVE-2014-6422;0.031630000;0.874940000
CVE-2014-6421;0.029080000;0.864490000
CVE-2014-6420;0.017650000;0.771490000
CVE-2014-6418;0.048810000;0.917530000
CVE-2014-6417;0.052440000;0.922420000
CVE-2014-6416;0.061670000;0.932380000
CVE-2014-6414;0.020890000;0.808380000
CVE-2014-6413;0.012490000;0.681620000
CVE-2014-6412;0.046000000;0.913370000
CVE-2014-6410;0.005100000;0.410940000
CVE-2014-6409;0.022680000;0.823440000
CVE-2014-6408;0.031380000;0.873990000
CVE-2014-6407;0.049090000;0.917970000
CVE-2014-6396;0.035930000;0.890280000
CVE-2014-6395;0.126740000;0.961230000
CVE-2014-6394;0.043400000;0.908630000
CVE-2014-6393;0.011350000;0.651570000
CVE-2014-6392;0.009420000;0.594280000
CVE-2014-6389;0.085640000;0.948870000
CVE-2014-6387;0.021030000;0.809740000
CVE-2014-6386;0.027210000;0.854660000
CVE-2014-6385;0.006040000;0.467490000
CVE-2014-6384;0.003320000;0.239030000
CVE-2014-6383;0.020970000;0.809160000
CVE-2014-6382;0.011730000;0.662030000
CVE-2014-6381;0.005480000;0.436230000
CVE-2014-6380;0.029290000;0.865440000
CVE-2014-6379;0.025120000;0.841480000
CVE-2014-6378;0.018190000;0.778650000
CVE-2014-6377;0.018190000;0.778660000
CVE-2014-6376;0.131180000;0.962300000
CVE-2014-6375;0.131180000;0.962300000
CVE-2014-6374;0.125300000;0.960950000
CVE-2014-6373;0.131180000;0.962300000
CVE-2014-6369;0.246460000;0.978170000
CVE-2014-6368;0.122110000;0.960330000
CVE-2014-6366;0.234740000;0.977230000
CVE-2014-6365;0.246980000;0.978230000
CVE-2014-6364;0.146620000;0.965460000
CVE-2014-6363;0.284420000;0.980670000
CVE-2014-6362;0.161600000;0.968250000
CVE-2014-6361;0.133520000;0.962840000
CVE-2014-6360;0.133520000;0.962850000
CVE-2014-6357;0.143470000;0.964940000
CVE-2014-6356;0.118710000;0.959610000
CVE-2014-6355;0.342030000;0.983550000
CVE-2014-6354;0.128050000;0.961550000
CVE-2014-6353;0.155250000;0.967110000
CVE-2014-6352;0.774850000;0.995470000
CVE-2014-6351;0.224850000;0.976340000
CVE-2014-6350;0.205580000;0.974380000
CVE-2014-6349;0.106760000;0.956590000
CVE-2014-6348;0.156820000;0.967410000
CVE-2014-6347;0.155250000;0.967100000
CVE-2014-6346;0.135640000;0.963290000
CVE-2014-6345;0.302130000;0.981640000
CVE-2014-6344;0.155250000;0.967090000
CVE-2014-6343;0.155250000;0.967000000
CVE-2014-6342;0.155250000;0.967110000
CVE-2014-6341;0.155250000;0.967120000
CVE-2014-6340;0.288470000;0.980930000
CVE-2014-6339;0.118830000;0.959640000
CVE-2014-6337;0.155250000;0.967120000
CVE-2014-6336;0.070720000;0.939960000
CVE-2014-6335;0.160380000;0.968040000
CVE-2014-6334;0.172040000;0.969970000
CVE-2014-6333;0.178520000;0.970770000
CVE-2014-6332;0.949960000;0.998600000
CVE-2014-6331;0.203170000;0.973970000
CVE-2014-6330;0.234740000;0.977230000
CVE-2014-6329;0.203440000;0.974020000
CVE-2014-6328;0.213470000;0.975280000
CVE-2014-6327;0.131180000;0.962290000
CVE-2014-6326;0.087220000;0.949690000
CVE-2014-6325;0.087220000;0.949690000
CVE-2014-6324;0.873350000;0.997510000
CVE-2014-6323;0.135640000;0.963290000
CVE-2014-6322;0.129740000;0.961930000
CVE-2014-6321;0.959880000;0.998730000
CVE-2014-6319;0.096990000;0.953510000
CVE-2014-6318;0.113760000;0.958510000
CVE-2014-6317;0.184280000;0.971470000
CVE-2014-6316;0.023280000;0.828340000
CVE-2014-6315;0.023740000;0.831700000
CVE-2014-6313;0.020230000;0.801800000
CVE-2014-6312;0.041550000;0.905120000
CVE-2014-6311;0.016720000;0.758600000
CVE-2014-6310;0.047060000;0.914940000
CVE-2014-6309;0.015350000;0.737980000
CVE-2014-6308;0.222600000;0.976070000
CVE-2014-6304;0.011730000;0.661970000
CVE-2014-6303;0.012180000;0.674160000
CVE-2014-6302;0.012630000;0.685000000
CVE-2014-6301;0.009310000;0.590970000
CVE-2014-6300;0.018620000;0.784060000
CVE-2014-6299;0.005700000;0.449180000
CVE-2014-6298;0.023260000;0.828210000
CVE-2014-6297;0.009310000;0.590990000
CVE-2014-6296;0.009310000;0.590990000
CVE-2014-6295;0.011640000;0.659780000
CVE-2014-6294;0.009420000;0.594270000
CVE-2014-6293;0.016880000;0.761120000
CVE-2014-6292;0.013330000;0.699900000
CVE-2014-6291;0.011480000;0.655110000
CVE-2014-6290;0.013090000;0.694570000
CVE-2014-6289;0.015230000;0.735950000
CVE-2014-6288;0.019120000;0.789750000
CVE-2014-6287;0.993230000;0.999380000
CVE-2014-6284;0.017820000;0.773690000
CVE-2014-6283;0.011480000;0.654950000
CVE-2014-6280;0.018920000;0.787620000
CVE-2014-6278;0.996030000;0.999470000
CVE-2014-6277;0.697750000;0.993510000
CVE-2014-6276;0.015480000;0.740100000
CVE-2014-6275;0.009440000;0.594920000
CVE-2014-6274;0.001650000;0.050680000
CVE-2014-6273;0.024370000;0.836390000
CVE-2014-6272;0.020840000;0.807940000
CVE-2014-6271;0.999990000;0.999930000
CVE-2014-6270;0.233170000;0.977080000
CVE-2014-6269;0.038130000;0.896740000
CVE-2014-6268;0.004150000;0.332240000
CVE-2014-6262;0.072470000;0.941260000
CVE-2014-6261;0.196830000;0.973120000
CVE-2014-6260;0.017740000;0.772900000
CVE-2014-6259;0.015940000;0.747160000
CVE-2014-6258;0.014610000;0.725300000
CVE-2014-6257;0.014130000;0.716160000
CVE-2014-6256;0.015110000;0.734230000
CVE-2014-6255;0.020690000;0.806440000
CVE-2014-6254;0.011810000;0.664640000
CVE-2014-6253;0.006530000;0.492470000
CVE-2014-6252;0.023960000;0.833330000
CVE-2014-6251;0.010200000;0.619400000
CVE-2014-6243;0.020640000;0.805890000
CVE-2014-6242;0.041550000;0.905130000
CVE-2014-6241;0.012600000;0.684220000
CVE-2014-6240;0.009310000;0.590970000
CVE-2014-6239;0.012470000;0.680980000
CVE-2014-6238;0.011480000;0.655110000
CVE-2014-6237;0.009360000;0.592360000
CVE-2014-6236;0.026510000;0.850410000
CVE-2014-6235;0.055730000;0.925970000
CVE-2014-6234;0.011610000;0.658560000
CVE-2014-6233;0.012600000;0.684240000
CVE-2014-6232;0.010940000;0.641350000
CVE-2014-6231;0.026510000;0.850420000
CVE-2014-6230;0.024400000;0.836560000
CVE-2014-6229;0.016810000;0.760070000
CVE-2014-6228;0.019340000;0.792300000
CVE-2014-6222;0.014440000;0.721850000
CVE-2014-6221;0.026850000;0.852670000
CVE-2014-6215;0.014020000;0.714280000
CVE-2014-6214;0.009580000;0.599250000
CVE-2014-6212;0.014190000;0.717330000
CVE-2014-6211;0.003790000;0.292790000
CVE-2014-6210;0.024900000;0.840050000
CVE-2014-6209;0.024900000;0.840050000
CVE-2014-6199;0.020320000;0.802670000
CVE-2014-6198;0.008240000;0.556590000
CVE-2014-6197;0.014260000;0.718770000
CVE-2014-6196;0.013570000;0.705320000
CVE-2014-6195;0.003680000;0.280990000
CVE-2014-6194;0.014410000;0.721360000
CVE-2014-6193;0.015810000;0.745210000
CVE-2014-6192;0.007670000;0.537180000
CVE-2014-6191;0.006420000;0.486630000
CVE-2014-6190;0.011860000;0.665790000
CVE-2014-6189;0.011650000;0.659890000
CVE-2014-6188;0.015430000;0.739370000
CVE-2014-6187;0.008660000;0.570210000
CVE-2014-6186;0.018050000;0.776690000
CVE-2014-6185;0.003840000;0.297910000
CVE-2014-6184;0.004010000;0.317740000
CVE-2014-6183;0.017860000;0.774210000
CVE-2014-6182;0.021080000;0.810150000
CVE-2014-6181;0.016200000;0.751060000
CVE-2014-6180;0.014170000;0.717070000
CVE-2014-6179;0.017920000;0.775050000
CVE-2014-6178;0.014170000;0.717070000
CVE-2014-6177;0.016380000;0.753770000
CVE-2014-6176;0.018220000;0.779050000
CVE-2014-6175;0.009460000;0.595670000
CVE-2014-6174;0.014930000;0.730950000
CVE-2014-6173;0.012400000;0.679450000
CVE-2014-6172;0.020720000;0.806700000
CVE-2014-6171;0.017730000;0.772650000
CVE-2014-6170;0.013540000;0.704790000
CVE-2014-6169;0.006520000;0.491750000
CVE-2014-6168;0.004670000;0.379030000
CVE-2014-6167;0.018120000;0.777690000
CVE-2014-6166;0.020060000;0.800160000
CVE-2014-6164;0.020950000;0.808990000
CVE-2014-6163;0.009360000;0.592310000
CVE-2014-6161;0.009360000;0.592360000
CVE-2014-6160;0.006080000;0.469680000
CVE-2014-6159;0.021200000;0.811250000
CVE-2014-6158;0.036670000;0.892450000
CVE-2014-6155;0.024240000;0.835400000
CVE-2014-6154;0.035170000;0.887900000
CVE-2014-6153;0.020490000;0.804350000
CVE-2014-6152;0.009460000;0.595680000
CVE-2014-6151;0.009620000;0.600820000
CVE-2014-6150;0.009360000;0.592290000
CVE-2014-6149;0.018540000;0.783040000
CVE-2014-6148;0.010080000;0.615620000
CVE-2014-6147;0.003750000;0.288380000
CVE-2014-6146;0.003080000;0.211490000
CVE-2014-6145;0.010770000;0.636220000
CVE-2014-6144;0.010680000;0.634010000
CVE-2014-6143;0.003300000;0.235230000
CVE-2014-6141;0.017580000;0.770550000
CVE-2014-6140;0.064940000;0.935290000
CVE-2014-6139;0.009950000;0.611670000
CVE-2014-6138;0.011150000;0.646900000
CVE-2014-6137;0.022530000;0.822380000
CVE-2014-6136;0.011730000;0.661940000
CVE-2014-6135;0.011680000;0.660540000
CVE-2014-6134;0.003320000;0.238330000
CVE-2014-6133;0.003300000;0.235220000
CVE-2014-6132;0.016150000;0.750280000
CVE-2014-6131;0.013320000;0.699880000
CVE-2014-6130;0.018800000;0.786080000
CVE-2014-6129;0.013740000;0.708840000
CVE-2014-6126;0.017920000;0.775040000
CVE-2014-6125;0.009680000;0.603180000
CVE-2014-6123;0.003120000;0.216470000
CVE-2014-6122;0.015380000;0.738560000
CVE-2014-6121;0.009360000;0.592390000
CVE-2014-6120;0.050140000;0.919500000
CVE-2014-6119;0.036260000;0.891190000
CVE-2014-6116;0.012820000;0.688880000
CVE-2014-6115;0.013290000;0.699010000
CVE-2014-6114;0.021660000;0.815130000
CVE-2014-6113;0.009310000;0.590980000
CVE-2014-6112;0.018740000;0.785380000
CVE-2014-6111;0.003510000;0.262140000
CVE-2014-6110;0.005760000;0.452930000
CVE-2014-6109;0.011990000;0.668980000
CVE-2014-6108;0.012580000;0.683860000
CVE-2014-6107;0.023640000;0.831060000
CVE-2014-6106;0.009190000;0.586630000
CVE-2014-6105;0.023640000;0.831060000
CVE-2014-6102;0.004860000;0.393710000
CVE-2014-6101;0.011610000;0.658600000
CVE-2014-6100;0.009360000;0.592360000
CVE-2014-6099;0.013320000;0.699800000
CVE-2014-6098;0.026870000;0.852770000
CVE-2014-6097;0.018960000;0.788000000
CVE-2014-6096;0.023250000;0.828120000
CVE-2014-6095;0.035400000;0.888530000
CVE-2014-6093;0.015430000;0.739370000
CVE-2014-6092;0.012320000;0.677650000
CVE-2014-6091;0.007590000;0.534160000
CVE-2014-6090;0.005660000;0.447670000
CVE-2014-6089;0.012540000;0.682740000
CVE-2014-6088;0.013690000;0.707760000
CVE-2014-6087;0.013690000;0.707750000
CVE-2014-6086;0.013690000;0.707710000
CVE-2014-6084;0.013690000;0.707750000
CVE-2014-6083;0.013690000;0.707750000
CVE-2014-6082;0.013860000;0.711230000
CVE-2014-6080;0.010400000;0.625610000
CVE-2014-6079;0.013570000;0.705310000
CVE-2014-6078;0.013730000;0.708560000
CVE-2014-6077;0.006330000;0.482180000
CVE-2014-6076;0.009560000;0.598610000
CVE-2014-6075;0.011730000;0.661960000
CVE-2014-6074;0.010820000;0.637770000
CVE-2014-6071;0.023380000;0.829130000
CVE-2014-6070;0.035820000;0.889950000
CVE-2014-6064;0.013060000;0.694010000
CVE-2014-6060;0.004410000;0.357770000
CVE-2014-6059;0.032880000;0.880210000
CVE-2014-6055;0.078300000;0.944770000
CVE-2014-6054;0.055400000;0.925540000
CVE-2014-6053;0.072540000;0.941300000
CVE-2014-6052;0.067550000;0.937440000
CVE-2014-6051;0.082720000;0.947240000
CVE-2014-6050;0.045540000;0.912630000
CVE-2014-6049;0.031870000;0.875840000
CVE-2014-6048;0.056800000;0.927240000
CVE-2014-6047;0.056800000;0.927240000
CVE-2014-6046;0.019320000;0.792030000
CVE-2014-6045;0.020880000;0.808320000
CVE-2014-6043;0.127970000;0.961520000
CVE-2014-6041;0.182780000;0.971270000
CVE-2014-6040;0.065640000;0.935870000
CVE-2014-6039;0.687790000;0.993250000
CVE-2014-6038;0.727570000;0.994320000
CVE-2014-6037;0.841820000;0.996900000
CVE-2014-6036;0.362670000;0.984320000
CVE-2014-6035;0.288030000;0.980900000
CVE-2014-6034;0.789540000;0.995840000
CVE-2014-6032;0.028960000;0.863950000
CVE-2014-6031;0.010730000;0.635370000
CVE-2014-6030;0.017270000;0.766200000
CVE-2014-6029;0.016960000;0.762160000
CVE-2014-6028;0.017060000;0.763510000
CVE-2014-6027;0.012020000;0.669820000
CVE-2014-6025;0.003050000;0.208890000
CVE-2014-6024;0.003050000;0.208880000
CVE-2014-6023;0.002710000;0.174510000
CVE-2014-6022;0.002710000;0.174510000
CVE-2014-6021;0.002710000;0.174510000
CVE-2014-6020;0.002710000;0.174500000
CVE-2014-6019;0.002710000;0.174500000
CVE-2014-6018;0.002710000;0.174500000
CVE-2014-6017;0.002710000;0.174500000
CVE-2014-6016;0.002710000;0.174410000
CVE-2014-6015;0.002970000;0.200840000
CVE-2014-6014;0.002710000;0.174410000
CVE-2014-6013;0.002710000;0.174190000
CVE-2014-6012;0.002710000;0.174190000
CVE-2014-6011;0.002710000;0.174100000
CVE-2014-6010;0.002710000;0.174190000
CVE-2014-6009;0.002710000;0.173990000
CVE-2014-6008;0.002710000;0.174040000
CVE-2014-6007;0.002710000;0.174040000
CVE-2014-6006;0.002930000;0.196440000
CVE-2014-6005;0.002710000;0.174040000
CVE-2014-6004;0.002710000;0.174030000
CVE-2014-6003;0.002710000;0.174030000
CVE-2014-6002;0.002710000;0.173970000
CVE-2014-6001;0.002970000;0.200850000
CVE-2014-6000;0.002710000;0.174010000
CVE-2014-5999;0.002710000;0.174000000
CVE-2014-5998;0.002710000;0.174000000
CVE-2014-5997;0.002710000;0.174000000
CVE-2014-5996;0.002710000;0.174000000
CVE-2014-5995;0.002710000;0.174520000
CVE-2014-5994;0.002710000;0.174560000
CVE-2014-5993;0.002710000;0.174670000
CVE-2014-5992;0.002710000;0.174670000
CVE-2014-5991;0.002710000;0.174180000
CVE-2014-5990;0.002710000;0.174180000
CVE-2014-5989;0.002710000;0.174180000
CVE-2014-5988;0.002710000;0.174180000
CVE-2014-5987;0.002710000;0.174170000
CVE-2014-5986;0.002710000;0.174170000
CVE-2014-5985;0.002710000;0.174130000
CVE-2014-5984;0.002710000;0.174160000
CVE-2014-5983;0.002930000;0.196430000
CVE-2014-5982;0.002710000;0.174160000
CVE-2014-5981;0.002710000;0.174160000
CVE-2014-5980;0.002970000;0.200850000
CVE-2014-5979;0.002710000;0.173970000
CVE-2014-5978;0.002710000;0.173960000
CVE-2014-5977;0.002710000;0.174690000
CVE-2014-5976;0.002710000;0.174570000
CVE-2014-5975;0.002710000;0.174570000
CVE-2014-5974;0.002710000;0.174560000
CVE-2014-5973;0.002710000;0.174100000
CVE-2014-5972;0.002710000;0.174090000
CVE-2014-5971;0.002970000;0.200840000
CVE-2014-5970;0.002710000;0.175080000
CVE-2014-5969;0.002710000;0.175080000
CVE-2014-5968;0.002710000;0.175080000
CVE-2014-5967;0.011190000;0.647860000
CVE-2014-5966;0.002710000;0.175080000
CVE-2014-5965;0.002710000;0.175070000
CVE-2014-5964;0.002710000;0.174870000
CVE-2014-5963;0.002710000;0.174860000
CVE-2014-5962;0.002710000;0.174860000
CVE-2014-5961;0.002710000;0.174860000
CVE-2014-5960;0.002710000;0.174520000
CVE-2014-5959;0.002710000;0.174540000
CVE-2014-5958;0.002710000;0.174570000
CVE-2014-5957;0.002710000;0.174550000
CVE-2014-5956;0.002710000;0.174550000
CVE-2014-5955;0.002710000;0.174750000
CVE-2014-5954;0.002710000;0.174790000
CVE-2014-5953;0.002970000;0.200850000
CVE-2014-5952;0.002710000;0.174790000
CVE-2014-5951;0.002710000;0.174790000
CVE-2014-5950;0.002710000;0.174780000
CVE-2014-5949;0.002710000;0.174530000
CVE-2014-5948;0.002710000;0.174530000
CVE-2014-5947;0.002710000;0.174530000
CVE-2014-5946;0.002710000;0.174760000
CVE-2014-5945;0.002710000;0.174760000
CVE-2014-5944;0.002710000;0.174700000
CVE-2014-5943;0.003370000;0.245920000
CVE-2014-5942;0.002710000;0.174700000
CVE-2014-5941;0.002710000;0.174550000
CVE-2014-5940;0.002710000;0.174620000
CVE-2014-5939;0.002710000;0.174610000
CVE-2014-5938;0.002710000;0.174610000
CVE-2014-5937;0.002710000;0.174550000
CVE-2014-5936;0.002710000;0.174780000
CVE-2014-5935;0.002710000;0.174760000
CVE-2014-5934;0.002970000;0.200850000
CVE-2014-5933;0.002710000;0.174540000
CVE-2014-5932;0.002710000;0.174540000
CVE-2014-5931;0.002710000;0.174530000
CVE-2014-5930;0.002710000;0.174760000
CVE-2014-5929;0.002710000;0.174640000
CVE-2014-5928;0.002710000;0.174590000
CVE-2014-5927;0.002660000;0.168030000
CVE-2014-5926;0.002710000;0.174590000
CVE-2014-5925;0.002710000;0.174590000
CVE-2014-5924;0.002710000;0.175120000
CVE-2014-5923;0.002710000;0.175020000
CVE-2014-5922;0.002710000;0.175010000
CVE-2014-5921;0.002710000;0.175000000
CVE-2014-5920;0.002710000;0.174670000
CVE-2014-5919;0.002710000;0.174660000
CVE-2014-5918;0.002710000;0.174660000
CVE-2014-5917;0.002710000;0.174660000
CVE-2014-5916;0.002710000;0.174650000
CVE-2014-5915;0.002710000;0.174650000
CVE-2014-5914;0.002710000;0.174650000
CVE-2014-5913;0.002710000;0.174640000
CVE-2014-5912;0.002710000;0.174640000
CVE-2014-5911;0.002710000;0.174560000
CVE-2014-5910;0.002710000;0.174560000
CVE-2014-5909;0.002710000;0.174520000
CVE-2014-5908;0.002710000;0.174870000
CVE-2014-5907;0.002710000;0.174830000
CVE-2014-5906;0.002710000;0.174870000
CVE-2014-5905;0.002710000;0.175000000
CVE-2014-5904;0.002710000;0.175000000
CVE-2014-5903;0.002710000;0.175000000
CVE-2014-5902;0.002710000;0.175030000
CVE-2014-5901;0.002710000;0.174990000
CVE-2014-5900;0.002710000;0.175100000
CVE-2014-5899;0.002710000;0.175100000
CVE-2014-5898;0.002710000;0.175030000
CVE-2014-5897;0.002710000;0.175020000
CVE-2014-5896;0.002710000;0.175020000
CVE-2014-5895;0.002710000;0.175020000
CVE-2014-5894;0.002930000;0.196430000
CVE-2014-5893;0.002710000;0.174990000
CVE-2014-5892;0.002710000;0.174950000
CVE-2014-5891;0.002710000;0.174900000
CVE-2014-5890;0.002710000;0.174900000
CVE-2014-5889;0.002710000;0.174900000
CVE-2014-5888;0.002710000;0.174880000
CVE-2014-5887;0.002970000;0.200750000
CVE-2014-5886;0.003390000;0.247190000
CVE-2014-5885;0.002710000;0.174880000
CVE-2014-5884;0.002710000;0.174880000
CVE-2014-5883;0.002710000;0.174880000
CVE-2014-5882;0.002710000;0.174970000
CVE-2014-5881;0.003540000;0.265100000
CVE-2014-5879;0.002710000;0.174970000
CVE-2014-5878;0.002710000;0.174960000
CVE-2014-5877;0.002710000;0.174600000
CVE-2014-5876;0.002710000;0.174130000
CVE-2014-5875;0.002710000;0.174120000
CVE-2014-5874;0.002710000;0.174480000
CVE-2014-5873;0.002970000;0.200750000
CVE-2014-5872;0.002710000;0.174120000
CVE-2014-5871;0.002710000;0.174110000
CVE-2014-5870;0.002970000;0.200770000
CVE-2014-5869;0.002710000;0.174960000
CVE-2014-5868;0.002710000;0.174980000
CVE-2014-5867;0.002710000;0.174980000
CVE-2014-5866;0.002710000;0.174980000
CVE-2014-5865;0.002970000;0.200770000
CVE-2014-5864;0.002710000;0.174970000
CVE-2014-5863;0.002710000;0.174970000
CVE-2014-5862;0.002710000;0.174070000
CVE-2014-5861;0.002710000;0.174070000
CVE-2014-5860;0.002710000;0.174070000
CVE-2014-5859;0.002970000;0.200750000
CVE-2014-5858;0.002710000;0.174060000
CVE-2014-5857;0.002710000;0.174150000
CVE-2014-5856;0.002710000;0.174080000
CVE-2014-5855;0.002710000;0.174060000
CVE-2014-5854;0.002710000;0.174060000
CVE-2014-5853;0.002710000;0.174050000
CVE-2014-5852;0.002710000;0.174050000
CVE-2014-5851;0.002710000;0.174090000
CVE-2014-5850;0.002710000;0.174200000
CVE-2014-5849;0.002710000;0.174200000
CVE-2014-5848;0.002710000;0.174200000
CVE-2014-5847;0.002710000;0.174190000
CVE-2014-5846;0.002710000;0.174150000
CVE-2014-5845;0.002710000;0.174150000
CVE-2014-5844;0.002970000;0.200750000
CVE-2014-5843;0.002710000;0.174140000
CVE-2014-5842;0.002710000;0.174080000
CVE-2014-5841;0.002710000;0.174060000
CVE-2014-5840;0.002710000;0.174020000
CVE-2014-5839;0.002710000;0.174010000
CVE-2014-5838;0.002710000;0.174010000
CVE-2014-5837;0.002710000;0.173920000
CVE-2014-5836;0.002710000;0.173920000
CVE-2014-5835;0.002710000;0.173910000
CVE-2014-5834;0.002710000;0.173910000
CVE-2014-5833;0.002710000;0.173910000
CVE-2014-5832;0.002710000;0.173910000
CVE-2014-5831;0.002710000;0.173900000
CVE-2014-5830;0.002600000;0.159270000
CVE-2014-5829;0.002710000;0.173900000
CVE-2014-5828;0.002710000;0.174030000
CVE-2014-5827;0.002710000;0.174030000
CVE-2014-5826;0.002710000;0.174020000
CVE-2014-5825;0.002710000;0.174020000
CVE-2014-5824;0.002970000;0.200860000
CVE-2014-5823;0.002710000;0.174170000
CVE-2014-5822;0.002970000;0.200860000
CVE-2014-5821;0.002710000;0.174440000
CVE-2014-5820;0.002710000;0.174440000
CVE-2014-5819;0.002710000;0.174430000
CVE-2014-5818;0.002710000;0.174390000
CVE-2014-5817;0.002710000;0.174360000
CVE-2014-5816;0.002970000;0.200870000
CVE-2014-5815;0.002710000;0.174400000
CVE-2014-5813;0.002710000;0.174510000
CVE-2014-5812;0.002710000;0.174410000
CVE-2014-5811;0.003370000;0.245900000
CVE-2014-5810;0.002710000;0.174400000
CVE-2014-5809;0.002710000;0.174360000
CVE-2014-5808;0.002710000;0.174400000
CVE-2014-5807;0.002710000;0.174400000
CVE-2014-5806;0.002710000;0.174390000
CVE-2014-5805;0.002710000;0.174390000
CVE-2014-5804;0.002710000;0.174470000
CVE-2014-5803;0.002710000;0.174470000
CVE-2014-5802;0.002710000;0.174470000
CVE-2014-5801;0.002710000;0.174390000
CVE-2014-5800;0.002710000;0.174380000
CVE-2014-5799;0.002970000;0.200880000
CVE-2014-5798;0.002970000;0.200880000
CVE-2014-5797;0.002970000;0.200870000
CVE-2014-5796;0.002710000;0.173970000
CVE-2014-5794;0.002710000;0.174280000
CVE-2014-5793;0.002710000;0.174440000
CVE-2014-5792;0.002710000;0.174480000
CVE-2014-5791;0.002970000;0.200870000
CVE-2014-5790;0.002710000;0.174480000
CVE-2014-5789;0.002970000;0.200870000
CVE-2014-5788;0.002710000;0.174270000
CVE-2014-5787;0.002970000;0.200800000
CVE-2014-5786;0.002710000;0.174270000
CVE-2014-5785;0.002970000;0.200830000
CVE-2014-5784;0.002970000;0.200800000
CVE-2014-5783;0.002710000;0.174260000
CVE-2014-5782;0.002970000;0.200820000
CVE-2014-5781;0.002970000;0.200790000
CVE-2014-5780;0.002970000;0.200780000
CVE-2014-5779;0.002710000;0.174260000
CVE-2014-5778;0.002710000;0.174440000
CVE-2014-5777;0.002710000;0.174320000
CVE-2014-5776;0.002710000;0.174280000
CVE-2014-5775;0.002710000;0.174280000
CVE-2014-5774;0.002660000;0.167820000
CVE-2014-5773;0.002710000;0.174250000
CVE-2014-5772;0.002930000;0.196440000
CVE-2014-5771;0.002710000;0.174250000
CVE-2014-5770;0.002710000;0.174200000
CVE-2014-5769;0.002710000;0.174240000
CVE-2014-5768;0.002710000;0.174450000
CVE-2014-5767;0.002710000;0.174450000
CVE-2014-5766;0.002710000;0.174450000
CVE-2014-5765;0.002710000;0.174720000
CVE-2014-5764;0.003370000;0.245910000
CVE-2014-5763;0.002710000;0.174330000
CVE-2014-5762;0.002710000;0.174250000
CVE-2014-5761;0.002970000;0.200780000
CVE-2014-5760;0.003370000;0.245910000
CVE-2014-5759;0.003370000;0.245900000
CVE-2014-5758;0.002970000;0.200790000
CVE-2014-5757;0.002710000;0.174250000
CVE-2014-5756;0.002710000;0.174330000
CVE-2014-5755;0.002710000;0.174330000
CVE-2014-5754;0.002710000;0.174280000
CVE-2014-5753;0.002710000;0.174320000
CVE-2014-5752;0.002710000;0.174320000
CVE-2014-5751;0.002710000;0.174310000
CVE-2014-5750;0.002710000;0.174310000
CVE-2014-5749;0.002710000;0.174120000
CVE-2014-5748;0.002710000;0.174750000
CVE-2014-5747;0.002710000;0.174750000
CVE-2014-5746;0.002710000;0.174750000
CVE-2014-5745;0.002710000;0.174740000
CVE-2014-5744;0.002710000;0.174740000
CVE-2014-5743;0.002710000;0.174740000
CVE-2014-5742;0.002710000;0.174740000
CVE-2014-5741;0.002970000;0.200840000
CVE-2014-5740;0.002970000;0.200840000
CVE-2014-5739;0.002970000;0.200790000
CVE-2014-5738;0.002970000;0.200790000
CVE-2014-5737;0.002710000;0.174730000
CVE-2014-5736;0.002710000;0.174730000
CVE-2014-5735;0.002710000;0.174730000
CVE-2014-5734;0.002710000;0.174730000
CVE-2014-5733;0.002710000;0.174230000
CVE-2014-5732;0.002710000;0.174230000
CVE-2014-5731;0.002710000;0.174220000
CVE-2014-5730;0.002710000;0.174220000
CVE-2014-5729;0.002710000;0.174460000
CVE-2014-5728;0.002710000;0.174220000
CVE-2014-5727;0.002710000;0.174210000
CVE-2014-5726;0.002710000;0.174210000
CVE-2014-5725;0.002710000;0.174270000
CVE-2014-5724;0.002710000;0.173940000
CVE-2014-5723;0.002970000;0.200800000
CVE-2014-5722;0.002710000;0.173940000
CVE-2014-5721;0.002710000;0.173940000
CVE-2014-5720;0.002710000;0.173940000
CVE-2014-5719;0.002710000;0.173930000
CVE-2014-5717;0.002710000;0.173890000
CVE-2014-5716;0.002710000;0.173930000
CVE-2014-5715;0.002710000;0.173930000
CVE-2014-5714;0.002710000;0.173920000
CVE-2014-5713;0.002710000;0.174140000
CVE-2014-5712;0.002710000;0.174140000
CVE-2014-5711;0.026790000;0.852310000
CVE-2014-5710;0.002710000;0.174140000
CVE-2014-5709;0.002710000;0.174130000
CVE-2014-5708;0.002710000;0.174130000
CVE-2014-5707;0.002710000;0.174010000
CVE-2014-5706;0.002710000;0.173900000
CVE-2014-5705;0.002710000;0.174950000
CVE-2014-5704;0.003550000;0.267060000
CVE-2014-5703;0.002710000;0.174950000
CVE-2014-5702;0.002710000;0.174910000
CVE-2014-5701;0.002710000;0.174950000
CVE-2014-5700;0.002710000;0.174940000
CVE-2014-5699;0.002710000;0.174940000
CVE-2014-5698;0.002710000;0.174940000
CVE-2014-5697;0.002710000;0.174940000
CVE-2014-5696;0.002710000;0.174930000
CVE-2014-5695;0.002710000;0.174900000
CVE-2014-5694;0.002710000;0.174890000
CVE-2014-5693;0.002710000;0.174890000
CVE-2014-5692;0.002710000;0.174890000
CVE-2014-5691;0.002710000;0.174890000
CVE-2014-5690;0.002970000;0.200780000
CVE-2014-5689;0.002970000;0.200780000
CVE-2014-5688;0.002970000;0.200810000
CVE-2014-5687;0.002970000;0.200760000
CVE-2014-5686;0.002970000;0.200770000
CVE-2014-5685;0.002710000;0.174680000
CVE-2014-5684;0.002970000;0.200760000
CVE-2014-5683;0.002710000;0.174710000
CVE-2014-5682;0.002710000;0.174830000
CVE-2014-5681;0.002710000;0.174830000
CVE-2014-5680;0.002710000;0.174820000
CVE-2014-5679;0.002710000;0.174820000
CVE-2014-5678;0.002710000;0.173960000
CVE-2014-5677;0.002710000;0.173950000
CVE-2014-5676;0.002710000;0.173950000
CVE-2014-5675;0.002710000;0.173950000
CVE-2014-5674;0.002710000;0.173950000
CVE-2014-5673;0.002710000;0.173900000
CVE-2014-5672;0.003370000;0.245920000
CVE-2014-5671;0.002710000;0.173890000
CVE-2014-5670;0.002710000;0.173930000
CVE-2014-5669;0.002710000;0.174050000
CVE-2014-5668;0.002710000;0.174090000
CVE-2014-5667;0.002930000;0.196420000
CVE-2014-5666;0.002710000;0.174050000
CVE-2014-5665;0.002710000;0.173990000
CVE-2014-5664;0.002710000;0.173990000
CVE-2014-5663;0.002710000;0.173990000
CVE-2014-5662;0.002710000;0.174430000
CVE-2014-5661;0.002710000;0.174680000
CVE-2014-5660;0.002710000;0.174490000
CVE-2014-5659;0.002710000;0.174490000
CVE-2014-5658;0.002970000;0.200830000
CVE-2014-5657;0.002710000;0.174490000
CVE-2014-5656;0.002710000;0.174340000
CVE-2014-5655;0.002710000;0.174340000
CVE-2014-5654;0.003370000;0.245910000
CVE-2014-5653;0.002710000;0.174340000
CVE-2014-5652;0.002970000;0.200820000
CVE-2014-5651;0.002970000;0.200860000
CVE-2014-5650;0.002710000;0.174340000
CVE-2014-5649;0.002710000;0.174330000
CVE-2014-5648;0.002930000;0.196430000
CVE-2014-5647;0.002710000;0.174310000
CVE-2014-5646;0.003600000;0.272340000
CVE-2014-5645;0.002710000;0.174310000
CVE-2014-5644;0.002710000;0.174300000
CVE-2014-5643;0.002710000;0.174300000
CVE-2014-5642;0.002710000;0.174300000
CVE-2014-5641;0.002710000;0.174300000
CVE-2014-5640;0.002930000;0.196420000
CVE-2014-5639;0.002710000;0.174290000
CVE-2014-5638;0.002710000;0.173960000
CVE-2014-5637;0.002710000;0.174480000
CVE-2014-5636;0.002710000;0.174210000
CVE-2014-5635;0.002710000;0.174210000
CVE-2014-5634;0.002710000;0.174240000
CVE-2014-5633;0.002710000;0.174360000
CVE-2014-5632;0.002710000;0.174360000
CVE-2014-5631;0.002710000;0.174350000
CVE-2014-5630;0.002710000;0.174350000
CVE-2014-5629;0.002710000;0.174350000
CVE-2014-5628;0.002710000;0.174350000
CVE-2014-5627;0.002710000;0.174430000
CVE-2014-5626;0.002710000;0.174430000
CVE-2014-5625;0.002710000;0.174420000
CVE-2014-5624;0.002710000;0.174420000
CVE-2014-5623;0.002710000;0.174420000
CVE-2014-5622;0.002710000;0.174490000
CVE-2014-5621;0.002710000;0.174690000
CVE-2014-5620;0.002710000;0.174850000
CVE-2014-5618;0.002710000;0.174850000
CVE-2014-5617;0.002710000;0.174850000
CVE-2014-5616;0.002710000;0.174850000
CVE-2014-5615;0.002710000;0.174840000
CVE-2014-5614;0.002710000;0.174840000
CVE-2014-5613;0.002710000;0.174840000
CVE-2014-5612;0.002710000;0.174840000
CVE-2014-5611;0.002710000;0.174800000
CVE-2014-5610;0.002710000;0.174800000
CVE-2014-5609;0.002710000;0.174800000
CVE-2014-5608;0.002710000;0.174690000
CVE-2014-5607;0.003390000;0.247730000
CVE-2014-5606;0.003170000;0.221380000
CVE-2014-5605;0.002710000;0.174540000
CVE-2014-5604;0.002650000;0.165280000
CVE-2014-5603;0.002710000;0.174410000
CVE-2014-5602;0.002710000;0.175050000
CVE-2014-5601;0.002710000;0.175050000
CVE-2014-5600;0.002710000;0.175050000
CVE-2014-5599;0.002710000;0.175040000
CVE-2014-5598;0.002710000;0.175040000
CVE-2014-5597;0.002710000;0.175040000
CVE-2014-5596;0.002710000;0.175040000
CVE-2014-5595;0.002710000;0.175030000
CVE-2014-5594;0.002710000;0.175030000
CVE-2014-5593;0.002650000;0.165280000
CVE-2014-5592;0.002710000;0.174990000
CVE-2014-5591;0.002920000;0.195000000
CVE-2014-5590;0.002710000;0.174930000
CVE-2014-5589;0.002710000;0.174930000
CVE-2014-5588;0.002710000;0.174990000
CVE-2014-5587;0.002710000;0.174980000
CVE-2014-5586;0.002710000;0.174690000
CVE-2014-5585;0.002710000;0.174450000
CVE-2014-5584;0.002710000;0.174260000
CVE-2014-5583;0.002710000;0.174260000
CVE-2014-5582;0.002710000;0.173980000
CVE-2014-5581;0.002710000;0.173980000
CVE-2014-5580;0.002710000;0.173980000
CVE-2014-5579;0.002930000;0.196430000
CVE-2014-5578;0.002710000;0.173980000
CVE-2014-5577;0.002710000;0.174380000
CVE-2014-5576;0.002710000;0.174380000
CVE-2014-5574;0.002710000;0.174380000
CVE-2014-5573;0.002710000;0.174370000
CVE-2014-5572;0.002710000;0.174370000
CVE-2014-5571;0.002710000;0.174370000
CVE-2014-5570;0.002710000;0.174460000
CVE-2014-5569;0.002970000;0.200760000
CVE-2014-5568;0.002710000;0.174460000
CVE-2014-5567;0.002710000;0.175120000
CVE-2014-5566;0.002710000;0.174710000
CVE-2014-5565;0.002710000;0.174720000
CVE-2014-5564;0.002710000;0.174720000
CVE-2014-5563;0.002710000;0.174680000
CVE-2014-5562;0.002710000;0.174710000
CVE-2014-5561;0.002710000;0.174710000
CVE-2014-5560;0.002710000;0.174290000
CVE-2014-5559;0.002710000;0.174240000
CVE-2014-5558;0.002710000;0.174240000
CVE-2014-5557;0.002710000;0.174230000
CVE-2014-5556;0.002710000;0.174230000
CVE-2014-5555;0.002710000;0.174290000
CVE-2014-5554;0.002710000;0.174700000
CVE-2014-5553;0.002710000;0.174700000
CVE-2014-5552;0.002710000;0.174290000
CVE-2014-5551;0.002710000;0.174460000
CVE-2014-5550;0.002710000;0.175070000
CVE-2014-5549;0.002710000;0.175070000
CVE-2014-5548;0.002710000;0.174930000
CVE-2014-5547;0.002710000;0.174920000
CVE-2014-5546;0.002710000;0.174920000
CVE-2014-5545;0.002710000;0.174920000
CVE-2014-5544;0.002710000;0.174920000
CVE-2014-5543;0.002710000;0.174910000
CVE-2014-5542;0.002660000;0.167060000
CVE-2014-5541;0.002710000;0.174160000
CVE-2014-5540;0.002660000;0.166980000
CVE-2014-5539;0.002710000;0.174150000
CVE-2014-5538;0.002660000;0.167060000
CVE-2014-5537;0.002710000;0.174830000
CVE-2014-5536;0.002660000;0.167270000
CVE-2014-5535;0.002710000;0.173960000
CVE-2014-5534;0.002710000;0.174090000
CVE-2014-5532;0.002710000;0.174080000
CVE-2014-5531;0.002710000;0.174080000
CVE-2014-5529;0.003470000;0.256780000
CVE-2014-5528;0.002970000;0.200770000
CVE-2014-5527;0.002660000;0.166800000
CVE-2014-5526;0.002710000;0.174650000
CVE-2014-5525;0.002660000;0.166660000
CVE-2014-5524;0.002660000;0.166710000
CVE-2014-5521;0.070700000;0.939920000
CVE-2014-5520;0.025550000;0.844420000
CVE-2014-5519;0.649710000;0.992260000
CVE-2014-5516;0.013020000;0.693230000
CVE-2014-5509;0.004000000;0.315580000
CVE-2014-5508;0.011020000;0.643460000
CVE-2014-5507;0.009490000;0.596490000
CVE-2014-5506;0.030600000;0.870950000
CVE-2014-5505;0.038090000;0.896570000
CVE-2014-5504;0.053880000;0.923870000
CVE-2014-5503;0.019890000;0.798070000
CVE-2014-5502;0.023180000;0.827590000
CVE-2014-5501;0.036610000;0.892310000
CVE-2014-5500;0.008330000;0.559510000
CVE-2014-5472;0.005050000;0.407200000
CVE-2014-5471;0.005050000;0.407200000
CVE-2014-5470;0.100120000;0.954590000
CVE-2014-5468;0.525630000;0.989300000
CVE-2014-5466;0.009420000;0.594270000
CVE-2014-5465;0.135430000;0.963270000
CVE-2014-5464;0.044540000;0.910820000
CVE-2014-5462;0.019880000;0.797980000
CVE-2014-5461;0.117140000;0.959300000
CVE-2014-5460;0.708900000;0.993830000
CVE-2014-5459;0.006430000;0.487500000
CVE-2014-5458;0.013490000;0.703460000
CVE-2014-5457;0.003330000;0.241250000
CVE-2014-5456;0.009410000;0.594010000
CVE-2014-5455;0.009590000;0.599570000
CVE-2014-5454;0.023510000;0.830190000
CVE-2014-5453;0.010350000;0.624200000
CVE-2014-5452;0.020500000;0.804500000
CVE-2014-5451;0.018920000;0.787590000
CVE-2014-5450;0.004070000;0.323930000
CVE-2014-5449;0.003710000;0.284920000
CVE-2014-5448;0.003710000;0.284930000
CVE-2014-5447;0.003700000;0.283190000
CVE-2014-5446;0.547150000;0.989900000
CVE-2014-5445;0.980120000;0.999090000
CVE-2014-5444;0.010930000;0.640540000
CVE-2014-5443;0.004160000;0.333540000
CVE-2014-5441;0.019250000;0.791220000
CVE-2014-5440;0.021410000;0.813060000
CVE-2014-5439;0.025480000;0.843890000
CVE-2014-5438;0.007670000;0.537170000
CVE-2014-5437;0.005600000;0.443800000
CVE-2014-5436;0.031240000;0.873450000
CVE-2014-5435;0.034650000;0.886230000
CVE-2014-5434;0.015600000;0.742120000
CVE-2014-5433;0.020620000;0.805740000
CVE-2014-5432;0.025730000;0.845560000
CVE-2014-5431;0.003780000;0.291080000
CVE-2014-5430;0.003720000;0.285750000
CVE-2014-5429;0.013580000;0.705680000
CVE-2014-5428;0.038710000;0.898290000
CVE-2014-5427;0.013330000;0.699960000
CVE-2014-5426;0.013430000;0.702390000
CVE-2014-5425;0.013840000;0.710860000
CVE-2014-5424;0.110000000;0.957580000
CVE-2014-5423;0.003090000;0.212560000
CVE-2014-5422;0.020880000;0.808300000
CVE-2014-5421;0.003460000;0.255810000
CVE-2014-5420;0.009260000;0.588800000
CVE-2014-5419;0.024200000;0.835160000
CVE-2014-5418;0.031920000;0.876060000
CVE-2014-5417;0.018490000;0.782350000
CVE-2014-5415;0.043390000;0.908610000
CVE-2014-5414;0.048010000;0.916350000
CVE-2014-5413;0.010280000;0.621940000
CVE-2014-5412;0.015720000;0.743970000
CVE-2014-5411;0.012870000;0.689840000
CVE-2014-5410;0.041710000;0.905420000
CVE-2014-5409;0.027180000;0.854490000
CVE-2014-5408;0.016710000;0.758540000
CVE-2014-5407;0.003710000;0.284680000
CVE-2014-5406;0.012420000;0.680040000
CVE-2014-5405;0.023270000;0.828320000
CVE-2014-5403;0.017440000;0.768430000
CVE-2014-5401;0.050090000;0.919430000
CVE-2014-5400;0.003290000;0.234060000
CVE-2014-5399;0.015870000;0.746040000
CVE-2014-5398;0.005650000;0.446740000
CVE-2014-5397;0.015120000;0.734270000
CVE-2014-5396;0.020960000;0.809040000
CVE-2014-5395;0.009220000;0.587340000
CVE-2014-5394;0.017340000;0.767140000
CVE-2014-5393;0.026420000;0.849960000
CVE-2014-5392;0.024860000;0.839750000
CVE-2014-5391;0.022270000;0.820370000
CVE-2014-5389;0.023340000;0.828810000
CVE-2014-5388;0.003940000;0.310000000
CVE-2014-5387;0.016490000;0.755320000
CVE-2014-5386;0.015160000;0.734910000
CVE-2014-5385;0.011410000;0.653310000
CVE-2014-5384;0.017680000;0.771950000
CVE-2014-5383;0.211930000;0.975120000
CVE-2014-5382;0.009840000;0.608310000
CVE-2014-5381;0.070570000;0.939840000
CVE-2014-5380;0.043370000;0.908560000
CVE-2014-5377;0.574750000;0.990520000
CVE-2014-5376;0.016800000;0.759890000
CVE-2014-5375;0.016800000;0.759900000
CVE-2014-5370;0.074560000;0.942540000
CVE-2014-5369;0.019380000;0.792820000
CVE-2014-5368;0.188170000;0.971920000
CVE-2014-5362;0.031620000;0.874920000
CVE-2014-5361;0.009030000;0.581470000
CVE-2014-5360;0.009910000;0.610360000
CVE-2014-5359;0.038490000;0.897680000
CVE-2014-5356;0.021450000;0.813420000
CVE-2014-5355;0.045870000;0.913170000
CVE-2014-5354;0.017400000;0.767920000
CVE-2014-5353;0.049680000;0.918890000
CVE-2014-5352;0.062130000;0.932830000
CVE-2014-5351;0.026160000;0.848290000
CVE-2014-5350;0.638940000;0.991980000
CVE-2014-5349;0.037840000;0.895860000
CVE-2014-5348;0.014270000;0.719000000
CVE-2014-5347;0.048860000;0.917620000
CVE-2014-5346;0.026580000;0.850980000
CVE-2014-5345;0.060950000;0.931740000
CVE-2014-5344;0.015710000;0.743790000
CVE-2014-5343;0.019150000;0.790120000
CVE-2014-5342;0.027160000;0.854400000
CVE-2014-5341;0.010780000;0.636590000
CVE-2014-5340;0.061380000;0.932080000
CVE-2014-5339;0.017850000;0.774160000
CVE-2014-5338;0.017310000;0.766900000
CVE-2014-5337;0.169880000;0.969670000
CVE-2014-5336;0.024540000;0.837610000
CVE-2014-5335;0.012240000;0.675840000
CVE-2014-5334;0.050980000;0.920640000
CVE-2014-5333;0.035070000;0.887650000
CVE-2014-5332;0.003710000;0.284750000
CVE-2014-5331;0.011480000;0.655210000
CVE-2014-5330;0.011480000;0.655150000
CVE-2014-5329;0.034150000;0.884510000
CVE-2014-5328;0.012200000;0.674600000
CVE-2014-5327;0.012200000;0.674600000
CVE-2014-5326;0.011480000;0.654830000
CVE-2014-5325;0.023180000;0.827590000
CVE-2014-5324;0.017390000;0.767810000
CVE-2014-5323;0.002480000;0.144310000
CVE-2014-5322;0.017920000;0.775090000
CVE-2014-5321;0.005210000;0.418880000
CVE-2014-5320;0.009820000;0.607690000
CVE-2014-5319;0.018470000;0.782080000
CVE-2014-5318;0.012820000;0.688780000
CVE-2014-5317;0.011610000;0.658540000
CVE-2014-5316;0.011870000;0.665950000
CVE-2014-5315;0.024580000;0.837920000
CVE-2014-5314;0.037420000;0.894630000
CVE-2014-5313;0.009670000;0.602860000
CVE-2014-5308;0.035250000;0.888110000
CVE-2014-5307;0.005710000;0.449920000
CVE-2014-5302;0.107300000;0.956770000
CVE-2014-5301;0.783780000;0.995700000
CVE-2014-5300;0.073600000;0.941990000
CVE-2014-5298;0.030020000;0.868610000
CVE-2014-5297;0.026710000;0.851800000
CVE-2014-5289;0.120210000;0.959960000
CVE-2014-5288;0.015670000;0.743130000
CVE-2014-5287;0.079970000;0.945690000
CVE-2014-5286;0.013690000;0.707650000
CVE-2014-5285;0.020080000;0.800460000
CVE-2014-5284;0.024260000;0.835600000
CVE-2014-5282;0.013230000;0.697570000
CVE-2014-5280;0.007290000;0.523260000
CVE-2014-5279;0.027700000;0.857430000
CVE-2014-5278;0.015050000;0.733190000
CVE-2014-5277;0.018670000;0.784600000
CVE-2014-5276;0.026360000;0.849620000
CVE-2014-5275;0.019470000;0.793820000
CVE-2014-5274;0.010160000;0.618390000
CVE-2014-5273;0.017060000;0.763570000
CVE-2014-5272;0.025870000;0.846440000
CVE-2014-5271;0.046970000;0.914800000
CVE-2014-5270;0.005310000;0.426210000
CVE-2014-5269;0.024550000;0.837680000
CVE-2014-5268;0.010510000;0.628630000
CVE-2014-5267;0.043660000;0.909150000
CVE-2014-5266;0.243850000;0.977960000
CVE-2014-5265;0.030890000;0.872080000
CVE-2014-5263;0.015670000;0.743120000
CVE-2014-5262;0.022750000;0.824020000
CVE-2014-5261;0.107730000;0.956890000
CVE-2014-5260;0.003490000;0.259020000
CVE-2014-5259;0.020410000;0.803550000
CVE-2014-5258;0.203260000;0.973980000
CVE-2014-5257;0.018910000;0.787340000
CVE-2014-5256;0.032650000;0.879270000
CVE-2014-5255;0.003660000;0.279220000
CVE-2014-5254;0.003440000;0.252960000
CVE-2014-5253;0.014880000;0.730180000
CVE-2014-5252;0.015150000;0.734750000
CVE-2014-5251;0.015920000;0.746930000
CVE-2014-5250;0.023570000;0.830610000
CVE-2014-5249;0.019460000;0.793630000
CVE-2014-5248;0.009310000;0.591060000
CVE-2014-5247;0.004910000;0.397470000
CVE-2014-5246;0.124900000;0.960860000
CVE-2014-5243;0.017740000;0.772890000
CVE-2014-5242;0.020740000;0.806940000
CVE-2014-5241;0.008380000;0.560880000
CVE-2014-5240;0.021960000;0.817760000
CVE-2014-5239;0.028870000;0.863410000
CVE-2014-5238;0.019310000;0.791990000
CVE-2014-5237;0.023570000;0.830630000
CVE-2014-5236;0.038090000;0.896560000
CVE-2014-5235;0.019360000;0.792540000
CVE-2014-5234;0.019360000;0.792540000
CVE-2014-5233;0.003570000;0.269500000
CVE-2014-5232;0.003550000;0.266770000
CVE-2014-5231;0.003820000;0.295290000
CVE-2014-5220;0.005050000;0.407300000
CVE-2014-5217;0.013670000;0.707300000
CVE-2014-5216;0.032360000;0.877940000
CVE-2014-5215;0.017700000;0.772330000
CVE-2014-5214;0.019220000;0.790940000
CVE-2014-5213;0.019650000;0.795420000
CVE-2014-5212;0.020000000;0.799260000
CVE-2014-5211;0.028420000;0.861310000
CVE-2014-5210;0.149170000;0.965920000
CVE-2014-5209;0.024710000;0.838800000
CVE-2014-5208;0.225430000;0.976390000
CVE-2014-5207;0.008810000;0.574790000
CVE-2014-5206;0.003680000;0.281080000
CVE-2014-5205;0.018340000;0.780490000
CVE-2014-5204;0.018500000;0.782520000
CVE-2014-5203;0.038920000;0.898790000
CVE-2014-5202;0.015420000;0.739150000
CVE-2014-5201;0.045940000;0.913260000
CVE-2014-5200;0.043580000;0.908990000
CVE-2014-5199;0.009700000;0.603920000
CVE-2014-5198;0.017730000;0.772680000
CVE-2014-5197;0.022170000;0.819510000
CVE-2014-5196;0.021250000;0.811670000
CVE-2014-5195;0.002990000;0.202770000
CVE-2014-5194;0.042060000;0.906150000
CVE-2014-5193;0.018320000;0.780210000
CVE-2014-5192;0.012410000;0.679620000
CVE-2014-5191;0.018340000;0.780500000
CVE-2014-5190;0.020410000;0.803560000
CVE-2014-5189;0.045940000;0.913260000
CVE-2014-5188;0.018540000;0.782970000
CVE-2014-5187;0.047180000;0.915090000
CVE-2014-5186;0.015850000;0.745870000
CVE-2014-5185;0.019430000;0.793310000
CVE-2014-5184;0.015850000;0.745860000
CVE-2014-5183;0.015940000;0.747090000
CVE-2014-5182;0.022690000;0.823560000
CVE-2014-5181;0.042590000;0.907170000
CVE-2014-5180;0.023060000;0.826600000
CVE-2014-5179;0.011910000;0.667070000
CVE-2014-5178;0.018420000;0.781380000
CVE-2014-5177;0.005290000;0.424560000
CVE-2014-5176;0.023360000;0.829030000
CVE-2014-5175;0.019560000;0.794670000
CVE-2014-5174;0.018550000;0.783170000
CVE-2014-5173;0.027740000;0.857930000
CVE-2014-5172;0.025110000;0.841460000
CVE-2014-5171;0.015160000;0.734920000
CVE-2014-5170;0.038050000;0.896440000
CVE-2014-5169;0.014170000;0.717060000
CVE-2014-5165;0.028440000;0.861410000
CVE-2014-5164;0.028070000;0.859500000
CVE-2014-5163;0.032520000;0.878560000
CVE-2014-5162;0.024690000;0.838640000
CVE-2014-5161;0.024690000;0.838640000
CVE-2014-5160;0.347650000;0.983770000
CVE-2014-5159;0.012640000;0.685090000
CVE-2014-5158;0.036800000;0.892780000
CVE-2014-5149;0.004280000;0.344920000
CVE-2014-5148;0.004020000;0.318020000
CVE-2014-5147;0.004250000;0.342550000
CVE-2014-5146;0.004280000;0.344920000
CVE-2014-5144;0.019950000;0.798700000
CVE-2014-5140;0.026820000;0.852480000
CVE-2014-5139;0.162900000;0.968480000
CVE-2014-5138;0.016490000;0.755320000
CVE-2014-5137;0.011860000;0.665810000
CVE-2014-5136;0.009310000;0.590870000
CVE-2014-5132;0.019660000;0.795560000
CVE-2014-5131;0.025130000;0.841640000
CVE-2014-5130;0.025130000;0.841640000
CVE-2014-5129;0.023380000;0.829140000
CVE-2014-5128;0.023400000;0.829240000
CVE-2014-5127;0.020580000;0.805290000
CVE-2014-5122;0.020760000;0.807090000
CVE-2014-5121;0.024240000;0.835380000
CVE-2014-5120;0.169340000;0.969590000
CVE-2014-5119;0.169680000;0.969640000
CVE-2014-5118;0.003860000;0.299890000
CVE-2014-5117;0.021120000;0.810530000
CVE-2014-5116;0.075770000;0.943250000
CVE-2014-5115;0.062600000;0.933260000
CVE-2014-5114;0.020960000;0.809050000
CVE-2014-5113;0.018540000;0.782980000
CVE-2014-5112;0.091640000;0.951600000
CVE-2014-5111;0.215690000;0.975470000
CVE-2014-5110;0.016380000;0.753790000
CVE-2014-5109;0.034060000;0.884300000
CVE-2014-5108;0.023070000;0.826650000
CVE-2014-5107;0.029600000;0.866760000
CVE-2014-5106;0.011480000;0.655230000
CVE-2014-5105;0.014270000;0.719010000
CVE-2014-5104;0.021440000;0.813320000
CVE-2014-5103;0.035000000;0.887420000
CVE-2014-5102;0.013500000;0.703750000
CVE-2014-5101;0.025030000;0.840910000
CVE-2014-5100;0.024660000;0.838450000
CVE-2014-5098;0.018640000;0.784290000
CVE-2014-5097;0.023480000;0.829890000
CVE-2014-5094;0.055440000;0.925580000
CVE-2014-5093;0.037980000;0.896250000
CVE-2014-5092;0.071090000;0.940250000
CVE-2014-5091;0.151520000;0.966310000
CVE-2014-5090;0.028000000;0.859150000
CVE-2014-5089;0.012260000;0.676220000
CVE-2014-5088;0.015030000;0.732750000
CVE-2014-5087;0.071810000;0.940860000
CVE-2014-5086;0.097770000;0.953780000
CVE-2014-5085;0.058040000;0.928710000
CVE-2014-5084;0.077350000;0.944230000
CVE-2014-5083;0.058040000;0.928710000
CVE-2014-5082;0.021000000;0.809480000
CVE-2014-5081;0.104510000;0.955930000
CVE-2014-5077;0.057940000;0.928590000
CVE-2014-5076;0.009960000;0.612060000
CVE-2014-5075;0.009240000;0.588260000
CVE-2014-5074;0.096960000;0.953500000
CVE-2014-5073;0.762720000;0.995220000
CVE-2014-5072;0.008360000;0.560430000
CVE-2014-5071;0.017110000;0.764340000
CVE-2014-5070;0.017030000;0.763050000
CVE-2014-5069;0.010140000;0.618080000
CVE-2014-5068;0.027050000;0.853770000
CVE-2014-5045;0.004870000;0.394490000
CVE-2014-5044;0.055720000;0.925960000
CVE-2014-5040;0.005730000;0.451240000
CVE-2014-5039;0.011950000;0.667890000
CVE-2014-5038;0.003520000;0.262380000
CVE-2014-5037;0.003450000;0.254070000
CVE-2014-5036;0.003250000;0.230890000
CVE-2014-5035;0.024860000;0.839750000
CVE-2014-5034;0.010780000;0.636520000
CVE-2014-5033;0.003590000;0.270770000
CVE-2014-5032;0.021050000;0.809940000
CVE-2014-5031;0.029110000;0.864630000
CVE-2014-5030;0.003620000;0.274160000
CVE-2014-5029;0.003230000;0.228480000
CVE-2014-5028;0.016400000;0.754070000
CVE-2014-5027;0.013250000;0.698290000
CVE-2014-5026;0.019140000;0.789940000
CVE-2014-5025;0.017780000;0.773240000
CVE-2014-5024;0.016270000;0.751990000
CVE-2014-5023;0.033580000;0.882700000
CVE-2014-5022;0.009950000;0.611760000
CVE-2014-5021;0.010960000;0.642160000
CVE-2014-5020;0.013230000;0.697660000
CVE-2014-5019;0.027720000;0.857610000
CVE-2014-5018;0.014740000;0.727680000
CVE-2014-5017;0.018970000;0.788100000
CVE-2014-5016;0.014740000;0.727680000
CVE-2014-5015;0.017430000;0.768330000
CVE-2014-5014;0.035690000;0.889410000
CVE-2014-5013;0.044790000;0.911190000
CVE-2014-5012;0.012270000;0.676390000
CVE-2014-5011;0.014940000;0.731160000
CVE-2014-5009;0.047070000;0.914950000
CVE-2014-5008;0.041300000;0.904650000
CVE-2014-5007;0.373260000;0.984780000
CVE-2014-5006;0.250800000;0.978560000
CVE-2014-5005;0.778480000;0.995570000
CVE-2014-5004;0.004200000;0.337910000
CVE-2014-5003;0.003790000;0.293210000
CVE-2014-5002;0.005220000;0.419560000
CVE-2014-5001;0.005220000;0.419570000
CVE-2014-5000;0.005220000;0.419580000
CVE-2014-4999;0.005220000;0.419570000
CVE-2014-4998;0.005220000;0.419570000
CVE-2014-4997;0.005460000;0.434850000
CVE-2014-4996;0.004310000;0.347440000
CVE-2014-4995;0.002840000;0.187860000
CVE-2014-4994;0.004770000;0.386990000
CVE-2014-4993;0.005120000;0.412840000
CVE-2014-4992;0.005220000;0.419580000
CVE-2014-4991;0.005460000;0.434840000
CVE-2014-4987;0.012600000;0.684150000
CVE-2014-4986;0.016050000;0.748720000
CVE-2014-4984;0.030150000;0.869120000
CVE-2014-4982;0.045710000;0.912880000
CVE-2014-4981;0.061880000;0.932560000
CVE-2014-4980;0.017000000;0.762700000
CVE-2014-4979;0.035870000;0.890080000
CVE-2014-4978;0.004140000;0.330720000
CVE-2014-4977;0.749320000;0.994920000
CVE-2014-4976;0.027400000;0.855750000
CVE-2014-4975;0.034850000;0.886920000
CVE-2014-4974;0.005380000;0.430000000
CVE-2014-4973;0.013090000;0.694790000
CVE-2014-4972;0.046520000;0.914180000
CVE-2014-4971;0.230460000;0.976860000
CVE-2014-4968;0.062330000;0.933010000
CVE-2014-4967;0.035500000;0.888820000
CVE-2014-4966;0.035500000;0.888820000
CVE-2014-4965;0.032470000;0.878360000
CVE-2014-4964;0.023000000;0.826170000
CVE-2014-4963;0.037440000;0.894700000
CVE-2014-4962;0.047080000;0.914960000
CVE-2014-4960;0.023480000;0.829900000
CVE-2014-4959;0.014480000;0.722710000
CVE-2014-4958;0.019790000;0.796950000
CVE-2014-4955;0.014500000;0.723080000
CVE-2014-4954;0.014500000;0.723080000
CVE-2014-4948;0.018860000;0.786700000
CVE-2014-4947;0.053920000;0.923940000
CVE-2014-4946;0.013120000;0.695290000
CVE-2014-4945;0.013120000;0.695290000
CVE-2014-4944;0.035530000;0.888900000
CVE-2014-4943;0.021030000;0.809790000
CVE-2014-4942;0.045360000;0.912190000
CVE-2014-4941;0.043060000;0.908030000
CVE-2014-4940;0.192700000;0.972520000
CVE-2014-4939;0.022930000;0.825560000
CVE-2014-4938;0.029400000;0.865910000
CVE-2014-4937;0.088560000;0.950350000
CVE-2014-4936;0.167840000;0.969380000
CVE-2014-4932;0.011900000;0.666730000
CVE-2014-4930;0.036340000;0.891440000
CVE-2014-4929;0.023410000;0.829340000
CVE-2014-4928;0.010580000;0.630720000
CVE-2014-4927;0.111950000;0.958150000
CVE-2014-4925;0.011130000;0.646370000
CVE-2014-4919;0.008240000;0.556490000
CVE-2014-4914;0.023320000;0.828680000
CVE-2014-4913;0.012140000;0.673050000
CVE-2014-4912;0.080610000;0.946020000
CVE-2014-4911;0.024270000;0.835640000
CVE-2014-4910;0.009750000;0.605640000
CVE-2014-4909;0.054060000;0.924070000
CVE-2014-4908;0.019140000;0.789960000
CVE-2014-4907;0.022140000;0.819280000
CVE-2014-4906;0.002660000;0.167090000
CVE-2014-4905;0.002660000;0.167000000
CVE-2014-4904;0.002660000;0.166970000
CVE-2014-4903;0.002660000;0.166970000
CVE-2014-4901;0.002660000;0.166970000
CVE-2014-4900;0.002660000;0.167700000
CVE-2014-4899;0.002660000;0.167680000
CVE-2014-4898;0.002660000;0.167690000
CVE-2014-4897;0.002660000;0.167690000
CVE-2014-4896;0.002660000;0.167020000
CVE-2014-4895;0.002660000;0.166990000
CVE-2014-4894;0.002660000;0.166990000
CVE-2014-4892;0.002660000;0.167680000
CVE-2014-4891;0.002660000;0.167720000
CVE-2014-4890;0.002660000;0.167090000
CVE-2014-4889;0.002660000;0.167090000
CVE-2014-4888;0.002660000;0.167690000
CVE-2014-4887;0.002660000;0.167690000
CVE-2014-4885;0.002660000;0.167020000
CVE-2014-4884;0.002660000;0.167030000
CVE-2014-4883;0.005720000;0.450900000
CVE-2014-4882;0.016630000;0.757390000
CVE-2014-4881;0.002660000;0.167090000
CVE-2014-4880;0.706540000;0.993760000
CVE-2014-4877;0.398830000;0.985800000
CVE-2014-4876;0.016580000;0.756680000
CVE-2014-4875;0.020630000;0.805800000
CVE-2014-4874;0.088820000;0.950480000
CVE-2014-4873;0.041870000;0.905780000
CVE-2014-4872;0.793130000;0.995910000
CVE-2014-4871;0.011070000;0.644600000
CVE-2014-4870;0.003530000;0.264020000
CVE-2014-4869;0.011160000;0.647170000
CVE-2014-4868;0.027490000;0.856180000
CVE-2014-4867;0.003150000;0.219420000
CVE-2014-4865;0.012380000;0.678750000
CVE-2014-4864;0.007550000;0.532870000
CVE-2014-4863;0.157050000;0.967450000
CVE-2014-4862;0.171330000;0.969850000
CVE-2014-4861;0.011690000;0.660760000
CVE-2014-4860;0.005040000;0.406720000
CVE-2014-4859;0.005870000;0.458980000
CVE-2014-4858;0.013090000;0.694550000
CVE-2014-4857;0.016730000;0.758850000
CVE-2014-4856;0.015780000;0.744850000
CVE-2014-4855;0.015780000;0.744860000
CVE-2014-4854;0.016180000;0.750780000
CVE-2014-4853;0.019390000;0.792900000
CVE-2014-4852;0.022390000;0.821350000
CVE-2014-4851;0.011490000;0.655480000
CVE-2014-4850;0.012870000;0.689870000
CVE-2014-4849;0.009910000;0.610360000
CVE-2014-4848;0.016180000;0.750780000
CVE-2014-4847;0.016180000;0.750770000
CVE-2014-4846;0.016180000;0.750770000
CVE-2014-4845;0.016180000;0.750770000
CVE-2014-4844;0.012410000;0.679710000
CVE-2014-4843;0.012530000;0.682520000
CVE-2014-4840;0.026220000;0.848670000
CVE-2014-4839;0.004670000;0.379030000
CVE-2014-4838;0.009360000;0.592380000
CVE-2014-4837;0.009360000;0.592410000
CVE-2014-4836;0.009360000;0.592310000
CVE-2014-4835;0.003120000;0.216470000
CVE-2014-4834;0.013360000;0.700650000
CVE-2014-4833;0.010660000;0.633650000
CVE-2014-4832;0.010660000;0.633700000
CVE-2014-4831;0.009910000;0.610350000
CVE-2014-4830;0.011910000;0.667080000
CVE-2014-4829;0.005600000;0.443800000
CVE-2014-4828;0.012620000;0.684650000
CVE-2014-4827;0.009310000;0.591070000
CVE-2014-4826;0.011910000;0.667080000
CVE-2014-4825;0.008560000;0.566960000
CVE-2014-4824;0.010290000;0.622350000
CVE-2014-4823;0.027910000;0.858660000
CVE-2014-4822;0.003530000;0.264180000
CVE-2014-4821;0.020720000;0.806700000
CVE-2014-4820;0.011480000;0.654980000
CVE-2014-4819;0.010940000;0.641360000
CVE-2014-4818;0.002350000;0.130100000
CVE-2014-4817;0.006080000;0.469680000
CVE-2014-4816;0.010430000;0.626520000
CVE-2014-4815;0.009470000;0.596030000
CVE-2014-4814;0.015980000;0.747750000
CVE-2014-4813;0.002660000;0.166130000
CVE-2014-4812;0.004910000;0.397190000
CVE-2014-4811;0.027360000;0.855490000
CVE-2014-4810;0.011420000;0.653340000
CVE-2014-4809;0.015480000;0.740270000
CVE-2014-4808;0.025570000;0.844500000
CVE-2014-4807;0.012400000;0.679560000
CVE-2014-4806;0.002640000;0.164370000
CVE-2014-4805;0.003820000;0.296440000
CVE-2014-4804;0.010660000;0.633700000
CVE-2014-4803;0.007720000;0.538520000
CVE-2014-4802;0.011150000;0.646900000
CVE-2014-4801;0.007590000;0.534180000
CVE-2014-4793;0.010750000;0.635780000
CVE-2014-4792;0.018780000;0.785780000
CVE-2014-4790;0.008030000;0.549470000
CVE-2014-4789;0.013350000;0.700340000
CVE-2014-4788;0.012510000;0.682220000
CVE-2014-4787;0.011000000;0.643050000
CVE-2014-4786;0.009270000;0.589320000
CVE-2014-4785;0.006620000;0.496550000
CVE-2014-4784;0.011690000;0.660840000
CVE-2014-4783;0.006330000;0.482180000
CVE-2014-4782;0.016640000;0.757480000
CVE-2014-4781;0.011730000;0.661930000
CVE-2014-4778;0.009580000;0.599270000
CVE-2014-4776;0.006900000;0.508620000
CVE-2014-4775;0.011730000;0.661980000
CVE-2014-4774;0.005760000;0.452750000
CVE-2014-4771;0.015940000;0.747210000
CVE-2014-4770;0.019320000;0.792090000
CVE-2014-4769;0.011780000;0.663790000
CVE-2014-4768;0.008000000;0.547960000
CVE-2014-4767;0.027090000;0.853970000
CVE-2014-4766;0.013540000;0.704740000
CVE-2014-4765;0.011730000;0.661990000
CVE-2014-4764;0.023940000;0.833120000
CVE-2014-4763;0.009460000;0.595670000
CVE-2014-4762;0.014170000;0.717070000
CVE-2014-4761;0.016380000;0.753760000
CVE-2014-4760;0.018220000;0.779050000
CVE-2014-4759;0.010820000;0.637780000
CVE-2014-4758;0.011070000;0.644810000
CVE-2014-4757;0.003320000;0.239010000
CVE-2014-4756;0.014410000;0.721320000
CVE-2014-4752;0.020270000;0.802190000
CVE-2014-4751;0.017730000;0.772680000
CVE-2014-4750;0.005640000;0.446380000
CVE-2014-4749;0.008560000;0.566970000
CVE-2014-4748;0.019530000;0.794390000
CVE-2014-4747;0.005600000;0.443630000
CVE-2014-4746;0.020900000;0.808470000
CVE-2014-4744;0.019470000;0.793730000
CVE-2014-4743;0.018830000;0.786370000
CVE-2014-4742;0.019140000;0.789960000
CVE-2014-4741;0.020820000;0.807640000
CVE-2014-4738;0.011610000;0.658730000
CVE-2014-4737;0.019250000;0.791200000
CVE-2014-4736;0.023480000;0.829880000
CVE-2014-4735;0.018540000;0.783010000
CVE-2014-4734;0.018920000;0.787620000
CVE-2014-4728;0.017940000;0.775260000
CVE-2014-4727;0.020180000;0.801310000
CVE-2014-4726;0.017120000;0.764470000
CVE-2014-4725;0.606560000;0.991210000
CVE-2014-4724;0.016330000;0.752900000
CVE-2014-4723;0.016290000;0.752270000
CVE-2014-4722;0.023470000;0.829790000
CVE-2014-4721;0.058680000;0.929490000
CVE-2014-4720;0.018640000;0.784240000
CVE-2014-4719;0.014340000;0.720110000
CVE-2014-4718;0.023050000;0.826540000
CVE-2014-4717;0.028050000;0.859450000
CVE-2014-4716;0.022780000;0.824330000
CVE-2014-4715;0.027520000;0.856330000
CVE-2014-4710;0.032170000;0.877250000
CVE-2014-4707;0.010190000;0.619210000
CVE-2014-4706;0.007420000;0.528380000
CVE-2014-4705;0.014640000;0.725810000
CVE-2014-4703;0.010830000;0.638040000
CVE-2014-4702;0.004140000;0.331020000
CVE-2014-4701;0.005350000;0.428520000
CVE-2014-4700;0.006060000;0.468640000
CVE-2014-4699;0.023240000;0.828030000
CVE-2014-4698;0.006810000;0.504610000
CVE-2014-4696;0.020670000;0.806300000
CVE-2014-4695;0.020670000;0.806300000
CVE-2014-4694;0.016610000;0.757200000
CVE-2014-4693;0.016610000;0.757210000
CVE-2014-4692;0.021090000;0.810250000
CVE-2014-4691;0.025620000;0.844810000
CVE-2014-4690;0.035010000;0.887440000
CVE-2014-4689;0.028110000;0.859680000
CVE-2014-4688;0.069720000;0.939100000
CVE-2014-4687;0.016610000;0.757210000
CVE-2014-4686;0.010870000;0.639290000
CVE-2014-4685;0.003650000;0.277590000
CVE-2014-4684;0.013440000;0.702500000
CVE-2014-4683;0.012220000;0.675060000
CVE-2014-4682;0.016860000;0.760820000
CVE-2014-4678;0.052400000;0.922360000
CVE-2014-4677;0.006450000;0.488330000
CVE-2014-4672;0.021220000;0.811350000
CVE-2014-4671;0.230240000;0.976840000
CVE-2014-4670;0.007100000;0.516150000
CVE-2014-4669;0.017220000;0.765630000
CVE-2014-4668;0.028440000;0.861400000
CVE-2014-4667;0.059260000;0.929960000
CVE-2014-4664;0.022590000;0.822830000
CVE-2014-4663;0.097500000;0.953670000
CVE-2014-4661;0.021870000;0.816790000
CVE-2014-4660;0.003830000;0.297370000
CVE-2014-4659;0.003650000;0.278070000
CVE-2014-4658;0.004180000;0.336200000
CVE-2014-4657;0.044270000;0.910240000
CVE-2014-4656;0.005000000;0.403520000
CVE-2014-4655;0.004940000;0.399340000
CVE-2014-4654;0.004980000;0.402030000
CVE-2014-4653;0.004980000;0.402030000
CVE-2014-4652;0.003350000;0.243220000
CVE-2014-4651;0.020640000;0.805930000
CVE-2014-4650;0.247000000;0.978230000
CVE-2014-4649;0.010070000;0.615420000
CVE-2014-4648;0.014580000;0.724630000
CVE-2014-4647;0.026760000;0.852160000
CVE-2014-4646;0.024880000;0.839910000
CVE-2014-4645;0.015040000;0.733030000
CVE-2014-4644;0.013170000;0.696410000
CVE-2014-4643;0.087550000;0.949880000
CVE-2014-4639;0.022210000;0.819840000
CVE-2014-4638;0.023140000;0.827290000
CVE-2014-4637;0.022970000;0.825920000
CVE-2014-4636;0.010980000;0.642530000
CVE-2014-4635;0.019150000;0.790120000
CVE-2014-4634;0.004130000;0.329910000
CVE-2014-4633;0.009420000;0.594310000
CVE-2014-4632;0.006200000;0.476090000
CVE-2014-4631;0.016660000;0.757890000
CVE-2014-4630;0.009040000;0.581770000
CVE-2014-4629;0.032710000;0.879530000
CVE-2014-4628;0.009420000;0.594330000
CVE-2014-4627;0.022540000;0.822460000
CVE-2014-4626;0.039940000;0.901600000
CVE-2014-4624;0.033370000;0.881960000
CVE-2014-4623;0.015930000;0.747070000
CVE-2014-4622;0.025570000;0.844530000
CVE-2014-4621;0.025700000;0.845430000
CVE-2014-4620;0.005350000;0.428760000
CVE-2014-4619;0.044490000;0.910730000
CVE-2014-4618;0.024280000;0.835750000
CVE-2014-4617;0.033050000;0.880870000
CVE-2014-4616;0.081250000;0.946460000
CVE-2014-4615;0.027740000;0.857940000
CVE-2014-4614;0.006570000;0.494400000
CVE-2014-4613;0.031010000;0.872510000
CVE-2014-4612;0.013030000;0.693510000
CVE-2014-4611;0.081030000;0.946310000
CVE-2014-4610;0.044680000;0.911050000
CVE-2014-4609;0.057390000;0.927920000
CVE-2014-4608;0.054210000;0.924220000
CVE-2014-4607;0.053150000;0.923140000
CVE-2014-4606;0.016290000;0.752210000
CVE-2014-4605;0.016290000;0.752190000
CVE-2014-4604;0.016290000;0.752200000
CVE-2014-4603;0.016180000;0.750800000
CVE-2014-4602;0.016290000;0.752200000
CVE-2014-4601;0.016290000;0.752230000
CVE-2014-4600;0.016180000;0.750770000
CVE-2014-4599;0.016290000;0.752200000
CVE-2014-4598;0.020410000;0.803550000
CVE-2014-4597;0.016370000;0.753600000
CVE-2014-4596;0.016180000;0.750790000
CVE-2014-4595;0.016290000;0.752230000
CVE-2014-4594;0.020460000;0.804080000
CVE-2014-4593;0.016290000;0.752280000
CVE-2014-4592;0.040320000;0.902450000
CVE-2014-4591;0.016290000;0.752190000
CVE-2014-4590;0.016290000;0.752190000
CVE-2014-4589;0.016180000;0.750800000
CVE-2014-4588;0.016290000;0.752260000
CVE-2014-4587;0.016180000;0.750810000
CVE-2014-4586;0.016290000;0.752280000
CVE-2014-4585;0.016290000;0.752240000
CVE-2014-4584;0.016290000;0.752200000
CVE-2014-4583;0.016290000;0.752230000
CVE-2014-4582;0.016290000;0.752230000
CVE-2014-4581;0.016290000;0.752210000
CVE-2014-4580;0.016290000;0.752210000
CVE-2014-4579;0.016290000;0.752220000
CVE-2014-4578;0.016290000;0.752180000
CVE-2014-4577;0.037490000;0.894830000
CVE-2014-4576;0.016290000;0.752170000
CVE-2014-4575;0.016290000;0.752180000
CVE-2014-4574;0.020460000;0.804070000
CVE-2014-4573;0.016290000;0.752220000
CVE-2014-4572;0.016290000;0.752220000
CVE-2014-4571;0.016180000;0.750790000
CVE-2014-4570;0.020230000;0.801800000
CVE-2014-4569;0.020460000;0.804070000
CVE-2014-4568;0.016180000;0.750800000
CVE-2014-4567;0.011930000;0.667640000
CVE-2014-4566;0.016290000;0.752260000
CVE-2014-4565;0.016290000;0.752260000
CVE-2014-4564;0.016290000;0.752280000
CVE-2014-4563;0.016290000;0.752180000
CVE-2014-4561;0.038260000;0.897060000
CVE-2014-4560;0.016290000;0.752190000
CVE-2014-4559;0.011630000;0.659330000
CVE-2014-4558;0.042100000;0.906240000
CVE-2014-4557;0.016290000;0.752270000
CVE-2014-4556;0.016290000;0.752270000
CVE-2014-4555;0.016290000;0.752290000
CVE-2014-4554;0.020460000;0.804070000
CVE-2014-4553;0.011630000;0.659330000
CVE-2014-4552;0.016290000;0.752300000
CVE-2014-4551;0.016290000;0.752300000
CVE-2014-4550;0.039180000;0.899480000
CVE-2014-4549;0.020640000;0.805890000
CVE-2014-4548;0.011630000;0.659330000
CVE-2014-4547;0.016180000;0.750790000
CVE-2014-4546;0.016290000;0.752300000
CVE-2014-4545;0.016180000;0.750780000
CVE-2014-4544;0.037790000;0.895670000
CVE-2014-4543;0.016180000;0.750760000
CVE-2014-4542;0.016290000;0.752310000
CVE-2014-4541;0.016290000;0.752240000
CVE-2014-4540;0.016290000;0.752250000
CVE-2014-4539;0.039830000;0.901360000
CVE-2014-4538;0.016290000;0.752310000
CVE-2014-4537;0.016290000;0.752250000
CVE-2014-4536;0.039020000;0.899030000
CVE-2014-4535;0.039830000;0.901360000
CVE-2014-4534;0.016290000;0.752250000
CVE-2014-4533;0.016290000;0.752290000
CVE-2014-4532;0.016370000;0.753610000
CVE-2014-4531;0.016290000;0.752290000
CVE-2014-4530;0.009390000;0.593400000
CVE-2014-4529;0.016290000;0.752260000
CVE-2014-4528;0.016290000;0.752280000
CVE-2014-4527;0.016180000;0.750760000
CVE-2014-4526;0.016290000;0.752290000
CVE-2014-4525;0.011800000;0.664290000
CVE-2014-4524;0.020460000;0.804070000
CVE-2014-4523;0.011630000;0.659320000
CVE-2014-4522;0.016290000;0.752240000
CVE-2014-4521;0.016370000;0.753610000
CVE-2014-4520;0.020460000;0.804080000
CVE-2014-4519;0.011630000;0.659320000
CVE-2014-4518;0.016290000;0.752250000
CVE-2014-4517;0.016290000;0.752240000
CVE-2014-4516;0.016290000;0.752300000
CVE-2014-4515;0.016180000;0.750780000
CVE-2014-4514;0.016510000;0.755650000
CVE-2014-4513;0.045730000;0.912910000
CVE-2014-4511;0.827300000;0.996600000
CVE-2014-4510;0.009790000;0.606860000
CVE-2014-4509;0.003760000;0.289730000
CVE-2014-4508;0.004130000;0.330470000
CVE-2014-4507;0.023740000;0.831710000
CVE-2014-4506;0.009410000;0.594060000
CVE-2014-4505;0.011610000;0.658690000
CVE-2014-4503;0.012190000;0.674450000
CVE-2014-4502;0.032960000;0.880520000
CVE-2014-4501;0.029100000;0.864600000
CVE-2014-4499;0.003490000;0.259380000
CVE-2014-4498;0.003890000;0.303130000
CVE-2014-4497;0.023840000;0.832370000
CVE-2014-4496;0.018160000;0.778180000
CVE-2014-4495;0.029390000;0.865860000
CVE-2014-4494;0.009030000;0.581640000
CVE-2014-4493;0.010130000;0.617740000
CVE-2014-4492;0.197250000;0.973160000
CVE-2014-4491;0.017030000;0.763120000
CVE-2014-4489;0.032440000;0.878240000
CVE-2014-4488;0.032440000;0.878240000
CVE-2014-4487;0.036840000;0.892880000
CVE-2014-4486;0.031390000;0.874000000
CVE-2014-4485;0.042040000;0.906120000
CVE-2014-4484;0.035970000;0.890400000
CVE-2014-4483;0.037100000;0.893610000
CVE-2014-4481;0.056600000;0.927070000
CVE-2014-4480;0.027990000;0.859090000
CVE-2014-4479;0.027620000;0.857060000
CVE-2014-4477;0.027620000;0.857050000
CVE-2014-4476;0.027620000;0.857070000
CVE-2014-4475;0.026670000;0.851570000
CVE-2014-4474;0.026900000;0.852940000
CVE-2014-4473;0.026900000;0.852930000
CVE-2014-4472;0.026670000;0.851570000
CVE-2014-4471;0.026900000;0.852940000
CVE-2014-4470;0.026670000;0.851560000
CVE-2014-4469;0.026670000;0.851560000
CVE-2014-4468;0.026670000;0.851570000
CVE-2014-4467;0.011480000;0.654830000
CVE-2014-4466;0.032790000;0.879720000
CVE-2014-4465;0.022000000;0.818050000
CVE-2014-4463;0.003410000;0.250610000
CVE-2014-4462;0.013280000;0.698770000
CVE-2014-4461;0.034040000;0.884210000
CVE-2014-4460;0.003950000;0.311090000
CVE-2014-4459;0.045830000;0.913090000
CVE-2014-4458;0.014920000;0.730820000
CVE-2014-4457;0.026420000;0.849960000
CVE-2014-4455;0.003900000;0.304550000
CVE-2014-4453;0.018170000;0.778440000
CVE-2014-4452;0.013250000;0.698210000
CVE-2014-4451;0.003670000;0.279840000
CVE-2014-4450;0.003060000;0.209280000
CVE-2014-4449;0.007000000;0.512410000
CVE-2014-4448;0.001930000;0.080920000
CVE-2014-4447;0.003350000;0.243510000
CVE-2014-4446;0.014170000;0.717060000
CVE-2014-4444;0.002750000;0.179090000
CVE-2014-4443;0.025610000;0.844770000
CVE-2014-4442;0.003390000;0.247220000
CVE-2014-4441;0.019180000;0.790500000
CVE-2014-4440;0.021030000;0.809780000
CVE-2014-4439;0.017300000;0.766630000
CVE-2014-4438;0.002350000;0.130140000
CVE-2014-4437;0.010610000;0.631750000
CVE-2014-4436;0.014760000;0.727980000
CVE-2014-4435;0.003280000;0.233190000
CVE-2014-4434;0.003820000;0.295610000
CVE-2014-4433;0.004960000;0.401160000
CVE-2014-4432;0.002170000;0.108750000
CVE-2014-4431;0.003750000;0.288070000
CVE-2014-4430;0.002170000;0.108740000
CVE-2014-4428;0.006740000;0.501720000
CVE-2014-4427;0.012140000;0.673130000
CVE-2014-4426;0.013050000;0.693700000
CVE-2014-4425;0.003470000;0.257470000
CVE-2014-4424;0.023730000;0.831630000
CVE-2014-4423;0.015610000;0.742360000
CVE-2014-4422;0.018850000;0.786560000
CVE-2014-4421;0.003870000;0.301850000
CVE-2014-4420;0.003870000;0.301850000
CVE-2014-4419;0.003870000;0.301860000
CVE-2014-4418;0.016560000;0.756370000
CVE-2014-4417;0.022100000;0.818960000
CVE-2014-4416;0.004920000;0.397780000
CVE-2014-4415;0.027620000;0.857030000
CVE-2014-4414;0.027620000;0.857050000
CVE-2014-4413;0.027620000;0.857070000
CVE-2014-4412;0.028680000;0.862520000
CVE-2014-4411;0.027750000;0.857960000
CVE-2014-4410;0.027620000;0.857040000
CVE-2014-4409;0.017460000;0.768720000
CVE-2014-4408;0.003460000;0.255260000
CVE-2014-4407;0.010320000;0.623100000
CVE-2014-4406;0.014000000;0.714030000
CVE-2014-4405;0.075390000;0.943020000
CVE-2014-4404;0.489230000;0.988410000
CVE-2014-4403;0.003660000;0.278240000
CVE-2014-4402;0.034480000;0.885690000
CVE-2014-4401;0.004350000;0.353060000
CVE-2014-4400;0.004920000;0.397770000
CVE-2014-4399;0.004920000;0.397780000
CVE-2014-4398;0.004920000;0.397790000
CVE-2014-4397;0.004920000;0.397770000
CVE-2014-4396;0.004920000;0.397780000
CVE-2014-4395;0.004420000;0.358850000
CVE-2014-4394;0.004920000;0.397780000
CVE-2014-4393;0.060190000;0.930930000
CVE-2014-4391;0.028710000;0.862710000
CVE-2014-4390;0.022950000;0.825710000
CVE-2014-4389;0.034240000;0.884780000
CVE-2014-4388;0.016700000;0.758420000
CVE-2014-4386;0.002550000;0.153940000
CVE-2014-4384;0.004730000;0.383960000
CVE-2014-4383;0.014560000;0.724170000
CVE-2014-4381;0.034240000;0.884780000
CVE-2014-4380;0.032180000;0.877300000
CVE-2014-4379;0.021740000;0.815800000
CVE-2014-4378;0.049830000;0.919110000
CVE-2014-4377;0.070040000;0.939430000
CVE-2014-4376;0.037560000;0.895000000
CVE-2014-4375;0.003640000;0.276200000
CVE-2014-4374;0.021900000;0.817020000
CVE-2014-4373;0.012800000;0.688350000
CVE-2014-4372;0.003570000;0.268380000
CVE-2014-4371;0.004130000;0.329630000
CVE-2014-4369;0.020940000;0.808960000
CVE-2014-4368;0.003550000;0.266260000
CVE-2014-4367;0.003700000;0.283890000
CVE-2014-4366;0.021200000;0.811240000
CVE-2014-4364;0.008060000;0.550390000
CVE-2014-4363;0.018660000;0.784420000
CVE-2014-4362;0.016030000;0.748510000
CVE-2014-4361;0.016030000;0.748510000
CVE-2014-4357;0.003540000;0.266010000
CVE-2014-4356;0.003770000;0.290070000
CVE-2014-4354;0.010190000;0.619190000
CVE-2014-4353;0.010900000;0.640040000
CVE-2014-4352;0.002310000;0.125730000
CVE-2014-4351;0.035890000;0.890160000
CVE-2014-4350;0.036020000;0.890520000
CVE-2014-4349;0.021490000;0.813780000
CVE-2014-4348;0.015190000;0.735390000
CVE-2014-4347;0.017220000;0.765650000
CVE-2014-4346;0.016840000;0.760540000
CVE-2014-4345;0.080850000;0.946180000
CVE-2014-4344;0.066140000;0.936230000
CVE-2014-4343;0.064190000;0.934600000
CVE-2014-4342;0.065230000;0.935480000
CVE-2014-4341;0.071380000;0.940520000
CVE-2014-4338;0.030070000;0.868830000
CVE-2014-4337;0.029430000;0.866080000
CVE-2014-4336;0.010630000;0.632480000
CVE-2014-4335;0.014340000;0.720110000
CVE-2014-4334;0.151910000;0.966380000
CVE-2014-4333;0.009380000;0.593140000
CVE-2014-4331;0.018540000;0.782980000
CVE-2014-4330;0.005540000;0.439810000
CVE-2014-4329;0.012330000;0.677850000
CVE-2014-4326;0.032970000;0.880560000
CVE-2014-4325;0.003910000;0.305500000
CVE-2014-4323;0.035980000;0.890440000
CVE-2014-4322;0.020380000;0.803200000
CVE-2014-4313;0.021640000;0.815010000
CVE-2014-4312;0.041790000;0.905600000
CVE-2014-4311;0.057830000;0.928380000
CVE-2014-4310;0.009950000;0.611740000
CVE-2014-4309;0.009840000;0.608250000
CVE-2014-4308;0.014340000;0.720110000
CVE-2014-4307;0.022390000;0.821350000
CVE-2014-4306;0.076200000;0.943540000
CVE-2014-4305;0.018830000;0.786320000
CVE-2014-4304;0.014890000;0.730350000
CVE-2014-4303;0.012640000;0.685180000
CVE-2014-4302;0.009910000;0.610360000
CVE-2014-4301;0.023010000;0.826200000
CVE-2014-4300;0.014000000;0.713940000
CVE-2014-4299;0.014000000;0.713940000
CVE-2014-4298;0.014000000;0.713930000
CVE-2014-4297;0.009950000;0.611720000
CVE-2014-4296;0.009950000;0.611750000
CVE-2014-4295;0.014540000;0.723820000
CVE-2014-4294;0.014540000;0.723820000
CVE-2014-4293;0.009950000;0.611750000
CVE-2014-4292;0.009950000;0.611720000
CVE-2014-4291;0.009950000;0.611730000
CVE-2014-4290;0.009950000;0.611730000
CVE-2014-4289;0.011870000;0.666000000
CVE-2014-4288;0.048840000;0.917580000
CVE-2014-4287;0.026670000;0.851530000
CVE-2014-4285;0.018870000;0.786820000
CVE-2014-4284;0.003480000;0.258110000
CVE-2014-4283;0.018430000;0.781510000
CVE-2014-4282;0.003930000;0.307840000
CVE-2014-4281;0.019430000;0.793360000
CVE-2014-4280;0.003740000;0.287760000
CVE-2014-4279;0.011530000;0.656670000
CVE-2014-4278;0.104440000;0.955920000
CVE-2014-4277;0.020940000;0.808980000
CVE-2014-4276;0.023800000;0.832090000
CVE-2014-4275;0.003900000;0.305310000
CVE-2014-4274;0.003400000;0.248890000
CVE-2014-4271;0.028510000;0.861760000
CVE-2014-4270;0.019390000;0.792970000
CVE-2014-4269;0.019390000;0.792970000
CVE-2014-4268;0.041020000;0.903970000
CVE-2014-4267;0.032010000;0.876470000
CVE-2014-4266;0.040560000;0.902980000
CVE-2014-4265;0.032340000;0.877850000
CVE-2014-4264;0.038470000;0.897650000
CVE-2014-4263;0.035010000;0.887430000
CVE-2014-4262;0.055770000;0.926020000
CVE-2014-4261;0.003950000;0.311120000
CVE-2014-4260;0.034820000;0.886860000
CVE-2014-4259;0.023870000;0.832590000
CVE-2014-4258;0.034820000;0.886860000
CVE-2014-4257;0.025150000;0.841780000
CVE-2014-4256;0.026800000;0.852370000
CVE-2014-4255;0.032150000;0.877140000
CVE-2014-4254;0.032010000;0.876480000
CVE-2014-4253;0.037580000;0.895050000
CVE-2014-4252;0.040860000;0.903640000
CVE-2014-4251;0.016710000;0.758510000
CVE-2014-4250;0.016400000;0.753990000
CVE-2014-4249;0.024210000;0.835230000
CVE-2014-4248;0.002970000;0.200210000
CVE-2014-4247;0.038960000;0.898890000
CVE-2014-4246;0.016780000;0.759600000
CVE-2014-4245;0.019450000;0.793590000
CVE-2014-4244;0.035010000;0.887430000
CVE-2014-4243;0.034040000;0.884240000
CVE-2014-4242;0.027280000;0.855010000
CVE-2014-4241;0.038380000;0.897410000
CVE-2014-4240;0.004140000;0.331120000
CVE-2014-4239;0.019260000;0.791330000
CVE-2014-4238;0.029130000;0.864700000
CVE-2014-4237;0.025270000;0.842640000
CVE-2014-4236;0.024500000;0.837290000
CVE-2014-4235;0.015960000;0.747440000
CVE-2014-4234;0.024780000;0.839250000
CVE-2014-4233;0.029130000;0.864700000
CVE-2014-4232;0.020740000;0.806940000
CVE-2014-4231;0.014020000;0.714220000
CVE-2014-4230;0.014260000;0.718790000
CVE-2014-4229;0.012840000;0.689270000
CVE-2014-4228;0.003840000;0.298510000
CVE-2014-4227;0.053210000;0.923180000
CVE-2014-4226;0.015760000;0.744560000
CVE-2014-4225;0.003190000;0.223480000
CVE-2014-4224;0.003950000;0.311230000
CVE-2014-4223;0.047510000;0.915600000
CVE-2014-4222;0.011270000;0.649830000
CVE-2014-4221;0.034820000;0.886830000
CVE-2014-4220;0.031920000;0.876060000
CVE-2014-4219;0.055770000;0.926020000
CVE-2014-4218;0.038260000;0.897050000
CVE-2014-4217;0.016980000;0.762440000
CVE-2014-4216;0.053600000;0.923610000
CVE-2014-4215;0.003920000;0.306790000
CVE-2014-4214;0.030150000;0.869110000
CVE-2014-4213;0.013510000;0.704060000
CVE-2014-4212;0.014300000;0.719410000
CVE-2014-4211;0.031110000;0.872870000
CVE-2014-4210;0.381520000;0.985120000
CVE-2014-4209;0.038260000;0.897050000
CVE-2014-4208;0.028750000;0.862870000
CVE-2014-4207;0.039110000;0.899280000
CVE-2014-4206;0.003550000;0.266420000
CVE-2014-4205;0.013950000;0.712940000
CVE-2014-4204;0.011070000;0.644770000
CVE-2014-4203;0.003110000;0.215290000
CVE-2014-4202;0.024420000;0.836710000
CVE-2014-4201;0.024420000;0.836710000
CVE-2014-4200;0.004010000;0.317350000
CVE-2014-4199;0.004050000;0.321580000
CVE-2014-4198;0.012970000;0.692130000
CVE-2014-4197;0.012680000;0.685840000
CVE-2014-4196;0.008060000;0.550340000
CVE-2014-4195;0.014270000;0.719020000
CVE-2014-4194;0.012410000;0.679610000
CVE-2014-4193;0.020690000;0.806470000
CVE-2014-4192;0.016830000;0.760430000
CVE-2014-4191;0.017300000;0.766750000
CVE-2014-4190;0.014970000;0.731710000
CVE-2014-4189;0.011610000;0.658460000
CVE-2014-4188;0.006430000;0.487400000
CVE-2014-4187;0.014230000;0.718090000
CVE-2014-4174;0.059260000;0.929970000
CVE-2014-4172;0.060570000;0.931330000
CVE-2014-4171;0.004400000;0.357280000
CVE-2014-4170;0.144840000;0.965170000
CVE-2014-4168;0.037520000;0.894900000
CVE-2014-4167;0.016590000;0.756690000
CVE-2014-4166;0.032170000;0.877250000
CVE-2014-4165;0.020940000;0.808880000
CVE-2014-4164;0.009910000;0.610370000
CVE-2014-4163;0.025590000;0.844630000
CVE-2014-4162;0.026350000;0.849540000
CVE-2014-4161;0.011610000;0.658640000
CVE-2014-4160;0.012060000;0.670700000
CVE-2014-4159;0.012820000;0.688870000
CVE-2014-4158;0.143010000;0.964850000
CVE-2014-4157;0.005110000;0.411690000
CVE-2014-4156;0.012000000;0.669290000
CVE-2014-4155;0.022680000;0.823450000
CVE-2014-4154;0.065670000;0.935890000
CVE-2014-4153;0.073850000;0.942140000
CVE-2014-4152;0.057850000;0.928400000
CVE-2014-4151;0.073210000;0.941740000
CVE-2014-4150;0.004630000;0.376160000
CVE-2014-4149;0.214410000;0.975340000
CVE-2014-4148;0.598500000;0.991040000
CVE-2014-4145;0.086940000;0.949580000
CVE-2014-4143;0.208850000;0.974810000
CVE-2014-4141;0.305140000;0.981810000
CVE-2014-4140;0.206830000;0.974510000
CVE-2014-4138;0.322420000;0.982700000
CVE-2014-4137;0.227360000;0.976570000
CVE-2014-4134;0.171500000;0.969880000
CVE-2014-4133;0.167330000;0.969320000
CVE-2014-4132;0.165840000;0.969090000
CVE-2014-4130;0.171500000;0.969880000
CVE-2014-4129;0.245130000;0.978070000
CVE-2014-4128;0.172090000;0.969980000
CVE-2014-4127;0.163930000;0.968680000
CVE-2014-4126;0.214250000;0.975340000
CVE-2014-4124;0.116000000;0.959010000
CVE-2014-4123;0.471330000;0.987970000
CVE-2014-4122;0.130550000;0.962180000
CVE-2014-4121;0.192270000;0.972450000
CVE-2014-4118;0.136610000;0.963580000
CVE-2014-4117;0.174580000;0.970310000
CVE-2014-4116;0.088010000;0.950090000
CVE-2014-4115;0.028820000;0.863200000
CVE-2014-4114;0.816280000;0.996340000
CVE-2014-4113;0.869280000;0.997420000
CVE-2014-4112;0.083790000;0.947860000
CVE-2014-4111;0.151450000;0.966290000
CVE-2014-4110;0.151450000;0.966300000
CVE-2014-4109;0.312500000;0.982180000
CVE-2014-4108;0.151450000;0.966300000
CVE-2014-4107;0.151450000;0.966290000
CVE-2014-4106;0.151450000;0.966300000
CVE-2014-4105;0.151450000;0.966300000
CVE-2014-4104;0.159930000;0.967950000
CVE-2014-4103;0.159930000;0.967950000
CVE-2014-4102;0.159930000;0.967930000
CVE-2014-4101;0.195420000;0.972930000
CVE-2014-4100;0.159930000;0.967950000
CVE-2014-4099;0.159930000;0.967960000
CVE-2014-4098;0.159930000;0.967940000
CVE-2014-4097;0.159930000;0.967930000
CVE-2014-4096;0.159930000;0.967950000
CVE-2014-4095;0.159930000;0.967940000
CVE-2014-4094;0.227360000;0.976570000
CVE-2014-4093;0.163930000;0.968690000
CVE-2014-4092;0.159930000;0.967910000
CVE-2014-4091;0.159930000;0.967930000
CVE-2014-4090;0.159930000;0.967930000
CVE-2014-4089;0.227360000;0.976570000
CVE-2014-4088;0.159930000;0.967920000
CVE-2014-4087;0.159930000;0.967940000
CVE-2014-4086;0.163930000;0.968720000
CVE-2014-4085;0.159930000;0.967920000
CVE-2014-4084;0.234700000;0.977220000
CVE-2014-4083;0.159930000;0.967940000
CVE-2014-4082;0.163930000;0.968690000
CVE-2014-4081;0.255490000;0.978890000
CVE-2014-4080;0.255490000;0.978890000
CVE-2014-4079;0.159930000;0.967920000
CVE-2014-4078;0.201010000;0.973690000
CVE-2014-4077;0.545770000;0.989860000
CVE-2014-4076;0.226660000;0.976520000
CVE-2014-4075;0.201600000;0.973790000
CVE-2014-4074;0.018770000;0.785700000
CVE-2014-4073;0.234250000;0.977190000
CVE-2014-4072;0.309420000;0.982030000
CVE-2014-4071;0.189860000;0.972120000
CVE-2014-4070;0.109160000;0.957330000
CVE-2014-4068;0.196920000;0.973130000
CVE-2014-4067;0.165280000;0.969000000
CVE-2014-4066;0.077140000;0.944110000
CVE-2014-4065;0.151450000;0.966290000
CVE-2014-4064;0.024450000;0.836970000
CVE-2014-4063;0.234700000;0.977230000
CVE-2014-4062;0.142610000;0.964770000
CVE-2014-4061;0.264990000;0.979460000
CVE-2014-4060;0.234980000;0.977250000
CVE-2014-4059;0.159930000;0.967920000
CVE-2014-4058;0.165280000;0.969000000
CVE-2014-4057;0.164630000;0.968810000
CVE-2014-4056;0.165280000;0.968990000
CVE-2014-4055;0.165280000;0.968980000
CVE-2014-4052;0.165280000;0.968980000
CVE-2014-4051;0.165280000;0.968980000
CVE-2014-4050;0.165280000;0.968960000
CVE-2014-4049;0.109100000;0.957310000
CVE-2014-4048;0.027690000;0.857400000
CVE-2014-4047;0.049100000;0.917990000
CVE-2014-4046;0.056790000;0.927210000
CVE-2014-4045;0.027690000;0.857390000
CVE-2014-4044;0.015950000;0.747320000
CVE-2014-4043;0.039220000;0.899720000
CVE-2014-4040;0.018260000;0.779450000
CVE-2014-4039;0.003770000;0.290870000
CVE-2014-4038;0.003520000;0.262510000
CVE-2014-4037;0.025100000;0.841350000
CVE-2014-4036;0.010120000;0.617240000
CVE-2014-4035;0.032840000;0.880040000
CVE-2014-4034;0.062500000;0.933160000
CVE-2014-4033;0.032990000;0.880670000
CVE-2014-4032;0.018540000;0.783000000
CVE-2014-4031;0.009370000;0.592780000
CVE-2014-4030;0.028570000;0.862020000
CVE-2014-4027;0.006500000;0.491070000
CVE-2014-4024;0.016090000;0.749370000
CVE-2014-4023;0.018420000;0.781420000
CVE-2014-4022;0.005420000;0.432950000
CVE-2014-4021;0.006840000;0.506090000
CVE-2014-4020;0.014130000;0.716240000
CVE-2014-4019;0.126690000;0.961220000
CVE-2014-4018;0.062970000;0.933600000
CVE-2014-4017;0.016360000;0.753550000
CVE-2014-4014;0.033030000;0.880790000
CVE-2014-4013;0.005650000;0.446920000
CVE-2014-4012;0.013690000;0.707710000
CVE-2014-4011;0.013690000;0.707710000
CVE-2014-4010;0.013690000;0.707770000
CVE-2014-4009;0.013690000;0.707770000
CVE-2014-4008;0.013690000;0.707770000
CVE-2014-4007;0.013690000;0.707700000
CVE-2014-4006;0.013690000;0.707700000
CVE-2014-4005;0.013690000;0.707690000
CVE-2014-4004;0.013690000;0.707730000
CVE-2014-4003;0.029900000;0.868090000
CVE-2014-4002;0.020960000;0.809070000
CVE-2014-4000;0.016720000;0.758660000
CVE-2014-3999;0.024160000;0.834850000
CVE-2014-3997;0.130520000;0.962170000
CVE-2014-3996;0.384290000;0.985240000
CVE-2014-3995;0.021010000;0.809590000
CVE-2014-3994;0.024120000;0.834530000
CVE-2014-3992;0.019940000;0.798580000
CVE-2014-3991;0.026890000;0.852900000
CVE-2014-3990;0.066040000;0.936170000
CVE-2014-3988;0.014000000;0.714070000
CVE-2014-3986;0.003400000;0.249600000
CVE-2014-3985;0.033120000;0.881130000
CVE-2014-3984;0.040060000;0.901900000
CVE-2014-3982;0.003400000;0.249600000
CVE-2014-3981;0.007820000;0.541920000
CVE-2014-3980;0.003690000;0.281390000
CVE-2014-3979;0.024930000;0.840260000
CVE-2014-3978;0.017270000;0.766200000
CVE-2014-3977;0.008720000;0.572190000
CVE-2014-3976;0.116460000;0.959130000
CVE-2014-3975;0.069000000;0.938540000
CVE-2014-3974;0.032170000;0.877210000
CVE-2014-3973;0.013490000;0.703520000
CVE-2014-3972;0.023740000;0.831700000
CVE-2014-3971;0.014550000;0.724030000
CVE-2014-3970;0.014570000;0.724560000
CVE-2014-3969;0.006530000;0.492510000
CVE-2014-3968;0.007190000;0.519900000
CVE-2014-3967;0.007100000;0.516180000
CVE-2014-3966;0.020970000;0.809200000
CVE-2014-3963;0.010110000;0.617070000
CVE-2014-3962;0.023480000;0.829880000
CVE-2014-3961;0.056430000;0.926890000
CVE-2014-3960;0.017730000;0.772670000
CVE-2014-3959;0.015460000;0.739800000
CVE-2014-3956;0.006350000;0.483250000
CVE-2014-3955;0.015530000;0.741080000
CVE-2014-3954;0.039400000;0.900260000
CVE-2014-3953;0.003500000;0.260470000
CVE-2014-3952;0.003390000;0.247630000
CVE-2014-3951;0.017520000;0.769820000
CVE-2014-3949;0.009460000;0.595680000
CVE-2014-3948;0.011610000;0.658650000
CVE-2014-3947;0.023260000;0.828220000
CVE-2014-3946;0.011180000;0.647680000
CVE-2014-3945;0.016350000;0.753290000
CVE-2014-3944;0.013080000;0.694380000
CVE-2014-3943;0.014490000;0.722740000
CVE-2014-3942;0.016340000;0.753090000
CVE-2014-3941;0.027140000;0.854290000
CVE-2014-3940;0.002740000;0.177620000
CVE-2014-3939;0.059840000;0.930550000
CVE-2014-3938;0.042890000;0.907710000
CVE-2014-3937;0.020310000;0.802550000
CVE-2014-3936;0.765550000;0.995270000
CVE-2014-3935;0.020820000;0.807640000
CVE-2014-3934;0.021780000;0.816090000
CVE-2014-3933;0.009460000;0.595520000
CVE-2014-3932;0.012360000;0.678390000
CVE-2014-3931;0.289780000;0.981010000
CVE-2014-3930;0.017090000;0.764090000
CVE-2014-3929;0.021530000;0.814180000
CVE-2014-3928;0.022520000;0.822280000
CVE-2014-3927;0.037710000;0.895490000
CVE-2014-3926;0.013550000;0.705010000
CVE-2014-3925;0.021520000;0.814090000
CVE-2014-3924;0.013570000;0.705320000
CVE-2014-3923;0.016180000;0.750810000
CVE-2014-3922;0.020910000;0.808570000
CVE-2014-3921;0.016330000;0.752890000
CVE-2014-3920;0.006900000;0.508340000
CVE-2014-3919;0.009220000;0.587330000
CVE-2014-3917;0.003600000;0.271850000
CVE-2014-3916;0.013740000;0.708910000
CVE-2014-3915;0.031190000;0.873270000
CVE-2014-3914;0.726060000;0.994270000
CVE-2014-3913;0.608600000;0.991270000
CVE-2014-3912;0.044170000;0.910030000
CVE-2014-3911;0.055950000;0.926280000
CVE-2014-3910;0.003540000;0.264870000
CVE-2014-3909;0.012950000;0.691650000
CVE-2014-3908;0.005210000;0.418890000
CVE-2014-3907;0.010700000;0.634480000
CVE-2014-3906;0.011640000;0.659790000
CVE-2014-3905;0.009310000;0.590850000
CVE-2014-3904;0.011640000;0.659790000
CVE-2014-3903;0.014890000;0.730480000
CVE-2014-3902;0.008190000;0.555050000
CVE-2014-3901;0.022710000;0.823720000
CVE-2014-3900;0.017920000;0.775030000
CVE-2014-3899;0.015230000;0.735980000
CVE-2014-3898;0.017920000;0.775030000
CVE-2014-3897;0.011480000;0.655090000
CVE-2014-3896;0.009240000;0.588360000
CVE-2014-3895;0.021990000;0.817970000
CVE-2014-3894;0.009310000;0.590860000
CVE-2014-3892;0.011480000;0.655030000
CVE-2014-3891;0.020360000;0.803010000
CVE-2014-3890;0.012180000;0.674130000
CVE-2014-3889;0.012180000;0.674120000
CVE-2014-3888;0.623120000;0.991600000
CVE-2014-3887;0.006420000;0.486610000
CVE-2014-3886;0.008950000;0.579170000
CVE-2014-3885;0.009310000;0.590860000
CVE-2014-3884;0.013510000;0.703820000
CVE-2014-3883;0.012950000;0.691640000
CVE-2014-3882;0.010760000;0.636040000
CVE-2014-3881;0.006360000;0.483800000
CVE-2014-3880;0.003590000;0.271460000
CVE-2014-3879;0.026980000;0.853380000
CVE-2014-3878;0.034680000;0.886350000
CVE-2014-3877;0.019140000;0.789950000
CVE-2014-3876;0.019140000;0.789950000
CVE-2014-3875;0.016700000;0.758450000
CVE-2014-3873;0.003830000;0.297380000
CVE-2014-3872;0.014390000;0.720990000
CVE-2014-3871;0.025550000;0.844410000
CVE-2014-3870;0.016330000;0.752910000
CVE-2014-3868;0.024610000;0.838100000
CVE-2014-3867;0.020490000;0.804380000
CVE-2014-3866;0.010600000;0.631500000
CVE-2014-3865;0.073220000;0.941750000
CVE-2014-3864;0.028250000;0.860420000
CVE-2014-3863;0.019150000;0.790120000
CVE-2014-3862;0.013090000;0.694560000
CVE-2014-3861;0.014890000;0.730360000
CVE-2014-3860;0.006590000;0.495180000
CVE-2014-3859;0.069780000;0.939150000
CVE-2014-3857;0.021680000;0.815300000
CVE-2014-3856;0.002900000;0.193450000
CVE-2014-3855;0.018030000;0.776410000
CVE-2014-3854;0.009390000;0.593380000
CVE-2014-3853;0.012960000;0.691980000
CVE-2014-3852;0.015540000;0.741400000
CVE-2014-3851;0.004020000;0.317900000
CVE-2014-3850;0.010240000;0.620600000
CVE-2014-3849;0.059730000;0.930450000
CVE-2014-3848;0.091490000;0.951570000
CVE-2014-3846;0.014270000;0.719010000
CVE-2014-3845;0.009520000;0.597640000
CVE-2014-3844;0.017840000;0.773940000
CVE-2014-3843;0.009520000;0.597640000
CVE-2014-3842;0.045090000;0.911730000
CVE-2014-3841;0.019480000;0.793860000
CVE-2014-3840;0.035050000;0.887550000
CVE-2014-3838;0.010110000;0.617070000
CVE-2014-3837;0.009090000;0.583590000
CVE-2014-3836;0.006050000;0.467970000
CVE-2014-3835;0.010430000;0.626500000
CVE-2014-3834;0.013970000;0.713160000
CVE-2014-3833;0.010050000;0.615050000
CVE-2014-3832;0.010050000;0.615060000
CVE-2014-3830;0.014270000;0.719020000
CVE-2014-3829;0.802430000;0.996100000
CVE-2014-3828;0.727120000;0.994310000
CVE-2014-3827;0.006280000;0.479590000
CVE-2014-3826;0.006080000;0.469540000
CVE-2014-3825;0.020420000;0.803690000
CVE-2014-3824;0.009310000;0.590870000
CVE-2014-3823;0.009580000;0.599260000
CVE-2014-3822;0.017250000;0.766000000
CVE-2014-3821;0.011920000;0.667210000
CVE-2014-3820;0.007800000;0.541280000
CVE-2014-3819;0.027210000;0.854650000
CVE-2014-3818;0.018950000;0.787800000
CVE-2014-3817;0.033670000;0.883010000
CVE-2014-3816;0.022280000;0.820400000
CVE-2014-3815;0.017990000;0.775960000
CVE-2014-3814;0.013330000;0.700100000
CVE-2014-3813;0.013330000;0.700100000
CVE-2014-3812;0.007450000;0.529370000
CVE-2014-3811;0.003870000;0.301360000
CVE-2014-3810;0.016580000;0.756620000
CVE-2014-3809;0.009060000;0.582590000
CVE-2014-3808;0.018620000;0.784070000
CVE-2014-3807;0.018540000;0.783000000
CVE-2014-3806;0.076510000;0.943730000
CVE-2014-3805;0.130720000;0.962220000
CVE-2014-3804;0.723760000;0.994230000
CVE-2014-3803;0.013690000;0.707840000
CVE-2014-3802;0.109260000;0.957360000
CVE-2014-3801;0.016340000;0.753160000
CVE-2014-3800;0.003700000;0.283180000
CVE-2014-3798;0.019280000;0.791510000
CVE-2014-3797;0.017950000;0.775330000
CVE-2014-3796;0.015800000;0.745130000
CVE-2014-3793;0.011470000;0.654610000
CVE-2014-3792;0.022810000;0.824570000
CVE-2014-3791;0.787030000;0.995780000
CVE-2014-3790;0.023510000;0.830140000
CVE-2014-3789;0.633660000;0.991840000
CVE-2014-3788;0.040080000;0.901940000
CVE-2014-3787;0.013690000;0.707770000
CVE-2014-3786;0.014170000;0.717000000
CVE-2014-3783;0.016650000;0.757660000
CVE-2014-3782;0.012060000;0.670640000
CVE-2014-3781;0.021830000;0.816540000
CVE-2014-3780;0.026380000;0.849660000
CVE-2014-3779;0.035390000;0.888490000
CVE-2014-3778;0.019370000;0.792720000
CVE-2014-3777;0.036830000;0.892860000
CVE-2014-3776;0.044600000;0.910960000
CVE-2014-3775;0.037800000;0.895690000
CVE-2014-3774;0.018850000;0.786660000
CVE-2014-3773;0.021140000;0.810690000
CVE-2014-3772;0.026460000;0.850150000
CVE-2014-3771;0.026180000;0.848450000
CVE-2014-3764;0.013620000;0.706520000
CVE-2014-3761;0.009950000;0.611510000
CVE-2014-3760;0.006630000;0.496950000
CVE-2014-3759;0.012600000;0.684220000
CVE-2014-3758;0.011610000;0.658670000
CVE-2014-3757;0.013790000;0.709870000
CVE-2014-3756;0.014800000;0.728620000
CVE-2014-3755;0.025210000;0.842180000
CVE-2014-3753;0.008860000;0.576240000
CVE-2014-3752;0.009660000;0.601800000
CVE-2014-3750;0.005660000;0.447630000
CVE-2014-3749;0.013060000;0.694000000
CVE-2014-3744;0.340120000;0.983490000
CVE-2014-3743;0.017150000;0.764840000
CVE-2014-3742;0.023740000;0.831720000
CVE-2014-3741;0.037590000;0.895100000
CVE-2014-3740;0.033790000;0.883370000
CVE-2014-3739;0.013030000;0.693530000
CVE-2014-3738;0.037320000;0.894390000
CVE-2014-3737;0.020970000;0.809200000
CVE-2014-3735;0.011460000;0.654430000
CVE-2014-3730;0.031490000;0.874410000
CVE-2014-3719;0.019900000;0.798110000
CVE-2014-3718;0.009680000;0.603010000
CVE-2014-3717;0.004110000;0.327680000
CVE-2014-3716;0.003880000;0.302720000
CVE-2014-3715;0.004110000;0.327690000
CVE-2014-3714;0.004110000;0.327680000
CVE-2014-3712;0.016570000;0.756500000
CVE-2014-3711;0.015700000;0.743530000
CVE-2014-3710;0.140130000;0.964320000
CVE-2014-3709;0.008160000;0.553710000
CVE-2014-3708;0.028060000;0.859470000
CVE-2014-3707;0.051210000;0.920890000
CVE-2014-3706;0.007210000;0.520480000
CVE-2014-3704;0.999740000;0.999780000
CVE-2014-3703;0.021640000;0.814970000
CVE-2014-3702;0.019400000;0.793020000
CVE-2014-3701;0.015000000;0.732370000
CVE-2014-3700;0.028400000;0.861270000
CVE-2014-3699;0.023700000;0.831440000
CVE-2014-3698;0.037760000;0.895600000
CVE-2014-3697;0.038380000;0.897410000
CVE-2014-3696;0.028710000;0.862690000
CVE-2014-3695;0.028710000;0.862690000
CVE-2014-3694;0.023490000;0.830000000
CVE-2014-3693;0.050510000;0.920020000
CVE-2014-3692;0.029460000;0.866220000
CVE-2014-3691;0.017060000;0.763610000
CVE-2014-3690;0.005150000;0.414750000
CVE-2014-3689;0.003880000;0.302430000
CVE-2014-3688;0.058500000;0.929290000
CVE-2014-3687;0.085790000;0.948940000
CVE-2014-3686;0.049450000;0.918500000
CVE-2014-3684;0.028380000;0.861070000
CVE-2014-3683;0.045850000;0.913120000
CVE-2014-3682;0.028860000;0.863370000
CVE-2014-3681;0.021320000;0.812320000
CVE-2014-3680;0.013610000;0.706260000
CVE-2014-3679;0.017810000;0.773620000
CVE-2014-3678;0.018400000;0.781140000
CVE-2014-3677;0.027450000;0.855980000
CVE-2014-3676;0.052320000;0.922280000
CVE-2014-3675;0.026850000;0.852600000
CVE-2014-3674;0.020190000;0.801370000
CVE-2014-3673;0.074610000;0.942560000
CVE-2014-3672;0.004710000;0.382870000
CVE-2014-3670;0.226330000;0.976490000
CVE-2014-3669;0.288620000;0.980940000
CVE-2014-3668;0.270180000;0.979780000
CVE-2014-3667;0.013610000;0.706260000
CVE-2014-3666;0.036520000;0.892000000
CVE-2014-3665;0.025020000;0.840800000
CVE-2014-3664;0.024660000;0.838430000
CVE-2014-3663;0.013840000;0.710840000
CVE-2014-3662;0.017360000;0.767470000
CVE-2014-3661;0.018030000;0.776450000
CVE-2014-3660;0.039880000;0.901480000
CVE-2014-3657;0.027910000;0.858660000
CVE-2014-3656;0.007680000;0.537360000
CVE-2014-3655;0.004560000;0.370610000
CVE-2014-3654;0.017590000;0.770670000
CVE-2014-3653;0.019170000;0.790390000
CVE-2014-3652;0.006630000;0.496680000
CVE-2014-3651;0.016420000;0.754320000
CVE-2014-3650;0.006040000;0.467420000
CVE-2014-3649;0.006480000;0.489860000
CVE-2014-3648;0.009810000;0.607500000
CVE-2014-3647;0.005880000;0.459080000
CVE-2014-3646;0.004280000;0.344930000
CVE-2014-3645;0.004090000;0.325740000
CVE-2014-3643;0.021840000;0.816580000
CVE-2014-3642;0.012850000;0.689580000
CVE-2014-3641;0.018750000;0.785570000
CVE-2014-3640;0.004050000;0.321240000
CVE-2014-3639;0.004030000;0.319370000
CVE-2014-3638;0.003880000;0.302440000
CVE-2014-3637;0.004470000;0.363640000
CVE-2014-3636;0.005080000;0.410260000
CVE-2014-3635;0.004860000;0.394160000
CVE-2014-3634;0.075460000;0.943050000
CVE-2014-3633;0.027510000;0.856290000
CVE-2014-3632;0.025010000;0.840770000
CVE-2014-3631;0.009630000;0.601280000
CVE-2014-3630;0.028690000;0.862580000
CVE-2014-3629;0.069180000;0.938750000
CVE-2014-3628;0.047020000;0.914880000
CVE-2014-3627;0.030030000;0.868700000
CVE-2014-3626;0.016840000;0.760590000
CVE-2014-3625;0.103230000;0.955540000
CVE-2014-3624;0.037660000;0.895290000
CVE-2014-3623;0.092240000;0.951830000
CVE-2014-3622;0.031210000;0.873370000
CVE-2014-3621;0.021260000;0.811810000
CVE-2014-3620;0.042400000;0.906810000
CVE-2014-3619;0.027190000;0.854570000
CVE-2014-3618;0.085250000;0.948650000
CVE-2014-3617;0.011430000;0.653740000
CVE-2014-3616;0.056540000;0.927000000
CVE-2014-3615;0.004500000;0.365470000
CVE-2014-3614;0.060230000;0.930960000
CVE-2014-3613;0.071450000;0.940560000
CVE-2014-3612;0.071810000;0.940860000
CVE-2014-3611;0.002940000;0.197670000
CVE-2014-3610;0.005950000;0.462890000
CVE-2014-3609;0.562200000;0.990210000
CVE-2014-3608;0.017250000;0.766030000
CVE-2014-3607;0.008670000;0.570780000
CVE-2014-3604;0.009320000;0.591160000
CVE-2014-3603;0.008440000;0.562760000
CVE-2014-3602;0.003780000;0.291900000
CVE-2014-3601;0.011680000;0.660560000
CVE-2014-3600;0.097150000;0.953550000
CVE-2014-3599;0.012030000;0.669970000
CVE-2014-3598;0.019930000;0.798540000
CVE-2014-3597;0.154270000;0.966790000
CVE-2014-3596;0.091520000;0.951580000
CVE-2014-3595;0.017590000;0.770660000
CVE-2014-3594;0.020700000;0.806560000
CVE-2014-3593;0.013630000;0.706670000
CVE-2014-3592;0.006550000;0.493550000
CVE-2014-3591;0.005760000;0.452850000
CVE-2014-3590;0.005220000;0.419600000
CVE-2014-3589;0.033620000;0.882810000
CVE-2014-3587;0.202370000;0.973870000
CVE-2014-3586;0.003720000;0.285240000
CVE-2014-3585;0.010640000;0.632580000
CVE-2014-3584;0.071770000;0.940830000
CVE-2014-3583;0.107830000;0.956910000
CVE-2014-3582;0.015920000;0.746860000
CVE-2014-3581;0.135580000;0.963280000
CVE-2014-3580;0.111210000;0.957990000
CVE-2014-3579;0.045920000;0.913230000
CVE-2014-3578;0.063340000;0.933930000
CVE-2014-3577;0.091490000;0.951570000
CVE-2014-3576;0.127940000;0.961510000
CVE-2014-3575;0.113380000;0.958430000
CVE-2014-3574;0.071100000;0.940250000
CVE-2014-3573;0.017620000;0.771090000
CVE-2014-3572;0.065740000;0.935960000
CVE-2014-3571;0.229640000;0.976800000
CVE-2014-3570;0.218690000;0.975710000
CVE-2014-3569;0.195240000;0.972910000
CVE-2014-3568;0.139760000;0.964250000
CVE-2014-3567;0.227470000;0.976580000
CVE-2014-3566;0.999990000;0.999990000
CVE-2014-3565;0.046190000;0.913670000
CVE-2014-3564;0.042890000;0.907700000
CVE-2014-3563;0.004070000;0.323860000
CVE-2014-3562;0.021980000;0.817910000
CVE-2014-3561;0.003750000;0.288780000
CVE-2014-3560;0.563780000;0.990260000
CVE-2014-3559;0.014430000;0.721680000
CVE-2014-3558;0.029130000;0.864700000
CVE-2014-3556;0.078320000;0.944780000
CVE-2014-3555;0.022090000;0.818830000
CVE-2014-3554;0.028030000;0.859310000
CVE-2014-3553;0.010170000;0.618730000
CVE-2014-3552;0.011650000;0.659880000
CVE-2014-3551;0.017490000;0.769210000
CVE-2014-3550;0.011870000;0.665950000
CVE-2014-3549;0.011870000;0.665950000
CVE-2014-3548;0.018320000;0.780240000
CVE-2014-3547;0.011870000;0.665940000
CVE-2014-3546;0.014000000;0.713860000
CVE-2014-3545;0.017170000;0.765090000
CVE-2014-3544;0.046670000;0.914370000
CVE-2014-3543;0.013550000;0.705080000
CVE-2014-3542;0.013550000;0.705070000
CVE-2014-3541;0.037130000;0.893720000
CVE-2014-3539;0.029750000;0.867380000
CVE-2014-3538;0.118140000;0.959480000
CVE-2014-3537;0.003790000;0.292350000
CVE-2014-3536;0.003280000;0.233340000
CVE-2014-3535;0.041500000;0.905020000
CVE-2014-3534;0.004550000;0.369560000
CVE-2014-3533;0.004170000;0.335290000
CVE-2014-3532;0.004460000;0.362320000
CVE-2014-3531;0.011700000;0.661060000
CVE-2014-3530;0.038570000;0.897940000
CVE-2014-3529;0.127570000;0.961410000
CVE-2014-3528;0.073960000;0.942220000
CVE-2014-3527;0.018230000;0.779130000
CVE-2014-3526;0.022970000;0.825930000
CVE-2014-3525;0.045460000;0.912460000
CVE-2014-3524;0.145330000;0.965240000
CVE-2014-3523;0.163720000;0.968620000
CVE-2014-3522;0.055810000;0.926060000
CVE-2014-3521;0.014280000;0.719030000
CVE-2014-3520;0.019070000;0.789250000
CVE-2014-3519;0.004350000;0.352430000
CVE-2014-3518;0.026090000;0.847920000
CVE-2014-3517;0.019540000;0.794470000
CVE-2014-3515;0.301280000;0.981610000
CVE-2014-3514;0.027970000;0.858950000
CVE-2014-3513;0.370720000;0.984680000
CVE-2014-3512;0.689790000;0.993310000
CVE-2014-3511;0.141290000;0.964520000
CVE-2014-3510;0.179490000;0.970870000
CVE-2014-3509;0.134180000;0.962960000
CVE-2014-3508;0.245210000;0.978070000
CVE-2014-3507;0.542760000;0.989760000
CVE-2014-3506;0.461240000;0.987720000
CVE-2014-3505;0.461240000;0.987720000
CVE-2014-3504;0.031500000;0.874430000
CVE-2014-3503;0.060230000;0.930960000
CVE-2014-3502;0.049640000;0.918840000
CVE-2014-3501;0.037470000;0.894770000
CVE-2014-3500;0.040970000;0.903860000
CVE-2014-3499;0.003930000;0.308430000
CVE-2014-3498;0.025210000;0.842200000
CVE-2014-3497;0.021010000;0.809590000
CVE-2014-3496;0.050850000;0.920480000
CVE-2014-3495;0.009380000;0.593300000
CVE-2014-3494;0.007110000;0.516530000
CVE-2014-3493;0.072690000;0.941400000
CVE-2014-3492;0.014830000;0.729340000
CVE-2014-3491;0.014830000;0.729350000
CVE-2014-3490;0.045720000;0.912910000
CVE-2014-3489;0.015860000;0.746000000
CVE-2014-3488;0.042220000;0.906490000
CVE-2014-3487;0.149270000;0.965930000
CVE-2014-3486;0.003540000;0.264820000
CVE-2014-3485;0.014830000;0.729330000
CVE-2014-3484;0.022040000;0.818410000
CVE-2014-3483;0.041810000;0.905670000
CVE-2014-3482;0.042780000;0.907530000
CVE-2014-3481;0.030310000;0.869790000
CVE-2014-3480;0.114810000;0.958760000
CVE-2014-3479;0.149270000;0.965940000
CVE-2014-3478;0.151760000;0.966360000
CVE-2014-3477;0.004440000;0.361070000
CVE-2014-3476;0.023270000;0.828310000
CVE-2014-3475;0.012350000;0.678170000
CVE-2014-3474;0.019330000;0.792210000
CVE-2014-3473;0.017030000;0.763210000
CVE-2014-3472;0.016810000;0.760050000
CVE-2014-3471;0.003960000;0.311390000
CVE-2014-3470;0.857840000;0.997210000
CVE-2014-3469;0.038170000;0.896860000
CVE-2014-3468;0.037890000;0.895970000
CVE-2014-3467;0.068000000;0.937780000
CVE-2014-3466;0.112210000;0.958210000
CVE-2014-3465;0.041400000;0.904870000
CVE-2014-3464;0.010870000;0.639290000
CVE-2014-3462;0.031120000;0.872890000
CVE-2014-3461;0.026960000;0.853260000
CVE-2014-3460;0.032670000;0.879340000
CVE-2014-3459;0.115640000;0.958920000
CVE-2014-3456;0.009420000;0.594340000
CVE-2014-3455;0.005990000;0.465000000
CVE-2014-3454;0.005990000;0.465330000
CVE-2014-3453;0.021190000;0.811160000
CVE-2014-3452;0.016930000;0.761770000
CVE-2014-3451;0.017670000;0.771730000
CVE-2014-3450;0.003730000;0.286640000
CVE-2014-3449;0.026660000;0.851470000
CVE-2014-3448;0.039770000;0.901250000
CVE-2014-3447;0.018240000;0.779290000
CVE-2014-3446;0.012600000;0.684230000
CVE-2014-3445;0.053450000;0.923440000
CVE-2014-3444;0.055860000;0.926170000
CVE-2014-3443;0.022890000;0.825280000
CVE-2014-3442;0.027890000;0.858570000
CVE-2014-3441;0.039920000;0.901570000
CVE-2014-3440;0.033060000;0.880940000
CVE-2014-3439;0.058380000;0.929130000
CVE-2014-3438;0.039230000;0.899730000
CVE-2014-3437;0.085410000;0.948750000
CVE-2014-3436;0.010720000;0.635150000
CVE-2014-3434;0.016280000;0.752040000
CVE-2014-3433;0.019700000;0.795910000
CVE-2014-3432;0.019910000;0.798310000
CVE-2014-3431;0.001960000;0.082930000
CVE-2014-3430;0.033310000;0.881760000
CVE-2014-3429;0.047030000;0.914910000
CVE-2014-3428;0.018540000;0.782970000
CVE-2014-3427;0.051970000;0.921850000
CVE-2014-3426;0.002880000;0.190960000
CVE-2014-3425;0.002880000;0.190960000
CVE-2014-3424;0.003440000;0.253060000
CVE-2014-3423;0.003410000;0.250010000
CVE-2014-3422;0.003440000;0.253060000
CVE-2014-3421;0.003440000;0.253070000
CVE-2014-3419;0.004590000;0.372520000
CVE-2014-3418;0.071710000;0.940760000
CVE-2014-3417;0.010660000;0.633640000
CVE-2014-3416;0.010660000;0.633650000
CVE-2014-3415;0.019470000;0.793810000
CVE-2014-3414;0.019280000;0.791490000
CVE-2014-3413;0.021330000;0.812460000
CVE-2014-3412;0.046560000;0.914220000
CVE-2014-3411;0.042190000;0.906430000
CVE-2014-3410;0.015350000;0.737940000
CVE-2014-3409;0.010060000;0.615390000
CVE-2014-3408;0.012740000;0.687180000
CVE-2014-3407;0.016980000;0.762480000
CVE-2014-3406;0.008890000;0.577240000
CVE-2014-3405;0.007170000;0.519010000
CVE-2014-3404;0.005950000;0.462650000
CVE-2014-3403;0.006470000;0.489510000
CVE-2014-3402;0.013450000;0.702650000
CVE-2014-3400;0.009470000;0.596110000
CVE-2014-3399;0.010330000;0.623260000
CVE-2014-3398;0.020150000;0.801020000
CVE-2014-3397;0.037840000;0.895860000
CVE-2014-3396;0.013590000;0.705780000
CVE-2014-3395;0.016670000;0.757980000
CVE-2014-3394;0.009980000;0.612660000
CVE-2014-3393;0.019950000;0.798760000
CVE-2014-3392;0.016670000;0.757930000
CVE-2014-3391;0.003950000;0.310600000
CVE-2014-3390;0.003600000;0.271770000
CVE-2014-3389;0.027970000;0.858980000
CVE-2014-3388;0.013280000;0.698870000
CVE-2014-3387;0.013280000;0.698920000
CVE-2014-3386;0.018870000;0.786860000
CVE-2014-3385;0.010070000;0.615560000
CVE-2014-3384;0.016140000;0.750030000
CVE-2014-3383;0.013330000;0.700110000
CVE-2014-3382;0.013770000;0.709550000
CVE-2014-3381;0.017180000;0.765240000
CVE-2014-3380;0.032680000;0.879370000
CVE-2014-3379;0.008730000;0.572700000
CVE-2014-3378;0.017920000;0.774910000
CVE-2014-3377;0.013860000;0.711230000
CVE-2014-3376;0.017350000;0.767340000
CVE-2014-3375;0.019510000;0.794210000
CVE-2014-3374;0.019510000;0.794200000
CVE-2014-3373;0.019510000;0.794220000
CVE-2014-3372;0.019510000;0.794210000
CVE-2014-3370;0.023360000;0.829020000
CVE-2014-3369;0.023650000;0.831120000
CVE-2014-3368;0.039490000;0.900470000
CVE-2014-3367;0.011610000;0.658650000
CVE-2014-3366;0.015580000;0.741940000
CVE-2014-3365;0.017920000;0.775100000
CVE-2014-3364;0.009310000;0.591060000
CVE-2014-3363;0.015430000;0.739370000
CVE-2014-3362;0.027510000;0.856260000
CVE-2014-3361;0.023650000;0.831120000
CVE-2014-3360;0.033130000;0.881180000
CVE-2014-3359;0.027780000;0.858120000
CVE-2014-3358;0.028510000;0.861760000
CVE-2014-3357;0.028510000;0.861760000
CVE-2014-3356;0.031970000;0.876280000
CVE-2014-3355;0.027780000;0.858120000
CVE-2014-3354;0.030230000;0.869460000
CVE-2014-3353;0.025490000;0.843980000
CVE-2014-3352;0.028240000;0.860400000
CVE-2014-3351;0.029490000;0.866330000
CVE-2014-3350;0.016380000;0.753770000
CVE-2014-3349;0.016260000;0.751880000
CVE-2014-3348;0.025840000;0.846260000
CVE-2014-3347;0.009760000;0.606020000
CVE-2014-3346;0.018520000;0.782750000
CVE-2014-3345;0.022380000;0.821310000
CVE-2014-3344;0.019510000;0.794220000
CVE-2014-3343;0.022000000;0.818090000
CVE-2014-3342;0.010820000;0.637770000
CVE-2014-3341;0.047020000;0.914880000
CVE-2014-3340;0.022510000;0.822200000
CVE-2014-3339;0.015410000;0.739050000
CVE-2014-3338;0.031230000;0.873440000
CVE-2014-3337;0.023890000;0.832820000
CVE-2014-3336;0.017110000;0.764290000
CVE-2014-3335;0.011090000;0.645400000
CVE-2014-3333;0.031300000;0.873690000
CVE-2014-3332;0.016400000;0.754080000
CVE-2014-3331;0.017360000;0.767600000
CVE-2014-3330;0.021330000;0.812450000
CVE-2014-3329;0.021700000;0.815440000
CVE-2014-3328;0.029700000;0.867160000
CVE-2014-3327;0.032830000;0.879940000
CVE-2014-3326;0.020590000;0.805350000
CVE-2014-3325;0.013720000;0.708320000
CVE-2014-3324;0.014880000;0.730150000
CVE-2014-3323;0.023090000;0.826920000
CVE-2014-3322;0.012050000;0.670570000
CVE-2014-3321;0.006490000;0.490370000
CVE-2014-3320;0.022060000;0.818570000
CVE-2014-3319;0.027500000;0.856240000
CVE-2014-3318;0.029840000;0.867790000
CVE-2014-3317;0.025550000;0.844350000
CVE-2014-3316;0.018050000;0.776680000
CVE-2014-3315;0.011610000;0.658650000
CVE-2014-3314;0.010860000;0.639100000
CVE-2014-3313;0.019510000;0.794210000
CVE-2014-3312;0.003680000;0.280560000
CVE-2014-3311;0.034130000;0.884460000
CVE-2014-3310;0.012040000;0.670160000
CVE-2014-3309;0.021120000;0.810570000
CVE-2014-3308;0.027980000;0.859020000
CVE-2014-3307;0.013040000;0.693690000
CVE-2014-3306;0.069550000;0.938970000
CVE-2014-3305;0.012670000;0.685800000
CVE-2014-3304;0.017940000;0.775220000
CVE-2014-3303;0.020320000;0.802660000
CVE-2014-3302;0.009510000;0.597290000
CVE-2014-3301;0.018460000;0.781990000
CVE-2014-3300;0.218790000;0.975720000
CVE-2014-3299;0.031350000;0.873880000
CVE-2014-3298;0.016380000;0.753760000
CVE-2014-3297;0.017830000;0.773910000
CVE-2014-3296;0.012990000;0.692510000
CVE-2014-3295;0.011170000;0.647390000
CVE-2014-3294;0.013800000;0.710060000
CVE-2014-3293;0.017350000;0.767340000
CVE-2014-3292;0.015420000;0.739160000
CVE-2014-3291;0.010220000;0.620260000
CVE-2014-3290;0.011480000;0.654910000
CVE-2014-3289;0.024260000;0.835600000
CVE-2014-3287;0.018500000;0.782490000
CVE-2014-3286;0.016520000;0.755710000
CVE-2014-3285;0.029700000;0.867150000
CVE-2014-3284;0.012070000;0.670870000
CVE-2014-3283;0.022060000;0.818570000
CVE-2014-3282;0.020320000;0.802670000
CVE-2014-3281;0.013540000;0.704760000
CVE-2014-3280;0.020320000;0.802660000
CVE-2014-3279;0.022550000;0.822530000
CVE-2014-3278;0.013540000;0.704770000
CVE-2014-3277;0.020940000;0.808910000
CVE-2014-3276;0.021900000;0.817040000
CVE-2014-3275;0.015580000;0.741940000
CVE-2014-3274;0.011290000;0.650250000
CVE-2014-3273;0.007660000;0.536750000
CVE-2014-3272;0.003130000;0.217270000
CVE-2014-3271;0.019730000;0.796280000
CVE-2014-3270;0.019900000;0.798230000
CVE-2014-3269;0.014980000;0.731920000
CVE-2014-3268;0.012180000;0.674150000
CVE-2014-3267;0.012140000;0.673040000
CVE-2014-3266;0.011610000;0.658560000
CVE-2014-3265;0.013720000;0.708320000
CVE-2014-3264;0.011780000;0.663970000
CVE-2014-3263;0.018250000;0.779440000
CVE-2014-3262;0.015500000;0.740700000
CVE-2014-3261;0.019540000;0.794450000
CVE-2014-3260;0.011730000;0.661880000
CVE-2014-3251;0.001750000;0.062320000
CVE-2014-3250;0.008940000;0.578810000
CVE-2014-3249;0.017790000;0.773390000
CVE-2014-3248;0.005370000;0.429710000
CVE-2014-3247;0.017360000;0.767410000
CVE-2014-3246;0.013330000;0.699990000
CVE-2014-3244;0.050420000;0.919920000
CVE-2014-3243;0.026800000;0.852370000
CVE-2014-3242;0.018120000;0.777550000
CVE-2014-3230;0.013380000;0.701270000
CVE-2014-3227;0.018210000;0.778840000
CVE-2014-3225;0.088810000;0.950480000
CVE-2014-3224;0.009240000;0.588380000
CVE-2014-3223;0.010100000;0.616860000
CVE-2014-3222;0.006400000;0.485700000
CVE-2014-3221;0.009080000;0.583210000
CVE-2014-3220;0.110030000;0.957590000
CVE-2014-3219;0.004310000;0.348660000
CVE-2014-3216;0.023260000;0.828170000
CVE-2014-3215;0.003570000;0.269180000
CVE-2014-3214;0.172590000;0.970030000
CVE-2014-3211;0.010830000;0.638070000
CVE-2014-3210;0.035880000;0.890110000
CVE-2014-3209;0.003760000;0.289270000
CVE-2014-3208;0.015110000;0.734190000
CVE-2014-3207;0.019250000;0.791210000
CVE-2014-3206;0.510140000;0.988950000
CVE-2014-3205;0.027330000;0.855300000
CVE-2014-3204;0.004770000;0.387110000
CVE-2014-3203;0.005130000;0.413650000
CVE-2014-3202;0.004220000;0.339590000
CVE-2014-3201;0.007700000;0.538080000
CVE-2014-3200;0.014350000;0.720310000
CVE-2014-3199;0.012620000;0.684540000
CVE-2014-3198;0.012620000;0.684540000
CVE-2014-3197;0.009630000;0.601150000
CVE-2014-3196;0.009950000;0.611690000
CVE-2014-3195;0.012180000;0.673960000
CVE-2014-3194;0.011590000;0.658020000
CVE-2014-3193;0.016180000;0.750760000
CVE-2014-3192;0.016830000;0.760430000
CVE-2014-3191;0.014530000;0.723780000
CVE-2014-3190;0.014150000;0.716640000
CVE-2014-3189;0.012520000;0.682390000
CVE-2014-3188;0.059990000;0.930740000
CVE-2014-3187;0.008120000;0.552450000
CVE-2014-3186;0.007020000;0.513130000
CVE-2014-3185;0.005960000;0.463460000
CVE-2014-3184;0.003970000;0.312670000
CVE-2014-3183;0.004990000;0.402710000
CVE-2014-3182;0.004280000;0.345510000
CVE-2014-3181;0.007640000;0.536030000
CVE-2014-3180;0.010390000;0.625390000
CVE-2014-3179;0.012680000;0.685940000
CVE-2014-3178;0.014640000;0.725770000
CVE-2014-3177;0.038830000;0.898620000
CVE-2014-3176;0.097580000;0.953690000
CVE-2014-3175;0.014750000;0.727800000
CVE-2014-3174;0.015850000;0.745920000
CVE-2014-3173;0.015850000;0.745930000
CVE-2014-3172;0.018480000;0.782270000
CVE-2014-3171;0.016140000;0.750010000
CVE-2014-3170;0.017970000;0.775580000
CVE-2014-3169;0.026440000;0.850040000
CVE-2014-3168;0.017560000;0.770230000
CVE-2014-3167;0.012090000;0.671850000
CVE-2014-3166;0.014970000;0.731560000
CVE-2014-3165;0.016620000;0.757250000
CVE-2014-3164;0.010160000;0.618550000
CVE-2014-3162;0.010380000;0.625050000
CVE-2014-3161;0.008750000;0.573260000
CVE-2014-3160;0.013430000;0.702400000
CVE-2014-3159;0.009230000;0.587980000
CVE-2014-3158;0.035020000;0.887470000
CVE-2014-3157;0.017600000;0.770680000
CVE-2014-3156;0.017130000;0.764630000
CVE-2014-3155;0.016320000;0.752890000
CVE-2014-3154;0.016620000;0.757260000
CVE-2014-3153;0.372330000;0.984750000
CVE-2014-3152;0.019700000;0.795940000
CVE-2014-3150;0.018620000;0.784090000
CVE-2014-3149;0.019360000;0.792540000
CVE-2014-3148;0.019230000;0.790990000
CVE-2014-3147;0.007590000;0.534240000
CVE-2014-3146;0.063330000;0.933920000
CVE-2014-3145;0.006490000;0.490440000
CVE-2014-3144;0.006020000;0.466460000
CVE-2014-3139;0.033090000;0.881030000
CVE-2014-3138;0.027090000;0.853960000
CVE-2014-3137;0.031260000;0.873550000
CVE-2014-3136;0.028890000;0.863530000
CVE-2014-3135;0.019320000;0.792050000
CVE-2014-3134;0.011610000;0.658630000
CVE-2014-3133;0.020900000;0.808470000
CVE-2014-3132;0.010940000;0.641380000
CVE-2014-3131;0.010940000;0.641380000
CVE-2014-3130;0.003290000;0.234800000
CVE-2014-3129;0.022750000;0.824040000
CVE-2014-3127;0.020730000;0.806870000
CVE-2014-3125;0.006290000;0.480230000
CVE-2014-3124;0.008100000;0.551820000
CVE-2014-3123;0.015890000;0.746460000
CVE-2014-3122;0.005450000;0.434630000
CVE-2014-3121;0.041000000;0.903940000
CVE-2014-3120;0.885590000;0.997710000
CVE-2014-3119;0.017310000;0.766900000
CVE-2014-3115;0.011790000;0.664130000
CVE-2014-3114;0.034620000;0.886140000
CVE-2014-3113;0.052170000;0.922130000
CVE-2014-3111;0.009780000;0.606480000
CVE-2014-3110;0.053420000;0.923410000
CVE-2014-3106;0.018500000;0.782540000
CVE-2014-3105;0.016670000;0.757960000
CVE-2014-3104;0.017310000;0.766880000
CVE-2014-3103;0.016670000;0.757990000
CVE-2014-3102;0.014170000;0.717070000
CVE-2014-3101;0.021440000;0.813370000
CVE-2014-3100;0.017570000;0.770410000
CVE-2014-3099;0.003880000;0.302160000
CVE-2014-3097;0.026410000;0.849900000
CVE-2014-3096;0.007590000;0.534210000
CVE-2014-3095;0.021200000;0.811250000
CVE-2014-3094;0.050440000;0.919930000
CVE-2014-3093;0.003300000;0.235230000
CVE-2014-3092;0.016670000;0.757970000
CVE-2014-3091;0.012960000;0.691860000
CVE-2014-3090;0.023740000;0.831720000
CVE-2014-3089;0.003760000;0.289790000
CVE-2014-3088;0.019710000;0.796070000
CVE-2014-3087;0.013320000;0.699710000
CVE-2014-3086;0.050530000;0.920030000
CVE-2014-3085;0.076490000;0.943720000
CVE-2014-3084;0.017350000;0.767330000
CVE-2014-3083;0.021180000;0.811040000
CVE-2014-3081;0.041320000;0.904700000
CVE-2014-3080;0.035210000;0.888000000
CVE-2014-3079;0.016470000;0.755000000
CVE-2014-3077;0.003120000;0.216480000
CVE-2014-3076;0.020900000;0.808480000
CVE-2014-3075;0.009360000;0.592300000
CVE-2014-3074;0.005760000;0.452940000
CVE-2014-3073;0.042190000;0.906430000
CVE-2014-3072;0.003710000;0.284720000
CVE-2014-3071;0.011610000;0.658610000
CVE-2014-3070;0.021430000;0.813290000
CVE-2014-3069;0.009510000;0.597400000
CVE-2014-3068;0.011530000;0.656640000
CVE-2014-3066;0.024280000;0.835730000
CVE-2014-3065;0.005590000;0.443300000
CVE-2014-3064;0.011140000;0.646500000
CVE-2014-3063;0.012430000;0.680200000
CVE-2014-3062;0.030810000;0.871760000
CVE-2014-3061;0.006260000;0.478770000
CVE-2014-3060;0.024100000;0.834330000
CVE-2014-3059;0.024100000;0.834340000
CVE-2014-3058;0.005210000;0.419310000
CVE-2014-3057;0.017920000;0.775080000
CVE-2014-3056;0.020720000;0.806690000
CVE-2014-3055;0.019460000;0.793630000
CVE-2014-3054;0.018220000;0.779040000
CVE-2014-3053;0.013720000;0.708330000
CVE-2014-3052;0.003630000;0.275570000
CVE-2014-3051;0.005930000;0.462000000
CVE-2014-3050;0.008520000;0.565480000
CVE-2014-3048;0.002660000;0.165780000
CVE-2014-3045;0.003180000;0.222770000
CVE-2014-3043;0.015160000;0.735010000
CVE-2014-3042;0.014180000;0.717260000
CVE-2014-3041;0.010290000;0.622350000
CVE-2014-3040;0.008510000;0.565330000
CVE-2014-3038;0.003300000;0.235580000
CVE-2014-3037;0.007830000;0.542120000
CVE-2014-3036;0.012890000;0.690230000
CVE-2014-3035;0.009360000;0.592290000
CVE-2014-3034;0.009360000;0.592370000
CVE-2014-3033;0.009360000;0.592370000
CVE-2014-3032;0.007590000;0.534180000
CVE-2014-3031;0.007590000;0.534190000
CVE-2014-3026;0.009510000;0.597420000
CVE-2014-3025;0.009460000;0.595680000
CVE-2014-3024;0.007960000;0.546680000
CVE-2014-3022;0.020280000;0.802310000
CVE-2014-3021;0.022340000;0.820950000
CVE-2014-3020;0.003190000;0.223480000
CVE-2014-3019;0.010340000;0.624000000
CVE-2014-3018;0.013330000;0.700110000
CVE-2014-3015;0.005600000;0.443800000
CVE-2014-3014;0.014020000;0.714290000
CVE-2014-3013;0.009360000;0.592330000
CVE-2014-3012;0.009510000;0.597400000
CVE-2014-3011;0.010460000;0.627310000
CVE-2014-3010;0.011610000;0.658610000
CVE-2014-3009;0.006490000;0.490400000
CVE-2014-3008;0.070180000;0.939530000
CVE-2014-3007;0.115970000;0.959010000
CVE-2014-3006;0.013090000;0.694830000
CVE-2014-3005;0.052050000;0.921940000
CVE-2014-3004;0.078570000;0.944950000
CVE-2014-3001;0.010200000;0.619400000
CVE-2014-3000;0.128240000;0.961590000
CVE-2014-2996;0.099240000;0.954330000
CVE-2014-2995;0.035770000;0.889830000
CVE-2014-2994;0.264180000;0.979420000
CVE-2014-2993;0.006600000;0.495450000
CVE-2014-2992;0.005670000;0.447810000
CVE-2014-2989;0.012000000;0.669320000
CVE-2014-2988;0.018400000;0.781130000
CVE-2014-2987;0.013640000;0.706740000
CVE-2014-2986;0.006390000;0.485260000
CVE-2014-2983;0.015680000;0.743350000
CVE-2014-2980;0.017100000;0.764110000
CVE-2014-2978;0.060980000;0.931760000
CVE-2014-2977;0.067760000;0.937610000
CVE-2014-2976;0.037430000;0.894660000
CVE-2014-2975;0.016810000;0.759970000
CVE-2014-2974;0.006310000;0.481290000
CVE-2014-2972;0.004870000;0.394640000
CVE-2014-2971;0.009120000;0.584200000
CVE-2014-2969;0.015110000;0.734120000
CVE-2014-2968;0.007980000;0.547500000
CVE-2014-2967;0.050730000;0.920290000
CVE-2014-2966;0.016650000;0.757620000
CVE-2014-2965;0.024990000;0.840620000
CVE-2014-2964;0.004860000;0.393840000
CVE-2014-2963;0.017160000;0.765020000
CVE-2014-2962;0.470950000;0.987960000
CVE-2014-2960;0.010900000;0.639930000
CVE-2014-2959;0.029590000;0.866720000
CVE-2014-2957;0.052850000;0.922850000
CVE-2014-2956;0.041660000;0.905310000
CVE-2014-2955;0.027740000;0.857900000
CVE-2014-2951;0.022940000;0.825580000
CVE-2014-2950;0.017300000;0.766700000
CVE-2014-2949;0.014210000;0.717710000
CVE-2014-2948;0.010920000;0.640480000
CVE-2014-2947;0.011070000;0.644610000
CVE-2014-2946;0.010780000;0.636440000
CVE-2014-2942;0.003870000;0.301730000
CVE-2014-2941;0.019710000;0.796070000
CVE-2014-2940;0.022150000;0.819360000
CVE-2014-2939;0.010120000;0.617340000
CVE-2014-2938;0.016010000;0.748150000
CVE-2014-2936;0.016110000;0.749670000
CVE-2014-2935;0.043730000;0.909340000
CVE-2014-2934;0.015350000;0.738100000
CVE-2014-2933;0.030020000;0.868590000
CVE-2014-2928;0.400530000;0.985860000
CVE-2014-2927;0.079200000;0.945280000
CVE-2014-2926;0.003300000;0.235600000
CVE-2014-2925;0.012010000;0.669370000
CVE-2014-2922;0.029210000;0.865060000
CVE-2014-2921;0.073150000;0.941700000
CVE-2014-2916;0.010790000;0.636770000
CVE-2014-2915;0.006160000;0.474240000
CVE-2014-2914;0.031900000;0.875990000
CVE-2014-2913;0.153120000;0.966600000
CVE-2014-2909;0.024170000;0.834940000
CVE-2014-2908;0.208620000;0.974780000
CVE-2014-2907;0.021110000;0.810490000
CVE-2014-2906;0.003140000;0.218040000
CVE-2014-2905;0.003500000;0.259900000
CVE-2014-2904;0.008790000;0.574310000
CVE-2014-2903;0.009590000;0.599620000
CVE-2014-2902;0.008120000;0.552510000
CVE-2014-2901;0.007050000;0.514180000
CVE-2014-2900;0.009650000;0.601710000
CVE-2014-2899;0.017810000;0.773630000
CVE-2014-2898;0.027700000;0.857420000
CVE-2014-2897;0.027700000;0.857410000
CVE-2014-2896;0.027700000;0.857410000
CVE-2014-2894;0.003860000;0.300690000
CVE-2014-2893;0.004070000;0.323950000
CVE-2014-2892;0.061470000;0.932180000
CVE-2014-2891;0.025140000;0.841680000
CVE-2014-2890;0.012030000;0.669920000
CVE-2014-2889;0.003660000;0.279210000
CVE-2014-2888;0.022060000;0.818550000
CVE-2014-2886;0.021930000;0.817280000
CVE-2014-2885;0.002870000;0.190770000
CVE-2014-2884;0.002470000;0.143060000
CVE-2014-2882;0.010750000;0.635660000
CVE-2014-2881;0.018550000;0.783220000
CVE-2014-2880;0.084900000;0.948480000
CVE-2014-2879;0.048470000;0.917060000
CVE-2014-2875;0.016310000;0.752670000
CVE-2014-2874;0.050790000;0.920390000
CVE-2014-2873;0.020880000;0.808250000
CVE-2014-2872;0.019570000;0.794750000
CVE-2014-2871;0.019570000;0.794750000
CVE-2014-2870;0.014720000;0.727400000
CVE-2014-2869;0.019730000;0.796300000
CVE-2014-2868;0.033490000;0.882370000
CVE-2014-2867;0.049410000;0.918450000
CVE-2014-2866;0.034400000;0.885400000
CVE-2014-2865;0.024270000;0.835620000
CVE-2014-2864;0.050990000;0.920660000
CVE-2014-2863;0.041650000;0.905290000
CVE-2014-2862;0.017750000;0.773010000
CVE-2014-2861;0.021560000;0.814380000
CVE-2014-2860;0.020270000;0.802220000
CVE-2014-2859;0.024270000;0.835630000
CVE-2014-2858;0.030170000;0.869250000
CVE-2014-2857;0.013540000;0.704730000
CVE-2014-2856;0.016390000;0.753930000
CVE-2014-2855;0.041190000;0.904350000
CVE-2014-2854;0.009420000;0.594280000
CVE-2014-2853;0.023970000;0.833350000
CVE-2014-2852;0.012870000;0.689780000
CVE-2014-2851;0.009590000;0.599450000
CVE-2014-2850;0.576970000;0.990570000
CVE-2014-2849;0.603200000;0.991130000
CVE-2014-2848;0.002390000;0.134010000
CVE-2014-2847;0.012150000;0.673460000
CVE-2014-2846;0.088280000;0.950190000
CVE-2014-2845;0.009350000;0.592110000
CVE-2014-2844;0.009860000;0.608730000
CVE-2014-2843;0.010300000;0.622680000
CVE-2014-2842;0.034970000;0.887280000
CVE-2014-2839;0.016410000;0.754260000
CVE-2014-2838;0.010140000;0.617820000
CVE-2014-2830;0.056050000;0.926410000
CVE-2014-2829;0.020060000;0.800180000
CVE-2014-2828;0.031550000;0.874670000
CVE-2014-2827;0.165280000;0.968970000
CVE-2014-2826;0.165280000;0.968960000
CVE-2014-2825;0.165280000;0.968970000
CVE-2014-2824;0.165280000;0.968980000
CVE-2014-2823;0.164630000;0.968820000
CVE-2014-2822;0.164630000;0.968820000
CVE-2014-2821;0.165280000;0.968970000
CVE-2014-2820;0.165280000;0.968990000
CVE-2014-2819;0.116970000;0.959260000
CVE-2014-2818;0.165280000;0.968960000
CVE-2014-2817;0.263490000;0.979390000
CVE-2014-2816;0.161500000;0.968210000
CVE-2014-2815;0.437770000;0.987020000
CVE-2014-2814;0.182710000;0.971270000
CVE-2014-2813;0.163930000;0.968680000
CVE-2014-2811;0.164630000;0.968820000
CVE-2014-2810;0.164630000;0.968820000
CVE-2014-2809;0.163930000;0.968700000
CVE-2014-2808;0.165280000;0.968960000
CVE-2014-2807;0.163930000;0.968690000
CVE-2014-2806;0.163930000;0.968700000
CVE-2014-2804;0.234700000;0.977220000
CVE-2014-2803;0.163930000;0.968710000
CVE-2014-2802;0.163930000;0.968710000
CVE-2014-2801;0.234700000;0.977230000
CVE-2014-2800;0.163930000;0.968700000
CVE-2014-2799;0.151450000;0.966310000
CVE-2014-2798;0.163930000;0.968710000
CVE-2014-2797;0.163930000;0.968720000
CVE-2014-2796;0.165280000;0.968970000
CVE-2014-2795;0.163930000;0.968720000
CVE-2014-2794;0.163930000;0.968730000
CVE-2014-2792;0.163930000;0.968730000
CVE-2014-2791;0.163930000;0.968690000
CVE-2014-2790;0.163930000;0.968720000
CVE-2014-2789;0.163930000;0.968730000
CVE-2014-2788;0.163930000;0.968730000
CVE-2014-2787;0.163930000;0.968710000
CVE-2014-2786;0.152790000;0.966550000
CVE-2014-2785;0.152790000;0.966550000
CVE-2014-2784;0.165280000;0.968990000
CVE-2014-2783;0.086220000;0.949200000
CVE-2014-2782;0.223030000;0.976110000
CVE-2014-2781;0.060240000;0.930970000
CVE-2014-2780;0.017680000;0.771990000
CVE-2014-2779;0.133520000;0.962840000
CVE-2014-2778;0.199230000;0.973460000
CVE-2014-2777;0.229960000;0.976820000
CVE-2014-2776;0.215530000;0.975460000
CVE-2014-2775;0.199860000;0.973540000
CVE-2014-2774;0.165280000;0.968990000
CVE-2014-2773;0.204510000;0.974190000
CVE-2014-2772;0.204510000;0.974180000
CVE-2014-2771;0.204510000;0.974190000
CVE-2014-2770;0.204510000;0.974180000
CVE-2014-2769;0.204510000;0.974200000
CVE-2014-2768;0.204510000;0.974200000
CVE-2014-2767;0.204510000;0.974190000
CVE-2014-2766;0.204510000;0.974160000
CVE-2014-2765;0.204510000;0.974160000
CVE-2014-2764;0.204510000;0.974190000
CVE-2014-2763;0.204510000;0.974170000
CVE-2014-2761;0.204510000;0.974210000
CVE-2014-2760;0.204510000;0.974210000
CVE-2014-2759;0.204510000;0.974170000
CVE-2014-2758;0.204510000;0.974160000
CVE-2014-2757;0.228480000;0.976680000
CVE-2014-2756;0.204510000;0.974170000
CVE-2014-2755;0.204510000;0.974210000
CVE-2014-2754;0.217350000;0.975610000
CVE-2014-2753;0.204510000;0.974150000
CVE-2014-2752;0.015110000;0.734130000
CVE-2014-2751;0.015110000;0.734130000
CVE-2014-2749;0.015130000;0.734550000
CVE-2014-2748;0.015270000;0.736650000
CVE-2014-2746;0.029940000;0.868230000
CVE-2014-2745;0.031410000;0.874080000
CVE-2014-2744;0.033130000;0.881160000
CVE-2014-2743;0.019420000;0.793260000
CVE-2014-2742;0.017990000;0.775960000
CVE-2014-2741;0.037740000;0.895530000
CVE-2014-2739;0.016040000;0.748670000
CVE-2014-2737;0.011640000;0.659780000
CVE-2014-2736;0.012600000;0.684230000
CVE-2014-2735;0.007930000;0.545810000
CVE-2014-2734;0.053490000;0.923490000
CVE-2014-2733;0.026340000;0.849490000
CVE-2014-2732;0.036060000;0.890650000
CVE-2014-2731;0.042430000;0.906860000
CVE-2014-2730;0.115380000;0.958880000
CVE-2014-2729;0.009720000;0.604440000
CVE-2014-2727;0.018650000;0.784340000
CVE-2014-2723;0.016860000;0.760810000
CVE-2014-2722;0.016860000;0.760810000
CVE-2014-2721;0.022900000;0.825280000
CVE-2014-2720;0.023050000;0.826570000
CVE-2014-2719;0.011260000;0.649650000
CVE-2014-2718;0.011030000;0.643550000
CVE-2014-2717;0.037400000;0.894570000
CVE-2014-2716;0.013600000;0.706090000
CVE-2014-2715;0.011580000;0.657740000
CVE-2014-2714;0.023610000;0.830920000
CVE-2014-2713;0.012280000;0.676750000
CVE-2014-2712;0.018030000;0.776470000
CVE-2014-2711;0.017880000;0.774440000
CVE-2014-2710;0.012780000;0.688040000
CVE-2014-2709;0.049570000;0.918740000
CVE-2014-2708;0.019350000;0.792320000
CVE-2014-2707;0.011740000;0.662600000
CVE-2014-2706;0.043540000;0.908940000
CVE-2014-2690;0.003460000;0.255800000
CVE-2014-2689;0.011930000;0.667520000
CVE-2014-2686;0.011900000;0.666850000
CVE-2014-2685;0.028020000;0.859280000
CVE-2014-2684;0.015990000;0.747930000
CVE-2014-2683;0.023530000;0.830280000
CVE-2014-2682;0.021820000;0.816420000
CVE-2014-2681;0.025900000;0.846660000
CVE-2014-2680;0.019230000;0.790990000
CVE-2014-2678;0.004030000;0.319480000
CVE-2014-2675;0.007550000;0.532480000
CVE-2014-2674;0.151680000;0.966350000
CVE-2014-2673;0.004010000;0.317670000
CVE-2014-2672;0.027440000;0.855960000
CVE-2014-2671;0.462910000;0.987760000
CVE-2014-2670;0.018650000;0.784340000
CVE-2014-2669;0.034360000;0.885290000
CVE-2014-2668;0.222890000;0.976090000
CVE-2014-2667;0.003560000;0.267510000
CVE-2014-2665;0.010600000;0.631390000
CVE-2014-2664;0.029060000;0.864400000
CVE-2014-2659;0.006430000;0.487480000
CVE-2014-2658;0.013550000;0.705060000
CVE-2014-2657;0.011050000;0.644240000
CVE-2014-2655;0.018480000;0.782180000
CVE-2014-2654;0.011060000;0.644500000
CVE-2014-2653;0.019880000;0.797970000
CVE-2014-2652;0.012400000;0.679310000
CVE-2014-2651;0.017000000;0.762660000
CVE-2014-2650;0.025740000;0.845660000
CVE-2014-2649;0.063780000;0.934240000
CVE-2014-2648;0.088590000;0.950370000
CVE-2014-2647;0.034000000;0.884090000
CVE-2014-2646;0.006180000;0.475040000
CVE-2014-2645;0.024110000;0.834410000
CVE-2014-2644;0.031330000;0.873790000
CVE-2014-2643;0.019870000;0.797820000
CVE-2014-2642;0.024110000;0.834400000
CVE-2014-2641;0.008600000;0.568320000
CVE-2014-2640;0.038840000;0.898620000
CVE-2014-2639;0.006090000;0.469890000
CVE-2014-2638;0.069360000;0.938840000
CVE-2014-2637;0.069360000;0.938850000
CVE-2014-2636;0.069360000;0.938840000
CVE-2014-2635;0.069360000;0.938840000
CVE-2014-2634;0.064100000;0.934510000
CVE-2014-2633;0.018000000;0.776080000
CVE-2014-2632;0.133410000;0.962790000
CVE-2014-2631;0.005540000;0.440040000
CVE-2014-2630;0.070800000;0.940010000
CVE-2014-2629;0.020880000;0.808320000
CVE-2014-2628;0.019160000;0.790150000
CVE-2014-2627;0.010740000;0.635530000
CVE-2014-2626;0.194070000;0.972750000
CVE-2014-2625;0.099380000;0.954370000
CVE-2014-2624;0.654350000;0.992380000
CVE-2014-2623;0.893940000;0.997810000
CVE-2014-2622;0.026260000;0.848910000
CVE-2014-2621;0.046000000;0.913360000
CVE-2014-2620;0.046000000;0.913360000
CVE-2014-2619;0.046000000;0.913360000
CVE-2014-2618;0.046000000;0.913360000
CVE-2014-2617;0.122350000;0.960390000
CVE-2014-2616;0.081290000;0.946500000
CVE-2014-2615;0.081290000;0.946500000
CVE-2014-2614;0.048500000;0.917110000
CVE-2014-2613;0.036100000;0.890770000
CVE-2014-2612;0.068390000;0.938040000
CVE-2014-2611;0.118640000;0.959600000
CVE-2014-2610;0.053030000;0.923010000
CVE-2014-2609;0.129440000;0.961870000
CVE-2014-2608;0.003900000;0.305280000
CVE-2014-2607;0.034430000;0.885590000
CVE-2014-2606;0.036140000;0.890890000
CVE-2014-2605;0.036620000;0.892330000
CVE-2014-2604;0.035170000;0.887910000
CVE-2014-2603;0.012010000;0.669440000
CVE-2014-2602;0.020090000;0.800520000
CVE-2014-2601;0.039550000;0.900630000
CVE-2014-2600;0.012330000;0.677750000
CVE-2014-2599;0.003990000;0.314630000
CVE-2014-2598;0.034660000;0.886250000
CVE-2014-2597;0.003390000;0.247610000
CVE-2014-2595;0.168680000;0.969490000
CVE-2014-2593;0.015400000;0.738810000
CVE-2014-2592;0.022610000;0.822930000
CVE-2014-2591;0.013120000;0.695400000
CVE-2014-2590;0.024130000;0.834590000
CVE-2014-2589;0.024120000;0.834470000
CVE-2014-2588;0.073220000;0.941750000
CVE-2014-2587;0.031420000;0.874100000
CVE-2014-2586;0.032170000;0.877240000
CVE-2014-2585;0.012930000;0.691280000
CVE-2014-2583;0.041210000;0.904380000
CVE-2014-2581;0.026530000;0.850720000
CVE-2014-2580;0.003460000;0.255200000
CVE-2014-2579;0.060440000;0.931180000
CVE-2014-2578;0.018230000;0.779150000
CVE-2014-2577;0.020180000;0.801320000
CVE-2014-2576;0.019970000;0.798880000
CVE-2014-2575;0.089170000;0.950640000
CVE-2014-2573;0.007050000;0.514270000
CVE-2014-2572;0.011190000;0.647860000
CVE-2014-2571;0.009750000;0.605770000
CVE-2014-2570;0.021350000;0.812600000
CVE-2014-2568;0.010150000;0.618240000
CVE-2014-2567;0.009810000;0.607340000
CVE-2014-2565;0.007160000;0.518450000
CVE-2014-2560;0.016840000;0.760570000
CVE-2014-2559;0.032850000;0.880070000
CVE-2014-2558;0.017460000;0.768750000
CVE-2014-2554;0.014780000;0.728360000
CVE-2014-2553;0.014490000;0.722750000
CVE-2014-2552;0.035750000;0.889720000
CVE-2014-2550;0.015690000;0.743450000
CVE-2014-2545;0.017590000;0.770590000
CVE-2014-2544;0.030630000;0.871060000
CVE-2014-2543;0.040130000;0.902060000
CVE-2014-2542;0.018070000;0.776970000
CVE-2014-2541;0.020660000;0.806180000
CVE-2014-2540;0.012230000;0.675530000
CVE-2014-2538;0.021900000;0.817020000
CVE-2014-2537;0.030680000;0.871260000
CVE-2014-2536;0.023930000;0.833060000
CVE-2014-2535;0.021280000;0.812010000
CVE-2014-2534;0.009450000;0.595170000
CVE-2014-2533;0.029060000;0.864410000
CVE-2014-2532;0.047510000;0.915620000
CVE-2014-2531;0.011230000;0.648810000
CVE-2014-2528;0.028790000;0.863080000
CVE-2014-2527;0.030080000;0.868860000
CVE-2014-2526;0.016970000;0.762360000
CVE-2014-2525;0.088040000;0.950100000
CVE-2014-2524;0.004190000;0.336660000
CVE-2014-2523;0.103850000;0.955750000
CVE-2014-2522;0.025760000;0.845810000
CVE-2014-2521;0.017090000;0.764040000
CVE-2014-2520;0.017090000;0.764030000
CVE-2014-2519;0.016810000;0.760040000
CVE-2014-2518;0.009840000;0.608290000
CVE-2014-2517;0.012450000;0.680620000
CVE-2014-2516;0.015900000;0.746610000
CVE-2014-2515;0.024490000;0.837260000
CVE-2014-2514;0.029230000;0.865170000
CVE-2014-2513;0.029470000;0.866250000
CVE-2014-2512;0.016220000;0.751170000
CVE-2014-2511;0.017920000;0.775020000
CVE-2014-2510;0.020920000;0.808720000
CVE-2014-2509;0.015800000;0.745100000
CVE-2014-2508;0.024740000;0.839010000
CVE-2014-2507;0.035580000;0.889030000
CVE-2014-2506;0.032190000;0.877330000
CVE-2014-2505;0.007140000;0.517790000
CVE-2014-2504;0.029920000;0.868180000
CVE-2014-2503;0.027930000;0.858710000
CVE-2014-2502;0.020010000;0.799330000
CVE-2014-2497;0.201860000;0.973830000
CVE-2014-2496;0.011090000;0.645390000
CVE-2014-2495;0.007050000;0.514400000
CVE-2014-2494;0.034820000;0.886860000
CVE-2014-2493;0.016320000;0.752880000
CVE-2014-2492;0.012280000;0.676590000
CVE-2014-2491;0.012240000;0.675710000
CVE-2014-2490;0.061180000;0.931910000
CVE-2014-2489;0.003380000;0.246130000
CVE-2014-2488;0.003240000;0.229360000
CVE-2014-2487;0.004190000;0.336940000
CVE-2014-2486;0.003350000;0.242950000
CVE-2014-2485;0.003400000;0.248430000
CVE-2014-2484;0.025230000;0.842330000
CVE-2014-2483;0.052330000;0.922280000
CVE-2014-2482;0.011050000;0.644110000
CVE-2014-2481;0.029410000;0.865960000
CVE-2014-2480;0.029410000;0.865950000
CVE-2014-2479;0.029410000;0.865960000
CVE-2014-2478;0.014580000;0.724570000
CVE-2014-2477;0.071970000;0.940960000
CVE-2014-2476;0.013170000;0.696500000
CVE-2014-2475;0.018020000;0.776310000
CVE-2014-2474;0.013170000;0.696490000
CVE-2014-2473;0.012670000;0.685780000
CVE-2014-2472;0.013170000;0.696490000
CVE-2014-2471;0.010360000;0.624420000
CVE-2014-2470;0.034610000;0.886100000
CVE-2014-2469;0.019000000;0.788410000
CVE-2014-2468;0.015030000;0.732770000
CVE-2014-2467;0.008290000;0.558100000
CVE-2014-2466;0.008050000;0.549910000
CVE-2014-2465;0.010360000;0.624420000
CVE-2014-2464;0.009150000;0.585520000
CVE-2014-2463;0.015160000;0.734960000
CVE-2014-2461;0.012340000;0.678010000
CVE-2014-2460;0.009680000;0.603170000
CVE-2014-2459;0.002880000;0.191550000
CVE-2014-2458;0.010360000;0.624420000
CVE-2014-2457;0.010360000;0.624420000
CVE-2014-2456;0.011090000;0.645390000
CVE-2014-2455;0.009770000;0.606200000
CVE-2014-2454;0.010360000;0.624430000
CVE-2014-2453;0.010360000;0.624430000
CVE-2014-2452;0.028360000;0.860990000
CVE-2014-2451;0.010880000;0.639500000
CVE-2014-2450;0.012370000;0.678630000
CVE-2014-2449;0.010070000;0.615410000
CVE-2014-2448;0.012340000;0.678000000
CVE-2014-2447;0.012820000;0.688860000
CVE-2014-2446;0.009680000;0.603170000
CVE-2014-2445;0.008290000;0.558100000
CVE-2014-2444;0.013550000;0.705080000
CVE-2014-2443;0.010360000;0.624430000
CVE-2014-2442;0.012370000;0.678620000
CVE-2014-2441;0.003890000;0.303610000
CVE-2014-2440;0.045780000;0.913000000
CVE-2014-2439;0.017560000;0.770310000
CVE-2014-2438;0.031750000;0.875450000
CVE-2014-2437;0.012930000;0.691260000
CVE-2014-2436;0.036670000;0.892460000
CVE-2014-2435;0.015220000;0.735790000
CVE-2014-2434;0.015220000;0.735790000
CVE-2014-2433;0.013430000;0.702330000
CVE-2014-2432;0.034530000;0.885830000
CVE-2014-2431;0.049630000;0.918830000
CVE-2014-2430;0.032810000;0.879870000
CVE-2014-2429;0.009760000;0.606140000
CVE-2014-2428;0.050760000;0.920330000
CVE-2014-2427;0.049760000;0.919000000
CVE-2014-2426;0.013160000;0.696130000
CVE-2014-2425;0.013850000;0.710940000
CVE-2014-2424;0.474250000;0.988030000
CVE-2014-2423;0.049760000;0.919010000
CVE-2014-2422;0.028970000;0.864020000
CVE-2014-2421;0.066380000;0.936390000
CVE-2014-2420;0.035420000;0.888650000
CVE-2014-2419;0.036320000;0.891360000
CVE-2014-2418;0.013430000;0.702330000
CVE-2014-2417;0.013430000;0.702340000
CVE-2014-2416;0.013430000;0.702330000
CVE-2014-2415;0.013430000;0.702340000
CVE-2014-2414;0.049760000;0.919020000
CVE-2014-2413;0.027250000;0.854870000
CVE-2014-2412;0.049760000;0.919000000
CVE-2014-2411;0.011550000;0.657150000
CVE-2014-2410;0.043700000;0.909280000
CVE-2014-2409;0.030950000;0.872300000
CVE-2014-2408;0.015970000;0.747660000
CVE-2014-2407;0.013430000;0.702340000
CVE-2014-2406;0.021710000;0.815530000
CVE-2014-2405;0.022790000;0.824390000
CVE-2014-2404;0.025470000;0.843870000
CVE-2014-2403;0.038530000;0.897800000
CVE-2014-2402;0.040000000;0.901770000
CVE-2014-2401;0.035430000;0.888670000
CVE-2014-2400;0.022100000;0.818930000
CVE-2014-2399;0.069800000;0.939180000
CVE-2014-2398;0.025750000;0.845720000
CVE-2014-2397;0.055070000;0.925140000
CVE-2014-2393;0.009500000;0.596870000
CVE-2014-2392;0.010870000;0.639390000
CVE-2014-2391;0.010870000;0.639390000
CVE-2014-2390;0.007080000;0.515580000
CVE-2014-2389;0.057210000;0.927700000
CVE-2014-2388;0.012130000;0.673020000
CVE-2014-2387;0.004120000;0.328490000
CVE-2014-2386;0.027550000;0.856580000
CVE-2014-2385;0.044640000;0.910990000
CVE-2014-2384;0.002940000;0.197860000
CVE-2014-2383;0.392310000;0.985540000
CVE-2014-2382;0.006160000;0.474010000
CVE-2014-2381;0.001450000;0.031590000
CVE-2014-2380;0.007520000;0.531550000
CVE-2014-2379;0.002840000;0.187660000
CVE-2014-2378;0.008970000;0.579590000
CVE-2014-2377;0.018360000;0.780710000
CVE-2014-2376;0.020350000;0.802960000
CVE-2014-2375;0.023150000;0.827340000
CVE-2014-2374;0.019010000;0.788580000
CVE-2014-2373;0.018020000;0.776290000
CVE-2014-2370;0.013620000;0.706450000
CVE-2014-2369;0.005920000;0.461200000
CVE-2014-2368;0.017100000;0.764090000
CVE-2014-2367;0.015490000;0.740560000
CVE-2014-2366;0.013110000;0.695140000
CVE-2014-2365;0.015970000;0.747660000
CVE-2014-2364;0.613840000;0.991390000
CVE-2014-2363;0.020630000;0.805830000
CVE-2014-2362;0.015760000;0.744520000
CVE-2014-2361;0.004010000;0.317720000
CVE-2014-2360;0.034320000;0.885140000
CVE-2014-2359;0.013890000;0.711850000
CVE-2014-2358;0.005740000;0.451700000
CVE-2014-2357;0.027600000;0.856900000
CVE-2014-2356;0.033760000;0.883230000
CVE-2014-2355;0.006450000;0.488490000
CVE-2014-2354;0.006880000;0.507670000
CVE-2014-2353;0.024660000;0.838460000
CVE-2014-2352;0.023110000;0.827020000
CVE-2014-2351;0.025050000;0.840990000
CVE-2014-2350;0.013190000;0.696930000
CVE-2014-2349;0.006550000;0.493310000
CVE-2014-2347;0.024200000;0.835140000
CVE-2014-2346;0.003390000;0.247120000
CVE-2014-2345;0.017750000;0.772970000
CVE-2014-2343;0.003460000;0.255190000
CVE-2014-2342;0.017910000;0.774790000
CVE-2014-2341;0.058250000;0.928960000
CVE-2014-2340;0.028510000;0.861770000
CVE-2014-2339;0.019840000;0.797460000
CVE-2014-2338;0.023810000;0.832200000
CVE-2014-2336;0.017920000;0.775020000
CVE-2014-2335;0.011480000;0.655190000
CVE-2014-2334;0.011610000;0.658480000
CVE-2014-2333;0.020720000;0.806730000
CVE-2014-2332;0.014330000;0.719980000
CVE-2014-2331;0.020680000;0.806340000
CVE-2014-2330;0.011430000;0.653630000
CVE-2014-2329;0.011260000;0.649650000
CVE-2014-2328;0.035430000;0.888670000
CVE-2014-2327;0.022970000;0.825860000
CVE-2014-2326;0.032200000;0.877400000
CVE-2014-2325;0.012210000;0.674890000
CVE-2014-2324;0.288140000;0.980910000
CVE-2014-2323;0.627520000;0.991710000
CVE-2014-2322;0.021880000;0.816830000
CVE-2014-2321;0.592590000;0.990900000
CVE-2014-2319;0.007780000;0.540640000
CVE-2014-2318;0.020280000;0.802300000
CVE-2014-2317;0.011660000;0.660180000
CVE-2014-2316;0.021290000;0.812050000
CVE-2014-2315;0.020580000;0.805220000
CVE-2014-2314;0.261510000;0.979280000
CVE-2014-2313;0.020810000;0.807580000
CVE-2014-2312;0.003500000;0.261020000
CVE-2014-2311;0.012200000;0.674620000
CVE-2014-2310;0.019920000;0.798490000
CVE-2014-2309;0.024260000;0.835610000
CVE-2014-2304;0.010990000;0.642700000
CVE-2014-2303;0.025700000;0.845420000
CVE-2014-2302;0.044670000;0.911030000
CVE-2014-2301;0.022530000;0.822370000
CVE-2014-2299;0.474220000;0.988030000
CVE-2014-2297;0.011220000;0.648440000
CVE-2014-2296;0.020550000;0.804950000
CVE-2014-2294;0.026570000;0.850920000
CVE-2014-2293;0.046740000;0.914470000
CVE-2014-2292;0.003870000;0.301350000
CVE-2014-2291;0.009360000;0.592400000
CVE-2014-2289;0.021800000;0.816250000
CVE-2014-2288;0.043500000;0.908860000
CVE-2014-2287;0.024640000;0.838300000
CVE-2014-2286;0.163900000;0.968670000
CVE-2014-2285;0.033100000;0.881060000
CVE-2014-2284;0.039790000;0.901290000
CVE-2014-2283;0.027180000;0.854490000
CVE-2014-2282;0.020790000;0.807290000
CVE-2014-2281;0.029640000;0.866910000
CVE-2014-2280;0.019520000;0.794310000
CVE-2014-2279;0.052050000;0.921950000
CVE-2014-2278;0.038710000;0.898290000
CVE-2014-2277;0.003540000;0.265300000
CVE-2014-2276;0.020720000;0.806700000
CVE-2014-2274;0.009110000;0.584140000
CVE-2014-2273;0.003200000;0.225000000
CVE-2014-2271;0.015080000;0.733750000
CVE-2014-2270;0.043180000;0.908240000
CVE-2014-2269;0.157820000;0.967600000
CVE-2014-2268;0.312120000;0.982170000
CVE-2014-2265;0.030560000;0.870810000
CVE-2014-2264;0.016540000;0.755970000
CVE-2014-2263;0.022590000;0.822800000
CVE-2014-2262;0.042730000;0.907460000
CVE-2014-2260;0.014990000;0.732100000
CVE-2014-2259;0.044560000;0.910850000
CVE-2014-2258;0.046420000;0.914010000
CVE-2014-2257;0.034640000;0.886200000
CVE-2014-2256;0.036090000;0.890730000
CVE-2014-2255;0.044560000;0.910850000
CVE-2014-2254;0.046420000;0.914010000
CVE-2014-2253;0.010100000;0.616870000
CVE-2014-2252;0.012530000;0.682420000
CVE-2014-2251;0.027440000;0.855930000
CVE-2014-2250;0.031560000;0.874690000
CVE-2014-2249;0.013440000;0.702500000
CVE-2014-2248;0.022040000;0.818380000
CVE-2014-2247;0.024170000;0.834940000
CVE-2014-2246;0.021680000;0.815230000
CVE-2014-2245;0.009770000;0.606400000
CVE-2014-2244;0.020710000;0.806660000
CVE-2014-2243;0.015480000;0.740050000
CVE-2014-2242;0.024410000;0.836590000
CVE-2014-2241;0.018970000;0.788100000
CVE-2014-2240;0.068820000;0.938390000
CVE-2014-2238;0.113110000;0.958380000
CVE-2014-2237;0.013670000;0.707360000
CVE-2014-2236;0.020950000;0.809040000
CVE-2014-2235;0.019250000;0.791220000
CVE-2014-2234;0.011460000;0.654410000
CVE-2014-2233;0.020340000;0.802830000
CVE-2014-2232;0.013480000;0.703380000
CVE-2014-2231;0.009310000;0.590960000
CVE-2014-2230;0.019710000;0.796010000
CVE-2014-2228;0.033110000;0.881100000
CVE-2014-2227;0.021730000;0.815700000
CVE-2014-2226;0.014530000;0.723700000
CVE-2014-2225;0.012840000;0.689360000
CVE-2014-2224;0.014310000;0.719610000
CVE-2014-2223;0.100240000;0.954610000
CVE-2014-2219;0.011930000;0.667530000
CVE-2014-2217;0.041420000;0.904900000
CVE-2014-2216;0.051430000;0.921160000
CVE-2014-2214;0.008170000;0.554110000
CVE-2014-2213;0.014430000;0.721680000
CVE-2014-2212;0.012510000;0.682040000
CVE-2014-2211;0.023800000;0.832080000
CVE-2014-2210;0.052890000;0.922880000
CVE-2014-2209;0.020730000;0.806860000
CVE-2014-2208;0.026840000;0.852560000
CVE-2014-2206;0.614400000;0.991400000
CVE-2014-2205;0.020030000;0.799590000
CVE-2014-2201;0.019060000;0.789100000
CVE-2014-2200;0.018580000;0.783600000
CVE-2014-2199;0.016520000;0.755710000
CVE-2014-2198;0.036020000;0.890540000
CVE-2014-2197;0.028760000;0.862940000
CVE-2014-2196;0.024270000;0.835720000
CVE-2014-2195;0.012460000;0.680900000
CVE-2014-2194;0.012490000;0.681600000
CVE-2014-2193;0.009580000;0.599260000
CVE-2014-2192;0.011480000;0.655170000
CVE-2014-2191;0.013510000;0.703810000
CVE-2014-2190;0.008180000;0.554450000
CVE-2014-2186;0.005700000;0.449170000
CVE-2014-2185;0.009470000;0.596120000
CVE-2014-2184;0.011860000;0.665800000
CVE-2014-2183;0.013190000;0.696930000
CVE-2014-2182;0.007390000;0.527270000
CVE-2014-2181;0.016000000;0.748040000
CVE-2014-2180;0.007640000;0.535940000
CVE-2014-2179;0.016270000;0.751940000
CVE-2014-2178;0.011800000;0.664330000
CVE-2014-2177;0.025790000;0.845940000
CVE-2014-2176;0.027840000;0.858390000
CVE-2014-2175;0.013280000;0.698890000
CVE-2014-2174;0.009520000;0.597680000
CVE-2014-2173;0.003870000;0.301360000
CVE-2014-2172;0.003390000;0.247300000
CVE-2014-2171;0.035920000;0.890250000
CVE-2014-2170;0.021650000;0.815050000
CVE-2014-2169;0.020880000;0.808370000
CVE-2014-2168;0.027520000;0.856350000
CVE-2014-2167;0.013280000;0.698890000
CVE-2014-2166;0.013280000;0.698880000
CVE-2014-2165;0.013280000;0.698900000
CVE-2014-2164;0.013280000;0.698910000
CVE-2014-2163;0.013280000;0.698920000
CVE-2014-2162;0.013280000;0.698900000
CVE-2014-2161;0.016140000;0.750040000
CVE-2014-2160;0.016140000;0.750040000
CVE-2014-2159;0.016140000;0.750030000
CVE-2014-2158;0.013280000;0.698910000
CVE-2014-2157;0.011690000;0.660790000
CVE-2014-2156;0.011690000;0.660790000
CVE-2014-2155;0.017310000;0.766870000
CVE-2014-2154;0.017830000;0.773810000
CVE-2014-2153;0.018080000;0.777070000
CVE-2014-2152;0.009840000;0.608290000
CVE-2014-2151;0.013950000;0.712950000
CVE-2014-2147;0.014760000;0.728130000
CVE-2014-2146;0.012550000;0.682920000
CVE-2014-2145;0.016260000;0.751840000
CVE-2014-2144;0.007450000;0.529160000
CVE-2014-2143;0.017460000;0.768700000
CVE-2014-2142;0.017740000;0.772830000
CVE-2014-2141;0.013920000;0.712420000
CVE-2014-2140;0.018100000;0.777350000
CVE-2014-2139;0.017610000;0.770910000
CVE-2014-2138;0.009470000;0.596030000
CVE-2014-2137;0.009470000;0.596020000
CVE-2014-2136;0.037940000;0.896100000
CVE-2014-2135;0.037940000;0.896100000
CVE-2014-2134;0.038310000;0.897210000
CVE-2014-2133;0.031240000;0.873470000
CVE-2014-2132;0.015930000;0.747000000
CVE-2014-2131;0.007230000;0.521320000
CVE-2014-2130;0.040310000;0.902420000
CVE-2014-2129;0.016820000;0.760280000
CVE-2014-2128;0.019220000;0.790920000
CVE-2014-2127;0.114560000;0.958720000
CVE-2014-2126;0.020710000;0.806650000
CVE-2014-2125;0.011480000;0.655220000
CVE-2014-2124;0.019650000;0.795450000
CVE-2014-2122;0.029700000;0.867150000
CVE-2014-2121;0.029630000;0.866890000
CVE-2014-2120;0.187720000;0.971880000
CVE-2014-2119;0.027520000;0.856350000
CVE-2014-2118;0.018070000;0.776980000
CVE-2014-2117;0.018380000;0.780900000
CVE-2014-2116;0.018380000;0.780890000
CVE-2014-2115;0.006490000;0.489960000
CVE-2014-2114;0.018070000;0.776970000
CVE-2014-2113;0.019860000;0.797620000
CVE-2014-2112;0.020010000;0.799310000
CVE-2014-2111;0.016830000;0.760400000
CVE-2014-2109;0.022370000;0.821170000
CVE-2014-2108;0.022050000;0.818530000
CVE-2014-2107;0.016610000;0.757120000
CVE-2014-2106;0.024460000;0.837020000
CVE-2014-2104;0.011480000;0.654980000
CVE-2014-2103;0.010610000;0.631830000
CVE-2014-2102;0.013550000;0.704870000
CVE-2014-2099;0.012280000;0.676710000
CVE-2014-2098;0.017690000;0.772130000
CVE-2014-2097;0.012150000;0.673330000
CVE-2014-2096;0.004170000;0.334600000
CVE-2014-2095;0.004170000;0.334610000
CVE-2014-2094;0.004170000;0.334610000
CVE-2014-2093;0.004170000;0.334610000
CVE-2014-2092;0.010050000;0.615000000
CVE-2014-2091;0.012050000;0.670460000
CVE-2014-2090;0.014230000;0.718160000
CVE-2014-2089;0.024980000;0.840560000
CVE-2014-2088;0.025590000;0.844620000
CVE-2014-2087;0.167290000;0.969310000
CVE-2014-2084;0.044110000;0.909900000
CVE-2014-2081;0.020820000;0.807640000
CVE-2014-2080;0.018920000;0.787530000
CVE-2014-2079;0.004000000;0.315640000
CVE-2014-2078;0.012730000;0.687080000
CVE-2014-2077;0.009310000;0.590960000
CVE-2014-2075;0.030690000;0.871280000
CVE-2014-2073;0.049640000;0.918850000
CVE-2014-2072;0.074290000;0.942390000
CVE-2014-2071;0.005700000;0.449250000
CVE-2014-2069;0.154410000;0.966860000
CVE-2014-2068;0.014250000;0.718620000
CVE-2014-2067;0.014070000;0.715160000
CVE-2014-2066;0.020610000;0.805600000
CVE-2014-2065;0.017730000;0.772740000
CVE-2014-2064;0.029520000;0.866450000
CVE-2014-2063;0.023310000;0.828650000
CVE-2014-2062;0.017480000;0.768970000
CVE-2014-2061;0.020490000;0.804430000
CVE-2014-2060;0.015480000;0.740290000
CVE-2014-2059;0.025760000;0.845820000
CVE-2014-2058;0.018440000;0.781640000
CVE-2014-2057;0.010050000;0.615060000
CVE-2014-2056;0.022530000;0.822390000
CVE-2014-2055;0.022280000;0.820420000
CVE-2014-2054;0.015380000;0.738500000
CVE-2014-2053;0.046810000;0.914560000
CVE-2014-2052;0.024620000;0.838160000
CVE-2014-2051;0.014640000;0.725870000
CVE-2014-2050;0.014720000;0.727350000
CVE-2014-2049;0.012660000;0.685580000
CVE-2014-2048;0.025920000;0.846910000
CVE-2014-2047;0.012900000;0.690510000
CVE-2014-2046;0.038150000;0.896790000
CVE-2014-2045;0.045290000;0.912090000
CVE-2014-2044;0.123880000;0.960670000
CVE-2014-2043;0.011420000;0.653440000
CVE-2014-2042;0.022630000;0.823080000
CVE-2014-2040;0.016240000;0.751630000
CVE-2014-2039;0.004520000;0.367890000
CVE-2014-2038;0.004110000;0.326650000
CVE-2014-2037;0.024270000;0.835640000
CVE-2014-2035;0.011480000;0.655190000
CVE-2014-2034;0.020790000;0.807420000
CVE-2014-2033;0.010440000;0.626750000
CVE-2014-2032;0.019010000;0.788560000
CVE-2014-2031;0.017140000;0.764660000
CVE-2014-2030;0.110550000;0.957710000
CVE-2014-2029;0.019800000;0.797010000
CVE-2014-2027;0.040500000;0.902860000
CVE-2014-2026;0.019360000;0.792540000
CVE-2014-2025;0.039680000;0.901010000
CVE-2014-2024;0.012400000;0.679320000
CVE-2014-2023;0.041450000;0.904940000
CVE-2014-2022;0.027120000;0.854200000
CVE-2014-2021;0.033890000;0.883670000
CVE-2014-2020;0.025300000;0.842800000
CVE-2014-2019;0.004630000;0.376130000
CVE-2014-2018;0.020060000;0.800200000
CVE-2014-2017;0.024030000;0.833810000
CVE-2014-2016;0.014250000;0.718570000
CVE-2014-2015;0.039120000;0.899300000
CVE-2014-2014;0.015490000;0.740590000
CVE-2014-2013;0.147870000;0.965710000
CVE-2014-2009;0.074100000;0.942300000
CVE-2014-2008;0.026380000;0.849690000
CVE-2014-2006;0.011480000;0.655120000
CVE-2014-2005;0.005100000;0.411450000
CVE-2014-2004;0.021390000;0.812870000
CVE-2014-2003;0.035920000;0.890250000
CVE-2014-2002;0.009310000;0.591020000
CVE-2014-2001;0.005820000;0.455770000
CVE-2014-2000;0.009920000;0.610760000
CVE-2014-1999;0.027180000;0.854510000
CVE-2014-1998;0.009310000;0.591040000
CVE-2014-1997;0.017990000;0.775960000
CVE-2014-1996;0.026430000;0.850040000
CVE-2014-1995;0.009360000;0.592400000
CVE-2014-1994;0.009360000;0.592360000
CVE-2014-1993;0.011070000;0.644810000
CVE-2014-1992;0.009360000;0.592310000
CVE-2014-1991;0.011680000;0.660510000
CVE-2014-1990;0.011480000;0.654830000
CVE-2014-1989;0.010640000;0.632620000
CVE-2014-1988;0.010550000;0.630120000
CVE-2014-1987;0.032400000;0.878060000
CVE-2014-1986;0.010830000;0.637960000
CVE-2014-1985;0.027160000;0.854400000
CVE-2014-1984;0.017340000;0.767250000
CVE-2014-1983;0.023340000;0.828890000
CVE-2014-1982;0.095100000;0.952820000
CVE-2014-1980;0.011870000;0.665970000
CVE-2014-1979;0.016960000;0.762140000
CVE-2014-1978;0.008930000;0.578480000
CVE-2014-1977;0.008930000;0.578470000
CVE-2014-1976;0.005870000;0.458460000
CVE-2014-1975;0.014960000;0.731450000
CVE-2014-1974;0.015210000;0.735660000
CVE-2014-1973;0.018590000;0.783720000
CVE-2014-1972;0.095980000;0.953170000
CVE-2014-1971;0.011610000;0.658720000
CVE-2014-1970;0.013880000;0.711470000
CVE-2014-1969;0.011520000;0.656380000
CVE-2014-1968;0.011610000;0.658680000
CVE-2014-1967;0.005820000;0.455760000
CVE-2014-1966;0.021580000;0.814570000
CVE-2014-1965;0.011610000;0.658670000
CVE-2014-1964;0.011610000;0.658660000
CVE-2014-1963;0.015700000;0.743540000
CVE-2014-1962;0.014740000;0.727720000
CVE-2014-1961;0.020900000;0.808470000
CVE-2014-1960;0.013690000;0.707760000
CVE-2014-1959;0.034160000;0.884560000
CVE-2014-1958;0.035430000;0.888680000
CVE-2014-1957;0.010780000;0.636570000
CVE-2014-1956;0.015160000;0.734920000
CVE-2014-1955;0.013660000;0.707090000
CVE-2014-1950;0.003840000;0.298560000
CVE-2014-1949;0.003340000;0.241360000
CVE-2014-1948;0.003140000;0.218070000
CVE-2014-1947;0.070240000;0.939570000
CVE-2014-1946;0.024820000;0.839520000
CVE-2014-1945;0.013100000;0.694960000
CVE-2014-1944;0.032950000;0.880490000
CVE-2014-1943;0.050280000;0.919640000
CVE-2014-1942;0.010120000;0.617340000
CVE-2014-1939;0.011210000;0.648360000
CVE-2014-1938;0.003890000;0.303680000
CVE-2014-1937;0.013170000;0.696370000
CVE-2014-1936;0.013170000;0.696370000
CVE-2014-1935;0.014420000;0.721480000
CVE-2014-1934;0.003430000;0.252690000
CVE-2014-1933;0.004510000;0.366970000
CVE-2014-1932;0.004960000;0.400740000
CVE-2014-1931;0.010660000;0.633700000
CVE-2014-1930;0.015290000;0.736900000
CVE-2014-1929;0.003860000;0.300580000
CVE-2014-1928;0.006100000;0.470680000
CVE-2014-1927;0.034170000;0.884580000
CVE-2014-1925;0.019900000;0.798200000
CVE-2014-1924;0.020380000;0.803220000
CVE-2014-1923;0.034640000;0.886190000
CVE-2014-1922;0.023120000;0.827170000
CVE-2014-1921;0.015590000;0.742010000
CVE-2014-1916;0.017310000;0.766880000
CVE-2014-1915;0.024680000;0.838550000
CVE-2014-1914;0.013270000;0.698650000
CVE-2014-1912;0.281120000;0.980480000
CVE-2014-1911;0.014490000;0.722790000
CVE-2014-1910;0.008560000;0.567150000
CVE-2014-1909;0.020610000;0.805590000
CVE-2014-1908;0.067940000;0.937720000
CVE-2014-1907;0.109300000;0.957390000
CVE-2014-1906;0.045460000;0.912460000
CVE-2014-1905;0.097880000;0.953830000
CVE-2014-1904;0.068960000;0.938510000
CVE-2014-1903;0.527750000;0.989370000
CVE-2014-1902;0.007770000;0.540220000
CVE-2014-1901;0.012690000;0.686130000
CVE-2014-1900;0.014670000;0.726480000
CVE-2014-1899;0.012060000;0.670610000
CVE-2014-1896;0.005370000;0.429430000
CVE-2014-1895;0.005250000;0.422210000
CVE-2014-1894;0.005400000;0.431600000
CVE-2014-1893;0.005400000;0.431600000
CVE-2014-1892;0.005400000;0.431600000
CVE-2014-1891;0.005470000;0.435950000
CVE-2014-1889;0.106080000;0.956400000
CVE-2014-1888;0.025770000;0.845860000
CVE-2014-1887;0.013290000;0.699090000
CVE-2014-1886;0.014630000;0.725560000
CVE-2014-1885;0.015520000;0.741010000
CVE-2014-1884;0.081960000;0.946840000
CVE-2014-1883;0.042410000;0.906830000
CVE-2014-1882;0.119030000;0.959700000
CVE-2014-1881;0.114190000;0.958620000
CVE-2014-1879;0.009670000;0.602860000
CVE-2014-1878;0.031950000;0.876190000
CVE-2014-1877;0.014040000;0.714730000
CVE-2014-1876;0.004560000;0.370670000
CVE-2014-1875;0.005160000;0.415630000
CVE-2014-1874;0.005950000;0.462820000
CVE-2014-1870;0.009580000;0.599270000
CVE-2014-1869;0.027850000;0.858460000
CVE-2014-1868;0.013360000;0.700800000
CVE-2014-1867;0.004150000;0.332340000
CVE-2014-1861;0.014130000;0.716330000
CVE-2014-1860;0.036480000;0.891870000
CVE-2014-1859;0.004710000;0.382060000
CVE-2014-1858;0.004470000;0.363140000
CVE-2014-1855;0.018640000;0.784300000
CVE-2014-1854;0.057110000;0.927570000
CVE-2014-1849;0.120910000;0.960100000
CVE-2014-1846;0.003640000;0.276610000
CVE-2014-1845;0.003660000;0.278320000
CVE-2014-1843;0.046670000;0.914360000
CVE-2014-1842;0.052500000;0.922470000
CVE-2014-1841;0.048510000;0.917120000
CVE-2014-1840;0.009840000;0.608310000
CVE-2014-1839;0.003550000;0.266810000
CVE-2014-1838;0.003460000;0.255810000
CVE-2014-1837;0.011610000;0.658700000
CVE-2014-1836;0.037110000;0.893630000
CVE-2014-1835;0.003440000;0.252820000
CVE-2014-1834;0.004090000;0.325160000
CVE-2014-1833;0.037300000;0.894300000
CVE-2014-1832;0.003710000;0.283990000
CVE-2014-1831;0.003710000;0.283990000
CVE-2014-1830;0.020360000;0.803030000
CVE-2014-1829;0.022000000;0.818070000
CVE-2014-1828;0.011530000;0.656750000
CVE-2014-1827;0.010070000;0.615580000
CVE-2014-1826;0.008980000;0.579930000
CVE-2014-1824;0.186550000;0.971730000
CVE-2014-1823;0.510900000;0.988960000
CVE-2014-1820;0.147200000;0.965600000
CVE-2014-1819;0.020240000;0.801960000
CVE-2014-1818;0.202200000;0.973860000
CVE-2014-1817;0.188750000;0.972010000
CVE-2014-1816;0.143550000;0.964960000
CVE-2014-1815;0.202630000;0.973900000
CVE-2014-1814;0.019620000;0.795240000
CVE-2014-1813;0.103800000;0.955730000
CVE-2014-1812;0.648760000;0.992240000
CVE-2014-1811;0.182210000;0.971200000
CVE-2014-1809;0.101170000;0.954920000
CVE-2014-1808;0.100910000;0.954830000
CVE-2014-1807;0.017670000;0.771710000
CVE-2014-1806;0.395890000;0.985670000
CVE-2014-1805;0.217350000;0.975610000
CVE-2014-1804;0.204510000;0.974180000
CVE-2014-1803;0.228480000;0.976670000
CVE-2014-1802;0.204510000;0.974170000
CVE-2014-1800;0.244580000;0.978030000
CVE-2014-1799;0.328540000;0.983020000
CVE-2014-1797;0.244580000;0.978030000
CVE-2014-1796;0.206870000;0.974530000
CVE-2014-1795;0.247340000;0.978260000
CVE-2014-1794;0.206870000;0.974540000
CVE-2014-1792;0.206870000;0.974540000
CVE-2014-1791;0.247340000;0.978260000
CVE-2014-1790;0.206870000;0.974530000
CVE-2014-1789;0.285400000;0.980720000
CVE-2014-1788;0.204510000;0.974180000
CVE-2014-1786;0.206870000;0.974530000
CVE-2014-1785;0.302920000;0.981690000
CVE-2014-1784;0.206870000;0.974520000
CVE-2014-1783;0.206870000;0.974520000
CVE-2014-1782;0.206870000;0.974530000
CVE-2014-1781;0.206870000;0.974520000
CVE-2014-1780;0.206870000;0.974540000
CVE-2014-1779;0.242120000;0.977810000
CVE-2014-1778;0.154270000;0.966790000
CVE-2014-1777;0.209520000;0.974870000
CVE-2014-1776;0.826820000;0.996580000
CVE-2014-1775;0.228480000;0.976670000
CVE-2014-1774;0.204510000;0.974200000
CVE-2014-1773;0.631140000;0.991800000
CVE-2014-1772;0.217350000;0.975610000
CVE-2014-1771;0.075560000;0.943120000
CVE-2014-1770;0.346640000;0.983730000
CVE-2014-1769;0.204510000;0.974200000
CVE-2014-1767;0.126940000;0.961270000
CVE-2014-1766;0.332930000;0.983190000
CVE-2014-1765;0.156500000;0.967350000
CVE-2014-1764;0.373730000;0.984800000
CVE-2014-1763;0.225580000;0.976410000
CVE-2014-1762;0.707270000;0.993790000
CVE-2014-1761;0.774600000;0.995450000
CVE-2014-1760;0.126350000;0.961160000
CVE-2014-1759;0.142540000;0.964750000
CVE-2014-1758;0.166950000;0.969260000
CVE-2014-1757;0.173150000;0.970110000
CVE-2014-1756;0.086000000;0.949060000
CVE-2014-1755;0.203440000;0.974020000
CVE-2014-1754;0.110730000;0.957780000
CVE-2014-1753;0.203440000;0.974020000
CVE-2014-1752;0.203440000;0.974020000
CVE-2014-1751;0.203440000;0.974010000
CVE-2014-1750;0.021490000;0.813800000
CVE-2014-1749;0.010500000;0.628520000
CVE-2014-1748;0.015380000;0.738500000
CVE-2014-1747;0.018060000;0.776820000
CVE-2014-1746;0.014300000;0.719470000
CVE-2014-1745;0.016810000;0.760060000
CVE-2014-1744;0.016620000;0.757260000
CVE-2014-1743;0.016200000;0.751060000
CVE-2014-1742;0.015740000;0.744190000
CVE-2014-1741;0.016480000;0.755190000
CVE-2014-1740;0.016480000;0.755190000
CVE-2014-1739;0.011210000;0.648390000
CVE-2014-1738;0.005070000;0.408670000
CVE-2014-1737;0.004520000;0.367770000
CVE-2014-1736;0.020720000;0.806800000
CVE-2014-1735;0.019510000;0.794170000
CVE-2014-1734;0.017830000;0.773780000
CVE-2014-1733;0.016740000;0.759020000
CVE-2014-1732;0.016230000;0.751460000
CVE-2014-1731;0.031080000;0.872750000
CVE-2014-1730;0.030830000;0.871890000
CVE-2014-1729;0.013870000;0.711240000
CVE-2014-1728;0.012900000;0.690440000
CVE-2014-1727;0.013690000;0.707830000
CVE-2014-1726;0.014160000;0.716940000
CVE-2014-1725;0.013800000;0.709940000
CVE-2014-1724;0.013350000;0.700580000
CVE-2014-1723;0.013690000;0.707830000
CVE-2014-1722;0.013690000;0.707830000
CVE-2014-1721;0.015700000;0.743660000
CVE-2014-1720;0.013690000;0.707820000
CVE-2014-1719;0.013690000;0.707820000
CVE-2014-1718;0.015710000;0.743870000
CVE-2014-1717;0.013240000;0.697990000
CVE-2014-1716;0.018480000;0.782200000
CVE-2014-1715;0.015960000;0.747410000
CVE-2014-1714;0.018700000;0.785000000
CVE-2014-1713;0.022720000;0.823820000
CVE-2014-1711;0.008440000;0.562620000
CVE-2014-1710;0.010900000;0.639870000
CVE-2014-1708;0.020320000;0.802690000
CVE-2014-1707;0.007960000;0.546690000
CVE-2014-1706;0.006200000;0.475660000
CVE-2014-1705;0.048220000;0.916620000
CVE-2014-1704;0.015330000;0.737740000
CVE-2014-1703;0.014750000;0.727950000
CVE-2014-1702;0.014300000;0.719550000
CVE-2014-1701;0.011890000;0.666600000
CVE-2014-1700;0.014300000;0.719560000
CVE-2014-1699;0.021420000;0.813240000
CVE-2014-1698;0.035070000;0.887620000
CVE-2014-1697;0.052610000;0.922590000
CVE-2014-1696;0.016910000;0.761510000
CVE-2014-1695;0.048950000;0.917740000
CVE-2014-1694;0.014790000;0.728510000
CVE-2014-1693;0.021930000;0.817300000
CVE-2014-1692;0.045870000;0.913170000
CVE-2014-1691;0.428950000;0.986750000
CVE-2014-1690;0.039240000;0.899780000
CVE-2014-1686;0.020360000;0.802960000
CVE-2014-1685;0.014150000;0.716590000
CVE-2014-1684;0.051940000;0.921810000
CVE-2014-1683;0.314150000;0.982250000
CVE-2014-1682;0.015680000;0.743320000
CVE-2014-1681;0.012470000;0.680980000
CVE-2014-1680;0.005010000;0.404670000
CVE-2014-1679;0.011610000;0.658730000
CVE-2014-1677;0.177060000;0.970600000
CVE-2014-1673;0.016430000;0.754600000
CVE-2014-1672;0.008510000;0.565340000
CVE-2014-1671;0.019480000;0.793910000
CVE-2014-1670;0.137120000;0.963730000
CVE-2014-1666;0.008760000;0.573440000
CVE-2014-1665;0.030270000;0.869620000
CVE-2014-1664;0.029000000;0.864130000
CVE-2014-1663;0.023480000;0.829910000
CVE-2014-1652;0.017020000;0.763040000
CVE-2014-1651;0.019760000;0.796630000
CVE-2014-1650;0.013600000;0.706070000
CVE-2014-1649;0.423120000;0.986560000
CVE-2014-1648;0.020880000;0.808350000
CVE-2014-1647;0.007170000;0.518980000
CVE-2014-1646;0.007170000;0.518980000
CVE-2014-1645;0.013710000;0.708100000
CVE-2014-1644;0.026390000;0.849740000
CVE-2014-1643;0.007470000;0.529960000
CVE-2014-1642;0.004440000;0.360970000
CVE-2014-1640;0.003130000;0.217350000
CVE-2014-1639;0.003540000;0.265700000
CVE-2014-1638;0.003640000;0.277120000
CVE-2014-1637;0.069430000;0.938890000
CVE-2014-1636;0.037960000;0.896170000
CVE-2014-1635;0.674870000;0.992880000
CVE-2014-1634;0.014460000;0.722280000
CVE-2014-1632;0.104880000;0.956070000
CVE-2014-1631;0.092990000;0.952070000
CVE-2014-1626;0.015550000;0.741470000
CVE-2014-1624;0.003170000;0.221680000
CVE-2014-1620;0.012010000;0.669380000
CVE-2014-1619;0.022790000;0.824390000
CVE-2014-1618;0.032260000;0.877590000
CVE-2014-1617;0.010210000;0.619590000
CVE-2014-1615;0.006120000;0.471990000
CVE-2014-1613;0.022850000;0.824870000
CVE-2014-1612;0.025410000;0.843520000
CVE-2014-1611;0.021770000;0.816000000
CVE-2014-1610;0.427770000;0.986710000
CVE-2014-1609;0.029790000;0.867590000
CVE-2014-1608;0.030490000;0.870390000
CVE-2014-1607;0.013320000;0.699770000
CVE-2014-1604;0.003540000;0.266010000
CVE-2014-1603;0.032170000;0.877240000
CVE-2014-1599;0.009390000;0.593520000
CVE-2014-1598;0.014730000;0.727510000
CVE-2014-1597;0.013580000;0.705640000
CVE-2014-1595;0.003040000;0.207530000
CVE-2014-1594;0.034060000;0.884310000
CVE-2014-1593;0.040520000;0.902890000
CVE-2014-1592;0.033770000;0.883280000
CVE-2014-1591;0.011710000;0.661310000
CVE-2014-1590;0.016830000;0.760390000
CVE-2014-1589;0.018020000;0.776250000
CVE-2014-1588;0.035260000;0.888150000
CVE-2014-1587;0.035460000;0.888730000
CVE-2014-1586;0.028470000;0.861560000
CVE-2014-1585;0.028470000;0.861560000
CVE-2014-1584;0.021430000;0.813270000
CVE-2014-1583;0.028640000;0.862340000
CVE-2014-1582;0.011860000;0.665630000
CVE-2014-1581;0.040550000;0.902950000
CVE-2014-1580;0.022700000;0.823610000
CVE-2014-1578;0.040200000;0.902190000
CVE-2014-1577;0.028960000;0.863940000
CVE-2014-1576;0.050870000;0.920510000
CVE-2014-1575;0.053720000;0.923720000
CVE-2014-1574;0.039720000;0.901110000
CVE-2014-1573;0.023260000;0.828150000
CVE-2014-1572;0.018400000;0.781220000
CVE-2014-1571;0.013530000;0.704370000
CVE-2014-1569;0.031820000;0.875720000
CVE-2014-1568;0.167030000;0.969280000
CVE-2014-1567;0.049430000;0.918470000
CVE-2014-1566;0.011770000;0.663200000
CVE-2014-1565;0.027900000;0.858610000
CVE-2014-1564;0.054650000;0.924670000
CVE-2014-1563;0.058010000;0.928660000
CVE-2014-1562;0.055840000;0.926120000
CVE-2014-1561;0.021380000;0.812810000
CVE-2014-1560;0.011130000;0.646260000
CVE-2014-1559;0.017060000;0.763620000
CVE-2014-1558;0.011710000;0.661320000
CVE-2014-1557;0.049400000;0.918430000
CVE-2014-1556;0.037580000;0.895050000
CVE-2014-1555;0.049070000;0.917940000
CVE-2014-1554;0.058110000;0.928790000
CVE-2014-1553;0.057210000;0.927700000
CVE-2014-1552;0.012570000;0.683610000
CVE-2014-1551;0.046820000;0.914590000
CVE-2014-1550;0.049040000;0.917880000
CVE-2014-1549;0.056410000;0.926880000
CVE-2014-1548;0.058110000;0.928790000
CVE-2014-1547;0.055910000;0.926220000
CVE-2014-1546;0.005420000;0.432550000
CVE-2014-1545;0.063290000;0.933880000
CVE-2014-1544;0.061090000;0.931840000
CVE-2014-1543;0.037880000;0.895930000
CVE-2014-1542;0.052980000;0.922950000
CVE-2014-1541;0.037470000;0.894780000
CVE-2014-1540;0.038310000;0.897200000
CVE-2014-1539;0.021930000;0.817320000
CVE-2014-1538;0.049130000;0.918020000
CVE-2014-1537;0.048010000;0.916350000
CVE-2014-1536;0.060990000;0.931770000
CVE-2014-1534;0.059760000;0.930470000
CVE-2014-1533;0.061150000;0.931880000
CVE-2014-1532;0.046480000;0.914100000
CVE-2014-1531;0.056140000;0.926630000
CVE-2014-1530;0.016730000;0.758910000
CVE-2014-1529;0.037660000;0.895320000
CVE-2014-1528;0.056010000;0.926350000
CVE-2014-1527;0.014950000;0.731340000
CVE-2014-1526;0.018240000;0.779290000
CVE-2014-1525;0.044140000;0.909980000
CVE-2014-1524;0.077490000;0.944310000
CVE-2014-1523;0.031750000;0.875440000
CVE-2014-1522;0.054230000;0.924240000
CVE-2014-1520;0.004080000;0.324650000
CVE-2014-1519;0.049770000;0.919030000
CVE-2014-1518;0.060070000;0.930790000
CVE-2014-1517;0.013140000;0.695890000
CVE-2014-1516;0.011720000;0.661750000
CVE-2014-1515;0.002830000;0.186400000
CVE-2014-1514;0.060870000;0.931670000
CVE-2014-1513;0.055760000;0.926010000
CVE-2014-1512;0.292830000;0.981160000
CVE-2014-1511;0.836330000;0.996810000
CVE-2014-1510;0.823390000;0.996530000
CVE-2014-1509;0.050300000;0.919670000
CVE-2014-1508;0.042700000;0.907400000
CVE-2014-1507;0.011050000;0.644110000
CVE-2014-1506;0.023440000;0.829620000
CVE-2014-1505;0.040020000;0.901800000
CVE-2014-1504;0.021220000;0.811340000
CVE-2014-1502;0.011520000;0.656490000
CVE-2014-1501;0.015680000;0.743260000
CVE-2014-1500;0.036400000;0.891600000
CVE-2014-1499;0.019500000;0.794100000
CVE-2014-1498;0.018270000;0.779690000
CVE-2014-1497;0.028260000;0.860480000
CVE-2014-1496;0.003790000;0.292440000
CVE-2014-1494;0.051020000;0.920680000
CVE-2014-1493;0.080990000;0.946290000
CVE-2014-1492;0.017670000;0.771760000
CVE-2014-1491;0.046010000;0.913380000
CVE-2014-1490;0.039370000;0.900160000
CVE-2014-1489;0.019250000;0.791240000
CVE-2014-1488;0.071970000;0.940960000
CVE-2014-1487;0.023350000;0.828960000
CVE-2014-1486;0.070720000;0.939950000
CVE-2014-1485;0.029950000;0.868280000
CVE-2014-1484;0.015560000;0.741700000
CVE-2014-1483;0.024670000;0.838470000
CVE-2014-1482;0.063040000;0.933670000
CVE-2014-1481;0.038890000;0.898730000
CVE-2014-1480;0.026950000;0.853260000
CVE-2014-1479;0.046020000;0.913410000
CVE-2014-1478;0.069650000;0.939050000
CVE-2014-1477;0.055060000;0.925130000
CVE-2014-1476;0.011180000;0.647660000
CVE-2014-1475;0.015260000;0.736520000
CVE-2014-1474;0.024270000;0.835650000
CVE-2014-1473;0.006950000;0.510240000
CVE-2014-1472;0.019680000;0.795770000
CVE-2014-1471;0.017740000;0.772820000
CVE-2014-1469;0.003800000;0.294040000
CVE-2014-1467;0.012570000;0.683580000
CVE-2014-1466;0.020910000;0.808650000
CVE-2014-1459;0.022690000;0.823590000
CVE-2014-1458;0.007590000;0.534150000
CVE-2014-1457;0.011260000;0.649440000
CVE-2014-1456;0.018010000;0.776110000
CVE-2014-1455;0.013130000;0.695420000
CVE-2014-1454;0.005650000;0.446770000
CVE-2014-1453;0.020440000;0.803910000
CVE-2014-1452;0.018940000;0.787750000
CVE-2014-1449;0.019160000;0.790230000
CVE-2014-1447;0.023430000;0.829570000
CVE-2014-1446;0.006490000;0.490010000
CVE-2014-1445;0.004140000;0.331660000
CVE-2014-1444;0.003380000;0.246930000
CVE-2014-1443;0.017700000;0.772320000
CVE-2014-1442;0.023730000;0.831650000
CVE-2014-1441;0.019480000;0.793940000
CVE-2014-1439;0.014580000;0.724670000
CVE-2014-1438;0.006530000;0.492360000
CVE-2014-1428;0.009480000;0.596300000
CVE-2014-1427;0.010880000;0.639450000
CVE-2014-1426;0.014080000;0.715350000
CVE-2014-1425;0.003550000;0.267110000
CVE-2014-1424;0.015700000;0.743560000
CVE-2014-1423;0.008440000;0.562710000
CVE-2014-1422;0.003670000;0.279680000
CVE-2014-1421;0.005070000;0.408700000
CVE-2014-1420;0.005040000;0.406460000
CVE-2014-1419;0.002720000;0.175770000
CVE-2014-1418;0.025670000;0.845190000
CVE-2014-1409;0.040490000;0.902810000
CVE-2014-1408;0.015490000;0.740570000
CVE-2014-1407;0.011930000;0.667530000
CVE-2014-1406;0.009820000;0.607650000
CVE-2014-1405;0.011680000;0.660500000
CVE-2014-1403;0.018040000;0.776530000
CVE-2014-1402;0.003760000;0.289270000
CVE-2014-1401;0.029820000;0.867730000
CVE-2014-1400;0.014320000;0.719770000
CVE-2014-1399;0.013610000;0.706200000
CVE-2014-1398;0.014320000;0.719780000
CVE-2014-1391;0.041800000;0.905630000
CVE-2014-1390;0.024280000;0.835770000
CVE-2014-1389;0.027620000;0.857050000
CVE-2014-1388;0.027620000;0.857060000
CVE-2014-1387;0.027620000;0.857030000
CVE-2014-1386;0.024280000;0.835780000
CVE-2014-1385;0.027620000;0.857040000
CVE-2014-1384;0.027620000;0.857070000
CVE-2014-1383;0.009390000;0.593560000
CVE-2014-1382;0.026380000;0.849680000
CVE-2014-1381;0.028590000;0.862110000
CVE-2014-1380;0.003520000;0.262410000
CVE-2014-1379;0.022420000;0.821650000
CVE-2014-1378;0.003700000;0.283790000
CVE-2014-1377;0.041660000;0.905320000
CVE-2014-1376;0.041660000;0.905320000
CVE-2014-1375;0.003090000;0.213100000
CVE-2014-1373;0.028920000;0.863720000
CVE-2014-1372;0.004720000;0.383190000
CVE-2014-1371;0.019200000;0.790740000
CVE-2014-1370;0.021760000;0.815990000
CVE-2014-1369;0.009880000;0.609690000
CVE-2014-1368;0.025340000;0.843080000
CVE-2014-1367;0.025340000;0.843070000
CVE-2014-1366;0.025340000;0.843070000
CVE-2014-1365;0.025340000;0.843070000
CVE-2014-1364;0.025340000;0.843070000
CVE-2014-1363;0.025560000;0.844470000
CVE-2014-1362;0.025340000;0.843060000
CVE-2014-1361;0.021020000;0.809670000
CVE-2014-1360;0.004340000;0.351980000
CVE-2014-1359;0.043170000;0.908210000
CVE-2014-1358;0.038410000;0.897510000
CVE-2014-1357;0.035370000;0.888470000
CVE-2014-1356;0.035370000;0.888470000
CVE-2014-1355;0.003650000;0.277460000
CVE-2014-1354;0.028520000;0.861780000
CVE-2014-1353;0.003870000;0.301740000
CVE-2014-1352;0.003440000;0.253330000
CVE-2014-1351;0.003870000;0.301740000
CVE-2014-1350;0.003890000;0.303380000
CVE-2014-1349;0.028520000;0.861780000
CVE-2014-1348;0.003570000;0.269190000
CVE-2014-1347;0.003890000;0.303920000
CVE-2014-1346;0.018810000;0.786220000
CVE-2014-1345;0.017210000;0.765610000
CVE-2014-1344;0.021420000;0.813150000
CVE-2014-1343;0.025610000;0.844720000
CVE-2014-1342;0.023450000;0.829660000
CVE-2014-1341;0.023450000;0.829650000
CVE-2014-1340;0.018290000;0.779830000
CVE-2014-1339;0.023450000;0.829660000
CVE-2014-1338;0.023340000;0.828850000
CVE-2014-1337;0.023340000;0.828860000
CVE-2014-1336;0.023340000;0.828830000
CVE-2014-1335;0.023340000;0.828850000
CVE-2014-1334;0.023450000;0.829660000
CVE-2014-1333;0.023340000;0.828840000
CVE-2014-1331;0.023340000;0.828850000
CVE-2014-1330;0.023340000;0.828850000
CVE-2014-1329;0.023340000;0.828840000
CVE-2014-1327;0.023340000;0.828840000
CVE-2014-1326;0.023340000;0.828840000
CVE-2014-1325;0.026610000;0.851130000
CVE-2014-1324;0.016180000;0.750670000
CVE-2014-1323;0.023450000;0.829650000
CVE-2014-1322;0.010850000;0.638760000
CVE-2014-1321;0.003160000;0.220090000
CVE-2014-1320;0.003690000;0.281730000
CVE-2014-1319;0.019280000;0.791500000
CVE-2014-1318;0.020830000;0.807810000
CVE-2014-1317;0.003100000;0.214170000
CVE-2014-1316;0.011470000;0.654620000
CVE-2014-1315;0.018440000;0.781650000
CVE-2014-1314;0.031170000;0.873120000
CVE-2014-1313;0.023680000;0.831320000
CVE-2014-1312;0.021490000;0.813840000
CVE-2014-1311;0.021680000;0.815280000
CVE-2014-1310;0.021500000;0.813920000
CVE-2014-1309;0.021500000;0.813920000
CVE-2014-1308;0.021500000;0.813920000
CVE-2014-1307;0.021500000;0.813920000
CVE-2014-1305;0.021320000;0.812320000
CVE-2014-1304;0.021320000;0.812330000
CVE-2014-1303;0.347820000;0.983770000
CVE-2014-1302;0.021490000;0.813830000
CVE-2014-1301;0.018680000;0.784790000
CVE-2014-1300;0.055120000;0.925190000
CVE-2014-1299;0.021490000;0.813840000
CVE-2014-1298;0.021490000;0.813840000
CVE-2014-1297;0.017920000;0.774970000
CVE-2014-1296;0.018800000;0.786090000
CVE-2014-1295;0.009430000;0.594560000
CVE-2014-1294;0.021160000;0.810840000
CVE-2014-1293;0.021160000;0.810830000
CVE-2014-1292;0.021810000;0.816330000
CVE-2014-1291;0.021330000;0.812490000
CVE-2014-1290;0.021330000;0.812500000
CVE-2014-1289;0.021330000;0.812490000
CVE-2014-1287;0.011180000;0.647480000
CVE-2014-1286;0.016450000;0.754850000
CVE-2014-1285;0.011630000;0.659430000
CVE-2014-1282;0.011290000;0.650380000
CVE-2014-1281;0.003460000;0.255450000
CVE-2014-1280;0.016110000;0.749610000
CVE-2014-1279;0.002990000;0.202360000
CVE-2014-1278;0.003490000;0.258890000
CVE-2014-1276;0.011810000;0.664680000
CVE-2014-1275;0.027930000;0.858720000
CVE-2014-1274;0.003620000;0.274960000
CVE-2014-1273;0.011290000;0.650380000
CVE-2014-1272;0.003500000;0.261040000
CVE-2014-1271;0.012540000;0.682620000
CVE-2014-1270;0.021730000;0.815670000
CVE-2014-1269;0.021730000;0.815660000
CVE-2014-1268;0.018700000;0.784920000
CVE-2014-1267;0.011200000;0.648110000
CVE-2014-1266;0.057410000;0.927960000
CVE-2014-1265;0.003390000;0.247950000
CVE-2014-1264;0.003330000;0.239390000
CVE-2014-1263;0.028620000;0.862250000
CVE-2014-1262;0.015930000;0.747060000
CVE-2014-1261;0.025880000;0.846490000
CVE-2014-1260;0.023110000;0.827020000
CVE-2014-1259;0.018090000;0.777190000
CVE-2014-1258;0.024870000;0.839870000
CVE-2014-1257;0.003590000;0.271080000
CVE-2014-1256;0.013460000;0.702980000
CVE-2014-1255;0.015930000;0.747060000
CVE-2014-1254;0.023310000;0.828560000
CVE-2014-1253;0.003350000;0.243080000
CVE-2014-1252;0.041650000;0.905300000
CVE-2014-125128;0.002740000;0.177570000
CVE-2014-125127;0.004520000;0.367110000
CVE-2014-125126;0.017470000;0.768930000
CVE-2014-125125;0.028860000;0.863380000
CVE-2014-125124;0.021200000;0.811240000
CVE-2014-125123;0.009970000;0.612450000
CVE-2014-125122;0.010880000;0.639420000
CVE-2014-125121;0.012230000;0.675590000
CVE-2014-125119;0.017130000;0.764620000
CVE-2014-125118;0.046540000;0.914200000
CVE-2014-125117;0.072220000;0.941090000
CVE-2014-125116;0.023100000;0.826960000
CVE-2014-125115;0.024180000;0.835020000
CVE-2014-125114;0.007100000;0.516310000
CVE-2014-125113;0.014810000;0.728830000
CVE-2014-125112;0.008300000;0.558520000
CVE-2014-125111;0.004200000;0.337560000
CVE-2014-125110;0.004910000;0.397150000
CVE-2014-125109;0.004010000;0.316990000
CVE-2014-125108;0.004770000;0.387000000
CVE-2014-125107;0.007600000;0.534680000
CVE-2014-125106;0.009490000;0.596510000
CVE-2014-125105;0.005450000;0.434690000
CVE-2014-125104;0.007440000;0.528880000
CVE-2014-125103;0.005860000;0.458300000
CVE-2014-125102;0.006160000;0.474200000
CVE-2014-125101;0.007070000;0.515140000
CVE-2014-125100;0.005260000;0.422290000
CVE-2014-1251;0.040720000;0.903310000
CVE-2014-125099;0.007230000;0.521070000
CVE-2014-125098;0.006170000;0.474640000
CVE-2014-125097;0.004730000;0.384220000
CVE-2014-125096;0.005460000;0.435340000
CVE-2014-125095;0.005460000;0.435350000
CVE-2014-125094;0.004940000;0.399780000
CVE-2014-125093;0.008640000;0.569610000
CVE-2014-125092;0.005310000;0.426150000
CVE-2014-125091;0.007880000;0.543840000
CVE-2014-125090;0.005940000;0.462290000
CVE-2014-125089;0.004890000;0.396150000
CVE-2014-125088;0.004730000;0.384210000
CVE-2014-125087;0.012410000;0.679750000
CVE-2014-125086;0.006730000;0.501400000
CVE-2014-125085;0.006190000;0.475510000
CVE-2014-125084;0.006190000;0.475510000
CVE-2014-125083;0.006530000;0.492280000
CVE-2014-125082;0.006590000;0.495080000
CVE-2014-125081;0.007250000;0.521830000
CVE-2014-125080;0.008720000;0.572410000
CVE-2014-125079;0.006580000;0.494510000
CVE-2014-125078;0.005200000;0.418600000
CVE-2014-125077;0.006530000;0.492280000
CVE-2014-125076;0.006530000;0.492280000
CVE-2014-125075;0.007010000;0.513050000
CVE-2014-125074;0.006080000;0.469490000
CVE-2014-125073;0.006720000;0.500920000
CVE-2014-125072;0.007480000;0.530290000
CVE-2014-125071;0.003960000;0.311610000
CVE-2014-125070;0.005190000;0.417560000
CVE-2014-125069;0.007320000;0.524310000
CVE-2014-125068;0.006400000;0.485760000
CVE-2014-125067;0.006530000;0.492280000
CVE-2014-125066;0.009060000;0.582660000
CVE-2014-125065;0.006720000;0.500910000
CVE-2014-125063;0.006720000;0.500910000
CVE-2014-125062;0.006430000;0.487600000
CVE-2014-125061;0.006430000;0.487600000
CVE-2014-125060;0.009510000;0.597280000
CVE-2014-125059;0.008220000;0.555740000
CVE-2014-125058;0.007080000;0.515560000
CVE-2014-125057;0.008050000;0.550220000
CVE-2014-125056;0.006880000;0.507810000
CVE-2014-125055;0.007100000;0.516170000
CVE-2014-125054;0.005600000;0.443550000
CVE-2014-125053;0.007240000;0.521450000
CVE-2014-125052;0.006430000;0.487600000
CVE-2014-125051;0.006930000;0.509700000
CVE-2014-125050;0.006870000;0.507460000
CVE-2014-125049;0.007130000;0.517300000
CVE-2014-125048;0.006030000;0.467230000
CVE-2014-125047;0.006430000;0.487580000
CVE-2014-125046;0.006430000;0.487570000
CVE-2014-125045;0.007080000;0.515560000
CVE-2014-125044;0.008260000;0.557290000
CVE-2014-125041;0.006580000;0.494870000
CVE-2014-125040;0.006580000;0.494880000
CVE-2014-125039;0.005110000;0.412160000
CVE-2014-125038;0.006570000;0.494110000
CVE-2014-125037;0.006430000;0.487590000
CVE-2014-125036;0.003990000;0.315040000
CVE-2014-125035;0.005790000;0.454250000
CVE-2014-125034;0.005110000;0.412170000
CVE-2014-125033;0.008720000;0.572200000
CVE-2014-125032;0.006570000;0.494110000
CVE-2014-125031;0.005110000;0.412160000
CVE-2014-125030;0.008760000;0.573710000
CVE-2014-125029;0.008190000;0.554570000
CVE-2014-125028;0.003820000;0.296530000
CVE-2014-125027;0.005230000;0.420210000
CVE-2014-125026;0.010670000;0.633960000
CVE-2014-125025;0.006780000;0.503610000
CVE-2014-125024;0.005300000;0.424950000
CVE-2014-125023;0.006780000;0.503610000
CVE-2014-125022;0.006780000;0.503590000
CVE-2014-125021;0.006780000;0.503590000
CVE-2014-125020;0.005300000;0.424940000
CVE-2014-125019;0.006780000;0.503580000
CVE-2014-125018;0.006190000;0.475620000
CVE-2014-125017;0.005300000;0.424940000
CVE-2014-125016;0.006780000;0.503580000
CVE-2014-125015;0.005300000;0.424940000
CVE-2014-125014;0.006780000;0.503580000
CVE-2014-125013;0.006780000;0.503580000
CVE-2014-125012;0.006920000;0.509440000
CVE-2014-125011;0.005940000;0.462420000
CVE-2014-125010;0.006190000;0.475610000
CVE-2014-125009;0.006780000;0.503600000
CVE-2014-125008;0.006780000;0.503600000
CVE-2014-125007;0.006780000;0.503600000
CVE-2014-125006;0.006780000;0.503610000
CVE-2014-125005;0.006780000;0.503610000
CVE-2014-125004;0.006780000;0.503590000
CVE-2014-125003;0.006780000;0.503590000
CVE-2014-125002;0.006780000;0.503620000
CVE-2014-125001;0.036830000;0.892850000
CVE-2014-1250;0.036180000;0.891010000
CVE-2014-1249;0.040720000;0.903310000
CVE-2014-1248;0.040720000;0.903310000
CVE-2014-1247;0.035140000;0.887820000
CVE-2014-1246;0.040720000;0.903310000
CVE-2014-1245;0.036180000;0.891010000
CVE-2014-1244;0.041070000;0.904110000
CVE-2014-1243;0.035830000;0.889980000
CVE-2014-1242;0.010190000;0.619250000
CVE-2014-1238;0.006490000;0.490040000
CVE-2014-1237;0.017330000;0.767050000
CVE-2014-1236;0.060820000;0.931610000
CVE-2014-1235;0.029290000;0.865450000
CVE-2014-1234;0.005070000;0.408380000
CVE-2014-1233;0.004100000;0.326270000
CVE-2014-1232;0.019590000;0.794930000
CVE-2014-1226;0.004050000;0.321820000
CVE-2014-1224;0.018540000;0.782990000
CVE-2014-1223;0.015200000;0.735440000
CVE-2014-1222;0.087950000;0.950060000
CVE-2014-1219;0.045980000;0.913310000
CVE-2014-1217;0.015400000;0.738850000
CVE-2014-1216;0.039230000;0.899740000
CVE-2014-1215;0.003600000;0.272210000
CVE-2014-1214;0.043170000;0.908220000
CVE-2014-1213;0.009730000;0.605180000
CVE-2014-1211;0.012910000;0.690740000
CVE-2014-1210;0.006790000;0.504100000
CVE-2014-1209;0.037730000;0.895510000
CVE-2014-1208;0.006760000;0.502550000
CVE-2014-1207;0.027590000;0.856780000
CVE-2014-1206;0.024950000;0.840360000
CVE-2014-1204;0.041760000;0.905530000
CVE-2014-1203;0.156470000;0.967350000
CVE-2014-1202;0.076730000;0.943870000
CVE-2014-1201;0.294590000;0.981250000
CVE-2014-10402;0.004840000;0.392390000
CVE-2014-10401;0.004400000;0.357430000
CVE-2014-10400;0.012480000;0.681480000
CVE-2014-10399;0.013470000;0.703050000
CVE-2014-10398;0.008060000;0.550340000
CVE-2014-10397;0.032080000;0.876790000
CVE-2014-10396;0.032080000;0.876790000
CVE-2014-10395;0.009130000;0.584550000
CVE-2014-10394;0.009130000;0.584580000
CVE-2014-10393;0.009130000;0.584560000
CVE-2014-10392;0.009320000;0.591270000
CVE-2014-10391;0.009130000;0.584650000
CVE-2014-10390;0.025030000;0.840860000
CVE-2014-10389;0.022170000;0.819500000
CVE-2014-10388;0.013320000;0.699650000
CVE-2014-10387;0.017950000;0.775350000
CVE-2014-10386;0.009130000;0.584600000
CVE-2014-10385;0.009230000;0.588080000
CVE-2014-10384;0.020710000;0.806590000
CVE-2014-10383;0.027140000;0.854300000
CVE-2014-10382;0.005000000;0.403660000
CVE-2014-10381;0.006800000;0.504240000
CVE-2014-10380;0.009130000;0.584600000
CVE-2014-10379;0.017950000;0.775360000
CVE-2014-10378;0.009130000;0.584640000
CVE-2014-10377;0.009280000;0.589750000
CVE-2014-10376;0.017790000;0.773430000
CVE-2014-10375;0.012250000;0.675920000
CVE-2014-10374;0.006370000;0.484270000
CVE-2014-10079;0.087490000;0.949850000
CVE-2014-10078;0.032510000;0.878490000
CVE-2014-10077;0.033900000;0.883700000
CVE-2014-10076;0.024440000;0.836860000
CVE-2014-10075;0.035370000;0.888430000
CVE-2014-10074;0.028120000;0.859730000
CVE-2014-10073;0.022260000;0.820230000
CVE-2014-10072;0.025860000;0.846340000
CVE-2014-10071;0.027150000;0.854380000
CVE-2014-10070;0.004870000;0.394380000
CVE-2014-10069;0.039940000;0.901600000
CVE-2014-10068;0.019330000;0.792200000
CVE-2014-10067;0.011690000;0.660870000
CVE-2014-10066;0.016060000;0.749010000
CVE-2014-10065;0.009730000;0.605190000
CVE-2014-10064;0.012860000;0.689590000
CVE-2014-10063;0.006780000;0.503300000
CVE-2014-10062;0.008560000;0.566920000
CVE-2014-10059;0.011440000;0.654020000
CVE-2014-10058;0.006780000;0.503300000
CVE-2014-10057;0.012070000;0.671250000
CVE-2014-10056;0.013060000;0.693930000
CVE-2014-10055;0.008560000;0.566940000
CVE-2014-10054;0.014040000;0.714670000
CVE-2014-10053;0.011440000;0.654020000
CVE-2014-10052;0.012070000;0.671260000
CVE-2014-10051;0.012070000;0.671250000
CVE-2014-10050;0.011440000;0.654030000
CVE-2014-10048;0.012070000;0.671250000
CVE-2014-10047;0.006100000;0.470980000
CVE-2014-10046;0.012070000;0.671260000
CVE-2014-10045;0.013060000;0.693940000
CVE-2014-10044;0.006780000;0.503290000
CVE-2014-10043;0.008560000;0.566920000
CVE-2014-10039;0.012070000;0.671280000
CVE-2014-10038;0.023480000;0.829880000
CVE-2014-10037;0.188340000;0.971940000
CVE-2014-10036;0.018950000;0.787830000
CVE-2014-10035;0.034960000;0.887250000
CVE-2014-10034;0.019610000;0.795120000
CVE-2014-10033;0.017980000;0.775760000
CVE-2014-10032;0.011160000;0.647100000
CVE-2014-10031;0.037380000;0.894520000
CVE-2014-10030;0.016330000;0.752960000
CVE-2014-10029;0.025700000;0.845420000
CVE-2014-10028;0.009950000;0.611510000
CVE-2014-10027;0.007850000;0.542850000
CVE-2014-10026;0.020420000;0.803680000
CVE-2014-10025;0.007850000;0.542850000
CVE-2014-10024;0.029600000;0.866750000
CVE-2014-10023;0.032760000;0.879670000
CVE-2014-10022;0.056400000;0.926860000
CVE-2014-10021;0.589730000;0.990840000
CVE-2014-10020;0.023480000;0.829890000
CVE-2014-10019;0.012610000;0.684320000
CVE-2014-10018;0.018240000;0.779210000
CVE-2014-10017;0.023340000;0.828820000
CVE-2014-10016;0.020410000;0.803560000
CVE-2014-10015;0.012340000;0.678070000
CVE-2014-10014;0.019660000;0.795540000
CVE-2014-10013;0.045940000;0.913250000
CVE-2014-10012;0.016330000;0.752900000
CVE-2014-10011;0.100540000;0.954710000
CVE-2014-10010;0.076510000;0.943730000
CVE-2014-10009;0.018150000;0.778110000
CVE-2014-10008;0.014150000;0.716720000
CVE-2014-10007;0.012010000;0.669360000
CVE-2014-10006;0.006140000;0.473110000
CVE-2014-10005;0.018420000;0.781430000
CVE-2014-10004;0.020720000;0.806750000
CVE-2014-100039;0.006640000;0.497250000
CVE-2014-100038;0.012010000;0.669360000
CVE-2014-100037;0.009840000;0.608310000
CVE-2014-100036;0.018920000;0.787620000
CVE-2014-100035;0.011780000;0.663720000
CVE-2014-100034;0.011480000;0.655070000
CVE-2014-100033;0.018540000;0.783030000
CVE-2014-100032;0.014270000;0.719020000
CVE-2014-100031;0.023480000;0.829890000
CVE-2014-100030;0.032470000;0.878350000
CVE-2014-10003;0.018540000;0.782990000
CVE-2014-100029;0.070430000;0.939720000
CVE-2014-100028;0.018540000;0.783000000
CVE-2014-100027;0.020230000;0.801800000
CVE-2014-100026;0.019480000;0.793870000
CVE-2014-100025;0.012560000;0.683450000
CVE-2014-100024;0.011610000;0.658640000
CVE-2014-100023;0.020460000;0.804090000
CVE-2014-100022;0.023400000;0.829260000
CVE-2014-100021;0.012200000;0.674530000
CVE-2014-100020;0.013140000;0.695650000
CVE-2014-10002;0.011730000;0.661920000
CVE-2014-100019;0.019460000;0.793640000
CVE-2014-100018;0.020230000;0.801810000
CVE-2014-100017;0.032170000;0.877240000
CVE-2014-100016;0.020410000;0.803580000
CVE-2014-100015;0.573670000;0.990500000
CVE-2014-100014;0.060620000;0.931380000
CVE-2014-100013;0.014650000;0.726080000
CVE-2014-100012;0.012030000;0.669900000
CVE-2014-100011;0.013200000;0.697090000
CVE-2014-100010;0.011610000;0.658700000
CVE-2014-10001;0.022640000;0.823160000
CVE-2014-100009;0.021550000;0.814260000
CVE-2014-100008;0.020410000;0.803580000
CVE-2014-100007;0.019590000;0.794930000
CVE-2014-100006;0.011480000;0.655030000
CVE-2014-100005;0.434560000;0.986950000
CVE-2014-100004;0.020160000;0.801100000
CVE-2014-100003;0.042340000;0.906710000
CVE-2014-100002;0.598590000;0.991040000
CVE-2014-100001;0.012480000;0.681520000
CVE-2014-0999;0.066040000;0.936180000
CVE-2014-0998;0.009240000;0.588190000
CVE-2014-0997;0.064000000;0.934350000
CVE-2014-0995;0.104850000;0.956040000
CVE-2014-0994;0.027610000;0.856920000
CVE-2014-0993;0.056970000;0.927420000
CVE-2014-0992;0.025690000;0.845360000
CVE-2014-0991;0.025690000;0.845360000
CVE-2014-0990;0.025690000;0.845360000
CVE-2014-0989;0.025690000;0.845360000
CVE-2014-0988;0.025690000;0.845370000
CVE-2014-0987;0.025690000;0.845370000
CVE-2014-0986;0.025690000;0.845370000
CVE-2014-0985;0.025690000;0.845350000
CVE-2014-0984;0.028180000;0.860090000
CVE-2014-0983;0.081950000;0.946840000
CVE-2014-0981;0.013950000;0.712820000
CVE-2014-0980;0.403590000;0.985970000
CVE-2014-0979;0.004100000;0.326160000
CVE-2014-0978;0.048860000;0.917620000
CVE-2014-0977;0.024410000;0.836580000
CVE-2014-0974;0.003280000;0.233300000
CVE-2014-0973;0.003840000;0.297810000
CVE-2014-0972;0.003960000;0.311550000
CVE-2014-0970;0.007720000;0.538540000
CVE-2014-0969;0.006950000;0.510240000
CVE-2014-0968;0.007590000;0.534130000
CVE-2014-0967;0.007590000;0.534190000
CVE-2014-0966;0.010400000;0.625620000
CVE-2014-0965;0.020280000;0.802300000
CVE-2014-0964;0.026900000;0.852990000
CVE-2014-0963;0.030770000;0.871580000
CVE-2014-0961;0.005270000;0.423290000
CVE-2014-0960;0.005840000;0.456970000
CVE-2014-0959;0.018570000;0.783510000
CVE-2014-0958;0.018030000;0.776340000
CVE-2014-0957;0.011610000;0.658670000
CVE-2014-0956;0.011480000;0.655010000
CVE-2014-0955;0.017880000;0.774490000
CVE-2014-0954;0.013060000;0.693980000
CVE-2014-0953;0.018080000;0.777070000
CVE-2014-0952;0.011480000;0.655000000
CVE-2014-0951;0.011480000;0.655070000
CVE-2014-0950;0.016670000;0.758030000
CVE-2014-0949;0.011640000;0.659580000
CVE-2014-0948;0.018720000;0.785210000
CVE-2014-0947;0.018720000;0.785210000
CVE-2014-0946;0.018450000;0.781850000
CVE-2014-0945;0.011800000;0.664450000
CVE-2014-0944;0.007260000;0.522480000
CVE-2014-0943;0.023420000;0.829510000
CVE-2014-0942;0.007590000;0.534230000
CVE-2014-0941;0.007590000;0.534200000
CVE-2014-0940;0.011610000;0.658730000
CVE-2014-0936;0.006260000;0.478690000
CVE-2014-0935;0.007050000;0.514250000
CVE-2014-0933;0.006360000;0.483810000
CVE-2014-0932;0.009540000;0.598090000
CVE-2014-0931;0.027300000;0.855170000
CVE-2014-0930;0.004700000;0.381570000
CVE-2014-0929;0.005360000;0.428990000
CVE-2014-0927;0.023390000;0.829190000
CVE-2014-0925;0.010850000;0.638850000
CVE-2014-0924;0.010670000;0.633960000
CVE-2014-0923;0.014090000;0.715470000
CVE-2014-0922;0.013320000;0.699760000
CVE-2014-0921;0.013320000;0.699770000
CVE-2014-0920;0.016200000;0.751060000
CVE-2014-0919;0.018880000;0.786900000
CVE-2014-0918;0.017970000;0.775520000
CVE-2014-0917;0.011610000;0.658690000
CVE-2014-0915;0.010460000;0.627420000
CVE-2014-0914;0.010700000;0.634520000
CVE-2014-0913;0.017880000;0.774490000
CVE-2014-0912;0.017350000;0.767300000
CVE-2014-0911;0.013210000;0.697270000
CVE-2014-0910;0.026550000;0.850820000
CVE-2014-0909;0.020720000;0.806690000
CVE-2014-0908;0.010550000;0.630130000
CVE-2014-0907;0.006580000;0.494730000
CVE-2014-0906;0.013730000;0.708720000
CVE-2014-0905;0.005320000;0.426870000
CVE-2014-0904;0.030530000;0.870680000
CVE-2014-0901;0.009460000;0.595650000
CVE-2014-0900;0.004860000;0.393690000
CVE-2014-0899;0.018740000;0.785360000
CVE-2014-0897;0.005910000;0.460830000
CVE-2014-0896;0.018430000;0.781520000
CVE-2014-0895;0.039800000;0.901310000
CVE-2014-0894;0.039960000;0.901640000
CVE-2014-0893;0.011480000;0.655140000
CVE-2014-0892;0.042210000;0.906470000
CVE-2014-0891;0.021180000;0.811040000
CVE-2014-0890;0.003410000;0.250500000
CVE-2014-0889;0.011610000;0.658510000
CVE-2014-0888;0.009610000;0.600690000
CVE-2014-0887;0.016480000;0.755210000
CVE-2014-0886;0.016210000;0.751110000
CVE-2014-0885;0.005700000;0.449190000
CVE-2014-0884;0.007590000;0.534190000
CVE-2014-0883;0.006540000;0.492670000
CVE-2014-0882;0.012140000;0.673050000
CVE-2014-0881;0.020320000;0.802670000
CVE-2014-0880;0.019120000;0.789790000
CVE-2014-0879;0.034980000;0.887350000
CVE-2014-0878;0.020930000;0.808800000
CVE-2014-0877;0.011870000;0.666110000
CVE-2014-0876;0.004070000;0.323620000
CVE-2014-0875;0.012500000;0.681800000
CVE-2014-0874;0.014240000;0.718210000
CVE-2014-0873;0.005700000;0.449200000
CVE-2014-0872;0.002810000;0.184230000
CVE-2014-0871;0.056890000;0.927310000
CVE-2014-0870;0.036520000;0.892010000
CVE-2014-0869;0.054860000;0.924920000
CVE-2014-0868;0.042660000;0.907300000
CVE-2014-0867;0.050660000;0.920200000
CVE-2014-0866;0.054860000;0.924920000
CVE-2014-0865;0.049810000;0.919080000
CVE-2014-0864;0.025230000;0.842350000
CVE-2014-0863;0.010940000;0.641370000
CVE-2014-0862;0.042540000;0.907070000
CVE-2014-0861;0.010890000;0.639680000
CVE-2014-0860;0.009820000;0.607710000
CVE-2014-0859;0.026410000;0.849930000
CVE-2014-0858;0.008970000;0.579490000
CVE-2014-0857;0.016750000;0.759070000
CVE-2014-0855;0.009310000;0.591020000
CVE-2014-0854;0.018100000;0.777360000
CVE-2014-0853;0.009360000;0.592350000
CVE-2014-0852;0.012040000;0.670160000
CVE-2014-0850;0.007590000;0.534220000
CVE-2014-0849;0.010550000;0.630130000
CVE-2014-0848;0.008520000;0.565490000
CVE-2014-0846;0.009360000;0.592350000
CVE-2014-0845;0.009510000;0.597410000
CVE-2014-0844;0.008520000;0.565490000
CVE-2014-0843;0.010880000;0.639520000
CVE-2014-0842;0.011730000;0.661960000
CVE-2014-0841;0.002290000;0.123560000
CVE-2014-0840;0.010880000;0.639520000
CVE-2014-0839;0.008420000;0.562290000
CVE-2014-0838;0.015270000;0.736650000
CVE-2014-0837;0.006650000;0.497620000
CVE-2014-0836;0.012840000;0.689120000
CVE-2014-0835;0.007110000;0.516450000
CVE-2014-0834;0.011870000;0.666090000
CVE-2014-0833;0.011070000;0.644800000
CVE-2014-0832;0.007590000;0.534230000
CVE-2014-0831;0.006360000;0.483810000
CVE-2014-0830;0.014410000;0.721360000
CVE-2014-0829;0.014460000;0.722290000
CVE-2014-0828;0.011610000;0.658560000
CVE-2014-0827;0.011580000;0.657740000
CVE-2014-0825;0.009360000;0.592350000
CVE-2014-0824;0.009360000;0.592380000
CVE-2014-0823;0.018630000;0.784140000
CVE-2014-0822;0.018190000;0.778670000
CVE-2014-0821;0.010400000;0.625620000
CVE-2014-0820;0.014880000;0.730140000
CVE-2014-0819;0.004280000;0.344880000
CVE-2014-0818;0.024930000;0.840240000
CVE-2014-0817;0.009620000;0.600820000
CVE-2014-0816;0.008020000;0.548720000
CVE-2014-0815;0.010310000;0.622940000
CVE-2014-0814;0.019510000;0.794200000
CVE-2014-0813;0.010710000;0.634730000
CVE-2014-0812;0.011610000;0.658520000
CVE-2014-0811;0.017730000;0.772640000
CVE-2014-0810;0.034980000;0.887320000
CVE-2014-0809;0.015050000;0.733090000
CVE-2014-0808;0.022450000;0.821840000
CVE-2014-0807;0.015690000;0.743510000
CVE-2014-0806;0.010660000;0.633710000
CVE-2014-0805;0.013810000;0.710210000
CVE-2014-0804;0.012490000;0.681680000
CVE-2014-0803;0.012490000;0.681680000
CVE-2014-0802;0.011420000;0.653520000
CVE-2014-0794;0.012580000;0.683840000
CVE-2014-0793;0.017490000;0.769160000
CVE-2014-0792;0.028120000;0.859740000
CVE-2014-0791;0.018340000;0.780420000
CVE-2014-0789;0.024710000;0.838780000
CVE-2014-0787;0.141440000;0.964530000
CVE-2014-0786;0.026500000;0.850400000
CVE-2014-0784;0.359000000;0.984200000
CVE-2014-0783;0.676180000;0.992920000
CVE-2014-0782;0.566880000;0.990340000
CVE-2014-0781;0.253590000;0.978760000
CVE-2014-0780;0.746790000;0.994890000
CVE-2014-0779;0.014870000;0.730060000
CVE-2014-0778;0.013190000;0.696950000
CVE-2014-0777;0.024030000;0.833800000
CVE-2014-0774;0.004670000;0.379510000
CVE-2014-0773;0.025190000;0.842090000
CVE-2014-0772;0.014480000;0.722690000
CVE-2014-0771;0.014090000;0.715500000
CVE-2014-0770;0.026220000;0.848660000
CVE-2014-0769;0.023160000;0.827460000
CVE-2014-0768;0.026720000;0.851860000
CVE-2014-0767;0.026720000;0.851860000
CVE-2014-0766;0.026720000;0.851870000
CVE-2014-0765;0.026720000;0.851870000
CVE-2014-0764;0.026720000;0.851870000
CVE-2014-0763;0.158740000;0.967730000
CVE-2014-0762;0.003410000;0.250300000
CVE-2014-0761;0.020260000;0.802100000
CVE-2014-0760;0.033450000;0.882250000
CVE-2014-0759;0.004460000;0.362750000
CVE-2014-0758;0.018660000;0.784460000
CVE-2014-0757;0.032200000;0.877360000
CVE-2014-0755;0.005630000;0.445880000
CVE-2014-0754;0.089780000;0.950920000
CVE-2014-0753;0.025180000;0.842000000
CVE-2014-0752;0.016280000;0.752040000
CVE-2014-0751;0.027180000;0.854520000
CVE-2014-0750;0.702230000;0.993630000
CVE-2014-0749;0.174610000;0.970320000
CVE-2014-0748;0.003360000;0.244400000
CVE-2014-0747;0.002510000;0.148060000
CVE-2014-0746;0.013180000;0.696620000
CVE-2014-0745;0.008180000;0.554450000
CVE-2014-0743;0.013800000;0.709950000
CVE-2014-0742;0.002460000;0.142810000
CVE-2014-0741;0.002460000;0.142810000
CVE-2014-0740;0.009820000;0.607690000
CVE-2014-0739;0.011530000;0.656560000
CVE-2014-0738;0.010420000;0.626330000
CVE-2014-0737;0.007110000;0.516740000
CVE-2014-0736;0.009740000;0.605290000
CVE-2014-0735;0.017920000;0.775020000
CVE-2014-0734;0.011690000;0.660900000
CVE-2014-0733;0.017950000;0.775380000
CVE-2014-0732;0.018050000;0.776650000
CVE-2014-0731;0.019030000;0.788800000
CVE-2014-0730;0.003320000;0.237950000
CVE-2014-0729;0.012100000;0.672080000
CVE-2014-0728;0.020330000;0.802760000
CVE-2014-0727;0.012230000;0.675620000
CVE-2014-0726;0.012230000;0.675610000
CVE-2014-0725;0.012770000;0.687910000
CVE-2014-0724;0.010310000;0.622830000
CVE-2014-0723;0.011610000;0.658530000
CVE-2014-0722;0.019490000;0.794020000
CVE-2014-0721;0.029120000;0.864640000
CVE-2014-0720;0.011690000;0.660790000
CVE-2014-0719;0.016140000;0.750030000
CVE-2014-0718;0.016610000;0.757120000
CVE-2014-0710;0.008860000;0.576340000
CVE-2014-0709;0.018440000;0.781680000
CVE-2014-0708;0.011960000;0.668310000
CVE-2014-0707;0.013400000;0.701560000
CVE-2014-0706;0.013400000;0.701560000
CVE-2014-0705;0.016890000;0.761230000
CVE-2014-0704;0.011780000;0.663940000
CVE-2014-0703;0.020160000;0.801130000
CVE-2014-0701;0.013400000;0.701570000
CVE-2014-0694;0.011730000;0.662000000
CVE-2014-0691;0.010200000;0.619530000
CVE-2014-0686;0.003070000;0.210420000
CVE-2014-0685;0.012090000;0.671830000
CVE-2014-0684;0.003000000;0.204070000
CVE-2014-0683;0.104300000;0.955850000
CVE-2014-0682;0.019370000;0.792670000
CVE-2014-0681;0.014280000;0.719050000
CVE-2014-0680;0.019510000;0.794200000
CVE-2014-0679;0.020880000;0.808370000
CVE-2014-0678;0.014260000;0.718670000
CVE-2014-0677;0.020790000;0.807340000
CVE-2014-0676;0.003580000;0.270270000
CVE-2014-0675;0.016030000;0.748420000
CVE-2014-0674;0.015960000;0.747460000
CVE-2014-0673;0.022330000;0.820840000
CVE-2014-0672;0.020910000;0.808660000
CVE-2014-0671;0.022710000;0.823700000
CVE-2014-0670;0.022330000;0.820840000
CVE-2014-0669;0.018320000;0.780180000
CVE-2014-0668;0.014880000;0.730140000
CVE-2014-0667;0.014050000;0.714880000
CVE-2014-0666;0.055360000;0.925480000
CVE-2014-0665;0.014360000;0.720600000
CVE-2014-0664;0.028350000;0.860940000
CVE-2014-0663;0.014880000;0.730140000
CVE-2014-0662;0.019490000;0.793990000
CVE-2014-0661;0.023030000;0.826370000
CVE-2014-0660;0.019490000;0.793990000
CVE-2014-0659;0.738250000;0.994630000
CVE-2014-0658;0.026630000;0.851260000
CVE-2014-0657;0.021330000;0.812420000
CVE-2014-0656;0.020170000;0.801210000
CVE-2014-0655;0.015130000;0.734450000
CVE-2014-0654;0.022710000;0.823700000
CVE-2014-0653;0.068930000;0.938460000
CVE-2014-0652;0.022330000;0.820850000
CVE-2014-0651;0.017640000;0.771300000
CVE-2014-0650;0.033960000;0.883930000
CVE-2014-0649;0.026450000;0.850140000
CVE-2014-0648;0.059290000;0.930010000
CVE-2014-0647;0.003800000;0.294110000
CVE-2014-0646;0.003170000;0.220870000
CVE-2014-0645;0.003170000;0.221290000
CVE-2014-0644;0.533420000;0.989530000
CVE-2014-0643;0.023500000;0.830060000
CVE-2014-0642;0.010180000;0.618860000
CVE-2014-0641;0.006430000;0.487500000
CVE-2014-0640;0.011740000;0.662340000
CVE-2014-0639;0.012490000;0.681560000
CVE-2014-0638;0.009860000;0.608670000
CVE-2014-0637;0.009860000;0.608660000
CVE-2014-0636;0.006690000;0.499360000
CVE-2014-0635;0.012310000;0.677330000
CVE-2014-0634;0.009560000;0.598550000
CVE-2014-0633;0.008460000;0.563520000
CVE-2014-0632;0.045030000;0.911650000
CVE-2014-0630;0.009550000;0.598510000
CVE-2014-0629;0.014860000;0.729890000
CVE-2014-0628;0.010750000;0.635920000
CVE-2014-0627;0.015310000;0.737220000
CVE-2014-0626;0.018820000;0.786240000
CVE-2014-0625;0.017680000;0.772000000
CVE-2014-0624;0.005060000;0.407910000
CVE-2014-0623;0.009770000;0.606440000
CVE-2014-0622;0.029920000;0.868180000
CVE-2014-0621;0.010130000;0.617790000
CVE-2014-0620;0.013880000;0.711500000
CVE-2014-0619;0.006420000;0.486860000
CVE-2014-0618;0.035710000;0.889470000
CVE-2014-0617;0.023420000;0.829510000
CVE-2014-0616;0.017770000;0.773220000
CVE-2014-0615;0.003880000;0.302540000
CVE-2014-0614;0.015610000;0.742360000
CVE-2014-0613;0.023170000;0.827510000
CVE-2014-0612;0.015830000;0.745500000
CVE-2014-0611;0.023170000;0.827570000
CVE-2014-0610;0.055340000;0.925440000
CVE-2014-0609;0.021710000;0.815520000
CVE-2014-0607;0.034360000;0.885260000
CVE-2014-0605;0.077350000;0.944230000
CVE-2014-0604;0.063230000;0.933830000
CVE-2014-0603;0.056680000;0.927140000
CVE-2014-0602;0.028530000;0.861820000
CVE-2014-0600;0.030810000;0.871820000
CVE-2014-0599;0.019780000;0.796870000
CVE-2014-0598;0.025070000;0.841170000
CVE-2014-0595;0.003450000;0.254980000
CVE-2014-0594;0.008320000;0.559060000
CVE-2014-0593;0.018690000;0.784810000
CVE-2014-0592;0.015770000;0.744730000
CVE-2014-0591;0.316710000;0.982380000
CVE-2014-0590;0.055190000;0.925240000
CVE-2014-0589;0.087020000;0.949610000
CVE-2014-0588;0.060500000;0.931260000
CVE-2014-0587;0.045280000;0.912020000
CVE-2014-0586;0.054770000;0.924800000
CVE-2014-0585;0.045450000;0.912440000
CVE-2014-0584;0.054770000;0.924790000
CVE-2014-0583;0.065280000;0.935540000
CVE-2014-0582;0.114470000;0.958700000
CVE-2014-0581;0.035990000;0.890460000
CVE-2014-0580;0.058500000;0.929290000
CVE-2014-0578;0.035630000;0.889220000
CVE-2014-0577;0.054770000;0.924790000
CVE-2014-0576;0.035990000;0.890450000
CVE-2014-0574;0.082600000;0.947180000
CVE-2014-0573;0.045800000;0.913040000
CVE-2014-0572;0.014780000;0.728360000
CVE-2014-0571;0.027320000;0.855250000
CVE-2014-0570;0.025220000;0.842260000
CVE-2014-0569;0.913260000;0.998090000
CVE-2014-0568;0.041220000;0.904400000
CVE-2014-0567;0.096550000;0.953340000
CVE-2014-0566;0.063260000;0.933860000
CVE-2014-0565;0.053630000;0.923640000
CVE-2014-0564;0.061920000;0.932600000
CVE-2014-0563;0.030280000;0.869660000
CVE-2014-0562;0.024580000;0.837920000
CVE-2014-0561;0.096550000;0.953340000
CVE-2014-0560;0.066520000;0.936480000
CVE-2014-0559;0.129910000;0.961980000
CVE-2014-0558;0.050730000;0.920280000
CVE-2014-0557;0.050740000;0.920300000
CVE-2014-0556;0.842980000;0.996920000
CVE-2014-0555;0.058030000;0.928690000
CVE-2014-0554;0.069030000;0.938600000
CVE-2014-0553;0.093210000;0.952150000
CVE-2014-0552;0.058030000;0.928690000
CVE-2014-0551;0.058030000;0.928690000
CVE-2014-0550;0.058030000;0.928680000
CVE-2014-0549;0.058030000;0.928690000
CVE-2014-0548;0.048550000;0.917190000
CVE-2014-0547;0.058030000;0.928700000
CVE-2014-0546;0.223300000;0.976140000
CVE-2014-0545;0.039780000;0.901270000
CVE-2014-0544;0.039780000;0.901280000
CVE-2014-0543;0.039780000;0.901270000
CVE-2014-0542;0.039780000;0.901280000
CVE-2014-0541;0.055840000;0.926120000
CVE-2014-0540;0.039780000;0.901270000
CVE-2014-0539;0.043840000;0.909530000
CVE-2014-0538;0.075520000;0.943110000
CVE-2014-0537;0.043840000;0.909530000
CVE-2014-0536;0.109120000;0.957320000
CVE-2014-0535;0.100520000;0.954690000
CVE-2014-0534;0.060900000;0.931700000
CVE-2014-0533;0.037280000;0.894210000
CVE-2014-0532;0.037880000;0.895940000
CVE-2014-0531;0.037280000;0.894210000
CVE-2014-0529;0.061280000;0.932000000
CVE-2014-0528;0.047010000;0.914860000
CVE-2014-0527;0.133640000;0.962870000
CVE-2014-0526;0.053810000;0.923800000
CVE-2014-0525;0.058590000;0.929380000
CVE-2014-0524;0.036010000;0.890510000
CVE-2014-0523;0.040350000;0.902520000
CVE-2014-0522;0.036010000;0.890510000
CVE-2014-0521;0.099120000;0.954260000
CVE-2014-0520;0.044430000;0.910610000
CVE-2014-0519;0.044430000;0.910610000
CVE-2014-0518;0.044430000;0.910610000
CVE-2014-0517;0.044430000;0.910610000
CVE-2014-0516;0.039120000;0.899300000
CVE-2014-0515;0.945690000;0.998530000
CVE-2014-0514;0.721890000;0.994180000
CVE-2014-0513;0.055990000;0.926320000
CVE-2014-0512;0.048450000;0.917020000
CVE-2014-0511;0.092090000;0.951730000
CVE-2014-0510;0.084860000;0.948450000
CVE-2014-0509;0.028080000;0.859570000
CVE-2014-0508;0.047250000;0.915170000
CVE-2014-0507;0.064420000;0.934880000
CVE-2014-0506;0.076100000;0.943470000
CVE-2014-0505;0.047810000;0.916060000
CVE-2014-0504;0.040800000;0.903510000
CVE-2014-0503;0.042930000;0.907770000
CVE-2014-0502;0.248170000;0.978340000
CVE-2014-0501;0.059720000;0.930440000
CVE-2014-0500;0.058940000;0.929680000
CVE-2014-0499;0.037120000;0.893670000
CVE-2014-0498;0.072230000;0.941100000
CVE-2014-0497;0.998830000;0.999640000
CVE-2014-0496;0.399800000;0.985830000
CVE-2014-0495;0.038570000;0.897940000
CVE-2014-0494;0.048270000;0.916690000
CVE-2014-0493;0.050570000;0.920080000
CVE-2014-0492;0.056910000;0.927350000
CVE-2014-0491;0.071170000;0.940320000
CVE-2014-0490;0.036140000;0.890860000
CVE-2014-0489;0.036140000;0.890860000
CVE-2014-0488;0.020840000;0.807880000
CVE-2014-0487;0.018540000;0.783060000
CVE-2014-0486;0.033290000;0.881680000
CVE-2014-0485;0.045700000;0.912860000
CVE-2014-0484;0.003730000;0.286900000
CVE-2014-0483;0.019840000;0.797400000
CVE-2014-0482;0.019610000;0.795070000
CVE-2014-0481;0.024700000;0.838700000
CVE-2014-0480;0.022950000;0.825760000
CVE-2014-0479;0.027350000;0.855410000
CVE-2014-0478;0.015700000;0.743580000
CVE-2014-0477;0.035840000;0.890020000
CVE-2014-0476;0.038280000;0.897120000
CVE-2014-0475;0.026940000;0.853200000
CVE-2014-0474;0.048850000;0.917590000
CVE-2014-0473;0.019900000;0.798110000
CVE-2014-0472;0.056500000;0.926960000
CVE-2014-0471;0.028830000;0.863230000
CVE-2014-0470;0.003730000;0.286900000
CVE-2014-0469;0.034290000;0.885010000
CVE-2014-0468;0.004800000;0.389570000
CVE-2014-0467;0.051550000;0.921370000
CVE-2014-0466;0.023440000;0.829610000
CVE-2014-0465;0.011860000;0.665740000
CVE-2014-0464;0.024720000;0.838860000
CVE-2014-0463;0.024720000;0.838860000
CVE-2014-0462;0.022790000;0.824390000
CVE-2014-0461;0.059850000;0.930560000
CVE-2014-0460;0.043500000;0.908850000
CVE-2014-0459;0.040970000;0.903850000
CVE-2014-0458;0.049760000;0.919010000
CVE-2014-0457;0.066380000;0.936390000
CVE-2014-0456;0.066380000;0.936390000
CVE-2014-0455;0.055070000;0.925140000
CVE-2014-0454;0.045780000;0.912990000
CVE-2014-0453;0.048990000;0.917780000
CVE-2014-0452;0.049760000;0.919010000
CVE-2014-0451;0.049760000;0.919010000
CVE-2014-0450;0.017690000;0.772240000
CVE-2014-0449;0.030950000;0.872300000
CVE-2014-0448;0.050760000;0.920330000
CVE-2014-0447;0.003430000;0.252410000
CVE-2014-0446;0.049760000;0.919020000
CVE-2014-0445;0.013570000;0.705460000
CVE-2014-0444;0.010870000;0.639280000
CVE-2014-0443;0.015320000;0.737400000
CVE-2014-0442;0.003550000;0.266420000
CVE-2014-0441;0.018040000;0.776580000
CVE-2014-0440;0.014170000;0.717010000
CVE-2014-0439;0.012270000;0.676320000
CVE-2014-0438;0.012360000;0.678400000
CVE-2014-0437;0.032120000;0.876930000
CVE-2014-0436;0.013510000;0.704060000
CVE-2014-0435;0.012820000;0.688710000
CVE-2014-0434;0.013570000;0.705440000
CVE-2014-0433;0.025060000;0.841100000
CVE-2014-0432;0.043920000;0.909640000
CVE-2014-0431;0.020350000;0.802880000
CVE-2014-0430;0.021240000;0.811620000
CVE-2014-0429;0.072790000;0.941500000
CVE-2014-0428;0.061260000;0.931980000
CVE-2014-0427;0.020350000;0.802880000
CVE-2014-0426;0.010440000;0.626970000
CVE-2014-0425;0.012360000;0.678390000
CVE-2014-0424;0.043930000;0.909650000
CVE-2014-0423;0.036610000;0.892300000
CVE-2014-0422;0.061260000;0.931980000
CVE-2014-0421;0.003690000;0.282050000
CVE-2014-0420;0.037020000;0.893440000
CVE-2014-0419;0.014980000;0.731810000
CVE-2014-0418;0.062630000;0.933290000
CVE-2014-0417;0.053600000;0.923600000
CVE-2014-0416;0.040560000;0.902980000
CVE-2014-0415;0.062400000;0.933060000
CVE-2014-0414;0.012440000;0.680460000
CVE-2014-0413;0.010440000;0.626980000
CVE-2014-0412;0.033600000;0.882770000
CVE-2014-0411;0.023480000;0.829950000
CVE-2014-0410;0.062400000;0.933060000
CVE-2014-0408;0.043650000;0.909130000
CVE-2014-0407;0.003070000;0.210680000
CVE-2014-0406;0.003040000;0.207990000
CVE-2014-0405;0.003070000;0.210690000
CVE-2014-0404;0.003040000;0.207990000
CVE-2014-0403;0.034820000;0.886830000
CVE-2014-0402;0.033600000;0.882760000
CVE-2014-0401;0.037860000;0.895890000
CVE-2014-0400;0.019200000;0.790740000
CVE-2014-0399;0.011180000;0.647530000
CVE-2014-0398;0.015740000;0.744230000
CVE-2014-0397;0.021990000;0.817960000
CVE-2014-0396;0.020530000;0.804830000
CVE-2014-0395;0.020530000;0.804830000
CVE-2014-0394;0.020530000;0.804830000
CVE-2014-0393;0.030410000;0.870100000
CVE-2014-0392;0.015700000;0.743570000
CVE-2014-0391;0.020530000;0.804830000
CVE-2014-0390;0.023210000;0.827810000
CVE-2014-0389;0.024020000;0.833720000
CVE-2014-0388;0.012360000;0.678400000
CVE-2014-0387;0.054060000;0.924070000
CVE-2014-0386;0.033600000;0.882770000
CVE-2014-0385;0.035590000;0.889080000
CVE-2014-0384;0.032060000;0.876700000
CVE-2014-0383;0.010870000;0.639270000
CVE-2014-0382;0.049240000;0.918160000
CVE-2014-0381;0.013500000;0.703740000
CVE-2014-0380;0.013570000;0.705450000
CVE-2014-0379;0.072420000;0.941220000
CVE-2014-0378;0.003220000;0.227140000
CVE-2014-0377;0.012640000;0.685200000
CVE-2014-0376;0.038260000;0.897050000
CVE-2014-0375;0.034820000;0.886830000
CVE-2014-0374;0.013570000;0.705440000
CVE-2014-0373;0.042870000;0.907680000
CVE-2014-0372;0.087620000;0.949930000
CVE-2014-0371;0.016030000;0.748460000
CVE-2014-0370;0.012600000;0.684180000
CVE-2014-0369;0.023680000;0.831310000
CVE-2014-0368;0.038540000;0.897830000
CVE-2014-0367;0.011090000;0.645390000
CVE-2014-0366;0.012360000;0.678400000
CVE-2014-0364;0.062420000;0.933090000
CVE-2014-0363;0.012300000;0.677060000
CVE-2014-0362;0.011770000;0.663650000
CVE-2014-0361;0.002860000;0.189160000
CVE-2014-0359;0.066740000;0.936650000
CVE-2014-0358;0.061620000;0.932350000
CVE-2014-0357;0.018480000;0.782190000
CVE-2014-0356;0.011460000;0.654520000
CVE-2014-0355;0.006120000;0.471770000
CVE-2014-0354;0.007570000;0.533400000
CVE-2014-0353;0.008640000;0.569680000
CVE-2014-0351;0.005910000;0.460770000
CVE-2014-0350;0.012180000;0.674110000
CVE-2014-0349;0.037990000;0.896270000
CVE-2014-0348;0.008840000;0.575890000
CVE-2014-0347;0.013430000;0.702250000
CVE-2014-0344;0.055790000;0.926030000
CVE-2014-0343;0.006060000;0.468690000
CVE-2014-0342;0.020750000;0.806970000
CVE-2014-0341;0.019090000;0.789510000
CVE-2014-0339;0.015740000;0.744390000
CVE-2014-0338;0.015510000;0.740860000
CVE-2014-0337;0.008210000;0.555630000
CVE-2014-0336;0.007040000;0.513930000
CVE-2014-0335;0.011510000;0.656000000
CVE-2014-0334;0.014460000;0.722280000
CVE-2014-0333;0.033210000;0.881440000
CVE-2014-0332;0.027610000;0.856940000
CVE-2014-0331;0.018800000;0.786080000
CVE-2014-0330;0.022010000;0.818190000
CVE-2014-0329;0.085210000;0.948630000
CVE-2014-0328;0.027620000;0.857020000
CVE-2014-0327;0.036530000;0.892040000
CVE-2014-0326;0.021760000;0.815950000
CVE-2014-0325;0.161140000;0.968140000
CVE-2014-0324;0.204140000;0.974100000
CVE-2014-0323;0.029470000;0.866250000
CVE-2014-0322;0.851220000;0.997090000
CVE-2014-0321;0.127360000;0.961370000
CVE-2014-0319;0.059640000;0.930390000
CVE-2014-0318;0.018210000;0.778800000
CVE-2014-0317;0.102490000;0.955320000
CVE-2014-0316;0.114610000;0.958720000
CVE-2014-0315;0.147360000;0.965630000
CVE-2014-0314;0.204140000;0.974110000
CVE-2014-0313;0.218400000;0.975680000
CVE-2014-0312;0.215730000;0.975470000
CVE-2014-0311;0.127360000;0.961370000
CVE-2014-0310;0.173510000;0.970160000
CVE-2014-0309;0.204140000;0.974100000
CVE-2014-0308;0.136590000;0.963580000
CVE-2014-0307;0.695470000;0.993440000
CVE-2014-0306;0.127360000;0.961360000
CVE-2014-0305;0.134860000;0.963120000
CVE-2014-0304;0.209800000;0.974910000
CVE-2014-0303;0.205010000;0.974320000
CVE-2014-0302;0.205010000;0.974320000
CVE-2014-0301;0.139740000;0.964240000
CVE-2014-0300;0.016370000;0.753640000
CVE-2014-0299;0.205010000;0.974320000
CVE-2014-0298;0.127360000;0.961370000
CVE-2014-0297;0.216640000;0.975550000
CVE-2014-0296;0.057100000;0.927550000
CVE-2014-0295;0.137680000;0.963860000
CVE-2014-0294;0.208950000;0.974830000
CVE-2014-0293;0.175020000;0.970360000
CVE-2014-0290;0.248750000;0.978390000
CVE-2014-0289;0.284840000;0.980690000
CVE-2014-0288;0.254010000;0.978790000
CVE-2014-0287;0.257080000;0.978990000
CVE-2014-0286;0.254010000;0.978790000
CVE-2014-0285;0.247090000;0.978240000
CVE-2014-0284;0.247090000;0.978240000
CVE-2014-0283;0.254010000;0.978780000
CVE-2014-0282;0.509480000;0.988930000
CVE-2014-0281;0.254010000;0.978790000
CVE-2014-0280;0.168940000;0.969520000
CVE-2014-0279;0.228930000;0.976720000
CVE-2014-0278;0.168940000;0.969520000
CVE-2014-0277;0.252440000;0.978700000
CVE-2014-0276;0.228930000;0.976710000
CVE-2014-0275;0.228930000;0.976720000
CVE-2014-0274;0.235410000;0.977270000
CVE-2014-0273;0.228930000;0.976710000
CVE-2014-0272;0.173870000;0.970230000
CVE-2014-0271;0.384340000;0.985240000
CVE-2014-0270;0.252960000;0.978730000
CVE-2014-0269;0.173870000;0.970220000
CVE-2014-0268;0.224520000;0.976250000
CVE-2014-0267;0.173870000;0.970230000
CVE-2014-0266;0.194100000;0.972760000
CVE-2014-0263;0.188850000;0.972020000
CVE-2014-0262;0.021610000;0.814810000
CVE-2014-0261;0.103020000;0.955480000
CVE-2014-0260;0.153570000;0.966670000
CVE-2014-0259;0.164600000;0.968810000
CVE-2014-0258;0.155640000;0.967200000
CVE-2014-0257;0.698010000;0.993510000
CVE-2014-0256;0.417840000;0.986420000
CVE-2014-0255;0.417840000;0.986410000
CVE-2014-0254;0.326850000;0.982910000
CVE-2014-0253;0.386970000;0.985350000
CVE-2014-0251;0.141990000;0.964630000
CVE-2014-0250;0.036700000;0.892520000
CVE-2014-0249;0.003410000;0.249980000
CVE-2014-0248;0.035140000;0.887840000
CVE-2014-0247;0.038900000;0.898750000
CVE-2014-0246;0.013210000;0.697390000
CVE-2014-0245;0.010150000;0.618160000
CVE-2014-0244;0.204810000;0.974280000
CVE-2014-0243;0.005940000;0.462420000
CVE-2014-0242;0.085260000;0.948660000
CVE-2014-0241;0.003080000;0.211240000
CVE-2014-0240;0.004110000;0.327930000
CVE-2014-0239;0.668110000;0.992700000
CVE-2014-0238;0.208050000;0.974720000
CVE-2014-0237;0.198770000;0.973390000
CVE-2014-0236;0.025430000;0.843610000
CVE-2014-0234;0.037890000;0.895950000
CVE-2014-0233;0.017340000;0.767280000
CVE-2014-0232;0.081940000;0.946830000
CVE-2014-0231;0.438090000;0.987040000
CVE-2014-0230;0.201830000;0.973820000
CVE-2014-0229;0.015910000;0.746700000
CVE-2014-0228;0.034980000;0.887320000
CVE-2014-0227;0.210450000;0.975010000
CVE-2014-0226;0.857440000;0.997210000
CVE-2014-0225;0.016960000;0.762190000
CVE-2014-0224;0.953260000;0.998650000
CVE-2014-0223;0.006050000;0.468210000
CVE-2014-0222;0.021160000;0.810830000
CVE-2014-0221;0.878920000;0.997600000
CVE-2014-0220;0.018500000;0.782540000
CVE-2014-0219;0.006970000;0.511050000
CVE-2014-0218;0.018480000;0.782140000
CVE-2014-0217;0.018780000;0.785880000
CVE-2014-0216;0.021180000;0.811030000
CVE-2014-0215;0.017210000;0.765590000
CVE-2014-0214;0.029920000;0.868170000
CVE-2014-0213;0.010060000;0.615360000
CVE-2014-0212;0.034640000;0.886200000
CVE-2014-0211;0.043620000;0.909060000
CVE-2014-0210;0.045430000;0.912290000
CVE-2014-0209;0.004440000;0.360780000
CVE-2014-0208;0.008230000;0.556000000
CVE-2014-0207;0.168530000;0.969480000
CVE-2014-0206;0.004500000;0.366150000
CVE-2014-0205;0.006610000;0.496100000
CVE-2014-0204;0.013970000;0.713280000
CVE-2014-0203;0.005380000;0.430350000
CVE-2014-0202;0.003790000;0.292380000
CVE-2014-0201;0.003790000;0.292380000
CVE-2014-0200;0.003720000;0.285040000
CVE-2014-0199;0.003720000;0.285040000
CVE-2014-0198;0.438280000;0.987040000
CVE-2014-0197;0.006840000;0.506090000
CVE-2014-0196;0.224750000;0.976320000
CVE-2014-0195;0.999770000;0.999790000
CVE-2014-0193;0.043260000;0.908370000
CVE-2014-0192;0.015380000;0.738460000
CVE-2014-0191;0.081370000;0.946520000
CVE-2014-0190;0.039570000;0.900700000
CVE-2014-0189;0.003850000;0.299190000
CVE-2014-0188;0.016670000;0.758070000
CVE-2014-0187;0.029420000;0.866000000
CVE-2014-0186;0.024360000;0.836350000
CVE-2014-0185;0.005050000;0.406780000
CVE-2014-0184;0.004030000;0.318860000
CVE-2014-0183;0.006620000;0.496330000
CVE-2014-0182;0.054120000;0.924130000
CVE-2014-0181;0.005380000;0.430310000
CVE-2014-0180;0.018320000;0.780200000
CVE-2014-0179;0.005600000;0.443410000
CVE-2014-0178;0.044680000;0.911050000
CVE-2014-0177;0.003870000;0.301150000
CVE-2014-0176;0.014290000;0.719370000
CVE-2014-0175;0.020280000;0.802270000
CVE-2014-0174;0.015850000;0.745820000
CVE-2014-0173;0.022630000;0.823100000
CVE-2014-0172;0.040310000;0.902420000
CVE-2014-0171;0.021100000;0.810380000
CVE-2014-0170;0.019640000;0.795410000
CVE-2014-0169;0.007760000;0.540070000
CVE-2014-0168;0.007390000;0.527240000
CVE-2014-0167;0.016470000;0.755080000
CVE-2014-0166;0.089300000;0.950680000
CVE-2014-0165;0.023680000;0.831330000
CVE-2014-0164;0.003830000;0.297230000
CVE-2014-0163;0.019900000;0.798210000
CVE-2014-0162;0.019920000;0.798480000
CVE-2014-0161;0.004160000;0.334000000
CVE-2014-0160;0.999990000;0.999970000
CVE-2014-0159;0.021790000;0.816160000
CVE-2014-0158;0.017650000;0.771510000
CVE-2014-0157;0.012160000;0.673670000
CVE-2014-0156;0.029180000;0.864930000
CVE-2014-0155;0.009840000;0.608260000
CVE-2014-0154;0.017420000;0.768290000
CVE-2014-0153;0.013340000;0.700150000
CVE-2014-0152;0.017570000;0.770430000
CVE-2014-0151;0.006440000;0.487980000
CVE-2014-0150;0.007110000;0.516490000
CVE-2014-0149;0.009940000;0.611360000
CVE-2014-0148;0.003040000;0.207740000
CVE-2014-0147;0.003290000;0.234260000
CVE-2014-0146;0.004060000;0.322260000
CVE-2014-0145;0.005080000;0.410220000
CVE-2014-0144;0.010100000;0.616520000
CVE-2014-0143;0.004020000;0.318840000
CVE-2014-0142;0.003820000;0.295480000
CVE-2014-0141;0.006430000;0.487130000
CVE-2014-0140;0.012400000;0.679390000
CVE-2014-0139;0.048660000;0.917290000
CVE-2014-0138;0.050800000;0.920410000
CVE-2014-0137;0.014300000;0.719550000
CVE-2014-0136;0.015670000;0.743170000
CVE-2014-0135;0.003310000;0.237380000
CVE-2014-0134;0.014880000;0.730190000
CVE-2014-0133;0.092930000;0.952040000
CVE-2014-0132;0.021900000;0.817020000
CVE-2014-0131;0.006750000;0.502430000
CVE-2014-0130;0.537030000;0.989640000
CVE-2014-0129;0.016760000;0.759290000
CVE-2014-0128;0.328620000;0.983020000
CVE-2014-0127;0.015360000;0.738270000
CVE-2014-0126;0.010060000;0.615370000
CVE-2014-0125;0.019270000;0.791380000
CVE-2014-0124;0.016740000;0.759060000
CVE-2014-0123;0.014850000;0.729730000
CVE-2014-0122;0.010260000;0.621490000
CVE-2014-0121;0.038920000;0.898820000
CVE-2014-0120;0.011630000;0.659430000
CVE-2014-0119;0.076160000;0.943520000
CVE-2014-0118;0.371560000;0.984710000
CVE-2014-0117;0.355430000;0.984050000
CVE-2014-0116;0.065690000;0.935910000
CVE-2014-0115;0.052500000;0.922470000
CVE-2014-0114;0.989500000;0.999280000
CVE-2014-0113;0.778300000;0.995570000
CVE-2014-0112;0.979150000;0.999080000
CVE-2014-0111;0.033110000;0.881110000
CVE-2014-0110;0.036440000;0.891750000
CVE-2014-0109;0.036440000;0.891750000
CVE-2014-0107;0.138090000;0.963930000
CVE-2014-0106;0.003380000;0.246050000
CVE-2014-0105;0.011010000;0.643280000
CVE-2014-0104;0.008340000;0.559790000
CVE-2014-0103;0.003830000;0.297000000
CVE-2014-0102;0.005550000;0.440460000
CVE-2014-0101;0.070450000;0.939740000
CVE-2014-0100;0.029850000;0.867840000
CVE-2014-0099;0.088380000;0.950250000
CVE-2014-0098;0.259990000;0.979200000
CVE-2014-0097;0.012090000;0.671860000
CVE-2014-0096;0.069050000;0.938600000
CVE-2014-0095;0.084940000;0.948500000
CVE-2014-0094;0.995660000;0.999450000
CVE-2014-0093;0.020950000;0.809010000
CVE-2014-0092;0.300780000;0.981580000
CVE-2014-0091;0.015510000;0.740890000
CVE-2014-0090;0.013790000;0.709910000
CVE-2014-0089;0.018910000;0.787370000
CVE-2014-0088;0.086630000;0.949420000
CVE-2014-0087;0.018120000;0.777650000
CVE-2014-0086;0.014630000;0.725670000
CVE-2014-0085;0.003670000;0.279420000
CVE-2014-0084;0.003120000;0.215480000
CVE-2014-0083;0.002780000;0.181380000
CVE-2014-0082;0.061930000;0.932610000
CVE-2014-0081;0.040320000;0.902440000
CVE-2014-0080;0.012660000;0.685500000
CVE-2014-0079;0.018060000;0.776820000
CVE-2014-0078;0.010190000;0.619060000
CVE-2014-0077;0.008160000;0.553820000
CVE-2014-0076;0.008450000;0.562870000
CVE-2014-0075;0.200600000;0.973630000
CVE-2014-0074;0.054870000;0.924930000
CVE-2014-0073;0.082820000;0.947300000
CVE-2014-0072;0.077250000;0.944170000
CVE-2014-0071;0.018190000;0.778580000
CVE-2014-0069;0.004140000;0.331050000
CVE-2014-0068;0.002230000;0.116830000
CVE-2014-0067;0.004840000;0.392460000
CVE-2014-0066;0.046820000;0.914570000
CVE-2014-0065;0.050460000;0.919970000
CVE-2014-0064;0.053530000;0.923520000
CVE-2014-0063;0.066660000;0.936590000
CVE-2014-0062;0.030180000;0.869250000
CVE-2014-0061;0.049300000;0.918270000
CVE-2014-0060;0.041240000;0.904480000
CVE-2014-0059;0.003470000;0.256440000
CVE-2014-0058;0.003460000;0.256260000
CVE-2014-0057;0.015870000;0.746130000
CVE-2014-0056;0.014450000;0.722060000
CVE-2014-0055;0.006200000;0.475750000
CVE-2014-0054;0.913540000;0.998100000
CVE-2014-0053;0.019790000;0.796970000
CVE-2014-0050;0.831750000;0.996690000
CVE-2014-0049;0.007750000;0.539830000
CVE-2014-0048;0.065080000;0.935380000
CVE-2014-0047;0.003880000;0.303070000
CVE-2014-0046;0.015030000;0.732820000
CVE-2014-0045;0.040250000;0.902290000
CVE-2014-0044;0.024480000;0.837200000
CVE-2014-0043;0.030120000;0.868990000
CVE-2014-0042;0.014660000;0.726210000
CVE-2014-0041;0.013740000;0.709010000
CVE-2014-0040;0.014660000;0.726220000
CVE-2014-0039;0.006010000;0.466050000
CVE-2014-0038;0.354510000;0.984010000
CVE-2014-0037;0.024150000;0.834760000
CVE-2014-0036;0.019680000;0.795750000
CVE-2014-0035;0.070530000;0.939800000
CVE-2014-0034;0.074050000;0.942270000
CVE-2014-0033;0.098950000;0.954180000
CVE-2014-0032;0.110520000;0.957700000
CVE-2014-0031;0.021510000;0.814020000
CVE-2014-0030;0.168670000;0.969490000
CVE-2014-0029;0.007540000;0.532150000
CVE-2014-0028;0.006230000;0.477650000
CVE-2014-0027;0.003310000;0.237240000
CVE-2014-0026;0.004320000;0.349990000
CVE-2014-0023;0.004040000;0.319990000
CVE-2014-0022;0.024100000;0.834290000
CVE-2014-0021;0.038010000;0.896340000
CVE-2014-0020;0.027470000;0.856120000
CVE-2014-0019;0.004040000;0.320270000
CVE-2014-0018;0.003540000;0.265200000
CVE-2014-0017;0.003560000;0.267450000
CVE-2014-0016;0.021550000;0.814300000
CVE-2014-0015;0.055990000;0.926320000
CVE-2014-0014;0.011960000;0.668250000
CVE-2014-0013;0.006730000;0.501480000
CVE-2014-0012;0.004340000;0.351700000
CVE-2014-0011;0.024940000;0.840310000
CVE-2014-0010;0.010950000;0.641620000
CVE-2014-0009;0.012270000;0.676440000
CVE-2014-0008;0.018230000;0.779110000
CVE-2014-0007;0.090170000;0.951070000
CVE-2014-0006;0.019110000;0.789700000
CVE-2014-0005;0.007990000;0.547610000
CVE-2014-0004;0.004300000;0.346810000
CVE-2014-0003;0.073520000;0.941940000
CVE-2014-0002;0.273890000;0.980000000
CVE-2014-0001;0.063530000;0.934060000
