CVE-2004-2779;0.024600000;0.838030000
CVE-2004-2778;0.003310000;0.236460000
CVE-2004-2777;0.016790000;0.759790000
CVE-2004-2776;0.035630000;0.889220000
CVE-2004-2771;0.068580000;0.938190000
CVE-2004-2769;0.015010000;0.732420000
CVE-2004-2768;0.004110000;0.327400000
CVE-2004-2767;0.014960000;0.731540000
CVE-2004-2766;0.014350000;0.720210000
CVE-2004-2765;0.013100000;0.694960000
CVE-2004-2764;0.023600000;0.830860000
CVE-2004-2763;0.021780000;0.816090000
CVE-2004-2762;0.020220000;0.801670000
CVE-2004-2761;0.099340000;0.954360000
CVE-2004-2760;0.086650000;0.949430000
CVE-2004-2759;0.003000000;0.203620000
CVE-2004-2758;0.042930000;0.907780000
CVE-2004-2757;0.011530000;0.656680000
CVE-2004-2756;0.022050000;0.818510000
CVE-2004-2755;0.019550000;0.794520000
CVE-2004-2754;0.023520000;0.830240000
CVE-2004-2753;0.004880000;0.394980000
CVE-2004-2752;0.010220000;0.620170000
CVE-2004-2751;0.013520000;0.704180000
CVE-2004-2750;0.061720000;0.932460000
CVE-2004-2749;0.022950000;0.825710000
CVE-2004-2748;0.048070000;0.916440000
CVE-2004-2747;0.012400000;0.679280000
CVE-2004-2746;0.029630000;0.866880000
CVE-2004-2745;0.027960000;0.858940000
CVE-2004-2744;0.010760000;0.635970000
CVE-2004-2743;0.014490000;0.722810000
CVE-2004-2742;0.012230000;0.675410000
CVE-2004-2741;0.012630000;0.684800000
CVE-2004-2740;0.014740000;0.727740000
CVE-2004-2739;0.017000000;0.762710000
CVE-2004-2738;0.019200000;0.790720000
CVE-2004-2737;0.010020000;0.613930000
CVE-2004-2736;0.053600000;0.923600000
CVE-2004-2735;0.012630000;0.684880000
CVE-2004-2734;0.039980000;0.901690000
CVE-2004-2733;0.014570000;0.724540000
CVE-2004-2732;0.040100000;0.902000000
CVE-2004-2731;0.005620000;0.445220000
CVE-2004-2730;0.015070000;0.733390000
CVE-2004-2729;0.003570000;0.268370000
CVE-2004-2728;0.013200000;0.696990000
CVE-2004-2727;0.035710000;0.889470000
CVE-2004-2726;0.028180000;0.860110000
CVE-2004-2725;0.017740000;0.772790000
CVE-2004-2724;0.016750000;0.759090000
CVE-2004-2723;0.003090000;0.213110000
CVE-2004-2722;0.003000000;0.203300000
CVE-2004-2721;0.016730000;0.758760000
CVE-2004-2720;0.040880000;0.903680000
CVE-2004-2719;0.069630000;0.939030000
CVE-2004-2718;0.016570000;0.756520000
CVE-2004-2717;0.024030000;0.833790000
CVE-2004-2716;0.011500000;0.655660000
CVE-2004-2715;0.045780000;0.913010000
CVE-2004-2714;0.009620000;0.600940000
CVE-2004-2713;0.003020000;0.205390000
CVE-2004-2712;0.011950000;0.668070000
CVE-2004-2711;0.024130000;0.834600000
CVE-2004-2710;0.028720000;0.862730000
CVE-2004-2709;0.024130000;0.834610000
CVE-2004-2708;0.008910000;0.577810000
CVE-2004-2707;0.013480000;0.703270000
CVE-2004-2706;0.011050000;0.644340000
CVE-2004-2705;0.014420000;0.721560000
CVE-2004-2704;0.047300000;0.915270000
CVE-2004-2703;0.011170000;0.647430000
CVE-2004-2702;0.019260000;0.791310000
CVE-2004-2701;0.015070000;0.733510000
CVE-2004-2700;0.017150000;0.764820000
CVE-2004-2699;0.021700000;0.815470000
CVE-2004-2698;0.004660000;0.378450000
CVE-2004-2697;0.005900000;0.460490000
CVE-2004-2696;0.012860000;0.689660000
CVE-2004-2695;0.019130000;0.789820000
CVE-2004-2694;0.085580000;0.948830000
CVE-2004-2693;0.004570000;0.371000000
CVE-2004-2692;0.045060000;0.911690000
CVE-2004-2691;0.390640000;0.985470000
CVE-2004-2690;0.023950000;0.833200000
CVE-2004-2689;0.021690000;0.815370000
CVE-2004-2688;0.010330000;0.623610000
CVE-2004-2687;0.881950000;0.997650000
CVE-2004-2686;0.011680000;0.660710000
CVE-2004-2685;0.106770000;0.956600000
CVE-2004-2684;0.003020000;0.205350000
CVE-2004-2683;0.003020000;0.205360000
CVE-2004-2682;0.007900000;0.544690000
CVE-2004-2681;0.011680000;0.660580000
CVE-2004-2680;0.042650000;0.907280000
CVE-2004-2679;0.014990000;0.732130000
CVE-2004-2678;0.012600000;0.684070000
CVE-2004-2677;0.064830000;0.935190000
CVE-2004-2676;0.003300000;0.235240000
CVE-2004-2675;0.033320000;0.881780000
CVE-2004-2674;0.017170000;0.765080000
CVE-2004-2673;0.048000000;0.916330000
CVE-2004-2672;0.014160000;0.716950000
CVE-2004-2671;0.016170000;0.750480000
CVE-2004-2670;0.021360000;0.812690000
CVE-2004-2669;0.017100000;0.764170000
CVE-2004-2668;0.010930000;0.640670000
CVE-2004-2667;0.012380000;0.678780000
CVE-2004-2666;0.013160000;0.696200000
CVE-2004-2665;0.005000000;0.403440000
CVE-2004-2664;0.011750000;0.662820000
CVE-2004-2663;0.019840000;0.797490000
CVE-2004-2662;0.018130000;0.777840000
CVE-2004-2661;0.011970000;0.668620000
CVE-2004-2660;0.003890000;0.303470000
CVE-2004-2659;0.010990000;0.642720000
CVE-2004-2658;0.002930000;0.196120000
CVE-2004-2657;0.002680000;0.170080000
CVE-2004-2656;0.014100000;0.715640000
CVE-2004-2655;0.023480000;0.829930000
CVE-2004-2654;0.020400000;0.803440000
CVE-2004-2653;0.011160000;0.647000000
CVE-2004-2652;0.111940000;0.958140000
CVE-2004-2651;0.014770000;0.728250000
CVE-2004-2650;0.005610000;0.444210000
CVE-2004-2649;0.025250000;0.842460000
CVE-2004-2648;0.003790000;0.292570000
CVE-2004-2647;0.036180000;0.891020000
CVE-2004-2646;0.036180000;0.891020000
CVE-2004-2645;0.019240000;0.791100000
CVE-2004-2644;0.019240000;0.791100000
CVE-2004-2643;0.070470000;0.939760000
CVE-2004-2642;0.015360000;0.738140000
CVE-2004-2641;0.017520000;0.769620000
CVE-2004-2640;0.081160000;0.946400000
CVE-2004-2639;0.015490000;0.740420000
CVE-2004-2638;0.015490000;0.740420000
CVE-2004-2637;0.017000000;0.762720000
CVE-2004-2636;0.028700000;0.862650000
CVE-2004-2635;0.019220000;0.790960000
CVE-2004-2634;0.003120000;0.215660000
CVE-2004-2633;0.012450000;0.680700000
CVE-2004-2632;0.037640000;0.895240000
CVE-2004-2631;0.093530000;0.952250000
CVE-2004-2630;0.029260000;0.865340000
CVE-2004-2629;0.022800000;0.824530000
CVE-2004-2628;0.036230000;0.891140000
CVE-2004-2627;0.062710000;0.933360000
CVE-2004-2626;0.034200000;0.884640000
CVE-2004-2625;0.025890000;0.846570000
CVE-2004-2624;0.011770000;0.663490000
CVE-2004-2623;0.018740000;0.785430000
CVE-2004-2622;0.026030000;0.847570000
CVE-2004-2621;0.007460000;0.529790000
CVE-2004-2620;0.008720000;0.572180000
CVE-2004-2619;0.015440000;0.739550000
CVE-2004-2618;0.021930000;0.817270000
CVE-2004-2617;0.038280000;0.897110000
CVE-2004-2616;0.012300000;0.677260000
CVE-2004-2615;0.003310000;0.237390000
CVE-2004-2614;0.068470000;0.938120000
CVE-2004-2613;0.024530000;0.837550000
CVE-2004-2612;0.015490000;0.740390000
CVE-2004-2611;0.003490000;0.258880000
CVE-2004-2610;0.004410000;0.358440000
CVE-2004-2609;0.003770000;0.290470000
CVE-2004-2608;0.015480000;0.740150000
CVE-2004-2607;0.004600000;0.373180000
CVE-2004-2606;0.025680000;0.845230000
CVE-2004-2605;0.003480000;0.258250000
CVE-2004-2604;0.019380000;0.792790000
CVE-2004-2603;0.013820000;0.710500000
CVE-2004-2602;0.019310000;0.791900000
CVE-2004-2601;0.014530000;0.723600000
CVE-2004-2600;0.026330000;0.849440000
CVE-2004-2599;0.003920000;0.307040000
CVE-2004-2598;0.013870000;0.711270000
CVE-2004-2597;0.016450000;0.754830000
CVE-2004-2596;0.018570000;0.783470000
CVE-2004-2595;0.028300000;0.860720000
CVE-2004-2594;0.018010000;0.776140000
CVE-2004-2593;0.037810000;0.895720000
CVE-2004-2592;0.037190000;0.893940000
CVE-2004-2591;0.003600000;0.271830000
CVE-2004-2590;0.019240000;0.791100000
CVE-2004-2589;0.015400000;0.738910000
CVE-2004-2588;0.030830000;0.871890000
CVE-2004-2587;0.018870000;0.786810000
CVE-2004-2586;0.019320000;0.792030000
CVE-2004-2585;0.014270000;0.718980000
CVE-2004-2584;0.010890000;0.639630000
CVE-2004-2583;0.018450000;0.781710000
CVE-2004-2582;0.017050000;0.763490000
CVE-2004-2581;0.015410000;0.739000000
CVE-2004-2580;0.013140000;0.695610000
CVE-2004-2579;0.021300000;0.812170000
CVE-2004-2578;0.014250000;0.718470000
CVE-2004-2577;0.014090000;0.715550000
CVE-2004-2576;0.015310000;0.737300000
CVE-2004-2575;0.015480000;0.740170000
CVE-2004-2574;0.035810000;0.889920000
CVE-2004-2573;0.026430000;0.850030000
CVE-2004-2572;0.017040000;0.763340000
CVE-2004-2571;0.032680000;0.879390000
CVE-2004-2570;0.029890000;0.868020000
CVE-2004-2569;0.004740000;0.385070000
CVE-2004-2568;0.011770000;0.663450000
CVE-2004-2567;0.012110000;0.672440000
CVE-2004-2566;0.017360000;0.767520000
CVE-2004-2565;0.093670000;0.952310000
CVE-2004-2564;0.047330000;0.915330000
CVE-2004-2563;0.022200000;0.819760000
CVE-2004-2562;0.013530000;0.704450000
CVE-2004-2561;0.011620000;0.659020000
CVE-2004-2560;0.027590000;0.856780000
CVE-2004-2559;0.015900000;0.746510000
CVE-2004-2558;0.015490000;0.740430000
CVE-2004-2557;0.030210000;0.869380000
CVE-2004-2556;0.029870000;0.867920000
CVE-2004-2555;0.008330000;0.559390000
CVE-2004-2554;0.004070000;0.323690000
CVE-2004-2553;0.017630000;0.771150000
CVE-2004-2552;0.006290000;0.480010000
CVE-2004-2551;0.022900000;0.825280000
CVE-2004-2550;0.012080000;0.671600000
CVE-2004-2549;0.104650000;0.955970000
CVE-2004-2548;0.020400000;0.803430000
CVE-2004-2547;0.030940000;0.872280000
CVE-2004-2546;0.029130000;0.864710000
CVE-2004-2545;0.015740000;0.744320000
CVE-2004-2544;0.002190000;0.110620000
CVE-2004-2543;0.018510000;0.782680000
CVE-2004-2542;0.013460000;0.702990000
CVE-2004-2541;0.017330000;0.767070000
CVE-2004-2540;0.024920000;0.840210000
CVE-2004-2539;0.018450000;0.781710000
CVE-2004-2538;0.022910000;0.825440000
CVE-2004-2537;0.017030000;0.763100000
CVE-2004-2536;0.023380000;0.829140000
CVE-2004-2535;0.008370000;0.560540000
CVE-2004-2534;0.041390000;0.904860000
CVE-2004-2533;0.030470000;0.870320000
CVE-2004-2532;0.152510000;0.966510000
CVE-2004-2531;0.016850000;0.760650000
CVE-2004-2530;0.020370000;0.803080000
CVE-2004-2529;0.015570000;0.741720000
CVE-2004-2528;0.038790000;0.898500000
CVE-2004-2527;0.017320000;0.766930000
CVE-2004-2526;0.092510000;0.951900000
CVE-2004-2525;0.013300000;0.699380000
CVE-2004-2524;0.017230000;0.765860000
CVE-2004-2523;0.054020000;0.924020000
CVE-2004-2522;0.040050000;0.901860000
CVE-2004-2521;0.017520000;0.769640000
CVE-2004-2520;0.032720000;0.879550000
CVE-2004-2519;0.080330000;0.945880000
CVE-2004-2518;0.044550000;0.910830000
CVE-2004-2517;0.036050000;0.890620000
CVE-2004-2516;0.083750000;0.947840000
CVE-2004-2515;0.005460000;0.435280000
CVE-2004-2514;0.019110000;0.789670000
CVE-2004-2513;0.097810000;0.953790000
CVE-2004-2512;0.045920000;0.913220000
CVE-2004-2511;0.053240000;0.923210000
CVE-2004-2510;0.039220000;0.899720000
CVE-2004-2509;0.022330000;0.820790000
CVE-2004-2508;0.017360000;0.767480000
CVE-2004-2507;0.077390000;0.944250000
CVE-2004-2506;0.013880000;0.711660000
CVE-2004-2505;0.032010000;0.876470000
CVE-2004-2504;0.004840000;0.392110000
CVE-2004-2503;0.018680000;0.784770000
CVE-2004-2502;0.008880000;0.576760000
CVE-2004-2501;0.140610000;0.964390000
CVE-2004-2500;0.017480000;0.769000000
CVE-2004-2499;0.018450000;0.781730000
CVE-2004-2498;0.013880000;0.711610000
CVE-2004-2497;0.011770000;0.663610000
CVE-2004-2496;0.091520000;0.951570000
CVE-2004-2495;0.020300000;0.802490000
CVE-2004-2494;0.019110000;0.789670000
CVE-2004-2493;0.013120000;0.695300000
CVE-2004-2492;0.012080000;0.671580000
CVE-2004-2491;0.063170000;0.933800000
CVE-2004-2490;0.004730000;0.384500000
CVE-2004-2489;0.004300000;0.346920000
CVE-2004-2488;0.015460000;0.739870000
CVE-2004-2487;0.029690000;0.867110000
CVE-2004-2486;0.030280000;0.869690000
CVE-2004-2485;0.014870000;0.730020000
CVE-2004-2484;0.013700000;0.707920000
CVE-2004-2483;0.017050000;0.763400000
CVE-2004-2482;0.127610000;0.961420000
CVE-2004-2481;0.021100000;0.810400000
CVE-2004-2480;0.030280000;0.869700000
CVE-2004-2479;0.020810000;0.807560000
CVE-2004-2478;0.024230000;0.835320000
CVE-2004-2477;0.004390000;0.356030000
CVE-2004-2476;0.090690000;0.951240000
CVE-2004-2475;0.032130000;0.877030000
CVE-2004-2474;0.012110000;0.672430000
CVE-2004-2473;0.003540000;0.265480000
CVE-2004-2472;0.017520000;0.769650000
CVE-2004-2471;0.012430000;0.680280000
CVE-2004-2470;0.017030000;0.763100000
CVE-2004-2469;0.011570000;0.657420000
CVE-2004-2468;0.012710000;0.686530000
CVE-2004-2467;0.028060000;0.859460000
CVE-2004-2466;0.746960000;0.994890000
CVE-2004-2465;0.009920000;0.610630000
CVE-2004-2464;0.035100000;0.887690000
CVE-2004-2463;0.041880000;0.905810000
CVE-2004-2462;0.003900000;0.304960000
CVE-2004-2461;0.025320000;0.842940000
CVE-2004-2460;0.016340000;0.753110000
CVE-2004-2459;0.005880000;0.459160000
CVE-2004-2458;0.013510000;0.703890000
CVE-2004-2457;0.015740000;0.744330000
CVE-2004-2456;0.026500000;0.850350000
CVE-2004-2455;0.017050000;0.763400000
CVE-2004-2454;0.004420000;0.358820000
CVE-2004-2453;0.017030000;0.763080000
CVE-2004-2452;0.015280000;0.736830000
CVE-2004-2451;0.023040000;0.826490000
CVE-2004-2450;0.015480000;0.740140000
CVE-2004-2449;0.056840000;0.927280000
CVE-2004-2448;0.013880000;0.711690000
CVE-2004-2447;0.026680000;0.851600000
CVE-2004-2446;0.020260000;0.802100000
CVE-2004-2445;0.084320000;0.948140000
CVE-2004-2444;0.042030000;0.906090000
CVE-2004-2443;0.088480000;0.950290000
CVE-2004-2442;0.106390000;0.956490000
CVE-2004-2441;0.017030000;0.763090000
CVE-2004-2440;0.003450000;0.253650000
CVE-2004-2439;0.022050000;0.818490000
CVE-2004-2438;0.011770000;0.663560000
CVE-2004-2437;0.012110000;0.672520000
CVE-2004-2436;0.004720000;0.383050000
CVE-2004-2435;0.011770000;0.663450000
CVE-2004-2434;0.327610000;0.982950000
CVE-2004-2433;0.042350000;0.906740000
CVE-2004-2432;0.024920000;0.840170000
CVE-2004-2431;0.025230000;0.842310000
CVE-2004-2430;0.003990000;0.314770000
CVE-2004-2429;0.046230000;0.913740000
CVE-2004-2428;0.015310000;0.737310000
CVE-2004-2427;0.053710000;0.923720000
CVE-2004-2426;0.041870000;0.905780000
CVE-2004-2425;0.135300000;0.963230000
CVE-2004-2424;0.017520000;0.769660000
CVE-2004-2423;0.048890000;0.917680000
CVE-2004-2422;0.070920000;0.940110000
CVE-2004-2421;0.019010000;0.788600000
CVE-2004-2420;0.017520000;0.769650000
CVE-2004-2419;0.003360000;0.243720000
CVE-2004-2418;0.014140000;0.716550000
CVE-2004-2417;0.026880000;0.852820000
CVE-2004-2416;0.605870000;0.991190000
CVE-2004-2415;0.015490000;0.740580000
CVE-2004-2414;0.004010000;0.316910000
CVE-2004-2413;0.012150000;0.673490000
CVE-2004-2412;0.012110000;0.672410000
CVE-2004-2411;0.021930000;0.817280000
CVE-2004-2410;0.003570000;0.269180000
CVE-2004-2409;0.005310000;0.425920000
CVE-2004-2408;0.003690000;0.281840000
CVE-2004-2407;0.014600000;0.725090000
CVE-2004-2406;0.014120000;0.715980000
CVE-2004-2405;0.017160000;0.764980000
CVE-2004-2403;0.027980000;0.859050000
CVE-2004-2402;0.012550000;0.683090000
CVE-2004-2401;0.035320000;0.888320000
CVE-2004-2400;0.003360000;0.243700000
CVE-2004-2399;0.012270000;0.676350000
CVE-2004-2398;0.003410000;0.249910000
CVE-2004-2397;0.008630000;0.569230000
CVE-2004-2396;0.004180000;0.335990000
CVE-2004-2395;0.003430000;0.252060000
CVE-2004-2394;0.003600000;0.272190000
CVE-2004-2393;0.020570000;0.805140000
CVE-2004-2392;0.015420000;0.739200000
CVE-2004-2391;0.015910000;0.746750000
CVE-2004-2390;0.013630000;0.706580000
CVE-2004-2389;0.017520000;0.769650000
CVE-2004-2388;0.021450000;0.813420000
CVE-2004-2387;0.036950000;0.893210000
CVE-2004-2386;0.032070000;0.876770000
CVE-2004-2385;0.066830000;0.936710000
CVE-2004-2384;0.026180000;0.848420000
CVE-2004-2383;0.199670000;0.973520000
CVE-2004-2382;0.015910000;0.746800000
CVE-2004-2381;0.018010000;0.776100000
CVE-2004-2380;0.018450000;0.781760000
CVE-2004-2379;0.014270000;0.718970000
CVE-2004-2378;0.018680000;0.784760000
CVE-2004-2377;0.017520000;0.769640000
CVE-2004-2376;0.037660000;0.895310000
CVE-2004-2375;0.058640000;0.929460000
CVE-2004-2374;0.028390000;0.861180000
CVE-2004-2373;0.027210000;0.854630000
CVE-2004-2372;0.007050000;0.514330000
CVE-2004-2371;0.033420000;0.882160000
CVE-2004-2370;0.036850000;0.892910000
CVE-2004-2369;0.016340000;0.753190000
CVE-2004-2368;0.027590000;0.856850000
CVE-2004-2367;0.031040000;0.872610000
CVE-2004-2366;0.038130000;0.896740000
CVE-2004-2365;0.016610000;0.757120000
CVE-2004-2364;0.107080000;0.956710000
CVE-2004-2363;0.018490000;0.782370000
CVE-2004-2362;0.017230000;0.765860000
CVE-2004-2361;0.021540000;0.814210000
CVE-2004-2360;0.033620000;0.882800000
CVE-2004-2359;0.055850000;0.926120000
CVE-2004-2358;0.012560000;0.683210000
CVE-2004-2357;0.013720000;0.708280000
CVE-2004-2356;0.026180000;0.848420000
CVE-2004-2355;0.019740000;0.796320000
CVE-2004-2354;0.014900000;0.730570000
CVE-2004-2353;0.013880000;0.711640000
CVE-2004-2352;0.012550000;0.683000000
CVE-2004-2351;0.012550000;0.683010000
CVE-2004-2350;0.012150000;0.673490000
CVE-2004-2349;0.012110000;0.672420000
CVE-2004-2348;0.015910000;0.746820000
CVE-2004-2347;0.098740000;0.954130000
CVE-2004-2346;0.009380000;0.593030000
CVE-2004-2345;0.014410000;0.721350000
CVE-2004-2344;0.030270000;0.869640000
CVE-2004-2343;0.006040000;0.467780000
CVE-2004-2342;0.018680000;0.784760000
CVE-2004-2341;0.028180000;0.860100000
CVE-2004-2340;0.013300000;0.699330000
CVE-2004-2339;0.014330000;0.719940000
CVE-2004-2338;0.014850000;0.729740000
CVE-2004-2337;0.003360000;0.243700000
CVE-2004-2336;0.021560000;0.814390000
CVE-2004-2335;0.003590000;0.270940000
CVE-2004-2334;0.047750000;0.915980000
CVE-2004-2333;0.013880000;0.711590000
CVE-2004-2332;0.012080000;0.671560000
CVE-2004-2331;0.006730000;0.501340000
CVE-2004-2330;0.015910000;0.746810000
CVE-2004-2329;0.005560000;0.441170000
CVE-2004-2328;0.015910000;0.746810000
CVE-2004-2327;0.016790000;0.759640000
CVE-2004-2326;0.013610000;0.706190000
CVE-2004-2325;0.011770000;0.663390000
CVE-2004-2324;0.012110000;0.672480000
CVE-2004-2323;0.013880000;0.711630000
CVE-2004-2322;0.015130000;0.734410000
CVE-2004-2321;0.002100000;0.101410000
CVE-2004-2320;0.025820000;0.846140000
CVE-2004-2319;0.004790000;0.388780000
CVE-2004-2318;0.018890000;0.787120000
CVE-2004-2317;0.011810000;0.664610000
CVE-2004-2316;0.016980000;0.762390000
CVE-2004-2315;0.016980000;0.762390000
CVE-2004-2314;0.024270000;0.835670000
CVE-2004-2313;0.014110000;0.715840000
CVE-2004-2312;0.010580000;0.630900000
CVE-2004-2311;0.010920000;0.640350000
CVE-2004-2310;0.036130000;0.890830000
CVE-2004-2309;0.011350000;0.651600000
CVE-2004-2308;0.017170000;0.765100000
CVE-2004-2307;0.145380000;0.965260000
CVE-2004-2306;0.003490000;0.258880000
CVE-2004-2305;0.027090000;0.854000000
CVE-2004-2304;0.038040000;0.896430000
CVE-2004-2303;0.006310000;0.481230000
CVE-2004-2302;0.003410000;0.250310000
CVE-2004-2301;0.017670000;0.771840000
CVE-2004-2300;0.006480000;0.489670000
CVE-2004-2299;0.102300000;0.955250000
CVE-2004-2298;0.015080000;0.733760000
CVE-2004-2297;0.036340000;0.891440000
CVE-2004-2296;0.017080000;0.763870000
CVE-2004-2295;0.012800000;0.688260000
CVE-2004-2294;0.017360000;0.767530000
CVE-2004-2293;0.019730000;0.796280000
CVE-2004-2292;0.121870000;0.960260000
CVE-2004-2291;0.108770000;0.957170000
CVE-2004-2290;0.027730000;0.857830000
CVE-2004-2289;0.233310000;0.977100000
CVE-2004-2288;0.013850000;0.710920000
CVE-2004-2287;0.027220000;0.854700000
CVE-2004-2286;0.079970000;0.945680000
CVE-2004-2284;0.034040000;0.884220000
CVE-2004-2283;0.014350000;0.720360000
CVE-2004-2282;0.014350000;0.720360000
CVE-2004-2281;0.022350000;0.820980000
CVE-2004-2280;0.086980000;0.949610000
CVE-2004-2279;0.009520000;0.597630000
CVE-2004-2278;0.011100000;0.645460000
CVE-2004-2277;0.057450000;0.927990000
CVE-2004-2276;0.003970000;0.313240000
CVE-2004-2275;0.128050000;0.961550000
CVE-2004-2274;0.013070000;0.694320000
CVE-2004-2273;0.012270000;0.676330000
CVE-2004-2272;0.017870000;0.774330000
CVE-2004-2271;0.719080000;0.994110000
CVE-2004-2270;0.004150000;0.331960000
CVE-2004-2269;0.006450000;0.488600000
CVE-2004-2268;0.021000000;0.809560000
CVE-2004-2267;0.012960000;0.691890000
CVE-2004-2266;0.013330000;0.700040000
CVE-2004-2265;0.003660000;0.279050000
CVE-2004-2264;0.020310000;0.802540000
CVE-2004-2263;0.013530000;0.704440000
CVE-2004-2262;0.149110000;0.965910000
CVE-2004-2261;0.011770000;0.663620000
CVE-2004-2260;0.027590000;0.856830000
CVE-2004-2259;0.020720000;0.806780000
CVE-2004-2258;0.003330000;0.239910000
CVE-2004-2257;0.022510000;0.822210000
CVE-2004-2256;0.020380000;0.803200000
CVE-2004-2255;0.019830000;0.797380000
CVE-2004-2254;0.083880000;0.947920000
CVE-2004-2253;0.070980000;0.940140000
CVE-2004-2252;0.041910000;0.905860000
CVE-2004-2251;0.021000000;0.809560000
CVE-2004-2250;0.014290000;0.719280000
CVE-2004-2249;0.014290000;0.719280000
CVE-2004-2248;0.017030000;0.763100000
CVE-2004-2247;0.013750000;0.709100000
CVE-2004-2246;0.026900000;0.852920000
CVE-2004-2245;0.020380000;0.803170000
CVE-2004-2244;0.026280000;0.849070000
CVE-2004-2243;0.015320000;0.737470000
CVE-2004-2242;0.035790000;0.889890000
CVE-2004-2241;0.012550000;0.683020000
CVE-2004-2240;0.015650000;0.742920000
CVE-2004-2239;0.027870000;0.858490000
CVE-2004-2238;0.013010000;0.693150000
CVE-2004-2237;0.016910000;0.761520000
CVE-2004-2236;0.014120000;0.715980000
CVE-2004-2235;0.014120000;0.715980000
CVE-2004-2234;0.011330000;0.651100000
CVE-2004-2233;0.017480000;0.769000000
CVE-2004-2232;0.013690000;0.707620000
CVE-2004-2231;0.003040000;0.207590000
CVE-2004-2230;0.003520000;0.263440000
CVE-2004-2229;0.012540000;0.682730000
CVE-2004-2228;0.004050000;0.321620000
CVE-2004-2227;0.018050000;0.776680000
CVE-2004-2226;0.012100000;0.671970000
CVE-2004-2225;0.018050000;0.776680000
CVE-2004-2224;0.016970000;0.762270000
CVE-2004-2223;0.015910000;0.746740000
CVE-2004-2222;0.018080000;0.777000000
CVE-2004-2221;0.347630000;0.983760000
CVE-2004-2220;0.015160000;0.735020000
CVE-2004-2219;0.081350000;0.946520000
CVE-2004-2218;0.024440000;0.836880000
CVE-2004-2217;0.015910000;0.746820000
CVE-2004-2216;0.016370000;0.753580000
CVE-2004-2215;0.003400000;0.249050000
CVE-2004-2214;0.026960000;0.853300000
CVE-2004-2213;0.013880000;0.711610000
CVE-2004-2212;0.014650000;0.725980000
CVE-2004-2211;0.013820000;0.710470000
CVE-2004-2210;0.012830000;0.689040000
CVE-2004-2209;0.011980000;0.668750000
CVE-2004-2208;0.013360000;0.700770000
CVE-2004-2207;0.011640000;0.659650000
CVE-2004-2206;0.013330000;0.700050000
CVE-2004-2205;0.003460000;0.256240000
CVE-2004-2204;0.003460000;0.256240000
CVE-2004-2203;0.015490000;0.740410000
CVE-2004-2202;0.014520000;0.723560000
CVE-2004-2201;0.012900000;0.690570000
CVE-2004-2200;0.019380000;0.792790000
CVE-2004-2199;0.019170000;0.790360000
CVE-2004-2198;0.060770000;0.931540000
CVE-2004-2197;0.003460000;0.256240000
CVE-2004-2196;0.023130000;0.827230000
CVE-2004-2195;0.017250000;0.766030000
CVE-2004-2194;0.020630000;0.805830000
CVE-2004-2193;0.014440000;0.721830000
CVE-2004-2192;0.014650000;0.725970000
CVE-2004-2191;0.013980000;0.713350000
CVE-2004-2190;0.014440000;0.721850000
CVE-2004-2189;0.011110000;0.645830000
CVE-2004-2188;0.011640000;0.659730000
CVE-2004-2187;0.008950000;0.578980000
CVE-2004-2186;0.011410000;0.653120000
CVE-2004-2185;0.020390000;0.803320000
CVE-2004-2184;0.080970000;0.946280000
CVE-2004-2183;0.018280000;0.779740000
CVE-2004-2182;0.012440000;0.680420000
CVE-2004-2181;0.011490000;0.655560000
CVE-2004-2180;0.009920000;0.610650000
CVE-2004-2179;0.120340000;0.959990000
CVE-2004-2178;0.011980000;0.668770000
CVE-2004-2177;0.011640000;0.659680000
CVE-2004-2176;0.028480000;0.861650000
CVE-2004-2175;0.012390000;0.679220000
CVE-2004-2174;0.018020000;0.776280000
CVE-2004-2173;0.019610000;0.795090000
CVE-2004-2172;0.067650000;0.937500000
CVE-2004-2171;0.036200000;0.891060000
CVE-2004-2170;0.035100000;0.887690000
CVE-2004-2169;0.005360000;0.428970000
CVE-2004-2168;0.016970000;0.762310000
CVE-2004-2167;0.143050000;0.964860000
CVE-2004-2166;0.016400000;0.754070000
CVE-2004-2165;0.028760000;0.862920000
CVE-2004-2164;0.017520000;0.769660000
CVE-2004-2163;0.016990000;0.762480000
CVE-2004-2162;0.040870000;0.903650000
CVE-2004-2161;0.034930000;0.887190000
CVE-2004-2160;0.016950000;0.762100000
CVE-2004-2159;0.019620000;0.795280000
CVE-2004-2158;0.041060000;0.904090000
CVE-2004-2157;0.020030000;0.799650000
CVE-2004-2156;0.018740000;0.785420000
CVE-2004-2155;0.016350000;0.753410000
CVE-2004-2154;0.020720000;0.806730000
CVE-2004-2153;0.017030000;0.763110000
CVE-2004-2152;0.012080000;0.671570000
CVE-2004-2151;0.035200000;0.887980000
CVE-2004-2150;0.024490000;0.837250000
CVE-2004-2149;0.055660000;0.925860000
CVE-2004-2148;0.003680000;0.280580000
CVE-2004-2147;0.014390000;0.720920000
CVE-2004-2146;0.012520000;0.682320000
CVE-2004-2145;0.013160000;0.696210000
CVE-2004-2144;0.027610000;0.856920000
CVE-2004-2143;0.017480000;0.768960000
CVE-2004-2142;0.016910000;0.761510000
CVE-2004-2140;0.010410000;0.625830000
CVE-2004-2139;0.020910000;0.808620000
CVE-2004-2138;0.014730000;0.727580000
CVE-2004-2137;0.261420000;0.979280000
CVE-2004-2136;0.005170000;0.416530000
CVE-2004-2135;0.012160000;0.673680000
CVE-2004-2134;0.015750000;0.744500000
CVE-2004-2133;0.006070000;0.469180000
CVE-2004-2132;0.080270000;0.945840000
CVE-2004-2131;0.014250000;0.718430000
CVE-2004-2130;0.065380000;0.935650000
CVE-2004-2129;0.034100000;0.884410000
CVE-2004-2128;0.023470000;0.829800000
CVE-2004-2127;0.036240000;0.891140000
CVE-2004-2126;0.004330000;0.350700000
CVE-2004-2125;0.004200000;0.337640000
CVE-2004-2124;0.073530000;0.941950000
CVE-2004-2123;0.009380000;0.593020000
CVE-2004-2122;0.011640000;0.659710000
CVE-2004-2121;0.030510000;0.870590000
CVE-2004-2120;0.030600000;0.870950000
CVE-2004-2119;0.019290000;0.791680000
CVE-2004-2118;0.018870000;0.786800000
CVE-2004-2117;0.079680000;0.945530000
CVE-2004-2116;0.086650000;0.949440000
CVE-2004-2115;0.583520000;0.990700000
CVE-2004-2114;0.075820000;0.943280000
CVE-2004-2113;0.019290000;0.791650000
CVE-2004-2112;0.035940000;0.890300000
CVE-2004-2111;0.868670000;0.997410000
CVE-2004-2110;0.011410000;0.653130000
CVE-2004-2109;0.021850000;0.816650000
CVE-2004-2108;0.031970000;0.876280000
CVE-2004-2107;0.077370000;0.944240000
CVE-2004-2106;0.023430000;0.829590000
CVE-2004-2105;0.018940000;0.787720000
CVE-2004-2104;0.119430000;0.959800000
CVE-2004-2103;0.020910000;0.808630000
CVE-2004-2102;0.013570000;0.705460000
CVE-2004-2101;0.018780000;0.785870000
CVE-2004-2100;0.014460000;0.722330000
CVE-2004-2099;0.042810000;0.907580000
CVE-2004-2098;0.011640000;0.659690000
CVE-2004-2097;0.003890000;0.303450000
CVE-2004-2096;0.018100000;0.777250000
CVE-2004-2095;0.016580000;0.756590000
CVE-2004-2094;0.017330000;0.767110000
CVE-2004-2093;0.009980000;0.612520000
CVE-2004-2092;0.004660000;0.377830000
CVE-2004-2091;0.032180000;0.877310000
CVE-2004-2090;0.160180000;0.968000000
CVE-2004-2089;0.018430000;0.781570000
CVE-2004-2088;0.067080000;0.936920000
CVE-2004-2087;0.017500000;0.769300000
CVE-2004-2086;0.754790000;0.995030000
CVE-2004-2085;0.019530000;0.794420000
CVE-2004-2084;0.013980000;0.713360000
CVE-2004-2083;0.025550000;0.844380000
CVE-2004-2082;0.070000000;0.939400000
CVE-2004-2081;0.051390000;0.921110000
CVE-2004-2080;0.017360000;0.767420000
CVE-2004-2079;0.020990000;0.809420000
CVE-2004-2078;0.049250000;0.918180000
CVE-2004-2077;0.035240000;0.888090000
CVE-2004-2076;0.017170000;0.765100000
CVE-2004-2075;0.017520000;0.769660000
CVE-2004-2074;0.357800000;0.984160000
CVE-2004-2073;0.030630000;0.871020000
CVE-2004-2072;0.041780000;0.905570000
CVE-2004-2071;0.035010000;0.887450000
CVE-2004-2070;0.004540000;0.369160000
CVE-2004-2069;0.033660000;0.882970000
CVE-2004-2068;0.016340000;0.753140000
CVE-2004-2067;0.027950000;0.858860000
CVE-2004-2066;0.013990000;0.713760000
CVE-2004-2065;0.018970000;0.788090000
CVE-2004-2064;0.018750000;0.785490000
CVE-2004-2063;0.036130000;0.890830000
CVE-2004-2062;0.024170000;0.834950000
CVE-2004-2061;0.057030000;0.927460000
CVE-2004-2060;0.079440000;0.945420000
CVE-2004-2059;0.088160000;0.950130000
CVE-2004-2058;0.017930000;0.775110000
CVE-2004-2057;0.015410000;0.739010000
CVE-2004-2056;0.012300000;0.677090000
CVE-2004-2055;0.012550000;0.683060000
CVE-2004-2054;0.022230000;0.820010000
CVE-2004-2053;0.028070000;0.859510000
CVE-2004-2052;0.011160000;0.647010000
CVE-2004-2051;0.014080000;0.715280000
CVE-2004-2050;0.004440000;0.361260000
CVE-2004-2049;0.003550000;0.267050000
CVE-2004-2048;0.030790000;0.871690000
CVE-2004-2047;0.082460000;0.947090000
CVE-2004-2046;0.026090000;0.847940000
CVE-2004-2045;0.030600000;0.870950000
CVE-2004-2044;0.110470000;0.957690000
CVE-2004-2043;0.118730000;0.959620000
CVE-2004-2042;0.019100000;0.789540000
CVE-2004-2041;0.021110000;0.810460000
CVE-2004-2040;0.051400000;0.921130000
CVE-2004-2039;0.017800000;0.773480000
CVE-2004-2038;0.025390000;0.843410000
CVE-2004-2037;0.069230000;0.938770000
CVE-2004-2036;0.027050000;0.853800000
CVE-2004-2035;0.038400000;0.897460000
CVE-2004-2034;0.044750000;0.911130000
CVE-2004-2033;0.039500000;0.900490000
CVE-2004-2032;0.026780000;0.852280000
CVE-2004-2031;0.012550000;0.683090000
CVE-2004-2030;0.020800000;0.807460000
CVE-2004-2029;0.038400000;0.897470000
CVE-2004-2028;0.035120000;0.887780000
CVE-2004-2027;0.020850000;0.808000000
CVE-2004-2026;0.066400000;0.936400000
CVE-2004-2025;0.011110000;0.645810000
CVE-2004-2024;0.011030000;0.643780000
CVE-2004-2023;0.018120000;0.777660000
CVE-2004-2022;0.017380000;0.767760000
CVE-2004-2021;0.037970000;0.896200000
CVE-2004-2020;0.014270000;0.718990000
CVE-2004-2019;0.017080000;0.763870000
CVE-2004-2018;0.037810000;0.895710000
CVE-2004-2017;0.027530000;0.856480000
CVE-2004-2016;0.031700000;0.875240000
CVE-2004-2015;0.011770000;0.663630000
CVE-2004-2014;0.009590000;0.599690000
CVE-2004-2013;0.006170000;0.474340000
CVE-2004-2012;0.008540000;0.566430000
CVE-2004-2011;0.074070000;0.942280000
CVE-2004-2010;0.025690000;0.845300000
CVE-2004-2009;0.013730000;0.708620000
CVE-2004-2008;0.017100000;0.764120000
CVE-2004-2007;0.017520000;0.769750000
CVE-2004-2006;0.005020000;0.405020000
CVE-2004-2005;0.034900000;0.887120000
CVE-2004-2004;0.036130000;0.890810000
CVE-2004-2003;0.065510000;0.935770000
CVE-2004-2002;0.015740000;0.744330000
CVE-2004-2001;0.003240000;0.229740000
CVE-2004-2000;0.018680000;0.784750000
CVE-2004-1999;0.012550000;0.683100000
CVE-2004-1998;0.014410000;0.721370000
CVE-2004-1997;0.004500000;0.365340000
CVE-2004-1996;0.017330000;0.767090000
CVE-2004-1995;0.018280000;0.779710000
CVE-2004-1994;0.015910000;0.746730000
CVE-2004-1993;0.047300000;0.915280000
CVE-2004-1992;0.111800000;0.958110000
CVE-2004-1991;0.029340000;0.865680000
CVE-2004-1990;0.025380000;0.843370000
CVE-2004-1989;0.093310000;0.952180000
CVE-2004-1988;0.093310000;0.952180000
CVE-2004-1987;0.101960000;0.955160000
CVE-2004-1986;0.106320000;0.956470000
CVE-2004-1985;0.039150000;0.899380000
CVE-2004-1984;0.025520000;0.844170000
CVE-2004-1983;0.009310000;0.590580000
CVE-2004-1982;0.014570000;0.724410000
CVE-2004-1981;0.015740000;0.744260000
CVE-2004-1980;0.016850000;0.760710000
CVE-2004-1979;0.011770000;0.663560000
CVE-2004-1978;0.019920000;0.798420000
CVE-2004-1977;0.026090000;0.847940000
CVE-2004-1976;0.015490000;0.740440000
CVE-2004-1975;0.017030000;0.763170000
CVE-2004-1974;0.011810000;0.664540000
CVE-2004-1973;0.038400000;0.897470000
CVE-2004-1972;0.020670000;0.806290000
CVE-2004-1971;0.011810000;0.664540000
CVE-2004-1970;0.014560000;0.724180000
CVE-2004-1969;0.015490000;0.740410000
CVE-2004-1968;0.029400000;0.865870000
CVE-2004-1967;0.016350000;0.753350000
CVE-2004-1966;0.013370000;0.700870000
CVE-2004-1965;0.090010000;0.951000000
CVE-2004-1964;0.011770000;0.663510000
CVE-2004-1963;0.015480000;0.740200000
CVE-2004-1962;0.011990000;0.669110000
CVE-2004-1961;0.013610000;0.706260000
CVE-2004-1960;0.017440000;0.768500000
CVE-2004-1959;0.015670000;0.743250000
CVE-2004-1958;0.024380000;0.836470000
CVE-2004-1957;0.045900000;0.913190000
CVE-2004-1956;0.015480000;0.740190000
CVE-2004-1955;0.012800000;0.688260000
CVE-2004-1954;0.019110000;0.789640000
CVE-2004-1953;0.033020000;0.880770000
CVE-2004-1952;0.012290000;0.676940000
CVE-2004-1951;0.080980000;0.946290000
CVE-2004-1950;0.014570000;0.724400000
CVE-2004-1949;0.019610000;0.795090000
CVE-2004-1948;0.004610000;0.374670000
CVE-2004-1947;0.068380000;0.938040000
CVE-2004-1946;0.005770000;0.453300000
CVE-2004-1945;0.065480000;0.935750000
CVE-2004-1944;0.018910000;0.787430000
CVE-2004-1943;0.025620000;0.844850000
CVE-2004-1942;0.014430000;0.721670000
CVE-2004-1941;0.019510000;0.794170000
CVE-2004-1940;0.041480000;0.904980000
CVE-2004-1939;0.017390000;0.767880000
CVE-2004-1938;0.012300000;0.677280000
CVE-2004-1937;0.081160000;0.946400000
CVE-2004-1936;0.016260000;0.751820000
CVE-2004-1935;0.018100000;0.777240000
CVE-2004-1934;0.083060000;0.947430000
CVE-2004-1933;0.003530000;0.263980000
CVE-2004-1932;0.020670000;0.806290000
CVE-2004-1930;0.017360000;0.767510000
CVE-2004-1929;0.067310000;0.937220000
CVE-2004-1928;0.031120000;0.872920000
CVE-2004-1927;0.037110000;0.893660000
CVE-2004-1926;0.074660000;0.942600000
CVE-2004-1925;0.012120000;0.672710000
CVE-2004-1924;0.018020000;0.776240000
CVE-2004-1923;0.033260000;0.881580000
CVE-2004-1922;0.067880000;0.937670000
CVE-2004-1921;0.017460000;0.768780000
CVE-2004-1920;0.024100000;0.834330000
CVE-2004-1919;0.031340000;0.873830000
CVE-2004-1918;0.016340000;0.753150000
CVE-2004-1917;0.040600000;0.903030000
CVE-2004-1916;0.042400000;0.906820000
CVE-2004-1915;0.086790000;0.949520000
CVE-2004-1914;0.017460000;0.768790000
CVE-2004-1913;0.017330000;0.767090000
CVE-2004-1912;0.035140000;0.887830000
CVE-2004-1911;0.019460000;0.793690000
CVE-2004-1910;0.037650000;0.895270000
CVE-2004-1909;0.014060000;0.714940000
CVE-2004-1908;0.033940000;0.883820000
CVE-2004-1907;0.066730000;0.936640000
CVE-2004-1906;0.043640000;0.909120000
CVE-2004-1905;0.016890000;0.761270000
CVE-2004-1904;0.049210000;0.918110000
CVE-2004-1903;0.075820000;0.943280000
CVE-2004-1902;0.003560000;0.267570000
CVE-2004-1901;0.003660000;0.278220000
CVE-2004-1900;0.038210000;0.896930000
CVE-2004-1899;0.016870000;0.761030000
CVE-2004-1898;0.165670000;0.969070000
CVE-2004-1897;0.086710000;0.949470000
CVE-2004-1896;0.051470000;0.921260000
CVE-2004-1895;0.003480000;0.258250000
CVE-2004-1894;0.004350000;0.352360000
CVE-2004-1893;0.024290000;0.835840000
CVE-2004-1892;0.100210000;0.954610000
CVE-2004-1891;0.008810000;0.575040000
CVE-2004-1890;0.015740000;0.744310000
CVE-2004-1889;0.023810000;0.832180000
CVE-2004-1888;0.092540000;0.951910000
CVE-2004-1887;0.038210000;0.896930000
CVE-2004-1885;0.035170000;0.887900000
CVE-2004-1884;0.058050000;0.928730000
CVE-2004-1883;0.051750000;0.921570000
CVE-2004-1882;0.040310000;0.902410000
CVE-2004-1881;0.030670000;0.871210000
CVE-2004-1880;0.018060000;0.776780000
CVE-2004-1879;0.011950000;0.668070000
CVE-2004-1878;0.032100000;0.876870000
CVE-2004-1877;0.030020000;0.868600000
CVE-2004-1876;0.005850000;0.457500000
CVE-2004-1875;0.045600000;0.912710000
CVE-2004-1874;0.012550000;0.683000000
CVE-2004-1873;0.024320000;0.836080000
CVE-2004-1872;0.018100000;0.777240000
CVE-2004-1871;0.019760000;0.796560000
CVE-2004-1870;0.011600000;0.658130000
CVE-2004-1869;0.016890000;0.761270000
CVE-2004-1868;0.067080000;0.936910000
CVE-2004-1867;0.017330000;0.767090000
CVE-2004-1866;0.032360000;0.877930000
CVE-2004-1865;0.009600000;0.599830000
CVE-2004-1864;0.021840000;0.816610000
CVE-2004-1863;0.021030000;0.809740000
CVE-2004-1862;0.025120000;0.841470000
CVE-2004-1861;0.008060000;0.550490000
CVE-2004-1860;0.032570000;0.878980000
CVE-2004-1859;0.083750000;0.947840000
CVE-2004-1858;0.012270000;0.676340000
CVE-2004-1857;0.868330000;0.997400000
CVE-2004-1856;0.295310000;0.981290000
CVE-2004-1855;0.026120000;0.848050000
CVE-2004-1854;0.069230000;0.938770000
CVE-2004-1853;0.021720000;0.815560000
CVE-2004-1852;0.008390000;0.561240000
CVE-2004-1851;0.011270000;0.649830000
CVE-2004-1850;0.016990000;0.762600000
CVE-2004-1849;0.013820000;0.710490000
CVE-2004-1848;0.080850000;0.946190000
CVE-2004-1847;0.029160000;0.864880000
CVE-2004-1846;0.016650000;0.757750000
CVE-2004-1845;0.021620000;0.814850000
CVE-2004-1844;0.017680000;0.771990000
CVE-2004-1843;0.012390000;0.679230000
CVE-2004-1842;0.016860000;0.760860000
CVE-2004-1841;0.013160000;0.696250000
CVE-2004-1840;0.012420000;0.679830000
CVE-2004-1839;0.011810000;0.664590000
CVE-2004-1838;0.037410000;0.894610000
CVE-2004-1837;0.012080000;0.671540000
CVE-2004-1836;0.044450000;0.910650000
CVE-2004-1835;0.049300000;0.918260000
CVE-2004-1834;0.035000000;0.887390000
CVE-2004-1833;0.021500000;0.813850000
CVE-2004-1832;0.017530000;0.769850000
CVE-2004-1831;0.026590000;0.851020000
CVE-2004-1830;0.027910000;0.858650000
CVE-2004-1829;0.019290000;0.791670000
CVE-2004-1828;0.024100000;0.834350000
CVE-2004-1827;0.020570000;0.805130000
CVE-2004-1826;0.012290000;0.676950000
CVE-2004-1825;0.019740000;0.796310000
CVE-2004-1824;0.025740000;0.845590000
CVE-2004-1823;0.022330000;0.820790000
CVE-2004-1822;0.025190000;0.842100000
CVE-2004-1821;0.011710000;0.661430000
CVE-2004-1820;0.029810000;0.867660000
CVE-2004-1819;0.015480000;0.740180000
CVE-2004-1818;0.019810000;0.797140000
CVE-2004-1817;0.017360000;0.767530000
CVE-2004-1816;0.026320000;0.849390000
CVE-2004-1815;0.015910000;0.746780000
CVE-2004-1814;0.018150000;0.778120000
CVE-2004-1813;0.032730000;0.879560000
CVE-2004-1812;0.452380000;0.987470000
CVE-2004-1811;0.023490000;0.829970000
CVE-2004-1810;0.031700000;0.875250000
CVE-2004-1809;0.014060000;0.715030000
CVE-2004-1808;0.003290000;0.234910000
CVE-2004-1807;0.013700000;0.707910000
CVE-2004-1806;0.021420000;0.813210000
CVE-2004-1805;0.064490000;0.934920000
CVE-2004-1804;0.015740000;0.744290000
CVE-2004-1802;0.014500000;0.723050000
CVE-2004-1801;0.031500000;0.874450000
CVE-2004-1800;0.015490000;0.740380000
CVE-2004-1799;0.014570000;0.724510000
CVE-2004-1798;0.021890000;0.816990000
CVE-2004-1797;0.039220000;0.899720000
CVE-2004-1796;0.093250000;0.952160000
CVE-2004-1795;0.003180000;0.222630000
CVE-2004-1794;0.011770000;0.663390000
CVE-2004-1793;0.058270000;0.929000000
CVE-2004-1792;0.035200000;0.887980000
CVE-2004-1791;0.017080000;0.763900000
CVE-2004-1790;0.019110000;0.789670000
CVE-2004-1789;0.112450000;0.958250000
CVE-2004-1788;0.027090000;0.853950000
CVE-2004-1787;0.013330000;0.700050000
CVE-2004-1786;0.028390000;0.861180000
CVE-2004-1785;0.014220000;0.717860000
CVE-2004-1784;0.065480000;0.935750000
CVE-2004-1783;0.027730000;0.857830000
CVE-2004-1782;0.285960000;0.980770000
CVE-2004-1781;0.006890000;0.507930000
CVE-2004-1780;0.003980000;0.313390000
CVE-2004-1779;0.013380000;0.701330000
CVE-2004-1778;0.003890000;0.303480000
CVE-2004-1777;0.017160000;0.765030000
CVE-2004-1776;0.031080000;0.872730000
CVE-2004-1775;0.017050000;0.763420000
CVE-2004-1774;0.026720000;0.851850000
CVE-2004-1773;0.029920000;0.868130000
CVE-2004-1772;0.006490000;0.490210000
CVE-2004-1771;0.014150000;0.716790000
CVE-2004-1770;0.102220000;0.955220000
CVE-2004-1769;0.348330000;0.983810000
CVE-2004-1768;0.021110000;0.810490000
CVE-2004-1767;0.004330000;0.350980000
CVE-2004-1766;0.016590000;0.756810000
CVE-2004-1765;0.046700000;0.914420000
CVE-2004-1764;0.006260000;0.478870000
CVE-2004-1763;0.081170000;0.946410000
CVE-2004-1762;0.025170000;0.841950000
CVE-2004-1761;0.026740000;0.852070000
CVE-2004-1760;0.038010000;0.896340000
CVE-2004-1759;0.024330000;0.836150000
CVE-2004-1758;0.003620000;0.274650000
CVE-2004-1757;0.004220000;0.339630000
CVE-2004-1756;0.012410000;0.679640000
CVE-2004-1755;0.014730000;0.727600000
CVE-2004-1754;0.025010000;0.840770000
CVE-2004-1753;0.015960000;0.747480000
CVE-2004-1752;0.067080000;0.936910000
CVE-2004-1751;0.030770000;0.871590000
CVE-2004-1750;0.016970000;0.762270000
CVE-2004-1749;0.015910000;0.746800000
CVE-2004-1748;0.008480000;0.564070000
CVE-2004-1747;0.011640000;0.659730000
CVE-2004-1746;0.035960000;0.890380000
CVE-2004-1745;0.057680000;0.928240000
CVE-2004-1744;0.037260000;0.894150000
CVE-2004-1743;0.017060000;0.763600000
CVE-2004-1742;0.071760000;0.940820000
CVE-2004-1741;0.069940000;0.939350000
CVE-2004-1740;0.015660000;0.742940000
CVE-2004-1739;0.032400000;0.878060000
CVE-2004-1738;0.012080000;0.671590000
CVE-2004-1737;0.028270000;0.860530000
CVE-2004-1736;0.015410000;0.739040000
CVE-2004-1735;0.021110000;0.810490000
CVE-2004-1734;0.016780000;0.759540000
CVE-2004-1733;0.016980000;0.762450000
CVE-2004-1732;0.013450000;0.702770000
CVE-2004-1731;0.032010000;0.876470000
CVE-2004-1730;0.014440000;0.721830000
CVE-2004-1729;0.012550000;0.683060000
CVE-2004-1728;0.055220000;0.925280000
CVE-2004-1727;0.030640000;0.871080000
CVE-2004-1726;0.038090000;0.896550000
CVE-2004-1725;0.038090000;0.896560000
CVE-2004-1724;0.069340000;0.938830000
CVE-2004-1723;0.012120000;0.672840000
CVE-2004-1722;0.027360000;0.855480000
CVE-2004-1721;0.023510000;0.830180000
CVE-2004-1720;0.078880000;0.945160000
CVE-2004-1719;0.050130000;0.919480000
CVE-2004-1718;0.004310000;0.348130000
CVE-2004-1717;0.053780000;0.923790000
CVE-2004-1716;0.023500000;0.830070000
CVE-2004-1715;0.020440000;0.803860000
CVE-2004-1714;0.008510000;0.565350000
CVE-2004-1713;0.004850000;0.392810000
CVE-2004-1712;0.009380000;0.593020000
CVE-2004-1711;0.012700000;0.686210000
CVE-2004-1710;0.020570000;0.805160000
CVE-2004-1709;0.003120000;0.216260000
CVE-2004-1708;0.015740000;0.744320000
CVE-2004-1707;0.025720000;0.845510000
CVE-2004-1706;0.034170000;0.884590000
CVE-2004-1705;0.049180000;0.918080000
CVE-2004-1704;0.015320000;0.737430000
CVE-2004-1703;0.019640000;0.795350000
CVE-2004-1702;0.024080000;0.834160000
CVE-2004-1701;0.195080000;0.972900000
CVE-2004-1700;0.012560000;0.683220000
CVE-2004-1699;0.080970000;0.946290000
CVE-2004-1698;0.034710000;0.886470000
CVE-2004-1697;0.015490000;0.740390000
CVE-2004-1696;0.076340000;0.943630000
CVE-2004-1695;0.100650000;0.954740000
CVE-2004-1694;0.018360000;0.780710000
CVE-2004-1693;0.029810000;0.867660000
CVE-2004-1692;0.017930000;0.775120000
CVE-2004-1691;0.035780000;0.889850000
CVE-2004-1690;0.013820000;0.710480000
CVE-2004-1689;0.011650000;0.659950000
CVE-2004-1688;0.035770000;0.889800000
CVE-2004-1687;0.024370000;0.836380000
CVE-2004-1686;0.102660000;0.955360000
CVE-2004-1685;0.018370000;0.780810000
CVE-2004-1684;0.013880000;0.711630000
CVE-2004-1683;0.002940000;0.196740000
CVE-2004-1682;0.024700000;0.838740000
CVE-2004-1681;0.010550000;0.630070000
CVE-2004-1680;0.018750000;0.785460000
CVE-2004-1679;0.017450000;0.768590000
CVE-2004-1678;0.071760000;0.940820000
CVE-2004-1677;0.015480000;0.740330000
CVE-2004-1676;0.032530000;0.878830000
CVE-2004-1675;0.123520000;0.960630000
CVE-2004-1674;0.015490000;0.740380000
CVE-2004-1673;0.017460000;0.768770000
CVE-2004-1672;0.017460000;0.768780000
CVE-2004-1671;0.015660000;0.742960000
CVE-2004-1670;0.018300000;0.779970000
CVE-2004-1669;0.011770000;0.663340000
CVE-2004-1668;0.013470000;0.703110000
CVE-2004-1667;0.018920000;0.787470000
CVE-2004-1666;0.098980000;0.954190000
CVE-2004-1665;0.036050000;0.890610000
CVE-2004-1664;0.075500000;0.943080000
CVE-2004-1663;0.041680000;0.905360000
CVE-2004-1662;0.015500000;0.740640000
CVE-2004-1661;0.028920000;0.863710000
CVE-2004-1660;0.016780000;0.759460000
CVE-2004-1659;0.035890000;0.890160000
CVE-2004-1658;0.009240000;0.588330000
CVE-2004-1657;0.017930000;0.775120000
CVE-2004-1656;0.022800000;0.824520000
CVE-2004-1655;0.021930000;0.817270000
CVE-2004-1654;0.013330000;0.700060000
CVE-2004-1653;0.115740000;0.958950000
CVE-2004-1652;0.011030000;0.643780000
CVE-2004-1651;0.013380000;0.701310000
CVE-2004-1650;0.032230000;0.877510000
CVE-2004-1649;0.024180000;0.835040000
CVE-2004-1648;0.012570000;0.683540000
CVE-2004-1647;0.012400000;0.679410000
CVE-2004-1646;0.071410000;0.940540000
CVE-2004-1645;0.036450000;0.891780000
CVE-2004-1644;0.015910000;0.746750000
CVE-2004-1643;0.075020000;0.942810000
CVE-2004-1642;0.031170000;0.873130000
CVE-2004-1641;0.082400000;0.947060000
CVE-2004-1640;0.021430000;0.813270000
CVE-2004-1639;0.017350000;0.767330000
CVE-2004-1638;0.627560000;0.991710000
CVE-2004-1637;0.015320000;0.737470000
CVE-2004-1636;0.083020000;0.947400000
CVE-2004-1635;0.014250000;0.718500000
CVE-2004-1634;0.012100000;0.671970000
CVE-2004-1633;0.011640000;0.659640000
CVE-2004-1632;0.012700000;0.686210000
CVE-2004-1631;0.013880000;0.711620000
CVE-2004-1630;0.012700000;0.686220000
CVE-2004-1629;0.011980000;0.668730000
CVE-2004-1628;0.047020000;0.914890000
CVE-2004-1627;0.145400000;0.965270000
CVE-2004-1626;0.673870000;0.992850000
CVE-2004-1625;0.015740000;0.744270000
CVE-2004-1624;0.003400000;0.249090000
CVE-2004-1623;0.185620000;0.971630000
CVE-2004-1622;0.023910000;0.832930000
CVE-2004-1621;0.030830000;0.871880000
CVE-2004-1620;0.081390000;0.946530000
CVE-2004-1619;0.049500000;0.918590000
CVE-2004-1618;0.016990000;0.762580000
CVE-2004-1617;0.037520000;0.894890000
CVE-2004-1616;0.018680000;0.784770000
CVE-2004-1615;0.027470000;0.856090000
CVE-2004-1614;0.015020000;0.732700000
CVE-2004-1613;0.016530000;0.755820000
CVE-2004-1612;0.032660000;0.879330000
CVE-2004-1611;0.015810000;0.745240000
CVE-2004-1610;0.022460000;0.821880000
CVE-2004-1609;0.017820000;0.773710000
CVE-2004-1608;0.015310000;0.737360000
CVE-2004-1607;0.017820000;0.773710000
CVE-2004-1606;0.020420000;0.803720000
CVE-2004-1605;0.021180000;0.811070000
CVE-2004-1604;0.010530000;0.629390000
CVE-2004-1603;0.016380000;0.753710000
CVE-2004-1602;0.306790000;0.981900000
CVE-2004-1601;0.027020000;0.853610000
CVE-2004-1600;0.015480000;0.740160000
CVE-2004-1599;0.012550000;0.683080000
CVE-2004-1598;0.028120000;0.859770000
CVE-2004-1597;0.019970000;0.798880000
CVE-2004-1596;0.026110000;0.848030000
CVE-2004-1595;0.593200000;0.990910000
CVE-2004-1594;0.012700000;0.686200000
CVE-2004-1593;0.012550000;0.683040000
CVE-2004-1592;0.030530000;0.870680000
CVE-2004-1591;0.013170000;0.696570000
CVE-2004-1590;0.013360000;0.700750000
CVE-2004-1589;0.012550000;0.683050000
CVE-2004-1588;0.013300000;0.699340000
CVE-2004-1587;0.051990000;0.921870000
CVE-2004-1586;0.007750000;0.539770000
CVE-2004-1585;0.030640000;0.871090000
CVE-2004-1584;0.112260000;0.958220000
CVE-2004-1583;0.015980000;0.747720000
CVE-2004-1582;0.016650000;0.757670000
CVE-2004-1581;0.011810000;0.664550000
CVE-2004-1580;0.024440000;0.836890000
CVE-2004-1579;0.011810000;0.664560000
CVE-2004-1578;0.011300000;0.650550000
CVE-2004-1577;0.011810000;0.664570000
CVE-2004-1576;0.015740000;0.744280000
CVE-2004-1575;0.061920000;0.932600000
CVE-2004-1574;0.045980000;0.913320000
CVE-2004-1573;0.004640000;0.376800000
CVE-2004-1572;0.021560000;0.814390000
CVE-2004-1571;0.015500000;0.740660000
CVE-2004-1570;0.012110000;0.672450000
CVE-2004-1569;0.047360000;0.915410000
CVE-2004-1568;0.024600000;0.838050000
CVE-2004-1567;0.067650000;0.937500000
CVE-2004-1566;0.012550000;0.683030000
CVE-2004-1565;0.021160000;0.810820000
CVE-2004-1564;0.060530000;0.931290000
CVE-2004-1563;0.020100000;0.800600000
CVE-2004-1562;0.013530000;0.704440000
CVE-2004-1561;0.779280000;0.995590000
CVE-2004-1560;0.256400000;0.978940000
CVE-2004-1559;0.064650000;0.935040000
CVE-2004-1558;0.711070000;0.993900000
CVE-2004-1557;0.015060000;0.733360000
CVE-2004-1556;0.015910000;0.746770000
CVE-2004-1555;0.018840000;0.786500000
CVE-2004-1554;0.073450000;0.941880000
CVE-2004-1553;0.023810000;0.832210000
CVE-2004-1552;0.040770000;0.903420000
CVE-2004-1551;0.026320000;0.849370000
CVE-2004-1550;0.186140000;0.971690000
CVE-2004-1549;0.015690000;0.743400000
CVE-2004-1548;0.018030000;0.776360000
CVE-2004-1547;0.020540000;0.804910000
CVE-2004-1546;0.310790000;0.982100000
CVE-2004-1545;0.026500000;0.850350000
CVE-2004-1544;0.012700000;0.686220000
CVE-2004-1543;0.071060000;0.940230000
CVE-2004-1542;0.034510000;0.885800000
CVE-2004-1541;0.020800000;0.807440000
CVE-2004-1540;0.065660000;0.935890000
CVE-2004-1539;0.033760000;0.883230000
CVE-2004-1538;0.013300000;0.699320000
CVE-2004-1537;0.017520000;0.769780000
CVE-2004-1536;0.024170000;0.834950000
CVE-2004-1535;0.063270000;0.933860000
CVE-2004-1534;0.018370000;0.780780000
CVE-2004-1533;0.075410000;0.943030000
CVE-2004-1532;0.015320000;0.737460000
CVE-2004-1531;0.013410000;0.701930000
CVE-2004-1530;0.013240000;0.698010000
CVE-2004-1529;0.013760000;0.709290000
CVE-2004-1528;0.015410000;0.739030000
CVE-2004-1527;0.013510000;0.703860000
CVE-2004-1526;0.011030000;0.643780000
CVE-2004-1525;0.015910000;0.746790000
CVE-2004-1524;0.016970000;0.762310000
CVE-2004-1523;0.016970000;0.762290000
CVE-2004-1522;0.016970000;0.762280000
CVE-2004-1521;0.017240000;0.765980000
CVE-2004-1520;0.885090000;0.997700000
CVE-2004-1519;0.012330000;0.677900000
CVE-2004-1518;0.023140000;0.827280000
CVE-2004-1517;0.015850000;0.745910000
CVE-2004-1516;0.016040000;0.748580000
CVE-2004-1515;0.010130000;0.617710000
CVE-2004-1514;0.018090000;0.777170000
CVE-2004-1513;0.016560000;0.756320000
CVE-2004-1512;0.014440000;0.721830000
CVE-2004-1511;0.023200000;0.827730000
CVE-2004-1510;0.027220000;0.854750000
CVE-2004-1509;0.015820000;0.745460000
CVE-2004-1508;0.016250000;0.751730000
CVE-2004-1507;0.014730000;0.727480000
CVE-2004-1506;0.012830000;0.689060000
CVE-2004-1505;0.019960000;0.798840000
CVE-2004-1504;0.015500000;0.740640000
CVE-2004-1503;0.024280000;0.835770000
CVE-2004-1502;0.012590000;0.684000000
CVE-2004-1501;0.012590000;0.684000000
CVE-2004-1500;0.018820000;0.786290000
CVE-2004-1499;0.018100000;0.777240000
CVE-2004-1498;0.012110000;0.672460000
CVE-2004-1497;0.003140000;0.218330000
CVE-2004-1496;0.014660000;0.726270000
CVE-2004-1495;0.013470000;0.703150000
CVE-2004-1494;0.037420000;0.894660000
CVE-2004-1493;0.034510000;0.885800000
CVE-2004-1492;0.016890000;0.761270000
CVE-2004-1491;0.125590000;0.961010000
CVE-2004-1490;0.024510000;0.837430000
CVE-2004-1489;0.020140000;0.800910000
CVE-2004-1488;0.119190000;0.959740000
CVE-2004-1487;0.016570000;0.756420000
CVE-2004-1486;0.036520000;0.892010000
CVE-2004-1485;0.024500000;0.837370000
CVE-2004-1484;0.072930000;0.941550000
CVE-2004-1483;0.023730000;0.831640000
CVE-2004-1482;0.018950000;0.787870000
CVE-2004-1481;0.042780000;0.907530000
CVE-2004-1480;0.026200000;0.848550000
CVE-2004-1478;0.034050000;0.884270000
CVE-2004-1477;0.026140000;0.848190000
CVE-2004-1476;0.022960000;0.825800000
CVE-2004-1475;0.083740000;0.947840000
CVE-2004-1474;0.032260000;0.877600000
CVE-2004-1473;0.039450000;0.900370000
CVE-2004-1472;0.037220000;0.894050000
CVE-2004-1471;0.077220000;0.944160000
CVE-2004-1470;0.024370000;0.836390000
CVE-2004-1469;0.006200000;0.476210000
CVE-2004-1468;0.036080000;0.890710000
CVE-2004-1467;0.036200000;0.891060000
CVE-2004-1466;0.052330000;0.922290000
CVE-2004-1465;0.011380000;0.652650000
CVE-2004-1464;0.048400000;0.916920000
CVE-2004-1463;0.022830000;0.824690000
CVE-2004-1462;0.015960000;0.747370000
CVE-2004-1461;0.016790000;0.759670000
CVE-2004-1460;0.015720000;0.744020000
CVE-2004-1459;0.017570000;0.770420000
CVE-2004-1458;0.017980000;0.775780000
CVE-2004-1457;0.020620000;0.805740000
CVE-2004-1456;0.139910000;0.964280000
CVE-2004-1455;0.042410000;0.906820000
CVE-2004-1454;0.034300000;0.885070000
CVE-2004-1453;0.003640000;0.276760000
CVE-2004-1452;0.004400000;0.357230000
CVE-2004-1451;0.013880000;0.711740000
CVE-2004-1450;0.012410000;0.679640000
CVE-2004-1449;0.009240000;0.588390000
CVE-2004-1448;0.016730000;0.758850000
CVE-2004-1447;0.016690000;0.758270000
CVE-2004-1446;0.030980000;0.872410000
CVE-2004-1445;0.003050000;0.208290000
CVE-2004-1444;0.088650000;0.950400000
CVE-2004-1443;0.012080000;0.671550000
CVE-2004-1442;0.042520000;0.907030000
CVE-2004-1441;0.065730000;0.935940000
CVE-2004-1440;0.041140000;0.904240000
CVE-2004-1439;0.158470000;0.967680000
CVE-2004-1438;0.007010000;0.512880000
CVE-2004-1437;0.133680000;0.962870000
CVE-2004-1436;0.031420000;0.874100000
CVE-2004-1435;0.031650000;0.875040000
CVE-2004-1434;0.032750000;0.879650000
CVE-2004-1433;0.040870000;0.903660000
CVE-2004-1432;0.040870000;0.903650000
CVE-2004-1431;0.015480000;0.740220000
CVE-2004-1430;0.013300000;0.699310000
CVE-2004-1429;0.013170000;0.696560000
CVE-2004-1428;0.028370000;0.861050000
CVE-2004-1427;0.016780000;0.759470000
CVE-2004-1426;0.015490000;0.740350000
CVE-2004-1425;0.018180000;0.778560000
CVE-2004-1424;0.012980000;0.692300000
CVE-2004-1423;0.154690000;0.966890000
CVE-2004-1422;0.078880000;0.945150000
CVE-2004-1421;0.042300000;0.906640000
CVE-2004-1420;0.040490000;0.902820000
CVE-2004-1419;0.024240000;0.835400000
CVE-2004-1418;0.017900000;0.774680000
CVE-2004-1417;0.019300000;0.791760000
CVE-2004-1416;0.018760000;0.785610000
CVE-2004-1415;0.011550000;0.657160000
CVE-2004-1414;0.013310000;0.699480000
CVE-2004-1413;0.010970000;0.642490000
CVE-2004-1412;0.017360000;0.767490000
CVE-2004-1411;0.013330000;0.699910000
CVE-2004-1410;0.017030000;0.763180000
CVE-2004-1409;0.010410000;0.625840000
CVE-2004-1408;0.015320000;0.737430000
CVE-2004-1407;0.016420000;0.754400000
CVE-2004-1406;0.024440000;0.836880000
CVE-2004-1405;0.051540000;0.921350000
CVE-2004-1404;0.029150000;0.864840000
CVE-2004-1403;0.017090000;0.764080000
CVE-2004-1402;0.032910000;0.880290000
CVE-2004-1401;0.026600000;0.851100000
CVE-2004-1400;0.072200000;0.941080000
CVE-2004-1399;0.016860000;0.760830000
CVE-2004-1398;0.004070000;0.323180000
CVE-2004-1397;0.012760000;0.687620000
CVE-2004-1396;0.030950000;0.872330000
CVE-2004-1395;0.038220000;0.896960000
CVE-2004-1394;0.003370000;0.245840000
CVE-2004-1393;0.025710000;0.845450000
CVE-2004-1392;0.107630000;0.956860000
CVE-2004-1391;0.005610000;0.444550000
CVE-2004-1390;0.073400000;0.941850000
CVE-2004-1389;0.098630000;0.954090000
CVE-2004-1388;0.681950000;0.993080000
CVE-2004-1387;0.005490000;0.436770000
CVE-2004-1386;0.018070000;0.776930000
CVE-2004-1385;0.073240000;0.941760000
CVE-2004-1384;0.040390000;0.902600000
CVE-2004-1383;0.028210000;0.860290000
CVE-2004-1382;0.003620000;0.273880000
CVE-2004-1381;0.068790000;0.938370000
CVE-2004-1380;0.036820000;0.892830000
CVE-2004-1379;0.039950000;0.901630000
CVE-2004-1378;0.024410000;0.836600000
CVE-2004-1377;0.003620000;0.273850000
CVE-2004-1376;0.089120000;0.950630000
CVE-2004-1375;0.004820000;0.391070000
CVE-2004-1374;0.004090000;0.325400000
CVE-2004-1373;0.700660000;0.993580000
CVE-2004-1372;0.004880000;0.395520000
CVE-2004-1371;0.107670000;0.956880000
CVE-2004-1370;0.038560000;0.897930000
CVE-2004-1369;0.056400000;0.926860000
CVE-2004-1368;0.055560000;0.925720000
CVE-2004-1367;0.072750000;0.941480000
CVE-2004-1366;0.154950000;0.966930000
CVE-2004-1365;0.073620000;0.942000000
CVE-2004-1364;0.137820000;0.963880000
CVE-2004-1363;0.090950000;0.951370000
CVE-2004-1362;0.090500000;0.951180000
CVE-2004-1361;0.200130000;0.973560000
CVE-2004-1360;0.004270000;0.343890000
CVE-2004-1359;0.004410000;0.358360000
CVE-2004-1358;0.012730000;0.687120000
CVE-2004-1357;0.030690000;0.871280000
CVE-2004-1356;0.003630000;0.276020000
CVE-2004-1355;0.003380000;0.246540000
CVE-2004-1354;0.042360000;0.906760000
CVE-2004-1353;0.003600000;0.271930000
CVE-2004-1352;0.005060000;0.408030000
CVE-2004-1351;0.060240000;0.930980000
CVE-2004-1350;0.076630000;0.943820000
CVE-2004-1349;0.005870000;0.458870000
CVE-2004-1348;0.017520000;0.769650000
CVE-2004-1347;0.035420000;0.888620000
CVE-2004-1346;0.004030000;0.319520000
CVE-2004-1345;0.003720000;0.285100000
CVE-2004-1343;0.019310000;0.791900000
CVE-2004-1342;0.022820000;0.824640000
CVE-2004-1341;0.014720000;0.727370000
CVE-2004-1340;0.003920000;0.306510000
CVE-2004-1339;0.014770000;0.728270000
CVE-2004-1338;0.011940000;0.667870000
CVE-2004-1337;0.004020000;0.317990000
CVE-2004-1336;0.003620000;0.273850000
CVE-2004-1335;0.010390000;0.625270000
CVE-2004-1334;0.005300000;0.425440000
CVE-2004-1333;0.009590000;0.599530000
CVE-2004-1332;0.095430000;0.952960000
CVE-2004-1331;0.194680000;0.972860000
CVE-2004-1330;0.012470000;0.681000000
CVE-2004-1329;0.032730000;0.879560000
CVE-2004-1328;0.004950000;0.400480000
CVE-2004-1327;0.043910000;0.909620000
CVE-2004-1326;0.011500000;0.655830000
CVE-2004-1325;0.157210000;0.967480000
CVE-2004-1324;0.166500000;0.969200000
CVE-2004-1323;0.003340000;0.241930000
CVE-2004-1322;0.024530000;0.837540000
CVE-2004-1321;0.013320000;0.699840000
CVE-2004-1320;0.015320000;0.737460000
CVE-2004-1319;0.269220000;0.979730000
CVE-2004-1318;0.018840000;0.786460000
CVE-2004-1317;0.604120000;0.991160000
CVE-2004-1316;0.034490000;0.885730000
CVE-2004-1315;0.720960000;0.994150000
CVE-2004-1314;0.023640000;0.831050000
CVE-2004-1313;0.003710000;0.284380000
CVE-2004-1312;0.024700000;0.838750000
CVE-2004-1311;0.051780000;0.921610000
CVE-2004-1310;0.051780000;0.921620000
CVE-2004-1309;0.051780000;0.921610000
CVE-2004-1308;0.149720000;0.966020000
CVE-2004-1307;0.063400000;0.933970000
CVE-2004-1306;0.195980000;0.972990000
CVE-2004-1305;0.585790000;0.990750000
CVE-2004-1304;0.113960000;0.958550000
CVE-2004-1303;0.062010000;0.932700000
CVE-2004-1302;0.038170000;0.896850000
CVE-2004-1301;0.061670000;0.932380000
CVE-2004-1300;0.091070000;0.951410000
CVE-2004-1299;0.122530000;0.960430000
CVE-2004-1298;0.088270000;0.950180000
CVE-2004-1297;0.059540000;0.930250000
CVE-2004-1296;0.003490000;0.259790000
CVE-2004-1295;0.003610000;0.273010000
CVE-2004-1294;0.009990000;0.612740000
CVE-2004-1293;0.137090000;0.963690000
CVE-2004-1292;0.161850000;0.968290000
CVE-2004-1291;0.024600000;0.838050000
CVE-2004-1290;0.047900000;0.916190000
CVE-2004-1289;0.146890000;0.965540000
CVE-2004-1288;0.104360000;0.955860000
CVE-2004-1287;0.178820000;0.970800000
CVE-2004-1286;0.124020000;0.960690000
CVE-2004-1285;0.049690000;0.918910000
CVE-2004-1284;0.144580000;0.965120000
CVE-2004-1283;0.059540000;0.930240000
CVE-2004-1282;0.091070000;0.951400000
CVE-2004-1281;0.009360000;0.592420000
CVE-2004-1280;0.021230000;0.811460000
CVE-2004-1279;0.047900000;0.916190000
CVE-2004-1278;0.059540000;0.930250000
CVE-2004-1277;0.009360000;0.592420000
CVE-2004-1276;0.003600000;0.272160000
CVE-2004-1275;0.059540000;0.930250000
CVE-2004-1274;0.045810000;0.913050000
CVE-2004-1273;0.049690000;0.918900000
CVE-2004-1272;0.059540000;0.930270000
CVE-2004-1271;0.059540000;0.930250000
CVE-2004-1270;0.004540000;0.369230000
CVE-2004-1269;0.089540000;0.950820000
CVE-2004-1268;0.004540000;0.369220000
CVE-2004-1267;0.062550000;0.933220000
CVE-2004-1266;0.059540000;0.930270000
CVE-2004-1265;0.059540000;0.930270000
CVE-2004-1264;0.091070000;0.951410000
CVE-2004-1263;0.003750000;0.288270000
CVE-2004-1262;0.059540000;0.930240000
CVE-2004-1261;0.088270000;0.950180000
CVE-2004-1260;0.111930000;0.958140000
CVE-2004-1259;0.088270000;0.950180000
CVE-2004-1258;0.059540000;0.930260000
CVE-2004-1257;0.059540000;0.930260000
CVE-2004-1256;0.104360000;0.955860000
CVE-2004-1255;0.059540000;0.930260000
CVE-2004-1254;0.103540000;0.955670000
CVE-2004-1244;0.331990000;0.983170000
CVE-2004-1237;0.003580000;0.269640000
CVE-2004-1236;0.088540000;0.950330000
CVE-2004-1235;0.028930000;0.863760000
CVE-2004-1234;0.005420000;0.432680000
CVE-2004-1233;0.016160000;0.750370000
CVE-2004-1232;0.062420000;0.933090000
CVE-2004-1231;0.017300000;0.766640000
CVE-2004-1230;0.014090000;0.715570000
CVE-2004-1229;0.015900000;0.746520000
CVE-2004-1228;0.011640000;0.659590000
CVE-2004-1227;0.041550000;0.905110000
CVE-2004-1226;0.012120000;0.672830000
CVE-2004-1225;0.017600000;0.770830000
CVE-2004-1224;0.003330000;0.239390000
CVE-2004-1223;0.029400000;0.865880000
CVE-2004-1222;0.035540000;0.888920000
CVE-2004-1221;0.031240000;0.873490000
CVE-2004-1220;0.032650000;0.879280000
CVE-2004-1219;0.023000000;0.826140000
CVE-2004-1218;0.020080000;0.800440000
CVE-2004-1217;0.029080000;0.864480000
CVE-2004-1216;0.031380000;0.873950000
CVE-2004-1215;0.031380000;0.873960000
CVE-2004-1214;0.068460000;0.938090000
CVE-2004-1213;0.020000000;0.799170000
CVE-2004-1212;0.032260000;0.877610000
CVE-2004-1211;0.724590000;0.994250000
CVE-2004-1210;0.019900000;0.798230000
CVE-2004-1209;0.010410000;0.625840000
CVE-2004-1208;0.076250000;0.943580000
CVE-2004-1207;0.035880000;0.890120000
CVE-2004-1206;0.074520000;0.942510000
CVE-2004-1205;0.016780000;0.759550000
CVE-2004-1204;0.003290000;0.234230000
CVE-2004-1203;0.013880000;0.711640000
CVE-2004-1202;0.022990000;0.826070000
CVE-2004-1201;0.032040000;0.876620000
CVE-2004-1200;0.022040000;0.818390000
CVE-2004-1199;0.016470000;0.754970000
CVE-2004-1198;0.016970000;0.762280000
CVE-2004-1197;0.014750000;0.727840000
CVE-2004-1196;0.042670000;0.907350000
CVE-2004-1195;0.031000000;0.872460000
CVE-2004-1194;0.034100000;0.884400000
CVE-2004-1193;0.004100000;0.326000000
CVE-2004-1192;0.117460000;0.959340000
CVE-2004-1191;0.003200000;0.224010000
CVE-2004-1190;0.003960000;0.312270000
CVE-2004-1189;0.007340000;0.525510000
CVE-2004-1188;0.019650000;0.795450000
CVE-2004-1187;0.051780000;0.921630000
CVE-2004-1186;0.039770000;0.901240000
CVE-2004-1185;0.044390000;0.910540000
CVE-2004-1184;0.011810000;0.664700000
CVE-2004-1183;0.038760000;0.898410000
CVE-2004-1182;0.017790000;0.773350000
CVE-2004-1181;0.003400000;0.249050000
CVE-2004-1180;0.016610000;0.757190000
CVE-2004-1179;0.003890000;0.303460000
CVE-2004-1177;0.017970000;0.775560000
CVE-2004-1176;0.031030000;0.872550000
CVE-2004-1175;0.016250000;0.751720000
CVE-2004-1174;0.014300000;0.719490000
CVE-2004-1173;0.117220000;0.959310000
CVE-2004-1172;0.817910000;0.996370000
CVE-2004-1171;0.004500000;0.366180000
CVE-2004-1170;0.159810000;0.967900000
CVE-2004-1169;0.014120000;0.716020000
CVE-2004-1168;0.045580000;0.912690000
CVE-2004-1167;0.020800000;0.807480000
CVE-2004-1166;0.391650000;0.985500000
CVE-2004-1165;0.044370000;0.910480000
CVE-2004-1164;0.015740000;0.744310000
CVE-2004-1163;0.012270000;0.676370000
CVE-2004-1162;0.019300000;0.791830000
CVE-2004-1161;0.073270000;0.941780000
CVE-2004-1160;0.017270000;0.766250000
CVE-2004-1158;0.027200000;0.854600000
CVE-2004-1157;0.024970000;0.840520000
CVE-2004-1156;0.014150000;0.716780000
CVE-2004-1155;0.125850000;0.961050000
CVE-2004-1154;0.131960000;0.962430000
CVE-2004-1153;0.079660000;0.945520000
CVE-2004-1152;0.082720000;0.947240000
CVE-2004-1151;0.004060000;0.322430000
CVE-2004-1150;0.087080000;0.949630000
CVE-2004-1149;0.004100000;0.326020000
CVE-2004-1148;0.014180000;0.717290000
CVE-2004-1147;0.115920000;0.959000000
CVE-2004-1146;0.013740000;0.708890000
CVE-2004-1145;0.041300000;0.904640000
CVE-2004-1144;0.003870000;0.301270000
CVE-2004-1143;0.016160000;0.750320000
CVE-2004-1142;0.024330000;0.836120000
CVE-2004-1141;0.024950000;0.840380000
CVE-2004-1140;0.024950000;0.840380000
CVE-2004-1139;0.024330000;0.836120000
CVE-2004-1138;0.004100000;0.325940000
CVE-2004-1137;0.208250000;0.974730000
CVE-2004-1136;0.011110000;0.645750000
CVE-2004-1135;0.496420000;0.988570000
CVE-2004-1134;0.723260000;0.994220000
CVE-2004-1133;0.098120000;0.953910000
CVE-2004-1131;0.004480000;0.364330000
CVE-2004-1130;0.013060000;0.694030000
CVE-2004-1129;0.019330000;0.792190000
CVE-2004-1128;0.050400000;0.919890000
CVE-2004-1127;0.146140000;0.965360000
CVE-2004-1125;0.065760000;0.935970000
CVE-2004-1124;0.003370000;0.245840000
CVE-2004-1123;0.012870000;0.689810000
CVE-2004-1122;0.023440000;0.829600000
CVE-2004-1121;0.044330000;0.910350000
CVE-2004-1120;0.146380000;0.965420000
CVE-2004-1119;0.172570000;0.970030000
CVE-2004-1118;0.081840000;0.946770000
CVE-2004-1117;0.003840000;0.298420000
CVE-2004-1116;0.003840000;0.298410000
CVE-2004-1115;0.003970000;0.312990000
CVE-2004-1114;0.057470000;0.928010000
CVE-2004-1113;0.019840000;0.797510000
CVE-2004-1112;0.015030000;0.732710000
CVE-2004-1111;0.023420000;0.829500000
CVE-2004-1110;0.003620000;0.273870000
CVE-2004-1109;0.032360000;0.877920000
CVE-2004-1108;0.003420000;0.251210000
CVE-2004-1107;0.003420000;0.251200000
CVE-2004-1106;0.014770000;0.728300000
CVE-2004-1105;0.020430000;0.803820000
CVE-2004-1104;0.353190000;0.983970000
CVE-2004-1103;0.027630000;0.857110000
CVE-2004-1102;0.087900000;0.950040000
CVE-2004-1101;0.060450000;0.931190000
CVE-2004-1100;0.051330000;0.921020000
CVE-2004-1099;0.101950000;0.955150000
CVE-2004-1098;0.015850000;0.745900000
CVE-2004-1097;0.055630000;0.925800000
CVE-2004-1096;0.188130000;0.971910000
CVE-2004-1095;0.093830000;0.952350000
CVE-2004-1094;0.095880000;0.953130000
CVE-2004-1093;0.016700000;0.758400000
CVE-2004-1092;0.016700000;0.758390000
CVE-2004-1091;0.016700000;0.758390000
CVE-2004-1090;0.016700000;0.758390000
CVE-2004-1089;0.003430000;0.251950000
CVE-2004-1088;0.016510000;0.755670000
CVE-2004-1087;0.003530000;0.264080000
CVE-2004-1086;0.033720000;0.883150000
CVE-2004-1085;0.003360000;0.244420000
CVE-2004-1084;0.016440000;0.754640000
CVE-2004-1083;0.018780000;0.785800000
CVE-2004-1082;0.075830000;0.943280000
CVE-2004-1081;0.003380000;0.246360000
CVE-2004-1080;0.798010000;0.995990000
CVE-2004-1079;0.004000000;0.315590000
CVE-2004-1078;0.037650000;0.895280000
CVE-2004-1077;0.011650000;0.659930000
CVE-2004-1076;0.006530000;0.492270000
CVE-2004-1075;0.049450000;0.918490000
CVE-2004-1074;0.010060000;0.615080000
CVE-2004-1073;0.008100000;0.551740000
CVE-2004-1072;0.005580000;0.442660000
CVE-2004-1071;0.005080000;0.410270000
CVE-2004-1070;0.005080000;0.410270000
CVE-2004-1069;0.003340000;0.242240000
CVE-2004-1068;0.003880000;0.302690000
CVE-2004-1067;0.051780000;0.921610000
CVE-2004-1066;0.003190000;0.223280000
CVE-2004-1065;0.100420000;0.954670000
CVE-2004-1064;0.037350000;0.894450000
CVE-2004-1063;0.041810000;0.905680000
CVE-2004-1062;0.012350000;0.678310000
CVE-2004-1061;0.010340000;0.624120000
CVE-2004-1060;0.746700000;0.994880000
CVE-2004-1059;0.012080000;0.671580000
CVE-2004-1058;0.003910000;0.305650000
CVE-2004-1057;0.004210000;0.338860000
CVE-2004-1056;0.032680000;0.879390000
CVE-2004-1055;0.014750000;0.727840000
CVE-2004-1054;0.009520000;0.597520000
CVE-2004-1053;0.030620000;0.871010000
CVE-2004-1052;0.035770000;0.889830000
CVE-2004-1051;0.013740000;0.708960000
CVE-2004-1050;0.670610000;0.992770000
CVE-2004-1049;0.305840000;0.981860000
CVE-2004-1043;0.449840000;0.987400000
CVE-2004-1039;0.015910000;0.746720000
CVE-2004-1038;0.004830000;0.391430000
CVE-2004-1037;0.616680000;0.991450000
CVE-2004-1036;0.028180000;0.860090000
CVE-2004-1035;0.020680000;0.806360000
CVE-2004-1034;0.056930000;0.927380000
CVE-2004-1033;0.003640000;0.276770000
CVE-2004-1032;0.003620000;0.273870000
CVE-2004-1031;0.003690000;0.282100000
CVE-2004-1030;0.003640000;0.276780000
CVE-2004-1029;0.170180000;0.969710000
CVE-2004-1028;0.004490000;0.365250000
CVE-2004-1027;0.027370000;0.855560000
CVE-2004-1026;0.049340000;0.918310000
CVE-2004-1025;0.051780000;0.921620000
CVE-2004-1023;0.002870000;0.190130000
CVE-2004-1022;0.002060000;0.094890000
CVE-2004-1021;0.010820000;0.637870000
CVE-2004-1020;0.070680000;0.939910000
CVE-2004-1019;0.079960000;0.945680000
CVE-2004-1018;0.161600000;0.968250000
CVE-2004-1017;0.032840000;0.880020000
CVE-2004-1016;0.010010000;0.613820000
CVE-2004-1015;0.051780000;0.921620000
CVE-2004-1014;0.023850000;0.832470000
CVE-2004-1013;0.058300000;0.929050000
CVE-2004-1012;0.059510000;0.930230000
CVE-2004-1011;0.058430000;0.929190000
CVE-2004-1010;0.092460000;0.951890000
CVE-2004-1009;0.025470000;0.843880000
CVE-2004-1008;0.073630000;0.942000000
CVE-2004-1007;0.019260000;0.791320000
CVE-2004-1006;0.079680000;0.945540000
CVE-2004-1005;0.017870000;0.774360000
CVE-2004-1004;0.016250000;0.751730000
CVE-2004-1003;0.052090000;0.922050000
CVE-2004-1002;0.027040000;0.853710000
CVE-2004-1001;0.003470000;0.257010000
CVE-2004-1000;0.003500000;0.260470000
CVE-2004-0999;0.014060000;0.714940000
CVE-2004-0998;0.055000000;0.925030000
CVE-2004-0997;0.004020000;0.318190000
CVE-2004-0996;0.011450000;0.654210000
CVE-2004-0994;0.051490000;0.921270000
CVE-2004-0993;0.101670000;0.955070000
CVE-2004-0992;0.042780000;0.907530000
CVE-2004-0991;0.035840000;0.890000000
CVE-2004-0990;0.282550000;0.980570000
CVE-2004-0989;0.216860000;0.975560000
CVE-2004-0988;0.012170000;0.673780000
CVE-2004-0987;0.051780000;0.921620000
CVE-2004-0986;0.018900000;0.787280000
CVE-2004-0985;0.202390000;0.973870000
CVE-2004-0984;0.004200000;0.338160000
CVE-2004-0983;0.018980000;0.788260000
CVE-2004-0982;0.065270000;0.935540000
CVE-2004-0981;0.058430000;0.929190000
CVE-2004-0980;0.038180000;0.896880000
CVE-2004-0979;0.041900000;0.905840000
CVE-2004-0978;0.383120000;0.985190000
CVE-2004-0977;0.004520000;0.367610000
CVE-2004-0976;0.004270000;0.343910000
CVE-2004-0975;0.004150000;0.332710000
CVE-2004-0974;0.003930000;0.308560000
CVE-2004-0972;0.003930000;0.308560000
CVE-2004-0971;0.003280000;0.233310000
CVE-2004-0970;0.003620000;0.273870000
CVE-2004-0969;0.003730000;0.286970000
CVE-2004-0968;0.003940000;0.309500000
CVE-2004-0967;0.004740000;0.384960000
CVE-2004-0966;0.003960000;0.311410000
CVE-2004-0965;0.006520000;0.491680000
CVE-2004-0964;0.626780000;0.991690000
CVE-2004-0963;0.324290000;0.982800000
CVE-2004-0962;0.033940000;0.883810000
CVE-2004-0961;0.032630000;0.879220000
CVE-2004-0960;0.032350000;0.877900000
CVE-2004-0959;0.005770000;0.453240000
CVE-2004-0958;0.097300000;0.953600000
CVE-2004-0957;0.024250000;0.835480000
CVE-2004-0956;0.037150000;0.893770000
CVE-2004-0953;0.107120000;0.956720000
CVE-2004-0952;0.046150000;0.913630000
CVE-2004-0951;0.044640000;0.911000000
CVE-2004-0950;0.021590000;0.814640000
CVE-2004-0949;0.026260000;0.848920000
CVE-2004-0947;0.073690000;0.942050000
CVE-2004-0946;0.112990000;0.958350000
CVE-2004-0945;0.015740000;0.744260000
CVE-2004-0944;0.013730000;0.708620000
CVE-2004-0942;0.551050000;0.989980000
CVE-2004-0941;0.106930000;0.956650000
CVE-2004-0940;0.048300000;0.916750000
CVE-2004-0939;0.016300000;0.752500000
CVE-2004-0938;0.036510000;0.891970000
CVE-2004-0937;0.147850000;0.965700000
CVE-2004-0936;0.147850000;0.965700000
CVE-2004-0935;0.153380000;0.966620000
CVE-2004-0934;0.147850000;0.965690000
CVE-2004-0933;0.206910000;0.974550000
CVE-2004-0932;0.633940000;0.991850000
CVE-2004-0931;0.018310000;0.780120000
CVE-2004-0930;0.049060000;0.917930000
CVE-2004-0929;0.082420000;0.947060000
CVE-2004-0928;0.040750000;0.903380000
CVE-2004-0927;0.007120000;0.516970000
CVE-2004-0926;0.048910000;0.917710000
CVE-2004-0925;0.011080000;0.645070000
CVE-2004-0924;0.008550000;0.566770000
CVE-2004-0923;0.004450000;0.361880000
CVE-2004-0922;0.009700000;0.603760000
CVE-2004-0921;0.010820000;0.637870000
CVE-2004-0920;0.018840000;0.786530000
CVE-2004-0919;0.004220000;0.339630000
CVE-2004-0918;0.160300000;0.968010000
CVE-2004-0917;0.016450000;0.754770000
CVE-2004-0916;0.035880000;0.890100000
CVE-2004-0915;0.012940000;0.691410000
CVE-2004-0914;0.086980000;0.949600000
CVE-2004-0913;0.003650000;0.278040000
CVE-2004-0911;0.025990000;0.847310000
CVE-2004-0909;0.017090000;0.764040000
CVE-2004-0908;0.024530000;0.837580000
CVE-2004-0907;0.004210000;0.338900000
CVE-2004-0906;0.004240000;0.341460000
CVE-2004-0905;0.030490000;0.870410000
CVE-2004-0904;0.080110000;0.945760000
CVE-2004-0903;0.097480000;0.953660000
CVE-2004-0902;0.101390000;0.954990000
CVE-2004-0901;0.319210000;0.982510000
CVE-2004-0900;0.260410000;0.979220000
CVE-2004-0899;0.725670000;0.994260000
CVE-2004-0897;0.428240000;0.986740000
CVE-2004-0894;0.034110000;0.884430000
CVE-2004-0893;0.015340000;0.737910000
CVE-2004-0892;0.173570000;0.970180000
CVE-2004-0891;0.068620000;0.938220000
CVE-2004-0889;0.062090000;0.932780000
CVE-2004-0888;0.095110000;0.952830000
CVE-2004-0887;0.003970000;0.312660000
CVE-2004-0886;0.054350000;0.924350000
CVE-2004-0885;0.153610000;0.966680000
CVE-2004-0884;0.005020000;0.405170000
CVE-2004-0883;0.041560000;0.905140000
CVE-2004-0882;0.137300000;0.963780000
CVE-2004-0881;0.003920000;0.307270000
CVE-2004-0880;0.003060000;0.210040000
CVE-2004-0875;0.013260000;0.698360000
CVE-2004-0873;0.012920000;0.690970000
CVE-2004-0872;0.027310000;0.855220000
CVE-2004-0871;0.011390000;0.652790000
CVE-2004-0870;0.014570000;0.724370000
CVE-2004-0869;0.147850000;0.965700000
CVE-2004-0867;0.171830000;0.969920000
CVE-2004-0866;0.100750000;0.954790000
CVE-2004-0852;0.032180000;0.877280000
CVE-2004-0851;0.003480000;0.258260000
CVE-2004-0850;0.004330000;0.350980000
CVE-2004-0849;0.015740000;0.744270000
CVE-2004-0848;0.274890000;0.980090000
CVE-2004-0847;0.757020000;0.995080000
CVE-2004-0846;0.283480000;0.980620000
CVE-2004-0845;0.309980000;0.982060000
CVE-2004-0844;0.327590000;0.982950000
CVE-2004-0843;0.337920000;0.983410000
CVE-2004-0842;0.566070000;0.990320000
CVE-2004-0841;0.487330000;0.988350000
CVE-2004-0840;0.302910000;0.981690000
CVE-2004-0839;0.339890000;0.983480000
CVE-2004-0838;0.002240000;0.117430000
CVE-2004-0837;0.049010000;0.917830000
CVE-2004-0836;0.098010000;0.953870000
CVE-2004-0835;0.223520000;0.976160000
CVE-2004-0834;0.004330000;0.351260000
CVE-2004-0833;0.025070000;0.841140000
CVE-2004-0832;0.103680000;0.955690000
CVE-2004-0831;0.003860000;0.300640000
CVE-2004-0830;0.015910000;0.746760000
CVE-2004-0829;0.039070000;0.899170000
CVE-2004-0828;0.003420000;0.251210000
CVE-2004-0827;0.055120000;0.925190000
CVE-2004-0826;0.225250000;0.976360000
CVE-2004-0825;0.035550000;0.888950000
CVE-2004-0824;0.006490000;0.490000000
CVE-2004-0823;0.027390000;0.855720000
CVE-2004-0822;0.005290000;0.424510000
CVE-2004-0821;0.004250000;0.342350000
CVE-2004-0820;0.025400000;0.843460000
CVE-2004-0819;0.014110000;0.715850000
CVE-2004-0817;0.048710000;0.917370000
CVE-2004-0816;0.115080000;0.958820000
CVE-2004-0815;0.048870000;0.917630000
CVE-2004-0814;0.006920000;0.509300000
CVE-2004-0813;0.004130000;0.329920000
CVE-2004-0812;0.004300000;0.347350000
CVE-2004-0811;0.075870000;0.943320000
CVE-2004-0810;0.019670000;0.795640000
CVE-2004-0809;0.171550000;0.969890000
CVE-2004-0808;0.053550000;0.923540000
CVE-2004-0807;0.054980000;0.925020000
CVE-2004-0806;0.017250000;0.766050000
CVE-2004-0805;0.037860000;0.895890000
CVE-2004-0804;0.043290000;0.908410000
CVE-2004-0803;0.082680000;0.947220000
CVE-2004-0802;0.034300000;0.885040000
CVE-2004-0801;0.043060000;0.908010000
CVE-2004-0800;0.004490000;0.364950000
CVE-2004-0799;0.062020000;0.932710000
CVE-2004-0798;0.625770000;0.991670000
CVE-2004-0797;0.004720000;0.383810000
CVE-2004-0796;0.019430000;0.793300000
CVE-2004-0795;0.022120000;0.819160000
CVE-2004-0794;0.024160000;0.834890000
CVE-2004-0793;0.005590000;0.443300000
CVE-2004-0792;0.023170000;0.827550000
CVE-2004-0791;0.203200000;0.973970000
CVE-2004-0790;0.801010000;0.996060000
CVE-2004-0789;0.027650000;0.857230000
CVE-2004-0788;0.059170000;0.929890000
CVE-2004-0787;0.011770000;0.663520000
CVE-2004-0786;0.240690000;0.977710000
CVE-2004-0785;0.054270000;0.924270000
CVE-2004-0784;0.023360000;0.829050000
CVE-2004-0783;0.094340000;0.952530000
CVE-2004-0782;0.091840000;0.951650000
CVE-2004-0781;0.012350000;0.678320000
CVE-2004-0780;0.005080000;0.410050000
CVE-2004-0779;0.021090000;0.810280000
CVE-2004-0778;0.024000000;0.833580000
CVE-2004-0777;0.109060000;0.957310000
CVE-2004-0775;0.035790000;0.889890000
CVE-2004-0774;0.019240000;0.791090000
CVE-2004-0772;0.069940000;0.939350000
CVE-2004-0771;0.188270000;0.971920000
CVE-2004-0770;0.003420000;0.251210000
CVE-2004-0769;0.071160000;0.940310000
CVE-2004-0768;0.032570000;0.878990000
CVE-2004-0767;0.010270000;0.621830000
CVE-2004-0766;0.010270000;0.621830000
CVE-2004-0765;0.010350000;0.624360000
CVE-2004-0764;0.032310000;0.877730000
CVE-2004-0763;0.057360000;0.927890000
CVE-2004-0762;0.019840000;0.797470000
CVE-2004-0761;0.015720000;0.743930000
CVE-2004-0760;0.088270000;0.950190000
CVE-2004-0759;0.017630000;0.771260000
CVE-2004-0758;0.031460000;0.874290000
CVE-2004-0757;0.053460000;0.923450000
CVE-2004-0755;0.003640000;0.276770000
CVE-2004-0754;0.044510000;0.910770000
CVE-2004-0753;0.059170000;0.929890000
CVE-2004-0752;0.005590000;0.443310000
CVE-2004-0751;0.723090000;0.994210000
CVE-2004-0750;0.013630000;0.706610000
CVE-2004-0749;0.014570000;0.724380000
CVE-2004-0748;0.246560000;0.978180000
CVE-2004-0747;0.016070000;0.749120000
CVE-2004-0746;0.018900000;0.787280000
CVE-2004-0745;0.031050000;0.872640000
CVE-2004-0744;0.016020000;0.748360000
CVE-2004-0743;0.019580000;0.794890000
CVE-2004-0742;0.045210000;0.911940000
CVE-2004-0741;0.013260000;0.698440000
CVE-2004-0740;0.025440000;0.843660000
CVE-2004-0739;0.024500000;0.837370000
CVE-2004-0738;0.013760000;0.709280000
CVE-2004-0737;0.019090000;0.789520000
CVE-2004-0736;0.011810000;0.664600000
CVE-2004-0735;0.621080000;0.991540000
CVE-2004-0734;0.036130000;0.890850000
CVE-2004-0733;0.050690000;0.920230000
CVE-2004-0732;0.017670000;0.771700000
CVE-2004-0731;0.024800000;0.839390000
CVE-2004-0730;0.014760000;0.727990000
CVE-2004-0729;0.014250000;0.718470000
CVE-2004-0728;0.247930000;0.978320000
CVE-2004-0727;0.397820000;0.985770000
CVE-2004-0726;0.114180000;0.958610000
CVE-2004-0725;0.043100000;0.908100000
CVE-2004-0724;0.016160000;0.750370000
CVE-2004-0723;0.130480000;0.962160000
CVE-2004-0722;0.132480000;0.962540000
CVE-2004-0721;0.016190000;0.750900000
CVE-2004-0720;0.012580000;0.683900000
CVE-2004-0719;0.051410000;0.921140000
CVE-2004-0718;0.017460000;0.768750000
CVE-2004-0717;0.021920000;0.817230000
CVE-2004-0716;0.126200000;0.961110000
CVE-2004-0715;0.023120000;0.827160000
CVE-2004-0714;0.025520000;0.844230000
CVE-2004-0713;0.031690000;0.875210000
CVE-2004-0712;0.003550000;0.267320000
CVE-2004-0711;0.019490000;0.793970000
CVE-2004-0710;0.020080000;0.800430000
CVE-2004-0709;0.033030000;0.880810000
CVE-2004-0708;0.017670000;0.771710000
CVE-2004-0707;0.010250000;0.621230000
CVE-2004-0706;0.002920000;0.195570000
CVE-2004-0705;0.013700000;0.708010000
CVE-2004-0704;0.014570000;0.724370000
CVE-2004-0703;0.011180000;0.647610000
CVE-2004-0702;0.011960000;0.668390000
CVE-2004-0701;0.003480000;0.257830000
CVE-2004-0700;0.058020000;0.928680000
CVE-2004-0699;0.059470000;0.930190000
CVE-2004-0698;0.003380000;0.246700000
CVE-2004-0697;0.014090000;0.715570000
CVE-2004-0696;0.014250000;0.718480000
CVE-2004-0695;0.381940000;0.985160000
CVE-2004-0694;0.025490000;0.843990000
CVE-2004-0693;0.028930000;0.863730000
CVE-2004-0692;0.033640000;0.882880000
CVE-2004-0691;0.146940000;0.965550000
CVE-2004-0690;0.005180000;0.417280000
CVE-2004-0689;0.004270000;0.343880000
CVE-2004-0688;0.072500000;0.941280000
CVE-2004-0687;0.080520000;0.945990000
CVE-2004-0686;0.036660000;0.892430000
CVE-2004-0685;0.004770000;0.387140000
CVE-2004-0684;0.015740000;0.744300000
CVE-2004-0683;0.064510000;0.934930000
CVE-2004-0682;0.068510000;0.938160000
CVE-2004-0681;0.020430000;0.803730000
CVE-2004-0680;0.036130000;0.890820000
CVE-2004-0679;0.015690000;0.743410000
CVE-2004-0678;0.016630000;0.757370000
CVE-2004-0677;0.012270000;0.676350000
CVE-2004-0676;0.042900000;0.907720000
CVE-2004-0675;0.042430000;0.906850000
CVE-2004-0674;0.016340000;0.753130000
CVE-2004-0673;0.019780000;0.796770000
CVE-2004-0672;0.020140000;0.800960000
CVE-2004-0671;0.030930000;0.872250000
CVE-2004-0670;0.015910000;0.746830000
CVE-2004-0669;0.015320000;0.737420000
CVE-2004-0668;0.031000000;0.872470000
CVE-2004-0667;0.004230000;0.340470000
CVE-2004-0666;0.017390000;0.767830000
CVE-2004-0665;0.029400000;0.865880000
CVE-2004-0664;0.072660000;0.941380000
CVE-2004-0663;0.019940000;0.798570000
CVE-2004-0662;0.015480000;0.740210000
CVE-2004-0661;0.022760000;0.824190000
CVE-2004-0660;0.039470000;0.900410000
CVE-2004-0659;0.156550000;0.967370000
CVE-2004-0658;0.004320000;0.350000000
CVE-2004-0657;0.028540000;0.861880000
CVE-2004-0656;0.023490000;0.829980000
CVE-2004-0655;0.003370000;0.244800000
CVE-2004-0654;0.003650000;0.277280000
CVE-2004-0653;0.004300000;0.346820000
CVE-2004-0652;0.003910000;0.305960000
CVE-2004-0651;0.034600000;0.886060000
CVE-2004-0650;0.029740000;0.867300000
CVE-2004-0649;0.051720000;0.921530000
CVE-2004-0648;0.052620000;0.922610000
CVE-2004-0647;0.003400000;0.249050000
CVE-2004-0646;0.071040000;0.940220000
CVE-2004-0645;0.084480000;0.948240000
CVE-2004-0644;0.055850000;0.926130000
CVE-2004-0643;0.089270000;0.950670000
CVE-2004-0642;0.082570000;0.947160000
CVE-2004-0641;0.026110000;0.848030000
CVE-2004-0640;0.044870000;0.911360000
CVE-2004-0639;0.059560000;0.930310000
CVE-2004-0638;0.066310000;0.936350000
CVE-2004-0637;0.178240000;0.970730000
CVE-2004-0636;0.660190000;0.992520000
CVE-2004-0635;0.052750000;0.922740000
CVE-2004-0634;0.052750000;0.922740000
CVE-2004-0633;0.179610000;0.970890000
CVE-2004-0632;0.072370000;0.941190000
CVE-2004-0631;0.098220000;0.953940000
CVE-2004-0630;0.082180000;0.946950000
CVE-2004-0629;0.070680000;0.939900000
CVE-2004-0628;0.078160000;0.944690000
CVE-2004-0627;0.696470000;0.993460000
CVE-2004-0626;0.027610000;0.856960000
CVE-2004-0625;0.012790000;0.688170000
CVE-2004-0624;0.012840000;0.689330000
CVE-2004-0623;0.044870000;0.911360000
CVE-2004-0622;0.003560000;0.267420000
CVE-2004-0621;0.041100000;0.904160000
CVE-2004-0620;0.036170000;0.890980000
CVE-2004-0619;0.004920000;0.398410000
CVE-2004-0618;0.008540000;0.566290000
CVE-2004-0617;0.019780000;0.796780000
CVE-2004-0616;0.029640000;0.866920000
CVE-2004-0615;0.024300000;0.835940000
CVE-2004-0614;0.011940000;0.667670000
CVE-2004-0613;0.098690000;0.954110000
CVE-2004-0612;0.013170000;0.696450000
CVE-2004-0611;0.015740000;0.744290000
CVE-2004-0610;0.148180000;0.965760000
CVE-2004-0609;0.014090000;0.715560000
CVE-2004-0608;0.735440000;0.994530000
CVE-2004-0607;0.054400000;0.924420000
CVE-2004-0606;0.022620000;0.823030000
CVE-2004-0605;0.073330000;0.941810000
CVE-2004-0604;0.017520000;0.769620000
CVE-2004-0603;0.031260000;0.873540000
CVE-2004-0602;0.003770000;0.290880000
CVE-2004-0601;0.015850000;0.745910000
CVE-2004-0600;0.294410000;0.981230000
CVE-2004-0599;0.062000000;0.932680000
CVE-2004-0598;0.061480000;0.932190000
CVE-2004-0597;0.825370000;0.996560000
CVE-2004-0596;0.003850000;0.299820000
CVE-2004-0595;0.451590000;0.987450000
CVE-2004-0594;0.548560000;0.989930000
CVE-2004-0593;0.016350000;0.753420000
CVE-2004-0592;0.024650000;0.838390000
CVE-2004-0591;0.049730000;0.918970000
CVE-2004-0590;0.028320000;0.860850000
CVE-2004-0589;0.030200000;0.869310000
CVE-2004-0588;0.013700000;0.708010000
CVE-2004-0587;0.004110000;0.327860000
CVE-2004-0586;0.042320000;0.906670000
CVE-2004-0584;0.013400000;0.701780000
CVE-2004-0583;0.020810000;0.807560000
CVE-2004-0582;0.020760000;0.807060000
CVE-2004-0581;0.003730000;0.286060000
CVE-2004-0580;0.079860000;0.945630000
CVE-2004-0579;0.004290000;0.345940000
CVE-2004-0578;0.013730000;0.708630000
CVE-2004-0577;0.013730000;0.708610000
CVE-2004-0576;0.015740000;0.744260000
CVE-2004-0575;0.603000000;0.991120000
CVE-2004-0574;0.644480000;0.992120000
CVE-2004-0573;0.423370000;0.986570000
CVE-2004-0572;0.499510000;0.988640000
CVE-2004-0571;0.308660000;0.981960000
CVE-2004-0569;0.194280000;0.972780000
CVE-2004-0568;0.353120000;0.983960000
CVE-2004-0567;0.686890000;0.993210000
CVE-2004-0566;0.384770000;0.985270000
CVE-2004-0565;0.004440000;0.360790000
CVE-2004-0564;0.003620000;0.273870000
CVE-2004-0563;0.003960000;0.311720000
CVE-2004-0561;0.023190000;0.827670000
CVE-2004-0560;0.029650000;0.866980000
CVE-2004-0559;0.003620000;0.273840000
CVE-2004-0558;0.267940000;0.979650000
CVE-2004-0557;0.250800000;0.978570000
CVE-2004-0555;0.032570000;0.879000000
CVE-2004-0554;0.008660000;0.570470000
CVE-2004-0552;0.238740000;0.977540000
CVE-2004-0551;0.031310000;0.873720000
CVE-2004-0550;0.034620000;0.886140000
CVE-2004-0549;0.610570000;0.991320000
CVE-2004-0548;0.009190000;0.586790000
CVE-2004-0547;0.026740000;0.852060000
CVE-2004-0545;0.003490000;0.259760000
CVE-2004-0544;0.012230000;0.675170000
CVE-2004-0543;0.070200000;0.939530000
CVE-2004-0542;0.311080000;0.982120000
CVE-2004-0541;0.710700000;0.993890000
CVE-2004-0540;0.048440000;0.917020000
CVE-2004-0539;0.048400000;0.916930000
CVE-2004-0538;0.017340000;0.767290000
CVE-2004-0537;0.022570000;0.822630000
CVE-2004-0536;0.003690000;0.282100000
CVE-2004-0535;0.004700000;0.381500000
CVE-2004-0534;0.011770000;0.663420000
CVE-2004-0533;0.006900000;0.508530000
CVE-2004-0530;0.004100000;0.326340000
CVE-2004-0529;0.014770000;0.728210000
CVE-2004-0528;0.023340000;0.828890000
CVE-2004-0527;0.057620000;0.928160000
CVE-2004-0526;0.172490000;0.970020000
CVE-2004-0525;0.026650000;0.851400000
CVE-2004-0524;0.046100000;0.913520000
CVE-2004-0523;0.116650000;0.959170000
CVE-2004-0522;0.028310000;0.860760000
CVE-2004-0521;0.031520000;0.874500000
CVE-2004-0520;0.071340000;0.940470000
CVE-2004-0519;0.225280000;0.976370000
CVE-2004-0518;0.012580000;0.683900000
CVE-2004-0517;0.003420000;0.251320000
CVE-2004-0516;0.003420000;0.251310000
CVE-2004-0515;0.003420000;0.251320000
CVE-2004-0514;0.004470000;0.363490000
CVE-2004-0513;0.016700000;0.758440000
CVE-2004-0512;0.004530000;0.368580000
CVE-2004-0511;0.009540000;0.598020000
CVE-2004-0510;0.014790000;0.728560000
CVE-2004-0507;0.076400000;0.943670000
CVE-2004-0506;0.039280000;0.899900000
CVE-2004-0505;0.027140000;0.854310000
CVE-2004-0504;0.027140000;0.854320000
CVE-2004-0503;0.114450000;0.958690000
CVE-2004-0502;0.201730000;0.973800000
CVE-2004-0501;0.187410000;0.971830000
CVE-2004-0500;0.049500000;0.918590000
CVE-2004-0498;0.012590000;0.683990000
CVE-2004-0497;0.008010000;0.548630000
CVE-2004-0496;0.003930000;0.308610000
CVE-2004-0495;0.004240000;0.341950000
CVE-2004-0494;0.016250000;0.751740000
CVE-2004-0493;0.847840000;0.997030000
CVE-2004-0492;0.336390000;0.983340000
CVE-2004-0491;0.003600000;0.272380000
CVE-2004-0490;0.044660000;0.911030000
CVE-2004-0489;0.066780000;0.936680000
CVE-2004-0488;0.376810000;0.984920000
CVE-2004-0487;0.064460000;0.934890000
CVE-2004-0486;0.096640000;0.953350000
CVE-2004-0485;0.029160000;0.864860000
CVE-2004-0484;0.218550000;0.975700000
CVE-2004-0483;0.017520000;0.769630000
CVE-2004-0482;0.003360000;0.244220000
CVE-2004-0481;0.002870000;0.190130000
CVE-2004-0480;0.086470000;0.949340000
CVE-2004-0479;0.257530000;0.979020000
CVE-2004-0478;0.011890000;0.666580000
CVE-2004-0477;0.040750000;0.903360000
CVE-2004-0476;0.017870000;0.774330000
CVE-2004-0475;0.100260000;0.954620000
CVE-2004-0474;0.162050000;0.968340000
CVE-2004-0473;0.024510000;0.837430000
CVE-2004-0471;0.003990000;0.315540000
CVE-2004-0470;0.026850000;0.852590000
CVE-2004-0469;0.049860000;0.919140000
CVE-2004-0468;0.031930000;0.876120000
CVE-2004-0467;0.041820000;0.905690000
CVE-2004-0466;0.039590000;0.900740000
CVE-2004-0465;0.122510000;0.960420000
CVE-2004-0462;0.004330000;0.350570000
CVE-2004-0461;0.167730000;0.969370000
CVE-2004-0460;0.453330000;0.987490000
CVE-2004-0459;0.023360000;0.828990000
CVE-2004-0458;0.032070000;0.876780000
CVE-2004-0457;0.005150000;0.414940000
CVE-2004-0456;0.029200000;0.865030000
CVE-2004-0455;0.005170000;0.416650000
CVE-2004-0454;0.006790000;0.503790000
CVE-2004-0453;0.004330000;0.351250000
CVE-2004-0452;0.004020000;0.318700000
CVE-2004-0451;0.043900000;0.909600000
CVE-2004-0450;0.047390000;0.915460000
CVE-2004-0448;0.043430000;0.908700000
CVE-2004-0447;0.004410000;0.357810000
CVE-2004-0445;0.110480000;0.957690000
CVE-2004-0444;0.127980000;0.961530000
CVE-2004-0437;0.076720000;0.943860000
CVE-2004-0435;0.003310000;0.237400000
CVE-2004-0434;0.071590000;0.940670000
CVE-2004-0433;0.051160000;0.920840000
CVE-2004-0432;0.091970000;0.951680000
CVE-2004-0431;0.032430000;0.878210000
CVE-2004-0430;0.413030000;0.986250000
CVE-2004-0429;0.018990000;0.788310000
CVE-2004-0428;0.014720000;0.727330000
CVE-2004-0427;0.004680000;0.380380000
CVE-2004-0426;0.034040000;0.884250000
CVE-2004-0425;0.049860000;0.919140000
CVE-2004-0424;0.012380000;0.678870000
CVE-2004-0423;0.003000000;0.204010000
CVE-2004-0422;0.003620000;0.273840000
CVE-2004-0421;0.041070000;0.904100000
CVE-2004-0420;0.460120000;0.987680000
CVE-2004-0419;0.024770000;0.839180000
CVE-2004-0418;0.056810000;0.927240000
CVE-2004-0417;0.030690000;0.871290000
CVE-2004-0416;0.132060000;0.962440000
CVE-2004-0415;0.007660000;0.536690000
CVE-2004-0414;0.039690000;0.901030000
CVE-2004-0413;0.058770000;0.929570000
CVE-2004-0412;0.030080000;0.868870000
CVE-2004-0411;0.077780000;0.944440000
CVE-2004-0409;0.089610000;0.950840000
CVE-2004-0408;0.032570000;0.878990000
CVE-2004-0407;0.015320000;0.737410000
CVE-2004-0405;0.023540000;0.830430000
CVE-2004-0404;0.003060000;0.210040000
CVE-2004-0403;0.028510000;0.861740000
CVE-2004-0402;0.004810000;0.390400000
CVE-2004-0401;0.019670000;0.795630000
CVE-2004-0400;0.069740000;0.939130000
CVE-2004-0399;0.205080000;0.974330000
CVE-2004-0398;0.050150000;0.919510000
CVE-2004-0397;0.752500000;0.994990000
CVE-2004-0396;0.675250000;0.992900000
CVE-2004-0395;0.004100000;0.325940000
CVE-2004-0394;0.004900000;0.396730000
CVE-2004-0393;0.174270000;0.970270000
CVE-2004-0392;0.024920000;0.840210000
CVE-2004-0391;0.045790000;0.913020000
CVE-2004-0390;0.025830000;0.846190000
CVE-2004-0389;0.549230000;0.989940000
CVE-2004-0388;0.005570000;0.442340000
CVE-2004-0387;0.032460000;0.878320000
CVE-2004-0386;0.269800000;0.979750000
CVE-2004-0385;0.155010000;0.966940000
CVE-2004-0383;0.003470000;0.257420000
CVE-2004-0382;0.003470000;0.257430000
CVE-2004-0381;0.006280000;0.479600000
CVE-2004-0380;0.632500000;0.991810000
CVE-2004-0379;0.081280000;0.946480000
CVE-2004-0377;0.067660000;0.937520000
CVE-2004-0376;0.017980000;0.775790000
CVE-2004-0375;0.088320000;0.950220000
CVE-2004-0374;0.028250000;0.860440000
CVE-2004-0372;0.003420000;0.251220000
CVE-2004-0371;0.015280000;0.736850000
CVE-2004-0370;0.004020000;0.317790000
CVE-2004-0369;0.043720000;0.909310000
CVE-2004-0368;0.105750000;0.956320000
CVE-2004-0367;0.052750000;0.922750000
CVE-2004-0366;0.014670000;0.726450000
CVE-2004-0365;0.058910000;0.929660000
CVE-2004-0364;0.037330000;0.894400000
CVE-2004-0363;0.665670000;0.992640000
CVE-2004-0362;0.733300000;0.994480000
CVE-2004-0361;0.070450000;0.939740000
CVE-2004-0360;0.009550000;0.598380000
CVE-2004-0359;0.056180000;0.926680000
CVE-2004-0358;0.042230000;0.906510000
CVE-2004-0357;0.050400000;0.919890000
CVE-2004-0356;0.074890000;0.942730000
CVE-2004-0355;0.016940000;0.761910000
CVE-2004-0354;0.156430000;0.967340000
CVE-2004-0353;0.047170000;0.915080000
CVE-2004-0352;0.031650000;0.875030000
CVE-2004-0351;0.004980000;0.401930000
CVE-2004-0350;0.004580000;0.371610000
CVE-2004-0349;0.032060000;0.876690000
CVE-2004-0348;0.033100000;0.881050000
CVE-2004-0347;0.020690000;0.806470000
CVE-2004-0346;0.057360000;0.927890000
CVE-2004-0345;0.060160000;0.930890000
CVE-2004-0344;0.021560000;0.814350000
CVE-2004-0343;0.018410000;0.781330000
CVE-2004-0342;0.004450000;0.362040000
CVE-2004-0341;0.004360000;0.353520000
CVE-2004-0340;0.012950000;0.691630000
CVE-2004-0339;0.013620000;0.706490000
CVE-2004-0338;0.023580000;0.830740000
CVE-2004-0337;0.020000000;0.799180000
CVE-2004-0336;0.015480000;0.740190000
CVE-2004-0335;0.013880000;0.711640000
CVE-2004-0334;0.016820000;0.760090000
CVE-2004-0333;0.242260000;0.977820000
CVE-2004-0332;0.025080000;0.841230000
CVE-2004-0331;0.158300000;0.967670000
CVE-2004-0330;0.854700000;0.997160000
CVE-2004-0329;0.016790000;0.759650000
CVE-2004-0328;0.003580000;0.269910000
CVE-2004-0327;0.079510000;0.945460000
CVE-2004-0326;0.628090000;0.991710000
CVE-2004-0325;0.030300000;0.869780000
CVE-2004-0324;0.026590000;0.851000000
CVE-2004-0323;0.040220000;0.902230000
CVE-2004-0322;0.048360000;0.916840000
CVE-2004-0321;0.016340000;0.753130000
CVE-2004-0320;0.003360000;0.243710000
CVE-2004-0319;0.019900000;0.798240000
CVE-2004-0318;0.042430000;0.906860000
CVE-2004-0317;0.047410000;0.915480000
CVE-2004-0316;0.026020000;0.847460000
CVE-2004-0315;0.060830000;0.931610000
CVE-2004-0314;0.009630000;0.601130000
CVE-2004-0313;0.636050000;0.991900000
CVE-2004-0312;0.062220000;0.932920000
CVE-2004-0311;0.024700000;0.838740000
CVE-2004-0310;0.012920000;0.690850000
CVE-2004-0309;0.088440000;0.950280000
CVE-2004-0308;0.017480000;0.769000000
CVE-2004-0307;0.016340000;0.753110000
CVE-2004-0306;0.021170000;0.810940000
CVE-2004-0305;0.019900000;0.798240000
CVE-2004-0304;0.041480000;0.904980000
CVE-2004-0303;0.032210000;0.877450000
CVE-2004-0302;0.034240000;0.884790000
CVE-2004-0301;0.042230000;0.906510000
CVE-2004-0300;0.051700000;0.921510000
CVE-2004-0299;0.010320000;0.623090000
CVE-2004-0298;0.031000000;0.872460000
CVE-2004-0297;0.681290000;0.993070000
CVE-2004-0296;0.016970000;0.762300000
CVE-2004-0295;0.031340000;0.873820000
CVE-2004-0294;0.027310000;0.855180000
CVE-2004-0293;0.079510000;0.945460000
CVE-2004-0292;0.076250000;0.943590000
CVE-2004-0291;0.014190000;0.717340000
CVE-2004-0290;0.061490000;0.932220000
CVE-2004-0289;0.003710000;0.284340000
CVE-2004-0288;0.051780000;0.921630000
CVE-2004-0287;0.073250000;0.941770000
CVE-2004-0286;0.080880000;0.946220000
CVE-2004-0285;0.077900000;0.944540000
CVE-2004-0284;0.167680000;0.969360000
CVE-2004-0283;0.003290000;0.234910000
CVE-2004-0282;0.031340000;0.873830000
CVE-2004-0281;0.042000000;0.906020000
CVE-2004-0280;0.015310000;0.737290000
CVE-2004-0279;0.003370000;0.244790000
CVE-2004-0278;0.016990000;0.762570000
CVE-2004-0277;0.135790000;0.963330000
CVE-2004-0276;0.037260000;0.894160000
CVE-2004-0275;0.026060000;0.847740000
CVE-2004-0274;0.019650000;0.795480000
CVE-2004-0273;0.040020000;0.901810000
CVE-2004-0272;0.013320000;0.699730000
CVE-2004-0271;0.020930000;0.808850000
CVE-2004-0270;0.104090000;0.955790000
CVE-2004-0269;0.080950000;0.946260000
CVE-2004-0268;0.034470000;0.885680000
CVE-2004-0267;0.004620000;0.375030000
CVE-2004-0266;0.020510000;0.804640000
CVE-2004-0265;0.046340000;0.913910000
CVE-2004-0264;0.032400000;0.878050000
CVE-2004-0263;0.038860000;0.898670000
CVE-2004-0262;0.051780000;0.921630000
CVE-2004-0261;0.047660000;0.915860000
CVE-2004-0260;0.013510000;0.703880000
CVE-2004-0259;0.020630000;0.805780000
CVE-2004-0258;0.072070000;0.941000000
CVE-2004-0257;0.024730000;0.838880000
CVE-2004-0256;0.003480000;0.258260000
CVE-2004-0255;0.073790000;0.942100000
CVE-2004-0254;0.019900000;0.798240000
CVE-2004-0253;0.019630000;0.795300000
CVE-2004-0252;0.015910000;0.746710000
CVE-2004-0251;0.019900000;0.798230000
CVE-2004-0250;0.031910000;0.876050000
CVE-2004-0249;0.049310000;0.918280000
CVE-2004-0248;0.014900000;0.730530000
CVE-2004-0247;0.034380000;0.885340000
CVE-2004-0246;0.044230000;0.910130000
CVE-2004-0245;0.031580000;0.874780000
CVE-2004-0244;0.011010000;0.643220000
CVE-2004-0243;0.016820000;0.760150000
CVE-2004-0242;0.069260000;0.938780000
CVE-2004-0241;0.060280000;0.931020000
CVE-2004-0240;0.014880000;0.730120000
CVE-2004-0239;0.033060000;0.880910000
CVE-2004-0238;0.051560000;0.921380000
CVE-2004-0237;0.072660000;0.941370000
CVE-2004-0236;0.022260000;0.820250000
CVE-2004-0235;0.041220000;0.904420000
CVE-2004-0234;0.102620000;0.955350000
CVE-2004-0233;0.010950000;0.641790000
CVE-2004-0232;0.029450000;0.866110000
CVE-2004-0231;0.003800000;0.294080000
CVE-2004-0230;0.802860000;0.996110000
CVE-2004-0229;0.004070000;0.323200000
CVE-2004-0228;0.007720000;0.538490000
CVE-2004-0227;0.032180000;0.877290000
CVE-2004-0226;0.039360000;0.900150000
CVE-2004-0224;0.032570000;0.879000000
CVE-2004-0222;0.036500000;0.891940000
CVE-2004-0221;0.036190000;0.891040000
CVE-2004-0220;0.046040000;0.913430000
CVE-2004-0219;0.031100000;0.872830000
CVE-2004-0218;0.031820000;0.875730000
CVE-2004-0217;0.004580000;0.372080000
CVE-2004-0216;0.486710000;0.988330000
CVE-2004-0215;0.156340000;0.967320000
CVE-2004-0214;0.469780000;0.987930000
CVE-2004-0213;0.200700000;0.973650000
CVE-2004-0212;0.635000000;0.991880000
CVE-2004-0211;0.019490000;0.794010000
CVE-2004-0210;0.072140000;0.941060000
CVE-2004-0209;0.573830000;0.990500000
CVE-2004-0208;0.015500000;0.740700000
CVE-2004-0207;0.018240000;0.779300000
CVE-2004-0206;0.746570000;0.994880000
CVE-2004-0205;0.244760000;0.978050000
CVE-2004-0204;0.723680000;0.994220000
CVE-2004-0203;0.209820000;0.974920000
CVE-2004-0202;0.263010000;0.979370000
CVE-2004-0201;0.453140000;0.987490000
CVE-2004-0200;0.490240000;0.988440000
CVE-2004-0199;0.261330000;0.979270000
CVE-2004-0197;0.262630000;0.979360000
CVE-2004-0194;0.107370000;0.956800000
CVE-2004-0193;0.079980000;0.945690000
CVE-2004-0192;0.044800000;0.911230000
CVE-2004-0191;0.016090000;0.749350000
CVE-2004-0190;0.013940000;0.712720000
CVE-2004-0189;0.138070000;0.963930000
CVE-2004-0188;0.004770000;0.387220000
CVE-2004-0186;0.015950000;0.747230000
CVE-2004-0185;0.074490000;0.942500000
CVE-2004-0184;0.603460000;0.991140000
CVE-2004-0183;0.056220000;0.926720000
CVE-2004-0182;0.013440000;0.702510000
CVE-2004-0181;0.004230000;0.341070000
CVE-2004-0180;0.018320000;0.780160000
CVE-2004-0179;0.110560000;0.957720000
CVE-2004-0178;0.004420000;0.358530000
CVE-2004-0177;0.026030000;0.847550000
CVE-2004-0176;0.670920000;0.992790000
CVE-2004-0175;0.018200000;0.778740000
CVE-2004-0174;0.115490000;0.958900000
CVE-2004-0173;0.157630000;0.967560000
CVE-2004-0172;0.004770000;0.387220000
CVE-2004-0171;0.031690000;0.875200000
CVE-2004-0169;0.034740000;0.886590000
CVE-2004-0168;0.021560000;0.814400000
CVE-2004-0167;0.022720000;0.823790000
CVE-2004-0166;0.020680000;0.806370000
CVE-2004-0165;0.038070000;0.896510000
CVE-2004-0164;0.066640000;0.936560000
CVE-2004-0163;0.016160000;0.750350000
CVE-2004-0162;0.023830000;0.832270000
CVE-2004-0161;0.023830000;0.832270000
CVE-2004-0160;0.004060000;0.322170000
CVE-2004-0159;0.090220000;0.951080000
CVE-2004-0158;0.008900000;0.577510000
CVE-2004-0157;0.004220000;0.340100000
CVE-2004-0156;0.035040000;0.887530000
CVE-2004-0155;0.036250000;0.891160000
CVE-2004-0154;0.017340000;0.767150000
CVE-2004-0153;0.037280000;0.894200000
CVE-2004-0152;0.041460000;0.904950000
CVE-2004-0151;0.003970000;0.313000000
CVE-2004-0150;0.050840000;0.920450000
CVE-2004-0149;0.005080000;0.410220000
CVE-2004-0148;0.004420000;0.358590000
CVE-2004-0143;0.027670000;0.857330000
CVE-2004-0139;0.017030000;0.763090000
CVE-2004-0138;0.004270000;0.344030000
CVE-2004-0137;0.003340000;0.241940000
CVE-2004-0136;0.003550000;0.266770000
CVE-2004-0135;0.003400000;0.249090000
CVE-2004-0134;0.003370000;0.244800000
CVE-2004-0133;0.003710000;0.284760000
CVE-2004-0132;0.023750000;0.831780000
CVE-2004-0131;0.035420000;0.888620000
CVE-2004-0130;0.015480000;0.740160000
CVE-2004-0129;0.093320000;0.952190000
CVE-2004-0128;0.083060000;0.947430000
CVE-2004-0127;0.021940000;0.817610000
CVE-2004-0126;0.003310000;0.237400000
CVE-2004-0125;0.003370000;0.244800000
CVE-2004-0124;0.219760000;0.975850000
CVE-2004-0123;0.297480000;0.981410000
CVE-2004-0122;0.224670000;0.976260000
CVE-2004-0121;0.476760000;0.988090000
CVE-2004-0120;0.506590000;0.988830000
CVE-2004-0119;0.396240000;0.985690000
CVE-2004-0118;0.223490000;0.976160000
CVE-2004-0117;0.265030000;0.979460000
CVE-2004-0116;0.375520000;0.984870000
CVE-2004-0115;0.022280000;0.820410000
CVE-2004-0114;0.007240000;0.521540000
CVE-2004-0113;0.110080000;0.957610000
CVE-2004-0112;0.104240000;0.955830000
CVE-2004-0111;0.020720000;0.806780000
CVE-2004-0110;0.242320000;0.977830000
CVE-2004-0109;0.005570000;0.442010000
CVE-2004-0108;0.003600000;0.271910000
CVE-2004-0107;0.003920000;0.306610000
CVE-2004-0106;0.004290000;0.345940000
CVE-2004-0105;0.082270000;0.947000000
CVE-2004-0104;0.262200000;0.979330000
CVE-2004-0103;0.003820000;0.295910000
CVE-2004-0099;0.003300000;0.236020000
CVE-2004-0097;0.103090000;0.955500000
CVE-2004-0096;0.039190000;0.899640000
CVE-2004-0095;0.371990000;0.984740000
CVE-2004-0094;0.031030000;0.872560000
CVE-2004-0093;0.031030000;0.872560000
CVE-2004-0092;0.013850000;0.710880000
CVE-2004-0091;0.012080000;0.671590000
CVE-2004-0090;0.017150000;0.764760000
CVE-2004-0089;0.004380000;0.355370000
CVE-2004-0088;0.003350000;0.243290000
CVE-2004-0087;0.003350000;0.243290000
CVE-2004-0086;0.012600000;0.684200000
CVE-2004-0085;0.015610000;0.742290000
CVE-2004-0084;0.248630000;0.978370000
CVE-2004-0083;0.211750000;0.975110000
CVE-2004-0082;0.034970000;0.887310000
CVE-2004-0081;0.072290000;0.941140000
CVE-2004-0080;0.033320000;0.881790000
CVE-2004-0079;0.095370000;0.952940000
CVE-2004-0078;0.054270000;0.924280000
CVE-2004-0077;0.024340000;0.836200000
CVE-2004-0075;0.003920000;0.306640000
CVE-2004-0074;0.009930000;0.610890000
CVE-2004-0073;0.087730000;0.949980000
CVE-2004-0072;0.037110000;0.893630000
CVE-2004-0071;0.071410000;0.940530000
CVE-2004-0070;0.029570000;0.866600000
CVE-2004-0069;0.097730000;0.953760000
CVE-2004-0068;0.015040000;0.733020000
CVE-2004-0067;0.031480000;0.874380000
CVE-2004-0066;0.014090000;0.715580000
CVE-2004-0065;0.018980000;0.788290000
CVE-2004-0064;0.007600000;0.534580000
CVE-2004-0063;0.013260000;0.698420000
CVE-2004-0062;0.013170000;0.696560000
CVE-2004-0061;0.014350000;0.720350000
CVE-2004-0060;0.012590000;0.683990000
CVE-2004-0059;0.013120000;0.695240000
CVE-2004-0058;0.003890000;0.303450000
CVE-2004-0057;0.052750000;0.922750000
CVE-2004-0056;0.038110000;0.896670000
CVE-2004-0055;0.036290000;0.891290000
CVE-2004-0054;0.045720000;0.912890000
CVE-2004-0053;0.023830000;0.832280000
CVE-2004-0052;0.023830000;0.832270000
CVE-2004-0051;0.023830000;0.832280000
CVE-2004-0050;0.013880000;0.711660000
CVE-2004-0049;0.014740000;0.727700000
CVE-2004-0047;0.003600000;0.271910000
CVE-2004-0046;0.019290000;0.791670000
CVE-2004-0045;0.086220000;0.949190000
CVE-2004-0044;0.016840000;0.760460000
CVE-2004-0043;0.036010000;0.890500000
CVE-2004-0042;0.012260000;0.676210000
CVE-2004-0041;0.015850000;0.745900000
CVE-2004-0040;0.076230000;0.943570000
CVE-2004-0039;0.093140000;0.952120000
CVE-2004-0038;0.032060000;0.876700000
CVE-2004-0037;0.022100000;0.818940000
CVE-2004-0036;0.011850000;0.665540000
CVE-2004-0035;0.012430000;0.680290000
CVE-2004-0034;0.024870000;0.839820000
CVE-2004-0033;0.027910000;0.858650000
CVE-2004-0032;0.018370000;0.780880000
CVE-2004-0031;0.015490000;0.740370000
CVE-2004-0030;0.073470000;0.941890000
CVE-2004-0029;0.003610000;0.273060000
CVE-2004-0028;0.023610000;0.830910000
CVE-2004-0017;0.012430000;0.680300000
CVE-2004-0016;0.015900000;0.746500000
CVE-2004-0015;0.003460000;0.255140000
CVE-2004-0014;0.027870000;0.858490000
CVE-2004-0013;0.017980000;0.775790000
CVE-2004-0011;0.041770000;0.905550000
CVE-2004-0010;0.004670000;0.379050000
CVE-2004-0009;0.011660000;0.660240000
CVE-2004-0008;0.084970000;0.948520000
CVE-2004-0007;0.071850000;0.940890000
CVE-2004-0006;0.076050000;0.943430000
CVE-2004-0005;0.112140000;0.958190000
CVE-2004-0004;0.020900000;0.808500000
CVE-2004-0003;0.004440000;0.360590000
CVE-2004-0002;0.021100000;0.810430000
CVE-2004-0001;0.004360000;0.354240000
