CVE-2010-5340;0.008360000;0.560470000
CVE-2010-5339;0.008360000;0.560470000
CVE-2010-5338;0.008360000;0.560470000
CVE-2010-5337;0.008360000;0.560460000
CVE-2010-5336;0.008360000;0.560470000
CVE-2010-5335;0.028030000;0.859330000
CVE-2010-5334;0.025510000;0.844150000
CVE-2010-5333;0.160460000;0.968060000
CVE-2010-5332;0.003870000;0.300980000
CVE-2010-5331;0.003950000;0.311310000
CVE-2010-5330;0.393620000;0.985600000
CVE-2010-5329;0.003720000;0.285580000
CVE-2010-5328;0.004330000;0.350710000
CVE-2010-5327;0.027360000;0.855490000
CVE-2010-5326;0.177700000;0.970670000
CVE-2010-5325;0.054830000;0.924880000
CVE-2010-5324;0.718440000;0.994090000
CVE-2010-5323;0.143570000;0.964960000
CVE-2010-5322;0.025650000;0.845020000
CVE-2010-5321;0.004010000;0.317650000
CVE-2010-5320;0.006090000;0.470050000
CVE-2010-5319;0.006090000;0.470060000
CVE-2010-5318;0.017560000;0.770270000
CVE-2010-5317;0.012030000;0.669890000
CVE-2010-5316;0.009660000;0.601940000
CVE-2010-5315;0.010600000;0.631490000
CVE-2010-5314;0.009660000;0.601940000
CVE-2010-5313;0.003250000;0.229840000
CVE-2010-5312;0.183510000;0.971360000
CVE-2010-5310;0.016790000;0.759770000
CVE-2010-5309;0.016790000;0.759770000
CVE-2010-5308;0.018200000;0.778700000
CVE-2010-5307;0.016790000;0.759770000
CVE-2010-5306;0.018560000;0.783340000
CVE-2010-5305;0.056950000;0.927400000
CVE-2010-5304;0.031150000;0.873030000
CVE-2010-5303;0.009420000;0.594310000
CVE-2010-5302;0.009310000;0.591070000
CVE-2010-5301;0.106090000;0.956400000
CVE-2010-5300;0.146210000;0.965380000
CVE-2010-5299;0.335790000;0.983320000
CVE-2010-5298;0.341320000;0.983530000
CVE-2010-5297;0.022060000;0.818540000
CVE-2010-5296;0.016930000;0.761790000
CVE-2010-5295;0.018150000;0.778140000
CVE-2010-5294;0.013980000;0.713370000
CVE-2010-5293;0.025300000;0.842810000
CVE-2010-5292;0.002940000;0.197610000
CVE-2010-5291;0.011410000;0.653280000
CVE-2010-5290;0.055310000;0.925360000
CVE-2010-5289;0.023840000;0.832400000
CVE-2010-5288;0.030810000;0.871810000
CVE-2010-5287;0.011180000;0.647630000
CVE-2010-5286;0.121420000;0.960190000
CVE-2010-5285;0.013340000;0.700170000
CVE-2010-5284;0.019780000;0.796780000
CVE-2010-5283;0.006980000;0.511660000
CVE-2010-5282;0.013350000;0.700530000
CVE-2010-5281;0.022890000;0.825250000
CVE-2010-5280;0.054610000;0.924610000
CVE-2010-5279;0.012880000;0.690020000
CVE-2010-5278;0.186330000;0.971710000
CVE-2010-5277;0.010640000;0.632620000
CVE-2010-5276;0.010110000;0.616930000
CVE-2010-5275;0.011610000;0.658480000
CVE-2010-5274;0.003990000;0.315200000
CVE-2010-5273;0.003990000;0.315200000
CVE-2010-5272;0.004030000;0.318980000
CVE-2010-5271;0.003990000;0.315200000
CVE-2010-5270;0.008840000;0.575900000
CVE-2010-5269;0.004030000;0.318980000
CVE-2010-5268;0.003990000;0.315230000
CVE-2010-5267;0.003990000;0.315230000
CVE-2010-5266;0.004030000;0.318980000
CVE-2010-5265;0.003990000;0.315190000
CVE-2010-5264;0.004010000;0.317300000
CVE-2010-5263;0.003990000;0.315210000
CVE-2010-5262;0.004160000;0.333740000
CVE-2010-5261;0.003990000;0.315220000
CVE-2010-5260;0.004030000;0.318960000
CVE-2010-5259;0.004200000;0.337590000
CVE-2010-5258;0.008840000;0.575900000
CVE-2010-5257;0.003990000;0.315210000
CVE-2010-5256;0.003990000;0.315190000
CVE-2010-5255;0.003990000;0.315190000
CVE-2010-5254;0.004030000;0.318970000
CVE-2010-5253;0.005170000;0.416090000
CVE-2010-5252;0.004130000;0.329450000
CVE-2010-5251;0.004200000;0.337590000
CVE-2010-5250;0.004380000;0.355680000
CVE-2010-5249;0.004900000;0.396550000
CVE-2010-5248;0.003990000;0.315190000
CVE-2010-5247;0.005160000;0.415780000
CVE-2010-5246;0.004160000;0.333730000
CVE-2010-5245;0.003970000;0.313250000
CVE-2010-5244;0.003990000;0.315220000
CVE-2010-5243;0.003990000;0.315210000
CVE-2010-5242;0.004030000;0.318970000
CVE-2010-5241;0.008270000;0.557520000
CVE-2010-5240;0.028030000;0.859330000
CVE-2010-5239;0.010570000;0.630450000
CVE-2010-5238;0.005340000;0.427980000
CVE-2010-5237;0.004130000;0.329450000
CVE-2010-5236;0.010160000;0.618390000
CVE-2010-5235;0.003990000;0.315240000
CVE-2010-5234;0.004930000;0.398760000
CVE-2010-5233;0.003990000;0.315180000
CVE-2010-5232;0.004030000;0.318970000
CVE-2010-5231;0.003990000;0.315180000
CVE-2010-5230;0.008710000;0.571900000
CVE-2010-5229;0.003990000;0.315220000
CVE-2010-5228;0.035670000;0.889370000
CVE-2010-5227;0.009790000;0.606730000
CVE-2010-5226;0.004160000;0.333740000
CVE-2010-5225;0.003470000;0.256620000
CVE-2010-5224;0.003990000;0.315220000
CVE-2010-5223;0.003470000;0.256620000
CVE-2010-5222;0.003610000;0.273790000
CVE-2010-5221;0.003990000;0.315230000
CVE-2010-5220;0.003630000;0.275700000
CVE-2010-5219;0.003470000;0.256600000
CVE-2010-5218;0.003470000;0.256610000
CVE-2010-5217;0.004160000;0.333750000
CVE-2010-5216;0.003610000;0.273790000
CVE-2010-5215;0.003470000;0.256610000
CVE-2010-5214;0.003470000;0.256600000
CVE-2010-5213;0.009710000;0.603980000
CVE-2010-5212;0.008240000;0.556590000
CVE-2010-5211;0.003990000;0.315230000
CVE-2010-5210;0.003470000;0.256600000
CVE-2010-5209;0.003470000;0.256590000
CVE-2010-5208;0.003470000;0.256590000
CVE-2010-5207;0.004030000;0.318990000
CVE-2010-5206;0.003470000;0.256620000
CVE-2010-5205;0.004030000;0.318980000
CVE-2010-5204;0.003480000;0.257920000
CVE-2010-5203;0.003480000;0.257920000
CVE-2010-5202;0.003470000;0.256610000
CVE-2010-5201;0.003470000;0.256620000
CVE-2010-5200;0.003990000;0.315210000
CVE-2010-5199;0.003610000;0.273790000
CVE-2010-5198;0.003470000;0.256630000
CVE-2010-5197;0.003470000;0.256600000
CVE-2010-5196;0.005810000;0.455340000
CVE-2010-5195;0.008920000;0.578240000
CVE-2010-5194;0.063430000;0.933990000
CVE-2010-5193;0.319680000;0.982540000
CVE-2010-5192;0.020330000;0.802730000
CVE-2010-5191;0.012870000;0.689800000
CVE-2010-5190;0.014310000;0.719610000
CVE-2010-5189;0.018440000;0.781670000
CVE-2010-5188;0.020360000;0.803010000
CVE-2010-5187;0.012040000;0.670160000
CVE-2010-5186;0.022230000;0.820000000
CVE-2010-5185;0.012210000;0.674730000
CVE-2010-5184;0.002910000;0.194470000
CVE-2010-5183;0.002910000;0.194450000
CVE-2010-5182;0.002910000;0.194460000
CVE-2010-5181;0.003080000;0.211790000
CVE-2010-5180;0.002910000;0.194450000
CVE-2010-5179;0.003260000;0.231490000
CVE-2010-5178;0.002910000;0.194460000
CVE-2010-5177;0.004330000;0.350680000
CVE-2010-5176;0.002910000;0.194450000
CVE-2010-5175;0.003060000;0.209890000
CVE-2010-5174;0.002910000;0.194450000
CVE-2010-5173;0.002910000;0.194460000
CVE-2010-5172;0.002930000;0.196090000
CVE-2010-5171;0.003120000;0.216070000
CVE-2010-5170;0.003030000;0.206160000
CVE-2010-5169;0.002980000;0.201650000
CVE-2010-5168;0.003200000;0.224260000
CVE-2010-5167;0.003030000;0.206180000
CVE-2010-5166;0.003030000;0.206150000
CVE-2010-5165;0.003030000;0.206180000
CVE-2010-5164;0.003790000;0.293180000
CVE-2010-5163;0.003150000;0.219190000
CVE-2010-5162;0.003150000;0.219190000
CVE-2010-5161;0.003030000;0.206160000
CVE-2010-5160;0.003660000;0.278210000
CVE-2010-5159;0.002980000;0.201650000
CVE-2010-5158;0.003030000;0.206170000
CVE-2010-5157;0.003870000;0.301800000
CVE-2010-5156;0.003030000;0.206180000
CVE-2010-5155;0.003030000;0.206170000
CVE-2010-5154;0.003030000;0.206180000
CVE-2010-5153;0.006830000;0.505780000
CVE-2010-5152;0.003030000;0.206160000
CVE-2010-5151;0.003030000;0.206170000
CVE-2010-5150;0.003030000;0.206160000
CVE-2010-5149;0.015530000;0.741100000
CVE-2010-5148;0.013540000;0.704790000
CVE-2010-5147;0.012180000;0.674120000
CVE-2010-5146;0.003860000;0.300610000
CVE-2010-5145;0.013210000;0.697280000
CVE-2010-5144;0.014890000;0.730310000
CVE-2010-5143;0.002820000;0.186120000
CVE-2010-5142;0.015700000;0.743670000
CVE-2010-5141;0.022140000;0.819240000
CVE-2010-5140;0.023010000;0.826240000
CVE-2010-5139;0.026690000;0.851700000
CVE-2010-5138;0.019660000;0.795550000
CVE-2010-5137;0.024420000;0.836720000
CVE-2010-5111;0.034590000;0.886020000
CVE-2010-5110;0.029780000;0.867570000
CVE-2010-5109;0.023780000;0.831990000
CVE-2010-5108;0.013030000;0.693550000
CVE-2010-5107;0.165100000;0.968920000
CVE-2010-5106;0.021760000;0.815960000
CVE-2010-5105;0.003440000;0.252980000
CVE-2010-5104;0.016480000;0.755230000
CVE-2010-5103;0.013050000;0.693890000
CVE-2010-5102;0.025540000;0.844320000
CVE-2010-5101;0.018970000;0.788120000
CVE-2010-5100;0.011070000;0.644650000
CVE-2010-5099;0.031170000;0.873130000
CVE-2010-5098;0.018330000;0.780310000
CVE-2010-5097;0.016130000;0.749860000
CVE-2010-5096;0.055780000;0.926020000
CVE-2010-5095;0.016470000;0.755050000
CVE-2010-5094;0.017350000;0.767340000
CVE-2010-5093;0.015470000;0.740010000
CVE-2010-5092;0.003510000;0.262320000
CVE-2010-5091;0.013710000;0.708140000
CVE-2010-5090;0.010860000;0.638910000
CVE-2010-5089;0.018220000;0.779040000
CVE-2010-5088;0.010140000;0.618040000
CVE-2010-5087;0.029550000;0.866520000
CVE-2010-5086;0.018290000;0.779800000
CVE-2010-5085;0.007780000;0.540880000
CVE-2010-5084;0.005300000;0.424970000
CVE-2010-5083;0.011000000;0.643050000
CVE-2010-5082;0.149400000;0.965950000
CVE-2010-5081;0.308500000;0.981940000
CVE-2010-5080;0.012230000;0.675560000
CVE-2010-5079;0.018790000;0.785890000
CVE-2010-5078;0.019040000;0.788840000
CVE-2010-5077;0.021100000;0.810430000
CVE-2010-5076;0.014020000;0.714380000
CVE-2010-5075;0.009070000;0.582910000
CVE-2010-5074;0.006440000;0.488040000
CVE-2010-5073;0.008280000;0.557880000
CVE-2010-5072;0.011400000;0.653020000
CVE-2010-5071;0.127400000;0.961380000
CVE-2010-5070;0.016360000;0.753520000
CVE-2010-5069;0.008210000;0.555630000
CVE-2010-5068;0.010370000;0.624700000
CVE-2010-5067;0.013440000;0.702600000
CVE-2010-5066;0.011790000;0.664020000
CVE-2010-5065;0.013740000;0.709000000
CVE-2010-5064;0.009840000;0.608300000
CVE-2010-5063;0.011130000;0.646240000
CVE-2010-5062;0.023200000;0.827730000
CVE-2010-5061;0.011100000;0.645510000
CVE-2010-5060;0.020930000;0.808810000
CVE-2010-5059;0.020930000;0.808810000
CVE-2010-5058;0.009270000;0.589300000
CVE-2010-5057;0.023200000;0.827720000
CVE-2010-5056;0.023200000;0.827730000
CVE-2010-5055;0.023690000;0.831350000
CVE-2010-5054;0.010420000;0.626300000
CVE-2010-5053;0.020890000;0.808450000
CVE-2010-5052;0.029870000;0.867900000
CVE-2010-5051;0.015280000;0.736850000
CVE-2010-5050;0.031520000;0.874510000
CVE-2010-5049;0.011700000;0.661160000
CVE-2010-5048;0.017450000;0.768560000
CVE-2010-5047;0.022920000;0.825500000
CVE-2010-5046;0.017860000;0.774240000
CVE-2010-5045;0.014800000;0.728680000
CVE-2010-5044;0.009590000;0.599740000
CVE-2010-5043;0.008450000;0.563000000
CVE-2010-5042;0.017180000;0.765190000
CVE-2010-5041;0.011510000;0.656120000
CVE-2010-5040;0.020050000;0.800100000
CVE-2010-5039;0.010210000;0.619800000
CVE-2010-5038;0.015460000;0.739820000
CVE-2010-5037;0.020440000;0.803870000
CVE-2010-5036;0.011510000;0.656030000
CVE-2010-5035;0.017760000;0.773050000
CVE-2010-5034;0.011510000;0.656100000
CVE-2010-5033;0.010170000;0.618610000
CVE-2010-5032;0.016900000;0.761340000
CVE-2010-5031;0.010960000;0.641850000
CVE-2010-5030;0.012720000;0.686680000
CVE-2010-5029;0.011510000;0.656110000
CVE-2010-5028;0.092470000;0.951890000
CVE-2010-5027;0.017760000;0.773040000
CVE-2010-5026;0.014920000;0.730890000
CVE-2010-5025;0.017200000;0.765390000
CVE-2010-5024;0.009520000;0.597730000
CVE-2010-5023;0.011510000;0.656120000
CVE-2010-5022;0.009070000;0.582970000
CVE-2010-5021;0.011890000;0.666520000
CVE-2010-5020;0.009800000;0.606980000
CVE-2010-5019;0.020400000;0.803440000
CVE-2010-5018;0.014820000;0.729090000
CVE-2010-5017;0.010230000;0.620390000
CVE-2010-5016;0.009900000;0.610310000
CVE-2010-5015;0.010230000;0.620390000
CVE-2010-5014;0.009900000;0.610310000
CVE-2010-5013;0.011890000;0.666470000
CVE-2010-5012;0.011890000;0.666510000
CVE-2010-5011;0.010170000;0.618590000
CVE-2010-5010;0.017760000;0.773050000
CVE-2010-5009;0.011510000;0.656110000
CVE-2010-5008;0.010230000;0.620380000
CVE-2010-5007;0.017200000;0.765390000
CVE-2010-5006;0.011610000;0.658790000
CVE-2010-5005;0.008450000;0.563250000
CVE-2010-5004;0.009070000;0.582980000
CVE-2010-5003;0.015880000;0.746300000
CVE-2010-5002;0.017300000;0.766670000
CVE-2010-5001;0.009900000;0.610310000
CVE-2010-5000;0.010230000;0.620380000
CVE-2010-4999;0.009900000;0.610280000
CVE-2010-4998;0.029310000;0.865540000
CVE-2010-4997;0.009070000;0.583080000
CVE-2010-4996;0.009990000;0.612790000
CVE-2010-4995;0.011510000;0.656130000
CVE-2010-4994;0.011900000;0.666900000
CVE-2010-4993;0.010170000;0.618600000
CVE-2010-4992;0.010170000;0.618610000
CVE-2010-4991;0.009800000;0.606980000
CVE-2010-4990;0.009900000;0.610310000
CVE-2010-4989;0.009800000;0.606970000
CVE-2010-4988;0.023490000;0.829990000
CVE-2010-4987;0.009900000;0.610320000
CVE-2010-4986;0.009070000;0.583030000
CVE-2010-4985;0.015190000;0.735320000
CVE-2010-4984;0.010170000;0.618600000
CVE-2010-4983;0.011890000;0.666480000
CVE-2010-4982;0.009920000;0.610540000
CVE-2010-4981;0.010210000;0.619810000
CVE-2010-4980;0.023590000;0.830800000
CVE-2010-4979;0.009860000;0.608810000
CVE-2010-4978;0.014730000;0.727580000
CVE-2010-4977;0.152510000;0.966510000
CVE-2010-4976;0.017360000;0.767440000
CVE-2010-4975;0.009800000;0.606990000
CVE-2010-4974;0.011890000;0.666480000
CVE-2010-4973;0.008550000;0.566630000
CVE-2010-4972;0.011890000;0.666500000
CVE-2010-4971;0.015280000;0.736720000
CVE-2010-4970;0.010230000;0.620380000
CVE-2010-4969;0.009260000;0.588890000
CVE-2010-4968;0.009860000;0.608790000
CVE-2010-4967;0.020410000;0.803640000
CVE-2010-4966;0.014580000;0.724720000
CVE-2010-4965;0.028160000;0.859970000
CVE-2010-4964;0.037730000;0.895530000
CVE-2010-4963;0.011890000;0.666500000
CVE-2010-4962;0.018620000;0.783990000
CVE-2010-4961;0.010840000;0.638420000
CVE-2010-4960;0.012230000;0.675340000
CVE-2010-4959;0.011510000;0.656150000
CVE-2010-4958;0.013480000;0.703270000
CVE-2010-4957;0.012580000;0.683820000
CVE-2010-4956;0.012230000;0.675360000
CVE-2010-4955;0.010170000;0.618610000
CVE-2010-4954;0.009860000;0.608790000
CVE-2010-4953;0.032850000;0.880080000
CVE-2010-4952;0.010840000;0.638420000
CVE-2010-4951;0.010420000;0.626290000
CVE-2010-4950;0.010010000;0.613630000
CVE-2010-4949;0.016870000;0.761000000
CVE-2010-4948;0.020410000;0.803540000
CVE-2010-4947;0.011960000;0.668370000
CVE-2010-4946;0.009020000;0.581420000
CVE-2010-4945;0.013050000;0.693860000
CVE-2010-4944;0.009070000;0.583050000
CVE-2010-4943;0.020410000;0.803540000
CVE-2010-4942;0.011240000;0.649180000
CVE-2010-4941;0.010210000;0.619790000
CVE-2010-4940;0.010170000;0.618600000
CVE-2010-4939;0.020410000;0.803540000
CVE-2010-4938;0.009020000;0.581410000
CVE-2010-4937;0.010210000;0.619770000
CVE-2010-4936;0.011540000;0.656990000
CVE-2010-4935;0.009020000;0.581430000
CVE-2010-4934;0.009020000;0.581420000
CVE-2010-4933;0.009860000;0.608800000
CVE-2010-4932;0.008710000;0.571830000
CVE-2010-4931;0.156370000;0.967320000
CVE-2010-4930;0.033870000;0.883600000
CVE-2010-4929;0.009070000;0.583070000
CVE-2010-4928;0.014730000;0.727570000
CVE-2010-4927;0.009860000;0.608800000
CVE-2010-4926;0.011890000;0.666480000
CVE-2010-4925;0.011510000;0.656150000
CVE-2010-4924;0.023230000;0.828000000
CVE-2010-4923;0.011610000;0.658790000
CVE-2010-4922;0.011450000;0.654080000
CVE-2010-4921;0.011890000;0.666490000
CVE-2010-4920;0.009800000;0.606970000
CVE-2010-4919;0.009800000;0.606990000
CVE-2010-4918;0.023380000;0.829160000
CVE-2010-4917;0.011510000;0.656140000
CVE-2010-4916;0.011510000;0.656210000
CVE-2010-4915;0.011510000;0.656160000
CVE-2010-4914;0.020520000;0.804710000
CVE-2010-4913;0.015280000;0.736710000
CVE-2010-4912;0.009860000;0.608780000
CVE-2010-4911;0.009860000;0.608810000
CVE-2010-4910;0.011510000;0.656160000
CVE-2010-4909;0.015090000;0.733860000
CVE-2010-4908;0.012220000;0.675130000
CVE-2010-4907;0.017300000;0.766660000
CVE-2010-4906;0.011370000;0.652340000
CVE-2010-4905;0.010190000;0.619130000
CVE-2010-4904;0.009920000;0.610550000
CVE-2010-4903;0.011170000;0.647460000
CVE-2010-4902;0.011610000;0.658780000
CVE-2010-4901;0.017300000;0.766660000
CVE-2010-4900;0.011580000;0.657790000
CVE-2010-4899;0.011450000;0.654080000
CVE-2010-4898;0.010210000;0.619780000
CVE-2010-4897;0.010720000;0.635020000
CVE-2010-4896;0.010860000;0.639030000
CVE-2010-4895;0.022580000;0.822760000
CVE-2010-4894;0.019680000;0.795790000
CVE-2010-4893;0.015360000;0.738270000
CVE-2010-4892;0.010420000;0.626270000
CVE-2010-4891;0.010720000;0.635030000
CVE-2010-4890;0.010420000;0.626270000
CVE-2010-4889;0.021180000;0.811070000
CVE-2010-4888;0.010130000;0.617520000
CVE-2010-4887;0.010130000;0.617520000
CVE-2010-4886;0.010530000;0.629600000
CVE-2010-4885;0.010530000;0.629590000
CVE-2010-4884;0.058340000;0.929090000
CVE-2010-4883;0.019780000;0.796730000
CVE-2010-4882;0.014870000;0.730000000
CVE-2010-4881;0.006390000;0.485140000
CVE-2010-4880;0.010890000;0.639770000
CVE-2010-4879;0.052270000;0.922240000
CVE-2010-4878;0.020410000;0.803540000
CVE-2010-4877;0.015040000;0.732950000
CVE-2010-4876;0.009070000;0.582960000
CVE-2010-4875;0.039680000;0.901000000
CVE-2010-4874;0.021540000;0.814220000
CVE-2010-4873;0.017760000;0.773040000
CVE-2010-4872;0.009900000;0.610300000
CVE-2010-4871;0.015240000;0.736140000
CVE-2010-4870;0.011820000;0.664840000
CVE-2010-4869;0.009860000;0.608790000
CVE-2010-4868;0.014730000;0.727570000
CVE-2010-4867;0.024380000;0.836440000
CVE-2010-4866;0.010170000;0.618610000
CVE-2010-4865;0.015860000;0.746010000
CVE-2010-4864;0.009860000;0.608800000
CVE-2010-4863;0.033360000;0.881940000
CVE-2010-4862;0.010210000;0.619790000
CVE-2010-4861;0.012100000;0.672130000
CVE-2010-4860;0.009860000;0.608780000
CVE-2010-4859;0.011540000;0.656980000
CVE-2010-4858;0.027240000;0.854830000
CVE-2010-4857;0.010170000;0.618600000
CVE-2010-4856;0.009020000;0.581430000
CVE-2010-4855;0.009920000;0.610540000
CVE-2010-4854;0.010070000;0.615520000
CVE-2010-4853;0.009860000;0.608780000
CVE-2010-4852;0.015190000;0.735320000
CVE-2010-4851;0.023260000;0.828190000
CVE-2010-4850;0.017660000;0.771560000
CVE-2010-4849;0.009070000;0.583040000
CVE-2010-4848;0.011230000;0.648830000
CVE-2010-4847;0.011510000;0.656180000
CVE-2010-4846;0.009900000;0.610280000
CVE-2010-4845;0.009900000;0.610280000
CVE-2010-4844;0.011510000;0.656190000
CVE-2010-4843;0.010170000;0.618620000
CVE-2010-4842;0.009800000;0.606970000
CVE-2010-4841;0.018340000;0.780500000
CVE-2010-4840;0.021510000;0.813980000
CVE-2010-4839;0.026990000;0.853440000
CVE-2010-4838;0.008450000;0.563000000
CVE-2010-4837;0.015260000;0.736470000
CVE-2010-4836;0.017900000;0.774720000
CVE-2010-4835;0.023360000;0.829010000
CVE-2010-4834;0.008990000;0.580270000
CVE-2010-4833;0.020040000;0.799680000
CVE-2010-4832;0.007870000;0.543820000
CVE-2010-4831;0.003900000;0.304220000
CVE-2010-4830;0.010210000;0.619780000
CVE-2010-4829;0.009900000;0.610280000
CVE-2010-4828;0.050730000;0.920290000
CVE-2010-4827;0.010530000;0.629590000
CVE-2010-4826;0.010840000;0.638430000
CVE-2010-4825;0.019210000;0.790820000
CVE-2010-4824;0.025570000;0.844540000
CVE-2010-4823;0.017300000;0.766780000
CVE-2010-4822;0.015460000;0.739770000
CVE-2010-4821;0.047400000;0.915460000
CVE-2010-4820;0.004710000;0.382880000
CVE-2010-4819;0.003400000;0.248560000
CVE-2010-4818;0.053470000;0.923480000
CVE-2010-4817;0.004060000;0.322330000
CVE-2010-4816;0.024180000;0.835020000
CVE-2010-4815;0.023240000;0.828040000
CVE-2010-4814;0.009900000;0.610290000
CVE-2010-4813;0.008850000;0.576010000
CVE-2010-4812;0.009500000;0.597020000
CVE-2010-4811;0.010420000;0.626280000
CVE-2010-4810;0.023230000;0.828000000
CVE-2010-4809;0.009900000;0.610290000
CVE-2010-4808;0.009900000;0.610320000
CVE-2010-4807;0.005890000;0.459670000
CVE-2010-4806;0.010270000;0.621750000
CVE-2010-4805;0.035860000;0.890060000
CVE-2010-4804;0.269520000;0.979740000
CVE-2010-4803;0.020290000;0.802410000
CVE-2010-4802;0.020780000;0.807220000
CVE-2010-4801;0.019970000;0.798900000
CVE-2010-4800;0.011890000;0.666530000
CVE-2010-4799;0.010820000;0.637630000
CVE-2010-4798;0.023310000;0.828580000
CVE-2010-4797;0.011510000;0.656180000
CVE-2010-4796;0.010840000;0.638440000
CVE-2010-4795;0.011500000;0.655660000
CVE-2010-4794;0.017180000;0.765200000
CVE-2010-4793;0.011510000;0.656070000
CVE-2010-4792;0.017200000;0.765380000
CVE-2010-4791;0.011510000;0.656140000
CVE-2010-4790;0.011370000;0.652090000
CVE-2010-4789;0.011380000;0.652440000
CVE-2010-4788;0.008830000;0.575470000
CVE-2010-4787;0.008830000;0.575460000
CVE-2010-4786;0.008830000;0.575470000
CVE-2010-4785;0.012780000;0.688060000
CVE-2010-4784;0.011170000;0.647320000
CVE-2010-4783;0.017800000;0.773510000
CVE-2010-4782;0.010300000;0.622690000
CVE-2010-4781;0.030230000;0.869450000
CVE-2010-4780;0.015880000;0.746300000
CVE-2010-4779;0.019010000;0.788510000
CVE-2010-4778;0.009020000;0.581280000
CVE-2010-4777;0.060180000;0.930910000
CVE-2010-4776;0.009860000;0.608790000
CVE-2010-4775;0.014890000;0.730380000
CVE-2010-4774;0.009260000;0.588890000
CVE-2010-4773;0.052650000;0.922650000
CVE-2010-4772;0.014640000;0.725750000
CVE-2010-4771;0.009800000;0.606990000
CVE-2010-4770;0.010440000;0.626930000
CVE-2010-4769;0.075930000;0.943350000
CVE-2010-4768;0.009720000;0.604590000
CVE-2010-4767;0.016940000;0.761840000
CVE-2010-4766;0.010920000;0.640420000
CVE-2010-4765;0.006170000;0.474350000
CVE-2010-4764;0.014660000;0.726430000
CVE-2010-4763;0.015700000;0.743570000
CVE-2010-4762;0.010440000;0.627000000
CVE-2010-4761;0.012890000;0.690250000
CVE-2010-4760;0.011720000;0.661610000
CVE-2010-4759;0.013390000;0.701420000
CVE-2010-4758;0.003750000;0.288570000
CVE-2010-4757;0.012850000;0.689410000
CVE-2010-4756;0.026110000;0.848040000
CVE-2010-4755;0.077920000;0.944560000
CVE-2010-4754;0.014780000;0.728440000
CVE-2010-4753;0.010420000;0.626310000
CVE-2010-4752;0.009010000;0.580970000
CVE-2010-4751;0.008240000;0.556450000
CVE-2010-4750;0.010210000;0.619830000
CVE-2010-4749;0.020160000;0.801090000
CVE-2010-4748;0.012700000;0.686350000
CVE-2010-4747;0.035090000;0.887670000
CVE-2010-4746;0.016590000;0.756750000
CVE-2010-4745;0.012700000;0.686330000
CVE-2010-4744;0.025830000;0.846220000
CVE-2010-4743;0.032180000;0.877270000
CVE-2010-4742;0.563700000;0.990260000
CVE-2010-4741;0.278410000;0.980330000
CVE-2010-4740;0.416190000;0.986370000
CVE-2010-4739;0.013460000;0.702920000
CVE-2010-4738;0.018040000;0.776560000
CVE-2010-4737;0.010210000;0.619800000
CVE-2010-4736;0.010210000;0.619790000
CVE-2010-4735;0.009900000;0.610300000
CVE-2010-4734;0.017780000;0.773260000
CVE-2010-4733;0.022980000;0.825970000
CVE-2010-4732;0.045110000;0.911780000
CVE-2010-4731;0.016440000;0.754640000
CVE-2010-4730;0.018560000;0.783320000
CVE-2010-4729;0.005240000;0.421570000
CVE-2010-4728;0.009490000;0.596490000
CVE-2010-4727;0.018820000;0.786280000
CVE-2010-4726;0.018820000;0.786280000
CVE-2010-4725;0.018820000;0.786280000
CVE-2010-4724;0.018820000;0.786290000
CVE-2010-4723;0.016560000;0.756270000
CVE-2010-4722;0.018820000;0.786280000
CVE-2010-4721;0.023740000;0.831750000
CVE-2010-4720;0.017220000;0.765720000
CVE-2010-4719;0.153780000;0.966690000
CVE-2010-4718;0.017200000;0.765470000
CVE-2010-4717;0.099320000;0.954350000
CVE-2010-4716;0.018480000;0.782200000
CVE-2010-4715;0.282680000;0.980570000
CVE-2010-4714;0.061210000;0.931940000
CVE-2010-4713;0.056970000;0.927420000
CVE-2010-4712;0.068800000;0.938380000
CVE-2010-4711;0.135860000;0.963350000
CVE-2010-4710;0.022300000;0.820600000
CVE-2010-4709;0.161950000;0.968310000
CVE-2010-4708;0.003690000;0.281820000
CVE-2010-4707;0.003600000;0.271820000
CVE-2010-4706;0.003680000;0.281090000
CVE-2010-4705;0.013180000;0.696700000
CVE-2010-4704;0.030050000;0.868770000
CVE-2010-4703;0.011470000;0.654660000
CVE-2010-4702;0.010840000;0.638430000
CVE-2010-4701;0.478320000;0.988120000
CVE-2010-4700;0.014640000;0.725720000
CVE-2010-4699;0.016280000;0.752060000
CVE-2010-4698;0.035190000;0.887940000
CVE-2010-4697;0.022650000;0.823220000
CVE-2010-4696;0.010840000;0.638420000
CVE-2010-4695;0.024450000;0.836940000
CVE-2010-4694;0.020060000;0.800230000
CVE-2010-4693;0.018060000;0.776810000
CVE-2010-4692;0.025990000;0.847350000
CVE-2010-4691;0.025990000;0.847350000
CVE-2010-4690;0.020470000;0.804190000
CVE-2010-4689;0.025750000;0.845670000
CVE-2010-4688;0.025990000;0.847340000
CVE-2010-4687;0.018130000;0.777840000
CVE-2010-4686;0.031790000;0.875610000
CVE-2010-4685;0.007690000;0.537880000
CVE-2010-4684;0.025950000;0.847080000
CVE-2010-4683;0.031790000;0.875620000
CVE-2010-4682;0.029100000;0.864600000
CVE-2010-4681;0.023370000;0.829100000
CVE-2010-4680;0.028280000;0.860600000
CVE-2010-4679;0.011400000;0.652920000
CVE-2010-4678;0.023370000;0.829090000
CVE-2010-4677;0.022440000;0.821720000
CVE-2010-4676;0.020560000;0.805070000
CVE-2010-4675;0.028280000;0.860600000
CVE-2010-4674;0.025990000;0.847350000
CVE-2010-4673;0.025950000;0.847070000
CVE-2010-4672;0.025990000;0.847340000
CVE-2010-4671;0.036180000;0.891000000
CVE-2010-4670;0.032120000;0.876940000
CVE-2010-4669;0.291100000;0.981090000
CVE-2010-4668;0.004050000;0.321210000
CVE-2010-4667;0.010530000;0.629600000
CVE-2010-4666;0.020790000;0.807380000
CVE-2010-4665;0.026210000;0.848630000
CVE-2010-4664;0.012080000;0.671330000
CVE-2010-4663;0.014740000;0.727760000
CVE-2010-4662;0.008490000;0.564540000
CVE-2010-4661;0.004130000;0.329910000
CVE-2010-4660;0.013150000;0.696060000
CVE-2010-4659;0.009210000;0.587300000
CVE-2010-4658;0.008530000;0.566040000
CVE-2010-4657;0.015410000;0.738970000
CVE-2010-4656;0.003960000;0.311370000
CVE-2010-4655;0.003970000;0.312620000
CVE-2010-4654;0.011610000;0.658860000
CVE-2010-4653;0.018220000;0.778970000
CVE-2010-4652;0.112440000;0.958250000
CVE-2010-4651;0.048740000;0.917420000
CVE-2010-4650;0.003860000;0.300070000
CVE-2010-4649;0.003520000;0.262750000
CVE-2010-4648;0.015300000;0.737110000
CVE-2010-4647;0.057060000;0.927500000
CVE-2010-4646;0.010860000;0.639020000
CVE-2010-4645;0.151030000;0.966230000
CVE-2010-4644;0.044600000;0.910960000
CVE-2010-4643;0.101020000;0.954870000
CVE-2010-4642;0.010860000;0.639050000
CVE-2010-4641;0.011170000;0.647470000
CVE-2010-4640;0.012630000;0.684940000
CVE-2010-4639;0.011540000;0.656980000
CVE-2010-4638;0.009200000;0.587050000
CVE-2010-4637;0.019210000;0.790820000
CVE-2010-4636;0.010210000;0.619800000
CVE-2010-4635;0.011510000;0.656120000
CVE-2010-4634;0.024960000;0.840410000
CVE-2010-4633;0.009860000;0.608800000
CVE-2010-4632;0.011510000;0.656120000
CVE-2010-4631;0.017760000;0.773050000
CVE-2010-4630;0.019040000;0.788870000
CVE-2010-4629;0.017070000;0.763730000
CVE-2010-4628;0.016530000;0.755870000
CVE-2010-4627;0.010120000;0.617310000
CVE-2010-4626;0.021540000;0.814190000
CVE-2010-4625;0.022190000;0.819650000
CVE-2010-4624;0.019810000;0.797080000
CVE-2010-4623;0.011250000;0.649420000
CVE-2010-4622;0.029320000;0.865580000
CVE-2010-4619;0.009990000;0.612790000
CVE-2010-4618;0.010530000;0.629610000
CVE-2010-4617;0.085330000;0.948710000
CVE-2010-4616;0.011070000;0.644670000
CVE-2010-4615;0.009900000;0.610300000
CVE-2010-4614;0.009920000;0.610540000
CVE-2010-4613;0.060510000;0.931260000
CVE-2010-4612;0.016950000;0.761960000
CVE-2010-4611;0.024920000;0.840220000
CVE-2010-4610;0.014820000;0.729080000
CVE-2010-4609;0.009920000;0.610540000
CVE-2010-4608;0.024920000;0.840220000
CVE-2010-4607;0.015810000;0.745290000
CVE-2010-4606;0.050670000;0.920220000
CVE-2010-4605;0.003990000;0.314750000
CVE-2010-4604;0.009370000;0.592850000
CVE-2010-4603;0.017440000;0.768480000
CVE-2010-4602;0.011500000;0.655700000
CVE-2010-4601;0.012390000;0.679190000
CVE-2010-4600;0.012290000;0.676840000
CVE-2010-4599;0.003300000;0.235830000
CVE-2010-4598;0.264820000;0.979450000
CVE-2010-4597;0.188230000;0.971920000
CVE-2010-4596;0.050300000;0.919650000
CVE-2010-4595;0.012600000;0.684160000
CVE-2010-4594;0.009720000;0.604530000
CVE-2010-4593;0.011250000;0.649430000
CVE-2010-4592;0.011990000;0.668880000
CVE-2010-4591;0.002800000;0.183200000
CVE-2010-4590;0.010530000;0.629610000
CVE-2010-4589;0.010860000;0.639010000
CVE-2010-4588;0.328220000;0.983000000
CVE-2010-4587;0.023370000;0.829090000
CVE-2010-4586;0.020640000;0.805920000
CVE-2010-4585;0.022620000;0.823050000
CVE-2010-4584;0.009070000;0.582830000
CVE-2010-4583;0.014380000;0.720780000
CVE-2010-4582;0.023150000;0.827370000
CVE-2010-4581;0.020820000;0.807650000
CVE-2010-4580;0.021880000;0.816860000
CVE-2010-4579;0.017600000;0.770710000
CVE-2010-4578;0.016520000;0.755780000
CVE-2010-4577;0.022090000;0.818860000
CVE-2010-4576;0.016670000;0.757990000
CVE-2010-4575;0.014060000;0.714960000
CVE-2010-4574;0.017980000;0.775690000
CVE-2010-4573;0.025160000;0.841850000
CVE-2010-4572;0.018000000;0.775970000
CVE-2010-4570;0.017390000;0.767800000
CVE-2010-4569;0.017240000;0.765880000
CVE-2010-4568;0.025310000;0.842890000
CVE-2010-4567;0.017850000;0.774150000
CVE-2010-4566;0.277950000;0.980300000
CVE-2010-4565;0.004910000;0.397630000
CVE-2010-4563;0.028920000;0.863710000
CVE-2010-4562;0.143320000;0.964910000
CVE-2010-4558;0.014370000;0.720670000
CVE-2010-4557;0.120850000;0.960090000
CVE-2010-4556;0.061490000;0.932210000
CVE-2010-4555;0.023480000;0.829950000
CVE-2010-4554;0.018070000;0.776930000
CVE-2010-4553;0.014090000;0.715430000
CVE-2010-4552;0.021940000;0.817380000
CVE-2010-4551;0.017350000;0.767330000
CVE-2010-4550;0.014090000;0.715430000
CVE-2010-4549;0.011750000;0.662710000
CVE-2010-4548;0.014820000;0.729050000
CVE-2010-4547;0.009000000;0.580570000
CVE-2010-4546;0.011750000;0.662720000
CVE-2010-4545;0.011250000;0.649430000
CVE-2010-4544;0.010530000;0.629590000
CVE-2010-4543;0.162730000;0.968460000
CVE-2010-4542;0.055690000;0.925900000
CVE-2010-4541;0.068120000;0.937870000
CVE-2010-4540;0.060740000;0.931500000
CVE-2010-4539;0.051360000;0.921060000
CVE-2010-4538;0.289830000;0.981020000
CVE-2010-4537;0.011750000;0.662840000
CVE-2010-4536;0.034450000;0.885640000
CVE-2010-4535;0.034050000;0.884270000
CVE-2010-4534;0.024810000;0.839440000
CVE-2010-4533;0.010330000;0.623860000
CVE-2010-4532;0.006260000;0.478760000
CVE-2010-4531;0.004980000;0.402280000
CVE-2010-4530;0.005420000;0.433000000
CVE-2010-4529;0.003950000;0.310450000
CVE-2010-4528;0.025480000;0.843900000
CVE-2010-4527;0.004940000;0.399400000
CVE-2010-4526;0.025230000;0.842300000
CVE-2010-4525;0.003410000;0.249990000
CVE-2010-4524;0.027000000;0.853510000
CVE-2010-4523;0.008620000;0.568910000
CVE-2010-4522;0.010420000;0.626270000
CVE-2010-4521;0.018590000;0.783730000
CVE-2010-4520;0.010420000;0.626290000
CVE-2010-4519;0.006150000;0.473560000
CVE-2010-4518;0.035230000;0.888050000
CVE-2010-4517;0.009500000;0.596800000
CVE-2010-4516;0.010420000;0.626290000
CVE-2010-4515;0.017760000;0.773090000
CVE-2010-4514;0.015260000;0.736470000
CVE-2010-4513;0.018080000;0.777100000
CVE-2010-4512;0.003170000;0.220850000
CVE-2010-4511;0.015490000;0.740480000
CVE-2010-4509;0.015150000;0.734770000
CVE-2010-4508;0.012990000;0.692430000
CVE-2010-4507;0.018320000;0.780290000
CVE-2010-4506;0.007700000;0.538180000
CVE-2010-4505;0.009730000;0.605160000
CVE-2010-4504;0.011280000;0.650170000
CVE-2010-4503;0.009800000;0.606980000
CVE-2010-4502;0.011640000;0.659620000
CVE-2010-4500;0.009170000;0.586170000
CVE-2010-4499;0.013140000;0.695650000
CVE-2010-4498;0.017000000;0.762710000
CVE-2010-4497;0.012920000;0.691030000
CVE-2010-4496;0.013300000;0.699140000
CVE-2010-4495;0.029630000;0.866900000
CVE-2010-4494;0.059320000;0.930060000
CVE-2010-4493;0.013560000;0.705170000
CVE-2010-4492;0.016240000;0.751530000
CVE-2010-4491;0.008970000;0.579550000
CVE-2010-4490;0.013640000;0.706790000
CVE-2010-4489;0.010060000;0.615320000
CVE-2010-4488;0.011010000;0.643220000
CVE-2010-4487;0.011100000;0.645460000
CVE-2010-4486;0.013970000;0.713140000
CVE-2010-4485;0.007030000;0.513750000
CVE-2010-4484;0.007680000;0.537480000
CVE-2010-4483;0.009140000;0.585330000
CVE-2010-4482;0.009050000;0.582350000
CVE-2010-4481;0.020170000;0.801220000
CVE-2010-4480;0.058290000;0.929030000
CVE-2010-4479;0.048680000;0.917330000
CVE-2010-4478;0.042420000;0.906840000
CVE-2010-4476;0.234900000;0.977250000
CVE-2010-4475;0.023210000;0.827820000
CVE-2010-4474;0.003740000;0.287460000
CVE-2010-4473;0.054890000;0.924960000
CVE-2010-4472;0.030060000;0.868820000
CVE-2010-4471;0.022750000;0.824100000
CVE-2010-4470;0.034750000;0.886610000
CVE-2010-4469;0.029210000;0.865080000
CVE-2010-4468;0.019590000;0.794900000
CVE-2010-4467;0.027370000;0.855570000
CVE-2010-4466;0.025230000;0.842300000
CVE-2010-4465;0.041320000;0.904710000
CVE-2010-4464;0.022180000;0.819560000
CVE-2010-4463;0.024150000;0.834830000
CVE-2010-4462;0.054890000;0.924960000
CVE-2010-4461;0.011950000;0.668080000
CVE-2010-4460;0.003460000;0.255060000
CVE-2010-4459;0.002990000;0.202720000
CVE-2010-4458;0.003160000;0.220110000
CVE-2010-4457;0.019160000;0.790210000
CVE-2010-4456;0.019070000;0.789220000
CVE-2010-4455;0.022800000;0.824530000
CVE-2010-4454;0.054890000;0.924950000
CVE-2010-4453;0.013350000;0.700570000
CVE-2010-4452;0.827500000;0.996610000
CVE-2010-4451;0.034410000;0.885440000
CVE-2010-4450;0.004110000;0.327950000
CVE-2010-4449;0.033170000;0.881330000
CVE-2010-4448;0.024070000;0.834080000
CVE-2010-4447;0.022360000;0.821070000
CVE-2010-4446;0.003340000;0.242310000
CVE-2010-4445;0.012040000;0.670200000
CVE-2010-4444;0.022700000;0.823700000
CVE-2010-4443;0.002900000;0.193350000
CVE-2010-4442;0.002900000;0.193350000
CVE-2010-4441;0.011950000;0.668090000
CVE-2010-4440;0.002900000;0.193350000
CVE-2010-4439;0.012040000;0.670190000
CVE-2010-4438;0.003430000;0.252430000
CVE-2010-4437;0.068670000;0.938250000
CVE-2010-4436;0.015000000;0.732250000
CVE-2010-4435;0.141690000;0.964580000
CVE-2010-4434;0.012040000;0.670200000
CVE-2010-4433;0.022190000;0.819650000
CVE-2010-4432;0.010310000;0.622890000
CVE-2010-4431;0.002910000;0.194290000
CVE-2010-4430;0.011990000;0.668960000
CVE-2010-4429;0.010310000;0.622890000
CVE-2010-4428;0.011990000;0.668960000
CVE-2010-4427;0.010540000;0.629920000
CVE-2010-4426;0.022900000;0.825330000
CVE-2010-4425;0.015210000;0.735540000
CVE-2010-4424;0.017190000;0.765310000
CVE-2010-4423;0.003480000;0.258420000
CVE-2010-4422;0.034440000;0.885630000
CVE-2010-4421;0.021800000;0.816270000
CVE-2010-4420;0.003690000;0.282080000
CVE-2010-4419;0.011680000;0.660730000
CVE-2010-4418;0.016730000;0.758810000
CVE-2010-4417;0.763080000;0.995220000
CVE-2010-4416;0.024710000;0.838770000
CVE-2010-4415;0.002980000;0.201590000
CVE-2010-4414;0.003390000;0.247840000
CVE-2010-4413;0.017520000;0.769610000
CVE-2010-4412;0.015180000;0.735180000
CVE-2010-4411;0.025790000;0.845980000
CVE-2010-4410;0.020620000;0.805770000
CVE-2010-4409;0.188780000;0.972020000
CVE-2010-4408;0.020160000;0.801170000
CVE-2010-4407;0.011020000;0.643370000
CVE-2010-4406;0.019520000;0.794270000
CVE-2010-4405;0.010530000;0.629600000
CVE-2010-4404;0.010840000;0.638430000
CVE-2010-4403;0.023740000;0.831700000
CVE-2010-4402;0.021420000;0.813220000
CVE-2010-4401;0.056100000;0.926460000
CVE-2010-4400;0.021560000;0.814400000
CVE-2010-4399;0.055600000;0.925770000
CVE-2010-4398;0.086610000;0.949420000
CVE-2010-4397;0.061120000;0.931850000
CVE-2010-4396;0.011570000;0.657560000
CVE-2010-4395;0.066270000;0.936320000
CVE-2010-4394;0.035640000;0.889260000
CVE-2010-4393;0.074480000;0.942490000
CVE-2010-4392;0.064220000;0.934630000
CVE-2010-4391;0.065710000;0.935920000
CVE-2010-4390;0.030910000;0.872160000
CVE-2010-4389;0.066270000;0.936320000
CVE-2010-4388;0.014640000;0.725880000
CVE-2010-4387;0.043790000;0.909460000
CVE-2010-4386;0.044320000;0.910330000
CVE-2010-4385;0.028950000;0.863890000
CVE-2010-4384;0.059120000;0.929820000
CVE-2010-4383;0.031290000;0.873640000
CVE-2010-4382;0.031290000;0.873650000
CVE-2010-4381;0.025030000;0.840870000
CVE-2010-4380;0.025030000;0.840870000
CVE-2010-4379;0.030910000;0.872130000
CVE-2010-4378;0.057920000;0.928500000
CVE-2010-4377;0.065560000;0.935800000
CVE-2010-4376;0.064110000;0.934510000
CVE-2010-4375;0.064110000;0.934510000
CVE-2010-4374;0.018670000;0.784600000
CVE-2010-4373;0.018670000;0.784590000
CVE-2010-4372;0.028360000;0.860970000
CVE-2010-4371;0.061000000;0.931780000
CVE-2010-4370;0.050930000;0.920600000
CVE-2010-4369;0.026750000;0.852110000
CVE-2010-4368;0.025200000;0.842120000
CVE-2010-4367;0.276730000;0.980210000
CVE-2010-4366;0.015400000;0.738920000
CVE-2010-4365;0.009990000;0.612790000
CVE-2010-4364;0.011200000;0.648220000
CVE-2010-4363;0.012660000;0.685640000
CVE-2010-4362;0.009800000;0.606970000
CVE-2010-4361;0.008450000;0.563120000
CVE-2010-4360;0.009050000;0.582370000
CVE-2010-4359;0.010210000;0.619780000
CVE-2010-4358;0.011300000;0.650480000
CVE-2010-4357;0.009800000;0.607000000
CVE-2010-4356;0.009800000;0.607000000
CVE-2010-4355;0.008580000;0.567860000
CVE-2010-4354;0.015880000;0.746220000
CVE-2010-4353;0.016760000;0.759280000
CVE-2010-4352;0.005800000;0.454570000
CVE-2010-4351;0.025330000;0.842970000
CVE-2010-4350;0.078800000;0.945100000
CVE-2010-4349;0.088390000;0.950260000
CVE-2010-4348;0.046440000;0.914030000
CVE-2010-4347;0.022030000;0.818360000
CVE-2010-4346;0.004020000;0.318230000
CVE-2010-4345;0.179650000;0.970890000
CVE-2010-4344;0.717060000;0.994050000
CVE-2010-4343;0.003910000;0.306060000
CVE-2010-4342;0.035210000;0.888010000
CVE-2010-4341;0.004860000;0.394080000
CVE-2010-4340;0.013900000;0.712130000
CVE-2010-4339;0.008950000;0.579070000
CVE-2010-4338;0.003170000;0.220990000
CVE-2010-4337;0.003390000;0.247920000
CVE-2010-4336;0.021250000;0.811710000
CVE-2010-4335;0.552040000;0.990000000
CVE-2010-4334;0.017770000;0.773160000
CVE-2010-4333;0.071190000;0.940330000
CVE-2010-4332;0.069540000;0.938960000
CVE-2010-4331;0.015190000;0.735330000
CVE-2010-4330;0.026300000;0.849160000
CVE-2010-4329;0.025300000;0.842780000
CVE-2010-4328;0.151990000;0.966410000
CVE-2010-4327;0.028740000;0.862830000
CVE-2010-4326;0.102450000;0.955310000
CVE-2010-4325;0.095470000;0.952980000
CVE-2010-4324;0.014420000;0.721620000
CVE-2010-4323;0.080840000;0.946180000
CVE-2010-4322;0.007690000;0.537610000
CVE-2010-4321;0.331850000;0.983160000
CVE-2010-4314;0.031180000;0.873170000
CVE-2010-4313;0.027090000;0.853950000
CVE-2010-4312;0.021360000;0.812700000
CVE-2010-4311;0.008910000;0.577810000
CVE-2010-4309;0.042150000;0.906370000
CVE-2010-4308;0.042150000;0.906360000
CVE-2010-4307;0.063340000;0.933920000
CVE-2010-4306;0.037820000;0.895750000
CVE-2010-4305;0.012050000;0.670440000
CVE-2010-4304;0.011730000;0.661800000
CVE-2010-4303;0.003460000;0.255150000
CVE-2010-4302;0.003460000;0.255150000
CVE-2010-4301;0.092900000;0.952040000
CVE-2010-4300;0.137790000;0.963880000
CVE-2010-4299;0.079070000;0.945220000
CVE-2010-4298;0.009690000;0.603550000
CVE-2010-4297;0.051700000;0.921510000
CVE-2010-4296;0.003680000;0.281380000
CVE-2010-4295;0.002850000;0.188860000
CVE-2010-4294;0.058440000;0.929200000
CVE-2010-4284;0.017790000;0.773370000
CVE-2010-4283;0.094110000;0.952470000
CVE-2010-4282;0.196470000;0.973060000
CVE-2010-4281;0.095930000;0.953150000
CVE-2010-4280;0.053390000;0.923380000
CVE-2010-4279;0.656180000;0.992430000
CVE-2010-4278;0.113420000;0.958450000
CVE-2010-4277;0.018190000;0.778640000
CVE-2010-4276;0.016870000;0.761010000
CVE-2010-4275;0.012720000;0.686790000
CVE-2010-4274;0.003020000;0.205400000
CVE-2010-4273;0.011030000;0.643620000
CVE-2010-4272;0.011750000;0.662910000
CVE-2010-4271;0.010630000;0.632240000
CVE-2010-4270;0.018410000;0.781380000
CVE-2010-4269;0.011030000;0.643620000
CVE-2010-4268;0.011750000;0.662910000
CVE-2010-4267;0.108060000;0.957000000
CVE-2010-4266;0.005810000;0.455630000
CVE-2010-4265;0.021320000;0.812330000
CVE-2010-4264;0.006610000;0.495940000
CVE-2010-4263;0.029390000;0.865850000
CVE-2010-4262;0.058200000;0.928920000
CVE-2010-4261;0.047690000;0.915930000
CVE-2010-4260;0.049040000;0.917880000
CVE-2010-4259;0.108530000;0.957120000
CVE-2010-4258;0.026550000;0.850810000
CVE-2010-4257;0.031390000;0.874020000
CVE-2010-4256;0.003630000;0.276010000
CVE-2010-4255;0.007680000;0.537290000
CVE-2010-4254;0.136490000;0.963560000
CVE-2010-4253;0.101020000;0.954870000
CVE-2010-4252;0.080760000;0.946090000
CVE-2010-4251;0.038900000;0.898740000
CVE-2010-4250;0.007560000;0.533190000
CVE-2010-4249;0.008880000;0.576890000
CVE-2010-4248;0.003210000;0.226080000
CVE-2010-4247;0.007250000;0.521930000
CVE-2010-4246;0.015400000;0.738930000
CVE-2010-4245;0.010290000;0.622520000
CVE-2010-4243;0.009100000;0.583670000
CVE-2010-4242;0.004590000;0.372560000
CVE-2010-4241;0.007740000;0.539490000
CVE-2010-4240;0.012290000;0.677030000
CVE-2010-4239;0.134300000;0.962980000
CVE-2010-4238;0.008910000;0.577890000
CVE-2010-4237;0.008210000;0.555610000
CVE-2010-4236;0.008740000;0.573020000
CVE-2010-4235;0.041450000;0.904950000
CVE-2010-4234;0.029830000;0.867760000
CVE-2010-4233;0.094380000;0.952540000
CVE-2010-4232;0.041830000;0.905700000
CVE-2010-4231;0.160330000;0.968020000
CVE-2010-4230;0.055540000;0.925690000
CVE-2010-4229;0.254280000;0.978800000
CVE-2010-4228;0.146580000;0.965450000
CVE-2010-4227;0.168190000;0.969420000
CVE-2010-4226;0.029330000;0.865640000
CVE-2010-4225;0.014740000;0.727680000
CVE-2010-4221;0.913030000;0.998080000
CVE-2010-4220;0.016240000;0.751620000
CVE-2010-4219;0.008450000;0.563160000
CVE-2010-4218;0.017690000;0.772100000
CVE-2010-4217;0.017470000;0.768870000
CVE-2010-4216;0.014400000;0.721230000
CVE-2010-4215;0.011420000;0.653480000
CVE-2010-4214;0.008870000;0.576720000
CVE-2010-4213;0.008870000;0.576720000
CVE-2010-4212;0.002870000;0.190170000
CVE-2010-4211;0.003720000;0.285220000
CVE-2010-4210;0.011330000;0.651210000
CVE-2010-4209;0.042720000;0.907420000
CVE-2010-4208;0.044270000;0.910220000
CVE-2010-4207;0.044650000;0.911010000
CVE-2010-4206;0.025160000;0.841840000
CVE-2010-4205;0.014180000;0.717220000
CVE-2010-4204;0.022560000;0.822570000
CVE-2010-4203;0.045690000;0.912840000
CVE-2010-4202;0.012820000;0.688800000
CVE-2010-4201;0.011810000;0.664670000
CVE-2010-4199;0.010280000;0.621980000
CVE-2010-4198;0.015010000;0.732510000
CVE-2010-4197;0.023070000;0.826720000
CVE-2010-4196;0.055610000;0.925790000
CVE-2010-4195;0.055610000;0.925790000
CVE-2010-4194;0.055860000;0.926140000
CVE-2010-4193;0.055860000;0.926140000
CVE-2010-4192;0.049940000;0.919250000
CVE-2010-4191;0.037820000;0.895750000
CVE-2010-4190;0.049940000;0.919250000
CVE-2010-4189;0.041220000;0.904410000
CVE-2010-4188;0.066030000;0.936170000
CVE-2010-4187;0.037890000;0.895950000
CVE-2010-4186;0.010100000;0.616840000
CVE-2010-4185;0.009730000;0.604760000
CVE-2010-4184;0.024850000;0.839710000
CVE-2010-4183;0.009020000;0.581290000
CVE-2010-4182;0.241760000;0.977790000
CVE-2010-4181;0.084500000;0.948240000
CVE-2010-4180;0.094970000;0.952770000
CVE-2010-4179;0.017920000;0.774970000
CVE-2010-4178;0.004010000;0.317220000
CVE-2010-4177;0.003130000;0.216910000
CVE-2010-4176;0.023230000;0.828010000
CVE-2010-4175;0.003910000;0.305430000
CVE-2010-4173;0.002920000;0.194830000
CVE-2010-4172;0.420090000;0.986470000
CVE-2010-4171;0.003960000;0.311780000
CVE-2010-4170;0.053460000;0.923450000
CVE-2010-4169;0.004270000;0.344570000
CVE-2010-4168;0.036680000;0.892480000
CVE-2010-4167;0.003540000;0.265470000
CVE-2010-4166;0.014230000;0.718050000
CVE-2010-4165;0.014800000;0.728600000
CVE-2010-4164;0.043080000;0.908060000
CVE-2010-4163;0.003930000;0.308700000
CVE-2010-4162;0.003930000;0.308710000
CVE-2010-4161;0.005100000;0.411550000
CVE-2010-4160;0.005290000;0.424480000
CVE-2010-4159;0.003530000;0.263700000
CVE-2010-4158;0.008680000;0.571080000
CVE-2010-4157;0.005400000;0.431710000
CVE-2010-4156;0.127860000;0.961480000
CVE-2010-4155;0.010680000;0.634170000
CVE-2010-4154;0.016480000;0.755280000
CVE-2010-4153;0.013910000;0.712200000
CVE-2010-4152;0.009710000;0.604220000
CVE-2010-4151;0.011810000;0.664660000
CVE-2010-4150;0.060080000;0.930800000
CVE-2010-4149;0.016480000;0.755270000
CVE-2010-4148;0.017610000;0.770930000
CVE-2010-4147;0.012990000;0.692680000
CVE-2010-4146;0.010650000;0.633240000
CVE-2010-4145;0.024590000;0.837970000
CVE-2010-4144;0.010030000;0.614280000
CVE-2010-4143;0.008270000;0.557340000
CVE-2010-4142;0.629880000;0.991760000
CVE-2010-4121;0.031600000;0.874840000
CVE-2010-4120;0.029440000;0.866100000
CVE-2010-4116;0.119900000;0.959910000
CVE-2010-4115;0.027880000;0.858520000
CVE-2010-4114;0.017280000;0.766460000
CVE-2010-4113;0.097220000;0.953570000
CVE-2010-4112;0.022550000;0.822560000
CVE-2010-4111;0.018050000;0.776670000
CVE-2010-4110;0.002840000;0.187680000
CVE-2010-4109;0.017280000;0.766470000
CVE-2010-4108;0.025580000;0.844560000
CVE-2010-4107;0.132350000;0.962500000
CVE-2010-4106;0.015770000;0.744650000
CVE-2010-4105;0.021570000;0.814500000
CVE-2010-4104;0.021460000;0.813510000
CVE-2010-4103;0.025380000;0.843340000
CVE-2010-4102;0.022120000;0.819150000
CVE-2010-4101;0.017480000;0.769020000
CVE-2010-4100;0.022120000;0.819150000
CVE-2010-4099;0.026270000;0.848970000
CVE-2010-4098;0.020690000;0.806500000
CVE-2010-4097;0.016240000;0.751610000
CVE-2010-4096;0.004810000;0.390510000
CVE-2010-4095;0.015960000;0.747470000
CVE-2010-4094;0.644960000;0.992130000
CVE-2010-4093;0.043560000;0.908970000
CVE-2010-4092;0.054470000;0.924480000
CVE-2010-4091;0.185190000;0.971590000
CVE-2010-4090;0.041040000;0.904020000
CVE-2010-4089;0.042140000;0.906340000
CVE-2010-4088;0.037100000;0.893620000
CVE-2010-4087;0.042140000;0.906340000
CVE-2010-4086;0.037100000;0.893620000
CVE-2010-4085;0.041040000;0.904010000
CVE-2010-4084;0.041040000;0.904010000
CVE-2010-4083;0.003870000;0.301360000
CVE-2010-4082;0.003800000;0.294010000
CVE-2010-4081;0.003930000;0.308250000
CVE-2010-4080;0.004200000;0.337840000
CVE-2010-4079;0.003800000;0.294020000
CVE-2010-4078;0.003800000;0.294020000
CVE-2010-4077;0.010400000;0.625700000
CVE-2010-4076;0.003300000;0.235060000
CVE-2010-4075;0.003870000;0.301370000
CVE-2010-4074;0.003800000;0.294020000
CVE-2010-4073;0.014780000;0.728350000
CVE-2010-4072;0.003870000;0.301370000
CVE-2010-4071;0.018910000;0.787320000
CVE-2010-4070;0.051390000;0.921110000
CVE-2010-4069;0.038670000;0.898190000
CVE-2010-4068;0.008750000;0.573200000
CVE-2010-4057;0.071750000;0.940790000
CVE-2010-4056;0.084300000;0.948130000
CVE-2010-4055;0.071750000;0.940790000
CVE-2010-4054;0.026090000;0.847890000
CVE-2010-4053;0.045850000;0.913120000
CVE-2010-4052;0.512980000;0.989020000
CVE-2010-4051;0.399950000;0.985840000
CVE-2010-4050;0.018520000;0.782700000
CVE-2010-4049;0.018520000;0.782700000
CVE-2010-4048;0.014120000;0.716090000
CVE-2010-4047;0.010400000;0.625450000
CVE-2010-4046;0.019980000;0.798960000
CVE-2010-4045;0.049570000;0.918750000
CVE-2010-4044;0.019520000;0.794280000
CVE-2010-4043;0.019520000;0.794280000
CVE-2010-4042;0.018790000;0.785930000
CVE-2010-4041;0.017620000;0.771130000
CVE-2010-4040;0.014080000;0.715380000
CVE-2010-4039;0.013240000;0.697870000
CVE-2010-4038;0.016650000;0.757600000
CVE-2010-4037;0.013030000;0.693410000
CVE-2010-4036;0.011900000;0.666920000
CVE-2010-4035;0.021330000;0.812440000
CVE-2010-4034;0.021330000;0.812450000
CVE-2010-4033;0.012110000;0.672350000
CVE-2010-4032;0.009660000;0.601810000
CVE-2010-4031;0.024140000;0.834660000
CVE-2010-4030;0.017480000;0.769020000
CVE-2010-4029;0.025800000;0.846010000
CVE-2010-4028;0.022650000;0.823210000
CVE-2010-4027;0.012310000;0.677340000
CVE-2010-4026;0.004250000;0.343000000
CVE-2010-4025;0.068780000;0.938360000
CVE-2010-4024;0.008910000;0.578000000
CVE-2010-4023;0.014630000;0.725550000
CVE-2010-4022;0.036520000;0.892030000
CVE-2010-4021;0.020890000;0.808430000
CVE-2010-4020;0.019160000;0.790230000
CVE-2010-4015;0.046210000;0.913710000
CVE-2010-4013;0.022260000;0.820250000
CVE-2010-4012;0.002610000;0.160160000
CVE-2010-4011;0.008900000;0.577380000
CVE-2010-4010;0.028680000;0.862530000
CVE-2010-4009;0.048820000;0.917540000
CVE-2010-4008;0.027030000;0.853620000
CVE-2010-4007;0.010140000;0.617820000
CVE-2010-4006;0.011450000;0.654100000
CVE-2010-4005;0.004060000;0.323000000
CVE-2010-4001;0.003380000;0.246920000
CVE-2010-4000;0.003060000;0.208980000
CVE-2010-3999;0.003390000;0.247670000
CVE-2010-3998;0.004220000;0.339620000
CVE-2010-3996;0.003220000;0.226560000
CVE-2010-3994;0.028770000;0.862970000
CVE-2010-3993;0.019230000;0.791040000
CVE-2010-3992;0.018250000;0.779390000
CVE-2010-3991;0.016950000;0.762060000
CVE-2010-3990;0.022120000;0.819150000
CVE-2010-3989;0.009360000;0.592570000
CVE-2010-3988;0.023730000;0.831640000
CVE-2010-3987;0.014630000;0.725550000
CVE-2010-3986;0.021460000;0.813510000
CVE-2010-3985;0.020060000;0.800170000
CVE-2010-3984;0.053200000;0.923170000
CVE-2010-3983;0.016990000;0.762560000
CVE-2010-3982;0.013180000;0.696600000
CVE-2010-3981;0.008940000;0.578840000
CVE-2010-3980;0.009330000;0.591530000
CVE-2010-3979;0.011700000;0.661090000
CVE-2010-3978;0.025340000;0.843050000
CVE-2010-3977;0.042040000;0.906100000
CVE-2010-3976;0.092940000;0.952050000
CVE-2010-3975;0.066790000;0.936680000
CVE-2010-3974;0.185110000;0.971570000
CVE-2010-3973;0.717350000;0.994060000
CVE-2010-3972;0.945340000;0.998520000
CVE-2010-3971;0.816630000;0.996350000
CVE-2010-3970;0.676870000;0.992940000
CVE-2010-3967;0.204880000;0.974300000
CVE-2010-3966;0.131860000;0.962410000
CVE-2010-3965;0.115910000;0.958990000
CVE-2010-3964;0.942010000;0.998460000
CVE-2010-3963;0.018580000;0.783640000
CVE-2010-3962;0.968310000;0.998870000
CVE-2010-3961;0.015300000;0.737110000
CVE-2010-3960;0.017700000;0.772290000
CVE-2010-3959;0.143600000;0.964970000
CVE-2010-3958;0.235930000;0.977320000
CVE-2010-3957;0.018300000;0.779980000
CVE-2010-3956;0.082740000;0.947250000
CVE-2010-3955;0.189270000;0.972070000
CVE-2010-3954;0.208330000;0.974740000
CVE-2010-3952;0.208330000;0.974740000
CVE-2010-3951;0.251060000;0.978600000
CVE-2010-3950;0.208330000;0.974740000
CVE-2010-3949;0.251060000;0.978600000
CVE-2010-3947;0.293430000;0.981200000
CVE-2010-3946;0.216030000;0.975500000
CVE-2010-3945;0.251060000;0.978590000
CVE-2010-3944;0.037640000;0.895230000
CVE-2010-3943;0.017920000;0.774950000
CVE-2010-3942;0.017920000;0.774950000
CVE-2010-3941;0.013600000;0.706030000
CVE-2010-3940;0.016410000;0.754220000
CVE-2010-3939;0.019380000;0.792850000
CVE-2010-3937;0.187000000;0.971790000
CVE-2010-3936;0.187690000;0.971880000
CVE-2010-3934;0.026710000;0.851790000
CVE-2010-3933;0.022070000;0.818690000
CVE-2010-3931;0.015160000;0.734930000
CVE-2010-3930;0.023880000;0.832720000
CVE-2010-3929;0.017250000;0.766100000
CVE-2010-3928;0.017860000;0.774260000
CVE-2010-3927;0.003190000;0.223610000
CVE-2010-3926;0.012630000;0.684940000
CVE-2010-3925;0.012430000;0.680260000
CVE-2010-3924;0.012990000;0.692670000
CVE-2010-3923;0.002870000;0.189890000
CVE-2010-3922;0.012860000;0.689670000
CVE-2010-3921;0.012500000;0.681910000
CVE-2010-3920;0.003110000;0.214610000
CVE-2010-3919;0.008670000;0.570750000
CVE-2010-3918;0.010070000;0.615480000
CVE-2010-3917;0.007610000;0.534990000
CVE-2010-3916;0.055570000;0.925740000
CVE-2010-3915;0.060650000;0.931400000
CVE-2010-3914;0.090900000;0.951340000
CVE-2010-3913;0.010830000;0.638180000
CVE-2010-3912;0.021000000;0.809490000
CVE-2010-3911;0.010650000;0.633130000
CVE-2010-3910;0.072350000;0.941170000
CVE-2010-3909;0.016080000;0.749260000
CVE-2010-3908;0.029680000;0.867080000
CVE-2010-3907;0.058270000;0.929010000
CVE-2010-3906;0.056140000;0.926630000
CVE-2010-3905;0.028630000;0.862270000
CVE-2010-3904;0.144680000;0.965130000
CVE-2010-3903;0.009800000;0.607210000
CVE-2010-3902;0.022550000;0.822500000
CVE-2010-3901;0.005980000;0.464940000
CVE-2010-3900;0.012450000;0.680770000
CVE-2010-3899;0.031480000;0.874360000
CVE-2010-3898;0.013250000;0.698270000
CVE-2010-3897;0.012180000;0.674210000
CVE-2010-3896;0.015950000;0.747340000
CVE-2010-3895;0.007670000;0.536860000
CVE-2010-3894;0.120200000;0.959960000
CVE-2010-3893;0.023530000;0.830340000
CVE-2010-3892;0.011650000;0.659970000
CVE-2010-3891;0.011430000;0.653540000
CVE-2010-3890;0.010730000;0.635420000
CVE-2010-3889;0.016060000;0.749000000
CVE-2010-3888;0.039290000;0.899920000
CVE-2010-3887;0.012030000;0.669930000
CVE-2010-3886;0.164990000;0.968870000
CVE-2010-3884;0.008290000;0.558210000
CVE-2010-3883;0.005240000;0.421560000
CVE-2010-3882;0.008450000;0.563240000
CVE-2010-3881;0.004610000;0.374660000
CVE-2010-3880;0.004350000;0.352880000
CVE-2010-3879;0.098480000;0.954040000
CVE-2010-3878;0.008720000;0.572370000
CVE-2010-3877;0.003870000;0.301370000
CVE-2010-3876;0.003770000;0.290390000
CVE-2010-3875;0.003920000;0.306650000
CVE-2010-3874;0.003950000;0.310360000
CVE-2010-3873;0.037390000;0.894540000
CVE-2010-3872;0.027720000;0.857580000
CVE-2010-3871;0.010560000;0.630310000
CVE-2010-3870;0.112810000;0.958310000
CVE-2010-3869;0.007810000;0.541760000
CVE-2010-3868;0.012840000;0.689160000
CVE-2010-3867;0.075630000;0.943160000
CVE-2010-3865;0.005550000;0.440400000
CVE-2010-3864;0.221450000;0.975970000
CVE-2010-3863;0.545210000;0.989840000
CVE-2010-3862;0.026110000;0.848020000
CVE-2010-3861;0.004070000;0.323530000
CVE-2010-3860;0.029990000;0.868470000
CVE-2010-3859;0.003970000;0.312590000
CVE-2010-3858;0.009100000;0.583680000
CVE-2010-3857;0.008550000;0.566700000
CVE-2010-3856;0.111640000;0.958070000
CVE-2010-3855;0.052760000;0.922770000
CVE-2010-3854;0.059230000;0.929940000
CVE-2010-3853;0.004120000;0.329160000
CVE-2010-3852;0.020020000;0.799490000
CVE-2010-3851;0.003700000;0.283910000
CVE-2010-3850;0.008010000;0.548500000
CVE-2010-3849;0.007110000;0.516660000
CVE-2010-3848;0.007030000;0.513620000
CVE-2010-3847;0.094890000;0.952750000
CVE-2010-3846;0.003960000;0.311400000
CVE-2010-3845;0.016380000;0.753700000
CVE-2010-3844;0.014040000;0.714630000
CVE-2010-3843;0.003130000;0.217020000
CVE-2010-3842;0.017150000;0.764830000
CVE-2010-3841;0.030500000;0.870550000
CVE-2010-3840;0.033910000;0.883750000
CVE-2010-3839;0.033710000;0.883120000
CVE-2010-3838;0.033910000;0.883740000
CVE-2010-3837;0.033910000;0.883750000
CVE-2010-3836;0.024370000;0.836410000
CVE-2010-3835;0.033910000;0.883740000
CVE-2010-3834;0.022100000;0.818920000
CVE-2010-3833;0.030540000;0.870710000
CVE-2010-3832;0.036950000;0.893200000
CVE-2010-3831;0.010790000;0.636810000
CVE-2010-3830;0.006900000;0.508500000
CVE-2010-3829;0.024460000;0.836990000
CVE-2010-3828;0.010200000;0.619400000
CVE-2010-3827;0.012430000;0.680260000
CVE-2010-3826;0.044480000;0.910720000
CVE-2010-3824;0.058620000;0.929440000
CVE-2010-3823;0.058290000;0.929040000
CVE-2010-3822;0.044480000;0.910720000
CVE-2010-3821;0.043580000;0.909000000
CVE-2010-3820;0.044480000;0.910720000
CVE-2010-3819;0.044480000;0.910710000
CVE-2010-3818;0.058290000;0.929040000
CVE-2010-3817;0.044480000;0.910700000
CVE-2010-3816;0.058290000;0.929030000
CVE-2010-3814;0.038850000;0.898660000
CVE-2010-3813;0.018380000;0.780910000
CVE-2010-3812;0.065130000;0.935410000
CVE-2010-3811;0.058290000;0.929030000
CVE-2010-3810;0.023780000;0.831950000
CVE-2010-3809;0.044480000;0.910710000
CVE-2010-3808;0.044480000;0.910710000
CVE-2010-3805;0.058620000;0.929450000
CVE-2010-3804;0.091260000;0.951480000
CVE-2010-3803;0.058290000;0.929040000
CVE-2010-3802;0.049370000;0.918380000
CVE-2010-3801;0.049370000;0.918390000
CVE-2010-3800;0.049370000;0.918390000
CVE-2010-3798;0.033030000;0.880790000
CVE-2010-3797;0.012840000;0.689250000
CVE-2010-3796;0.014700000;0.727110000
CVE-2010-3795;0.029050000;0.864330000
CVE-2010-3794;0.029050000;0.864340000
CVE-2010-3793;0.028450000;0.861480000
CVE-2010-3792;0.029050000;0.864340000
CVE-2010-3791;0.032990000;0.880630000
CVE-2010-3790;0.048370000;0.916880000
CVE-2010-3789;0.028450000;0.861480000
CVE-2010-3788;0.029300000;0.865500000
CVE-2010-3787;0.049370000;0.918400000
CVE-2010-3786;0.038630000;0.898100000
CVE-2010-3785;0.033020000;0.880780000
CVE-2010-3784;0.015880000;0.746350000
CVE-2010-3783;0.016590000;0.756830000
CVE-2010-3782;0.010910000;0.640080000
CVE-2010-3781;0.015430000;0.739330000
CVE-2010-3780;0.020560000;0.805090000
CVE-2010-3779;0.010960000;0.641980000
CVE-2010-3778;0.080710000;0.946060000
CVE-2010-3777;0.084050000;0.948000000
CVE-2010-3776;0.086690000;0.949460000
CVE-2010-3775;0.037960000;0.896140000
CVE-2010-3774;0.016350000;0.753350000
CVE-2010-3773;0.030830000;0.871890000
CVE-2010-3772;0.048120000;0.916500000
CVE-2010-3771;0.023160000;0.827460000
CVE-2010-3770;0.044510000;0.910760000
CVE-2010-3769;0.046180000;0.913650000
CVE-2010-3768;0.048120000;0.916500000
CVE-2010-3767;0.048120000;0.916490000
CVE-2010-3766;0.069970000;0.939370000
CVE-2010-3765;0.831560000;0.996690000
CVE-2010-3764;0.023910000;0.832920000
CVE-2010-3763;0.023260000;0.828140000
CVE-2010-3762;0.080860000;0.946200000
CVE-2010-3761;0.040190000;0.902170000
CVE-2010-3760;0.024930000;0.840280000
CVE-2010-3759;0.040630000;0.903070000
CVE-2010-3758;0.066620000;0.936550000
CVE-2010-3757;0.040630000;0.903070000
CVE-2010-3756;0.013970000;0.713220000
CVE-2010-3755;0.021750000;0.815920000
CVE-2010-3754;0.049050000;0.917900000
CVE-2010-3753;0.024090000;0.834280000
CVE-2010-3752;0.024650000;0.838330000
CVE-2010-3751;0.063780000;0.934240000
CVE-2010-3750;0.058820000;0.929600000
CVE-2010-3749;0.256370000;0.978930000
CVE-2010-3748;0.028430000;0.861390000
CVE-2010-3747;0.347860000;0.983780000
CVE-2010-3743;0.024350000;0.836230000
CVE-2010-3742;0.025320000;0.842920000
CVE-2010-3741;0.002840000;0.187690000
CVE-2010-3740;0.011040000;0.643920000
CVE-2010-3739;0.011020000;0.643420000
CVE-2010-3738;0.011730000;0.661790000
CVE-2010-3737;0.009390000;0.593480000
CVE-2010-3736;0.011040000;0.643910000
CVE-2010-3735;0.009340000;0.591870000
CVE-2010-3734;0.014020000;0.714370000
CVE-2010-3733;0.003010000;0.204560000
CVE-2010-3732;0.014480000;0.722660000
CVE-2010-3731;0.095820000;0.953110000
CVE-2010-3730;0.008020000;0.549010000
CVE-2010-3729;0.021410000;0.813100000
CVE-2010-3719;0.129650000;0.961910000
CVE-2010-3718;0.013000000;0.692870000
CVE-2010-3717;0.014280000;0.719120000
CVE-2010-3716;0.009710000;0.603980000
CVE-2010-3715;0.010560000;0.630320000
CVE-2010-3714;0.241310000;0.977750000
CVE-2010-3713;0.011640000;0.659490000
CVE-2010-3712;0.015280000;0.736770000
CVE-2010-3711;0.032700000;0.879480000
CVE-2010-3710;0.030910000;0.872150000
CVE-2010-3709;0.133330000;0.962750000
CVE-2010-3708;0.030170000;0.869240000
CVE-2010-3707;0.023370000;0.829080000
CVE-2010-3706;0.021270000;0.811930000
CVE-2010-3705;0.020240000;0.801950000
CVE-2010-3704;0.035970000;0.890410000
CVE-2010-3703;0.025610000;0.844780000
CVE-2010-3702;0.027570000;0.856740000
CVE-2010-3701;0.014750000;0.727860000
CVE-2010-3700;0.016870000;0.761020000
CVE-2010-3699;0.007140000;0.517830000
CVE-2010-3698;0.004210000;0.339090000
CVE-2010-3697;0.022130000;0.819160000
CVE-2010-3696;0.016160000;0.750330000
CVE-2010-3695;0.049790000;0.919060000
CVE-2010-3694;0.006090000;0.469860000
CVE-2010-3693;0.025910000;0.846840000
CVE-2010-3692;0.036260000;0.891200000
CVE-2010-3691;0.003530000;0.264110000
CVE-2010-3690;0.025150000;0.841790000
CVE-2010-3689;0.006500000;0.490990000
CVE-2010-3688;0.012870000;0.689770000
CVE-2010-3687;0.012090000;0.671700000
CVE-2010-3686;0.023720000;0.831570000
CVE-2010-3685;0.023720000;0.831570000
CVE-2010-3684;0.003080000;0.212170000
CVE-2010-3683;0.122290000;0.960370000
CVE-2010-3682;0.114400000;0.958670000
CVE-2010-3681;0.122290000;0.960380000
CVE-2010-3680;0.122290000;0.960380000
CVE-2010-3679;0.122290000;0.960380000
CVE-2010-3678;0.122290000;0.960370000
CVE-2010-3677;0.023370000;0.829110000
CVE-2010-3676;0.094720000;0.952690000
CVE-2010-3674;0.009520000;0.597690000
CVE-2010-3673;0.012030000;0.669860000
CVE-2010-3672;0.009520000;0.597690000
CVE-2010-3671;0.015900000;0.746550000
CVE-2010-3670;0.005420000;0.432960000
CVE-2010-3669;0.006700000;0.499840000
CVE-2010-3668;0.012930000;0.691330000
CVE-2010-3667;0.011500000;0.655650000
CVE-2010-3666;0.012030000;0.669860000
CVE-2010-3665;0.007840000;0.542710000
CVE-2010-3664;0.012000000;0.669250000
CVE-2010-3663;0.023950000;0.833180000
CVE-2010-3662;0.011870000;0.665900000
CVE-2010-3661;0.009030000;0.581460000
CVE-2010-3660;0.007840000;0.542710000
CVE-2010-3659;0.012790000;0.688160000
CVE-2010-3658;0.057070000;0.927520000
CVE-2010-3657;0.045080000;0.911720000
CVE-2010-3656;0.045080000;0.911720000
CVE-2010-3655;0.087060000;0.949620000
CVE-2010-3654;0.696790000;0.993480000
CVE-2010-3653;0.746260000;0.994860000
CVE-2010-3652;0.052070000;0.922000000
CVE-2010-3650;0.052070000;0.922000000
CVE-2010-3649;0.052070000;0.921970000
CVE-2010-3648;0.052070000;0.921990000
CVE-2010-3647;0.052070000;0.921970000
CVE-2010-3646;0.052070000;0.921990000
CVE-2010-3645;0.052070000;0.922000000
CVE-2010-3644;0.052070000;0.921990000
CVE-2010-3643;0.052070000;0.921990000
CVE-2010-3642;0.052070000;0.922000000
CVE-2010-3641;0.052070000;0.921980000
CVE-2010-3640;0.052070000;0.921980000
CVE-2010-3639;0.215990000;0.975500000
CVE-2010-3638;0.040210000;0.902220000
CVE-2010-3637;0.059440000;0.930160000
CVE-2010-3636;0.052560000;0.922550000
CVE-2010-3635;0.058870000;0.929650000
CVE-2010-3634;0.036880000;0.893020000
CVE-2010-3633;0.036880000;0.893020000
CVE-2010-3632;0.057070000;0.927520000
CVE-2010-3631;0.116770000;0.959200000
CVE-2010-3630;0.068200000;0.937930000
CVE-2010-3629;0.067690000;0.937580000
CVE-2010-3628;0.057070000;0.927520000
CVE-2010-3627;0.069850000;0.939220000
CVE-2010-3626;0.069850000;0.939230000
CVE-2010-3625;0.077660000;0.944390000
CVE-2010-3624;0.065530000;0.935780000
CVE-2010-3623;0.041510000;0.905050000
CVE-2010-3622;0.057070000;0.927520000
CVE-2010-3621;0.057070000;0.927530000
CVE-2010-3620;0.069850000;0.939220000
CVE-2010-3619;0.057070000;0.927530000
CVE-2010-3618;0.015550000;0.741480000
CVE-2010-3616;0.079460000;0.945440000
CVE-2010-3615;0.097860000;0.953810000
CVE-2010-3614;0.145030000;0.965190000
CVE-2010-3613;0.091000000;0.951380000
CVE-2010-3611;0.094020000;0.952450000
CVE-2010-3609;0.172230000;0.969990000
CVE-2010-3608;0.009670000;0.602460000
CVE-2010-3607;0.010650000;0.633130000
CVE-2010-3606;0.010910000;0.640210000
CVE-2010-3605;0.010220000;0.620110000
CVE-2010-3604;0.010510000;0.628950000
CVE-2010-3603;0.024570000;0.837850000
CVE-2010-3602;0.037680000;0.895360000
CVE-2010-3601;0.009730000;0.604840000
CVE-2010-3600;0.766940000;0.995310000
CVE-2010-3599;0.161770000;0.968280000
CVE-2010-3598;0.021940000;0.817580000
CVE-2010-3597;0.003420000;0.251030000
CVE-2010-3596;0.014860000;0.729890000
CVE-2010-3595;0.119300000;0.959780000
CVE-2010-3594;0.022450000;0.821840000
CVE-2010-3593;0.025420000;0.843550000
CVE-2010-3592;0.028450000;0.861470000
CVE-2010-3591;0.118180000;0.959490000
CVE-2010-3590;0.015210000;0.735540000
CVE-2010-3589;0.011430000;0.653570000
CVE-2010-3588;0.011680000;0.660720000
CVE-2010-3587;0.011490000;0.655340000
CVE-2010-3586;0.003710000;0.284690000
CVE-2010-3585;0.520520000;0.989210000
CVE-2010-3584;0.003630000;0.275750000
CVE-2010-3583;0.047700000;0.915930000
CVE-2010-3582;0.023810000;0.832210000
CVE-2010-3581;0.017630000;0.771270000
CVE-2010-3580;0.003270000;0.232140000
CVE-2010-3579;0.019190000;0.790580000
CVE-2010-3578;0.023180000;0.827580000
CVE-2010-3577;0.018480000;0.782200000
CVE-2010-3576;0.003640000;0.276420000
CVE-2010-3575;0.019190000;0.790570000
CVE-2010-3574;0.049000000;0.917810000
CVE-2010-3573;0.105570000;0.956260000
CVE-2010-3572;0.051930000;0.921800000
CVE-2010-3571;0.091460000;0.951550000
CVE-2010-3570;0.038970000;0.898930000
CVE-2010-3569;0.070990000;0.940160000
CVE-2010-3568;0.049000000;0.917800000
CVE-2010-3567;0.049000000;0.917810000
CVE-2010-3566;0.058850000;0.929640000
CVE-2010-3565;0.056160000;0.926660000
CVE-2010-3564;0.040930000;0.903800000
CVE-2010-3563;0.842500000;0.996920000
CVE-2010-3562;0.070990000;0.940160000
CVE-2010-3561;0.033560000;0.882620000
CVE-2010-3560;0.026810000;0.852430000
CVE-2010-3559;0.097110000;0.953540000
CVE-2010-3558;0.049000000;0.917800000
CVE-2010-3557;0.028790000;0.863100000
CVE-2010-3556;0.051930000;0.921800000
CVE-2010-3555;0.079680000;0.945540000
CVE-2010-3554;0.049000000;0.917810000
CVE-2010-3553;0.049000000;0.917800000
CVE-2010-3552;0.807400000;0.996170000
CVE-2010-3551;0.029990000;0.868470000
CVE-2010-3550;0.044270000;0.910230000
CVE-2010-3549;0.033370000;0.881970000
CVE-2010-3548;0.029990000;0.868460000
CVE-2010-3547;0.014640000;0.725910000
CVE-2010-3546;0.017130000;0.764580000
CVE-2010-3545;0.017130000;0.764580000
CVE-2010-3544;0.023260000;0.828180000
CVE-2010-3542;0.003750000;0.288470000
CVE-2010-3541;0.031020000;0.872520000
CVE-2010-3540;0.003310000;0.236090000
CVE-2010-3539;0.014640000;0.725900000
CVE-2010-3538;0.009700000;0.603750000
CVE-2010-3537;0.009700000;0.603750000
CVE-2010-3536;0.014640000;0.725910000
CVE-2010-3535;0.003810000;0.295090000
CVE-2010-3534;0.003900000;0.304220000
CVE-2010-3533;0.014360000;0.720420000
CVE-2010-3532;0.009700000;0.603750000
CVE-2010-3531;0.014640000;0.725910000
CVE-2010-3530;0.014640000;0.725900000
CVE-2010-3529;0.009700000;0.603750000
CVE-2010-3528;0.014460000;0.722400000
CVE-2010-3527;0.010070000;0.615590000
CVE-2010-3526;0.014640000;0.725900000
CVE-2010-3525;0.014360000;0.720430000
CVE-2010-3524;0.014640000;0.725890000
CVE-2010-3523;0.010970000;0.642480000
CVE-2010-3522;0.014460000;0.722400000
CVE-2010-3521;0.014360000;0.720430000
CVE-2010-3520;0.014640000;0.725900000
CVE-2010-3519;0.013270000;0.698530000
CVE-2010-3518;0.014640000;0.725890000
CVE-2010-3517;0.003600000;0.272760000
CVE-2010-3516;0.003310000;0.236090000
CVE-2010-3515;0.003310000;0.236090000
CVE-2010-3514;0.044850000;0.911310000
CVE-2010-3513;0.002860000;0.189190000
CVE-2010-3512;0.013310000;0.699450000
CVE-2010-3511;0.003260000;0.231040000
CVE-2010-3510;0.026680000;0.851630000
CVE-2010-3509;0.020540000;0.804920000
CVE-2010-3508;0.003470000;0.256850000
CVE-2010-3507;0.003100000;0.214270000
CVE-2010-3506;0.003290000;0.234730000
CVE-2010-3505;0.009160000;0.585670000
CVE-2010-3504;0.014950000;0.731220000
CVE-2010-3503;0.007900000;0.544770000
CVE-2010-3502;0.014460000;0.722410000
CVE-2010-3501;0.028830000;0.863220000
CVE-2010-3500;0.015060000;0.733250000
CVE-2010-3499;0.026010000;0.847400000
CVE-2010-3498;0.026010000;0.847400000
CVE-2010-3497;0.028880000;0.863490000
CVE-2010-3496;0.044300000;0.910300000
CVE-2010-3495;0.013470000;0.703170000
CVE-2010-3494;0.022940000;0.825680000
CVE-2010-3493;0.027980000;0.859020000
CVE-2010-3492;0.032060000;0.876690000
CVE-2010-3491;0.045490000;0.912530000
CVE-2010-3490;0.093880000;0.952380000
CVE-2010-3489;0.016570000;0.756400000
CVE-2010-3488;0.027590000;0.856780000
CVE-2010-3487;0.024370000;0.836420000
CVE-2010-3486;0.030740000;0.871520000
CVE-2010-3485;0.012740000;0.687260000
CVE-2010-3484;0.013140000;0.695680000
CVE-2010-3483;0.023000000;0.826180000
CVE-2010-3482;0.009030000;0.581690000
CVE-2010-3481;0.011170000;0.647320000
CVE-2010-3480;0.023670000;0.831260000
CVE-2010-3479;0.020010000;0.799410000
CVE-2010-3477;0.004040000;0.320850000
CVE-2010-3476;0.025170000;0.841930000
CVE-2010-3475;0.028390000;0.861170000
CVE-2010-3474;0.025910000;0.846840000
CVE-2010-3473;0.010830000;0.638170000
CVE-2010-3472;0.010650000;0.633110000
CVE-2010-3471;0.010990000;0.642670000
CVE-2010-3470;0.012920000;0.691030000
CVE-2010-3468;0.067240000;0.937130000
CVE-2010-3467;0.009140000;0.585110000
CVE-2010-3466;0.010330000;0.623750000
CVE-2010-3465;0.010650000;0.633250000
CVE-2010-3464;0.006300000;0.481080000
CVE-2010-3463;0.010750000;0.635680000
CVE-2010-3462;0.029660000;0.867000000
CVE-2010-3461;0.009070000;0.583000000
CVE-2010-3460;0.083610000;0.947790000
CVE-2010-3459;0.012850000;0.689410000
CVE-2010-3458;0.010030000;0.614280000
CVE-2010-3457;0.014990000;0.732050000
CVE-2010-3456;0.076060000;0.943450000
CVE-2010-3455;0.010750000;0.635690000
CVE-2010-3454;0.102740000;0.955390000
CVE-2010-3453;0.096720000;0.953370000
CVE-2010-3452;0.102740000;0.955380000
CVE-2010-3451;0.102740000;0.955390000
CVE-2010-3450;0.107310000;0.956780000
CVE-2010-3449;0.048370000;0.916850000
CVE-2010-3448;0.004350000;0.352430000
CVE-2010-3447;0.017880000;0.774420000
CVE-2010-3445;0.041470000;0.904960000
CVE-2010-3444;0.044700000;0.911080000
CVE-2010-3443;0.019780000;0.796820000
CVE-2010-3442;0.003950000;0.310480000
CVE-2010-3441;0.058510000;0.929310000
CVE-2010-3440;0.002560000;0.154990000
CVE-2010-3439;0.017940000;0.775260000
CVE-2010-3438;0.016520000;0.755700000
CVE-2010-3437;0.023960000;0.833330000
CVE-2010-3436;0.063200000;0.933820000
CVE-2010-3435;0.003530000;0.264680000
CVE-2010-3434;0.065330000;0.935580000
CVE-2010-3433;0.033310000;0.881770000
CVE-2010-3432;0.055420000;0.925560000
CVE-2010-3431;0.003490000;0.258970000
CVE-2010-3430;0.003400000;0.248350000
CVE-2010-3429;0.041790000;0.905620000
CVE-2010-3428;0.009610000;0.600280000
CVE-2010-3427;0.010650000;0.633220000
CVE-2010-3426;0.138500000;0.964000000
CVE-2010-3425;0.014530000;0.723760000
CVE-2010-3424;0.010330000;0.623470000
CVE-2010-3423;0.010960000;0.642010000
CVE-2010-3422;0.009070000;0.583020000
CVE-2010-3421;0.011070000;0.644720000
CVE-2010-3420;0.010330000;0.623740000
CVE-2010-3419;0.022940000;0.825630000
CVE-2010-3418;0.010650000;0.633360000
CVE-2010-3417;0.006450000;0.488290000
CVE-2010-3416;0.012270000;0.676420000
CVE-2010-3415;0.015530000;0.741220000
CVE-2010-3414;0.010170000;0.618790000
CVE-2010-3413;0.010730000;0.635270000
CVE-2010-3412;0.005950000;0.462550000
CVE-2010-3411;0.007330000;0.524950000
CVE-2010-3407;0.414750000;0.986330000
CVE-2010-3406;0.003490000;0.259580000
CVE-2010-3405;0.004330000;0.351230000
CVE-2010-3404;0.009610000;0.600230000
CVE-2010-3403;0.025400000;0.843480000
CVE-2010-3402;0.042380000;0.906780000
CVE-2010-3400;0.014060000;0.715070000
CVE-2010-3399;0.019140000;0.790000000
CVE-2010-3398;0.014460000;0.722370000
CVE-2010-3397;0.041570000;0.905150000
CVE-2010-3396;0.011180000;0.647740000
CVE-2010-3394;0.003860000;0.300260000
CVE-2010-3393;0.003860000;0.300280000
CVE-2010-3389;0.004170000;0.334290000
CVE-2010-3387;0.004010000;0.317250000
CVE-2010-3386;0.003860000;0.300270000
CVE-2010-3385;0.003860000;0.300260000
CVE-2010-3384;0.003810000;0.295100000
CVE-2010-3383;0.003830000;0.297460000
CVE-2010-3382;0.003860000;0.300270000
CVE-2010-3381;0.003860000;0.300270000
CVE-2010-3380;0.002970000;0.200530000
CVE-2010-3378;0.003790000;0.292660000
CVE-2010-3377;0.003810000;0.295100000
CVE-2010-3376;0.003790000;0.292660000
CVE-2010-3375;0.024390000;0.836500000
CVE-2010-3374;0.003470000;0.257050000
CVE-2010-3373;0.003990000;0.315420000
CVE-2010-3372;0.003030000;0.206440000
CVE-2010-3369;0.003850000;0.299690000
CVE-2010-3366;0.003860000;0.300260000
CVE-2010-3365;0.003810000;0.295110000
CVE-2010-3364;0.004320000;0.350230000
CVE-2010-3363;0.003810000;0.295110000
CVE-2010-3362;0.004360000;0.353850000
CVE-2010-3361;0.003790000;0.292660000
CVE-2010-3360;0.003810000;0.295110000
CVE-2010-3359;0.003130000;0.217570000
CVE-2010-3358;0.003810000;0.295120000
CVE-2010-3357;0.004000000;0.315960000
CVE-2010-3355;0.004370000;0.354940000
CVE-2010-3354;0.002910000;0.193820000
CVE-2010-3353;0.003860000;0.300260000
CVE-2010-3351;0.004080000;0.324590000
CVE-2010-3350;0.003180000;0.222560000
CVE-2010-3349;0.003300000;0.235020000
CVE-2010-3348;0.136150000;0.963440000
CVE-2010-3346;0.288860000;0.980960000
CVE-2010-3345;0.288860000;0.980960000
CVE-2010-3343;0.288860000;0.980960000
CVE-2010-3342;0.136150000;0.963440000
CVE-2010-3340;0.253170000;0.978740000
CVE-2010-3338;0.216510000;0.975530000
CVE-2010-3337;0.109320000;0.957400000
CVE-2010-3336;0.239150000;0.977590000
CVE-2010-3335;0.239150000;0.977600000
CVE-2010-3334;0.254590000;0.978830000
CVE-2010-3333;0.894970000;0.997820000
CVE-2010-3332;0.682250000;0.993090000
CVE-2010-3331;0.249820000;0.978460000
CVE-2010-3330;0.222570000;0.976060000
CVE-2010-3329;0.283540000;0.980630000
CVE-2010-3328;0.319320000;0.982520000
CVE-2010-3327;0.143930000;0.965020000
CVE-2010-3326;0.248790000;0.978390000
CVE-2010-3325;0.220460000;0.975920000
CVE-2010-3324;0.250160000;0.978480000
CVE-2010-3323;0.007620000;0.535450000
CVE-2010-3322;0.010480000;0.627990000
CVE-2010-3321;0.002630000;0.162200000
CVE-2010-3320;0.011530000;0.656550000
CVE-2010-3319;0.010640000;0.632680000
CVE-2010-3318;0.012050000;0.670400000
CVE-2010-3317;0.010220000;0.619920000
CVE-2010-3316;0.003630000;0.275630000
CVE-2010-3315;0.042160000;0.906380000
CVE-2010-3314;0.033330000;0.881840000
CVE-2010-3313;0.085010000;0.948540000
CVE-2010-3312;0.010380000;0.625040000
CVE-2010-3311;0.067350000;0.937250000
CVE-2010-3310;0.004050000;0.321160000
CVE-2010-3308;0.040340000;0.902500000
CVE-2010-3307;0.025240000;0.842360000
CVE-2010-3306;0.085590000;0.948840000
CVE-2010-3305;0.010090000;0.616210000
CVE-2010-3304;0.027100000;0.854080000
CVE-2010-3303;0.019730000;0.796250000
CVE-2010-3302;0.038920000;0.898810000
CVE-2010-3301;0.038180000;0.896870000
CVE-2010-3300;0.004500000;0.365910000
CVE-2010-3299;0.011410000;0.653240000
CVE-2010-3298;0.004070000;0.323530000
CVE-2010-3297;0.004080000;0.324690000
CVE-2010-3296;0.004150000;0.332890000
CVE-2010-3294;0.019190000;0.790600000
CVE-2010-3293;0.003740000;0.287060000
CVE-2010-3292;0.001670000;0.053120000
CVE-2010-3291;0.017480000;0.769020000
CVE-2010-3290;0.013050000;0.693790000
CVE-2010-3289;0.016950000;0.762050000
CVE-2010-3288;0.008910000;0.578000000
CVE-2010-3287;0.018900000;0.787210000
CVE-2010-3286;0.030810000;0.871760000
CVE-2010-3285;0.033230000;0.881500000
CVE-2010-3284;0.016110000;0.749630000
CVE-2010-3283;0.014310000;0.719650000
CVE-2010-3282;0.002640000;0.164220000
CVE-2010-3281;0.018720000;0.785180000
CVE-2010-3280;0.009630000;0.601230000
CVE-2010-3279;0.010750000;0.635730000
CVE-2010-3277;0.003020000;0.205770000
CVE-2010-3276;0.074650000;0.942580000
CVE-2010-3275;0.755150000;0.995030000
CVE-2010-3274;0.210040000;0.974940000
CVE-2010-3273;0.033320000;0.881800000
CVE-2010-3272;0.040240000;0.902290000
CVE-2010-3271;0.020960000;0.809110000
CVE-2010-3270;0.041850000;0.905730000
CVE-2010-3269;0.114140000;0.958600000
CVE-2010-3268;0.033200000;0.881410000
CVE-2010-3267;0.019360000;0.792480000
CVE-2010-3266;0.028000000;0.859170000
CVE-2010-3264;0.003050000;0.208320000
CVE-2010-3263;0.016790000;0.759630000
CVE-2010-3262;0.010330000;0.623740000
CVE-2010-3261;0.016340000;0.753150000
CVE-2010-3260;0.021770000;0.816070000
CVE-2010-3259;0.016000000;0.747990000
CVE-2010-3258;0.009190000;0.586700000
CVE-2010-3257;0.033060000;0.880930000
CVE-2010-3256;0.006210000;0.476240000
CVE-2010-3255;0.020130000;0.800890000
CVE-2010-3254;0.018160000;0.778240000
CVE-2010-3253;0.008910000;0.577830000
CVE-2010-3252;0.008860000;0.576160000
CVE-2010-3251;0.009200000;0.586910000
CVE-2010-3250;0.008910000;0.577630000
CVE-2010-3249;0.013040000;0.693620000
CVE-2010-3248;0.012310000;0.677440000
CVE-2010-3247;0.007730000;0.538900000
CVE-2010-3246;0.008640000;0.569620000
CVE-2010-3245;0.008760000;0.573550000
CVE-2010-3244;0.003030000;0.206590000
CVE-2010-3243;0.157200000;0.967470000
CVE-2010-3242;0.210330000;0.974990000
CVE-2010-3241;0.210330000;0.974990000
CVE-2010-3240;0.210330000;0.974980000
CVE-2010-3239;0.210330000;0.974970000
CVE-2010-3238;0.210330000;0.974980000
CVE-2010-3237;0.210330000;0.974990000
CVE-2010-3236;0.210330000;0.974980000
CVE-2010-3235;0.210330000;0.974980000
CVE-2010-3234;0.202810000;0.973920000
CVE-2010-3233;0.210330000;0.975000000
CVE-2010-3232;0.210330000;0.974990000
CVE-2010-3231;0.202810000;0.973930000
CVE-2010-3230;0.201220000;0.973700000
CVE-2010-3229;0.502310000;0.988710000
CVE-2010-3228;0.193990000;0.972720000
CVE-2010-3227;0.207650000;0.974640000
CVE-2010-3225;0.167080000;0.969290000
CVE-2010-3223;0.127530000;0.961400000
CVE-2010-3222;0.018630000;0.784170000
CVE-2010-3221;0.193990000;0.972730000
CVE-2010-3220;0.193990000;0.972730000
CVE-2010-3219;0.204630000;0.974250000
CVE-2010-3218;0.234150000;0.977180000
CVE-2010-3217;0.401260000;0.985900000
CVE-2010-3216;0.204630000;0.974250000
CVE-2010-3215;0.204630000;0.974240000
CVE-2010-3214;0.243560000;0.977940000
CVE-2010-3213;0.083790000;0.947850000
CVE-2010-3212;0.010030000;0.614280000
CVE-2010-3211;0.009610000;0.600300000
CVE-2010-3210;0.022940000;0.825590000
CVE-2010-3209;0.022940000;0.825580000
CVE-2010-3208;0.010750000;0.635680000
CVE-2010-3207;0.010820000;0.637630000
CVE-2010-3206;0.022940000;0.825600000
CVE-2010-3205;0.028690000;0.862570000
CVE-2010-3204;0.022940000;0.825620000
CVE-2010-3203;0.085230000;0.948640000
CVE-2010-3202;0.014450000;0.722120000
CVE-2010-3201;0.030920000;0.872190000
CVE-2010-3200;0.105640000;0.956280000
CVE-2010-3199;0.042020000;0.906070000
CVE-2010-3198;0.015410000;0.739060000
CVE-2010-3197;0.018770000;0.785750000
CVE-2010-3196;0.014480000;0.722660000
CVE-2010-3195;0.023940000;0.833150000
CVE-2010-3194;0.018360000;0.780670000
CVE-2010-3193;0.026520000;0.850610000
CVE-2010-3192;0.016060000;0.748940000
CVE-2010-3191;0.057170000;0.927600000
CVE-2010-3190;0.087390000;0.949780000
CVE-2010-3189;0.392160000;0.985540000
CVE-2010-3188;0.010630000;0.632360000
CVE-2010-3187;0.200330000;0.973590000
CVE-2010-3186;0.026050000;0.847710000
CVE-2010-3183;0.064510000;0.934940000
CVE-2010-3182;0.002860000;0.188930000
CVE-2010-3181;0.002680000;0.170030000
CVE-2010-3180;0.046440000;0.914060000
CVE-2010-3179;0.101180000;0.954920000
CVE-2010-3178;0.013980000;0.713430000
CVE-2010-3177;0.020640000;0.805910000
CVE-2010-3176;0.045500000;0.912550000
CVE-2010-3175;0.037260000;0.894160000
CVE-2010-3174;0.029860000;0.867870000
CVE-2010-3173;0.030360000;0.869940000
CVE-2010-3172;0.018030000;0.776330000
CVE-2010-3171;0.044980000;0.911550000
CVE-2010-3170;0.010960000;0.641840000
CVE-2010-3169;0.037260000;0.894150000
CVE-2010-3168;0.048120000;0.916490000
CVE-2010-3167;0.065270000;0.935530000
CVE-2010-3166;0.055580000;0.925760000
CVE-2010-3165;0.002790000;0.182380000
CVE-2010-3164;0.002900000;0.193180000
CVE-2010-3163;0.002810000;0.184620000
CVE-2010-3162;0.002780000;0.181650000
CVE-2010-3161;0.002780000;0.181650000
CVE-2010-3160;0.002780000;0.181650000
CVE-2010-3159;0.003580000;0.270390000
CVE-2010-3158;0.002900000;0.193180000
CVE-2010-3157;0.021750000;0.815910000
CVE-2010-3156;0.002790000;0.182380000
CVE-2010-3155;0.122060000;0.960310000
CVE-2010-3154;0.113260000;0.958400000
CVE-2010-3153;0.135590000;0.963290000
CVE-2010-3152;0.168460000;0.969460000
CVE-2010-3151;0.150770000;0.966190000
CVE-2010-3150;0.150770000;0.966190000
CVE-2010-3149;0.135590000;0.963280000
CVE-2010-3148;0.136400000;0.963530000
CVE-2010-3147;0.186750000;0.971760000
CVE-2010-3146;0.137150000;0.963740000
CVE-2010-3145;0.109440000;0.957440000
CVE-2010-3144;0.136400000;0.963530000
CVE-2010-3143;0.207660000;0.974650000
CVE-2010-3142;0.163110000;0.968520000
CVE-2010-3141;0.153530000;0.966650000
CVE-2010-3140;0.150650000;0.966170000
CVE-2010-3139;0.235040000;0.977260000
CVE-2010-3138;0.272510000;0.979930000
CVE-2010-3137;0.078260000;0.944740000
CVE-2010-3136;0.069140000;0.938670000
CVE-2010-3135;0.082400000;0.947050000
CVE-2010-3134;0.037870000;0.895900000
CVE-2010-3133;0.086180000;0.949170000
CVE-2010-3132;0.140370000;0.964350000
CVE-2010-3131;0.228590000;0.976700000
CVE-2010-3130;0.078350000;0.944790000
CVE-2010-3129;0.072610000;0.941350000
CVE-2010-3128;0.083610000;0.947780000
CVE-2010-3127;0.138510000;0.964000000
CVE-2010-3126;0.078260000;0.944740000
CVE-2010-3125;0.058080000;0.928740000
CVE-2010-3124;0.125060000;0.960890000
CVE-2010-3122;0.013810000;0.710240000
CVE-2010-3121;0.024420000;0.836680000
CVE-2010-3120;0.015140000;0.734680000
CVE-2010-3119;0.014200000;0.717570000
CVE-2010-3118;0.008760000;0.573580000
CVE-2010-3117;0.014870000;0.730000000
CVE-2010-3116;0.036940000;0.893170000
CVE-2010-3115;0.018100000;0.777360000
CVE-2010-3114;0.017900000;0.774670000
CVE-2010-3113;0.029000000;0.864130000
CVE-2010-3112;0.008860000;0.576160000
CVE-2010-3111;0.010050000;0.615040000
CVE-2010-3110;0.003770000;0.290210000
CVE-2010-3109;0.051960000;0.921840000
CVE-2010-3108;0.051960000;0.921840000
CVE-2010-3107;0.014000000;0.713900000
CVE-2010-3106;0.373280000;0.984790000
CVE-2010-3105;0.034210000;0.884660000
CVE-2010-3104;0.015720000;0.743960000
CVE-2010-3103;0.015720000;0.743950000
CVE-2010-3102;0.015720000;0.743960000
CVE-2010-3101;0.015200000;0.735490000
CVE-2010-3100;0.015200000;0.735490000
CVE-2010-3099;0.013540000;0.704670000
CVE-2010-3098;0.015200000;0.735490000
CVE-2010-3097;0.015200000;0.735480000
CVE-2010-3096;0.013540000;0.704670000
CVE-2010-3095;0.003400000;0.248330000
CVE-2010-3094;0.013710000;0.708250000
CVE-2010-3093;0.013980000;0.713490000
CVE-2010-3092;0.015600000;0.742140000
CVE-2010-3091;0.023720000;0.831580000
CVE-2010-3089;0.019730000;0.796260000
CVE-2010-3088;0.014890000;0.730390000
CVE-2010-3087;0.032360000;0.877910000
CVE-2010-3086;0.004800000;0.389350000
CVE-2010-3085;0.031080000;0.872750000
CVE-2010-3084;0.004340000;0.351910000
CVE-2010-3083;0.047110000;0.915010000
CVE-2010-3082;0.019170000;0.790360000
CVE-2010-3081;0.035330000;0.888330000
CVE-2010-3080;0.004160000;0.333280000
CVE-2010-3079;0.003900000;0.304520000
CVE-2010-3078;0.004070000;0.323690000
CVE-2010-3077;0.038930000;0.898840000
CVE-2010-3076;0.018400000;0.781240000
CVE-2010-3075;0.020630000;0.805770000
CVE-2010-3074;0.003860000;0.300300000
CVE-2010-3073;0.007130000;0.517450000
CVE-2010-3072;0.598830000;0.991050000
CVE-2010-3071;0.030070000;0.868830000
CVE-2010-3070;0.061610000;0.932340000
CVE-2010-3069;0.105460000;0.956220000
CVE-2010-3067;0.004280000;0.345630000
CVE-2010-3066;0.003460000;0.255190000
CVE-2010-3065;0.024530000;0.837570000
CVE-2010-3064;0.023670000;0.831270000
CVE-2010-3063;0.015740000;0.744370000
CVE-2010-3062;0.025950000;0.847050000
CVE-2010-3061;0.027040000;0.853710000
CVE-2010-3060;0.021750000;0.815930000
CVE-2010-3059;0.015260000;0.736530000
CVE-2010-3058;0.024620000;0.838130000
CVE-2010-3056;0.026800000;0.852390000
CVE-2010-3055;0.148310000;0.965780000
CVE-2010-3054;0.033290000;0.881680000
CVE-2010-3053;0.017980000;0.775770000
CVE-2010-3050;0.011310000;0.650800000
CVE-2010-3049;0.003190000;0.223920000
CVE-2010-3048;0.012910000;0.690730000
CVE-2010-3044;0.055390000;0.925530000
CVE-2010-3043;0.051430000;0.921170000
CVE-2010-3042;0.050930000;0.920590000
CVE-2010-3041;0.055390000;0.925540000
CVE-2010-3040;0.079950000;0.945680000
CVE-2010-3039;0.086050000;0.949100000
CVE-2010-3038;0.033080000;0.880980000
CVE-2010-3037;0.028780000;0.863020000
CVE-2010-3036;0.059920000;0.930650000
CVE-2010-3035;0.056680000;0.927140000
CVE-2010-3034;0.010970000;0.642390000
CVE-2010-3033;0.014820000;0.729120000
CVE-2010-3032;0.064300000;0.934690000
CVE-2010-3031;0.041230000;0.904450000
CVE-2010-3030;0.008290000;0.558210000
CVE-2010-3029;0.009230000;0.587880000
CVE-2010-3028;0.003070000;0.210700000
CVE-2010-3027;0.009990000;0.613010000
CVE-2010-3026;0.021950000;0.817680000
CVE-2010-3025;0.013440000;0.702560000
CVE-2010-3024;0.014350000;0.720260000
CVE-2010-3023;0.025720000;0.845500000
CVE-2010-3022;0.012560000;0.683320000
CVE-2010-3021;0.018850000;0.786680000
CVE-2010-3020;0.019040000;0.788830000
CVE-2010-3019;0.050400000;0.919880000
CVE-2010-3018;0.009780000;0.606670000
CVE-2010-3017;0.006670000;0.498380000
CVE-2010-3015;0.003760000;0.289960000
CVE-2010-3014;0.002670000;0.168820000
CVE-2010-3013;0.012580000;0.683800000
CVE-2010-3012;0.016950000;0.762060000
CVE-2010-3011;0.035340000;0.888340000
CVE-2010-3010;0.014630000;0.725560000
CVE-2010-3009;0.033150000;0.881230000
CVE-2010-3008;0.006060000;0.468630000
CVE-2010-3007;0.055180000;0.925240000
CVE-2010-3006;0.023080000;0.826790000
CVE-2010-3005;0.002780000;0.181410000
CVE-2010-3004;0.053150000;0.923130000
CVE-2010-3003;0.047890000;0.916180000
CVE-2010-3002;0.015010000;0.732450000
CVE-2010-3001;0.015540000;0.741420000
CVE-2010-3000;0.074990000;0.942790000
CVE-2010-2999;0.059240000;0.929950000
CVE-2010-2998;0.059080000;0.929770000
CVE-2010-2997;0.057920000;0.928500000
CVE-2010-2996;0.068120000;0.937860000
CVE-2010-2995;0.067310000;0.937220000
CVE-2010-2994;0.024310000;0.836000000
CVE-2010-2993;0.022920000;0.825460000
CVE-2010-2992;0.025990000;0.847300000
CVE-2010-2991;0.068490000;0.938130000
CVE-2010-2990;0.049210000;0.918100000
CVE-2010-2989;0.010640000;0.632750000
CVE-2010-2988;0.008450000;0.563240000
CVE-2010-2987;0.008450000;0.563230000
CVE-2010-2986;0.011070000;0.644730000
CVE-2010-2985;0.010730000;0.635410000
CVE-2010-2984;0.025160000;0.841890000
CVE-2010-2983;0.012050000;0.670540000
CVE-2010-2982;0.012220000;0.675120000
CVE-2010-2981;0.010600000;0.631550000
CVE-2010-2980;0.012050000;0.670560000
CVE-2010-2979;0.012050000;0.670550000
CVE-2010-2978;0.017950000;0.775310000
CVE-2010-2977;0.012820000;0.688740000
CVE-2010-2976;0.021300000;0.812150000
CVE-2010-2975;0.003090000;0.212230000
CVE-2010-2974;0.044770000;0.911160000
CVE-2010-2973;0.007810000;0.541600000
CVE-2010-2971;0.036880000;0.893020000
CVE-2010-2970;0.025510000;0.844110000
CVE-2010-2969;0.025510000;0.844110000
CVE-2010-2968;0.014760000;0.727960000
CVE-2010-2967;0.017310000;0.766790000
CVE-2010-2966;0.015480000;0.740120000
CVE-2010-2965;0.578160000;0.990590000
CVE-2010-2963;0.008160000;0.553570000
CVE-2010-2962;0.004830000;0.391740000
CVE-2010-2961;0.004740000;0.385120000
CVE-2010-2960;0.005060000;0.407980000
CVE-2010-2959;0.037460000;0.894740000
CVE-2010-2958;0.019000000;0.788480000
CVE-2010-2957;0.011040000;0.643940000
CVE-2010-2956;0.003620000;0.275150000
CVE-2010-2955;0.004150000;0.332200000
CVE-2010-2954;0.004220000;0.339940000
CVE-2010-2953;0.005990000;0.465330000
CVE-2010-2952;0.026120000;0.848050000
CVE-2010-2951;0.314650000;0.982280000
CVE-2010-2950;0.056930000;0.927370000
CVE-2010-2949;0.033770000;0.883300000
CVE-2010-2948;0.040410000;0.902630000
CVE-2010-2947;0.055060000;0.925130000
CVE-2010-2946;0.004260000;0.343820000
CVE-2010-2945;0.002970000;0.200530000
CVE-2010-2944;0.013360000;0.700810000
CVE-2010-2943;0.170090000;0.969700000
CVE-2010-2942;0.004210000;0.338950000
CVE-2010-2941;0.064180000;0.934580000
CVE-2010-2940;0.020230000;0.801790000
CVE-2010-2939;0.099770000;0.954460000
CVE-2010-2938;0.003460000;0.255190000
CVE-2010-2937;0.026380000;0.849680000
CVE-2010-2936;0.070890000;0.940080000
CVE-2010-2935;0.070890000;0.940080000
CVE-2010-2934;0.030780000;0.871660000
CVE-2010-2933;0.009610000;0.600250000
CVE-2010-2932;0.068960000;0.938510000
CVE-2010-2931;0.093710000;0.952310000
CVE-2010-2930;0.003650000;0.277560000
CVE-2010-2929;0.003800000;0.293910000
CVE-2010-2928;0.003630000;0.275750000
CVE-2010-2927;0.015900000;0.746500000
CVE-2010-2926;0.009070000;0.583070000
CVE-2010-2925;0.009670000;0.602700000
CVE-2010-2924;0.028130000;0.859830000
CVE-2010-2923;0.009670000;0.602700000
CVE-2010-2922;0.009930000;0.610920000
CVE-2010-2921;0.009670000;0.602720000
CVE-2010-2920;0.056880000;0.927300000
CVE-2010-2919;0.009670000;0.602720000
CVE-2010-2918;0.137040000;0.963680000
CVE-2010-2917;0.017200000;0.765370000
CVE-2010-2916;0.009670000;0.602720000
CVE-2010-2915;0.009670000;0.602720000
CVE-2010-2914;0.016420000;0.754430000
CVE-2010-2913;0.003510000;0.262060000
CVE-2010-2912;0.009750000;0.605850000
CVE-2010-2911;0.010120000;0.617190000
CVE-2010-2910;0.009670000;0.602730000
CVE-2010-2909;0.015860000;0.746000000
CVE-2010-2908;0.009730000;0.604890000
CVE-2010-2907;0.019900000;0.798150000
CVE-2010-2906;0.009610000;0.600200000
CVE-2010-2905;0.009710000;0.604220000
CVE-2010-2904;0.012920000;0.691010000
CVE-2010-2903;0.008470000;0.563780000
CVE-2010-2902;0.015290000;0.736900000
CVE-2010-2901;0.023970000;0.833400000
CVE-2010-2900;0.010300000;0.622630000
CVE-2010-2899;0.009270000;0.589250000
CVE-2010-2898;0.010310000;0.622980000
CVE-2010-2897;0.013850000;0.710910000
CVE-2010-2896;0.009070000;0.582960000
CVE-2010-2892;0.035080000;0.887660000
CVE-2010-2891;0.140350000;0.964350000
CVE-2010-2890;0.064670000;0.935080000
CVE-2010-2889;0.272430000;0.979920000
CVE-2010-2888;0.059980000;0.930730000
CVE-2010-2887;0.048180000;0.916560000
CVE-2010-2886;0.017570000;0.770370000
CVE-2010-2885;0.017020000;0.762920000
CVE-2010-2884;0.156210000;0.967270000
CVE-2010-2883;0.813760000;0.996290000
CVE-2010-2882;0.043210000;0.908270000
CVE-2010-2881;0.043210000;0.908270000
CVE-2010-2880;0.043210000;0.908270000
CVE-2010-2879;0.048090000;0.916450000
CVE-2010-2878;0.056180000;0.926680000
CVE-2010-2877;0.056180000;0.926670000
CVE-2010-2876;0.060510000;0.931260000
CVE-2010-2875;0.043370000;0.908560000
CVE-2010-2874;0.044350000;0.910430000
CVE-2010-2873;0.062460000;0.933130000
CVE-2010-2872;0.060510000;0.931270000
CVE-2010-2871;0.060510000;0.931270000
CVE-2010-2870;0.048090000;0.916450000
CVE-2010-2869;0.046740000;0.914480000
CVE-2010-2868;0.046740000;0.914480000
CVE-2010-2867;0.052790000;0.922810000
CVE-2010-2866;0.130140000;0.962010000
CVE-2010-2865;0.033340000;0.881850000
CVE-2010-2864;0.046740000;0.914480000
CVE-2010-2863;0.044050000;0.909810000
CVE-2010-2862;0.163050000;0.968500000
CVE-2010-2861;0.997210000;0.999510000
CVE-2010-2860;0.042660000;0.907290000
CVE-2010-2859;0.011760000;0.663080000
CVE-2010-2858;0.017200000;0.765380000
CVE-2010-2857;0.048480000;0.917080000
CVE-2010-2856;0.033520000;0.882450000
CVE-2010-2855;0.009170000;0.586170000
CVE-2010-2854;0.008120000;0.552510000
CVE-2010-2853;0.011890000;0.666480000
CVE-2010-2852;0.011020000;0.643520000
CVE-2010-2851;0.012990000;0.692680000
CVE-2010-2850;0.027150000;0.854390000
CVE-2010-2849;0.020670000;0.806200000
CVE-2010-2848;0.027550000;0.856600000
CVE-2010-2847;0.019930000;0.798560000
CVE-2010-2846;0.014900000;0.730550000
CVE-2010-2845;0.009670000;0.602590000
CVE-2010-2844;0.014990000;0.732010000
CVE-2010-2843;0.014820000;0.729120000
CVE-2010-2842;0.014820000;0.729120000
CVE-2010-2841;0.008590000;0.567970000
CVE-2010-2840;0.012100000;0.672020000
CVE-2010-2839;0.012100000;0.672040000
CVE-2010-2838;0.012100000;0.672010000
CVE-2010-2837;0.012100000;0.672040000
CVE-2010-2836;0.017630000;0.771210000
CVE-2010-2835;0.017850000;0.774100000
CVE-2010-2834;0.017700000;0.772270000
CVE-2010-2833;0.017630000;0.771200000
CVE-2010-2832;0.017630000;0.771220000
CVE-2010-2831;0.017630000;0.771210000
CVE-2010-2830;0.015510000;0.740870000
CVE-2010-2829;0.017630000;0.771200000
CVE-2010-2828;0.017630000;0.771200000
CVE-2010-2827;0.017700000;0.772270000
CVE-2010-2826;0.013380000;0.701170000
CVE-2010-2825;0.012050000;0.670550000
CVE-2010-2824;0.017630000;0.771210000
CVE-2010-2823;0.017580000;0.770470000
CVE-2010-2822;0.017630000;0.771210000
CVE-2010-2821;0.010640000;0.632790000
CVE-2010-2820;0.012100000;0.672030000
CVE-2010-2819;0.012100000;0.672040000
CVE-2010-2818;0.012100000;0.672000000
CVE-2010-2817;0.025180000;0.841980000
CVE-2010-2816;0.025180000;0.841990000
CVE-2010-2815;0.025180000;0.841990000
CVE-2010-2814;0.025180000;0.841990000
CVE-2010-2813;0.040480000;0.902790000
CVE-2010-2812;0.031640000;0.875000000
CVE-2010-2811;0.009950000;0.611520000
CVE-2010-2810;0.036630000;0.892380000
CVE-2010-2809;0.073450000;0.941860000
CVE-2010-2808;0.044980000;0.911540000
CVE-2010-2807;0.042030000;0.906100000
CVE-2010-2806;0.058390000;0.929140000
CVE-2010-2805;0.051110000;0.920800000
CVE-2010-2803;0.004670000;0.379460000
CVE-2010-2802;0.008870000;0.576660000
CVE-2010-2801;0.040270000;0.902330000
CVE-2010-2800;0.022860000;0.825030000
CVE-2010-2799;0.027520000;0.856330000
CVE-2010-2798;0.004140000;0.330860000
CVE-2010-2797;0.076870000;0.943930000
CVE-2010-2796;0.025170000;0.841910000
CVE-2010-2795;0.022630000;0.823130000
CVE-2010-2794;0.003140000;0.218400000
CVE-2010-2793;0.010380000;0.625160000
CVE-2010-2792;0.002460000;0.142800000
CVE-2010-2791;0.082840000;0.947310000
CVE-2010-2790;0.019000000;0.788470000
CVE-2010-2789;0.010920000;0.640500000
CVE-2010-2788;0.015560000;0.741620000
CVE-2010-2787;0.016450000;0.754790000
CVE-2010-2786;0.027290000;0.855100000
CVE-2010-2785;0.075740000;0.943220000
CVE-2010-2784;0.002780000;0.181490000
CVE-2010-2783;0.019380000;0.792840000
CVE-2010-2779;0.018640000;0.784260000
CVE-2010-2778;0.018640000;0.784250000
CVE-2010-2777;0.103880000;0.955760000
CVE-2010-2772;0.005500000;0.437770000
CVE-2010-2771;0.054350000;0.924350000
CVE-2010-2770;0.037490000;0.894830000
CVE-2010-2769;0.020700000;0.806510000
CVE-2010-2768;0.021070000;0.810050000
CVE-2010-2767;0.046840000;0.914620000
CVE-2010-2766;0.053660000;0.923680000
CVE-2010-2765;0.057190000;0.927670000
CVE-2010-2764;0.020010000;0.799330000
CVE-2010-2763;0.015900000;0.746550000
CVE-2010-2762;0.020240000;0.801980000
CVE-2010-2761;0.027130000;0.854240000
CVE-2010-2760;0.039520000;0.900550000
CVE-2010-2759;0.018280000;0.779790000
CVE-2010-2758;0.014110000;0.715740000
CVE-2010-2757;0.012510000;0.682160000
CVE-2010-2756;0.020460000;0.804040000
CVE-2010-2755;0.041300000;0.904650000
CVE-2010-2754;0.010690000;0.634330000
CVE-2010-2753;0.066720000;0.936620000
CVE-2010-2752;0.097820000;0.953800000
CVE-2010-2751;0.018730000;0.785250000
CVE-2010-2750;0.204630000;0.974250000
CVE-2010-2748;0.193990000;0.972730000
CVE-2010-2747;0.206280000;0.974440000
CVE-2010-2746;0.356630000;0.984110000
CVE-2010-2745;0.238260000;0.977510000
CVE-2010-2744;0.041940000;0.905900000
CVE-2010-2743;0.145640000;0.965310000
CVE-2010-2742;0.296340000;0.981340000
CVE-2010-2741;0.017580000;0.770470000
CVE-2010-2740;0.017730000;0.772600000
CVE-2010-2739;0.037450000;0.894720000
CVE-2010-2738;0.185370000;0.971600000
CVE-2010-2734;0.142330000;0.964710000
CVE-2010-2733;0.142330000;0.964710000
CVE-2010-2732;0.134170000;0.962950000
CVE-2010-2731;0.311180000;0.982130000
CVE-2010-2730;0.328260000;0.983010000
CVE-2010-2729;0.756360000;0.995050000
CVE-2010-2728;0.172530000;0.970020000
CVE-2010-2725;0.029350000;0.865700000
CVE-2010-2724;0.008640000;0.569560000
CVE-2010-2723;0.008450000;0.563040000
CVE-2010-2722;0.008550000;0.566650000
CVE-2010-2721;0.011890000;0.666520000
CVE-2010-2720;0.011500000;0.655670000
CVE-2010-2719;0.011500000;0.655660000
CVE-2010-2718;0.013440000;0.702550000
CVE-2010-2717;0.010620000;0.631970000
CVE-2010-2716;0.009670000;0.602360000
CVE-2010-2715;0.014650000;0.726100000
CVE-2010-2714;0.009710000;0.604290000
CVE-2010-2713;0.033430000;0.882180000
CVE-2010-2712;0.003310000;0.237130000
CVE-2010-2711;0.020880000;0.808330000
CVE-2010-2710;0.101760000;0.955100000
CVE-2010-2709;0.422610000;0.986530000
CVE-2010-2708;0.008860000;0.576270000
CVE-2010-2707;0.012380000;0.678750000
CVE-2010-2706;0.008860000;0.576270000
CVE-2010-2705;0.009810000;0.607220000
CVE-2010-2704;0.149260000;0.965930000
CVE-2010-2703;0.713810000;0.993960000
CVE-2010-2702;0.049270000;0.918220000
CVE-2010-2701;0.050580000;0.920090000
CVE-2010-2700;0.011780000;0.663770000
CVE-2010-2699;0.009610000;0.600350000
CVE-2010-2698;0.012370000;0.678570000
CVE-2010-2697;0.013350000;0.700330000
CVE-2010-2696;0.009710000;0.604270000
CVE-2010-2695;0.018780000;0.785810000
CVE-2010-2694;0.009810000;0.607360000
CVE-2010-2693;0.006980000;0.511710000
CVE-2010-2692;0.017080000;0.763880000
CVE-2010-2691;0.017910000;0.774790000
CVE-2010-2690;0.009310000;0.590670000
CVE-2010-2689;0.009670000;0.602400000
CVE-2010-2688;0.011890000;0.666490000
CVE-2010-2687;0.011610000;0.658780000
CVE-2010-2686;0.010630000;0.632350000
CVE-2010-2685;0.023960000;0.833340000
CVE-2010-2684;0.011890000;0.666530000
CVE-2010-2683;0.010030000;0.614300000
CVE-2010-2682;0.143110000;0.964860000
CVE-2010-2681;0.022790000;0.824410000
CVE-2010-2680;0.048480000;0.917080000
CVE-2010-2679;0.009670000;0.602820000
CVE-2010-2678;0.010630000;0.632140000
CVE-2010-2677;0.026870000;0.852780000
CVE-2010-2676;0.028620000;0.862230000
CVE-2010-2675;0.012080000;0.671440000
CVE-2010-2674;0.010030000;0.614290000
CVE-2010-2673;0.009730000;0.604650000
CVE-2010-2672;0.013300000;0.699140000
CVE-2010-2671;0.012630000;0.684900000
CVE-2010-2670;0.009710000;0.604280000
CVE-2010-2669;0.014990000;0.732010000
CVE-2010-2668;0.013340000;0.700150000
CVE-2010-2667;0.020890000;0.808440000
CVE-2010-2666;0.050390000;0.919870000
CVE-2010-2665;0.022910000;0.825450000
CVE-2010-2664;0.018680000;0.784710000
CVE-2010-2663;0.018520000;0.782690000
CVE-2010-2662;0.020140000;0.800940000
CVE-2010-2661;0.022720000;0.823800000
CVE-2010-2660;0.022720000;0.823800000
CVE-2010-2659;0.015450000;0.739640000
CVE-2010-2658;0.016330000;0.752930000
CVE-2010-2657;0.039020000;0.899040000
CVE-2010-2656;0.024560000;0.837750000
CVE-2010-2655;0.022910000;0.825440000
CVE-2010-2654;0.022830000;0.824690000
CVE-2010-2653;0.003810000;0.294660000
CVE-2010-2652;0.007220000;0.520830000
CVE-2010-2651;0.013040000;0.693620000
CVE-2010-2650;0.007490000;0.530590000
CVE-2010-2649;0.008720000;0.572200000
CVE-2010-2648;0.020460000;0.804050000
CVE-2010-2647;0.021100000;0.810420000
CVE-2010-2646;0.008510000;0.565200000
CVE-2010-2645;0.008570000;0.567580000
CVE-2010-2644;0.012090000;0.671660000
CVE-2010-2643;0.059940000;0.930680000
CVE-2010-2642;0.142700000;0.964790000
CVE-2010-2641;0.049350000;0.918330000
CVE-2010-2640;0.049350000;0.918330000
CVE-2010-2639;0.012420000;0.680000000
CVE-2010-2638;0.008830000;0.575470000
CVE-2010-2637;0.016700000;0.758330000
CVE-2010-2636;0.008450000;0.563210000
CVE-2010-2635;0.008510000;0.565300000
CVE-2010-2634;0.008930000;0.578410000
CVE-2010-2633;0.019780000;0.796830000
CVE-2010-2632;0.350130000;0.983870000
CVE-2010-2631;0.028840000;0.863260000
CVE-2010-2630;0.049530000;0.918660000
CVE-2010-2629;0.014710000;0.727270000
CVE-2010-2628;0.040500000;0.902850000
CVE-2010-2627;0.036600000;0.892270000
CVE-2010-2626;0.129490000;0.961890000
CVE-2010-2625;0.013960000;0.712980000
CVE-2010-2624;0.011500000;0.655660000
CVE-2010-2623;0.009710000;0.604290000
CVE-2010-2622;0.009610000;0.600270000
CVE-2010-2621;0.105400000;0.956200000
CVE-2010-2620;0.295550000;0.981300000
CVE-2010-2619;0.003030000;0.206550000
CVE-2010-2618;0.020890000;0.808420000
CVE-2010-2617;0.014450000;0.722140000
CVE-2010-2616;0.009670000;0.602790000
CVE-2010-2615;0.014520000;0.723340000
CVE-2010-2614;0.011250000;0.649320000
CVE-2010-2613;0.015980000;0.747670000
CVE-2010-2612;0.004690000;0.380660000
CVE-2010-2611;0.011090000;0.645310000
CVE-2010-2610;0.011870000;0.666140000
CVE-2010-2609;0.013560000;0.705130000
CVE-2010-2604;0.057180000;0.927610000
CVE-2010-2603;0.003590000;0.270770000
CVE-2010-2602;0.029170000;0.864920000
CVE-2010-2601;0.032900000;0.880270000
CVE-2010-2600;0.047080000;0.914970000
CVE-2010-2599;0.016810000;0.759960000
CVE-2010-2598;0.019860000;0.797770000
CVE-2010-2597;0.027850000;0.858450000
CVE-2010-2596;0.022390000;0.821390000
CVE-2010-2595;0.027540000;0.856540000
CVE-2010-2594;0.014660000;0.726360000
CVE-2010-2590;0.467760000;0.987880000
CVE-2010-2589;0.048210000;0.916610000
CVE-2010-2588;0.037890000;0.895950000
CVE-2010-2587;0.044270000;0.910240000
CVE-2010-2586;0.055390000;0.925520000
CVE-2010-2585;0.048780000;0.917490000
CVE-2010-2584;0.014030000;0.714600000
CVE-2010-2583;0.047560000;0.915710000
CVE-2010-2582;0.078040000;0.944620000
CVE-2010-2581;0.043740000;0.909380000
CVE-2010-2580;0.038390000;0.897430000
CVE-2010-2579;0.011710000;0.661450000
CVE-2010-2578;0.025030000;0.840870000
CVE-2010-2577;0.012580000;0.683810000
CVE-2010-2576;0.033560000;0.882630000
CVE-2010-2575;0.046520000;0.914180000
CVE-2010-2574;0.018040000;0.776580000
CVE-2010-2573;0.203050000;0.973960000
CVE-2010-2572;0.586460000;0.990760000
CVE-2010-2571;0.217730000;0.975630000
CVE-2010-2570;0.251060000;0.978590000
CVE-2010-2569;0.210010000;0.974930000
CVE-2010-2568;0.913240000;0.998090000
CVE-2010-2567;0.072140000;0.941050000
CVE-2010-2566;0.152880000;0.966570000
CVE-2010-2564;0.225880000;0.976450000
CVE-2010-2563;0.182400000;0.971220000
CVE-2010-2562;0.176120000;0.970500000
CVE-2010-2561;0.248650000;0.978370000
CVE-2010-2560;0.242290000;0.977830000
CVE-2010-2559;0.275200000;0.980110000
CVE-2010-2558;0.210430000;0.975010000
CVE-2010-2557;0.275200000;0.980120000
CVE-2010-2556;0.275200000;0.980110000
CVE-2010-2555;0.016400000;0.754130000
CVE-2010-2554;0.019200000;0.790760000
CVE-2010-2553;0.308950000;0.982000000
CVE-2010-2552;0.326200000;0.982890000
CVE-2010-2551;0.666210000;0.992660000
CVE-2010-2550;0.757200000;0.995080000
CVE-2010-2549;0.051450000;0.921220000
CVE-2010-2548;0.019950000;0.798770000
CVE-2010-2547;0.053420000;0.923400000
CVE-2010-2546;0.067160000;0.936980000
CVE-2010-2545;0.018010000;0.776160000
CVE-2010-2544;0.043090000;0.908080000
CVE-2010-2543;0.038740000;0.898390000
CVE-2010-2542;0.025070000;0.841140000
CVE-2010-2541;0.047820000;0.916070000
CVE-2010-2540;0.038330000;0.897260000
CVE-2010-2539;0.003230000;0.227620000
CVE-2010-2538;0.003800000;0.293810000
CVE-2010-2537;0.003900000;0.304860000
CVE-2010-2536;0.020390000;0.803230000
CVE-2010-2535;0.008420000;0.562070000
CVE-2010-2534;0.033480000;0.882340000
CVE-2010-2532;0.004010000;0.317400000
CVE-2010-2531;0.049960000;0.919260000
CVE-2010-2530;0.003000000;0.203710000
CVE-2010-2529;0.030380000;0.870020000
CVE-2010-2528;0.024230000;0.835330000
CVE-2010-2527;0.056440000;0.926920000
CVE-2010-2526;0.004910000;0.397580000
CVE-2010-2525;0.002850000;0.188570000
CVE-2010-2524;0.004230000;0.341060000
CVE-2010-2523;0.029600000;0.866730000
CVE-2010-2522;0.003370000;0.245440000
CVE-2010-2521;0.089840000;0.950950000
CVE-2010-2520;0.057090000;0.927550000
CVE-2010-2519;0.062870000;0.933540000
CVE-2010-2518;0.016090000;0.749310000
CVE-2010-2517;0.016610000;0.757230000
CVE-2010-2516;0.010130000;0.617450000
CVE-2010-2515;0.016900000;0.761310000
CVE-2010-2514;0.010750000;0.635700000
CVE-2010-2513;0.011120000;0.646060000
CVE-2010-2512;0.009710000;0.604260000
CVE-2010-2511;0.009610000;0.600210000
CVE-2010-2510;0.009070000;0.583010000
CVE-2010-2509;0.013140000;0.695880000
CVE-2010-2508;0.009610000;0.600220000
CVE-2010-2507;0.094320000;0.952520000
CVE-2010-2506;0.006610000;0.496140000
CVE-2010-2505;0.026850000;0.852630000
CVE-2010-2504;0.008670000;0.570660000
CVE-2010-2503;0.008550000;0.566610000
CVE-2010-2502;0.026420000;0.849980000
CVE-2010-2500;0.049910000;0.919230000
CVE-2010-2499;0.061940000;0.932620000
CVE-2010-2498;0.056380000;0.926850000
CVE-2010-2497;0.055560000;0.925720000
CVE-2010-2496;0.002330000;0.127580000
CVE-2010-2495;0.029310000;0.865550000
CVE-2010-2494;0.034410000;0.885450000
CVE-2010-2493;0.016880000;0.761130000
CVE-2010-2492;0.004340000;0.351720000
CVE-2010-2491;0.025510000;0.844110000
CVE-2010-2490;0.016040000;0.748610000
CVE-2010-2489;0.004060000;0.322220000
CVE-2010-2488;0.023950000;0.833180000
CVE-2010-2487;0.026790000;0.852350000
CVE-2010-2484;0.018270000;0.779600000
CVE-2010-2483;0.019700000;0.795940000
CVE-2010-2482;0.087680000;0.949950000
CVE-2010-2481;0.029540000;0.866480000
CVE-2010-2480;0.018240000;0.779290000
CVE-2010-2479;0.020080000;0.800470000
CVE-2010-2478;0.004190000;0.336990000
CVE-2010-2477;0.022880000;0.825170000
CVE-2010-2476;0.017250000;0.766060000
CVE-2010-2474;0.009020000;0.581350000
CVE-2010-2473;0.010080000;0.615860000
CVE-2010-2472;0.007590000;0.534390000
CVE-2010-2471;0.011000000;0.642870000
CVE-2010-2470;0.003110000;0.214750000
CVE-2010-2469;0.013240000;0.697810000
CVE-2010-2468;0.016910000;0.761550000
CVE-2010-2467;0.013650000;0.706920000
CVE-2010-2466;0.019180000;0.790520000
CVE-2010-2465;0.024560000;0.837730000
CVE-2010-2464;0.017200000;0.765390000
CVE-2010-2463;0.014520000;0.723360000
CVE-2010-2462;0.009670000;0.602480000
CVE-2010-2461;0.009670000;0.602430000
CVE-2010-2460;0.009610000;0.600210000
CVE-2010-2459;0.009970000;0.612340000
CVE-2010-2458;0.017200000;0.765390000
CVE-2010-2457;0.014520000;0.723370000
CVE-2010-2456;0.020290000;0.802400000
CVE-2010-2455;0.013210000;0.697360000
CVE-2010-2454;0.017630000;0.771190000
CVE-2010-2453;0.008560000;0.566970000
CVE-2010-2452;0.040800000;0.903520000
CVE-2010-2451;0.026620000;0.851220000
CVE-2010-2450;0.012000000;0.669240000
CVE-2010-2449;0.017020000;0.762920000
CVE-2010-2448;0.020630000;0.805780000
CVE-2010-2447;0.017640000;0.771340000
CVE-2010-2446;0.034380000;0.885340000
CVE-2010-2445;0.033420000;0.882150000
CVE-2010-2444;0.018590000;0.783750000
CVE-2010-2443;0.031860000;0.875830000
CVE-2010-2442;0.116050000;0.959020000
CVE-2010-2441;0.018980000;0.788170000
CVE-2010-2440;0.055860000;0.926150000
CVE-2010-2439;0.058150000;0.928880000
CVE-2010-2438;0.009070000;0.583010000
CVE-2010-2437;0.014520000;0.723370000
CVE-2010-2436;0.009710000;0.604260000
CVE-2010-2435;0.064690000;0.935090000
CVE-2010-2434;0.053590000;0.923570000
CVE-2010-2433;0.014650000;0.726170000
CVE-2010-2432;0.020980000;0.809240000
CVE-2010-2431;0.003560000;0.268010000
CVE-2010-2429;0.016420000;0.754430000
CVE-2010-2428;0.019940000;0.798640000
CVE-2010-2427;0.003200000;0.224240000
CVE-2010-2426;0.122600000;0.960440000
CVE-2010-2425;0.012160000;0.673710000
CVE-2010-2422;0.019650000;0.795480000
CVE-2010-2421;0.022860000;0.824910000
CVE-2010-2420;0.021290000;0.812100000
CVE-2010-2419;0.017320000;0.766940000
CVE-2010-2418;0.015250000;0.736290000
CVE-2010-2417;0.013010000;0.693020000
CVE-2010-2416;0.014950000;0.731230000
CVE-2010-2415;0.097360000;0.953640000
CVE-2010-2414;0.016400000;0.753990000
CVE-2010-2413;0.014950000;0.731220000
CVE-2010-2412;0.014360000;0.720430000
CVE-2010-2411;0.013720000;0.708380000
CVE-2010-2410;0.015250000;0.736290000
CVE-2010-2409;0.015250000;0.736290000
CVE-2010-2408;0.009790000;0.606920000
CVE-2010-2407;0.015380000;0.738530000
CVE-2010-2406;0.014460000;0.722400000
CVE-2010-2405;0.015060000;0.733250000
CVE-2010-2404;0.007690000;0.537640000
CVE-2010-2403;0.007020000;0.513420000
CVE-2010-2402;0.008720000;0.572250000
CVE-2010-2401;0.008720000;0.572250000
CVE-2010-2400;0.003050000;0.208730000
CVE-2010-2399;0.003050000;0.208730000
CVE-2010-2398;0.008780000;0.574200000
CVE-2010-2397;0.002690000;0.170790000
CVE-2010-2396;0.014950000;0.731220000
CVE-2010-2395;0.015250000;0.736290000
CVE-2010-2394;0.003170000;0.221430000
CVE-2010-2393;0.002480000;0.144110000
CVE-2010-2392;0.003450000;0.254810000
CVE-2010-2391;0.012260000;0.676300000
CVE-2010-2390;0.026220000;0.848650000
CVE-2010-2389;0.002870000;0.190710000
CVE-2010-2388;0.011020000;0.643410000
CVE-2010-2387;0.005240000;0.421600000
CVE-2010-2386;0.003480000;0.257740000
CVE-2010-2385;0.015020000;0.732600000
CVE-2010-2384;0.006400000;0.485450000
CVE-2010-2383;0.006830000;0.505790000
CVE-2010-2382;0.006830000;0.505790000
CVE-2010-2381;0.010890000;0.639680000
CVE-2010-2380;0.003270000;0.232940000
CVE-2010-2379;0.008780000;0.574210000
CVE-2010-2378;0.002700000;0.172270000
CVE-2010-2377;0.008060000;0.550360000
CVE-2010-2376;0.003190000;0.223170000
CVE-2010-2375;0.065090000;0.935390000
CVE-2010-2374;0.003120000;0.216390000
CVE-2010-2373;0.009040000;0.581780000
CVE-2010-2372;0.009040000;0.581780000
CVE-2010-2371;0.003080000;0.211440000
CVE-2010-2370;0.039290000;0.899920000
CVE-2010-2369;0.002780000;0.181660000
CVE-2010-2368;0.002900000;0.193180000
CVE-2010-2367;0.010220000;0.620010000
CVE-2010-2366;0.010330000;0.623720000
CVE-2010-2365;0.010330000;0.623720000
CVE-2010-2364;0.010330000;0.623750000
CVE-2010-2363;0.018640000;0.784190000
CVE-2010-2362;0.014460000;0.722350000
CVE-2010-2361;0.014460000;0.722390000
CVE-2010-2360;0.033720000;0.883130000
CVE-2010-2359;0.009730000;0.604820000
CVE-2010-2358;0.025200000;0.842140000
CVE-2010-2357;0.010020000;0.613960000
CVE-2010-2356;0.014450000;0.722060000
CVE-2010-2355;0.014620000;0.725400000
CVE-2010-2354;0.011510000;0.656200000
CVE-2010-2353;0.017660000;0.771650000
CVE-2010-2352;0.025600000;0.844680000
CVE-2010-2351;0.157150000;0.967460000
CVE-2010-2350;0.032970000;0.880550000
CVE-2010-2349;0.048040000;0.916380000
CVE-2010-2348;0.055790000;0.926040000
CVE-2010-2347;0.010940000;0.641480000
CVE-2010-2345;0.005810000;0.455020000
CVE-2010-2344;0.015280000;0.736790000
CVE-2010-2343;0.367330000;0.984520000
CVE-2010-2342;0.009070000;0.583020000
CVE-2010-2341;0.024880000;0.839920000
CVE-2010-2340;0.009140000;0.585100000
CVE-2010-2339;0.012580000;0.683800000
CVE-2010-2338;0.011510000;0.656180000
CVE-2010-2337;0.011770000;0.663200000
CVE-2010-2336;0.023530000;0.830270000
CVE-2010-2335;0.010120000;0.617250000
CVE-2010-2334;0.031770000;0.875500000
CVE-2010-2333;0.601960000;0.991090000
CVE-2010-2332;0.060050000;0.930780000
CVE-2010-2331;0.055860000;0.926150000
CVE-2010-2330;0.278220000;0.980320000
CVE-2010-2329;0.067680000;0.937560000
CVE-2010-2328;0.011050000;0.644320000
CVE-2010-2327;0.012260000;0.676130000
CVE-2010-2326;0.010860000;0.638960000
CVE-2010-2325;0.016420000;0.754420000
CVE-2010-2324;0.011640000;0.659550000
CVE-2010-2323;0.010430000;0.626620000
CVE-2010-2322;0.032340000;0.877830000
CVE-2010-2321;0.206810000;0.974500000
CVE-2010-2320;0.023850000;0.832510000
CVE-2010-2319;0.020320000;0.802720000
CVE-2010-2318;0.008930000;0.578520000
CVE-2010-2317;0.019990000;0.799090000
CVE-2010-2316;0.029620000;0.866860000
CVE-2010-2315;0.058240000;0.928950000
CVE-2010-2314;0.046910000;0.914690000
CVE-2010-2313;0.051240000;0.920910000
CVE-2010-2312;0.009610000;0.600260000
CVE-2010-2311;0.057570000;0.928090000
CVE-2010-2310;0.110240000;0.957650000
CVE-2010-2309;0.508450000;0.988900000
CVE-2010-2308;0.012140000;0.673160000
CVE-2010-2307;0.086040000;0.949100000
CVE-2010-2306;0.014600000;0.725170000
CVE-2010-2305;0.199680000;0.973530000
CVE-2010-2302;0.029810000;0.867640000
CVE-2010-2301;0.012890000;0.690210000
CVE-2010-2300;0.089190000;0.950650000
CVE-2010-2299;0.026440000;0.850040000
CVE-2010-2298;0.015770000;0.744760000
CVE-2010-2297;0.028110000;0.859710000
CVE-2010-2296;0.015280000;0.736800000
CVE-2010-2295;0.013890000;0.711860000
CVE-2010-2294;0.005810000;0.455020000
CVE-2010-2293;0.011570000;0.657550000
CVE-2010-2292;0.008910000;0.577710000
CVE-2010-2291;0.007980000;0.547440000
CVE-2010-2290;0.013270000;0.698520000
CVE-2010-2289;0.013650000;0.706960000
CVE-2010-2288;0.011070000;0.644750000
CVE-2010-2287;0.008120000;0.552440000
CVE-2010-2286;0.011190000;0.647810000
CVE-2010-2285;0.011290000;0.650220000
CVE-2010-2284;0.008120000;0.552440000
CVE-2010-2283;0.011190000;0.647820000
CVE-2010-2282;0.007910000;0.545040000
CVE-2010-2281;0.008450000;0.563150000
CVE-2010-2280;0.010390000;0.625290000
CVE-2010-2279;0.012650000;0.685450000
CVE-2010-2278;0.014170000;0.717020000
CVE-2010-2277;0.012230000;0.675260000
CVE-2010-2276;0.031530000;0.874550000
CVE-2010-2275;0.028990000;0.864060000
CVE-2010-2274;0.018910000;0.787450000
CVE-2010-2273;0.045450000;0.912440000
CVE-2010-2272;0.013230000;0.697590000
CVE-2010-2271;0.014100000;0.715710000
CVE-2010-2270;0.014100000;0.715720000
CVE-2010-2269;0.017400000;0.768020000
CVE-2010-2268;0.006060000;0.468400000
CVE-2010-2267;0.009350000;0.592220000
CVE-2010-2266;0.215100000;0.975410000
CVE-2010-2265;0.209900000;0.974930000
CVE-2010-2264;0.025970000;0.847220000
CVE-2010-2263;0.719260000;0.994110000
CVE-2010-2262;0.021750000;0.815930000
CVE-2010-2261;0.026420000;0.849980000
CVE-2010-2260;0.010750000;0.635680000
CVE-2010-2259;0.180510000;0.970990000
CVE-2010-2258;0.010440000;0.626720000
CVE-2010-2257;0.009310000;0.590680000
CVE-2010-2256;0.014530000;0.723730000
CVE-2010-2255;0.010030000;0.614290000
CVE-2010-2254;0.009730000;0.604950000
CVE-2010-2253;0.032870000;0.880190000
CVE-2010-2252;0.042140000;0.906350000
CVE-2010-2251;0.036290000;0.891280000
CVE-2010-2250;0.010410000;0.625980000
CVE-2010-2249;0.026280000;0.849070000
CVE-2010-2248;0.040330000;0.902460000
CVE-2010-2247;0.013310000;0.699580000
CVE-2010-2246;0.066230000;0.936300000
CVE-2010-2245;0.034720000;0.886490000
CVE-2010-2244;0.022730000;0.823900000
CVE-2010-2243;0.025050000;0.840960000
CVE-2010-2242;0.004230000;0.341150000
CVE-2010-2241;0.003480000;0.258380000
CVE-2010-2240;0.007160000;0.518440000
CVE-2010-2239;0.003250000;0.230910000
CVE-2010-2238;0.003170000;0.220790000
CVE-2010-2237;0.003170000;0.220800000
CVE-2010-2236;0.030600000;0.870930000
CVE-2010-2235;0.033550000;0.882580000
CVE-2010-2234;0.018330000;0.780330000
CVE-2010-2233;0.045030000;0.911650000
CVE-2010-2232;0.037970000;0.896210000
CVE-2010-2231;0.009830000;0.607800000
CVE-2010-2230;0.022260000;0.820270000
CVE-2010-2229;0.024780000;0.839240000
CVE-2010-2228;0.024780000;0.839240000
CVE-2010-2227;0.547790000;0.989910000
CVE-2010-2226;0.004340000;0.352020000
CVE-2010-2225;0.053420000;0.923400000
CVE-2010-2224;0.003270000;0.232400000
CVE-2010-2223;0.003740000;0.287730000
CVE-2010-2222;0.013490000;0.703510000
CVE-2010-2221;0.053470000;0.923470000
CVE-2010-2220;0.024820000;0.839470000
CVE-2010-2219;0.024820000;0.839470000
CVE-2010-2218;0.024820000;0.839480000
CVE-2010-2217;0.045210000;0.911930000
CVE-2010-2216;0.045900000;0.913200000
CVE-2010-2215;0.038490000;0.897680000
CVE-2010-2214;0.045900000;0.913210000
CVE-2010-2213;0.045900000;0.913200000
CVE-2010-2212;0.044520000;0.910780000
CVE-2010-2211;0.036720000;0.892580000
CVE-2010-2210;0.042700000;0.907400000
CVE-2010-2209;0.036720000;0.892580000
CVE-2010-2208;0.041750000;0.905530000
CVE-2010-2207;0.036720000;0.892580000
CVE-2010-2206;0.069940000;0.939350000
CVE-2010-2205;0.043020000;0.907960000
CVE-2010-2204;0.130080000;0.962010000
CVE-2010-2203;0.037540000;0.894960000
CVE-2010-2202;0.036720000;0.892580000
CVE-2010-2201;0.142670000;0.964790000
CVE-2010-2199;0.003120000;0.215450000
CVE-2010-2198;0.003570000;0.269440000
CVE-2010-2197;0.009980000;0.612640000
CVE-2010-2195;0.016890000;0.761290000
CVE-2010-2193;0.058600000;0.929410000
CVE-2010-2192;0.002800000;0.183840000
CVE-2010-2191;0.024110000;0.834360000
CVE-2010-2190;0.018960000;0.788030000
CVE-2010-2189;0.059570000;0.930330000
CVE-2010-2188;0.067510000;0.937420000
CVE-2010-2187;0.060810000;0.931600000
CVE-2010-2186;0.067430000;0.937300000
CVE-2010-2185;0.087190000;0.949670000
CVE-2010-2184;0.060810000;0.931590000
CVE-2010-2183;0.074400000;0.942440000
CVE-2010-2182;0.060810000;0.931590000
CVE-2010-2181;0.074400000;0.942450000
CVE-2010-2180;0.060810000;0.931590000
CVE-2010-2179;0.058970000;0.929700000
CVE-2010-2178;0.060810000;0.931580000
CVE-2010-2177;0.060810000;0.931580000
CVE-2010-2176;0.060810000;0.931570000
CVE-2010-2175;0.060810000;0.931600000
CVE-2010-2174;0.074400000;0.942450000
CVE-2010-2173;0.074400000;0.942450000
CVE-2010-2172;0.049580000;0.918760000
CVE-2010-2171;0.067510000;0.937420000
CVE-2010-2170;0.074400000;0.942440000
CVE-2010-2169;0.060810000;0.931580000
CVE-2010-2168;0.142670000;0.964790000
CVE-2010-2167;0.089950000;0.950980000
CVE-2010-2166;0.060810000;0.931590000
CVE-2010-2165;0.060810000;0.931580000
CVE-2010-2164;0.074400000;0.942440000
CVE-2010-2163;0.071270000;0.940410000
CVE-2010-2162;0.067510000;0.937420000
CVE-2010-2161;0.071270000;0.940410000
CVE-2010-2160;0.067510000;0.937410000
CVE-2010-2159;0.031090000;0.872790000
CVE-2010-2158;0.006620000;0.496240000
CVE-2010-2157;0.003280000;0.233880000
CVE-2010-2156;0.764120000;0.995250000
CVE-2010-2155;0.020140000;0.800950000
CVE-2010-2154;0.029950000;0.868270000
CVE-2010-2153;0.074720000;0.942620000
CVE-2010-2152;0.055570000;0.925740000
CVE-2010-2151;0.008240000;0.556560000
CVE-2010-2150;0.016450000;0.754830000
CVE-2010-2149;0.017400000;0.768020000
CVE-2010-2148;0.024020000;0.833670000
CVE-2010-2147;0.034760000;0.886640000
CVE-2010-2146;0.058450000;0.929200000
CVE-2010-2145;0.018230000;0.779100000
CVE-2010-2144;0.033710000;0.883110000
CVE-2010-2143;0.072670000;0.941390000
CVE-2010-2142;0.020310000;0.802630000
CVE-2010-2141;0.020450000;0.804010000
CVE-2010-2140;0.017320000;0.766930000
CVE-2010-2139;0.016850000;0.760670000
CVE-2010-2138;0.040700000;0.903230000
CVE-2010-2137;0.058820000;0.929610000
CVE-2010-2136;0.020710000;0.806590000
CVE-2010-2135;0.019900000;0.798160000
CVE-2010-2134;0.018490000;0.782330000
CVE-2010-2133;0.020450000;0.804020000
CVE-2010-2132;0.023940000;0.833140000
CVE-2010-2131;0.017400000;0.767940000
CVE-2010-2130;0.033560000;0.882620000
CVE-2010-2129;0.049730000;0.918970000
CVE-2010-2128;0.158210000;0.967660000
CVE-2010-2127;0.058820000;0.929600000
CVE-2010-2126;0.082950000;0.947350000
CVE-2010-2125;0.013030000;0.693390000
CVE-2010-2124;0.019900000;0.798160000
CVE-2010-2123;0.015090000;0.733910000
CVE-2010-2122;0.116630000;0.959170000
CVE-2010-2121;0.019800000;0.797030000
CVE-2010-2120;0.010210000;0.619630000
CVE-2010-2119;0.094910000;0.952750000
CVE-2010-2118;0.100570000;0.954710000
CVE-2010-2117;0.017800000;0.773580000
CVE-2010-2116;0.023070000;0.826720000
CVE-2010-2115;0.559530000;0.990170000
CVE-2010-2114;0.008440000;0.562730000
CVE-2010-2113;0.006930000;0.509520000
CVE-2010-2112;0.030140000;0.869070000
CVE-2010-2111;0.008350000;0.560110000
CVE-2010-2110;0.008420000;0.562300000
CVE-2010-2109;0.011640000;0.659470000
CVE-2010-2108;0.011640000;0.659470000
CVE-2010-2107;0.009970000;0.612130000
CVE-2010-2106;0.008830000;0.575490000
CVE-2010-2105;0.009970000;0.612130000
CVE-2010-2104;0.029560000;0.866580000
CVE-2010-2103;0.349270000;0.983850000
CVE-2010-2102;0.066210000;0.936280000
CVE-2010-2101;0.024030000;0.833820000
CVE-2010-2100;0.020470000;0.804150000
CVE-2010-2099;0.048660000;0.917290000
CVE-2010-2098;0.010510000;0.628870000
CVE-2010-2097;0.019070000;0.789300000
CVE-2010-2096;0.015570000;0.741790000
CVE-2010-2095;0.010570000;0.630470000
CVE-2010-2094;0.126520000;0.961190000
CVE-2010-2093;0.018550000;0.783240000
CVE-2010-2092;0.013700000;0.707900000
CVE-2010-2091;0.179390000;0.970860000
CVE-2010-2090;0.017070000;0.763720000
CVE-2010-2089;0.146430000;0.965430000
CVE-2010-2088;0.089960000;0.950980000
CVE-2010-2087;0.015020000;0.732670000
CVE-2010-2086;0.021180000;0.811070000
CVE-2010-2085;0.089960000;0.950980000
CVE-2010-2084;0.125420000;0.960980000
CVE-2010-2083;0.084940000;0.948500000
CVE-2010-2082;0.011400000;0.653020000
CVE-2010-2080;0.015030000;0.732720000
CVE-2010-2079;0.013970000;0.713230000
CVE-2010-2078;0.013180000;0.696600000
CVE-2010-2076;0.097880000;0.953820000
CVE-2010-2075;0.835340000;0.996770000
CVE-2010-2074;0.014910000;0.730720000
CVE-2010-2073;0.018120000;0.777620000
CVE-2010-2072;0.003050000;0.208200000
CVE-2010-2071;0.004690000;0.380910000
CVE-2010-2070;0.003810000;0.294650000
CVE-2010-2068;0.160020000;0.967970000
CVE-2010-2067;0.047840000;0.916120000
CVE-2010-2066;0.003770000;0.290890000
CVE-2010-2065;0.055660000;0.925860000
CVE-2010-2064;0.004000000;0.315860000
CVE-2010-2063;0.785580000;0.995740000
CVE-2010-2062;0.044820000;0.911250000
CVE-2010-2061;0.004200000;0.337730000
CVE-2010-2060;0.025230000;0.842310000
CVE-2010-2059;0.003990000;0.314660000
CVE-2010-2058;0.003400000;0.248320000
CVE-2010-2057;0.030400000;0.870070000
CVE-2010-2056;0.003320000;0.238410000
CVE-2010-2055;0.005050000;0.406940000
CVE-2010-2054;0.051720000;0.921530000
CVE-2010-2053;0.003470000;0.256960000
CVE-2010-2051;0.009730000;0.604830000
CVE-2010-2050;0.130740000;0.962220000
CVE-2010-2049;0.027230000;0.854770000
CVE-2010-2048;0.008680000;0.570990000
CVE-2010-2047;0.010030000;0.614290000
CVE-2010-2046;0.011080000;0.645050000
CVE-2010-2045;0.089310000;0.950690000
CVE-2010-2044;0.011510000;0.656160000
CVE-2010-2043;0.012720000;0.686670000
CVE-2010-2042;0.009730000;0.604820000
CVE-2010-2041;0.012630000;0.684940000
CVE-2010-2040;0.014990000;0.732030000
CVE-2010-2039;0.011530000;0.656770000
CVE-2010-2038;0.013370000;0.700940000
CVE-2010-2037;0.110770000;0.957800000
CVE-2010-2036;0.132100000;0.962460000
CVE-2010-2035;0.157810000;0.967590000
CVE-2010-2034;0.110770000;0.957790000
CVE-2010-2033;0.157950000;0.967620000
CVE-2010-2032;0.033560000;0.882610000
CVE-2010-2031;0.007530000;0.531790000
CVE-2010-2030;0.010330000;0.623520000
CVE-2010-2029;0.013740000;0.708960000
CVE-2010-2028;0.139170000;0.964140000
CVE-2010-2027;0.003180000;0.222440000
CVE-2010-2026;0.023570000;0.830660000
CVE-2010-2025;0.020780000;0.807250000
CVE-2010-2024;0.002800000;0.183320000
CVE-2010-2023;0.002800000;0.183320000
CVE-2010-2022;0.003240000;0.229420000
CVE-2010-2021;0.027150000;0.854350000
CVE-2010-2020;0.008670000;0.570560000
CVE-2010-2019;0.009270000;0.589400000
CVE-2010-2018;0.032580000;0.879040000
CVE-2010-2017;0.010750000;0.635670000
CVE-2010-2016;0.011510000;0.656170000
CVE-2010-2015;0.009030000;0.581500000
CVE-2010-2014;0.008710000;0.571840000
CVE-2010-2013;0.010620000;0.631970000
CVE-2010-20123;0.003450000;0.254120000
CVE-2010-20122;0.010150000;0.618130000
CVE-2010-20121;0.032210000;0.877420000
CVE-2010-20120;0.003670000;0.279490000
CVE-2010-2012;0.012800000;0.688390000
CVE-2010-20119;0.011300000;0.650660000
CVE-2010-20115;0.009220000;0.587690000
CVE-2010-20114;0.003450000;0.254110000
CVE-2010-20113;0.015550000;0.741510000
CVE-2010-20112;0.011210000;0.648420000
CVE-2010-20111;0.004160000;0.333890000
CVE-2010-2011;0.107410000;0.956810000
CVE-2010-20109;0.011660000;0.660170000
CVE-2010-20108;0.005100000;0.411200000
CVE-2010-20107;0.005100000;0.411200000
CVE-2010-20103;0.050900000;0.920550000
CVE-2010-2010;0.010330000;0.623490000
CVE-2010-2009;0.047800000;0.916040000
CVE-2010-2008;0.090110000;0.951050000
CVE-2010-2007;0.006640000;0.497000000
CVE-2010-2006;0.066880000;0.936750000
CVE-2010-20059;0.010220000;0.620260000
CVE-2010-2005;0.028090000;0.859600000
CVE-2010-20049;0.007970000;0.547050000
CVE-2010-20045;0.003430000;0.252000000
CVE-2010-20042;0.003450000;0.254110000
CVE-2010-2004;0.093160000;0.952120000
CVE-2010-20034;0.005100000;0.411200000
CVE-2010-2003;0.020040000;0.799740000
CVE-2010-2002;0.008640000;0.569550000
CVE-2010-20010;0.003420000;0.251080000
CVE-2010-2001;0.010280000;0.621970000
CVE-2010-20007;0.005100000;0.411200000
CVE-2010-2000;0.008640000;0.569560000
CVE-2010-1999;0.022270000;0.820330000
CVE-2010-1998;0.010140000;0.617920000
CVE-2010-1997;0.033780000;0.883350000
CVE-2010-1996;0.011850000;0.665480000
CVE-2010-1995;0.010140000;0.617920000
CVE-2010-1994;0.011750000;0.662670000
CVE-2010-1993;0.022790000;0.824460000
CVE-2010-1992;0.011400000;0.653070000
CVE-2010-1991;0.105370000;0.956190000
CVE-2010-1990;0.020500000;0.804480000
CVE-2010-1989;0.022550000;0.822500000
CVE-2010-1988;0.064230000;0.934650000
CVE-2010-1987;0.015150000;0.734720000
CVE-2010-1986;0.015620000;0.742470000
CVE-2010-1985;0.012230000;0.675450000
CVE-2010-1984;0.009910000;0.610470000
CVE-2010-1983;0.188160000;0.971920000
CVE-2010-1982;0.090760000;0.951270000
CVE-2010-1981;0.118640000;0.959600000
CVE-2010-1980;0.188350000;0.971950000
CVE-2010-1979;0.111500000;0.958030000
CVE-2010-1978;0.013400000;0.701570000
CVE-2010-1977;0.074020000;0.942260000
CVE-2010-1976;0.009910000;0.610470000
CVE-2010-1975;0.026580000;0.850980000
CVE-2010-1973;0.002780000;0.181410000
CVE-2010-1972;0.028760000;0.862960000
CVE-2010-1971;0.009360000;0.592580000
CVE-2010-1970;0.004660000;0.378020000
CVE-2010-1969;0.016950000;0.762050000
CVE-2010-1968;0.009360000;0.592570000
CVE-2010-1967;0.004680000;0.380330000
CVE-2010-1966;0.005450000;0.434730000
CVE-2010-1965;0.024590000;0.837960000
CVE-2010-1964;0.661370000;0.992540000
CVE-2010-1963;0.014790000;0.728500000
CVE-2010-1962;0.122540000;0.960430000
CVE-2010-1961;0.673190000;0.992840000
CVE-2010-1960;0.673190000;0.992850000
CVE-2010-1959;0.021530000;0.814160000
CVE-2010-1958;0.009910000;0.610470000
CVE-2010-1957;0.148470000;0.965820000
CVE-2010-1956;0.170030000;0.969690000
CVE-2010-1955;0.179380000;0.970850000
CVE-2010-1954;0.161520000;0.968220000
CVE-2010-1953;0.161520000;0.968220000
CVE-2010-1952;0.129910000;0.961970000
CVE-2010-1951;0.074760000;0.942650000
CVE-2010-1950;0.015980000;0.747670000
CVE-2010-1949;0.018330000;0.780320000
CVE-2010-1948;0.041600000;0.905220000
CVE-2010-1947;0.047390000;0.915450000
CVE-2010-1946;0.058320000;0.929060000
CVE-2010-1945;0.051830000;0.921660000
CVE-2010-1944;0.058320000;0.929070000
CVE-2010-1943;0.028160000;0.860010000
CVE-2010-1942;0.015640000;0.742740000
CVE-2010-1941;0.027270000;0.855000000
CVE-2010-1940;0.008100000;0.551900000
CVE-2010-1939;0.147080000;0.965590000
CVE-2010-1938;0.219000000;0.975740000
CVE-2010-1937;0.058180000;0.928900000
CVE-2010-1936;0.019550000;0.794540000
CVE-2010-1935;0.019550000;0.794550000
CVE-2010-1934;0.029010000;0.864170000
CVE-2010-1932;0.107630000;0.956870000
CVE-2010-1931;0.012570000;0.683560000
CVE-2010-1930;0.083160000;0.947480000
CVE-2010-1929;0.160970000;0.968130000
CVE-2010-1928;0.019550000;0.794540000
CVE-2010-1927;0.032240000;0.877520000
CVE-2010-1926;0.019730000;0.796270000
CVE-2010-1925;0.010030000;0.614290000
CVE-2010-1924;0.010020000;0.613950000
CVE-2010-1923;0.009730000;0.604730000
CVE-2010-1922;0.024880000;0.839920000
CVE-2010-1921;0.032240000;0.877520000
CVE-2010-1920;0.020150000;0.801000000
CVE-2010-1919;0.024290000;0.835860000
CVE-2010-1918;0.011510000;0.656080000
CVE-2010-1917;0.030120000;0.869010000
CVE-2010-1916;0.032620000;0.879190000
CVE-2010-1915;0.010770000;0.636410000
CVE-2010-1914;0.014270000;0.718970000
CVE-2010-1913;0.050280000;0.919640000
CVE-2010-1912;0.051830000;0.921670000
CVE-2010-1911;0.031560000;0.874680000
CVE-2010-1910;0.024640000;0.838330000
CVE-2010-1909;0.056540000;0.927000000
CVE-2010-1908;0.023360000;0.829060000
CVE-2010-1907;0.015280000;0.736840000
CVE-2010-1906;0.040250000;0.902300000
CVE-2010-1905;0.024760000;0.839160000
CVE-2010-1904;0.015810000;0.745190000
CVE-2010-1903;0.193990000;0.972720000
CVE-2010-1902;0.234150000;0.977170000
CVE-2010-1901;0.193990000;0.972720000
CVE-2010-1900;0.398130000;0.985770000
CVE-2010-1899;0.572310000;0.990450000
CVE-2010-1898;0.250330000;0.978490000
CVE-2010-1897;0.034280000;0.884930000
CVE-2010-1896;0.014180000;0.717180000
CVE-2010-1895;0.015910000;0.746660000
CVE-2010-1894;0.029590000;0.866690000
CVE-2010-1893;0.013230000;0.697610000
CVE-2010-1892;0.619970000;0.991530000
CVE-2010-1891;0.015890000;0.746410000
CVE-2010-1890;0.025730000;0.845540000
CVE-2010-1889;0.019730000;0.796250000
CVE-2010-1888;0.024950000;0.840350000
CVE-2010-1887;0.019600000;0.795010000
CVE-2010-1886;0.014070000;0.715160000
CVE-2010-1885;0.712380000;0.993930000
CVE-2010-1883;0.233440000;0.977110000
CVE-2010-1882;0.234150000;0.977180000
CVE-2010-1881;0.203320000;0.973990000
CVE-2010-1880;0.212210000;0.975150000
CVE-2010-1879;0.202840000;0.973930000
CVE-2010-1878;0.114290000;0.958640000
CVE-2010-1877;0.009670000;0.602790000
CVE-2010-1876;0.009730000;0.604770000
CVE-2010-1875;0.157220000;0.967480000
CVE-2010-1874;0.019990000;0.799090000
CVE-2010-1873;0.030470000;0.870320000
CVE-2010-1872;0.016070000;0.749100000
CVE-2010-1871;0.833970000;0.996740000
CVE-2010-1870;0.920150000;0.998190000
CVE-2010-1869;0.092670000;0.951950000
CVE-2010-1868;0.030300000;0.869760000
CVE-2010-1867;0.020460000;0.804130000
CVE-2010-1866;0.067230000;0.937120000
CVE-2010-1865;0.017470000;0.768850000
CVE-2010-1864;0.011890000;0.666660000
CVE-2010-1863;0.010570000;0.630470000
CVE-2010-1862;0.011890000;0.666650000
CVE-2010-1861;0.010040000;0.614730000
CVE-2010-1860;0.011890000;0.666660000
CVE-2010-1859;0.008310000;0.558790000
CVE-2010-1858;0.136210000;0.963470000
CVE-2010-1857;0.011350000;0.651580000
CVE-2010-1856;0.015040000;0.732990000
CVE-2010-1855;0.015880000;0.746300000
CVE-2010-1854;0.008550000;0.566660000
CVE-2010-1853;0.037820000;0.895760000
CVE-2010-1852;0.042410000;0.906830000
CVE-2010-1851;0.004550000;0.369580000
CVE-2010-1850;0.217890000;0.975640000
CVE-2010-1849;0.037230000;0.894070000
CVE-2010-1848;0.031190000;0.873250000
CVE-2010-1847;0.003470000;0.257400000
CVE-2010-1846;0.032570000;0.879010000
CVE-2010-1845;0.028400000;0.861240000
CVE-2010-1844;0.021460000;0.813530000
CVE-2010-1843;0.029140000;0.864770000
CVE-2010-1842;0.049880000;0.919170000
CVE-2010-1841;0.043060000;0.908020000
CVE-2010-1840;0.089540000;0.950820000
CVE-2010-1838;0.006730000;0.501410000
CVE-2010-1837;0.028400000;0.861240000
CVE-2010-1836;0.032570000;0.879020000
CVE-2010-1834;0.012320000;0.677530000
CVE-2010-1833;0.028090000;0.859630000
CVE-2010-1832;0.032570000;0.879010000
CVE-2010-1831;0.032570000;0.879010000
CVE-2010-1830;0.011820000;0.664890000
CVE-2010-1829;0.023000000;0.826120000
CVE-2010-1828;0.023150000;0.827350000
CVE-2010-1825;0.022530000;0.822390000
CVE-2010-1824;0.039640000;0.900900000
CVE-2010-1823;0.032840000;0.880030000
CVE-2010-1822;0.021760000;0.815960000
CVE-2010-1821;0.002960000;0.199840000
CVE-2010-1820;0.017760000;0.773030000
CVE-2010-1819;0.047040000;0.914920000
CVE-2010-1818;0.426680000;0.986680000
CVE-2010-1817;0.033430000;0.882180000
CVE-2010-1816;0.021310000;0.812200000
CVE-2010-1815;0.044060000;0.909820000
CVE-2010-1814;0.042160000;0.906400000
CVE-2010-1813;0.096910000;0.953470000
CVE-2010-1812;0.044060000;0.909820000
CVE-2010-1811;0.030890000;0.872060000
CVE-2010-1810;0.006010000;0.466240000
CVE-2010-1809;0.022380000;0.821260000
CVE-2010-1808;0.032570000;0.879010000
CVE-2010-1807;0.613190000;0.991380000
CVE-2010-1806;0.054820000;0.924870000
CVE-2010-1805;0.002970000;0.200610000
CVE-2010-1804;0.013900000;0.711980000
CVE-2010-1803;0.016590000;0.756770000
CVE-2010-1802;0.007980000;0.547480000
CVE-2010-1801;0.032570000;0.879020000
CVE-2010-1800;0.013160000;0.696280000
CVE-2010-1799;0.337010000;0.983360000
CVE-2010-1797;0.306530000;0.981880000
CVE-2010-1796;0.017130000;0.764530000
CVE-2010-1795;0.030420000;0.870140000
CVE-2010-1794;0.002970000;0.200420000
CVE-2010-1793;0.067280000;0.937180000
CVE-2010-1792;0.060120000;0.930860000
CVE-2010-1791;0.060500000;0.931240000
CVE-2010-1790;0.060840000;0.931640000
CVE-2010-1789;0.064770000;0.935140000
CVE-2010-1788;0.059610000;0.930360000
CVE-2010-1787;0.059610000;0.930350000
CVE-2010-1786;0.060840000;0.931630000
CVE-2010-1785;0.060840000;0.931640000
CVE-2010-1784;0.059610000;0.930350000
CVE-2010-1783;0.059610000;0.930360000
CVE-2010-1782;0.059610000;0.930350000
CVE-2010-1781;0.042970000;0.907840000
CVE-2010-1780;0.060840000;0.931630000
CVE-2010-1778;0.016930000;0.761800000
CVE-2010-1777;0.049770000;0.919030000
CVE-2010-1776;0.009480000;0.596260000
CVE-2010-1775;0.002590000;0.158080000
CVE-2010-1774;0.066980000;0.936840000
CVE-2010-1773;0.021490000;0.813780000
CVE-2010-1772;0.019720000;0.796150000
CVE-2010-1771;0.063460000;0.934010000
CVE-2010-1770;0.047560000;0.915720000
CVE-2010-1769;0.069180000;0.938750000
CVE-2010-1768;0.003320000;0.238090000
CVE-2010-1767;0.009580000;0.599310000
CVE-2010-1766;0.022520000;0.822320000
CVE-2010-1764;0.022620000;0.823050000
CVE-2010-1763;0.026670000;0.851540000
CVE-2010-1762;0.029580000;0.866650000
CVE-2010-1761;0.066980000;0.936850000
CVE-2010-1760;0.026440000;0.850050000
CVE-2010-1759;0.157330000;0.967500000
CVE-2010-1758;0.066980000;0.936850000
CVE-2010-1757;0.036370000;0.891540000
CVE-2010-1756;0.018400000;0.781230000
CVE-2010-1755;0.015380000;0.738490000
CVE-2010-1754;0.003630000;0.275310000
CVE-2010-1753;0.028930000;0.863750000
CVE-2010-1752;0.036090000;0.890720000
CVE-2010-1751;0.021740000;0.815780000
CVE-2010-1750;0.053590000;0.923600000
CVE-2010-1749;0.087320000;0.949760000
CVE-2010-1748;0.064680000;0.935080000
CVE-2010-1746;0.014520000;0.723360000
CVE-2010-1744;0.011510000;0.656100000
CVE-2010-1743;0.011510000;0.656050000
CVE-2010-1742;0.017200000;0.765400000
CVE-2010-1741;0.009670000;0.602540000
CVE-2010-1740;0.019900000;0.798150000
CVE-2010-1739;0.009670000;0.602550000
CVE-2010-1737;0.019670000;0.795600000
CVE-2010-1736;0.013250000;0.698210000
CVE-2010-1735;0.024910000;0.840100000
CVE-2010-1734;0.026580000;0.850980000
CVE-2010-1733;0.010210000;0.619710000
CVE-2010-1732;0.005240000;0.421560000
CVE-2010-1731;0.007520000;0.531430000
CVE-2010-1730;0.012010000;0.669340000
CVE-2010-1729;0.019780000;0.796760000
CVE-2010-1728;0.069800000;0.939180000
CVE-2010-1727;0.010030000;0.614300000
CVE-2010-1726;0.009870000;0.609300000
CVE-2010-1725;0.009870000;0.609300000
CVE-2010-1724;0.041030000;0.903990000
CVE-2010-1723;0.084080000;0.948030000
CVE-2010-1722;0.094710000;0.952680000
CVE-2010-1721;0.011960000;0.668200000
CVE-2010-1720;0.011600000;0.658170000
CVE-2010-1719;0.093710000;0.952310000
CVE-2010-1718;0.094550000;0.952620000
CVE-2010-1717;0.222850000;0.976090000
CVE-2010-1716;0.011500000;0.655670000
CVE-2010-1715;0.081770000;0.946750000
CVE-2010-1714;0.187030000;0.971790000
CVE-2010-1713;0.019900000;0.798140000
CVE-2010-1712;0.019080000;0.789410000
CVE-2010-1711;0.017200000;0.765410000
CVE-2010-1710;0.022970000;0.825900000
CVE-2010-1709;0.010730000;0.635430000
CVE-2010-1708;0.009670000;0.602580000
CVE-2010-1707;0.009020000;0.581290000
CVE-2010-1706;0.011890000;0.666510000
CVE-2010-1705;0.009610000;0.600330000
CVE-2010-1704;0.011510000;0.656170000
CVE-2010-1703;0.017200000;0.765370000
CVE-2010-1702;0.009670000;0.602580000
CVE-2010-1701;0.009610000;0.600310000
CVE-2010-1693;0.003080000;0.211740000
CVE-2010-1690;0.065720000;0.935930000
CVE-2010-1689;0.066280000;0.936330000
CVE-2010-1688;0.150090000;0.966070000
CVE-2010-1687;0.051450000;0.921220000
CVE-2010-1686;0.052900000;0.922890000
CVE-2010-1685;0.085600000;0.948850000
CVE-2010-1681;0.673090000;0.992840000
CVE-2010-1679;0.031190000;0.873250000
CVE-2010-1678;0.021700000;0.815410000
CVE-2010-1677;0.088380000;0.950250000
CVE-2010-1676;0.078760000;0.945070000
CVE-2010-1675;0.033520000;0.882460000
CVE-2010-1674;0.134260000;0.962970000
CVE-2010-1673;0.008340000;0.559600000
CVE-2010-1671;0.003220000;0.226730000
CVE-2010-1670;0.015540000;0.741400000
CVE-2010-1669;0.011200000;0.648230000
CVE-2010-1668;0.010350000;0.624160000
CVE-2010-1667;0.019000000;0.788470000
CVE-2010-1666;0.016650000;0.757660000
CVE-2010-1665;0.015730000;0.744080000
CVE-2010-1664;0.015850000;0.745830000
CVE-2010-1663;0.540670000;0.989720000
CVE-2010-1662;0.014990000;0.732000000
CVE-2010-1661;0.010030000;0.614320000
CVE-2010-1660;0.011510000;0.656170000
CVE-2010-1659;0.139850000;0.964270000
CVE-2010-1658;0.160140000;0.967990000
CVE-2010-1657;0.191920000;0.972430000
CVE-2010-1656;0.010020000;0.613940000
CVE-2010-1655;0.010730000;0.635400000
CVE-2010-1654;0.010030000;0.614300000
CVE-2010-1653;0.133730000;0.962890000
CVE-2010-1652;0.028560000;0.861970000
CVE-2010-1651;0.003300000;0.235060000
CVE-2010-1650;0.002990000;0.202530000
CVE-2010-1649;0.010420000;0.626240000
CVE-2010-1648;0.006110000;0.471270000
CVE-2010-1647;0.010280000;0.622120000
CVE-2010-1646;0.004570000;0.370870000
CVE-2010-1645;0.028040000;0.859350000
CVE-2010-1644;0.018620000;0.784100000
CVE-2010-1643;0.003720000;0.284960000
CVE-2010-1642;0.035840000;0.890010000
CVE-2010-1641;0.003840000;0.298390000
CVE-2010-1640;0.028890000;0.863530000
CVE-2010-1639;0.028890000;0.863530000
CVE-2010-1638;0.012660000;0.685620000
CVE-2010-1637;0.026760000;0.852190000
CVE-2010-1636;0.008290000;0.557950000
CVE-2010-1635;0.038000000;0.896310000
CVE-2010-1634;0.042110000;0.906270000
CVE-2010-1633;0.023920000;0.833000000
CVE-2010-1632;0.223720000;0.976190000
CVE-2010-1630;0.012270000;0.676420000
CVE-2010-1629;0.010330000;0.623510000
CVE-2010-1628;0.040430000;0.902680000
CVE-2010-1627;0.011110000;0.645760000
CVE-2010-1626;0.004900000;0.396770000
CVE-2010-1625;0.018900000;0.787140000
CVE-2010-1624;0.055860000;0.926130000
CVE-2010-1623;0.201670000;0.973800000
CVE-2010-1622;0.520030000;0.989190000
CVE-2010-1621;0.013930000;0.712550000
CVE-2010-1620;0.006610000;0.496090000
CVE-2010-1619;0.016690000;0.758220000
CVE-2010-1618;0.018130000;0.777770000
CVE-2010-1617;0.015250000;0.736360000
CVE-2010-1616;0.011730000;0.662030000
CVE-2010-1615;0.017200000;0.765430000
CVE-2010-1614;0.016690000;0.758220000
CVE-2010-1613;0.018100000;0.777320000
CVE-2010-1612;0.017470000;0.768870000
CVE-2010-1611;0.010170000;0.618710000
CVE-2010-1610;0.005990000;0.465100000
CVE-2010-1609;0.010330000;0.623510000
CVE-2010-1608;0.058110000;0.928780000
CVE-2010-1607;0.081770000;0.946740000
CVE-2010-1606;0.014450000;0.722160000
CVE-2010-1605;0.010010000;0.613670000
CVE-2010-1604;0.009140000;0.585110000
CVE-2010-1603;0.074020000;0.942260000
CVE-2010-1602;0.156950000;0.967440000
CVE-2010-1601;0.155610000;0.967190000
CVE-2010-1600;0.011890000;0.666470000
CVE-2010-1599;0.009730000;0.604940000
CVE-2010-1598;0.017320000;0.766950000
CVE-2010-1597;0.119000000;0.959680000
CVE-2010-1596;0.015380000;0.738600000
CVE-2010-1595;0.011990000;0.668970000
CVE-2010-1594;0.011310000;0.650840000
CVE-2010-1593;0.026000000;0.847360000
CVE-2010-1592;0.004310000;0.348780000
CVE-2010-1591;0.016160000;0.750330000
CVE-2010-1590;0.008760000;0.573610000
CVE-2010-1589;0.015640000;0.742730000
CVE-2010-1588;0.011370000;0.652360000
CVE-2010-1587;0.780180000;0.995620000
CVE-2010-1586;0.102960000;0.955450000
CVE-2010-1585;0.044710000;0.911090000
CVE-2010-1584;0.012430000;0.680210000
CVE-2010-1583;0.020350000;0.802910000
CVE-2010-1581;0.025180000;0.841990000
CVE-2010-1580;0.017870000;0.774340000
CVE-2010-1579;0.017870000;0.774340000
CVE-2010-1578;0.017870000;0.774340000
CVE-2010-1577;0.033730000;0.883200000
CVE-2010-1576;0.018340000;0.780430000
CVE-2010-1575;0.016860000;0.760860000
CVE-2010-1574;0.047330000;0.915320000
CVE-2010-1573;0.207920000;0.974700000
CVE-2010-1572;0.014560000;0.724120000
CVE-2010-1571;0.029180000;0.864950000
CVE-2010-1570;0.025210000;0.842160000
CVE-2010-1568;0.010760000;0.636080000
CVE-2010-1567;0.024930000;0.840290000
CVE-2010-1565;0.024930000;0.840290000
CVE-2010-1563;0.024930000;0.840280000
CVE-2010-1562;0.017700000;0.772250000
CVE-2010-1561;0.024930000;0.840290000
CVE-2010-1560;0.016240000;0.751510000
CVE-2010-1559;0.009510000;0.597200000
CVE-2010-1558;0.004690000;0.380910000
CVE-2010-1557;0.014630000;0.725540000
CVE-2010-1556;0.022260000;0.820300000
CVE-2010-1555;0.624230000;0.991630000
CVE-2010-1554;0.659210000;0.992500000
CVE-2010-1553;0.705640000;0.993730000
CVE-2010-1552;0.670880000;0.992780000
CVE-2010-1551;0.130780000;0.962230000
CVE-2010-1550;0.117690000;0.959380000
CVE-2010-1549;0.776470000;0.995500000
CVE-2010-1548;0.010130000;0.617700000
CVE-2010-1547;0.006710000;0.500420000
CVE-2010-1546;0.013790000;0.709900000
CVE-2010-1544;0.026220000;0.848650000
CVE-2010-1543;0.010650000;0.633060000
CVE-2010-1542;0.005650000;0.446880000
CVE-2010-1541;0.010650000;0.633050000
CVE-2010-1540;0.082330000;0.947020000
CVE-2010-1539;0.009910000;0.610470000
CVE-2010-1538;0.009670000;0.602810000
CVE-2010-1537;0.022860000;0.824970000
CVE-2010-1536;0.008640000;0.569560000
CVE-2010-1535;0.153340000;0.966620000
CVE-2010-1534;0.136210000;0.963460000
CVE-2010-1533;0.150880000;0.966200000
CVE-2010-1532;0.163300000;0.968560000
CVE-2010-1531;0.169150000;0.969570000
CVE-2010-1530;0.008640000;0.569560000
CVE-2010-1529;0.011440000;0.653870000
CVE-2010-1528;0.019640000;0.795400000
CVE-2010-1527;0.359870000;0.984240000
CVE-2010-1526;0.019140000;0.789930000
CVE-2010-1525;0.039700000;0.901080000
CVE-2010-1524;0.032990000;0.880660000
CVE-2010-1523;0.053130000;0.923130000
CVE-2010-1522;0.013300000;0.699150000
CVE-2010-1521;0.012580000;0.683830000
CVE-2010-1520;0.018590000;0.783720000
CVE-2010-1519;0.019560000;0.794680000
CVE-2010-1518;0.032180000;0.877300000
CVE-2010-1517;0.018390000;0.781100000
CVE-2010-1516;0.034720000;0.886500000
CVE-2010-1515;0.010280000;0.621970000
CVE-2010-1514;0.009490000;0.596780000
CVE-2010-1513;0.032970000;0.880540000
CVE-2010-1512;0.031590000;0.874810000
CVE-2010-1511;0.033230000;0.881490000
CVE-2010-1510;0.044980000;0.911540000
CVE-2010-1509;0.036600000;0.892260000
CVE-2010-1508;0.055390000;0.925530000
CVE-2010-1507;0.021210000;0.811330000
CVE-2010-1506;0.010990000;0.642840000
CVE-2010-1505;0.013910000;0.712140000
CVE-2010-1504;0.010810000;0.637550000
CVE-2010-1503;0.010810000;0.637550000
CVE-2010-1502;0.018520000;0.782710000
CVE-2010-1500;0.008820000;0.575240000
CVE-2010-1499;0.013130000;0.695440000
CVE-2010-1498;0.021660000;0.815130000
CVE-2010-1497;0.023810000;0.832190000
CVE-2010-1496;0.013560000;0.705130000
CVE-2010-1495;0.184550000;0.971490000
CVE-2010-1494;0.167000000;0.969270000
CVE-2010-1493;0.011890000;0.666530000
CVE-2010-1492;0.015440000;0.739510000
CVE-2010-1491;0.135980000;0.963380000
CVE-2010-1490;0.015410000;0.739100000
CVE-2010-1489;0.146240000;0.965390000
CVE-2010-1488;0.003400000;0.248450000
CVE-2010-1487;0.003510000;0.262060000
CVE-2010-1486;0.011960000;0.668300000
CVE-2010-1482;0.010850000;0.638870000
CVE-2010-1481;0.008690000;0.571250000
CVE-2010-1480;0.009590000;0.599500000
CVE-2010-1479;0.023110000;0.827010000
CVE-2010-1478;0.081630000;0.946670000
CVE-2010-1477;0.012170000;0.673880000
CVE-2010-1476;0.099400000;0.954380000
CVE-2010-1475;0.094710000;0.952680000
CVE-2010-1474;0.094710000;0.952680000
CVE-2010-1473;0.081630000;0.946670000
CVE-2010-1472;0.133510000;0.962840000
CVE-2010-1471;0.161520000;0.968210000
CVE-2010-1470;0.133510000;0.962840000
CVE-2010-1469;0.081630000;0.946670000
CVE-2010-1468;0.010030000;0.614300000
CVE-2010-1467;0.022530000;0.822410000
CVE-2010-1466;0.040940000;0.903800000
CVE-2010-1465;0.312670000;0.982190000
CVE-2010-1464;0.010220000;0.620200000
CVE-2010-1463;0.012460000;0.680950000
CVE-2010-1462;0.022730000;0.823930000
CVE-2010-1461;0.082330000;0.947020000
CVE-2010-1460;0.027690000;0.857400000
CVE-2010-1459;0.019310000;0.791960000
CVE-2010-1458;0.046680000;0.914390000
CVE-2010-1457;0.008620000;0.569130000
CVE-2010-1455;0.017050000;0.763430000
CVE-2010-1454;0.017840000;0.773970000
CVE-2010-1453;0.029880000;0.867950000
CVE-2010-1452;0.218700000;0.975720000
CVE-2010-1451;0.005170000;0.416380000
CVE-2010-1450;0.048770000;0.917470000
CVE-2010-1449;0.048770000;0.917470000
CVE-2010-1448;0.025150000;0.841790000
CVE-2010-1447;0.027970000;0.858960000
CVE-2010-1446;0.003400000;0.249580000
CVE-2010-1445;0.033510000;0.882420000
CVE-2010-1444;0.035830000;0.889970000
CVE-2010-1443;0.024480000;0.837190000
CVE-2010-1442;0.030120000;0.869010000
CVE-2010-1441;0.033800000;0.883400000
CVE-2010-1440;0.034300000;0.885040000
CVE-2010-1439;0.003840000;0.298290000
CVE-2010-1438;0.002760000;0.179370000
CVE-2010-1437;0.006580000;0.494620000
CVE-2010-1436;0.004410000;0.357850000
CVE-2010-1435;0.011060000;0.644510000
CVE-2010-1434;0.009440000;0.594840000
CVE-2010-1433;0.011190000;0.647920000
CVE-2010-1432;0.010130000;0.617610000
CVE-2010-1431;0.038020000;0.896360000
CVE-2010-1429;0.537280000;0.989650000
CVE-2010-1428;0.620520000;0.991530000
CVE-2010-1427;0.016450000;0.754820000
CVE-2010-1426;0.010960000;0.642020000
CVE-2010-1425;0.021510000;0.814030000
CVE-2010-1424;0.040360000;0.902550000
CVE-2010-1423;0.555800000;0.990080000
CVE-2010-1422;0.030070000;0.868840000
CVE-2010-1421;0.041530000;0.905070000
CVE-2010-1420;0.016380000;0.753700000
CVE-2010-1419;0.066980000;0.936860000
CVE-2010-1418;0.029330000;0.865610000
CVE-2010-1417;0.065630000;0.935870000
CVE-2010-1416;0.029810000;0.867680000
CVE-2010-1415;0.066910000;0.936770000
CVE-2010-1414;0.066980000;0.936840000
CVE-2010-1413;0.023990000;0.833530000
CVE-2010-1412;0.066980000;0.936840000
CVE-2010-1411;0.128540000;0.961670000
CVE-2010-1410;0.068550000;0.938170000
CVE-2010-1409;0.029810000;0.867680000
CVE-2010-1408;0.030840000;0.871910000
CVE-2010-1407;0.025970000;0.847220000
CVE-2010-1406;0.022620000;0.823040000
CVE-2010-1405;0.066980000;0.936850000
CVE-2010-1404;0.087320000;0.949750000
CVE-2010-1403;0.087320000;0.949760000
CVE-2010-1402;0.087320000;0.949760000
CVE-2010-1401;0.087320000;0.949770000
CVE-2010-1400;0.066980000;0.936850000
CVE-2010-1399;0.066980000;0.936840000
CVE-2010-1398;0.085570000;0.948830000
CVE-2010-1397;0.087320000;0.949770000
CVE-2010-1396;0.087320000;0.949760000
CVE-2010-1395;0.029330000;0.865610000
CVE-2010-1394;0.029330000;0.865600000
CVE-2010-1393;0.020580000;0.805260000
CVE-2010-1392;0.066910000;0.936780000
CVE-2010-1391;0.036610000;0.892280000
CVE-2010-1390;0.029330000;0.865610000
CVE-2010-1389;0.029330000;0.865610000
CVE-2010-1388;0.027410000;0.855780000
CVE-2010-1387;0.061020000;0.931780000
CVE-2010-1386;0.021330000;0.812460000
CVE-2010-1385;0.054760000;0.924790000
CVE-2010-1384;0.029810000;0.867680000
CVE-2010-1383;0.020810000;0.807530000
CVE-2010-1382;0.014700000;0.727070000
CVE-2010-1381;0.014950000;0.731200000
CVE-2010-1380;0.036530000;0.892030000
CVE-2010-1379;0.024150000;0.834830000
CVE-2010-1378;0.012690000;0.686050000
CVE-2010-1377;0.026840000;0.852570000
CVE-2010-1376;0.032220000;0.877490000
CVE-2010-1375;0.003510000;0.261850000
CVE-2010-1374;0.023230000;0.827950000
CVE-2010-1373;0.012230000;0.675270000
CVE-2010-1372;0.010030000;0.614310000
CVE-2010-1371;0.009290000;0.590100000
CVE-2010-1370;0.011340000;0.651440000
CVE-2010-1369;0.009730000;0.604820000
CVE-2010-1368;0.009670000;0.602560000
CVE-2010-1367;0.008550000;0.566620000
CVE-2010-1366;0.009310000;0.590670000
CVE-2010-1365;0.010120000;0.617180000
CVE-2010-1364;0.009810000;0.607350000
CVE-2010-1363;0.010030000;0.614310000
CVE-2010-1362;0.008370000;0.560780000
CVE-2010-1361;0.014920000;0.730880000
CVE-2010-1360;0.022940000;0.825610000
CVE-2010-1359;0.011090000;0.645350000
CVE-2010-1358;0.008280000;0.557880000
CVE-2010-1357;0.011080000;0.645060000
CVE-2010-1356;0.032540000;0.878870000
CVE-2010-1355;0.008550000;0.566550000
CVE-2010-1354;0.159090000;0.967790000
CVE-2010-1353;0.187030000;0.971800000
CVE-2010-1352;0.135980000;0.963370000
CVE-2010-1351;0.018180000;0.778500000
CVE-2010-1350;0.012680000;0.685880000
CVE-2010-1349;0.197920000;0.973250000
CVE-2010-1348;0.014220000;0.718020000
CVE-2010-1347;0.003530000;0.264300000
CVE-2010-1346;0.010820000;0.637640000
CVE-2010-1345;0.168720000;0.969500000
CVE-2010-1344;0.012170000;0.673880000
CVE-2010-1343;0.019770000;0.796700000
CVE-2010-1342;0.018010000;0.776140000
CVE-2010-1341;0.009710000;0.604220000
CVE-2010-1340;0.136210000;0.963470000
CVE-2010-1339;0.008550000;0.566550000
CVE-2010-1338;0.015880000;0.746310000
CVE-2010-1337;0.022940000;0.825620000
CVE-2010-1336;0.011870000;0.666140000
CVE-2010-1335;0.029010000;0.864170000
CVE-2010-1334;0.013470000;0.703050000
CVE-2010-1333;0.015280000;0.736780000
CVE-2010-1332;0.010220000;0.620220000
CVE-2010-1331;0.010630000;0.632260000
CVE-2010-1330;0.022180000;0.819580000
CVE-2010-1329;0.014220000;0.717990000
CVE-2010-1328;0.010620000;0.631960000
CVE-2010-1327;0.009610000;0.600340000
CVE-2010-1326;0.051500000;0.921290000
CVE-2010-1325;0.009100000;0.583670000
CVE-2010-1324;0.022530000;0.822380000
CVE-2010-1323;0.028470000;0.861560000
CVE-2010-1322;0.030400000;0.870090000
CVE-2010-1321;0.068840000;0.938420000
CVE-2010-1320;0.118570000;0.959580000
CVE-2010-1319;0.051130000;0.920810000
CVE-2010-1318;0.580510000;0.990630000
CVE-2010-1317;0.016170000;0.750470000
CVE-2010-1316;0.096930000;0.953480000
CVE-2010-1315;0.082330000;0.947020000
CVE-2010-1314;0.159090000;0.967790000
CVE-2010-1313;0.086840000;0.949540000
CVE-2010-1312;0.136210000;0.963470000
CVE-2010-1311;0.033480000;0.882340000
CVE-2010-1310;0.012050000;0.670400000
CVE-2010-1309;0.027340000;0.855370000
CVE-2010-1308;0.139970000;0.964300000
CVE-2010-1307;0.101580000;0.955040000
CVE-2010-1306;0.157220000;0.967480000
CVE-2010-1305;0.207190000;0.974590000
CVE-2010-1304;0.140410000;0.964370000
CVE-2010-1303;0.013230000;0.697540000
CVE-2010-1302;0.084830000;0.948410000
CVE-2010-1301;0.026270000;0.848970000
CVE-2010-1300;0.019120000;0.789750000
CVE-2010-1299;0.107300000;0.956780000
CVE-2010-1298;0.012370000;0.678690000
CVE-2010-1297;0.822390000;0.996480000
CVE-2010-1296;0.196410000;0.973050000
CVE-2010-1295;0.036720000;0.892590000
CVE-2010-1294;0.008480000;0.564190000
CVE-2010-1293;0.024140000;0.834730000
CVE-2010-1292;0.063690000;0.934190000
CVE-2010-1291;0.035600000;0.889100000
CVE-2010-1290;0.043000000;0.907920000
CVE-2010-1289;0.040110000;0.902020000
CVE-2010-1288;0.057920000;0.928490000
CVE-2010-1287;0.035600000;0.889100000
CVE-2010-1286;0.035600000;0.889100000
CVE-2010-1285;0.041720000;0.905440000
CVE-2010-1284;0.040110000;0.902020000
CVE-2010-1283;0.062700000;0.933350000
CVE-2010-1282;0.029730000;0.867270000
CVE-2010-1281;0.074840000;0.942700000
CVE-2010-1280;0.166370000;0.969170000
CVE-2010-1279;0.045730000;0.912920000
CVE-2010-1278;0.081240000;0.946450000
CVE-2010-1277;0.017390000;0.767840000
CVE-2010-1276;0.008550000;0.566600000
CVE-2010-1275;0.010620000;0.631930000
CVE-2010-1274;0.010650000;0.633320000
CVE-2010-1273;0.012720000;0.686690000
CVE-2010-1272;0.022940000;0.825630000
CVE-2010-1271;0.011510000;0.656100000
CVE-2010-1270;0.011990000;0.668980000
CVE-2010-1269;0.010120000;0.617190000
CVE-2010-1268;0.022970000;0.825900000
CVE-2010-1267;0.027710000;0.857480000
CVE-2010-1266;0.029310000;0.865540000
CVE-2010-1265;0.009730000;0.604960000
CVE-2010-1264;0.235530000;0.977280000
CVE-2010-1263;0.285610000;0.980740000
CVE-2010-1262;0.330560000;0.983100000
CVE-2010-1261;0.249190000;0.978420000
CVE-2010-1260;0.190610000;0.972250000
CVE-2010-1259;0.250220000;0.978490000
CVE-2010-1258;0.169950000;0.969680000
CVE-2010-1257;0.221590000;0.975990000
CVE-2010-1256;0.282080000;0.980540000
CVE-2010-1255;0.050680000;0.920220000
CVE-2010-1254;0.014260000;0.718680000
CVE-2010-1253;0.256920000;0.978980000
CVE-2010-1252;0.212210000;0.975150000
CVE-2010-1251;0.212210000;0.975160000
CVE-2010-1250;0.238430000;0.977520000
CVE-2010-1249;0.247810000;0.978310000
CVE-2010-1248;0.271840000;0.979890000
CVE-2010-1247;0.223920000;0.976210000
CVE-2010-1246;0.246690000;0.978190000
CVE-2010-1245;0.223560000;0.976170000
CVE-2010-1244;0.010840000;0.638360000
CVE-2010-1243;0.012000000;0.669280000
CVE-2010-1242;0.010650000;0.633330000
CVE-2010-1241;0.092080000;0.951730000
CVE-2010-1240;0.736170000;0.994570000
CVE-2010-1239;0.075340000;0.942990000
CVE-2010-1238;0.019750000;0.796450000
CVE-2010-1237;0.010500000;0.628420000
CVE-2010-1236;0.013650000;0.706890000
CVE-2010-1235;0.008690000;0.571340000
CVE-2010-1234;0.011940000;0.667730000
CVE-2010-1233;0.025670000;0.845170000
CVE-2010-1232;0.010580000;0.630710000
CVE-2010-1231;0.014650000;0.726040000
CVE-2010-1230;0.014840000;0.729610000
CVE-2010-1229;0.013210000;0.697170000
CVE-2010-1228;0.007570000;0.533560000
CVE-2010-1227;0.016780000;0.759500000
CVE-2010-1226;0.051330000;0.921030000
CVE-2010-1225;0.281630000;0.980500000
CVE-2010-1224;0.035630000;0.889200000
CVE-2010-1223;0.167550000;0.969350000
CVE-2010-1222;0.020690000;0.806440000
CVE-2010-1221;0.020690000;0.806450000
CVE-2010-1219;0.082000000;0.946860000
CVE-2010-1218;0.010420000;0.626240000
CVE-2010-1217;0.064290000;0.934680000
CVE-2010-1216;0.023780000;0.831960000
CVE-2010-1215;0.014890000;0.730440000
CVE-2010-1214;0.075850000;0.943300000
CVE-2010-1213;0.009570000;0.599080000
CVE-2010-1212;0.027260000;0.854890000
CVE-2010-1211;0.037260000;0.894150000
CVE-2010-1210;0.013420000;0.702130000
CVE-2010-1209;0.053840000;0.923840000
CVE-2010-1208;0.051530000;0.921330000
CVE-2010-1207;0.013640000;0.706830000
CVE-2010-1206;0.011000000;0.642860000
CVE-2010-1205;0.433820000;0.986890000
CVE-2010-1204;0.015210000;0.735540000
CVE-2010-1203;0.038720000;0.898330000
CVE-2010-1202;0.047140000;0.915050000
CVE-2010-1201;0.061190000;0.931930000
CVE-2010-1200;0.050210000;0.919570000
CVE-2010-1199;0.114180000;0.958610000
CVE-2010-1198;0.048120000;0.916490000
CVE-2010-1197;0.020700000;0.806510000
CVE-2010-1196;0.048790000;0.917510000
CVE-2010-1195;0.017040000;0.763320000
CVE-2010-1194;0.011660000;0.660190000
CVE-2010-1193;0.016630000;0.757460000
CVE-2010-1192;0.008570000;0.567670000
CVE-2010-1191;0.015070000;0.733540000
CVE-2010-1190;0.014170000;0.717120000
CVE-2010-1189;0.017940000;0.775250000
CVE-2010-1188;0.032950000;0.880460000
CVE-2010-1187;0.004120000;0.329200000
CVE-2010-1186;0.047270000;0.915220000
CVE-2010-1185;0.152180000;0.966430000
CVE-2010-1184;0.079580000;0.945490000
CVE-2010-1183;0.004940000;0.399350000
CVE-2010-1182;0.016070000;0.749100000
CVE-2010-1181;0.025410000;0.843500000
CVE-2010-1180;0.083000000;0.947390000
CVE-2010-1179;0.089470000;0.950760000
CVE-2010-1178;0.014950000;0.731310000
CVE-2010-1177;0.072320000;0.941160000
CVE-2010-1176;0.086020000;0.949080000
CVE-2010-1175;0.141560000;0.964550000
CVE-2010-1174;0.050830000;0.920440000
CVE-2010-1173;0.212380000;0.975180000
CVE-2010-1172;0.003940000;0.309040000
CVE-2010-1171;0.028120000;0.859730000
CVE-2010-1170;0.028880000;0.863450000
CVE-2010-1169;0.040810000;0.903520000
CVE-2010-1168;0.037150000;0.893770000
CVE-2010-1167;0.021990000;0.817960000
CVE-2010-1166;0.053510000;0.923510000
CVE-2010-1165;0.044360000;0.910450000
CVE-2010-1164;0.022350000;0.821000000
CVE-2010-1163;0.004020000;0.318060000
CVE-2010-1162;0.004060000;0.322180000
CVE-2010-1161;0.002750000;0.178670000
CVE-2010-1160;0.003680000;0.280600000
CVE-2010-1159;0.072630000;0.941360000
CVE-2010-1158;0.020430000;0.803830000
CVE-2010-1157;0.525070000;0.989290000
CVE-2010-1156;0.028760000;0.862930000
CVE-2010-1155;0.015620000;0.742460000
CVE-2010-1153;0.011550000;0.657030000
CVE-2010-1152;0.104410000;0.955910000
CVE-2010-1151;0.037660000;0.895290000
CVE-2010-1150;0.012980000;0.692280000
CVE-2010-1149;0.002690000;0.170580000
CVE-2010-1148;0.005380000;0.430450000
CVE-2010-1147;0.081690000;0.946700000
CVE-2010-1146;0.018240000;0.779220000
CVE-2010-1143;0.034370000;0.885300000
CVE-2010-1142;0.016410000;0.754300000
CVE-2010-1141;0.038020000;0.896340000
CVE-2010-1140;0.003180000;0.221820000
CVE-2010-1139;0.003330000;0.239480000
CVE-2010-1138;0.022930000;0.825510000
CVE-2010-1137;0.024100000;0.834340000
CVE-2010-1136;0.016700000;0.758430000
CVE-2010-1135;0.015530000;0.741130000
CVE-2010-1134;0.012690000;0.685980000
CVE-2010-1133;0.014180000;0.717160000
CVE-2010-1132;0.085780000;0.948930000
CVE-2010-1131;0.038380000;0.897410000
CVE-2010-1130;0.093710000;0.952320000
CVE-2010-1129;0.025390000;0.843390000
CVE-2010-1128;0.079370000;0.945390000
CVE-2010-1127;0.182700000;0.971260000
CVE-2010-1126;0.017570000;0.770380000
CVE-2010-1125;0.020180000;0.801290000
CVE-2010-1124;0.009560000;0.598720000
CVE-2010-1123;0.002310000;0.125540000
CVE-2010-1122;0.028400000;0.861260000
CVE-2010-1121;0.057730000;0.928290000
CVE-2010-1120;0.051840000;0.921680000
CVE-2010-1119;0.190160000;0.972150000
CVE-2010-1118;0.219500000;0.975810000
CVE-2010-1117;0.140370000;0.964350000
CVE-2010-1116;0.013360000;0.700830000
CVE-2010-1115;0.015700000;0.743540000
CVE-2010-1114;0.029900000;0.868080000
CVE-2010-1113;0.014570000;0.724430000
CVE-2010-1112;0.012790000;0.688200000
CVE-2010-1111;0.014840000;0.729420000
CVE-2010-1110;0.015700000;0.743550000
CVE-2010-1109;0.009500000;0.597010000
CVE-2010-1108;0.008750000;0.573300000
CVE-2010-1107;0.010050000;0.614900000
CVE-2010-1106;0.021050000;0.809900000
CVE-2010-1105;0.011170000;0.647430000
CVE-2010-1104;0.019500000;0.794050000
CVE-2010-1103;0.012710000;0.686400000
CVE-2010-1102;0.012710000;0.686400000
CVE-2010-1101;0.012710000;0.686390000
CVE-2010-1100;0.011290000;0.650200000
CVE-2010-1099;0.012460000;0.680930000
CVE-2010-1098;0.150500000;0.966150000
CVE-2010-1097;0.013900000;0.712000000
CVE-2010-1096;0.010600000;0.631520000
CVE-2010-1095;0.023290000;0.828440000
CVE-2010-1094;0.010100000;0.616570000
CVE-2010-1093;0.008820000;0.575160000
CVE-2010-1092;0.011590000;0.658120000
CVE-2010-1091;0.014650000;0.726200000
CVE-2010-1090;0.009810000;0.607260000
CVE-2010-1089;0.009570000;0.598970000
CVE-2010-1088;0.027740000;0.857890000
CVE-2010-1087;0.035730000;0.889510000
CVE-2010-1086;0.036030000;0.890570000
CVE-2010-1085;0.029170000;0.864910000
CVE-2010-1084;0.029790000;0.867580000
CVE-2010-1083;0.003610000;0.273090000
CVE-2010-1082;0.013600000;0.706060000
CVE-2010-1081;0.145970000;0.965350000
CVE-2010-1080;0.011080000;0.645050000
CVE-2010-1079;0.010220000;0.620110000
CVE-2010-1078;0.010340000;0.623980000
CVE-2010-1077;0.018570000;0.783420000
CVE-2010-1076;0.008550000;0.566570000
CVE-2010-1075;0.011390000;0.652710000
CVE-2010-1074;0.012630000;0.684820000
CVE-2010-1073;0.010020000;0.613940000
CVE-2010-1072;0.011080000;0.645050000
CVE-2010-1071;0.010240000;0.620780000
CVE-2010-1070;0.011510000;0.656090000
CVE-2010-1069;0.009730000;0.604860000
CVE-2010-1068;0.010750000;0.635690000
CVE-2010-1067;0.024880000;0.839890000
CVE-2010-1066;0.024590000;0.837970000
CVE-2010-1065;0.024880000;0.839880000
CVE-2010-1064;0.024590000;0.837970000
CVE-2010-1063;0.013560000;0.705200000
CVE-2010-1062;0.018570000;0.783420000
CVE-2010-1061;0.013560000;0.705200000
CVE-2010-1060;0.018570000;0.783420000
CVE-2010-1059;0.013330000;0.700120000
CVE-2010-1058;0.022970000;0.825890000
CVE-2010-1057;0.024410000;0.836670000
CVE-2010-1056;0.114140000;0.958590000
CVE-2010-1055;0.026020000;0.847460000
CVE-2010-1054;0.011510000;0.656140000
CVE-2010-1053;0.009140000;0.585100000
CVE-2010-1052;0.012040000;0.670230000
CVE-2010-1051;0.008930000;0.578300000
CVE-2010-1050;0.009730000;0.604830000
CVE-2010-1049;0.009990000;0.612990000
CVE-2010-1048;0.014490000;0.722920000
CVE-2010-1047;0.010030000;0.614410000
CVE-2010-1046;0.009730000;0.604860000
CVE-2010-1045;0.009610000;0.600190000
CVE-2010-1044;0.009670000;0.602450000
CVE-2010-1043;0.023560000;0.830600000
CVE-2010-1042;0.103380000;0.955580000
CVE-2010-1041;0.023400000;0.829300000
CVE-2010-1040;0.010740000;0.635650000
CVE-2010-1039;0.201730000;0.973810000
CVE-2010-1038;0.021460000;0.813470000
CVE-2010-1037;0.015740000;0.744210000
CVE-2010-1036;0.028720000;0.862710000
CVE-2010-1035;0.046540000;0.914200000
CVE-2010-1034;0.017970000;0.775590000
CVE-2010-1033;0.133850000;0.962910000
CVE-2010-1032;0.005300000;0.425220000
CVE-2010-1031;0.004430000;0.359840000
CVE-2010-1030;0.002940000;0.197680000
CVE-2010-1029;0.103800000;0.955730000
CVE-2010-1028;0.087770000;0.949980000
CVE-2010-1027;0.010600000;0.631520000
CVE-2010-1026;0.010600000;0.631510000
CVE-2010-1025;0.010420000;0.626240000
CVE-2010-1024;0.010720000;0.634990000
CVE-2010-1023;0.012830000;0.689030000
CVE-2010-1022;0.014830000;0.729250000
CVE-2010-1021;0.010740000;0.635610000
CVE-2010-1020;0.008520000;0.565590000
CVE-2010-1019;0.010100000;0.616440000
CVE-2010-1018;0.010100000;0.616440000
CVE-2010-1017;0.011050000;0.644260000
CVE-2010-1016;0.010600000;0.631520000
CVE-2010-1015;0.010960000;0.642070000
CVE-2010-1014;0.008450000;0.563250000
CVE-2010-1013;0.010960000;0.641990000
CVE-2010-1012;0.010010000;0.613670000
CVE-2010-1011;0.008450000;0.563060000
CVE-2010-1010;0.010010000;0.613730000
CVE-2010-1009;0.010010000;0.613640000
CVE-2010-1008;0.010220000;0.620130000
CVE-2010-1007;0.010640000;0.632760000
CVE-2010-1006;0.010010000;0.613730000
CVE-2010-1005;0.010220000;0.620140000
CVE-2010-1004;0.010510000;0.628830000
CVE-2010-1003;0.050600000;0.920130000
CVE-2010-10017;0.003290000;0.234420000
CVE-2010-10016;0.007550000;0.532380000
CVE-2010-10015;0.005250000;0.421940000
CVE-2010-10014;0.010310000;0.623060000
CVE-2010-10013;0.011630000;0.659410000
CVE-2010-10012;0.020930000;0.808780000
CVE-2010-10011;0.013010000;0.693180000
CVE-2010-10010;0.004890000;0.396140000
CVE-2010-10009;0.006430000;0.487560000
CVE-2010-10008;0.005630000;0.445600000
CVE-2010-10007;0.006580000;0.494870000
CVE-2010-10006;0.008870000;0.576510000
CVE-2010-10004;0.005120000;0.412740000
CVE-2010-10003;0.006570000;0.494110000
CVE-2010-10002;0.006400000;0.485830000
CVE-2010-10001;0.008620000;0.569190000
CVE-2010-1000;0.038490000;0.897690000
CVE-2010-0999;0.017320000;0.766910000
CVE-2010-0998;0.064300000;0.934690000
CVE-2010-0997;0.010430000;0.626590000
CVE-2010-0996;0.018970000;0.788110000
CVE-2010-0995;0.081460000;0.946560000
CVE-2010-0994;0.025120000;0.841500000
CVE-2010-0993;0.015600000;0.742120000
CVE-2010-0992;0.005810000;0.455020000
CVE-2010-0991;0.019560000;0.794680000
CVE-2010-0990;0.046190000;0.913690000
CVE-2010-0989;0.012680000;0.685950000
CVE-2010-0988;0.011770000;0.663200000
CVE-2010-0987;0.113640000;0.958480000
CVE-2010-0986;0.050600000;0.920120000
CVE-2010-0985;0.130950000;0.962250000
CVE-2010-0984;0.028050000;0.859420000
CVE-2010-0983;0.023930000;0.833040000
CVE-2010-0982;0.068850000;0.938420000
CVE-2010-0981;0.011890000;0.666490000
CVE-2010-0980;0.011510000;0.656060000
CVE-2010-0979;0.010750000;0.635690000
CVE-2010-0978;0.025350000;0.843120000
CVE-2010-0977;0.013250000;0.698220000
CVE-2010-0976;0.022870000;0.825090000
CVE-2010-0975;0.029900000;0.868070000
CVE-2010-0974;0.009750000;0.605750000
CVE-2010-0973;0.010100000;0.616580000
CVE-2010-0972;0.132570000;0.962560000
CVE-2010-0971;0.016680000;0.758090000
CVE-2010-0970;0.009810000;0.607260000
CVE-2010-0969;0.026200000;0.848560000
CVE-2010-0968;0.009150000;0.585480000
CVE-2010-0967;0.027410000;0.855770000
CVE-2010-0966;0.024000000;0.833580000
CVE-2010-0965;0.013360000;0.700830000
CVE-2010-0964;0.011610000;0.658410000
CVE-2010-0963;0.010740000;0.635600000
CVE-2010-0962;0.012460000;0.680810000
CVE-2010-0961;0.003820000;0.295600000
CVE-2010-0960;0.003820000;0.295600000
CVE-2010-0959;0.010970000;0.642410000
CVE-2010-0958;0.018720000;0.785230000
CVE-2010-0957;0.013040000;0.693670000
CVE-2010-0956;0.011220000;0.648550000
CVE-2010-0955;0.012090000;0.671730000
CVE-2010-0954;0.013590000;0.705760000
CVE-2010-0953;0.019190000;0.790570000
CVE-2010-0952;0.009500000;0.597010000
CVE-2010-0951;0.009750000;0.605750000
CVE-2010-0950;0.011420000;0.653340000
CVE-2010-0949;0.010770000;0.636370000
CVE-2010-0948;0.010910000;0.640110000
CVE-2010-0947;0.010770000;0.636370000
CVE-2010-0946;0.009690000;0.603480000
CVE-2010-0945;0.010030000;0.614410000
CVE-2010-0944;0.140410000;0.964370000
CVE-2010-0943;0.159360000;0.967840000
CVE-2010-0942;0.072400000;0.941200000
CVE-2010-0941;0.013130000;0.695560000
CVE-2010-0940;0.017110000;0.764290000
CVE-2010-0939;0.024450000;0.836920000
CVE-2010-0938;0.010750000;0.635690000
CVE-2010-0937;0.011640000;0.659550000
CVE-2010-0936;0.015250000;0.736400000
CVE-2010-0935;0.015730000;0.744110000
CVE-2010-0934;0.020010000;0.799350000
CVE-2010-0933;0.017900000;0.774710000
CVE-2010-0932;0.016660000;0.757860000
CVE-2010-0931;0.011390000;0.652700000
CVE-2010-0930;0.011390000;0.652710000
CVE-2010-0929;0.011390000;0.652710000
CVE-2010-0928;0.005360000;0.429130000
CVE-2010-0927;0.010140000;0.618010000
CVE-2010-0926;0.305300000;0.981830000
CVE-2010-0925;0.011630000;0.659290000
CVE-2010-0924;0.011550000;0.657220000
CVE-2010-0923;0.002830000;0.186450000
CVE-2010-0922;0.013200000;0.697040000
CVE-2010-0921;0.005760000;0.452670000
CVE-2010-0920;0.010300000;0.622780000
CVE-2010-0919;0.057340000;0.927870000
CVE-2010-0918;0.020190000;0.801380000
CVE-2010-0917;0.243160000;0.977910000
CVE-2010-0916;0.006510000;0.491480000
CVE-2010-0915;0.012880000;0.690030000
CVE-2010-0914;0.011190000;0.647900000
CVE-2010-0913;0.009220000;0.587410000
CVE-2010-0912;0.009220000;0.587400000
CVE-2010-0911;0.018330000;0.780360000
CVE-2010-0910;0.011630000;0.659200000
CVE-2010-0909;0.008150000;0.553190000
CVE-2010-0908;0.012740000;0.687200000
CVE-2010-0907;0.074650000;0.942580000
CVE-2010-0906;0.022430000;0.821680000
CVE-2010-0905;0.009040000;0.581780000
CVE-2010-0904;0.506250000;0.988820000
CVE-2010-0903;0.018700000;0.785030000
CVE-2010-0902;0.013200000;0.697010000
CVE-2010-0901;0.010260000;0.621470000
CVE-2010-0900;0.009450000;0.595340000
CVE-2010-0899;0.022430000;0.821690000
CVE-2010-0898;0.028850000;0.863330000
CVE-2010-0897;0.029210000;0.865050000
CVE-2010-0896;0.014440000;0.721880000
CVE-2010-0895;0.004260000;0.343370000
CVE-2010-0894;0.024510000;0.837470000
CVE-2010-0893;0.023540000;0.830380000
CVE-2010-0892;0.009410000;0.594100000
CVE-2010-0891;0.023540000;0.830380000
CVE-2010-0890;0.004440000;0.360480000
CVE-2010-0889;0.004240000;0.341530000
CVE-2010-0888;0.042220000;0.906480000
CVE-2010-0887;0.094280000;0.952510000
CVE-2010-0886;0.699490000;0.993550000
CVE-2010-0885;0.022770000;0.824240000
CVE-2010-0884;0.004090000;0.325720000
CVE-2010-0883;0.004090000;0.325720000
CVE-2010-0882;0.004320000;0.350080000
CVE-2010-0881;0.020830000;0.807830000
CVE-2010-0880;0.012160000;0.673730000
CVE-2010-0879;0.012160000;0.673730000
CVE-2010-0878;0.012070000;0.671100000
CVE-2010-0877;0.015080000;0.733640000
CVE-2010-0876;0.020570000;0.805120000
CVE-2010-0875;0.020570000;0.805120000
CVE-2010-0874;0.020570000;0.805120000
CVE-2010-0873;0.019780000;0.796810000
CVE-2010-0872;0.037910000;0.896030000
CVE-2010-0871;0.020580000;0.805280000
CVE-2010-0870;0.125550000;0.960990000
CVE-2010-0869;0.020790000;0.807400000
CVE-2010-0868;0.020790000;0.807390000
CVE-2010-0867;0.013270000;0.698530000
CVE-2010-0866;0.112500000;0.958260000
CVE-2010-0865;0.020790000;0.807390000
CVE-2010-0864;0.012420000;0.679950000
CVE-2010-0863;0.012420000;0.679960000
CVE-2010-0862;0.020830000;0.807820000
CVE-2010-0861;0.025160000;0.841850000
CVE-2010-0860;0.026460000;0.850190000
CVE-2010-0859;0.023900000;0.832880000
CVE-2010-0858;0.016160000;0.750300000
CVE-2010-0857;0.016300000;0.752370000
CVE-2010-0856;0.029420000;0.866030000
CVE-2010-0855;0.012420000;0.679960000
CVE-2010-0854;0.016320000;0.752730000
CVE-2010-0853;0.029160000;0.864850000
CVE-2010-0852;0.019840000;0.797450000
CVE-2010-0851;0.019710000;0.796030000
CVE-2010-0850;0.031530000;0.874570000
CVE-2010-0849;0.067620000;0.937470000
CVE-2010-0848;0.036360000;0.891470000
CVE-2010-0847;0.055350000;0.925460000
CVE-2010-0846;0.065810000;0.936010000
CVE-2010-0845;0.029080000;0.864510000
CVE-2010-0844;0.037880000;0.895930000
CVE-2010-0843;0.061940000;0.932620000
CVE-2010-0842;0.777210000;0.995530000
CVE-2010-0841;0.061940000;0.932620000
CVE-2010-0840;0.963190000;0.998790000
CVE-2010-0839;0.035380000;0.888480000
CVE-2010-0838;0.149000000;0.965900000
CVE-2010-0837;0.038390000;0.897430000
CVE-2010-0836;0.012230000;0.675170000
CVE-2010-0835;0.013490000;0.703490000
CVE-2010-0834;0.027150000;0.854370000
CVE-2010-0833;0.041370000;0.904830000
CVE-2010-0832;0.009490000;0.596580000
CVE-2010-0831;0.036810000;0.892790000
CVE-2010-0830;0.045140000;0.911810000
CVE-2010-0829;0.045390000;0.912210000
CVE-2010-0828;0.022620000;0.823050000
CVE-2010-0827;0.044390000;0.910550000
CVE-2010-0826;0.003730000;0.286030000
CVE-2010-0825;0.003240000;0.229560000
CVE-2010-0824;0.223920000;0.976210000
CVE-2010-0823;0.204630000;0.974240000
CVE-2010-0822;0.701210000;0.993600000
CVE-2010-0821;0.242650000;0.977850000
CVE-2010-0820;0.143610000;0.964970000
CVE-2010-0819;0.020810000;0.807600000
CVE-2010-0818;0.139450000;0.964190000
CVE-2010-0817;0.287070000;0.980820000
CVE-2010-0816;0.203250000;0.973980000
CVE-2010-0815;0.223640000;0.976180000
CVE-2010-0814;0.228860000;0.976710000
CVE-2010-0812;0.174520000;0.970310000
CVE-2010-0811;0.259240000;0.979160000
CVE-2010-0810;0.017090000;0.764020000
CVE-2010-0808;0.095250000;0.952890000
CVE-2010-0807;0.292840000;0.981170000
CVE-2010-0806;0.821720000;0.996470000
CVE-2010-0805;0.805440000;0.996130000
CVE-2010-0804;0.014790000;0.728530000
CVE-2010-0803;0.011510000;0.656090000
CVE-2010-0802;0.009730000;0.604640000
CVE-2010-0801;0.018790000;0.785910000
CVE-2010-0800;0.011500000;0.655680000
CVE-2010-0799;0.027100000;0.854090000
CVE-2010-0798;0.010720000;0.634990000
CVE-2010-0797;0.010420000;0.626240000
CVE-2010-0796;0.011610000;0.658420000
CVE-2010-0795;0.010110000;0.617060000
CVE-2010-0793;0.038090000;0.896570000
CVE-2010-0792;0.003510000;0.261820000
CVE-2010-0791;0.003590000;0.271090000
CVE-2010-0790;0.003320000;0.238320000
CVE-2010-0789;0.003940000;0.310060000
CVE-2010-0788;0.006690000;0.499440000
CVE-2010-0787;0.005170000;0.416500000
CVE-2010-0786;0.021700000;0.815490000
CVE-2010-0785;0.008560000;0.567270000
CVE-2010-0784;0.012920000;0.691000000
CVE-2010-0783;0.019650000;0.795440000
CVE-2010-0782;0.006650000;0.497740000
CVE-2010-0781;0.017200000;0.765470000
CVE-2010-0780;0.018670000;0.784600000
CVE-2010-0779;0.012610000;0.684490000
CVE-2010-0778;0.012610000;0.684490000
CVE-2010-0777;0.018810000;0.786130000
CVE-2010-0776;0.016170000;0.750540000
CVE-2010-0775;0.016170000;0.750540000
CVE-2010-0774;0.017420000;0.768290000
CVE-2010-0772;0.011160000;0.647090000
CVE-2010-0770;0.017500000;0.769260000
CVE-2010-0769;0.002760000;0.180030000
CVE-2010-0768;0.016420000;0.754420000
CVE-2010-0766;0.049360000;0.918360000
CVE-2010-0765;0.024450000;0.836920000
CVE-2010-0764;0.010030000;0.614410000
CVE-2010-0763;0.009610000;0.600180000
CVE-2010-0762;0.012140000;0.673090000
CVE-2010-0761;0.011890000;0.666520000
CVE-2010-0760;0.018580000;0.783550000
CVE-2010-0759;0.152420000;0.966500000
CVE-2010-0758;0.009670000;0.602400000
CVE-2010-0757;0.031500000;0.874420000
CVE-2010-0756;0.018320000;0.780180000
CVE-2010-0755;0.024740000;0.838980000
CVE-2010-0754;0.021720000;0.815610000
CVE-2010-0753;0.011990000;0.668910000
CVE-2010-0752;0.014540000;0.723850000
CVE-2010-0751;0.039420000;0.900330000
CVE-2010-0750;0.004690000;0.380950000
CVE-2010-0749;0.016400000;0.754090000
CVE-2010-0748;0.018790000;0.785920000
CVE-2010-0747;0.003720000;0.285330000
CVE-2010-0746;0.005710000;0.450190000
CVE-2010-0745;0.030780000;0.871660000
CVE-2010-0744;0.013050000;0.693880000
CVE-2010-0743;0.033810000;0.883440000
CVE-2010-0742;0.078340000;0.944780000
CVE-2010-0741;0.035180000;0.887920000
CVE-2010-0740;0.203500000;0.974030000
CVE-2010-0739;0.049180000;0.918080000
CVE-2010-0738;0.794150000;0.995920000
CVE-2010-0737;0.005330000;0.427410000
CVE-2010-0736;0.016910000;0.761430000
CVE-2010-0734;0.036560000;0.892140000
CVE-2010-0733;0.069020000;0.938570000
CVE-2010-0732;0.002990000;0.202320000
CVE-2010-0731;0.029440000;0.866100000
CVE-2010-0730;0.024390000;0.836530000
CVE-2010-0729;0.003380000;0.246540000
CVE-2010-0728;0.038450000;0.897600000
CVE-2010-0727;0.005600000;0.443470000
CVE-2010-0726;0.019960000;0.798820000
CVE-2010-0725;0.016200000;0.751050000
CVE-2010-0724;0.011180000;0.647750000
CVE-2010-0723;0.018540000;0.783120000
CVE-2010-0722;0.010100000;0.616570000
CVE-2010-0721;0.009750000;0.605740000
CVE-2010-0720;0.011850000;0.665520000
CVE-2010-0719;0.017160000;0.764960000
CVE-2010-0718;0.088690000;0.950410000
CVE-2010-0717;0.019730000;0.796270000
CVE-2010-0716;0.085630000;0.948860000
CVE-2010-0715;0.013060000;0.694120000
CVE-2010-0714;0.035280000;0.888180000
CVE-2010-0713;0.019460000;0.793720000
CVE-2010-0712;0.019780000;0.796760000
CVE-2010-0711;0.009550000;0.598410000
CVE-2010-0710;0.010010000;0.613720000
CVE-2010-0709;0.012280000;0.676650000
CVE-2010-0708;0.021940000;0.817590000
CVE-2010-0707;0.009540000;0.598080000
CVE-2010-0706;0.014530000;0.723740000
CVE-2010-0705;0.009300000;0.590290000
CVE-2010-0704;0.008450000;0.563110000
CVE-2010-0703;0.017910000;0.774770000
CVE-2010-0702;0.040950000;0.903830000
CVE-2010-0701;0.011610000;0.658420000
CVE-2010-0700;0.017340000;0.767230000
CVE-2010-0699;0.009180000;0.586380000
CVE-2010-0698;0.010110000;0.617060000
CVE-2010-0697;0.010280000;0.621950000
CVE-2010-0696;0.282220000;0.980540000
CVE-2010-0695;0.013360000;0.700700000
CVE-2010-0694;0.009970000;0.612360000
CVE-2010-0693;0.010030000;0.614320000
CVE-2010-0692;0.010630000;0.632240000
CVE-2010-0691;0.009610000;0.600300000
CVE-2010-0690;0.010030000;0.614310000
CVE-2010-0689;0.058630000;0.929450000
CVE-2010-0688;0.378950000;0.985010000
CVE-2010-0686;0.022200000;0.819750000
CVE-2010-0685;0.013810000;0.710250000
CVE-2010-0684;0.042830000;0.907610000
CVE-2010-0683;0.016080000;0.749260000
CVE-2010-0682;0.098550000;0.954070000
CVE-2010-0681;0.021680000;0.815240000
CVE-2010-0680;0.023180000;0.827610000
CVE-2010-0679;0.351280000;0.983910000
CVE-2010-0678;0.018230000;0.779120000
CVE-2010-0677;0.009730000;0.604930000
CVE-2010-0676;0.015660000;0.742980000
CVE-2010-0675;0.014530000;0.723740000
CVE-2010-0674;0.024450000;0.836930000
CVE-2010-0673;0.028180000;0.860100000
CVE-2010-0672;0.009750000;0.605750000
CVE-2010-0671;0.011990000;0.668920000
CVE-2010-0670;0.008990000;0.580090000
CVE-2010-0669;0.018970000;0.788150000
CVE-2010-0668;0.021810000;0.816370000
CVE-2010-0667;0.018690000;0.784910000
CVE-2010-0666;0.022720000;0.823800000
CVE-2010-0665;0.021980000;0.817890000
CVE-2010-0664;0.014710000;0.727280000
CVE-2010-0663;0.010060000;0.615310000
CVE-2010-0662;0.009800000;0.606960000
CVE-2010-0661;0.015920000;0.746920000
CVE-2010-0660;0.007560000;0.532990000
CVE-2010-0659;0.031930000;0.876150000
CVE-2010-0658;0.033060000;0.880910000
CVE-2010-0657;0.018850000;0.786630000
CVE-2010-0656;0.011490000;0.655520000
CVE-2010-0655;0.074580000;0.942550000
CVE-2010-0654;0.018670000;0.784590000
CVE-2010-0653;0.018290000;0.779890000
CVE-2010-0652;0.049490000;0.918570000
CVE-2010-0651;0.017750000;0.772920000
CVE-2010-0650;0.025140000;0.841680000
CVE-2010-0649;0.012750000;0.687480000
CVE-2010-0648;0.012350000;0.678210000
CVE-2010-0647;0.038800000;0.898520000
CVE-2010-0646;0.051170000;0.920840000
CVE-2010-0645;0.036390000;0.891590000
CVE-2010-0644;0.008710000;0.571920000
CVE-2010-0643;0.010300000;0.622610000
CVE-2010-0642;0.076650000;0.943820000
CVE-2010-0641;0.032100000;0.876870000
CVE-2010-0640;0.010170000;0.618590000
CVE-2010-0639;0.310740000;0.982100000
CVE-2010-0638;0.005660000;0.447440000
CVE-2010-0637;0.005940000;0.462100000
CVE-2010-0636;0.010560000;0.630320000
CVE-2010-0635;0.010510000;0.628810000
CVE-2010-0634;0.010410000;0.626000000
CVE-2010-0633;0.003460000;0.255370000
CVE-2010-0632;0.009670000;0.602470000
CVE-2010-0631;0.009070000;0.582990000
CVE-2010-0630;0.010030000;0.614310000
CVE-2010-0629;0.054690000;0.924720000
CVE-2010-0628;0.033290000;0.881670000
CVE-2010-0625;0.050890000;0.920550000
CVE-2010-0624;0.047470000;0.915540000
CVE-2010-0623;0.004000000;0.316640000
CVE-2010-0622;0.003840000;0.297920000
CVE-2010-0620;0.194780000;0.972860000
CVE-2010-0619;0.045710000;0.912880000
CVE-2010-0618;0.014520000;0.723560000
CVE-2010-0617;0.010220000;0.620030000
CVE-2010-0616;0.011710000;0.661480000
CVE-2010-0615;0.013130000;0.695560000
CVE-2010-0614;0.011890000;0.666500000
CVE-2010-0613;0.015310000;0.737350000
CVE-2010-0612;0.011260000;0.649580000
CVE-2010-0611;0.009670000;0.602450000
CVE-2010-0610;0.009670000;0.602460000
CVE-2010-0609;0.010010000;0.613630000
CVE-2010-0608;0.010030000;0.614320000
CVE-2010-0607;0.014670000;0.726540000
CVE-2010-0606;0.008770000;0.573910000
CVE-2010-0605;0.030480000;0.870360000
CVE-2010-0604;0.024930000;0.840270000
CVE-2010-0603;0.017700000;0.772250000
CVE-2010-0602;0.024930000;0.840280000
CVE-2010-0601;0.024930000;0.840290000
CVE-2010-0600;0.045850000;0.913130000
CVE-2010-0599;0.032180000;0.877300000
CVE-2010-0598;0.032180000;0.877290000
CVE-2010-0597;0.036320000;0.891350000
CVE-2010-0596;0.021070000;0.810090000
CVE-2010-0595;0.031210000;0.873330000
CVE-2010-0594;0.008450000;0.563140000
CVE-2010-0593;0.030250000;0.869560000
CVE-2010-0592;0.026070000;0.847780000
CVE-2010-0591;0.016150000;0.750240000
CVE-2010-0590;0.025140000;0.841690000
CVE-2010-0589;0.047580000;0.915750000
CVE-2010-0588;0.016150000;0.750240000
CVE-2010-0587;0.025140000;0.841690000
CVE-2010-0586;0.025460000;0.843810000
CVE-2010-0585;0.016150000;0.750240000
CVE-2010-0584;0.025460000;0.843810000
CVE-2010-0583;0.029960000;0.868290000
CVE-2010-0582;0.023300000;0.828510000
CVE-2010-0581;0.051990000;0.921880000
CVE-2010-0580;0.051990000;0.921880000
CVE-2010-0579;0.025420000;0.843540000
CVE-2010-0578;0.029700000;0.867170000
CVE-2010-0577;0.025290000;0.842730000
CVE-2010-0576;0.029700000;0.867170000
CVE-2010-0575;0.010970000;0.642390000
CVE-2010-0574;0.012100000;0.672020000
CVE-2010-0573;0.029240000;0.865220000
CVE-2010-0572;0.025050000;0.840990000
CVE-2010-0571;0.028430000;0.861370000
CVE-2010-0570;0.045340000;0.912160000
CVE-2010-0569;0.029700000;0.867160000
CVE-2010-0568;0.025560000;0.844450000
CVE-2010-0567;0.026240000;0.848740000
CVE-2010-0566;0.025290000;0.842730000
CVE-2010-0565;0.029700000;0.867160000
CVE-2010-0564;0.017250000;0.766060000
CVE-2010-0563;0.022090000;0.818820000
CVE-2010-0562;0.024870000;0.839850000
CVE-2010-0561;0.003350000;0.243050000
CVE-2010-0560;0.004470000;0.363710000
CVE-2010-0559;0.011260000;0.649570000
CVE-2010-0558;0.011260000;0.649600000
CVE-2010-0557;0.517230000;0.989110000
CVE-2010-0556;0.010620000;0.631990000
CVE-2010-0555;0.207890000;0.974690000
CVE-2010-0554;0.015240000;0.736200000
CVE-2010-0553;0.032440000;0.878240000
CVE-2010-0552;0.041840000;0.905730000
CVE-2010-0551;0.014520000;0.723480000
CVE-2010-0550;0.010810000;0.637530000
CVE-2010-0549;0.012180000;0.674190000
CVE-2010-0548;0.020070000;0.800270000
CVE-2010-0547;0.004840000;0.392000000
CVE-2010-0546;0.003460000;0.255640000
CVE-2010-0545;0.003010000;0.204440000
CVE-2010-0544;0.029330000;0.865620000
CVE-2010-0543;0.025610000;0.844710000
CVE-2010-0542;0.041290000;0.904630000
CVE-2010-0541;0.028140000;0.859860000
CVE-2010-0540;0.012750000;0.687440000
CVE-2010-0539;0.034380000;0.885340000
CVE-2010-0538;0.034530000;0.885840000
CVE-2010-0537;0.013680000;0.707560000
CVE-2010-0536;0.037440000;0.894700000
CVE-2010-0535;0.014350000;0.720370000
CVE-2010-0534;0.011250000;0.649300000
CVE-2010-0533;0.015360000;0.738140000
CVE-2010-0532;0.002490000;0.145890000
CVE-2010-0531;0.018680000;0.784710000
CVE-2010-0530;0.003510000;0.262070000
CVE-2010-0529;0.121990000;0.960290000
CVE-2010-0528;0.058750000;0.929550000
CVE-2010-0527;0.038220000;0.896950000
CVE-2010-0526;0.047900000;0.916190000
CVE-2010-0525;0.009830000;0.607900000
CVE-2010-0524;0.013340000;0.700130000
CVE-2010-0523;0.016440000;0.754630000
CVE-2010-0522;0.020410000;0.803630000
CVE-2010-0521;0.017810000;0.773630000
CVE-2010-0520;0.185730000;0.971640000
CVE-2010-0519;0.093380000;0.952210000
CVE-2010-0518;0.028650000;0.862390000
CVE-2010-0517;0.047010000;0.914860000
CVE-2010-0516;0.046050000;0.913460000
CVE-2010-0515;0.028400000;0.861240000
CVE-2010-0514;0.033210000;0.881450000
CVE-2010-0513;0.033210000;0.881440000
CVE-2010-0512;0.016620000;0.757300000
CVE-2010-0511;0.011390000;0.652690000
CVE-2010-0510;0.020410000;0.803630000
CVE-2010-0509;0.003440000;0.253130000
CVE-2010-0508;0.015420000;0.739230000
CVE-2010-0507;0.028650000;0.862380000
CVE-2010-0506;0.028650000;0.862390000
CVE-2010-0505;0.041960000;0.905940000
CVE-2010-0504;0.031420000;0.874110000
CVE-2010-0503;0.020160000;0.801150000
CVE-2010-0502;0.012940000;0.691370000
CVE-2010-0501;0.029370000;0.865750000
CVE-2010-0500;0.017360000;0.767440000
CVE-2010-0498;0.003310000;0.236460000
CVE-2010-0497;0.025220000;0.842250000
CVE-2010-0496;0.062630000;0.933280000
CVE-2010-0494;0.228930000;0.976720000
CVE-2010-0492;0.275230000;0.980120000
CVE-2010-0491;0.292840000;0.981170000
CVE-2010-0490;0.293150000;0.981190000
CVE-2010-0489;0.237310000;0.977450000
CVE-2010-0488;0.292290000;0.981150000
CVE-2010-0487;0.242160000;0.977810000
CVE-2010-0486;0.220370000;0.975910000
CVE-2010-0485;0.012280000;0.676560000
CVE-2010-0484;0.013440000;0.702550000
CVE-2010-0483;0.863670000;0.997300000
CVE-2010-0482;0.029370000;0.865790000
CVE-2010-0481;0.015300000;0.736990000
CVE-2010-0480;0.678880000;0.993000000
CVE-2010-0479;0.234150000;0.977170000
CVE-2010-0478;0.604200000;0.991170000
CVE-2010-0477;0.501860000;0.988700000
CVE-2010-0476;0.343300000;0.983590000
CVE-2010-0475;0.038230000;0.896980000
CVE-2010-0472;0.023270000;0.828270000
CVE-2010-0471;0.010510000;0.628930000
CVE-2010-0470;0.014530000;0.723750000
CVE-2010-0469;0.011740000;0.662390000
CVE-2010-0468;0.015110000;0.734170000
CVE-2010-0467;0.432960000;0.986850000
CVE-2010-0465;0.010420000;0.626250000
CVE-2010-0464;0.020000000;0.799230000
CVE-2010-0463;0.019830000;0.797340000
CVE-2010-0462;0.075230000;0.942920000
CVE-2010-0461;0.008570000;0.567500000
CVE-2010-0460;0.010300000;0.622560000
CVE-2010-0459;0.009670000;0.602690000
CVE-2010-0458;0.009970000;0.612300000
CVE-2010-0457;0.009670000;0.602690000
CVE-2010-0456;0.009670000;0.602600000
CVE-2010-0455;0.010680000;0.634170000
CVE-2010-0454;0.011390000;0.652720000
CVE-2010-0453;0.008310000;0.558780000
CVE-2010-0452;0.026870000;0.852770000
CVE-2010-0451;0.031630000;0.874970000
CVE-2010-0450;0.014960000;0.731370000
CVE-2010-0449;0.015700000;0.743590000
CVE-2010-0448;0.019870000;0.797870000
CVE-2010-0447;0.052500000;0.922480000
CVE-2010-0446;0.015500000;0.740600000
CVE-2010-0445;0.062380000;0.933040000
CVE-2010-0444;0.085640000;0.948870000
CVE-2010-0443;0.002790000;0.182780000
CVE-2010-0442;0.132550000;0.962560000
CVE-2010-0441;0.033770000;0.883290000
CVE-2010-0440;0.047430000;0.915490000
CVE-2010-0439;0.003760000;0.289920000
CVE-2010-0438;0.019660000;0.795540000
CVE-2010-0437;0.124260000;0.960730000
CVE-2010-0436;0.002790000;0.182560000
CVE-2010-0435;0.003590000;0.270700000
CVE-2010-0434;0.184430000;0.971480000
CVE-2010-0433;0.078570000;0.944950000
CVE-2010-0432;0.229410000;0.976780000
CVE-2010-0431;0.003140000;0.217850000
CVE-2010-0430;0.005400000;0.431610000
CVE-2010-0429;0.003110000;0.214900000
CVE-2010-0428;0.003110000;0.214890000
CVE-2010-0427;0.004620000;0.375350000
CVE-2010-0426;0.010820000;0.637850000
CVE-2010-0425;0.942480000;0.998480000
CVE-2010-0424;0.003460000;0.255060000
CVE-2010-0423;0.023120000;0.827110000
CVE-2010-0422;0.003570000;0.268520000
CVE-2010-0421;0.024690000;0.838610000
CVE-2010-0420;0.028750000;0.862890000
CVE-2010-0419;0.003500000;0.260700000
CVE-2010-0418;0.029090000;0.864560000
CVE-2010-0417;0.041530000;0.905070000
CVE-2010-0416;0.113200000;0.958390000
CVE-2010-0415;0.018040000;0.776500000
CVE-2010-0414;0.004160000;0.333580000
CVE-2010-0412;0.016930000;0.761820000
CVE-2010-0411;0.009470000;0.595930000
CVE-2010-0410;0.004470000;0.363770000
CVE-2010-0409;0.032970000;0.880560000
CVE-2010-0408;0.207870000;0.974690000
CVE-2010-0407;0.003940000;0.309870000
CVE-2010-0406;0.017590000;0.770570000
CVE-2010-0405;0.032970000;0.880530000
CVE-2010-0404;0.023300000;0.828500000
CVE-2010-0403;0.019770000;0.796660000
CVE-2010-0402;0.022180000;0.819570000
CVE-2010-0401;0.011990000;0.669100000
CVE-2010-0400;0.017170000;0.765090000
CVE-2010-0398;0.009710000;0.604050000
CVE-2010-0397;0.115280000;0.958850000
CVE-2010-0396;0.020070000;0.800330000
CVE-2010-0395;0.104650000;0.955970000
CVE-2010-0394;0.033600000;0.882760000
CVE-2010-0393;0.003200000;0.224510000
CVE-2010-0392;0.057180000;0.927630000
CVE-2010-0391;0.034710000;0.886460000
CVE-2010-0390;0.033360000;0.881920000
CVE-2010-0389;0.017410000;0.768130000
CVE-2010-0388;0.071840000;0.940890000
CVE-2010-0387;0.077000000;0.943990000
CVE-2010-0386;0.016920000;0.761660000
CVE-2010-0385;0.020150000;0.801040000
CVE-2010-0384;0.003480000;0.257960000
CVE-2010-0383;0.017040000;0.763290000
CVE-2010-0382;0.072350000;0.941180000
CVE-2010-0381;0.010130000;0.617480000
CVE-2010-0380;0.019540000;0.794460000
CVE-2010-0379;0.162730000;0.968460000
CVE-2010-0378;0.061820000;0.932520000
CVE-2010-0377;0.011110000;0.645740000
CVE-2010-0376;0.014990000;0.732020000
CVE-2010-0375;0.010020000;0.613940000
CVE-2010-0374;0.014450000;0.722080000
CVE-2010-0373;0.009670000;0.602760000
CVE-2010-0372;0.009670000;0.602760000
CVE-2010-0371;0.014670000;0.726550000
CVE-2010-0370;0.012310000;0.677370000
CVE-2010-0367;0.023070000;0.826730000
CVE-2010-0366;0.035360000;0.888420000
CVE-2010-0365;0.014670000;0.726550000
CVE-2010-0364;0.065750000;0.935970000
CVE-2010-0363;0.012010000;0.669410000
CVE-2010-0362;0.014700000;0.727120000
CVE-2010-0361;0.803870000;0.996120000
CVE-2010-0360;0.031380000;0.873960000
CVE-2010-0359;0.199790000;0.973540000
CVE-2010-0358;0.024090000;0.834210000
CVE-2010-0357;0.015280000;0.736780000
CVE-2010-0356;0.302840000;0.981680000
CVE-2010-0350;0.012720000;0.686870000
CVE-2010-0349;0.010650000;0.633380000
CVE-2010-0348;0.015510000;0.740910000
CVE-2010-0347;0.008550000;0.566580000
CVE-2010-0346;0.008550000;0.566580000
CVE-2010-0345;0.008550000;0.566550000
CVE-2010-0344;0.010130000;0.617480000
CVE-2010-0343;0.010130000;0.617480000
CVE-2010-0342;0.010130000;0.617490000
CVE-2010-0341;0.010130000;0.617490000
CVE-2010-0340;0.010130000;0.617490000
CVE-2010-0339;0.010130000;0.617490000
CVE-2010-0338;0.010130000;0.617500000
CVE-2010-0337;0.010130000;0.617510000
CVE-2010-0336;0.010760000;0.636080000
CVE-2010-0335;0.008550000;0.566560000
CVE-2010-0334;0.010130000;0.617510000
CVE-2010-0333;0.010130000;0.617500000
CVE-2010-0332;0.010130000;0.617500000
CVE-2010-0331;0.008550000;0.566570000
CVE-2010-0330;0.010010000;0.613670000
CVE-2010-0329;0.010630000;0.632340000
CVE-2010-0328;0.010220000;0.619980000
CVE-2010-0327;0.010220000;0.620040000
CVE-2010-0326;0.010220000;0.619970000
CVE-2010-0325;0.010640000;0.632710000
CVE-2010-0324;0.010010000;0.613720000
CVE-2010-0323;0.012810000;0.688520000
CVE-2010-0322;0.010510000;0.628930000
CVE-2010-0321;0.014990000;0.732030000
CVE-2010-0320;0.011080000;0.645050000
CVE-2010-0319;0.014990000;0.732040000
CVE-2010-0318;0.003320000;0.238080000
CVE-2010-0317;0.104730000;0.955990000
CVE-2010-0316;0.034910000;0.887130000
CVE-2010-0315;0.068940000;0.938460000
CVE-2010-0314;0.076040000;0.943430000
CVE-2010-0313;0.089080000;0.950620000
CVE-2010-0312;0.017270000;0.766300000
CVE-2010-0311;0.022450000;0.821810000
CVE-2010-0310;0.003320000;0.238980000
CVE-2010-0309;0.027710000;0.857450000
CVE-2010-0308;0.278200000;0.980310000
CVE-2010-0307;0.008260000;0.556990000
CVE-2010-0306;0.003780000;0.292010000
CVE-2010-0305;0.031050000;0.872630000
CVE-2010-0304;0.740800000;0.994710000
CVE-2010-0303;0.080600000;0.946020000
CVE-2010-0302;0.025830000;0.846190000
CVE-2010-0301;0.004230000;0.340930000
CVE-2010-0300;0.022470000;0.821940000
CVE-2010-0299;0.003780000;0.291300000
CVE-2010-0298;0.024160000;0.834880000
CVE-2010-0297;0.005110000;0.412120000
CVE-2010-0296;0.005700000;0.449290000
CVE-2010-0295;0.121110000;0.960140000
CVE-2010-0294;0.026970000;0.853360000
CVE-2010-0293;0.026740000;0.852070000
CVE-2010-0292;0.017470000;0.768840000
CVE-2010-0291;0.004300000;0.346760000
CVE-2010-0290;0.067750000;0.937600000
CVE-2010-0289;0.017630000;0.771280000
CVE-2010-0288;0.107450000;0.956820000
CVE-2010-0287;0.108120000;0.957020000
CVE-2010-0286;0.013030000;0.693530000
CVE-2010-0285;0.003070000;0.210880000
CVE-2010-0284;0.063830000;0.934260000
CVE-2010-0283;0.024290000;0.835840000
CVE-2010-0280;0.078450000;0.944860000
CVE-2010-0279;0.033720000;0.883150000
CVE-2010-0278;0.083120000;0.947460000
CVE-2010-0277;0.023120000;0.827100000
CVE-2010-0276;0.015410000;0.739110000
CVE-2010-0275;0.015410000;0.739080000
CVE-2010-0274;0.015410000;0.739080000
CVE-2010-0273;0.035730000;0.889530000
CVE-2010-0272;0.025380000;0.843370000
CVE-2010-0271;0.003220000;0.226610000
CVE-2010-0270;0.481880000;0.988210000
CVE-2010-0269;0.284010000;0.980650000
CVE-2010-0268;0.201220000;0.973710000
CVE-2010-0267;0.344080000;0.983640000
CVE-2010-0266;0.552780000;0.990000000
CVE-2010-0265;0.266360000;0.979560000
CVE-2010-0264;0.212210000;0.975150000
CVE-2010-0263;0.256920000;0.978970000
CVE-2010-0262;0.212560000;0.975200000
CVE-2010-0261;0.230950000;0.976900000
CVE-2010-0260;0.230950000;0.976910000
CVE-2010-0258;0.609500000;0.991280000
CVE-2010-0257;0.185870000;0.971650000
CVE-2010-0256;0.179240000;0.970830000
CVE-2010-0255;0.369170000;0.984610000
CVE-2010-0254;0.179240000;0.970830000
CVE-2010-0252;0.287620000;0.980860000
CVE-2010-0250;0.318620000;0.982470000
CVE-2010-0249;0.919390000;0.998170000
CVE-2010-0248;0.530850000;0.989450000
CVE-2010-0247;0.190360000;0.972180000
CVE-2010-0246;0.190360000;0.972180000
CVE-2010-0245;0.190360000;0.972170000
CVE-2010-0244;0.207590000;0.974630000
CVE-2010-0243;0.236250000;0.977340000
CVE-2010-0242;0.658270000;0.992480000
CVE-2010-0241;0.490570000;0.988460000
CVE-2010-0240;0.487640000;0.988360000
CVE-2010-0239;0.612730000;0.991360000
CVE-2010-0238;0.019640000;0.795410000
CVE-2010-0237;0.016800000;0.759890000
CVE-2010-0236;0.017760000;0.773070000
CVE-2010-0235;0.017090000;0.764020000
CVE-2010-0234;0.018050000;0.776740000
CVE-2010-0233;0.026960000;0.853300000
CVE-2010-0232;0.287350000;0.980830000
CVE-2010-0231;0.412620000;0.986240000
CVE-2010-0230;0.018010000;0.776170000
CVE-2010-0229;0.002980000;0.201390000
CVE-2010-0228;0.003220000;0.226610000
CVE-2010-0227;0.003940000;0.309520000
CVE-2010-0226;0.003410000;0.250540000
CVE-2010-0225;0.002800000;0.183470000
CVE-2010-0224;0.003720000;0.285200000
CVE-2010-0223;0.003260000;0.231060000
CVE-2010-0222;0.003620000;0.274720000
CVE-2010-0221;0.004830000;0.391650000
CVE-2010-0220;0.014640000;0.725820000
CVE-2010-0219;0.908510000;0.998030000
CVE-2010-0218;0.035040000;0.887520000
CVE-2010-0217;0.012820000;0.688740000
CVE-2010-0216;0.015680000;0.743360000
CVE-2010-0215;0.015210000;0.735700000
CVE-2010-0214;0.019180000;0.790520000
CVE-2010-0213;0.065240000;0.935490000
CVE-2010-0212;0.052030000;0.921910000
CVE-2010-0211;0.284720000;0.980680000
CVE-2010-0209;0.045900000;0.913200000
CVE-2010-0207;0.008490000;0.564520000
CVE-2010-0206;0.010650000;0.632860000
CVE-2010-0205;0.042080000;0.906210000
CVE-2010-0204;0.056790000;0.927210000
CVE-2010-0203;0.081180000;0.946420000
CVE-2010-0202;0.067180000;0.936990000
CVE-2010-0201;0.048890000;0.917670000
CVE-2010-0199;0.081180000;0.946420000
CVE-2010-0198;0.081180000;0.946420000
CVE-2010-0197;0.048890000;0.917660000
CVE-2010-0196;0.060670000;0.931420000
CVE-2010-0195;0.055660000;0.925860000
CVE-2010-0194;0.048890000;0.917670000
CVE-2010-0193;0.068240000;0.937960000
CVE-2010-0192;0.095750000;0.953090000
CVE-2010-0191;0.055660000;0.925850000
CVE-2010-0190;0.026960000;0.853320000
CVE-2010-0189;0.051790000;0.921640000
CVE-2010-0188;0.882460000;0.997660000
CVE-2010-0187;0.155790000;0.967230000
CVE-2010-0186;0.043990000;0.909740000
CVE-2010-0185;0.044130000;0.909920000
CVE-2010-0184;0.003140000;0.217910000
CVE-2010-0183;0.039520000;0.900560000
CVE-2010-0182;0.011900000;0.666780000
CVE-2010-0181;0.022190000;0.819700000
CVE-2010-0180;0.002360000;0.131370000
CVE-2010-0179;0.032750000;0.879650000
CVE-2010-0178;0.034310000;0.885090000
CVE-2010-0177;0.069950000;0.939360000
CVE-2010-0176;0.052030000;0.921920000
CVE-2010-0175;0.070540000;0.939810000
CVE-2010-0174;0.059700000;0.930430000
CVE-2010-0173;0.045620000;0.912730000
CVE-2010-0172;0.014130000;0.716170000
CVE-2010-0171;0.017750000;0.772930000
CVE-2010-0170;0.015660000;0.743080000
CVE-2010-0169;0.016890000;0.761250000
CVE-2010-0168;0.124060000;0.960710000
CVE-2010-0167;0.105140000;0.956130000
CVE-2010-0166;0.067570000;0.937460000
CVE-2010-0165;0.037590000;0.895080000
CVE-2010-0164;0.057240000;0.927740000
CVE-2010-0163;0.031860000;0.875820000
CVE-2010-0162;0.029650000;0.866930000
CVE-2010-0161;0.016700000;0.758440000
CVE-2010-0160;0.060060000;0.930780000
CVE-2010-0159;0.047870000;0.916150000
CVE-2010-0158;0.011510000;0.656050000
CVE-2010-0157;0.129690000;0.961920000
CVE-2010-0156;0.003250000;0.230290000
CVE-2010-0155;0.007000000;0.512460000
CVE-2010-0154;0.012920000;0.690860000
CVE-2010-0153;0.005220000;0.419590000
CVE-2010-0152;0.008650000;0.569900000
CVE-2010-0151;0.019950000;0.798700000
CVE-2010-0150;0.029700000;0.867170000
CVE-2010-0149;0.040840000;0.903600000
CVE-2010-0148;0.029710000;0.867210000
CVE-2010-0147;0.016140000;0.750050000
CVE-2010-0146;0.027310000;0.855190000
CVE-2010-0145;0.043870000;0.909560000
CVE-2010-0144;0.008840000;0.575880000
CVE-2010-0143;0.008840000;0.575880000
CVE-2010-0142;0.019950000;0.798650000
CVE-2010-0141;0.010760000;0.635980000
CVE-2010-0140;0.026310000;0.849210000
CVE-2010-0139;0.020100000;0.800580000
CVE-2010-0138;0.084790000;0.948390000
CVE-2010-0137;0.028530000;0.861830000
CVE-2010-0136;0.080970000;0.946290000
CVE-2010-0135;0.039700000;0.901060000
CVE-2010-0134;0.039700000;0.901080000
CVE-2010-0133;0.039700000;0.901060000
CVE-2010-0132;0.023340000;0.828820000
CVE-2010-0131;0.040930000;0.903780000
CVE-2010-0130;0.073060000;0.941650000
CVE-2010-0129;0.063010000;0.933630000
CVE-2010-0128;0.049920000;0.919240000
CVE-2010-0127;0.050730000;0.920300000
CVE-2010-0126;0.039700000;0.901060000
CVE-2010-0125;0.015590000;0.742040000
CVE-2010-0124;0.003670000;0.279580000
CVE-2010-0123;0.012560000;0.683410000
CVE-2010-0122;0.023120000;0.827090000
CVE-2010-0121;0.015720000;0.744020000
CVE-2010-0120;0.057180000;0.927620000
CVE-2010-0119;0.003480000;0.257590000
CVE-2010-0118;0.003250000;0.230560000
CVE-2010-0117;0.050390000;0.919870000
CVE-2010-0116;0.057180000;0.927620000
CVE-2010-0115;0.023640000;0.831030000
CVE-2010-0114;0.050480000;0.920000000
CVE-2010-0113;0.011620000;0.658930000
CVE-2010-0112;0.058220000;0.928940000
CVE-2010-0111;0.345160000;0.983680000
CVE-2010-0110;0.051300000;0.921000000
CVE-2010-0109;0.008380000;0.560910000
CVE-2010-0108;0.194050000;0.972740000
CVE-2010-0107;0.065250000;0.935490000
CVE-2010-0106;0.006220000;0.476880000
CVE-2010-0105;0.008400000;0.561510000
CVE-2010-0104;0.065100000;0.935390000
CVE-2010-0103;0.274290000;0.980030000
CVE-2010-0101;0.012170000;0.673810000
CVE-2010-0098;0.048940000;0.917740000
CVE-2010-0097;0.093630000;0.952290000
CVE-2010-0095;0.030360000;0.869920000
CVE-2010-0094;0.808130000;0.996180000
CVE-2010-0093;0.030840000;0.871920000
CVE-2010-0092;0.029250000;0.865290000
CVE-2010-0091;0.027830000;0.858320000
CVE-2010-0090;0.028790000;0.863090000
CVE-2010-0089;0.033610000;0.882800000
CVE-2010-0088;0.030360000;0.869920000
CVE-2010-0087;0.033370000;0.881950000
CVE-2010-0086;0.020760000;0.807080000
CVE-2010-0085;0.030840000;0.871910000
CVE-2010-0084;0.031620000;0.874890000
CVE-2010-0083;0.021900000;0.817100000
CVE-2010-0082;0.030840000;0.871910000
CVE-2010-0081;0.010890000;0.639680000
CVE-2010-0080;0.012870000;0.689900000
CVE-2010-0079;0.031480000;0.874360000
CVE-2010-0078;0.019500000;0.794130000
CVE-2010-0077;0.011880000;0.666170000
CVE-2010-0076;0.009600000;0.600020000
CVE-2010-0075;0.019160000;0.790140000
CVE-2010-0074;0.019720000;0.796190000
CVE-2010-0073;0.047630000;0.915810000
CVE-2010-0072;0.060650000;0.931410000
CVE-2010-0071;0.098300000;0.953970000
CVE-2010-0070;0.020760000;0.807090000
CVE-2010-0069;0.015250000;0.736300000
CVE-2010-0068;0.020840000;0.807890000
CVE-2010-0067;0.025380000;0.843290000
CVE-2010-0066;0.024950000;0.840390000
CVE-2010-0065;0.024490000;0.837270000
CVE-2010-0064;0.003360000;0.244000000
CVE-2010-0063;0.015700000;0.743620000
CVE-2010-0062;0.037190000;0.893940000
CVE-2010-0060;0.028400000;0.861230000
CVE-2010-0059;0.045660000;0.912810000
CVE-2010-0058;0.015880000;0.746230000
CVE-2010-0057;0.012090000;0.671930000
CVE-2010-0056;0.025310000;0.842900000
CVE-2010-0055;0.019810000;0.797060000
CVE-2010-0054;0.060500000;0.931240000
CVE-2010-0053;0.060500000;0.931230000
CVE-2010-0052;0.060500000;0.931230000
CVE-2010-0051;0.027960000;0.858900000
CVE-2010-0050;0.116370000;0.959110000
CVE-2010-0049;0.109360000;0.957420000
CVE-2010-0048;0.050400000;0.919880000
CVE-2010-0047;0.050400000;0.919880000
CVE-2010-0046;0.059270000;0.930000000
CVE-2010-0045;0.044030000;0.909790000
CVE-2010-0044;0.015300000;0.737170000
CVE-2010-0043;0.058000000;0.928650000
CVE-2010-0042;0.025160000;0.841880000
CVE-2010-0041;0.025160000;0.841880000
CVE-2010-0040;0.064700000;0.935100000
CVE-2010-0039;0.017220000;0.765660000
CVE-2010-0038;0.003600000;0.272360000
CVE-2010-0037;0.049630000;0.918820000
CVE-2010-0036;0.038010000;0.896330000
CVE-2010-0035;0.163490000;0.968590000
CVE-2010-0034;0.288490000;0.980930000
CVE-2010-0033;0.510730000;0.988960000
CVE-2010-0032;0.212210000;0.975160000
CVE-2010-0031;0.212210000;0.975160000
CVE-2010-0030;0.246700000;0.978190000
CVE-2010-0029;0.224560000;0.976250000
CVE-2010-0028;0.483260000;0.988240000
CVE-2010-0027;0.339850000;0.983470000
CVE-2010-0026;0.015580000;0.741840000
CVE-2010-0025;0.214910000;0.975400000
CVE-2010-0024;0.107460000;0.956820000
CVE-2010-0023;0.017970000;0.775650000
CVE-2010-0022;0.786740000;0.995760000
CVE-2010-0021;0.134320000;0.962990000
CVE-2010-0020;0.325650000;0.982870000
CVE-2010-0019;0.143680000;0.964990000
CVE-2010-0018;0.265230000;0.979470000
CVE-2010-0017;0.307790000;0.981920000
CVE-2010-0016;0.086380000;0.949270000
CVE-2010-0015;0.031260000;0.873550000
CVE-2010-0014;0.006860000;0.506930000
CVE-2010-0013;0.124960000;0.960870000
CVE-2010-0012;0.041940000;0.905910000
CVE-2010-0011;0.021350000;0.812650000
CVE-2010-0010;0.434210000;0.986950000
CVE-2010-0009;0.053510000;0.923520000
CVE-2010-0008;0.045200000;0.911920000
CVE-2010-0007;0.004000000;0.316020000
CVE-2010-0006;0.035640000;0.889280000
CVE-2010-0005;0.016880000;0.761130000
CVE-2010-0004;0.026020000;0.847440000
CVE-2010-0003;0.004150000;0.332230000
CVE-2010-0002;0.006740000;0.501670000
CVE-2010-0001;0.047740000;0.915970000
