CVE-2005-4900;0.009380000;0.593200000
CVE-2005-4895;0.011320000;0.650920000
CVE-2005-4891;0.017420000;0.768240000
CVE-2005-4890;0.006300000;0.480490000
CVE-2005-4889;0.003210000;0.226320000
CVE-2005-4888;0.017210000;0.765580000
CVE-2005-4887;0.014060000;0.715100000
CVE-2005-4886;0.027180000;0.854550000
CVE-2005-4885;0.012010000;0.669400000
CVE-2005-4884;0.014640000;0.725820000
CVE-2005-4883;0.007450000;0.529400000
CVE-2005-4882;0.018330000;0.780320000
CVE-2005-4881;0.003780000;0.291780000
CVE-2005-4880;0.023890000;0.832820000
CVE-2005-4879;0.015110000;0.734170000
CVE-2005-4878;0.010890000;0.639710000
CVE-2005-4877;0.008450000;0.563210000
CVE-2005-4876;0.008450000;0.563210000
CVE-2005-4875;0.013820000;0.710300000
CVE-2005-4874;0.012360000;0.678500000
CVE-2005-4873;0.019070000;0.789300000
CVE-2005-4872;0.023210000;0.827810000
CVE-2005-4871;0.010830000;0.638170000
CVE-2005-4870;0.026320000;0.849370000
CVE-2005-4869;0.007620000;0.535410000
CVE-2005-4868;0.007560000;0.533090000
CVE-2005-4867;0.050240000;0.919590000
CVE-2005-4866;0.015480000;0.740310000
CVE-2005-4865;0.058420000;0.929170000
CVE-2005-4864;0.004820000;0.390880000
CVE-2005-4863;0.004820000;0.390880000
CVE-2005-4862;0.010760000;0.636080000
CVE-2005-4861;0.014700000;0.727150000
CVE-2005-4860;0.001980000;0.086640000
CVE-2005-4859;0.013490000;0.703420000
CVE-2005-4858;0.011040000;0.643960000
CVE-2005-4857;0.009250000;0.588630000
CVE-2005-4856;0.011150000;0.646770000
CVE-2005-4855;0.007350000;0.525750000
CVE-2005-4854;0.011150000;0.646770000
CVE-2005-4853;0.014510000;0.723140000
CVE-2005-4852;0.011410000;0.653100000
CVE-2005-4851;0.008760000;0.573380000
CVE-2005-4850;0.010010000;0.613630000
CVE-2005-4849;0.024510000;0.837440000
CVE-2005-4848;0.032460000;0.878300000
CVE-2005-4847;0.012390000;0.679170000
CVE-2005-4846;0.019190000;0.790630000
CVE-2005-4845;0.016960000;0.762100000
CVE-2005-4844;0.124160000;0.960720000
CVE-2005-4843;0.111790000;0.958110000
CVE-2005-4842;0.091990000;0.951690000
CVE-2005-4841;0.091990000;0.951690000
CVE-2005-4840;0.115220000;0.958840000
CVE-2005-4839;0.005480000;0.435980000
CVE-2005-4838;0.078540000;0.944920000
CVE-2005-4837;0.097380000;0.953640000
CVE-2005-4836;0.034740000;0.886590000
CVE-2005-4835;0.017110000;0.764310000
CVE-2005-4834;0.014420000;0.721540000
CVE-2005-4833;0.012680000;0.685940000
CVE-2005-4832;0.416700000;0.986390000
CVE-2005-4831;0.010680000;0.634180000
CVE-2005-4830;0.020850000;0.807990000
CVE-2005-4829;0.013470000;0.703060000
CVE-2005-4828;0.012820000;0.688820000
CVE-2005-4827;0.111990000;0.958160000
CVE-2005-4826;0.009920000;0.610790000
CVE-2005-4825;0.006350000;0.483290000
CVE-2005-4824;0.012300000;0.677190000
CVE-2005-4823;0.125840000;0.961050000
CVE-2005-4822;0.014000000;0.713970000
CVE-2005-4821;0.023400000;0.829270000
CVE-2005-4820;0.012070000;0.670910000
CVE-2005-4819;0.014100000;0.715710000
CVE-2005-4818;0.011060000;0.644380000
CVE-2005-4817;0.024390000;0.836530000
CVE-2005-4816;0.127720000;0.961440000
CVE-2005-4815;0.025760000;0.845810000
CVE-2005-4814;0.012960000;0.692010000
CVE-2005-4813;0.018220000;0.778930000
CVE-2005-4812;0.038540000;0.897810000
CVE-2005-4811;0.003900000;0.305050000
CVE-2005-4810;0.141190000;0.964480000
CVE-2005-4809;0.060230000;0.930970000
CVE-2005-4808;0.023270000;0.828270000
CVE-2005-4807;0.121350000;0.960180000
CVE-2005-4806;0.025020000;0.840830000
CVE-2005-4805;0.021840000;0.816540000
CVE-2005-4804;0.023670000;0.831260000
CVE-2005-4803;0.003670000;0.279660000
CVE-2005-4802;0.005660000;0.447260000
CVE-2005-4801;0.016870000;0.760960000
CVE-2005-4800;0.021720000;0.815570000
CVE-2005-4799;0.069270000;0.938790000
CVE-2005-4798;0.029540000;0.866490000
CVE-2005-4797;0.291820000;0.981130000
CVE-2005-4796;0.003320000;0.238720000
CVE-2005-4795;0.003410000;0.250310000
CVE-2005-4794;0.023870000;0.832620000
CVE-2005-4793;0.015350000;0.738120000
CVE-2005-4792;0.010860000;0.638980000
CVE-2005-4791;0.004440000;0.360380000
CVE-2005-4790;0.004810000;0.389850000
CVE-2005-4789;0.003840000;0.297780000
CVE-2005-4788;0.003840000;0.297780000
CVE-2005-4787;0.015120000;0.734390000
CVE-2005-4786;0.029080000;0.864510000
CVE-2005-4785;0.013960000;0.712980000
CVE-2005-4784;0.004290000;0.346310000
CVE-2005-4783;0.003430000;0.251880000
CVE-2005-4782;0.003430000;0.252500000
CVE-2005-4781;0.010720000;0.635020000
CVE-2005-4780;0.036020000;0.890520000
CVE-2005-4779;0.003340000;0.242110000
CVE-2005-4778;0.003320000;0.237880000
CVE-2005-4777;0.004450000;0.361520000
CVE-2005-4776;0.003370000;0.245880000
CVE-2005-4775;0.011840000;0.665270000
CVE-2005-4774;0.017510000;0.769410000
CVE-2005-4773;0.002930000;0.195740000
CVE-2005-4772;0.012230000;0.675170000
CVE-2005-4771;0.003190000;0.223500000
CVE-2005-4770;0.010570000;0.630630000
CVE-2005-4769;0.010510000;0.629000000
CVE-2005-4768;0.013160000;0.696230000
CVE-2005-4767;0.014340000;0.720130000
CVE-2005-4766;0.014440000;0.721890000
CVE-2005-4765;0.021240000;0.811620000
CVE-2005-4764;0.016500000;0.755500000
CVE-2005-4763;0.015720000;0.744000000
CVE-2005-4762;0.003470000;0.256540000
CVE-2005-4761;0.003650000;0.277660000
CVE-2005-4760;0.015230000;0.735890000
CVE-2005-4759;0.010920000;0.640360000
CVE-2005-4758;0.015570000;0.741810000
CVE-2005-4757;0.020660000;0.806110000
CVE-2005-4756;0.017850000;0.774110000
CVE-2005-4755;0.003690000;0.282750000
CVE-2005-4754;0.017750000;0.772950000
CVE-2005-4753;0.015040000;0.733020000
CVE-2005-4752;0.003490000;0.259690000
CVE-2005-4751;0.016420000;0.754440000
CVE-2005-4750;0.015720000;0.744010000
CVE-2005-4749;0.018970000;0.788130000
CVE-2005-4748;0.012930000;0.691320000
CVE-2005-4747;0.011640000;0.659650000
CVE-2005-4746;0.024050000;0.833970000
CVE-2005-4745;0.012640000;0.685100000
CVE-2005-4744;0.044840000;0.911310000
CVE-2005-4743;0.011410000;0.653150000
CVE-2005-4742;0.003070000;0.210670000
CVE-2005-4741;0.013870000;0.711440000
CVE-2005-4740;0.012580000;0.683660000
CVE-2005-4739;0.014580000;0.724660000
CVE-2005-4738;0.012480000;0.681530000
CVE-2005-4737;0.015320000;0.737470000
CVE-2005-4736;0.023700000;0.831420000
CVE-2005-4735;0.015870000;0.746140000
CVE-2005-4734;0.552740000;0.990000000
CVE-2005-4733;0.003380000;0.247010000
CVE-2005-4732;0.012420000;0.679820000
CVE-2005-4731;0.013730000;0.708580000
CVE-2005-4730;0.013750000;0.709100000
CVE-2005-4729;0.014650000;0.725970000
CVE-2005-4728;0.003660000;0.279120000
CVE-2005-4727;0.017240000;0.766000000
CVE-2005-4726;0.013730000;0.708640000
CVE-2005-4725;0.013980000;0.713460000
CVE-2005-4724;0.011490000;0.655570000
CVE-2005-4723;0.033110000;0.881080000
CVE-2005-4722;0.015660000;0.742950000
CVE-2005-4721;0.012700000;0.686210000
CVE-2005-4720;0.084100000;0.948030000
CVE-2005-4719;0.015130000;0.734400000
CVE-2005-4718;0.102370000;0.955270000
CVE-2005-4717;0.163250000;0.968550000
CVE-2005-4716;0.015740000;0.744280000
CVE-2005-4715;0.038450000;0.897600000
CVE-2005-4714;0.045400000;0.912240000
CVE-2005-4713;0.018980000;0.788250000
CVE-2005-4712;0.011080000;0.645030000
CVE-2005-4711;0.011260000;0.649450000
CVE-2005-4710;0.005920000;0.461170000
CVE-2005-4709;0.022350000;0.821040000
CVE-2005-4708;0.012200000;0.674660000
CVE-2005-4707;0.012080000;0.671590000
CVE-2005-4706;0.003340000;0.241940000
CVE-2005-4705;0.018790000;0.785900000
CVE-2005-4704;0.013110000;0.695090000
CVE-2005-4703;0.256720000;0.978960000
CVE-2005-4702;0.010290000;0.622500000
CVE-2005-4701;0.003360000;0.243710000
CVE-2005-4700;0.015670000;0.743250000
CVE-2005-4699;0.018640000;0.784270000
CVE-2005-4698;0.020400000;0.803430000
CVE-2005-4697;0.019140000;0.789930000
CVE-2005-4696;0.039310000;0.900030000
CVE-2005-4695;0.027430000;0.855870000
CVE-2005-4694;0.093290000;0.952180000
CVE-2005-4693;0.015400000;0.738900000
CVE-2005-4692;0.011030000;0.643790000
CVE-2005-4691;0.003390000;0.247640000
CVE-2005-4690;0.003290000;0.234900000
CVE-2005-4689;0.011810000;0.664580000
CVE-2005-4688;0.008810000;0.575040000
CVE-2005-4687;0.013880000;0.711580000
CVE-2005-4686;0.011890000;0.666410000
CVE-2005-4685;0.011820000;0.664740000
CVE-2005-4684;0.014090000;0.715520000
CVE-2005-4683;0.003830000;0.297470000
CVE-2005-4682;0.012550000;0.683030000
CVE-2005-4681;0.006070000;0.468980000
CVE-2005-4680;0.084860000;0.948460000
CVE-2005-4679;0.083650000;0.947800000
CVE-2005-4678;0.010320000;0.623230000
CVE-2005-4677;0.013770000;0.709490000
CVE-2005-4676;0.040980000;0.903890000
CVE-2005-4675;0.017170000;0.765110000
CVE-2005-4674;0.011620000;0.659090000
CVE-2005-4673;0.013880000;0.711600000
CVE-2005-4672;0.012550000;0.683010000
CVE-2005-4671;0.017330000;0.767100000
CVE-2005-4670;0.017360000;0.767480000
CVE-2005-4669;0.012100000;0.672190000
CVE-2005-4668;0.003400000;0.249060000
CVE-2005-4667;0.015160000;0.735000000
CVE-2005-4666;0.012960000;0.691920000
CVE-2005-4665;0.024220000;0.835300000
CVE-2005-4664;0.010960000;0.642180000
CVE-2005-4663;0.011880000;0.666210000
CVE-2005-4662;0.012700000;0.686250000
CVE-2005-4661;0.014250000;0.718500000
CVE-2005-4660;0.002950000;0.198740000
CVE-2005-4659;0.003450000;0.253660000
CVE-2005-4658;0.014730000;0.727580000
CVE-2005-4657;0.029690000;0.867130000
CVE-2005-4656;0.012080000;0.671480000
CVE-2005-4655;0.012550000;0.683070000
CVE-2005-4654;0.042600000;0.907180000
CVE-2005-4653;0.016770000;0.759410000
CVE-2005-4652;0.012700000;0.686250000
CVE-2005-4651;0.010580000;0.630830000
CVE-2005-4650;0.016260000;0.751870000
CVE-2005-4649;0.012420000;0.679820000
CVE-2005-4648;0.029960000;0.868320000
CVE-2005-4647;0.011200000;0.648080000
CVE-2005-4646;0.025770000;0.845860000
CVE-2005-4645;0.013160000;0.696240000
CVE-2005-4644;0.015230000;0.735900000
CVE-2005-4643;0.012110000;0.672530000
CVE-2005-4642;0.019150000;0.790040000
CVE-2005-4641;0.011110000;0.645830000
CVE-2005-4640;0.011110000;0.645840000
CVE-2005-4639;0.004690000;0.380750000
CVE-2005-4638;0.014090000;0.715570000
CVE-2005-4637;0.017480000;0.769090000
CVE-2005-4636;0.003710000;0.284420000
CVE-2005-4635;0.028890000;0.863550000
CVE-2005-4634;0.012100000;0.672200000
CVE-2005-4632;0.012100000;0.672210000
CVE-2005-4631;0.012100000;0.672230000
CVE-2005-4630;0.015300000;0.737000000
CVE-2005-4629;0.011110000;0.645800000
CVE-2005-4628;0.011110000;0.645810000
CVE-2005-4627;0.019110000;0.789640000
CVE-2005-4626;0.012260000;0.676210000
CVE-2005-4625;0.015530000;0.741130000
CVE-2005-4624;0.016790000;0.759640000
CVE-2005-4623;0.016970000;0.762300000
CVE-2005-4622;0.044340000;0.910420000
CVE-2005-4621;0.011770000;0.663500000
CVE-2005-4620;0.014840000;0.729500000
CVE-2005-4619;0.011490000;0.655580000
CVE-2005-4618;0.004520000;0.367500000
CVE-2005-4617;0.013160000;0.696240000
CVE-2005-4616;0.013160000;0.696240000
CVE-2005-4615;0.013160000;0.696220000
CVE-2005-4614;0.014650000;0.725970000
CVE-2005-4613;0.011640000;0.659710000
CVE-2005-4612;0.013300000;0.699310000
CVE-2005-4611;0.013160000;0.696220000
CVE-2005-4610;0.029150000;0.864840000
CVE-2005-4609;0.014250000;0.718460000
CVE-2005-4608;0.013690000;0.707640000
CVE-2005-4607;0.013300000;0.699380000
CVE-2005-4606;0.014830000;0.729320000
CVE-2005-4605;0.010470000;0.627750000
CVE-2005-4604;0.030730000;0.871490000
CVE-2005-4603;0.013300000;0.699380000
CVE-2005-4602;0.013690000;0.707630000
CVE-2005-4601;0.036910000;0.893110000
CVE-2005-4600;0.060140000;0.930880000
CVE-2005-4599;0.017150000;0.764890000
CVE-2005-4598;0.017480000;0.769100000
CVE-2005-4597;0.011770000;0.663410000
CVE-2005-4596;0.017480000;0.769100000
CVE-2005-4595;0.004170000;0.335110000
CVE-2005-4594;0.045130000;0.911800000
CVE-2005-4593;0.141370000;0.964520000
CVE-2005-4592;0.046370000;0.913950000
CVE-2005-4591;0.055120000;0.925200000
CVE-2005-4590;0.003300000;0.236010000
CVE-2005-4589;0.003420000;0.250890000
CVE-2005-4588;0.013850000;0.710920000
CVE-2005-4587;0.019990000;0.799080000
CVE-2005-4586;0.013770000;0.709500000
CVE-2005-4585;0.044820000;0.911260000
CVE-2005-4584;0.045460000;0.912460000
CVE-2005-4583;0.035970000;0.890400000
CVE-2005-4582;0.016650000;0.757670000
CVE-2005-4581;0.004730000;0.384500000
CVE-2005-4580;0.011770000;0.663370000
CVE-2005-4579;0.014870000;0.730030000
CVE-2005-4578;0.012110000;0.672490000
CVE-2005-4577;0.012960000;0.691930000
CVE-2005-4576;0.042000000;0.906020000
CVE-2005-4575;0.014250000;0.718510000
CVE-2005-4574;0.017380000;0.767750000
CVE-2005-4573;0.117010000;0.959280000
CVE-2005-4572;0.012110000;0.672450000
CVE-2005-4571;0.011770000;0.663400000
CVE-2005-4570;0.018450000;0.781720000
CVE-2005-4569;0.037660000;0.895320000
CVE-2005-4568;0.033790000;0.883390000
CVE-2005-4567;0.015280000;0.736680000
CVE-2005-4566;0.027730000;0.857820000
CVE-2005-4565;0.024700000;0.838750000
CVE-2005-4564;0.015910000;0.746740000
CVE-2005-4563;0.014380000;0.720900000
CVE-2005-4560;0.860930000;0.997260000
CVE-2005-4559;0.085960000;0.949030000
CVE-2005-4558;0.084860000;0.948450000
CVE-2005-4557;0.094820000;0.952720000
CVE-2005-4556;0.105660000;0.956290000
CVE-2005-4555;0.019730000;0.796290000
CVE-2005-4554;0.038490000;0.897700000
CVE-2005-4553;0.096660000;0.953360000
CVE-2005-4552;0.003870000;0.300940000
CVE-2005-4551;0.011770000;0.663400000
CVE-2005-4550;0.060920000;0.931720000
CVE-2005-4549;0.027410000;0.855790000
CVE-2005-4548;0.012110000;0.672490000
CVE-2005-4547;0.011770000;0.663400000
CVE-2005-4546;0.015880000;0.746340000
CVE-2005-4545;0.011770000;0.663600000
CVE-2005-4536;0.003620000;0.273830000
CVE-2005-4534;0.015270000;0.736680000
CVE-2005-4533;0.014560000;0.724240000
CVE-2005-4532;0.004330000;0.351250000
CVE-2005-4530;0.021550000;0.814280000
CVE-2005-4529;0.015720000;0.744020000
CVE-2005-4528;0.012110000;0.672430000
CVE-2005-4527;0.011620000;0.659120000
CVE-2005-4526;0.017180000;0.765210000
CVE-2005-4525;0.004370000;0.354520000
CVE-2005-4524;0.013830000;0.710570000
CVE-2005-4523;0.018190000;0.778650000
CVE-2005-4522;0.019790000;0.796940000
CVE-2005-4521;0.021700000;0.815450000
CVE-2005-4520;0.020560000;0.805040000
CVE-2005-4519;0.020970000;0.809180000
CVE-2005-4518;0.037420000;0.894640000
CVE-2005-4517;0.011500000;0.655620000
CVE-2005-4516;0.020590000;0.805390000
CVE-2005-4515;0.013770000;0.709480000
CVE-2005-4514;0.015590000;0.742060000
CVE-2005-4513;0.011770000;0.663380000
CVE-2005-4512;0.011640000;0.659720000
CVE-2005-4511;0.003790000;0.292810000
CVE-2005-4510;0.029100000;0.864610000
CVE-2005-4509;0.012430000;0.680290000
CVE-2005-4508;0.014090000;0.715550000
CVE-2005-4507;0.012080000;0.671570000
CVE-2005-4506;0.003400000;0.249040000
CVE-2005-4505;0.009870000;0.609050000
CVE-2005-4504;0.119120000;0.959710000
CVE-2005-4503;0.044930000;0.911470000
CVE-2005-4502;0.025500000;0.844060000
CVE-2005-4501;0.014380000;0.720810000
CVE-2005-4500;0.012620000;0.684580000
CVE-2005-4499;0.025930000;0.846960000
CVE-2005-4498;0.011640000;0.659720000
CVE-2005-4497;0.017030000;0.763160000
CVE-2005-4496;0.017480000;0.769100000
CVE-2005-4495;0.012110000;0.672510000
CVE-2005-4494;0.013530000;0.704470000
CVE-2005-4493;0.013400000;0.701770000
CVE-2005-4492;0.011770000;0.663430000
CVE-2005-4491;0.020290000;0.802410000
CVE-2005-4490;0.017650000;0.771440000
CVE-2005-4489;0.019640000;0.795400000
CVE-2005-4488;0.017520000;0.769760000
CVE-2005-4487;0.011770000;0.663430000
CVE-2005-4486;0.011720000;0.661650000
CVE-2005-4485;0.027290000;0.855080000
CVE-2005-4484;0.017340000;0.767270000
CVE-2005-4483;0.017480000;0.769090000
CVE-2005-4482;0.020000000;0.799170000
CVE-2005-4481;0.013060000;0.694040000
CVE-2005-4480;0.013260000;0.698360000
CVE-2005-4479;0.011620000;0.659040000
CVE-2005-4478;0.013030000;0.693470000
CVE-2005-4477;0.019780000;0.796770000
CVE-2005-4476;0.020000000;0.799170000
CVE-2005-4475;0.013260000;0.698360000
CVE-2005-4474;0.020450000;0.803990000
CVE-2005-4473;0.013880000;0.711600000
CVE-2005-4472;0.038930000;0.898820000
CVE-2005-4471;0.024440000;0.836830000
CVE-2005-4470;0.057870000;0.928440000
CVE-2005-4469;0.026610000;0.851140000
CVE-2005-4468;0.077670000;0.944390000
CVE-2005-4467;0.047360000;0.915400000
CVE-2005-4466;0.129400000;0.961860000
CVE-2005-4465;0.026880000;0.852820000
CVE-2005-4464;0.018930000;0.787680000
CVE-2005-4463;0.033080000;0.881010000
CVE-2005-4462;0.045200000;0.911900000
CVE-2005-4461;0.012660000;0.685530000
CVE-2005-4460;0.020930000;0.808820000
CVE-2005-4459;0.142350000;0.964720000
CVE-2005-4458;0.017670000;0.771700000
CVE-2005-4457;0.031130000;0.872940000
CVE-2005-4456;0.071360000;0.940510000
CVE-2005-4455;0.010410000;0.625850000
CVE-2005-4454;0.021220000;0.811340000
CVE-2005-4453;0.028910000;0.863660000
CVE-2005-4452;0.011810000;0.664560000
CVE-2005-4451;0.027390000;0.855720000
CVE-2005-4450;0.011530000;0.656780000
CVE-2005-4449;0.045920000;0.913220000
CVE-2005-4448;0.028190000;0.860160000
CVE-2005-4447;0.013240000;0.697990000
CVE-2005-4446;0.009380000;0.593010000
CVE-2005-4445;0.030870000;0.872000000
CVE-2005-4444;0.031590000;0.874800000
CVE-2005-4443;0.003930000;0.308690000
CVE-2005-4442;0.004630000;0.376310000
CVE-2005-4441;0.016110000;0.749610000
CVE-2005-4440;0.016110000;0.749600000
CVE-2005-4439;0.061290000;0.932010000
CVE-2005-4438;0.062650000;0.933310000
CVE-2005-4437;0.023880000;0.832720000
CVE-2005-4436;0.020970000;0.809140000
CVE-2005-4435;0.017360000;0.767530000
CVE-2005-4434;0.012080000;0.671560000
CVE-2005-4433;0.011770000;0.663560000
CVE-2005-4432;0.019900000;0.798120000
CVE-2005-4431;0.013160000;0.696230000
CVE-2005-4430;0.011490000;0.655580000
CVE-2005-4429;0.011620000;0.659040000
CVE-2005-4428;0.012960000;0.691880000
CVE-2005-4427;0.032230000;0.877500000
CVE-2005-4426;0.011010000;0.643200000
CVE-2005-4425;0.018450000;0.781720000
CVE-2005-4424;0.017240000;0.766000000
CVE-2005-4423;0.028680000;0.862510000
CVE-2005-4422;0.020820000;0.807620000
CVE-2005-4421;0.015490000;0.740450000
CVE-2005-4420;0.011770000;0.663610000
CVE-2005-4419;0.012330000;0.677890000
CVE-2005-4418;0.018180000;0.778510000
CVE-2005-4417;0.048490000;0.917100000
CVE-2005-4416;0.011810000;0.664660000
CVE-2005-4415;0.017640000;0.771380000
CVE-2005-4414;0.013750000;0.709110000
CVE-2005-4413;0.011640000;0.659670000
CVE-2005-4412;0.004380000;0.355810000
CVE-2005-4411;0.646590000;0.992170000
CVE-2005-4410;0.011770000;0.663550000
CVE-2005-4409;0.011950000;0.668060000
CVE-2005-4408;0.012440000;0.680370000
CVE-2005-4407;0.009380000;0.593010000
CVE-2005-4406;0.011980000;0.668720000
CVE-2005-4405;0.013730000;0.708600000
CVE-2005-4404;0.011110000;0.645850000
CVE-2005-4403;0.011200000;0.648090000
CVE-2005-4402;0.043370000;0.908560000
CVE-2005-4401;0.011770000;0.663550000
CVE-2005-4400;0.017480000;0.769090000
CVE-2005-4399;0.017030000;0.763180000
CVE-2005-4398;0.012080000;0.671580000
CVE-2005-4397;0.011110000;0.645820000
CVE-2005-4396;0.009380000;0.593040000
CVE-2005-4395;0.011770000;0.663420000
CVE-2005-4394;0.011770000;0.663430000
CVE-2005-4393;0.012960000;0.691880000
CVE-2005-4392;0.013330000;0.700060000
CVE-2005-4391;0.011770000;0.663500000
CVE-2005-4390;0.011200000;0.648050000
CVE-2005-4389;0.013880000;0.711670000
CVE-2005-4388;0.012960000;0.691910000
CVE-2005-4387;0.011770000;0.663500000
CVE-2005-4386;0.011770000;0.663500000
CVE-2005-4385;0.088360000;0.950240000
CVE-2005-4384;0.013510000;0.703870000
CVE-2005-4383;0.011770000;0.663490000
CVE-2005-4382;0.013330000;0.700060000
CVE-2005-4381;0.018750000;0.785490000
CVE-2005-4380;0.021910000;0.817150000
CVE-2005-4379;0.016710000;0.758550000
CVE-2005-4378;0.011200000;0.648090000
CVE-2005-4377;0.011640000;0.659680000
CVE-2005-4376;0.014490000;0.722940000
CVE-2005-4375;0.017030000;0.763160000
CVE-2005-4374;0.019090000;0.789490000
CVE-2005-4373;0.013730000;0.708660000
CVE-2005-4372;0.011770000;0.663360000
CVE-2005-4371;0.029400000;0.865880000
CVE-2005-4370;0.012800000;0.688270000
CVE-2005-4369;0.011770000;0.663420000
CVE-2005-4368;0.014090000;0.715560000
CVE-2005-4367;0.011770000;0.663370000
CVE-2005-4366;0.019140000;0.789940000
CVE-2005-4365;0.019500000;0.794060000
CVE-2005-4364;0.017390000;0.767880000
CVE-2005-4363;0.019140000;0.790030000
CVE-2005-4362;0.011530000;0.656720000
CVE-2005-4361;0.017390000;0.767880000
CVE-2005-4360;0.867290000;0.997380000
CVE-2005-4359;0.011530000;0.656720000
CVE-2005-4358;0.020810000;0.807560000
CVE-2005-4357;0.018610000;0.783940000
CVE-2005-4356;0.011980000;0.668720000
CVE-2005-4355;0.011770000;0.663440000
CVE-2005-4354;0.009630000;0.601140000
CVE-2005-4353;0.011980000;0.668720000
CVE-2005-4352;0.004680000;0.380360000
CVE-2005-4351;0.004260000;0.343220000
CVE-2005-4350;0.027890000;0.858550000
CVE-2005-4349;0.013900000;0.712100000
CVE-2005-4348;0.036410000;0.891660000
CVE-2005-4347;0.020940000;0.808900000
CVE-2005-4346;0.013020000;0.693240000
CVE-2005-4345;0.003580000;0.270230000
CVE-2005-4344;0.003820000;0.295700000
CVE-2005-4343;0.014870000;0.730020000
CVE-2005-4342;0.017000000;0.762720000
CVE-2005-4341;0.011810000;0.664570000
CVE-2005-4339;0.009480000;0.596370000
CVE-2005-4338;0.027240000;0.854800000
CVE-2005-4337;0.015490000;0.740580000
CVE-2005-4336;0.012960000;0.691880000
CVE-2005-4335;0.018240000;0.779300000
CVE-2005-4334;0.011620000;0.659090000
CVE-2005-4333;0.017840000;0.774030000
CVE-2005-4332;0.037730000;0.895530000
CVE-2005-4331;0.011620000;0.659030000
CVE-2005-4330;0.011620000;0.659070000
CVE-2005-4329;0.011570000;0.657510000
CVE-2005-4328;0.017520000;0.769760000
CVE-2005-4327;0.017440000;0.768500000
CVE-2005-4326;0.014650000;0.726010000
CVE-2005-4325;0.017480000;0.769000000
CVE-2005-4324;0.020300000;0.802500000
CVE-2005-4323;0.020300000;0.802490000
CVE-2005-4322;0.013700000;0.707920000
CVE-2005-4321;0.025910000;0.846850000
CVE-2005-4320;0.018210000;0.778870000
CVE-2005-4319;0.032360000;0.877940000
CVE-2005-4318;0.016530000;0.755920000
CVE-2005-4317;0.052450000;0.922420000
CVE-2005-4316;0.065850000;0.936050000
CVE-2005-4315;0.012110000;0.672520000
CVE-2005-4314;0.017520000;0.769720000
CVE-2005-4313;0.013330000;0.700050000
CVE-2005-4312;0.012110000;0.672390000
CVE-2005-4311;0.017030000;0.763170000
CVE-2005-4310;0.014040000;0.714740000
CVE-2005-4309;0.013300000;0.699340000
CVE-2005-4308;0.015320000;0.737470000
CVE-2005-4307;0.020280000;0.802320000
CVE-2005-4306;0.017340000;0.767270000
CVE-2005-4305;0.014370000;0.720750000
CVE-2005-4304;0.015480000;0.740200000
CVE-2005-4303;0.011080000;0.644960000
CVE-2005-4302;0.025090000;0.841250000
CVE-2005-4301;0.011770000;0.663630000
CVE-2005-4300;0.022590000;0.822800000
CVE-2005-4299;0.017030000;0.763160000
CVE-2005-4298;0.017030000;0.763160000
CVE-2005-4297;0.011770000;0.663620000
CVE-2005-4296;0.025870000;0.846390000
CVE-2005-4295;0.011640000;0.659660000
CVE-2005-4294;0.013740000;0.708880000
CVE-2005-4293;0.019920000;0.798400000
CVE-2005-4292;0.012550000;0.683010000
CVE-2005-4291;0.017520000;0.769730000
CVE-2005-4290;0.017520000;0.769770000
CVE-2005-4289;0.013850000;0.710930000
CVE-2005-4288;0.019280000;0.791530000
CVE-2005-4287;0.048980000;0.917780000
CVE-2005-4286;0.012110000;0.672400000
CVE-2005-4285;0.017520000;0.769770000
CVE-2005-4284;0.012960000;0.691890000
CVE-2005-4283;0.011770000;0.663610000
CVE-2005-4282;0.011770000;0.663640000
CVE-2005-4281;0.011770000;0.663590000
CVE-2005-4280;0.005210000;0.419330000
CVE-2005-4279;0.003970000;0.312720000
CVE-2005-4278;0.003970000;0.312720000
CVE-2005-4277;0.014440000;0.721820000
CVE-2005-4276;0.024960000;0.840460000
CVE-2005-4275;0.028390000;0.861130000
CVE-2005-4274;0.013340000;0.700210000
CVE-2005-4273;0.003790000;0.292330000
CVE-2005-4272;0.089900000;0.950970000
CVE-2005-4271;0.004930000;0.398640000
CVE-2005-4270;0.054890000;0.924950000
CVE-2005-4269;0.049360000;0.918350000
CVE-2005-4268;0.005430000;0.433560000
CVE-2005-4267;0.668030000;0.992690000
CVE-2005-4266;0.013170000;0.696550000
CVE-2005-4264;0.013330000;0.700040000
CVE-2005-4263;0.011360000;0.651970000
CVE-2005-4262;0.010140000;0.617970000
CVE-2005-4261;0.016850000;0.760760000
CVE-2005-4260;0.021130000;0.810670000
CVE-2005-4259;0.010660000;0.633630000
CVE-2005-4258;0.020500000;0.804490000
CVE-2005-4257;0.014310000;0.719600000
CVE-2005-4256;0.015410000;0.739050000
CVE-2005-4255;0.017520000;0.769720000
CVE-2005-4254;0.011620000;0.659120000
CVE-2005-4253;0.012550000;0.683080000
CVE-2005-4252;0.011770000;0.663590000
CVE-2005-4251;0.012900000;0.690580000
CVE-2005-4250;0.030700000;0.871310000
CVE-2005-4249;0.017850000;0.774090000
CVE-2005-4248;0.013380000;0.701320000
CVE-2005-4247;0.016950000;0.761980000
CVE-2005-4246;0.011360000;0.651960000
CVE-2005-4245;0.036610000;0.892310000
CVE-2005-4244;0.025520000;0.844160000
CVE-2005-4243;0.046500000;0.914150000
CVE-2005-4242;0.012280000;0.676660000
CVE-2005-4241;0.017520000;0.769730000
CVE-2005-4240;0.011490000;0.655570000
CVE-2005-4239;0.017520000;0.769750000
CVE-2005-4238;0.023250000;0.828110000
CVE-2005-4237;0.012080000;0.671580000
CVE-2005-4236;0.011770000;0.663580000
CVE-2005-4235;0.011770000;0.663580000
CVE-2005-4234;0.011620000;0.659050000
CVE-2005-4233;0.011080000;0.644960000
CVE-2005-4232;0.012060000;0.670600000
CVE-2005-4231;0.011770000;0.663550000
CVE-2005-4230;0.011980000;0.668730000
CVE-2005-4229;0.017030000;0.763190000
CVE-2005-4228;0.025630000;0.844900000
CVE-2005-4227;0.031330000;0.873780000
CVE-2005-4226;0.032230000;0.877500000
CVE-2005-4225;0.020100000;0.800580000
CVE-2005-4224;0.017190000;0.765330000
CVE-2005-4223;0.018010000;0.776120000
CVE-2005-4222;0.009380000;0.593030000
CVE-2005-4221;0.011200000;0.648070000
CVE-2005-4220;0.018450000;0.781720000
CVE-2005-4219;0.013470000;0.703090000
CVE-2005-4218;0.024270000;0.835620000
CVE-2005-4217;0.027360000;0.855490000
CVE-2005-4216;0.041840000;0.905720000
CVE-2005-4215;0.018450000;0.781720000
CVE-2005-4214;0.018010000;0.776140000
CVE-2005-4213;0.038170000;0.896850000
CVE-2005-4212;0.082830000;0.947300000
CVE-2005-4211;0.091060000;0.951400000
CVE-2005-4210;0.032840000;0.880060000
CVE-2005-4209;0.021330000;0.812460000
CVE-2005-4208;0.081080000;0.946340000
CVE-2005-4207;0.011620000;0.659060000
CVE-2005-4206;0.020910000;0.808630000
CVE-2005-4205;0.017930000;0.775120000
CVE-2005-4204;0.009480000;0.596400000
CVE-2005-4203;0.019660000;0.795550000
CVE-2005-4202;0.034240000;0.884790000
CVE-2005-4201;0.016420000;0.754400000
CVE-2005-4200;0.022350000;0.820990000
CVE-2005-4199;0.020630000;0.805810000
CVE-2005-4198;0.012510000;0.682160000
CVE-2005-4197;0.118520000;0.959570000
CVE-2005-4196;0.051070000;0.920730000
CVE-2005-4195;0.054970000;0.925010000
CVE-2005-4194;0.033660000;0.882980000
CVE-2005-4193;0.011770000;0.663520000
CVE-2005-4192;0.011440000;0.653920000
CVE-2005-4191;0.011080000;0.645090000
CVE-2005-4190;0.015980000;0.747750000
CVE-2005-4189;0.014320000;0.719780000
CVE-2005-4178;0.034410000;0.885450000
CVE-2005-4177;0.019290000;0.791660000
CVE-2005-4176;0.012580000;0.683630000
CVE-2005-4175;0.003860000;0.300180000
CVE-2005-4174;0.019630000;0.795300000
CVE-2005-4173;0.017600000;0.770730000
CVE-2005-4172;0.017600000;0.770730000
CVE-2005-4171;0.078960000;0.945180000
CVE-2005-4170;0.020530000;0.804860000
CVE-2005-4169;0.021780000;0.816140000
CVE-2005-4168;0.034410000;0.885460000
CVE-2005-4167;0.035790000;0.889900000
CVE-2005-4166;0.017520000;0.769780000
CVE-2005-4165;0.014650000;0.725980000
CVE-2005-4164;0.012430000;0.680290000
CVE-2005-4163;0.015400000;0.738870000
CVE-2005-4162;0.014770000;0.728250000
CVE-2005-4161;0.018330000;0.780340000
CVE-2005-4160;0.030700000;0.871320000
CVE-2005-4159;0.013770000;0.709490000
CVE-2005-4158;0.010770000;0.636230000
CVE-2005-4157;0.017050000;0.763410000
CVE-2005-4156;0.017830000;0.773830000
CVE-2005-4155;0.026780000;0.852290000
CVE-2005-4154;0.073810000;0.942130000
CVE-2005-4153;0.030720000;0.871460000
CVE-2005-4152;0.020840000;0.807930000
CVE-2005-4151;0.004520000;0.367080000
CVE-2005-4150;0.024120000;0.834480000
CVE-2005-4149;0.013880000;0.711590000
CVE-2005-4148;0.017800000;0.773490000
CVE-2005-4147;0.019180000;0.790500000
CVE-2005-4146;0.015780000;0.744850000
CVE-2005-4145;0.439190000;0.987070000
CVE-2005-4144;0.017600000;0.770840000
CVE-2005-4143;0.013970000;0.713260000
CVE-2005-4142;0.030140000;0.869100000
CVE-2005-4141;0.012900000;0.690560000
CVE-2005-4140;0.021630000;0.814920000
CVE-2005-4139;0.017630000;0.771170000
CVE-2005-4138;0.012560000;0.683220000
CVE-2005-4137;0.015130000;0.734400000
CVE-2005-4136;0.017520000;0.769750000
CVE-2005-4135;0.086190000;0.949180000
CVE-2005-4134;0.125890000;0.961060000
CVE-2005-4133;0.003540000;0.265390000
CVE-2005-4132;0.013260000;0.698420000
CVE-2005-4131;0.311080000;0.982120000
CVE-2005-4130;0.022460000;0.821890000
CVE-2005-4126;0.018160000;0.778200000
CVE-2005-4095;0.084730000;0.948360000
CVE-2005-4094;0.020090000;0.800520000
CVE-2005-4093;0.031460000;0.874290000
CVE-2005-4092;0.087780000;0.950000000
CVE-2005-4091;0.017520000;0.769740000
CVE-2005-4090;0.046870000;0.914650000
CVE-2005-4089;0.220750000;0.975930000
CVE-2005-4088;0.012110000;0.672400000
CVE-2005-4087;0.037300000;0.894290000
CVE-2005-4086;0.073280000;0.941790000
CVE-2005-4085;0.659250000;0.992500000
CVE-2005-4084;0.011940000;0.667790000
CVE-2005-4083;0.014660000;0.726270000
CVE-2005-4082;0.003310000;0.237400000
CVE-2005-4081;0.012870000;0.689810000
CVE-2005-4080;0.024010000;0.833630000
CVE-2005-4079;0.023510000;0.830150000
CVE-2005-4078;0.016710000;0.758560000
CVE-2005-4077;0.005160000;0.415520000
CVE-2005-4076;0.010180000;0.618860000
CVE-2005-4075;0.018750000;0.785480000
CVE-2005-4074;0.029650000;0.866970000
CVE-2005-4073;0.010950000;0.641670000
CVE-2005-4072;0.011770000;0.663380000
CVE-2005-4071;0.012560000;0.683170000
CVE-2005-4069;0.004680000;0.379930000
CVE-2005-4068;0.003710000;0.283980000
CVE-2005-4066;0.002290000;0.123260000
CVE-2005-4065;0.039780000;0.901250000
CVE-2005-4064;0.012440000;0.680370000
CVE-2005-4063;0.017030000;0.763170000
CVE-2005-4062;0.011770000;0.663370000
CVE-2005-4061;0.011770000;0.663360000
CVE-2005-4060;0.020370000;0.803050000
CVE-2005-4059;0.012110000;0.672490000
CVE-2005-4058;0.012430000;0.680300000
CVE-2005-4057;0.011770000;0.663440000
CVE-2005-4056;0.012110000;0.672390000
CVE-2005-4055;0.012330000;0.677880000
CVE-2005-4054;0.011200000;0.648060000
CVE-2005-4053;0.020830000;0.807800000
CVE-2005-4052;0.014250000;0.718430000
CVE-2005-4051;0.014410000;0.721280000
CVE-2005-4050;0.036840000;0.892900000
CVE-2005-4049;0.023050000;0.826570000
CVE-2005-4048;0.052090000;0.922060000
CVE-2005-4047;0.017520000;0.769730000
CVE-2005-4046;0.017000000;0.762720000
CVE-2005-4045;0.026130000;0.848120000
CVE-2005-4044;0.011770000;0.663410000
CVE-2005-4043;0.012800000;0.688260000
CVE-2005-4042;0.011770000;0.663410000
CVE-2005-4041;0.013380000;0.701300000
CVE-2005-4040;0.013770000;0.709490000
CVE-2005-4039;0.036890000;0.893040000
CVE-2005-4038;0.013330000;0.700070000
CVE-2005-4037;0.012330000;0.677890000
CVE-2005-4036;0.011770000;0.663450000
CVE-2005-4035;0.013330000;0.699920000
CVE-2005-4034;0.017800000;0.773540000
CVE-2005-4033;0.013880000;0.711680000
CVE-2005-4032;0.017520000;0.769760000
CVE-2005-4031;0.032260000;0.877620000
CVE-2005-4030;0.010890000;0.639670000
CVE-2005-4029;0.013450000;0.702780000
CVE-2005-4028;0.012420000;0.679830000
CVE-2005-4027;0.011980000;0.668760000
CVE-2005-4026;0.013710000;0.708160000
CVE-2005-4025;0.014490000;0.722840000
CVE-2005-4024;0.009380000;0.593020000
CVE-2005-4023;0.014250000;0.718480000
CVE-2005-4022;0.012080000;0.671530000
CVE-2005-4021;0.014090000;0.715560000
CVE-2005-4020;0.012110000;0.672400000
CVE-2005-4019;0.012330000;0.677890000
CVE-2005-4018;0.011200000;0.648070000
CVE-2005-4017;0.013730000;0.708590000
CVE-2005-4016;0.011200000;0.648070000
CVE-2005-4015;0.013870000;0.711280000
CVE-2005-4014;0.020970000;0.809140000
CVE-2005-4013;0.016150000;0.750270000
CVE-2005-4012;0.018510000;0.782570000
CVE-2005-4011;0.023650000;0.831160000
CVE-2005-4010;0.013770000;0.709490000
CVE-2005-4009;0.013300000;0.699310000
CVE-2005-4008;0.013160000;0.696250000
CVE-2005-4007;0.013750000;0.709110000
CVE-2005-4006;0.018100000;0.777370000
CVE-2005-4005;0.012810000;0.688620000
CVE-2005-4004;0.011770000;0.663630000
CVE-2005-4003;0.010490000;0.628180000
CVE-2005-4002;0.009820000;0.607660000
CVE-2005-4001;0.012900000;0.690570000
CVE-2005-4000;0.019290000;0.791660000
CVE-2005-3999;0.012960000;0.691890000
CVE-2005-3998;0.019290000;0.791690000
CVE-2005-3997;0.019760000;0.796560000
CVE-2005-3996;0.019310000;0.791950000
CVE-2005-3995;0.043500000;0.908840000
CVE-2005-3993;0.014890000;0.730340000
CVE-2005-3992;0.049500000;0.918580000
CVE-2005-3991;0.017840000;0.774040000
CVE-2005-3989;0.018450000;0.781730000
CVE-2005-3988;0.011620000;0.659080000
CVE-2005-3987;0.011110000;0.645790000
CVE-2005-3986;0.026300000;0.849180000
CVE-2005-3985;0.042540000;0.907080000
CVE-2005-3984;0.012710000;0.686480000
CVE-2005-3983;0.022160000;0.819410000
CVE-2005-3982;0.070760000;0.939990000
CVE-2005-3981;0.036480000;0.891880000
CVE-2005-3980;0.032640000;0.879260000
CVE-2005-3979;0.015540000;0.741430000
CVE-2005-3978;0.027290000;0.855070000
CVE-2005-3977;0.011770000;0.663640000
CVE-2005-3976;0.012110000;0.672500000
CVE-2005-3975;0.048200000;0.916580000
CVE-2005-3974;0.016860000;0.760920000
CVE-2005-3973;0.014370000;0.720750000
CVE-2005-3972;0.017520000;0.769790000
CVE-2005-3971;0.014050000;0.714860000
CVE-2005-3970;0.011770000;0.663540000
CVE-2005-3969;0.012110000;0.672510000
CVE-2005-3968;0.020200000;0.801520000
CVE-2005-3967;0.012080000;0.671510000
CVE-2005-3966;0.041950000;0.905930000
CVE-2005-3964;0.045540000;0.912620000
CVE-2005-3963;0.013970000;0.713260000
CVE-2005-3962;0.013740000;0.708850000
CVE-2005-3961;0.021610000;0.814780000
CVE-2005-3960;0.020300000;0.802490000
CVE-2005-3959;0.047750000;0.915980000
CVE-2005-3958;0.012800000;0.688230000
CVE-2005-3957;0.016470000;0.755110000
CVE-2005-3956;0.011620000;0.659110000
CVE-2005-3955;0.055810000;0.926050000
CVE-2005-3954;0.043950000;0.909680000
CVE-2005-3953;0.012900000;0.690580000
CVE-2005-3952;0.025180000;0.842050000
CVE-2005-3951;0.012110000;0.672500000
CVE-2005-3950;0.012500000;0.682020000
CVE-2005-3949;0.021090000;0.810230000
CVE-2005-3948;0.035350000;0.888380000
CVE-2005-3947;0.030510000;0.870580000
CVE-2005-3946;0.032320000;0.877750000
CVE-2005-3945;0.122630000;0.960460000
CVE-2005-3944;0.011620000;0.659010000
CVE-2005-3943;0.011720000;0.661650000
CVE-2005-3942;0.013530000;0.704450000
CVE-2005-3941;0.013530000;0.704440000
CVE-2005-3940;0.013530000;0.704450000
CVE-2005-3939;0.012900000;0.690560000
CVE-2005-3938;0.038160000;0.896840000
CVE-2005-3937;0.013480000;0.703250000
CVE-2005-3936;0.015320000;0.737480000
CVE-2005-3935;0.011620000;0.659110000
CVE-2005-3934;0.094640000;0.952660000
CVE-2005-3933;0.011620000;0.659100000
CVE-2005-3932;0.011620000;0.659020000
CVE-2005-3931;0.013070000;0.694310000
CVE-2005-3930;0.012800000;0.688270000
CVE-2005-3929;0.075020000;0.942810000
CVE-2005-3928;0.011950000;0.667960000
CVE-2005-3927;0.087870000;0.950020000
CVE-2005-3926;0.031160000;0.873090000
CVE-2005-3925;0.012900000;0.690560000
CVE-2005-3924;0.013230000;0.697640000
CVE-2005-3923;0.013730000;0.708630000
CVE-2005-3922;0.055520000;0.925680000
CVE-2005-3921;0.027600000;0.856900000
CVE-2005-3920;0.011720000;0.661660000
CVE-2005-3919;0.017440000;0.768500000
CVE-2005-3918;0.011720000;0.661670000
CVE-2005-3917;0.012110000;0.672530000
CVE-2005-3916;0.011620000;0.659110000
CVE-2005-3915;0.027620000;0.857020000
CVE-2005-3914;0.013050000;0.693730000
CVE-2005-3913;0.011570000;0.657420000
CVE-2005-3912;0.144800000;0.965160000
CVE-2005-3911;0.011620000;0.659100000
CVE-2005-3910;0.012920000;0.690950000
CVE-2005-3909;0.012800000;0.688240000
CVE-2005-3908;0.018860000;0.786720000
CVE-2005-3907;0.046320000;0.913870000
CVE-2005-3906;0.051680000;0.921490000
CVE-2005-3905;0.051680000;0.921490000
CVE-2005-3904;0.051680000;0.921490000
CVE-2005-3903;0.005310000;0.425650000
CVE-2005-3902;0.021930000;0.817280000
CVE-2005-3901;0.014910000;0.730750000
CVE-2005-3900;0.016950000;0.762040000
CVE-2005-3899;0.008170000;0.553980000
CVE-2005-3897;0.013120000;0.695260000
CVE-2005-3896;0.012820000;0.688790000
CVE-2005-3895;0.020500000;0.804440000
CVE-2005-3894;0.062540000;0.933220000
CVE-2005-3893;0.071690000;0.940740000
CVE-2005-3892;0.014250000;0.718490000
CVE-2005-3891;0.023400000;0.829250000
CVE-2005-3890;0.020840000;0.807930000
CVE-2005-3889;0.020840000;0.807920000
CVE-2005-3888;0.021520000;0.814100000
CVE-2005-3887;0.018870000;0.786830000
CVE-2005-3886;0.003980000;0.313400000
CVE-2005-3885;0.003490000;0.259400000
CVE-2005-3884;0.012800000;0.688250000
CVE-2005-3883;0.030520000;0.870640000
CVE-2005-3882;0.011200000;0.648080000
CVE-2005-3881;0.012110000;0.672420000
CVE-2005-3880;0.013330000;0.700030000
CVE-2005-3879;0.040710000;0.903270000
CVE-2005-3878;0.025770000;0.845860000
CVE-2005-3877;0.012160000;0.673640000
CVE-2005-3876;0.012110000;0.672440000
CVE-2005-3875;0.012440000;0.680380000
CVE-2005-3874;0.011620000;0.659090000
CVE-2005-3873;0.011620000;0.659110000
CVE-2005-3872;0.012900000;0.690570000
CVE-2005-3871;0.014090000;0.715510000
CVE-2005-3870;0.011620000;0.659100000
CVE-2005-3869;0.025180000;0.842020000
CVE-2005-3868;0.012900000;0.690580000
CVE-2005-3867;0.013740000;0.708880000
CVE-2005-3866;0.013820000;0.710480000
CVE-2005-3865;0.024170000;0.834940000
CVE-2005-3864;0.011200000;0.648080000
CVE-2005-3863;0.051610000;0.921420000
CVE-2005-3862;0.204360000;0.974120000
CVE-2005-3861;0.029310000;0.865550000
CVE-2005-3860;0.032890000;0.880240000
CVE-2005-3859;0.034420000;0.885490000
CVE-2005-3858;0.032860000;0.880120000
CVE-2005-3857;0.008380000;0.560900000
CVE-2005-3856;0.009750000;0.605610000
CVE-2005-3855;0.011620000;0.659090000
CVE-2005-3854;0.012570000;0.683540000
CVE-2005-3853;0.011200000;0.648060000
CVE-2005-3852;0.012110000;0.672400000
CVE-2005-3851;0.011770000;0.663470000
CVE-2005-3850;0.011770000;0.663460000
CVE-2005-3849;0.020380000;0.803170000
CVE-2005-3848;0.053570000;0.923550000
CVE-2005-3847;0.002710000;0.175270000
CVE-2005-3846;0.012660000;0.685530000
CVE-2005-3845;0.010950000;0.641670000
CVE-2005-3844;0.012330000;0.677900000
CVE-2005-3843;0.013330000;0.700040000
CVE-2005-3842;0.013300000;0.699300000
CVE-2005-3841;0.012550000;0.683020000
CVE-2005-3840;0.012110000;0.672480000
CVE-2005-3839;0.011770000;0.663350000
CVE-2005-3838;0.014590000;0.724870000
CVE-2005-3837;0.011770000;0.663350000
CVE-2005-3836;0.013160000;0.696260000
CVE-2005-3835;0.016800000;0.759900000
CVE-2005-3834;0.017360000;0.767490000
CVE-2005-3833;0.011620000;0.659020000
CVE-2005-3832;0.032980000;0.880580000
CVE-2005-3831;0.025980000;0.847250000
CVE-2005-3830;0.016420000;0.754410000
CVE-2005-3829;0.018450000;0.781730000
CVE-2005-3828;0.012110000;0.672440000
CVE-2005-3827;0.012800000;0.688270000
CVE-2005-3826;0.012330000;0.677900000
CVE-2005-3825;0.011620000;0.659080000
CVE-2005-3824;0.014870000;0.730030000
CVE-2005-3823;0.017050000;0.763410000
CVE-2005-3822;0.014140000;0.716390000
CVE-2005-3821;0.013380000;0.701300000
CVE-2005-3820;0.027370000;0.855570000
CVE-2005-3819;0.028450000;0.861470000
CVE-2005-3818;0.050840000;0.920440000
CVE-2005-3817;0.040880000;0.903680000
CVE-2005-3816;0.012330000;0.677890000
CVE-2005-3815;0.011620000;0.659070000
CVE-2005-3814;0.017820000;0.773750000
CVE-2005-3813;0.035630000;0.889200000
CVE-2005-3812;0.029890000;0.868010000
CVE-2005-3811;0.073310000;0.941810000
CVE-2005-3810;0.014440000;0.721920000
CVE-2005-3809;0.020500000;0.804550000
CVE-2005-3808;0.007720000;0.538500000
CVE-2005-3807;0.007450000;0.529210000
CVE-2005-3806;0.004410000;0.357830000
CVE-2005-3805;0.003980000;0.313870000
CVE-2005-3804;0.024950000;0.840380000
CVE-2005-3803;0.021460000;0.813530000
CVE-2005-3802;0.016690000;0.758170000
CVE-2005-3801;0.002090000;0.100080000
CVE-2005-3800;0.013090000;0.694610000
CVE-2005-3799;0.015730000;0.744150000
CVE-2005-3798;0.014470000;0.722450000
CVE-2005-3797;0.037810000;0.895720000
CVE-2005-3796;0.015480000;0.740070000
CVE-2005-3795;0.013380000;0.701310000
CVE-2005-3794;0.013880000;0.711590000
CVE-2005-3793;0.014540000;0.723910000
CVE-2005-3792;0.442930000;0.987180000
CVE-2005-3791;0.010410000;0.625850000
CVE-2005-3790;0.017540000;0.770020000
CVE-2005-3789;0.034240000;0.884790000
CVE-2005-3788;0.026470000;0.850240000
CVE-2005-3787;0.012350000;0.678320000
CVE-2005-3786;0.003390000;0.247900000
CVE-2005-3785;0.010990000;0.642780000
CVE-2005-3784;0.004480000;0.364250000
CVE-2005-3783;0.004330000;0.350600000
CVE-2005-3782;0.004760000;0.386330000
CVE-2005-3781;0.015820000;0.745390000
CVE-2005-3780;0.027150000;0.854350000
CVE-2005-3779;0.004940000;0.399310000
CVE-2005-3778;0.010270000;0.621830000
CVE-2005-3777;0.013360000;0.700760000
CVE-2005-3776;0.009380000;0.593070000
CVE-2005-3775;0.016860000;0.760890000
CVE-2005-3774;0.182070000;0.971170000
CVE-2005-3773;0.017030000;0.763090000
CVE-2005-3772;0.014090000;0.715510000
CVE-2005-3771;0.012960000;0.691900000
CVE-2005-3770;0.041200000;0.904370000
CVE-2005-3769;0.010570000;0.630640000
CVE-2005-3768;0.037820000;0.895740000
CVE-2005-3767;0.013510000;0.703880000
CVE-2005-3766;0.011500000;0.655720000
CVE-2005-3765;0.026880000;0.852810000
CVE-2005-3764;0.013750000;0.709100000
CVE-2005-3763;0.013730000;0.708580000
CVE-2005-3762;0.014650000;0.725960000
CVE-2005-3761;0.011640000;0.659750000
CVE-2005-3760;0.014910000;0.730750000
CVE-2005-3759;0.014370000;0.720750000
CVE-2005-3758;0.191100000;0.972320000
CVE-2005-3757;0.412500000;0.986240000
CVE-2005-3756;0.018480000;0.782260000
CVE-2005-3755;0.035990000;0.890460000
CVE-2005-3754;0.022830000;0.824710000
CVE-2005-3753;0.014390000;0.720930000
CVE-2005-3752;0.015290000;0.736930000
CVE-2005-3751;0.014720000;0.727320000
CVE-2005-3750;0.063570000;0.934100000
CVE-2005-3749;0.003790000;0.292080000
CVE-2005-3748;0.012020000;0.669600000
CVE-2005-3747;0.043860000;0.909540000
CVE-2005-3746;0.011620000;0.659060000
CVE-2005-3745;0.257070000;0.978990000
CVE-2005-3744;0.012110000;0.672530000
CVE-2005-3743;0.010570000;0.630630000
CVE-2005-3742;0.017520000;0.769720000
CVE-2005-3741;0.011460000;0.654440000
CVE-2005-3740;0.015650000;0.742930000
CVE-2005-3739;0.015280000;0.736820000
CVE-2005-3738;0.048790000;0.917520000
CVE-2005-3737;0.134190000;0.962960000
CVE-2005-3736;0.012550000;0.683030000
CVE-2005-3735;0.015130000;0.734400000
CVE-2005-3734;0.014790000;0.728510000
CVE-2005-3733;0.053820000;0.923820000
CVE-2005-3732;0.044440000;0.910640000
CVE-2005-3731;0.012480000;0.681420000
CVE-2005-3730;0.017360000;0.767510000
CVE-2005-3729;0.015480000;0.740170000
CVE-2005-3728;0.028700000;0.862650000
CVE-2005-3727;0.026200000;0.848550000
CVE-2005-3726;0.012110000;0.672490000
CVE-2005-3725;0.011940000;0.667670000
CVE-2005-3724;0.017310000;0.766800000
CVE-2005-3723;0.015320000;0.737430000
CVE-2005-3722;0.015320000;0.737440000
CVE-2005-3721;0.013880000;0.711540000
CVE-2005-3720;0.011500000;0.655710000
CVE-2005-3719;0.003450000;0.254220000
CVE-2005-3718;0.022020000;0.818300000
CVE-2005-3717;0.015490000;0.740400000
CVE-2005-3716;0.015790000;0.744980000
CVE-2005-3715;0.019300000;0.791830000
CVE-2005-3714;0.017180000;0.765250000
CVE-2005-3713;0.086290000;0.949230000
CVE-2005-3712;0.036860000;0.892930000
CVE-2005-3711;0.040520000;0.902880000
CVE-2005-3710;0.073390000;0.941850000
CVE-2005-3709;0.039910000;0.901560000
CVE-2005-3708;0.031650000;0.875040000
CVE-2005-3707;0.079580000;0.945490000
CVE-2005-3706;0.037780000;0.895630000
CVE-2005-3705;0.036140000;0.890880000
CVE-2005-3704;0.015060000;0.733350000
CVE-2005-3702;0.020630000;0.805800000
CVE-2005-3701;0.003630000;0.276030000
CVE-2005-3700;0.003790000;0.292170000
CVE-2005-3699;0.016700000;0.758410000
CVE-2005-3698;0.015260000;0.736420000
CVE-2005-3697;0.014070000;0.715130000
CVE-2005-3696;0.011620000;0.659060000
CVE-2005-3695;0.019290000;0.791670000
CVE-2005-3694;0.119880000;0.959900000
CVE-2005-3693;0.046600000;0.914280000
CVE-2005-3692;0.020820000;0.807720000
CVE-2005-3691;0.019210000;0.790840000
CVE-2005-3690;0.051740000;0.921560000
CVE-2005-3689;0.025630000;0.844900000
CVE-2005-3688;0.021910000;0.817130000
CVE-2005-3687;0.010410000;0.625850000
CVE-2005-3686;0.012940000;0.691440000
CVE-2005-3685;0.019110000;0.789660000
CVE-2005-3684;0.137160000;0.963750000
CVE-2005-3683;0.715060000;0.993990000
CVE-2005-3682;0.040290000;0.902370000
CVE-2005-3681;0.011570000;0.657500000
CVE-2005-3680;0.017240000;0.765890000
CVE-2005-3679;0.012650000;0.685420000
CVE-2005-3678;0.008320000;0.558970000
CVE-2005-3677;0.032530000;0.878830000
CVE-2005-3676;0.011620000;0.659100000
CVE-2005-3675;0.023170000;0.827560000
CVE-2005-3674;0.048800000;0.917520000
CVE-2005-3673;0.048800000;0.917520000
CVE-2005-3672;0.023360000;0.828990000
CVE-2005-3671;0.074530000;0.942520000
CVE-2005-3670;0.091230000;0.951470000
CVE-2005-3669;0.051880000;0.921740000
CVE-2005-3668;0.028760000;0.862950000
CVE-2005-3667;0.024400000;0.836560000
CVE-2005-3666;0.034320000;0.885110000
CVE-2005-3665;0.018010000;0.776110000
CVE-2005-3664;0.043250000;0.908340000
CVE-2005-3663;0.003460000;0.255210000
CVE-2005-3662;0.006000000;0.465500000
CVE-2005-3661;0.015950000;0.747340000
CVE-2005-3660;0.004020000;0.317980000
CVE-2005-3659;0.025000000;0.840660000
CVE-2005-3658;0.051510000;0.921310000
CVE-2005-3657;0.023200000;0.827740000
CVE-2005-3656;0.089000000;0.950590000
CVE-2005-3655;0.057150000;0.927590000
CVE-2005-3654;0.033120000;0.881120000
CVE-2005-3653;0.185990000;0.971670000
CVE-2005-3652;0.159670000;0.967890000
CVE-2005-3651;0.061990000;0.932670000
CVE-2005-3650;0.063070000;0.933700000
CVE-2005-3649;0.030600000;0.870920000
CVE-2005-3648;0.024990000;0.840640000
CVE-2005-3647;0.003270000;0.232730000
CVE-2005-3646;0.022350000;0.820980000
CVE-2005-3645;0.022570000;0.822690000
CVE-2005-3644;0.422950000;0.986550000
CVE-2005-3643;0.014810000;0.728890000
CVE-2005-3642;0.014070000;0.715140000
CVE-2005-3641;0.046990000;0.914840000
CVE-2005-3640;0.088110000;0.950120000
CVE-2005-3639;0.027510000;0.856270000
CVE-2005-3638;0.019730000;0.796290000
CVE-2005-3636;0.050540000;0.920050000
CVE-2005-3635;0.050310000;0.919680000
CVE-2005-3634;0.177570000;0.970650000
CVE-2005-3633;0.020470000;0.804180000
CVE-2005-3632;0.006000000;0.465510000
CVE-2005-3631;0.003910000;0.305820000
CVE-2005-3630;0.014250000;0.718460000
CVE-2005-3629;0.003990000;0.315280000
CVE-2005-3628;0.042960000;0.907820000
CVE-2005-3627;0.055210000;0.925270000
CVE-2005-3626;0.033820000;0.883490000
CVE-2005-3625;0.038230000;0.896970000
CVE-2005-3624;0.023010000;0.826200000
CVE-2005-3623;0.034130000;0.884470000
CVE-2005-3622;0.016970000;0.762230000
CVE-2005-3621;0.015600000;0.742270000
CVE-2005-3620;0.004660000;0.377920000
CVE-2005-3619;0.014230000;0.718150000
CVE-2005-3618;0.030650000;0.871160000
CVE-2005-3596;0.014460000;0.722250000
CVE-2005-3595;0.162670000;0.968450000
CVE-2005-3594;0.010410000;0.625850000
CVE-2005-3592;0.011810000;0.664600000
CVE-2005-3591;0.104490000;0.955930000
CVE-2005-3590;0.020890000;0.808400000
CVE-2005-3589;0.528600000;0.989380000
CVE-2005-3588;0.012110000;0.672510000
CVE-2005-3587;0.022000000;0.818110000
CVE-2005-3586;0.013060000;0.694100000
CVE-2005-3585;0.020930000;0.808830000
CVE-2005-3584;0.013850000;0.710920000
CVE-2005-3583;0.028870000;0.863440000
CVE-2005-3582;0.003910000;0.305460000
CVE-2005-3581;0.004010000;0.317300000
CVE-2005-3580;0.004010000;0.317290000
CVE-2005-3579;0.029260000;0.865330000
CVE-2005-3578;0.011620000;0.659040000
CVE-2005-3577;0.017360000;0.767500000
CVE-2005-3576;0.029080000;0.864490000
CVE-2005-3575;0.012850000;0.689370000
CVE-2005-3574;0.014930000;0.730940000
CVE-2005-3573;0.027140000;0.854310000
CVE-2005-3572;0.012110000;0.672430000
CVE-2005-3571;0.034940000;0.887220000
CVE-2005-3570;0.017100000;0.764120000
CVE-2005-3569;0.013990000;0.713700000
CVE-2005-3568;0.003340000;0.241950000
CVE-2005-3567;0.009250000;0.588590000
CVE-2005-3566;0.012320000;0.677560000
CVE-2005-3565;0.032050000;0.876640000
CVE-2005-3564;0.004710000;0.382290000
CVE-2005-3560;0.155340000;0.967140000
CVE-2005-3559;0.201600000;0.973790000
CVE-2005-3558;0.057870000;0.928440000
CVE-2005-3557;0.021980000;0.817910000
CVE-2005-3556;0.036390000;0.891600000
CVE-2005-3555;0.015940000;0.747180000
CVE-2005-3554;0.034070000;0.884330000
CVE-2005-3553;0.019390000;0.792950000
CVE-2005-3552;0.019530000;0.794420000
CVE-2005-3551;0.013730000;0.708580000
CVE-2005-3550;0.062780000;0.933430000
CVE-2005-3549;0.018700000;0.785030000
CVE-2005-3548;0.013050000;0.693840000
CVE-2005-3547;0.027110000;0.854100000
CVE-2005-3546;0.008040000;0.549710000
CVE-2005-3545;0.017480000;0.768950000
CVE-2005-3544;0.046330000;0.913880000
CVE-2005-3543;0.014370000;0.720740000
CVE-2005-3540;0.032380000;0.878030000
CVE-2005-3539;0.126500000;0.961180000
CVE-2005-3538;0.024770000;0.839170000
CVE-2005-3537;0.014170000;0.717140000
CVE-2005-3536;0.012710000;0.686480000
CVE-2005-3535;0.023570000;0.830640000
CVE-2005-3534;0.059880000;0.930580000
CVE-2005-3533;0.011480000;0.654740000
CVE-2005-3532;0.015820000;0.745400000
CVE-2005-3531;0.003620000;0.274600000
CVE-2005-3530;0.014610000;0.725230000
CVE-2005-3529;0.014330000;0.720010000
CVE-2005-3528;0.012550000;0.683010000
CVE-2005-3527;0.003250000;0.230330000
CVE-2005-3526;0.074150000;0.942330000
CVE-2005-3525;0.196570000;0.973080000
CVE-2005-3524;0.214780000;0.975390000
CVE-2005-3523;0.087390000;0.949790000
CVE-2005-3522;0.019130000;0.789880000
CVE-2005-3521;0.016320000;0.752860000
CVE-2005-3520;0.030190000;0.869270000
CVE-2005-3519;0.080110000;0.945750000
CVE-2005-3518;0.032600000;0.879120000
CVE-2005-3517;0.013880000;0.711650000
CVE-2005-3516;0.019920000;0.798400000
CVE-2005-3515;0.019920000;0.798400000
CVE-2005-3514;0.026920000;0.853100000
CVE-2005-3513;0.011810000;0.664590000
CVE-2005-3512;0.017330000;0.767080000
CVE-2005-3511;0.009920000;0.610610000
CVE-2005-3510;0.059540000;0.930270000
CVE-2005-3509;0.011720000;0.661660000
CVE-2005-3508;0.012800000;0.688250000
CVE-2005-3507;0.124490000;0.960770000
CVE-2005-3506;0.012050000;0.670590000
CVE-2005-3505;0.017840000;0.773990000
CVE-2005-3504;0.031700000;0.875230000
CVE-2005-3503;0.028380000;0.861090000
CVE-2005-3502;0.015480000;0.740150000
CVE-2005-3501;0.035860000;0.890060000
CVE-2005-3500;0.039620000;0.900870000
CVE-2005-3499;0.033400000;0.882070000
CVE-2005-3498;0.112440000;0.958250000
CVE-2005-3497;0.013950000;0.712840000
CVE-2005-3496;0.019700000;0.795990000
CVE-2005-3495;0.016350000;0.753430000
CVE-2005-3494;0.012550000;0.683050000
CVE-2005-3493;0.030460000;0.870300000
CVE-2005-3492;0.035040000;0.887530000
CVE-2005-3491;0.049210000;0.918100000
CVE-2005-3490;0.016860000;0.760840000
CVE-2005-3489;0.056880000;0.927310000
CVE-2005-3488;0.100700000;0.954760000
CVE-2005-3487;0.077220000;0.944160000
CVE-2005-3486;0.114810000;0.958770000
CVE-2005-3485;0.058240000;0.928950000
CVE-2005-3484;0.017690000;0.772180000
CVE-2005-3483;0.074260000;0.942390000
CVE-2005-3482;0.015760000;0.744630000
CVE-2005-3481;0.071240000;0.940390000
CVE-2005-3480;0.013730000;0.708660000
CVE-2005-3479;0.011640000;0.659670000
CVE-2005-3478;0.011620000;0.659030000
CVE-2005-3477;0.011600000;0.658250000
CVE-2005-3476;0.003400000;0.248590000
CVE-2005-3475;0.082790000;0.947270000
CVE-2005-3474;0.003970000;0.312350000
CVE-2005-3473;0.021770000;0.816060000
CVE-2005-3472;0.022970000;0.825870000
CVE-2005-3471;0.016850000;0.760730000
CVE-2005-3470;0.013330000;0.700060000
CVE-2005-3469;0.011200000;0.648080000
CVE-2005-3468;0.020770000;0.807130000
CVE-2005-3467;0.024090000;0.834250000
CVE-2005-3466;0.037680000;0.895370000
CVE-2005-3465;0.037680000;0.895380000
CVE-2005-3464;0.037680000;0.895370000
CVE-2005-3463;0.051440000;0.921210000
CVE-2005-3462;0.037680000;0.895380000
CVE-2005-3461;0.029600000;0.866760000
CVE-2005-3460;0.041450000;0.904940000
CVE-2005-3459;0.037680000;0.895370000
CVE-2005-3458;0.021270000;0.811840000
CVE-2005-3457;0.037680000;0.895380000
CVE-2005-3456;0.021270000;0.811840000
CVE-2005-3455;0.042790000;0.907560000
CVE-2005-3454;0.037680000;0.895370000
CVE-2005-3453;0.051440000;0.921220000
CVE-2005-3452;0.051440000;0.921210000
CVE-2005-3451;0.055720000;0.925960000
CVE-2005-3450;0.051440000;0.921200000
CVE-2005-3449;0.057510000;0.928070000
CVE-2005-3448;0.051440000;0.921200000
CVE-2005-3447;0.029090000;0.864550000
CVE-2005-3446;0.051440000;0.921210000
CVE-2005-3445;0.055720000;0.925950000
CVE-2005-3444;0.051440000;0.921210000
CVE-2005-3443;0.037680000;0.895380000
CVE-2005-3442;0.028840000;0.863300000
CVE-2005-3441;0.021270000;0.811840000
CVE-2005-3440;0.051000000;0.920670000
CVE-2005-3439;0.029090000;0.864550000
CVE-2005-3438;0.058660000;0.929480000
CVE-2005-3437;0.051440000;0.921220000
CVE-2005-3436;0.012960000;0.691900000
CVE-2005-3435;0.023340000;0.828880000
CVE-2005-3434;0.015490000;0.740440000
CVE-2005-3433;0.014250000;0.718560000
CVE-2005-3432;0.028700000;0.862640000
CVE-2005-3431;0.016150000;0.750260000
CVE-2005-3430;0.017600000;0.770840000
CVE-2005-3429;0.024160000;0.834890000
CVE-2005-3428;0.014770000;0.728250000
CVE-2005-3427;0.004240000;0.341720000
CVE-2005-3426;0.010240000;0.620880000
CVE-2005-3425;0.017540000;0.769930000
CVE-2005-3424;0.014370000;0.720750000
CVE-2005-3423;0.021730000;0.815700000
CVE-2005-3422;0.017520000;0.769740000
CVE-2005-3421;0.013880000;0.711650000
CVE-2005-3420;0.023670000;0.831280000
CVE-2005-3419;0.018530000;0.782810000
CVE-2005-3418;0.018370000;0.780820000
CVE-2005-3417;0.023050000;0.826580000
CVE-2005-3416;0.023050000;0.826580000
CVE-2005-3415;0.023670000;0.831270000
CVE-2005-3414;0.017050000;0.763410000
CVE-2005-3413;0.012960000;0.691900000
CVE-2005-3412;0.022040000;0.818460000
CVE-2005-3411;0.036530000;0.892050000
CVE-2005-3409;0.024950000;0.840370000
CVE-2005-3408;0.013210000;0.697350000
CVE-2005-3407;0.013690000;0.707620000
CVE-2005-3406;0.013300000;0.699370000
CVE-2005-3405;0.080740000;0.946080000
CVE-2005-3404;0.103190000;0.955520000
CVE-2005-3403;0.018880000;0.786920000
CVE-2005-3402;0.010600000;0.631500000
CVE-2005-3401;0.016540000;0.755960000
CVE-2005-3400;0.014350000;0.720360000
CVE-2005-3399;0.078100000;0.944670000
CVE-2005-3398;0.131080000;0.962280000
CVE-2005-3397;0.013940000;0.712650000
CVE-2005-3396;0.034210000;0.884680000
CVE-2005-3395;0.025440000;0.843710000
CVE-2005-3394;0.012800000;0.688230000
CVE-2005-3393;0.034780000;0.886710000
CVE-2005-3392;0.069030000;0.938600000
CVE-2005-3391;0.069030000;0.938590000
CVE-2005-3390;0.655120000;0.992400000
CVE-2005-3389;0.062990000;0.933620000
CVE-2005-3388;0.488950000;0.988410000
CVE-2005-3387;0.008670000;0.570800000
CVE-2005-3386;0.016310000;0.752600000
CVE-2005-3385;0.015790000;0.744990000
CVE-2005-3384;0.015790000;0.744990000
CVE-2005-3383;0.015790000;0.744990000
CVE-2005-3382;0.044880000;0.911390000
CVE-2005-3381;0.021260000;0.811780000
CVE-2005-3380;0.014140000;0.716490000
CVE-2005-3379;0.014500000;0.723010000
CVE-2005-3378;0.023480000;0.829940000
CVE-2005-3377;0.013170000;0.696450000
CVE-2005-3376;0.013520000;0.704200000
CVE-2005-3375;0.015620000;0.742500000
CVE-2005-3374;0.013520000;0.704190000
CVE-2005-3373;0.013520000;0.704200000
CVE-2005-3372;0.014340000;0.720150000
CVE-2005-3371;0.013520000;0.704200000
CVE-2005-3370;0.013520000;0.704200000
CVE-2005-3369;0.013210000;0.697350000
CVE-2005-3368;0.017520000;0.769770000
CVE-2005-3367;0.011640000;0.659750000
CVE-2005-3366;0.023700000;0.831440000
CVE-2005-3365;0.031670000;0.875100000
CVE-2005-3364;0.015480000;0.740130000
CVE-2005-3363;0.034760000;0.886640000
CVE-2005-3361;0.011640000;0.659700000
CVE-2005-3360;0.003400000;0.249090000
CVE-2005-3359;0.005700000;0.449240000
CVE-2005-3358;0.010140000;0.617880000
CVE-2005-3357;0.242860000;0.977880000
CVE-2005-3356;0.004370000;0.355090000
CVE-2005-3355;0.022260000;0.820260000
CVE-2005-3354;0.037880000;0.895940000
CVE-2005-3353;0.076780000;0.943890000
CVE-2005-3352;0.736920000;0.994590000
CVE-2005-3351;0.072590000;0.941340000
CVE-2005-3350;0.044180000;0.910040000
CVE-2005-3349;0.003650000;0.277600000
CVE-2005-3348;0.019780000;0.796730000
CVE-2005-3347;0.035480000;0.888760000
CVE-2005-3346;0.008470000;0.563720000
CVE-2005-3345;0.003810000;0.294920000
CVE-2005-3344;0.079860000;0.945630000
CVE-2005-3343;0.003830000;0.296890000
CVE-2005-3342;0.003540000;0.266170000
CVE-2005-3341;0.003620000;0.273880000
CVE-2005-3340;0.004030000;0.319840000
CVE-2005-3339;0.003750000;0.288680000
CVE-2005-3338;0.014100000;0.715650000
CVE-2005-3337;0.012280000;0.676670000
CVE-2005-3336;0.019380000;0.792810000
CVE-2005-3335;0.066190000;0.936270000
CVE-2005-3334;0.046380000;0.913960000
CVE-2005-3333;0.013330000;0.700050000
CVE-2005-3332;0.023090000;0.826900000
CVE-2005-3331;0.003420000;0.251200000
CVE-2005-3330;0.171940000;0.969950000
CVE-2005-3329;0.022140000;0.819290000
CVE-2005-3328;0.025830000;0.846190000
CVE-2005-3327;0.016230000;0.751330000
CVE-2005-3326;0.024170000;0.834950000
CVE-2005-3325;0.026200000;0.848540000
CVE-2005-3324;0.020330000;0.802780000
CVE-2005-3323;0.030460000;0.870300000
CVE-2005-3322;0.025520000;0.844190000
CVE-2005-3321;0.004010000;0.317130000
CVE-2005-3320;0.017770000;0.773190000
CVE-2005-3319;0.005870000;0.458550000
CVE-2005-3318;0.037780000;0.895640000
CVE-2005-3317;0.055070000;0.925140000
CVE-2005-3316;0.013940000;0.712720000
CVE-2005-3315;0.054020000;0.924020000
CVE-2005-3314;0.656570000;0.992440000
CVE-2005-3313;0.039620000;0.900870000
CVE-2005-3312;0.118860000;0.959650000
CVE-2005-3311;0.003790000;0.292330000
CVE-2005-3310;0.011700000;0.661240000
CVE-2005-3309;0.014650000;0.725990000
CVE-2005-3308;0.021430000;0.813270000
CVE-2005-3307;0.031240000;0.873490000
CVE-2005-3306;0.012420000;0.679820000
CVE-2005-3305;0.021690000;0.815340000
CVE-2005-3304;0.056270000;0.926750000
CVE-2005-3303;0.069350000;0.938830000
CVE-2005-3302;0.038840000;0.898620000
CVE-2005-3301;0.056170000;0.926670000
CVE-2005-3300;0.027060000;0.853840000
CVE-2005-3299;0.159190000;0.967800000
CVE-2005-3298;0.044870000;0.911360000
CVE-2005-3297;0.039530000;0.900570000
CVE-2005-3296;0.061360000;0.932070000
CVE-2005-3295;0.004660000;0.378390000
CVE-2005-3294;0.076760000;0.943880000
CVE-2005-3293;0.034880000;0.887060000
CVE-2005-3292;0.008480000;0.564130000
CVE-2005-3291;0.003300000;0.235160000
CVE-2005-3290;0.010940000;0.641470000
CVE-2005-3289;0.002890000;0.192560000
CVE-2005-3288;0.013090000;0.694610000
CVE-2005-3287;0.009680000;0.603140000
CVE-2005-3286;0.003720000;0.285050000
CVE-2005-3285;0.018610000;0.783950000
CVE-2005-3284;0.050640000;0.920190000
CVE-2005-3283;0.018500000;0.782430000
CVE-2005-3282;0.014010000;0.714210000
CVE-2005-3281;0.011090000;0.645410000
CVE-2005-3280;0.021540000;0.814230000
CVE-2005-3279;0.003430000;0.252460000
CVE-2005-3278;0.004940000;0.399660000
CVE-2005-3277;0.194250000;0.972770000
CVE-2005-3276;0.004460000;0.363010000
CVE-2005-3275;0.033440000;0.882210000
CVE-2005-3274;0.003940000;0.309040000
CVE-2005-3273;0.026260000;0.848920000
CVE-2005-3272;0.031120000;0.872920000
CVE-2005-3271;0.004210000;0.339170000
CVE-2005-3270;0.003580000;0.270400000
CVE-2005-3269;0.031480000;0.874350000
CVE-2005-3268;0.003960000;0.311720000
CVE-2005-3267;0.072950000;0.941570000
CVE-2005-3265;0.058700000;0.929520000
CVE-2005-3264;0.012550000;0.683100000
CVE-2005-3263;0.036850000;0.892920000
CVE-2005-3262;0.087950000;0.950060000
CVE-2005-3261;0.015500000;0.740660000
CVE-2005-3260;0.014290000;0.719300000
CVE-2005-3259;0.025730000;0.845540000
CVE-2005-3258;0.021020000;0.809700000
CVE-2005-3257;0.010580000;0.630810000
CVE-2005-3256;0.017820000;0.773780000
CVE-2005-3255;0.018590000;0.783710000
CVE-2005-3254;0.026450000;0.850130000
CVE-2005-3253;0.018000000;0.776070000
CVE-2005-3252;0.836210000;0.996800000
CVE-2005-3251;0.019010000;0.788530000
CVE-2005-3250;0.003340000;0.241940000
CVE-2005-3249;0.026940000;0.853180000
CVE-2005-3248;0.026980000;0.853400000
CVE-2005-3247;0.039390000;0.900240000
CVE-2005-3246;0.026980000;0.853410000
CVE-2005-3245;0.026980000;0.853400000
CVE-2005-3244;0.039390000;0.900240000
CVE-2005-3243;0.108260000;0.957060000
CVE-2005-3242;0.026980000;0.853400000
CVE-2005-3241;0.039060000;0.899120000
CVE-2005-3240;0.055490000;0.925630000
CVE-2005-3239;0.044820000;0.911270000
CVE-2005-3238;0.003340000;0.241950000
CVE-2005-3237;0.019760000;0.796550000
CVE-2005-3236;0.036880000;0.893030000
CVE-2005-3235;0.017200000;0.765360000
CVE-2005-3234;0.017230000;0.765840000
CVE-2005-3233;0.017230000;0.765840000
CVE-2005-3232;0.017230000;0.765840000
CVE-2005-3231;0.142500000;0.964750000
CVE-2005-3230;0.017230000;0.765850000
CVE-2005-3229;0.016970000;0.762310000
CVE-2005-3228;0.019910000;0.798270000
CVE-2005-3227;0.017230000;0.765800000
CVE-2005-3226;0.017230000;0.765840000
CVE-2005-3225;0.017230000;0.765810000
CVE-2005-3224;0.017230000;0.765830000
CVE-2005-3223;0.017230000;0.765830000
CVE-2005-3222;0.017230000;0.765830000
CVE-2005-3221;0.017230000;0.765830000
CVE-2005-3220;0.029910000;0.868090000
CVE-2005-3219;0.017230000;0.765800000
CVE-2005-3218;0.017230000;0.765800000
CVE-2005-3217;0.017230000;0.765810000
CVE-2005-3216;0.045980000;0.913310000
CVE-2005-3215;0.017230000;0.765820000
CVE-2005-3214;0.017230000;0.765820000
CVE-2005-3213;0.017230000;0.765810000
CVE-2005-3212;0.017230000;0.765810000
CVE-2005-3211;0.018850000;0.786570000
CVE-2005-3210;0.017230000;0.765820000
CVE-2005-3209;0.004760000;0.386140000
CVE-2005-3208;0.021520000;0.814070000
CVE-2005-3207;0.198320000;0.973300000
CVE-2005-3206;0.215490000;0.975460000
CVE-2005-3205;0.016040000;0.748550000
CVE-2005-3204;0.206940000;0.974550000
CVE-2005-3203;0.005670000;0.448080000
CVE-2005-3202;0.109800000;0.957530000
CVE-2005-3201;0.017500000;0.769280000
CVE-2005-3200;0.026240000;0.848770000
CVE-2005-3199;0.014140000;0.716380000
CVE-2005-3198;0.003770000;0.290830000
CVE-2005-3197;0.005060000;0.408030000
CVE-2005-3196;0.003540000;0.265710000
CVE-2005-3194;0.030870000;0.872000000
CVE-2005-3193;0.040820000;0.903550000
CVE-2005-3192;0.061400000;0.932090000
CVE-2005-3191;0.040820000;0.903540000
CVE-2005-3190;0.648160000;0.992230000
CVE-2005-3189;0.058380000;0.929140000
CVE-2005-3188;0.073680000;0.942050000
CVE-2005-3187;0.069940000;0.939340000
CVE-2005-3186;0.046660000;0.914350000
CVE-2005-3185;0.051880000;0.921740000
CVE-2005-3184;0.076400000;0.943670000
CVE-2005-3183;0.020990000;0.809390000
CVE-2005-3182;0.039950000;0.901630000
CVE-2005-3181;0.004990000;0.403070000
CVE-2005-3180;0.035420000;0.888610000
CVE-2005-3179;0.003980000;0.313540000
CVE-2005-3178;0.040470000;0.902770000
CVE-2005-3177;0.013840000;0.710690000
CVE-2005-3176;0.039060000;0.899150000
CVE-2005-3175;0.013870000;0.711390000
CVE-2005-3174;0.012240000;0.675820000
CVE-2005-3173;0.012970000;0.692100000
CVE-2005-3172;0.050780000;0.920370000
CVE-2005-3171;0.012240000;0.675820000
CVE-2005-3170;0.010430000;0.626480000
CVE-2005-3169;0.032180000;0.877310000
CVE-2005-3168;0.038060000;0.896500000
CVE-2005-3167;0.012300000;0.677060000
CVE-2005-3166;0.019140000;0.789990000
CVE-2005-3165;0.012650000;0.685330000
CVE-2005-3164;0.065210000;0.935460000
CVE-2005-3163;0.013460000;0.702840000
CVE-2005-3161;0.014470000;0.722450000
CVE-2005-3160;0.011110000;0.645810000
CVE-2005-3159;0.011620000;0.659070000
CVE-2005-3158;0.018340000;0.780430000
CVE-2005-3157;0.036290000;0.891310000
CVE-2005-3156;0.019280000;0.791540000
CVE-2005-3155;0.636940000;0.991940000
CVE-2005-3154;0.035480000;0.888780000
CVE-2005-3153;0.015120000;0.734270000
CVE-2005-3152;0.022350000;0.821050000
CVE-2005-3151;0.033770000;0.883310000
CVE-2005-3150;0.026350000;0.849550000
CVE-2005-3149;0.004100000;0.326160000
CVE-2005-3148;0.003790000;0.292080000
CVE-2005-3147;0.003640000;0.276760000
CVE-2005-3146;0.003620000;0.273860000
CVE-2005-3145;0.012270000;0.676350000
CVE-2005-3144;0.015740000;0.744300000
CVE-2005-3143;0.013180000;0.696820000
CVE-2005-3142;0.416510000;0.986380000
CVE-2005-3141;0.016340000;0.753120000
CVE-2005-3140;0.018560000;0.783270000
CVE-2005-3139;0.009750000;0.605870000
CVE-2005-3138;0.011390000;0.652790000
CVE-2005-3137;0.004280000;0.345120000
CVE-2005-3136;0.020690000;0.806460000
CVE-2005-3135;0.055290000;0.925350000
CVE-2005-3134;0.020670000;0.806290000
CVE-2005-3133;0.061140000;0.931870000
CVE-2005-3132;0.013730000;0.708670000
CVE-2005-3131;0.036450000;0.891780000
CVE-2005-3130;0.011500000;0.655620000
CVE-2005-3129;0.054850000;0.924900000
CVE-2005-3128;0.034360000;0.885250000
CVE-2005-3127;0.017520000;0.769710000
CVE-2005-3126;0.003440000;0.253010000
CVE-2005-3124;0.003670000;0.279640000
CVE-2005-3123;0.029820000;0.867710000
CVE-2005-3121;0.003620000;0.273820000
CVE-2005-3120;0.232570000;0.977030000
CVE-2005-3119;0.003900000;0.304180000
CVE-2005-3118;0.013920000;0.712300000
CVE-2005-3116;0.276170000;0.980180000
CVE-2005-3115;0.003330000;0.239910000
CVE-2005-3114;0.031700000;0.875230000
CVE-2005-3113;0.015490000;0.740420000
CVE-2005-3112;0.003530000;0.264340000
CVE-2005-3111;0.003620000;0.273860000
CVE-2005-3110;0.033800000;0.883410000
CVE-2005-3109;0.004230000;0.341380000
CVE-2005-3108;0.003780000;0.291710000
CVE-2005-3107;0.004220000;0.340080000
CVE-2005-3106;0.002880000;0.191430000
CVE-2005-3105;0.004480000;0.364260000
CVE-2005-3104;0.009920000;0.610650000
CVE-2005-3103;0.013610000;0.706330000
CVE-2005-3102;0.011370000;0.652050000
CVE-2005-3101;0.013750000;0.709030000
CVE-2005-3100;0.018370000;0.780780000
CVE-2005-3099;0.004280000;0.345000000
CVE-2005-3098;0.005780000;0.453460000
CVE-2005-3097;0.013060000;0.693920000
CVE-2005-3096;0.038220000;0.896960000
CVE-2005-3095;0.022820000;0.824660000
CVE-2005-3094;0.038380000;0.897420000
CVE-2005-3093;0.010390000;0.625240000
CVE-2005-3092;0.032530000;0.878830000
CVE-2005-3091;0.012280000;0.676650000
CVE-2005-3090;0.010280000;0.621930000
CVE-2005-3089;0.016830000;0.760410000
CVE-2005-3088;0.004530000;0.367980000
CVE-2005-3087;0.009890000;0.609900000
CVE-2005-3086;0.019290000;0.791690000
CVE-2005-3085;0.009980000;0.612630000
CVE-2005-3084;0.013890000;0.711880000
CVE-2005-3083;0.013850000;0.710930000
CVE-2005-3082;0.014090000;0.715500000
CVE-2005-3081;0.766020000;0.995280000
CVE-2005-3080;0.012120000;0.672820000
CVE-2005-3079;0.008870000;0.576630000
CVE-2005-3078;0.009380000;0.593050000
CVE-2005-3077;0.138620000;0.964020000
CVE-2005-3076;0.015490000;0.740380000
CVE-2005-3075;0.011110000;0.645850000
CVE-2005-3074;0.011110000;0.645840000
CVE-2005-3073;0.013070000;0.694320000
CVE-2005-3072;0.019190000;0.790640000
CVE-2005-3071;0.003800000;0.293320000
CVE-2005-3070;0.003620000;0.275080000
CVE-2005-3069;0.003830000;0.297590000
CVE-2005-3068;0.020190000;0.801410000
CVE-2005-3067;0.012710000;0.686540000
CVE-2005-3066;0.014000000;0.713850000
CVE-2005-3065;0.016990000;0.762580000
CVE-2005-3064;0.023070000;0.826720000
CVE-2005-3063;0.011640000;0.659450000
CVE-2005-3062;0.016780000;0.759470000
CVE-2005-3061;0.031700000;0.875230000
CVE-2005-3060;0.005230000;0.420820000
CVE-2005-3059;0.022370000;0.821210000
CVE-2005-3058;0.030930000;0.872240000
CVE-2005-3057;0.027110000;0.854120000
CVE-2005-3056;0.034820000;0.886870000
CVE-2005-3055;0.004520000;0.367610000
CVE-2005-3054;0.004310000;0.348440000
CVE-2005-3053;0.004220000;0.340090000
CVE-2005-3052;0.010550000;0.630010000
CVE-2005-3051;0.060530000;0.931300000
CVE-2005-3050;0.013650000;0.706990000
CVE-2005-3049;0.026240000;0.848790000
CVE-2005-3048;0.083140000;0.947470000
CVE-2005-3047;0.010370000;0.624750000
CVE-2005-3046;0.011370000;0.652350000
CVE-2005-3045;0.011640000;0.659460000
CVE-2005-3044;0.004220000;0.340080000
CVE-2005-3043;0.013990000;0.713660000
CVE-2005-3042;0.041270000;0.904580000
CVE-2005-3041;0.018480000;0.782210000
CVE-2005-3040;0.019320000;0.792030000
CVE-2005-3039;0.013160000;0.696230000
CVE-2005-3038;0.013730000;0.708650000
CVE-2005-3037;0.012550000;0.683090000
CVE-2005-3036;0.003140000;0.218330000
CVE-2005-3035;0.016970000;0.762280000
CVE-2005-3034;0.018160000;0.778210000
CVE-2005-3033;0.030590000;0.870900000
CVE-2005-3032;0.038080000;0.896520000
CVE-2005-3031;0.037660000;0.895310000
CVE-2005-3030;0.034870000;0.887020000
CVE-2005-3029;0.040350000;0.902520000
CVE-2005-3027;0.015160000;0.735020000
CVE-2005-3026;0.036280000;0.891240000
CVE-2005-3025;0.010030000;0.614540000
CVE-2005-3024;0.012240000;0.675780000
CVE-2005-3023;0.009920000;0.610620000
CVE-2005-3022;0.012100000;0.672180000
CVE-2005-3021;0.009150000;0.585440000
CVE-2005-3020;0.018260000;0.779480000
CVE-2005-3019;0.039250000;0.899820000
CVE-2005-3018;0.030020000;0.868610000
CVE-2005-3017;0.010150000;0.618190000
CVE-2005-3016;0.013750000;0.709110000
CVE-2005-3015;0.025000000;0.840680000
CVE-2005-3014;0.011640000;0.659690000
CVE-2005-3013;0.006530000;0.492130000
CVE-2005-3012;0.004370000;0.355070000
CVE-2005-3011;0.005050000;0.407330000
CVE-2005-3010;0.063380000;0.933960000
CVE-2005-3009;0.011640000;0.659680000
CVE-2005-3008;0.015490000;0.740430000
CVE-2005-3007;0.029960000;0.868290000
CVE-2005-3006;0.020210000;0.801570000
CVE-2005-3005;0.029860000;0.867880000
CVE-2005-3004;0.011200000;0.648070000
CVE-2005-3003;0.012100000;0.672200000
CVE-2005-3002;0.023980000;0.833460000
CVE-2005-3001;0.003750000;0.288970000
CVE-2005-3000;0.009920000;0.610620000
CVE-2005-2999;0.011810000;0.664600000
CVE-2005-2998;0.014490000;0.722830000
CVE-2005-2997;0.015490000;0.740360000
CVE-2005-2996;0.055640000;0.925820000
CVE-2005-2995;0.003920000;0.307040000
CVE-2005-2994;0.011480000;0.655270000
CVE-2005-2993;0.006610000;0.495890000
CVE-2005-2992;0.003620000;0.273830000
CVE-2005-2991;0.003670000;0.279640000
CVE-2005-2990;0.004050000;0.321490000
CVE-2005-2989;0.012260000;0.676220000
CVE-2005-2988;0.020330000;0.802770000
CVE-2005-2987;0.018880000;0.786980000
CVE-2005-2986;0.023890000;0.832840000
CVE-2005-2985;0.011620000;0.659010000
CVE-2005-2984;0.017970000;0.775660000
CVE-2005-2983;0.021790000;0.816200000
CVE-2005-2982;0.009740000;0.605260000
CVE-2005-2981;0.009470000;0.595940000
CVE-2005-2980;0.017520000;0.769760000
CVE-2005-2979;0.011620000;0.659050000
CVE-2005-2978;0.048730000;0.917400000
CVE-2005-2977;0.004280000;0.345600000
CVE-2005-2976;0.045410000;0.912270000
CVE-2005-2975;0.037430000;0.894670000
CVE-2005-2974;0.025830000;0.846210000
CVE-2005-2973;0.007890000;0.544510000
CVE-2005-2972;0.041010000;0.903960000
CVE-2005-2971;0.064140000;0.934540000
CVE-2005-2970;0.141900000;0.964610000
CVE-2005-2969;0.048660000;0.917290000
CVE-2005-2968;0.107180000;0.956740000
CVE-2005-2967;0.096760000;0.953390000
CVE-2005-2966;0.026140000;0.848150000
CVE-2005-2964;0.045950000;0.913270000
CVE-2005-2963;0.024410000;0.836640000
CVE-2005-2962;0.003640000;0.276780000
CVE-2005-2961;0.086160000;0.949160000
CVE-2005-2960;0.004280000;0.345120000
CVE-2005-2959;0.006240000;0.478210000
CVE-2005-2958;0.036110000;0.890780000
CVE-2005-2957;0.040350000;0.902520000
CVE-2005-2956;0.028700000;0.862640000
CVE-2005-2955;0.007770000;0.540140000
CVE-2005-2954;0.017480000;0.768950000
CVE-2005-2953;0.017330000;0.767100000
CVE-2005-2952;0.036280000;0.891250000
CVE-2005-2951;0.030940000;0.872250000
CVE-2005-2950;0.013840000;0.710760000
CVE-2005-2949;0.016000000;0.748000000
CVE-2005-2948;0.003940000;0.310170000
CVE-2005-2947;0.024510000;0.837450000
CVE-2005-2946;0.008440000;0.562630000
CVE-2005-2945;0.003640000;0.276760000
CVE-2005-2944;0.003280000;0.233220000
CVE-2005-2943;0.153400000;0.966630000
CVE-2005-2940;0.023390000;0.829190000
CVE-2005-2939;0.003370000;0.244850000
CVE-2005-2938;0.003860000;0.299940000
CVE-2005-2936;0.033430000;0.882190000
CVE-2005-2935;0.019340000;0.792220000
CVE-2005-2934;0.008370000;0.560740000
CVE-2005-2933;0.084640000;0.948300000
CVE-2005-2932;0.003520000;0.262900000
CVE-2005-2931;0.047370000;0.915420000
CVE-2005-2930;0.025270000;0.842540000
CVE-2005-2929;0.049230000;0.918120000
CVE-2005-2927;0.004610000;0.374660000
CVE-2005-2926;0.004490000;0.365280000
CVE-2005-2925;0.008270000;0.557370000
CVE-2005-2923;0.108160000;0.957040000
CVE-2005-2922;0.057830000;0.928370000
CVE-2005-2920;0.082270000;0.946990000
CVE-2005-2919;0.036120000;0.890810000
CVE-2005-2918;0.013420000;0.702160000
CVE-2005-2917;0.034040000;0.884250000
CVE-2005-2916;0.010810000;0.637620000
CVE-2005-2915;0.006150000;0.473170000
CVE-2005-2914;0.014110000;0.715820000
CVE-2005-2912;0.012400000;0.679530000
CVE-2005-2904;0.071240000;0.940370000
CVE-2005-2903;0.038500000;0.897720000
CVE-2005-2902;0.013460000;0.702880000
CVE-2005-2901;0.009480000;0.596390000
CVE-2005-2900;0.009480000;0.596380000
CVE-2005-2899;0.009480000;0.596380000
CVE-2005-2898;0.004950000;0.400430000
CVE-2005-2897;0.011810000;0.664580000
CVE-2005-2896;0.011720000;0.661660000
CVE-2005-2895;0.023450000;0.829640000
CVE-2005-2894;0.011950000;0.668060000
CVE-2005-2893;0.026900000;0.852920000
CVE-2005-2892;0.034080000;0.884350000
CVE-2005-2891;0.016580000;0.756640000
CVE-2005-2890;0.004620000;0.375280000
CVE-2005-2889;0.023290000;0.828450000
CVE-2005-2888;0.011980000;0.668750000
CVE-2005-2887;0.015480000;0.740140000
CVE-2005-2886;0.012550000;0.683050000
CVE-2005-2885;0.087070000;0.949630000
CVE-2005-2884;0.012550000;0.683080000
CVE-2005-2882;0.012570000;0.683540000
CVE-2005-2881;0.018430000;0.781500000
CVE-2005-2880;0.013320000;0.699740000
CVE-2005-2879;0.002520000;0.150230000
CVE-2005-2878;0.145670000;0.965320000
CVE-2005-2877;0.709030000;0.993830000
CVE-2005-2876;0.004260000;0.343700000
CVE-2005-2875;0.019060000;0.789140000
CVE-2005-2874;0.029690000;0.867140000
CVE-2005-2873;0.003890000;0.303420000
CVE-2005-2872;0.039060000;0.899120000
CVE-2005-2871;0.211120000;0.975060000
CVE-2005-2870;0.027980000;0.859030000
CVE-2005-2869;0.050940000;0.920600000
CVE-2005-2868;0.007720000;0.538660000
CVE-2005-2867;0.011110000;0.645810000
CVE-2005-2866;0.006890000;0.507930000
CVE-2005-2865;0.014250000;0.718630000
CVE-2005-2864;0.002870000;0.190120000
CVE-2005-2863;0.011640000;0.659740000
CVE-2005-2862;0.013320000;0.699850000
CVE-2005-2861;0.012710000;0.686530000
CVE-2005-2860;0.012980000;0.692300000
CVE-2005-2859;0.003950000;0.310830000
CVE-2005-2858;0.013060000;0.694120000
CVE-2005-2857;0.026010000;0.847410000
CVE-2005-2856;0.156810000;0.967390000
CVE-2005-2855;0.019760000;0.796540000
CVE-2005-2854;0.010690000;0.634220000
CVE-2005-2853;0.011770000;0.663640000
CVE-2005-2852;0.402610000;0.985940000
CVE-2005-2851;0.003640000;0.276750000
CVE-2005-2850;0.072080000;0.941010000
CVE-2005-2849;0.013870000;0.711270000
CVE-2005-2848;0.087700000;0.949960000
CVE-2005-2847;0.533750000;0.989540000
CVE-2005-2846;0.068060000;0.937800000
CVE-2005-2845;0.013730000;0.708590000
CVE-2005-2844;0.049500000;0.918580000
CVE-2005-2843;0.016350000;0.753420000
CVE-2005-2842;0.211230000;0.975070000
CVE-2005-2841;0.141210000;0.964490000
CVE-2005-2840;0.014220000;0.717920000
CVE-2005-2839;0.009480000;0.596390000
CVE-2005-2838;0.013770000;0.709500000
CVE-2005-2837;0.016910000;0.761520000
CVE-2005-2836;0.012560000;0.683210000
CVE-2005-2831;0.301400000;0.981610000
CVE-2005-2830;0.354950000;0.984030000
CVE-2005-2829;0.185900000;0.971660000
CVE-2005-2827;0.026260000;0.848940000
CVE-2005-2820;0.021720000;0.815620000
CVE-2005-2819;0.015490000;0.740390000
CVE-2005-2818;0.011770000;0.663460000
CVE-2005-2817;0.015480000;0.740140000
CVE-2005-2816;0.009480000;0.596370000
CVE-2005-2815;0.017660000;0.771670000
CVE-2005-2814;0.017280000;0.766390000
CVE-2005-2813;0.069420000;0.938890000
CVE-2005-2812;0.072910000;0.941530000
CVE-2005-2811;0.003710000;0.284780000
CVE-2005-2810;0.003820000;0.295990000
CVE-2005-2809;0.003420000;0.251200000
CVE-2005-2808;0.013920000;0.712300000
CVE-2005-2807;0.009450000;0.595280000
CVE-2005-2806;0.016970000;0.762290000
CVE-2005-2805;0.013360000;0.700750000
CVE-2005-2804;0.050790000;0.920400000
CVE-2005-2803;0.012080000;0.671530000
CVE-2005-2801;0.033700000;0.883080000
CVE-2005-2800;0.008280000;0.557920000
CVE-2005-2799;0.707530000;0.993810000
CVE-2005-2798;0.022990000;0.826030000
CVE-2005-2797;0.022040000;0.818370000
CVE-2005-2796;0.078290000;0.944750000
CVE-2005-2794;0.031460000;0.874280000
CVE-2005-2793;0.027370000;0.855560000
CVE-2005-2792;0.116700000;0.959180000
CVE-2005-2791;0.030640000;0.871080000
CVE-2005-2790;0.017470000;0.768880000
CVE-2005-2789;0.018430000;0.781510000
CVE-2005-2788;0.024110000;0.834430000
CVE-2005-2787;0.056210000;0.926710000
CVE-2005-2786;0.012140000;0.673130000
CVE-2005-2785;0.003320000;0.238270000
CVE-2005-2784;0.013460000;0.702990000
CVE-2005-2783;0.017520000;0.769740000
CVE-2005-2782;0.026650000;0.851390000
CVE-2005-2781;0.018900000;0.787290000
CVE-2005-2780;0.009380000;0.593050000
CVE-2005-2779;0.013080000;0.694460000
CVE-2005-2778;0.012120000;0.672680000
CVE-2005-2777;0.121930000;0.960280000
CVE-2005-2776;0.013840000;0.710760000
CVE-2005-2775;0.026090000;0.847930000
CVE-2005-2774;0.027620000;0.857000000
CVE-2005-2773;0.745920000;0.994850000
CVE-2005-2772;0.100380000;0.954660000
CVE-2005-2771;0.048460000;0.917040000
CVE-2005-2770;0.033260000;0.881590000
CVE-2005-2769;0.027300000;0.855120000
CVE-2005-2768;0.126960000;0.961280000
CVE-2005-2767;0.069150000;0.938680000
CVE-2005-2766;0.004050000;0.321610000
CVE-2005-2765;0.012480000;0.681390000
CVE-2005-2764;0.029160000;0.864880000
CVE-2005-2763;0.027290000;0.855080000
CVE-2005-2762;0.003350000;0.243000000
CVE-2005-2761;0.010350000;0.624190000
CVE-2005-2759;0.004160000;0.333700000
CVE-2005-2758;0.134360000;0.963000000
CVE-2005-2757;0.035320000;0.888310000
CVE-2005-2756;0.042420000;0.906830000
CVE-2005-2755;0.017630000;0.771190000
CVE-2005-2754;0.021390000;0.812880000
CVE-2005-2753;0.021390000;0.812880000
CVE-2005-2752;0.003530000;0.263730000
CVE-2005-2751;0.003530000;0.263730000
CVE-2005-2750;0.003500000;0.260700000
CVE-2005-2749;0.003710000;0.284360000
CVE-2005-2748;0.003430000;0.252320000
CVE-2005-2747;0.048480000;0.917070000
CVE-2005-2746;0.014400000;0.721180000
CVE-2005-2745;0.014530000;0.723580000
CVE-2005-2744;0.040560000;0.902970000
CVE-2005-2743;0.046550000;0.914210000
CVE-2005-2742;0.003580000;0.270110000
CVE-2005-2741;0.003340000;0.241580000
CVE-2005-2739;0.003540000;0.265370000
CVE-2005-2738;0.017650000;0.771400000
CVE-2005-2737;0.012960000;0.691920000
CVE-2005-2736;0.012960000;0.691920000
CVE-2005-2735;0.019700000;0.795990000
CVE-2005-2734;0.017150000;0.764880000
CVE-2005-2733;0.511690000;0.988990000
CVE-2005-2732;0.017420000;0.768250000
CVE-2005-2731;0.008060000;0.550690000
CVE-2005-2730;0.016780000;0.759550000
CVE-2005-2729;0.065610000;0.935850000
CVE-2005-2728;0.109760000;0.957520000
CVE-2005-2727;0.014250000;0.718500000
CVE-2005-2726;0.016860000;0.760830000
CVE-2005-2725;0.008330000;0.559390000
CVE-2005-2724;0.017540000;0.769920000
CVE-2005-2723;0.013450000;0.702780000
CVE-2005-2722;0.011940000;0.667780000
CVE-2005-2721;0.017520000;0.769750000
CVE-2005-2720;0.040350000;0.902520000
CVE-2005-2719;0.077930000;0.944560000
CVE-2005-2718;0.032570000;0.878990000
CVE-2005-2717;0.020210000;0.801600000
CVE-2005-2716;0.026000000;0.847370000
CVE-2005-2715;0.603560000;0.991150000
CVE-2005-2714;0.005520000;0.438680000
CVE-2005-2713;0.010620000;0.632050000
CVE-2005-2712;0.030490000;0.870380000
CVE-2005-2711;0.003670000;0.280160000
CVE-2005-2710;0.131810000;0.962400000
CVE-2005-2709;0.009910000;0.610450000
CVE-2005-2708;0.005180000;0.416790000
CVE-2005-2707;0.017890000;0.774610000
CVE-2005-2706;0.027630000;0.857130000
CVE-2005-2705;0.036160000;0.890920000
CVE-2005-2704;0.018180000;0.778570000
CVE-2005-2703;0.017890000;0.774610000
CVE-2005-2702;0.036160000;0.890930000
CVE-2005-2701;0.068600000;0.938200000
CVE-2005-2700;0.305760000;0.981850000
CVE-2005-2699;0.004850000;0.392530000
CVE-2005-2698;0.009380000;0.593040000
CVE-2005-2697;0.012650000;0.685310000
CVE-2005-2696;0.022350000;0.821040000
CVE-2005-2695;0.008760000;0.573440000
CVE-2005-2694;0.039240000;0.899790000
CVE-2005-2693;0.004430000;0.359640000
CVE-2005-2692;0.012100000;0.672200000
CVE-2005-2691;0.023190000;0.827670000
CVE-2005-2690;0.009820000;0.607560000
CVE-2005-2689;0.014340000;0.720040000
CVE-2005-2688;0.009920000;0.610640000
CVE-2005-2687;0.016590000;0.756870000
CVE-2005-2686;0.017260000;0.766130000
CVE-2005-2685;0.014570000;0.724450000
CVE-2005-2684;0.019380000;0.792830000
CVE-2005-2683;0.024060000;0.834010000
CVE-2005-2682;0.020570000;0.805160000
CVE-2005-2681;0.003970000;0.313210000
CVE-2005-2680;0.034470000;0.885670000
CVE-2005-2679;0.034620000;0.886130000
CVE-2005-2678;0.418390000;0.986430000
CVE-2005-2677;0.011940000;0.667800000
CVE-2005-2676;0.011770000;0.663340000
CVE-2005-2675;0.011720000;0.661660000
CVE-2005-2674;0.017680000;0.771990000
CVE-2005-2673;0.010500000;0.628550000
CVE-2005-2672;0.004260000;0.343560000
CVE-2005-2670;0.034870000;0.887020000
CVE-2005-2669;0.073070000;0.941660000
CVE-2005-2668;0.752440000;0.994980000
CVE-2005-2667;0.031370000;0.873930000
CVE-2005-2666;0.011770000;0.663300000
CVE-2005-2665;0.152560000;0.966530000
CVE-2005-2664;0.003360000;0.243700000
CVE-2005-2663;0.003620000;0.273830000
CVE-2005-2662;0.023910000;0.832940000
CVE-2005-2661;0.121120000;0.960140000
CVE-2005-2660;0.003620000;0.273840000
CVE-2005-2659;0.021630000;0.814900000
CVE-2005-2658;0.024800000;0.839350000
CVE-2005-2657;0.003600000;0.271920000
CVE-2005-2656;0.003260000;0.231260000
CVE-2005-2655;0.014810000;0.728890000
CVE-2005-2654;0.017760000;0.773080000
CVE-2005-2653;0.013820000;0.710480000
CVE-2005-2652;0.015500000;0.740650000
CVE-2005-2651;0.050740000;0.920310000
CVE-2005-2650;0.012080000;0.671510000
CVE-2005-2649;0.035790000;0.889890000
CVE-2005-2648;0.036230000;0.891140000
CVE-2005-2647;0.018330000;0.780350000
CVE-2005-2646;0.020600000;0.805500000
CVE-2005-2645;0.025450000;0.843740000
CVE-2005-2644;0.039750000;0.901190000
CVE-2005-2643;0.012470000;0.681130000
CVE-2005-2642;0.044790000;0.911190000
CVE-2005-2641;0.036450000;0.891770000
CVE-2005-2640;0.070930000;0.940120000
CVE-2005-2639;0.058240000;0.928950000
CVE-2005-2638;0.017840000;0.774040000
CVE-2005-2637;0.011620000;0.659050000
CVE-2005-2636;0.012110000;0.672500000
CVE-2005-2635;0.018180000;0.778530000
CVE-2005-2634;0.052470000;0.922450000
CVE-2005-2633;0.028970000;0.863990000
CVE-2005-2632;0.012110000;0.672500000
CVE-2005-2631;0.015850000;0.745910000
CVE-2005-2630;0.044810000;0.911240000
CVE-2005-2629;0.128170000;0.961580000
CVE-2005-2628;0.067560000;0.937450000
CVE-2005-2627;0.047330000;0.915330000
CVE-2005-2626;0.036780000;0.892730000
CVE-2005-2625;0.018000000;0.776020000
CVE-2005-2624;0.010530000;0.629400000
CVE-2005-2623;0.013360000;0.700760000
CVE-2005-2622;0.017980000;0.775680000
CVE-2005-2621;0.011720000;0.661700000
CVE-2005-2620;0.019740000;0.796370000
CVE-2005-2619;0.032820000;0.879890000
CVE-2005-2618;0.079220000;0.945300000
CVE-2005-2617;0.003350000;0.242970000
CVE-2005-2616;0.114500000;0.958700000
CVE-2005-2615;0.012830000;0.688980000
CVE-2005-2614;0.022960000;0.825810000
CVE-2005-2613;0.011570000;0.657420000
CVE-2005-2612;0.387710000;0.985390000
CVE-2005-2611;0.870260000;0.997440000
CVE-2005-2610;0.012570000;0.683540000
CVE-2005-2609;0.015500000;0.740650000
CVE-2005-2608;0.009380000;0.593010000
CVE-2005-2607;0.015660000;0.742940000
CVE-2005-2606;0.014040000;0.714740000
CVE-2005-2605;0.012620000;0.684540000
CVE-2005-2604;0.017230000;0.765860000
CVE-2005-2603;0.019740000;0.796310000
CVE-2005-2602;0.017080000;0.763920000
CVE-2005-2601;0.013160000;0.696220000
CVE-2005-2600;0.016040000;0.748560000
CVE-2005-2599;0.011410000;0.653190000
CVE-2005-2598;0.016400000;0.753980000
CVE-2005-2597;0.003850000;0.299310000
CVE-2005-2596;0.003790000;0.292080000
CVE-2005-2595;0.011640000;0.659670000
CVE-2005-2594;0.030980000;0.872410000
CVE-2005-2593;0.012390000;0.679220000
CVE-2005-2592;0.016350000;0.753410000
CVE-2005-2591;0.013880000;0.711590000
CVE-2005-2590;0.011770000;0.663530000
CVE-2005-2589;0.012360000;0.678460000
CVE-2005-2588;0.017700000;0.772340000
CVE-2005-2587;0.011200000;0.648060000
CVE-2005-2586;0.003320000;0.238260000
CVE-2005-2585;0.012270000;0.676340000
CVE-2005-2584;0.003360000;0.244160000
CVE-2005-2583;0.010890000;0.639570000
CVE-2005-2582;0.004200000;0.338170000
CVE-2005-2581;0.031110000;0.872850000
CVE-2005-2580;0.020810000;0.807510000
CVE-2005-2579;0.002920000;0.194800000
CVE-2005-2577;0.071760000;0.940810000
CVE-2005-2576;0.013250000;0.698300000
CVE-2005-2575;0.019930000;0.798520000
CVE-2005-2574;0.020820000;0.807750000
CVE-2005-2573;0.028080000;0.859570000
CVE-2005-2572;0.047300000;0.915270000
CVE-2005-2571;0.011560000;0.657310000
CVE-2005-2570;0.012440000;0.680370000
CVE-2005-2569;0.015690000;0.743410000
CVE-2005-2568;0.015720000;0.744010000
CVE-2005-2567;0.015280000;0.736680000
CVE-2005-2566;0.011240000;0.649020000
CVE-2005-2565;0.012120000;0.672830000
CVE-2005-2564;0.050910000;0.920570000
CVE-2005-2563;0.012500000;0.681840000
CVE-2005-2562;0.026310000;0.849200000
CVE-2005-2561;0.012110000;0.672520000
CVE-2005-2560;0.016850000;0.760650000
CVE-2005-2559;0.022590000;0.822810000
CVE-2005-2558;0.023280000;0.828330000
CVE-2005-2557;0.025760000;0.845800000
CVE-2005-2556;0.016250000;0.751730000
CVE-2005-2555;0.004460000;0.362250000
CVE-2005-2554;0.004810000;0.390120000
CVE-2005-2553;0.005500000;0.437260000
CVE-2005-2552;0.021380000;0.812800000
CVE-2005-2551;0.554240000;0.990050000
CVE-2005-2550;0.044260000;0.910190000
CVE-2005-2549;0.044260000;0.910190000
CVE-2005-2548;0.030040000;0.868740000
CVE-2005-2547;0.024000000;0.833600000
CVE-2005-2546;0.011940000;0.667820000
CVE-2005-2545;0.017160000;0.764990000
CVE-2005-2544;0.014530000;0.723600000
CVE-2005-2543;0.059910000;0.930640000
CVE-2005-2542;0.022410000;0.821550000
CVE-2005-2541;0.039920000;0.901560000
CVE-2005-2540;0.061020000;0.931790000
CVE-2005-2539;0.025260000;0.842520000
CVE-2005-2538;0.015410000;0.739040000
CVE-2005-2537;0.015410000;0.739040000
CVE-2005-2536;0.023360000;0.829050000
CVE-2005-2535;0.808660000;0.996190000
CVE-2005-2534;0.009670000;0.602910000
CVE-2005-2533;0.006830000;0.505630000
CVE-2005-2532;0.027380000;0.855620000
CVE-2005-2531;0.019660000;0.795550000
CVE-2005-2530;0.025080000;0.841210000
CVE-2005-2529;0.023090000;0.826850000
CVE-2005-2527;0.003230000;0.228120000
CVE-2005-2526;0.015440000;0.739500000
CVE-2005-2525;0.015440000;0.739500000
CVE-2005-2524;0.010940000;0.641500000
CVE-2005-2523;0.013860000;0.711170000
CVE-2005-2522;0.042970000;0.907850000
CVE-2005-2521;0.004280000;0.345500000
CVE-2005-2520;0.003930000;0.308440000
CVE-2005-2519;0.003640000;0.276390000
CVE-2005-2518;0.049260000;0.918190000
CVE-2005-2517;0.010610000;0.631840000
CVE-2005-2516;0.047670000;0.915870000
CVE-2005-2515;0.003690000;0.281530000
CVE-2005-2514;0.026260000;0.848960000
CVE-2005-2513;0.011280000;0.650020000
CVE-2005-2512;0.003710000;0.284190000
CVE-2005-2511;0.019170000;0.790330000
CVE-2005-2510;0.003880000;0.302660000
CVE-2005-2509;0.003900000;0.304920000
CVE-2005-2508;0.006870000;0.507400000
CVE-2005-2507;0.061790000;0.932490000
CVE-2005-2506;0.012930000;0.691290000
CVE-2005-2505;0.023410000;0.829420000
CVE-2005-2504;0.004040000;0.320130000
CVE-2005-2503;0.003880000;0.302660000
CVE-2005-2502;0.033430000;0.882180000
CVE-2005-2501;0.042110000;0.906270000
CVE-2005-2500;0.047390000;0.915450000
CVE-2005-2499;0.003740000;0.287360000
CVE-2005-2498;0.050910000;0.920560000
CVE-2005-2496;0.004450000;0.361920000
CVE-2005-2495;0.039230000;0.899730000
CVE-2005-2494;0.004420000;0.358590000
CVE-2005-2492;0.004540000;0.368810000
CVE-2005-2491;0.043440000;0.908720000
CVE-2005-2490;0.005550000;0.440540000
CVE-2005-2489;0.019010000;0.788520000
CVE-2005-2488;0.017680000;0.771990000
CVE-2005-2487;0.003510000;0.262280000
CVE-2005-2486;0.011490000;0.655560000
CVE-2005-2485;0.011770000;0.663360000
CVE-2005-2484;0.028690000;0.862570000
CVE-2005-2483;0.030680000;0.871240000
CVE-2005-2482;0.011570000;0.657420000
CVE-2005-2481;0.011940000;0.667830000
CVE-2005-2480;0.036130000;0.890840000
CVE-2005-2479;0.036940000;0.893180000
CVE-2005-2478;0.015300000;0.737010000
CVE-2005-2477;0.011850000;0.665540000
CVE-2005-2476;0.017030000;0.763190000
CVE-2005-2475;0.003990000;0.314640000
CVE-2005-2474;0.022570000;0.822690000
CVE-2005-2473;0.020100000;0.800580000
CVE-2005-2472;0.045830000;0.913080000
CVE-2005-2471;0.037410000;0.894600000
CVE-2005-2470;0.132450000;0.962530000
CVE-2005-2469;0.005090000;0.410670000
CVE-2005-2468;0.020390000;0.803320000
CVE-2005-2467;0.028660000;0.862420000
CVE-2005-2466;0.012230000;0.675650000
CVE-2005-2465;0.011670000;0.660460000
CVE-2005-2464;0.015300000;0.737000000
CVE-2005-2463;0.014710000;0.727280000
CVE-2005-2462;0.005910000;0.460820000
CVE-2005-2461;0.022870000;0.825060000
CVE-2005-2460;0.040990000;0.903890000
CVE-2005-2459;0.046260000;0.913790000
CVE-2005-2458;0.039620000;0.900870000
CVE-2005-2457;0.037130000;0.893690000
CVE-2005-2456;0.003750000;0.288780000
CVE-2005-2455;0.085380000;0.948740000
CVE-2005-2454;0.004480000;0.363820000
CVE-2005-2453;0.019650000;0.795470000
CVE-2005-2452;0.019430000;0.793300000
CVE-2005-2451;0.014090000;0.715490000
CVE-2005-2450;0.038770000;0.898430000
CVE-2005-2449;0.003040000;0.207590000
CVE-2005-2448;0.023090000;0.826900000
CVE-2005-2445;0.014090000;0.715510000
CVE-2005-2444;0.003320000;0.238260000
CVE-2005-2443;0.013730000;0.708640000
CVE-2005-2442;0.016400000;0.753980000
CVE-2005-2441;0.021210000;0.811310000
CVE-2005-2440;0.012110000;0.672410000
CVE-2005-2439;0.012430000;0.680310000
CVE-2005-2438;0.012080000;0.671520000
CVE-2005-2437;0.013510000;0.703900000
CVE-2005-2436;0.013880000;0.711620000
CVE-2005-2435;0.011770000;0.663570000
CVE-2005-2434;0.008530000;0.566090000
CVE-2005-2433;0.033560000;0.882610000
CVE-2005-2432;0.013070000;0.694300000
CVE-2005-2431;0.013340000;0.700150000
CVE-2005-2430;0.027300000;0.855150000
CVE-2005-2429;0.012550000;0.682850000
CVE-2005-2428;0.730280000;0.994400000
CVE-2005-2427;0.012080000;0.671590000
CVE-2005-2426;0.013770000;0.709470000
CVE-2005-2425;0.047930000;0.916230000
CVE-2005-2424;0.020050000;0.800090000
CVE-2005-2423;0.013730000;0.708640000
CVE-2005-2422;0.011640000;0.659690000
CVE-2005-2421;0.012110000;0.672520000
CVE-2005-2420;0.055810000;0.926060000
CVE-2005-2419;0.017670000;0.771750000
CVE-2005-2417;0.017820000;0.773710000
CVE-2005-2416;0.018040000;0.776590000
CVE-2005-2415;0.015670000;0.743240000
CVE-2005-2414;0.033940000;0.883840000
CVE-2005-2413;0.015990000;0.747910000
CVE-2005-2412;0.025850000;0.846300000
CVE-2005-2411;0.019110000;0.789690000
CVE-2005-2410;0.035140000;0.887810000
CVE-2005-2409;0.099390000;0.954380000
CVE-2005-2407;0.027210000;0.854640000
CVE-2005-2406;0.022270000;0.820360000
CVE-2005-2405;0.027790000;0.858180000
CVE-2005-2404;0.012110000;0.672460000
CVE-2005-2403;0.014920000;0.730880000
CVE-2005-2402;0.012550000;0.683060000
CVE-2005-2401;0.013360000;0.700750000
CVE-2005-2400;0.018480000;0.782190000
CVE-2005-2399;0.015490000;0.740440000
CVE-2005-2398;0.029120000;0.864640000
CVE-2005-2397;0.017520000;0.769790000
CVE-2005-2396;0.020430000;0.803740000
CVE-2005-2395;0.023750000;0.831780000
CVE-2005-2394;0.013060000;0.694110000
CVE-2005-2393;0.009920000;0.610650000
CVE-2005-2392;0.014060000;0.715020000
CVE-2005-2391;0.011940000;0.667820000
CVE-2005-2390;0.091980000;0.951680000
CVE-2005-2389;0.010550000;0.629960000
CVE-2005-2388;0.018060000;0.776770000
CVE-2005-2387;0.031450000;0.874240000
CVE-2005-2386;0.013850000;0.710910000
CVE-2005-2385;0.040350000;0.902530000
CVE-2005-2384;0.034870000;0.887020000
CVE-2005-2383;0.011710000;0.661440000
CVE-2005-2382;0.005100000;0.411110000
CVE-2005-2381;0.011810000;0.664550000
CVE-2005-2380;0.010410000;0.625840000
CVE-2005-2379;0.035690000;0.889420000
CVE-2005-2378;0.091080000;0.951410000
CVE-2005-2377;0.025110000;0.841420000
CVE-2005-2376;0.013890000;0.711880000
CVE-2005-2375;0.012970000;0.692220000
CVE-2005-2374;0.015320000;0.737420000
CVE-2005-2373;0.457450000;0.987610000
CVE-2005-2372;0.028640000;0.862330000
CVE-2005-2371;0.222880000;0.976090000
CVE-2005-2370;0.023230000;0.827920000
CVE-2005-2369;0.028030000;0.859340000
CVE-2005-2368;0.027260000;0.854890000
CVE-2005-2367;0.061430000;0.932150000
CVE-2005-2366;0.034630000;0.886180000
CVE-2005-2365;0.026070000;0.847810000
CVE-2005-2364;0.035920000;0.890240000
CVE-2005-2363;0.035920000;0.890240000
CVE-2005-2362;0.019310000;0.791990000
CVE-2005-2361;0.023710000;0.831550000
CVE-2005-2360;0.023850000;0.832470000
CVE-2005-2359;0.009060000;0.582600000
CVE-2005-2358;0.015660000;0.742950000
CVE-2005-2357;0.030700000;0.871310000
CVE-2005-2354;0.018510000;0.782630000
CVE-2005-2353;0.002920000;0.195650000
CVE-2005-2352;0.008230000;0.556000000
CVE-2005-2351;0.003510000;0.262130000
CVE-2005-2350;0.008170000;0.554120000
CVE-2005-2349;0.018470000;0.782100000
CVE-2005-2346;0.027050000;0.853790000
CVE-2005-2344;0.024530000;0.837530000
CVE-2005-2343;0.025820000;0.846080000
CVE-2005-2342;0.038920000;0.898810000
CVE-2005-2341;0.021940000;0.817390000
CVE-2005-2340;0.255060000;0.978860000
CVE-2005-2339;0.009480000;0.596400000
CVE-2005-2338;0.016290000;0.752160000
CVE-2005-2337;0.032560000;0.878950000
CVE-2005-2336;0.012350000;0.678330000
CVE-2005-2335;0.058820000;0.929610000
CVE-2005-2334;0.027340000;0.855380000
CVE-2005-2333;0.012550000;0.683070000
CVE-2005-2332;0.012550000;0.683070000
CVE-2005-2331;0.013990000;0.713830000
CVE-2005-2330;0.096000000;0.953180000
CVE-2005-2329;0.014290000;0.719280000
CVE-2005-2328;0.014000000;0.713990000
CVE-2005-2327;0.027280000;0.855050000
CVE-2005-2326;0.027020000;0.853600000
CVE-2005-2325;0.018460000;0.781880000
CVE-2005-2324;0.027510000;0.856300000
CVE-2005-2323;0.027050000;0.853810000
CVE-2005-2322;0.013820000;0.710490000
CVE-2005-2321;0.026110000;0.848040000
CVE-2005-2320;0.014320000;0.719890000
CVE-2005-2319;0.013510000;0.703880000
CVE-2005-2318;0.013940000;0.712650000
CVE-2005-2317;0.023050000;0.826580000
CVE-2005-2316;0.015960000;0.747380000
CVE-2005-2315;0.037660000;0.895300000
CVE-2005-2314;0.019170000;0.790350000
CVE-2005-2313;0.004070000;0.323650000
CVE-2005-2312;0.015320000;0.737440000
CVE-2005-2311;0.002940000;0.197840000
CVE-2005-2310;0.131350000;0.962330000
CVE-2005-2309;0.031700000;0.875260000
CVE-2005-2308;0.174170000;0.970270000
CVE-2005-2307;0.256120000;0.978920000
CVE-2005-2306;0.003680000;0.280940000
CVE-2005-2305;0.048910000;0.917700000
CVE-2005-2304;0.091400000;0.951510000
CVE-2005-2302;0.003880000;0.302490000
CVE-2005-2301;0.032560000;0.878940000
CVE-2005-2300;0.004830000;0.391780000
CVE-2005-2299;0.013820000;0.710470000
CVE-2005-2298;0.013980000;0.713460000
CVE-2005-2297;0.742020000;0.994740000
CVE-2005-2296;0.011940000;0.667790000
CVE-2005-2295;0.046560000;0.914220000
CVE-2005-2294;0.005640000;0.446640000
CVE-2005-2293;0.018330000;0.780320000
CVE-2005-2292;0.008740000;0.572770000
CVE-2005-2291;0.005120000;0.412850000
CVE-2005-2290;0.032040000;0.876590000
CVE-2005-2289;0.013730000;0.708620000
CVE-2005-2288;0.011770000;0.663470000
CVE-2005-2287;0.568310000;0.990370000
CVE-2005-2286;0.021910000;0.817160000
CVE-2005-2285;0.013020000;0.693260000
CVE-2005-2284;0.012250000;0.676070000
CVE-2005-2283;0.004800000;0.389650000
CVE-2005-2282;0.010080000;0.615620000
CVE-2005-2281;0.007970000;0.547010000
CVE-2005-2280;0.012590000;0.684010000
CVE-2005-2279;0.016340000;0.753140000
CVE-2005-2278;0.846400000;0.996990000
CVE-2005-2277;0.129380000;0.961840000
CVE-2005-2276;0.024590000;0.837990000
CVE-2005-2274;0.095820000;0.953120000
CVE-2005-2273;0.018850000;0.786600000
CVE-2005-2272;0.018510000;0.782630000
CVE-2005-2271;0.014340000;0.720050000
CVE-2005-2270;0.059600000;0.930340000
CVE-2005-2269;0.058150000;0.928880000
CVE-2005-2268;0.028800000;0.863130000
CVE-2005-2267;0.044900000;0.911420000
CVE-2005-2266;0.018320000;0.780180000
CVE-2005-2265;0.680970000;0.993060000
CVE-2005-2264;0.031910000;0.876050000
CVE-2005-2263;0.030970000;0.872360000
CVE-2005-2262;0.065460000;0.935730000
CVE-2005-2261;0.035940000;0.890300000
CVE-2005-2260;0.032640000;0.879270000
CVE-2005-2259;0.042320000;0.906670000
CVE-2005-2258;0.032480000;0.878380000
CVE-2005-2257;0.027990000;0.859090000
CVE-2005-2256;0.046380000;0.913960000
CVE-2005-2255;0.015070000;0.733400000
CVE-2005-2254;0.009920000;0.610640000
CVE-2005-2253;0.012100000;0.672190000
CVE-2005-2252;0.014070000;0.715130000
CVE-2005-2251;0.049370000;0.918360000
CVE-2005-2250;0.103050000;0.955500000
CVE-2005-2249;0.013410000;0.701800000
CVE-2005-2248;0.014490000;0.722940000
CVE-2005-2247;0.015070000;0.733380000
CVE-2005-2246;0.054510000;0.924520000
CVE-2005-2245;0.014040000;0.714740000
CVE-2005-2244;0.033250000;0.881540000
CVE-2005-2243;0.012590000;0.684000000
CVE-2005-2242;0.039130000;0.899320000
CVE-2005-2241;0.012590000;0.684000000
CVE-2005-2240;0.003620000;0.273840000
CVE-2005-2239;0.033970000;0.883960000
CVE-2005-2238;0.005400000;0.431240000
CVE-2005-2237;0.003850000;0.299300000
CVE-2005-2236;0.010740000;0.635600000
CVE-2005-2235;0.005060000;0.407580000
CVE-2005-2234;0.005060000;0.407580000
CVE-2005-2233;0.004930000;0.398650000
CVE-2005-2232;0.011550000;0.657210000
CVE-2005-2231;0.003580000;0.269590000
CVE-2005-2230;0.003620000;0.273860000
CVE-2005-2229;0.027380000;0.855620000
CVE-2005-2228;0.011940000;0.667830000
CVE-2005-2227;0.004480000;0.364180000
CVE-2005-2226;0.133890000;0.962920000
CVE-2005-2225;0.164360000;0.968780000
CVE-2005-2224;0.178310000;0.970740000
CVE-2005-2223;0.508050000;0.988880000
CVE-2005-2222;0.013760000;0.709230000
CVE-2005-2221;0.011410000;0.653130000
CVE-2005-2220;0.014420000;0.721630000
CVE-2005-2219;0.019240000;0.791120000
CVE-2005-2218;0.003750000;0.288680000
CVE-2005-2217;0.012990000;0.692460000
CVE-2005-2216;0.025670000;0.845220000
CVE-2005-2215;0.012100000;0.672050000
CVE-2005-2214;0.003950000;0.310740000
CVE-2005-2213;0.025660000;0.845130000
CVE-2005-2212;0.009880000;0.609640000
CVE-2005-2211;0.003170000;0.220780000
CVE-2005-2210;0.039750000;0.901190000
CVE-2005-2209;0.002580000;0.156630000
CVE-2005-2208;0.031000000;0.872470000
CVE-2005-2207;0.009920000;0.610610000
CVE-2005-2206;0.012100000;0.672220000
CVE-2005-2205;0.022960000;0.825810000
CVE-2005-2204;0.019030000;0.788790000
CVE-2005-2203;0.014810000;0.728900000
CVE-2005-2202;0.017980000;0.775680000
CVE-2005-2201;0.023700000;0.831470000
CVE-2005-2200;0.021770000;0.816050000
CVE-2005-2199;0.100740000;0.954780000
CVE-2005-2198;0.032830000;0.879980000
CVE-2005-2197;0.013300000;0.699310000
CVE-2005-2196;0.002960000;0.199670000
CVE-2005-2195;0.015610000;0.742330000
CVE-2005-2194;0.024500000;0.837390000
CVE-2005-2193;0.012300000;0.677090000
CVE-2005-2192;0.040600000;0.903030000
CVE-2005-2191;0.012080000;0.671550000
CVE-2005-2190;0.011410000;0.653120000
CVE-2005-2189;0.011810000;0.664550000
CVE-2005-2188;0.015820000;0.745450000
CVE-2005-2187;0.006390000;0.485270000
CVE-2005-2186;0.005380000;0.430030000
CVE-2005-2185;0.013680000;0.707450000
CVE-2005-2184;0.018770000;0.785680000
CVE-2005-2183;0.014070000;0.715140000
CVE-2005-2182;0.011890000;0.666410000
CVE-2005-2181;0.011890000;0.666420000
CVE-2005-2180;0.003490000;0.259400000
CVE-2005-2179;0.020570000;0.805100000
CVE-2005-2178;0.022900000;0.825290000
CVE-2005-2177;0.039280000;0.899900000
CVE-2005-2176;0.035020000;0.887470000
CVE-2005-2175;0.052090000;0.922050000
CVE-2005-2174;0.008550000;0.566680000
CVE-2005-2173;0.009280000;0.589840000
CVE-2005-2170;0.017980000;0.775800000
CVE-2005-2169;0.019820000;0.797250000
CVE-2005-2168;0.010870000;0.639360000
CVE-2005-2167;0.009380000;0.593040000
CVE-2005-2166;0.010070000;0.615540000
CVE-2005-2165;0.020020000;0.799430000
CVE-2005-2164;0.011110000;0.645840000
CVE-2005-2163;0.018120000;0.777580000
CVE-2005-2162;0.022760000;0.824120000
CVE-2005-2161;0.012280000;0.676670000
CVE-2005-2160;0.019620000;0.795190000
CVE-2005-2159;0.013310000;0.699480000
CVE-2005-2158;0.013170000;0.696550000
CVE-2005-2157;0.022680000;0.823480000
CVE-2005-2156;0.011410000;0.653130000
CVE-2005-2155;0.033990000;0.884080000
CVE-2005-2154;0.024350000;0.836280000
CVE-2005-2153;0.013320000;0.699730000
CVE-2005-2152;0.012110000;0.672450000
CVE-2005-2151;0.009200000;0.586880000
CVE-2005-2150;0.193560000;0.972650000
CVE-2005-2149;0.023060000;0.826590000
CVE-2005-2148;0.034050000;0.884260000
CVE-2005-2147;0.014170000;0.717140000
CVE-2005-2146;0.003080000;0.211980000
CVE-2005-2145;0.003110000;0.214760000
CVE-2005-2144;0.003710000;0.284000000
CVE-2005-2143;0.039830000;0.901370000
CVE-2005-2142;0.007160000;0.518440000
CVE-2005-2141;0.033850000;0.883560000
CVE-2005-2140;0.027220000;0.854700000
CVE-2005-2139;0.013990000;0.713830000
CVE-2005-2138;0.009920000;0.610600000
CVE-2005-2137;0.013730000;0.708590000
CVE-2005-2136;0.005860000;0.458240000
CVE-2005-2135;0.011240000;0.649030000
CVE-2005-2134;0.002930000;0.196050000
CVE-2005-2132;0.005480000;0.436510000
CVE-2005-2128;0.404920000;0.986020000
CVE-2005-2127;0.636650000;0.991930000
CVE-2005-2126;0.142590000;0.964760000
CVE-2005-2124;0.557130000;0.990100000
CVE-2005-2123;0.614770000;0.991410000
CVE-2005-2122;0.437960000;0.987030000
CVE-2005-2120;0.619710000;0.991520000
CVE-2005-2119;0.355000000;0.984040000
CVE-2005-2118;0.473660000;0.988010000
CVE-2005-2117;0.370420000;0.984670000
CVE-2005-2115;0.015910000;0.746760000
CVE-2005-2114;0.020990000;0.809470000
CVE-2005-2113;0.012470000;0.681120000
CVE-2005-2112;0.017400000;0.767920000
CVE-2005-2111;0.022990000;0.826040000
CVE-2005-2110;0.028790000;0.863080000
CVE-2005-2109;0.025780000;0.845920000
CVE-2005-2108;0.093200000;0.952140000
CVE-2005-2107;0.025590000;0.844620000
CVE-2005-2106;0.032030000;0.876560000
CVE-2005-2105;0.025900000;0.846630000
CVE-2005-2104;0.004320000;0.350090000
CVE-2005-2103;0.160550000;0.968080000
CVE-2005-2102;0.018870000;0.786840000
CVE-2005-2101;0.012700000;0.686280000
CVE-2005-2100;0.003940000;0.309750000
CVE-2005-2099;0.032830000;0.879960000
CVE-2005-2098;0.031980000;0.876300000
CVE-2005-2097;0.004290000;0.346190000
CVE-2005-2096;0.056270000;0.926750000
CVE-2005-2095;0.042420000;0.906840000
CVE-2005-2094;0.014200000;0.717630000
CVE-2005-2093;0.049450000;0.918500000
CVE-2005-2092;0.015150000;0.734740000
CVE-2005-2091;0.015150000;0.734730000
CVE-2005-2090;0.297840000;0.981430000
CVE-2005-2089;0.309700000;0.982040000
CVE-2005-2088;0.204610000;0.974240000
CVE-2005-2087;0.613720000;0.991390000
CVE-2005-2086;0.853660000;0.997120000
CVE-2005-2085;0.026280000;0.849020000
CVE-2005-2084;0.009740000;0.605260000
CVE-2005-2083;0.031420000;0.874110000
CVE-2005-2082;0.014060000;0.715110000
CVE-2005-2081;0.043170000;0.908220000
CVE-2005-2080;0.015490000;0.740370000
CVE-2005-2079;0.052170000;0.922150000
CVE-2005-2078;0.016900000;0.761350000
CVE-2005-2077;0.036130000;0.890830000
CVE-2005-2076;0.005140000;0.414390000
CVE-2005-2075;0.068440000;0.938070000
CVE-2005-2074;0.011770000;0.663340000
CVE-2005-2073;0.002920000;0.195520000
CVE-2005-2072;0.009980000;0.612620000
CVE-2005-2071;0.010560000;0.630330000
CVE-2005-2070;0.016610000;0.757190000
CVE-2005-2069;0.027520000;0.856340000
CVE-2005-2068;0.010810000;0.637400000
CVE-2005-2067;0.011370000;0.652200000
CVE-2005-2066;0.011370000;0.652190000
CVE-2005-2065;0.018540000;0.783100000
CVE-2005-2064;0.020330000;0.802760000
CVE-2005-2063;0.009630000;0.601140000
CVE-2005-2062;0.013420000;0.702140000
CVE-2005-2061;0.013360000;0.700760000
CVE-2005-2060;0.013360000;0.700740000
CVE-2005-2059;0.009600000;0.600000000
CVE-2005-2058;0.012260000;0.676230000
CVE-2005-2057;0.014740000;0.727640000
CVE-2005-2056;0.023390000;0.829210000
CVE-2005-2055;0.009050000;0.582150000
CVE-2005-2054;0.015450000;0.739750000
CVE-2005-2053;0.017210000;0.765520000
CVE-2005-2052;0.021880000;0.816870000
CVE-2005-2051;0.031700000;0.875250000
CVE-2005-2050;0.022230000;0.819980000
CVE-2005-2049;0.024110000;0.834440000
CVE-2005-2048;0.024380000;0.836450000
CVE-2005-2047;0.012100000;0.672220000
CVE-2005-2046;0.020830000;0.807840000
CVE-2005-2045;0.013300000;0.699320000
CVE-2005-2044;0.029080000;0.864510000
CVE-2005-2043;0.016400000;0.753980000
CVE-2005-2042;0.011770000;0.663470000
CVE-2005-2041;0.055470000;0.925610000
CVE-2005-2040;0.028430000;0.861370000
CVE-2005-2039;0.018050000;0.776650000
CVE-2005-2038;0.010530000;0.629410000
CVE-2005-2037;0.011980000;0.668760000
CVE-2005-2036;0.017190000;0.765300000
CVE-2005-2035;0.011380000;0.652410000
CVE-2005-2034;0.009380000;0.593030000
CVE-2005-2033;0.074600000;0.942560000
CVE-2005-2032;0.003790000;0.292330000
CVE-2005-2031;0.012040000;0.670090000
CVE-2005-2030;0.030040000;0.868720000
CVE-2005-2029;0.013170000;0.696540000
CVE-2005-2028;0.020660000;0.806090000
CVE-2005-2027;0.009890000;0.609900000
CVE-2005-2026;0.013170000;0.696550000
CVE-2005-2025;0.023420000;0.829540000
CVE-2005-2024;0.017980000;0.775780000
CVE-2005-2023;0.022770000;0.824250000
CVE-2005-2022;0.009380000;0.593030000
CVE-2005-2021;0.027020000;0.853600000
CVE-2005-2020;0.017930000;0.775160000
CVE-2005-2019;0.012320000;0.677500000
CVE-2005-2017;0.016940000;0.761840000
CVE-2005-2014;0.006530000;0.492480000
CVE-2005-2013;0.013400000;0.701620000
CVE-2005-2012;0.011860000;0.665840000
CVE-2005-2011;0.014210000;0.717660000
CVE-2005-2010;0.036170000;0.890990000
CVE-2005-2009;0.011740000;0.662150000
CVE-2005-2008;0.014570000;0.724370000
CVE-2005-2007;0.017910000;0.774830000
CVE-2005-2006;0.092260000;0.951840000
CVE-2005-2005;0.012120000;0.672830000
CVE-2005-2004;0.011640000;0.659570000
CVE-2005-2003;0.012120000;0.672830000
CVE-2005-2002;0.013230000;0.697730000
CVE-2005-2001;0.017890000;0.774600000
CVE-2005-2000;0.024440000;0.836890000
CVE-2005-1999;0.012700000;0.686220000
CVE-2005-1998;0.030700000;0.871320000
CVE-2005-1997;0.014250000;0.718490000
CVE-2005-1996;0.015400000;0.738840000
CVE-2005-1995;0.013880000;0.711620000
CVE-2005-1994;0.014250000;0.718510000
CVE-2005-1993;0.003970000;0.312760000
CVE-2005-1992;0.065650000;0.935880000
CVE-2005-1990;0.485130000;0.988280000
CVE-2005-1989;0.456790000;0.987570000
CVE-2005-1988;0.455970000;0.987550000
CVE-2005-1987;0.444990000;0.987240000
CVE-2005-1985;0.372990000;0.984770000
CVE-2005-1984;0.552970000;0.990010000
CVE-2005-1983;0.930140000;0.998300000
CVE-2005-1982;0.017020000;0.762960000
CVE-2005-1981;0.065550000;0.935800000
CVE-2005-1980;0.333310000;0.983200000
CVE-2005-1979;0.328230000;0.983010000
CVE-2005-1978;0.533780000;0.989550000
CVE-2005-1976;0.004140000;0.330810000
CVE-2005-1975;0.012960000;0.691870000
CVE-2005-1974;0.024370000;0.836350000
CVE-2005-1973;0.015680000;0.743370000
CVE-2005-1972;0.011110000;0.645830000
CVE-2005-1971;0.014790000;0.728550000
CVE-2005-1970;0.004070000;0.323460000
CVE-2005-1969;0.011640000;0.659660000
CVE-2005-1968;0.009920000;0.610600000
CVE-2005-1967;0.010660000;0.633620000
CVE-2005-1966;0.018280000;0.779740000
CVE-2005-1965;0.040460000;0.902730000
CVE-2005-1964;0.012840000;0.689320000
CVE-2005-1963;0.015480000;0.740210000
CVE-2005-1962;0.012550000;0.683040000
CVE-2005-1961;0.003110000;0.214760000
CVE-2005-1960;0.018280000;0.779740000
CVE-2005-1959;0.030800000;0.871740000
CVE-2005-1957;0.016490000;0.755390000
CVE-2005-1956;0.013980000;0.713460000
CVE-2005-1955;0.017290000;0.766550000
CVE-2005-1954;0.011810000;0.664610000
CVE-2005-1953;0.032180000;0.877290000
CVE-2005-1952;0.023700000;0.831460000
CVE-2005-1951;0.023420000;0.829530000
CVE-2005-1950;0.096090000;0.953190000
CVE-2005-1949;0.021350000;0.812600000
CVE-2005-1948;0.011670000;0.660300000
CVE-2005-1947;0.004610000;0.374610000
CVE-2005-1946;0.012770000;0.687920000
CVE-2005-1945;0.012050000;0.670600000
CVE-2005-1944;0.003340000;0.241950000
CVE-2005-1943;0.011300000;0.650440000
CVE-2005-1942;0.015850000;0.745910000
CVE-2005-1941;0.003400000;0.248000000
CVE-2005-1939;0.635880000;0.991900000
CVE-2005-1937;0.025890000;0.846600000
CVE-2005-1936;0.014600000;0.725110000
CVE-2005-1935;0.266290000;0.979550000
CVE-2005-1934;0.023850000;0.832470000
CVE-2005-1933;0.018320000;0.780180000
CVE-2005-1932;0.007320000;0.524440000
CVE-2005-1931;0.024510000;0.837440000
CVE-2005-1930;0.019160000;0.790240000
CVE-2005-1929;0.049440000;0.918480000
CVE-2005-1928;0.036590000;0.892240000
CVE-2005-1925;0.026500000;0.850390000
CVE-2005-1924;0.102630000;0.955350000
CVE-2005-1923;0.016150000;0.750220000
CVE-2005-1922;0.025260000;0.842480000
CVE-2005-1921;0.790710000;0.995880000
CVE-2005-1920;0.036700000;0.892520000
CVE-2005-1918;0.029300000;0.865520000
CVE-2005-1917;0.002920000;0.195520000
CVE-2005-1916;0.003550000;0.267270000
CVE-2005-1915;0.003480000;0.258260000
CVE-2005-1914;0.003620000;0.273850000
CVE-2005-1913;0.003890000;0.303880000
CVE-2005-1911;0.011380000;0.652610000
CVE-2005-1910;0.013160000;0.696250000
CVE-2005-1909;0.009920000;0.610630000
CVE-2005-1908;0.017210000;0.765630000
CVE-2005-1907;0.193140000;0.972570000
CVE-2005-1906;0.011980000;0.668740000
CVE-2005-1905;0.007340000;0.525250000
CVE-2005-1904;0.012110000;0.672470000
CVE-2005-1903;0.069540000;0.938960000
CVE-2005-1902;0.035540000;0.888920000
CVE-2005-1901;0.013740000;0.708890000
CVE-2005-1900;0.020560000;0.805050000
CVE-2005-1899;0.031200000;0.873280000
CVE-2005-1898;0.013730000;0.708660000
CVE-2005-1897;0.014220000;0.717920000
CVE-2005-1896;0.019540000;0.794440000
CVE-2005-1895;0.017850000;0.774150000
CVE-2005-1894;0.037230000;0.894090000
CVE-2005-1893;0.029250000;0.865300000
CVE-2005-1892;0.021570000;0.814500000
CVE-2005-1891;0.022870000;0.825040000
CVE-2005-1890;0.009890000;0.609910000
CVE-2005-1889;0.009890000;0.609910000
CVE-2005-1888;0.012100000;0.672050000
CVE-2005-1887;0.003310000;0.237390000
CVE-2005-1886;0.019110000;0.789640000
CVE-2005-1885;0.015480000;0.740160000
CVE-2005-1884;0.025690000;0.845290000
CVE-2005-1883;0.015480000;0.740160000
CVE-2005-1882;0.026090000;0.847930000
CVE-2005-1881;0.034290000;0.884990000
CVE-2005-1880;0.004630000;0.376240000
CVE-2005-1879;0.003920000;0.306700000
CVE-2005-1878;0.002980000;0.202000000
CVE-2005-1877;0.011640000;0.659720000
CVE-2005-1876;0.005800000;0.454850000
CVE-2005-1875;0.012430000;0.680310000
CVE-2005-1874;0.016400000;0.754100000
CVE-2005-1873;0.050080000;0.919410000
CVE-2005-1872;0.031700000;0.875230000
CVE-2005-1871;0.016160000;0.750320000
CVE-2005-1870;0.030140000;0.869090000
CVE-2005-1869;0.018780000;0.785800000
CVE-2005-1868;0.019390000;0.792900000
CVE-2005-1867;0.016280000;0.752090000
CVE-2005-1866;0.012420000;0.679810000
CVE-2005-1865;0.018880000;0.786980000
CVE-2005-1864;0.010730000;0.635340000
CVE-2005-1859;0.003220000;0.227380000
CVE-2005-1858;0.007620000;0.535100000
CVE-2005-1857;0.043250000;0.908330000
CVE-2005-1856;0.003310000;0.237240000
CVE-2005-1855;0.003640000;0.276770000
CVE-2005-1854;0.021290000;0.812070000
CVE-2005-1853;0.005200000;0.418310000
CVE-2005-1852;0.047030000;0.914900000
CVE-2005-1851;0.015070000;0.733380000
CVE-2005-1850;0.015070000;0.733380000
CVE-2005-1849;0.040760000;0.903400000
CVE-2005-1848;0.019260000;0.791300000
CVE-2005-1847;0.020640000;0.805880000
CVE-2005-1846;0.012260000;0.676170000
CVE-2005-1843;0.012240000;0.675920000
CVE-2005-1842;0.009140000;0.585310000
CVE-2005-1841;0.007370000;0.526510000
CVE-2005-1840;0.018410000;0.781260000
CVE-2005-1839;0.013160000;0.696210000
CVE-2005-1838;0.011010000;0.643250000
CVE-2005-1837;0.010600000;0.631580000
CVE-2005-1836;0.017860000;0.774220000
CVE-2005-1835;0.019510000;0.794190000
CVE-2005-1834;0.013990000;0.713760000
CVE-2005-1833;0.024470000;0.837130000
CVE-2005-1832;0.012710000;0.686530000
CVE-2005-1831;0.004050000;0.321180000
CVE-2005-1830;0.016990000;0.762570000
CVE-2005-1829;0.127180000;0.961320000
CVE-2005-1828;0.012230000;0.675580000
CVE-2005-1827;0.195090000;0.972900000
CVE-2005-1826;0.083620000;0.947800000
CVE-2005-1825;0.615220000;0.991430000
CVE-2005-1824;0.010800000;0.636980000
CVE-2005-1823;0.036450000;0.891780000
CVE-2005-1822;0.023500000;0.830020000
CVE-2005-1821;0.028870000;0.863430000
CVE-2005-1820;0.026570000;0.850880000
CVE-2005-1819;0.009380000;0.593060000
CVE-2005-1818;0.011980000;0.668750000
CVE-2005-1817;0.019140000;0.789990000
CVE-2005-1816;0.004960000;0.400860000
CVE-2005-1815;0.471920000;0.987980000
CVE-2005-1814;0.037900000;0.896000000
CVE-2005-1813;0.032770000;0.879680000
CVE-2005-1812;0.629160000;0.991740000
CVE-2005-1811;0.012700000;0.686200000
CVE-2005-1810;0.031390000;0.874010000
CVE-2005-1809;0.015480000;0.740300000
CVE-2005-1808;0.016990000;0.762580000
CVE-2005-1807;0.044990000;0.911560000
CVE-2005-1806;0.119390000;0.959790000
CVE-2005-1805;0.011200000;0.648060000
CVE-2005-1804;0.010830000;0.638270000
CVE-2005-1803;0.018430000;0.781530000
CVE-2005-1802;0.015910000;0.746790000
CVE-2005-1801;0.017970000;0.775650000
CVE-2005-1800;0.030570000;0.870840000
CVE-2005-1799;0.009380000;0.593060000
CVE-2005-1798;0.016910000;0.761490000
CVE-2005-1797;0.007400000;0.527500000
CVE-2005-1796;0.054880000;0.924940000
CVE-2005-1795;0.036420000;0.891690000
CVE-2005-1794;0.163190000;0.968530000
CVE-2005-1793;0.074070000;0.942280000
CVE-2005-1792;0.068790000;0.938370000
CVE-2005-1791;0.038010000;0.896330000
CVE-2005-1790;0.834720000;0.996760000
CVE-2005-1789;0.012100000;0.672190000
CVE-2005-1788;0.020830000;0.807840000
CVE-2005-1787;0.123450000;0.960620000
CVE-2005-1786;0.013450000;0.702770000
CVE-2005-1785;0.013300000;0.699300000
CVE-2005-1784;0.056270000;0.926750000
CVE-2005-1783;0.015480000;0.740180000
CVE-2005-1782;0.051300000;0.921000000
CVE-2005-1781;0.017680000;0.772060000
CVE-2005-1780;0.013160000;0.696210000
CVE-2005-1779;0.020250000;0.802000000
CVE-2005-1778;0.009640000;0.601450000
CVE-2005-1777;0.011580000;0.657780000
CVE-2005-1776;0.037900000;0.896000000
CVE-2005-1775;0.012940000;0.691470000
CVE-2005-1774;0.003790000;0.293110000
CVE-2005-1773;0.026880000;0.852830000
CVE-2005-1772;0.018780000;0.785870000
CVE-2005-1771;0.019090000;0.789510000
CVE-2005-1770;0.006770000;0.502950000
CVE-2005-1769;0.018300000;0.779960000
CVE-2005-1768;0.004820000;0.390900000
CVE-2005-1767;0.004550000;0.369400000
CVE-2005-1766;0.041050000;0.904060000
CVE-2005-1765;0.003890000;0.303880000
CVE-2005-1764;0.003930000;0.307940000
CVE-2005-1763;0.004150000;0.332100000
CVE-2005-1762;0.004370000;0.355090000
CVE-2005-1761;0.004550000;0.369400000
CVE-2005-1760;0.019710000;0.796050000
CVE-2005-1759;0.003520000;0.262860000
CVE-2005-1758;0.160780000;0.968100000
CVE-2005-1757;0.031130000;0.872930000
CVE-2005-1756;0.023230000;0.827980000
CVE-2005-1755;0.024690000;0.838600000
CVE-2005-1754;0.028400000;0.861250000
CVE-2005-1753;0.011840000;0.665280000
CVE-2005-1752;0.039550000;0.900630000
CVE-2005-1751;0.003870000;0.301380000
CVE-2005-1750;0.013300000;0.699330000
CVE-2005-1749;0.031790000;0.875590000
CVE-2005-1748;0.026280000;0.849060000
CVE-2005-1747;0.051100000;0.920770000
CVE-2005-1746;0.026280000;0.849070000
CVE-2005-1745;0.005860000;0.458440000
CVE-2005-1744;0.021420000;0.813200000
CVE-2005-1743;0.021910000;0.817170000
CVE-2005-1742;0.030320000;0.869820000
CVE-2005-1741;0.035040000;0.887530000
CVE-2005-1740;0.086400000;0.949280000
CVE-2005-1739;0.041610000;0.905230000
CVE-2005-1738;0.025960000;0.847150000
CVE-2005-1737;0.012830000;0.688980000
CVE-2005-1736;0.011030000;0.643800000
CVE-2005-1735;0.011640000;0.659730000
CVE-2005-1734;0.011980000;0.668730000
CVE-2005-1733;0.015310000;0.737310000
CVE-2005-1732;0.015480000;0.740200000
CVE-2005-1730;0.046010000;0.913390000
CVE-2005-1729;0.016340000;0.753230000
CVE-2005-1728;0.003020000;0.206010000
CVE-2005-1727;0.002570000;0.156370000
CVE-2005-1726;0.003320000;0.238110000
CVE-2005-1725;0.007570000;0.533380000
CVE-2005-1724;0.013030000;0.693400000
CVE-2005-1723;0.010910000;0.640200000
CVE-2005-1722;0.003830000;0.296640000
CVE-2005-1721;0.019720000;0.796120000
CVE-2005-1720;0.003020000;0.205380000
CVE-2005-1719;0.014240000;0.718340000
CVE-2005-1718;0.033510000;0.882430000
CVE-2005-1717;0.016970000;0.762300000
CVE-2005-1716;0.015480000;0.740170000
CVE-2005-1715;0.019740000;0.796310000
CVE-2005-1714;0.009380000;0.593080000
CVE-2005-1713;0.012080000;0.671600000
CVE-2005-1712;0.013170000;0.696460000
CVE-2005-1711;0.010470000;0.627790000
CVE-2005-1710;0.012960000;0.691860000
CVE-2005-1709;0.027850000;0.858440000
CVE-2005-1708;0.011740000;0.662180000
CVE-2005-1707;0.009850000;0.608340000
CVE-2005-1706;0.014350000;0.720350000
CVE-2005-1705;0.004370000;0.354700000
CVE-2005-1704;0.006000000;0.465500000
CVE-2005-1703;0.077490000;0.944320000
CVE-2005-1702;0.048180000;0.916570000
CVE-2005-1701;0.011490000;0.655570000
CVE-2005-1700;0.009410000;0.593960000
CVE-2005-1699;0.009810000;0.607240000
CVE-2005-1698;0.011250000;0.649410000
CVE-2005-1697;0.011250000;0.649420000
CVE-2005-1696;0.009010000;0.580910000
CVE-2005-1695;0.011580000;0.657840000
CVE-2005-1694;0.011110000;0.645800000
CVE-2005-1693;0.068860000;0.938430000
CVE-2005-1692;0.032590000;0.879090000
CVE-2005-1691;0.015400000;0.738870000
CVE-2005-1689;0.110120000;0.957610000
CVE-2005-1688;0.019060000;0.789150000
CVE-2005-1687;0.022990000;0.826040000
CVE-2005-1686;0.076550000;0.943780000
CVE-2005-1685;0.017280000;0.766400000
CVE-2005-1684;0.009480000;0.596390000
CVE-2005-1683;0.146190000;0.965380000
CVE-2005-1682;0.006860000;0.506810000
CVE-2005-1681;0.065620000;0.935860000
CVE-2005-1680;0.014610000;0.725200000
CVE-2005-1679;0.074130000;0.942330000
CVE-2005-1678;0.016390000;0.753850000
CVE-2005-1677;0.036160000;0.890950000
CVE-2005-1676;0.030220000;0.869410000
CVE-2005-1675;0.009690000;0.603400000
CVE-2005-1674;0.028580000;0.862070000
CVE-2005-1673;0.011180000;0.647620000
CVE-2005-1672;0.027150000;0.854370000
CVE-2005-1671;0.003700000;0.282920000
CVE-2005-1670;0.008510000;0.565310000
CVE-2005-1669;0.018450000;0.781800000
CVE-2005-1668;0.019900000;0.798180000
CVE-2005-1667;0.033420000;0.882160000
CVE-2005-1666;0.099670000;0.954440000
CVE-2005-1665;0.403340000;0.985960000
CVE-2005-1664;0.188470000;0.971960000
CVE-2005-1663;0.018680000;0.784770000
CVE-2005-1662;0.019470000;0.793850000
CVE-2005-1661;0.018870000;0.786800000
CVE-2005-1660;0.017080000;0.763890000
CVE-2005-1659;0.010030000;0.614540000
CVE-2005-1658;0.015490000;0.740360000
CVE-2005-1657;0.019050000;0.788970000
CVE-2005-1656;0.013060000;0.694100000
CVE-2005-1655;0.024140000;0.834630000
CVE-2005-1654;0.024810000;0.839460000
CVE-2005-1653;0.011480000;0.655260000
CVE-2005-1652;0.014810000;0.728900000
CVE-2005-1651;0.014790000;0.728540000
CVE-2005-1650;0.016620000;0.757280000
CVE-2005-1649;0.217760000;0.975640000
CVE-2005-1648;0.017270000;0.766310000
CVE-2005-1647;0.017080000;0.763900000
CVE-2005-1646;0.017410000;0.768170000
CVE-2005-1645;0.028700000;0.862650000
CVE-2005-1644;0.013060000;0.694030000
CVE-2005-1643;0.022670000;0.823400000
CVE-2005-1642;0.012800000;0.688240000
CVE-2005-1641;0.004890000;0.396400000
CVE-2005-1640;0.024780000;0.839240000
CVE-2005-1639;0.013160000;0.696250000
CVE-2005-1638;0.011950000;0.668060000
CVE-2005-1637;0.011280000;0.649960000
CVE-2005-1636;0.006150000;0.473350000
CVE-2005-1635;0.011940000;0.667780000
CVE-2005-1634;0.013750000;0.709090000
CVE-2005-1633;0.019960000;0.798870000
CVE-2005-1632;0.004370000;0.354960000
CVE-2005-1631;0.013880000;0.711630000
CVE-2005-1630;0.011030000;0.643790000
CVE-2005-1629;0.020890000;0.808410000
CVE-2005-1628;0.106420000;0.956500000
CVE-2005-1627;0.003630000;0.275240000
CVE-2005-1626;0.020100000;0.800650000
CVE-2005-1625;0.045800000;0.913040000
CVE-2005-1622;0.009380000;0.593060000
CVE-2005-1621;0.016860000;0.760840000
CVE-2005-1620;0.027010000;0.853550000
CVE-2005-1619;0.017410000;0.768110000
CVE-2005-1618;0.031580000;0.874770000
CVE-2005-1617;0.003180000;0.222640000
CVE-2005-1616;0.013680000;0.707440000
CVE-2005-1615;0.020610000;0.805610000
CVE-2005-1614;0.036530000;0.892050000
CVE-2005-1613;0.036530000;0.892060000
CVE-2005-1612;0.021590000;0.814650000
CVE-2005-1611;0.019810000;0.797130000
CVE-2005-1610;0.022520000;0.822290000
CVE-2005-1609;0.023270000;0.828280000
CVE-2005-1608;0.012730000;0.687120000
CVE-2005-1607;0.014570000;0.724490000
CVE-2005-1606;0.008300000;0.558430000
CVE-2005-1605;0.015190000;0.735370000
CVE-2005-1604;0.050970000;0.920630000
CVE-2005-1603;0.031340000;0.873840000
CVE-2005-1602;0.016620000;0.757370000
CVE-2005-1601;0.013880000;0.711680000
CVE-2005-1600;0.014600000;0.725110000
CVE-2005-1599;0.011770000;0.663540000
CVE-2005-1598;0.139100000;0.964120000
CVE-2005-1597;0.023750000;0.831780000
CVE-2005-1596;0.069520000;0.938960000
CVE-2005-1595;0.018050000;0.776690000
CVE-2005-1594;0.014030000;0.714530000
CVE-2005-1593;0.042280000;0.906610000
CVE-2005-1592;0.014570000;0.724440000
CVE-2005-1591;0.012270000;0.676370000
CVE-2005-1590;0.009230000;0.587710000
CVE-2005-1589;0.011820000;0.664790000
CVE-2005-1588;0.012100000;0.672200000
CVE-2005-1587;0.017360000;0.767510000
CVE-2005-1586;0.013880000;0.711680000
CVE-2005-1585;0.013160000;0.696230000
CVE-2005-1584;0.011770000;0.663370000
CVE-2005-1583;0.011210000;0.648260000
CVE-2005-1582;0.010100000;0.616430000
CVE-2005-1581;0.009480000;0.596380000
CVE-2005-1580;0.026880000;0.852820000
CVE-2005-1579;0.020350000;0.802940000
CVE-2005-1578;0.003020000;0.205460000
CVE-2005-1577;0.014570000;0.724460000
CVE-2005-1576;0.011190000;0.647810000
CVE-2005-1575;0.011090000;0.645110000
CVE-2005-1574;0.050910000;0.920560000
CVE-2005-1573;0.012100000;0.672210000
CVE-2005-1572;0.018430000;0.781580000
CVE-2005-1571;0.015490000;0.740350000
CVE-2005-1570;0.011780000;0.663860000
CVE-2005-1569;0.009740000;0.605260000
CVE-2005-1568;0.012260000;0.676210000
CVE-2005-1567;0.011530000;0.656780000
CVE-2005-1566;0.016350000;0.753400000
CVE-2005-1565;0.012170000;0.673760000
CVE-2005-1564;0.015630000;0.742660000
CVE-2005-1563;0.012890000;0.690290000
CVE-2005-1562;0.019630000;0.795320000
CVE-2005-1561;0.039630000;0.900890000
CVE-2005-1560;0.036330000;0.891390000
CVE-2005-1559;0.038600000;0.897980000
CVE-2005-1558;0.018370000;0.780810000
CVE-2005-1557;0.014270000;0.718980000
CVE-2005-1556;0.016990000;0.762570000
CVE-2005-1555;0.011640000;0.659680000
CVE-2005-1554;0.013320000;0.699730000
CVE-2005-1553;0.010820000;0.637840000
CVE-2005-1552;0.033020000;0.880770000
CVE-2005-1551;0.042910000;0.907730000
CVE-2005-1550;0.036530000;0.892040000
CVE-2005-1549;0.017690000;0.772180000
CVE-2005-1548;0.010570000;0.630640000
CVE-2005-1547;0.030010000;0.868540000
CVE-2005-1546;0.028240000;0.860360000
CVE-2005-1545;0.022080000;0.818760000
CVE-2005-1544;0.143940000;0.965030000
CVE-2005-1543;0.661020000;0.992530000
CVE-2005-1532;0.094730000;0.952690000
CVE-2005-1531;0.032900000;0.880280000
CVE-2005-1530;0.061630000;0.932350000
CVE-2005-1528;0.008380000;0.560810000
CVE-2005-1527;0.030040000;0.868710000
CVE-2005-1526;0.165520000;0.969050000
CVE-2005-1525;0.019380000;0.792810000
CVE-2005-1524;0.158700000;0.967720000
CVE-2005-1523;0.097820000;0.953790000
CVE-2005-1522;0.016700000;0.758410000
CVE-2005-1521;0.032570000;0.878990000
CVE-2005-1520;0.066700000;0.936600000
CVE-2005-1519;0.023570000;0.830650000
CVE-2005-1518;0.002870000;0.190820000
CVE-2005-1517;0.012020000;0.669770000
CVE-2005-1516;0.016350000;0.753400000
CVE-2005-1515;0.065160000;0.935430000
CVE-2005-1514;0.065720000;0.935930000
CVE-2005-1513;0.107890000;0.956920000
CVE-2005-1512;0.015490000;0.740380000
CVE-2005-1511;0.017210000;0.765630000
CVE-2005-1510;0.015320000;0.737450000
CVE-2005-1509;0.012430000;0.680290000
CVE-2005-1508;0.018530000;0.782930000
CVE-2005-1507;0.057350000;0.927880000
CVE-2005-1506;0.010270000;0.621900000
CVE-2005-1505;0.011030000;0.643780000
CVE-2005-1504;0.018260000;0.779490000
CVE-2005-1503;0.039920000;0.901580000
CVE-2005-1502;0.030290000;0.869710000
CVE-2005-1501;0.015490000;0.740400000
CVE-2005-1500;0.025450000;0.843740000
CVE-2005-1499;0.026670000;0.851550000
CVE-2005-1498;0.035960000;0.890380000
CVE-2005-1497;0.014090000;0.715550000
CVE-2005-1496;0.383120000;0.985200000
CVE-2005-1495;0.032080000;0.876800000
CVE-2005-1494;0.017360000;0.767500000
CVE-2005-1493;0.031500000;0.874450000
CVE-2005-1492;0.043540000;0.908940000
CVE-2005-1491;0.005780000;0.453740000
CVE-2005-1490;0.005850000;0.457810000
CVE-2005-1489;0.013730000;0.708650000
CVE-2005-1488;0.002730000;0.176850000
CVE-2005-1487;0.034540000;0.885890000
CVE-2005-1486;0.039920000;0.901580000
CVE-2005-1485;0.014090000;0.715550000
CVE-2005-1484;0.016860000;0.760830000
CVE-2005-1483;0.013760000;0.709280000
CVE-2005-1482;0.019030000;0.788780000
CVE-2005-1481;0.013690000;0.707630000
CVE-2005-1480;0.037010000;0.893420000
CVE-2005-1479;0.013530000;0.704440000
CVE-2005-1478;0.048370000;0.916870000
CVE-2005-1477;0.152400000;0.966500000
CVE-2005-1476;0.166970000;0.969260000
CVE-2005-1475;0.027950000;0.858850000
CVE-2005-1474;0.012920000;0.690980000
CVE-2005-1473;0.003440000;0.253390000
CVE-2005-1472;0.003120000;0.216120000
CVE-2005-1471;0.026340000;0.849490000
CVE-2005-1470;0.050430000;0.919920000
CVE-2005-1469;0.018980000;0.788250000
CVE-2005-1468;0.019940000;0.798630000
CVE-2005-1467;0.018870000;0.786840000
CVE-2005-1466;0.018980000;0.788250000
CVE-2005-1465;0.018980000;0.788250000
CVE-2005-1464;0.028350000;0.860930000
CVE-2005-1463;0.034730000;0.886530000
CVE-2005-1462;0.032040000;0.876590000
CVE-2005-1461;0.071190000;0.940330000
CVE-2005-1460;0.018980000;0.788230000
CVE-2005-1459;0.018980000;0.788260000
CVE-2005-1458;0.016260000;0.751860000
CVE-2005-1457;0.018980000;0.788240000
CVE-2005-1456;0.018980000;0.788240000
CVE-2005-1455;0.025200000;0.842140000
CVE-2005-1454;0.017940000;0.775210000
CVE-2005-1453;0.014300000;0.719500000
CVE-2005-1452;0.014120000;0.715990000
CVE-2005-1451;0.015720000;0.744000000
CVE-2005-1450;0.013170000;0.696460000
CVE-2005-1449;0.014120000;0.715990000
CVE-2005-1448;0.013400000;0.701780000
CVE-2005-1447;0.016970000;0.762210000
CVE-2005-1446;0.017270000;0.766320000
CVE-2005-1445;0.017410000;0.768120000
CVE-2005-1444;0.016400000;0.754090000
CVE-2005-1443;0.012780000;0.687980000
CVE-2005-1442;0.004410000;0.358360000
CVE-2005-1441;0.017520000;0.769630000
CVE-2005-1440;0.031870000;0.875840000
CVE-2005-1439;0.017340000;0.767230000
CVE-2005-1438;0.014880000;0.730160000
CVE-2005-1437;0.013160000;0.696240000
CVE-2005-1436;0.016890000;0.761190000
CVE-2005-1435;0.021120000;0.810540000
CVE-2005-1434;0.039540000;0.900610000
CVE-2005-1433;0.005900000;0.460350000
CVE-2005-1431;0.022240000;0.820090000
CVE-2005-1430;0.003830000;0.297380000
CVE-2005-1429;0.011980000;0.668740000
CVE-2005-1428;0.014570000;0.724450000
CVE-2005-1427;0.017080000;0.763890000
CVE-2005-1426;0.015410000;0.739040000
CVE-2005-1425;0.015410000;0.739030000
CVE-2005-1424;0.008530000;0.565930000
CVE-2005-1423;0.028020000;0.859270000
CVE-2005-1422;0.014570000;0.724450000
CVE-2005-1421;0.015490000;0.740350000
CVE-2005-1420;0.013060000;0.694120000
CVE-2005-1419;0.013300000;0.699350000
CVE-2005-1418;0.007550000;0.532710000
CVE-2005-1417;0.024650000;0.838400000
CVE-2005-1416;0.016420000;0.754400000
CVE-2005-1415;0.607810000;0.991230000
CVE-2005-1414;0.007550000;0.532710000
CVE-2005-1413;0.057920000;0.928490000
CVE-2005-1412;0.010270000;0.621900000
CVE-2005-1411;0.008040000;0.549640000
CVE-2005-1410;0.004040000;0.320600000
CVE-2005-1409;0.020450000;0.803990000
CVE-2005-1408;0.015360000;0.738130000
CVE-2005-1407;0.003170000;0.221010000
CVE-2005-1406;0.003800000;0.293520000
CVE-2005-1405;0.003570000;0.268640000
CVE-2005-1404;0.016040000;0.748570000
CVE-2005-1403;0.057310000;0.927830000
CVE-2005-1402;0.027040000;0.853700000
CVE-2005-1401;0.041440000;0.904930000
CVE-2005-1400;0.003560000;0.267990000
CVE-2005-1399;0.003560000;0.267990000
CVE-2005-1398;0.027410000;0.855790000
CVE-2005-1397;0.018140000;0.777930000
CVE-2005-1396;0.007280000;0.523180000
CVE-2005-1395;0.005040000;0.406610000
CVE-2005-1394;0.008330000;0.559370000
CVE-2005-1393;0.006380000;0.484650000
CVE-2005-1392;0.003600000;0.271920000
CVE-2005-1391;0.060730000;0.931480000
CVE-2005-1388;0.011640000;0.659740000
CVE-2005-1387;0.003400000;0.249100000
CVE-2005-1386;0.011940000;0.667810000
CVE-2005-1385;0.021990000;0.818030000
CVE-2005-1384;0.027320000;0.855240000
CVE-2005-1383;0.306120000;0.981870000
CVE-2005-1382;0.070130000;0.939490000
CVE-2005-1381;0.201930000;0.973840000
CVE-2005-1380;0.049700000;0.918920000
CVE-2005-1379;0.003640000;0.276680000
CVE-2005-1378;0.016510000;0.755670000
CVE-2005-1377;0.019910000;0.798360000
CVE-2005-1376;0.016320000;0.752720000
CVE-2005-1375;0.027590000;0.856840000
CVE-2005-1374;0.048630000;0.917270000
CVE-2005-1373;0.014650000;0.725980000
CVE-2005-1372;0.009990000;0.612830000
CVE-2005-1371;0.010650000;0.632850000
CVE-2005-1370;0.056460000;0.926930000
CVE-2005-1369;0.003760000;0.289230000
CVE-2005-1368;0.003500000;0.260420000
CVE-2005-1367;0.012300000;0.677330000
CVE-2005-1366;0.069340000;0.938830000
CVE-2005-1365;0.120250000;0.959970000
CVE-2005-1364;0.015140000;0.734670000
CVE-2005-1363;0.015220000;0.735800000
CVE-2005-1362;0.011530000;0.656780000
CVE-2005-1361;0.013240000;0.698010000
CVE-2005-1360;0.029600000;0.866750000
CVE-2005-1359;0.009740000;0.605270000
CVE-2005-1358;0.018000000;0.776010000
CVE-2005-1357;0.011940000;0.667820000
CVE-2005-1356;0.009480000;0.596390000
CVE-2005-1355;0.011940000;0.667810000
CVE-2005-1354;0.018000000;0.776020000
CVE-2005-1353;0.011940000;0.667800000
CVE-2005-1352;0.014240000;0.718250000
CVE-2005-1351;0.026290000;0.849140000
CVE-2005-1350;0.016970000;0.762260000
CVE-2005-1349;0.128360000;0.961620000
CVE-2005-1348;0.726220000;0.994280000
CVE-2005-1347;0.052430000;0.922400000
CVE-2005-1346;0.014910000;0.730650000
CVE-2005-1345;0.017130000;0.764570000
CVE-2005-1344;0.290960000;0.981070000
CVE-2005-1343;0.010340000;0.624060000
CVE-2005-1342;0.052130000;0.922090000
CVE-2005-1341;0.030830000;0.871900000
CVE-2005-1340;0.013070000;0.694220000
CVE-2005-1339;0.013410000;0.701980000
CVE-2005-1338;0.003240000;0.229600000
CVE-2005-1337;0.012920000;0.690980000
CVE-2005-1336;0.009960000;0.611900000
CVE-2005-1335;0.007640000;0.536060000
CVE-2005-1333;0.070070000;0.939430000
CVE-2005-1332;0.018890000;0.787110000
CVE-2005-1331;0.023250000;0.828130000
CVE-2005-1330;0.003510000;0.261930000
CVE-2005-1329;0.033940000;0.883840000
CVE-2005-1328;0.018810000;0.786130000
CVE-2005-1327;0.009920000;0.610640000
CVE-2005-1326;0.021470000;0.813590000
CVE-2005-1325;0.030020000;0.868640000
CVE-2005-1324;0.011770000;0.663600000
CVE-2005-1323;0.630710000;0.991780000
CVE-2005-1322;0.012350000;0.678330000
CVE-2005-1321;0.011950000;0.668050000
CVE-2005-1320;0.012280000;0.676680000
CVE-2005-1319;0.012280000;0.676670000
CVE-2005-1318;0.012280000;0.676680000
CVE-2005-1317;0.020460000;0.804120000
CVE-2005-1316;0.011950000;0.668050000
CVE-2005-1315;0.012280000;0.676670000
CVE-2005-1314;0.012280000;0.676660000
CVE-2005-1313;0.011950000;0.668050000
CVE-2005-1312;0.025910000;0.846810000
CVE-2005-1311;0.011770000;0.663360000
CVE-2005-1310;0.013160000;0.696260000
CVE-2005-1309;0.012500000;0.681850000
CVE-2005-1308;0.022840000;0.824780000
CVE-2005-1307;0.036520000;0.891990000
CVE-2005-1306;0.145280000;0.965220000
CVE-2005-1305;0.012260000;0.676200000
CVE-2005-1304;0.013320000;0.699850000
CVE-2005-1303;0.013320000;0.699850000
CVE-2005-1302;0.012110000;0.672390000
CVE-2005-1301;0.010190000;0.619330000
CVE-2005-1300;0.011920000;0.667370000
CVE-2005-1299;0.028270000;0.860550000
CVE-2005-1298;0.013680000;0.707440000
CVE-2005-1297;0.011920000;0.667370000
CVE-2005-1296;0.018000000;0.776020000
CVE-2005-1295;0.013320000;0.699840000
CVE-2005-1294;0.007510000;0.531080000
CVE-2005-1293;0.011570000;0.657510000
CVE-2005-1292;0.017740000;0.772820000
CVE-2005-1291;0.015410000;0.739010000
CVE-2005-1290;0.010390000;0.625260000
CVE-2005-1289;0.036130000;0.890860000
CVE-2005-1288;0.017270000;0.766240000
CVE-2005-1287;0.021630000;0.814920000
CVE-2005-1286;0.003020000;0.205230000
CVE-2005-1285;0.020000000;0.799170000
CVE-2005-1284;0.015490000;0.740400000
CVE-2005-1283;0.016760000;0.759290000
CVE-2005-1282;0.011770000;0.663340000
CVE-2005-1281;0.020020000;0.799440000
CVE-2005-1280;0.101870000;0.955140000
CVE-2005-1279;0.187210000;0.971810000
CVE-2005-1278;0.107960000;0.956980000
CVE-2005-1275;0.139190000;0.964150000
CVE-2005-1274;0.041950000;0.905930000
CVE-2005-1272;0.661210000;0.992540000
CVE-2005-1270;0.003420000;0.251050000
CVE-2005-1269;0.024810000;0.839420000
CVE-2005-1268;0.083880000;0.947930000
CVE-2005-1267;0.135020000;0.963150000
CVE-2005-1266;0.083490000;0.947710000
CVE-2005-1265;0.003780000;0.291710000
CVE-2005-1264;0.005340000;0.427860000
CVE-2005-1263;0.017740000;0.772830000
CVE-2005-1262;0.018980000;0.788260000
CVE-2005-1261;0.123960000;0.960680000
CVE-2005-1260;0.061520000;0.932270000
CVE-2005-1256;0.588980000;0.990810000
CVE-2005-1255;0.428130000;0.986730000
CVE-2005-1254;0.050710000;0.920260000
CVE-2005-1252;0.124990000;0.960880000
CVE-2005-1250;0.208580000;0.974770000
CVE-2005-1249;0.045220000;0.911940000
CVE-2005-1248;0.054030000;0.924030000
CVE-2005-1247;0.016360000;0.753570000
CVE-2005-1246;0.073760000;0.942090000
CVE-2005-1245;0.012080000;0.671540000
CVE-2005-1244;0.018060000;0.776750000
CVE-2005-1243;0.018150000;0.778110000
CVE-2005-1242;0.018150000;0.778120000
CVE-2005-1241;0.018060000;0.776750000
CVE-2005-1240;0.018530000;0.782830000
CVE-2005-1239;0.017690000;0.772180000
CVE-2005-1238;0.017780000;0.773330000
CVE-2005-1237;0.022490000;0.822090000
CVE-2005-1236;0.024110000;0.834430000
CVE-2005-1235;0.015580000;0.741980000
CVE-2005-1234;0.018760000;0.785640000
CVE-2005-1233;0.021650000;0.815030000
CVE-2005-1232;0.033970000;0.883940000
CVE-2005-1231;0.019390000;0.792890000
CVE-2005-1230;0.017690000;0.772180000
CVE-2005-1229;0.020620000;0.805690000
CVE-2005-1228;0.035840000;0.890010000
CVE-2005-1227;0.014660000;0.726220000
CVE-2005-1226;0.017270000;0.766310000
CVE-2005-1225;0.012110000;0.672480000
CVE-2005-1224;0.036550000;0.892110000
CVE-2005-1223;0.011570000;0.657510000
CVE-2005-1222;0.065800000;0.936000000
CVE-2005-1221;0.013160000;0.696260000
CVE-2005-1220;0.015900000;0.746520000
CVE-2005-1219;0.499220000;0.988640000
CVE-2005-1218;0.573390000;0.990490000
CVE-2005-1216;0.258060000;0.979080000
CVE-2005-1215;0.190350000;0.972170000
CVE-2005-1214;0.128390000;0.961620000
CVE-2005-1213;0.739610000;0.994680000
CVE-2005-1212;0.249240000;0.978420000
CVE-2005-1211;0.287270000;0.980830000
CVE-2005-1208;0.473300000;0.988010000
CVE-2005-1207;0.072920000;0.941540000
CVE-2005-1206;0.593990000;0.990920000
CVE-2005-1205;0.330270000;0.983090000
CVE-2005-1204;0.070970000;0.940130000
CVE-2005-1203;0.032020000;0.876500000
CVE-2005-1202;0.029750000;0.867390000
CVE-2005-1201;0.033620000;0.882840000
CVE-2005-1200;0.028660000;0.862460000
CVE-2005-1199;0.012230000;0.675590000
CVE-2005-1198;0.014660000;0.726280000
CVE-2005-1197;0.042650000;0.907290000
CVE-2005-1196;0.019800000;0.796980000
CVE-2005-1195;0.043800000;0.909480000
CVE-2005-1194;0.005070000;0.408210000
CVE-2005-1193;0.163600000;0.968610000
CVE-2005-1192;0.026540000;0.850730000
CVE-2005-1191;0.171080000;0.969830000
CVE-2005-1190;0.012270000;0.676340000
CVE-2005-1189;0.011640000;0.659690000
CVE-2005-1188;0.036200000;0.891060000
CVE-2005-1187;0.020450000;0.804000000
CVE-2005-1186;0.011180000;0.647620000
CVE-2005-1185;0.003400000;0.249130000
CVE-2005-1184;0.327460000;0.982940000
CVE-2005-1183;0.017330000;0.767090000
CVE-2005-1182;0.013180000;0.696820000
CVE-2005-1181;0.025230000;0.842330000
CVE-2005-1180;0.014420000;0.721630000
CVE-2005-1179;0.014030000;0.714590000
CVE-2005-1178;0.017370000;0.767660000
CVE-2005-1177;0.017760000;0.773120000
CVE-2005-1176;0.003090000;0.212650000
CVE-2005-1175;0.084250000;0.948090000
CVE-2005-1174;0.052210000;0.922200000
CVE-2005-1173;0.096510000;0.953310000
CVE-2005-1172;0.011770000;0.663480000
CVE-2005-1171;0.017030000;0.763180000
CVE-2005-1170;0.010130000;0.617700000
CVE-2005-1169;0.015320000;0.737460000
CVE-2005-1168;0.011130000;0.646360000
CVE-2005-1167;0.003120000;0.216260000
CVE-2005-1166;0.003530000;0.264330000
CVE-2005-1165;0.031200000;0.873280000
CVE-2005-1164;0.035040000;0.887520000
CVE-2005-1163;0.127440000;0.961390000
CVE-2005-1162;0.055650000;0.925820000
CVE-2005-1161;0.035890000;0.890140000
CVE-2005-1160;0.027180000;0.854530000
CVE-2005-1159;0.029460000;0.866210000
CVE-2005-1158;0.012460000;0.680810000
CVE-2005-1157;0.024610000;0.838110000
CVE-2005-1156;0.023370000;0.829080000
CVE-2005-1155;0.082830000;0.947300000
CVE-2005-1154;0.021570000;0.814450000
CVE-2005-1153;0.035890000;0.890160000
CVE-2005-1152;0.003670000;0.280060000
CVE-2005-1151;0.003570000;0.268240000
CVE-2005-1150;0.017920000;0.775010000
CVE-2005-1149;0.011080000;0.644960000
CVE-2005-1148;0.015820000;0.745460000
CVE-2005-1147;0.014270000;0.718860000
CVE-2005-1146;0.011950000;0.668040000
CVE-2005-1145;0.011950000;0.668040000
CVE-2005-1144;0.014250000;0.718480000
CVE-2005-1143;0.012080000;0.671570000
CVE-2005-1142;0.031450000;0.874250000
CVE-2005-1141;0.033770000;0.883310000
CVE-2005-1140;0.009920000;0.610640000
CVE-2005-1139;0.018330000;0.780360000
CVE-2005-1138;0.012270000;0.676370000
CVE-2005-1137;0.013060000;0.694110000
CVE-2005-1136;0.015310000;0.737310000
CVE-2005-1135;0.017360000;0.767490000
CVE-2005-1134;0.017500000;0.769270000
CVE-2005-1133;0.016920000;0.761680000
CVE-2005-1132;0.015910000;0.746810000
CVE-2005-1131;0.018740000;0.785430000
CVE-2005-1130;0.017360000;0.767480000
CVE-2005-1129;0.003700000;0.283300000
CVE-2005-1128;0.011110000;0.645830000
CVE-2005-1127;0.026980000;0.853410000
CVE-2005-1126;0.003630000;0.275950000
CVE-2005-1125;0.067390000;0.937280000
CVE-2005-1124;0.003280000;0.233220000
CVE-2005-1123;0.015910000;0.746810000
CVE-2005-1122;0.026880000;0.852820000
CVE-2005-1121;0.022980000;0.825970000
CVE-2005-1120;0.014040000;0.714740000
CVE-2005-1119;0.003460000;0.255210000
CVE-2005-1118;0.025080000;0.841180000
CVE-2005-1117;0.026430000;0.850030000
CVE-2005-1116;0.009630000;0.601130000
CVE-2005-1115;0.012500000;0.681850000
CVE-2005-1114;0.013240000;0.698010000
CVE-2005-1113;0.011950000;0.668060000
CVE-2005-1112;0.086390000;0.949270000
CVE-2005-1111;0.003110000;0.215140000
CVE-2005-1110;0.046660000;0.914350000
CVE-2005-1109;0.033120000;0.881120000
CVE-2005-1108;0.020410000;0.803600000
CVE-2005-1107;0.003360000;0.244150000
CVE-2005-1106;0.012170000;0.673780000
CVE-2005-1105;0.058340000;0.929090000
CVE-2005-1104;0.009380000;0.593070000
CVE-2005-1103;0.003140000;0.218330000
CVE-2005-1102;0.028630000;0.862300000
CVE-2005-1101;0.034870000;0.887030000
CVE-2005-1100;0.109870000;0.957560000
CVE-2005-1099;0.676580000;0.992940000
CVE-2005-1098;0.011110000;0.645720000
CVE-2005-1097;0.005620000;0.445180000
CVE-2005-1096;0.013330000;0.700070000
CVE-2005-1095;0.019110000;0.789680000
CVE-2005-1094;0.007440000;0.528980000
CVE-2005-1093;0.036840000;0.892890000
CVE-2005-1092;0.008740000;0.572950000
CVE-2005-1091;0.017410000;0.768170000
CVE-2005-1090;0.019010000;0.788530000
CVE-2005-1089;0.011490000;0.655380000
CVE-2005-1088;0.003460000;0.256250000
CVE-2005-1087;0.022880000;0.825170000
CVE-2005-1086;0.055660000;0.925850000
CVE-2005-1085;0.009480000;0.596400000
CVE-2005-1084;0.011240000;0.649020000
CVE-2005-1083;0.010530000;0.629400000
CVE-2005-1082;0.012800000;0.688240000
CVE-2005-1081;0.017170000;0.765110000
CVE-2005-1080;0.058460000;0.929210000
CVE-2005-1079;0.011640000;0.659460000
CVE-2005-1078;0.046940000;0.914750000
CVE-2005-1077;0.017500000;0.769330000
CVE-2005-1076;0.013720000;0.708370000
CVE-2005-1075;0.020100000;0.800580000
CVE-2005-1074;0.012800000;0.688220000
CVE-2005-1073;0.080270000;0.945840000
CVE-2005-1072;0.009380000;0.593080000
CVE-2005-1071;0.011370000;0.652200000
CVE-2005-1070;0.010750000;0.635780000
CVE-2005-1069;0.017030000;0.763110000
CVE-2005-1068;0.011770000;0.663570000
CVE-2005-1067;0.012190000;0.674360000
CVE-2005-1066;0.003030000;0.206570000
CVE-2005-1065;0.003790000;0.292370000
CVE-2005-1064;0.003600000;0.271910000
CVE-2005-1063;0.015740000;0.744300000
CVE-2005-1062;0.025550000;0.844400000
CVE-2005-1061;0.030710000;0.871370000
CVE-2005-1060;0.024720000;0.838840000
CVE-2005-1059;0.031880000;0.875900000
CVE-2005-1058;0.014440000;0.721910000
CVE-2005-1057;0.014440000;0.721910000
CVE-2005-1056;0.029320000;0.865590000
CVE-2005-1055;0.015900000;0.746510000
CVE-2005-1054;0.035120000;0.887770000
CVE-2005-1053;0.039940000;0.901600000
CVE-2005-1052;0.093750000;0.952330000
CVE-2005-1051;0.020680000;0.806370000
CVE-2005-1050;0.014250000;0.718460000
CVE-2005-1049;0.035400000;0.888540000
CVE-2005-1048;0.014140000;0.716380000
CVE-2005-1047;0.020570000;0.805160000
CVE-2005-1046;0.054270000;0.924280000
CVE-2005-1045;0.022100000;0.818940000
CVE-2005-1043;0.019270000;0.791400000
CVE-2005-1042;0.040160000;0.902110000
CVE-2005-1041;0.003570000;0.268360000
CVE-2005-1040;0.004300000;0.347350000
CVE-2005-1039;0.002780000;0.181500000
CVE-2005-1038;0.005390000;0.430570000
CVE-2005-1037;0.024440000;0.836810000
CVE-2005-1036;0.003770000;0.290620000
CVE-2005-1035;0.012800000;0.688450000
CVE-2005-1034;0.017520000;0.769670000
CVE-2005-1033;0.030260000;0.869570000
CVE-2005-1031;0.013510000;0.703850000
CVE-2005-1030;0.050900000;0.920550000
CVE-2005-1029;0.042640000;0.907270000
CVE-2005-1028;0.011920000;0.667370000
CVE-2005-1027;0.017030000;0.763180000
CVE-2005-1026;0.024380000;0.836450000
CVE-2005-1025;0.023360000;0.828980000
CVE-2005-1024;0.017270000;0.766300000
CVE-2005-1023;0.017290000;0.766560000
CVE-2005-1022;0.016930000;0.761740000
CVE-2005-1021;0.018320000;0.780170000
CVE-2005-1020;0.017290000;0.766590000
CVE-2005-1019;0.011060000;0.644450000
CVE-2005-1018;0.518050000;0.989140000
CVE-2005-1017;0.013450000;0.702780000
CVE-2005-1016;0.011770000;0.663570000
CVE-2005-1015;0.162040000;0.968330000
CVE-2005-1014;0.048850000;0.917580000
CVE-2005-1013;0.057230000;0.927730000
CVE-2005-1012;0.012420000;0.679850000
CVE-2005-1011;0.023910000;0.832930000
CVE-2005-1010;0.011770000;0.663440000
CVE-2005-1009;0.570170000;0.990390000
CVE-2005-1008;0.026600000;0.851090000
CVE-2005-1007;0.024710000;0.838780000
CVE-2005-1006;0.062960000;0.933600000
CVE-2005-1005;0.029780000;0.867560000
CVE-2005-1004;0.039730000;0.901130000
CVE-2005-1003;0.020690000;0.806500000
CVE-2005-1002;0.029080000;0.864490000
CVE-2005-1001;0.014570000;0.724540000
CVE-2005-10004;0.019520000;0.794310000
CVE-2005-10003;0.017820000;0.773680000
CVE-2005-10002;0.007460000;0.529620000
CVE-2005-10001;0.007170000;0.519170000
CVE-2005-1000;0.017650000;0.771440000
CVE-2005-0999;0.037700000;0.895470000
CVE-2005-0998;0.011940000;0.667800000
CVE-2005-0997;0.014200000;0.717530000
CVE-2005-0996;0.010080000;0.615750000
CVE-2005-0995;0.014270000;0.718980000
CVE-2005-0994;0.038860000;0.898690000
CVE-2005-0993;0.011320000;0.650880000
CVE-2005-0992;0.045040000;0.911660000
CVE-2005-0991;0.003790000;0.292340000
CVE-2005-0990;0.003620000;0.273820000
CVE-2005-0989;0.100360000;0.954650000
CVE-2005-0988;0.006550000;0.493190000
CVE-2005-0987;0.011810000;0.664590000
CVE-2005-0986;0.069940000;0.939350000
CVE-2005-0985;0.002940000;0.196820000
CVE-2005-0984;0.042510000;0.907020000
CVE-2005-0983;0.025550000;0.844360000
CVE-2005-0982;0.009380000;0.593020000
CVE-2005-0981;0.017540000;0.770020000
CVE-2005-0980;0.026750000;0.852140000
CVE-2005-0979;0.047890000;0.916160000
CVE-2005-0978;0.024490000;0.837280000
CVE-2005-0977;0.003570000;0.268360000
CVE-2005-0976;0.018200000;0.778770000
CVE-2005-0975;0.005070000;0.408230000
CVE-2005-0974;0.004110000;0.327790000
CVE-2005-0973;0.002870000;0.190760000
CVE-2005-0972;0.003790000;0.292250000
CVE-2005-0971;0.004040000;0.320680000
CVE-2005-0970;0.013450000;0.702630000
CVE-2005-0969;0.003750000;0.288790000
CVE-2005-0968;0.017630000;0.771170000
CVE-2005-0967;0.025050000;0.841000000
CVE-2005-0966;0.024770000;0.839170000
CVE-2005-0965;0.023230000;0.827920000
CVE-2005-0964;0.003390000;0.247760000
CVE-2005-0963;0.003510000;0.262280000
CVE-2005-0962;0.011620000;0.659030000
CVE-2005-0961;0.012350000;0.678330000
CVE-2005-0960;0.014540000;0.723860000
CVE-2005-0959;0.035530000;0.888880000
CVE-2005-0958;0.044340000;0.910420000
CVE-2005-0957;0.016350000;0.753410000
CVE-2005-0956;0.012300000;0.677100000
CVE-2005-0955;0.011500000;0.655620000
CVE-2005-0954;0.146870000;0.965520000
CVE-2005-0953;0.004000000;0.316680000
CVE-2005-0952;0.058630000;0.929460000
CVE-2005-0950;0.036060000;0.890650000
CVE-2005-0949;0.013760000;0.709280000
CVE-2005-0948;0.012740000;0.687160000
CVE-2005-0947;0.016760000;0.759280000
CVE-2005-0946;0.011980000;0.668750000
CVE-2005-0945;0.017360000;0.767520000
CVE-2005-0944;0.340210000;0.983500000
CVE-2005-0943;0.016230000;0.751450000
CVE-2005-0942;0.020280000;0.802300000
CVE-2005-0941;0.041320000;0.904700000
CVE-2005-0938;0.013880000;0.711620000
CVE-2005-0937;0.003460000;0.255610000
CVE-2005-0936;0.026390000;0.849750000
CVE-2005-0935;0.013340000;0.700230000
CVE-2005-0934;0.009380000;0.593080000
CVE-2005-0933;0.015490000;0.740350000
CVE-2005-0932;0.012100000;0.672220000
CVE-2005-0931;0.021370000;0.812720000
CVE-2005-0930;0.012550000;0.683080000
CVE-2005-0929;0.026140000;0.848190000
CVE-2005-0928;0.039910000;0.901550000
CVE-2005-0927;0.016470000;0.755110000
CVE-2005-0926;0.018270000;0.779670000
CVE-2005-0925;0.019920000;0.798430000
CVE-2005-0924;0.013300000;0.699400000
CVE-2005-0923;0.004460000;0.362750000
CVE-2005-0922;0.028670000;0.862500000
CVE-2005-0921;0.013430000;0.702230000
CVE-2005-0920;0.011110000;0.645820000
CVE-2005-0919;0.013740000;0.708880000
CVE-2005-0918;0.023620000;0.830960000
CVE-2005-0917;0.016590000;0.756870000
CVE-2005-0916;0.007240000;0.521400000
CVE-2005-0915;0.015260000;0.736430000
CVE-2005-0914;0.009380000;0.593070000
CVE-2005-0913;0.015320000;0.737540000
CVE-2005-0912;0.011030000;0.643790000
CVE-2005-0911;0.011240000;0.649030000
CVE-2005-0910;0.009980000;0.612630000
CVE-2005-0909;0.014880000;0.730160000
CVE-2005-0908;0.010030000;0.614540000
CVE-2005-0907;0.012240000;0.675790000
CVE-2005-0906;0.049210000;0.918100000
CVE-2005-0905;0.023180000;0.827620000
CVE-2005-0904;0.070470000;0.939760000
CVE-2005-0903;0.021480000;0.813750000
CVE-2005-0902;0.013160000;0.696260000
CVE-2005-0901;0.011640000;0.659760000
CVE-2005-0900;0.013730000;0.708610000
CVE-2005-0899;0.004780000;0.387620000
CVE-2005-0898;0.010370000;0.624750000
CVE-2005-0897;0.014570000;0.724460000
CVE-2005-0896;0.016470000;0.755080000
CVE-2005-0895;0.024000000;0.833600000
CVE-2005-0894;0.003610000;0.273190000
CVE-2005-0893;0.018240000;0.779200000
CVE-2005-0892;0.090020000;0.951010000
CVE-2005-0891;0.034950000;0.887240000
CVE-2005-0890;0.011590000;0.658100000
CVE-2005-0889;0.013570000;0.705460000
CVE-2005-0888;0.012100000;0.672050000
CVE-2005-0887;0.027370000;0.855540000
CVE-2005-0886;0.013120000;0.695290000
CVE-2005-0885;0.018150000;0.778130000
CVE-2005-0884;0.013170000;0.696550000
CVE-2005-0883;0.017840000;0.774030000
CVE-2005-0882;0.013330000;0.700030000
CVE-2005-0881;0.035120000;0.887770000
CVE-2005-0880;0.011810000;0.664600000
CVE-2005-0879;0.086090000;0.949130000
CVE-2005-0878;0.011640000;0.659750000
CVE-2005-0877;0.018740000;0.785430000
CVE-2005-0876;0.026050000;0.847690000
CVE-2005-0875;0.011110000;0.645750000
CVE-2005-0874;0.015300000;0.737170000
CVE-2005-0873;0.110270000;0.957660000
CVE-2005-0872;0.064020000;0.934380000
CVE-2005-0871;0.015480000;0.740200000
CVE-2005-0870;0.037160000;0.893850000
CVE-2005-0869;0.051770000;0.921590000
CVE-2005-0868;0.017020000;0.762960000
CVE-2005-0867;0.003980000;0.313980000
CVE-2005-0866;0.003100000;0.213350000
CVE-2005-0865;0.017270000;0.766250000
CVE-2005-0864;0.015310000;0.737290000
CVE-2005-0863;0.017030000;0.763170000
CVE-2005-0862;0.109180000;0.957330000
CVE-2005-0861;0.023870000;0.832610000
CVE-2005-0860;0.025090000;0.841300000
CVE-2005-0859;0.114020000;0.958570000
CVE-2005-0858;0.012290000;0.676940000
CVE-2005-0857;0.017730000;0.772750000
CVE-2005-0856;0.012240000;0.675780000
CVE-2005-0855;0.024020000;0.833690000
CVE-2005-0854;0.035000000;0.887390000
CVE-2005-0853;0.035250000;0.888100000
CVE-2005-0852;0.007000000;0.512320000
CVE-2005-0851;0.021900000;0.817050000
CVE-2005-0850;0.021900000;0.817050000
CVE-2005-0849;0.016990000;0.762590000
CVE-2005-0848;0.030640000;0.871090000
CVE-2005-0847;0.031640000;0.874990000
CVE-2005-0846;0.018330000;0.780350000
CVE-2005-0845;0.015980000;0.747720000
CVE-2005-0844;0.004370000;0.354520000
CVE-2005-0843;0.039030000;0.899070000
CVE-2005-0842;0.026320000;0.849370000
CVE-2005-0841;0.012300000;0.677280000
CVE-2005-0839;0.003830000;0.297310000
CVE-2005-0838;0.094480000;0.952590000
CVE-2005-0837;0.024500000;0.837380000
CVE-2005-0836;0.029270000;0.865360000
CVE-2005-0835;0.012400000;0.679530000
CVE-2005-0834;0.011940000;0.667790000
CVE-2005-0833;0.014110000;0.715820000
CVE-2005-0832;0.009380000;0.593070000
CVE-2005-0831;0.011130000;0.646360000
CVE-2005-0830;0.031350000;0.873900000
CVE-2005-0829;0.016850000;0.760650000
CVE-2005-0828;0.091760000;0.951610000
CVE-2005-0827;0.013880000;0.711610000
CVE-2005-0826;0.016890000;0.761260000
CVE-2005-0825;0.023960000;0.833310000
CVE-2005-0824;0.003600000;0.272310000
CVE-2005-0823;0.010600000;0.631360000
CVE-2005-0822;0.003680000;0.280650000
CVE-2005-0821;0.013220000;0.697500000
CVE-2005-0820;0.011890000;0.666400000
CVE-2005-0819;0.025000000;0.840650000
CVE-2005-0818;0.026850000;0.852620000
CVE-2005-0817;0.016150000;0.750180000
CVE-2005-0816;0.004190000;0.336400000
CVE-2005-0815;0.134290000;0.962980000
CVE-2005-0814;0.016700000;0.758410000
CVE-2005-0813;0.025350000;0.843100000
CVE-2005-0812;0.016470000;0.755020000
CVE-2005-0811;0.006580000;0.494720000
CVE-2005-0810;0.015120000;0.734350000
CVE-2005-0809;0.011980000;0.668770000
CVE-2005-0808;0.234400000;0.977200000
CVE-2005-0807;0.036010000;0.890500000
CVE-2005-0806;0.016600000;0.757050000
CVE-2005-0805;0.012290000;0.676940000
CVE-2005-0804;0.042140000;0.906350000
CVE-2005-0803;0.676890000;0.992940000
CVE-2005-0802;0.019110000;0.789680000
CVE-2005-0801;0.014660000;0.726280000
CVE-2005-0800;0.029570000;0.866600000
CVE-2005-0799;0.025340000;0.843060000
CVE-2005-0798;0.017510000;0.769370000
CVE-2005-0797;0.013880000;0.711660000
CVE-2005-0796;0.030340000;0.869870000
CVE-2005-0795;0.024370000;0.836380000
CVE-2005-0794;0.015490000;0.740450000
CVE-2005-0793;0.014880000;0.730160000
CVE-2005-0792;0.011710000;0.661430000
CVE-2005-0791;0.040330000;0.902450000
CVE-2005-0790;0.014250000;0.718490000
CVE-2005-0789;0.017930000;0.775170000
CVE-2005-0788;0.069180000;0.938740000
CVE-2005-0787;0.004560000;0.370650000
CVE-2005-0786;0.024470000;0.837130000
CVE-2005-0785;0.012700000;0.686220000
CVE-2005-0784;0.012900000;0.690550000
CVE-2005-0783;0.036140000;0.890870000
CVE-2005-0782;0.036280000;0.891270000
CVE-2005-0781;0.024110000;0.834430000
CVE-2005-0780;0.051380000;0.921090000
CVE-2005-0779;0.031340000;0.873830000
CVE-2005-0778;0.013870000;0.711270000
CVE-2005-0777;0.012080000;0.671540000
CVE-2005-0776;0.024040000;0.833910000
CVE-2005-0775;0.017190000;0.765300000
CVE-2005-0774;0.012430000;0.680280000
CVE-2005-0773;0.863650000;0.997300000
CVE-2005-0772;0.357060000;0.984120000
CVE-2005-0771;0.541550000;0.989740000
CVE-2005-0770;0.032530000;0.878580000
CVE-2005-0769;0.026030000;0.847520000
CVE-2005-0768;0.595300000;0.990960000
CVE-2005-0767;0.004310000;0.347540000
CVE-2005-0766;0.016600000;0.757050000
CVE-2005-0765;0.016700000;0.758400000
CVE-2005-0764;0.026580000;0.850990000
CVE-2005-0763;0.004740000;0.384830000
CVE-2005-0762;0.034220000;0.884730000
CVE-2005-0761;0.016700000;0.758390000
CVE-2005-0760;0.016600000;0.757050000
CVE-2005-0759;0.018380000;0.780990000
CVE-2005-0758;0.005290000;0.424540000
CVE-2005-0757;0.003770000;0.290650000
CVE-2005-0756;0.004370000;0.355090000
CVE-2005-0755;0.033730000;0.883170000
CVE-2005-0754;0.029800000;0.867600000
CVE-2005-0753;0.047450000;0.915500000
CVE-2005-0752;0.041060000;0.904090000
CVE-2005-0750;0.008470000;0.563830000
CVE-2005-0749;0.004460000;0.362760000
CVE-2005-0748;0.016860000;0.760890000
CVE-2005-0747;0.011940000;0.667810000
CVE-2005-0746;0.018110000;0.777490000
CVE-2005-0745;0.003980000;0.313960000
CVE-2005-0744;0.019070000;0.789240000
CVE-2005-0743;0.015490000;0.740390000
CVE-2005-0742;0.018130000;0.777880000
CVE-2005-0741;0.014300000;0.719530000
CVE-2005-0740;0.015680000;0.743340000
CVE-2005-0739;0.076060000;0.943460000
CVE-2005-0738;0.045330000;0.912150000
CVE-2005-0737;0.040700000;0.903220000
CVE-2005-0736;0.020880000;0.808340000
CVE-2005-0735;0.076660000;0.943830000
CVE-2005-0734;0.024070000;0.834100000
CVE-2005-0733;0.015480000;0.740210000
CVE-2005-0732;0.023420000;0.829470000
CVE-2005-0731;0.068820000;0.938390000
CVE-2005-0730;0.025670000;0.845150000
CVE-2005-0729;0.033830000;0.883530000
CVE-2005-0726;0.011530000;0.656790000
CVE-2005-0725;0.010360000;0.624610000
CVE-2005-0724;0.011940000;0.667820000
CVE-2005-0723;0.009480000;0.596400000
CVE-2005-0722;0.011940000;0.667790000
CVE-2005-0721;0.012990000;0.692450000
CVE-2005-0720;0.027800000;0.858220000
CVE-2005-0719;0.004860000;0.393940000
CVE-2005-0718;0.125340000;0.960960000
CVE-2005-0716;0.010510000;0.628680000
CVE-2005-0715;0.003120000;0.216120000
CVE-2005-0713;0.005560000;0.440990000
CVE-2005-0712;0.003080000;0.211860000
CVE-2005-0711;0.017030000;0.763220000
CVE-2005-0710;0.128410000;0.961630000
CVE-2005-0709;0.184400000;0.971480000
CVE-2005-0708;0.022680000;0.823530000
CVE-2005-0707;0.020290000;0.802390000
CVE-2005-0706;0.046210000;0.913720000
CVE-2005-0705;0.018980000;0.788270000
CVE-2005-0704;0.037000000;0.893380000
CVE-2005-0703;0.010410000;0.625860000
CVE-2005-0702;0.009580000;0.599410000
CVE-2005-0701;0.181450000;0.971080000
CVE-2005-0700;0.024820000;0.839480000
CVE-2005-0699;0.064530000;0.934950000
CVE-2005-0698;0.080720000;0.946070000
CVE-2005-0697;0.011110000;0.645800000
CVE-2005-0696;0.047390000;0.915450000
CVE-2005-0695;0.013730000;0.708590000
CVE-2005-0694;0.015480000;0.740340000
CVE-2005-0693;0.031450000;0.874240000
CVE-2005-0692;0.011640000;0.659740000
CVE-2005-0691;0.022640000;0.823140000
CVE-2005-0690;0.003790000;0.292320000
CVE-2005-0689;0.099060000;0.954230000
CVE-2005-0688;0.474390000;0.988040000
CVE-2005-0687;0.028840000;0.863280000
CVE-2005-0686;0.024350000;0.836230000
CVE-2005-0685;0.015490000;0.740410000
CVE-2005-0684;0.685040000;0.993160000
CVE-2005-0682;0.012350000;0.678330000
CVE-2005-0681;0.031110000;0.872860000
CVE-2005-0680;0.025910000;0.846810000
CVE-2005-0679;0.019170000;0.790330000
CVE-2005-0678;0.027590000;0.856850000
CVE-2005-0677;0.011080000;0.645030000
CVE-2005-0676;0.014490000;0.722840000
CVE-2005-0675;0.009920000;0.610620000
CVE-2005-0674;0.011770000;0.663350000
CVE-2005-0673;0.018960000;0.787980000
CVE-2005-0672;0.033640000;0.882880000
CVE-2005-0671;0.049600000;0.918770000
CVE-2005-0670;0.044340000;0.910420000
CVE-2005-0669;0.015650000;0.742920000
CVE-2005-0668;0.011030000;0.643800000
CVE-2005-0667;0.032460000;0.878330000
CVE-2005-0666;0.025260000;0.842500000
CVE-2005-0665;0.019260000;0.791270000
CVE-2005-0664;0.044600000;0.910950000
CVE-2005-0663;0.018490000;0.782410000
CVE-2005-0662;0.009380000;0.593090000
CVE-2005-0661;0.011110000;0.645800000
CVE-2005-0660;0.009380000;0.593090000
CVE-2005-0659;0.015480000;0.740150000
CVE-2005-0658;0.012430000;0.680300000
CVE-2005-0657;0.018550000;0.783220000
CVE-2005-0656;0.012550000;0.683100000
CVE-2005-0655;0.015310000;0.737290000
CVE-2005-0654;0.018670000;0.784560000
CVE-2005-0653;0.006860000;0.507140000
CVE-2005-0652;0.004890000;0.395940000
CVE-2005-0651;0.014650000;0.725990000
CVE-2005-0650;0.019110000;0.789650000
CVE-2005-0649;0.012740000;0.687320000
CVE-2005-0648;0.012740000;0.687320000
CVE-2005-0647;0.041500000;0.905030000
CVE-2005-0646;0.011410000;0.653120000
CVE-2005-0645;0.009380000;0.593090000
CVE-2005-0644;0.071250000;0.940400000
CVE-2005-0643;0.103590000;0.955680000
CVE-2005-0642;0.013830000;0.710620000
CVE-2005-0641;0.013240000;0.697770000
CVE-2005-0640;0.003550000;0.266450000
CVE-2005-0639;0.028200000;0.860210000
CVE-2005-0638;0.036030000;0.890570000
CVE-2005-0637;0.011630000;0.659410000
CVE-2005-0636;0.060570000;0.931340000
CVE-2005-0635;0.074400000;0.942450000
CVE-2005-0634;0.102110000;0.955190000
CVE-2005-0633;0.053480000;0.923480000
CVE-2005-0632;0.026230000;0.848720000
CVE-2005-0631;0.014160000;0.716950000
CVE-2005-0630;0.017090000;0.763990000
CVE-2005-0629;0.021270000;0.811930000
CVE-2005-0628;0.011950000;0.668040000
CVE-2005-0627;0.003610000;0.273190000
CVE-2005-0626;0.013520000;0.704120000
CVE-2005-0625;0.004200000;0.338240000
CVE-2005-0624;0.003640000;0.276760000
CVE-2005-0623;0.031350000;0.873890000
CVE-2005-0622;0.015480000;0.740320000
CVE-2005-0621;0.031580000;0.874780000
CVE-2005-0620;0.003180000;0.222630000
CVE-2005-0619;0.010690000;0.634410000
CVE-2005-0618;0.010120000;0.617250000
CVE-2005-0617;0.011980000;0.668740000
CVE-2005-0616;0.011640000;0.659740000
CVE-2005-0615;0.011980000;0.668760000
CVE-2005-0614;0.075500000;0.943090000
CVE-2005-0613;0.046010000;0.913390000
CVE-2005-0612;0.015490000;0.740370000
CVE-2005-0611;0.038310000;0.897200000
CVE-2005-0610;0.003850000;0.299310000
CVE-2005-0608;0.025660000;0.845130000
CVE-2005-0607;0.014250000;0.718500000
CVE-2005-0606;0.019640000;0.795410000
CVE-2005-0605;0.045070000;0.911700000
CVE-2005-0604;0.004160000;0.333380000
CVE-2005-0603;0.043200000;0.908260000
CVE-2005-0602;0.003950000;0.310860000
CVE-2005-0601;0.015900000;0.746520000
CVE-2005-0600;0.016340000;0.753120000
CVE-2005-0599;0.016340000;0.753120000
CVE-2005-0598;0.032070000;0.876770000
CVE-2005-0597;0.026970000;0.853330000
CVE-2005-0596;0.003800000;0.293530000
CVE-2005-0595;0.600830000;0.991070000
CVE-2005-0594;0.009020000;0.581300000
CVE-2005-0593;0.016620000;0.757320000
CVE-2005-0592;0.038610000;0.898070000
CVE-2005-0591;0.020220000;0.801670000
CVE-2005-0590;0.016710000;0.758570000
CVE-2005-0589;0.012600000;0.684080000
CVE-2005-0588;0.015670000;0.743180000
CVE-2005-0587;0.014160000;0.716880000
CVE-2005-0586;0.009850000;0.608570000
CVE-2005-0585;0.018010000;0.776170000
CVE-2005-0584;0.010240000;0.620880000
CVE-2005-0583;0.038270000;0.897080000
CVE-2005-0582;0.370200000;0.984660000
CVE-2005-0581;0.463440000;0.987780000
CVE-2005-0580;0.003180000;0.222630000
CVE-2005-0579;0.004040000;0.320240000
CVE-2005-0578;0.002920000;0.195480000
CVE-2005-0577;0.022780000;0.824340000
CVE-2005-0576;0.003280000;0.233220000
CVE-2005-0575;0.077720000;0.944430000
CVE-2005-0574;0.015490000;0.740360000
CVE-2005-0573;0.012590000;0.683990000
CVE-2005-0572;0.021000000;0.809560000
CVE-2005-0571;0.014250000;0.718480000
CVE-2005-0570;0.016340000;0.753110000
CVE-2005-0569;0.026530000;0.850680000
CVE-2005-0568;0.030640000;0.871080000
CVE-2005-0567;0.027260000;0.854930000
CVE-2005-0566;0.157440000;0.967510000
CVE-2005-0565;0.017460000;0.768770000
CVE-2005-0564;0.256520000;0.978940000
CVE-2005-0563;0.142170000;0.964670000
CVE-2005-0562;0.231710000;0.976970000
CVE-2005-0560;0.694820000;0.993430000
CVE-2005-0558;0.152190000;0.966430000
CVE-2005-0555;0.583570000;0.990710000
CVE-2005-0554;0.579100000;0.990610000
CVE-2005-0553;0.506040000;0.988810000
CVE-2005-0551;0.203270000;0.973990000
CVE-2005-0550;0.020670000;0.806260000
CVE-2005-0549;0.017200000;0.765460000
CVE-2005-0548;0.016850000;0.760650000
CVE-2005-0547;0.009420000;0.594380000
CVE-2005-0546;0.042440000;0.906860000
CVE-2005-0545;0.018280000;0.779730000
CVE-2005-0544;0.014570000;0.724380000
CVE-2005-0543;0.039640000;0.900900000
CVE-2005-0542;0.003310000;0.237380000
CVE-2005-0541;0.015490000;0.740440000
CVE-2005-0540;0.013880000;0.711660000
CVE-2005-0539;0.003080000;0.211990000
CVE-2005-0538;0.020770000;0.807140000
CVE-2005-0537;0.011980000;0.668760000
CVE-2005-0536;0.019300000;0.791830000
CVE-2005-0535;0.016250000;0.751740000
CVE-2005-0534;0.012080000;0.671530000
CVE-2005-0533;0.044090000;0.909860000
CVE-2005-0532;0.005190000;0.417600000
CVE-2005-0531;0.005000000;0.403910000
CVE-2005-0530;0.004740000;0.384710000
CVE-2005-0529;0.005270000;0.423460000
CVE-2005-0527;0.073220000;0.941750000
CVE-2005-0526;0.012080000;0.671540000
CVE-2005-0525;0.028080000;0.859550000
CVE-2005-0524;0.034530000;0.885820000
CVE-2005-0523;0.098690000;0.954110000
CVE-2005-0522;0.005620000;0.445180000
CVE-2005-0521;0.006200000;0.476120000
CVE-2005-0520;0.036520000;0.892010000
CVE-2005-0519;0.037810000;0.895700000
CVE-2005-0518;0.006800000;0.504550000
CVE-2005-0517;0.006200000;0.476130000
CVE-2005-0516;0.023220000;0.827860000
CVE-2005-0515;0.003330000;0.239900000
CVE-2005-0514;0.024120000;0.834460000
CVE-2005-0513;0.063270000;0.933860000
CVE-2005-0512;0.012840000;0.689320000
CVE-2005-0511;0.358180000;0.984170000
CVE-2005-0510;0.003030000;0.206100000
CVE-2005-0509;0.159490000;0.967860000
CVE-2005-0508;0.003790000;0.292070000
CVE-2005-0507;0.016420000;0.754390000
CVE-2005-0506;0.027610000;0.856910000
CVE-2005-0505;0.015720000;0.744010000
CVE-2005-0504;0.005760000;0.452700000
CVE-2005-0503;0.003600000;0.271930000
CVE-2005-0502;0.017930000;0.775160000
CVE-2005-0501;0.038120000;0.896730000
CVE-2005-0500;0.107480000;0.956830000
CVE-2005-0499;0.012270000;0.676360000
CVE-2005-0498;0.013980000;0.713460000
CVE-2005-0497;0.007320000;0.524460000
CVE-2005-0496;0.029350000;0.865700000
CVE-2005-0495;0.011640000;0.659650000
CVE-2005-0494;0.025830000;0.846190000
CVE-2005-0493;0.014400000;0.721260000
CVE-2005-0492;0.017950000;0.775380000
CVE-2005-0491;0.649010000;0.992250000
CVE-2005-0490;0.057320000;0.927850000
CVE-2005-0489;0.003830000;0.296980000
CVE-2005-0488;0.171230000;0.969850000
CVE-2005-0487;0.012920000;0.690850000
CVE-2005-0486;0.012600000;0.684100000
CVE-2005-0485;0.018270000;0.779590000
CVE-2005-0484;0.108500000;0.957110000
CVE-2005-0483;0.019690000;0.795870000
CVE-2005-0482;0.016790000;0.759640000
CVE-2005-0481;0.015310000;0.737310000
CVE-2005-0480;0.012420000;0.679830000
CVE-2005-0479;0.031300000;0.873700000
CVE-2005-0478;0.664780000;0.992620000
CVE-2005-0477;0.023690000;0.831390000
CVE-2005-0476;0.009630000;0.601140000
CVE-2005-0475;0.010140000;0.618060000
CVE-2005-0474;0.014420000;0.721570000
CVE-2005-0473;0.034840000;0.886900000
CVE-2005-0472;0.052960000;0.922930000
CVE-2005-0471;0.027660000;0.857270000
CVE-2005-0470;0.026970000;0.853340000
CVE-2005-0469;0.088700000;0.950420000
CVE-2005-0468;0.270730000;0.979830000
CVE-2005-0467;0.037600000;0.895120000
CVE-2005-0465;0.007820000;0.542010000
CVE-2005-0464;0.006850000;0.506630000
CVE-2005-0463;0.010370000;0.624760000
CVE-2005-0462;0.009380000;0.593100000
CVE-2005-0461;0.013360000;0.700760000
CVE-2005-0460;0.015480000;0.740330000
CVE-2005-0459;0.013860000;0.711210000
CVE-2005-0458;0.014260000;0.718640000
CVE-2005-0457;0.004060000;0.322320000
CVE-2005-0456;0.034030000;0.884200000
CVE-2005-0455;0.539900000;0.989700000
CVE-2005-0454;0.015480000;0.740130000
CVE-2005-0453;0.017160000;0.765010000
CVE-2005-0452;0.233730000;0.977130000
CVE-2005-0451;0.018430000;0.781570000
CVE-2005-0450;0.031130000;0.872950000
CVE-2005-0449;0.046380000;0.913950000
CVE-2005-0448;0.003840000;0.297960000
CVE-2005-0447;0.015910000;0.746820000
CVE-2005-0446;0.411090000;0.986200000
CVE-2005-0445;0.013300000;0.699410000
CVE-2005-0444;0.003710000;0.284640000
CVE-2005-0443;0.048400000;0.916910000
CVE-2005-0442;0.083080000;0.947430000
CVE-2005-0441;0.085490000;0.948810000
CVE-2005-0440;0.017210000;0.765550000
CVE-2005-0439;0.100330000;0.954640000
CVE-2005-0438;0.038140000;0.896760000
CVE-2005-0437;0.017960000;0.775430000
CVE-2005-0436;0.070170000;0.939520000
CVE-2005-0435;0.073650000;0.942010000
CVE-2005-0434;0.012420000;0.679830000
CVE-2005-0433;0.016890000;0.761280000
CVE-2005-0432;0.019870000;0.797800000
CVE-2005-0431;0.012830000;0.688990000
CVE-2005-0430;0.075160000;0.942880000
CVE-2005-0429;0.019340000;0.792300000
CVE-2005-0428;0.032710000;0.879540000
CVE-2005-0427;0.022040000;0.818390000
CVE-2005-0426;0.015740000;0.744290000
CVE-2005-0425;0.020960000;0.809050000
CVE-2005-0424;0.013510000;0.703900000
CVE-2005-0423;0.011850000;0.665550000
CVE-2005-0422;0.007720000;0.538660000
CVE-2005-0421;0.007720000;0.538660000
CVE-2005-0420;0.255590000;0.978900000
CVE-2005-0419;0.039240000;0.899800000
CVE-2005-0418;0.014530000;0.723670000
CVE-2005-0417;0.016470000;0.755110000
CVE-2005-0416;0.409820000;0.986160000
CVE-2005-0415;0.016160000;0.750360000
CVE-2005-0414;0.014030000;0.714530000
CVE-2005-0413;0.020850000;0.808000000
CVE-2005-0412;0.014570000;0.724500000
CVE-2005-0411;0.024070000;0.834130000
CVE-2005-0410;0.018480000;0.782210000
CVE-2005-0409;0.056570000;0.927030000
CVE-2005-0408;0.047350000;0.915350000
CVE-2005-0407;0.012570000;0.683550000
CVE-2005-0406;0.004650000;0.377270000
CVE-2005-0404;0.029800000;0.867600000
CVE-2005-0403;0.004020000;0.317990000
CVE-2005-0402;0.025160000;0.841870000
CVE-2005-0401;0.033070000;0.880950000
CVE-2005-0400;0.004430000;0.360240000
CVE-2005-0399;0.151160000;0.966250000
CVE-2005-0398;0.024330000;0.836110000
CVE-2005-0397;0.042190000;0.906440000
CVE-2005-0396;0.004010000;0.317730000
CVE-2005-0393;0.003810000;0.294390000
CVE-2005-0392;0.003990000;0.314810000
CVE-2005-0391;0.013700000;0.708020000
CVE-2005-0390;0.034420000;0.885480000
CVE-2005-0388;0.019240000;0.791070000
CVE-2005-0387;0.003310000;0.237240000
CVE-2005-0386;0.010280000;0.621930000
CVE-2005-0385;0.013730000;0.708480000
CVE-2005-0384;0.039660000;0.900970000
CVE-2005-0383;0.017460000;0.768770000
CVE-2005-0382;0.031380000;0.873950000
CVE-2005-0381;0.011770000;0.663590000
CVE-2005-0380;0.044270000;0.910210000
CVE-2005-0379;0.017610000;0.770920000
CVE-2005-0378;0.012900000;0.690540000
CVE-2005-0377;0.015140000;0.734670000
CVE-2005-0376;0.020460000;0.804130000
CVE-2005-0375;0.015500000;0.740650000
CVE-2005-0374;0.012500000;0.681840000
CVE-2005-0373;0.039240000;0.899790000
CVE-2005-0372;0.043820000;0.909510000
CVE-2005-0371;0.013340000;0.700160000
CVE-2005-0370;0.032470000;0.878360000
CVE-2005-0369;0.035470000;0.888750000
CVE-2005-0368;0.023300000;0.828480000
CVE-2005-0367;0.018570000;0.783480000
CVE-2005-0366;0.029460000;0.866200000
CVE-2005-0365;0.004120000;0.328700000
CVE-2005-0364;0.025120000;0.841500000
CVE-2005-0363;0.019540000;0.794470000
CVE-2005-0362;0.017930000;0.775190000
CVE-2005-0360;0.123330000;0.960590000
CVE-2005-0359;0.042930000;0.907780000
CVE-2005-0358;0.046250000;0.913780000
CVE-2005-0357;0.044980000;0.911530000
CVE-2005-0356;0.827560000;0.996610000
CVE-2005-0353;0.711300000;0.993900000
CVE-2005-0352;0.003870000;0.301480000
CVE-2005-0351;0.004020000;0.318210000
CVE-2005-0350;0.032810000;0.879870000
CVE-2005-0349;0.031180000;0.873140000
CVE-2005-0348;0.014460000;0.722340000
CVE-2005-0347;0.027890000;0.858550000
CVE-2005-0346;0.004420000;0.358820000
CVE-2005-0345;0.028340000;0.860900000
CVE-2005-0344;0.025450000;0.843760000
CVE-2005-0343;0.024470000;0.837140000
CVE-2005-0342;0.009390000;0.593420000
CVE-2005-0341;0.012550000;0.683030000
CVE-2005-0340;0.031980000;0.876350000
CVE-2005-0339;0.075820000;0.943280000
CVE-2005-0338;0.054370000;0.924370000
CVE-2005-0337;0.028060000;0.859460000
CVE-2005-0336;0.011770000;0.663510000
CVE-2005-0335;0.016420000;0.754400000
CVE-2005-0334;0.016970000;0.762300000
CVE-2005-0333;0.016990000;0.762590000
CVE-2005-0332;0.020010000;0.799380000
CVE-2005-0331;0.014460000;0.722250000
CVE-2005-0330;0.044880000;0.911390000
CVE-2005-0329;0.015510000;0.740830000
CVE-2005-0328;0.011810000;0.664580000
CVE-2005-0327;0.019090000;0.789520000
CVE-2005-0326;0.011810000;0.664570000
CVE-2005-0325;0.037350000;0.894460000
CVE-2005-0324;0.015280000;0.736830000
CVE-2005-0323;0.012960000;0.691870000
CVE-2005-0322;0.002400000;0.136190000
CVE-2005-0321;0.006750000;0.502350000
CVE-2005-0320;0.025930000;0.846980000
CVE-2005-0319;0.011640000;0.659710000
CVE-2005-0318;0.005350000;0.428260000
CVE-2005-0317;0.011770000;0.663460000
CVE-2005-0316;0.082290000;0.947000000
CVE-2005-0315;0.007460000;0.529680000
CVE-2005-0314;0.011770000;0.663540000
CVE-2005-0313;0.033850000;0.883570000
CVE-2005-0312;0.027030000;0.853620000
CVE-2005-0311;0.007460000;0.529690000
CVE-2005-0310;0.017230000;0.765740000
CVE-2005-0309;0.012080000;0.671550000
CVE-2005-0308;0.688580000;0.993270000
CVE-2005-0307;0.017200000;0.765460000
CVE-2005-0306;0.013730000;0.708580000
CVE-2005-0305;0.078540000;0.944920000
CVE-2005-0304;0.017660000;0.771660000
CVE-2005-0303;0.011640000;0.659700000
CVE-2005-0302;0.013310000;0.699480000
CVE-2005-0301;0.016350000;0.753410000
CVE-2005-0300;0.017230000;0.765770000
CVE-2005-0299;0.017130000;0.764570000
CVE-2005-0298;0.019650000;0.795450000
CVE-2005-0297;0.024260000;0.835570000
CVE-2005-0296;0.026230000;0.848720000
CVE-2005-0295;0.003400000;0.249050000
CVE-2005-0294;0.016970000;0.762290000
CVE-2005-0293;0.019470000;0.793850000
CVE-2005-0292;0.015300000;0.737010000
CVE-2005-0291;0.014060000;0.715030000
CVE-2005-0290;0.019860000;0.797610000
CVE-2005-0289;0.015610000;0.742330000
CVE-2005-0288;0.006870000;0.507240000
CVE-2005-0287;0.013880000;0.711650000
CVE-2005-0286;0.013880000;0.711690000
CVE-2005-0285;0.014310000;0.719680000
CVE-2005-0284;0.011110000;0.645840000
CVE-2005-0283;0.030700000;0.871310000
CVE-2005-0282;0.020870000;0.808170000
CVE-2005-0281;0.012500000;0.681830000
CVE-2005-0280;0.045460000;0.912450000
CVE-2005-0279;0.016890000;0.761270000
CVE-2005-0278;0.015310000;0.737300000
CVE-2005-0277;0.619090000;0.991490000
CVE-2005-0276;0.015740000;0.744280000
CVE-2005-0275;0.012270000;0.676360000
CVE-2005-0274;0.018120000;0.777580000
CVE-2005-0273;0.011640000;0.659450000
CVE-2005-0272;0.026590000;0.851030000
CVE-2005-0271;0.012290000;0.676940000
CVE-2005-0270;0.017520000;0.769780000
CVE-2005-0269;0.026390000;0.849740000
CVE-2005-0268;0.015320000;0.737450000
CVE-2005-0267;0.017270000;0.766320000
CVE-2005-0266;0.011950000;0.668050000
CVE-2005-0265;0.013450000;0.702770000
CVE-2005-0264;0.012550000;0.683040000
CVE-2005-0263;0.010660000;0.633530000
CVE-2005-0262;0.010660000;0.633530000
CVE-2005-0261;0.003420000;0.250900000
CVE-2005-0260;0.697270000;0.993500000
CVE-2005-0259;0.020430000;0.803750000
CVE-2005-0258;0.018310000;0.780090000
CVE-2005-0256;0.052080000;0.922020000
CVE-2005-0255;0.042910000;0.907740000
CVE-2005-0254;0.016910000;0.761490000
CVE-2005-0253;0.047250000;0.915170000
CVE-2005-0252;0.018630000;0.784150000
CVE-2005-0251;0.025290000;0.842740000
CVE-2005-0250;0.005440000;0.433730000
CVE-2005-0249;0.188320000;0.971940000
CVE-2005-0248;0.013870000;0.711440000
CVE-2005-0247;0.035120000;0.887770000
CVE-2005-0246;0.026100000;0.848000000
CVE-2005-0245;0.144730000;0.965150000
CVE-2005-0244;0.019680000;0.795770000
CVE-2005-0243;0.010410000;0.625840000
CVE-2005-0242;0.004600000;0.372920000
CVE-2005-0241;0.696610000;0.993470000
CVE-2005-0240;0.003890000;0.303930000
CVE-2005-0239;0.042120000;0.906300000
CVE-2005-0238;0.015520000;0.740990000
CVE-2005-0237;0.016340000;0.753100000
CVE-2005-0236;0.010040000;0.614830000
CVE-2005-0235;0.018210000;0.778890000
CVE-2005-0234;0.016510000;0.755680000
CVE-2005-0233;0.203980000;0.974070000
CVE-2005-0232;0.026480000;0.850280000
CVE-2005-0231;0.026720000;0.851880000
CVE-2005-0230;0.032560000;0.878940000
CVE-2005-0229;0.076520000;0.943740000
CVE-2005-0227;0.004990000;0.402650000
CVE-2005-0226;0.099040000;0.954210000
CVE-2005-0225;0.003480000;0.258250000
CVE-2005-0224;0.021670000;0.815190000
CVE-2005-0223;0.018250000;0.779390000
CVE-2005-0222;0.014250000;0.718520000
CVE-2005-0221;0.013980000;0.713360000
CVE-2005-0220;0.016110000;0.749670000
CVE-2005-0219;0.013520000;0.704260000
CVE-2005-0218;0.024250000;0.835460000
CVE-2005-0217;0.012800000;0.688390000
CVE-2005-0216;0.012500000;0.681840000
CVE-2005-0215;0.011060000;0.644420000
CVE-2005-0214;0.016650000;0.757630000
CVE-2005-0213;0.016400000;0.754110000
CVE-2005-0212;0.016990000;0.762590000
CVE-2005-0211;0.221520000;0.975980000
CVE-2005-0210;0.004480000;0.364250000
CVE-2005-0209;0.032740000;0.879610000
CVE-2005-0208;0.032040000;0.876580000
CVE-2005-0207;0.004100000;0.325920000
CVE-2005-0206;0.029860000;0.867880000
CVE-2005-0205;0.003600000;0.271920000
CVE-2005-0204;0.003880000;0.302930000
CVE-2005-0202;0.028560000;0.861940000
CVE-2005-0201;0.004280000;0.345600000
CVE-2005-0200;0.024470000;0.837120000
CVE-2005-0199;0.187670000;0.971870000
CVE-2005-0198;0.050910000;0.920570000
CVE-2005-0197;0.017010000;0.762830000
CVE-2005-0196;0.040870000;0.903660000
CVE-2005-0195;0.036850000;0.892910000
CVE-2005-0194;0.051160000;0.920820000
CVE-2005-0193;0.012840000;0.689330000
CVE-2005-0192;0.019860000;0.797740000
CVE-2005-0191;0.034260000;0.884860000
CVE-2005-0190;0.040480000;0.902790000
CVE-2005-0189;0.063970000;0.934340000
CVE-2005-0188;0.026880000;0.852810000
CVE-2005-0187;0.031700000;0.875240000
CVE-2005-0186;0.026380000;0.849680000
CVE-2005-0185;0.041750000;0.905520000
CVE-2005-0184;0.005860000;0.458310000
CVE-2005-0183;0.004040000;0.320830000
CVE-2005-0182;0.014730000;0.727470000
CVE-2005-0180;0.005070000;0.408640000
CVE-2005-0179;0.003730000;0.286000000
CVE-2005-0178;0.003610000;0.273080000
CVE-2005-0177;0.024200000;0.835140000
CVE-2005-0176;0.022180000;0.819610000
CVE-2005-0175;0.407120000;0.986080000
CVE-2005-0174;0.504940000;0.988780000
CVE-2005-0173;0.319420000;0.982530000
CVE-2005-0162;0.016770000;0.759370000
CVE-2005-0161;0.011320000;0.650950000
CVE-2005-0160;0.032430000;0.878190000
CVE-2005-0159;0.003910000;0.305820000
CVE-2005-0158;0.019070000;0.789220000
CVE-2005-0157;0.012000000;0.669170000
CVE-2005-0156;0.013150000;0.696000000
CVE-2005-0155;0.011990000;0.669030000
CVE-2005-0152;0.036140000;0.890860000
CVE-2005-0151;0.036520000;0.892000000
CVE-2005-0150;0.019260000;0.791290000
CVE-2005-0149;0.016820000;0.760100000
CVE-2005-0148;0.010080000;0.615730000
CVE-2005-0147;0.014050000;0.714890000
CVE-2005-0146;0.012800000;0.688420000
CVE-2005-0145;0.010350000;0.624300000
CVE-2005-0144;0.010060000;0.615330000
CVE-2005-0143;0.010060000;0.615330000
CVE-2005-0142;0.003020000;0.205560000
CVE-2005-0141;0.011990000;0.668910000
CVE-2005-0140;0.024670000;0.838490000
CVE-2005-0139;0.013260000;0.698410000
CVE-2005-0138;0.013260000;0.698410000
CVE-2005-0137;0.003890000;0.303880000
CVE-2005-0136;0.004010000;0.317250000
CVE-2005-0135;0.004370000;0.355100000
CVE-2005-0134;0.003240000;0.229730000
CVE-2005-0133;0.025470000;0.843880000
CVE-2005-0131;0.017970000;0.775670000
CVE-2005-0130;0.028980000;0.864040000
CVE-2005-0129;0.103210000;0.955530000
CVE-2005-0127;0.027100000;0.854060000
CVE-2005-0126;0.034040000;0.884220000
CVE-2005-0125;0.003580000;0.270080000
CVE-2005-0124;0.005640000;0.446530000
CVE-2005-0121;0.004370000;0.354540000
CVE-2005-0120;0.003580000;0.270440000
CVE-2005-0119;0.003180000;0.222640000
CVE-2005-0118;0.003180000;0.222630000
CVE-2005-0117;0.004500000;0.365930000
CVE-2005-0116;0.749410000;0.994930000
CVE-2005-0115;0.027150000;0.854350000
CVE-2005-0114;0.003340000;0.241950000
CVE-2005-0113;0.003940000;0.309750000
CVE-2005-0112;0.015100000;0.734010000
CVE-2005-0111;0.038420000;0.897530000
CVE-2005-0110;0.068320000;0.938010000
CVE-2005-0109;0.005090000;0.410560000
CVE-2005-0108;0.034460000;0.885650000
CVE-2005-0107;0.019240000;0.791080000
CVE-2005-0106;0.003470000;0.257020000
CVE-2005-0105;0.007130000;0.517310000
CVE-2005-0104;0.018370000;0.780820000
CVE-2005-0103;0.023420000;0.829490000
CVE-2005-0102;0.031790000;0.875640000
CVE-2005-0101;0.161670000;0.968260000
CVE-2005-0100;0.043290000;0.908410000
CVE-2005-0099;0.003620000;0.273850000
CVE-2005-0098;0.005780000;0.453850000
CVE-2005-0097;0.106380000;0.956490000
CVE-2005-0096;0.094240000;0.952500000
CVE-2005-0095;0.687760000;0.993250000
CVE-2005-0094;0.086350000;0.949260000
CVE-2005-0092;0.003940000;0.309760000
CVE-2005-0091;0.004020000;0.317990000
CVE-2005-0090;0.003940000;0.309760000
CVE-2005-0089;0.060010000;0.930750000
CVE-2005-0088;0.064650000;0.935040000
CVE-2005-0087;0.004540000;0.369080000
CVE-2005-0086;0.029920000;0.868140000
CVE-2005-0085;0.022730000;0.823860000
CVE-2005-0084;0.063080000;0.933700000
CVE-2005-0083;0.014120000;0.716020000
CVE-2005-0082;0.014280000;0.719060000
CVE-2005-0081;0.015240000;0.736100000
CVE-2005-0080;0.014480000;0.722690000
CVE-2005-0079;0.003820000;0.295670000
CVE-2005-0078;0.003790000;0.292070000
CVE-2005-0077;0.004120000;0.328700000
CVE-2005-0076;0.004480000;0.364450000
CVE-2005-0075;0.016760000;0.759290000
CVE-2005-0074;0.004940000;0.399670000
CVE-2005-0073;0.004810000;0.390400000
CVE-2005-0072;0.004730000;0.383920000
CVE-2005-0071;0.013720000;0.708370000
CVE-2005-0070;0.003690000;0.282100000
CVE-2005-0069;0.003600000;0.271920000
CVE-2005-0068;0.543870000;0.989780000
CVE-2005-0067;0.134550000;0.963060000
CVE-2005-0066;0.107420000;0.956810000
CVE-2005-0065;0.019370000;0.792730000
CVE-2005-0064;0.072170000;0.941070000
CVE-2005-0063;0.476460000;0.988080000
CVE-2005-0061;0.017830000;0.773920000
CVE-2005-0060;0.017240000;0.765970000
CVE-2005-0059;0.732670000;0.994450000
CVE-2005-0058;0.460250000;0.987680000
CVE-2005-0057;0.413110000;0.986260000
CVE-2005-0056;0.283310000;0.980600000
CVE-2005-0055;0.368410000;0.984580000
CVE-2005-0054;0.243050000;0.977900000
CVE-2005-0053;0.597770000;0.991020000
CVE-2005-0051;0.465700000;0.987830000
CVE-2005-0050;0.466910000;0.987870000
CVE-2005-0049;0.201860000;0.973830000
CVE-2005-0048;0.386000000;0.985310000
CVE-2005-0047;0.044420000;0.910580000
CVE-2005-0045;0.702840000;0.993650000
CVE-2005-0044;0.333570000;0.983230000
CVE-2005-0043;0.690050000;0.993310000
CVE-2005-0040;0.013300000;0.699400000
CVE-2005-0039;0.040810000;0.903520000
CVE-2005-0038;0.060930000;0.931720000
CVE-2005-0037;0.015960000;0.747380000
CVE-2005-0036;0.026680000;0.851630000
CVE-2005-0035;0.032220000;0.877480000
CVE-2005-0034;0.063540000;0.934070000
CVE-2005-0033;0.114480000;0.958700000
CVE-2005-0023;0.008940000;0.578830000
CVE-2005-0022;0.007210000;0.520450000
CVE-2005-0021;0.026180000;0.848420000
CVE-2005-0020;0.005130000;0.413510000
CVE-2005-0019;0.004130000;0.329670000
CVE-2005-0018;0.003640000;0.276770000
CVE-2005-0017;0.003520000;0.262470000
CVE-2005-0016;0.004940000;0.399670000
CVE-2005-0015;0.022630000;0.823080000
CVE-2005-0014;0.028640000;0.862320000
CVE-2005-0013;0.005650000;0.447110000
CVE-2005-0012;0.034930000;0.887180000
CVE-2005-0011;0.049240000;0.918160000
CVE-2005-0010;0.024810000;0.839420000
CVE-2005-0009;0.024950000;0.840380000
CVE-2005-0008;0.021960000;0.817750000
CVE-2005-0007;0.024810000;0.839420000
CVE-2005-0006;0.036440000;0.891730000
CVE-2005-0005;0.043780000;0.909410000
CVE-2005-0004;0.005940000;0.462290000
CVE-2005-0003;0.005140000;0.414620000
CVE-2005-0002;0.024440000;0.836810000
CVE-2005-0001;0.004990000;0.403340000
