CVE-2009-5159;0.034680000;0.883920000
CVE-2009-5158;0.009230000;0.584020000
CVE-2009-5157;0.058250000;0.927230000
CVE-2009-5156;0.109220000;0.956160000
CVE-2009-5155;0.039060000;0.896830000
CVE-2009-5154;0.023370000;0.826270000
CVE-2009-5153;0.061170000;0.930250000
CVE-2009-5152;0.002080000;0.110570000
CVE-2009-5151;0.005010000;0.413920000
CVE-2009-5150;0.005450000;0.440710000
CVE-2009-5149;0.024790000;0.836580000
CVE-2009-5147;0.077660000;0.942950000
CVE-2009-5145;0.020720000;0.803640000
CVE-2009-5144;0.008430000;0.559150000
CVE-2009-5143;0.016790000;0.756020000
CVE-2009-5142;0.012400000;0.674430000
CVE-2009-5141;0.028190000;0.857660000
CVE-2009-5140;0.013610000;0.701780000
CVE-2009-5139;0.003730000;0.307790000
CVE-2009-5138;0.018140000;0.774460000
CVE-2009-5137;0.037660000;0.892920000
CVE-2009-5136;0.019270000;0.788120000
CVE-2009-5135;0.099200000;0.953100000
CVE-2009-5134;0.077070000;0.942610000
CVE-2009-5132;0.012500000;0.677050000
CVE-2009-5131;0.014310000;0.715300000
CVE-2009-5130;0.010840000;0.633250000
CVE-2009-5129;0.013400000;0.697010000
CVE-2009-5128;0.012320000;0.672710000
CVE-2009-5127;0.022230000;0.817130000
CVE-2009-5126;0.022230000;0.817120000
CVE-2009-5125;0.035810000;0.887360000
CVE-2009-5124;0.022230000;0.817120000
CVE-2009-5123;0.022230000;0.817120000
CVE-2009-5122;0.011730000;0.657040000
CVE-2009-5121;0.012230000;0.670630000
CVE-2009-5120;0.009420000;0.590210000
CVE-2009-5119;0.010780000;0.631460000
CVE-2009-5118;0.016150000;0.746290000
CVE-2009-5117;0.002940000;0.219310000
CVE-2009-5116;0.016350000;0.749550000
CVE-2009-5115;0.010660000;0.628510000
CVE-2009-5114;0.132980000;0.961680000
CVE-2009-5113;0.009490000;0.592420000
CVE-2009-5112;0.053450000;0.921660000
CVE-2009-5111;0.011180000;0.642590000
CVE-2009-5110;0.011710000;0.656490000
CVE-2009-5109;0.324580000;0.982340000
CVE-2009-5103;0.025570000;0.841860000
CVE-2009-5102;0.022160000;0.816560000
CVE-2009-5101;0.011350000;0.646670000
CVE-2009-5100;0.004090000;0.344100000
CVE-2009-5099;0.011280000;0.645280000
CVE-2009-5098;0.039360000;0.897860000
CVE-2009-5097;0.018900000;0.783920000
CVE-2009-5096;0.012630000;0.680140000
CVE-2009-5095;0.018560000;0.779910000
CVE-2009-5094;0.020400000;0.800320000
CVE-2009-5093;0.028080000;0.857090000
CVE-2009-5092;0.128180000;0.960610000
CVE-2009-5091;0.009900000;0.605700000
CVE-2009-5090;0.019670000;0.792480000
CVE-2009-5089;0.022420000;0.818720000
CVE-2009-5088;0.009800000;0.602510000
CVE-2009-5087;0.035020000;0.885050000
CVE-2009-5086;0.010420000;0.621290000
CVE-2009-5085;0.011220000;0.643640000
CVE-2009-5084;0.002700000;0.191610000
CVE-2009-5083;0.012100000;0.667140000
CVE-2009-5082;0.003200000;0.248260000
CVE-2009-5081;0.002950000;0.220360000
CVE-2009-5080;0.003570000;0.290580000
CVE-2009-5079;0.003010000;0.227020000
CVE-2009-5078;0.023050000;0.823710000
CVE-2009-5077;0.014860000;0.725640000
CVE-2009-5076;0.014090000;0.711170000
CVE-2009-5075;0.009830000;0.603460000
CVE-2009-5074;0.013420000;0.697560000
CVE-2009-5073;0.008830000;0.571660000
CVE-2009-5072;0.008830000;0.571680000
CVE-2009-5071;0.023520000;0.827430000
CVE-2009-5068;0.017320000;0.763260000
CVE-2009-5067;0.076300000;0.942170000
CVE-2009-5066;0.003870000;0.321750000
CVE-2009-5065;0.045300000;0.909990000
CVE-2009-5064;0.005220000;0.427440000
CVE-2009-5063;0.014960000;0.727210000
CVE-2009-5062;0.007850000;0.540740000
CVE-2009-5061;0.007530000;0.530250000
CVE-2009-5060;0.007850000;0.540740000
CVE-2009-5059;0.007850000;0.540730000
CVE-2009-5058;0.007850000;0.540730000
CVE-2009-5057;0.016450000;0.750920000
CVE-2009-5056;0.008920000;0.574350000
CVE-2009-5055;0.008960000;0.575660000
CVE-2009-5054;0.015890000;0.742440000
CVE-2009-5053;0.020910000;0.805680000
CVE-2009-5052;0.018820000;0.782920000
CVE-2009-5051;0.010640000;0.627580000
CVE-2009-5050;0.016710000;0.754760000
CVE-2009-5049;0.016400000;0.750300000
CVE-2009-5048;0.016260000;0.748030000
CVE-2009-5046;0.015440000;0.735540000
CVE-2009-5045;0.022990000;0.823260000
CVE-2009-5044;0.003730000;0.308160000
CVE-2009-5043;0.012300000;0.672220000
CVE-2009-5042;0.014270000;0.714610000
CVE-2009-5041;0.012070000;0.666050000
CVE-2009-5040;0.020110000;0.797540000
CVE-2009-5039;0.012960000;0.687080000
CVE-2009-5038;0.031790000;0.873260000
CVE-2009-5037;0.022440000;0.818830000
CVE-2009-5036;0.011250000;0.644540000
CVE-2009-5035;0.009680000;0.598700000
CVE-2009-5034;0.011380000;0.647510000
CVE-2009-5033;0.009920000;0.606160000
CVE-2009-5032;0.010710000;0.629590000
CVE-2009-5031;0.029300000;0.863020000
CVE-2009-5030;0.040630000;0.900820000
CVE-2009-5029;0.080730000;0.944680000
CVE-2009-5028;0.044450000;0.908490000
CVE-2009-5026;0.077570000;0.942920000
CVE-2009-5025;0.018410000;0.777830000
CVE-2009-5024;0.026440000;0.847400000
CVE-2009-5023;0.003400000;0.272340000
CVE-2009-5022;0.107960000;0.955840000
CVE-2009-5021;0.010410000;0.621030000
CVE-2009-5020;0.034880000;0.884630000
CVE-2009-5019;0.027940000;0.856300000
CVE-2009-5018;0.109010000;0.956100000
CVE-2009-5017;0.018310000;0.776550000
CVE-2009-5016;0.026520000;0.847960000
CVE-2009-5015;0.010530000;0.624450000
CVE-2009-5014;0.013570000;0.700800000
CVE-2009-5013;0.017480000;0.765540000
CVE-2009-5012;0.010120000;0.612290000
CVE-2009-5011;0.009160000;0.581900000
CVE-2009-5010;0.013640000;0.702310000
CVE-2009-5009;0.009800000;0.602750000
CVE-2009-5008;0.003530000;0.285720000
CVE-2009-5007;0.003370000;0.267630000
CVE-2009-5006;0.040860000;0.901370000
CVE-2009-5005;0.059270000;0.928320000
CVE-2009-5004;0.025590000;0.841960000
CVE-2009-5003;0.009870000;0.604620000
CVE-2009-5002;0.010350000;0.619460000
CVE-2009-5001;0.010270000;0.616760000
CVE-2009-5000;0.008450000;0.559760000
CVE-2009-4999;0.008450000;0.559640000
CVE-2009-4998;0.010780000;0.631370000
CVE-2009-4997;0.003280000;0.257550000
CVE-2009-4996;0.003270000;0.256350000
CVE-2009-4995;0.008550000;0.562890000
CVE-2009-4994;0.010220000;0.615110000
CVE-2009-4993;0.021400000;0.810070000
CVE-2009-4992;0.009470000;0.591770000
CVE-2009-4991;0.012690000;0.681380000
CVE-2009-4990;0.010220000;0.615140000
CVE-2009-4989;0.014840000;0.725240000
CVE-2009-4988;0.655150000;0.992150000
CVE-2009-4987;0.064310000;0.933150000
CVE-2009-4986;0.020400000;0.800250000
CVE-2009-4985;0.009470000;0.591770000
CVE-2009-4984;0.012710000;0.681740000
CVE-2009-4983;0.012920000;0.686290000
CVE-2009-4982;0.009130000;0.580650000
CVE-2009-4981;0.005240000;0.429240000
CVE-2009-4980;0.010220000;0.614960000
CVE-2009-4979;0.010510000;0.623840000
CVE-2009-4978;0.029220000;0.862660000
CVE-2009-4977;0.020880000;0.805330000
CVE-2009-4976;0.010500000;0.623410000
CVE-2009-4975;0.010500000;0.623400000
CVE-2009-4974;0.023200000;0.824920000
CVE-2009-4973;0.009470000;0.591760000
CVE-2009-4972;0.010650000;0.628030000
CVE-2009-4971;0.010510000;0.623810000
CVE-2009-4970;0.010510000;0.623830000
CVE-2009-4969;0.010510000;0.623840000
CVE-2009-4968;0.010510000;0.623840000
CVE-2009-4967;0.010510000;0.623890000
CVE-2009-4966;0.010510000;0.623880000
CVE-2009-4965;0.010510000;0.623880000
CVE-2009-4964;0.057890000;0.926750000
CVE-2009-4963;0.008330000;0.555900000
CVE-2009-4962;0.313770000;0.981730000
CVE-2009-4961;0.022160000;0.816610000
CVE-2009-4960;0.016690000;0.754360000
CVE-2009-4959;0.010510000;0.623900000
CVE-2009-4958;0.009280000;0.585600000
CVE-2009-4957;0.023560000;0.827820000
CVE-2009-4956;0.008450000;0.559750000
CVE-2009-4955;0.010010000;0.608970000
CVE-2009-4954;0.010010000;0.608960000
CVE-2009-4953;0.008550000;0.562850000
CVE-2009-4952;0.027430000;0.853370000
CVE-2009-4951;0.010760000;0.630950000
CVE-2009-4950;0.010010000;0.609010000
CVE-2009-4949;0.010510000;0.623860000
CVE-2009-4948;0.010220000;0.615080000
CVE-2009-4947;0.011730000;0.657030000
CVE-2009-4946;0.012360000;0.673500000
CVE-2009-4945;0.013450000;0.697990000
CVE-2009-4944;0.010330000;0.618680000
CVE-2009-4943;0.012180000;0.669210000
CVE-2009-4942;0.005240000;0.429340000
CVE-2009-4941;0.010330000;0.618680000
CVE-2009-4940;0.009230000;0.583820000
CVE-2009-4939;0.019310000;0.788610000
CVE-2009-4938;0.010630000;0.627000000
CVE-2009-4937;0.011310000;0.645960000
CVE-2009-4936;0.018280000;0.776250000
CVE-2009-4935;0.009150000;0.581620000
CVE-2009-4934;0.014530000;0.719460000
CVE-2009-4933;0.010100000;0.611760000
CVE-2009-4932;0.037310000;0.891940000
CVE-2009-4931;0.029620000;0.864400000
CVE-2009-4930;0.008450000;0.559720000
CVE-2009-4929;0.024550000;0.834940000
CVE-2009-4928;0.013160000;0.691650000
CVE-2009-4927;0.024750000;0.836300000
CVE-2009-4926;0.016360000;0.749720000
CVE-2009-4925;0.009130000;0.580660000
CVE-2009-4924;0.013540000;0.700240000
CVE-2009-4923;0.013880000;0.707300000
CVE-2009-4922;0.009630000;0.596910000
CVE-2009-4921;0.012050000;0.665490000
CVE-2009-4920;0.013880000;0.707290000
CVE-2009-4919;0.021400000;0.810020000
CVE-2009-4918;0.013880000;0.707300000
CVE-2009-4917;0.013880000;0.707290000
CVE-2009-4916;0.010290000;0.617350000
CVE-2009-4915;0.012050000;0.665500000
CVE-2009-4914;0.007410000;0.526250000
CVE-2009-4913;0.017890000;0.770950000
CVE-2009-4912;0.025370000;0.840580000
CVE-2009-4911;0.012050000;0.665510000
CVE-2009-4910;0.008550000;0.562920000
CVE-2009-4909;0.017240000;0.762220000
CVE-2009-4908;0.016450000;0.750990000
CVE-2009-4907;0.010780000;0.631400000
CVE-2009-4906;0.010680000;0.628980000
CVE-2009-4905;0.009430000;0.590740000
CVE-2009-4904;0.011930000;0.662360000
CVE-2009-4903;0.010220000;0.615220000
CVE-2009-4902;0.003790000;0.314190000
CVE-2009-4901;0.003700000;0.304340000
CVE-2009-4900;0.009690000;0.599360000
CVE-2009-4899;0.012750000;0.682680000
CVE-2009-4898;0.005780000;0.458030000
CVE-2009-4897;0.066290000;0.934750000
CVE-2009-4896;0.018060000;0.773190000
CVE-2009-4895;0.002630000;0.181760000
CVE-2009-4894;0.008550000;0.562870000
CVE-2009-4893;0.025120000;0.838750000
CVE-2009-4892;0.009070000;0.579160000
CVE-2009-4891;0.011250000;0.644410000
CVE-2009-4890;0.010220000;0.615110000
CVE-2009-4889;0.009610000;0.595970000
CVE-2009-4888;0.017560000;0.766640000
CVE-2009-4887;0.012620000;0.679760000
CVE-2009-4886;0.029060000;0.861930000
CVE-2009-4885;0.011040000;0.638910000
CVE-2009-4884;0.010990000;0.637670000
CVE-2009-4883;0.010020000;0.609160000
CVE-2009-4882;0.024430000;0.833990000
CVE-2009-4881;0.020250000;0.798890000
CVE-2009-4880;0.112220000;0.957090000
CVE-2009-4879;0.010390000;0.620410000
CVE-2009-4878;0.012120000;0.667730000
CVE-2009-4877;0.005940000;0.465470000
CVE-2009-4876;0.019710000;0.792870000
CVE-2009-4875;0.025650000;0.842310000
CVE-2009-4874;0.026050000;0.845030000
CVE-2009-4873;0.205530000;0.973680000
CVE-2009-4872;0.009230000;0.583840000
CVE-2009-4871;0.009520000;0.593440000
CVE-2009-4870;0.009280000;0.585590000
CVE-2009-4869;0.015060000;0.729100000
CVE-2009-4868;0.012690000;0.681380000
CVE-2009-4867;0.044260000;0.908050000
CVE-2009-4866;0.010970000;0.637260000
CVE-2009-4865;0.010930000;0.635300000
CVE-2009-4864;0.012450000;0.675820000
CVE-2009-4863;0.057570000;0.926420000
CVE-2009-4862;0.009280000;0.585530000
CVE-2009-4861;0.009290000;0.586020000
CVE-2009-4860;0.009230000;0.583840000
CVE-2009-4859;0.009290000;0.586020000
CVE-2009-4858;0.012690000;0.681390000
CVE-2009-4857;0.014840000;0.725270000
CVE-2009-4856;0.014980000;0.727670000
CVE-2009-4855;0.009870000;0.604710000
CVE-2009-4854;0.031210000;0.870980000
CVE-2009-4853;0.010220000;0.615220000
CVE-2009-4852;0.008450000;0.559670000
CVE-2009-4851;0.012090000;0.666720000
CVE-2009-4850;0.246650000;0.977600000
CVE-2009-4849;0.009430000;0.590750000
CVE-2009-4848;0.010620000;0.626810000
CVE-2009-4847;0.011040000;0.638800000
CVE-2009-4846;0.038660000;0.895850000
CVE-2009-4845;0.012050000;0.665390000
CVE-2009-4844;0.012050000;0.665390000
CVE-2009-4843;0.021100000;0.807480000
CVE-2009-4842;0.008550000;0.562900000
CVE-2009-4841;0.073000000;0.940110000
CVE-2009-4840;0.079790000;0.944190000
CVE-2009-4839;0.010830000;0.632860000
CVE-2009-4838;0.010870000;0.633990000
CVE-2009-4837;0.010970000;0.637280000
CVE-2009-4836;0.055880000;0.924470000
CVE-2009-4835;0.014440000;0.717510000
CVE-2009-4834;0.040240000;0.899990000
CVE-2009-4833;0.009500000;0.592770000
CVE-2009-4832;0.008260000;0.553660000
CVE-2009-4831;0.013740000;0.704440000
CVE-2009-4830;0.023390000;0.826430000
CVE-2009-4829;0.010140000;0.612900000
CVE-2009-4828;0.009430000;0.590750000
CVE-2009-4827;0.009430000;0.590740000
CVE-2009-4826;0.009430000;0.590750000
CVE-2009-4825;0.024560000;0.835010000
CVE-2009-4824;0.019060000;0.785800000
CVE-2009-4823;0.017340000;0.763520000
CVE-2009-4822;0.014620000;0.721210000
CVE-2009-4821;0.013280000;0.694000000
CVE-2009-4820;0.024560000;0.835010000
CVE-2009-4819;0.033360000;0.879400000
CVE-2009-4818;0.042080000;0.903970000
CVE-2009-4817;0.033720000;0.880670000
CVE-2009-4816;0.027240000;0.852190000
CVE-2009-4815;0.028870000;0.860970000
CVE-2009-4814;0.014970000;0.727410000
CVE-2009-4813;0.014520000;0.719060000
CVE-2009-4812;0.011400000;0.648060000
CVE-2009-4811;0.027590000;0.854330000
CVE-2009-4810;0.025570000;0.841840000
CVE-2009-4809;0.027550000;0.854050000
CVE-2009-4808;0.027620000;0.854510000
CVE-2009-4807;0.009710000;0.599890000
CVE-2009-4806;0.026430000;0.847310000
CVE-2009-4805;0.009130000;0.580650000
CVE-2009-4804;0.010330000;0.618680000
CVE-2009-4803;0.010010000;0.608950000
CVE-2009-4802;0.010630000;0.627120000
CVE-2009-4801;0.022520000;0.819410000
CVE-2009-4800;0.019340000;0.788940000
CVE-2009-4799;0.025870000;0.843740000
CVE-2009-4798;0.010020000;0.609220000
CVE-2009-4797;0.009930000;0.606310000
CVE-2009-4796;0.023370000;0.826260000
CVE-2009-4795;0.020270000;0.799040000
CVE-2009-4794;0.009070000;0.579180000
CVE-2009-4793;0.015420000;0.735120000
CVE-2009-4792;0.009930000;0.606310000
CVE-2009-4791;0.012830000;0.684470000
CVE-2009-4790;0.039050000;0.896790000
CVE-2009-4789;0.023030000;0.823570000
CVE-2009-4788;0.010390000;0.620320000
CVE-2009-4787;0.009050000;0.578350000
CVE-2009-4786;0.016240000;0.747730000
CVE-2009-4785;0.010840000;0.633310000
CVE-2009-4784;0.009930000;0.606310000
CVE-2009-4783;0.009930000;0.606320000
CVE-2009-4782;0.014980000;0.727690000
CVE-2009-4781;0.007530000;0.530320000
CVE-2009-4780;0.011780000;0.658750000
CVE-2009-4779;0.021490000;0.810820000
CVE-2009-4778;0.043180000;0.906100000
CVE-2009-4777;0.014070000;0.710830000
CVE-2009-4776;0.030710000;0.868980000
CVE-2009-4775;0.056080000;0.924710000
CVE-2009-4774;0.003210000;0.250010000
CVE-2009-4773;0.006290000;0.482400000
CVE-2009-4772;0.009460000;0.591460000
CVE-2009-4771;0.012220000;0.670220000
CVE-2009-4770;0.012720000;0.682140000
CVE-2009-4769;0.378950000;0.984630000
CVE-2009-4768;0.033680000;0.880550000
CVE-2009-4767;0.014650000;0.721860000
CVE-2009-4766;0.013250000;0.693530000
CVE-2009-4765;0.013530000;0.699900000
CVE-2009-4764;0.035490000;0.886370000
CVE-2009-4763;0.010060000;0.610560000
CVE-2009-4762;0.030010000;0.866080000
CVE-2009-4761;0.056250000;0.925020000
CVE-2009-4760;0.026080000;0.845190000
CVE-2009-4759;0.048510000;0.915160000
CVE-2009-4758;0.056000000;0.924610000
CVE-2009-4757;0.048690000;0.915410000
CVE-2009-4756;0.069130000;0.937090000
CVE-2009-4755;0.068150000;0.936310000
CVE-2009-4754;0.060770000;0.929860000
CVE-2009-4753;0.030050000;0.866320000
CVE-2009-4752;0.031440000;0.871850000
CVE-2009-4751;0.010010000;0.609090000
CVE-2009-4750;0.022790000;0.821460000
CVE-2009-4749;0.009960000;0.607190000
CVE-2009-4748;0.027440000;0.853410000
CVE-2009-4747;0.030430000;0.867780000
CVE-2009-4746;0.012140000;0.668330000
CVE-2009-4745;0.009080000;0.579310000
CVE-2009-4744;0.010420000;0.621260000
CVE-2009-4743;0.015370000;0.734270000
CVE-2009-4742;0.006000000;0.468680000
CVE-2009-4741;0.019700000;0.792760000
CVE-2009-4740;0.012970000;0.687500000
CVE-2009-4739;0.023140000;0.824470000
CVE-2009-4738;0.003940000;0.329180000
CVE-2009-4737;0.034750000;0.884200000
CVE-2009-4736;0.012990000;0.687710000
CVE-2009-4735;0.009990000;0.608260000
CVE-2009-4734;0.009990000;0.608260000
CVE-2009-4733;0.008890000;0.573160000
CVE-2009-4732;0.009500000;0.592940000
CVE-2009-4731;0.011630000;0.654390000
CVE-2009-4730;0.009990000;0.608260000
CVE-2009-4729;0.036310000;0.888800000
CVE-2009-4728;0.009280000;0.585530000
CVE-2009-4727;0.009990000;0.608440000
CVE-2009-4726;0.029220000;0.862660000
CVE-2009-4725;0.019700000;0.792710000
CVE-2009-4724;0.009440000;0.590840000
CVE-2009-4723;0.023660000;0.828450000
CVE-2009-4722;0.019570000;0.791530000
CVE-2009-4721;0.010080000;0.610910000
CVE-2009-4720;0.010960000;0.636700000
CVE-2009-4719;0.010540000;0.624600000
CVE-2009-4718;0.010210000;0.614720000
CVE-2009-4717;0.013030000;0.688750000
CVE-2009-4716;0.011060000;0.639510000
CVE-2009-4715;0.011060000;0.639510000
CVE-2009-4714;0.015100000;0.729920000
CVE-2009-4713;0.015090000;0.729760000
CVE-2009-4712;0.011720000;0.656890000
CVE-2009-4711;0.010600000;0.626400000
CVE-2009-4710;0.010600000;0.626380000
CVE-2009-4709;0.010100000;0.611550000
CVE-2009-4708;0.010210000;0.614730000
CVE-2009-4707;0.008620000;0.565180000
CVE-2009-4706;0.008620000;0.565180000
CVE-2009-4705;0.008620000;0.565200000
CVE-2009-4704;0.010850000;0.633590000
CVE-2009-4703;0.010210000;0.614720000
CVE-2009-4702;0.010210000;0.614730000
CVE-2009-4701;0.010210000;0.614740000
CVE-2009-4700;0.027910000;0.856170000
CVE-2009-4699;0.033790000;0.880900000
CVE-2009-4698;0.017070000;0.760120000
CVE-2009-4697;0.015090000;0.729770000
CVE-2009-4696;0.010100000;0.611680000
CVE-2009-4695;0.010100000;0.611680000
CVE-2009-4694;0.014610000;0.721060000
CVE-2009-4693;0.023040000;0.823640000
CVE-2009-4692;0.015090000;0.729770000
CVE-2009-4691;0.010010000;0.609100000
CVE-2009-4690;0.018790000;0.782590000
CVE-2009-4689;0.010010000;0.609100000
CVE-2009-4688;0.030810000;0.869370000
CVE-2009-4687;0.009360000;0.588160000
CVE-2009-4686;0.015100000;0.729910000
CVE-2009-4685;0.015100000;0.729910000
CVE-2009-4684;0.015100000;0.729920000
CVE-2009-4683;0.023760000;0.829100000
CVE-2009-4682;0.014480000;0.718300000
CVE-2009-4681;0.014960000;0.727280000
CVE-2009-4680;0.010010000;0.609100000
CVE-2009-4679;0.078660000;0.943540000
CVE-2009-4678;0.015300000;0.732970000
CVE-2009-4677;0.010220000;0.615160000
CVE-2009-4676;0.040410000;0.900370000
CVE-2009-4675;0.026140000;0.845510000
CVE-2009-4674;0.024200000;0.832420000
CVE-2009-4673;0.010110000;0.612250000
CVE-2009-4672;0.090830000;0.949960000
CVE-2009-4671;0.022700000;0.820770000
CVE-2009-4670;0.022710000;0.820800000
CVE-2009-4669;0.009360000;0.588160000
CVE-2009-4668;0.056320000;0.925080000
CVE-2009-4667;0.008930000;0.574680000
CVE-2009-4666;0.020860000;0.805130000
CVE-2009-4665;0.065320000;0.933970000
CVE-2009-4664;0.003580000;0.292190000
CVE-2009-4663;0.104910000;0.954900000
CVE-2009-4662;0.013760000;0.704860000
CVE-2009-4661;0.021120000;0.807630000
CVE-2009-4660;0.621200000;0.991300000
CVE-2009-4659;0.018830000;0.783030000
CVE-2009-4658;0.018090000;0.773630000
CVE-2009-4657;0.021690000;0.812450000
CVE-2009-4656;0.317210000;0.981910000
CVE-2009-4655;0.498640000;0.988290000
CVE-2009-4654;0.067620000;0.935890000
CVE-2009-4653;0.126550000;0.960210000
CVE-2009-4652;0.016020000;0.744320000
CVE-2009-4651;0.011780000;0.658740000
CVE-2009-4650;0.009710000;0.599920000
CVE-2009-4649;0.011160000;0.642100000
CVE-2009-4648;0.008210000;0.552430000
CVE-2009-4647;0.010730000;0.630250000
CVE-2009-4646;0.017170000;0.761430000
CVE-2009-4645;0.027560000;0.854140000
CVE-2009-4644;0.024120000;0.831810000
CVE-2009-4643;0.037610000;0.892810000
CVE-2009-4642;0.003400000;0.271510000
CVE-2009-4641;0.003690000;0.302850000
CVE-2009-4640;0.039970000;0.899360000
CVE-2009-4639;0.030040000;0.866240000
CVE-2009-4638;0.039130000;0.897000000
CVE-2009-4637;0.170380000;0.968940000
CVE-2009-4636;0.030380000;0.867590000
CVE-2009-4635;0.080870000;0.944830000
CVE-2009-4634;0.072100000;0.939530000
CVE-2009-4633;0.079470000;0.944040000
CVE-2009-4632;0.021680000;0.812370000
CVE-2009-4631;0.050960000;0.918740000
CVE-2009-4630;0.010250000;0.616210000
CVE-2009-4629;0.009340000;0.587800000
CVE-2009-4628;0.016190000;0.746940000
CVE-2009-4627;0.028590000;0.859640000
CVE-2009-4626;0.025070000;0.838430000
CVE-2009-4625;0.023720000;0.828870000
CVE-2009-4624;0.009800000;0.602480000
CVE-2009-4623;0.098470000;0.952810000
CVE-2009-4622;0.020980000;0.806330000
CVE-2009-4621;0.010010000;0.609090000
CVE-2009-4620;0.011590000;0.653180000
CVE-2009-4619;0.011340000;0.646630000
CVE-2009-4618;0.009360000;0.588160000
CVE-2009-4617;0.010080000;0.610910000
CVE-2009-4616;0.012260000;0.671220000
CVE-2009-4615;0.009360000;0.588170000
CVE-2009-4614;0.020980000;0.806330000
CVE-2009-4613;0.009130000;0.580680000
CVE-2009-4612;0.033430000;0.879690000
CVE-2009-4611;0.031840000;0.873430000
CVE-2009-4610;0.030550000;0.868440000
CVE-2009-4609;0.017900000;0.771050000
CVE-2009-4608;0.018010000;0.772510000
CVE-2009-4607;0.006150000;0.475540000
CVE-2009-4606;0.008000000;0.545270000
CVE-2009-4605;0.023600000;0.828110000
CVE-2009-4604;0.023420000;0.826650000
CVE-2009-4603;0.014400000;0.716930000
CVE-2009-4602;0.010220000;0.615140000
CVE-2009-4601;0.014840000;0.725220000
CVE-2009-4600;0.010020000;0.609240000
CVE-2009-4599;0.020070000;0.797160000
CVE-2009-4598;0.011750000;0.657910000
CVE-2009-4597;0.009870000;0.604470000
CVE-2009-4596;0.014750000;0.723700000
CVE-2009-4595;0.007250000;0.520650000
CVE-2009-4594;0.014950000;0.727080000
CVE-2009-4593;0.014400000;0.716930000
CVE-2009-4592;0.014330000;0.715620000
CVE-2009-4591;0.011200000;0.643300000
CVE-2009-4590;0.010890000;0.634480000
CVE-2009-4589;0.013560000;0.700680000
CVE-2009-4588;0.320350000;0.982090000
CVE-2009-4587;0.041240000;0.902230000
CVE-2009-4586;0.010970000;0.637270000
CVE-2009-4585;0.025880000;0.843840000
CVE-2009-4584;0.016310000;0.748760000
CVE-2009-4583;0.009870000;0.604630000
CVE-2009-4582;0.009610000;0.596090000
CVE-2009-4581;0.052360000;0.920490000
CVE-2009-4580;0.011310000;0.645940000
CVE-2009-4579;0.010910000;0.634910000
CVE-2009-4578;0.014750000;0.723690000
CVE-2009-4577;0.011730000;0.657020000
CVE-2009-4576;0.011750000;0.657900000
CVE-2009-4575;0.014970000;0.727420000
CVE-2009-4574;0.010240000;0.615860000
CVE-2009-4573;0.012230000;0.670480000
CVE-2009-4572;0.006290000;0.482480000
CVE-2009-4571;0.020200000;0.798320000
CVE-2009-4570;0.011070000;0.639630000
CVE-2009-4569;0.009870000;0.604740000
CVE-2009-4568;0.016450000;0.750970000
CVE-2009-4567;0.012520000;0.677560000
CVE-2009-4566;0.009510000;0.593050000
CVE-2009-4565;0.023950000;0.830460000
CVE-2009-4564;0.008450000;0.559880000
CVE-2009-4563;0.036390000;0.889050000
CVE-2009-4562;0.031080000;0.870350000
CVE-2009-4561;0.008500000;0.561220000
CVE-2009-4560;0.009280000;0.585490000
CVE-2009-4559;0.008330000;0.555920000
CVE-2009-4558;0.012560000;0.678600000
CVE-2009-4557;0.008640000;0.565770000
CVE-2009-4556;0.007050000;0.513540000
CVE-2009-4555;0.005740000;0.456300000
CVE-2009-4554;0.017650000;0.767930000
CVE-2009-4553;0.023410000;0.826570000
CVE-2009-4552;0.011780000;0.658740000
CVE-2009-4551;0.009070000;0.579220000
CVE-2009-4550;0.009610000;0.595910000
CVE-2009-4549;0.043580000;0.906830000
CVE-2009-4548;0.022600000;0.820010000
CVE-2009-4547;0.018460000;0.778520000
CVE-2009-4546;0.026320000;0.846760000
CVE-2009-4545;0.022290000;0.817570000
CVE-2009-4544;0.015530000;0.737230000
CVE-2009-4543;0.019130000;0.786590000
CVE-2009-4542;0.030100000;0.866470000
CVE-2009-4541;0.077430000;0.942830000
CVE-2009-4540;0.009030000;0.577660000
CVE-2009-4539;0.017060000;0.759830000
CVE-2009-4538;0.083800000;0.946430000
CVE-2009-4537;0.058890000;0.927980000
CVE-2009-4536;0.052270000;0.920400000
CVE-2009-4535;0.066770000;0.935100000
CVE-2009-4534;0.008590000;0.564480000
CVE-2009-4533;0.015240000;0.732030000
CVE-2009-4532;0.009960000;0.607440000
CVE-2009-4531;0.071110000;0.938740000
CVE-2009-4530;0.012240000;0.670810000
CVE-2009-4529;0.016920000;0.757950000
CVE-2009-4528;0.013370000;0.696380000
CVE-2009-4527;0.003300000;0.260090000
CVE-2009-4526;0.014890000;0.726150000
CVE-2009-4525;0.012920000;0.686330000
CVE-2009-4524;0.012230000;0.670360000
CVE-2009-4523;0.014840000;0.725210000
CVE-2009-4522;0.015300000;0.732960000
CVE-2009-4521;0.019610000;0.791860000
CVE-2009-4520;0.012420000;0.675220000
CVE-2009-4519;0.014950000;0.727050000
CVE-2009-4518;0.010650000;0.628020000
CVE-2009-4517;0.006040000;0.470360000
CVE-2009-4516;0.010330000;0.618530000
CVE-2009-4515;0.012560000;0.678600000
CVE-2009-4514;0.008680000;0.567130000
CVE-2009-4513;0.010190000;0.614250000
CVE-2009-4512;0.020850000;0.805050000
CVE-2009-4511;0.054790000;0.923100000
CVE-2009-4510;0.021480000;0.810790000
CVE-2009-4509;0.045330000;0.910010000
CVE-2009-4505;0.010730000;0.630230000
CVE-2009-4502;0.215670000;0.974800000
CVE-2009-4501;0.085300000;0.947330000
CVE-2009-4500;0.022860000;0.822000000
CVE-2009-4499;0.023920000;0.830300000
CVE-2009-4498;0.319150000;0.982000000
CVE-2009-4497;0.032210000;0.875120000
CVE-2009-4496;0.120780000;0.959060000
CVE-2009-4495;0.090260000;0.949750000
CVE-2009-4494;0.087770000;0.948670000
CVE-2009-4493;0.068360000;0.936440000
CVE-2009-4492;0.159360000;0.967030000
CVE-2009-4491;0.134670000;0.962140000
CVE-2009-4490;0.102700000;0.954180000
CVE-2009-4489;0.096200000;0.951990000
CVE-2009-4488;0.127580000;0.960440000
CVE-2009-4487;0.295160000;0.980760000
CVE-2009-4486;0.043300000;0.906290000
CVE-2009-4484;0.695520000;0.993220000
CVE-2009-4483;0.013820000;0.705910000
CVE-2009-4482;0.046580000;0.912180000
CVE-2009-4480;0.033400000;0.879570000
CVE-2009-4479;0.016020000;0.744230000
CVE-2009-4478;0.015300000;0.732960000
CVE-2009-4477;0.010110000;0.612200000
CVE-2009-4476;0.046070000;0.911410000
CVE-2009-4475;0.009930000;0.606370000
CVE-2009-4474;0.009500000;0.593000000
CVE-2009-4473;0.012230000;0.670340000
CVE-2009-4472;0.024270000;0.832930000
CVE-2009-4471;0.024530000;0.834870000
CVE-2009-4470;0.009070000;0.579180000
CVE-2009-4469;0.014360000;0.716160000
CVE-2009-4468;0.014360000;0.716190000
CVE-2009-4467;0.016570000;0.752570000
CVE-2009-4466;0.024290000;0.833130000
CVE-2009-4465;0.023690000;0.828620000
CVE-2009-4464;0.014980000;0.727690000
CVE-2009-4463;0.033890000;0.881210000
CVE-2009-4462;0.200140000;0.972860000
CVE-2009-4461;0.014670000;0.722310000
CVE-2009-4460;0.011070000;0.639680000
CVE-2009-4459;0.011340000;0.646620000
CVE-2009-4458;0.018460000;0.778520000
CVE-2009-4457;0.016500000;0.751660000
CVE-2009-4456;0.009990000;0.608420000
CVE-2009-4455;0.013070000;0.689620000
CVE-2009-4454;0.005680000;0.452980000
CVE-2009-4453;0.051250000;0.919070000
CVE-2009-4452;0.008210000;0.552460000
CVE-2009-4451;0.033360000;0.879400000
CVE-2009-4450;0.014650000;0.721880000
CVE-2009-4449;0.026980000;0.850750000
CVE-2009-4448;0.017070000;0.760030000
CVE-2009-4447;0.025510000;0.841470000
CVE-2009-4446;0.014360000;0.716160000
CVE-2009-4445;0.127570000;0.960440000
CVE-2009-4444;0.636270000;0.991670000
CVE-2009-4443;0.021140000;0.807800000
CVE-2009-4442;0.024840000;0.836850000
CVE-2009-4441;0.024840000;0.836850000
CVE-2009-4440;0.016040000;0.744690000
CVE-2009-4439;0.019920000;0.795290000
CVE-2009-4438;0.015670000;0.739110000
CVE-2009-4437;0.010240000;0.615810000
CVE-2009-4436;0.009710000;0.599900000
CVE-2009-4435;0.020140000;0.797800000
CVE-2009-4434;0.027440000;0.853430000
CVE-2009-4433;0.022400000;0.818550000
CVE-2009-4432;0.009930000;0.606300000
CVE-2009-4431;0.023030000;0.823570000
CVE-2009-4430;0.009070000;0.579150000
CVE-2009-4429;0.028190000;0.857660000
CVE-2009-4428;0.010240000;0.615800000
CVE-2009-4427;0.099960000;0.953340000
CVE-2009-4426;0.023450000;0.826900000
CVE-2009-4425;0.011310000;0.645940000
CVE-2009-4424;0.027970000;0.856490000
CVE-2009-4423;0.010240000;0.615820000
CVE-2009-4422;0.010890000;0.634490000
CVE-2009-4421;0.019990000;0.795920000
CVE-2009-4420;0.022210000;0.816960000
CVE-2009-4419;0.004270000;0.361290000
CVE-2009-4418;0.009700000;0.599370000
CVE-2009-4417;0.008600000;0.564760000
CVE-2009-4416;0.022650000;0.820320000
CVE-2009-4415;0.033530000;0.880040000
CVE-2009-4414;0.012770000;0.683230000
CVE-2009-4413;0.086600000;0.948040000
CVE-2009-4412;0.018520000;0.779330000
CVE-2009-4411;0.003290000;0.258390000
CVE-2009-4410;0.003640000;0.297980000
CVE-2009-4409;0.013560000;0.700630000
CVE-2009-4408;0.010330000;0.618780000
CVE-2009-4407;0.005810000;0.459250000
CVE-2009-4406;0.011250000;0.644360000
CVE-2009-4405;0.019680000;0.792590000
CVE-2009-4404;0.012150000;0.668430000
CVE-2009-4403;0.015440000;0.735520000
CVE-2009-4402;0.013910000;0.707830000
CVE-2009-4401;0.010130000;0.612520000
CVE-2009-4400;0.008550000;0.562850000
CVE-2009-4399;0.010130000;0.612500000
CVE-2009-4398;0.008550000;0.562920000
CVE-2009-4397;0.008550000;0.562920000
CVE-2009-4396;0.010130000;0.612520000
CVE-2009-4395;0.008550000;0.562870000
CVE-2009-4394;0.015110000;0.730070000
CVE-2009-4393;0.010130000;0.612500000
CVE-2009-4392;0.010130000;0.612510000
CVE-2009-4391;0.008550000;0.562950000
CVE-2009-4390;0.010130000;0.612510000
CVE-2009-4389;0.010640000;0.627590000
CVE-2009-4388;0.008450000;0.559750000
CVE-2009-4387;0.013280000;0.694110000
CVE-2009-4386;0.010240000;0.615800000
CVE-2009-4385;0.009660000;0.597730000
CVE-2009-4384;0.014840000;0.725250000
CVE-2009-4383;0.015990000;0.743830000
CVE-2009-4382;0.014530000;0.719450000
CVE-2009-4381;0.017560000;0.766640000
CVE-2009-4380;0.010510000;0.623890000
CVE-2009-4379;0.010220000;0.615010000
CVE-2009-4378;0.023080000;0.823960000
CVE-2009-4377;0.026640000;0.848690000
CVE-2009-4376;0.067680000;0.935990000
CVE-2009-4375;0.009710000;0.599950000
CVE-2009-4374;0.016410000;0.750330000
CVE-2009-4373;0.029840000;0.865320000
CVE-2009-4372;0.048190000;0.914600000
CVE-2009-4371;0.008880000;0.573040000
CVE-2009-4370;0.008870000;0.572800000
CVE-2009-4369;0.010750000;0.630770000
CVE-2009-4368;0.025370000;0.840580000
CVE-2009-4367;0.060870000;0.930020000
CVE-2009-4366;0.015250000;0.732280000
CVE-2009-4365;0.009250000;0.584440000
CVE-2009-4364;0.014720000;0.723250000
CVE-2009-4363;0.013700000;0.703510000
CVE-2009-4362;0.003520000;0.285480000
CVE-2009-4361;0.003520000;0.285480000
CVE-2009-4360;0.009870000;0.604660000
CVE-2009-4359;0.014890000;0.726180000
CVE-2009-4358;0.002730000;0.195980000
CVE-2009-4357;0.010760000;0.630820000
CVE-2009-4356;0.049730000;0.917040000
CVE-2009-4355;0.089410000;0.949390000
CVE-2009-4354;0.010500000;0.623510000
CVE-2009-4353;0.010830000;0.632980000
CVE-2009-4352;0.010650000;0.628140000
CVE-2009-4351;0.010800000;0.632040000
CVE-2009-4350;0.011630000;0.654380000
CVE-2009-4349;0.011680000;0.655760000
CVE-2009-4348;0.008710000;0.567970000
CVE-2009-4347;0.010970000;0.637270000
CVE-2009-4346;0.008450000;0.559650000
CVE-2009-4345;0.010220000;0.615250000
CVE-2009-4344;0.010220000;0.615260000
CVE-2009-4343;0.010220000;0.615280000
CVE-2009-4342;0.010510000;0.623800000
CVE-2009-4341;0.010510000;0.623930000
CVE-2009-4340;0.010220000;0.615170000
CVE-2009-4339;0.010510000;0.623930000
CVE-2009-4338;0.010510000;0.623920000
CVE-2009-4337;0.016710000;0.754750000
CVE-2009-4336;0.010220000;0.615270000
CVE-2009-4335;0.023400000;0.826500000
CVE-2009-4334;0.003740000;0.309130000
CVE-2009-4333;0.013310000;0.694820000
CVE-2009-4332;0.023520000;0.827440000
CVE-2009-4331;0.005190000;0.425610000
CVE-2009-4330;0.003750000;0.309520000
CVE-2009-4329;0.020740000;0.803890000
CVE-2009-4328;0.020660000;0.803030000
CVE-2009-4327;0.023520000;0.827440000
CVE-2009-4326;0.017900000;0.771020000
CVE-2009-4325;0.026530000;0.848070000
CVE-2009-4324;0.819330000;0.996300000
CVE-2009-4323;0.025790000;0.843290000
CVE-2009-4322;0.013180000;0.691920000
CVE-2009-4321;0.024690000;0.835900000
CVE-2009-4320;0.010620000;0.626840000
CVE-2009-4319;0.016520000;0.751860000
CVE-2009-4318;0.010970000;0.637280000
CVE-2009-4317;0.010970000;0.637280000
CVE-2009-4316;0.008550000;0.562860000
CVE-2009-4315;0.020150000;0.797870000
CVE-2009-4314;0.003330000;0.263290000
CVE-2009-4313;0.207310000;0.973920000
CVE-2009-4312;0.207310000;0.973930000
CVE-2009-4311;0.219470000;0.975130000
CVE-2009-4310;0.241110000;0.977150000
CVE-2009-4309;0.241110000;0.977140000
CVE-2009-4308;0.034710000;0.884050000
CVE-2009-4307;0.034310000;0.882620000
CVE-2009-4306;0.003810000;0.315720000
CVE-2009-4305;0.019120000;0.786470000
CVE-2009-4304;0.018320000;0.776770000
CVE-2009-4303;0.020980000;0.806300000
CVE-2009-4302;0.025740000;0.842950000
CVE-2009-4301;0.013750000;0.704570000
CVE-2009-4300;0.022160000;0.816590000
CVE-2009-4299;0.020980000;0.806300000
CVE-2009-4298;0.016100000;0.745530000
CVE-2009-4297;0.012190000;0.669390000
CVE-2009-4296;0.012580000;0.679000000
CVE-2009-4295;0.014260000;0.714500000
CVE-2009-4294;0.057180000;0.925950000
CVE-2009-4293;0.016840000;0.756730000
CVE-2009-4292;0.047560000;0.913690000
CVE-2009-4274;0.042230000;0.904300000
CVE-2009-4273;0.177200000;0.969820000
CVE-2009-4272;0.110510000;0.956570000
CVE-2009-4271;0.003240000;0.253480000
CVE-2009-4270;0.069030000;0.937010000
CVE-2009-4269;0.014260000;0.714510000
CVE-2009-4267;0.014240000;0.714010000
CVE-2009-4266;0.014490000;0.718580000
CVE-2009-4265;0.313900000;0.981740000
CVE-2009-4264;0.017270000;0.762530000
CVE-2009-4263;0.009070000;0.579140000
CVE-2009-4262;0.013400000;0.696970000
CVE-2009-4261;0.032850000;0.877550000
CVE-2009-4257;0.085220000;0.947260000
CVE-2009-4256;0.009610000;0.596060000
CVE-2009-4255;0.010620000;0.626800000
CVE-2009-4254;0.010640000;0.627630000
CVE-2009-4253;0.014520000;0.719040000
CVE-2009-4252;0.010740000;0.630350000
CVE-2009-4251;0.082170000;0.945580000
CVE-2009-4250;0.019750000;0.793280000
CVE-2009-4249;0.018880000;0.783590000
CVE-2009-4248;0.068350000;0.936420000
CVE-2009-4247;0.068350000;0.936430000
CVE-2009-4246;0.073600000;0.940490000
CVE-2009-4245;0.068350000;0.936430000
CVE-2009-4244;0.072640000;0.939870000
CVE-2009-4243;0.034150000;0.882050000
CVE-2009-4242;0.084530000;0.946920000
CVE-2009-4241;0.070600000;0.938340000
CVE-2009-4240;0.020500000;0.801510000
CVE-2009-4239;0.012630000;0.680070000
CVE-2009-4238;0.010820000;0.632730000
CVE-2009-4237;0.033060000;0.878380000
CVE-2009-4236;0.015240000;0.732030000
CVE-2009-4235;0.003180000;0.246250000
CVE-2009-4234;0.012690000;0.681380000
CVE-2009-4233;0.010220000;0.615170000
CVE-2009-4232;0.010090000;0.611510000
CVE-2009-4231;0.023170000;0.824700000
CVE-2009-4230;0.028720000;0.860290000
CVE-2009-4229;0.009070000;0.579240000
CVE-2009-4228;0.016930000;0.758010000
CVE-2009-4227;0.106030000;0.955230000
CVE-2009-4226;0.017740000;0.769200000
CVE-2009-4225;0.306190000;0.981360000
CVE-2009-4224;0.026350000;0.846950000
CVE-2009-4223;0.545840000;0.989540000
CVE-2009-4222;0.024130000;0.831920000
CVE-2009-4221;0.009870000;0.604740000
CVE-2009-4220;0.023420000;0.826650000
CVE-2009-4219;0.092710000;0.950680000
CVE-2009-4218;0.009070000;0.579140000
CVE-2009-4217;0.009020000;0.577570000
CVE-2009-4216;0.056030000;0.924660000
CVE-2009-4215;0.003680000;0.302250000
CVE-2009-4214;0.030220000;0.866960000
CVE-2009-4212;0.074110000;0.940830000
CVE-2009-4211;0.016910000;0.757800000
CVE-2009-4210;0.165070000;0.968070000
CVE-2009-4209;0.011890000;0.661410000
CVE-2009-4208;0.009280000;0.585560000
CVE-2009-4207;0.010650000;0.627930000
CVE-2009-4206;0.009990000;0.608360000
CVE-2009-4205;0.024050000;0.831240000
CVE-2009-4204;0.009280000;0.585560000
CVE-2009-4203;0.020020000;0.796380000
CVE-2009-4202;0.081090000;0.944970000
CVE-2009-4201;0.047800000;0.914050000
CVE-2009-4200;0.009070000;0.579190000
CVE-2009-4199;0.008310000;0.555460000
CVE-2009-4198;0.008860000;0.572370000
CVE-2009-4197;0.004680000;0.392250000
CVE-2009-4196;0.010340000;0.619150000
CVE-2009-4195;0.706840000;0.993560000
CVE-2009-4194;0.034440000;0.883130000
CVE-2009-4193;0.003220000;0.251070000
CVE-2009-4192;0.027340000;0.852770000
CVE-2009-4191;0.002960000;0.221410000
CVE-2009-4190;0.012100000;0.667060000
CVE-2009-4189;0.785310000;0.995590000
CVE-2009-4188;0.694920000;0.993210000
CVE-2009-4187;0.016560000;0.752550000
CVE-2009-4186;0.065280000;0.933930000
CVE-2009-4185;0.027810000;0.855750000
CVE-2009-4184;0.003110000;0.237820000
CVE-2009-4183;0.005050000;0.416540000
CVE-2009-4182;0.017750000;0.769230000
CVE-2009-4181;0.108600000;0.956010000
CVE-2009-4180;0.138700000;0.963100000
CVE-2009-4179;0.669730000;0.992520000
CVE-2009-4178;0.740240000;0.994530000
CVE-2009-4177;0.134500000;0.962060000
CVE-2009-4176;0.117940000;0.958380000
CVE-2009-4175;0.027850000;0.855970000
CVE-2009-4174;0.016480000;0.751410000
CVE-2009-4173;0.010260000;0.616660000
CVE-2009-4172;0.015960000;0.743320000
CVE-2009-4171;0.050870000;0.918650000
CVE-2009-4170;0.063920000;0.932690000
CVE-2009-4169;0.017950000;0.771710000
CVE-2009-4168;0.054940000;0.923250000
CVE-2009-4167;0.010760000;0.630800000
CVE-2009-4166;0.010010000;0.608980000
CVE-2009-4165;0.010130000;0.612530000
CVE-2009-4164;0.008550000;0.562840000
CVE-2009-4163;0.010130000;0.612530000
CVE-2009-4162;0.003480000;0.280170000
CVE-2009-4161;0.008450000;0.559620000
CVE-2009-4160;0.012050000;0.665380000
CVE-2009-4159;0.008420000;0.558660000
CVE-2009-4158;0.010630000;0.627250000
CVE-2009-4157;0.013140000;0.691210000
CVE-2009-4156;0.020980000;0.806350000
CVE-2009-4155;0.008930000;0.574500000
CVE-2009-4154;0.029450000;0.863660000
CVE-2009-4153;0.012000000;0.664190000
CVE-2009-4152;0.010650000;0.627940000
CVE-2009-4151;0.018380000;0.777500000
CVE-2009-4150;0.004360000;0.368950000
CVE-2009-4149;0.008450000;0.559590000
CVE-2009-4148;0.054860000;0.923180000
CVE-2009-4147;0.037090000;0.891200000
CVE-2009-4146;0.039030000;0.896740000
CVE-2009-4145;0.003830000;0.318220000
CVE-2009-4144;0.018970000;0.784730000
CVE-2009-4143;0.029460000;0.863720000
CVE-2009-4142;0.064970000;0.933690000
CVE-2009-4141;0.009790000;0.602260000
CVE-2009-4140;0.758380000;0.994940000
CVE-2009-4139;0.008210000;0.552250000
CVE-2009-4138;0.003610000;0.294940000
CVE-2009-4137;0.169490000;0.968820000
CVE-2009-4136;0.036440000;0.889370000
CVE-2009-4135;0.003790000;0.313070000
CVE-2009-4134;0.044210000;0.907970000
CVE-2009-4133;0.020780000;0.804230000
CVE-2009-4131;0.007880000;0.541750000
CVE-2009-4130;0.009930000;0.606240000
CVE-2009-4129;0.007530000;0.530220000
CVE-2009-4128;0.005710000;0.454630000
CVE-2009-4127;0.049590000;0.916850000
CVE-2009-4124;0.038750000;0.896080000
CVE-2009-4123;0.006000000;0.468570000
CVE-2009-4121;0.006490000;0.491640000
CVE-2009-4120;0.009990000;0.608120000
CVE-2009-4119;0.012630000;0.680070000
CVE-2009-4118;0.025050000;0.838290000
CVE-2009-4117;0.077760000;0.943020000
CVE-2009-4116;0.020470000;0.801170000
CVE-2009-4115;0.019990000;0.796000000
CVE-2009-4114;0.008340000;0.556290000
CVE-2009-4113;0.012600000;0.679290000
CVE-2009-4112;0.114770000;0.957670000
CVE-2009-4111;0.016370000;0.749850000
CVE-2009-4110;0.016590000;0.752940000
CVE-2009-4109;0.012290000;0.671840000
CVE-2009-4108;0.024340000;0.833460000
CVE-2009-4107;0.048290000;0.914770000
CVE-2009-4106;0.024200000;0.832420000
CVE-2009-4105;0.035230000;0.885610000
CVE-2009-4104;0.021000000;0.806590000
CVE-2009-4103;0.024080000;0.831490000
CVE-2009-4102;0.033900000;0.881220000
CVE-2009-4101;0.035530000;0.886450000
CVE-2009-4100;0.038710000;0.895980000
CVE-2009-4099;0.023130000;0.824380000
CVE-2009-4098;0.186760000;0.971000000
CVE-2009-4097;0.057570000;0.926420000
CVE-2009-4096;0.023490000;0.827190000
CVE-2009-4095;0.014700000;0.722920000
CVE-2009-4094;0.022790000;0.821490000
CVE-2009-4093;0.039250000;0.897530000
CVE-2009-4092;0.053650000;0.921890000
CVE-2009-4091;0.065290000;0.933940000
CVE-2009-4090;0.032140000;0.874780000
CVE-2009-4089;0.065890000;0.934480000
CVE-2009-4088;0.027960000;0.856430000
CVE-2009-4087;0.011310000;0.645940000
CVE-2009-4086;0.047650000;0.913850000
CVE-2009-4085;0.022740000;0.821120000
CVE-2009-4084;0.010630000;0.627210000
CVE-2009-4083;0.010330000;0.618800000
CVE-2009-4082;0.029920000;0.865700000
CVE-2009-4081;0.002830000;0.207320000
CVE-2009-4080;0.003460000;0.278730000
CVE-2009-4079;0.007190000;0.518570000
CVE-2009-4078;0.015230000;0.731850000
CVE-2009-4077;0.013420000;0.697380000
CVE-2009-4076;0.013420000;0.697380000
CVE-2009-4075;0.026770000;0.849590000
CVE-2009-4074;0.148420000;0.964920000
CVE-2009-4073;0.195900000;0.972280000
CVE-2009-4072;0.023600000;0.828110000
CVE-2009-4071;0.022350000;0.818110000
CVE-2009-4070;0.017270000;0.762580000
CVE-2009-4069;0.016790000;0.755840000
CVE-2009-4067;0.020600000;0.802520000
CVE-2009-4066;0.007220000;0.519680000
CVE-2009-4065;0.012230000;0.670350000
CVE-2009-4064;0.012230000;0.670420000
CVE-2009-4063;0.012230000;0.670410000
CVE-2009-4062;0.012230000;0.670440000
CVE-2009-4061;0.012230000;0.670450000
CVE-2009-4060;0.022390000;0.818480000
CVE-2009-4059;0.009620000;0.596670000
CVE-2009-4058;0.009710000;0.599980000
CVE-2009-4057;0.010240000;0.615810000
CVE-2009-4056;0.024550000;0.834950000
CVE-2009-4055;0.028290000;0.858220000
CVE-2009-4053;0.035440000;0.886270000
CVE-2009-4052;0.019820000;0.794100000
CVE-2009-4051;0.062150000;0.931190000
CVE-2009-4050;0.081090000;0.944970000
CVE-2009-4049;0.010960000;0.636690000
CVE-2009-4048;0.024070000;0.831420000
CVE-2009-4047;0.019430000;0.790070000
CVE-2009-4046;0.010510000;0.623930000
CVE-2009-4045;0.010630000;0.627220000
CVE-2009-4044;0.013590000;0.701300000
CVE-2009-4043;0.012920000;0.686360000
CVE-2009-4042;0.012630000;0.680150000
CVE-2009-4041;0.022400000;0.818610000
CVE-2009-4040;0.010220000;0.615100000
CVE-2009-4039;0.019130000;0.786530000
CVE-2009-4038;0.024120000;0.831820000
CVE-2009-4037;0.012580000;0.679010000
CVE-2009-4035;0.037850000;0.893510000
CVE-2009-4034;0.021300000;0.809160000
CVE-2009-4033;0.003090000;0.235180000
CVE-2009-4032;0.057390000;0.926240000
CVE-2009-4031;0.031120000;0.870520000
CVE-2009-4030;0.004290000;0.363090000
CVE-2009-4029;0.004810000;0.401500000
CVE-2009-4028;0.017660000;0.767960000
CVE-2009-4027;0.022900000;0.822440000
CVE-2009-4026;0.030600000;0.868570000
CVE-2009-4025;0.061490000;0.930560000
CVE-2009-4024;0.061330000;0.930400000
CVE-2009-4023;0.024020000;0.830950000
CVE-2009-4022;0.079520000;0.944060000
CVE-2009-4021;0.004110000;0.346740000
CVE-2009-4020;0.047590000;0.913770000
CVE-2009-4019;0.162630000;0.967610000
CVE-2009-4018;0.113410000;0.957350000
CVE-2009-4017;0.120410000;0.958990000
CVE-2009-4016;0.040260000;0.900030000
CVE-2009-4015;0.038970000;0.896610000
CVE-2009-4014;0.030590000;0.868560000
CVE-2009-4013;0.056830000;0.925580000
CVE-2009-4012;0.044090000;0.907720000
CVE-2009-4011;0.009700000;0.599630000
CVE-2009-4010;0.102630000;0.954160000
CVE-2009-4009;0.175720000;0.969630000
CVE-2009-4008;0.027010000;0.850900000
CVE-2009-4007;0.021250000;0.808720000
CVE-2009-4006;0.829320000;0.996530000
CVE-2009-4005;0.004200000;0.355060000
CVE-2009-4004;0.004060000;0.342300000
CVE-2009-4003;0.073920000;0.940720000
CVE-2009-4002;0.086720000;0.948100000
CVE-2009-4001;0.046070000;0.911400000
CVE-2009-4000;0.197790000;0.972550000
CVE-2009-3999;0.718070000;0.993890000
CVE-2009-3997;0.057180000;0.925930000
CVE-2009-3996;0.064770000;0.933520000
CVE-2009-3995;0.067220000;0.935510000
CVE-2009-3994;0.070320000;0.938090000
CVE-2009-3989;0.015310000;0.733120000
CVE-2009-3988;0.021470000;0.810700000
CVE-2009-3987;0.016160000;0.746490000
CVE-2009-3986;0.037070000;0.891170000
CVE-2009-3985;0.025390000;0.840710000
CVE-2009-3984;0.021900000;0.814210000
CVE-2009-3983;0.022020000;0.815480000
CVE-2009-3982;0.039330000;0.897800000
CVE-2009-3981;0.037220000;0.891630000
CVE-2009-3980;0.037220000;0.891630000
CVE-2009-3979;0.039630000;0.898570000
CVE-2009-3978;0.017880000;0.770820000
CVE-2009-3977;0.023340000;0.825960000
CVE-2009-3976;0.282770000;0.980040000
CVE-2009-3975;0.009490000;0.592550000
CVE-2009-3974;0.010010000;0.608960000
CVE-2009-3973;0.009690000;0.599280000
CVE-2009-3972;0.009610000;0.596040000
CVE-2009-3971;0.009610000;0.596050000
CVE-2009-3970;0.008860000;0.572380000
CVE-2009-3969;0.062290000;0.931310000
CVE-2009-3968;0.009280000;0.585540000
CVE-2009-3967;0.010110000;0.612220000
CVE-2009-3966;0.022700000;0.820780000
CVE-2009-3965;0.010520000;0.624250000
CVE-2009-3964;0.009070000;0.579200000
CVE-2009-3963;0.016470000;0.751220000
CVE-2009-3962;0.030160000;0.866700000
CVE-2009-3961;0.010510000;0.623830000
CVE-2009-3960;0.900120000;0.997860000
CVE-2009-3959;0.114740000;0.957660000
CVE-2009-3958;0.525860000;0.988980000
CVE-2009-3957;0.047540000;0.913650000
CVE-2009-3956;0.077320000;0.942770000
CVE-2009-3955;0.158090000;0.966790000
CVE-2009-3954;0.090500000;0.949840000
CVE-2009-3953;0.838550000;0.996740000
CVE-2009-3952;0.079670000;0.944120000
CVE-2009-3951;0.038060000;0.894160000
CVE-2009-3950;0.008550000;0.562940000
CVE-2009-3949;0.021990000;0.815160000
CVE-2009-3948;0.018680000;0.781260000
CVE-2009-3947;0.048110000;0.914510000
CVE-2009-3946;0.012180000;0.669240000
CVE-2009-3945;0.011080000;0.639930000
CVE-2009-3944;0.011180000;0.642610000
CVE-2009-3943;0.130000000;0.961020000
CVE-2009-3942;0.010800000;0.631970000
CVE-2009-3941;0.009280000;0.585670000
CVE-2009-3940;0.003750000;0.309580000
CVE-2009-3939;0.004440000;0.375280000
CVE-2009-3938;0.053220000;0.921420000
CVE-2009-3937;0.003160000;0.243250000
CVE-2009-3936;0.015290000;0.732770000
CVE-2009-3935;0.014460000;0.718030000
CVE-2009-3934;0.013750000;0.704740000
CVE-2009-3933;0.031050000;0.870230000
CVE-2009-3932;0.032280000;0.875350000
CVE-2009-3931;0.022540000;0.819550000
CVE-2009-3930;0.017950000;0.771760000
CVE-2009-3924;0.039520000;0.898260000
CVE-2009-3923;0.023550000;0.827680000
CVE-2009-3922;0.007200000;0.518980000
CVE-2009-3921;0.011520000;0.651420000
CVE-2009-3920;0.014420000;0.717230000
CVE-2009-3919;0.012230000;0.670450000
CVE-2009-3918;0.012630000;0.680040000
CVE-2009-3917;0.010650000;0.628110000
CVE-2009-3916;0.012630000;0.680100000
CVE-2009-3915;0.012630000;0.680050000
CVE-2009-3914;0.012230000;0.670510000
CVE-2009-3913;0.027370000;0.852910000
CVE-2009-3912;0.027440000;0.853440000
CVE-2009-3911;0.014840000;0.725250000
CVE-2009-3909;0.086890000;0.948190000
CVE-2009-3905;0.012760000;0.682910000
CVE-2009-3904;0.086650000;0.948070000
CVE-2009-3903;0.016420000;0.750580000
CVE-2009-3902;0.035350000;0.885970000
CVE-2009-3901;0.012690000;0.681390000
CVE-2009-3900;0.026360000;0.846980000
CVE-2009-3899;0.028530000;0.859350000
CVE-2009-3898;0.158870000;0.966930000
CVE-2009-3897;0.003750000;0.310140000
CVE-2009-3896;0.101810000;0.953910000
CVE-2009-3895;0.051230000;0.919030000
CVE-2009-3894;0.003400000;0.271630000
CVE-2009-3892;0.010830000;0.632860000
CVE-2009-3891;0.021010000;0.806670000
CVE-2009-3890;0.084270000;0.946760000
CVE-2009-3889;0.005310000;0.432940000
CVE-2009-3888;0.007490000;0.529020000
CVE-2009-3887;0.025290000;0.840050000
CVE-2009-3886;0.017010000;0.759140000
CVE-2009-3885;0.022360000;0.818260000
CVE-2009-3884;0.029510000;0.863940000
CVE-2009-3883;0.020340000;0.799740000
CVE-2009-3882;0.020340000;0.799740000
CVE-2009-3881;0.026660000;0.848820000
CVE-2009-3880;0.017880000;0.770800000
CVE-2009-3879;0.023420000;0.826710000
CVE-2009-3878;0.024540000;0.834880000
CVE-2009-3877;0.048130000;0.914540000
CVE-2009-3876;0.034090000;0.881880000
CVE-2009-3875;0.031070000;0.870320000
CVE-2009-3874;0.095330000;0.951640000
CVE-2009-3873;0.042110000;0.904040000
CVE-2009-3872;0.042620000;0.905030000
CVE-2009-3871;0.068420000;0.936490000
CVE-2009-3869;0.654610000;0.992140000
CVE-2009-3868;0.042620000;0.905030000
CVE-2009-3867;0.733760000;0.994320000
CVE-2009-3866;0.061820000;0.930870000
CVE-2009-3865;0.094010000;0.951180000
CVE-2009-3864;0.224780000;0.975690000
CVE-2009-3863;0.050230000;0.917680000
CVE-2009-3862;0.023110000;0.824210000
CVE-2009-3861;0.037270000;0.891770000
CVE-2009-3860;0.018340000;0.776950000
CVE-2009-3859;0.116350000;0.958000000
CVE-2009-3858;0.015440000;0.735520000
CVE-2009-3857;0.019790000;0.793800000
CVE-2009-3856;0.030080000;0.866390000
CVE-2009-3855;0.017190000;0.761610000
CVE-2009-3854;0.058110000;0.927050000
CVE-2009-3853;0.367170000;0.984100000
CVE-2009-3852;0.016640000;0.753730000
CVE-2009-3851;0.003740000;0.308740000
CVE-2009-3850;0.094390000;0.951290000
CVE-2009-3849;0.736940000;0.994420000
CVE-2009-3848;0.117940000;0.958380000
CVE-2009-3847;0.100590000;0.953530000
CVE-2009-3846;0.138700000;0.963100000
CVE-2009-3845;0.219510000;0.975150000
CVE-2009-3844;0.740630000;0.994540000
CVE-2009-3843;0.789680000;0.995710000
CVE-2009-3842;0.036620000;0.889920000
CVE-2009-3841;0.033980000;0.881540000
CVE-2009-3840;0.093420000;0.950920000
CVE-2009-3839;0.029300000;0.863020000
CVE-2009-3838;0.062140000;0.931190000
CVE-2009-3837;0.320710000;0.982110000
CVE-2009-3836;0.009140000;0.581280000
CVE-2009-3835;0.009670000;0.598210000
CVE-2009-3834;0.011690000;0.656030000
CVE-2009-3833;0.012690000;0.681370000
CVE-2009-3832;0.020420000;0.800560000
CVE-2009-3831;0.057040000;0.925800000
CVE-2009-3830;0.326060000;0.982400000
CVE-2009-3829;0.060750000;0.929820000
CVE-2009-3828;0.028920000;0.861260000
CVE-2009-3826;0.038290000;0.894820000
CVE-2009-3825;0.023330000;0.825900000
CVE-2009-3824;0.024050000;0.831240000
CVE-2009-3823;0.023460000;0.826980000
CVE-2009-3822;0.025850000;0.843600000
CVE-2009-3821;0.019970000;0.795760000
CVE-2009-3820;0.010130000;0.612510000
CVE-2009-3819;0.024650000;0.835640000
CVE-2009-3818;0.012390000;0.674300000
CVE-2009-3817;0.025010000;0.837990000
CVE-2009-3816;0.010220000;0.615130000
CVE-2009-3815;0.011400000;0.648060000
CVE-2009-3814;0.010680000;0.628910000
CVE-2009-3813;0.008980000;0.576020000
CVE-2009-3812;0.068960000;0.936940000
CVE-2009-3811;0.057570000;0.926430000
CVE-2009-3810;0.060390000;0.929430000
CVE-2009-3809;0.022840000;0.821840000
CVE-2009-3808;0.044800000;0.909060000
CVE-2009-3807;0.028130000;0.857380000
CVE-2009-3806;0.026380000;0.847090000
CVE-2009-3805;0.013740000;0.704330000
CVE-2009-3804;0.008060000;0.547500000
CVE-2009-3803;0.017560000;0.766650000
CVE-2009-3802;0.025880000;0.843850000
CVE-2009-3801;0.010130000;0.612540000
CVE-2009-3800;0.075680000;0.941720000
CVE-2009-3799;0.099550000;0.953210000
CVE-2009-3798;0.062530000;0.931550000
CVE-2009-3797;0.062530000;0.931550000
CVE-2009-3796;0.071150000;0.938770000
CVE-2009-3794;0.115560000;0.957830000
CVE-2009-3793;0.093710000;0.951040000
CVE-2009-3792;0.040670000;0.900910000
CVE-2009-3791;0.025930000;0.844280000
CVE-2009-3790;0.039270000;0.897600000
CVE-2009-3789;0.028120000;0.857240000
CVE-2009-3788;0.012130000;0.667890000
CVE-2009-3787;0.065770000;0.934380000
CVE-2009-3786;0.017070000;0.760100000
CVE-2009-3785;0.006290000;0.482400000
CVE-2009-3784;0.006100000;0.473310000
CVE-2009-3783;0.010650000;0.628120000
CVE-2009-3782;0.010360000;0.619710000
CVE-2009-3781;0.021630000;0.811980000
CVE-2009-3780;0.012230000;0.670300000
CVE-2009-3779;0.012630000;0.680010000
CVE-2009-3778;0.012580000;0.678980000
CVE-2009-3767;0.032730000;0.877070000
CVE-2009-3766;0.011380000;0.647560000
CVE-2009-3765;0.010840000;0.633360000
CVE-2009-3764;0.013760000;0.704850000
CVE-2009-3763;0.013760000;0.704850000
CVE-2009-3762;0.013760000;0.704850000
CVE-2009-3760;0.027350000;0.852830000
CVE-2009-3759;0.022890000;0.822310000
CVE-2009-3758;0.011540000;0.651990000
CVE-2009-3757;0.017390000;0.764230000
CVE-2009-3756;0.022860000;0.822030000
CVE-2009-3755;0.012470000;0.676210000
CVE-2009-3754;0.009520000;0.593430000
CVE-2009-3753;0.039590000;0.898460000
CVE-2009-3752;0.009710000;0.599960000
CVE-2009-3751;0.014520000;0.719050000
CVE-2009-3750;0.010100000;0.611930000
CVE-2009-3749;0.076410000;0.942230000
CVE-2009-3748;0.034640000;0.883790000
CVE-2009-3747;0.014840000;0.725260000
CVE-2009-3746;0.003390000;0.270050000
CVE-2009-3745;0.012850000;0.684790000
CVE-2009-3744;0.072710000;0.939930000
CVE-2009-3743;0.067550000;0.935870000
CVE-2009-3742;0.010720000;0.629760000
CVE-2009-3739;0.043420000;0.906540000
CVE-2009-3737;0.039490000;0.898190000
CVE-2009-3736;0.003940000;0.330210000
CVE-2009-3735;0.057430000;0.926280000
CVE-2009-3734;0.017790000;0.769750000
CVE-2009-3733;0.833780000;0.996610000
CVE-2009-3732;0.162000000;0.967500000
CVE-2009-3731;0.027770000;0.855610000
CVE-2009-3730;0.034510000;0.883320000
CVE-2009-3729;0.025390000;0.840690000
CVE-2009-3728;0.037510000;0.892470000
CVE-2009-3727;0.042010000;0.903820000
CVE-2009-3726;0.120000000;0.958900000
CVE-2009-3725;0.006110000;0.473960000
CVE-2009-3724;0.007660000;0.534810000
CVE-2009-3723;0.012260000;0.671280000
CVE-2009-3722;0.022770000;0.821320000
CVE-2009-3721;0.016120000;0.745690000
CVE-2009-3720;0.279240000;0.979840000
CVE-2009-3719;0.014970000;0.727440000
CVE-2009-3718;0.020020000;0.796380000
CVE-2009-3717;0.064200000;0.933000000
CVE-2009-3716;0.035700000;0.887000000
CVE-2009-3715;0.019800000;0.793920000
CVE-2009-3714;0.017390000;0.764240000
CVE-2009-3713;0.010100000;0.611850000
CVE-2009-3712;0.009990000;0.608370000
CVE-2009-3711;0.639090000;0.991730000
CVE-2009-3710;0.084960000;0.947160000
CVE-2009-3709;0.059020000;0.928060000
CVE-2009-3708;0.044870000;0.909220000
CVE-2009-3707;0.111060000;0.956760000
CVE-2009-3706;0.003220000;0.251160000
CVE-2009-3705;0.098130000;0.952710000
CVE-2009-3704;0.081430000;0.945160000
CVE-2009-3703;0.026260000;0.846310000
CVE-2009-3702;0.024470000;0.834380000
CVE-2009-3701;0.048320000;0.914810000
CVE-2009-3700;0.038290000;0.894820000
CVE-2009-3699;0.623450000;0.991350000
CVE-2009-3698;0.014580000;0.720390000
CVE-2009-3697;0.026020000;0.844820000
CVE-2009-3696;0.025710000;0.842800000
CVE-2009-3695;0.037170000;0.891490000
CVE-2009-3694;0.018960000;0.784590000
CVE-2009-3693;0.415800000;0.985970000
CVE-2009-3692;0.007290000;0.522010000
CVE-2009-3691;0.070400000;0.938170000
CVE-2009-3678;0.126140000;0.960120000
CVE-2009-3677;0.218200000;0.974990000
CVE-2009-3676;0.343360000;0.983140000
CVE-2009-3675;0.247050000;0.977630000
CVE-2009-3674;0.262610000;0.978780000
CVE-2009-3673;0.253500000;0.978170000
CVE-2009-3672;0.718020000;0.993890000
CVE-2009-3671;0.210380000;0.974330000
CVE-2009-3670;0.057890000;0.926750000
CVE-2009-3669;0.009500000;0.592990000
CVE-2009-3668;0.009290000;0.586010000
CVE-2009-3667;0.009230000;0.583830000
CVE-2009-3666;0.029670000;0.864600000
CVE-2009-3665;0.020820000;0.804710000
CVE-2009-3664;0.059740000;0.928800000
CVE-2009-3663;0.146320000;0.964530000
CVE-2009-3662;0.026530000;0.847980000
CVE-2009-3661;0.009330000;0.587410000
CVE-2009-3660;0.018600000;0.780360000
CVE-2009-3659;0.009280000;0.585590000
CVE-2009-3658;0.088960000;0.949260000
CVE-2009-3657;0.010870000;0.633970000
CVE-2009-3656;0.006040000;0.470370000
CVE-2009-3655;0.040130000;0.899770000
CVE-2009-3654;0.016090000;0.745300000
CVE-2009-3653;0.008420000;0.558700000
CVE-2009-3652;0.010430000;0.621620000
CVE-2009-3651;0.012630000;0.680110000
CVE-2009-3650;0.010220000;0.615280000
CVE-2009-3649;0.008450000;0.559640000
CVE-2009-3648;0.013620000;0.701840000
CVE-2009-3647;0.011890000;0.661400000
CVE-2009-3646;0.058940000;0.928010000
CVE-2009-3645;0.011330000;0.646170000
CVE-2009-3644;0.009500000;0.593010000
CVE-2009-3643;0.063510000;0.932410000
CVE-2009-3642;0.011050000;0.639050000
CVE-2009-3641;0.387790000;0.984990000
CVE-2009-3640;0.003820000;0.316500000
CVE-2009-3639;0.057000000;0.925760000
CVE-2009-3638;0.005060000;0.417240000
CVE-2009-3637;0.076410000;0.942230000
CVE-2009-3636;0.019620000;0.792060000
CVE-2009-3635;0.020610000;0.802550000
CVE-2009-3634;0.019620000;0.792060000
CVE-2009-3633;0.009500000;0.593020000
CVE-2009-3632;0.016130000;0.745920000
CVE-2009-3631;0.029430000;0.863560000
CVE-2009-3630;0.019760000;0.793430000
CVE-2009-3629;0.015370000;0.734290000
CVE-2009-3628;0.011290000;0.645380000
CVE-2009-3627;0.017270000;0.762610000
CVE-2009-3626;0.021850000;0.813810000
CVE-2009-3625;0.081920000;0.945460000
CVE-2009-3624;0.003720000;0.306850000
CVE-2009-3623;0.034740000;0.884150000
CVE-2009-3622;0.058270000;0.927280000
CVE-2009-3621;0.009870000;0.604770000
CVE-2009-3620;0.004250000;0.359560000
CVE-2009-3619;0.017710000;0.768720000
CVE-2009-3618;0.016040000;0.744600000
CVE-2009-3617;0.048920000;0.915770000
CVE-2009-3616;0.038750000;0.896100000
CVE-2009-3615;0.026610000;0.848470000
CVE-2009-3614;0.003470000;0.279700000
CVE-2009-3613;0.124610000;0.959800000
CVE-2009-3612;0.003990000;0.334800000
CVE-2009-3611;0.003020000;0.228200000
CVE-2009-3609;0.044830000;0.909140000
CVE-2009-3608;0.102280000;0.954030000
CVE-2009-3607;0.059050000;0.928080000
CVE-2009-3606;0.086290000;0.947870000
CVE-2009-3605;0.044090000;0.907730000
CVE-2009-3604;0.087030000;0.948260000
CVE-2009-3603;0.085820000;0.947600000
CVE-2009-3602;0.029760000;0.864960000
CVE-2009-3601;0.030280000;0.867230000
CVE-2009-3600;0.013530000;0.699900000
CVE-2009-3599;0.014980000;0.727660000
CVE-2009-3598;0.014980000;0.727670000
CVE-2009-3597;0.032050000;0.874350000
CVE-2009-3596;0.023330000;0.825910000
CVE-2009-3595;0.010420000;0.621140000
CVE-2009-3594;0.010330000;0.618570000
CVE-2009-3593;0.015400000;0.734860000
CVE-2009-3592;0.014750000;0.723700000
CVE-2009-3591;0.528440000;0.989050000
CVE-2009-3590;0.009710000;0.599880000
CVE-2009-3589;0.002980000;0.223280000
CVE-2009-3588;0.023940000;0.830400000
CVE-2009-3587;0.076050000;0.941990000
CVE-2009-3586;0.063940000;0.932700000
CVE-2009-3585;0.027450000;0.853490000
CVE-2009-3584;0.012470000;0.676190000
CVE-2009-3583;0.012580000;0.679060000
CVE-2009-3582;0.009250000;0.584520000
CVE-2009-3581;0.008610000;0.565090000
CVE-2009-3580;0.005940000;0.465720000
CVE-2009-3579;0.011090000;0.640100000
CVE-2009-3578;0.044230000;0.908000000
CVE-2009-3577;0.050860000;0.918630000
CVE-2009-3576;0.031600000;0.872520000
CVE-2009-3575;0.057840000;0.926670000
CVE-2009-3574;0.048040000;0.914390000
CVE-2009-3573;0.057190000;0.925960000
CVE-2009-3572;0.003090000;0.235830000
CVE-2009-3571;0.012930000;0.686450000
CVE-2009-3570;0.015190000;0.731260000
CVE-2009-3569;0.097600000;0.952500000
CVE-2009-3568;0.014440000;0.717540000
CVE-2009-3567;0.010650000;0.628130000
CVE-2009-3566;0.040380000;0.900310000
CVE-2009-3565;0.022110000;0.816200000
CVE-2009-3564;0.003770000;0.311750000
CVE-2009-3563;0.320590000;0.982100000
CVE-2009-3562;0.014860000;0.725650000
CVE-2009-3561;0.027960000;0.856430000
CVE-2009-3560;0.243130000;0.977310000
CVE-2009-3559;0.026960000;0.850690000
CVE-2009-3558;0.020810000;0.804520000
CVE-2009-3557;0.020960000;0.806160000
CVE-2009-3556;0.003830000;0.317720000
CVE-2009-3555;0.872640000;0.997420000
CVE-2009-3554;0.003830000;0.318220000
CVE-2009-3553;0.039130000;0.897010000
CVE-2009-3552;0.003530000;0.286120000
CVE-2009-3551;0.015470000;0.735920000
CVE-2009-3550;0.024930000;0.837460000
CVE-2009-3549;0.025990000;0.844610000
CVE-2009-3548;0.789950000;0.995720000
CVE-2009-3547;0.048900000;0.915750000
CVE-2009-3546;0.102100000;0.953990000
CVE-2009-3545;0.021900000;0.814180000
CVE-2009-3544;0.025870000;0.843750000
CVE-2009-3543;0.020020000;0.796380000
CVE-2009-3542;0.023860000;0.829780000
CVE-2009-3541;0.020980000;0.806320000
CVE-2009-3540;0.008450000;0.559580000
CVE-2009-3539;0.015250000;0.732280000
CVE-2009-3538;0.015660000;0.738930000
CVE-2009-3537;0.049620000;0.916900000
CVE-2009-3536;0.058590000;0.927690000
CVE-2009-3535;0.048320000;0.914810000
CVE-2009-3534;0.040700000;0.900980000
CVE-2009-3533;0.016890000;0.757560000
CVE-2009-3532;0.018510000;0.779160000
CVE-2009-3531;0.010240000;0.615820000
CVE-2009-3530;0.015070000;0.729280000
CVE-2009-3529;0.008500000;0.561200000
CVE-2009-3528;0.008550000;0.563200000
CVE-2009-3527;0.005540000;0.445770000
CVE-2009-3525;0.012400000;0.674410000
CVE-2009-3524;0.003750000;0.309570000
CVE-2009-3523;0.007810000;0.539350000
CVE-2009-3522;0.009470000;0.591850000
CVE-2009-3521;0.010330000;0.618690000
CVE-2009-3520;0.006460000;0.489980000
CVE-2009-3519;0.003880000;0.323110000
CVE-2009-3518;0.054770000;0.923070000
CVE-2009-3517;0.043550000;0.906790000
CVE-2009-3516;0.003750000;0.310150000
CVE-2009-3515;0.019720000;0.792950000
CVE-2009-3514;0.008390000;0.558010000
CVE-2009-3513;0.015020000;0.728540000
CVE-2009-3512;0.017680000;0.768290000
CVE-2009-3511;0.021400000;0.810070000
CVE-2009-3510;0.009470000;0.591760000
CVE-2009-3509;0.015130000;0.730290000
CVE-2009-3508;0.016410000;0.750310000
CVE-2009-3507;0.023460000;0.827010000
CVE-2009-3506;0.012710000;0.681740000
CVE-2009-3505;0.011630000;0.654380000
CVE-2009-3504;0.012740000;0.682640000
CVE-2009-3503;0.011090000;0.640260000
CVE-2009-3502;0.009930000;0.606400000
CVE-2009-3501;0.011990000;0.663870000
CVE-2009-3500;0.009930000;0.606370000
CVE-2009-3499;0.009610000;0.596000000
CVE-2009-3498;0.010390000;0.620280000
CVE-2009-3497;0.011340000;0.646540000
CVE-2009-3496;0.014520000;0.719100000
CVE-2009-3495;0.009710000;0.599970000
CVE-2009-3494;0.009390000;0.589340000
CVE-2009-3493;0.015580000;0.737890000
CVE-2009-3492;0.020980000;0.806340000
CVE-2009-3491;0.011330000;0.646170000
CVE-2009-3490;0.035170000;0.885470000
CVE-2009-3489;0.019530000;0.791130000
CVE-2009-3488;0.008370000;0.557450000
CVE-2009-3487;0.012480000;0.676530000
CVE-2009-3486;0.012480000;0.676530000
CVE-2009-3485;0.014520000;0.719090000
CVE-2009-3484;0.056380000;0.925140000
CVE-2009-3483;0.046830000;0.912550000
CVE-2009-3482;0.002910000;0.215670000
CVE-2009-3481;0.012220000;0.670020000
CVE-2009-3480;0.010630000;0.627240000
CVE-2009-3479;0.010650000;0.628110000
CVE-2009-3478;0.012540000;0.677990000
CVE-2009-3477;0.006240000;0.480340000
CVE-2009-3476;0.041310000;0.902450000
CVE-2009-3475;0.008910000;0.574120000
CVE-2009-3474;0.015440000;0.735530000
CVE-2009-3473;0.020220000;0.798590000
CVE-2009-3472;0.020180000;0.798210000
CVE-2009-3471;0.023770000;0.829120000
CVE-2009-3470;0.021790000;0.813360000
CVE-2009-3469;0.037480000;0.892400000
CVE-2009-3468;0.003600000;0.294460000
CVE-2009-3467;0.024930000;0.837460000
CVE-2009-3466;0.042490000;0.904820000
CVE-2009-3465;0.061130000;0.930210000
CVE-2009-3464;0.061130000;0.930210000
CVE-2009-3463;0.061130000;0.930210000
CVE-2009-3462;0.059740000;0.928790000
CVE-2009-3461;0.031710000;0.872980000
CVE-2009-3460;0.058110000;0.927060000
CVE-2009-3459;0.865830000;0.997270000
CVE-2009-3458;0.104750000;0.954820000
CVE-2009-3457;0.041930000;0.903650000
CVE-2009-3456;0.004030000;0.339600000
CVE-2009-3455;0.005780000;0.458160000
CVE-2009-3453;0.012920000;0.686320000
CVE-2009-3452;0.012560000;0.678610000
CVE-2009-3451;0.015990000;0.743830000
CVE-2009-3450;0.018590000;0.780280000
CVE-2009-3449;0.018800000;0.782640000
CVE-2009-3448;0.017170000;0.761440000
CVE-2009-3447;0.016660000;0.754040000
CVE-2009-3446;0.009870000;0.604730000
CVE-2009-3445;0.021520000;0.811150000
CVE-2009-3444;0.017340000;0.763540000
CVE-2009-3443;0.009690000;0.599110000
CVE-2009-3442;0.014420000;0.717240000
CVE-2009-3441;0.022870000;0.822220000
CVE-2009-3440;0.014520000;0.719090000
CVE-2009-3439;0.008550000;0.563200000
CVE-2009-3438;0.010020000;0.609160000
CVE-2009-3437;0.008450000;0.559700000
CVE-2009-3436;0.009870000;0.604690000
CVE-2009-3435;0.010650000;0.628250000
CVE-2009-3434;0.010240000;0.615870000
CVE-2009-3433;0.003330000;0.263510000
CVE-2009-3432;0.003390000;0.270930000
CVE-2009-3431;0.215970000;0.974830000
CVE-2009-3430;0.009990000;0.608290000
CVE-2009-3429;0.350460000;0.983440000
CVE-2009-3428;0.060710000;0.929770000
CVE-2009-3427;0.010620000;0.626850000
CVE-2009-3426;0.019130000;0.786590000
CVE-2009-3425;0.029220000;0.862660000
CVE-2009-3424;0.018900000;0.783890000
CVE-2009-3423;0.025690000;0.842680000
CVE-2009-3422;0.025690000;0.842690000
CVE-2009-3421;0.049890000;0.917240000
CVE-2009-3420;0.011780000;0.658750000
CVE-2009-3419;0.009070000;0.579150000
CVE-2009-3418;0.008020000;0.546220000
CVE-2009-3417;0.017930000;0.771530000
CVE-2009-3416;0.010000000;0.608590000
CVE-2009-3415;0.025750000;0.843050000
CVE-2009-3414;0.014390000;0.716730000
CVE-2009-3413;0.013970000;0.708910000
CVE-2009-3412;0.003110000;0.237700000
CVE-2009-3411;0.013760000;0.704770000
CVE-2009-3410;0.013170000;0.691710000
CVE-2009-3409;0.016500000;0.751620000
CVE-2009-3408;0.023290000;0.825580000
CVE-2009-3407;0.029400000;0.863430000
CVE-2009-3406;0.028610000;0.859720000
CVE-2009-3405;0.028200000;0.857800000
CVE-2009-3404;0.019610000;0.791840000
CVE-2009-3403;0.030630000;0.868680000
CVE-2009-3402;0.016500000;0.751610000
CVE-2009-3401;0.003790000;0.313320000
CVE-2009-3400;0.019610000;0.791840000
CVE-2009-3399;0.020790000;0.804390000
CVE-2009-3397;0.020790000;0.804380000
CVE-2009-3396;0.020790000;0.804390000
CVE-2009-3395;0.029120000;0.862190000
CVE-2009-3393;0.020790000;0.804400000
CVE-2009-3392;0.031940000;0.873870000
CVE-2009-3390;0.004220000;0.357230000
CVE-2009-3389;0.047850000;0.914160000
CVE-2009-3388;0.026490000;0.847670000
CVE-2009-3387;0.017000000;0.759000000
CVE-2009-3386;0.017260000;0.762460000
CVE-2009-3385;0.027700000;0.854930000
CVE-2009-3384;0.034780000;0.884250000
CVE-2009-3383;0.043380000;0.906470000
CVE-2009-3382;0.108430000;0.955950000
CVE-2009-3381;0.049390000;0.916500000
CVE-2009-3380;0.054580000;0.922830000
CVE-2009-3379;0.053720000;0.921950000
CVE-2009-3378;0.038050000;0.894130000
CVE-2009-3377;0.045710000;0.910790000
CVE-2009-3376;0.031830000;0.873410000
CVE-2009-3375;0.016740000;0.755150000
CVE-2009-3374;0.019810000;0.793960000
CVE-2009-3373;0.155190000;0.966050000
CVE-2009-3372;0.039850000;0.899110000
CVE-2009-3371;0.071730000;0.939270000
CVE-2009-3370;0.019830000;0.794210000
CVE-2009-3369;0.029400000;0.863410000
CVE-2009-3368;0.015300000;0.732970000
CVE-2009-3367;0.014460000;0.717980000
CVE-2009-3366;0.026850000;0.849970000
CVE-2009-3365;0.020860000;0.805150000
CVE-2009-3364;0.054480000;0.922750000
CVE-2009-3363;0.010650000;0.628270000
CVE-2009-3362;0.029550000;0.864060000
CVE-2009-3361;0.009230000;0.583820000
CVE-2009-3360;0.018050000;0.773070000
CVE-2009-3359;0.015730000;0.740030000
CVE-2009-3358;0.009360000;0.588350000
CVE-2009-3357;0.010240000;0.615850000
CVE-2009-3356;0.009990000;0.608380000
CVE-2009-3355;0.014980000;0.727670000
CVE-2009-3354;0.012390000;0.674290000
CVE-2009-3353;0.013230000;0.692910000
CVE-2009-3352;0.019590000;0.791750000
CVE-2009-3351;0.013230000;0.692920000
CVE-2009-3350;0.012390000;0.674310000
CVE-2009-3349;0.018390000;0.777570000
CVE-2009-3348;0.012470000;0.676210000
CVE-2009-3347;0.041580000;0.902940000
CVE-2009-3346;0.038780000;0.896140000
CVE-2009-3345;0.016240000;0.747660000
CVE-2009-3344;0.016050000;0.744850000
CVE-2009-3343;0.009280000;0.585530000
CVE-2009-3342;0.009930000;0.606400000
CVE-2009-3341;0.045700000;0.910770000
CVE-2009-3340;0.013820000;0.705910000
CVE-2009-3339;0.014110000;0.711490000
CVE-2009-3338;0.057890000;0.926750000
CVE-2009-3337;0.014040000;0.710300000
CVE-2009-3336;0.009610000;0.596070000
CVE-2009-3335;0.009280000;0.585510000
CVE-2009-3334;0.009500000;0.593000000
CVE-2009-3333;0.020030000;0.796520000
CVE-2009-3332;0.009070000;0.579170000
CVE-2009-3331;0.020980000;0.806330000
CVE-2009-3330;0.008500000;0.561210000
CVE-2009-3329;0.040410000;0.900370000
CVE-2009-3328;0.012160000;0.668550000
CVE-2009-3327;0.009280000;0.585610000
CVE-2009-3326;0.009230000;0.583840000
CVE-2009-3325;0.009610000;0.596010000
CVE-2009-3324;0.020860000;0.805150000
CVE-2009-3323;0.020980000;0.806320000
CVE-2009-3322;0.034810000;0.884390000
CVE-2009-3321;0.009410000;0.589980000
CVE-2009-3320;0.014840000;0.725240000
CVE-2009-3319;0.010630000;0.627010000
CVE-2009-3318;0.064550000;0.933350000
CVE-2009-3317;0.025010000;0.837980000
CVE-2009-3316;0.010240000;0.615860000
CVE-2009-3315;0.009610000;0.595950000
CVE-2009-3314;0.010420000;0.621250000
CVE-2009-3313;0.010840000;0.633370000
CVE-2009-3312;0.042210000;0.904280000
CVE-2009-3311;0.014980000;0.727680000
CVE-2009-3310;0.010020000;0.609240000
CVE-2009-3309;0.009610000;0.596060000
CVE-2009-3308;0.010110000;0.612240000
CVE-2009-3307;0.049240000;0.916230000
CVE-2009-3306;0.061180000;0.930260000
CVE-2009-3305;0.100660000;0.953550000
CVE-2009-3304;0.003140000;0.241390000
CVE-2009-3303;0.016790000;0.755840000
CVE-2009-3302;0.117300000;0.958230000
CVE-2009-3301;0.120410000;0.958980000
CVE-2009-3300;0.016730000;0.755010000
CVE-2009-3299;0.022650000;0.820320000
CVE-2009-3298;0.023220000;0.825040000
CVE-2009-3296;0.038160000;0.894520000
CVE-2009-3295;0.403450000;0.985580000
CVE-2009-3294;0.027310000;0.852570000
CVE-2009-3293;0.026900000;0.850340000
CVE-2009-3292;0.027750000;0.855540000
CVE-2009-3291;0.029100000;0.862130000
CVE-2009-3290;0.004000000;0.335640000
CVE-2009-3289;0.003590000;0.293200000
CVE-2009-3288;0.004380000;0.370960000
CVE-2009-3287;0.013820000;0.705850000
CVE-2009-3286;0.004680000;0.392210000
CVE-2009-3284;0.015050000;0.728920000
CVE-2009-3283;0.010330000;0.618770000
CVE-2009-3282;0.018190000;0.775030000
CVE-2009-3281;0.009340000;0.587760000
CVE-2009-3280;0.032470000;0.876070000
CVE-2009-3279;0.003790000;0.313570000
CVE-2009-3278;0.004080000;0.343510000
CVE-2009-3277;0.009680000;0.598800000
CVE-2009-3276;0.009680000;0.598790000
CVE-2009-3275;0.035150000;0.885410000
CVE-2009-3274;0.002920000;0.217320000
CVE-2009-3273;0.009270000;0.585150000
CVE-2009-3272;0.064390000;0.933250000
CVE-2009-3271;0.042110000;0.904040000
CVE-2009-3270;0.282280000;0.980010000
CVE-2009-3269;0.021520000;0.811150000
CVE-2009-3268;0.008200000;0.551910000
CVE-2009-3267;0.159240000;0.966990000
CVE-2009-3266;0.026800000;0.849740000
CVE-2009-3265;0.016830000;0.756690000
CVE-2009-3264;0.034970000;0.884870000
CVE-2009-3263;0.013910000;0.707830000
CVE-2009-3262;0.008330000;0.555910000
CVE-2009-3261;0.014400000;0.716770000
CVE-2009-3260;0.012690000;0.681370000
CVE-2009-3259;0.010960000;0.636910000
CVE-2009-3258;0.017260000;0.762500000
CVE-2009-3257;0.008640000;0.565950000
CVE-2009-3256;0.012530000;0.677700000
CVE-2009-3255;0.011270000;0.644850000
CVE-2009-3254;0.047680000;0.913930000
CVE-2009-3253;0.049020000;0.915910000
CVE-2009-3252;0.010190000;0.614160000
CVE-2009-3251;0.010280000;0.617190000
CVE-2009-3250;0.109320000;0.956210000
CVE-2009-3249;0.095920000;0.951890000
CVE-2009-3248;0.012580000;0.678870000
CVE-2009-3247;0.034600000;0.883600000
CVE-2009-3246;0.009930000;0.606330000
CVE-2009-3245;0.064710000;0.933490000
CVE-2009-3244;0.204050000;0.973400000
CVE-2009-3243;0.072430000;0.939730000
CVE-2009-3242;0.077780000;0.943030000
CVE-2009-3241;0.096980000;0.952270000
CVE-2009-3240;0.016240000;0.747720000
CVE-2009-3238;0.016320000;0.748870000
CVE-2009-3237;0.022670000;0.820520000
CVE-2009-3236;0.023050000;0.823730000
CVE-2009-3235;0.040400000;0.900340000
CVE-2009-3234;0.017950000;0.771790000
CVE-2009-3233;0.009530000;0.593660000
CVE-2009-3232;0.046130000;0.911500000
CVE-2009-3231;0.075680000;0.941720000
CVE-2009-3230;0.028300000;0.858260000
CVE-2009-3229;0.026130000;0.845460000
CVE-2009-3228;0.003970000;0.332950000
CVE-2009-3227;0.010970000;0.637270000
CVE-2009-3226;0.011330000;0.646170000
CVE-2009-3225;0.015110000;0.730100000
CVE-2009-3224;0.009990000;0.608280000
CVE-2009-3223;0.008970000;0.575700000
CVE-2009-3222;0.015440000;0.735520000
CVE-2009-3221;0.058100000;0.927050000
CVE-2009-3220;0.020520000;0.801670000
CVE-2009-3219;0.040700000;0.900980000
CVE-2009-3218;0.019750000;0.793210000
CVE-2009-3217;0.009470000;0.591770000
CVE-2009-3216;0.022890000;0.822360000
CVE-2009-3215;0.010610000;0.626500000
CVE-2009-3214;0.307870000;0.981430000
CVE-2009-3213;0.048740000;0.915480000
CVE-2009-3212;0.010190000;0.614320000
CVE-2009-3211;0.019170000;0.787010000
CVE-2009-3210;0.009960000;0.607430000
CVE-2009-3209;0.009930000;0.606300000
CVE-2009-3208;0.009500000;0.592980000
CVE-2009-3207;0.015330000;0.733560000
CVE-2009-3206;0.008330000;0.555910000
CVE-2009-3205;0.009930000;0.606350000
CVE-2009-3204;0.011310000;0.645950000
CVE-2009-3203;0.009930000;0.606330000
CVE-2009-3202;0.014840000;0.725260000
CVE-2009-3201;0.019180000;0.787160000
CVE-2009-3200;0.004040000;0.340490000
CVE-2009-3199;0.022290000;0.817570000
CVE-2009-3198;0.010970000;0.637260000
CVE-2009-3197;0.010970000;0.637260000
CVE-2009-3196;0.014980000;0.727660000
CVE-2009-3195;0.015250000;0.732280000
CVE-2009-3194;0.014980000;0.727660000
CVE-2009-3193;0.009230000;0.583810000
CVE-2009-3192;0.008830000;0.571800000
CVE-2009-3191;0.012160000;0.668540000
CVE-2009-3190;0.009280000;0.585500000
CVE-2009-3189;0.014980000;0.727660000
CVE-2009-3188;0.060530000;0.929610000
CVE-2009-3187;0.014980000;0.727650000
CVE-2009-3186;0.015110000;0.730090000
CVE-2009-3185;0.009700000;0.599520000
CVE-2009-3184;0.011330000;0.646190000
CVE-2009-3183;0.003860000;0.321220000
CVE-2009-3182;0.032860000;0.877620000
CVE-2009-3181;0.020450000;0.800880000
CVE-2009-3180;0.020850000;0.805030000
CVE-2009-3179;0.053140000;0.921340000
CVE-2009-3178;0.026210000;0.845960000
CVE-2009-3177;0.020190000;0.798310000
CVE-2009-3176;0.040760000;0.901150000
CVE-2009-3175;0.009230000;0.583850000
CVE-2009-3174;0.020860000;0.805140000
CVE-2009-3173;0.034680000;0.883930000
CVE-2009-3172;0.013770000;0.705110000
CVE-2009-3171;0.015300000;0.732960000
CVE-2009-3170;0.153510000;0.965760000
CVE-2009-3169;0.039200000;0.897380000
CVE-2009-3168;0.026090000;0.845220000
CVE-2009-3167;0.023490000;0.827240000
CVE-2009-3166;0.011590000;0.653130000
CVE-2009-3165;0.013930000;0.708150000
CVE-2009-3164;0.021680000;0.812430000
CVE-2009-3163;0.045290000;0.909980000
CVE-2009-3162;0.012690000;0.681380000
CVE-2009-3161;0.018190000;0.775030000
CVE-2009-3160;0.015480000;0.736080000
CVE-2009-3159;0.025250000;0.839720000
CVE-2009-3158;0.026600000;0.848420000
CVE-2009-3157;0.009960000;0.607430000
CVE-2009-3156;0.012170000;0.668830000
CVE-2009-3155;0.014360000;0.716200000
CVE-2009-3154;0.009280000;0.585490000
CVE-2009-3153;0.015250000;0.732270000
CVE-2009-3152;0.014840000;0.725280000
CVE-2009-3151;0.027270000;0.852370000
CVE-2009-3150;0.009990000;0.608280000
CVE-2009-3149;0.028340000;0.858440000
CVE-2009-3148;0.009470000;0.591770000
CVE-2009-3147;0.010970000;0.637280000
CVE-2009-3146;0.010220000;0.615050000
CVE-2009-3135;0.357920000;0.983720000
CVE-2009-3134;0.257770000;0.978470000
CVE-2009-3133;0.248790000;0.977800000
CVE-2009-3132;0.258830000;0.978560000
CVE-2009-3131;0.248790000;0.977790000
CVE-2009-3130;0.289340000;0.980440000
CVE-2009-3129;0.857310000;0.997120000
CVE-2009-3128;0.248790000;0.977790000
CVE-2009-3127;0.250750000;0.977960000
CVE-2009-3126;0.234610000;0.976590000
CVE-2009-3125;0.013930000;0.708150000
CVE-2009-3124;0.027280000;0.852430000
CVE-2009-3123;0.027440000;0.853440000
CVE-2009-3122;0.014030000;0.710230000
CVE-2009-3121;0.012230000;0.670440000
CVE-2009-3120;0.008450000;0.559670000
CVE-2009-3119;0.009930000;0.606400000
CVE-2009-3118;0.011630000;0.654380000
CVE-2009-3117;0.010100000;0.611870000
CVE-2009-3116;0.010020000;0.609210000
CVE-2009-3115;0.106580000;0.955380000
CVE-2009-3114;0.022450000;0.818960000
CVE-2009-3113;0.009490000;0.592360000
CVE-2009-3112;0.019880000;0.794800000
CVE-2009-3111;0.111760000;0.956960000
CVE-2009-3110;0.014770000;0.724030000
CVE-2009-3109;0.037630000;0.892850000
CVE-2009-3108;0.003750000;0.309330000
CVE-2009-3107;0.009670000;0.597880000
CVE-2009-3106;0.027750000;0.855530000
CVE-2009-3105;0.016450000;0.750970000
CVE-2009-3104;0.022040000;0.815550000
CVE-2009-3103;0.902270000;0.997900000
CVE-2009-3102;0.033170000;0.878770000
CVE-2009-3101;0.004090000;0.344770000
CVE-2009-3100;0.002970000;0.223020000
CVE-2009-3099;0.095690000;0.951810000
CVE-2009-3098;0.046290000;0.911760000
CVE-2009-3097;0.016650000;0.753760000
CVE-2009-3096;0.035980000;0.887890000
CVE-2009-3095;0.125600000;0.960020000
CVE-2009-3094;0.085660000;0.947540000
CVE-2009-3093;0.014460000;0.718050000
CVE-2009-3092;0.016240000;0.747660000
CVE-2009-3091;0.012820000;0.684110000
CVE-2009-3090;0.016170000;0.746630000
CVE-2009-3089;0.017850000;0.770440000
CVE-2009-3088;0.019150000;0.786810000
CVE-2009-3087;0.011150000;0.641760000
CVE-2009-3086;0.022320000;0.817850000
CVE-2009-3085;0.016900000;0.757580000
CVE-2009-3084;0.025170000;0.839200000
CVE-2009-3083;0.026830000;0.849840000
CVE-2009-3082;0.008930000;0.574480000
CVE-2009-3081;0.009610000;0.595920000
CVE-2009-3080;0.004170000;0.352090000
CVE-2009-3079;0.038690000;0.895930000
CVE-2009-3078;0.022450000;0.818920000
CVE-2009-3077;0.046230000;0.911670000
CVE-2009-3076;0.067240000;0.935550000
CVE-2009-3075;0.052690000;0.920870000
CVE-2009-3074;0.054520000;0.922790000
CVE-2009-3073;0.046400000;0.911910000
CVE-2009-3072;0.052690000;0.920870000
CVE-2009-3071;0.054520000;0.922780000
CVE-2009-3070;0.054520000;0.922790000
CVE-2009-3069;0.037260000;0.891720000
CVE-2009-3068;0.781770000;0.995500000
CVE-2009-3067;0.009290000;0.586010000
CVE-2009-3066;0.012920000;0.686290000
CVE-2009-3065;0.021930000;0.814470000
CVE-2009-3064;0.024050000;0.831250000
CVE-2009-3063;0.009610000;0.596070000
CVE-2009-3062;0.009230000;0.583820000
CVE-2009-3061;0.009690000;0.599110000
CVE-2009-3060;0.009290000;0.586010000
CVE-2009-3059;0.009690000;0.599100000
CVE-2009-3058;0.055860000;0.924430000
CVE-2009-3057;0.012920000;0.686300000
CVE-2009-3056;0.020860000;0.805140000
CVE-2009-3055;0.020030000;0.796520000
CVE-2009-3054;0.009610000;0.596080000
CVE-2009-3053;0.059250000;0.928280000
CVE-2009-3052;0.008820000;0.571430000
CVE-2009-3051;0.048270000;0.914720000
CVE-2009-3050;0.043790000;0.907300000
CVE-2009-3049;0.022210000;0.816990000
CVE-2009-3048;0.016870000;0.757280000
CVE-2009-3047;0.019690000;0.792640000
CVE-2009-3046;0.011060000;0.639430000
CVE-2009-3045;0.010060000;0.610620000
CVE-2009-3044;0.010060000;0.610610000
CVE-2009-3043;0.008520000;0.562050000
CVE-2009-3042;0.029580000;0.864210000
CVE-2009-3041;0.065890000;0.934480000
CVE-2009-3040;0.014220000;0.713530000
CVE-2009-3038;0.034610000;0.883610000
CVE-2009-3037;0.057180000;0.925940000
CVE-2009-3036;0.022520000;0.819390000
CVE-2009-3035;0.003750000;0.310140000
CVE-2009-3033;0.399670000;0.985430000
CVE-2009-3032;0.037370000;0.892100000
CVE-2009-3031;0.454350000;0.987180000
CVE-2009-3030;0.013280000;0.694020000
CVE-2009-3029;0.010480000;0.622900000
CVE-2009-3028;0.425980000;0.986300000
CVE-2009-3027;0.106080000;0.955240000
CVE-2009-3026;0.013020000;0.688630000
CVE-2009-3025;0.018820000;0.782900000
CVE-2009-3024;0.009960000;0.607460000
CVE-2009-3023;0.909130000;0.998000000
CVE-2009-3022;0.009910000;0.605850000
CVE-2009-3021;0.010650000;0.628140000
CVE-2009-3020;0.167100000;0.968460000
CVE-2009-3019;0.173710000;0.969380000
CVE-2009-3018;0.010730000;0.630240000
CVE-2009-3017;0.010620000;0.626800000
CVE-2009-3016;0.010620000;0.626860000
CVE-2009-3015;0.009120000;0.580470000
CVE-2009-3014;0.009890000;0.605420000
CVE-2009-3013;0.017020000;0.759260000
CVE-2009-3012;0.008270000;0.554090000
CVE-2009-3011;0.009380000;0.589090000
CVE-2009-3010;0.018510000;0.779110000
CVE-2009-3009;0.030220000;0.866960000
CVE-2009-3008;0.007880000;0.541660000
CVE-2009-3007;0.006420000;0.488210000
CVE-2009-3006;0.010460000;0.622310000
CVE-2009-3005;0.008810000;0.571230000
CVE-2009-3004;0.008910000;0.574120000
CVE-2009-3003;0.106010000;0.955220000
CVE-2009-3002;0.010290000;0.617360000
CVE-2009-3001;0.010200000;0.614360000
CVE-2009-3000;0.015570000;0.737730000
CVE-2009-2999;0.014980000;0.727730000
CVE-2009-2998;0.104750000;0.954820000
CVE-2009-2997;0.083700000;0.946380000
CVE-2009-2996;0.056430000;0.925190000
CVE-2009-2995;0.037610000;0.892740000
CVE-2009-2994;0.185890000;0.970880000
CVE-2009-2993;0.067270000;0.935580000
CVE-2009-2992;0.049020000;0.915910000
CVE-2009-2991;0.075950000;0.941950000
CVE-2009-2990;0.686690000;0.992980000
CVE-2009-2989;0.090270000;0.949750000
CVE-2009-2988;0.035160000;0.885450000
CVE-2009-2987;0.025860000;0.843660000
CVE-2009-2986;0.083700000;0.946380000
CVE-2009-2985;0.056430000;0.925200000
CVE-2009-2984;0.072060000;0.939490000
CVE-2009-2983;0.122270000;0.959350000
CVE-2009-2982;0.027570000;0.854200000
CVE-2009-2981;0.057310000;0.926140000
CVE-2009-2980;0.084510000;0.946910000
CVE-2009-2979;0.032180000;0.874950000
CVE-2009-2978;0.013590000;0.701240000
CVE-2009-2977;0.005340000;0.435260000
CVE-2009-2976;0.014110000;0.711470000
CVE-2009-2975;0.020500000;0.801430000
CVE-2009-2974;0.012410000;0.674780000
CVE-2009-2973;0.009320000;0.587020000
CVE-2009-2972;0.028530000;0.859350000
CVE-2009-2970;0.033130000;0.878590000
CVE-2009-2968;0.018440000;0.778150000
CVE-2009-2967;0.022650000;0.820320000
CVE-2009-2966;0.063980000;0.932720000
CVE-2009-2965;0.012040000;0.665170000
CVE-2009-2964;0.015170000;0.731000000
CVE-2009-2963;0.033310000;0.879230000
CVE-2009-2961;0.048110000;0.914510000
CVE-2009-2960;0.023280000;0.825480000
CVE-2009-2959;0.020080000;0.797330000
CVE-2009-2958;0.103820000;0.954570000
CVE-2009-2957;0.126840000;0.960290000
CVE-2009-2956;0.010760000;0.630950000
CVE-2009-2955;0.008200000;0.551910000
CVE-2009-2954;0.130790000;0.961270000
CVE-2009-2953;0.046250000;0.911690000
CVE-2009-2952;0.003580000;0.292030000
CVE-2009-2951;0.006160000;0.476000000
CVE-2009-2950;0.135500000;0.962340000
CVE-2009-2949;0.142440000;0.963810000
CVE-2009-2948;0.005200000;0.426330000
CVE-2009-2947;0.019000000;0.785100000
CVE-2009-2946;0.028820000;0.860730000
CVE-2009-2945;0.008650000;0.566070000
CVE-2009-2944;0.017990000;0.772320000
CVE-2009-2943;0.022070000;0.815860000
CVE-2009-2942;0.023410000;0.826570000
CVE-2009-2940;0.027020000;0.850990000
CVE-2009-2939;0.004950000;0.410710000
CVE-2009-2937;0.045010000;0.909470000
CVE-2009-2936;0.638240000;0.991720000
CVE-2009-2935;0.050380000;0.917850000
CVE-2009-2934;0.101840000;0.953910000
CVE-2009-2933;0.010870000;0.633990000
CVE-2009-2932;0.020590000;0.802300000
CVE-2009-2931;0.018720000;0.781780000
CVE-2009-2930;0.012040000;0.665170000
CVE-2009-2929;0.009520000;0.593430000
CVE-2009-2928;0.012160000;0.668530000
CVE-2009-2927;0.009280000;0.585500000
CVE-2009-2926;0.009280000;0.585500000
CVE-2009-2925;0.034680000;0.883900000
CVE-2009-2924;0.009230000;0.583810000
CVE-2009-2923;0.029940000;0.865770000
CVE-2009-2922;0.025930000;0.844270000
CVE-2009-2921;0.011540000;0.651800000
CVE-2009-2920;0.012160000;0.668540000
CVE-2009-2919;0.008830000;0.571710000
CVE-2009-2918;0.008540000;0.562740000
CVE-2009-2917;0.033910000;0.881290000
CVE-2009-2916;0.033720000;0.880660000
CVE-2009-2915;0.009690000;0.599110000
CVE-2009-2914;0.008550000;0.562860000
CVE-2009-2913;0.008550000;0.562860000
CVE-2009-2912;0.003550000;0.288840000
CVE-2009-2911;0.004570000;0.384810000
CVE-2009-2910;0.004140000;0.349620000
CVE-2009-2909;0.003950000;0.330540000
CVE-2009-2908;0.012430000;0.675470000
CVE-2009-2907;0.011990000;0.663790000
CVE-2009-2906;0.042070000;0.903950000
CVE-2009-2905;0.004970000;0.411960000
CVE-2009-2904;0.003180000;0.246390000
CVE-2009-2903;0.038480000;0.895340000
CVE-2009-2902;0.107800000;0.955760000
CVE-2009-2901;0.081510000;0.945210000
CVE-2009-2899;0.003750000;0.309600000
CVE-2009-2898;0.018300000;0.776490000
CVE-2009-2897;0.024430000;0.833990000
CVE-2009-2896;0.055860000;0.924430000
CVE-2009-2895;0.009230000;0.583830000
CVE-2009-2894;0.011750000;0.657920000
CVE-2009-2893;0.014840000;0.725260000
CVE-2009-2892;0.010830000;0.632880000
CVE-2009-2891;0.009930000;0.606390000
CVE-2009-2890;0.030560000;0.868450000
CVE-2009-2889;0.014980000;0.727690000
CVE-2009-2888;0.009930000;0.606390000
CVE-2009-2887;0.010970000;0.637260000
CVE-2009-2886;0.011630000;0.654380000
CVE-2009-2885;0.009930000;0.606380000
CVE-2009-2884;0.014980000;0.727690000
CVE-2009-2883;0.009030000;0.577660000
CVE-2009-2882;0.016710000;0.754680000
CVE-2009-2881;0.011540000;0.651800000
CVE-2009-2880;0.051710000;0.919660000
CVE-2009-2879;0.051270000;0.919090000
CVE-2009-2878;0.051330000;0.919180000
CVE-2009-2877;0.051270000;0.919090000
CVE-2009-2876;0.051330000;0.919170000
CVE-2009-2875;0.051270000;0.919100000
CVE-2009-2874;0.037640000;0.892890000
CVE-2009-2873;0.016840000;0.756740000
CVE-2009-2872;0.023090000;0.823990000
CVE-2009-2871;0.025210000;0.839450000
CVE-2009-2870;0.025210000;0.839450000
CVE-2009-2869;0.028530000;0.859360000
CVE-2009-2868;0.017250000;0.762360000
CVE-2009-2867;0.025250000;0.839730000
CVE-2009-2866;0.029450000;0.863700000
CVE-2009-2865;0.055480000;0.923900000
CVE-2009-2864;0.029450000;0.863710000
CVE-2009-2863;0.024700000;0.835970000
CVE-2009-2862;0.022530000;0.819540000
CVE-2009-2861;0.010360000;0.619530000
CVE-2009-2860;0.021790000;0.813350000
CVE-2009-2859;0.003660000;0.299860000
CVE-2009-2858;0.016590000;0.753060000
CVE-2009-2857;0.002650000;0.184780000
CVE-2009-2856;0.013200000;0.692350000
CVE-2009-2855;0.340310000;0.983030000
CVE-2009-2854;0.022760000;0.821260000
CVE-2009-2853;0.047110000;0.912990000
CVE-2009-2852;0.048050000;0.914410000
CVE-2009-2851;0.079050000;0.943790000
CVE-2009-2850;0.028600000;0.859680000
CVE-2009-2849;0.004730000;0.395800000
CVE-2009-2848;0.005160000;0.424310000
CVE-2009-2847;0.009380000;0.589100000
CVE-2009-2846;0.081560000;0.945230000
CVE-2009-2844;0.033570000;0.880190000
CVE-2009-2843;0.021100000;0.807460000
CVE-2009-2842;0.017510000;0.765790000
CVE-2009-2841;0.029130000;0.862280000
CVE-2009-2840;0.003440000;0.276490000
CVE-2009-2839;0.020500000;0.801500000
CVE-2009-2838;0.032930000;0.877890000
CVE-2009-2837;0.036590000;0.889850000
CVE-2009-2836;0.002570000;0.174650000
CVE-2009-2835;0.003400000;0.271950000
CVE-2009-2834;0.003440000;0.276490000
CVE-2009-2833;0.026920000;0.850470000
CVE-2009-2832;0.032620000;0.876690000
CVE-2009-2831;0.011510000;0.651270000
CVE-2009-2830;0.032970000;0.878040000
CVE-2009-2829;0.023400000;0.826530000
CVE-2009-2828;0.032480000;0.876110000
CVE-2009-2827;0.032930000;0.877900000
CVE-2009-2826;0.032970000;0.878040000
CVE-2009-2825;0.007720000;0.536500000
CVE-2009-2824;0.033210000;0.878910000
CVE-2009-2823;0.016840000;0.756720000
CVE-2009-2822;0.015370000;0.734300000
CVE-2009-2820;0.057800000;0.926630000
CVE-2009-2819;0.024690000;0.835860000
CVE-2009-2818;0.018780000;0.782400000
CVE-2009-2817;0.089480000;0.949440000
CVE-2009-2816;0.015530000;0.737140000
CVE-2009-2815;0.024670000;0.835740000
CVE-2009-2814;0.018590000;0.780280000
CVE-2009-2813;0.027250000;0.852260000
CVE-2009-2812;0.022060000;0.815720000
CVE-2009-2811;0.032500000;0.876200000
CVE-2009-2810;0.028990000;0.861640000
CVE-2009-2809;0.031600000;0.872520000
CVE-2009-2808;0.006140000;0.474920000
CVE-2009-2807;0.003710000;0.305360000
CVE-2009-2805;0.029210000;0.862600000
CVE-2009-2804;0.044710000;0.908950000
CVE-2009-2803;0.022750000;0.821200000
CVE-2009-2802;0.008930000;0.574570000
CVE-2009-2801;0.018210000;0.775270000
CVE-2009-2800;0.026390000;0.847110000
CVE-2009-2799;0.057180000;0.925920000
CVE-2009-2798;0.057180000;0.925930000
CVE-2009-2797;0.035770000;0.887240000
CVE-2009-2796;0.003630000;0.297420000
CVE-2009-2795;0.003700000;0.304230000
CVE-2009-2794;0.002580000;0.175150000
CVE-2009-2793;0.005160000;0.424220000
CVE-2009-2792;0.023330000;0.825900000
CVE-2009-2791;0.020980000;0.806350000
CVE-2009-2790;0.009830000;0.603420000
CVE-2009-2789;0.010630000;0.627000000
CVE-2009-2788;0.009070000;0.579240000
CVE-2009-2787;0.041670000;0.903120000
CVE-2009-2786;0.010100000;0.611740000
CVE-2009-2785;0.012990000;0.687720000
CVE-2009-2784;0.037220000;0.891620000
CVE-2009-2783;0.019370000;0.789390000
CVE-2009-2782;0.009070000;0.579230000
CVE-2009-2781;0.007320000;0.523100000
CVE-2009-2780;0.022400000;0.818550000
CVE-2009-2779;0.009930000;0.606370000
CVE-2009-2778;0.015240000;0.731960000
CVE-2009-2777;0.020020000;0.796380000
CVE-2009-2776;0.009930000;0.606310000
CVE-2009-2775;0.009070000;0.579230000
CVE-2009-2774;0.009990000;0.608410000
CVE-2009-2773;0.028860000;0.860880000
CVE-2009-2772;0.017880000;0.770810000
CVE-2009-2771;0.010970000;0.637270000
CVE-2009-2770;0.025730000;0.842910000
CVE-2009-2769;0.016890000;0.757460000
CVE-2009-2768;0.004050000;0.340730000
CVE-2009-2767;0.007420000;0.526570000
CVE-2009-2766;0.051290000;0.919120000
CVE-2009-2765;0.825040000;0.996450000
CVE-2009-2764;0.110040000;0.956440000
CVE-2009-2762;0.196360000;0.972340000
CVE-2009-2761;0.003530000;0.286710000
CVE-2009-2754;0.403210000;0.985570000
CVE-2009-2753;0.109230000;0.956170000
CVE-2009-2752;0.002480000;0.161410000
CVE-2009-2751;0.005400000;0.438290000
CVE-2009-2750;0.009560000;0.594370000
CVE-2009-2749;0.011500000;0.650670000
CVE-2009-2748;0.016560000;0.752440000
CVE-2009-2747;0.019310000;0.788580000
CVE-2009-2746;0.005990000;0.468200000
CVE-2009-2744;0.025210000;0.839450000
CVE-2009-2743;0.003870000;0.322020000
CVE-2009-2742;0.016420000;0.750590000
CVE-2009-2741;0.032850000;0.877570000
CVE-2009-2740;0.016170000;0.746620000
CVE-2009-2739;0.010330000;0.618580000
CVE-2009-2738;0.010900000;0.634720000
CVE-2009-2737;0.023410000;0.826610000
CVE-2009-2736;0.048210000;0.914640000
CVE-2009-2735;0.009800000;0.602610000
CVE-2009-2734;0.012560000;0.678320000
CVE-2009-2733;0.022630000;0.820190000
CVE-2009-2732;0.072730000;0.939930000
CVE-2009-2730;0.021510000;0.811060000
CVE-2009-2727;0.267490000;0.979080000
CVE-2009-2726;0.065210000;0.933850000
CVE-2009-2724;0.015790000;0.740960000
CVE-2009-2723;0.027340000;0.852780000
CVE-2009-2722;0.027710000;0.854980000
CVE-2009-2721;0.024450000;0.834180000
CVE-2009-2720;0.020000000;0.796130000
CVE-2009-2719;0.020270000;0.799080000
CVE-2009-2718;0.017150000;0.761190000
CVE-2009-2717;0.013300000;0.694530000
CVE-2009-2716;0.012870000;0.685150000
CVE-2009-2715;0.011070000;0.639610000
CVE-2009-2714;0.003850000;0.319950000
CVE-2009-2713;0.017100000;0.760440000
CVE-2009-2712;0.003700000;0.304330000
CVE-2009-2711;0.003930000;0.328070000
CVE-2009-2707;0.003600000;0.293500000
CVE-2009-2705;0.043590000;0.906870000
CVE-2009-2704;0.039460000;0.898100000
CVE-2009-2703;0.019200000;0.787560000
CVE-2009-2702;0.012570000;0.678790000
CVE-2009-2701;0.009710000;0.599670000
CVE-2009-2700;0.009410000;0.589990000
CVE-2009-2699;0.141730000;0.963650000
CVE-2009-2698;0.071210000;0.938840000
CVE-2009-2697;0.018410000;0.777890000
CVE-2009-2696;0.050120000;0.917550000
CVE-2009-2695;0.005120000;0.421110000
CVE-2009-2694;0.202950000;0.973250000
CVE-2009-2693;0.096380000;0.952030000
CVE-2009-2692;0.146330000;0.964540000
CVE-2009-2691;0.003930000;0.328940000
CVE-2009-2690;0.025790000;0.843290000
CVE-2009-2689;0.028390000;0.858690000
CVE-2009-2688;0.086360000;0.947910000
CVE-2009-2687;0.043780000;0.907270000
CVE-2009-2686;0.004430000;0.374650000
CVE-2009-2685;0.767060000;0.995150000
CVE-2009-2684;0.022300000;0.817660000
CVE-2009-2683;0.029920000;0.865680000
CVE-2009-2682;0.005390000;0.437470000
CVE-2009-2681;0.002790000;0.203720000
CVE-2009-2680;0.032210000;0.875120000
CVE-2009-2679;0.041350000;0.902520000
CVE-2009-2678;0.013510000;0.699370000
CVE-2009-2677;0.013030000;0.688670000
CVE-2009-2676;0.036450000;0.889410000
CVE-2009-2675;0.043600000;0.906870000
CVE-2009-2674;0.063900000;0.932680000
CVE-2009-2673;0.048380000;0.914920000
CVE-2009-2672;0.045640000;0.910690000
CVE-2009-2671;0.043260000;0.906220000
CVE-2009-2670;0.032860000;0.877590000
CVE-2009-2669;0.007150000;0.517440000
CVE-2009-2668;0.144700000;0.964250000
CVE-2009-2667;0.014460000;0.718040000
CVE-2009-2666;0.015030000;0.728620000
CVE-2009-2665;0.025300000;0.840110000
CVE-2009-2664;0.027990000;0.856620000
CVE-2009-2663;0.027150000;0.851770000
CVE-2009-2662;0.049390000;0.916500000
CVE-2009-2661;0.015770000;0.740640000
CVE-2009-2660;0.035540000;0.886470000
CVE-2009-2659;0.022840000;0.821840000
CVE-2009-2658;0.029180000;0.862480000
CVE-2009-2657;0.005470000;0.442190000
CVE-2009-2656;0.009830000;0.603420000
CVE-2009-2655;0.225560000;0.975770000
CVE-2009-2654;0.047450000;0.913510000
CVE-2009-2653;0.059320000;0.928370000
CVE-2009-2652;0.015310000;0.733160000
CVE-2009-2651;0.022660000;0.820410000
CVE-2009-2650;0.306850000;0.981400000
CVE-2009-2649;0.007840000;0.540210000
CVE-2009-2648;0.013250000;0.693540000
CVE-2009-2647;0.024620000;0.835460000
CVE-2009-2646;0.036110000;0.888230000
CVE-2009-2644;0.002690000;0.190570000
CVE-2009-2643;0.050460000;0.918100000
CVE-2009-2642;0.024210000;0.832480000
CVE-2009-2641;0.016800000;0.756080000
CVE-2009-2640;0.010430000;0.621570000
CVE-2009-2639;0.009230000;0.583830000
CVE-2009-2638;0.009070000;0.579160000
CVE-2009-2637;0.022900000;0.822430000
CVE-2009-2636;0.010650000;0.627970000
CVE-2009-2635;0.020860000;0.805140000
CVE-2009-2634;0.020860000;0.805130000
CVE-2009-2633;0.020860000;0.805140000
CVE-2009-2632;0.004830000;0.402580000
CVE-2009-2631;0.048230000;0.914670000
CVE-2009-2629;0.750790000;0.994780000
CVE-2009-2628;0.055680000;0.924150000
CVE-2009-2627;0.045750000;0.910860000
CVE-2009-2626;0.083060000;0.946080000
CVE-2009-2625;0.303800000;0.981240000
CVE-2009-2624;0.041790000;0.903390000
CVE-2009-2622;0.569080000;0.990080000
CVE-2009-2621;0.230490000;0.976250000
CVE-2009-2620;0.086310000;0.947880000
CVE-2009-2619;0.010180000;0.613880000
CVE-2009-2618;0.009610000;0.596020000
CVE-2009-2617;0.055860000;0.924420000
CVE-2009-2616;0.010130000;0.612520000
CVE-2009-2615;0.008550000;0.562930000
CVE-2009-2614;0.008930000;0.574480000
CVE-2009-2613;0.008550000;0.562920000
CVE-2009-2612;0.010130000;0.612500000
CVE-2009-2611;0.019680000;0.792520000
CVE-2009-2610;0.009960000;0.607430000
CVE-2009-2609;0.009610000;0.596050000
CVE-2009-2608;0.009130000;0.580660000
CVE-2009-2607;0.009870000;0.604690000
CVE-2009-2606;0.022290000;0.817590000
CVE-2009-2605;0.019770000;0.793520000
CVE-2009-2604;0.009280000;0.585500000
CVE-2009-2603;0.009990000;0.608370000
CVE-2009-2602;0.022290000;0.817590000
CVE-2009-2601;0.009280000;0.585580000
CVE-2009-2600;0.030810000;0.869320000
CVE-2009-2599;0.009990000;0.608290000
CVE-2009-2598;0.008930000;0.574760000
CVE-2009-2597;0.025150000;0.839040000
CVE-2009-2596;0.003310000;0.260440000
CVE-2009-2595;0.017300000;0.762960000
CVE-2009-2594;0.014520000;0.719010000
CVE-2009-2593;0.010020000;0.609260000
CVE-2009-2592;0.010860000;0.633960000
CVE-2009-2591;0.009610000;0.596050000
CVE-2009-2590;0.011990000;0.663870000
CVE-2009-2589;0.013410000;0.697240000
CVE-2009-2588;0.022110000;0.816140000
CVE-2009-2587;0.022600000;0.820000000
CVE-2009-2586;0.014840000;0.725260000
CVE-2009-2585;0.010100000;0.611830000
CVE-2009-2584;0.005200000;0.426500000
CVE-2009-2583;0.013790000;0.705380000
CVE-2009-2582;0.033130000;0.878630000
CVE-2009-2581;0.008930000;0.574720000
CVE-2009-2579;0.008820000;0.571430000
CVE-2009-2578;0.008200000;0.551910000
CVE-2009-2577;0.016170000;0.746630000
CVE-2009-2576;0.148840000;0.964980000
CVE-2009-2575;0.016110000;0.745590000
CVE-2009-2574;0.019400000;0.789770000
CVE-2009-2573;0.008170000;0.550960000
CVE-2009-2572;0.007220000;0.519680000
CVE-2009-2571;0.014840000;0.725270000
CVE-2009-2570;0.119140000;0.958680000
CVE-2009-2569;0.017610000;0.767260000
CVE-2009-2568;0.061830000;0.930870000
CVE-2009-2567;0.009070000;0.579150000
CVE-2009-2566;0.310740000;0.981600000
CVE-2009-2565;0.010650000;0.628040000
CVE-2009-2564;0.056420000;0.925180000
CVE-2009-2563;0.025970000;0.844540000
CVE-2009-2562;0.029280000;0.862920000
CVE-2009-2561;0.019470000;0.790460000
CVE-2009-2560;0.020030000;0.796480000
CVE-2009-2559;0.021710000;0.812700000
CVE-2009-2558;0.024200000;0.832410000
CVE-2009-2557;0.067850000;0.936070000
CVE-2009-2556;0.015980000;0.743700000
CVE-2009-2555;0.034300000;0.882580000
CVE-2009-2554;0.009130000;0.580660000
CVE-2009-2553;0.019530000;0.791140000
CVE-2009-2552;0.019790000;0.793770000
CVE-2009-2551;0.015300000;0.732970000
CVE-2009-2550;0.086630000;0.948050000
CVE-2009-2549;0.017780000;0.769600000
CVE-2009-2548;0.044070000;0.907700000
CVE-2009-2547;0.014840000;0.725160000
CVE-2009-2546;0.013120000;0.690570000
CVE-2009-2545;0.009880000;0.605090000
CVE-2009-2544;0.034330000;0.882670000
CVE-2009-2543;0.022770000;0.821340000
CVE-2009-2542;0.023320000;0.825820000
CVE-2009-2541;0.034420000;0.883020000
CVE-2009-2540;0.030520000;0.868270000
CVE-2009-2539;0.031870000;0.873550000
CVE-2009-2538;0.027820000;0.855810000
CVE-2009-2537;0.031860000;0.873530000
CVE-2009-2536;0.193220000;0.971850000
CVE-2009-2535;0.093610000;0.950980000
CVE-2009-2534;0.088270000;0.948880000
CVE-2009-2533;0.033960000;0.881480000
CVE-2009-2532;0.621710000;0.991310000
CVE-2009-2531;0.229270000;0.976140000
CVE-2009-2530;0.229270000;0.976140000
CVE-2009-2529;0.195330000;0.972210000
CVE-2009-2528;0.204520000;0.973520000
CVE-2009-2527;0.269010000;0.979170000
CVE-2009-2526;0.818910000;0.996290000
CVE-2009-2525;0.233180000;0.976460000
CVE-2009-2524;0.284700000;0.980130000
CVE-2009-2523;0.264560000;0.978880000
CVE-2009-2521;0.822650000;0.996390000
CVE-2009-2519;0.256180000;0.978360000
CVE-2009-2518;0.226080000;0.975840000
CVE-2009-2517;0.017840000;0.770320000
CVE-2009-2516;0.013300000;0.694480000
CVE-2009-2515;0.015460000;0.735780000
CVE-2009-2514;0.474890000;0.987720000
CVE-2009-2513;0.015460000;0.735770000
CVE-2009-2512;0.312150000;0.981670000
CVE-2009-2511;0.129590000;0.960920000
CVE-2009-2510;0.053210000;0.921390000
CVE-2009-2509;0.170530000;0.968950000
CVE-2009-2508;0.012620000;0.679820000
CVE-2009-2507;0.192910000;0.971810000
CVE-2009-2506;0.312320000;0.981680000
CVE-2009-2505;0.316110000;0.981850000
CVE-2009-2504;0.209820000;0.974230000
CVE-2009-2503;0.222050000;0.975370000
CVE-2009-2502;0.220250000;0.975230000
CVE-2009-2501;0.268240000;0.979130000
CVE-2009-2500;0.236470000;0.976790000
CVE-2009-2499;0.155460000;0.966230000
CVE-2009-2498;0.212100000;0.974470000
CVE-2009-2497;0.232540000;0.976420000
CVE-2009-2496;0.294620000;0.980740000
CVE-2009-2495;0.343000000;0.983110000
CVE-2009-2494;0.423290000;0.986200000
CVE-2009-2493;0.377600000;0.984590000
CVE-2009-2492;0.010830000;0.633060000
CVE-2009-2491;0.002840000;0.208980000
CVE-2009-2490;0.003260000;0.255540000
CVE-2009-2489;0.003520000;0.284600000
CVE-2009-2488;0.003580000;0.291960000
CVE-2009-2487;0.029450000;0.863690000
CVE-2009-2486;0.019780000;0.793670000
CVE-2009-2485;0.580990000;0.990360000
CVE-2009-2484;0.351100000;0.983450000
CVE-2009-2483;0.003740000;0.308680000
CVE-2009-2482;0.003080000;0.233870000
CVE-2009-2481;0.012330000;0.672990000
CVE-2009-2480;0.012630000;0.680070000
CVE-2009-2479;0.120890000;0.959080000
CVE-2009-2478;0.078070000;0.943190000
CVE-2009-2477;0.426890000;0.986330000
CVE-2009-2476;0.028770000;0.860500000
CVE-2009-2475;0.023180000;0.824760000
CVE-2009-2474;0.014930000;0.726760000
CVE-2009-2473;0.084370000;0.946820000
CVE-2009-2472;0.022430000;0.818800000
CVE-2009-2471;0.037330000;0.892000000
CVE-2009-2470;0.019910000;0.795080000
CVE-2009-2469;0.055570000;0.924020000
CVE-2009-2468;0.063290000;0.932240000
CVE-2009-2467;0.054180000;0.922440000
CVE-2009-2466;0.066190000;0.934700000
CVE-2009-2465;0.054140000;0.922400000
CVE-2009-2464;0.132300000;0.961520000
CVE-2009-2463;0.064330000;0.933160000
CVE-2009-2462;0.054140000;0.922390000
CVE-2009-2461;0.003640000;0.298160000
CVE-2009-2460;0.027070000;0.851240000
CVE-2009-2459;0.023050000;0.823720000
CVE-2009-2458;0.013560000;0.700600000
CVE-2009-2457;0.024180000;0.832290000
CVE-2009-2456;0.025500000;0.841400000
CVE-2009-2455;0.008550000;0.562880000
CVE-2009-2454;0.010730000;0.630090000
CVE-2009-2453;0.014300000;0.715170000
CVE-2009-2452;0.021350000;0.809590000
CVE-2009-2451;0.009870000;0.604760000
CVE-2009-2450;0.007670000;0.534850000
CVE-2009-2449;0.015690000;0.739350000
CVE-2009-2448;0.008550000;0.562930000
CVE-2009-2447;0.009290000;0.586000000
CVE-2009-2446;0.105860000;0.955170000
CVE-2009-2445;0.025210000;0.839440000
CVE-2009-2444;0.019170000;0.787000000
CVE-2009-2443;0.032050000;0.874330000
CVE-2009-2442;0.014980000;0.727680000
CVE-2009-2441;0.014980000;0.727680000
CVE-2009-2440;0.016560000;0.752430000
CVE-2009-2439;0.010020000;0.609170000
CVE-2009-2438;0.016410000;0.750320000
CVE-2009-2437;0.014980000;0.727680000
CVE-2009-2436;0.009930000;0.606410000
CVE-2009-2435;0.010640000;0.627570000
CVE-2009-2434;0.003740000;0.308820000
CVE-2009-2433;0.189400000;0.971330000
CVE-2009-2432;0.030760000;0.869150000
CVE-2009-2431;0.028690000;0.860150000
CVE-2009-2430;0.004100000;0.345280000
CVE-2009-2429;0.002930000;0.218060000
CVE-2009-2428;0.009690000;0.599270000
CVE-2009-2427;0.009490000;0.592390000
CVE-2009-2426;0.019200000;0.787560000
CVE-2009-2425;0.025170000;0.839200000
CVE-2009-2424;0.012430000;0.675270000
CVE-2009-2423;0.010820000;0.632650000
CVE-2009-2422;0.033770000;0.880790000
CVE-2009-2421;0.025040000;0.838230000
CVE-2009-2420;0.010730000;0.630210000
CVE-2009-2419;0.090710000;0.949900000
CVE-2009-2417;0.034610000;0.883640000
CVE-2009-2416;0.018080000;0.773530000
CVE-2009-2415;0.066160000;0.934670000
CVE-2009-2414;0.031470000;0.871950000
CVE-2009-2412;0.137810000;0.962930000
CVE-2009-2411;0.051120000;0.918940000
CVE-2009-2410;0.019790000;0.793840000
CVE-2009-2409;0.042700000;0.905230000
CVE-2009-2408;0.049590000;0.916860000
CVE-2009-2407;0.005940000;0.465650000
CVE-2009-2406;0.004980000;0.412450000
CVE-2009-2405;0.025300000;0.840090000
CVE-2009-2404;0.041550000;0.902890000
CVE-2009-2403;0.069880000;0.937710000
CVE-2009-2402;0.009500000;0.593000000
CVE-2009-2401;0.014750000;0.723690000
CVE-2009-2400;0.009990000;0.608310000
CVE-2009-2399;0.016890000;0.757460000
CVE-2009-2398;0.028110000;0.857210000
CVE-2009-2397;0.029220000;0.862660000
CVE-2009-2396;0.059420000;0.928470000
CVE-2009-2395;0.030290000;0.867290000
CVE-2009-2394;0.009230000;0.583850000
CVE-2009-2393;0.020570000;0.802120000
CVE-2009-2392;0.009990000;0.608340000
CVE-2009-2391;0.015070000;0.729270000
CVE-2009-2390;0.009610000;0.595920000
CVE-2009-2389;0.008500000;0.561210000
CVE-2009-2388;0.009550000;0.594180000
CVE-2009-2387;0.002680000;0.189300000
CVE-2009-2386;0.051150000;0.918960000
CVE-2009-2385;0.009710000;0.599990000
CVE-2009-2384;0.058590000;0.927700000
CVE-2009-2383;0.027970000;0.856500000
CVE-2009-2382;0.061980000;0.931010000
CVE-2009-2381;0.008820000;0.571260000
CVE-2009-2380;0.010650000;0.627940000
CVE-2009-2379;0.055630000;0.924080000
CVE-2009-2378;0.020980000;0.806330000
CVE-2009-2377;0.018870000;0.783480000
CVE-2009-2376;0.011190000;0.643000000
CVE-2009-2375;0.051320000;0.919160000
CVE-2009-2374;0.013960000;0.708610000
CVE-2009-2373;0.017690000;0.768480000
CVE-2009-2372;0.023080000;0.823970000
CVE-2009-2371;0.011420000;0.648520000
CVE-2009-2370;0.012630000;0.680030000
CVE-2009-2369;0.028160000;0.857510000
CVE-2009-2368;0.014460000;0.718040000
CVE-2009-2367;0.231950000;0.976390000
CVE-2009-2366;0.011500000;0.650680000
CVE-2009-2365;0.009510000;0.593060000
CVE-2009-2364;0.100930000;0.953630000
CVE-2009-2363;0.060990000;0.930120000
CVE-2009-2362;0.072310000;0.939660000
CVE-2009-2361;0.052120000;0.920230000
CVE-2009-2360;0.050580000;0.918220000
CVE-2009-2359;0.008800000;0.570940000
CVE-2009-2358;0.002930000;0.218060000
CVE-2009-2357;0.021460000;0.810550000
CVE-2009-2356;0.039270000;0.897600000
CVE-2009-2355;0.011040000;0.638810000
CVE-2009-2354;0.010510000;0.623770000
CVE-2009-2353;0.019570000;0.791480000
CVE-2009-2352;0.020460000;0.801030000
CVE-2009-2351;0.017090000;0.760310000
CVE-2009-2350;0.143810000;0.964100000
CVE-2009-2348;0.003600000;0.294380000
CVE-2009-2347;0.041520000;0.902830000
CVE-2009-2346;0.025810000;0.843390000
CVE-2009-2345;0.010630000;0.627250000
CVE-2009-2344;0.092550000;0.950620000
CVE-2009-2343;0.010890000;0.634490000
CVE-2009-2342;0.010620000;0.626810000
CVE-2009-2341;0.009710000;0.599940000
CVE-2009-2340;0.019990000;0.795940000
CVE-2009-2339;0.009610000;0.596040000
CVE-2009-2338;0.019790000;0.793770000
CVE-2009-2337;0.022350000;0.818160000
CVE-2009-2336;0.054120000;0.922370000
CVE-2009-2335;0.850000000;0.996980000
CVE-2009-2334;0.062590000;0.931600000
CVE-2009-2333;0.059270000;0.928300000
CVE-2009-2332;0.024290000;0.833130000
CVE-2009-2331;0.023960000;0.830620000
CVE-2009-2330;0.023310000;0.825770000
CVE-2009-2329;0.022160000;0.816610000
CVE-2009-2328;0.010290000;0.617560000
CVE-2009-2327;0.025360000;0.840450000
CVE-2009-2326;0.009130000;0.580640000
CVE-2009-2325;0.030090000;0.866420000
CVE-2009-2324;0.016830000;0.756690000
CVE-2009-2323;0.008460000;0.560130000
CVE-2009-2322;0.008710000;0.567940000
CVE-2009-2321;0.016020000;0.744220000
CVE-2009-2320;0.011870000;0.661070000
CVE-2009-2319;0.006540000;0.493610000
CVE-2009-2318;0.012100000;0.667050000
CVE-2009-2317;0.021460000;0.810550000
CVE-2009-2316;0.017070000;0.760100000
CVE-2009-2314;0.002470000;0.160890000
CVE-2009-2313;0.023920000;0.830260000
CVE-2009-2312;0.002930000;0.218060000
CVE-2009-2311;0.009610000;0.596020000
CVE-2009-2310;0.009610000;0.595980000
CVE-2009-2309;0.009070000;0.579170000
CVE-2009-2308;0.011750000;0.657920000
CVE-2009-2307;0.009280000;0.585580000
CVE-2009-2306;0.020850000;0.805030000
CVE-2009-2305;0.023430000;0.826770000
CVE-2009-2304;0.013090000;0.690110000
CVE-2009-2303;0.012050000;0.665360000
CVE-2009-2302;0.017340000;0.763540000
CVE-2009-2301;0.013440000;0.697960000
CVE-2009-2300;0.027830000;0.855870000
CVE-2009-2299;0.042550000;0.904930000
CVE-2009-2298;0.064330000;0.933160000
CVE-2009-2297;0.013630000;0.702060000
CVE-2009-2296;0.044050000;0.907680000
CVE-2009-2295;0.026120000;0.845440000
CVE-2009-2294;0.025020000;0.838030000
CVE-2009-2293;0.024910000;0.837340000
CVE-2009-2292;0.012630000;0.680160000
CVE-2009-2291;0.011770000;0.658680000
CVE-2009-2290;0.009070000;0.579160000
CVE-2009-2289;0.014490000;0.718590000
CVE-2009-2288;0.834530000;0.996640000
CVE-2009-2287;0.003980000;0.333620000
CVE-2009-2286;0.030850000;0.869510000
CVE-2009-2285;0.089500000;0.949470000
CVE-2009-2284;0.019800000;0.793850000
CVE-2009-2283;0.016560000;0.752550000
CVE-2009-2282;0.003860000;0.321010000
CVE-2009-2281;0.059490000;0.928530000
CVE-2009-2277;0.016560000;0.752420000
CVE-2009-2276;0.009230000;0.583850000
CVE-2009-2275;0.037250000;0.891710000
CVE-2009-2274;0.009140000;0.581110000
CVE-2009-2273;0.006600000;0.496060000
CVE-2009-2272;0.006440000;0.489460000
CVE-2009-2271;0.013130000;0.690820000
CVE-2009-2270;0.018390000;0.777580000
CVE-2009-2269;0.008930000;0.574480000
CVE-2009-2268;0.016480000;0.751380000
CVE-2009-2267;0.017550000;0.766490000
CVE-2009-2266;0.010760000;0.630940000
CVE-2009-2265;0.837440000;0.996720000
CVE-2009-2263;0.024440000;0.834060000
CVE-2009-2262;0.012360000;0.673470000
CVE-2009-2261;0.414220000;0.985910000
CVE-2009-2260;0.020860000;0.805100000
CVE-2009-2258;0.066910000;0.935200000
CVE-2009-2257;0.071770000;0.939340000
CVE-2009-2256;0.074370000;0.940960000
CVE-2009-2255;0.309660000;0.981530000
CVE-2009-2254;0.108900000;0.956070000
CVE-2009-2243;0.009050000;0.578520000
CVE-2009-2242;0.009130000;0.580670000
CVE-2009-2241;0.014520000;0.719080000
CVE-2009-2240;0.010650000;0.628080000
CVE-2009-2239;0.009610000;0.596090000
CVE-2009-2238;0.035060000;0.885150000
CVE-2009-2237;0.021530000;0.811250000
CVE-2009-2236;0.009710000;0.599950000
CVE-2009-2235;0.009610000;0.596000000
CVE-2009-2234;0.010270000;0.616890000
CVE-2009-2233;0.026350000;0.846940000
CVE-2009-2232;0.011250000;0.644450000
CVE-2009-2231;0.026350000;0.846940000
CVE-2009-2230;0.012210000;0.669880000
CVE-2009-2229;0.035310000;0.885860000
CVE-2009-2228;0.014360000;0.716210000
CVE-2009-2227;0.685810000;0.992960000
CVE-2009-2226;0.010330000;0.618730000
CVE-2009-2225;0.039700000;0.898750000
CVE-2009-2224;0.013630000;0.702130000
CVE-2009-2223;0.037630000;0.892840000
CVE-2009-2222;0.015510000;0.736760000
CVE-2009-2221;0.010330000;0.618730000
CVE-2009-2220;0.019700000;0.792720000
CVE-2009-2219;0.012160000;0.668540000
CVE-2009-2218;0.015740000;0.740190000
CVE-2009-2217;0.012230000;0.670290000
CVE-2009-2216;0.015210000;0.731580000
CVE-2009-2215;0.008450000;0.559740000
CVE-2009-2214;0.017210000;0.761890000
CVE-2009-2213;0.020160000;0.797990000
CVE-2009-2212;0.010090000;0.611440000
CVE-2009-2211;0.016380000;0.749970000
CVE-2009-2210;0.037990000;0.893960000
CVE-2009-2209;0.010110000;0.612210000
CVE-2009-2208;0.003510000;0.284180000
CVE-2009-2207;0.003450000;0.277270000
CVE-2009-2206;0.046260000;0.911720000
CVE-2009-2205;0.023170000;0.824710000
CVE-2009-2204;0.084670000;0.946980000
CVE-2009-2203;0.057180000;0.925920000
CVE-2009-2202;0.049370000;0.916460000
CVE-2009-2201;0.003390000;0.270540000
CVE-2009-2200;0.023870000;0.829840000
CVE-2009-2199;0.025900000;0.844000000
CVE-2009-2198;0.015370000;0.734200000
CVE-2009-2197;0.014150000;0.712340000
CVE-2009-2196;0.049330000;0.916360000
CVE-2009-2195;0.132940000;0.961660000
CVE-2009-2194;0.004040000;0.340510000
CVE-2009-2193;0.094540000;0.951350000
CVE-2009-2192;0.025110000;0.838670000
CVE-2009-2191;0.041670000;0.903110000
CVE-2009-2190;0.042890000;0.905580000
CVE-2009-2189;0.008160000;0.550560000
CVE-2009-2188;0.079330000;0.943940000
CVE-2009-2187;0.004800000;0.400280000
CVE-2009-2186;0.047220000;0.913130000
CVE-2009-2185;0.023720000;0.828810000
CVE-2009-2184;0.027470000;0.853610000
CVE-2009-2183;0.056920000;0.925680000
CVE-2009-2182;0.017230000;0.762090000
CVE-2009-2181;0.023910000;0.830230000
CVE-2009-2180;0.061430000;0.930500000
CVE-2009-2179;0.009520000;0.593440000
CVE-2009-2178;0.012470000;0.676210000
CVE-2009-2177;0.041860000;0.903510000
CVE-2009-2176;0.073920000;0.940710000
CVE-2009-2175;0.031480000;0.871990000
CVE-2009-2174;0.048790000;0.915570000
CVE-2009-2173;0.019530000;0.791110000
CVE-2009-2172;0.011580000;0.652800000
CVE-2009-2171;0.009180000;0.582340000
CVE-2009-2170;0.009120000;0.580520000
CVE-2009-2169;0.044970000;0.909390000
CVE-2009-2168;0.117760000;0.958340000
CVE-2009-2167;0.009500000;0.592940000
CVE-2009-2166;0.031950000;0.873910000
CVE-2009-2165;0.014020000;0.709870000
CVE-2009-2164;0.009530000;0.593710000
CVE-2009-2163;0.029900000;0.865570000
CVE-2009-2162;0.012230000;0.670500000
CVE-2009-2161;0.024270000;0.832930000
CVE-2009-2160;0.032040000;0.874310000
CVE-2009-2159;0.027040000;0.851070000
CVE-2009-2158;0.045160000;0.909710000
CVE-2009-2157;0.017300000;0.762980000
CVE-2009-2156;0.015160000;0.730840000
CVE-2009-2155;0.019270000;0.788160000
CVE-2009-2154;0.008670000;0.566940000
CVE-2009-2153;0.012550000;0.678080000
CVE-2009-2152;0.009470000;0.591760000
CVE-2009-2151;0.027120000;0.851540000
CVE-2009-2150;0.008910000;0.573960000
CVE-2009-2149;0.012710000;0.681750000
CVE-2009-2148;0.009700000;0.599520000
CVE-2009-2147;0.020430000;0.800700000
CVE-2009-2146;0.214650000;0.974700000
CVE-2009-2145;0.015580000;0.737830000
CVE-2009-2144;0.020490000;0.801310000
CVE-2009-2143;0.028190000;0.857720000
CVE-2009-2142;0.010110000;0.612220000
CVE-2009-2141;0.014840000;0.725280000
CVE-2009-2140;0.056920000;0.925670000
CVE-2009-2139;0.064770000;0.933520000
CVE-2009-2138;0.012620000;0.679720000
CVE-2009-2137;0.018160000;0.774620000
CVE-2009-2136;0.025470000;0.841150000
CVE-2009-2135;0.002770000;0.200530000
CVE-2009-2134;0.024960000;0.837680000
CVE-2009-2133;0.040890000;0.901450000
CVE-2009-2132;0.021040000;0.806850000
CVE-2009-2131;0.016020000;0.744280000
CVE-2009-2130;0.022740000;0.821050000
CVE-2009-2129;0.008910000;0.573950000
CVE-2009-2128;0.010010000;0.609000000
CVE-2009-2127;0.012160000;0.668540000
CVE-2009-2126;0.010220000;0.615030000
CVE-2009-2125;0.009850000;0.604040000
CVE-2009-2124;0.023460000;0.827010000
CVE-2009-2123;0.010110000;0.612210000
CVE-2009-2122;0.027370000;0.852940000
CVE-2009-2121;0.020200000;0.798420000
CVE-2009-2120;0.017790000;0.769790000
CVE-2009-2119;0.015690000;0.739440000
CVE-2009-2118;0.025120000;0.838760000
CVE-2009-2117;0.023950000;0.830490000
CVE-2009-2116;0.023860000;0.829760000
CVE-2009-2115;0.011270000;0.644990000
CVE-2009-2114;0.014970000;0.727410000
CVE-2009-2113;0.025590000;0.841940000
CVE-2009-2112;0.056920000;0.925680000
CVE-2009-2111;0.037490000;0.892440000
CVE-2009-2110;0.084470000;0.946890000
CVE-2009-2109;0.094840000;0.951460000
CVE-2009-2108;0.058190000;0.927190000
CVE-2009-2107;0.014520000;0.719050000
CVE-2009-2106;0.010960000;0.636880000
CVE-2009-2105;0.010960000;0.636880000
CVE-2009-2104;0.010650000;0.628050000
CVE-2009-2103;0.010960000;0.636890000
CVE-2009-2102;0.020430000;0.800710000
CVE-2009-2101;0.019200000;0.787410000
CVE-2009-2100;0.082290000;0.945640000
CVE-2009-2099;0.009930000;0.606350000
CVE-2009-2098;0.009870000;0.604620000
CVE-2009-2097;0.010510000;0.623770000
CVE-2009-2096;0.009700000;0.599520000
CVE-2009-2095;0.017430000;0.764730000
CVE-2009-2094;0.002450000;0.157960000
CVE-2009-2093;0.012790000;0.683490000
CVE-2009-2092;0.015390000;0.734490000
CVE-2009-2091;0.012560000;0.678590000
CVE-2009-2090;0.025620000;0.842180000
CVE-2009-2089;0.013270000;0.693880000
CVE-2009-2088;0.023520000;0.827450000
CVE-2009-2087;0.002170000;0.122100000
CVE-2009-2085;0.023700000;0.828650000
CVE-2009-2084;0.003760000;0.310370000
CVE-2009-2083;0.008960000;0.575590000
CVE-2009-2082;0.011390000;0.647770000
CVE-2009-2081;0.025160000;0.839110000
CVE-2009-2080;0.026880000;0.850220000
CVE-2009-2079;0.010280000;0.617240000
CVE-2009-2078;0.010650000;0.628140000
CVE-2009-2077;0.009920000;0.606190000
CVE-2009-2076;0.008960000;0.575590000
CVE-2009-2075;0.012000000;0.664190000
CVE-2009-2074;0.010280000;0.617240000
CVE-2009-2073;0.006710000;0.500570000
CVE-2009-2072;0.002820000;0.206710000
CVE-2009-2071;0.010190000;0.614040000
CVE-2009-2070;0.008390000;0.557980000
CVE-2009-2069;0.021950000;0.814790000
CVE-2009-2068;0.012420000;0.674990000
CVE-2009-2067;0.013690000;0.703100000
CVE-2009-2066;0.009990000;0.608480000
CVE-2009-2065;0.008510000;0.561780000
CVE-2009-2064;0.042730000;0.905280000
CVE-2009-2063;0.014150000;0.712280000
CVE-2009-2062;0.009990000;0.608480000
CVE-2009-2061;0.012440000;0.675670000
CVE-2009-2060;0.010970000;0.637100000
CVE-2009-2059;0.012980000;0.687550000
CVE-2009-2058;0.009670000;0.597970000
CVE-2009-2057;0.030270000;0.867200000
CVE-2009-2056;0.013360000;0.696160000
CVE-2009-2055;0.033260000;0.879040000
CVE-2009-2054;0.034030000;0.881700000
CVE-2009-2053;0.034060000;0.881830000
CVE-2009-2052;0.039750000;0.898890000
CVE-2009-2051;0.034360000;0.882770000
CVE-2009-2050;0.034360000;0.882770000
CVE-2009-2049;0.024380000;0.833680000
CVE-2009-2048;0.010190000;0.614270000
CVE-2009-2047;0.023990000;0.830810000
CVE-2009-2046;0.011400000;0.647940000
CVE-2009-2045;0.016020000;0.744210000
CVE-2009-2044;0.058870000;0.927960000
CVE-2009-2043;0.043570000;0.906820000
CVE-2009-2042;0.022780000;0.821390000
CVE-2009-2041;0.010220000;0.615000000
CVE-2009-2040;0.029330000;0.863170000
CVE-2009-2039;0.018380000;0.777470000
CVE-2009-2038;0.014420000;0.717170000
CVE-2009-2037;0.021220000;0.808410000
CVE-2009-2036;0.010060000;0.610440000
CVE-2009-2035;0.012220000;0.670230000
CVE-2009-2034;0.008170000;0.550960000
CVE-2009-2033;0.014750000;0.723710000
CVE-2009-2032;0.010750000;0.630550000
CVE-2009-2031;0.002970000;0.222310000
CVE-2009-2030;0.018260000;0.776020000
CVE-2009-2029;0.014870000;0.725720000
CVE-2009-2028;0.043680000;0.907090000
CVE-2009-2027;0.002980000;0.224050000
CVE-2009-2026;0.077260000;0.942740000
CVE-2009-2025;0.026100000;0.845310000
CVE-2009-2024;0.022860000;0.822040000
CVE-2009-2023;0.009500000;0.592940000
CVE-2009-2022;0.051590000;0.919540000
CVE-2009-2021;0.010110000;0.612240000
CVE-2009-2020;0.012710000;0.681740000
CVE-2009-2019;0.010110000;0.612230000
CVE-2009-2018;0.009500000;0.592930000
CVE-2009-2017;0.010110000;0.612230000
CVE-2009-2016;0.010110000;0.612230000
CVE-2009-2015;0.065070000;0.933760000
CVE-2009-2014;0.009870000;0.604670000
CVE-2009-2013;0.010110000;0.612220000
CVE-2009-2012;0.002730000;0.196030000
CVE-2009-2011;0.401760000;0.985530000
CVE-2009-2010;0.009020000;0.577230000
CVE-2009-2009;0.010670000;0.628600000
CVE-2009-2008;0.010300000;0.617690000
CVE-2009-2007;0.019290000;0.788330000
CVE-2009-2006;0.012860000;0.684990000
CVE-2009-2005;0.006560000;0.494640000
CVE-2009-2004;0.012580000;0.679010000
CVE-2009-2003;0.025140000;0.838940000
CVE-2009-2002;0.020790000;0.804390000
CVE-2009-20011;0.013580000;0.701050000
CVE-2009-20010;0.013330000;0.695220000
CVE-2009-2001;0.023140000;0.824430000
CVE-2009-20009;0.012620000;0.679910000
CVE-2009-20008;0.009150000;0.581720000
CVE-2009-20007;0.013980000;0.708950000
CVE-2009-20006;0.012250000;0.671000000
CVE-2009-20005;0.013610000;0.701620000
CVE-2009-20004;0.003450000;0.277070000
CVE-2009-20003;0.003360000;0.266520000
CVE-2009-20002;0.004900000;0.407230000
CVE-2009-20001;0.008710000;0.568250000
CVE-2009-2000;0.027150000;0.851760000
CVE-2009-1999;0.023540000;0.827600000
CVE-2009-1998;0.016180000;0.746820000
CVE-2009-1997;0.027150000;0.851760000
CVE-2009-1996;0.013270000;0.693840000
CVE-2009-1995;0.018290000;0.776330000
CVE-2009-1994;0.022710000;0.820790000
CVE-2009-1993;0.019640000;0.792170000
CVE-2009-1992;0.042220000;0.904290000
CVE-2009-1991;0.017120000;0.760770000
CVE-2009-1990;0.003900000;0.325190000
CVE-2009-1989;0.014840000;0.725360000
CVE-2009-1988;0.012040000;0.665130000
CVE-2009-1987;0.015070000;0.729240000
CVE-2009-1986;0.013550000;0.700380000
CVE-2009-1985;0.053770000;0.922010000
CVE-2009-1984;0.003570000;0.290280000
CVE-2009-1983;0.013350000;0.695900000
CVE-2009-1982;0.013350000;0.695910000
CVE-2009-1981;0.003020000;0.227250000
CVE-2009-1980;0.011750000;0.657700000
CVE-2009-1979;0.763610000;0.995060000
CVE-2009-1978;0.646940000;0.991940000
CVE-2009-1977;0.726380000;0.994100000
CVE-2009-1976;0.013350000;0.695910000
CVE-2009-1975;0.026980000;0.850790000
CVE-2009-1974;0.014810000;0.724720000
CVE-2009-1973;0.017780000;0.769630000
CVE-2009-1972;0.016530000;0.751950000
CVE-2009-1971;0.016180000;0.746820000
CVE-2009-1970;0.122030000;0.959290000
CVE-2009-1969;0.010540000;0.624610000
CVE-2009-1968;0.400790000;0.985500000
CVE-2009-1967;0.011950000;0.662970000
CVE-2009-1966;0.011950000;0.662970000
CVE-2009-1965;0.010730000;0.630140000
CVE-2009-1964;0.022190000;0.816860000
CVE-2009-1963;0.087340000;0.948420000
CVE-2009-1962;0.003320000;0.261920000
CVE-2009-1961;0.005890000;0.463450000
CVE-2009-1960;0.231570000;0.976350000
CVE-2009-1959;0.083850000;0.946470000
CVE-2009-1958;0.029470000;0.863770000
CVE-2009-1957;0.029470000;0.863770000
CVE-2009-1956;0.120420000;0.959000000
CVE-2009-1955;0.529880000;0.989110000
CVE-2009-1954;0.013090000;0.689960000
CVE-2009-1953;0.009450000;0.591080000
CVE-2009-1952;0.008890000;0.573160000
CVE-2009-1951;0.012710000;0.681750000
CVE-2009-1950;0.009700000;0.599510000
CVE-2009-1949;0.026550000;0.848150000
CVE-2009-1948;0.020230000;0.798660000
CVE-2009-1947;0.009930000;0.606360000
CVE-2009-1946;0.018610000;0.780510000
CVE-2009-1945;0.010060000;0.610420000
CVE-2009-1944;0.104190000;0.954640000
CVE-2009-1943;0.722100000;0.994000000
CVE-2009-1942;0.009960000;0.607440000
CVE-2009-1941;0.022860000;0.822030000
CVE-2009-1940;0.020340000;0.799750000
CVE-2009-1939;0.013270000;0.693830000
CVE-2009-1938;0.042680000;0.905210000
CVE-2009-1937;0.010330000;0.618700000
CVE-2009-1936;0.422230000;0.986150000
CVE-2009-1935;0.004360000;0.368840000
CVE-2009-1934;0.022350000;0.818120000
CVE-2009-1933;0.003200000;0.248030000
CVE-2009-1932;0.054660000;0.922950000
CVE-2009-1930;0.413880000;0.985890000
CVE-2009-1929;0.345340000;0.983230000
CVE-2009-1928;0.300200000;0.981040000
CVE-2009-1926;0.350420000;0.983440000
CVE-2009-1925;0.274020000;0.979470000
CVE-2009-1924;0.088420000;0.948960000
CVE-2009-1923;0.246580000;0.977590000
CVE-2009-1922;0.013450000;0.698040000
CVE-2009-1920;0.215070000;0.974740000
CVE-2009-1919;0.340400000;0.983040000
CVE-2009-1918;0.433170000;0.986500000
CVE-2009-1917;0.274720000;0.979520000
CVE-2009-1916;0.103040000;0.954300000
CVE-2009-1915;0.049510000;0.916710000
CVE-2009-1914;0.006730000;0.501390000
CVE-2009-1913;0.009800000;0.602670000
CVE-2009-1912;0.031840000;0.873440000
CVE-2009-1911;0.025240000;0.839670000
CVE-2009-1910;0.012140000;0.668100000
CVE-2009-1909;0.012580000;0.678970000
CVE-2009-1908;0.012230000;0.670310000
CVE-2009-1907;0.018320000;0.776640000
CVE-2009-1906;0.019720000;0.792910000
CVE-2009-1905;0.018460000;0.778440000
CVE-2009-1904;0.083750000;0.946410000
CVE-2009-1903;0.030270000;0.867190000
CVE-2009-1902;0.137350000;0.962850000
CVE-2009-1901;0.015410000;0.735030000
CVE-2009-1900;0.017660000;0.768090000
CVE-2009-1899;0.042540000;0.904900000
CVE-2009-1898;0.014420000;0.717250000
CVE-2009-1897;0.015210000;0.731500000
CVE-2009-1896;0.030310000;0.867360000
CVE-2009-1895;0.004390000;0.371370000
CVE-2009-1894;0.007360000;0.524660000
CVE-2009-1893;0.006020000;0.469840000
CVE-2009-1892;0.085660000;0.947540000
CVE-2009-1891;0.171110000;0.969020000
CVE-2009-1890;0.161590000;0.967420000
CVE-2009-1889;0.033770000;0.880820000
CVE-2009-1888;0.046060000;0.911390000
CVE-2009-1887;0.022140000;0.816440000
CVE-2009-1886;0.122220000;0.959340000
CVE-2009-1885;0.053240000;0.921430000
CVE-2009-1884;0.025860000;0.843680000
CVE-2009-1883;0.003420000;0.274100000
CVE-2009-1882;0.071530000;0.939130000
CVE-2009-1881;0.010330000;0.618860000
CVE-2009-1880;0.010220000;0.615260000
CVE-2009-1879;0.082530000;0.945770000
CVE-2009-1878;0.022900000;0.822480000
CVE-2009-1877;0.017730000;0.769100000
CVE-2009-1876;0.028050000;0.856960000
CVE-2009-1875;0.017730000;0.769100000
CVE-2009-1874;0.017510000;0.765800000
CVE-2009-1873;0.046970000;0.912780000
CVE-2009-1872;0.160830000;0.967270000
CVE-2009-1870;0.007730000;0.536910000
CVE-2009-1869;0.196980000;0.972450000
CVE-2009-1868;0.214420000;0.974680000
CVE-2009-1867;0.039300000;0.897660000
CVE-2009-1866;0.073010000;0.940130000
CVE-2009-1865;0.060330000;0.929380000
CVE-2009-1864;0.073010000;0.940130000
CVE-2009-1863;0.060330000;0.929380000
CVE-2009-1862;0.250060000;0.977880000
CVE-2009-1861;0.086010000;0.947720000
CVE-2009-1860;0.056490000;0.925260000
CVE-2009-1859;0.071550000;0.939150000
CVE-2009-1858;0.088120000;0.948810000
CVE-2009-1857;0.071550000;0.939150000
CVE-2009-1856;0.138580000;0.963080000
CVE-2009-1855;0.124270000;0.959730000
CVE-2009-1854;0.024260000;0.832860000
CVE-2009-1853;0.009520000;0.593430000
CVE-2009-1852;0.009870000;0.604640000
CVE-2009-1851;0.010010000;0.609030000
CVE-2009-1850;0.009870000;0.604640000
CVE-2009-1849;0.010330000;0.618850000
CVE-2009-1848;0.009500000;0.592970000
CVE-2009-1847;0.023470000;0.827090000
CVE-2009-1846;0.022960000;0.822920000
CVE-2009-1845;0.015130000;0.730380000
CVE-2009-1844;0.008560000;0.563300000
CVE-2009-1843;0.009610000;0.595960000
CVE-2009-1842;0.009610000;0.596090000
CVE-2009-1841;0.047950000;0.914270000
CVE-2009-1840;0.022240000;0.817160000
CVE-2009-1839;0.071240000;0.938870000
CVE-2009-1838;0.047950000;0.914280000
CVE-2009-1837;0.043310000;0.906300000
CVE-2009-1836;0.020320000;0.799570000
CVE-2009-1835;0.023250000;0.825280000
CVE-2009-1834;0.032340000;0.875540000
CVE-2009-1833;0.091760000;0.950270000
CVE-2009-1832;0.091760000;0.950270000
CVE-2009-1831;0.363370000;0.983930000
CVE-2009-1830;0.085720000;0.947560000
CVE-2009-1829;0.020030000;0.796460000
CVE-2009-1828;0.087790000;0.948690000
CVE-2009-1827;0.039380000;0.897920000
CVE-2009-1826;0.020860000;0.805110000
CVE-2009-1825;0.024240000;0.832700000
CVE-2009-1824;0.009620000;0.596700000
CVE-2009-1823;0.012160000;0.668760000
CVE-2009-1822;0.020980000;0.806370000
CVE-2009-1821;0.026180000;0.845800000
CVE-2009-1820;0.014840000;0.725270000
CVE-2009-1819;0.009930000;0.606320000
CVE-2009-1818;0.010110000;0.612210000
CVE-2009-1817;0.055540000;0.923970000
CVE-2009-1816;0.010240000;0.615860000
CVE-2009-1815;0.058490000;0.927550000
CVE-2009-1814;0.009930000;0.606320000
CVE-2009-1813;0.023130000;0.824370000
CVE-2009-1812;0.008860000;0.572410000
CVE-2009-1811;0.014840000;0.725230000
CVE-2009-1810;0.008860000;0.572410000
CVE-2009-1809;0.014840000;0.725230000
CVE-2009-1808;0.028280000;0.858150000
CVE-2009-1807;0.075310000;0.941470000
CVE-2009-1806;0.013110000;0.690530000
CVE-2009-1805;0.003310000;0.260770000
CVE-2009-1804;0.009870000;0.604700000
CVE-2009-1803;0.012180000;0.669230000
CVE-2009-1802;0.005810000;0.459250000
CVE-2009-1801;0.012630000;0.680140000
CVE-2009-1800;0.108990000;0.956100000
CVE-2009-1799;0.009280000;0.585320000
CVE-2009-1798;0.019940000;0.795400000
CVE-2009-1797;0.006670000;0.498950000
CVE-2009-1796;0.019820000;0.794100000
CVE-2009-1792;0.035410000;0.886160000
CVE-2009-1791;0.065330000;0.933980000
CVE-2009-1790;0.012630000;0.680030000
CVE-2009-1789;0.084880000;0.947110000
CVE-2009-1788;0.082260000;0.945620000
CVE-2009-1787;0.010420000;0.621070000
CVE-2009-1786;0.006660000;0.498660000
CVE-2009-1785;0.008450000;0.559680000
CVE-2009-1784;0.034070000;0.881840000
CVE-2009-1783;0.034360000;0.882810000
CVE-2009-1782;0.022090000;0.816010000
CVE-2009-1781;0.031690000;0.872870000
CVE-2009-1780;0.037590000;0.892710000
CVE-2009-1779;0.038510000;0.895430000
CVE-2009-1778;0.011680000;0.655710000
CVE-2009-1777;0.019720000;0.792930000
CVE-2009-1776;0.014620000;0.721140000
CVE-2009-1775;0.010330000;0.618860000
CVE-2009-1774;0.178980000;0.970020000
CVE-2009-1773;0.018770000;0.782340000
CVE-2009-1772;0.016400000;0.750280000
CVE-2009-1771;0.024630000;0.835480000
CVE-2009-1770;0.023340000;0.826020000
CVE-2009-1769;0.015580000;0.737820000
CVE-2009-1768;0.034950000;0.884820000
CVE-2009-1767;0.020840000;0.804990000
CVE-2009-1766;0.008490000;0.561030000
CVE-2009-1765;0.150280000;0.965190000
CVE-2009-1764;0.009870000;0.604710000
CVE-2009-1763;0.003140000;0.241420000
CVE-2009-1762;0.014420000;0.717320000
CVE-2009-1761;0.022320000;0.817880000
CVE-2009-1760;0.020100000;0.797520000
CVE-2009-1759;0.136530000;0.962620000
CVE-2009-1758;0.021580000;0.811600000
CVE-2009-1757;0.008350000;0.556710000
CVE-2009-1756;0.004640000;0.389510000
CVE-2009-1755;0.031570000;0.872380000
CVE-2009-1754;0.006800000;0.504180000
CVE-2009-1753;0.003120000;0.239760000
CVE-2009-1752;0.024500000;0.834550000
CVE-2009-1751;0.009870000;0.604750000
CVE-2009-1750;0.027220000;0.852110000
CVE-2009-1749;0.030100000;0.866470000
CVE-2009-1748;0.023340000;0.826030000
CVE-2009-1747;0.009930000;0.606410000
CVE-2009-1746;0.009870000;0.604750000
CVE-2009-1745;0.021460000;0.810550000
CVE-2009-1744;0.021720000;0.812760000
CVE-2009-1743;0.061810000;0.930850000
CVE-2009-1742;0.013400000;0.697120000
CVE-2009-1741;0.019410000;0.789860000
CVE-2009-1740;0.056260000;0.925020000
CVE-2009-1739;0.027730000;0.855360000
CVE-2009-1738;0.010190000;0.614260000
CVE-2009-1737;0.018870000;0.783500000
CVE-2009-1736;0.011260000;0.644640000
CVE-2009-1735;0.016920000;0.757900000
CVE-2009-1734;0.011330000;0.646180000
CVE-2009-1733;0.005810000;0.459250000
CVE-2009-1732;0.019000000;0.785100000
CVE-2009-1731;0.011990000;0.663880000
CVE-2009-1730;0.545100000;0.989520000
CVE-2009-1729;0.053260000;0.921470000
CVE-2009-1728;0.056490000;0.925250000
CVE-2009-1727;0.026750000;0.849470000
CVE-2009-1726;0.084290000;0.946780000
CVE-2009-1725;0.061920000;0.930930000
CVE-2009-1724;0.062120000;0.931170000
CVE-2009-1723;0.013820000;0.705990000
CVE-2009-1722;0.045350000;0.910050000
CVE-2009-1721;0.042930000;0.905640000
CVE-2009-1720;0.064370000;0.933220000
CVE-2009-1719;0.051170000;0.918990000
CVE-2009-1718;0.021620000;0.811910000
CVE-2009-1717;0.030200000;0.866880000
CVE-2009-1716;0.004180000;0.353110000
CVE-2009-1715;0.042320000;0.904490000
CVE-2009-1714;0.026570000;0.848260000
CVE-2009-1713;0.020530000;0.801750000
CVE-2009-1712;0.077460000;0.942860000
CVE-2009-1711;0.066850000;0.935150000
CVE-2009-1710;0.028880000;0.861030000
CVE-2009-1709;0.069160000;0.937110000
CVE-2009-1708;0.054230000;0.922470000
CVE-2009-1707;0.003130000;0.240480000
CVE-2009-1706;0.013950000;0.708360000
CVE-2009-1705;0.053130000;0.921320000
CVE-2009-1704;0.025470000;0.841140000
CVE-2009-1703;0.030130000;0.866600000
CVE-2009-1702;0.026800000;0.849750000
CVE-2009-1701;0.077460000;0.942860000
CVE-2009-1700;0.026190000;0.845850000
CVE-2009-1699;0.290980000;0.980540000
CVE-2009-1698;0.084620000;0.946950000
CVE-2009-1697;0.029940000;0.865770000
CVE-2009-1696;0.023350000;0.826130000
CVE-2009-1695;0.026570000;0.848250000
CVE-2009-1694;0.025940000;0.844360000
CVE-2009-1693;0.028250000;0.857950000
CVE-2009-1692;0.042420000;0.904670000
CVE-2009-1691;0.026570000;0.848260000
CVE-2009-1690;0.066720000;0.935050000
CVE-2009-1689;0.026570000;0.848250000
CVE-2009-1688;0.026570000;0.848240000
CVE-2009-1687;0.081110000;0.944980000
CVE-2009-1686;0.075260000;0.941450000
CVE-2009-1685;0.026570000;0.848250000
CVE-2009-1684;0.086570000;0.948030000
CVE-2009-1683;0.027980000;0.856570000
CVE-2009-1682;0.010620000;0.626910000
CVE-2009-1681;0.030170000;0.866790000
CVE-2009-1680;0.003790000;0.313190000
CVE-2009-1679;0.003560000;0.289420000
CVE-2009-1678;0.024260000;0.832820000
CVE-2009-1677;0.021260000;0.808770000
CVE-2009-1675;0.137880000;0.962940000
CVE-2009-1674;0.049020000;0.915900000
CVE-2009-1673;0.003870000;0.321860000
CVE-2009-1672;0.096430000;0.952050000
CVE-2009-1671;0.103430000;0.954420000
CVE-2009-1670;0.068700000;0.936690000
CVE-2009-1669;0.141170000;0.963540000
CVE-2009-1668;0.059950000;0.929020000
CVE-2009-1667;0.214000000;0.974640000
CVE-2009-1666;0.029170000;0.862440000
CVE-2009-1665;0.023290000;0.825620000
CVE-2009-1664;0.020460000;0.800960000
CVE-2009-1663;0.028520000;0.859290000
CVE-2009-1662;0.009870000;0.604660000
CVE-2009-1661;0.012060000;0.665620000
CVE-2009-1660;0.058260000;0.927270000
CVE-2009-1659;0.019640000;0.792120000
CVE-2009-1658;0.020470000;0.801110000
CVE-2009-1657;0.010960000;0.636860000
CVE-2009-1656;0.035890000;0.887560000
CVE-2009-1655;0.017460000;0.765140000
CVE-2009-1654;0.014840000;0.725250000
CVE-2009-1653;0.029110000;0.862150000
CVE-2009-1652;0.060970000;0.930100000
CVE-2009-1651;0.020430000;0.800710000
CVE-2009-1650;0.009930000;0.606370000
CVE-2009-1649;0.023470000;0.827090000
CVE-2009-1648;0.017870000;0.770660000
CVE-2009-1647;0.027380000;0.853130000
CVE-2009-1646;0.050570000;0.918200000
CVE-2009-1645;0.070930000;0.938590000
CVE-2009-1644;0.058150000;0.927160000
CVE-2009-1643;0.058150000;0.927150000
CVE-2009-1642;0.068560000;0.936610000
CVE-2009-1641;0.309170000;0.981510000
CVE-2009-1640;0.032800000;0.877290000
CVE-2009-1639;0.028250000;0.857960000
CVE-2009-1638;0.026150000;0.845620000
CVE-2009-1637;0.022470000;0.819060000
CVE-2009-1636;0.084350000;0.946810000
CVE-2009-1635;0.019050000;0.785620000
CVE-2009-1634;0.072170000;0.939570000
CVE-2009-1633;0.030340000;0.867460000
CVE-2009-1632;0.020170000;0.798070000
CVE-2009-1631;0.004400000;0.372480000
CVE-2009-1630;0.004850000;0.403440000
CVE-2009-1629;0.023250000;0.825240000
CVE-2009-1628;0.052440000;0.920590000
CVE-2009-1627;0.073300000;0.940320000
CVE-2009-1626;0.011260000;0.644670000
CVE-2009-1625;0.020960000;0.806120000
CVE-2009-1624;0.028850000;0.860840000
CVE-2009-1623;0.013640000;0.702270000
CVE-2009-1622;0.010840000;0.633310000
CVE-2009-1621;0.064440000;0.933280000
CVE-2009-1620;0.011890000;0.661390000
CVE-2009-1619;0.025370000;0.840520000
CVE-2009-1618;0.025370000;0.840510000
CVE-2009-1617;0.025370000;0.840520000
CVE-2009-1616;0.016550000;0.752250000
CVE-2009-1615;0.028780000;0.860530000
CVE-2009-1614;0.012710000;0.681710000
CVE-2009-1613;0.009590000;0.595260000
CVE-2009-1612;0.332550000;0.982700000
CVE-2009-1611;0.071880000;0.939400000
CVE-2009-1610;0.061080000;0.930180000
CVE-2009-1609;0.036190000;0.888460000
CVE-2009-1608;0.111910000;0.956990000
CVE-2009-1607;0.014750000;0.723680000
CVE-2009-1606;0.046070000;0.911400000
CVE-2009-1605;0.034460000;0.883180000
CVE-2009-1604;0.018260000;0.775960000
CVE-2009-1603;0.010910000;0.634950000
CVE-2009-1602;0.027590000;0.854350000
CVE-2009-1601;0.003220000;0.251270000
CVE-2009-1600;0.017170000;0.761470000
CVE-2009-1599;0.017170000;0.761470000
CVE-2009-1598;0.016230000;0.747530000
CVE-2009-1597;0.017360000;0.763770000
CVE-2009-1596;0.012000000;0.664130000
CVE-2009-1595;0.022280000;0.817490000
CVE-2009-1594;0.014470000;0.718190000
CVE-2009-1593;0.015070000;0.729370000
CVE-2009-1592;0.070980000;0.938630000
CVE-2009-1591;0.010650000;0.627960000
CVE-2009-1590;0.012220000;0.670240000
CVE-2009-1589;0.011730000;0.656920000
CVE-2009-1588;0.012230000;0.670400000
CVE-2009-1587;0.026150000;0.845620000
CVE-2009-1586;0.096220000;0.951990000
CVE-2009-1585;0.008780000;0.570320000
CVE-2009-1584;0.026090000;0.845250000
CVE-2009-1583;0.035370000;0.886030000
CVE-2009-1582;0.028000000;0.856690000
CVE-2009-1581;0.017450000;0.765060000
CVE-2009-1580;0.018550000;0.779820000
CVE-2009-1579;0.033990000;0.881570000
CVE-2009-1578;0.019770000;0.793470000
CVE-2009-1577;0.074960000;0.941300000
CVE-2009-1576;0.016310000;0.748770000
CVE-2009-1575;0.016040000;0.744600000
CVE-2009-1574;0.116310000;0.957990000
CVE-2009-1573;0.004560000;0.384070000
CVE-2009-1572;0.035160000;0.885450000
CVE-2009-1571;0.063920000;0.932690000
CVE-2009-1570;0.080390000;0.944530000
CVE-2009-1569;0.375240000;0.984460000
CVE-2009-1568;0.321680000;0.982160000
CVE-2009-1567;0.047560000;0.913690000
CVE-2009-1566;0.066520000;0.934910000
CVE-2009-1565;0.062100000;0.931130000
CVE-2009-1564;0.062100000;0.931130000
CVE-2009-1561;0.033630000;0.880360000
CVE-2009-1560;0.016310000;0.748810000
CVE-2009-1559;0.015320000;0.733390000
CVE-2009-1558;0.298210000;0.980940000
CVE-2009-1557;0.074690000;0.941140000
CVE-2009-1556;0.009240000;0.584190000
CVE-2009-1555;0.013240000;0.693110000
CVE-2009-1554;0.040460000;0.900460000
CVE-2009-1553;0.081990000;0.945490000
CVE-2009-1552;0.013500000;0.699070000
CVE-2009-1551;0.270080000;0.979230000
CVE-2009-1550;0.022860000;0.822030000
CVE-2009-1549;0.086060000;0.947760000
CVE-2009-1548;0.010370000;0.619860000
CVE-2009-1547;0.374360000;0.984430000
CVE-2009-1546;0.224640000;0.975610000
CVE-2009-1545;0.285920000;0.980210000
CVE-2009-1544;0.206440000;0.973790000
CVE-2009-1542;0.079770000;0.944160000
CVE-2009-1539;0.258180000;0.978510000
CVE-2009-1538;0.268200000;0.979120000
CVE-2009-1537;0.512070000;0.988680000
CVE-2009-1536;0.513160000;0.988700000
CVE-2009-1535;0.981150000;0.999100000
CVE-2009-1534;0.516100000;0.988780000
CVE-2009-1533;0.356200000;0.983630000
CVE-2009-1532;0.367610000;0.984120000
CVE-2009-1531;0.350740000;0.983450000
CVE-2009-1530;0.339410000;0.982990000
CVE-2009-1529;0.287450000;0.980300000
CVE-2009-1528;0.352580000;0.983490000
CVE-2009-1527;0.004920000;0.408580000
CVE-2009-1526;0.005520000;0.444860000
CVE-2009-1525;0.024620000;0.835400000
CVE-2009-1524;0.025910000;0.844170000
CVE-2009-1523;0.258020000;0.978500000
CVE-2009-1522;0.021480000;0.810770000
CVE-2009-1521;0.016640000;0.753720000
CVE-2009-1520;0.033390000;0.879510000
CVE-2009-1519;0.027270000;0.852370000
CVE-2009-1518;0.005240000;0.429230000
CVE-2009-1517;0.065860000;0.934470000
CVE-2009-1516;0.032080000;0.874490000
CVE-2009-1515;0.036540000;0.889710000
CVE-2009-1514;0.028050000;0.856930000
CVE-2009-1513;0.041050000;0.901810000
CVE-2009-1512;0.039510000;0.898230000
CVE-2009-1511;0.142140000;0.963720000
CVE-2009-1510;0.022490000;0.819180000
CVE-2009-1509;0.009930000;0.606290000
CVE-2009-1508;0.020310000;0.799490000
CVE-2009-1507;0.013550000;0.700510000
CVE-2009-1506;0.008710000;0.567930000
CVE-2009-1505;0.010700000;0.629330000
CVE-2009-1504;0.024260000;0.832860000
CVE-2009-1503;0.010110000;0.612250000
CVE-2009-1502;0.023470000;0.827090000
CVE-2009-1501;0.010330000;0.618820000
CVE-2009-1500;0.009280000;0.585310000
CVE-2009-1499;0.018360000;0.777260000
CVE-2009-1498;0.018850000;0.783250000
CVE-2009-1497;0.067680000;0.935980000
CVE-2009-1496;0.071830000;0.939370000
CVE-2009-1495;0.023290000;0.825620000
CVE-2009-1494;0.014890000;0.726220000
CVE-2009-1493;0.218260000;0.975000000
CVE-2009-1492;0.255220000;0.978300000
CVE-2009-1491;0.028180000;0.857600000
CVE-2009-1490;0.126140000;0.960120000
CVE-2009-1489;0.025370000;0.840510000
CVE-2009-1488;0.019550000;0.791290000
CVE-2009-1487;0.010240000;0.615830000
CVE-2009-1486;0.023330000;0.825890000
CVE-2009-1485;0.013820000;0.705930000
CVE-2009-1484;0.012610000;0.679700000
CVE-2009-1483;0.041440000;0.902680000
CVE-2009-1482;0.025030000;0.838130000
CVE-2009-1481;0.011730000;0.657020000
CVE-2009-1480;0.009870000;0.604630000
CVE-2009-1479;0.023910000;0.830230000
CVE-2009-1478;0.007470000;0.528430000
CVE-2009-1477;0.021460000;0.810530000
CVE-2009-1476;0.004750000;0.397420000
CVE-2009-1474;0.016840000;0.756780000
CVE-2009-1473;0.031910000;0.873760000
CVE-2009-1472;0.010650000;0.627850000
CVE-2009-1469;0.048630000;0.915330000
CVE-2009-1468;0.019250000;0.787900000
CVE-2009-1467;0.041010000;0.901710000
CVE-2009-1466;0.002400000;0.152440000
CVE-2009-1465;0.014020000;0.709890000
CVE-2009-1464;0.007280000;0.521740000
CVE-2009-1463;0.015790000;0.740890000
CVE-2009-1462;0.004030000;0.338630000
CVE-2009-1461;0.008690000;0.567430000
CVE-2009-1460;0.004160000;0.351390000
CVE-2009-1459;0.006870000;0.507160000
CVE-2009-1458;0.017900000;0.771090000
CVE-2009-1457;0.010330000;0.618800000
CVE-2009-1456;0.020500000;0.801380000
CVE-2009-1455;0.005990000;0.468200000
CVE-2009-1454;0.012230000;0.670540000
CVE-2009-1453;0.009330000;0.587410000
CVE-2009-1452;0.023420000;0.826650000
CVE-2009-1451;0.012550000;0.678080000
CVE-2009-1450;0.021400000;0.810070000
CVE-2009-1449;0.058590000;0.927690000
CVE-2009-1448;0.010220000;0.614970000
CVE-2009-1447;0.035100000;0.885290000
CVE-2009-1446;0.033950000;0.881390000
CVE-2009-1445;0.060600000;0.929700000
CVE-2009-1444;0.023420000;0.826650000
CVE-2009-1443;0.040070000;0.899650000
CVE-2009-1442;0.024110000;0.831690000
CVE-2009-1441;0.020360000;0.799890000
CVE-2009-1440;0.015400000;0.734840000
CVE-2009-1439;0.042680000;0.905210000
CVE-2009-1438;0.046670000;0.912330000
CVE-2009-1437;0.139920000;0.963350000
CVE-2009-1436;0.008920000;0.574330000
CVE-2009-1435;0.008460000;0.560010000
CVE-2009-1434;0.006720000;0.500850000
CVE-2009-1433;0.010960000;0.636830000
CVE-2009-1432;0.042250000;0.904360000
CVE-2009-1431;0.080360000;0.944500000
CVE-2009-1430;0.550880000;0.989670000
CVE-2009-1429;0.877250000;0.997510000
CVE-2009-1428;0.023290000;0.825610000
CVE-2009-1427;0.005250000;0.429930000
CVE-2009-1426;0.027110000;0.851490000
CVE-2009-1425;0.032060000;0.874380000
CVE-2009-1424;0.024900000;0.837270000
CVE-2009-1423;0.024900000;0.837270000
CVE-2009-1422;0.050760000;0.918470000
CVE-2009-1421;0.004590000;0.386390000
CVE-2009-1420;0.134500000;0.962060000
CVE-2009-1419;0.017580000;0.766940000
CVE-2009-1418;0.028550000;0.859430000
CVE-2009-1417;0.014280000;0.714780000
CVE-2009-1416;0.039010000;0.896680000
CVE-2009-1415;0.079220000;0.943880000
CVE-2009-1414;0.004480000;0.378470000
CVE-2009-1413;0.008370000;0.557320000
CVE-2009-1412;0.012070000;0.665820000
CVE-2009-1411;0.023130000;0.824370000
CVE-2009-1410;0.009870000;0.604700000
CVE-2009-1409;0.009480000;0.592070000
CVE-2009-1408;0.020150000;0.797860000
CVE-2009-1407;0.018850000;0.783260000
CVE-2009-1406;0.018960000;0.784580000
CVE-2009-1405;0.018960000;0.784590000
CVE-2009-1404;0.009330000;0.587410000
CVE-2009-1403;0.009870000;0.604630000
CVE-2009-1394;0.332810000;0.982710000
CVE-2009-1392;0.092820000;0.950730000
CVE-2009-1391;0.074410000;0.941000000
CVE-2009-1390;0.019190000;0.787380000
CVE-2009-1389;0.054710000;0.923000000
CVE-2009-1388;0.003640000;0.298120000
CVE-2009-1387;0.102540000;0.954130000
CVE-2009-1386;0.801340000;0.995910000
CVE-2009-1385;0.334910000;0.982810000
CVE-2009-1384;0.028900000;0.861170000
CVE-2009-1383;0.021560000;0.811480000
CVE-2009-1382;0.090240000;0.949740000
CVE-2009-1381;0.029440000;0.863640000
CVE-2009-1380;0.023260000;0.825290000
CVE-2009-1379;0.182410000;0.970460000
CVE-2009-1378;0.127460000;0.960420000
CVE-2009-1377;0.112740000;0.957190000
CVE-2009-1376;0.132940000;0.961660000
CVE-2009-1375;0.023120000;0.824290000
CVE-2009-1374;0.025420000;0.840860000
CVE-2009-1373;0.042720000;0.905270000
CVE-2009-1372;0.075900000;0.941890000
CVE-2009-1371;0.034220000;0.882270000
CVE-2009-1370;0.059390000;0.928420000
CVE-2009-1369;0.024460000;0.834270000
CVE-2009-1368;0.061620000;0.930680000
CVE-2009-1367;0.014840000;0.725270000
CVE-2009-1366;0.010300000;0.617850000
CVE-2009-1365;0.033290000;0.879160000
CVE-2009-1364;0.034630000;0.883750000
CVE-2009-1362;0.008190000;0.551600000
CVE-2009-1361;0.039070000;0.896860000
CVE-2009-1360;0.031900000;0.873710000
CVE-2009-1359;0.003030000;0.228490000
CVE-2009-1358;0.043960000;0.907570000
CVE-2009-1357;0.071830000;0.939370000
CVE-2009-1356;0.048290000;0.914760000
CVE-2009-1355;0.004140000;0.349550000
CVE-2009-1354;0.022740000;0.821070000
CVE-2009-1353;0.077940000;0.943140000
CVE-2009-1352;0.055540000;0.923970000
CVE-2009-1351;0.055540000;0.923980000
CVE-2009-1350;0.659340000;0.992270000
CVE-2009-1349;0.011890000;0.661400000
CVE-2009-1348;0.028350000;0.858480000
CVE-2009-1347;0.009590000;0.595260000
CVE-2009-1346;0.020350000;0.799800000
CVE-2009-1345;0.009870000;0.604660000
CVE-2009-1344;0.010650000;0.628290000
CVE-2009-1343;0.010650000;0.628300000
CVE-2009-1342;0.010650000;0.628300000
CVE-2009-1341;0.019690000;0.792600000
CVE-2009-1339;0.007480000;0.528680000
CVE-2009-1338;0.003920000;0.327000000
CVE-2009-1337;0.012550000;0.678070000
CVE-2009-1336;0.004110000;0.346240000
CVE-2009-1335;0.156680000;0.966490000
CVE-2009-1334;0.017740000;0.769110000
CVE-2009-1333;0.016190000;0.746930000
CVE-2009-1332;0.019180000;0.787180000
CVE-2009-1331;0.180570000;0.970210000
CVE-2009-1330;0.216640000;0.974880000
CVE-2009-1329;0.058490000;0.927550000
CVE-2009-1328;0.071340000;0.938980000
CVE-2009-1327;0.060280000;0.929320000
CVE-2009-1326;0.071340000;0.938990000
CVE-2009-1325;0.071340000;0.938980000
CVE-2009-1324;0.165060000;0.968070000
CVE-2009-1323;0.020430000;0.800710000
CVE-2009-1322;0.022860000;0.822040000
CVE-2009-1321;0.014750000;0.723680000
CVE-2009-1320;0.010220000;0.615110000
CVE-2009-1319;0.023470000;0.827090000
CVE-2009-1318;0.019540000;0.791260000
CVE-2009-1317;0.009330000;0.587420000
CVE-2009-1316;0.010180000;0.613930000
CVE-2009-1315;0.017460000;0.765110000
CVE-2009-1314;0.101490000;0.953810000
CVE-2009-1313;0.083870000;0.946490000
CVE-2009-1312;0.055650000;0.924100000
CVE-2009-1311;0.023130000;0.824340000
CVE-2009-1310;0.015100000;0.729950000
CVE-2009-1309;0.013510000;0.699350000
CVE-2009-1308;0.022880000;0.822230000
CVE-2009-1307;0.021830000;0.813690000
CVE-2009-1306;0.013290000;0.694350000
CVE-2009-1305;0.019470000;0.790510000
CVE-2009-1304;0.021000000;0.806610000
CVE-2009-1303;0.017610000;0.767390000
CVE-2009-1302;0.029000000;0.861660000
CVE-2009-1301;0.054370000;0.922630000
CVE-2009-1300;0.018560000;0.779890000
CVE-2009-1299;0.003390000;0.270040000
CVE-2009-1298;0.038720000;0.896030000
CVE-2009-1297;0.003370000;0.267790000
CVE-2009-1296;0.002930000;0.217820000
CVE-2009-1295;0.003960000;0.331500000
CVE-2009-1294;0.046960000;0.912750000
CVE-2009-1293;0.018180000;0.774930000
CVE-2009-1292;0.003670000;0.300940000
CVE-2009-1291;0.064300000;0.933080000
CVE-2009-1290;0.009840000;0.603580000
CVE-2009-1289;0.010900000;0.634810000
CVE-2009-1288;0.017650000;0.767930000
CVE-2009-1287;0.231490000;0.976340000
CVE-2009-1286;0.018350000;0.777120000
CVE-2009-1285;0.109140000;0.956140000
CVE-2009-1284;0.119200000;0.958710000
CVE-2009-1283;0.012580000;0.679080000
CVE-2009-1282;0.027200000;0.852000000
CVE-2009-1281;0.014930000;0.726740000
CVE-2009-1280;0.006040000;0.470360000
CVE-2009-1279;0.012160000;0.668760000
CVE-2009-1278;0.023120000;0.824320000
CVE-2009-1277;0.009750000;0.601350000
CVE-2009-1276;0.003730000;0.308170000
CVE-2009-1275;0.028110000;0.857210000
CVE-2009-1274;0.050590000;0.918230000
CVE-2009-1273;0.013050000;0.689160000
CVE-2009-1272;0.019650000;0.792270000
CVE-2009-1271;0.023960000;0.830620000
CVE-2009-1270;0.050670000;0.918350000
CVE-2009-1269;0.020030000;0.796490000
CVE-2009-1268;0.017050000;0.759720000
CVE-2009-1267;0.018410000;0.777860000
CVE-2009-1266;0.016480000;0.751300000
CVE-2009-1265;0.031730000;0.873050000
CVE-2009-1264;0.011520000;0.651410000
CVE-2009-1263;0.010240000;0.615850000
CVE-2009-1262;0.004530000;0.382370000
CVE-2009-1261;0.012230000;0.670550000
CVE-2009-1260;0.426700000;0.986320000
CVE-2009-1259;0.009280000;0.585320000
CVE-2009-1258;0.010630000;0.627200000
CVE-2009-1257;0.138760000;0.963110000
CVE-2009-1256;0.009960000;0.607250000
CVE-2009-1255;0.022520000;0.819360000
CVE-2009-1254;0.017710000;0.768770000
CVE-2009-1253;0.003010000;0.227020000
CVE-2009-1252;0.211230000;0.974400000
CVE-2009-1251;0.064380000;0.933230000
CVE-2009-1250;0.039760000;0.898910000
CVE-2009-1249;0.010330000;0.618650000
CVE-2009-1248;0.024560000;0.835080000
CVE-2009-1247;0.136970000;0.962710000
CVE-2009-1246;0.028600000;0.859660000
CVE-2009-1245;0.011860000;0.660830000
CVE-2009-1244;0.019980000;0.795820000
CVE-2009-1243;0.002670000;0.188700000
CVE-2009-1242;0.004730000;0.395530000
CVE-2009-1241;0.039210000;0.897400000
CVE-2009-1240;0.027340000;0.852740000
CVE-2009-1239;0.010430000;0.621640000
CVE-2009-1238;0.006200000;0.478400000
CVE-2009-1237;0.009110000;0.580310000
CVE-2009-1236;0.084140000;0.946630000
CVE-2009-1235;0.009790000;0.602240000
CVE-2009-1234;0.071990000;0.939470000
CVE-2009-1233;0.044460000;0.908500000
CVE-2009-1232;0.054740000;0.923020000
CVE-2009-1231;0.015410000;0.735020000
CVE-2009-1230;0.017900000;0.771020000
CVE-2009-1229;0.010430000;0.621590000
CVE-2009-1228;0.015250000;0.732310000
CVE-2009-1227;0.072020000;0.939480000
CVE-2009-1226;0.023490000;0.827190000
CVE-2009-1225;0.011890000;0.661410000
CVE-2009-1224;0.009470000;0.591780000
CVE-2009-1223;0.010640000;0.627560000
CVE-2009-1222;0.020230000;0.798660000
CVE-2009-1220;0.090080000;0.949690000
CVE-2009-1219;0.086980000;0.948230000
CVE-2009-1218;0.043620000;0.906950000
CVE-2009-1217;0.163270000;0.967710000
CVE-2009-1216;0.244920000;0.977460000
CVE-2009-1215;0.002320000;0.140970000
CVE-2009-1214;0.003430000;0.274700000
CVE-2009-1213;0.006910000;0.508650000
CVE-2009-1212;0.057420000;0.926270000
CVE-2009-1211;0.013570000;0.700910000
CVE-2009-1210;0.152300000;0.965560000
CVE-2009-1209;0.123690000;0.959640000
CVE-2009-1208;0.019550000;0.791350000
CVE-2009-1207;0.002570000;0.174640000
CVE-2009-1206;0.016610000;0.753350000
CVE-2009-1204;0.045400000;0.910140000
CVE-2009-1203;0.037760000;0.893230000
CVE-2009-1202;0.019840000;0.794340000
CVE-2009-1201;0.088280000;0.948890000
CVE-2009-1198;0.042210000;0.904270000
CVE-2009-1197;0.036280000;0.888710000
CVE-2009-1196;0.026090000;0.845230000
CVE-2009-1195;0.019550000;0.791310000
CVE-2009-1194;0.041300000;0.902410000
CVE-2009-1192;0.003920000;0.327850000
CVE-2009-1191;0.123830000;0.959660000
CVE-2009-1190;0.027960000;0.856460000
CVE-2009-1189;0.013210000;0.692550000
CVE-2009-1188;0.072330000;0.939670000
CVE-2009-1187;0.071720000;0.939270000
CVE-2009-1186;0.005390000;0.437690000
CVE-2009-1185;0.815280000;0.996190000
CVE-2009-1184;0.003490000;0.281440000
CVE-2009-1183;0.037700000;0.893110000
CVE-2009-1182;0.073470000;0.940390000
CVE-2009-1181;0.038030000;0.894060000
CVE-2009-1180;0.054110000;0.922360000
CVE-2009-1179;0.055490000;0.923910000
CVE-2009-1178;0.020490000;0.801260000
CVE-2009-1177;0.028660000;0.860020000
CVE-2009-1176;0.040860000;0.901380000
CVE-2009-1175;0.008850000;0.572240000
CVE-2009-1174;0.023580000;0.827950000
CVE-2009-1173;0.003430000;0.275180000
CVE-2009-1172;0.018260000;0.776020000
CVE-2009-1171;0.062370000;0.931380000
CVE-2009-1170;0.003940000;0.329380000
CVE-2009-1169;0.104640000;0.954790000
CVE-2009-1168;0.024500000;0.834600000
CVE-2009-1167;0.021460000;0.810540000
CVE-2009-1166;0.016020000;0.744240000
CVE-2009-1165;0.016190000;0.747000000
CVE-2009-1164;0.013550000;0.700430000
CVE-2009-1163;0.016190000;0.747000000
CVE-2009-1162;0.012230000;0.670540000
CVE-2009-1161;0.125460000;0.959990000
CVE-2009-1160;0.011400000;0.647960000
CVE-2009-1159;0.019160000;0.786890000
CVE-2009-1158;0.019160000;0.786900000
CVE-2009-1157;0.026600000;0.848400000
CVE-2009-1156;0.007420000;0.526750000
CVE-2009-1155;0.018800000;0.782710000
CVE-2009-1154;0.013360000;0.696160000
CVE-2009-1152;0.045470000;0.910380000
CVE-2009-1151;0.965650000;0.998800000
CVE-2009-1150;0.016040000;0.744590000
CVE-2009-1149;0.014330000;0.715620000
CVE-2009-1148;0.015860000;0.741910000
CVE-2009-1147;0.003410000;0.272740000
CVE-2009-1146;0.003550000;0.288750000
CVE-2009-1144;0.004000000;0.336160000
CVE-2009-1143;0.002580000;0.175960000
CVE-2009-1142;0.002770000;0.201120000
CVE-2009-1141;0.276140000;0.979630000
CVE-2009-1140;0.247620000;0.977690000
CVE-2009-1139;0.391300000;0.985100000
CVE-2009-1138;0.394040000;0.985230000
CVE-2009-1137;0.316320000;0.981870000
CVE-2009-1136;0.620200000;0.991270000
CVE-2009-1135;0.264540000;0.978880000
CVE-2009-1134;0.356980000;0.983670000
CVE-2009-1133;0.304960000;0.981300000
CVE-2009-1132;0.270540000;0.979260000
CVE-2009-1131;0.359270000;0.983780000
CVE-2009-1130;0.394530000;0.985250000
CVE-2009-1129;0.357210000;0.983690000
CVE-2009-1128;0.274720000;0.979520000
CVE-2009-1127;0.015460000;0.735780000
CVE-2009-1126;0.014260000;0.714480000
CVE-2009-1125;0.014260000;0.714480000
CVE-2009-1124;0.014260000;0.714480000
CVE-2009-1123;0.049180000;0.916140000
CVE-2009-1122;0.984470000;0.999160000
CVE-2009-1120;0.074090000;0.940810000
CVE-2009-1119;0.053590000;0.921820000
CVE-2009-1107;0.027990000;0.856610000
CVE-2009-1106;0.035580000;0.886580000
CVE-2009-1105;0.035580000;0.886580000
CVE-2009-1104;0.021650000;0.812120000
CVE-2009-1103;0.045190000;0.909770000
CVE-2009-1102;0.045740000;0.910850000
CVE-2009-1101;0.035840000;0.887450000
CVE-2009-1100;0.035840000;0.887450000
CVE-2009-1099;0.056600000;0.925360000
CVE-2009-1098;0.067870000;0.936080000
CVE-2009-1097;0.070890000;0.938560000
CVE-2009-1096;0.082330000;0.945670000
CVE-2009-1095;0.070990000;0.938640000
CVE-2009-1094;0.043890000;0.907460000
CVE-2009-1093;0.033810000;0.880960000
CVE-2009-1092;0.088090000;0.948800000
CVE-2009-1091;0.012230000;0.670550000
CVE-2009-1090;0.014620000;0.721250000
CVE-2009-1089;0.013270000;0.693950000
CVE-2009-1088;0.119700000;0.958840000
CVE-2009-1087;0.051360000;0.919210000
CVE-2009-1086;0.034730000;0.884100000
CVE-2009-1085;0.012050000;0.665350000
CVE-2009-1084;0.025630000;0.842220000
CVE-2009-1083;0.036820000;0.890480000
CVE-2009-1082;0.034410000;0.882980000
CVE-2009-1081;0.019700000;0.792770000
CVE-2009-1080;0.019700000;0.792760000
CVE-2009-1079;0.019700000;0.792770000
CVE-2009-1078;0.017960000;0.771870000
CVE-2009-1077;0.024750000;0.836340000
CVE-2009-1076;0.022900000;0.822480000
CVE-2009-1075;0.024580000;0.835180000
CVE-2009-1074;0.024580000;0.835180000
CVE-2009-1073;0.010610000;0.626760000
CVE-2009-1072;0.004270000;0.360940000
CVE-2009-1071;0.060280000;0.929320000
CVE-2009-1070;0.017180000;0.761490000
CVE-2009-1069;0.012230000;0.670360000
CVE-2009-1068;0.149680000;0.965110000
CVE-2009-1067;0.036930000;0.890780000
CVE-2009-1066;0.023880000;0.829970000
CVE-2009-1065;0.010510000;0.623920000
CVE-2009-1064;0.037210000;0.891590000
CVE-2009-1063;0.047490000;0.913580000
CVE-2009-1062;0.062040000;0.931070000
CVE-2009-1061;0.110260000;0.956540000
CVE-2009-1060;0.045530000;0.910520000
CVE-2009-1059;0.048110000;0.914510000
CVE-2009-1058;0.059470000;0.928520000
CVE-2009-1057;0.070840000;0.938520000
CVE-2009-1056;0.014420000;0.717220000
CVE-2009-1055;0.011520000;0.651410000
CVE-2009-1054;0.039090000;0.896900000
CVE-2009-1053;0.010640000;0.627600000
CVE-2009-1052;0.012130000;0.667920000
CVE-2009-1051;0.012130000;0.667910000
CVE-2009-1050;0.028700000;0.860180000
CVE-2009-1049;0.013770000;0.705000000
CVE-2009-1048;0.063700000;0.932570000
CVE-2009-1047;0.008450000;0.559700000
CVE-2009-1046;0.007830000;0.539980000
CVE-2009-1045;0.092160000;0.950470000
CVE-2009-1044;0.064900000;0.933630000
CVE-2009-1043;0.305700000;0.981340000
CVE-2009-1042;0.046750000;0.912440000
CVE-2009-1041;0.007800000;0.538920000
CVE-2009-1040;0.057570000;0.926410000
CVE-2009-1039;0.053300000;0.921490000
CVE-2009-1038;0.008770000;0.570000000
CVE-2009-1037;0.011860000;0.660630000
CVE-2009-1036;0.007060000;0.513850000
CVE-2009-1035;0.010650000;0.628020000
CVE-2009-1034;0.017500000;0.765710000
CVE-2009-1033;0.010240000;0.615840000
CVE-2009-1032;0.010240000;0.615840000
CVE-2009-1031;0.111530000;0.956900000
CVE-2009-1030;0.046640000;0.912270000
CVE-2009-1029;0.318390000;0.981960000
CVE-2009-1028;0.330100000;0.982600000
CVE-2009-1027;0.016920000;0.757970000
CVE-2009-1026;0.009930000;0.606350000
CVE-2009-1025;0.400770000;0.985490000
CVE-2009-1024;0.013400000;0.697120000
CVE-2009-1023;0.011610000;0.653830000
CVE-2009-1022;0.074240000;0.940900000
CVE-2009-1021;0.017780000;0.769620000
CVE-2009-1020;0.103230000;0.954350000
CVE-2009-1019;0.104730000;0.954820000
CVE-2009-1018;0.022190000;0.816850000
CVE-2009-1017;0.025590000;0.841940000
CVE-2009-1016;0.020130000;0.797740000
CVE-2009-1015;0.011950000;0.662970000
CVE-2009-1014;0.017880000;0.770850000
CVE-2009-1013;0.022360000;0.818250000
CVE-2009-1012;0.039220000;0.897430000
CVE-2009-1011;0.004340000;0.367750000
CVE-2009-1010;0.004190000;0.354300000
CVE-2009-1009;0.004190000;0.354300000
CVE-2009-1008;0.004190000;0.354310000
CVE-2009-1007;0.022510000;0.819330000
CVE-2009-1006;0.026580000;0.848280000
CVE-2009-1005;0.003150000;0.242740000
CVE-2009-1004;0.012810000;0.684020000
CVE-2009-1003;0.018610000;0.780500000
CVE-2009-1002;0.014850000;0.725440000
CVE-2009-1001;0.014770000;0.723980000
CVE-2009-10007;0.003690000;0.303110000
CVE-2009-10006;0.008670000;0.566880000
CVE-2009-10005;0.007810000;0.539290000
CVE-2009-10004;0.005300000;0.432640000
CVE-2009-10003;0.005230000;0.428090000
CVE-2009-10002;0.005360000;0.436200000
CVE-2009-10001;0.007470000;0.528350000
CVE-2009-1000;0.017690000;0.768580000
CVE-2009-0999;0.016470000;0.751180000
CVE-2009-0998;0.012580000;0.678880000
CVE-2009-0997;0.022550000;0.819670000
CVE-2009-0996;0.025410000;0.840800000
CVE-2009-0995;0.014850000;0.725450000
CVE-2009-0994;0.025590000;0.841930000
CVE-2009-0993;0.079450000;0.944020000
CVE-2009-0992;0.020680000;0.803360000
CVE-2009-0991;0.156370000;0.966420000
CVE-2009-0990;0.025590000;0.841940000
CVE-2009-0989;0.025590000;0.841930000
CVE-2009-0988;0.012140000;0.668210000
CVE-2009-0987;0.017780000;0.769630000
CVE-2009-0986;0.021180000;0.808090000
CVE-2009-0985;0.026570000;0.848220000
CVE-2009-0984;0.019640000;0.792170000
CVE-2009-0983;0.026650000;0.848800000
CVE-2009-0982;0.014440000;0.717500000
CVE-2009-0981;0.052810000;0.921010000
CVE-2009-0980;0.022510000;0.819330000
CVE-2009-0979;0.021530000;0.811240000
CVE-2009-0978;0.168330000;0.968620000
CVE-2009-0977;0.020230000;0.798720000
CVE-2009-0976;0.022190000;0.816860000
CVE-2009-0975;0.024970000;0.837770000
CVE-2009-0974;0.029400000;0.863430000
CVE-2009-0973;0.032950000;0.877970000
CVE-2009-0972;0.014420000;0.717270000
CVE-2009-0971;0.012920000;0.686330000
CVE-2009-0970;0.017950000;0.771780000
CVE-2009-0969;0.006440000;0.489010000
CVE-2009-0968;0.035820000;0.887370000
CVE-2009-0967;0.070260000;0.938050000
CVE-2009-0966;0.025400000;0.840790000
CVE-2009-0965;0.010180000;0.613920000
CVE-2009-0964;0.019230000;0.787780000
CVE-2009-0963;0.020530000;0.801800000
CVE-2009-0962;0.017000000;0.758980000
CVE-2009-0961;0.063840000;0.932640000
CVE-2009-0960;0.018900000;0.783900000
CVE-2009-0959;0.025080000;0.838520000
CVE-2009-0958;0.009440000;0.590770000
CVE-2009-0957;0.056910000;0.925660000
CVE-2009-0956;0.050830000;0.918570000
CVE-2009-0955;0.094970000;0.951510000
CVE-2009-0954;0.056910000;0.925660000
CVE-2009-0953;0.053880000;0.922120000
CVE-2009-0952;0.047560000;0.913690000
CVE-2009-0951;0.065450000;0.934120000
CVE-2009-0950;0.288150000;0.980370000
CVE-2009-0949;0.196330000;0.972340000
CVE-2009-0948;0.011340000;0.646580000
CVE-2009-0947;0.011400000;0.648070000
CVE-2009-0946;0.085410000;0.947400000
CVE-2009-0945;0.093220000;0.950850000
CVE-2009-0944;0.041080000;0.901880000
CVE-2009-0943;0.041930000;0.903650000
CVE-2009-0942;0.041930000;0.903650000
CVE-2009-0941;0.030200000;0.866900000
CVE-2009-0940;0.010820000;0.632480000
CVE-2009-0939;0.020500000;0.801450000
CVE-2009-0938;0.019200000;0.787550000
CVE-2009-0937;0.016990000;0.758890000
CVE-2009-0936;0.017140000;0.761010000
CVE-2009-0935;0.002700000;0.192000000
CVE-2009-0934;0.016040000;0.744590000
CVE-2009-0933;0.010650000;0.627990000
CVE-2009-0932;0.457640000;0.987290000
CVE-2009-0931;0.020260000;0.798950000
CVE-2009-0930;0.016040000;0.744590000
CVE-2009-0929;0.015990000;0.743830000
CVE-2009-0928;0.102350000;0.954050000
CVE-2009-0927;0.966320000;0.998820000
CVE-2009-0926;0.003350000;0.266000000
CVE-2009-0925;0.003090000;0.235930000
CVE-2009-0924;0.003090000;0.235920000
CVE-2009-0923;0.023540000;0.827640000
CVE-2009-0922;0.102420000;0.954100000
CVE-2009-0921;0.132360000;0.961530000
CVE-2009-0920;0.749400000;0.994750000
CVE-2009-0919;0.090360000;0.949780000
CVE-2009-0918;0.027280000;0.852420000
CVE-2009-0917;0.015370000;0.734180000
CVE-2009-0916;0.026520000;0.847950000
CVE-2009-0915;0.029230000;0.862710000
CVE-2009-0914;0.047750000;0.914020000
CVE-2009-0913;0.003570000;0.290770000
CVE-2009-0912;0.003750000;0.309570000
CVE-2009-0910;0.028110000;0.857220000
CVE-2009-0909;0.046270000;0.911740000
CVE-2009-0908;0.012440000;0.675490000
CVE-2009-0906;0.012050000;0.665280000
CVE-2009-0905;0.002350000;0.145780000
CVE-2009-0904;0.020220000;0.798570000
CVE-2009-0903;0.021570000;0.811510000
CVE-2009-0901;0.366080000;0.984060000
CVE-2009-0900;0.003210000;0.250230000
CVE-2009-0899;0.016030000;0.744400000
CVE-2009-0898;0.143480000;0.964040000
CVE-2009-0897;0.009630000;0.596870000
CVE-2009-0896;0.067030000;0.935300000
CVE-2009-0895;0.068220000;0.936340000
CVE-2009-0894;0.056950000;0.925710000
CVE-2009-0893;0.065150000;0.933810000
CVE-2009-0892;0.013450000;0.698030000
CVE-2009-0891;0.017640000;0.767680000
CVE-2009-0889;0.105350000;0.955020000
CVE-2009-0888;0.105350000;0.955010000
CVE-2009-0887;0.019290000;0.788340000
CVE-2009-0886;0.065390000;0.934060000
CVE-2009-0885;0.087470000;0.948500000
CVE-2009-0884;0.034210000;0.882190000
CVE-2009-0883;0.009280000;0.585320000
CVE-2009-0882;0.009070000;0.579180000
CVE-2009-0881;0.009520000;0.593450000
CVE-2009-0880;0.315950000;0.981850000
CVE-2009-0879;0.082250000;0.945620000
CVE-2009-0878;0.017750000;0.769320000
CVE-2009-0877;0.017210000;0.761870000
CVE-2009-0876;0.007810000;0.539270000
CVE-2009-0875;0.002630000;0.181520000
CVE-2009-0874;0.003540000;0.287750000
CVE-2009-0873;0.019610000;0.791870000
CVE-2009-0872;0.019610000;0.791860000
CVE-2009-0871;0.025690000;0.842660000
CVE-2009-0870;0.003570000;0.290780000
CVE-2009-0869;0.064390000;0.933250000
CVE-2009-0868;0.018680000;0.781290000
CVE-2009-0867;0.012180000;0.669240000
CVE-2009-0866;0.025090000;0.838550000
CVE-2009-0865;0.055350000;0.923730000
CVE-2009-0864;0.027680000;0.854870000
CVE-2009-0863;0.011260000;0.644650000
CVE-2009-0862;0.010330000;0.618590000
CVE-2009-0861;0.010650000;0.628150000
CVE-2009-0860;0.010330000;0.618570000
CVE-2009-0859;0.003670000;0.300840000
CVE-2009-0858;0.062780000;0.931780000
CVE-2009-0857;0.019370000;0.789360000
CVE-2009-0856;0.012630000;0.680130000
CVE-2009-0855;0.059790000;0.928830000
CVE-2009-0854;0.004480000;0.378920000
CVE-2009-0853;0.023640000;0.828310000
CVE-2009-0852;0.026830000;0.849850000
CVE-2009-0851;0.010660000;0.628350000
CVE-2009-0850;0.299550000;0.981010000
CVE-2009-0849;0.165460000;0.968190000
CVE-2009-0848;0.004560000;0.383970000
CVE-2009-0847;0.027730000;0.855360000
CVE-2009-0846;0.088980000;0.949270000
CVE-2009-0845;0.056280000;0.925040000
CVE-2009-0844;0.043160000;0.906070000
CVE-2009-0843;0.031300000;0.871330000
CVE-2009-0842;0.026490000;0.847670000
CVE-2009-0841;0.052760000;0.920970000
CVE-2009-0840;0.052830000;0.921020000
CVE-2009-0839;0.090110000;0.949700000
CVE-2009-0838;0.003870000;0.321850000
CVE-2009-0837;0.757810000;0.994930000
CVE-2009-0836;0.408570000;0.985730000
CVE-2009-0835;0.009280000;0.585290000
CVE-2009-0834;0.004410000;0.372860000
CVE-2009-0833;0.092970000;0.950770000
CVE-2009-0832;0.011260000;0.644640000
CVE-2009-0831;0.009440000;0.590860000
CVE-2009-0830;0.008450000;0.559800000
CVE-2009-0829;0.009050000;0.578500000
CVE-2009-0828;0.028730000;0.860330000
CVE-2009-0827;0.025100000;0.838620000
CVE-2009-0826;0.026180000;0.845800000
CVE-2009-0825;0.012560000;0.678320000
CVE-2009-0824;0.007250000;0.520690000
CVE-2009-0821;0.052920000;0.921120000
CVE-2009-0820;0.049470000;0.916640000
CVE-2009-0819;0.101780000;0.953900000
CVE-2009-0818;0.014700000;0.722850000
CVE-2009-0817;0.010770000;0.631050000
CVE-2009-0816;0.010560000;0.625210000
CVE-2009-0815;0.422270000;0.986150000
CVE-2009-0814;0.014490000;0.718570000
CVE-2009-0813;0.090850000;0.949980000
CVE-2009-0812;0.068960000;0.936940000
CVE-2009-0811;0.055370000;0.923770000
CVE-2009-0810;0.009730000;0.600350000
CVE-2009-0809;0.008560000;0.563400000
CVE-2009-0808;0.010510000;0.623910000
CVE-2009-0807;0.021390000;0.809900000
CVE-2009-0806;0.010960000;0.636720000
CVE-2009-0805;0.012230000;0.670360000
CVE-2009-0804;0.023760000;0.829090000
CVE-2009-0803;0.023550000;0.827710000
CVE-2009-0802;0.024240000;0.832700000
CVE-2009-0801;0.030890000;0.869640000
CVE-2009-0800;0.054910000;0.923230000
CVE-2009-0799;0.037700000;0.893110000
CVE-2009-0798;0.023120000;0.824270000
CVE-2009-0796;0.296380000;0.980840000
CVE-2009-0794;0.030240000;0.867090000
CVE-2009-0793;0.048340000;0.914850000
CVE-2009-0792;0.039910000;0.899240000
CVE-2009-0791;0.055440000;0.923870000
CVE-2009-0790;0.032050000;0.874360000
CVE-2009-0789;0.025900000;0.844130000
CVE-2009-0788;0.017080000;0.760130000
CVE-2009-0787;0.003890000;0.324120000
CVE-2009-0784;0.002570000;0.175050000
CVE-2009-0783;0.008090000;0.548600000
CVE-2009-0781;0.091250000;0.950110000
CVE-2009-0780;0.015600000;0.738060000
CVE-2009-0779;0.003880000;0.323840000
CVE-2009-0778;0.046230000;0.911660000
CVE-2009-0777;0.014970000;0.727520000
CVE-2009-0776;0.016000000;0.743980000
CVE-2009-0775;0.047090000;0.912960000
CVE-2009-0774;0.040470000;0.900510000
CVE-2009-0773;0.057890000;0.926740000
CVE-2009-0772;0.037220000;0.891630000
CVE-2009-0771;0.046130000;0.911510000
CVE-2009-0770;0.027940000;0.856280000
CVE-2009-0769;0.024250000;0.832730000
CVE-2009-0768;0.009500000;0.592990000
CVE-2009-0767;0.023290000;0.825630000
CVE-2009-0766;0.023590000;0.827990000
CVE-2009-0765;0.023470000;0.827100000
CVE-2009-0764;0.012040000;0.665180000
CVE-2009-0763;0.014840000;0.725210000
CVE-2009-0762;0.010220000;0.615100000
CVE-2009-0761;0.012340000;0.673070000
CVE-2009-0760;0.024590000;0.835240000
CVE-2009-0759;0.020950000;0.806090000
CVE-2009-0758;0.020110000;0.797540000
CVE-2009-0757;0.015490000;0.736410000
CVE-2009-0756;0.100910000;0.953620000
CVE-2009-0755;0.108060000;0.955850000
CVE-2009-0754;0.009480000;0.592070000
CVE-2009-0753;0.058030000;0.926960000
CVE-2009-0752;0.013680000;0.702990000
CVE-2009-0751;0.103970000;0.954610000
CVE-2009-0750;0.010860000;0.633740000
CVE-2009-0749;0.015530000;0.737230000
CVE-2009-0748;0.005130000;0.421690000
CVE-2009-0747;0.004120000;0.347190000
CVE-2009-0746;0.007500000;0.529410000
CVE-2009-0745;0.004080000;0.343650000
CVE-2009-0744;0.066530000;0.934920000
CVE-2009-0743;0.008960000;0.575580000
CVE-2009-0742;0.010610000;0.626540000
CVE-2009-0741;0.009710000;0.599900000
CVE-2009-0740;0.010840000;0.633320000
CVE-2009-0739;0.010840000;0.633310000
CVE-2009-0738;0.011400000;0.647930000
CVE-2009-0737;0.014840000;0.725320000
CVE-2009-0736;0.010330000;0.618720000
CVE-2009-0735;0.021540000;0.811270000
CVE-2009-0734;0.051320000;0.919160000
CVE-2009-0733;0.055340000;0.923720000
CVE-2009-0732;0.012050000;0.665380000
CVE-2009-0731;0.056350000;0.925110000
CVE-2009-0730;0.010900000;0.634650000
CVE-2009-0729;0.015100000;0.729920000
CVE-2009-0728;0.009500000;0.592980000
CVE-2009-0727;0.010180000;0.613930000
CVE-2009-0726;0.020310000;0.799490000
CVE-2009-0723;0.050270000;0.917710000
CVE-2009-0722;0.022960000;0.822920000
CVE-2009-0721;0.099120000;0.953050000
CVE-2009-0720;0.101650000;0.953860000
CVE-2009-0719;0.002870000;0.211940000
CVE-2009-0718;0.078780000;0.943640000
CVE-2009-0717;0.023400000;0.826480000
CVE-2009-0716;0.022770000;0.821380000
CVE-2009-0715;0.013450000;0.698180000
CVE-2009-0714;0.516120000;0.988780000
CVE-2009-0713;0.024270000;0.832980000
CVE-2009-0712;0.004400000;0.372300000
CVE-2009-0711;0.012080000;0.666320000
CVE-2009-0710;0.015070000;0.729340000
CVE-2009-0709;0.009510000;0.593060000
CVE-2009-0708;0.005240000;0.429240000
CVE-2009-0707;0.020470000;0.801120000
CVE-2009-0706;0.011560000;0.652320000
CVE-2009-0705;0.009620000;0.596670000
CVE-2009-0704;0.009870000;0.604690000
CVE-2009-0703;0.009870000;0.604620000
CVE-2009-0702;0.009930000;0.606330000
CVE-2009-0701;0.018500000;0.779080000
CVE-2009-0700;0.025110000;0.838700000
CVE-2009-0699;0.012630000;0.680270000
CVE-2009-0698;0.036260000;0.888640000
CVE-2009-0696;0.126490000;0.960200000
CVE-2009-0695;0.688870000;0.993070000
CVE-2009-0693;0.127720000;0.960470000
CVE-2009-0692;0.257800000;0.978480000
CVE-2009-0691;0.056790000;0.925530000
CVE-2009-0690;0.056790000;0.925530000
CVE-2009-0689;0.280540000;0.979910000
CVE-2009-0688;0.082060000;0.945530000
CVE-2009-0687;0.095230000;0.951610000
CVE-2009-0686;0.007980000;0.544860000
CVE-2009-0682;0.003500000;0.282850000
CVE-2009-0681;0.004220000;0.357040000
CVE-2009-0680;0.084100000;0.946600000
CVE-2009-0679;0.010620000;0.626820000
CVE-2009-0678;0.028400000;0.858760000
CVE-2009-0677;0.090280000;0.949760000
CVE-2009-0676;0.007010000;0.512340000
CVE-2009-0675;0.004010000;0.337380000
CVE-2009-0674;0.022820000;0.821730000
CVE-2009-0673;0.026500000;0.847700000
CVE-2009-0672;0.012550000;0.678120000
CVE-2009-0669;0.028600000;0.859690000
CVE-2009-0668;0.021630000;0.811990000
CVE-2009-0667;0.003740000;0.309030000
CVE-2009-0664;0.019620000;0.792050000
CVE-2009-0663;0.043470000;0.906640000
CVE-2009-0662;0.009700000;0.599630000
CVE-2009-0661;0.031050000;0.870240000
CVE-2009-0660;0.021100000;0.807470000
CVE-2009-0659;0.066310000;0.934770000
CVE-2009-0658;0.878320000;0.997530000
CVE-2009-0657;0.003640000;0.297750000
CVE-2009-0656;0.004340000;0.367030000
CVE-2009-0655;0.003970000;0.332950000
CVE-2009-0654;0.021170000;0.807990000
CVE-2009-0653;0.011480000;0.650270000
CVE-2009-0652;0.014970000;0.727530000
CVE-2009-0651;0.034430000;0.883080000
CVE-2009-0650;0.127760000;0.960480000
CVE-2009-0649;0.083320000;0.946200000
CVE-2009-0648;0.006300000;0.482830000
CVE-2009-0647;0.173650000;0.969370000
CVE-2009-0646;0.035970000;0.887870000
CVE-2009-0645;0.062780000;0.931780000
CVE-2009-0644;0.011760000;0.658070000
CVE-2009-0643;0.048110000;0.914500000
CVE-2009-0642;0.026400000;0.847190000
CVE-2009-0641;0.093210000;0.950840000
CVE-2009-0640;0.027680000;0.854880000
CVE-2009-0639;0.025700000;0.842750000
CVE-2009-0638;0.028530000;0.859350000
CVE-2009-0637;0.033210000;0.878880000
CVE-2009-0636;0.029450000;0.863710000
CVE-2009-0635;0.025080000;0.838510000
CVE-2009-0634;0.028280000;0.858110000
CVE-2009-0633;0.025080000;0.838510000
CVE-2009-0632;0.030250000;0.867120000
CVE-2009-0631;0.019160000;0.786930000
CVE-2009-0630;0.017620000;0.767480000
CVE-2009-0629;0.040250000;0.900000000
CVE-2009-0628;0.019250000;0.787980000
CVE-2009-0627;0.021230000;0.808550000
CVE-2009-0626;0.019660000;0.792320000
CVE-2009-0625;0.016810000;0.756190000
CVE-2009-0624;0.012800000;0.683700000
CVE-2009-0623;0.012650000;0.680650000
CVE-2009-0622;0.014700000;0.722850000
CVE-2009-0621;0.018390000;0.777620000
CVE-2009-0620;0.018390000;0.777600000
CVE-2009-0619;0.023060000;0.823790000
CVE-2009-0618;0.025150000;0.839040000
CVE-2009-0617;0.021460000;0.810530000
CVE-2009-0616;0.021460000;0.810530000
CVE-2009-0615;0.020350000;0.799770000
CVE-2009-0614;0.025540000;0.841600000
CVE-2009-0613;0.015040000;0.728810000
CVE-2009-0612;0.021650000;0.812140000
CVE-2009-0611;0.022270000;0.817450000
CVE-2009-0610;0.048170000;0.914590000
CVE-2009-0609;0.025420000;0.840890000
CVE-2009-0608;0.003560000;0.289560000
CVE-2009-0607;0.003170000;0.244470000
CVE-2009-0606;0.003010000;0.226480000
CVE-2009-0605;0.003670000;0.301060000
CVE-2009-0604;0.011260000;0.644660000
CVE-2009-0603;0.008680000;0.567130000
CVE-2009-0602;0.045470000;0.910410000
CVE-2009-0601;0.003710000;0.305500000
CVE-2009-0600;0.017920000;0.771320000
CVE-2009-0599;0.026250000;0.846220000
CVE-2009-0598;0.011330000;0.646180000
CVE-2009-0597;0.019660000;0.792370000
CVE-2009-0596;0.018960000;0.784580000
CVE-2009-0595;0.222070000;0.975380000
CVE-2009-0594;0.014840000;0.725230000
CVE-2009-0593;0.008560000;0.563630000
CVE-2009-0592;0.288310000;0.980380000
CVE-2009-0591;0.027350000;0.852800000
CVE-2009-0590;0.067090000;0.935340000
CVE-2009-0588;0.013100000;0.690250000
CVE-2009-0587;0.033120000;0.878570000
CVE-2009-0586;0.055230000;0.923560000
CVE-2009-0585;0.040240000;0.899980000
CVE-2009-0584;0.040740000;0.901080000
CVE-2009-0583;0.047080000;0.912950000
CVE-2009-0582;0.022690000;0.820660000
CVE-2009-0581;0.025020000;0.838040000
CVE-2009-0580;0.944400000;0.998470000
CVE-2009-0579;0.003480000;0.280470000
CVE-2009-0578;0.003390000;0.270160000
CVE-2009-0577;0.035760000;0.887190000
CVE-2009-0576;0.028770000;0.860530000
CVE-2009-0575;0.010650000;0.627970000
CVE-2009-0574;0.009870000;0.604740000
CVE-2009-0573;0.014760000;0.723840000
CVE-2009-0572;0.063370000;0.932310000
CVE-2009-0571;0.023290000;0.825630000
CVE-2009-0570;0.019620000;0.791980000
CVE-2009-0569;0.046070000;0.911400000
CVE-2009-0568;0.323870000;0.982300000
CVE-2009-0566;0.289450000;0.980450000
CVE-2009-0565;0.405030000;0.985650000
CVE-2009-0563;0.630810000;0.991550000
CVE-2009-0562;0.256500000;0.978380000
CVE-2009-0561;0.368970000;0.984210000
CVE-2009-0560;0.279840000;0.979880000
CVE-2009-0559;0.294440000;0.980730000
CVE-2009-0558;0.310700000;0.981590000
CVE-2009-0557;0.585510000;0.990450000
CVE-2009-0556;0.675390000;0.992670000
CVE-2009-0555;0.270860000;0.979310000
CVE-2009-0554;0.321690000;0.982160000
CVE-2009-0553;0.413960000;0.985900000
CVE-2009-0552;0.285880000;0.980210000
CVE-2009-0551;0.249150000;0.977820000
CVE-2009-0550;0.118430000;0.958500000
CVE-2009-0549;0.284460000;0.980130000
CVE-2009-0548;0.019480000;0.790640000
CVE-2009-0547;0.022160000;0.816540000
CVE-2009-0546;0.365110000;0.984010000
CVE-2009-0545;0.903860000;0.997920000
CVE-2009-0544;0.115230000;0.957750000
CVE-2009-0543;0.187220000;0.971050000
CVE-2009-0542;0.773980000;0.995290000
CVE-2009-0541;0.018060000;0.773240000
CVE-2009-0540;0.011070000;0.639670000
CVE-2009-0538;0.003830000;0.318300000
CVE-2009-0537;0.035920000;0.887670000
CVE-2009-0536;0.004980000;0.412100000
CVE-2009-0535;0.023200000;0.824920000
CVE-2009-0534;0.009960000;0.607260000
CVE-2009-0533;0.010220000;0.615240000
CVE-2009-0532;0.010220000;0.615200000
CVE-2009-0531;0.010240000;0.615880000
CVE-2009-0530;0.018610000;0.780510000
CVE-2009-0529;0.014840000;0.725240000
CVE-2009-0528;0.009930000;0.606300000
CVE-2009-0527;0.039250000;0.897520000
CVE-2009-0526;0.014840000;0.725240000
CVE-2009-0525;0.008450000;0.559670000
CVE-2009-0524;0.021460000;0.810610000
CVE-2009-0523;0.020780000;0.804260000
CVE-2009-0522;0.027010000;0.850910000
CVE-2009-0521;0.010550000;0.624970000
CVE-2009-0520;0.284840000;0.980150000
CVE-2009-0519;0.147640000;0.964790000
CVE-2009-0518;0.003340000;0.264960000
CVE-2009-0517;0.550190000;0.989660000
CVE-2009-0516;0.010240000;0.615830000
CVE-2009-0515;0.019790000;0.793820000
CVE-2009-0514;0.022960000;0.822920000
CVE-2009-0513;0.020980000;0.806360000
CVE-2009-0512;0.109270000;0.956180000
CVE-2009-0511;0.109270000;0.956180000
CVE-2009-0510;0.109270000;0.956180000
CVE-2009-0509;0.088350000;0.948920000
CVE-2009-0508;0.029150000;0.862370000
CVE-2009-0507;0.010040000;0.609970000
CVE-2009-0506;0.002710000;0.192530000
CVE-2009-0505;0.017880000;0.770790000
CVE-2009-0504;0.003470000;0.279900000
CVE-2009-0503;0.003280000;0.258190000
CVE-2009-0502;0.012500000;0.677090000
CVE-2009-0501;0.010660000;0.628540000
CVE-2009-0500;0.012500000;0.677100000
CVE-2009-0499;0.006890000;0.508020000
CVE-2009-0498;0.022740000;0.821040000
CVE-2009-0497;0.081250000;0.945060000
CVE-2009-0496;0.043470000;0.906640000
CVE-2009-0495;0.020980000;0.806360000
CVE-2009-0494;0.009500000;0.592970000
CVE-2009-0493;0.009870000;0.604720000
CVE-2009-0492;0.013910000;0.707760000
CVE-2009-0491;0.058590000;0.927690000
CVE-2009-0490;0.166250000;0.968310000
CVE-2009-0489;0.003290000;0.259080000
CVE-2009-0488;0.008450000;0.559610000
CVE-2009-0487;0.010560000;0.625190000
CVE-2009-0486;0.005710000;0.454370000
CVE-2009-0485;0.005490000;0.443240000
CVE-2009-0484;0.005490000;0.443240000
CVE-2009-0483;0.005990000;0.468360000
CVE-2009-0482;0.005040000;0.415770000
CVE-2009-0481;0.007390000;0.525770000
CVE-2009-0480;0.003760000;0.311120000
CVE-2009-0479;0.009050000;0.578510000
CVE-2009-0478;0.719860000;0.993930000
CVE-2009-0477;0.003920000;0.326980000
CVE-2009-0476;0.370350000;0.984290000
CVE-2009-0475;0.021950000;0.814870000
CVE-2009-0474;0.059340000;0.928390000
CVE-2009-0473;0.132200000;0.961510000
CVE-2009-0472;0.029400000;0.863440000
CVE-2009-0471;0.006850000;0.506510000
CVE-2009-0470;0.044290000;0.908130000
CVE-2009-0469;0.013590000;0.701320000
CVE-2009-0468;0.009660000;0.597730000
CVE-2009-0467;0.014840000;0.725230000
CVE-2009-0466;0.010220000;0.615280000
CVE-2009-0465;0.036440000;0.889350000
CVE-2009-0464;0.053070000;0.921270000
CVE-2009-0463;0.022580000;0.819850000
CVE-2009-0462;0.009930000;0.606380000
CVE-2009-0461;0.028310000;0.858300000
CVE-2009-0460;0.028310000;0.858310000
CVE-2009-0459;0.021430000;0.810310000
CVE-2009-0458;0.023410000;0.826550000
CVE-2009-0457;0.061050000;0.930170000
CVE-2009-0456;0.020980000;0.806360000
CVE-2009-0455;0.016150000;0.746270000
CVE-2009-0454;0.011560000;0.652320000
CVE-2009-0453;0.026180000;0.845810000
CVE-2009-0452;0.019410000;0.789860000
CVE-2009-0451;0.009500000;0.592960000
CVE-2009-0450;0.101390000;0.953780000
CVE-2009-0449;0.009590000;0.595420000
CVE-2009-0448;0.023340000;0.826030000
CVE-2009-0447;0.009930000;0.606380000
CVE-2009-0446;0.009500000;0.592970000
CVE-2009-0445;0.011750000;0.657910000
CVE-2009-0444;0.024560000;0.835090000
CVE-2009-0443;0.055860000;0.924440000
CVE-2009-0442;0.048370000;0.914910000
CVE-2009-0441;0.039250000;0.897520000
CVE-2009-0440;0.011950000;0.662770000
CVE-2009-0439;0.003720000;0.306640000
CVE-2009-0438;0.012420000;0.675220000
CVE-2009-0437;0.002740000;0.197400000
CVE-2009-0436;0.003720000;0.306270000
CVE-2009-0435;0.016740000;0.755160000
CVE-2009-0434;0.003210000;0.250150000
CVE-2009-0433;0.016430000;0.750660000
CVE-2009-0432;0.018980000;0.784840000
CVE-2009-0431;0.018360000;0.777260000
CVE-2009-0430;0.011890000;0.661380000
CVE-2009-0429;0.009070000;0.579160000
CVE-2009-0428;0.011850000;0.660590000
CVE-2009-0427;0.011850000;0.660580000
CVE-2009-0426;0.009930000;0.606400000
CVE-2009-0425;0.009500000;0.592980000
CVE-2009-0424;0.010650000;0.628240000
CVE-2009-0423;0.060600000;0.929690000
CVE-2009-0422;0.062000000;0.931030000
CVE-2009-0421;0.020430000;0.800710000
CVE-2009-0420;0.011330000;0.646180000
CVE-2009-0419;0.153390000;0.965740000
CVE-2009-0418;0.081700000;0.945340000
CVE-2009-0417;0.010330000;0.618760000
CVE-2009-0416;0.002430000;0.155820000
CVE-2009-0415;0.004560000;0.383870000
CVE-2009-0414;0.030210000;0.866940000
CVE-2009-0413;0.019800000;0.793850000
CVE-2009-0412;0.015480000;0.736040000
CVE-2009-0411;0.010350000;0.619460000
CVE-2009-0410;0.096550000;0.952100000
CVE-2009-0409;0.011050000;0.639190000
CVE-2009-0408;0.006780000;0.503430000
CVE-2009-0407;0.011260000;0.644650000
CVE-2009-0406;0.011260000;0.644660000
CVE-2009-0405;0.011260000;0.644660000
CVE-2009-0404;0.012920000;0.686350000
CVE-2009-0403;0.011470000;0.649640000
CVE-2009-0402;0.014000000;0.709640000
CVE-2009-0401;0.011560000;0.652320000
CVE-2009-0400;0.011050000;0.639190000
CVE-2009-0399;0.023340000;0.826080000
CVE-2009-0398;0.031900000;0.873730000
CVE-2009-0397;0.072060000;0.939490000
CVE-2009-0396;0.016700000;0.754490000
CVE-2009-0395;0.009500000;0.592990000
CVE-2009-0394;0.009500000;0.592990000
CVE-2009-0393;0.012450000;0.675850000
CVE-2009-0392;0.023410000;0.826610000
CVE-2009-0391;0.014060000;0.710740000
CVE-2009-0390;0.009380000;0.588910000
CVE-2009-0389;0.087930000;0.948740000
CVE-2009-0388;0.133340000;0.961770000
CVE-2009-0387;0.064830000;0.933580000
CVE-2009-0386;0.071470000;0.939080000
CVE-2009-0385;0.066640000;0.935010000
CVE-2009-0384;0.008670000;0.566940000
CVE-2009-0383;0.029580000;0.864190000
CVE-2009-0382;0.011050000;0.639250000
CVE-2009-0381;0.009930000;0.606350000
CVE-2009-0380;0.011260000;0.644670000
CVE-2009-0379;0.009870000;0.604680000
CVE-2009-0378;0.014750000;0.723710000
CVE-2009-0377;0.009870000;0.604650000
CVE-2009-0376;0.081010000;0.944920000
CVE-2009-0375;0.057410000;0.926260000
CVE-2009-0374;0.024010000;0.830890000
CVE-2009-0373;0.010240000;0.615870000
CVE-2009-0372;0.034680000;0.883900000
CVE-2009-0371;0.018850000;0.783250000
CVE-2009-0370;0.003670000;0.301170000
CVE-2009-0369;0.106270000;0.955300000
CVE-2009-0368;0.012150000;0.668340000
CVE-2009-0367;0.109360000;0.956230000
CVE-2009-0366;0.019570000;0.791440000
CVE-2009-0365;0.008930000;0.574600000
CVE-2009-0364;0.025940000;0.844360000
CVE-2009-0363;0.033760000;0.880750000
CVE-2009-0362;0.013030000;0.688700000
CVE-2009-0361;0.003810000;0.315560000
CVE-2009-0360;0.006950000;0.510130000
CVE-2009-0359;0.010190000;0.614040000
CVE-2009-0358;0.005210000;0.427250000
CVE-2009-0357;0.015600000;0.738090000
CVE-2009-0356;0.032250000;0.875250000
CVE-2009-0355;0.016350000;0.749560000
CVE-2009-0354;0.023230000;0.825120000
CVE-2009-0353;0.043310000;0.906320000
CVE-2009-0352;0.043310000;0.906320000
CVE-2009-0351;0.052700000;0.920880000
CVE-2009-0350;0.101960000;0.953960000
CVE-2009-0349;0.058590000;0.927690000
CVE-2009-0348;0.081620000;0.945290000
CVE-2009-0347;0.109320000;0.956220000
CVE-2009-0346;0.003350000;0.265990000
CVE-2009-0345;0.025660000;0.842420000
CVE-2009-0344;0.025660000;0.842420000
CVE-2009-0343;0.008160000;0.550580000
CVE-2009-0342;0.004510000;0.380920000
CVE-2009-0341;0.160040000;0.967150000
CVE-2009-0340;0.018850000;0.783250000
CVE-2009-0339;0.010020000;0.609200000
CVE-2009-0338;0.015110000;0.730020000
CVE-2009-0337;0.009700000;0.599520000
CVE-2009-0336;0.022860000;0.822030000
CVE-2009-0335;0.014530000;0.719460000
CVE-2009-0334;0.009930000;0.606300000
CVE-2009-0333;0.010110000;0.612250000
CVE-2009-0332;0.010630000;0.627160000
CVE-2009-0331;0.028010000;0.856710000
CVE-2009-0330;0.018960000;0.784590000
CVE-2009-0329;0.009870000;0.604720000
CVE-2009-0328;0.072940000;0.940080000
CVE-2009-0327;0.011680000;0.655720000
CVE-2009-0326;0.009150000;0.581620000
CVE-2009-0325;0.025620000;0.842130000
CVE-2009-0324;0.011680000;0.655720000
CVE-2009-0323;0.624900000;0.991380000
CVE-2009-0322;0.004990000;0.413160000
CVE-2009-0321;0.023570000;0.827890000
CVE-2009-0320;0.014460000;0.718090000
CVE-2009-0319;0.003480000;0.280180000
CVE-2009-0318;0.003880000;0.323570000
CVE-2009-0317;0.003610000;0.294560000
CVE-2009-0316;0.027340000;0.852740000
CVE-2009-0315;0.003710000;0.306020000
CVE-2009-0314;0.006240000;0.480050000
CVE-2009-0313;0.003310000;0.261340000
CVE-2009-0312;0.023650000;0.828400000
CVE-2009-0311;0.046960000;0.912750000
CVE-2009-0310;0.003750000;0.309910000
CVE-2009-0307;0.034930000;0.884740000
CVE-2009-0306;0.039390000;0.897930000
CVE-2009-0305;0.169190000;0.968760000
CVE-2009-0304;0.098030000;0.952680000
CVE-2009-0303;0.010220000;0.615060000
CVE-2009-0302;0.014620000;0.721110000
CVE-2009-0301;0.019640000;0.792120000
CVE-2009-0299;0.010330000;0.618380000
CVE-2009-0298;0.055860000;0.924420000
CVE-2009-0297;0.020810000;0.804570000
CVE-2009-0296;0.010110000;0.612240000
CVE-2009-0295;0.009330000;0.587420000
CVE-2009-0294;0.018180000;0.774910000
CVE-2009-0293;0.009930000;0.606290000
CVE-2009-0292;0.010110000;0.612200000
CVE-2009-0291;0.070370000;0.938140000
CVE-2009-0290;0.032980000;0.878090000
CVE-2009-0289;0.021940000;0.814750000
CVE-2009-0288;0.026750000;0.849450000
CVE-2009-0287;0.010960000;0.636840000
CVE-2009-0286;0.055550000;0.923980000
CVE-2009-0285;0.014490000;0.718590000
CVE-2009-0284;0.009930000;0.606340000
CVE-2009-0283;0.014490000;0.718590000
CVE-2009-0282;0.058290000;0.927310000
CVE-2009-0281;0.011260000;0.644660000
CVE-2009-0280;0.027680000;0.854870000
CVE-2009-0279;0.011260000;0.644650000
CVE-2009-0278;0.022380000;0.818400000
CVE-2009-0277;0.012440000;0.675630000
CVE-2009-0276;0.011240000;0.644020000
CVE-2009-0275;0.045270000;0.909870000
CVE-2009-0274;0.013450000;0.698060000
CVE-2009-0273;0.017050000;0.759760000
CVE-2009-0272;0.005810000;0.459260000
CVE-2009-0271;0.015990000;0.743830000
CVE-2009-0270;0.055310000;0.923680000
CVE-2009-0269;0.005020000;0.414660000
CVE-2009-0268;0.002690000;0.190570000
CVE-2009-0267;0.025430000;0.840890000
CVE-2009-0266;0.044810000;0.909090000
CVE-2009-0265;0.024740000;0.836210000
CVE-2009-0264;0.016240000;0.747650000
CVE-2009-0263;0.167380000;0.968500000
CVE-2009-0262;0.061940000;0.930960000
CVE-2009-0261;0.132140000;0.961500000
CVE-2009-0260;0.054800000;0.923100000
CVE-2009-0259;0.075010000;0.941330000
CVE-2009-0258;0.033080000;0.878460000
CVE-2009-0257;0.015620000;0.738440000
CVE-2009-0256;0.017930000;0.771570000
CVE-2009-0255;0.094420000;0.951300000
CVE-2009-0254;0.025660000;0.842460000
CVE-2009-0253;0.025270000;0.839830000
CVE-2009-0252;0.010430000;0.621590000
CVE-2009-0251;0.055560000;0.923990000
CVE-2009-0250;0.062820000;0.931850000
CVE-2009-0249;0.022860000;0.822040000
CVE-2009-0248;0.014750000;0.723690000
CVE-2009-0247;0.010220000;0.614990000
CVE-2009-0246;0.033840000;0.881070000
CVE-2009-0245;0.010650000;0.628030000
CVE-2009-0244;0.302520000;0.981150000
CVE-2009-0243;0.062830000;0.931850000
CVE-2009-0241;0.053460000;0.921670000
CVE-2009-0240;0.015990000;0.743880000
CVE-2009-0239;0.325460000;0.982370000
CVE-2009-0238;0.432120000;0.986460000
CVE-2009-0237;0.228490000;0.976060000
CVE-2009-0235;0.336160000;0.982870000
CVE-2009-0234;0.344420000;0.983200000
CVE-2009-0233;0.270710000;0.979280000
CVE-2009-0232;0.258180000;0.978510000
CVE-2009-0231;0.374530000;0.984440000
CVE-2009-0230;0.348780000;0.983380000
CVE-2009-0229;0.039310000;0.897760000
CVE-2009-0228;0.205010000;0.973620000
CVE-2009-0227;0.357210000;0.983690000
CVE-2009-0226;0.347940000;0.983330000
CVE-2009-0225;0.310700000;0.981590000
CVE-2009-0224;0.300770000;0.981070000
CVE-2009-0223;0.279840000;0.979880000
CVE-2009-0222;0.316320000;0.981870000
CVE-2009-0221;0.378630000;0.984620000
CVE-2009-0220;0.371070000;0.984320000
CVE-2009-0219;0.048880000;0.915690000
CVE-2009-0218;0.041480000;0.902730000
CVE-2009-0217;0.063630000;0.932490000
CVE-2009-0216;0.029840000;0.865340000
CVE-2009-0215;0.363090000;0.983910000
CVE-2009-0214;0.021070000;0.807150000
CVE-2009-0213;0.020200000;0.798370000
CVE-2009-0212;0.020200000;0.798370000
CVE-2009-0211;0.020200000;0.798370000
CVE-2009-0210;0.037410000;0.892200000
CVE-2009-0209;0.006690000;0.499810000
CVE-2009-0208;0.077110000;0.942660000
CVE-2009-0207;0.002960000;0.221920000
CVE-2009-0206;0.004590000;0.386390000
CVE-2009-0204;0.030100000;0.866460000
CVE-2009-0202;0.235770000;0.976680000
CVE-2009-0201;0.067220000;0.935520000
CVE-2009-0200;0.067220000;0.935520000
CVE-2009-0199;0.050240000;0.917690000
CVE-2009-0198;0.088350000;0.948920000
CVE-2009-0197;0.047560000;0.913710000
CVE-2009-0196;0.073730000;0.940580000
CVE-2009-0195;0.053740000;0.921980000
CVE-2009-0194;0.022550000;0.819670000
CVE-2009-0193;0.095950000;0.951910000
CVE-2009-0192;0.122700000;0.959470000
CVE-2009-0191;0.050450000;0.918100000
CVE-2009-0188;0.048600000;0.915290000
CVE-2009-0187;0.399840000;0.985440000
CVE-2009-0186;0.036120000;0.888230000
CVE-2009-0185;0.058420000;0.927440000
CVE-2009-0184;0.278030000;0.979770000
CVE-2009-0183;0.665260000;0.992380000
CVE-2009-0182;0.483980000;0.987930000
CVE-2009-0181;0.013910000;0.707760000
CVE-2009-0180;0.016040000;0.744570000
CVE-2009-0179;0.018790000;0.782510000
CVE-2009-0178;0.018260000;0.776010000
CVE-2009-0177;0.086420000;0.947930000
CVE-2009-0176;0.055460000;0.923880000
CVE-2009-0175;0.055540000;0.923970000
CVE-2009-0174;0.116790000;0.958110000
CVE-2009-0173;0.030120000;0.866530000
CVE-2009-0172;0.084710000;0.947000000
CVE-2009-0171;0.021690000;0.812520000
CVE-2009-0170;0.016720000;0.754860000
CVE-2009-0169;0.029830000;0.865290000
CVE-2009-0168;0.003900000;0.325370000
CVE-2009-0167;0.003570000;0.290780000
CVE-2009-0166;0.023180000;0.824800000
CVE-2009-0165;0.035920000;0.887720000
CVE-2009-0164;0.029070000;0.862000000
CVE-2009-0163;0.042460000;0.904750000
CVE-2009-0162;0.053540000;0.921760000
CVE-2009-0161;0.022860000;0.822110000
CVE-2009-0160;0.041080000;0.901880000
CVE-2009-0159;0.132280000;0.961520000
CVE-2009-0158;0.046520000;0.912100000
CVE-2009-0157;0.028360000;0.858540000
CVE-2009-0156;0.031250000;0.871130000
CVE-2009-0155;0.057560000;0.926400000
CVE-2009-0154;0.055330000;0.923720000
CVE-2009-0153;0.036800000;0.890430000
CVE-2009-0152;0.021740000;0.812900000
CVE-2009-0151;0.003600000;0.293860000
CVE-2009-0150;0.003560000;0.289550000
CVE-2009-0149;0.003920000;0.327590000
CVE-2009-0148;0.067650000;0.935940000
CVE-2009-0147;0.025770000;0.843190000
CVE-2009-0146;0.028330000;0.858410000
CVE-2009-0145;0.051600000;0.919540000
CVE-2009-0144;0.015390000;0.734650000
CVE-2009-0143;0.018730000;0.781900000
CVE-2009-0142;0.002290000;0.137440000
CVE-2009-0141;0.003040000;0.230170000
CVE-2009-0140;0.017040000;0.759580000
CVE-2009-0139;0.028630000;0.859790000
CVE-2009-0138;0.041990000;0.903770000
CVE-2009-0137;0.032040000;0.874290000
CVE-2009-0136;0.066560000;0.934940000
CVE-2009-0135;0.069030000;0.937010000
CVE-2009-0134;0.088590000;0.949050000
CVE-2009-0133;0.670490000;0.992540000
CVE-2009-0132;0.003550000;0.288840000
CVE-2009-0131;0.003060000;0.232110000
CVE-2009-0130;0.012200000;0.669640000
CVE-2009-0129;0.011170000;0.642300000
CVE-2009-0128;0.010780000;0.631450000
CVE-2009-0127;0.013790000;0.705350000
CVE-2009-0126;0.024200000;0.832380000
CVE-2009-0125;0.014960000;0.727250000
CVE-2009-0124;0.013240000;0.693060000
CVE-2009-0123;0.016700000;0.754550000
CVE-2009-0122;0.005100000;0.419840000
CVE-2009-0121;0.008930000;0.574490000
CVE-2009-0120;0.035500000;0.886400000
CVE-2009-0119;0.367410000;0.984110000
CVE-2009-0115;0.004940000;0.409760000
CVE-2009-0114;0.038470000;0.895320000
CVE-2009-0113;0.065770000;0.934380000
CVE-2009-0112;0.006440000;0.489010000
CVE-2009-0111;0.009930000;0.606410000
CVE-2009-0110;0.009930000;0.606420000
CVE-2009-0109;0.009930000;0.606340000
CVE-2009-0108;0.025540000;0.841610000
CVE-2009-0107;0.014840000;0.725220000
CVE-2009-0106;0.010240000;0.615860000
CVE-2009-0105;0.014750000;0.723680000
CVE-2009-0104;0.009870000;0.604730000
CVE-2009-0103;0.100520000;0.953490000
CVE-2009-0102;0.235040000;0.976640000
CVE-2009-0100;0.288320000;0.980380000
CVE-2009-0099;0.262390000;0.978770000
CVE-2009-0098;0.249190000;0.977830000
CVE-2009-0097;0.226480000;0.975870000
CVE-2009-0096;0.226480000;0.975880000
CVE-2009-0095;0.234770000;0.976620000
CVE-2009-0094;0.234610000;0.976600000
CVE-2009-0093;0.170200000;0.968910000
CVE-2009-0091;0.258110000;0.978510000
CVE-2009-0090;0.209820000;0.974240000
CVE-2009-0089;0.050710000;0.918380000
CVE-2009-0088;0.284460000;0.980130000
CVE-2009-0087;0.258920000;0.978570000
CVE-2009-0086;0.141500000;0.963610000
CVE-2009-0085;0.151930000;0.965480000
CVE-2009-0084;0.318080000;0.981940000
CVE-2009-0083;0.014610000;0.720950000
CVE-2009-0082;0.013530000;0.699970000
CVE-2009-0081;0.321060000;0.982130000
CVE-2009-0080;0.023580000;0.827920000
CVE-2009-0079;0.040640000;0.900840000
CVE-2009-0078;0.027440000;0.853400000
CVE-2009-0077;0.784960000;0.995590000
CVE-2009-0076;0.335370000;0.982830000
CVE-2009-0075;0.852770000;0.997020000
CVE-2009-0072;0.094130000;0.951210000
CVE-2009-0071;0.065860000;0.934470000
CVE-2009-0070;0.028590000;0.859620000
CVE-2009-0069;0.003550000;0.288840000
CVE-2009-0068;0.021640000;0.812070000
CVE-2009-0066;0.021940000;0.814530000
CVE-2009-0065;0.167300000;0.968480000
CVE-2009-0064;0.022060000;0.815730000
CVE-2009-0063;0.013280000;0.694020000
CVE-2009-0062;0.026130000;0.845470000
CVE-2009-0061;0.016190000;0.746990000
CVE-2009-0059;0.019290000;0.788330000
CVE-2009-0058;0.007800000;0.539230000
CVE-2009-0057;0.008910000;0.573950000
CVE-2009-0056;0.005470000;0.442190000
CVE-2009-0055;0.004480000;0.378720000
CVE-2009-0054;0.007880000;0.541590000
CVE-2009-0053;0.007880000;0.541590000
CVE-2009-0052;0.010790000;0.631530000
CVE-2009-0051;0.011740000;0.657610000
CVE-2009-0050;0.013360000;0.696200000
CVE-2009-0049;0.011850000;0.660410000
CVE-2009-0048;0.011810000;0.659680000
CVE-2009-0047;0.011810000;0.659680000
CVE-2009-0046;0.011810000;0.659680000
CVE-2009-0043;0.532960000;0.989180000
CVE-2009-0042;0.042680000;0.905200000
CVE-2009-0041;0.027150000;0.851710000
CVE-2009-0040;0.048250000;0.914690000
CVE-2009-0039;0.110590000;0.956630000
CVE-2009-0038;0.180030000;0.970170000
CVE-2009-0037;0.090500000;0.949830000
CVE-2009-0036;0.011720000;0.656870000
CVE-2009-0035;0.004680000;0.391970000
CVE-2009-0034;0.004060000;0.342320000
CVE-2009-0033;0.100530000;0.953500000
CVE-2009-0032;0.003560000;0.289800000
CVE-2009-0031;0.004080000;0.343370000
CVE-2009-0030;0.016750000;0.755280000
CVE-2009-0029;0.004180000;0.353160000
CVE-2009-0028;0.006980000;0.511290000
CVE-2009-0027;0.018050000;0.773170000
CVE-2009-0026;0.267780000;0.979100000
CVE-2009-0025;0.068600000;0.936630000
CVE-2009-0024;0.003510000;0.284100000
CVE-2009-0023;0.085300000;0.947330000
CVE-2009-0022;0.035340000;0.885930000
CVE-2009-0021;0.032180000;0.874940000
CVE-2009-0020;0.029030000;0.861790000
CVE-2009-0019;0.021220000;0.808390000
CVE-2009-0018;0.025210000;0.839460000
CVE-2009-0017;0.004460000;0.376790000
CVE-2009-0016;0.020390000;0.800190000
CVE-2009-0015;0.003200000;0.249070000
CVE-2009-0014;0.003770000;0.311770000
CVE-2009-0013;0.003220000;0.251070000
CVE-2009-0012;0.054270000;0.922530000
CVE-2009-0011;0.002880000;0.213480000
CVE-2009-0010;0.082210000;0.945610000
CVE-2009-0009;0.025600000;0.842030000
CVE-2009-0008;0.039980000;0.899410000
CVE-2009-0007;0.077200000;0.942710000
CVE-2009-0006;0.081990000;0.945490000
CVE-2009-0005;0.044590000;0.908770000
CVE-2009-0004;0.056630000;0.925390000
CVE-2009-0003;0.093960000;0.951160000
CVE-2009-0002;0.079240000;0.943890000
CVE-2009-0001;0.068030000;0.936200000
