CVE-2007-6763;0.013200000;0.697090000
CVE-2007-6762;0.029760000;0.867410000
CVE-2007-6761;0.004640000;0.376550000
CVE-2007-6760;0.016490000;0.755360000
CVE-2007-6759;0.016490000;0.755370000
CVE-2007-6758;0.013050000;0.693880000
CVE-2007-6757;0.018560000;0.783350000
CVE-2007-6756;0.004100000;0.326530000
CVE-2007-6755;0.016320000;0.752700000
CVE-2007-6754;0.011030000;0.643760000
CVE-2007-6753;0.018180000;0.778530000
CVE-2007-6752;0.037070000;0.893540000
CVE-2007-6751;0.010530000;0.629590000
CVE-2007-6750;0.705250000;0.993720000
CVE-2007-6746;0.009510000;0.597390000
CVE-2007-6745;0.022340000;0.820940000
CVE-2007-6744;0.003010000;0.204570000
CVE-2007-6743;0.008830000;0.575450000
CVE-2007-6742;0.009660000;0.602150000
CVE-2007-6741;0.017500000;0.769360000
CVE-2007-6740;0.017480000;0.769120000
CVE-2007-6739;0.022110000;0.819000000
CVE-2007-6738;0.011270000;0.649870000
CVE-2007-6737;0.021110000;0.810450000
CVE-2007-6736;0.019050000;0.788990000
CVE-2007-6735;0.018850000;0.786620000
CVE-2007-6734;0.014240000;0.718210000
CVE-2007-6733;0.004040000;0.320230000
CVE-2007-6732;0.056220000;0.926720000
CVE-2007-6731;0.140740000;0.964400000
CVE-2007-6730;0.010340000;0.623930000
CVE-2007-6729;0.010620000;0.631940000
CVE-2007-6728;0.013120000;0.695380000
CVE-2007-6727;0.010570000;0.630480000
CVE-2007-6726;0.034470000;0.885670000
CVE-2007-6725;0.048400000;0.916920000
CVE-2007-6724;0.012980000;0.692360000
CVE-2007-6723;0.013580000;0.705570000
CVE-2007-6722;0.012980000;0.692360000
CVE-2007-6721;0.024130000;0.834550000
CVE-2007-6720;0.023450000;0.829670000
CVE-2007-6719;0.010130000;0.617480000
CVE-2007-6718;0.015030000;0.732760000
CVE-2007-6717;0.003740000;0.287600000
CVE-2007-6716;0.005180000;0.417380000
CVE-2007-6715;0.010440000;0.627010000
CVE-2007-6714;0.023890000;0.832810000
CVE-2007-6713;0.012720000;0.686680000
CVE-2007-6712;0.003920000;0.306690000
CVE-2007-6711;0.021690000;0.815380000
CVE-2007-6709;0.015470000;0.740040000
CVE-2007-6708;0.006380000;0.484930000
CVE-2007-6707;0.011250000;0.649250000
CVE-2007-6706;0.034720000;0.886490000
CVE-2007-6705;0.002730000;0.176340000
CVE-2007-6704;0.059230000;0.929940000
CVE-2007-6703;0.023230000;0.827980000
CVE-2007-6702;0.026030000;0.847550000
CVE-2007-6701;0.071700000;0.940760000
CVE-2007-6700;0.016890000;0.761250000
CVE-2007-6699;0.044960000;0.911520000
CVE-2007-6698;0.020440000;0.803870000
CVE-2007-6697;0.107310000;0.956790000
CVE-2007-6696;0.017320000;0.766950000
CVE-2007-6695;0.010730000;0.635430000
CVE-2007-6694;0.025890000;0.846590000
CVE-2007-6693;0.015660000;0.743070000
CVE-2007-6692;0.017000000;0.762700000
CVE-2007-6691;0.021620000;0.814860000
CVE-2007-6690;0.015660000;0.743070000
CVE-2007-6689;0.020070000;0.800260000
CVE-2007-6688;0.017970000;0.775660000
CVE-2007-6687;0.019510000;0.794180000
CVE-2007-6686;0.015660000;0.743080000
CVE-2007-6685;0.015660000;0.743070000
CVE-2007-6684;0.022340000;0.820930000
CVE-2007-6683;0.027780000;0.858160000
CVE-2007-6682;0.151380000;0.966280000
CVE-2007-6681;0.172940000;0.970080000
CVE-2007-6680;0.003670000;0.279310000
CVE-2007-6679;0.023400000;0.829290000
CVE-2007-6677;0.014750000;0.727860000
CVE-2007-6676;0.011860000;0.665650000
CVE-2007-6675;0.012320000;0.677550000
CVE-2007-6674;0.010910000;0.640150000
CVE-2007-6673;0.014890000;0.730410000
CVE-2007-6672;0.038640000;0.898120000
CVE-2007-6671;0.011870000;0.666130000
CVE-2007-6670;0.009710000;0.604290000
CVE-2007-6669;0.014970000;0.731600000
CVE-2007-6668;0.063560000;0.934090000
CVE-2007-6667;0.009570000;0.598970000
CVE-2007-6666;0.020350000;0.802910000
CVE-2007-6665;0.020310000;0.802620000
CVE-2007-6664;0.023070000;0.826760000
CVE-2007-6663;0.020530000;0.804840000
CVE-2007-6662;0.012530000;0.682550000
CVE-2007-6661;0.011190000;0.647940000
CVE-2007-6660;0.012320000;0.677550000
CVE-2007-6659;0.011070000;0.644710000
CVE-2007-6658;0.011690000;0.660780000
CVE-2007-6657;0.060280000;0.931020000
CVE-2007-6656;0.012290000;0.676990000
CVE-2007-6655;0.027570000;0.856730000
CVE-2007-6654;0.055540000;0.925690000
CVE-2007-6653;0.022630000;0.823120000
CVE-2007-6652;0.041540000;0.905100000
CVE-2007-6651;0.037360000;0.894470000
CVE-2007-6650;0.028870000;0.863430000
CVE-2007-6649;0.060280000;0.931020000
CVE-2007-6648;0.055410000;0.925550000
CVE-2007-6647;0.010100000;0.616640000
CVE-2007-6646;0.040930000;0.903760000
CVE-2007-6645;0.024650000;0.838410000
CVE-2007-6644;0.019500000;0.794090000
CVE-2007-6643;0.018750000;0.785550000
CVE-2007-6642;0.010640000;0.632600000
CVE-2007-6641;0.017340000;0.767190000
CVE-2007-6640;0.011860000;0.665630000
CVE-2007-6639;0.009870000;0.609210000
CVE-2007-6638;0.126040000;0.961080000
CVE-2007-6637;0.048910000;0.917700000
CVE-2007-6636;0.010830000;0.638180000
CVE-2007-6635;0.009480000;0.596320000
CVE-2007-6634;0.010800000;0.637170000
CVE-2007-6633;0.017340000;0.767170000
CVE-2007-6632;0.024690000;0.838660000
CVE-2007-6631;0.090830000;0.951300000
CVE-2007-6630;0.034040000;0.884240000
CVE-2007-6629;0.018440000;0.781690000
CVE-2007-6628;0.021370000;0.812760000
CVE-2007-6627;0.037600000;0.895110000
CVE-2007-6626;0.041490000;0.905000000
CVE-2007-6625;0.017530000;0.769860000
CVE-2007-6624;0.019430000;0.793370000
CVE-2007-6623;0.053790000;0.923790000
CVE-2007-6622;0.010110000;0.617130000
CVE-2007-6621;0.023660000;0.831220000
CVE-2007-6620;0.067320000;0.937220000
CVE-2007-6619;0.013590000;0.705880000
CVE-2007-6618;0.011860000;0.665650000
CVE-2007-6617;0.012230000;0.675220000
CVE-2007-6616;0.010650000;0.633140000
CVE-2007-6615;0.053430000;0.923420000
CVE-2007-6614;0.061230000;0.931970000
CVE-2007-6613;0.127250000;0.961330000
CVE-2007-6612;0.030030000;0.868670000
CVE-2007-6611;0.017450000;0.768640000
CVE-2007-6610;0.022820000;0.824640000
CVE-2007-6609;0.052240000;0.922220000
CVE-2007-6608;0.045720000;0.912900000
CVE-2007-6607;0.022240000;0.820070000
CVE-2007-6606;0.018160000;0.778170000
CVE-2007-6605;0.037130000;0.893700000
CVE-2007-6604;0.036240000;0.891150000
CVE-2007-6603;0.028570000;0.861990000
CVE-2007-6602;0.012760000;0.687640000
CVE-2007-6601;0.015730000;0.744120000
CVE-2007-6600;0.031240000;0.873480000
CVE-2007-6599;0.016610000;0.757220000
CVE-2007-6598;0.019590000;0.794920000
CVE-2007-6597;0.022110000;0.819040000
CVE-2007-6596;0.023260000;0.828170000
CVE-2007-6595;0.004060000;0.322270000
CVE-2007-6594;0.003440000;0.252860000
CVE-2007-6593;0.063010000;0.933620000
CVE-2007-6592;0.006520000;0.492010000
CVE-2007-6591;0.008220000;0.555970000
CVE-2007-6589;0.010710000;0.634690000
CVE-2007-6588;0.010220000;0.620040000
CVE-2007-6587;0.034370000;0.885330000
CVE-2007-6586;0.009960000;0.611910000
CVE-2007-6585;0.028020000;0.859260000
CVE-2007-6584;0.085600000;0.948850000
CVE-2007-6583;0.018390000;0.781070000
CVE-2007-6582;0.023610000;0.830890000
CVE-2007-6581;0.035430000;0.888680000
CVE-2007-6580;0.009870000;0.609220000
CVE-2007-6579;0.017060000;0.763620000
CVE-2007-6578;0.010060000;0.615170000
CVE-2007-6577;0.010180000;0.618930000
CVE-2007-6576;0.012070000;0.670890000
CVE-2007-6575;0.010060000;0.615150000
CVE-2007-6574;0.017650000;0.771530000
CVE-2007-6573;0.016120000;0.749730000
CVE-2007-6572;0.016590000;0.756860000
CVE-2007-6571;0.016590000;0.756860000
CVE-2007-6570;0.022350000;0.821000000
CVE-2007-6569;0.018750000;0.785550000
CVE-2007-6568;0.022700000;0.823620000
CVE-2007-6567;0.070210000;0.939550000
CVE-2007-6566;0.023750000;0.831750000
CVE-2007-6565;0.023000000;0.826130000
CVE-2007-6564;0.017180000;0.765190000
CVE-2007-6563;0.055310000;0.925400000
CVE-2007-6562;0.022760000;0.824120000
CVE-2007-6561;0.066740000;0.936650000
CVE-2007-6560;0.019620000;0.795150000
CVE-2007-6559;0.011980000;0.668670000
CVE-2007-6558;0.056910000;0.927340000
CVE-2007-6557;0.022520000;0.822330000
CVE-2007-6556;0.020730000;0.806830000
CVE-2007-6555;0.058840000;0.929630000
CVE-2007-6554;0.073830000;0.942140000
CVE-2007-6553;0.036910000;0.893120000
CVE-2007-6552;0.016400000;0.754100000
CVE-2007-6551;0.012360000;0.678530000
CVE-2007-6550;0.068400000;0.938040000
CVE-2007-6549;0.011260000;0.649600000
CVE-2007-6548;0.077670000;0.944390000
CVE-2007-6547;0.024070000;0.834060000
CVE-2007-6546;0.027020000;0.853570000
CVE-2007-6545;0.041110000;0.904200000
CVE-2007-6544;0.042630000;0.907230000
CVE-2007-6543;0.010370000;0.624790000
CVE-2007-6542;0.059910000;0.930620000
CVE-2007-6541;0.008450000;0.563260000
CVE-2007-6540;0.010510000;0.628860000
CVE-2007-6539;0.021300000;0.812130000
CVE-2007-6538;0.038360000;0.897380000
CVE-2007-6537;0.063390000;0.933960000
CVE-2007-6536;0.012510000;0.682050000
CVE-2007-6535;0.018910000;0.787310000
CVE-2007-6534;0.110550000;0.957710000
CVE-2007-6533;0.122930000;0.960520000
CVE-2007-6532;0.039830000;0.901370000
CVE-2007-6531;0.029300000;0.865500000
CVE-2007-6530;0.368330000;0.984580000
CVE-2007-6529;0.018670000;0.784540000
CVE-2007-6528;0.092660000;0.951950000
CVE-2007-6527;0.010500000;0.628560000
CVE-2007-6526;0.015620000;0.742490000
CVE-2007-6525;0.018260000;0.779540000
CVE-2007-6524;0.023110000;0.827000000
CVE-2007-6523;0.020550000;0.805040000
CVE-2007-6522;0.017380000;0.767740000
CVE-2007-6521;0.050180000;0.919530000
CVE-2007-6520;0.015970000;0.747640000
CVE-2007-6519;0.004880000;0.394970000
CVE-2007-6518;0.022630000;0.823100000
CVE-2007-6517;0.012990000;0.692680000
CVE-2007-6516;0.037210000;0.894000000
CVE-2007-6515;0.079340000;0.945370000
CVE-2007-6514;0.380420000;0.985080000
CVE-2007-6513;0.023220000;0.827850000
CVE-2007-6512;0.012560000;0.683410000
CVE-2007-6511;0.018270000;0.779630000
CVE-2007-6510;0.035940000;0.890290000
CVE-2007-6509;0.551730000;0.989990000
CVE-2007-6508;0.028860000;0.863380000
CVE-2007-6507;0.366480000;0.984500000
CVE-2007-6506;0.163480000;0.968590000
CVE-2007-6505;0.007560000;0.532960000
CVE-2007-6504;0.021920000;0.817180000
CVE-2007-6503;0.022370000;0.821240000
CVE-2007-6502;0.027500000;0.856240000
CVE-2007-6501;0.024070000;0.834100000
CVE-2007-6500;0.044810000;0.911240000
CVE-2007-6499;0.025270000;0.842570000
CVE-2007-6498;0.011900000;0.666860000
CVE-2007-6497;0.029620000;0.866830000
CVE-2007-6496;0.026820000;0.852470000
CVE-2007-6495;0.043700000;0.909270000
CVE-2007-6494;0.117730000;0.959400000
CVE-2007-6493;0.067620000;0.937480000
CVE-2007-6492;0.015180000;0.735170000
CVE-2007-6491;0.016890000;0.761290000
CVE-2007-6490;0.008810000;0.574980000
CVE-2007-6489;0.068370000;0.938030000
CVE-2007-6488;0.026650000;0.851460000
CVE-2007-6487;0.008830000;0.575350000
CVE-2007-6486;0.010330000;0.623610000
CVE-2007-6485;0.108110000;0.957020000
CVE-2007-6484;0.009270000;0.589400000
CVE-2007-6483;0.103610000;0.955680000
CVE-2007-6482;0.029710000;0.867210000
CVE-2007-6481;0.026050000;0.847680000
CVE-2007-6480;0.036250000;0.891180000
CVE-2007-6479;0.015720000;0.743900000
CVE-2007-6478;0.056570000;0.927030000
CVE-2007-6477;0.012840000;0.689210000
CVE-2007-6476;0.026740000;0.852020000
CVE-2007-6475;0.023660000;0.831220000
CVE-2007-6474;0.015250000;0.736410000
CVE-2007-6473;0.031110000;0.872880000
CVE-2007-6472;0.011970000;0.668580000
CVE-2007-6471;0.022990000;0.826080000
CVE-2007-6470;0.020880000;0.808300000
CVE-2007-6469;0.015660000;0.742990000
CVE-2007-6468;0.057230000;0.927730000
CVE-2007-6467;0.009710000;0.604210000
CVE-2007-6466;0.011790000;0.664000000
CVE-2007-6465;0.012910000;0.690640000
CVE-2007-6464;0.020730000;0.806810000
CVE-2007-6463;0.008450000;0.563260000
CVE-2007-6462;0.010440000;0.626930000
CVE-2007-6461;0.010560000;0.630300000
CVE-2007-6460;0.010910000;0.640160000
CVE-2007-6459;0.028710000;0.862660000
CVE-2007-6458;0.020310000;0.802620000
CVE-2007-6457;0.036760000;0.892700000
CVE-2007-6456;0.014880000;0.730130000
CVE-2007-6455;0.015000000;0.732390000
CVE-2007-6454;0.167960000;0.969400000
CVE-2007-6453;0.051910000;0.921770000
CVE-2007-6452;0.009510000;0.597430000
CVE-2007-6451;0.017050000;0.763440000
CVE-2007-6450;0.029280000;0.865400000
CVE-2007-6441;0.010010000;0.613540000
CVE-2007-6439;0.012950000;0.691510000
CVE-2007-6438;0.020030000;0.799620000
CVE-2007-6437;0.033480000;0.882350000
CVE-2007-6436;0.040930000;0.903770000
CVE-2007-6435;0.065880000;0.936070000
CVE-2007-6434;0.004390000;0.356710000
CVE-2007-6433;0.032310000;0.877740000
CVE-2007-6432;0.084020000;0.947990000
CVE-2007-6431;0.045690000;0.912850000
CVE-2007-6430;0.019510000;0.794140000
CVE-2007-6429;0.024950000;0.840400000
CVE-2007-6428;0.017350000;0.767370000
CVE-2007-6427;0.042780000;0.907540000
CVE-2007-6426;0.034590000;0.886030000
CVE-2007-6425;0.042860000;0.907660000
CVE-2007-6424;0.024690000;0.838660000
CVE-2007-6423;0.039010000;0.898990000
CVE-2007-6422;0.099510000;0.954400000
CVE-2007-6421;0.083240000;0.947600000
CVE-2007-6420;0.091140000;0.951430000
CVE-2007-6419;0.033100000;0.881040000
CVE-2007-6418;0.003460000;0.255810000
CVE-2007-6417;0.003910000;0.305750000
CVE-2007-6416;0.004400000;0.357610000
CVE-2007-6415;0.036680000;0.892470000
CVE-2007-6414;0.042220000;0.906490000
CVE-2007-6413;0.033040000;0.880860000
CVE-2007-6412;0.015160000;0.734850000
CVE-2007-6411;0.041040000;0.904040000
CVE-2007-6410;0.004320000;0.348830000
CVE-2007-6409;0.009720000;0.604530000
CVE-2007-6408;0.012180000;0.674180000
CVE-2007-6407;0.010330000;0.623610000
CVE-2007-6406;0.018540000;0.783100000
CVE-2007-6405;0.026750000;0.852100000
CVE-2007-6404;0.027390000;0.855690000
CVE-2007-6403;0.034440000;0.885620000
CVE-2007-6402;0.058040000;0.928710000
CVE-2007-6401;0.297290000;0.981400000
CVE-2007-6400;0.028290000;0.860660000
CVE-2007-6399;0.020700000;0.806550000
CVE-2007-6398;0.024470000;0.837090000
CVE-2007-6397;0.027980000;0.859060000
CVE-2007-6396;0.024120000;0.834450000
CVE-2007-6395;0.062430000;0.933110000
CVE-2007-6394;0.010370000;0.624780000
CVE-2007-6393;0.008970000;0.579480000
CVE-2007-6392;0.010180000;0.618930000
CVE-2007-6391;0.009870000;0.609270000
CVE-2007-6390;0.005160000;0.415530000
CVE-2007-6389;0.003720000;0.285810000
CVE-2007-6388;0.758910000;0.995130000
CVE-2007-6387;0.380310000;0.985080000
CVE-2007-6386;0.010310000;0.623060000
CVE-2007-6385;0.003730000;0.286960000
CVE-2007-6384;0.016820000;0.760140000
CVE-2007-6383;0.009660000;0.602020000
CVE-2007-6382;0.018710000;0.785120000
CVE-2007-6381;0.013350000;0.700300000
CVE-2007-6380;0.010440000;0.626740000
CVE-2007-6379;0.032810000;0.879880000
CVE-2007-6378;0.032050000;0.876670000
CVE-2007-6377;0.664130000;0.992610000
CVE-2007-6376;0.025940000;0.847020000
CVE-2007-6375;0.010020000;0.613960000
CVE-2007-6374;0.022110000;0.819050000
CVE-2007-6373;0.011250000;0.649330000
CVE-2007-6372;0.037450000;0.894710000
CVE-2007-6371;0.014560000;0.724220000
CVE-2007-6369;0.075250000;0.942920000
CVE-2007-6368;0.028190000;0.860180000
CVE-2007-6367;0.042550000;0.907110000
CVE-2007-6366;0.023560000;0.830530000
CVE-2007-6365;0.008550000;0.566590000
CVE-2007-6364;0.010220000;0.619980000
CVE-2007-6363;0.008740000;0.572910000
CVE-2007-6362;0.020690000;0.806460000
CVE-2007-6361;0.012220000;0.675160000
CVE-2007-6360;0.023540000;0.830410000
CVE-2007-6359;0.010140000;0.617890000
CVE-2007-6358;0.004670000;0.378940000
CVE-2007-6357;0.159590000;0.967870000
CVE-2007-6356;0.018350000;0.780640000
CVE-2007-6355;0.021180000;0.811050000
CVE-2007-6354;0.026400000;0.849870000
CVE-2007-6353;0.048710000;0.917370000
CVE-2007-6352;0.027270000;0.854990000
CVE-2007-6351;0.016750000;0.759190000
CVE-2007-6350;0.043620000;0.909070000
CVE-2007-6349;0.019780000;0.796840000
CVE-2007-6348;0.039140000;0.899340000
CVE-2007-6347;0.070620000;0.939870000
CVE-2007-6346;0.018750000;0.785550000
CVE-2007-6345;0.016920000;0.761700000
CVE-2007-6344;0.060880000;0.931680000
CVE-2007-6343;0.024220000;0.835280000
CVE-2007-6342;0.019130000;0.789820000
CVE-2007-6341;0.095470000;0.952970000
CVE-2007-6340;0.003030000;0.207010000
CVE-2007-6339;0.109880000;0.957560000
CVE-2007-6338;0.013840000;0.710740000
CVE-2007-6337;0.028230000;0.860350000
CVE-2007-6336;0.042150000;0.906370000
CVE-2007-6335;0.183820000;0.971380000
CVE-2007-6334;0.018140000;0.777940000
CVE-2007-6333;0.086790000;0.949510000
CVE-2007-6332;0.084280000;0.948110000
CVE-2007-6331;0.301200000;0.981610000
CVE-2007-6330;0.050750000;0.920310000
CVE-2007-6329;0.155970000;0.967250000
CVE-2007-6328;0.003450000;0.253750000
CVE-2007-6327;0.113780000;0.958510000
CVE-2007-6326;0.072510000;0.941280000
CVE-2007-6325;0.105710000;0.956310000
CVE-2007-6324;0.052740000;0.922740000
CVE-2007-6323;0.088300000;0.950210000
CVE-2007-6322;0.074990000;0.942790000
CVE-2007-6321;0.054390000;0.924410000
CVE-2007-6320;0.006660000;0.498210000
CVE-2007-6319;0.025660000;0.845070000
CVE-2007-6318;0.091560000;0.951600000
CVE-2007-6317;0.060390000;0.931130000
CVE-2007-6316;0.036280000;0.891240000
CVE-2007-6315;0.071300000;0.940430000
CVE-2007-6314;0.072060000;0.940990000
CVE-2007-6313;0.013020000;0.693210000
CVE-2007-6312;0.159200000;0.967800000
CVE-2007-6311;0.028620000;0.862260000
CVE-2007-6310;0.046210000;0.913720000
CVE-2007-6309;0.041630000;0.905270000
CVE-2007-6308;0.016590000;0.756860000
CVE-2007-6307;0.041400000;0.904860000
CVE-2007-6306;0.027600000;0.856900000
CVE-2007-6305;0.003850000;0.298720000
CVE-2007-6304;0.029600000;0.866750000
CVE-2007-6303;0.022260000;0.820300000
CVE-2007-6302;0.055970000;0.926300000
CVE-2007-6301;0.017300000;0.766660000
CVE-2007-6300;0.005750000;0.452030000
CVE-2007-6299;0.016500000;0.755550000
CVE-2007-6298;0.011000000;0.642850000
CVE-2007-6297;0.015160000;0.735030000
CVE-2007-6296;0.009450000;0.595300000
CVE-2007-6295;0.012630000;0.684850000
CVE-2007-6294;0.003520000;0.263470000
CVE-2007-6293;0.018260000;0.779530000
CVE-2007-6292;0.009930000;0.610960000
CVE-2007-6291;0.010630000;0.632270000
CVE-2007-6290;0.065390000;0.935670000
CVE-2007-6289;0.020160000;0.801140000
CVE-2007-6288;0.010630000;0.632270000
CVE-2007-6287;0.010620000;0.631980000
CVE-2007-6286;0.053730000;0.923740000
CVE-2007-6285;0.003550000;0.266790000
CVE-2007-6284;0.025660000;0.845100000
CVE-2007-6283;0.004210000;0.339140000
CVE-2007-6282;0.024520000;0.837520000
CVE-2007-6281;0.066140000;0.936230000
CVE-2007-6279;0.039790000;0.901300000
CVE-2007-6278;0.021200000;0.811250000
CVE-2007-6277;0.067420000;0.937290000
CVE-2007-6276;0.091470000;0.951560000
CVE-2007-6275;0.009070000;0.583050000
CVE-2007-6274;0.010730000;0.635430000
CVE-2007-6273;0.061990000;0.932680000
CVE-2007-6272;0.009750000;0.605800000
CVE-2007-6271;0.026660000;0.851470000
CVE-2007-6270;0.023340000;0.828890000
CVE-2007-6269;0.028790000;0.863050000
CVE-2007-6268;0.084030000;0.947990000
CVE-2007-6267;0.004440000;0.360710000
CVE-2007-6266;0.011170000;0.647440000
CVE-2007-6265;0.013360000;0.700640000
CVE-2007-6263;0.024790000;0.839300000
CVE-2007-6262;0.111150000;0.957950000
CVE-2007-6261;0.007830000;0.542180000
CVE-2007-6260;0.014340000;0.720120000
CVE-2007-6258;0.414660000;0.986320000
CVE-2007-6255;0.300810000;0.981590000
CVE-2007-6254;0.064590000;0.934980000
CVE-2007-6253;0.074120000;0.942320000
CVE-2007-6252;0.030610000;0.870990000
CVE-2007-6250;0.243410000;0.977930000
CVE-2007-6249;0.004340000;0.351990000
CVE-2007-6246;0.118000000;0.959450000
CVE-2007-6245;0.047050000;0.914930000
CVE-2007-6244;0.129310000;0.961810000
CVE-2007-6243;0.084670000;0.948340000
CVE-2007-6242;0.300650000;0.981560000
CVE-2007-6241;0.009940000;0.611380000
CVE-2007-6240;0.010240000;0.620800000
CVE-2007-6239;0.266590000;0.979570000
CVE-2007-6238;0.039460000;0.900390000
CVE-2007-6237;0.027390000;0.855700000
CVE-2007-6236;0.186130000;0.971680000
CVE-2007-6235;0.027750000;0.858020000
CVE-2007-6234;0.042690000;0.907390000
CVE-2007-6233;0.019100000;0.789590000
CVE-2007-6232;0.015530000;0.741280000
CVE-2007-6231;0.034420000;0.885490000
CVE-2007-6230;0.062590000;0.933260000
CVE-2007-6229;0.024170000;0.834920000
CVE-2007-6228;0.021100000;0.810450000
CVE-2007-6227;0.007070000;0.515020000
CVE-2007-6226;0.018490000;0.782300000
CVE-2007-6225;0.003580000;0.270120000
CVE-2007-6224;0.015210000;0.735580000
CVE-2007-6223;0.010060000;0.615170000
CVE-2007-6222;0.011050000;0.644110000
CVE-2007-6221;0.022600000;0.822850000
CVE-2007-6220;0.014720000;0.727450000
CVE-2007-6219;0.012230000;0.675460000
CVE-2007-6218;0.041310000;0.904690000
CVE-2007-6217;0.017160000;0.765020000
CVE-2007-6216;0.002630000;0.163230000
CVE-2007-6215;0.028190000;0.860180000
CVE-2007-6214;0.022760000;0.824170000
CVE-2007-6213;0.067550000;0.937440000
CVE-2007-6212;0.014770000;0.728170000
CVE-2007-6211;0.008890000;0.577080000
CVE-2007-6210;0.007770000;0.540170000
CVE-2007-6209;0.003250000;0.230420000
CVE-2007-6208;0.003650000;0.277360000
CVE-2007-6207;0.003460000;0.256220000
CVE-2007-6206;0.004250000;0.342160000
CVE-2007-6205;0.024640000;0.838300000
CVE-2007-6204;0.696130000;0.993450000
CVE-2007-6203;0.807490000;0.996170000
CVE-2007-6202;0.022220000;0.819920000
CVE-2007-6201;0.014540000;0.723890000
CVE-2007-6200;0.049000000;0.917800000
CVE-2007-6199;0.041360000;0.904810000
CVE-2007-6198;0.070370000;0.939660000
CVE-2007-6197;0.015840000;0.745730000
CVE-2007-6196;0.012230000;0.675460000
CVE-2007-6195;0.137410000;0.963820000
CVE-2007-6194;0.044250000;0.910160000
CVE-2007-6193;0.011080000;0.645020000
CVE-2007-6192;0.006990000;0.511900000
CVE-2007-6191;0.021870000;0.816780000
CVE-2007-6190;0.010360000;0.624650000
CVE-2007-6189;0.080840000;0.946170000
CVE-2007-6188;0.039800000;0.901320000
CVE-2007-6187;0.034850000;0.886930000
CVE-2007-6186;0.012390000;0.679170000
CVE-2007-6185;0.073890000;0.942170000
CVE-2007-6184;0.025390000;0.843410000
CVE-2007-6183;0.033800000;0.883420000
CVE-2007-6182;0.008720000;0.572110000
CVE-2007-6181;0.055890000;0.926210000
CVE-2007-6180;0.006690000;0.499410000
CVE-2007-6179;0.077850000;0.944510000
CVE-2007-6178;0.024410000;0.836610000
CVE-2007-6177;0.026590000;0.851040000
CVE-2007-6176;0.045810000;0.913060000
CVE-2007-6175;0.034560000;0.885950000
CVE-2007-6174;0.014760000;0.727960000
CVE-2007-6173;0.023070000;0.826660000
CVE-2007-6172;0.015870000;0.746070000
CVE-2007-6171;0.026620000;0.851200000
CVE-2007-6170;0.028110000;0.859680000
CVE-2007-6169;0.010010000;0.613670000
CVE-2007-6168;0.010630000;0.632400000
CVE-2007-6167;0.004370000;0.354880000
CVE-2007-6166;0.419160000;0.986450000
CVE-2007-6165;0.447460000;0.987310000
CVE-2007-6164;0.009870000;0.609180000
CVE-2007-6163;0.009910000;0.610410000
CVE-2007-6162;0.015070000;0.733500000
CVE-2007-6161;0.012130000;0.672900000
CVE-2007-6160;0.014550000;0.724050000
CVE-2007-6159;0.009570000;0.598990000
CVE-2007-6158;0.009610000;0.600530000
CVE-2007-6157;0.014490000;0.722900000
CVE-2007-6156;0.012500000;0.681900000
CVE-2007-6151;0.005560000;0.441130000
CVE-2007-6150;0.003280000;0.232980000
CVE-2007-6149;0.118360000;0.959540000
CVE-2007-6148;0.084060000;0.948010000
CVE-2007-6147;0.019860000;0.797760000
CVE-2007-6146;0.021790000;0.816220000
CVE-2007-6145;0.016070000;0.749040000
CVE-2007-6144;0.033200000;0.881390000
CVE-2007-6143;0.011730000;0.661900000
CVE-2007-6142;0.010220000;0.620030000
CVE-2007-6141;0.014620000;0.725410000
CVE-2007-6140;0.022110000;0.818970000
CVE-2007-6139;0.020730000;0.806820000
CVE-2007-6138;0.011370000;0.652340000
CVE-2007-6137;0.011970000;0.668580000
CVE-2007-6136;0.015070000;0.733500000
CVE-2007-6135;0.022200000;0.819760000
CVE-2007-6134;0.010910000;0.640070000
CVE-2007-6133;0.028770000;0.862990000
CVE-2007-6131;0.004110000;0.326760000
CVE-2007-6130;0.014880000;0.730190000
CVE-2007-6129;0.032240000;0.877540000
CVE-2007-6128;0.010060000;0.615210000
CVE-2007-6127;0.010180000;0.618940000
CVE-2007-6126;0.017290000;0.766520000
CVE-2007-6125;0.015040000;0.733010000
CVE-2007-6124;0.019990000;0.799120000
CVE-2007-6123;0.015410000;0.739090000
CVE-2007-6122;0.020790000;0.807330000
CVE-2007-6121;0.020030000;0.799620000
CVE-2007-6120;0.020030000;0.799620000
CVE-2007-6119;0.032850000;0.880070000
CVE-2007-6118;0.022680000;0.823520000
CVE-2007-6117;0.033960000;0.883900000
CVE-2007-6116;0.029020000;0.864220000
CVE-2007-6115;0.062120000;0.932820000
CVE-2007-6114;0.062120000;0.932810000
CVE-2007-6113;0.069560000;0.938980000
CVE-2007-6112;0.062120000;0.932820000
CVE-2007-6111;0.019310000;0.791850000
CVE-2007-6110;0.043860000;0.909550000
CVE-2007-6109;0.030450000;0.870260000
CVE-2007-6106;0.014100000;0.715620000
CVE-2007-6105;0.067190000;0.937000000
CVE-2007-6104;0.012230000;0.675210000
CVE-2007-6103;0.049610000;0.918790000
CVE-2007-6102;0.012230000;0.675210000
CVE-2007-6101;0.013510000;0.704030000
CVE-2007-6100;0.013140000;0.695860000
CVE-2007-6099;0.019020000;0.788680000
CVE-2007-6098;0.009940000;0.611380000
CVE-2007-6097;0.012390000;0.679160000
CVE-2007-6096;0.010430000;0.626610000
CVE-2007-6095;0.009730000;0.605170000
CVE-2007-6094;0.011890000;0.666390000
CVE-2007-6093;0.013780000;0.709700000
CVE-2007-6092;0.016800000;0.759930000
CVE-2007-6091;0.022630000;0.823090000
CVE-2007-6090;0.008710000;0.571820000
CVE-2007-6089;0.045970000;0.913280000
CVE-2007-6088;0.068310000;0.938000000
CVE-2007-6087;0.009870000;0.609410000
CVE-2007-6086;0.029430000;0.866060000
CVE-2007-6085;0.015170000;0.735070000
CVE-2007-6084;0.010060000;0.615150000
CVE-2007-6083;0.019590000;0.794990000
CVE-2007-6082;0.036380000;0.891560000
CVE-2007-6081;0.013590000;0.705840000
CVE-2007-6080;0.012240000;0.675830000
CVE-2007-6079;0.018850000;0.786590000
CVE-2007-6078;0.013490000;0.703500000
CVE-2007-6077;0.025120000;0.841520000
CVE-2007-6067;0.038550000;0.897900000
CVE-2007-6063;0.003690000;0.281880000
CVE-2007-6062;0.017450000;0.768580000
CVE-2007-6061;0.034130000;0.884470000
CVE-2007-6060;0.057040000;0.927480000
CVE-2007-6059;0.017600000;0.770750000
CVE-2007-6058;0.012290000;0.676980000
CVE-2007-6057;0.057850000;0.928400000
CVE-2007-6056;0.027830000;0.858330000
CVE-2007-6055;0.028860000;0.863390000
CVE-2007-6054;0.023580000;0.830720000
CVE-2007-6053;0.012720000;0.686690000
CVE-2007-6052;0.013090000;0.694660000
CVE-2007-6051;0.015410000;0.739120000
CVE-2007-6050;0.003200000;0.224930000
CVE-2007-6049;0.003510000;0.261230000
CVE-2007-6048;0.017690000;0.772100000
CVE-2007-6047;0.020010000;0.799300000
CVE-2007-6046;0.003140000;0.217900000
CVE-2007-6045;0.018260000;0.779540000
CVE-2007-6044;0.020230000;0.801770000
CVE-2007-6043;0.047250000;0.915190000
CVE-2007-6042;0.011280000;0.650020000
CVE-2007-6041;0.063260000;0.933850000
CVE-2007-6040;0.013970000;0.713210000
CVE-2007-6039;0.010270000;0.621700000
CVE-2007-6038;0.277540000;0.980270000
CVE-2007-6037;0.035790000;0.889870000
CVE-2007-6036;0.044120000;0.909910000
CVE-2007-6035;0.017960000;0.775430000
CVE-2007-6033;0.030000000;0.868520000
CVE-2007-6032;0.010240000;0.620820000
CVE-2007-6031;0.016020000;0.748270000
CVE-2007-6030;0.012390000;0.679160000
CVE-2007-6029;0.025930000;0.846980000
CVE-2007-6028;0.034660000;0.886270000
CVE-2007-6027;0.020730000;0.806810000
CVE-2007-6026;0.282680000;0.980570000
CVE-2007-6025;0.015400000;0.738920000
CVE-2007-6021;0.084020000;0.947990000
CVE-2007-6020;0.057410000;0.927950000
CVE-2007-6019;0.597700000;0.991020000
CVE-2007-6018;0.017740000;0.772900000
CVE-2007-6017;0.030600000;0.870940000
CVE-2007-6016;0.504190000;0.988760000
CVE-2007-6015;0.274820000;0.980090000
CVE-2007-6014;0.012990000;0.692670000
CVE-2007-6013;0.032790000;0.879730000
CVE-2007-6012;0.010970000;0.642470000
CVE-2007-6011;0.028850000;0.863330000
CVE-2007-6010;0.016460000;0.754880000
CVE-2007-6009;0.039270000;0.899880000
CVE-2007-6008;0.030200000;0.869320000
CVE-2007-6007;0.030120000;0.869020000
CVE-2007-6006;0.014370000;0.720760000
CVE-2007-6005;0.021540000;0.814190000
CVE-2007-6004;0.010060000;0.615140000
CVE-2007-6003;0.011960000;0.668290000
CVE-2007-6002;0.022160000;0.819370000
CVE-2007-6001;0.020310000;0.802530000
CVE-2007-6000;0.033380000;0.882010000
CVE-2007-5999;0.010060000;0.615140000
CVE-2007-5998;0.008690000;0.571420000
CVE-2007-5997;0.008690000;0.571430000
CVE-2007-5996;0.009870000;0.609290000
CVE-2007-5995;0.020160000;0.801130000
CVE-2007-5994;0.012250000;0.676070000
CVE-2007-5993;0.019120000;0.789780000
CVE-2007-5992;0.011330000;0.651070000
CVE-2007-5991;0.010630000;0.632250000
CVE-2007-5990;0.012630000;0.684870000
CVE-2007-5989;0.044210000;0.910100000
CVE-2007-5988;0.015470000;0.739950000
CVE-2007-5987;0.013220000;0.697500000
CVE-2007-5986;0.010960000;0.642020000
CVE-2007-5985;0.017070000;0.763800000
CVE-2007-5984;0.084510000;0.948250000
CVE-2007-5983;0.020160000;0.801170000
CVE-2007-5982;0.030530000;0.870700000
CVE-2007-5981;0.005460000;0.435320000
CVE-2007-5980;0.012630000;0.684900000
CVE-2007-5979;0.025970000;0.847240000
CVE-2007-5978;0.009910000;0.610410000
CVE-2007-5977;0.012500000;0.682000000
CVE-2007-5976;0.013070000;0.694300000
CVE-2007-5975;0.010700000;0.634470000
CVE-2007-5974;0.012670000;0.685760000
CVE-2007-5973;0.009870000;0.609200000
CVE-2007-5972;0.026760000;0.852190000
CVE-2007-5971;0.003700000;0.283890000
CVE-2007-5970;0.021310000;0.812230000
CVE-2007-5969;0.142600000;0.964760000
CVE-2007-5967;0.004800000;0.389630000
CVE-2007-5966;0.004780000;0.387460000
CVE-2007-5965;0.012800000;0.688430000
CVE-2007-5964;0.004790000;0.388340000
CVE-2007-5963;0.003510000;0.261540000
CVE-2007-5962;0.120610000;0.960050000
CVE-2007-5961;0.010830000;0.638020000
CVE-2007-5960;0.014690000;0.726870000
CVE-2007-5959;0.054430000;0.924440000
CVE-2007-5958;0.053320000;0.923310000
CVE-2007-5957;0.003520000;0.263470000
CVE-2007-5956;0.004500000;0.366100000
CVE-2007-5955;0.012230000;0.675390000
CVE-2007-5954;0.011270000;0.649870000
CVE-2007-5953;0.010430000;0.626610000
CVE-2007-5952;0.014650000;0.726160000
CVE-2007-5951;0.009910000;0.610410000
CVE-2007-5950;0.012230000;0.675310000
CVE-2007-5949;0.009960000;0.612080000
CVE-2007-5948;0.010650000;0.633410000
CVE-2007-5947;0.027120000;0.854170000
CVE-2007-5946;0.004850000;0.392780000
CVE-2007-5945;0.014420000;0.721540000
CVE-2007-5944;0.017860000;0.774240000
CVE-2007-5943;0.010640000;0.632760000
CVE-2007-5942;0.008900000;0.577550000
CVE-2007-5941;0.323380000;0.982740000
CVE-2007-5940;0.004030000;0.319800000
CVE-2007-5939;0.037960000;0.896160000
CVE-2007-5938;0.021400000;0.812950000
CVE-2007-5937;0.031510000;0.874460000
CVE-2007-5936;0.003990000;0.315280000
CVE-2007-5935;0.039530000;0.900590000
CVE-2007-5934;0.016210000;0.751170000
CVE-2007-5933;0.020220000;0.801710000
CVE-2007-5932;0.019200000;0.790700000
CVE-2007-5931;0.012560000;0.683430000
CVE-2007-5930;0.012230000;0.675350000
CVE-2007-5929;0.041110000;0.904190000
CVE-2007-5928;0.017650000;0.771410000
CVE-2007-5927;0.039720000;0.901110000
CVE-2007-5926;0.034410000;0.885420000
CVE-2007-5925;0.113510000;0.958460000
CVE-2007-5924;0.012230000;0.675310000
CVE-2007-5923;0.013600000;0.706070000
CVE-2007-5922;0.010430000;0.626610000
CVE-2007-5921;0.003280000;0.233370000
CVE-2007-5920;0.022510000;0.822240000
CVE-2007-5919;0.012180000;0.674200000
CVE-2007-5918;0.007840000;0.542500000
CVE-2007-5917;0.005990000;0.465100000
CVE-2007-5916;0.010630000;0.632230000
CVE-2007-5915;0.018100000;0.777410000
CVE-2007-5914;0.054320000;0.924330000
CVE-2007-5913;0.072550000;0.941310000
CVE-2007-5912;0.009670000;0.602170000
CVE-2007-5911;0.040130000;0.902050000
CVE-2007-5910;0.066190000;0.936270000
CVE-2007-5909;0.209060000;0.974840000
CVE-2007-5907;0.003540000;0.265210000
CVE-2007-5906;0.003240000;0.229710000
CVE-2007-5905;0.130820000;0.962240000
CVE-2007-5904;0.023780000;0.831950000
CVE-2007-5902;0.059140000;0.929830000
CVE-2007-5901;0.004710000;0.382280000
CVE-2007-5900;0.003400000;0.249450000
CVE-2007-5899;0.033930000;0.883800000
CVE-2007-5898;0.027880000;0.858540000
CVE-2007-5897;0.037030000;0.893480000
CVE-2007-5896;0.011740000;0.662320000
CVE-2007-5894;0.026850000;0.852620000
CVE-2007-5893;0.021790000;0.816210000
CVE-2007-5892;0.174630000;0.970320000
CVE-2007-5891;0.010330000;0.623570000
CVE-2007-5890;0.032400000;0.878060000
CVE-2007-5889;0.040670000;0.903160000
CVE-2007-5888;0.010650000;0.633050000
CVE-2007-5887;0.009870000;0.609240000
CVE-2007-5863;0.229820000;0.976810000
CVE-2007-5862;0.026560000;0.850850000
CVE-2007-5861;0.023550000;0.830470000
CVE-2007-5860;0.004020000;0.318220000
CVE-2007-5859;0.055890000;0.926210000
CVE-2007-5858;0.030960000;0.872350000
CVE-2007-5857;0.028460000;0.861510000
CVE-2007-5856;0.024090000;0.834200000
CVE-2007-5855;0.019110000;0.789730000
CVE-2007-5854;0.012710000;0.686480000
CVE-2007-5853;0.027970000;0.859000000
CVE-2007-5851;0.007420000;0.528330000
CVE-2007-5850;0.029010000;0.864140000
CVE-2007-5849;0.136100000;0.963410000
CVE-2007-5848;0.005490000;0.436980000
CVE-2007-5847;0.002550000;0.153540000
CVE-2007-5846;0.289660000;0.981000000
CVE-2007-5845;0.029800000;0.867590000
CVE-2007-5844;0.023470000;0.829830000
CVE-2007-5843;0.375310000;0.984860000
CVE-2007-5842;0.464610000;0.987810000
CVE-2007-5841;0.313790000;0.982230000
CVE-2007-5840;0.031780000;0.875580000
CVE-2007-5839;0.003790000;0.292140000
CVE-2007-5838;0.003850000;0.299430000
CVE-2007-5837;0.062150000;0.932860000
CVE-2007-5836;0.010010000;0.613640000
CVE-2007-5835;0.012020000;0.669790000
CVE-2007-5834;0.010220000;0.620020000
CVE-2007-5833;0.006880000;0.507880000
CVE-2007-5832;0.013590000;0.705880000
CVE-2007-5831;0.015440000;0.739510000
CVE-2007-5830;0.016190000;0.750920000
CVE-2007-5829;0.003090000;0.212510000
CVE-2007-5828;0.007490000;0.530510000
CVE-2007-5827;0.003270000;0.232590000
CVE-2007-5826;0.036790000;0.892740000
CVE-2007-5825;0.037230000;0.894080000
CVE-2007-5824;0.055920000;0.926250000
CVE-2007-5823;0.026410000;0.849900000
CVE-2007-5822;0.033110000;0.881110000
CVE-2007-5821;0.055250000;0.925310000
CVE-2007-5820;0.029720000;0.867240000
CVE-2007-5819;0.003070000;0.210710000
CVE-2007-5818;0.009350000;0.592190000
CVE-2007-5817;0.010280000;0.622070000
CVE-2007-5816;0.025180000;0.842030000
CVE-2007-5815;0.045260000;0.911980000
CVE-2007-5814;0.057230000;0.927720000
CVE-2007-5813;0.028190000;0.860190000
CVE-2007-5812;0.061430000;0.932150000
CVE-2007-5811;0.019150000;0.790110000
CVE-2007-5810;0.007810000;0.541760000
CVE-2007-5809;0.010650000;0.633080000
CVE-2007-5808;0.014420000;0.721550000
CVE-2007-5807;0.028400000;0.861230000
CVE-2007-5806;0.013130000;0.695550000
CVE-2007-5805;0.003060000;0.210150000
CVE-2007-5804;0.003080000;0.211100000
CVE-2007-5803;0.017740000;0.772870000
CVE-2007-5802;0.039200000;0.899680000
CVE-2007-5801;0.011640000;0.659560000
CVE-2007-5800;0.365430000;0.984450000
CVE-2007-5799;0.006130000;0.472310000
CVE-2007-5798;0.012630000;0.684890000
CVE-2007-5797;0.031450000;0.874230000
CVE-2007-5796;0.023460000;0.829770000
CVE-2007-5795;0.007180000;0.519450000
CVE-2007-5794;0.011640000;0.659770000
CVE-2007-5793;0.015990000;0.747840000
CVE-2007-5792;0.012410000;0.679650000
CVE-2007-5791;0.037100000;0.893610000
CVE-2007-5790;0.003000000;0.203620000
CVE-2007-5789;0.016700000;0.758310000
CVE-2007-5788;0.015280000;0.736830000
CVE-2007-5787;0.012560000;0.683420000
CVE-2007-5786;0.024170000;0.834930000
CVE-2007-5785;0.010370000;0.624770000
CVE-2007-5784;0.020730000;0.806830000
CVE-2007-5783;0.010060000;0.615140000
CVE-2007-5782;0.028190000;0.860180000
CVE-2007-5781;0.385600000;0.985300000
CVE-2007-5780;0.023650000;0.831130000
CVE-2007-5779;0.715120000;0.993990000
CVE-2007-5778;0.011900000;0.666750000
CVE-2007-5777;0.012050000;0.670410000
CVE-2007-5776;0.027470000;0.856130000
CVE-2007-5775;0.269090000;0.979720000
CVE-2007-5774;0.026030000;0.847550000
CVE-2007-5773;0.008760000;0.573550000
CVE-2007-5772;0.038310000;0.897220000
CVE-2007-5771;0.060730000;0.931470000
CVE-2007-5770;0.018700000;0.784950000
CVE-2007-5769;0.016940000;0.761870000
CVE-2007-5768;0.010640000;0.632730000
CVE-2007-5767;0.067620000;0.937480000
CVE-2007-5766;0.013090000;0.694620000
CVE-2007-5764;0.005170000;0.416500000
CVE-2007-5762;0.008800000;0.574730000
CVE-2007-5761;0.003530000;0.264300000
CVE-2007-5760;0.032860000;0.880090000
CVE-2007-5758;0.005670000;0.447910000
CVE-2007-5757;0.003290000;0.234520000
CVE-2007-5756;0.005860000;0.458370000
CVE-2007-5755;0.129720000;0.961920000
CVE-2007-5754;0.020730000;0.806820000
CVE-2007-5753;0.013710000;0.708220000
CVE-2007-5752;0.028100000;0.859650000
CVE-2007-5751;0.003410000;0.250140000
CVE-2007-5747;0.041050000;0.904060000
CVE-2007-5746;0.046470000;0.914090000
CVE-2007-5745;0.041050000;0.904050000
CVE-2007-5743;0.011020000;0.643420000
CVE-2007-5742;0.028350000;0.860940000
CVE-2007-5741;0.022050000;0.818480000
CVE-2007-5740;0.123830000;0.960660000
CVE-2007-5739;0.027240000;0.854810000
CVE-2007-5738;0.013440000;0.702590000
CVE-2007-5737;0.023850000;0.832500000
CVE-2007-5736;0.013220000;0.697510000
CVE-2007-5735;0.012180000;0.674180000
CVE-2007-5734;0.013590000;0.705830000
CVE-2007-5733;0.023850000;0.832500000
CVE-2007-5732;0.015050000;0.733060000
CVE-2007-5731;0.071350000;0.940500000
CVE-2007-5730;0.006070000;0.468810000
CVE-2007-5729;0.005850000;0.457610000
CVE-2007-5728;0.146390000;0.965420000
CVE-2007-5727;0.019200000;0.790700000
CVE-2007-5726;0.023090000;0.826840000
CVE-2007-5725;0.014650000;0.726170000
CVE-2007-5724;0.017340000;0.767180000
CVE-2007-5723;0.016190000;0.750950000
CVE-2007-5722;0.116950000;0.959260000
CVE-2007-5721;0.020160000;0.801140000
CVE-2007-5720;0.019620000;0.795240000
CVE-2007-5719;0.010060000;0.615190000
CVE-2007-5718;0.003500000;0.260640000
CVE-2007-5717;0.033170000;0.881310000
CVE-2007-5716;0.023690000;0.831380000
CVE-2007-5715;0.010680000;0.634020000
CVE-2007-5714;0.018010000;0.776160000
CVE-2007-5713;0.023300000;0.828480000
CVE-2007-5712;0.018140000;0.778010000
CVE-2007-5711;0.017550000;0.770170000
CVE-2007-5710;0.070030000;0.939420000
CVE-2007-5709;0.109190000;0.957340000
CVE-2007-5708;0.026180000;0.848470000
CVE-2007-5707;0.036530000;0.892040000
CVE-2007-5706;0.026660000;0.851480000
CVE-2007-5705;0.008570000;0.567600000
CVE-2007-5704;0.012990000;0.692670000
CVE-2007-5703;0.018840000;0.786440000
CVE-2007-5702;0.013660000;0.707230000
CVE-2007-5701;0.002050000;0.093970000
CVE-2007-5700;0.011860000;0.665820000
CVE-2007-5699;0.037100000;0.893610000
CVE-2007-5698;0.010220000;0.620050000
CVE-2007-5697;0.023010000;0.826190000
CVE-2007-5696;0.011440000;0.653970000
CVE-2007-5695;0.022070000;0.818720000
CVE-2007-5694;0.075630000;0.943170000
CVE-2007-5693;0.050780000;0.920380000
CVE-2007-5692;0.047720000;0.915950000
CVE-2007-5691;0.011290000;0.650330000
CVE-2007-5690;0.003550000;0.267200000
CVE-2007-5689;0.048940000;0.917730000
CVE-2007-5688;0.010020000;0.613950000
CVE-2007-5687;0.057410000;0.927950000
CVE-2007-5686;0.009420000;0.594260000
CVE-2007-5685;0.034770000;0.886650000
CVE-2007-5684;0.030240000;0.869520000
CVE-2007-5683;0.008850000;0.576050000
CVE-2007-5682;0.025790000;0.845980000
CVE-2007-5679;0.011750000;0.662930000
CVE-2007-5678;0.015330000;0.737690000
CVE-2007-5677;0.014650000;0.726130000
CVE-2007-5676;0.022910000;0.825420000
CVE-2007-5675;0.030680000;0.871260000
CVE-2007-5674;0.020960000;0.809060000
CVE-2007-5673;0.011070000;0.644710000
CVE-2007-5671;0.003880000;0.302730000
CVE-2007-5667;0.003660000;0.278650000
CVE-2007-5666;0.013680000;0.707470000
CVE-2007-5665;0.003670000;0.279320000
CVE-2007-5664;0.003420000;0.251680000
CVE-2007-5663;0.132730000;0.962590000
CVE-2007-5661;0.022460000;0.821880000
CVE-2007-5660;0.366190000;0.984490000
CVE-2007-5659;0.874230000;0.997530000
CVE-2007-5658;0.064010000;0.934370000
CVE-2007-5657;0.055500000;0.925640000
CVE-2007-5656;0.054370000;0.924380000
CVE-2007-5655;0.055500000;0.925640000
CVE-2007-5654;0.410640000;0.986190000
CVE-2007-5653;0.048200000;0.916590000
CVE-2007-5652;0.017910000;0.774880000
CVE-2007-5651;0.018260000;0.779450000
CVE-2007-5650;0.023680000;0.831320000
CVE-2007-5649;0.015210000;0.735660000
CVE-2007-5648;0.014520000;0.723370000
CVE-2007-5647;0.014840000;0.729450000
CVE-2007-5646;0.029920000;0.868170000
CVE-2007-5644;0.021270000;0.811880000
CVE-2007-5643;0.012070000;0.670890000
CVE-2007-5642;0.062160000;0.932860000
CVE-2007-5641;0.402550000;0.985930000
CVE-2007-5640;0.018190000;0.778600000
CVE-2007-5639;0.017900000;0.774690000
CVE-2007-5638;0.014730000;0.727470000
CVE-2007-5637;0.031340000;0.873800000
CVE-2007-5636;0.066850000;0.936730000
CVE-2007-5635;0.014460000;0.722350000
CVE-2007-5634;0.003940000;0.309550000
CVE-2007-5633;0.009350000;0.592120000
CVE-2007-5632;0.003870000;0.301040000
CVE-2007-5631;0.394160000;0.985630000
CVE-2007-5630;0.011470000;0.654630000
CVE-2007-5629;0.012700000;0.686340000
CVE-2007-5628;0.277540000;0.980270000
CVE-2007-5627;0.020730000;0.806820000
CVE-2007-5626;0.002920000;0.195360000
CVE-2007-5625;0.033870000;0.883610000
CVE-2007-5624;0.020010000;0.799340000
CVE-2007-5623;0.027740000;0.857880000
CVE-2007-5622;0.020790000;0.807340000
CVE-2007-5621;0.008420000;0.562090000
CVE-2007-5620;0.062700000;0.933360000
CVE-2007-5619;0.003710000;0.284200000
CVE-2007-5618;0.004510000;0.366720000
CVE-2007-5617;0.021670000;0.815220000
CVE-2007-5616;0.009420000;0.594390000
CVE-2007-5615;0.035970000;0.890400000
CVE-2007-5614;0.039780000;0.901260000
CVE-2007-5613;0.028930000;0.863760000
CVE-2007-5612;0.023930000;0.833080000
CVE-2007-5610;0.088190000;0.950150000
CVE-2007-5608;0.035900000;0.890180000
CVE-2007-5607;0.128080000;0.961560000
CVE-2007-5606;0.128090000;0.961570000
CVE-2007-5605;0.089220000;0.950660000
CVE-2007-5604;0.116680000;0.959180000
CVE-2007-5603;0.379810000;0.985060000
CVE-2007-5602;0.083770000;0.947850000
CVE-2007-5601;0.423650000;0.986580000
CVE-2007-5600;0.018770000;0.785750000
CVE-2007-5599;0.012310000;0.677390000
CVE-2007-5598;0.014190000;0.717310000
CVE-2007-5597;0.014510000;0.723290000
CVE-2007-5596;0.016310000;0.752550000
CVE-2007-5595;0.019920000;0.798470000
CVE-2007-5594;0.012000000;0.669210000
CVE-2007-5593;0.037710000;0.895480000
CVE-2007-5592;0.287470000;0.980850000
CVE-2007-5591;0.022920000;0.825500000
CVE-2007-5590;0.036410000;0.891650000
CVE-2007-5589;0.033260000;0.881550000
CVE-2007-5588;0.010890000;0.639700000
CVE-2007-5587;0.029030000;0.864260000
CVE-2007-5585;0.016860000;0.760930000
CVE-2007-5584;0.019780000;0.796850000
CVE-2007-5583;0.059890000;0.930590000
CVE-2007-5582;0.015690000;0.743460000
CVE-2007-5581;0.012230000;0.675360000
CVE-2007-5580;0.064300000;0.934690000
CVE-2007-5579;0.023530000;0.830340000
CVE-2007-5578;0.018060000;0.776820000
CVE-2007-5577;0.021510000;0.814050000
CVE-2007-5576;0.010020000;0.613980000
CVE-2007-5575;0.004340000;0.351340000
CVE-2007-5574;0.275980000;0.980170000
CVE-2007-5573;0.025660000;0.845120000
CVE-2007-5572;0.005470000;0.435460000
CVE-2007-5571;0.017640000;0.771380000
CVE-2007-5570;0.032180000;0.877290000
CVE-2007-5569;0.016840000;0.760500000
CVE-2007-5568;0.021800000;0.816290000
CVE-2007-5567;0.022760000;0.824110000
CVE-2007-5566;0.012090000;0.671820000
CVE-2007-5565;0.012840000;0.689180000
CVE-2007-5564;0.010280000;0.621960000
CVE-2007-5563;0.013590000;0.705870000
CVE-2007-5562;0.017900000;0.774730000
CVE-2007-5561;0.077210000;0.944150000
CVE-2007-5560;0.042580000;0.907150000
CVE-2007-5559;0.054770000;0.924800000
CVE-2007-5558;0.015600000;0.742130000
CVE-2007-5557;0.014650000;0.725940000
CVE-2007-5556;0.014650000;0.725940000
CVE-2007-5555;0.003280000;0.233380000
CVE-2007-5554;0.023080000;0.826810000
CVE-2007-5552;0.028890000;0.863510000
CVE-2007-5551;0.019160000;0.790240000
CVE-2007-5550;0.015880000;0.746230000
CVE-2007-5549;0.003740000;0.287740000
CVE-2007-5548;0.003550000;0.266790000
CVE-2007-5547;0.012720000;0.686890000
CVE-2007-5546;0.040930000;0.903770000
CVE-2007-5545;0.025380000;0.843350000
CVE-2007-5544;0.002700000;0.172660000
CVE-2007-5543;0.039520000;0.900550000
CVE-2007-5542;0.039520000;0.900540000
CVE-2007-5541;0.045430000;0.912300000
CVE-2007-5540;0.030500000;0.870550000
CVE-2007-5539;0.020980000;0.809340000
CVE-2007-5538;0.055310000;0.925390000
CVE-2007-5537;0.019780000;0.796860000
CVE-2007-5536;0.005190000;0.418000000
CVE-2007-5535;0.015410000;0.739070000
CVE-2007-5534;0.023030000;0.826390000
CVE-2007-5533;0.018860000;0.786730000
CVE-2007-5532;0.032040000;0.876610000
CVE-2007-5531;0.036300000;0.891320000
CVE-2007-5530;0.022380000;0.821310000
CVE-2007-5529;0.018700000;0.784980000
CVE-2007-5528;0.022380000;0.821320000
CVE-2007-5527;0.018700000;0.784980000
CVE-2007-5526;0.022380000;0.821320000
CVE-2007-5525;0.018700000;0.784980000
CVE-2007-5524;0.018700000;0.784960000
CVE-2007-5523;0.018700000;0.784960000
CVE-2007-5522;0.018700000;0.784970000
CVE-2007-5521;0.018700000;0.784970000
CVE-2007-5520;0.026610000;0.851170000
CVE-2007-5519;0.018700000;0.784960000
CVE-2007-5518;0.018700000;0.784950000
CVE-2007-5517;0.018700000;0.784970000
CVE-2007-5516;0.018700000;0.784970000
CVE-2007-5515;0.020490000;0.804400000
CVE-2007-5514;0.028000000;0.859110000
CVE-2007-5513;0.028950000;0.863910000
CVE-2007-5512;0.026610000;0.851170000
CVE-2007-5511;0.317580000;0.982420000
CVE-2007-5510;0.020320000;0.802640000
CVE-2007-5509;0.020490000;0.804400000
CVE-2007-5508;0.051580000;0.921380000
CVE-2007-5507;0.027600000;0.856860000
CVE-2007-5506;0.030610000;0.870970000
CVE-2007-5505;0.026610000;0.851170000
CVE-2007-5504;0.034900000;0.887120000
CVE-2007-5503;0.054860000;0.924910000
CVE-2007-5502;0.023120000;0.827100000
CVE-2007-5501;0.038220000;0.896940000
CVE-2007-5500;0.003960000;0.311570000
CVE-2007-5498;0.003420000;0.251580000
CVE-2007-5497;0.041050000;0.904080000
CVE-2007-5496;0.003850000;0.299100000
CVE-2007-5495;0.003010000;0.205040000
CVE-2007-5494;0.003910000;0.306090000
CVE-2007-5493;0.041780000;0.905590000
CVE-2007-5492;0.013950000;0.712780000
CVE-2007-5491;0.023410000;0.829360000
CVE-2007-5490;0.010060000;0.615180000
CVE-2007-5489;0.023340000;0.828860000
CVE-2007-5488;0.027120000;0.854170000
CVE-2007-5487;0.057570000;0.928090000
CVE-2007-5486;0.012220000;0.675140000
CVE-2007-5485;0.010060000;0.615190000
CVE-2007-5484;0.028960000;0.863930000
CVE-2007-5483;0.018260000;0.779550000
CVE-2007-5482;0.017470000;0.768860000
CVE-2007-5481;0.014280000;0.719120000
CVE-2007-5480;0.017650000;0.771540000
CVE-2007-5479;0.010220000;0.620050000
CVE-2007-5478;0.015110000;0.734150000
CVE-2007-5477;0.012230000;0.675260000
CVE-2007-5476;0.090810000;0.951290000
CVE-2007-5475;0.018570000;0.783520000
CVE-2007-5474;0.017990000;0.775940000
CVE-2007-5473;0.012510000;0.682040000
CVE-2007-5472;0.024050000;0.833980000
CVE-2007-5471;0.026030000;0.847570000
CVE-2007-5470;0.020040000;0.799690000
CVE-2007-5469;0.016240000;0.751520000
CVE-2007-5468;0.015880000;0.746340000
CVE-2007-5467;0.135220000;0.963210000
CVE-2007-5466;0.198890000;0.973400000
CVE-2007-5465;0.024870000;0.839830000
CVE-2007-5464;0.043480000;0.908800000
CVE-2007-5463;0.009770000;0.606270000
CVE-2007-5462;0.022370000;0.821230000
CVE-2007-5461;0.396810000;0.985730000
CVE-2007-5460;0.022190000;0.819630000
CVE-2007-5459;0.010090000;0.616370000
CVE-2007-5458;0.009450000;0.595190000
CVE-2007-5457;0.375810000;0.984880000
CVE-2007-5456;0.198910000;0.973400000
CVE-2007-5455;0.015210000;0.735660000
CVE-2007-5454;0.015510000;0.740870000
CVE-2007-5453;0.039100000;0.899260000
CVE-2007-5452;0.028950000;0.863880000
CVE-2007-5451;0.312470000;0.982180000
CVE-2007-5450;0.049010000;0.917820000
CVE-2007-5449;0.014410000;0.721330000
CVE-2007-5448;0.019680000;0.795740000
CVE-2007-5447;0.045820000;0.913070000
CVE-2007-5446;0.057900000;0.928480000
CVE-2007-5445;0.025120000;0.841490000
CVE-2007-5444;0.012050000;0.670410000
CVE-2007-5443;0.010650000;0.633110000
CVE-2007-5442;0.007000000;0.512460000
CVE-2007-5441;0.011080000;0.644970000
CVE-2007-5440;0.032200000;0.877390000
CVE-2007-5439;0.023280000;0.828360000
CVE-2007-5438;0.003660000;0.278820000
CVE-2007-5437;0.025860000;0.846370000
CVE-2007-5436;0.049500000;0.918610000
CVE-2007-5435;0.015010000;0.732520000
CVE-2007-5434;0.010650000;0.633120000
CVE-2007-5433;0.012700000;0.686350000
CVE-2007-5432;0.013590000;0.705860000
CVE-2007-5431;0.015500000;0.740600000
CVE-2007-5430;0.018890000;0.787040000
CVE-2007-5429;0.017300000;0.766670000
CVE-2007-5428;0.015110000;0.734170000
CVE-2007-5427;0.019260000;0.791320000
CVE-2007-5426;0.017900000;0.774720000
CVE-2007-5425;0.011310000;0.650860000
CVE-2007-5424;0.016890000;0.761170000
CVE-2007-5423;0.766610000;0.995300000
CVE-2007-5422;0.003760000;0.290050000
CVE-2007-5420;0.019040000;0.788870000
CVE-2007-5419;0.021690000;0.815390000
CVE-2007-5418;0.027330000;0.855300000
CVE-2007-5417;0.034220000;0.884710000
CVE-2007-5416;0.044180000;0.910050000
CVE-2007-5415;0.007420000;0.528200000
CVE-2007-5414;0.008970000;0.579530000
CVE-2007-5413;0.027720000;0.857590000
CVE-2007-5412;0.375310000;0.984860000
CVE-2007-5411;0.014650000;0.726140000
CVE-2007-5410;0.053670000;0.923690000
CVE-2007-5409;0.020730000;0.806830000
CVE-2007-5408;0.009740000;0.605420000
CVE-2007-5407;0.402370000;0.985930000
CVE-2007-5406;0.030030000;0.868690000
CVE-2007-5405;0.057410000;0.927950000
CVE-2007-5404;0.011860000;0.665640000
CVE-2007-5403;0.010820000;0.637940000
CVE-2007-5402;0.009320000;0.591180000
CVE-2007-5401;0.011080000;0.644970000
CVE-2007-5400;0.067650000;0.937520000
CVE-2007-5399;0.055310000;0.925380000
CVE-2007-5398;0.113960000;0.958550000
CVE-2007-5397;0.028720000;0.862730000
CVE-2007-5396;0.024730000;0.838940000
CVE-2007-5395;0.069970000;0.939380000
CVE-2007-5394;0.084020000;0.947990000
CVE-2007-5393;0.064080000;0.934420000
CVE-2007-5392;0.064080000;0.934420000
CVE-2007-5391;0.041240000;0.904460000
CVE-2007-5390;0.043670000;0.909220000
CVE-2007-5389;0.014050000;0.714810000
CVE-2007-5388;0.383810000;0.985220000
CVE-2007-5387;0.288640000;0.980940000
CVE-2007-5386;0.033260000;0.881550000
CVE-2007-5385;0.010600000;0.631600000
CVE-2007-5384;0.006090000;0.469950000
CVE-2007-5383;0.038450000;0.897610000
CVE-2007-5382;0.025660000;0.845060000
CVE-2007-5381;0.146820000;0.965520000
CVE-2007-5380;0.035760000;0.889780000
CVE-2007-5379;0.039690000;0.901030000
CVE-2007-5378;0.026430000;0.850040000
CVE-2007-5377;0.003070000;0.210780000
CVE-2007-5375;0.014420000;0.721630000
CVE-2007-5374;0.021850000;0.816650000
CVE-2007-5373;0.003410000;0.250130000
CVE-2007-5372;0.024070000;0.834060000
CVE-2007-5371;0.009880000;0.609640000
CVE-2007-5370;0.017860000;0.774240000
CVE-2007-5369;0.025430000;0.843600000
CVE-2007-5368;0.003550000;0.266860000
CVE-2007-5367;0.003550000;0.266850000
CVE-2007-5366;0.021740000;0.815830000
CVE-2007-5365;0.802650000;0.996100000
CVE-2007-5364;0.023810000;0.832190000
CVE-2007-5363;0.313880000;0.982230000
CVE-2007-5362;0.365350000;0.984440000
CVE-2007-5361;0.023540000;0.830410000
CVE-2007-5360;0.153270000;0.966610000
CVE-2007-5358;0.038590000;0.897970000
CVE-2007-5355;0.171160000;0.969840000
CVE-2007-5352;0.025710000;0.845470000
CVE-2007-5351;0.412430000;0.986240000
CVE-2007-5350;0.037000000;0.893390000
CVE-2007-5348;0.528860000;0.989390000
CVE-2007-5347;0.280320000;0.980440000
CVE-2007-5344;0.274830000;0.980090000
CVE-2007-5342;0.051560000;0.921370000
CVE-2007-5341;0.029910000;0.868120000
CVE-2007-5340;0.034300000;0.885060000
CVE-2007-5339;0.034300000;0.885060000
CVE-2007-5338;0.031530000;0.874540000
CVE-2007-5337;0.024410000;0.836580000
CVE-2007-5335;0.012880000;0.690010000
CVE-2007-5334;0.030170000;0.869210000
CVE-2007-5333;0.625750000;0.991660000
CVE-2007-5332;0.052920000;0.922900000
CVE-2007-5331;0.098970000;0.954190000
CVE-2007-5330;0.134900000;0.963130000
CVE-2007-5329;0.022360000;0.821110000
CVE-2007-5328;0.069660000;0.939070000
CVE-2007-5327;0.160840000;0.968120000
CVE-2007-5326;0.118820000;0.959640000
CVE-2007-5325;0.118820000;0.959630000
CVE-2007-5323;0.053590000;0.923590000
CVE-2007-5322;0.185760000;0.971650000
CVE-2007-5321;0.023350000;0.828960000
CVE-2007-5320;0.065070000;0.935370000
CVE-2007-5319;0.012640000;0.685240000
CVE-2007-5318;0.012180000;0.674220000
CVE-2007-5316;0.013890000;0.711940000
CVE-2007-5315;0.385600000;0.985300000
CVE-2007-5314;0.023790000;0.832030000
CVE-2007-5313;0.027570000;0.856730000
CVE-2007-5312;0.022610000;0.822940000
CVE-2007-5311;0.030970000;0.872370000
CVE-2007-5310;0.043670000;0.909220000
CVE-2007-5309;0.057850000;0.928400000
CVE-2007-5308;0.011180000;0.647730000
CVE-2007-5307;0.023850000;0.832490000
CVE-2007-5306;0.028350000;0.860960000
CVE-2007-5305;0.093040000;0.952090000
CVE-2007-5304;0.037560000;0.895000000
CVE-2007-5303;0.010330000;0.623530000
CVE-2007-5302;0.028900000;0.863580000
CVE-2007-5301;0.102380000;0.955280000
CVE-2007-5300;0.049060000;0.917920000
CVE-2007-5299;0.082720000;0.947240000
CVE-2007-5298;0.074300000;0.942400000
CVE-2007-5297;0.012230000;0.675310000
CVE-2007-5296;0.010650000;0.633200000
CVE-2007-5295;0.010650000;0.633200000
CVE-2007-5294;0.056050000;0.926400000
CVE-2007-5293;0.023260000;0.828230000
CVE-2007-5292;0.010330000;0.623570000
CVE-2007-5291;0.010650000;0.633210000
CVE-2007-5290;0.038160000;0.896830000
CVE-2007-5289;0.086830000;0.949540000
CVE-2007-5283;0.012330000;0.677950000
CVE-2007-5282;0.012260000;0.676130000
CVE-2007-5281;0.021980000;0.817920000
CVE-2007-5280;0.010650000;0.633210000
CVE-2007-5279;0.047560000;0.915710000
CVE-2007-5278;0.020170000;0.801250000
CVE-2007-5277;0.097050000;0.953530000
CVE-2007-5276;0.013910000;0.712150000
CVE-2007-5275;0.061530000;0.932280000
CVE-2007-5274;0.026780000;0.852290000
CVE-2007-5273;0.026780000;0.852300000
CVE-2007-5272;0.010370000;0.624770000
CVE-2007-5271;0.287470000;0.980850000
CVE-2007-5270;0.013370000;0.700940000
CVE-2007-5269;0.047690000;0.915910000
CVE-2007-5268;0.030920000;0.872180000
CVE-2007-5267;0.019680000;0.795740000
CVE-2007-5266;0.034230000;0.884740000
CVE-2007-5265;0.053300000;0.923290000
CVE-2007-5264;0.031110000;0.872890000
CVE-2007-5263;0.041730000;0.905460000
CVE-2007-5262;0.035060000;0.887600000
CVE-2007-5261;0.019960000;0.798840000
CVE-2007-5260;0.010640000;0.632700000
CVE-2007-5259;0.005240000;0.421660000
CVE-2007-5258;0.013620000;0.706520000
CVE-2007-5257;0.152180000;0.966430000
CVE-2007-5256;0.070750000;0.939980000
CVE-2007-5255;0.020180000;0.801270000
CVE-2007-5254;0.004630000;0.376200000
CVE-2007-5253;0.088700000;0.950430000
CVE-2007-5252;0.039300000;0.899940000
CVE-2007-5251;0.005210000;0.419350000
CVE-2007-5250;0.015030000;0.732710000
CVE-2007-5249;0.016460000;0.754900000
CVE-2007-5248;0.074830000;0.942690000
CVE-2007-5247;0.051590000;0.921390000
CVE-2007-5246;0.066430000;0.936420000
CVE-2007-5245;0.088760000;0.950440000
CVE-2007-5244;0.375030000;0.984840000
CVE-2007-5243;0.400620000;0.985860000
CVE-2007-5242;0.020990000;0.809480000
CVE-2007-5241;0.024340000;0.836220000
CVE-2007-5240;0.029560000;0.866580000
CVE-2007-5239;0.025440000;0.843730000
CVE-2007-5238;0.026630000;0.851260000
CVE-2007-5237;0.032910000;0.880290000
CVE-2007-5236;0.029780000;0.867480000
CVE-2007-5235;0.012110000;0.672260000
CVE-2007-5234;0.423080000;0.986550000
CVE-2007-5233;0.010370000;0.624780000
CVE-2007-5232;0.034180000;0.884600000
CVE-2007-5231;0.019450000;0.793570000
CVE-2007-5230;0.046630000;0.914300000
CVE-2007-5229;0.048980000;0.917770000
CVE-2007-5228;0.008420000;0.562080000
CVE-2007-5227;0.010660000;0.633510000
CVE-2007-5226;0.016940000;0.761840000
CVE-2007-5225;0.009720000;0.604390000
CVE-2007-5224;0.015940000;0.747200000
CVE-2007-5223;0.014240000;0.718260000
CVE-2007-5222;0.016510000;0.755660000
CVE-2007-5221;0.027100000;0.854050000
CVE-2007-5220;0.011680000;0.660490000
CVE-2007-5219;0.156540000;0.967360000
CVE-2007-5218;0.017300000;0.766650000
CVE-2007-5217;0.299900000;0.981530000
CVE-2007-5216;0.013380000;0.701250000
CVE-2007-5215;0.013380000;0.701260000
CVE-2007-5214;0.023520000;0.830260000
CVE-2007-5213;0.016870000;0.761060000
CVE-2007-5212;0.019390000;0.792980000
CVE-2007-5211;0.010220000;0.620120000
CVE-2007-5210;0.009470000;0.595930000
CVE-2007-5209;0.039700000;0.901050000
CVE-2007-5208;0.672640000;0.992830000
CVE-2007-5207;0.003600000;0.272050000
CVE-2007-5201;0.003740000;0.287510000
CVE-2007-5200;0.003560000;0.267520000
CVE-2007-5199;0.022110000;0.819030000
CVE-2007-5198;0.080170000;0.945790000
CVE-2007-5197;0.036200000;0.891050000
CVE-2007-5196;0.021210000;0.811280000
CVE-2007-5195;0.018290000;0.779870000
CVE-2007-5194;0.002900000;0.193130000
CVE-2007-5193;0.016310000;0.752540000
CVE-2007-5191;0.004400000;0.357100000
CVE-2007-5190;0.019890000;0.798080000
CVE-2007-5189;0.010960000;0.642010000
CVE-2007-5188;0.024440000;0.836850000
CVE-2007-5187;0.041890000;0.905810000
CVE-2007-5186;0.468240000;0.987890000
CVE-2007-5185;0.422850000;0.986540000
CVE-2007-5184;0.124690000;0.960810000
CVE-2007-5183;0.012910000;0.690710000
CVE-2007-5182;0.012240000;0.675820000
CVE-2007-5181;0.011750000;0.662940000
CVE-2007-5180;0.011860000;0.665830000
CVE-2007-5179;0.008450000;0.563270000
CVE-2007-5178;0.030100000;0.868920000
CVE-2007-5177;0.009870000;0.609280000
CVE-2007-5176;0.018590000;0.783740000
CVE-2007-5175;0.019750000;0.796440000
CVE-2007-5174;0.030310000;0.869810000
CVE-2007-5173;0.027980000;0.859040000
CVE-2007-5172;0.012180000;0.674220000
CVE-2007-5171;0.011860000;0.665660000
CVE-2007-5170;0.014830000;0.729270000
CVE-2007-5169;0.101750000;0.955100000
CVE-2007-5168;0.013240000;0.697970000
CVE-2007-5167;0.012090000;0.671740000
CVE-2007-5166;0.013380000;0.701250000
CVE-2007-5165;0.011150000;0.646920000
CVE-2007-5164;0.012160000;0.673580000
CVE-2007-5163;0.012090000;0.671750000
CVE-2007-5162;0.016810000;0.760080000
CVE-2007-5161;0.022050000;0.818530000
CVE-2007-5160;0.012090000;0.671740000
CVE-2007-5159;0.003540000;0.264870000
CVE-2007-5158;0.150090000;0.966070000
CVE-2007-5157;0.023650000;0.831130000
CVE-2007-5156;0.080050000;0.945730000
CVE-2007-5155;0.055440000;0.925580000
CVE-2007-5154;0.008210000;0.555670000
CVE-2007-5153;0.034340000;0.885190000
CVE-2007-5152;0.028250000;0.860440000
CVE-2007-5151;0.010910000;0.640210000
CVE-2007-5150;0.010910000;0.640210000
CVE-2007-5149;0.030100000;0.868920000
CVE-2007-5148;0.011150000;0.646920000
CVE-2007-5147;0.011280000;0.650020000
CVE-2007-5146;0.016350000;0.753380000
CVE-2007-5145;0.128450000;0.961640000
CVE-2007-5144;0.165030000;0.968880000
CVE-2007-5143;0.003020000;0.205980000
CVE-2007-5142;0.011960000;0.668380000
CVE-2007-5141;0.010860000;0.639100000
CVE-2007-5140;0.023650000;0.831130000
CVE-2007-5139;0.020730000;0.806830000
CVE-2007-5138;0.020730000;0.806820000
CVE-2007-5137;0.048550000;0.917180000
CVE-2007-5136;0.010220000;0.620220000
CVE-2007-5135;0.160610000;0.968090000
CVE-2007-5134;0.024820000;0.839520000
CVE-2007-5133;0.229130000;0.976740000
CVE-2007-5132;0.002930000;0.196120000
CVE-2007-5131;0.011690000;0.660780000
CVE-2007-5130;0.011000000;0.642920000
CVE-2007-5129;0.018140000;0.777940000
CVE-2007-5128;0.012380000;0.678890000
CVE-2007-5127;0.019250000;0.791140000
CVE-2007-5126;0.015200000;0.735520000
CVE-2007-5124;0.018990000;0.788360000
CVE-2007-5123;0.010180000;0.618950000
CVE-2007-5122;0.010060000;0.615170000
CVE-2007-5121;0.013560000;0.705260000
CVE-2007-5120;0.023580000;0.830720000
CVE-2007-5119;0.012960000;0.692000000
CVE-2007-5118;0.003570000;0.268700000
CVE-2007-5117;0.035510000;0.888850000
CVE-2007-5116;0.048300000;0.916740000
CVE-2007-5115;0.013030000;0.693360000
CVE-2007-5114;0.012160000;0.673590000
CVE-2007-5113;0.029780000;0.867490000
CVE-2007-5112;0.023200000;0.827710000
CVE-2007-5111;0.043330000;0.908500000
CVE-2007-5110;0.071950000;0.940950000
CVE-2007-5109;0.005560000;0.441210000
CVE-2007-5108;0.024980000;0.840560000
CVE-2007-5107;0.358620000;0.984190000
CVE-2007-5106;0.022190000;0.819670000
CVE-2007-5105;0.043810000;0.909480000
CVE-2007-5104;0.010510000;0.628920000
CVE-2007-5103;0.013530000;0.704460000
CVE-2007-5102;0.385600000;0.985310000
CVE-2007-5101;0.004270000;0.344590000
CVE-2007-5100;0.024850000;0.839670000
CVE-2007-5099;0.529620000;0.989420000
CVE-2007-5098;0.459530000;0.987660000
CVE-2007-5097;0.013950000;0.712800000
CVE-2007-5096;0.013030000;0.693350000
CVE-2007-5095;0.151700000;0.966350000
CVE-2007-5094;0.043580000;0.909010000
CVE-2007-5093;0.003470000;0.257060000
CVE-2007-5092;0.023020000;0.826290000
CVE-2007-5091;0.010890000;0.639720000
CVE-2007-5090;0.019340000;0.792250000
CVE-2007-5089;0.034580000;0.886000000
CVE-2007-5088;0.010650000;0.633300000
CVE-2007-5087;0.003690000;0.281480000
CVE-2007-5086;0.004400000;0.357080000
CVE-2007-5085;0.032030000;0.876570000
CVE-2007-5084;0.018090000;0.777170000
CVE-2007-5083;0.186660000;0.971750000
CVE-2007-5082;0.634600000;0.991860000
CVE-2007-5081;0.053950000;0.923950000
CVE-2007-5080;0.077290000;0.944190000
CVE-2007-5079;0.015020000;0.732700000
CVE-2007-5078;0.012230000;0.675470000
CVE-2007-5072;0.012630000;0.684800000
CVE-2007-5071;0.030210000;0.869370000
CVE-2007-5070;0.070430000;0.939720000
CVE-2007-5069;0.029820000;0.867720000
CVE-2007-5068;0.010370000;0.624770000
CVE-2007-5067;0.732430000;0.994440000
CVE-2007-5066;0.024450000;0.836900000
CVE-2007-5065;0.423080000;0.986560000
CVE-2007-5064;0.038780000;0.898450000
CVE-2007-5063;0.062430000;0.933110000
CVE-2007-5062;0.023350000;0.828940000
CVE-2007-5061;0.011690000;0.660770000
CVE-2007-5060;0.008830000;0.575490000
CVE-2007-5059;0.018590000;0.783740000
CVE-2007-5058;0.015690000;0.743460000
CVE-2007-5057;0.046360000;0.913930000
CVE-2007-5056;0.278710000;0.980340000
CVE-2007-5055;0.024120000;0.834470000
CVE-2007-5054;0.423080000;0.986550000
CVE-2007-5053;0.021560000;0.814390000
CVE-2007-5052;0.015070000;0.733520000
CVE-2007-5051;0.010890000;0.639700000
CVE-2007-5050;0.029820000;0.867720000
CVE-2007-5048;0.041190000;0.904350000
CVE-2007-5047;0.003300000;0.235520000
CVE-2007-5046;0.010650000;0.633310000
CVE-2007-5045;0.034510000;0.885760000
CVE-2007-5044;0.002900000;0.193120000
CVE-2007-5043;0.003230000;0.227630000
CVE-2007-5042;0.003060000;0.209020000
CVE-2007-5041;0.003060000;0.209010000
CVE-2007-5040;0.002990000;0.202810000
CVE-2007-5039;0.003090000;0.212450000
CVE-2007-5038;0.019550000;0.794570000
CVE-2007-5037;0.030350000;0.869900000
CVE-2007-5036;0.096180000;0.953220000
CVE-2007-5035;0.013480000;0.703200000
CVE-2007-5034;0.025990000;0.847300000
CVE-2007-5033;0.010650000;0.633310000
CVE-2007-5032;0.005660000;0.447300000
CVE-2007-5031;0.017450000;0.768580000
CVE-2007-5030;0.017450000;0.768590000
CVE-2007-5029;0.017450000;0.768570000
CVE-2007-5028;0.013990000;0.713820000
CVE-2007-5027;0.016660000;0.757920000
CVE-2007-5026;0.025270000;0.842560000
CVE-2007-5025;0.011570000;0.657400000
CVE-2007-5024;0.003510000;0.261980000
CVE-2007-5023;0.003220000;0.226770000
CVE-2007-5022;0.020250000;0.802050000
CVE-2007-5020;0.204300000;0.974120000
CVE-2007-5019;0.104650000;0.955970000
CVE-2007-5018;0.036490000;0.891900000
CVE-2007-5017;0.025480000;0.843890000
CVE-2007-5016;0.010180000;0.618920000
CVE-2007-5015;0.385540000;0.985300000
CVE-2007-5014;0.014820000;0.729200000
CVE-2007-5013;0.010730000;0.635420000
CVE-2007-5012;0.010330000;0.623510000
CVE-2007-5011;0.024510000;0.837430000
CVE-2007-5010;0.015070000;0.733510000
CVE-2007-5009;0.450320000;0.987420000
CVE-2007-5008;0.036520000;0.892000000
CVE-2007-5007;0.038930000;0.898830000
CVE-2007-5006;0.211750000;0.975110000
CVE-2007-5005;0.052400000;0.922360000
CVE-2007-5004;0.089020000;0.950600000
CVE-2007-5003;0.672040000;0.992810000
CVE-2007-5001;0.003770000;0.290810000
CVE-2007-5000;0.466030000;0.987840000
CVE-2007-4999;0.018090000;0.777140000
CVE-2007-4998;0.003470000;0.257430000
CVE-2007-4997;0.032400000;0.878070000
CVE-2007-4996;0.017610000;0.771000000
CVE-2007-4995;0.105120000;0.956130000
CVE-2007-4994;0.011120000;0.645990000
CVE-2007-4993;0.006330000;0.482160000
CVE-2007-4992;0.076910000;0.943940000
CVE-2007-4991;0.161480000;0.968210000
CVE-2007-4990;0.107370000;0.956800000
CVE-2007-4988;0.030930000;0.872240000
CVE-2007-4987;0.038190000;0.896880000
CVE-2007-4986;0.032860000;0.880140000
CVE-2007-4985;0.018140000;0.778000000
CVE-2007-4984;0.009870000;0.609280000
CVE-2007-4983;0.472610000;0.988000000
CVE-2007-4982;0.104180000;0.955800000
CVE-2007-4981;0.012170000;0.673850000
CVE-2007-4980;0.047590000;0.915760000
CVE-2007-4979;0.010060000;0.615180000
CVE-2007-4978;0.027570000;0.856730000
CVE-2007-4977;0.033770000;0.883290000
CVE-2007-4976;0.085230000;0.948640000
CVE-2007-4975;0.017360000;0.767440000
CVE-2007-4974;0.044880000;0.911380000
CVE-2007-4972;0.002840000;0.187710000
CVE-2007-4971;0.002840000;0.187720000
CVE-2007-4970;0.002840000;0.187720000
CVE-2007-4969;0.002840000;0.187730000
CVE-2007-4968;0.002840000;0.187730000
CVE-2007-4967;0.003230000;0.228390000
CVE-2007-4966;0.014580000;0.724710000
CVE-2007-4965;0.139510000;0.964210000
CVE-2007-4964;0.028100000;0.859630000
CVE-2007-4963;0.019890000;0.798050000
CVE-2007-4962;0.059890000;0.930580000
CVE-2007-4961;0.012660000;0.685520000
CVE-2007-4960;0.012840000;0.689310000
CVE-2007-4959;0.010650000;0.633400000
CVE-2007-4958;0.010330000;0.623520000
CVE-2007-4957;0.073830000;0.942130000
CVE-2007-4956;0.035300000;0.888250000
CVE-2007-4955;0.299570000;0.981510000
CVE-2007-4954;0.287470000;0.980850000
CVE-2007-4953;0.010060000;0.615180000
CVE-2007-4952;0.009520000;0.597580000
CVE-2007-4951;0.012160000;0.673580000
CVE-2007-4950;0.012170000;0.673920000
CVE-2007-4949;0.012160000;0.673580000
CVE-2007-4948;0.014690000;0.726900000
CVE-2007-4947;0.035790000;0.889870000
CVE-2007-4946;0.012180000;0.674190000
CVE-2007-4945;0.010650000;0.633330000
CVE-2007-4944;0.021390000;0.812870000
CVE-2007-4943;0.033130000;0.881150000
CVE-2007-4942;0.022760000;0.824110000
CVE-2007-4941;0.030950000;0.872330000
CVE-2007-4940;0.043690000;0.909260000
CVE-2007-4939;0.119140000;0.959720000
CVE-2007-4938;0.160480000;0.968070000
CVE-2007-4937;0.025810000;0.846080000
CVE-2007-4936;0.013210000;0.697330000
CVE-2007-4935;0.022100000;0.818920000
CVE-2007-4934;0.217480000;0.975620000
CVE-2007-4933;0.024120000;0.834440000
CVE-2007-4932;0.025110000;0.841420000
CVE-2007-4931;0.004810000;0.389680000
CVE-2007-4930;0.021840000;0.816590000
CVE-2007-4929;0.019850000;0.797580000
CVE-2007-4928;0.003490000;0.259780000
CVE-2007-4927;0.017620000;0.771140000
CVE-2007-4926;0.030670000;0.871220000
CVE-2007-4925;0.031720000;0.875360000
CVE-2007-4924;0.106800000;0.956610000
CVE-2007-4923;0.415790000;0.986350000
CVE-2007-4922;0.008560000;0.567320000
CVE-2007-4921;0.527660000;0.989360000
CVE-2007-4920;0.011690000;0.660780000
CVE-2007-4919;0.009890000;0.610010000
CVE-2007-4918;0.016220000;0.751180000
CVE-2007-4917;0.014580000;0.724770000
CVE-2007-4916;0.196670000;0.973100000
CVE-2007-4915;0.681680000;0.993080000
CVE-2007-4914;0.013790000;0.709890000
CVE-2007-4913;0.012310000;0.677410000
CVE-2007-4912;0.010650000;0.633340000
CVE-2007-4911;0.033090000;0.881010000
CVE-2007-4910;0.014460000;0.722370000
CVE-2007-4909;0.035220000;0.888030000
CVE-2007-4908;0.028270000;0.860530000
CVE-2007-4907;0.082170000;0.946940000
CVE-2007-4906;0.383810000;0.985220000
CVE-2007-4905;0.070130000;0.939480000
CVE-2007-4904;0.027870000;0.858510000
CVE-2007-4903;0.093890000;0.952390000
CVE-2007-4902;0.056150000;0.926650000
CVE-2007-4901;0.027850000;0.858460000
CVE-2007-4900;0.012630000;0.684830000
CVE-2007-4899;0.014890000;0.730300000
CVE-2007-4898;0.008510000;0.565360000
CVE-2007-4897;0.108970000;0.957270000
CVE-2007-4896;0.017340000;0.767170000
CVE-2007-4895;0.027270000;0.854980000
CVE-2007-4894;0.036370000;0.891540000
CVE-2007-4893;0.015220000;0.735730000
CVE-2007-4892;0.012160000;0.673600000
CVE-2007-4891;0.310030000;0.982060000
CVE-2007-4890;0.163600000;0.968610000
CVE-2007-4889;0.012210000;0.674860000
CVE-2007-4888;0.007730000;0.538910000
CVE-2007-4887;0.017270000;0.766230000
CVE-2007-4886;0.020730000;0.806810000
CVE-2007-4885;0.009830000;0.607960000
CVE-2007-4884;0.009720000;0.604530000
CVE-2007-4883;0.008850000;0.576050000
CVE-2007-4882;0.010330000;0.623520000
CVE-2007-4881;0.012990000;0.692690000
CVE-2007-4880;0.759450000;0.995140000
CVE-2007-4879;0.012720000;0.686810000
CVE-2007-4874;0.018190000;0.778620000
CVE-2007-4873;0.014910000;0.730660000
CVE-2007-4872;0.018160000;0.778190000
CVE-2007-4863;0.011800000;0.664190000
CVE-2007-4862;0.018490000;0.782320000
CVE-2007-4861;0.018140000;0.777940000
CVE-2007-4850;0.055750000;0.925990000
CVE-2007-4849;0.003430000;0.252140000
CVE-2007-4848;0.075030000;0.942820000
CVE-2007-4847;0.005280000;0.424050000
CVE-2007-4846;0.024290000;0.835900000
CVE-2007-4845;0.010060000;0.615190000
CVE-2007-4844;0.012790000;0.688170000
CVE-2007-4843;0.032330000;0.877790000
CVE-2007-4842;0.026870000;0.852760000
CVE-2007-4841;0.026480000;0.850290000
CVE-2007-4840;0.031520000;0.874510000
CVE-2007-4839;0.009940000;0.611370000
CVE-2007-4838;0.060890000;0.931690000
CVE-2007-4837;0.012990000;0.692660000
CVE-2007-4836;0.012630000;0.684930000
CVE-2007-4835;0.012990000;0.692690000
CVE-2007-4834;0.585040000;0.990720000
CVE-2007-4833;0.017320000;0.766990000
CVE-2007-4832;0.036960000;0.893220000
CVE-2007-4831;0.010600000;0.631460000
CVE-2007-4830;0.010650000;0.633410000
CVE-2007-4829;0.042870000;0.907670000
CVE-2007-4828;0.013210000;0.697290000
CVE-2007-4827;0.047340000;0.915340000
CVE-2007-4826;0.016870000;0.760970000
CVE-2007-4825;0.034330000;0.885170000
CVE-2007-4824;0.004360000;0.353630000
CVE-2007-4823;0.004680000;0.379920000
CVE-2007-4822;0.006550000;0.493070000
CVE-2007-4821;0.092450000;0.951880000
CVE-2007-4820;0.023340000;0.828870000
CVE-2007-4819;0.015170000;0.735070000
CVE-2007-4818;0.555410000;0.990070000
CVE-2007-4817;0.072680000;0.941400000
CVE-2007-4816;0.091530000;0.951580000
CVE-2007-4815;0.394160000;0.985630000
CVE-2007-4814;0.457100000;0.987580000
CVE-2007-4813;0.008450000;0.563180000
CVE-2007-4812;0.030400000;0.870080000
CVE-2007-4811;0.019850000;0.797580000
CVE-2007-4810;0.012580000;0.683810000
CVE-2007-4809;0.563510000;0.990250000
CVE-2007-4808;0.035970000;0.890410000
CVE-2007-4807;0.032150000;0.877110000
CVE-2007-4806;0.032150000;0.877110000
CVE-2007-4805;0.073830000;0.942140000
CVE-2007-4804;0.033460000;0.882300000
CVE-2007-4803;0.038850000;0.898670000
CVE-2007-4802;0.089640000;0.950870000
CVE-2007-4799;0.003350000;0.243050000
CVE-2007-4798;0.003350000;0.242910000
CVE-2007-4797;0.003740000;0.287610000
CVE-2007-4796;0.003740000;0.287620000
CVE-2007-4795;0.003740000;0.287610000
CVE-2007-4794;0.003790000;0.292220000
CVE-2007-4793;0.003740000;0.287620000
CVE-2007-4792;0.003740000;0.287600000
CVE-2007-4791;0.003880000;0.303030000
CVE-2007-4790;0.549080000;0.989940000
CVE-2007-4789;0.019780000;0.796850000
CVE-2007-4788;0.019780000;0.796820000
CVE-2007-4787;0.056660000;0.927110000
CVE-2007-4786;0.004970000;0.401300000
CVE-2007-4785;0.018570000;0.783500000
CVE-2007-4784;0.025450000;0.843740000
CVE-2007-4783;0.036280000;0.891270000
CVE-2007-4782;0.046960000;0.914790000
CVE-2007-4781;0.051880000;0.921750000
CVE-2007-4780;0.015260000;0.736440000
CVE-2007-4779;0.012790000;0.688140000
CVE-2007-4778;0.012990000;0.692660000
CVE-2007-4777;0.014320000;0.719840000
CVE-2007-4776;0.489640000;0.988420000
CVE-2007-4774;0.017300000;0.766620000
CVE-2007-4773;0.017350000;0.767390000
CVE-2007-4772;0.038120000;0.896730000
CVE-2007-4771;0.025380000;0.843360000
CVE-2007-4770;0.029340000;0.865680000
CVE-2007-4769;0.036440000;0.891760000
CVE-2007-4768;0.040970000;0.903860000
CVE-2007-4767;0.050700000;0.920250000
CVE-2007-4766;0.041600000;0.905220000
CVE-2007-4764;0.015050000;0.733070000
CVE-2007-4763;0.029180000;0.864940000
CVE-2007-4762;0.011500000;0.655680000
CVE-2007-4761;0.021240000;0.811610000
CVE-2007-4760;0.016590000;0.756850000
CVE-2007-4759;0.021940000;0.817600000
CVE-2007-4758;0.058500000;0.929290000
CVE-2007-4757;0.646930000;0.992190000
CVE-2007-4756;0.036390000;0.891590000
CVE-2007-4755;0.021950000;0.817630000
CVE-2007-4754;0.048020000;0.916350000
CVE-2007-4753;0.017070000;0.763710000
CVE-2007-4752;0.023740000;0.831690000
CVE-2007-4751;0.003030000;0.206770000
CVE-2007-4750;0.045740000;0.912930000
CVE-2007-4749;0.017860000;0.774260000
CVE-2007-4748;0.072130000;0.941050000
CVE-2007-4747;0.030370000;0.869990000
CVE-2007-4746;0.020980000;0.809340000
CVE-2007-4745;0.012630000;0.684880000
CVE-2007-4744;0.600950000;0.991070000
CVE-2007-4743;0.046150000;0.913610000
CVE-2007-4742;0.010420000;0.626400000
CVE-2007-4741;0.006880000;0.507880000
CVE-2007-4740;0.037150000;0.893780000
CVE-2007-4739;0.015160000;0.734890000
CVE-2007-4738;0.106610000;0.956550000
CVE-2007-4737;0.086110000;0.949140000
CVE-2007-4736;0.010060000;0.615180000
CVE-2007-4735;0.069850000;0.939220000
CVE-2007-4734;0.055930000;0.926260000
CVE-2007-4733;0.018460000;0.782020000
CVE-2007-4732;0.003900000;0.304930000
CVE-2007-4731;0.095610000;0.953040000
CVE-2007-4730;0.005110000;0.412280000
CVE-2007-4727;0.128950000;0.961770000
CVE-2007-4726;0.027280000;0.855040000
CVE-2007-4725;0.055560000;0.925740000
CVE-2007-4724;0.021350000;0.812610000
CVE-2007-4723;0.058750000;0.929550000
CVE-2007-4722;0.100720000;0.954770000
CVE-2007-4720;0.024730000;0.838940000
CVE-2007-4719;0.011370000;0.652340000
CVE-2007-4718;0.074810000;0.942680000
CVE-2007-4717;0.031060000;0.872660000
CVE-2007-4716;0.013300000;0.699140000
CVE-2007-4715;0.041310000;0.904690000
CVE-2007-4714;0.010180000;0.618950000
CVE-2007-4713;0.012230000;0.675350000
CVE-2007-4712;0.579350000;0.990620000
CVE-2007-4711;0.038680000;0.898220000
CVE-2007-4710;0.044590000;0.910930000
CVE-2007-4709;0.031290000;0.873670000
CVE-2007-4708;0.050970000;0.920630000
CVE-2007-4707;0.040360000;0.902540000
CVE-2007-4706;0.030820000;0.871860000
CVE-2007-4704;0.017860000;0.774250000
CVE-2007-4703;0.025910000;0.846860000
CVE-2007-4702;0.022490000;0.822090000
CVE-2007-4701;0.003440000;0.253120000
CVE-2007-4700;0.020590000;0.805360000
CVE-2007-4699;0.017590000;0.770590000
CVE-2007-4698;0.018840000;0.786440000
CVE-2007-4697;0.030260000;0.869590000
CVE-2007-4696;0.011410000;0.653160000
CVE-2007-4695;0.015090000;0.733860000
CVE-2007-4694;0.015390000;0.738760000
CVE-2007-4693;0.003890000;0.303390000
CVE-2007-4692;0.020350000;0.802940000
CVE-2007-4691;0.021050000;0.809950000
CVE-2007-4690;0.039830000;0.901370000
CVE-2007-4689;0.072530000;0.941290000
CVE-2007-4688;0.018460000;0.781950000
CVE-2007-4687;0.017040000;0.763240000
CVE-2007-4686;0.003730000;0.286450000
CVE-2007-4685;0.003430000;0.252310000
CVE-2007-4684;0.010020000;0.613990000
CVE-2007-4683;0.004500000;0.366020000
CVE-2007-4682;0.032070000;0.876760000
CVE-2007-4681;0.004440000;0.361100000
CVE-2007-4680;0.014990000;0.732240000
CVE-2007-4679;0.015820000;0.745400000
CVE-2007-4678;0.021200000;0.811210000
CVE-2007-4677;0.466620000;0.987860000
CVE-2007-4676;0.466620000;0.987860000
CVE-2007-4675;0.327970000;0.982990000
CVE-2007-4674;0.037380000;0.894530000
CVE-2007-4673;0.024070000;0.834110000
CVE-2007-4672;0.080530000;0.945990000
CVE-2007-4671;0.025690000;0.845330000
CVE-2007-4670;0.020290000;0.802380000
CVE-2007-4669;0.011980000;0.668690000
CVE-2007-4668;0.015490000;0.740480000
CVE-2007-4667;0.021250000;0.811710000
CVE-2007-4666;0.021250000;0.811700000
CVE-2007-4665;0.021250000;0.811700000
CVE-2007-4664;0.018820000;0.786250000
CVE-2007-4663;0.021410000;0.813110000
CVE-2007-4662;0.033820000;0.883480000
CVE-2007-4661;0.023580000;0.830720000
CVE-2007-4660;0.026140000;0.848200000
CVE-2007-4659;0.032670000;0.879350000
CVE-2007-4658;0.020250000;0.802060000
CVE-2007-4657;0.029940000;0.868240000
CVE-2007-4656;0.003620000;0.274030000
CVE-2007-4655;0.018380000;0.781010000
CVE-2007-4654;0.019580000;0.794900000
CVE-2007-4653;0.010060000;0.615130000
CVE-2007-4652;0.006070000;0.469040000
CVE-2007-4651;0.029330000;0.865630000
CVE-2007-4650;0.016950000;0.761980000
CVE-2007-4649;0.008860000;0.576130000
CVE-2007-4648;0.009240000;0.588410000
CVE-2007-4647;0.023640000;0.831070000
CVE-2007-4646;0.155230000;0.966970000
CVE-2007-4645;0.011650000;0.659960000
CVE-2007-4644;0.035960000;0.890390000
CVE-2007-4643;0.021500000;0.813870000
CVE-2007-4642;0.163090000;0.968520000
CVE-2007-4641;0.026660000;0.851520000
CVE-2007-4640;0.024310000;0.836000000
CVE-2007-4639;0.051280000;0.920960000
CVE-2007-4638;0.061830000;0.932530000
CVE-2007-4637;0.021660000;0.815140000
CVE-2007-4636;0.710580000;0.993880000
CVE-2007-4635;0.021470000;0.813610000
CVE-2007-4634;0.043070000;0.908040000
CVE-2007-4633;0.012230000;0.675430000
CVE-2007-4632;0.006410000;0.485990000
CVE-2007-4631;0.004480000;0.364390000
CVE-2007-4630;0.020100000;0.800620000
CVE-2007-4629;0.034870000;0.886980000
CVE-2007-4628;0.013350000;0.700350000
CVE-2007-4627;0.010610000;0.631640000
CVE-2007-4626;0.011800000;0.664230000
CVE-2007-4625;0.010730000;0.635200000
CVE-2007-4624;0.012630000;0.684790000
CVE-2007-4623;0.005120000;0.412960000
CVE-2007-4622;0.003330000;0.239860000
CVE-2007-4621;0.003740000;0.287600000
CVE-2007-4620;0.522740000;0.989250000
CVE-2007-4619;0.067480000;0.937390000
CVE-2007-4618;0.024540000;0.837630000
CVE-2007-4617;0.022610000;0.822920000
CVE-2007-4616;0.018300000;0.779990000
CVE-2007-4615;0.021330000;0.812420000
CVE-2007-4614;0.011950000;0.667970000
CVE-2007-4613;0.013500000;0.703720000
CVE-2007-4612;0.010720000;0.634920000
CVE-2007-4611;0.010020000;0.613950000
CVE-2007-4610;0.012020000;0.669570000
CVE-2007-4609;0.013820000;0.710390000
CVE-2007-4608;0.013800000;0.709930000
CVE-2007-4607;0.563790000;0.990270000
CVE-2007-4606;0.021300000;0.812130000
CVE-2007-4605;0.021300000;0.812130000
CVE-2007-4604;0.010060000;0.615130000
CVE-2007-4603;0.012400000;0.679300000
CVE-2007-4602;0.009500000;0.597080000
CVE-2007-4601;0.022330000;0.820810000
CVE-2007-4600;0.003230000;0.228420000
CVE-2007-4599;0.083960000;0.947960000
CVE-2007-4598;0.003120000;0.215560000
CVE-2007-4597;0.010060000;0.615130000
CVE-2007-4596;0.077800000;0.944460000
CVE-2007-4595;0.012230000;0.675410000
CVE-2007-4594;0.006280000;0.479550000
CVE-2007-4593;0.002790000;0.182330000
CVE-2007-4592;0.044950000;0.911500000
CVE-2007-4591;0.004010000;0.317550000
CVE-2007-4590;0.004020000;0.318580000
CVE-2007-4589;0.017070000;0.763810000
CVE-2007-4588;0.024750000;0.839070000
CVE-2007-4587;0.012850000;0.689410000
CVE-2007-4586;0.094460000;0.952590000
CVE-2007-4585;0.029030000;0.864240000
CVE-2007-4584;0.146860000;0.965520000
CVE-2007-4583;0.080450000;0.945950000
CVE-2007-4582;0.099650000;0.954420000
CVE-2007-4581;0.010060000;0.615150000
CVE-2007-4580;0.004210000;0.339410000
CVE-2007-4578;0.072960000;0.941570000
CVE-2007-4577;0.055300000;0.925360000
CVE-2007-4575;0.142840000;0.964810000
CVE-2007-4574;0.003630000;0.275790000
CVE-2007-4573;0.008200000;0.555280000
CVE-2007-4572;0.058880000;0.929660000
CVE-2007-4571;0.007610000;0.534980000
CVE-2007-4570;0.003030000;0.206340000
CVE-2007-4569;0.010150000;0.618310000
CVE-2007-4568;0.039750000;0.901210000
CVE-2007-4567;0.143360000;0.964930000
CVE-2007-4566;0.153260000;0.966600000
CVE-2007-4565;0.019710000;0.796030000
CVE-2007-4564;0.003060000;0.209020000
CVE-2007-4563;0.002840000;0.187710000
CVE-2007-4562;0.014950000;0.731310000
CVE-2007-4561;0.055060000;0.925130000
CVE-2007-4560;0.835390000;0.996780000
CVE-2007-4559;0.270950000;0.979850000
CVE-2007-4557;0.009540000;0.598070000
CVE-2007-4556;0.257490000;0.979020000
CVE-2007-4555;0.016310000;0.752690000
CVE-2007-4554;0.017370000;0.767640000
CVE-2007-4553;0.082140000;0.946920000
CVE-2007-4552;0.010020000;0.613970000
CVE-2007-4551;0.030150000;0.869120000
CVE-2007-4550;0.044840000;0.911300000
CVE-2007-4549;0.049640000;0.918850000
CVE-2007-4548;0.041900000;0.905850000
CVE-2007-4547;0.012670000;0.685810000
CVE-2007-4546;0.018430000;0.781560000
CVE-2007-4545;0.018850000;0.786590000
CVE-2007-4544;0.008930000;0.578440000
CVE-2007-4543;0.013640000;0.706820000
CVE-2007-4542;0.016040000;0.748610000
CVE-2007-4541;0.007770000;0.540390000
CVE-2007-4540;0.012520000;0.682370000
CVE-2007-4539;0.016490000;0.755400000
CVE-2007-4538;0.019210000;0.790850000
CVE-2007-4537;0.047160000;0.915070000
CVE-2007-4536;0.003220000;0.226600000
CVE-2007-4535;0.051760000;0.921590000
CVE-2007-4534;0.110150000;0.957620000
CVE-2007-4533;0.084930000;0.948490000
CVE-2007-4532;0.016620000;0.757310000
CVE-2007-4531;0.034780000;0.886690000
CVE-2007-4530;0.013130000;0.695560000
CVE-2007-4529;0.020140000;0.800930000
CVE-2007-4528;0.048400000;0.916920000
CVE-2007-4527;0.032310000;0.877720000
CVE-2007-4526;0.003950000;0.311290000
CVE-2007-4525;0.016000000;0.748050000
CVE-2007-4524;0.032940000;0.880440000
CVE-2007-4523;0.011500000;0.655770000
CVE-2007-4522;0.017300000;0.766640000
CVE-2007-4521;0.029980000;0.868430000
CVE-2007-4517;0.053850000;0.923840000
CVE-2007-4516;0.014070000;0.715120000
CVE-2007-4515;0.330110000;0.983080000
CVE-2007-4514;0.024270000;0.835710000
CVE-2007-4513;0.012690000;0.686130000
CVE-2007-4512;0.047590000;0.915760000
CVE-2007-4511;0.016290000;0.752320000
CVE-2007-4510;0.019680000;0.795740000
CVE-2007-4509;0.022030000;0.818330000
CVE-2007-4508;0.060180000;0.930910000
CVE-2007-4507;0.058310000;0.929060000
CVE-2007-4506;0.025740000;0.845650000
CVE-2007-4505;0.010290000;0.622220000
CVE-2007-4504;0.094910000;0.952750000
CVE-2007-4503;0.025740000;0.845650000
CVE-2007-4502;0.022030000;0.818330000
CVE-2007-4501;0.003600000;0.271850000
CVE-2007-4500;0.003440000;0.252860000
CVE-2007-4499;0.018990000;0.788360000
CVE-2007-4498;0.137510000;0.963840000
CVE-2007-4497;0.008260000;0.557100000
CVE-2007-4496;0.006760000;0.502700000
CVE-2007-4495;0.003350000;0.243060000
CVE-2007-4494;0.016800000;0.759870000
CVE-2007-4493;0.017970000;0.775660000
CVE-2007-4492;0.003350000;0.243040000
CVE-2007-4491;0.010020000;0.613910000
CVE-2007-4490;0.025140000;0.841660000
CVE-2007-4489;0.046460000;0.914070000
CVE-2007-4488;0.010280000;0.622130000
CVE-2007-4487;0.010600000;0.631600000
CVE-2007-4486;0.033250000;0.881530000
CVE-2007-4485;0.017500000;0.769320000
CVE-2007-4484;0.018010000;0.776190000
CVE-2007-4483;0.019230000;0.791020000
CVE-2007-4482;0.038250000;0.897040000
CVE-2007-4481;0.017840000;0.774010000
CVE-2007-4480;0.018570000;0.783400000
CVE-2007-4479;0.018310000;0.780080000
CVE-2007-4478;0.107330000;0.956790000
CVE-2007-4477;0.016530000;0.755880000
CVE-2007-4476;0.149020000;0.965900000
CVE-2007-4475;0.403070000;0.985950000
CVE-2007-4474;0.441840000;0.987140000
CVE-2007-4473;0.056890000;0.927310000
CVE-2007-4472;0.066280000;0.936320000
CVE-2007-4471;0.051550000;0.921350000
CVE-2007-4470;0.066280000;0.936320000
CVE-2007-4467;0.210660000;0.975020000
CVE-2007-4466;0.308900000;0.981990000
CVE-2007-4465;0.261880000;0.979320000
CVE-2007-4464;0.012380000;0.678740000
CVE-2007-4463;0.034780000;0.886680000
CVE-2007-4462;0.003020000;0.206030000
CVE-2007-4461;0.011680000;0.660740000
CVE-2007-4460;0.005570000;0.442340000
CVE-2007-4459;0.139890000;0.964280000
CVE-2007-4458;0.022800000;0.824530000
CVE-2007-4457;0.022860000;0.824980000
CVE-2007-4456;0.023750000;0.831750000
CVE-2007-4455;0.017750000;0.773000000
CVE-2007-4454;0.023490000;0.830010000
CVE-2007-4453;0.010220000;0.620200000
CVE-2007-4452;0.017550000;0.770170000
CVE-2007-4451;0.015300000;0.737020000
CVE-2007-4450;0.015300000;0.737010000
CVE-2007-4449;0.015300000;0.737010000
CVE-2007-4448;0.017550000;0.770170000
CVE-2007-4447;0.039500000;0.900510000
CVE-2007-4446;0.041710000;0.905410000
CVE-2007-4445;0.022910000;0.825410000
CVE-2007-4444;0.072620000;0.941350000
CVE-2007-4443;0.017490000;0.769190000
CVE-2007-4442;0.038400000;0.897480000
CVE-2007-4441;0.015230000;0.735930000
CVE-2007-4440;0.645130000;0.992140000
CVE-2007-4439;0.024410000;0.836610000
CVE-2007-4438;0.014740000;0.727710000
CVE-2007-4437;0.012770000;0.687850000
CVE-2007-4436;0.012840000;0.689320000
CVE-2007-4435;0.020210000;0.801630000
CVE-2007-4434;0.015230000;0.735930000
CVE-2007-4433;0.010910000;0.640150000
CVE-2007-4432;0.003720000;0.285460000
CVE-2007-4431;0.013420000;0.702160000
CVE-2007-4430;0.132810000;0.962610000
CVE-2007-4429;0.021950000;0.817640000
CVE-2007-4428;0.031660000;0.875040000
CVE-2007-4427;0.008560000;0.567090000
CVE-2007-4426;0.026020000;0.847450000
CVE-2007-4425;0.027420000;0.855830000
CVE-2007-4424;0.010830000;0.638190000
CVE-2007-4423;0.035280000;0.888190000
CVE-2007-4422;0.025820000;0.846110000
CVE-2007-4421;0.022530000;0.822370000
CVE-2007-4420;0.029180000;0.864970000
CVE-2007-4419;0.048310000;0.916760000
CVE-2007-4418;0.013410000;0.701910000
CVE-2007-4417;0.013430000;0.702360000
CVE-2007-4416;0.024020000;0.833740000
CVE-2007-4415;0.003160000;0.219550000
CVE-2007-4414;0.003320000;0.238970000
CVE-2007-4413;0.008470000;0.563660000
CVE-2007-4412;0.008420000;0.562080000
CVE-2007-4411;0.011830000;0.665110000
CVE-2007-4410;0.010870000;0.639240000
CVE-2007-4409;0.013350000;0.700580000
CVE-2007-4408;0.012910000;0.690630000
CVE-2007-4407;0.014800000;0.728660000
CVE-2007-4406;0.015010000;0.732450000
CVE-2007-4405;0.016970000;0.762250000
CVE-2007-4404;0.024430000;0.836790000
CVE-2007-4403;0.028990000;0.864100000
CVE-2007-4402;0.032220000;0.877490000
CVE-2007-4401;0.023810000;0.832200000
CVE-2007-4400;0.018090000;0.777140000
CVE-2007-4399;0.016220000;0.751200000
CVE-2007-4398;0.018090000;0.777140000
CVE-2007-4397;0.021420000;0.813180000
CVE-2007-4396;0.022920000;0.825480000
CVE-2007-4395;0.022440000;0.821740000
CVE-2007-4394;0.003550000;0.266800000
CVE-2007-4393;0.003610000;0.273240000
CVE-2007-4392;0.016310000;0.752650000
CVE-2007-4391;0.093140000;0.952110000
CVE-2007-4390;0.010110000;0.617000000
CVE-2007-4389;0.021380000;0.812810000
CVE-2007-4388;0.014460000;0.722360000
CVE-2007-4387;0.092030000;0.951700000
CVE-2007-4386;0.010150000;0.618080000
CVE-2007-4385;0.030750000;0.871530000
CVE-2007-4384;0.020940000;0.808900000
CVE-2007-4383;0.013350000;0.700310000
CVE-2007-4382;0.031400000;0.874040000
CVE-2007-4381;0.054240000;0.924250000
CVE-2007-4380;0.003500000;0.260940000
CVE-2007-4379;0.015970000;0.747620000
CVE-2007-4378;0.031340000;0.873810000
CVE-2007-4377;0.050150000;0.919510000
CVE-2007-4376;0.011960000;0.668320000
CVE-2007-4375;0.033840000;0.883540000
CVE-2007-4374;0.009620000;0.600760000
CVE-2007-4373;0.012720000;0.686810000
CVE-2007-4372;0.012390000;0.679170000
CVE-2007-4371;0.011600000;0.658240000
CVE-2007-4370;0.591970000;0.990870000
CVE-2007-4369;0.034920000;0.887160000
CVE-2007-4368;0.033130000;0.881160000
CVE-2007-4367;0.082480000;0.947100000
CVE-2007-4366;0.033600000;0.882770000
CVE-2007-4365;0.010650000;0.633350000
CVE-2007-4364;0.028250000;0.860430000
CVE-2007-4363;0.022750000;0.824070000
CVE-2007-4362;0.011500000;0.655820000
CVE-2007-4361;0.030040000;0.868730000
CVE-2007-4360;0.014870000;0.729960000
CVE-2007-4359;0.011050000;0.644180000
CVE-2007-4358;0.028460000;0.861550000
CVE-2007-4357;0.013280000;0.698700000
CVE-2007-4356;0.056160000;0.926660000
CVE-2007-4355;0.003740000;0.287600000
CVE-2007-4354;0.003880000;0.303010000
CVE-2007-4353;0.003450000;0.254980000
CVE-2007-4352;0.070200000;0.939530000
CVE-2007-4351;0.073770000;0.942100000
CVE-2007-4350;0.016370000;0.753650000
CVE-2007-4349;0.030810000;0.871790000
CVE-2007-4348;0.012230000;0.675420000
CVE-2007-4347;0.029260000;0.865320000
CVE-2007-4346;0.025840000;0.846260000
CVE-2007-4345;0.031710000;0.875330000
CVE-2007-4344;0.047560000;0.915700000
CVE-2007-4343;0.028900000;0.863600000
CVE-2007-4342;0.019590000;0.794940000
CVE-2007-4341;0.026910000;0.853000000
CVE-2007-4340;0.013480000;0.703200000
CVE-2007-4339;0.018320000;0.780280000
CVE-2007-4338;0.089250000;0.950660000
CVE-2007-4337;0.035060000;0.887570000
CVE-2007-4336;0.507110000;0.988850000
CVE-2007-4335;0.020250000;0.801990000
CVE-2007-4334;0.017730000;0.772600000
CVE-2007-4333;0.010330000;0.623520000
CVE-2007-4332;0.010630000;0.632250000
CVE-2007-4331;0.011960000;0.668370000
CVE-2007-4330;0.027990000;0.859100000
CVE-2007-4329;0.070290000;0.939600000
CVE-2007-4328;0.064650000;0.935040000
CVE-2007-4327;0.031300000;0.873680000
CVE-2007-4326;0.022260000;0.820290000
CVE-2007-4325;0.027680000;0.857360000
CVE-2007-4324;0.079330000;0.945360000
CVE-2007-4323;0.014810000;0.729000000
CVE-2007-4322;0.011530000;0.656550000
CVE-2007-4321;0.057480000;0.928040000
CVE-2007-4320;0.720220000;0.994130000
CVE-2007-4319;0.013610000;0.706250000
CVE-2007-4318;0.023070000;0.826720000
CVE-2007-4317;0.013320000;0.699660000
CVE-2007-4316;0.012160000;0.673540000
CVE-2007-4315;0.002950000;0.198540000
CVE-2007-4314;0.018120000;0.777550000
CVE-2007-4313;0.687110000;0.993220000
CVE-2007-4312;0.010290000;0.622190000
CVE-2007-4311;0.017290000;0.766580000
CVE-2007-4310;0.010600000;0.631450000
CVE-2007-4309;0.008520000;0.565540000
CVE-2007-4308;0.003660000;0.278820000
CVE-2007-4307;0.022750000;0.824070000
CVE-2007-4306;0.010510000;0.628770000
CVE-2007-4305;0.008580000;0.567940000
CVE-2007-4304;0.002510000;0.147500000
CVE-2007-4303;0.002840000;0.187560000
CVE-2007-4302;0.007160000;0.518590000
CVE-2007-4301;0.012630000;0.684870000
CVE-2007-4297;0.012240000;0.675830000
CVE-2007-4296;0.013770000;0.709590000
CVE-2007-4295;0.025540000;0.844310000
CVE-2007-4294;0.025540000;0.844310000
CVE-2007-4293;0.019510000;0.794190000
CVE-2007-4292;0.028570000;0.862010000
CVE-2007-4291;0.031580000;0.874760000
CVE-2007-4290;0.015700000;0.743570000
CVE-2007-4289;0.016650000;0.757760000
CVE-2007-4288;0.147940000;0.965720000
CVE-2007-4287;0.026790000;0.852310000
CVE-2007-4286;0.194070000;0.972740000
CVE-2007-4285;0.028320000;0.860790000
CVE-2007-4284;0.015690000;0.743460000
CVE-2007-4283;0.033730000;0.883180000
CVE-2007-4282;0.015930000;0.747040000
CVE-2007-4281;0.012630000;0.684860000
CVE-2007-4280;0.011490000;0.655410000
CVE-2007-4279;0.753070000;0.995000000
CVE-2007-4278;0.046500000;0.914150000
CVE-2007-4277;0.003870000;0.301670000
CVE-2007-4276;0.004990000;0.403240000
CVE-2007-4275;0.003610000;0.273330000
CVE-2007-4273;0.004140000;0.331520000
CVE-2007-4272;0.003300000;0.235840000
CVE-2007-4271;0.004780000;0.387480000
CVE-2007-4270;0.003280000;0.233260000
CVE-2007-4269;0.004860000;0.393710000
CVE-2007-4268;0.006710000;0.500240000
CVE-2007-4267;0.004860000;0.393710000
CVE-2007-4265;0.020410000;0.803610000
CVE-2007-4264;0.014950000;0.731300000
CVE-2007-4263;0.025760000;0.845760000
CVE-2007-4262;0.017780000;0.773260000
CVE-2007-4261;0.021180000;0.811090000
CVE-2007-4260;0.014350000;0.720340000
CVE-2007-4259;0.015170000;0.735090000
CVE-2007-4258;0.009500000;0.597130000
CVE-2007-4257;0.047680000;0.915910000
CVE-2007-4256;0.064470000;0.934900000
CVE-2007-4255;0.093330000;0.952200000
CVE-2007-4254;0.115480000;0.958890000
CVE-2007-4253;0.010290000;0.622210000
CVE-2007-4252;0.017590000;0.770570000
CVE-2007-4251;0.012460000;0.680800000
CVE-2007-4250;0.014340000;0.720060000
CVE-2007-4249;0.011830000;0.665100000
CVE-2007-4248;0.011830000;0.665100000
CVE-2007-4247;0.146630000;0.965460000
CVE-2007-4246;0.030820000;0.871860000
CVE-2007-4245;0.012170000;0.673860000
CVE-2007-4244;0.078290000;0.944760000
CVE-2007-4243;0.025610000;0.844710000
CVE-2007-4242;0.015440000;0.739480000
CVE-2007-4241;0.114340000;0.958650000
CVE-2007-4240;0.013590000;0.705860000
CVE-2007-4239;0.010620000;0.631960000
CVE-2007-4238;0.003080000;0.211110000
CVE-2007-4237;0.003450000;0.254970000
CVE-2007-4236;0.003560000;0.268110000
CVE-2007-4235;0.033950000;0.883860000
CVE-2007-4234;0.012180000;0.674180000
CVE-2007-4233;0.009850000;0.608330000
CVE-2007-4232;0.516510000;0.989110000
CVE-2007-4231;0.035770000;0.889800000
CVE-2007-4230;0.016610000;0.757180000
CVE-2007-4229;0.021840000;0.816560000
CVE-2007-4228;0.003090000;0.212900000
CVE-2007-4227;0.134440000;0.963010000
CVE-2007-4226;0.037670000;0.895340000
CVE-2007-4225;0.019590000;0.794920000
CVE-2007-4224;0.018310000;0.780130000
CVE-2007-4223;0.074460000;0.942480000
CVE-2007-4222;0.040930000;0.903770000
CVE-2007-4221;0.062640000;0.933300000
CVE-2007-4220;0.039590000;0.900750000
CVE-2007-4219;0.104690000;0.955980000
CVE-2007-4218;0.130210000;0.962020000
CVE-2007-4217;0.004070000;0.323760000
CVE-2007-4216;0.003670000;0.279370000
CVE-2007-4213;0.020040000;0.799710000
CVE-2007-4212;0.010280000;0.622130000
CVE-2007-4211;0.013750000;0.709030000
CVE-2007-4210;0.029440000;0.866110000
CVE-2007-4209;0.010510000;0.628930000
CVE-2007-4208;0.016910000;0.761480000
CVE-2007-4207;0.014540000;0.723930000
CVE-2007-4206;0.002840000;0.187730000
CVE-2007-4205;0.025110000;0.841430000
CVE-2007-4204;0.008560000;0.567090000
CVE-2007-4203;0.019310000;0.791850000
CVE-2007-4202;0.012070000;0.670810000
CVE-2007-4201;0.017250000;0.766090000
CVE-2007-4200;0.014300000;0.719400000
CVE-2007-4199;0.014300000;0.719400000
CVE-2007-4198;0.014300000;0.719400000
CVE-2007-4197;0.018850000;0.786630000
CVE-2007-4196;0.012460000;0.680800000
CVE-2007-4195;0.021300000;0.812180000
CVE-2007-4194;0.011890000;0.666380000
CVE-2007-4193;0.010830000;0.638180000
CVE-2007-4192;0.012230000;0.675280000
CVE-2007-4191;0.007560000;0.533020000
CVE-2007-4190;0.016730000;0.758880000
CVE-2007-4189;0.018720000;0.785170000
CVE-2007-4188;0.037580000;0.895070000
CVE-2007-4187;0.113060000;0.958360000
CVE-2007-4186;0.057950000;0.928590000
CVE-2007-4185;0.018140000;0.777940000
CVE-2007-4184;0.010630000;0.632380000
CVE-2007-4183;0.010100000;0.616490000
CVE-2007-4182;0.013530000;0.704490000
CVE-2007-4181;0.015530000;0.741180000
CVE-2007-4180;0.014790000;0.728590000
CVE-2007-4179;0.002680000;0.170190000
CVE-2007-4178;0.015450000;0.739690000
CVE-2007-4177;0.012230000;0.675320000
CVE-2007-4176;0.009980000;0.612470000
CVE-2007-4175;0.010620000;0.631980000
CVE-2007-4174;0.062100000;0.932800000
CVE-2007-4173;0.011870000;0.666130000
CVE-2007-4172;0.010330000;0.623500000
CVE-2007-4171;0.013960000;0.713060000
CVE-2007-4170;0.021500000;0.813970000
CVE-2007-4169;0.013800000;0.709930000
CVE-2007-4167;0.013620000;0.706520000
CVE-2007-4166;0.020750000;0.807020000
CVE-2007-4165;0.025010000;0.840720000
CVE-2007-4164;0.024650000;0.838410000
CVE-2007-4163;0.010010000;0.613680000
CVE-2007-4162;0.012680000;0.685940000
CVE-2007-4161;0.014070000;0.715130000
CVE-2007-4160;0.013650000;0.706930000
CVE-2007-4159;0.012560000;0.683420000
CVE-2007-4158;0.023540000;0.830410000
CVE-2007-4157;0.023120000;0.827100000
CVE-2007-4156;0.012640000;0.685280000
CVE-2007-4155;0.096170000;0.953210000
CVE-2007-4154;0.018990000;0.788350000
CVE-2007-4153;0.020810000;0.807580000
CVE-2007-4152;0.018260000;0.779510000
CVE-2007-4151;0.012680000;0.685930000
CVE-2007-4150;0.010460000;0.627400000
CVE-2007-4149;0.048330000;0.916800000
CVE-2007-4148;0.045700000;0.912850000
CVE-2007-4147;0.011260000;0.649580000
CVE-2007-4146;0.014850000;0.729630000
CVE-2007-4145;0.052990000;0.922960000
CVE-2007-4144;0.010650000;0.633280000
CVE-2007-4143;0.041630000;0.905270000
CVE-2007-4142;0.012630000;0.684870000
CVE-2007-4141;0.010220000;0.620150000
CVE-2007-4140;0.038930000;0.898820000
CVE-2007-4139;0.023660000;0.831210000
CVE-2007-4138;0.007240000;0.521550000
CVE-2007-4137;0.023400000;0.829280000
CVE-2007-4136;0.017450000;0.768570000
CVE-2007-4135;0.003410000;0.250440000
CVE-2007-4134;0.030090000;0.868900000
CVE-2007-4133;0.003750000;0.288580000
CVE-2007-4132;0.024370000;0.836360000
CVE-2007-4131;0.027430000;0.855860000
CVE-2007-4130;0.004680000;0.380070000
CVE-2007-4129;0.003010000;0.205040000
CVE-2007-4128;0.012170000;0.673890000
CVE-2007-4127;0.030110000;0.868980000
CVE-2007-4126;0.002880000;0.191800000
CVE-2007-4125;0.024330000;0.836110000
CVE-2007-4124;0.010130000;0.617700000
CVE-2007-4123;0.010430000;0.626630000
CVE-2007-4122;0.014070000;0.715130000
CVE-2007-4121;0.021860000;0.816720000
CVE-2007-4120;0.021450000;0.813430000
CVE-2007-4119;0.011710000;0.661310000
CVE-2007-4118;0.013620000;0.706510000
CVE-2007-4117;0.013490000;0.703540000
CVE-2007-4116;0.011050000;0.644180000
CVE-2007-4115;0.023830000;0.832300000
CVE-2007-4114;0.013480000;0.703280000
CVE-2007-4113;0.009240000;0.588270000
CVE-2007-4112;0.010810000;0.637480000
CVE-2007-4111;0.010700000;0.634590000
CVE-2007-4110;0.011710000;0.661320000
CVE-2007-4109;0.011770000;0.663700000
CVE-2007-4108;0.012990000;0.692670000
CVE-2007-4107;0.013610000;0.706330000
CVE-2007-4106;0.010700000;0.634590000
CVE-2007-4105;0.073250000;0.941770000
CVE-2007-4104;0.050520000;0.920030000
CVE-2007-4103;0.059430000;0.930150000
CVE-2007-4102;0.010730000;0.635410000
CVE-2007-4101;0.029090000;0.864570000
CVE-2007-4100;0.013430000;0.702250000
CVE-2007-4099;0.018960000;0.788000000
CVE-2007-4098;0.018960000;0.787990000
CVE-2007-4097;0.022280000;0.820390000
CVE-2007-4096;0.020080000;0.800390000
CVE-2007-4095;0.009730000;0.604730000
CVE-2007-4094;0.016970000;0.762220000
CVE-2007-4093;0.014260000;0.718810000
CVE-2007-4092;0.026920000;0.853050000
CVE-2007-4091;0.033450000;0.882260000
CVE-2007-4090;0.010330000;0.623500000
CVE-2007-4089;0.024040000;0.833920000
CVE-2007-4088;0.043760000;0.909400000
CVE-2007-4087;0.013990000;0.713750000
CVE-2007-4086;0.013370000;0.700920000
CVE-2007-4085;0.009330000;0.591670000
CVE-2007-4084;0.009940000;0.611160000
CVE-2007-4083;0.010620000;0.631950000
CVE-2007-4082;0.008710000;0.571850000
CVE-2007-4081;0.032110000;0.876880000
CVE-2007-4080;0.012930000;0.691210000
CVE-2007-4079;0.032400000;0.878070000
CVE-2007-4078;0.017090000;0.764010000
CVE-2007-4077;0.015870000;0.746160000
CVE-2007-4076;0.009280000;0.589780000
CVE-2007-4075;0.012160000;0.673590000
CVE-2007-4074;0.054270000;0.924280000
CVE-2007-4073;0.012220000;0.675150000
CVE-2007-4072;0.012180000;0.674200000
CVE-2007-4071;0.012170000;0.673860000
CVE-2007-4070;0.003530000;0.264650000
CVE-2007-4069;0.014070000;0.715240000
CVE-2007-4068;0.019860000;0.797620000
CVE-2007-4067;0.069650000;0.939060000
CVE-2007-4066;0.018420000;0.781500000
CVE-2007-4065;0.016750000;0.759190000
CVE-2007-4064;0.012500000;0.681910000
CVE-2007-4063;0.012710000;0.686460000
CVE-2007-4062;0.021130000;0.810650000
CVE-2007-4061;0.111780000;0.958110000
CVE-2007-4060;0.053820000;0.923820000
CVE-2007-4059;0.072460000;0.941250000
CVE-2007-4058;0.223810000;0.976200000
CVE-2007-4057;0.020700000;0.806550000
CVE-2007-4056;0.010430000;0.626550000
CVE-2007-4055;0.010650000;0.633450000
CVE-2007-4054;0.010610000;0.631650000
CVE-2007-4053;0.025080000;0.841190000
CVE-2007-4052;0.014790000;0.728470000
CVE-2007-4051;0.003640000;0.277000000
CVE-2007-4050;0.030040000;0.868730000
CVE-2007-4048;0.013210000;0.697300000
CVE-2007-4047;0.032830000;0.879960000
CVE-2007-4046;0.021670000;0.815180000
CVE-2007-4045;0.045950000;0.913260000
CVE-2007-4043;0.015590000;0.742080000
CVE-2007-4042;0.103240000;0.955550000
CVE-2007-4041;0.196550000;0.973080000
CVE-2007-4040;0.134720000;0.963090000
CVE-2007-4039;0.020140000;0.800960000
CVE-2007-4038;0.011120000;0.645930000
CVE-2007-4037;0.012440000;0.680450000
CVE-2007-4036;0.014530000;0.723580000
CVE-2007-4035;0.022020000;0.818300000
CVE-2007-4034;0.129600000;0.961900000
CVE-2007-4033;0.186610000;0.971740000
CVE-2007-4032;0.038240000;0.897010000
CVE-2007-4031;0.057130000;0.927570000
CVE-2007-4029;0.016660000;0.757840000
CVE-2007-4028;0.015230000;0.735890000
CVE-2007-4027;0.003040000;0.207690000
CVE-2007-4026;0.011650000;0.659970000
CVE-2007-4025;0.020150000;0.801010000
CVE-2007-4024;0.014950000;0.731300000
CVE-2007-4023;0.014840000;0.729570000
CVE-2007-4022;0.017650000;0.771430000
CVE-2007-4021;0.010330000;0.623480000
CVE-2007-4020;0.012230000;0.675250000
CVE-2007-4018;0.013100000;0.695000000
CVE-2007-4017;0.024930000;0.840260000
CVE-2007-4016;0.022050000;0.818480000
CVE-2007-4014;0.025510000;0.844160000
CVE-2007-4013;0.042340000;0.906720000
CVE-2007-4012;0.016840000;0.760500000
CVE-2007-4011;0.016300000;0.752540000
CVE-2007-4010;0.055310000;0.925380000
CVE-2007-4009;0.043150000;0.908200000
CVE-2007-4008;0.029030000;0.864240000
CVE-2007-4007;0.034940000;0.887210000
CVE-2007-4006;0.344810000;0.983670000
CVE-2007-4005;0.112480000;0.958250000
CVE-2007-4004;0.008510000;0.565270000
CVE-2007-4003;0.017550000;0.770120000
CVE-2007-4000;0.061390000;0.932090000
CVE-2007-3999;0.109970000;0.957570000
CVE-2007-3998;0.029930000;0.868210000
CVE-2007-3997;0.138180000;0.963950000
CVE-2007-3996;0.042190000;0.906430000
CVE-2007-3993;0.018260000;0.779530000
CVE-2007-3992;0.010130000;0.617520000
CVE-2007-3991;0.015310000;0.737210000
CVE-2007-3990;0.010630000;0.632340000
CVE-2007-3989;0.014950000;0.731290000
CVE-2007-3988;0.014420000;0.721580000
CVE-2007-3987;0.012140000;0.673290000
CVE-2007-3986;0.017160000;0.764990000
CVE-2007-3985;0.019130000;0.789850000
CVE-2007-3984;0.043950000;0.909690000
CVE-2007-3983;0.016280000;0.752100000
CVE-2007-3982;0.024920000;0.840160000
CVE-2007-3981;0.011950000;0.668000000
CVE-2007-3980;0.042070000;0.906160000
CVE-2007-3979;0.011440000;0.653850000
CVE-2007-3978;0.020160000;0.801120000
CVE-2007-3977;0.012730000;0.687080000
CVE-2007-3976;0.010290000;0.622190000
CVE-2007-3975;0.010220000;0.620120000
CVE-2007-3974;0.036700000;0.892540000
CVE-2007-3973;0.027720000;0.857570000
CVE-2007-3972;0.031670000;0.875130000
CVE-2007-3971;0.031670000;0.875130000
CVE-2007-3970;0.055780000;0.926030000
CVE-2007-3969;0.057180000;0.927610000
CVE-2007-3968;0.012580000;0.683780000
CVE-2007-3967;0.020510000;0.804580000
CVE-2007-3966;0.010450000;0.627120000
CVE-2007-3965;0.009980000;0.612470000
CVE-2007-3964;0.014500000;0.723090000
CVE-2007-3963;0.024170000;0.834960000
CVE-2007-3962;0.051690000;0.921500000
CVE-2007-3961;0.020690000;0.806490000
CVE-2007-3960;0.019290000;0.791710000
CVE-2007-3959;0.064600000;0.934990000
CVE-2007-3958;0.227950000;0.976630000
CVE-2007-3957;0.068070000;0.937810000
CVE-2007-3956;0.081420000;0.946550000
CVE-2007-3955;0.082380000;0.947050000
CVE-2007-3954;0.066730000;0.936640000
CVE-2007-3953;0.043630000;0.909110000
CVE-2007-3952;0.052850000;0.922850000
CVE-2007-3951;0.092520000;0.951910000
CVE-2007-3950;0.029150000;0.864790000
CVE-2007-3949;0.032990000;0.880640000
CVE-2007-3948;0.029150000;0.864790000
CVE-2007-3947;0.080720000;0.946070000
CVE-2007-3946;0.034220000;0.884730000
CVE-2007-3945;0.024800000;0.839380000
CVE-2007-3944;0.065330000;0.935590000
CVE-2007-3943;0.010630000;0.632320000
CVE-2007-3942;0.012430000;0.680180000
CVE-2007-3941;0.010660000;0.633630000
CVE-2007-3940;0.017470000;0.768880000
CVE-2007-3939;0.020720000;0.806770000
CVE-2007-3938;0.012360000;0.678540000
CVE-2007-3937;0.009520000;0.597570000
CVE-2007-3936;0.023200000;0.827760000
CVE-2007-3935;0.039750000;0.901190000
CVE-2007-3934;0.084200000;0.948060000
CVE-2007-3933;0.010430000;0.626540000
CVE-2007-3932;0.063310000;0.933900000
CVE-2007-3931;0.002840000;0.187720000
CVE-2007-3930;0.192420000;0.972480000
CVE-2007-3929;0.064660000;0.935050000
CVE-2007-3928;0.056640000;0.927100000
CVE-2007-3927;0.218930000;0.975740000
CVE-2007-3926;0.029150000;0.864820000
CVE-2007-3925;0.846730000;0.997000000
CVE-2007-3924;0.136310000;0.963500000
CVE-2007-3923;0.019780000;0.796840000
CVE-2007-3922;0.028600000;0.862130000
CVE-2007-3921;0.003010000;0.205040000
CVE-2007-3920;0.003560000;0.268160000
CVE-2007-3919;0.003330000;0.241070000
CVE-2007-3918;0.012910000;0.690630000
CVE-2007-3917;0.021050000;0.809880000
CVE-2007-3916;0.003120000;0.216290000
CVE-2007-3915;0.011160000;0.647080000
CVE-2007-3913;0.020100000;0.800600000
CVE-2007-3912;0.003460000;0.255350000
CVE-2007-3911;0.068260000;0.937970000
CVE-2007-3910;0.012500000;0.681920000
CVE-2007-3909;0.013550000;0.704890000
CVE-2007-3908;0.005000000;0.404190000
CVE-2007-3907;0.029570000;0.866610000
CVE-2007-3906;0.018790000;0.785920000
CVE-2007-3905;0.012860000;0.689670000
CVE-2007-3903;0.312750000;0.982190000
CVE-2007-3902;0.355080000;0.984040000
CVE-2007-3901;0.458730000;0.987640000
CVE-2007-3899;0.291670000;0.981110000
CVE-2007-3898;0.523060000;0.989260000
CVE-2007-3897;0.546310000;0.989870000
CVE-2007-3896;0.538310000;0.989660000
CVE-2007-3895;0.362340000;0.984310000
CVE-2007-3893;0.241840000;0.977790000
CVE-2007-3892;0.255740000;0.978900000
CVE-2007-3891;0.251920000;0.978670000
CVE-2007-3890;0.289450000;0.980980000
CVE-2007-3889;0.017550000;0.770160000
CVE-2007-3888;0.015450000;0.739690000
CVE-2007-3887;0.012990000;0.692430000
CVE-2007-3886;0.010650000;0.633150000
CVE-2007-3885;0.010650000;0.633160000
CVE-2007-3884;0.018730000;0.785260000
CVE-2007-3883;0.082000000;0.946870000
CVE-2007-3882;0.009890000;0.609930000
CVE-2007-3881;0.010100000;0.616490000
CVE-2007-3880;0.003330000;0.239870000
CVE-2007-3876;0.016410000;0.754200000
CVE-2007-3875;0.035390000;0.888500000
CVE-2007-3874;0.021520000;0.814050000
CVE-2007-3873;0.004230000;0.341070000
CVE-2007-3872;0.302760000;0.981680000
CVE-2007-3871;0.016530000;0.755870000
CVE-2007-3870;0.004160000;0.333320000
CVE-2007-3869;0.027390000;0.855710000
CVE-2007-3868;0.021000000;0.809500000
CVE-2007-3867;0.024440000;0.836860000
CVE-2007-3866;0.027390000;0.855710000
CVE-2007-3865;0.024440000;0.836870000
CVE-2007-3864;0.024440000;0.836860000
CVE-2007-3863;0.024440000;0.836860000
CVE-2007-3862;0.027390000;0.855710000
CVE-2007-3861;0.024440000;0.836870000
CVE-2007-3860;0.019520000;0.794240000
CVE-2007-3859;0.032880000;0.880230000
CVE-2007-3858;0.041330000;0.904720000
CVE-2007-3857;0.031990000;0.876410000
CVE-2007-3856;0.031720000;0.875350000
CVE-2007-3855;0.158150000;0.967650000
CVE-2007-3854;0.025330000;0.842980000
CVE-2007-3853;0.028430000;0.861350000
CVE-2007-3852;0.004200000;0.338130000
CVE-2007-3851;0.003130000;0.217470000
CVE-2007-3850;0.003400000;0.248250000
CVE-2007-3849;0.003400000;0.248920000
CVE-2007-3848;0.003630000;0.275520000
CVE-2007-3847;0.129010000;0.961780000
CVE-2007-3846;0.016430000;0.754500000
CVE-2007-3845;0.056990000;0.927440000
CVE-2007-3844;0.054470000;0.924480000
CVE-2007-3843;0.026240000;0.848770000
CVE-2007-3842;0.008450000;0.563040000
CVE-2007-3841;0.021790000;0.816230000
CVE-2007-3840;0.010100000;0.616490000
CVE-2007-3839;0.011050000;0.644090000
CVE-2007-3838;0.015200000;0.735420000
CVE-2007-3837;0.014220000;0.717910000
CVE-2007-3836;0.016020000;0.748250000
CVE-2007-3835;0.013070000;0.694200000
CVE-2007-3834;0.010600000;0.631590000
CVE-2007-3833;0.025960000;0.847140000
CVE-2007-3832;0.118070000;0.959460000
CVE-2007-3831;0.049310000;0.918290000
CVE-2007-3830;0.021560000;0.814350000
CVE-2007-3829;0.081800000;0.946760000
CVE-2007-3828;0.038040000;0.896420000
CVE-2007-3827;0.009340000;0.591910000
CVE-2007-3826;0.287390000;0.980840000
CVE-2007-3825;0.140290000;0.964350000
CVE-2007-3824;0.018210000;0.778820000
CVE-2007-3823;0.251680000;0.978650000
CVE-2007-3822;0.024780000;0.839250000
CVE-2007-3821;0.027440000;0.855930000
CVE-2007-3820;0.025620000;0.844800000
CVE-2007-3819;0.020020000;0.799480000
CVE-2007-3818;0.006880000;0.507880000
CVE-2007-3817;0.012230000;0.675230000
CVE-2007-3816;0.021090000;0.810250000
CVE-2007-3815;0.004500000;0.365600000
CVE-2007-3814;0.021260000;0.811800000
CVE-2007-3813;0.594480000;0.990940000
CVE-2007-3812;0.011770000;0.663690000
CVE-2007-3811;0.011950000;0.667990000
CVE-2007-3810;0.012170000;0.673880000
CVE-2007-3809;0.010290000;0.622200000
CVE-2007-3808;0.024930000;0.840260000
CVE-2007-3807;0.012560000;0.683320000
CVE-2007-3806;0.107440000;0.956820000
CVE-2007-3805;0.008790000;0.574450000
CVE-2007-3804;0.019490000;0.794000000
CVE-2007-3803;0.022620000;0.823070000
CVE-2007-3800;0.003110000;0.214770000
CVE-2007-3799;0.079190000;0.945280000
CVE-2007-3798;0.703860000;0.993680000
CVE-2007-3796;0.018940000;0.787750000
CVE-2007-3795;0.013180000;0.696740000
CVE-2007-3794;0.021870000;0.816790000
CVE-2007-3793;0.012580000;0.683810000
CVE-2007-3792;0.052720000;0.922710000
CVE-2007-3791;0.042110000;0.906260000
CVE-2007-3790;0.030170000;0.869230000
CVE-2007-3789;0.018670000;0.784540000
CVE-2007-3788;0.013050000;0.693750000
CVE-2007-3787;0.014020000;0.714230000
CVE-2007-3786;0.025470000;0.843880000
CVE-2007-3785;0.018980000;0.788230000
CVE-2007-3784;0.012920000;0.691030000
CVE-2007-3783;0.013300000;0.699140000
CVE-2007-3782;0.015670000;0.743160000
CVE-2007-3781;0.017810000;0.773660000
CVE-2007-3780;0.140510000;0.964380000
CVE-2007-3779;0.011920000;0.667360000
CVE-2007-3778;0.026670000;0.851580000
CVE-2007-3777;0.003500000;0.260010000
CVE-2007-3776;0.014890000;0.730370000
CVE-2007-3775;0.019780000;0.796840000
CVE-2007-3774;0.014200000;0.717570000
CVE-2007-3773;0.018380000;0.780930000
CVE-2007-3772;0.023940000;0.833110000
CVE-2007-3771;0.003590000;0.270780000
CVE-2007-3770;0.022390000;0.821420000
CVE-2007-3769;0.011630000;0.659250000
CVE-2007-3768;0.015580000;0.741990000
CVE-2007-3765;0.016900000;0.761330000
CVE-2007-3764;0.315200000;0.982300000
CVE-2007-3763;0.265600000;0.979500000
CVE-2007-3762;0.055060000;0.925130000
CVE-2007-3761;0.019200000;0.790710000
CVE-2007-3760;0.030960000;0.872350000
CVE-2007-3759;0.016510000;0.755660000
CVE-2007-3758;0.030960000;0.872360000
CVE-2007-3757;0.019980000;0.798970000
CVE-2007-3756;0.024480000;0.837220000
CVE-2007-3755;0.019980000;0.798970000
CVE-2007-3754;0.018410000;0.781260000
CVE-2007-3753;0.028080000;0.859540000
CVE-2007-3752;0.055310000;0.925370000
CVE-2007-3751;0.256620000;0.978950000
CVE-2007-3750;0.063440000;0.933990000
CVE-2007-3749;0.004510000;0.366310000
CVE-2007-3748;0.021500000;0.813960000
CVE-2007-3747;0.033560000;0.882630000
CVE-2007-3746;0.033560000;0.882630000
CVE-2007-3745;0.033560000;0.882630000
CVE-2007-3744;0.069120000;0.938650000
CVE-2007-3743;0.025780000;0.845920000
CVE-2007-3742;0.024440000;0.836820000
CVE-2007-3741;0.026210000;0.848630000
CVE-2007-3740;0.003800000;0.294070000
CVE-2007-3739;0.003750000;0.288660000
CVE-2007-3738;0.037990000;0.896290000
CVE-2007-3737;0.046180000;0.913650000
CVE-2007-3736;0.013490000;0.703560000
CVE-2007-3735;0.022240000;0.820050000
CVE-2007-3734;0.022240000;0.820060000
CVE-2007-3732;0.003780000;0.291100000
CVE-2007-3731;0.005120000;0.412790000
CVE-2007-3730;0.019340000;0.792250000
CVE-2007-3729;0.020490000;0.804370000
CVE-2007-3728;0.027520000;0.856310000
CVE-2007-3727;0.012000000;0.669280000
CVE-2007-3726;0.021300000;0.812180000
CVE-2007-3725;0.076920000;0.943950000
CVE-2007-3724;0.012910000;0.690780000
CVE-2007-3723;0.002640000;0.164250000
CVE-2007-3722;0.002640000;0.164240000
CVE-2007-3721;0.002640000;0.164240000
CVE-2007-3720;0.003110000;0.214500000
CVE-2007-3719;0.003130000;0.217620000
CVE-2007-3718;0.015630000;0.742630000
CVE-2007-3717;0.003260000;0.231440000
CVE-2007-3716;0.035540000;0.888930000
CVE-2007-3715;0.022780000;0.824310000
CVE-2007-3714;0.026960000;0.853330000
CVE-2007-3713;0.028900000;0.863620000
CVE-2007-3712;0.008450000;0.563060000
CVE-2007-3711;0.020640000;0.805880000
CVE-2007-3710;0.013480000;0.703210000
CVE-2007-3709;0.011860000;0.665640000
CVE-2007-3708;0.012230000;0.675330000
CVE-2007-3707;0.017060000;0.763510000
CVE-2007-3706;0.006360000;0.484030000
CVE-2007-3705;0.010510000;0.628940000
CVE-2007-3704;0.017880000;0.774460000
CVE-2007-3703;0.040500000;0.902860000
CVE-2007-3702;0.075090000;0.942850000
CVE-2007-3701;0.084820000;0.948400000
CVE-2007-3700;0.003180000;0.222370000
CVE-2007-3699;0.039140000;0.899350000
CVE-2007-3698;0.038220000;0.896940000
CVE-2007-3697;0.128070000;0.961560000
CVE-2007-3696;0.016990000;0.762560000
CVE-2007-3695;0.035410000;0.888610000
CVE-2007-3694;0.015110000;0.734160000
CVE-2007-3693;0.012230000;0.675560000
CVE-2007-3692;0.019960000;0.798850000
CVE-2007-3691;0.009990000;0.612700000
CVE-2007-3690;0.017840000;0.773940000
CVE-2007-3689;0.017840000;0.773940000
CVE-2007-3688;0.012770000;0.687890000
CVE-2007-3687;0.010350000;0.624290000
CVE-2007-3686;0.014020000;0.714240000
CVE-2007-3685;0.010600000;0.631460000
CVE-2007-3684;0.012580000;0.683780000
CVE-2007-3683;0.012020000;0.669750000
CVE-2007-3682;0.012500000;0.681950000
CVE-2007-3681;0.023770000;0.831920000
CVE-2007-3680;0.004720000;0.383140000
CVE-2007-3679;0.016750000;0.759110000
CVE-2007-3678;0.056700000;0.927150000
CVE-2007-3677;0.023400000;0.829340000
CVE-2007-3676;0.043260000;0.908350000
CVE-2007-3675;0.048150000;0.916540000
CVE-2007-3673;0.010590000;0.631310000
CVE-2007-3672;0.010220000;0.620140000
CVE-2007-3671;0.068310000;0.938000000
CVE-2007-3670;0.293550000;0.981210000
CVE-2007-3669;0.009850000;0.608330000
CVE-2007-3668;0.014350000;0.720410000
CVE-2007-3667;0.014350000;0.720410000
CVE-2007-3666;0.029970000;0.868370000
CVE-2007-3665;0.015300000;0.737020000
CVE-2007-3664;0.011050000;0.644340000
CVE-2007-3663;0.021060000;0.810010000
CVE-2007-3662;0.026830000;0.852500000
CVE-2007-3661;0.013820000;0.710380000
CVE-2007-3660;0.013590000;0.705850000
CVE-2007-3659;0.004070000;0.323870000
CVE-2007-3658;0.060950000;0.931740000
CVE-2007-3657;0.011330000;0.651170000
CVE-2007-3656;0.019660000;0.795510000
CVE-2007-3655;0.122730000;0.960470000
CVE-2007-3654;0.003080000;0.211530000
CVE-2007-3653;0.014720000;0.727460000
CVE-2007-3652;0.010420000;0.626040000
CVE-2007-3651;0.009710000;0.603980000
CVE-2007-3650;0.011510000;0.655970000
CVE-2007-3649;0.045640000;0.912770000
CVE-2007-3648;0.010960000;0.642030000
CVE-2007-3647;0.033310000;0.881760000
CVE-2007-3646;0.012410000;0.679730000
CVE-2007-3645;0.034400000;0.885380000
CVE-2007-3644;0.039190000;0.899630000
CVE-2007-3643;0.022370000;0.821150000
CVE-2007-3642;0.038720000;0.898350000
CVE-2007-3641;0.074320000;0.942410000
CVE-2007-3640;0.025620000;0.844800000
CVE-2007-3639;0.023910000;0.832910000
CVE-2007-3638;0.024390000;0.836520000
CVE-2007-3637;0.010630000;0.632360000
CVE-2007-3636;0.030770000;0.871600000
CVE-2007-3635;0.002620000;0.161640000
CVE-2007-3634;0.016170000;0.750610000
CVE-2007-3633;0.028770000;0.862980000
CVE-2007-3632;0.615120000;0.991420000
CVE-2007-3631;0.012170000;0.673890000
CVE-2007-3630;0.023300000;0.828530000
CVE-2007-3629;0.014650000;0.726190000
CVE-2007-3628;0.009820000;0.607640000
CVE-2007-3627;0.009310000;0.590620000
CVE-2007-3626;0.019160000;0.790180000
CVE-2007-3625;0.017770000;0.773180000
CVE-2007-3624;0.368360000;0.984580000
CVE-2007-3623;0.019200000;0.790710000
CVE-2007-3622;0.013990000;0.713820000
CVE-2007-3621;0.081580000;0.946640000
CVE-2007-3620;0.026230000;0.848730000
CVE-2007-3619;0.088590000;0.950360000
CVE-2007-3618;0.071030000;0.940210000
CVE-2007-3617;0.009630000;0.601120000
CVE-2007-3616;0.009670000;0.602950000
CVE-2007-3615;0.023540000;0.830400000
CVE-2007-3614;0.700040000;0.993570000
CVE-2007-3613;0.023900000;0.832890000
CVE-2007-3612;0.049210000;0.918100000
CVE-2007-3611;0.032680000;0.879380000
CVE-2007-3610;0.012230000;0.675500000
CVE-2007-3609;0.017770000;0.773200000
CVE-2007-3608;0.028290000;0.860640000
CVE-2007-3607;0.037550000;0.894980000
CVE-2007-3606;0.076460000;0.943700000
CVE-2007-3605;0.699070000;0.993540000
CVE-2007-3604;0.010770000;0.636380000
CVE-2007-3603;0.013960000;0.713060000
CVE-2007-3602;0.014900000;0.730500000
CVE-2007-3601;0.008420000;0.562240000
CVE-2007-3600;0.017760000;0.773090000
CVE-2007-3599;0.012910000;0.690590000
CVE-2007-3598;0.009660000;0.602010000
CVE-2007-3597;0.018280000;0.779720000
CVE-2007-3596;0.010810000;0.637570000
CVE-2007-3594;0.057660000;0.928200000
CVE-2007-3593;0.041030000;0.903990000
CVE-2007-3592;0.011420000;0.653480000
CVE-2007-3591;0.012220000;0.675150000
CVE-2007-3590;0.032040000;0.876610000
CVE-2007-3589;0.010410000;0.625930000
CVE-2007-3588;0.010580000;0.630860000
CVE-2007-3587;0.028870000;0.863430000
CVE-2007-3586;0.023120000;0.827150000
CVE-2007-3585;0.023400000;0.829330000
CVE-2007-3584;0.010290000;0.622220000
CVE-2007-3583;0.012020000;0.669740000
CVE-2007-3582;0.024480000;0.837210000
CVE-2007-3581;0.015700000;0.743650000
CVE-2007-3580;0.010500000;0.628560000
CVE-2007-3579;0.010500000;0.628570000
CVE-2007-3578;0.010830000;0.638170000
CVE-2007-3577;0.010500000;0.628560000
CVE-2007-3576;0.128700000;0.961710000
CVE-2007-3575;0.016850000;0.760670000
CVE-2007-3574;0.019400000;0.793010000
CVE-2007-3573;0.009940000;0.611310000
CVE-2007-3572;0.083810000;0.947860000
CVE-2007-3571;0.011960000;0.668270000
CVE-2007-3570;0.023270000;0.828300000
CVE-2007-3569;0.043920000;0.909640000
CVE-2007-3568;0.019990000;0.799140000
CVE-2007-3567;0.028450000;0.861450000
CVE-2007-3566;0.660810000;0.992530000
CVE-2007-3564;0.022970000;0.825960000
CVE-2007-3563;0.012140000;0.673090000
CVE-2007-3562;0.017770000;0.773200000
CVE-2007-3561;0.010330000;0.623720000
CVE-2007-3560;0.012000000;0.669270000
CVE-2007-3559;0.008690000;0.571310000
CVE-2007-3558;0.010160000;0.618580000
CVE-2007-3557;0.012220000;0.675070000
CVE-2007-3556;0.030170000;0.869200000
CVE-2007-3555;0.029510000;0.866430000
CVE-2007-3554;0.178700000;0.970790000
CVE-2007-3553;0.018100000;0.777340000
CVE-2007-3552;0.019780000;0.796830000
CVE-2007-3551;0.015640000;0.742780000
CVE-2007-3550;0.275070000;0.980100000
CVE-2007-3549;0.010410000;0.625920000
CVE-2007-3548;0.038910000;0.898780000
CVE-2007-3547;0.029450000;0.866150000
CVE-2007-3546;0.019200000;0.790710000
CVE-2007-3545;0.029360000;0.865730000
CVE-2007-3544;0.017690000;0.772160000
CVE-2007-3543;0.016490000;0.755360000
CVE-2007-3542;0.018790000;0.785930000
CVE-2007-3541;0.012630000;0.684910000
CVE-2007-3540;0.010650000;0.633240000
CVE-2007-3539;0.048330000;0.916800000
CVE-2007-3538;0.010630000;0.632370000
CVE-2007-3537;0.015000000;0.732280000
CVE-2007-3536;0.136700000;0.963600000
CVE-2007-3535;0.026400000;0.849840000
CVE-2007-3534;0.010610000;0.631650000
CVE-2007-3533;0.016530000;0.755890000
CVE-2007-3532;0.003760000;0.289640000
CVE-2007-3531;0.002850000;0.188720000
CVE-2007-3530;0.008350000;0.559880000
CVE-2007-3529;0.026840000;0.852580000
CVE-2007-3528;0.017600000;0.770830000
CVE-2007-3527;0.015560000;0.741640000
CVE-2007-3526;0.024930000;0.840270000
CVE-2007-3525;0.014260000;0.718810000
CVE-2007-3524;0.642000000;0.992050000
CVE-2007-3523;0.023940000;0.833160000
CVE-2007-3522;0.661570000;0.992550000
CVE-2007-3521;0.010610000;0.631650000
CVE-2007-3520;0.012170000;0.673900000
CVE-2007-3519;0.012280000;0.676600000
CVE-2007-3518;0.012240000;0.675890000
CVE-2007-3517;0.018060000;0.776840000
CVE-2007-3516;0.010330000;0.623720000
CVE-2007-3515;0.018210000;0.778820000
CVE-2007-3514;0.013270000;0.698500000
CVE-2007-3513;0.004060000;0.322880000
CVE-2007-3512;0.046130000;0.913570000
CVE-2007-3511;0.023570000;0.830620000
CVE-2007-3510;0.050330000;0.919700000
CVE-2007-3509;0.069430000;0.938900000
CVE-2007-3508;0.004540000;0.369200000
CVE-2007-3507;0.055380000;0.925500000
CVE-2007-3506;0.020180000;0.801350000
CVE-2007-3505;0.079390000;0.945400000
CVE-2007-3504;0.064170000;0.934570000
CVE-2007-3503;0.030510000;0.870590000
CVE-2007-3502;0.016610000;0.757180000
CVE-2007-3501;0.012230000;0.675380000
CVE-2007-3500;0.033140000;0.881220000
CVE-2007-3499;0.008630000;0.569310000
CVE-2007-3498;0.010330000;0.623730000
CVE-2007-3497;0.099290000;0.954340000
CVE-2007-3496;0.018670000;0.784530000
CVE-2007-3495;0.012630000;0.684910000
CVE-2007-3494;0.020520000;0.804730000
CVE-2007-3493;0.313070000;0.982210000
CVE-2007-3492;0.026610000;0.851160000
CVE-2007-3491;0.025170000;0.841960000
CVE-2007-3490;0.365510000;0.984450000
CVE-2007-3489;0.033130000;0.881140000
CVE-2007-3488;0.161940000;0.968310000
CVE-2007-3487;0.087660000;0.949940000
CVE-2007-3486;0.008450000;0.563050000
CVE-2007-3485;0.010220000;0.620020000
CVE-2007-3484;0.004400000;0.357260000
CVE-2007-3483;0.014460000;0.722360000
CVE-2007-3482;0.015020000;0.732600000
CVE-2007-3481;0.158500000;0.967690000
CVE-2007-3480;0.021230000;0.811430000
CVE-2007-3479;0.034820000;0.886840000
CVE-2007-3478;0.017210000;0.765510000
CVE-2007-3477;0.048570000;0.917200000
CVE-2007-3476;0.024550000;0.837670000
CVE-2007-3475;0.024520000;0.837520000
CVE-2007-3474;0.025380000;0.843310000
CVE-2007-3473;0.133110000;0.962700000
CVE-2007-3472;0.073190000;0.941730000
CVE-2007-3471;0.004780000;0.387760000
CVE-2007-3470;0.033200000;0.881400000
CVE-2007-3469;0.003550000;0.266870000
CVE-2007-3468;0.029240000;0.865250000
CVE-2007-3467;0.029240000;0.865250000
CVE-2007-3465;0.014950000;0.731240000
CVE-2007-3464;0.010480000;0.627910000
CVE-2007-3463;0.014600000;0.724960000
CVE-2007-3462;0.024080000;0.834170000
CVE-2007-3461;0.010610000;0.631640000
CVE-2007-3460;0.032790000;0.879770000
CVE-2007-3459;0.028800000;0.863130000
CVE-2007-3458;0.003870000;0.301040000
CVE-2007-3457;0.067270000;0.937170000
CVE-2007-3456;0.563090000;0.990240000
CVE-2007-3455;0.029960000;0.868290000
CVE-2007-3454;0.055310000;0.925400000
CVE-2007-3453;0.012580000;0.683830000
CVE-2007-3452;0.010670000;0.633780000
CVE-2007-3451;0.027880000;0.858550000
CVE-2007-3450;0.008300000;0.558460000
CVE-2007-3449;0.011440000;0.653850000
CVE-2007-3448;0.018640000;0.784230000
CVE-2007-3447;0.011400000;0.653070000
CVE-2007-3446;0.077030000;0.944010000
CVE-2007-3445;0.013200000;0.697130000
CVE-2007-3444;0.018700000;0.785050000
CVE-2007-3443;0.005970000;0.463590000
CVE-2007-3442;0.006690000;0.499500000
CVE-2007-3441;0.013820000;0.710380000
CVE-2007-3440;0.021590000;0.814670000
CVE-2007-3439;0.018980000;0.788200000
CVE-2007-3438;0.024590000;0.838000000
CVE-2007-3437;0.016020000;0.748270000
CVE-2007-3436;0.126560000;0.961190000
CVE-2007-3435;0.354060000;0.984000000
CVE-2007-3434;0.026840000;0.852540000
CVE-2007-3433;0.010410000;0.625950000
CVE-2007-3432;0.081760000;0.946740000
CVE-2007-3431;0.707170000;0.993790000
CVE-2007-3430;0.011950000;0.668000000
CVE-2007-3429;0.020690000;0.806470000
CVE-2007-3428;0.013450000;0.702610000
CVE-2007-3427;0.016440000;0.754690000
CVE-2007-3426;0.019350000;0.792370000
CVE-2007-3425;0.031150000;0.873040000
CVE-2007-3424;0.011260000;0.649590000
CVE-2007-3423;0.011260000;0.649600000
CVE-2007-3422;0.011260000;0.649580000
CVE-2007-3421;0.011260000;0.649610000
CVE-2007-3420;0.011260000;0.649600000
CVE-2007-3419;0.011260000;0.649570000
CVE-2007-3418;0.010960000;0.641860000
CVE-2007-3417;0.010220000;0.620100000
CVE-2007-3416;0.005810000;0.455230000
CVE-2007-3415;0.010630000;0.632320000
CVE-2007-3414;0.018590000;0.783740000
CVE-2007-3413;0.010220000;0.620100000
CVE-2007-3412;0.010330000;0.623730000
CVE-2007-3411;0.010630000;0.632340000
CVE-2007-3410;0.360690000;0.984260000
CVE-2007-3409;0.034890000;0.887080000
CVE-2007-3408;0.011640000;0.659500000
CVE-2007-3407;0.084260000;0.948100000
CVE-2007-3406;0.108930000;0.957260000
CVE-2007-3405;0.010330000;0.623730000
CVE-2007-3404;0.028530000;0.861840000
CVE-2007-3403;0.025110000;0.841420000
CVE-2007-3402;0.012230000;0.675500000
CVE-2007-3401;0.739610000;0.994670000
CVE-2007-3400;0.036440000;0.891740000
CVE-2007-3399;0.014230000;0.718050000
CVE-2007-3398;0.028170000;0.860040000
CVE-2007-3397;0.021490000;0.813760000
CVE-2007-3396;0.024490000;0.837270000
CVE-2007-3394;0.021400000;0.813030000
CVE-2007-3393;0.019920000;0.798380000
CVE-2007-3392;0.029110000;0.864620000
CVE-2007-3391;0.022550000;0.822530000
CVE-2007-3390;0.019920000;0.798370000
CVE-2007-3389;0.162580000;0.968430000
CVE-2007-3388;0.042030000;0.906090000
CVE-2007-3387;0.085650000;0.948880000
CVE-2007-3386;0.589560000;0.990830000
CVE-2007-3385;0.169440000;0.969610000
CVE-2007-3384;0.031750000;0.875440000
CVE-2007-3383;0.094790000;0.952700000
CVE-2007-3382;0.374970000;0.984840000
CVE-2007-3381;0.003270000;0.232080000
CVE-2007-3380;0.034540000;0.885860000
CVE-2007-3379;0.003410000;0.250100000
CVE-2007-3378;0.053310000;0.923300000
CVE-2007-3377;0.020490000;0.804390000
CVE-2007-3376;0.055380000;0.925500000
CVE-2007-3375;0.046980000;0.914820000
CVE-2007-3374;0.005210000;0.419340000
CVE-2007-3373;0.009850000;0.608650000
CVE-2007-3372;0.004040000;0.320020000
CVE-2007-3371;0.711840000;0.993910000
CVE-2007-3370;0.745280000;0.994840000
CVE-2007-3369;0.022210000;0.819830000
CVE-2007-3368;0.018180000;0.778550000
CVE-2007-3367;0.014260000;0.718800000
CVE-2007-3366;0.010330000;0.623760000
CVE-2007-3365;0.059670000;0.930400000
CVE-2007-3364;0.041520000;0.905070000
CVE-2007-3363;0.021690000;0.815380000
CVE-2007-3362;0.019780000;0.796840000
CVE-2007-3361;0.019160000;0.790180000
CVE-2007-3360;0.074640000;0.942580000
CVE-2007-3359;0.013350000;0.700300000
CVE-2007-3358;0.680110000;0.993030000
CVE-2007-3357;0.010620000;0.632030000
CVE-2007-3356;0.018130000;0.777820000
CVE-2007-3355;0.010600000;0.631600000
CVE-2007-3354;0.021090000;0.810280000
CVE-2007-3353;0.013480000;0.703200000
CVE-2007-3352;0.012920000;0.691020000
CVE-2007-3351;0.016020000;0.748250000
CVE-2007-3350;0.016190000;0.750930000
CVE-2007-3349;0.019160000;0.790180000
CVE-2007-3348;0.016710000;0.758510000
CVE-2007-3347;0.012540000;0.682740000
CVE-2007-3346;0.027680000;0.857360000
CVE-2007-3345;0.010510000;0.628890000
CVE-2007-3344;0.019650000;0.795430000
CVE-2007-3343;0.012920000;0.691020000
CVE-2007-3342;0.010330000;0.623730000
CVE-2007-3341;0.108540000;0.957120000
CVE-2007-3340;0.040780000;0.903430000
CVE-2007-3339;0.040840000;0.903590000
CVE-2007-3338;0.066730000;0.936630000
CVE-2007-3337;0.003550000;0.267040000
CVE-2007-3336;0.089580000;0.950830000
CVE-2007-3335;0.010510000;0.628890000
CVE-2007-3334;0.103210000;0.955530000
CVE-2007-3333;0.034960000;0.887250000
CVE-2007-3332;0.027440000;0.855930000
CVE-2007-3331;0.011800000;0.664300000
CVE-2007-3330;0.010600000;0.631600000
CVE-2007-3329;0.031560000;0.874690000
CVE-2007-3328;0.022950000;0.825720000
CVE-2007-3327;0.026350000;0.849570000
CVE-2007-3326;0.012350000;0.678180000
CVE-2007-3325;0.643620000;0.992090000
CVE-2007-3324;0.018350000;0.780570000
CVE-2007-3323;0.010410000;0.625930000
CVE-2007-3322;0.014400000;0.721240000
CVE-2007-3321;0.014400000;0.721220000
CVE-2007-3320;0.014030000;0.714560000
CVE-2007-3319;0.016320000;0.752830000
CVE-2007-3318;0.019170000;0.790290000
CVE-2007-3317;0.019160000;0.790170000
CVE-2007-3316;0.170790000;0.969780000
CVE-2007-3315;0.019190000;0.790550000
CVE-2007-3314;0.434080000;0.986940000
CVE-2007-3313;0.017450000;0.768620000
CVE-2007-3312;0.073160000;0.941710000
CVE-2007-3311;0.010370000;0.624910000
CVE-2007-3310;0.031820000;0.875730000
CVE-2007-3309;0.014020000;0.714230000
CVE-2007-3308;0.014020000;0.714240000
CVE-2007-3307;0.010410000;0.625920000
CVE-2007-3306;0.643620000;0.992090000
CVE-2007-3305;0.077290000;0.944190000
CVE-2007-3304;0.032980000;0.880610000
CVE-2007-3303;0.008900000;0.577560000
CVE-2007-3302;0.107880000;0.956920000
CVE-2007-3301;0.010020000;0.613920000
CVE-2007-3300;0.037110000;0.893650000
CVE-2007-3299;0.015530000;0.741200000
CVE-2007-3298;0.010960000;0.642020000
CVE-2007-3297;0.089930000;0.950970000
CVE-2007-3296;0.018260000;0.779520000
CVE-2007-3295;0.014190000;0.717360000
CVE-2007-3294;0.093900000;0.952390000
CVE-2007-3293;0.012570000;0.683560000
CVE-2007-3292;0.024470000;0.837080000
CVE-2007-3291;0.015730000;0.744100000
CVE-2007-3290;0.031060000;0.872680000
CVE-2007-3289;0.121920000;0.960270000
CVE-2007-3288;0.017870000;0.774380000
CVE-2007-3286;0.024850000;0.839700000
CVE-2007-3285;0.017510000;0.769420000
CVE-2007-3284;0.030790000;0.871680000
CVE-2007-3283;0.003420000;0.250800000
CVE-2007-3282;0.422360000;0.986530000
CVE-2007-3281;0.018610000;0.783900000
CVE-2007-3280;0.254900000;0.978850000
CVE-2007-3279;0.026070000;0.847820000
CVE-2007-3278;0.012570000;0.683520000
CVE-2007-3277;0.015410000;0.739100000
CVE-2007-3276;0.010220000;0.620180000
CVE-2007-3275;0.014850000;0.729640000
CVE-2007-3274;0.010130000;0.617670000
CVE-2007-3273;0.010510000;0.628920000
CVE-2007-3272;0.028400000;0.861260000
CVE-2007-3271;0.032790000;0.879780000
CVE-2007-3270;0.041650000;0.905300000
CVE-2007-3269;0.018120000;0.777650000
CVE-2007-3268;0.022340000;0.820960000
CVE-2007-3267;0.018680000;0.784690000
CVE-2007-3266;0.078600000;0.944970000
CVE-2007-3265;0.018590000;0.783730000
CVE-2007-3264;0.017690000;0.772120000
CVE-2007-3263;0.022660000;0.823350000
CVE-2007-3262;0.028530000;0.861830000
CVE-2007-3261;0.012630000;0.684840000
CVE-2007-3260;0.038290000;0.897150000
CVE-2007-3259;0.016570000;0.756520000
CVE-2007-3258;0.012560000;0.683400000
CVE-2007-3257;0.031220000;0.873400000
CVE-2007-3256;0.013670000;0.707290000
CVE-2007-3255;0.019400000;0.793070000
CVE-2007-3254;0.017740000;0.772870000
CVE-2007-3253;0.029450000;0.866180000
CVE-2007-3252;0.014260000;0.718800000
CVE-2007-3251;0.039870000;0.901460000
CVE-2007-3250;0.013300000;0.699130000
CVE-2007-3249;0.019330000;0.792130000
CVE-2007-3248;0.029750000;0.867350000
CVE-2007-3247;0.012210000;0.674780000
CVE-2007-3246;0.019010000;0.788570000
CVE-2007-3245;0.017470000;0.768860000
CVE-2007-3244;0.017670000;0.771760000
CVE-2007-3243;0.018020000;0.776290000
CVE-2007-3242;0.020860000;0.808060000
CVE-2007-3241;0.017840000;0.774020000
CVE-2007-3240;0.027760000;0.858060000
CVE-2007-3239;0.030860000;0.871960000
CVE-2007-3238;0.020000000;0.799180000
CVE-2007-3237;0.676560000;0.992940000
CVE-2007-3236;0.769820000;0.995360000
CVE-2007-3235;0.008980000;0.579830000
CVE-2007-3234;0.010410000;0.625920000
CVE-2007-3233;0.059830000;0.930540000
CVE-2007-3232;0.033020000;0.880750000
CVE-2007-3231;0.013010000;0.693120000
CVE-2007-3230;0.678550000;0.992990000
CVE-2007-3229;0.011530000;0.656550000
CVE-2007-3228;0.674630000;0.992870000
CVE-2007-3227;0.036830000;0.892870000
CVE-2007-3226;0.012630000;0.684830000
CVE-2007-3225;0.022210000;0.819860000
CVE-2007-3224;0.022380000;0.821280000
CVE-2007-3223;0.029450000;0.866170000
CVE-2007-3222;0.074380000;0.942440000
CVE-2007-3221;0.678120000;0.992970000
CVE-2007-3220;0.627460000;0.991700000
CVE-2007-3219;0.016510000;0.755590000
CVE-2007-3218;0.010330000;0.623760000
CVE-2007-3217;0.100980000;0.954860000
CVE-2007-3216;0.591930000;0.990870000
CVE-2007-3215;0.024070000;0.834110000
CVE-2007-3214;0.011290000;0.650420000
CVE-2007-3213;0.012230000;0.675310000
CVE-2007-3212;0.017690000;0.772160000
CVE-2007-3211;0.010330000;0.623480000
CVE-2007-3210;0.039700000;0.901070000
CVE-2007-3209;0.015030000;0.732840000
CVE-2007-3208;0.058600000;0.929410000
CVE-2007-3207;0.021840000;0.816590000
CVE-2007-3205;0.020750000;0.807000000
CVE-2007-3204;0.010870000;0.639210000
CVE-2007-3203;0.042820000;0.907590000
CVE-2007-3202;0.010280000;0.622140000
CVE-2007-3201;0.027120000;0.854180000
CVE-2007-3200;0.003450000;0.253750000
CVE-2007-3199;0.029980000;0.868440000
CVE-2007-3198;0.024870000;0.839840000
CVE-2007-3197;0.010010000;0.613700000
CVE-2007-3196;0.011950000;0.667990000
CVE-2007-3195;0.010330000;0.623480000
CVE-2007-3194;0.015500000;0.740740000
CVE-2007-3193;0.035290000;0.888190000
CVE-2007-3192;0.035560000;0.888980000
CVE-2007-3191;0.083830000;0.947890000
CVE-2007-3190;0.014480000;0.722590000
CVE-2007-3189;0.039710000;0.901090000
CVE-2007-3188;0.012020000;0.669750000
CVE-2007-3187;0.032200000;0.877370000
CVE-2007-3186;0.049260000;0.918190000
CVE-2007-3185;0.018790000;0.786000000
CVE-2007-3184;0.006280000;0.479650000
CVE-2007-3183;0.044960000;0.911510000
CVE-2007-3182;0.042970000;0.907850000
CVE-2007-3181;0.132060000;0.962450000
CVE-2007-3180;0.033560000;0.882650000
CVE-2007-3179;0.010580000;0.630860000
CVE-2007-3178;0.012520000;0.682380000
CVE-2007-3177;0.014000000;0.713990000
CVE-2007-3176;0.010040000;0.614700000
CVE-2007-3175;0.166830000;0.969250000
CVE-2007-3174;0.010220000;0.620180000
CVE-2007-3173;0.012050000;0.670420000
CVE-2007-3172;0.015130000;0.734440000
CVE-2007-3171;0.024560000;0.837750000
CVE-2007-3170;0.015310000;0.737210000
CVE-2007-3169;0.119140000;0.959720000
CVE-2007-3168;0.063120000;0.933750000
CVE-2007-3167;0.061180000;0.931900000
CVE-2007-3166;0.020860000;0.808120000
CVE-2007-3165;0.014820000;0.729200000
CVE-2007-3164;0.098510000;0.954050000
CVE-2007-3163;0.015070000;0.733440000
CVE-2007-3162;0.081880000;0.946800000
CVE-2007-3161;0.033010000;0.880740000
CVE-2007-3160;0.031440000;0.874220000
CVE-2007-3159;0.027590000;0.856860000
CVE-2007-3158;0.022740000;0.823980000
CVE-2007-3157;0.088270000;0.950190000
CVE-2007-3156;0.015690000;0.743450000
CVE-2007-3155;0.018080000;0.777030000
CVE-2007-3154;0.018670000;0.784540000
CVE-2007-3153;0.011860000;0.665650000
CVE-2007-3152;0.014020000;0.714260000
CVE-2007-3151;0.073370000;0.941840000
CVE-2007-3150;0.011620000;0.658910000
CVE-2007-3149;0.003630000;0.275730000
CVE-2007-3148;0.123390000;0.960600000
CVE-2007-3147;0.403740000;0.985980000
CVE-2007-3146;0.012130000;0.672910000
CVE-2007-3145;0.012240000;0.675890000
CVE-2007-3144;0.012340000;0.678110000
CVE-2007-3143;0.019870000;0.797890000
CVE-2007-3142;0.014990000;0.732170000
CVE-2007-3141;0.019680000;0.795760000
CVE-2007-3140;0.073150000;0.941700000
CVE-2007-3139;0.035100000;0.887720000
CVE-2007-3138;0.029040000;0.864300000
CVE-2007-3137;0.018050000;0.776650000
CVE-2007-3136;0.023400000;0.829320000
CVE-2007-3135;0.013650000;0.706840000
CVE-2007-3134;0.015270000;0.736560000
CVE-2007-3133;0.016400000;0.754000000
CVE-2007-3132;0.021750000;0.815930000
CVE-2007-3131;0.011310000;0.650830000
CVE-2007-3130;0.044580000;0.910880000
CVE-2007-3129;0.013360000;0.700670000
CVE-2007-3128;0.012370000;0.678620000
CVE-2007-3127;0.030300000;0.869770000
CVE-2007-3126;0.028520000;0.861780000
CVE-2007-3124;0.003330000;0.239350000
CVE-2007-3123;0.025270000;0.842580000
CVE-2007-3122;0.029750000;0.867370000
CVE-2007-3121;0.022000000;0.818090000
CVE-2007-3120;0.012230000;0.675400000
CVE-2007-3119;0.011970000;0.668570000
CVE-2007-3118;0.033860000;0.883590000
CVE-2007-3117;0.012230000;0.675390000
CVE-2007-3116;0.014280000;0.719110000
CVE-2007-3115;0.024060000;0.834010000
CVE-2007-3114;0.017450000;0.768590000
CVE-2007-3113;0.027430000;0.855880000
CVE-2007-3112;0.024060000;0.834000000
CVE-2007-3111;0.443670000;0.987200000
CVE-2007-3110;0.010330000;0.623470000
CVE-2007-3109;0.108570000;0.957150000
CVE-2007-3108;0.004040000;0.320840000
CVE-2007-3107;0.003910000;0.306090000
CVE-2007-3106;0.031400000;0.874060000
CVE-2007-3105;0.004540000;0.369240000
CVE-2007-3104;0.004260000;0.343550000
CVE-2007-3103;0.009020000;0.581040000
CVE-2007-3102;0.023420000;0.829500000
CVE-2007-3101;0.444530000;0.987220000
CVE-2007-3100;0.003840000;0.298450000
CVE-2007-3099;0.007590000;0.534050000
CVE-2007-3098;0.035660000;0.889350000
CVE-2007-3097;0.022040000;0.818400000
CVE-2007-3096;0.024960000;0.840470000
CVE-2007-3095;0.021550000;0.814270000
CVE-2007-3094;0.047470000;0.915530000
CVE-2007-3093;0.046960000;0.914800000
CVE-2007-3092;0.199760000;0.973530000
CVE-2007-3091;0.277480000;0.980270000
CVE-2007-3089;0.027740000;0.857900000
CVE-2007-3088;0.011680000;0.660610000
CVE-2007-3087;0.011450000;0.654240000
CVE-2007-3086;0.006760000;0.502610000
CVE-2007-3085;0.024340000;0.836220000
CVE-2007-3084;0.013480000;0.703200000
CVE-2007-3083;0.014640000;0.725820000
CVE-2007-3082;0.029280000;0.865430000
CVE-2007-3081;0.013560000;0.705230000
CVE-2007-3080;0.010100000;0.616480000
CVE-2007-3079;0.012410000;0.679660000
CVE-2007-3078;0.012630000;0.684840000
CVE-2007-3077;0.012240000;0.675900000
CVE-2007-3076;0.025940000;0.847010000
CVE-2007-3075;0.164470000;0.968790000
CVE-2007-3074;0.011770000;0.663650000
CVE-2007-3073;0.016870000;0.761060000
CVE-2007-3072;0.015780000;0.744880000
CVE-2007-3071;0.058420000;0.929160000
CVE-2007-3070;0.018020000;0.776230000
CVE-2007-3069;0.003620000;0.274120000
CVE-2007-3068;0.329480000;0.983060000
CVE-2007-3067;0.010650000;0.633110000
CVE-2007-3066;0.018010000;0.776180000
CVE-2007-3065;0.010470000;0.627820000
CVE-2007-3064;0.015070000;0.733520000
CVE-2007-3063;0.009710000;0.604230000
CVE-2007-3062;0.038710000;0.898310000
CVE-2007-3061;0.025820000;0.846110000
CVE-2007-3060;0.049630000;0.918840000
CVE-2007-3059;0.012130000;0.672900000
CVE-2007-3058;0.015400000;0.738870000
CVE-2007-3057;0.686690000;0.993210000
CVE-2007-3056;0.015620000;0.742490000
CVE-2007-3055;0.018310000;0.780080000
CVE-2007-3054;0.010330000;0.623470000
CVE-2007-3053;0.014020000;0.714250000
CVE-2007-3052;0.025080000;0.841200000
CVE-2007-3051;0.011950000;0.668000000
CVE-2007-3050;0.016820000;0.760140000
CVE-2007-3049;0.014850000;0.729630000
CVE-2007-3048;0.007070000;0.515020000
CVE-2007-3047;0.021590000;0.814670000
CVE-2007-3046;0.015520000;0.740930000
CVE-2007-3045;0.014400000;0.721230000
CVE-2007-3044;0.016530000;0.755880000
CVE-2007-3043;0.012230000;0.675210000
CVE-2007-3042;0.012630000;0.684900000
CVE-2007-3041;0.289790000;0.981010000
CVE-2007-3040;0.544280000;0.989800000
CVE-2007-3039;0.690550000;0.993340000
CVE-2007-3038;0.351750000;0.983920000
CVE-2007-3037;0.218250000;0.975670000
CVE-2007-3036;0.023980000;0.833470000
CVE-2007-3035;0.250020000;0.978480000
CVE-2007-3034;0.519240000;0.989170000
CVE-2007-3033;0.283670000;0.980630000
CVE-2007-3032;0.251650000;0.978650000
CVE-2007-3030;0.250330000;0.978490000
CVE-2007-3029;0.309140000;0.982010000
CVE-2007-3028;0.396680000;0.985730000
CVE-2007-3027;0.349040000;0.983850000
CVE-2007-3026;0.094690000;0.952670000
CVE-2007-3025;0.014280000;0.719120000
CVE-2007-3024;0.003590000;0.270670000
CVE-2007-3023;0.022450000;0.821850000
CVE-2007-3022;0.020520000;0.804740000
CVE-2007-3021;0.020240000;0.801980000
CVE-2007-3018;0.010030000;0.614210000
CVE-2007-3017;0.051420000;0.921160000
CVE-2007-3014;0.044800000;0.911230000
CVE-2007-3013;0.028990000;0.864070000
CVE-2007-3012;0.017570000;0.770350000
CVE-2007-3011;0.041650000;0.905310000
CVE-2007-3010;0.973850000;0.998970000
CVE-2007-3009;0.022310000;0.820610000
CVE-2007-3008;0.014540000;0.723910000
CVE-2007-3007;0.026950000;0.853210000
CVE-2007-3006;0.080880000;0.946220000
CVE-2007-3003;0.010090000;0.616210000
CVE-2007-3002;0.023720000;0.831570000
CVE-2007-3001;0.018950000;0.787840000
CVE-2007-3000;0.012450000;0.680630000
CVE-2007-2999;0.016410000;0.754180000
CVE-2007-2998;0.004880000;0.394980000
CVE-2007-2997;0.012930000;0.691280000
CVE-2007-2996;0.002850000;0.188670000
CVE-2007-2995;0.012440000;0.680450000
CVE-2007-2994;0.011630000;0.659270000
CVE-2007-2993;0.012630000;0.684880000
CVE-2007-2992;0.012930000;0.691270000
CVE-2007-2991;0.015700000;0.743630000
CVE-2007-2990;0.003550000;0.266860000
CVE-2007-2989;0.034380000;0.885350000
CVE-2007-2988;0.076990000;0.943980000
CVE-2007-2987;0.327040000;0.982930000
CVE-2007-2986;0.643620000;0.992080000
CVE-2007-2985;0.041690000;0.905370000
CVE-2007-2984;0.034480000;0.885690000
CVE-2007-2983;0.087590000;0.949890000
CVE-2007-2982;0.051940000;0.921820000
CVE-2007-2981;0.064200000;0.934610000
CVE-2007-2980;0.047110000;0.915000000
CVE-2007-2979;0.016900000;0.761350000
CVE-2007-2978;0.014990000;0.732240000
CVE-2007-2977;0.018750000;0.785460000
CVE-2007-2976;0.010290000;0.622290000
CVE-2007-2975;0.025410000;0.843520000
CVE-2007-2974;0.075260000;0.942930000
CVE-2007-2973;0.034380000;0.885350000
CVE-2007-2972;0.034130000;0.884480000
CVE-2007-2971;0.019790000;0.796930000
CVE-2007-2970;0.010330000;0.623460000
CVE-2007-2969;0.617270000;0.991470000
CVE-2007-2968;0.012240000;0.675820000
CVE-2007-2967;0.047890000;0.916170000
CVE-2007-2966;0.052080000;0.922010000
CVE-2007-2965;0.003530000;0.264300000
CVE-2007-2964;0.035600000;0.889140000
CVE-2007-2963;0.022750000;0.824080000
CVE-2007-2962;0.017980000;0.775700000
CVE-2007-2961;0.016100000;0.749520000
CVE-2007-2960;0.015170000;0.735090000
CVE-2007-2959;0.011870000;0.666150000
CVE-2007-2958;0.031670000;0.875130000
CVE-2007-2957;0.062200000;0.932900000
CVE-2007-2956;0.038810000;0.898560000
CVE-2007-2955;0.040320000;0.902440000
CVE-2007-2954;0.231860000;0.976990000
CVE-2007-2953;0.041790000;0.905620000
CVE-2007-2952;0.154930000;0.966930000
CVE-2007-2951;0.031970000;0.876270000
CVE-2007-2950;0.003880000;0.302430000
CVE-2007-2949;0.071690000;0.940730000
CVE-2007-2948;0.057480000;0.928020000
CVE-2007-2947;0.089930000;0.950970000
CVE-2007-2946;0.087770000;0.949990000
CVE-2007-2945;0.014440000;0.721860000
CVE-2007-2944;0.012560000;0.683400000
CVE-2007-2943;0.025670000;0.845220000
CVE-2007-2942;0.025080000;0.841190000
CVE-2007-2941;0.070110000;0.939460000
CVE-2007-2940;0.065260000;0.935530000
CVE-2007-2939;0.640280000;0.992010000
CVE-2007-2938;0.405130000;0.986030000
CVE-2007-2937;0.643620000;0.992080000
CVE-2007-2936;0.070110000;0.939460000
CVE-2007-2935;0.095670000;0.953040000
CVE-2007-2934;0.028080000;0.859540000
CVE-2007-2933;0.010290000;0.622190000
CVE-2007-2932;0.044700000;0.911070000
CVE-2007-2931;0.554510000;0.990050000
CVE-2007-2930;0.075850000;0.943300000
CVE-2007-2929;0.025800000;0.846000000
CVE-2007-2928;0.045700000;0.912860000
CVE-2007-2927;0.257900000;0.979060000
CVE-2007-2926;0.130900000;0.962240000
CVE-2007-2925;0.061480000;0.932190000
CVE-2007-2924;0.076370000;0.943660000
CVE-2007-2923;0.059710000;0.930430000
CVE-2007-2921;0.078290000;0.944760000
CVE-2007-2920;0.065060000;0.935350000
CVE-2007-2919;0.337200000;0.983370000
CVE-2007-2918;0.340590000;0.983510000
CVE-2007-2917;0.065620000;0.935860000
CVE-2007-2916;0.012860000;0.689720000
CVE-2007-2915;0.010280000;0.622140000
CVE-2007-2914;0.015300000;0.737060000
CVE-2007-2913;0.010280000;0.622140000
CVE-2007-2912;0.012280000;0.676640000
CVE-2007-2911;0.013050000;0.693900000
CVE-2007-2910;0.008450000;0.563200000
CVE-2007-2909;0.006880000;0.507880000
CVE-2007-2908;0.017710000;0.772410000
CVE-2007-2907;0.014700000;0.727070000
CVE-2007-2906;0.016310000;0.752650000
CVE-2007-2905;0.013680000;0.707510000
CVE-2007-2904;0.016460000;0.754900000
CVE-2007-2903;0.285100000;0.980710000
CVE-2007-2902;0.010610000;0.631640000
CVE-2007-2901;0.018350000;0.780620000
CVE-2007-2900;0.028020000;0.859250000
CVE-2007-2899;0.023120000;0.827160000
CVE-2007-2898;0.014210000;0.717710000
CVE-2007-2897;0.740230000;0.994700000
CVE-2007-2896;0.015630000;0.742620000
CVE-2007-2895;0.054120000;0.924130000
CVE-2007-2894;0.007270000;0.522620000
CVE-2007-2893;0.004610000;0.374490000
CVE-2007-2892;0.014850000;0.729630000
CVE-2007-2891;0.080340000;0.945890000
CVE-2007-2890;0.011950000;0.668010000
CVE-2007-2889;0.021630000;0.814910000
CVE-2007-2888;0.546780000;0.989890000
CVE-2007-2887;0.017610000;0.770900000
CVE-2007-2886;0.017470000;0.768870000
CVE-2007-2885;0.094130000;0.952480000
CVE-2007-2884;0.362180000;0.984290000
CVE-2007-2883;0.003340000;0.242370000
CVE-2007-2882;0.031630000;0.874980000
CVE-2007-2881;0.257030000;0.978980000
CVE-2007-2880;0.012570000;0.683530000
CVE-2007-2879;0.015340000;0.737930000
CVE-2007-2878;0.008810000;0.574820000
CVE-2007-2877;0.003650000;0.277560000
CVE-2007-2876;0.013950000;0.712800000
CVE-2007-2875;0.004360000;0.353450000
CVE-2007-2874;0.025010000;0.840710000
CVE-2007-2873;0.003400000;0.249060000
CVE-2007-2872;0.088780000;0.950470000
CVE-2007-2871;0.024900000;0.840030000
CVE-2007-2870;0.016490000;0.755380000
CVE-2007-2869;0.017980000;0.775670000
CVE-2007-2868;0.048680000;0.917330000
CVE-2007-2867;0.034070000;0.884330000
CVE-2007-2866;0.010510000;0.628960000
CVE-2007-2865;0.060650000;0.931410000
CVE-2007-2864;0.496470000;0.988570000
CVE-2007-2863;0.234050000;0.977160000
CVE-2007-2862;0.010910000;0.640200000
CVE-2007-2861;0.017440000;0.768530000
CVE-2007-2860;0.011370000;0.652160000
CVE-2007-2859;0.024340000;0.836220000
CVE-2007-2858;0.009000000;0.580350000
CVE-2007-2857;0.030740000;0.871500000
CVE-2007-2856;0.071730000;0.940780000
CVE-2007-2855;0.047740000;0.915970000
CVE-2007-2854;0.011950000;0.667980000
CVE-2007-2853;0.047220000;0.915140000
CVE-2007-2852;0.065330000;0.935580000
CVE-2007-2851;0.024070000;0.834120000
CVE-2007-2850;0.028190000;0.860130000
CVE-2007-2849;0.027080000;0.853910000
CVE-2007-2848;0.046190000;0.913700000
CVE-2007-2847;0.018160000;0.778200000
CVE-2007-2846;0.077380000;0.944240000
CVE-2007-2845;0.062750000;0.933400000
CVE-2007-2844;0.028630000;0.862270000
CVE-2007-2843;0.034900000;0.887100000
CVE-2007-2839;0.007740000;0.539310000
CVE-2007-2838;0.003460000;0.255360000
CVE-2007-2837;0.003370000;0.244980000
CVE-2007-2836;0.023860000;0.832570000
CVE-2007-2835;0.003430000;0.252540000
CVE-2007-2834;0.119670000;0.959840000
CVE-2007-2833;0.019620000;0.795240000
CVE-2007-2832;0.064920000;0.935260000
CVE-2007-2831;0.034610000;0.886080000
CVE-2007-2830;0.022980000;0.826020000
CVE-2007-2829;0.033290000;0.881680000
CVE-2007-2828;0.015390000;0.738620000
CVE-2007-2827;0.064200000;0.934610000
CVE-2007-2826;0.032560000;0.878920000
CVE-2007-2825;0.012050000;0.670580000
CVE-2007-2824;0.018090000;0.777220000
CVE-2007-2823;0.029170000;0.864930000
CVE-2007-2822;0.044160000;0.910000000
CVE-2007-2821;0.052000000;0.921890000
CVE-2007-2820;0.057980000;0.928620000
CVE-2007-2819;0.011690000;0.660880000
CVE-2007-2818;0.011690000;0.660880000
CVE-2007-2817;0.010500000;0.628510000
CVE-2007-2816;0.100630000;0.954730000
CVE-2007-2815;0.733500000;0.994490000
CVE-2007-2814;0.054820000;0.924860000
CVE-2007-2813;0.034090000;0.884380000
CVE-2007-2812;0.027100000;0.854020000
CVE-2007-2811;0.012630000;0.684800000
CVE-2007-2810;0.015390000;0.738690000
CVE-2007-2809;0.063140000;0.933760000
CVE-2007-2808;0.013210000;0.697300000
CVE-2007-2807;0.099790000;0.954470000
CVE-2007-2806;0.015520000;0.741040000
CVE-2007-2805;0.014950000;0.731300000
CVE-2007-2804;0.012230000;0.675410000
CVE-2007-2803;0.011510000;0.656060000
CVE-2007-2802;0.010730000;0.635440000
CVE-2007-2801;0.023550000;0.830470000
CVE-2007-2800;0.012560000;0.683390000
CVE-2007-2799;0.027020000;0.853580000
CVE-2007-2798;0.075190000;0.942900000
CVE-2007-2797;0.003990000;0.314310000
CVE-2007-2796;0.021720000;0.815580000
CVE-2007-2795;0.244550000;0.978030000
CVE-2007-2793;0.644970000;0.992130000
CVE-2007-2792;0.037570000;0.895040000
CVE-2007-2791;0.064640000;0.935020000
CVE-2007-2790;0.016870000;0.760980000
CVE-2007-2789;0.034850000;0.886940000
CVE-2007-2788;0.181850000;0.971130000
CVE-2007-2787;0.075030000;0.942820000
CVE-2007-2786;0.017070000;0.763730000
CVE-2007-2785;0.011600000;0.658240000
CVE-2007-2784;0.019780000;0.796850000
CVE-2007-2783;0.071240000;0.940390000
CVE-2007-2782;0.016010000;0.748150000
CVE-2007-2781;0.013560000;0.705280000
CVE-2007-2780;0.030170000;0.869200000
CVE-2007-2779;0.035980000;0.890430000
CVE-2007-2778;0.037520000;0.894900000
CVE-2007-2777;0.063200000;0.933810000
CVE-2007-2776;0.086150000;0.949150000
CVE-2007-2775;0.045470000;0.912470000
CVE-2007-2774;0.037380000;0.894510000
CVE-2007-2773;0.022070000;0.818630000
CVE-2007-2772;0.120570000;0.960050000
CVE-2007-2771;0.090380000;0.951130000
CVE-2007-2770;0.029230000;0.865170000
CVE-2007-2769;0.026590000;0.851020000
CVE-2007-2768;0.086150000;0.949150000
CVE-2007-2767;0.020970000;0.809150000
CVE-2007-2766;0.003340000;0.241680000
CVE-2007-2765;0.015310000;0.737270000
CVE-2007-2764;0.024010000;0.833620000
CVE-2007-2763;0.077620000;0.944370000
CVE-2007-2762;0.096540000;0.953320000
CVE-2007-2761;0.061180000;0.931910000
CVE-2007-2760;0.017340000;0.767210000
CVE-2007-2759;0.016890000;0.761290000
CVE-2007-2758;0.057240000;0.927750000
CVE-2007-2757;0.051470000;0.921250000
CVE-2007-2756;0.042670000;0.907340000
CVE-2007-2755;0.043610000;0.909050000
CVE-2007-2754;0.057860000;0.928410000
CVE-2007-2753;0.051590000;0.921400000
CVE-2007-2752;0.011700000;0.661180000
CVE-2007-2751;0.032790000;0.879790000
CVE-2007-2750;0.012170000;0.673900000
CVE-2007-2749;0.010020000;0.613830000
CVE-2007-2748;0.014000000;0.714030000
CVE-2007-2747;0.035140000;0.887830000
CVE-2007-2746;0.009240000;0.588270000
CVE-2007-2745;0.010330000;0.623470000
CVE-2007-2744;0.054820000;0.924860000
CVE-2007-2743;0.031440000;0.874220000
CVE-2007-2742;0.014770000;0.728180000
CVE-2007-2741;0.079280000;0.945330000
CVE-2007-2740;0.010340000;0.624100000
CVE-2007-2739;0.012910000;0.690640000
CVE-2007-2738;0.010410000;0.625940000
CVE-2007-2737;0.009260000;0.588910000
CVE-2007-2736;0.040930000;0.903790000
CVE-2007-2735;0.011950000;0.667980000
CVE-2007-2734;0.021020000;0.809660000
CVE-2007-2733;0.009450000;0.595280000
CVE-2007-2732;0.040810000;0.903530000
CVE-2007-2731;0.015580000;0.741900000
CVE-2007-2730;0.003180000;0.222720000
CVE-2007-2729;0.003180000;0.222720000
CVE-2007-2728;0.024040000;0.833890000
CVE-2007-2727;0.018960000;0.788020000
CVE-2007-2726;0.030650000;0.871120000
CVE-2007-2725;0.024260000;0.835560000
CVE-2007-2724;0.011640000;0.659480000
CVE-2007-2723;0.014820000;0.729200000
CVE-2007-2722;0.031960000;0.876260000
CVE-2007-2721;0.022710000;0.823750000
CVE-2007-2720;0.011050000;0.644190000
CVE-2007-2719;0.044550000;0.910830000
CVE-2007-2718;0.163050000;0.968500000
CVE-2007-2717;0.010100000;0.616500000
CVE-2007-2716;0.041570000;0.905150000
CVE-2007-2715;0.103880000;0.955750000
CVE-2007-2714;0.114170000;0.958600000
CVE-2007-2713;0.026370000;0.849640000
CVE-2007-2712;0.017690000;0.772120000
CVE-2007-2711;0.633020000;0.991830000
CVE-2007-2710;0.022730000;0.823890000
CVE-2007-2709;0.031630000;0.874930000
CVE-2007-2708;0.625790000;0.991670000
CVE-2007-2707;0.681340000;0.993070000
CVE-2007-2706;0.032790000;0.879780000
CVE-2007-2705;0.017400000;0.767940000
CVE-2007-2704;0.016220000;0.751220000
CVE-2007-2703;0.015620000;0.742450000
CVE-2007-2702;0.015090000;0.733860000
CVE-2007-2701;0.016900000;0.761410000
CVE-2007-2700;0.017470000;0.768820000
CVE-2007-2699;0.293050000;0.981180000
CVE-2007-2698;0.019540000;0.794520000
CVE-2007-2697;0.022670000;0.823420000
CVE-2007-2696;0.021060000;0.809970000
CVE-2007-2695;0.025540000;0.844330000
CVE-2007-2694;0.016500000;0.755470000
CVE-2007-2693;0.017780000;0.773290000
CVE-2007-2692;0.018810000;0.786200000
CVE-2007-2691;0.028480000;0.861640000
CVE-2007-2690;0.019590000;0.794980000
CVE-2007-2689;0.019590000;0.794980000
CVE-2007-2688;0.029760000;0.867410000
CVE-2007-2687;0.055310000;0.925410000
CVE-2007-2686;0.017570000;0.770330000
CVE-2007-2685;0.011760000;0.663030000
CVE-2007-2684;0.016140000;0.750030000
CVE-2007-2683;0.007990000;0.547780000
CVE-2007-2682;0.026670000;0.851590000
CVE-2007-2681;0.014950000;0.731320000
CVE-2007-2680;0.012230000;0.675420000
CVE-2007-2679;0.013350000;0.700300000
CVE-2007-2678;0.035960000;0.890370000
CVE-2007-2677;0.095180000;0.952860000
CVE-2007-2676;0.706370000;0.993750000
CVE-2007-2675;0.017600000;0.770790000
CVE-2007-2674;0.012960000;0.691820000
CVE-2007-2673;0.023770000;0.831930000
CVE-2007-2672;0.025160000;0.841890000
CVE-2007-2671;0.031940000;0.876160000
CVE-2007-2670;0.012230000;0.675240000
CVE-2007-2669;0.019290000;0.791570000
CVE-2007-2668;0.040770000;0.903400000
CVE-2007-2667;0.060040000;0.930780000
CVE-2007-2666;0.155130000;0.966960000
CVE-2007-2665;0.024920000;0.840180000
CVE-2007-2664;0.028010000;0.859200000
CVE-2007-2663;0.027850000;0.858420000
CVE-2007-2662;0.010670000;0.633770000
CVE-2007-2661;0.012240000;0.675890000
CVE-2007-2660;0.034690000;0.886360000
CVE-2007-2659;0.068250000;0.937960000
CVE-2007-2658;0.043440000;0.908720000
CVE-2007-2657;0.041010000;0.903960000
CVE-2007-2656;0.044270000;0.910210000
CVE-2007-2655;0.039160000;0.899430000
CVE-2007-2654;0.003320000;0.238120000
CVE-2007-2652;0.029040000;0.864280000
CVE-2007-2651;0.028590000;0.862110000
CVE-2007-2650;0.032370000;0.877980000
CVE-2007-2649;0.019230000;0.791030000
CVE-2007-2648;0.069760000;0.939140000
CVE-2007-2647;0.026890000;0.852900000
CVE-2007-2646;0.030860000;0.871970000
CVE-2007-2645;0.130580000;0.962190000
CVE-2007-2644;0.046490000;0.914120000
CVE-2007-2643;0.037360000;0.894480000
CVE-2007-2642;0.037150000;0.893770000
CVE-2007-2641;0.020260000;0.802130000
CVE-2007-2640;0.013620000;0.706370000
CVE-2007-2639;0.036230000;0.891130000
CVE-2007-2638;0.025840000;0.846230000
CVE-2007-2637;0.014860000;0.729900000
CVE-2007-2636;0.011650000;0.659980000
CVE-2007-2635;0.023460000;0.829780000
CVE-2007-2634;0.020040000;0.799740000
CVE-2007-2633;0.024200000;0.835130000
CVE-2007-2632;0.039900000;0.901520000
CVE-2007-2631;0.013820000;0.710310000
CVE-2007-2630;0.013110000;0.695110000
CVE-2007-2629;0.016900000;0.761350000
CVE-2007-2628;0.026100000;0.847970000
CVE-2007-2627;0.023270000;0.828250000
CVE-2007-2626;0.010910000;0.640200000
CVE-2007-2625;0.011340000;0.651300000
CVE-2007-2624;0.013560000;0.705280000
CVE-2007-2623;0.043440000;0.908710000
CVE-2007-2622;0.012570000;0.683560000
CVE-2007-2621;0.024930000;0.840270000
CVE-2007-2620;0.032790000;0.879780000
CVE-2007-2619;0.003230000;0.228280000
CVE-2007-2618;0.011900000;0.666750000
CVE-2007-2617;0.038030000;0.896380000
CVE-2007-2616;0.059970000;0.930720000
CVE-2007-2615;0.034010000;0.884160000
CVE-2007-2614;0.013560000;0.705230000
CVE-2007-2613;0.005500000;0.437840000
CVE-2007-2612;0.010630000;0.632370000
CVE-2007-2611;0.078180000;0.944700000
CVE-2007-2610;0.012920000;0.690990000
CVE-2007-2609;0.096760000;0.953390000
CVE-2007-2608;0.081810000;0.946770000
CVE-2007-2607;0.706430000;0.993750000
CVE-2007-2606;0.017880000;0.774440000
CVE-2007-2605;0.011430000;0.653690000
CVE-2007-2604;0.016120000;0.749730000
CVE-2007-2603;0.016620000;0.757310000
CVE-2007-2602;0.034600000;0.886050000
CVE-2007-2601;0.050920000;0.920580000
CVE-2007-2600;0.027820000;0.858260000
CVE-2007-2599;0.037260000;0.894140000
CVE-2007-2598;0.019040000;0.788860000
CVE-2007-2597;0.101030000;0.954880000
CVE-2007-2596;0.032790000;0.879790000
CVE-2007-2595;0.011080000;0.644970000
CVE-2007-2594;0.077850000;0.944510000
CVE-2007-2593;0.094490000;0.952590000
CVE-2007-2592;0.026570000;0.850930000
CVE-2007-2591;0.018060000;0.776820000
CVE-2007-2590;0.015430000;0.739410000
CVE-2007-2589;0.013740000;0.708920000
CVE-2007-2588;0.070400000;0.939690000
CVE-2007-2587;0.016060000;0.748890000
CVE-2007-2586;0.143830000;0.965010000
CVE-2007-2585;0.065410000;0.935700000
CVE-2007-2584;0.097440000;0.953650000
CVE-2007-2583;0.113090000;0.958370000
CVE-2007-2582;0.269890000;0.979760000
CVE-2007-2581;0.362260000;0.984300000
CVE-2007-2580;0.007410000;0.527890000
CVE-2007-2579;0.015620000;0.742470000
CVE-2007-2578;0.021490000;0.813850000
CVE-2007-2577;0.020120000;0.800790000
CVE-2007-2576;0.048740000;0.917420000
CVE-2007-2575;0.023310000;0.828560000
CVE-2007-2574;0.024300000;0.835950000
CVE-2007-2573;0.027850000;0.858420000
CVE-2007-2572;0.024170000;0.834930000
CVE-2007-2571;0.010030000;0.614400000
CVE-2007-2570;0.081590000;0.946650000
CVE-2007-2569;0.083720000;0.947830000
CVE-2007-2568;0.062200000;0.932900000
CVE-2007-2567;0.040970000;0.903860000
CVE-2007-2566;0.027350000;0.855450000
CVE-2007-2565;0.026480000;0.850270000
CVE-2007-2564;0.047620000;0.915780000
CVE-2007-2563;0.072220000;0.941090000
CVE-2007-2562;0.010280000;0.622140000
CVE-2007-2561;0.010090000;0.616220000
CVE-2007-2560;0.027350000;0.855430000
CVE-2007-2559;0.017440000;0.768530000
CVE-2007-2558;0.015480000;0.740100000
CVE-2007-2557;0.008500000;0.564760000
CVE-2007-2556;0.034510000;0.885790000
CVE-2007-2555;0.009890000;0.609890000
CVE-2007-2554;0.014180000;0.717180000
CVE-2007-2553;0.009360000;0.592480000
CVE-2007-2552;0.014890000;0.730370000
CVE-2007-2551;0.012230000;0.675280000
CVE-2007-2550;0.022430000;0.821710000
CVE-2007-2549;0.011950000;0.667980000
CVE-2007-2548;0.010100000;0.616870000
CVE-2007-2547;0.015700000;0.743630000
CVE-2007-2546;0.014910000;0.730680000
CVE-2007-2545;0.687540000;0.993240000
CVE-2007-2544;0.031630000;0.874940000
CVE-2007-2543;0.012020000;0.669740000
CVE-2007-2542;0.026700000;0.851770000
CVE-2007-2541;0.031630000;0.874940000
CVE-2007-2540;0.093180000;0.952130000
CVE-2007-2539;0.079060000;0.945220000
CVE-2007-2538;0.048330000;0.916800000
CVE-2007-2537;0.010520000;0.629340000
CVE-2007-2536;0.085430000;0.948770000
CVE-2007-2535;0.027320000;0.855270000
CVE-2007-2534;0.013460000;0.702810000
CVE-2007-2533;0.053590000;0.923580000
CVE-2007-2532;0.037250000;0.894120000
CVE-2007-2531;0.032790000;0.879780000
CVE-2007-2530;0.032790000;0.879770000
CVE-2007-2529;0.003670000;0.279370000
CVE-2007-2528;0.037310000;0.894330000
CVE-2007-2527;0.036420000;0.891680000
CVE-2007-2526;0.069760000;0.939150000
CVE-2007-2525;0.004050000;0.321390000
CVE-2007-2524;0.045440000;0.912420000
CVE-2007-2523;0.013800000;0.710020000
CVE-2007-2522;0.265890000;0.979530000
CVE-2007-2521;0.033380000;0.882020000
CVE-2007-2520;0.011050000;0.644190000
CVE-2007-2519;0.076560000;0.943790000
CVE-2007-2514;0.047350000;0.915350000
CVE-2007-2513;0.014000000;0.714030000
CVE-2007-2512;0.012000000;0.669270000
CVE-2007-2511;0.004430000;0.360180000
CVE-2007-2510;0.023030000;0.826420000
CVE-2007-2509;0.020660000;0.806160000
CVE-2007-2508;0.771940000;0.995400000
CVE-2007-2507;0.034760000;0.886630000
CVE-2007-2506;0.039670000;0.900980000
CVE-2007-2505;0.047560000;0.915680000
CVE-2007-2504;0.015480000;0.740110000
CVE-2007-2503;0.036230000;0.891130000
CVE-2007-2502;0.032060000;0.876680000
CVE-2007-2501;0.029520000;0.866450000
CVE-2007-2500;0.053950000;0.923960000
CVE-2007-2499;0.014010000;0.714090000
CVE-2007-2498;0.102410000;0.955300000
CVE-2007-2497;0.070910000;0.940100000
CVE-2007-2496;0.038260000;0.897070000
CVE-2007-2495;0.039560000;0.900650000
CVE-2007-2494;0.051900000;0.921770000
CVE-2007-2493;0.040340000;0.902500000
CVE-2007-2492;0.012330000;0.677940000
CVE-2007-2491;0.003010000;0.204560000
CVE-2007-2490;0.037490000;0.894840000
CVE-2007-2489;0.083860000;0.947920000
CVE-2007-2488;0.043230000;0.908310000
CVE-2007-2487;0.053870000;0.923860000
CVE-2007-2486;0.066430000;0.936410000
CVE-2007-2485;0.548530000;0.989930000
CVE-2007-2484;0.453550000;0.987500000
CVE-2007-2483;0.065050000;0.935350000
CVE-2007-2482;0.085950000;0.949020000
CVE-2007-2481;0.400990000;0.985890000
CVE-2007-2480;0.003510000;0.261610000
CVE-2007-2479;0.025360000;0.843140000
CVE-2007-2478;0.062280000;0.932950000
CVE-2007-2477;0.021830000;0.816490000
CVE-2007-2476;0.023470000;0.829840000
CVE-2007-2475;0.015270000;0.736620000
CVE-2007-2474;0.061630000;0.932360000
CVE-2007-2473;0.036950000;0.893200000
CVE-2007-2472;0.010620000;0.631930000
CVE-2007-2471;0.027830000;0.858340000
CVE-2007-2470;0.016450000;0.754820000
CVE-2007-2469;0.018220000;0.778940000
CVE-2007-2468;0.005170000;0.416160000
CVE-2007-2467;0.003350000;0.243060000
CVE-2007-2466;0.029710000;0.867210000
CVE-2007-2465;0.003280000;0.233140000
CVE-2007-2464;0.029420000;0.865970000
CVE-2007-2463;0.028770000;0.863000000
CVE-2007-2462;0.064510000;0.934930000
CVE-2007-2461;0.043720000;0.909320000
CVE-2007-2460;0.017970000;0.775590000
CVE-2007-2459;0.049260000;0.918210000
CVE-2007-2458;0.101300000;0.954970000
CVE-2007-2457;0.117820000;0.959420000
CVE-2007-2456;0.094620000;0.952650000
CVE-2007-2455;0.005980000;0.464550000
CVE-2007-2454;0.004380000;0.355770000
CVE-2007-2453;0.003690000;0.281800000
CVE-2007-2452;0.022250000;0.820160000
CVE-2007-2451;0.020980000;0.809240000
CVE-2007-2450;0.032910000;0.880280000
CVE-2007-2449;0.773760000;0.995430000
CVE-2007-2448;0.015250000;0.736390000
CVE-2007-2447;0.497590000;0.988590000
CVE-2007-2446;0.776560000;0.995510000
CVE-2007-2445;0.052140000;0.922110000
CVE-2007-2444;0.007770000;0.540310000
CVE-2007-2443;0.034790000;0.886720000
CVE-2007-2442;0.113760000;0.958510000
CVE-2007-2441;0.032690000;0.879420000
CVE-2007-2440;0.036050000;0.890620000
CVE-2007-2439;0.023150000;0.827360000
CVE-2007-2438;0.032210000;0.877430000
CVE-2007-2437;0.044010000;0.909760000
CVE-2007-2435;0.049590000;0.918770000
CVE-2007-2434;0.144160000;0.965060000
CVE-2007-2433;0.018370000;0.780850000
CVE-2007-2432;0.018370000;0.780850000
CVE-2007-2431;0.051020000;0.920690000
CVE-2007-2430;0.037020000;0.893440000
CVE-2007-2429;0.080240000;0.945810000
CVE-2007-2428;0.094410000;0.952560000
CVE-2007-2427;0.035960000;0.890370000
CVE-2007-2426;0.628710000;0.991720000
CVE-2007-2425;0.078260000;0.944730000
CVE-2007-2424;0.098580000;0.954070000
CVE-2007-2423;0.035530000;0.888880000
CVE-2007-2422;0.024300000;0.835930000
CVE-2007-2421;0.042630000;0.907250000
CVE-2007-2420;0.031330000;0.873790000
CVE-2007-2419;0.055310000;0.925410000
CVE-2007-2418;0.064940000;0.935290000
CVE-2007-2417;0.161990000;0.968320000
CVE-2007-2416;0.031840000;0.875800000
CVE-2007-2415;0.021790000;0.816220000
CVE-2007-2414;0.029450000;0.866180000
CVE-2007-2412;0.016800000;0.759830000
CVE-2007-2411;0.026730000;0.851980000
CVE-2007-2410;0.012630000;0.684810000
CVE-2007-2409;0.013100000;0.694880000
CVE-2007-2408;0.014280000;0.719100000
CVE-2007-2407;0.034660000;0.886250000
CVE-2007-2406;0.032220000;0.877490000
CVE-2007-2405;0.028150000;0.859930000
CVE-2007-2404;0.013980000;0.713340000
CVE-2007-2403;0.014240000;0.718270000
CVE-2007-2402;0.028430000;0.861360000
CVE-2007-2401;0.070600000;0.939860000
CVE-2007-2400;0.025510000;0.844100000
CVE-2007-2399;0.072880000;0.941520000
CVE-2007-2398;0.025570000;0.844490000
CVE-2007-2397;0.068760000;0.938330000
CVE-2007-2396;0.068760000;0.938330000
CVE-2007-2395;0.072580000;0.941330000
CVE-2007-2394;0.121360000;0.960180000
CVE-2007-2393;0.068570000;0.938190000
CVE-2007-2392;0.060600000;0.931370000
CVE-2007-2391;0.012920000;0.690990000
CVE-2007-2390;0.094540000;0.952620000
CVE-2007-2389;0.027860000;0.858470000
CVE-2007-2388;0.059720000;0.930440000
CVE-2007-2387;0.029470000;0.866230000
CVE-2007-2386;0.499990000;0.988660000
CVE-2007-2385;0.011050000;0.644340000
CVE-2007-2384;0.013410000;0.701950000
CVE-2007-2383;0.023740000;0.831680000
CVE-2007-2382;0.015570000;0.741750000
CVE-2007-2381;0.016310000;0.752550000
CVE-2007-2380;0.123010000;0.960540000
CVE-2007-2379;0.027710000;0.857460000
CVE-2007-2378;0.007340000;0.525290000
CVE-2007-2377;0.018770000;0.785750000
CVE-2007-2376;0.015570000;0.741740000
CVE-2007-2375;0.054270000;0.924290000
CVE-2007-2374;0.174320000;0.970280000
CVE-2007-2373;0.036620000;0.892330000
CVE-2007-2372;0.082010000;0.946870000
CVE-2007-2371;0.080360000;0.945900000
CVE-2007-2370;0.028790000;0.863060000
CVE-2007-2369;0.084250000;0.948100000
CVE-2007-2368;0.022860000;0.824930000
CVE-2007-2367;0.037350000;0.894470000
CVE-2007-2366;0.339010000;0.983450000
CVE-2007-2365;0.411960000;0.986230000
CVE-2007-2364;0.085260000;0.948660000
CVE-2007-2363;0.089350000;0.950710000
CVE-2007-2362;0.160610000;0.968080000
CVE-2007-2361;0.003440000;0.252910000
CVE-2007-2360;0.003350000;0.243380000
CVE-2007-2359;0.004060000;0.322540000
CVE-2007-2358;0.024590000;0.838020000
CVE-2007-2357;0.021190000;0.811190000
CVE-2007-2356;0.156740000;0.967390000
CVE-2007-2355;0.059660000;0.930400000
CVE-2007-2354;0.020380000;0.803220000
CVE-2007-2353;0.276510000;0.980200000
CVE-2007-2352;0.051330000;0.921040000
CVE-2007-2351;0.006490000;0.490220000
CVE-2007-2350;0.022760000;0.824200000
CVE-2007-2349;0.016450000;0.754820000
CVE-2007-2348;0.031750000;0.875450000
CVE-2007-2347;0.027850000;0.858430000
CVE-2007-2346;0.031440000;0.874220000
CVE-2007-2345;0.060760000;0.931510000
CVE-2007-2344;0.019160000;0.790220000
CVE-2007-2343;0.039900000;0.901530000
CVE-2007-2342;0.010100000;0.616480000
CVE-2007-2341;0.026700000;0.851760000
CVE-2007-2340;0.424200000;0.986590000
CVE-2007-2339;0.018720000;0.785200000
CVE-2007-2338;0.086650000;0.949440000
CVE-2007-2337;0.018230000;0.779140000
CVE-2007-2336;0.032380000;0.878010000
CVE-2007-2335;0.012630000;0.684780000
CVE-2007-2334;0.016090000;0.749320000
CVE-2007-2333;0.025660000;0.845060000
CVE-2007-2332;0.017340000;0.767220000
CVE-2007-2331;0.013560000;0.705240000
CVE-2007-2330;0.032780000;0.879700000
CVE-2007-2329;0.013620000;0.706510000
CVE-2007-2328;0.013560000;0.705240000
CVE-2007-2327;0.026100000;0.847970000
CVE-2007-2326;0.029810000;0.867680000
CVE-2007-2325;0.033820000;0.883490000
CVE-2007-2324;0.029890000;0.868010000
CVE-2007-2323;0.046190000;0.913700000
CVE-2007-2322;0.040000000;0.901760000
CVE-2007-2321;0.015410000;0.739090000
CVE-2007-2320;0.011950000;0.667990000
CVE-2007-2319;0.023010000;0.826200000
CVE-2007-2318;0.045000000;0.911600000
CVE-2007-2317;0.080340000;0.945880000
CVE-2007-2316;0.022370000;0.821150000
CVE-2007-2315;0.016190000;0.750930000
CVE-2007-2314;0.016510000;0.755590000
CVE-2007-2313;0.060760000;0.931520000
CVE-2007-2312;0.011950000;0.668000000
CVE-2007-2311;0.013560000;0.705250000
CVE-2007-2310;0.015230000;0.735920000
CVE-2007-2309;0.008450000;0.563190000
CVE-2007-2308;0.015230000;0.735930000
CVE-2007-2307;0.026700000;0.851760000
CVE-2007-2306;0.011250000;0.649260000
CVE-2007-2305;0.010410000;0.625940000
CVE-2007-2304;0.026870000;0.852770000
CVE-2007-2303;0.020180000;0.801370000
CVE-2007-2302;0.023400000;0.829320000
CVE-2007-2301;0.060760000;0.931520000
CVE-2007-2300;0.018950000;0.787850000
CVE-2007-2299;0.012340000;0.678110000
CVE-2007-2298;0.024170000;0.834910000
CVE-2007-2297;0.023920000;0.833020000
CVE-2007-2296;0.055310000;0.925370000
CVE-2007-2295;0.065120000;0.935400000
CVE-2007-2294;0.038630000;0.898090000
CVE-2007-2293;0.238780000;0.977550000
CVE-2007-2292;0.127360000;0.961380000
CVE-2007-2291;0.201270000;0.973730000
CVE-2007-2290;0.033840000;0.883550000
CVE-2007-2289;0.013480000;0.703210000
CVE-2007-2288;0.022980000;0.826000000
CVE-2007-2287;0.022980000;0.826000000
CVE-2007-2286;0.013480000;0.703210000
CVE-2007-2285;0.117710000;0.959390000
CVE-2007-2284;0.067290000;0.937210000
CVE-2007-2283;0.067290000;0.937210000
CVE-2007-2282;0.047330000;0.915320000
CVE-2007-2281;0.088230000;0.950170000
CVE-2007-2280;0.602860000;0.991110000
CVE-2007-2279;0.058170000;0.928900000
CVE-2007-2278;0.015480000;0.740120000
CVE-2007-2277;0.014450000;0.722040000
CVE-2007-2276;0.016700000;0.758310000
CVE-2007-2275;0.004720000;0.383620000
CVE-2007-2274;0.082020000;0.946870000
CVE-2007-2273;0.032980000;0.880620000
CVE-2007-2272;0.059530000;0.930240000
CVE-2007-2271;0.084290000;0.948120000
CVE-2007-2270;0.093570000;0.952250000
CVE-2007-2269;0.014390000;0.721020000
CVE-2007-2268;0.035140000;0.887820000
CVE-2007-2267;0.015660000;0.743050000
CVE-2007-2266;0.024040000;0.833850000
CVE-2007-2265;0.011760000;0.663110000
CVE-2007-2264;0.072990000;0.941590000
CVE-2007-2263;0.072990000;0.941590000
CVE-2007-2262;0.033110000;0.881100000
CVE-2007-2261;0.021540000;0.814240000
CVE-2007-2260;0.024650000;0.838350000
CVE-2007-2259;0.011960000;0.668240000
CVE-2007-2258;0.022880000;0.825130000
CVE-2007-2257;0.027340000;0.855390000
CVE-2007-2256;0.017610000;0.770900000
CVE-2007-2255;0.017440000;0.768530000
CVE-2007-2254;0.013560000;0.705250000
CVE-2007-2253;0.013240000;0.697820000
CVE-2007-2252;0.027560000;0.856690000
CVE-2007-2251;0.014220000;0.718020000
CVE-2007-2250;0.037400000;0.894580000
CVE-2007-2249;0.069500000;0.938930000
CVE-2007-2248;0.023130000;0.827180000
CVE-2007-2247;0.011580000;0.657760000
CVE-2007-2246;0.023180000;0.827600000
CVE-2007-2245;0.017320000;0.767020000
CVE-2007-2244;0.317100000;0.982400000
CVE-2007-2243;0.024720000;0.838860000
CVE-2007-2242;0.050350000;0.919710000
CVE-2007-2241;0.075520000;0.943100000
CVE-2007-2240;0.026400000;0.849860000
CVE-2007-2239;0.118070000;0.959470000
CVE-2007-2238;0.455350000;0.987540000
CVE-2007-2237;0.154240000;0.966780000
CVE-2007-2236;0.014020000;0.714400000
CVE-2007-2235;0.012940000;0.691400000
CVE-2007-2234;0.010910000;0.640200000
CVE-2007-2233;0.019900000;0.798180000
CVE-2007-2232;0.024720000;0.838870000
CVE-2007-2231;0.021230000;0.811460000
CVE-2007-2230;0.020290000;0.802370000
CVE-2007-2229;0.015490000;0.740480000
CVE-2007-2228;0.433030000;0.986860000
CVE-2007-2227;0.250400000;0.978520000
CVE-2007-2225;0.250400000;0.978520000
CVE-2007-2224;0.345340000;0.983690000
CVE-2007-2223;0.487220000;0.988350000
CVE-2007-2222;0.547380000;0.989900000
CVE-2007-2221;0.348690000;0.983830000
CVE-2007-2219;0.318080000;0.982440000
CVE-2007-2218;0.125440000;0.960980000
CVE-2007-2217;0.414150000;0.986310000
CVE-2007-2216;0.413880000;0.986290000
CVE-2007-2214;0.014020000;0.714260000
CVE-2007-2213;0.046060000;0.913470000
CVE-2007-2212;0.009130000;0.584670000
CVE-2007-2211;0.010610000;0.631660000
CVE-2007-2210;0.033910000;0.883770000
CVE-2007-2209;0.115880000;0.958990000
CVE-2007-2208;0.015480000;0.740110000
CVE-2007-2207;0.016910000;0.761480000
CVE-2007-2206;0.012940000;0.691400000
CVE-2007-2205;0.031390000;0.874010000
CVE-2007-2204;0.033860000;0.883580000
CVE-2007-2203;0.010650000;0.633340000
CVE-2007-2202;0.028320000;0.860820000
CVE-2007-2201;0.041020000;0.903980000
CVE-2007-2200;0.104580000;0.955950000
CVE-2007-2199;0.469120000;0.987910000
CVE-2007-2198;0.012230000;0.675370000
CVE-2007-2197;0.012180000;0.674230000
CVE-2007-2196;0.017280000;0.766350000
CVE-2007-2195;0.033380000;0.882010000
CVE-2007-2194;0.188670000;0.972000000
CVE-2007-2193;0.365700000;0.984460000
CVE-2007-2192;0.071900000;0.940920000
CVE-2007-2191;0.044560000;0.910840000
CVE-2007-2190;0.013510000;0.703940000
CVE-2007-2189;0.050880000;0.920520000
CVE-2007-2188;0.023680000;0.831330000
CVE-2007-2187;0.068230000;0.937950000
CVE-2007-2186;0.075580000;0.943140000
CVE-2007-2185;0.070340000;0.939640000
CVE-2007-2184;0.027670000;0.857330000
CVE-2007-2183;0.022030000;0.818330000
CVE-2007-2182;0.044090000;0.909850000
CVE-2007-2181;0.031210000;0.873350000
CVE-2007-2180;0.033900000;0.883700000
CVE-2007-2179;0.025090000;0.841280000
CVE-2007-2178;0.016700000;0.758310000
CVE-2007-2177;0.030610000;0.870990000
CVE-2007-2176;0.029740000;0.867340000
CVE-2007-2175;0.838040000;0.996840000
CVE-2007-2174;0.004110000;0.327410000
CVE-2007-2173;0.046730000;0.914460000
CVE-2007-2172;0.004310000;0.348460000
CVE-2007-2171;0.243320000;0.977920000
CVE-2007-2170;0.038600000;0.898050000
CVE-2007-2169;0.059470000;0.930180000
CVE-2007-2168;0.023090000;0.826910000
CVE-2007-2167;0.444330000;0.987220000
CVE-2007-2166;0.032220000;0.877490000
CVE-2007-2165;0.121890000;0.960270000
CVE-2007-2164;0.014200000;0.717540000
CVE-2007-2163;0.010840000;0.638550000
CVE-2007-2162;0.013800000;0.710030000
CVE-2007-2161;0.122780000;0.960480000
CVE-2007-2160;0.013590000;0.705880000
CVE-2007-2159;0.010330000;0.623500000
CVE-2007-2158;0.024410000;0.836620000
CVE-2007-2157;0.035110000;0.887740000
CVE-2007-2156;0.101030000;0.954880000
CVE-2007-2155;0.028530000;0.861870000
CVE-2007-2154;0.027850000;0.858440000
CVE-2007-2153;0.011830000;0.665100000
CVE-2007-2152;0.026050000;0.847650000
CVE-2007-2151;0.018560000;0.783320000
CVE-2007-2150;0.013950000;0.712850000
CVE-2007-2149;0.030880000;0.872050000
CVE-2007-2148;0.019910000;0.798260000
CVE-2007-2147;0.034160000;0.884550000
CVE-2007-2146;0.019760000;0.796550000
CVE-2007-2145;0.021390000;0.812850000
CVE-2007-2144;0.048370000;0.916860000
CVE-2007-2143;0.024410000;0.836620000
CVE-2007-2142;0.096540000;0.953320000
CVE-2007-2141;0.458430000;0.987640000
CVE-2007-2140;0.013620000;0.706510000
CVE-2007-2139;0.779960000;0.995610000
CVE-2007-2138;0.036900000;0.893080000
CVE-2007-2137;0.077350000;0.944230000
CVE-2007-2136;0.043380000;0.908590000
CVE-2007-2135;0.020600000;0.805590000
CVE-2007-2134;0.004170000;0.334230000
CVE-2007-2133;0.022380000;0.821340000
CVE-2007-2132;0.022380000;0.821310000
CVE-2007-2131;0.030160000;0.869150000
CVE-2007-2130;0.025270000;0.842540000
CVE-2007-2129;0.022380000;0.821320000
CVE-2007-2128;0.025270000;0.842540000
CVE-2007-2127;0.022380000;0.821320000
CVE-2007-2126;0.022380000;0.821330000
CVE-2007-2125;0.022380000;0.821340000
CVE-2007-2124;0.022380000;0.821330000
CVE-2007-2123;0.022380000;0.821330000
CVE-2007-2122;0.022380000;0.821340000
CVE-2007-2121;0.022380000;0.821340000
CVE-2007-2120;0.029810000;0.867650000
CVE-2007-2119;0.043520000;0.908880000
CVE-2007-2118;0.037610000;0.895130000
CVE-2007-2117;0.005630000;0.445570000
CVE-2007-2116;0.029460000;0.866190000
CVE-2007-2115;0.030340000;0.869880000
CVE-2007-2114;0.058990000;0.929710000
CVE-2007-2113;0.034250000;0.884830000
CVE-2007-2112;0.040310000;0.902420000
CVE-2007-2111;0.025910000;0.846850000
CVE-2007-2110;0.004570000;0.371090000
CVE-2007-2109;0.022250000;0.820160000
CVE-2007-2108;0.215000000;0.975410000
CVE-2007-2107;0.010010000;0.613720000
CVE-2007-2106;0.014640000;0.725920000
CVE-2007-2105;0.015100000;0.733990000
CVE-2007-2104;0.018310000;0.780110000
CVE-2007-2103;0.015480000;0.740110000
CVE-2007-2102;0.011760000;0.663110000
CVE-2007-2101;0.021460000;0.813480000
CVE-2007-2100;0.022390000;0.821410000
CVE-2007-2099;0.011410000;0.653170000
CVE-2007-2098;0.019000000;0.788390000
CVE-2007-2097;0.015480000;0.740120000
CVE-2007-2096;0.013560000;0.705250000
CVE-2007-2095;0.012250000;0.676000000
CVE-2007-2094;0.031440000;0.874220000
CVE-2007-2093;0.456930000;0.987570000
CVE-2007-2092;0.019300000;0.791780000
CVE-2007-2091;0.026590000;0.851040000
CVE-2007-2090;0.016650000;0.757650000
CVE-2007-2089;0.056350000;0.926810000
CVE-2007-2088;0.015800000;0.745160000
CVE-2007-2087;0.019190000;0.790550000
CVE-2007-2086;0.023360000;0.829040000
CVE-2007-2085;0.014010000;0.714080000
CVE-2007-2084;0.014050000;0.714810000
CVE-2007-2083;0.007730000;0.539110000
CVE-2007-2082;0.011520000;0.656360000
CVE-2007-2081;0.065520000;0.935770000
CVE-2007-2080;0.009740000;0.605250000
CVE-2007-2079;0.096910000;0.953470000
CVE-2007-2078;0.017140000;0.764720000
CVE-2007-2077;0.016890000;0.761250000
CVE-2007-2076;0.017220000;0.765680000
CVE-2007-2075;0.003440000;0.252860000
CVE-2007-2074;0.003620000;0.274920000
CVE-2007-2073;0.012250000;0.676000000
CVE-2007-2072;0.016820000;0.760090000
CVE-2007-2071;0.017070000;0.763800000
CVE-2007-2070;0.094230000;0.952500000
CVE-2007-2069;0.072420000;0.941220000
CVE-2007-2068;0.032370000;0.877970000
CVE-2007-2067;0.083720000;0.947830000
CVE-2007-2066;0.012050000;0.670420000
CVE-2007-2065;0.021060000;0.810010000
CVE-2007-2064;0.030940000;0.872290000
CVE-2007-2063;0.003020000;0.205400000
CVE-2007-2062;0.057570000;0.928100000
CVE-2007-2061;0.019950000;0.798730000
CVE-2007-2060;0.031750000;0.875460000
CVE-2007-2059;0.072940000;0.941560000
CVE-2007-2058;0.013000000;0.692990000
CVE-2007-2057;0.193530000;0.972650000
CVE-2007-2055;0.022250000;0.820180000
CVE-2007-2054;0.033840000;0.883540000
CVE-2007-2053;0.067110000;0.936940000
CVE-2007-2052;0.136370000;0.963520000
CVE-2007-2051;0.013000000;0.692850000
CVE-2007-2050;0.034400000;0.885410000
CVE-2007-2049;0.023230000;0.827940000
CVE-2007-2048;0.038280000;0.897090000
CVE-2007-2047;0.011870000;0.666100000
CVE-2007-2046;0.014020000;0.714250000
CVE-2007-2045;0.020790000;0.807330000
CVE-2007-2044;0.024410000;0.836610000
CVE-2007-2043;0.067260000;0.937160000
CVE-2007-2042;0.013350000;0.700310000
CVE-2007-2041;0.012760000;0.687580000
CVE-2007-2040;0.003630000;0.276000000
CVE-2007-2039;0.012100000;0.671950000
CVE-2007-2038;0.009820000;0.607530000
CVE-2007-2037;0.008950000;0.579210000
CVE-2007-2036;0.025660000;0.845080000
CVE-2007-2035;0.017430000;0.768360000
CVE-2007-2034;0.020980000;0.809340000
CVE-2007-2033;0.013410000;0.701910000
CVE-2007-2032;0.016610000;0.757170000
CVE-2007-2031;0.153080000;0.966590000
CVE-2007-2030;0.003550000;0.266470000
CVE-2007-2029;0.030370000;0.869970000
CVE-2007-2028;0.024760000;0.839120000
CVE-2007-2027;0.008410000;0.561870000
CVE-2007-2026;0.020920000;0.808760000
CVE-2007-2025;0.025050000;0.841010000
CVE-2007-2024;0.032790000;0.879760000
CVE-2007-2023;0.003370000;0.245080000
CVE-2007-2022;0.043330000;0.908510000
CVE-2007-2021;0.012250000;0.676000000
CVE-2007-2020;0.031320000;0.873730000
CVE-2007-2019;0.031740000;0.875400000
CVE-2007-2018;0.009330000;0.591520000
CVE-2007-2017;0.017610000;0.770970000
CVE-2007-2016;0.010500000;0.628470000
CVE-2007-2015;0.031630000;0.874980000
CVE-2007-2014;0.022730000;0.823900000
CVE-2007-2013;0.017690000;0.772150000
CVE-2007-2012;0.012820000;0.688710000
CVE-2007-2011;0.018710000;0.785160000
CVE-2007-2010;0.015660000;0.743040000
CVE-2007-2009;0.028310000;0.860790000
CVE-2007-2008;0.024350000;0.836290000
CVE-2007-2007;0.026630000;0.851250000
CVE-2007-2006;0.010290000;0.622210000
CVE-2007-2005;0.066810000;0.936690000
CVE-2007-2004;0.010220000;0.620280000
CVE-2007-2003;0.020070000;0.800310000
CVE-2007-2002;0.020070000;0.800310000
CVE-2007-2001;0.020220000;0.801680000
CVE-2007-20001;0.010590000;0.631310000
CVE-2007-2000;0.010370000;0.624770000
CVE-2007-1999;0.027850000;0.858440000
CVE-2007-1998;0.087480000;0.949850000
CVE-2007-1997;0.054120000;0.924130000
CVE-2007-1996;0.021580000;0.814550000
CVE-2007-1995;0.017400000;0.767930000
CVE-2007-1994;0.004220000;0.339700000
CVE-2007-1993;0.080190000;0.945800000
CVE-2007-1992;0.060760000;0.931520000
CVE-2007-1991;0.010220000;0.620040000
CVE-2007-1990;0.011940000;0.667760000
CVE-2007-1989;0.020440000;0.803860000
CVE-2007-1988;0.010280000;0.622130000
CVE-2007-1987;0.013560000;0.705240000
CVE-2007-1986;0.036580000;0.892200000
CVE-2007-1985;0.012250000;0.675990000
CVE-2007-1984;0.012510000;0.682060000
CVE-2007-1983;0.027850000;0.858430000
CVE-2007-1982;0.099140000;0.954260000
CVE-2007-1981;0.016190000;0.750930000
CVE-2007-1980;0.010650000;0.633450000
CVE-2007-1979;0.021750000;0.815900000
CVE-2007-1978;0.010290000;0.622200000
CVE-2007-1977;0.012700000;0.686330000
CVE-2007-1976;0.019700000;0.795980000
CVE-2007-1975;0.015480000;0.740110000
CVE-2007-1974;0.055320000;0.925420000
CVE-2007-1973;0.014870000;0.730070000
CVE-2007-1972;0.039680000;0.901000000
CVE-2007-1971;0.009780000;0.606650000
CVE-2007-1970;0.009340000;0.591910000
CVE-2007-1969;0.008850000;0.576040000
CVE-2007-1968;0.033240000;0.881520000
CVE-2007-1967;0.013430000;0.702310000
CVE-2007-1966;0.012360000;0.678450000
CVE-2007-1965;0.010220000;0.619990000
CVE-2007-1964;0.009450000;0.595280000
CVE-2007-1963;0.013220000;0.697470000
CVE-2007-1962;0.010430000;0.626540000
CVE-2007-1961;0.023400000;0.829320000
CVE-2007-1960;0.009930000;0.611010000
CVE-2007-1959;0.013760000;0.709360000
CVE-2007-1958;0.010270000;0.621770000
CVE-2007-1957;0.013430000;0.702310000
CVE-2007-1956;0.009780000;0.606650000
CVE-2007-1955;0.045700000;0.912860000
CVE-2007-1954;0.015170000;0.735090000
CVE-2007-1953;0.014060000;0.714990000
CVE-2007-1952;0.014530000;0.723690000
CVE-2007-1951;0.014060000;0.714990000
CVE-2007-1950;0.010340000;0.624140000
CVE-2007-1949;0.014230000;0.718140000
CVE-2007-1948;0.082560000;0.947160000
CVE-2007-1947;0.044830000;0.911290000
CVE-2007-1946;0.260650000;0.979240000
CVE-2007-1945;0.013770000;0.709590000
CVE-2007-1944;0.016190000;0.750960000
CVE-2007-1943;0.093710000;0.952320000
CVE-2007-1942;0.090820000;0.951290000
CVE-2007-1941;0.010540000;0.629780000
CVE-2007-1940;0.003270000;0.232160000
CVE-2007-1939;0.010350000;0.624250000
CVE-2007-1938;0.014510000;0.723260000
CVE-2007-1937;0.031210000;0.873350000
CVE-2007-1936;0.013980000;0.713400000
CVE-2007-1935;0.013980000;0.713400000
CVE-2007-1934;0.024820000;0.839490000
CVE-2007-1933;0.063310000;0.933900000
CVE-2007-1932;0.025110000;0.841410000
CVE-2007-1931;0.010290000;0.622210000
CVE-2007-1930;0.035310000;0.888280000
CVE-2007-1929;0.034360000;0.885240000
CVE-2007-1928;0.029380000;0.865800000
CVE-2007-1927;0.012170000;0.673860000
CVE-2007-1926;0.015510000;0.740860000
CVE-2007-1925;0.013410000;0.701910000
CVE-2007-1924;0.015780000;0.744830000
CVE-2007-1923;0.025920000;0.846920000
CVE-2007-1922;0.047810000;0.916050000
CVE-2007-1921;0.045800000;0.913030000
CVE-2007-1920;0.011750000;0.662930000
CVE-2007-1919;0.014980000;0.731990000
CVE-2007-1918;0.025480000;0.843930000
CVE-2007-1917;0.066610000;0.936540000
CVE-2007-1916;0.066610000;0.936550000
CVE-2007-1915;0.043740000;0.909370000
CVE-2007-1914;0.017450000;0.768610000
CVE-2007-1913;0.022240000;0.820090000
CVE-2007-1912;0.114540000;0.958710000
CVE-2007-1911;0.119220000;0.959740000
CVE-2007-1910;0.249490000;0.978450000
CVE-2007-1909;0.010610000;0.631630000
CVE-2007-1908;0.031210000;0.873350000
CVE-2007-1907;0.026500000;0.850380000
CVE-2007-1906;0.032250000;0.877570000
CVE-2007-1905;0.035700000;0.889440000
CVE-2007-1904;0.037460000;0.894730000
CVE-2007-1903;0.020340000;0.802840000
CVE-2007-1902;0.016140000;0.749990000
CVE-2007-1901;0.015950000;0.747350000
CVE-2007-1900;0.025340000;0.843030000
CVE-2007-1899;0.009190000;0.586690000
CVE-2007-1898;0.025360000;0.843130000
CVE-2007-1897;0.071670000;0.940710000
CVE-2007-1896;0.020160000;0.801090000
CVE-2007-1895;0.023230000;0.827940000
CVE-2007-1894;0.030180000;0.869260000
CVE-2007-1893;0.011650000;0.660000000
CVE-2007-1892;0.055870000;0.926170000
CVE-2007-1891;0.067720000;0.937600000
CVE-2007-1890;0.078360000;0.944800000
CVE-2007-1889;0.030880000;0.872010000
CVE-2007-1888;0.034860000;0.886970000
CVE-2007-1887;0.047540000;0.915640000
CVE-2007-1886;0.016900000;0.761340000
CVE-2007-1885;0.042490000;0.906980000
CVE-2007-1884;0.031350000;0.873880000
CVE-2007-1883;0.013370000;0.701040000
CVE-2007-1882;0.061020000;0.931800000
CVE-2007-1881;0.006700000;0.499830000
CVE-2007-1880;0.004240000;0.341970000
CVE-2007-1879;0.032850000;0.880070000
CVE-2007-1878;0.050400000;0.919880000
CVE-2007-1877;0.016000000;0.747960000
CVE-2007-1876;0.003680000;0.280720000
CVE-2007-1874;0.007320000;0.524530000
CVE-2007-1873;0.022160000;0.819390000
CVE-2007-1872;0.019650000;0.795500000
CVE-2007-1871;0.012640000;0.685250000
CVE-2007-1870;0.027160000;0.854420000
CVE-2007-1869;0.033770000;0.883290000
CVE-2007-1868;0.593380000;0.990910000
CVE-2007-1867;0.079140000;0.945260000
CVE-2007-1866;0.101850000;0.955130000
CVE-2007-1865;0.003180000;0.221890000
CVE-2007-1864;0.029220000;0.865120000
CVE-2007-1863;0.117860000;0.959420000
CVE-2007-1862;0.061220000;0.931960000
CVE-2007-1861;0.010240000;0.620590000
CVE-2007-1860;0.131650000;0.962380000
CVE-2007-1859;0.004130000;0.329980000
CVE-2007-1858;0.182540000;0.971250000
CVE-2007-1856;0.003830000;0.296800000
CVE-2007-1855;0.013560000;0.705240000
CVE-2007-1854;0.012350000;0.678170000
CVE-2007-1853;0.012520000;0.682260000
CVE-2007-1852;0.013430000;0.702310000
CVE-2007-1851;0.063670000;0.934180000
CVE-2007-1850;0.014350000;0.720260000
CVE-2007-1849;0.024350000;0.836270000
CVE-2007-1848;0.010910000;0.640160000
CVE-2007-1847;0.012960000;0.691820000
CVE-2007-1846;0.021750000;0.815910000
CVE-2007-1845;0.012410000;0.679730000
CVE-2007-1844;0.017440000;0.768540000
CVE-2007-1843;0.033420000;0.882130000
CVE-2007-1842;0.074580000;0.942550000
CVE-2007-1841;0.028510000;0.861770000
CVE-2007-1840;0.013210000;0.697300000
CVE-2007-1839;0.032790000;0.879770000
CVE-2007-1838;0.021790000;0.816210000
CVE-2007-1837;0.087740000;0.949980000
CVE-2007-1836;0.023790000;0.832060000
CVE-2007-1835;0.006900000;0.508330000
CVE-2007-1834;0.019160000;0.790220000
CVE-2007-1833;0.023540000;0.830420000
CVE-2007-1832;0.012220000;0.675140000
CVE-2007-1831;0.011240000;0.649050000
CVE-2007-1830;0.010220000;0.620010000
CVE-2007-1829;0.009940000;0.611370000
CVE-2007-1828;0.010190000;0.619260000
CVE-2007-1827;0.019150000;0.790130000
CVE-2007-1826;0.019780000;0.796870000
CVE-2007-1825;0.103820000;0.955740000
CVE-2007-1824;0.026190000;0.848500000
CVE-2007-1823;0.019750000;0.796500000
CVE-2007-1822;0.030580000;0.870880000
CVE-2007-1821;0.019750000;0.796490000
CVE-2007-1820;0.020020000;0.799430000
CVE-2007-1819;0.397350000;0.985750000
CVE-2007-1818;0.027970000;0.859010000
CVE-2007-1817;0.022070000;0.818630000
CVE-2007-1816;0.010500000;0.628500000
CVE-2007-1815;0.010500000;0.628500000
CVE-2007-1814;0.010290000;0.622220000
CVE-2007-1813;0.010290000;0.622200000
CVE-2007-1812;0.033860000;0.883590000
CVE-2007-1811;0.010290000;0.622220000
CVE-2007-1810;0.012170000;0.673890000
CVE-2007-1809;0.083720000;0.947830000
CVE-2007-1808;0.012170000;0.673880000
CVE-2007-1807;0.010610000;0.631650000
CVE-2007-1806;0.022030000;0.818320000
CVE-2007-1805;0.010290000;0.622200000
CVE-2007-1804;0.074010000;0.942260000
CVE-2007-1803;0.012220000;0.675160000
CVE-2007-1802;0.011820000;0.664770000
CVE-2007-1801;0.028780000;0.863010000
CVE-2007-1800;0.014330000;0.719960000
CVE-2007-1799;0.022690000;0.823580000
CVE-2007-1798;0.004540000;0.369370000
CVE-2007-1797;0.035300000;0.888220000
CVE-2007-1796;0.014460000;0.722380000
CVE-2007-1795;0.034460000;0.885660000
CVE-2007-1794;0.043380000;0.908600000
CVE-2007-1793;0.017230000;0.765760000
CVE-2007-1792;0.047220000;0.915140000
CVE-2007-1791;0.010100000;0.616480000
CVE-2007-1790;0.070340000;0.939640000
CVE-2007-1789;0.012280000;0.676700000
CVE-2007-1788;0.012600000;0.684140000
CVE-2007-1787;0.048560000;0.917200000
CVE-2007-1786;0.011820000;0.664870000
CVE-2007-1785;0.153520000;0.966650000
CVE-2007-1784;0.034720000;0.886500000
CVE-2007-1782;0.003240000;0.229600000
CVE-2007-1781;0.003240000;0.229590000
CVE-2007-1780;0.012230000;0.675240000
CVE-2007-1779;0.010960000;0.642040000
CVE-2007-1778;0.042070000;0.906160000
CVE-2007-1777;0.153280000;0.966610000
CVE-2007-1776;0.011250000;0.649250000
CVE-2007-1775;0.010520000;0.629240000
CVE-2007-1774;0.012920000;0.690990000
CVE-2007-1773;0.032270000;0.877630000
CVE-2007-1772;0.028860000;0.863400000
CVE-2007-1771;0.047040000;0.914910000
CVE-2007-1770;0.168410000;0.969450000
CVE-2007-1768;0.010650000;0.633190000
CVE-2007-1767;0.016020000;0.748240000
CVE-2007-1766;0.051090000;0.920760000
CVE-2007-1765;0.546040000;0.989870000
CVE-2007-1764;0.019750000;0.796480000
CVE-2007-1763;0.182200000;0.971190000
CVE-2007-1762;0.010330000;0.623420000
CVE-2007-1756;0.320460000;0.982580000
CVE-2007-1754;0.327820000;0.982970000
CVE-2007-1751;0.608410000;0.991250000
CVE-2007-1750;0.309140000;0.982010000
CVE-2007-1749;0.415470000;0.986340000
CVE-2007-1748;0.776640000;0.995510000
CVE-2007-1747;0.315620000;0.982320000
CVE-2007-1745;0.023330000;0.828710000
CVE-2007-1744;0.004450000;0.362140000
CVE-2007-1743;0.007030000;0.513680000
CVE-2007-1742;0.006870000;0.507270000
CVE-2007-1741;0.005160000;0.415660000
CVE-2007-1739;0.033710000;0.883110000
CVE-2007-1738;0.006470000;0.489520000
CVE-2007-1737;0.013820000;0.710300000
CVE-2007-1736;0.011580000;0.657800000
CVE-2007-1735;0.086520000;0.949380000
CVE-2007-1734;0.007300000;0.524000000
CVE-2007-1733;0.107540000;0.956840000
CVE-2007-1732;0.015390000;0.738690000
CVE-2007-1731;0.047620000;0.915790000
CVE-2007-1730;0.007730000;0.538920000
CVE-2007-1729;0.012580000;0.683810000
CVE-2007-1728;0.016120000;0.749730000
CVE-2007-1727;0.015440000;0.739530000
CVE-2007-1726;0.025750000;0.845700000
CVE-2007-1725;0.018010000;0.776190000
CVE-2007-1724;0.012390000;0.679160000
CVE-2007-1723;0.018940000;0.787690000
CVE-2007-1722;0.034090000;0.884390000
CVE-2007-1721;0.133150000;0.962710000
CVE-2007-1720;0.030110000;0.868980000
CVE-2007-1719;0.012590000;0.684010000
CVE-2007-1718;0.066890000;0.936760000
CVE-2007-1717;0.046500000;0.914140000
CVE-2007-1716;0.003020000;0.205370000
CVE-2007-1715;0.024410000;0.836620000
CVE-2007-1714;0.020920000;0.808730000
CVE-2007-1713;0.014490000;0.722810000
CVE-2007-1712;0.010470000;0.627820000
CVE-2007-1711;0.076250000;0.943590000
CVE-2007-1710;0.004440000;0.360610000
CVE-2007-1709;0.019820000;0.797280000
CVE-2007-1708;0.027850000;0.858430000
CVE-2007-1707;0.024410000;0.836610000
CVE-2007-1706;0.010470000;0.627820000
CVE-2007-1705;0.021750000;0.815900000
CVE-2007-1704;0.010610000;0.631640000
CVE-2007-1703;0.022070000;0.818640000
CVE-2007-1702;0.049560000;0.918720000
CVE-2007-1701;0.092330000;0.951850000
CVE-2007-1700;0.090170000;0.951070000
CVE-2007-1699;0.105740000;0.956320000
CVE-2007-1698;0.024960000;0.840440000
CVE-2007-1697;0.730050000;0.994390000
CVE-2007-1696;0.011950000;0.667980000
CVE-2007-1695;0.019370000;0.792730000
CVE-2007-1693;0.023500000;0.830040000
CVE-2007-1692;0.152540000;0.966520000
CVE-2007-1691;0.058500000;0.929280000
CVE-2007-1690;0.058500000;0.929280000
CVE-2007-1689;0.650060000;0.992280000
CVE-2007-1688;0.065060000;0.935360000
CVE-2007-1687;0.111120000;0.957950000
CVE-2007-1685;0.135220000;0.963210000
CVE-2007-1684;0.046620000;0.914290000
CVE-2007-1683;0.377440000;0.984960000
CVE-2007-1682;0.296130000;0.981330000
CVE-2007-1681;0.045890000;0.913180000
CVE-2007-1680;0.083750000;0.947840000
CVE-2007-1679;0.009120000;0.584300000
CVE-2007-1678;0.037300000;0.894310000
CVE-2007-1677;0.003920000;0.306600000
CVE-2007-1675;0.612200000;0.991360000
CVE-2007-1674;0.728640000;0.994350000
CVE-2007-1673;0.031780000;0.875530000
CVE-2007-1672;0.031780000;0.875530000
CVE-2007-1671;0.020220000;0.801710000
CVE-2007-1670;0.030110000;0.868970000
CVE-2007-1669;0.121800000;0.960250000
CVE-2007-1667;0.046130000;0.913570000
CVE-2007-1666;0.031530000;0.874570000
CVE-2007-1665;0.022240000;0.820070000
CVE-2007-1664;0.022430000;0.821700000
CVE-2007-1663;0.022240000;0.820070000
CVE-2007-1662;0.025260000;0.842490000
CVE-2007-1661;0.024920000;0.840190000
CVE-2007-1660;0.040770000;0.903410000
CVE-2007-1659;0.035300000;0.888260000
CVE-2007-1658;0.357710000;0.984160000
CVE-2007-1657;0.046730000;0.914460000
CVE-2007-1656;0.010010000;0.613640000
CVE-2007-1655;0.066730000;0.936630000
CVE-2007-1654;0.024080000;0.834190000
CVE-2007-1653;0.012100000;0.672030000
CVE-2007-1652;0.012730000;0.687100000
CVE-2007-1651;0.014240000;0.718270000
CVE-2007-1650;0.024930000;0.840280000
CVE-2007-1649;0.072100000;0.941030000
CVE-2007-1648;0.070910000;0.940100000
CVE-2007-1647;0.033410000;0.882120000
CVE-2007-1646;0.010280000;0.622150000
CVE-2007-1645;0.131200000;0.962310000
CVE-2007-1644;0.325570000;0.982860000
CVE-2007-1643;0.106790000;0.956610000
CVE-2007-1642;0.012060000;0.670680000
CVE-2007-1641;0.010410000;0.625940000
CVE-2007-1640;0.047470000;0.915530000
CVE-2007-1639;0.019900000;0.798200000
CVE-2007-1638;0.017230000;0.765770000
CVE-2007-1637;0.056250000;0.926730000
CVE-2007-1636;0.029500000;0.866360000
CVE-2007-1635;0.027780000;0.858170000
CVE-2007-1634;0.009830000;0.607880000
CVE-2007-1633;0.028610000;0.862200000
CVE-2007-1632;0.011640000;0.659540000
CVE-2007-1631;0.021740000;0.815810000
CVE-2007-1630;0.011950000;0.668010000
CVE-2007-1629;0.010410000;0.625920000
CVE-2007-1628;0.050090000;0.919420000
CVE-2007-1626;0.030630000;0.871060000
CVE-2007-1625;0.011070000;0.644720000
CVE-2007-1624;0.010630000;0.632350000
CVE-2007-1623;0.008450000;0.563260000
CVE-2007-1622;0.057780000;0.928330000
CVE-2007-1621;0.042070000;0.906170000
CVE-2007-1620;0.110160000;0.957630000
CVE-2007-1619;0.012170000;0.673900000
CVE-2007-1618;0.010500000;0.628500000
CVE-2007-1617;0.010560000;0.630350000
CVE-2007-1616;0.012240000;0.675900000
CVE-2007-1615;0.022660000;0.823330000
CVE-2007-1614;0.065530000;0.935780000
CVE-2007-1613;0.024210000;0.835230000
CVE-2007-1612;0.012240000;0.675900000
CVE-2007-1611;0.010220000;0.620050000
CVE-2007-1610;0.012630000;0.684870000
CVE-2007-1609;0.013440000;0.702530000
CVE-2007-1608;0.016610000;0.757170000
CVE-2007-1607;0.023340000;0.828810000
CVE-2007-1606;0.020010000;0.799420000
CVE-2007-1605;0.016550000;0.756200000
CVE-2007-1604;0.030040000;0.868730000
CVE-2007-1603;0.013350000;0.700290000
CVE-2007-1602;0.010010000;0.613640000
CVE-2007-1601;0.014410000;0.721450000
CVE-2007-1600;0.034940000;0.887200000
CVE-2007-1599;0.019200000;0.790690000
CVE-2007-1598;0.030680000;0.871230000
CVE-2007-1597;0.012050000;0.670420000
CVE-2007-1596;0.077630000;0.944370000
CVE-2007-1595;0.026020000;0.847470000
CVE-2007-1594;0.026170000;0.848390000
CVE-2007-1593;0.025840000;0.846260000
CVE-2007-1592;0.004050000;0.321390000
CVE-2007-1591;0.025250000;0.842440000
CVE-2007-1590;0.039500000;0.900510000
CVE-2007-1589;0.003490000;0.259820000
CVE-2007-1588;0.013450000;0.702600000
CVE-2007-1587;0.018390000;0.781100000
CVE-2007-1586;0.030890000;0.872060000
CVE-2007-1585;0.012560000;0.683420000
CVE-2007-1584;0.052490000;0.922460000
CVE-2007-1583;0.052410000;0.922370000
CVE-2007-1582;0.059240000;0.929950000
CVE-2007-1581;0.079170000;0.945270000
CVE-2007-1580;0.024030000;0.833840000
CVE-2007-1579;0.562090000;0.990200000
CVE-2007-1578;0.163090000;0.968510000
CVE-2007-1577;0.028250000;0.860430000
CVE-2007-1576;0.018390000;0.781030000
CVE-2007-1575;0.020210000;0.801640000
CVE-2007-1574;0.010640000;0.632720000
CVE-2007-1573;0.009030000;0.581510000
CVE-2007-1572;0.008360000;0.560420000
CVE-2007-1571;0.056350000;0.926820000
CVE-2007-1569;0.073000000;0.941590000
CVE-2007-1568;0.077910000;0.944560000
CVE-2007-1567;0.505490000;0.988800000
CVE-2007-1566;0.021810000;0.816370000
CVE-2007-1565;0.012600000;0.684140000
CVE-2007-1564;0.037780000;0.895640000
CVE-2007-1563;0.048490000;0.917090000
CVE-2007-1562;0.138470000;0.963980000
CVE-2007-1561;0.144860000;0.965170000
CVE-2007-1560;0.274520000;0.980060000
CVE-2007-1559;0.318150000;0.982450000
CVE-2007-1558;0.024230000;0.835350000
CVE-2007-1557;0.003330000;0.239860000
CVE-2007-1556;0.011730000;0.662010000
CVE-2007-1555;0.012090000;0.671900000
CVE-2007-1554;0.010520000;0.629250000
CVE-2007-1553;0.018250000;0.779320000
CVE-2007-1552;0.054590000;0.924590000
CVE-2007-1551;0.015280000;0.736780000
CVE-2007-1550;0.020490000;0.804420000
CVE-2007-1549;0.011650000;0.659970000
CVE-2007-1548;0.017890000;0.774510000
CVE-2007-1547;0.037890000;0.895960000
CVE-2007-1546;0.024280000;0.835830000
CVE-2007-1545;0.024280000;0.835830000
CVE-2007-1544;0.046370000;0.913950000
CVE-2007-1543;0.080150000;0.945780000
CVE-2007-1542;0.091840000;0.951640000
CVE-2007-1541;0.016330000;0.752940000
CVE-2007-1540;0.049400000;0.918430000
CVE-2007-1539;0.031510000;0.874490000
CVE-2007-1538;0.019300000;0.791780000
CVE-2007-1537;0.013230000;0.697550000
CVE-2007-1536;0.134540000;0.963050000
CVE-2007-1535;0.117930000;0.959440000
CVE-2007-1534;0.127300000;0.961350000
CVE-2007-1533;0.106230000;0.956440000
CVE-2007-1532;0.106230000;0.956440000
CVE-2007-1531;0.228180000;0.976650000
CVE-2007-1530;0.148030000;0.965730000
CVE-2007-1529;0.096360000;0.953260000
CVE-2007-1528;0.106230000;0.956440000
CVE-2007-1527;0.106230000;0.956440000
CVE-2007-1526;0.009080000;0.583200000
CVE-2007-1525;0.369670000;0.984640000
CVE-2007-1524;0.031960000;0.876230000
CVE-2007-1523;0.012440000;0.680390000
CVE-2007-1522;0.066120000;0.936220000
CVE-2007-1521;0.084890000;0.948470000
CVE-2007-1520;0.007790000;0.541020000
CVE-2007-1519;0.011250000;0.649260000
CVE-2007-1518;0.009830000;0.607880000
CVE-2007-1517;0.012570000;0.683570000
CVE-2007-1516;0.026500000;0.850380000
CVE-2007-1515;0.023680000;0.831320000
CVE-2007-1514;0.024150000;0.834800000
CVE-2007-1513;0.034660000;0.886260000
CVE-2007-1512;0.113300000;0.958400000
CVE-2007-1511;0.054440000;0.924450000
CVE-2007-1510;0.020040000;0.799710000
CVE-2007-1509;0.022750000;0.824080000
CVE-2007-1508;0.017670000;0.771690000
CVE-2007-1507;0.025220000;0.842270000
CVE-2007-1506;0.018100000;0.777340000
CVE-2007-1505;0.002390000;0.134090000
CVE-2007-1504;0.015510000;0.740910000
CVE-2007-1503;0.034050000;0.884270000
CVE-2007-1502;0.029040000;0.864320000
CVE-2007-1501;0.058260000;0.928990000
CVE-2007-1500;0.003240000;0.228840000
CVE-2007-1499;0.297800000;0.981420000
CVE-2007-1498;0.077290000;0.944190000
CVE-2007-1497;0.030170000;0.869250000
CVE-2007-1496;0.004260000;0.343550000
CVE-2007-1495;0.004040000;0.320540000
CVE-2007-1494;0.010350000;0.624250000
CVE-2007-1493;0.032110000;0.876900000
CVE-2007-1492;0.138260000;0.963960000
CVE-2007-1491;0.003690000;0.281900000
CVE-2007-1490;0.014450000;0.722030000
CVE-2007-1489;0.006710000;0.500420000
CVE-2007-1488;0.025460000;0.843790000
CVE-2007-1487;0.034400000;0.885410000
CVE-2007-1486;0.028720000;0.862740000
CVE-2007-1485;0.027550000;0.856640000
CVE-2007-1484;0.011090000;0.645120000
CVE-2007-1483;0.040640000;0.903090000
CVE-2007-1482;0.015730000;0.744090000
CVE-2007-1481;0.022070000;0.818640000
CVE-2007-1480;0.023560000;0.830560000
CVE-2007-1479;0.015510000;0.740860000
CVE-2007-1478;0.024960000;0.840440000
CVE-2007-1477;0.014710000;0.727260000
CVE-2007-1476;0.008640000;0.569800000
CVE-2007-1475;0.023690000;0.831360000
CVE-2007-1474;0.049460000;0.918510000
CVE-2007-1473;0.051540000;0.921340000
CVE-2007-1472;0.033920000;0.883780000
CVE-2007-1471;0.074410000;0.942460000
CVE-2007-1470;0.029620000;0.866860000
CVE-2007-1469;0.011870000;0.666130000
CVE-2007-1468;0.012920000;0.691010000
CVE-2007-1467;0.011920000;0.667430000
CVE-2007-1466;0.033640000;0.882900000
CVE-2007-1465;0.083180000;0.947490000
CVE-2007-1464;0.032220000;0.877470000
CVE-2007-1463;0.033640000;0.882900000
CVE-2007-1462;0.008650000;0.569860000
CVE-2007-1461;0.022020000;0.818230000
CVE-2007-1460;0.019220000;0.790920000
CVE-2007-1459;0.027420000;0.855850000
CVE-2007-1458;0.071160000;0.940320000
CVE-2007-1457;0.033660000;0.882940000
CVE-2007-1456;0.013620000;0.706510000
CVE-2007-1455;0.066010000;0.936150000
CVE-2007-1454;0.013040000;0.693640000
CVE-2007-1453;0.095180000;0.952860000
CVE-2007-1452;0.051530000;0.921340000
CVE-2007-1451;0.021250000;0.811690000
CVE-2007-1450;0.010010000;0.613660000
CVE-2007-1449;0.012680000;0.685860000
CVE-2007-1448;0.009080000;0.583260000
CVE-2007-1447;0.144680000;0.965140000
CVE-2007-1446;0.065780000;0.935990000
CVE-2007-1445;0.011150000;0.646910000
CVE-2007-1444;0.003000000;0.204060000
CVE-2007-1443;0.012230000;0.675430000
CVE-2007-1442;0.004940000;0.399570000
CVE-2007-1441;0.017090000;0.764050000
CVE-2007-1440;0.010410000;0.625930000
CVE-2007-1439;0.055310000;0.925390000
CVE-2007-1438;0.021750000;0.815910000
CVE-2007-1437;0.034170000;0.884590000
CVE-2007-1436;0.018230000;0.779100000
CVE-2007-1435;0.428220000;0.986740000
CVE-2007-1434;0.009940000;0.611160000
CVE-2007-1433;0.014980000;0.731980000
CVE-2007-1432;0.022930000;0.825530000
CVE-2007-1431;0.013800000;0.709990000
CVE-2007-1430;0.022730000;0.823890000
CVE-2007-1429;0.013850000;0.710880000
CVE-2007-1428;0.012160000;0.673750000
CVE-2007-1427;0.029110000;0.864640000
CVE-2007-1426;0.019160000;0.790170000
CVE-2007-1425;0.011940000;0.667850000
CVE-2007-1424;0.025850000;0.846300000
CVE-2007-1423;0.039980000;0.901690000
CVE-2007-1422;0.009830000;0.607840000
CVE-2007-1421;0.113400000;0.958440000
CVE-2007-1420;0.009850000;0.608330000
CVE-2007-1419;0.006340000;0.482700000
CVE-2007-1418;0.010650000;0.633150000
CVE-2007-1417;0.012410000;0.679730000
CVE-2007-1416;0.049380000;0.918410000
CVE-2007-1415;0.092860000;0.952030000
CVE-2007-1414;0.052430000;0.922390000
CVE-2007-1413;0.110920000;0.957840000
CVE-2007-1412;0.058370000;0.929110000
CVE-2007-1411;0.074220000;0.942370000
CVE-2007-1410;0.011940000;0.667850000
CVE-2007-1409;0.019320000;0.792090000
CVE-2007-1408;0.014460000;0.722370000
CVE-2007-1407;0.009940000;0.611380000
CVE-2007-1406;0.013420000;0.702190000
CVE-2007-1405;0.010890000;0.639700000
CVE-2007-1404;0.667380000;0.992680000
CVE-2007-1403;0.292200000;0.981140000
CVE-2007-1402;0.022730000;0.823850000
CVE-2007-1401;0.007440000;0.529080000
CVE-2007-1400;0.003420000;0.251680000
CVE-2007-1399;0.198300000;0.973300000
CVE-2007-1398;0.055730000;0.925960000
CVE-2007-1397;0.090450000;0.951160000
CVE-2007-1396;0.018640000;0.784270000
CVE-2007-1395;0.014200000;0.717540000
CVE-2007-1394;0.042850000;0.907640000
CVE-2007-1393;0.047740000;0.915980000
CVE-2007-1392;0.027510000;0.856290000
CVE-2007-1391;0.049490000;0.918580000
CVE-2007-1390;0.016940000;0.761860000
CVE-2007-1389;0.023750000;0.831790000
CVE-2007-1388;0.005510000;0.437910000
CVE-2007-1387;0.041790000;0.905590000
CVE-2007-1385;0.022810000;0.824620000
CVE-2007-1384;0.024830000;0.839550000
CVE-2007-1383;0.151950000;0.966390000
CVE-2007-1382;0.016130000;0.749880000
CVE-2007-1381;0.090730000;0.951260000
CVE-2007-1380;0.090820000;0.951290000
CVE-2007-1379;0.016310000;0.752560000
CVE-2007-1378;0.009870000;0.609020000
CVE-2007-1377;0.172650000;0.970040000
CVE-2007-1376;0.100280000;0.954630000
CVE-2007-1375;0.081560000;0.946600000
CVE-2007-1374;0.010330000;0.623630000
CVE-2007-1373;0.586870000;0.990770000
CVE-2007-1372;0.040340000;0.902500000
CVE-2007-1371;0.040960000;0.903840000
CVE-2007-1370;0.002960000;0.199840000
CVE-2007-1369;0.006440000;0.487760000
CVE-2007-1368;0.010360000;0.624650000
CVE-2007-1367;0.010330000;0.623580000
CVE-2007-1366;0.004040000;0.320080000
CVE-2007-1365;0.177900000;0.970690000
CVE-2007-1364;0.022470000;0.821960000
CVE-2007-1363;0.010690000;0.634260000
CVE-2007-1362;0.078310000;0.944770000
CVE-2007-1361;0.010650000;0.633040000
CVE-2007-1360;0.016580000;0.756540000
CVE-2007-1359;0.066160000;0.936250000
CVE-2007-1358;0.198890000;0.973400000
CVE-2007-1357;0.135290000;0.963230000
CVE-2007-1355;0.582460000;0.990680000
CVE-2007-1354;0.014900000;0.730630000
CVE-2007-1353;0.004140000;0.331760000
CVE-2007-1352;0.015240000;0.736020000
CVE-2007-1351;0.055860000;0.926140000
CVE-2007-1350;0.193980000;0.972710000
CVE-2007-1349;0.101110000;0.954900000
CVE-2007-1347;0.303370000;0.981720000
CVE-2007-1346;0.002750000;0.178330000
CVE-2007-1345;0.003440000;0.253290000
CVE-2007-1344;0.055930000;0.926260000
CVE-2007-1343;0.021440000;0.813330000
CVE-2007-1342;0.010280000;0.622130000
CVE-2007-1341;0.012350000;0.678180000
CVE-2007-1340;0.025300000;0.842810000
CVE-2007-1339;0.013710000;0.708170000
CVE-2007-1338;0.026590000;0.851030000
CVE-2007-1337;0.019310000;0.791890000
CVE-2007-1332;0.032470000;0.878340000
CVE-2007-1331;0.053970000;0.923980000
CVE-2007-1330;0.006920000;0.509370000
CVE-2007-1329;0.051650000;0.921460000
CVE-2007-1328;0.016530000;0.755910000
CVE-2007-1327;0.098860000;0.954160000
CVE-2007-1326;0.010800000;0.637160000
CVE-2007-1325;0.017150000;0.764820000
CVE-2007-1324;0.016530000;0.755890000
CVE-2007-1322;0.004040000;0.320080000
CVE-2007-1321;0.004610000;0.374220000
CVE-2007-1320;0.004890000;0.396380000
CVE-2007-1319;0.090550000;0.951200000
CVE-2007-1313;0.044420000;0.910590000
CVE-2007-1309;0.018310000;0.780050000
CVE-2007-1308;0.081850000;0.946780000
CVE-2007-1307;0.015410000;0.739090000
CVE-2007-1306;0.202740000;0.973910000
CVE-2007-1305;0.013500000;0.703730000
CVE-2007-1304;0.011770000;0.663210000
CVE-2007-1303;0.036060000;0.890660000
CVE-2007-1302;0.012490000;0.681730000
CVE-2007-1301;0.121700000;0.960220000
CVE-2007-1300;0.014110000;0.715790000
CVE-2007-1299;0.026700000;0.851760000
CVE-2007-1298;0.011950000;0.668010000
CVE-2007-1297;0.019680000;0.795690000
CVE-2007-1296;0.010410000;0.625950000
CVE-2007-1295;0.012170000;0.673890000
CVE-2007-1294;0.030650000;0.871120000
CVE-2007-1293;0.011420000;0.653390000
CVE-2007-1292;0.012800000;0.688410000
CVE-2007-1291;0.019300000;0.791760000
CVE-2007-1290;0.010010000;0.613660000
CVE-2007-1289;0.012150000;0.673440000
CVE-2007-1288;0.028850000;0.863340000
CVE-2007-1287;0.031740000;0.875410000
CVE-2007-1286;0.404350000;0.986000000
CVE-2007-1285;0.181620000;0.971100000
CVE-2007-1282;0.046910000;0.914690000
CVE-2007-1281;0.029160000;0.864860000
CVE-2007-1280;0.055930000;0.926270000
CVE-2007-1279;0.006790000;0.504120000
CVE-2007-1278;0.226380000;0.976500000
CVE-2007-1277;0.270060000;0.979770000
CVE-2007-1276;0.006170000;0.474360000
CVE-2007-1273;0.002780000;0.181560000
CVE-2007-1271;0.003570000;0.268390000
CVE-2007-1270;0.025960000;0.847120000
CVE-2007-1269;0.027450000;0.855980000
CVE-2007-1268;0.027450000;0.855980000
CVE-2007-1267;0.018940000;0.787750000
CVE-2007-1266;0.050490000;0.920010000
CVE-2007-1265;0.020550000;0.804940000
CVE-2007-1264;0.045990000;0.913350000
CVE-2007-1263;0.053590000;0.923570000
CVE-2007-1262;0.025300000;0.842790000
CVE-2007-1261;0.011640000;0.659550000
CVE-2007-1260;0.053600000;0.923610000
CVE-2007-1259;0.012000000;0.669260000
CVE-2007-1258;0.010360000;0.624520000
CVE-2007-1257;0.068120000;0.937870000
CVE-2007-1256;0.010140000;0.617900000
CVE-2007-1255;0.008660000;0.570500000
CVE-2007-1254;0.009460000;0.595370000
CVE-2007-1253;0.026850000;0.852620000
CVE-2007-1252;0.068410000;0.938050000
CVE-2007-1251;0.064570000;0.934980000
CVE-2007-1250;0.019710000;0.796040000
CVE-2007-1249;0.010460000;0.627370000
CVE-2007-1248;0.017680000;0.771930000
CVE-2007-1247;0.033690000;0.883050000
CVE-2007-1246;0.056940000;0.927390000
CVE-2007-1245;0.011890000;0.666390000
CVE-2007-1244;0.073150000;0.941690000
CVE-2007-1243;0.024750000;0.839030000
CVE-2007-1242;0.009830000;0.607840000
CVE-2007-1241;0.015520000;0.741040000
CVE-2007-1240;0.030220000;0.869400000
CVE-2007-1239;0.116110000;0.959030000
CVE-2007-1238;0.104870000;0.956060000
CVE-2007-1237;0.013180000;0.696600000
CVE-2007-1236;0.011860000;0.665640000
CVE-2007-1235;0.014700000;0.727080000
CVE-2007-1234;0.012630000;0.684950000
CVE-2007-1233;0.032660000;0.879310000
CVE-2007-1232;0.375260000;0.984860000
CVE-2007-1231;0.015350000;0.738060000
CVE-2007-1230;0.020530000;0.804810000
CVE-2007-1229;0.017740000;0.772790000
CVE-2007-1228;0.002930000;0.196190000
CVE-2007-1227;0.007580000;0.533760000
CVE-2007-1226;0.003560000;0.267500000
CVE-2007-1225;0.037950000;0.896120000
CVE-2007-1224;0.026310000;0.849350000
CVE-2007-1223;0.011570000;0.657600000
CVE-2007-1222;0.003590000;0.271220000
CVE-2007-1221;0.017030000;0.763070000
CVE-2007-1220;0.014230000;0.718140000
CVE-2007-1219;0.026850000;0.852680000
CVE-2007-1218;0.028240000;0.860410000
CVE-2007-1217;0.003720000;0.285660000
CVE-2007-1216;0.098780000;0.954140000
CVE-2007-1215;0.027210000;0.854680000
CVE-2007-1214;0.284780000;0.980690000
CVE-2007-1213;0.037960000;0.896190000
CVE-2007-1212;0.021290000;0.812110000
CVE-2007-1211;0.290730000;0.981060000
CVE-2007-1209;0.026860000;0.852720000
CVE-2007-1206;0.027090000;0.853940000
CVE-2007-1205;0.309140000;0.982010000
CVE-2007-1204;0.088380000;0.950250000
CVE-2007-1203;0.310370000;0.982080000
CVE-2007-1202;0.294790000;0.981260000
CVE-2007-1201;0.287340000;0.980830000
CVE-2007-1199;0.091040000;0.951390000
CVE-2007-1198;0.008450000;0.563150000
CVE-2007-1197;0.010720000;0.635080000
CVE-2007-1196;0.037790000;0.895670000
CVE-2007-1195;0.049830000;0.919110000
CVE-2007-1194;0.003530000;0.264120000
CVE-2007-1193;0.012720000;0.686680000
CVE-2007-1192;0.024560000;0.837740000
CVE-2007-1191;0.003090000;0.213110000
CVE-2007-1190;0.029840000;0.867790000
CVE-2007-1189;0.007650000;0.536330000
CVE-2007-1188;0.014730000;0.727540000
CVE-2007-1187;0.011800000;0.664300000
CVE-2007-1186;0.011310000;0.650680000
CVE-2007-1185;0.011310000;0.650690000
CVE-2007-1184;0.011000000;0.642980000
CVE-2007-1183;0.014730000;0.727550000
CVE-2007-1182;0.011000000;0.642980000
CVE-2007-1181;0.011310000;0.650680000
CVE-2007-1180;0.009750000;0.605630000
CVE-2007-1179;0.011310000;0.650680000
CVE-2007-1178;0.014220000;0.717830000
CVE-2007-1177;0.011420000;0.653430000
CVE-2007-1176;0.016190000;0.750970000
CVE-2007-1175;0.010860000;0.638950000
CVE-2007-1174;0.017440000;0.768470000
CVE-2007-1173;0.077500000;0.944320000
CVE-2007-1172;0.010910000;0.640240000
CVE-2007-1171;0.021190000;0.811140000
CVE-2007-1170;0.017060000;0.763540000
CVE-2007-1169;0.016540000;0.756060000
CVE-2007-1168;0.025220000;0.842270000
CVE-2007-1167;0.040490000;0.902800000
CVE-2007-1166;0.012060000;0.670680000
CVE-2007-1165;0.031710000;0.875320000
CVE-2007-1164;0.094010000;0.952440000
CVE-2007-1163;0.010760000;0.636110000
CVE-2007-1162;0.032200000;0.877390000
CVE-2007-1161;0.011280000;0.650070000
CVE-2007-1160;0.027080000;0.853900000
CVE-2007-1159;0.012490000;0.681730000
CVE-2007-1158;0.044530000;0.910800000
CVE-2007-1157;0.009360000;0.592450000
CVE-2007-1156;0.090150000;0.951060000
CVE-2007-1155;0.009820000;0.607610000
CVE-2007-1154;0.010380000;0.625110000
CVE-2007-1153;0.012320000;0.677540000
CVE-2007-1152;0.028670000;0.862460000
CVE-2007-1151;0.015840000;0.745720000
CVE-2007-1150;0.010370000;0.624700000
CVE-2007-1149;0.037040000;0.893500000
CVE-2007-1148;0.027140000;0.854280000
CVE-2007-1147;0.013900000;0.712040000
CVE-2007-1146;0.015080000;0.733590000
CVE-2007-1145;0.019810000;0.797160000
CVE-2007-1144;0.033760000;0.883230000
CVE-2007-1143;0.028160000;0.860000000
CVE-2007-1142;0.016020000;0.748290000
CVE-2007-1141;0.057950000;0.928600000
CVE-2007-1140;0.031080000;0.872730000
CVE-2007-1139;0.026080000;0.847860000
CVE-2007-1138;0.026540000;0.850740000
CVE-2007-1137;0.009150000;0.585460000
CVE-2007-1136;0.022120000;0.819100000
CVE-2007-1135;0.010820000;0.637900000
CVE-2007-1134;0.015710000;0.743770000
CVE-2007-1133;0.032210000;0.877440000
CVE-2007-1132;0.010860000;0.638940000
CVE-2007-1131;0.027350000;0.855440000
CVE-2007-1130;0.027350000;0.855430000
CVE-2007-1129;0.014290000;0.719220000
CVE-2007-1128;0.013200000;0.697150000
CVE-2007-1127;0.030530000;0.870670000
CVE-2007-1126;0.056400000;0.926870000
CVE-2007-1125;0.018890000;0.787130000
CVE-2007-1124;0.028960000;0.863950000
CVE-2007-1123;0.017850000;0.774120000
CVE-2007-1122;0.156110000;0.967260000
CVE-2007-1121;0.010970000;0.642370000
CVE-2007-1120;0.019400000;0.793080000
CVE-2007-1119;0.016160000;0.750380000
CVE-2007-1118;0.033010000;0.880730000
CVE-2007-1117;0.179010000;0.970810000
CVE-2007-1116;0.011570000;0.657560000
CVE-2007-1115;0.024210000;0.835190000
CVE-2007-1114;0.119680000;0.959850000
CVE-2007-1112;0.048770000;0.917480000
CVE-2007-1111;0.060910000;0.931710000
CVE-2007-1110;0.035510000;0.888850000
CVE-2007-1109;0.019810000;0.797160000
CVE-2007-1108;0.028090000;0.859620000
CVE-2007-1107;0.021940000;0.817570000
CVE-2007-1106;0.026990000;0.853450000
CVE-2007-1105;0.024340000;0.836190000
CVE-2007-1104;0.023660000;0.831210000
CVE-2007-1103;0.017880000;0.774480000
CVE-2007-1102;0.014880000;0.730170000
CVE-2007-1101;0.019830000;0.797390000
CVE-2007-1100;0.036980000;0.893300000
CVE-2007-1099;0.021700000;0.815480000
CVE-2007-1098;0.013310000;0.699510000
CVE-2007-1097;0.023500000;0.830060000
CVE-2007-1096;0.011910000;0.667180000
CVE-2007-1095;0.022600000;0.822870000
CVE-2007-1094;0.188520000;0.971980000
CVE-2007-1093;0.049020000;0.917850000
CVE-2007-1092;0.071200000;0.940350000
CVE-2007-1091;0.255190000;0.978870000
CVE-2007-1090;0.171750000;0.969910000
CVE-2007-1089;0.003200000;0.224280000
CVE-2007-1088;0.005290000;0.424580000
CVE-2007-1087;0.005290000;0.424580000
CVE-2007-1086;0.003840000;0.298240000
CVE-2007-1085;0.110940000;0.957850000
CVE-2007-1084;0.015140000;0.734590000
CVE-2007-1083;0.082900000;0.947330000
CVE-2007-1082;0.025110000;0.841440000
CVE-2007-1081;0.014450000;0.722050000
CVE-2007-1080;0.037170000;0.893880000
CVE-2007-1079;0.030620000;0.871020000
CVE-2007-1078;0.032930000;0.880410000
CVE-2007-1077;0.009750000;0.605870000
CVE-2007-1076;0.041770000;0.905560000
CVE-2007-1075;0.030500000;0.870540000
CVE-2007-1074;0.074780000;0.942670000
CVE-2007-1073;0.022690000;0.823570000
CVE-2007-1072;0.003400000;0.248140000
CVE-2007-1071;0.183690000;0.971370000
CVE-2007-1070;0.729800000;0.994380000
CVE-2007-1069;0.019830000;0.797330000
CVE-2007-1068;0.003630000;0.275230000
CVE-2007-1067;0.003440000;0.253040000
CVE-2007-1066;0.003070000;0.210760000
CVE-2007-1065;0.003070000;0.210760000
CVE-2007-1064;0.003070000;0.210760000
CVE-2007-1063;0.033750000;0.883210000
CVE-2007-1062;0.042260000;0.906560000
CVE-2007-1061;0.617550000;0.991480000
CVE-2007-1060;0.079600000;0.945500000
CVE-2007-1059;0.031050000;0.872610000
CVE-2007-1058;0.012710000;0.686510000
CVE-2007-1057;0.011140000;0.646650000
CVE-2007-1056;0.003200000;0.224280000
CVE-2007-1055;0.021360000;0.812670000
CVE-2007-1054;0.020060000;0.800180000
CVE-2007-1053;0.024330000;0.836140000
CVE-2007-1052;0.022040000;0.818470000
CVE-2007-1051;0.003510000;0.262360000
CVE-2007-1050;0.050910000;0.920570000
CVE-2007-1049;0.064690000;0.935090000
CVE-2007-1048;0.013880000;0.711510000
CVE-2007-1047;0.015060000;0.733260000
CVE-2007-1046;0.020800000;0.807470000
CVE-2007-1045;0.036000000;0.890490000
CVE-2007-1044;0.088030000;0.950100000
CVE-2007-1043;0.083480000;0.947700000
CVE-2007-1042;0.015020000;0.732620000
CVE-2007-1041;0.069460000;0.938900000
CVE-2007-1040;0.031250000;0.873510000
CVE-2007-1039;0.016200000;0.751000000
CVE-2007-1038;0.014680000;0.726770000
CVE-2007-1037;0.055790000;0.926040000
CVE-2007-1036;0.822560000;0.996490000
CVE-2007-1035;0.016600000;0.757020000
CVE-2007-1034;0.015840000;0.745800000
CVE-2007-1033;0.014240000;0.718360000
CVE-2007-1032;0.012250000;0.675930000
CVE-2007-1031;0.020170000;0.801240000
CVE-2007-1030;0.031070000;0.872680000
CVE-2007-1029;0.074960000;0.942760000
CVE-2007-1028;0.012420000;0.679910000
CVE-2007-1027;0.003420000;0.251290000
CVE-2007-1026;0.017940000;0.775220000
CVE-2007-1025;0.027200000;0.854590000
CVE-2007-1024;0.049500000;0.918600000
CVE-2007-1023;0.010610000;0.631840000
CVE-2007-1022;0.010330000;0.623420000
CVE-2007-1021;0.016580000;0.756580000
CVE-2007-1020;0.049720000;0.918950000
CVE-2007-1019;0.011870000;0.666120000
CVE-2007-1018;0.019150000;0.790090000
CVE-2007-1017;0.042120000;0.906320000
CVE-2007-1016;0.009590000;0.599740000
CVE-2007-1015;0.031660000;0.875070000
CVE-2007-1014;0.093450000;0.952220000
CVE-2007-1013;0.048340000;0.916820000
CVE-2007-1012;0.010810000;0.637480000
CVE-2007-1011;0.033590000;0.882730000
CVE-2007-1010;0.074370000;0.942430000
CVE-2007-1009;0.003160000;0.220640000
CVE-2007-1008;0.022450000;0.821830000
CVE-2007-1007;0.070820000;0.940040000
CVE-2007-1006;0.036670000;0.892460000
CVE-2007-1005;0.067020000;0.936880000
CVE-2007-1004;0.012470000;0.681010000
CVE-2007-1003;0.052480000;0.922450000
CVE-2007-1002;0.033640000;0.882900000
CVE-2007-1001;0.083210000;0.947590000
CVE-2007-10003;0.005590000;0.442840000
CVE-2007-10002;0.007400000;0.527680000
CVE-2007-10001;0.006620000;0.496360000
CVE-2007-1000;0.011000000;0.642940000
CVE-2007-0999;0.034420000;0.885490000
CVE-2007-0998;0.018960000;0.788010000
CVE-2007-0997;0.002490000;0.145320000
CVE-2007-0996;0.021240000;0.811560000
CVE-2007-0995;0.021980000;0.817900000
CVE-2007-0994;0.032090000;0.876850000
CVE-2007-0988;0.023990000;0.833510000
CVE-2007-0987;0.030940000;0.872280000
CVE-2007-0986;0.033530000;0.882520000
CVE-2007-0985;0.010380000;0.624980000
CVE-2007-0984;0.012130000;0.672950000
CVE-2007-0983;0.028540000;0.861890000
CVE-2007-0982;0.015750000;0.744410000
CVE-2007-0981;0.125180000;0.960920000
CVE-2007-0980;0.068450000;0.938080000
CVE-2007-0979;0.019980000;0.799000000
CVE-2007-0978;0.003860000;0.300630000
CVE-2007-0977;0.198560000;0.973350000
CVE-2007-0976;0.088590000;0.950360000
CVE-2007-0975;0.012240000;0.675770000
CVE-2007-0974;0.011830000;0.665170000
CVE-2007-0973;0.015890000;0.746400000
CVE-2007-0972;0.033280000;0.881660000
CVE-2007-0971;0.012810000;0.688660000
CVE-2007-0970;0.018010000;0.776150000
CVE-2007-0969;0.016150000;0.750190000
CVE-2007-0968;0.021110000;0.810480000
CVE-2007-0967;0.017550000;0.770060000
CVE-2007-0966;0.019770000;0.796690000
CVE-2007-0965;0.019060000;0.789070000
CVE-2007-0964;0.015690000;0.743500000
CVE-2007-0963;0.017020000;0.762930000
CVE-2007-0962;0.024290000;0.835870000
CVE-2007-0961;0.033400000;0.882040000
CVE-2007-0960;0.026430000;0.850030000
CVE-2007-0959;0.023660000;0.831190000
CVE-2007-0958;0.004060000;0.322970000
CVE-2007-0957;0.103270000;0.955560000
CVE-2007-0956;0.298420000;0.981460000
CVE-2007-0955;0.055000000;0.925040000
CVE-2007-0954;0.017020000;0.763000000
CVE-2007-0953;0.013030000;0.693520000
CVE-2007-0952;0.012040000;0.670250000
CVE-2007-0951;0.010770000;0.636190000
CVE-2007-0950;0.018530000;0.782910000
CVE-2007-0949;0.163760000;0.968650000
CVE-2007-0948;0.121270000;0.960160000
CVE-2007-0947;0.319650000;0.982530000
CVE-2007-0946;0.309780000;0.982050000
CVE-2007-0945;0.309780000;0.982040000
CVE-2007-0944;0.350740000;0.983890000
CVE-2007-0943;0.271100000;0.979860000
CVE-2007-0942;0.322050000;0.982660000
CVE-2007-0940;0.756780000;0.995060000
CVE-2007-0939;0.161860000;0.968300000
CVE-2007-0938;0.456330000;0.987560000
CVE-2007-0936;0.309140000;0.982010000
CVE-2007-0934;0.309140000;0.982000000
CVE-2007-0933;0.275010000;0.980100000
CVE-2007-0932;0.023380000;0.829130000
CVE-2007-0931;0.060600000;0.931360000
CVE-2007-0930;0.011830000;0.665160000
CVE-2007-0929;0.017600000;0.770820000
CVE-2007-0928;0.013200000;0.697150000
CVE-2007-0927;0.449780000;0.987390000
CVE-2007-0926;0.014130000;0.716270000
CVE-2007-0925;0.016200000;0.751020000
CVE-2007-0924;0.015880000;0.746290000
CVE-2007-0923;0.015460000;0.739770000
CVE-2007-0922;0.011280000;0.650070000
CVE-2007-0921;0.020080000;0.800450000
CVE-2007-0920;0.010940000;0.641530000
CVE-2007-0919;0.037640000;0.895230000
CVE-2007-0918;0.032070000;0.876750000
CVE-2007-0917;0.019420000;0.793240000
CVE-2007-0916;0.004570000;0.370870000
CVE-2007-0915;0.040190000;0.902170000
CVE-2007-0914;0.017380000;0.767710000
CVE-2007-0913;0.120480000;0.960030000
CVE-2007-0912;0.019400000;0.793080000
CVE-2007-0911;0.054790000;0.924820000
CVE-2007-0910;0.034020000;0.884180000
CVE-2007-0909;0.032990000;0.880640000
CVE-2007-0908;0.121970000;0.960290000
CVE-2007-0907;0.022960000;0.825830000
CVE-2007-0906;0.055690000;0.925890000
CVE-2007-0905;0.025480000;0.843910000
CVE-2007-0904;0.010810000;0.637510000
CVE-2007-0903;0.018660000;0.784430000
CVE-2007-0902;0.013610000;0.706240000
CVE-2007-0901;0.017820000;0.773730000
CVE-2007-0900;0.103260000;0.955560000
CVE-2007-0899;0.015320000;0.737560000
CVE-2007-0898;0.038770000;0.898440000
CVE-2007-0897;0.034950000;0.887230000
CVE-2007-0896;0.019380000;0.792760000
CVE-2007-0895;0.003000000;0.203360000
CVE-2007-0894;0.020350000;0.802900000
CVE-2007-0893;0.027950000;0.858870000
CVE-2007-0892;0.014750000;0.727780000
CVE-2007-0891;0.014400000;0.721110000
CVE-2007-0890;0.018210000;0.778880000
CVE-2007-0889;0.003030000;0.206950000
CVE-2007-0888;0.051290000;0.920980000
CVE-2007-0887;0.104280000;0.955840000
CVE-2007-0886;0.087450000;0.949830000
CVE-2007-0885;0.057460000;0.928000000
CVE-2007-0884;0.035070000;0.887630000
CVE-2007-0883;0.043490000;0.908830000
CVE-2007-0882;0.980130000;0.999090000
CVE-2007-0881;0.029010000;0.864150000
CVE-2007-0880;0.013460000;0.702890000
CVE-2007-0879;0.039990000;0.901730000
CVE-2007-0878;0.204810000;0.974280000
CVE-2007-0877;0.009730000;0.605040000
CVE-2007-0876;0.013340000;0.700170000
CVE-2007-0875;0.023510000;0.830170000
CVE-2007-0874;0.027150000;0.854360000
CVE-2007-0873;0.080400000;0.945940000
CVE-2007-0872;0.036030000;0.890550000
CVE-2007-0871;0.030020000;0.868630000
CVE-2007-0870;0.211290000;0.975080000
CVE-2007-0869;0.010740000;0.635570000
CVE-2007-0868;0.011620000;0.658940000
CVE-2007-0867;0.028360000;0.861020000
CVE-2007-0866;0.003720000;0.285150000
CVE-2007-0865;0.012330000;0.677760000
CVE-2007-0864;0.012330000;0.677980000
CVE-2007-0863;0.037960000;0.896140000
CVE-2007-0862;0.011360000;0.651920000
CVE-2007-0861;0.022040000;0.818470000
CVE-2007-0860;0.012160000;0.673720000
CVE-2007-0859;0.005180000;0.416860000
CVE-2007-0857;0.024200000;0.835110000
CVE-2007-0856;0.009530000;0.597780000
CVE-2007-0855;0.039830000;0.901370000
CVE-2007-0854;0.061050000;0.931820000
CVE-2007-0853;0.011170000;0.647370000
CVE-2007-0852;0.011910000;0.667200000
CVE-2007-0851;0.083610000;0.947780000
CVE-2007-0850;0.026310000;0.849330000
CVE-2007-0849;0.008520000;0.565650000
CVE-2007-0848;0.033260000;0.881560000
CVE-2007-0847;0.011010000;0.643160000
CVE-2007-0846;0.018770000;0.785690000
CVE-2007-0845;0.067470000;0.937380000
CVE-2007-0844;0.008750000;0.573340000
CVE-2007-0843;0.033880000;0.883650000
CVE-2007-0842;0.058840000;0.929630000
CVE-2007-0841;0.015710000;0.743770000
CVE-2007-0840;0.012040000;0.670240000
CVE-2007-0839;0.033260000;0.881550000
CVE-2007-0838;0.024230000;0.835330000
CVE-2007-0837;0.033070000;0.880960000
CVE-2007-0836;0.018370000;0.780800000
CVE-2007-0835;0.014550000;0.723960000
CVE-2007-0834;0.011910000;0.667190000
CVE-2007-0833;0.002770000;0.181050000
CVE-2007-0832;0.002770000;0.181050000
CVE-2007-0831;0.012320000;0.677540000
CVE-2007-0830;0.009120000;0.584380000
CVE-2007-0829;0.003350000;0.243400000
CVE-2007-0828;0.031310000;0.873720000
CVE-2007-0827;0.043100000;0.908090000
CVE-2007-0826;0.011150000;0.646760000
CVE-2007-0825;0.032600000;0.879120000
CVE-2007-0824;0.028360000;0.861020000
CVE-2007-0823;0.004590000;0.372610000
CVE-2007-0822;0.004230000;0.341390000
CVE-2007-0821;0.076190000;0.943530000
CVE-2007-0820;0.082940000;0.947330000
CVE-2007-0819;0.005170000;0.416300000
CVE-2007-0817;0.085970000;0.949040000
CVE-2007-0816;0.113520000;0.958470000
CVE-2007-0815;0.011200000;0.647990000
CVE-2007-0814;0.021180000;0.811060000
CVE-2007-0813;0.016080000;0.749230000
CVE-2007-0812;0.012560000;0.683440000
CVE-2007-0811;0.180720000;0.971020000
CVE-2007-0810;0.024860000;0.839800000
CVE-2007-0809;0.033400000;0.882090000
CVE-2007-0808;0.013730000;0.708500000
CVE-2007-0807;0.013930000;0.712590000
CVE-2007-0806;0.024970000;0.840540000
CVE-2007-0805;0.009690000;0.603480000
CVE-2007-0804;0.025440000;0.843720000
CVE-2007-0803;0.058480000;0.929260000
CVE-2007-0802;0.021300000;0.812160000
CVE-2007-0801;0.018540000;0.783040000
CVE-2007-0800;0.017240000;0.765950000
CVE-2007-0799;0.011520000;0.656380000
CVE-2007-0798;0.020280000;0.802270000
CVE-2007-0797;0.033400000;0.882080000
CVE-2007-0796;0.127330000;0.961350000
CVE-2007-0795;0.017850000;0.774120000
CVE-2007-0794;0.011170000;0.647380000
CVE-2007-0793;0.013730000;0.708490000
CVE-2007-0792;0.013640000;0.706820000
CVE-2007-0791;0.012260000;0.676290000
CVE-2007-0790;0.042370000;0.906780000
CVE-2007-0789;0.010500000;0.628380000
CVE-2007-0788;0.013320000;0.699830000
CVE-2007-0787;0.017680000;0.772010000
CVE-2007-0786;0.012560000;0.683440000
CVE-2007-0785;0.687930000;0.993260000
CVE-2007-0784;0.017930000;0.775140000
CVE-2007-0780;0.025740000;0.845600000
CVE-2007-0779;0.015980000;0.747700000
CVE-2007-0778;0.032160000;0.877170000
CVE-2007-0777;0.076130000;0.943490000
CVE-2007-0776;0.067860000;0.937660000
CVE-2007-0775;0.011480000;0.655290000
CVE-2007-0774;0.815130000;0.996320000
CVE-2007-0773;0.003280000;0.233660000
CVE-2007-0772;0.039960000;0.901650000
CVE-2007-0771;0.003800000;0.293400000
CVE-2007-0770;0.054030000;0.924030000
CVE-2007-0769;0.012420000;0.679900000
CVE-2007-0768;0.018260000;0.779440000
CVE-2007-0767;0.012040000;0.670260000
CVE-2007-0766;0.055950000;0.926280000
CVE-2007-0765;0.012330000;0.677980000
CVE-2007-0764;0.021750000;0.815890000
CVE-2007-0763;0.018100000;0.777240000
CVE-2007-0762;0.033070000;0.880950000
CVE-2007-0761;0.033400000;0.882080000
CVE-2007-0760;0.025300000;0.842770000
CVE-2007-0759;0.012530000;0.682570000
CVE-2007-0758;0.023150000;0.827440000
CVE-2007-0757;0.033070000;0.880950000
CVE-2007-0756;0.044250000;0.910170000
CVE-2007-0754;0.050300000;0.919660000
CVE-2007-0753;0.009300000;0.590260000
CVE-2007-0752;0.007230000;0.521040000
CVE-2007-0751;0.003210000;0.225260000
CVE-2007-0750;0.040180000;0.902150000
CVE-2007-0749;0.064910000;0.935240000
CVE-2007-0748;0.064910000;0.935240000
CVE-2007-0747;0.008680000;0.571030000
CVE-2007-0746;0.101870000;0.955130000
CVE-2007-0745;0.008090000;0.551340000
CVE-2007-0744;0.003790000;0.292950000
CVE-2007-0743;0.003720000;0.285300000
CVE-2007-0742;0.033100000;0.881070000
CVE-2007-0741;0.057930000;0.928510000
CVE-2007-0740;0.012480000;0.681470000
CVE-2007-0739;0.003980000;0.313820000
CVE-2007-0738;0.003600000;0.272350000
CVE-2007-0737;0.003340000;0.242090000
CVE-2007-0736;0.053880000;0.923880000
CVE-2007-0735;0.036170000;0.890980000
CVE-2007-0734;0.007960000;0.546890000
CVE-2007-0733;0.072580000;0.941330000
CVE-2007-0732;0.003430000;0.252310000
CVE-2007-0731;0.044540000;0.910810000
CVE-2007-0730;0.021810000;0.816380000
CVE-2007-0729;0.008850000;0.575950000
CVE-2007-0728;0.003360000;0.244080000
CVE-2007-0726;0.038730000;0.898360000
CVE-2007-0725;0.004680000;0.379940000
CVE-2007-0724;0.007880000;0.544140000
CVE-2007-0723;0.037640000;0.895250000
CVE-2007-0722;0.040390000;0.902590000
CVE-2007-0721;0.030260000;0.869600000
CVE-2007-0720;0.053210000;0.923180000
CVE-2007-0719;0.059300000;0.930040000
CVE-2007-0718;0.059640000;0.930390000
CVE-2007-0717;0.053660000;0.923680000
CVE-2007-0716;0.060870000;0.931670000
CVE-2007-0715;0.060870000;0.931670000
CVE-2007-0714;0.081670000;0.946680000
CVE-2007-0713;0.060950000;0.931740000
CVE-2007-0712;0.068930000;0.938460000
CVE-2007-0711;0.058560000;0.929360000
CVE-2007-0710;0.033680000;0.883040000
CVE-2007-0709;0.004810000;0.390360000
CVE-2007-0708;0.006660000;0.498240000
CVE-2007-0707;0.038770000;0.898440000
CVE-2007-0706;0.015000000;0.732260000
CVE-2007-0705;0.017430000;0.768310000
CVE-2007-0704;0.026160000;0.848320000
CVE-2007-0703;0.026160000;0.848330000
CVE-2007-0702;0.036490000;0.891900000
CVE-2007-0701;0.032030000;0.876540000
CVE-2007-0700;0.034410000;0.885460000
CVE-2007-0699;0.034700000;0.886380000
CVE-2007-0698;0.010380000;0.625110000
CVE-2007-0697;0.028660000;0.862460000
CVE-2007-0696;0.012040000;0.670250000
CVE-2007-0695;0.011520000;0.656360000
CVE-2007-0694;0.019680000;0.795720000
CVE-2007-0693;0.015520000;0.741030000
CVE-2007-0692;0.012580000;0.683690000
CVE-2007-0690;0.014350000;0.720340000
CVE-2007-0689;0.016180000;0.750620000
CVE-2007-0688;0.012970000;0.692240000
CVE-2007-0687;0.009400000;0.593680000
CVE-2007-0686;0.021350000;0.812620000
CVE-2007-0685;0.058400000;0.929150000
CVE-2007-0684;0.085240000;0.948650000
CVE-2007-0683;0.048380000;0.916890000
CVE-2007-0682;0.033590000;0.882730000
CVE-2007-0681;0.052010000;0.921900000
CVE-2007-0680;0.040490000;0.902800000
CVE-2007-0679;0.027200000;0.854590000
CVE-2007-0678;0.010940000;0.641530000
CVE-2007-0677;0.035570000;0.888990000
CVE-2007-0676;0.090360000;0.951130000
CVE-2007-0675;0.177400000;0.970630000
CVE-2007-0674;0.165180000;0.968930000
CVE-2007-0673;0.032410000;0.878130000
CVE-2007-0672;0.027980000;0.859040000
CVE-2007-0671;0.432410000;0.986830000
CVE-2007-0670;0.004920000;0.398040000
CVE-2007-0669;0.003870000;0.301400000
CVE-2007-0668;0.003090000;0.212460000
CVE-2007-0667;0.019170000;0.790400000
CVE-2007-0666;0.019170000;0.790410000
CVE-2007-0665;0.032730000;0.879560000
CVE-2007-0664;0.029240000;0.865260000
CVE-2007-0663;0.009590000;0.599740000
CVE-2007-0662;0.032030000;0.876540000
CVE-2007-0661;0.009430000;0.594620000
CVE-2007-0660;0.012420000;0.679890000
CVE-2007-0659;0.014730000;0.727550000
CVE-2007-0658;0.026770000;0.852230000
CVE-2007-0657;0.016970000;0.762260000
CVE-2007-0656;0.161520000;0.968220000
CVE-2007-0655;0.028100000;0.859650000
CVE-2007-0654;0.063640000;0.934150000
CVE-2007-0653;0.064790000;0.935160000
CVE-2007-0652;0.016240000;0.751520000
CVE-2007-0651;0.031010000;0.872500000
CVE-2007-0650;0.040720000;0.903320000
CVE-2007-0649;0.062850000;0.933510000
CVE-2007-0648;0.036290000;0.891300000
CVE-2007-0647;0.026270000;0.848960000
CVE-2007-0646;0.101800000;0.955120000
CVE-2007-0645;0.019220000;0.790900000
CVE-2007-0644;0.025490000;0.843970000
CVE-2007-0643;0.069660000;0.939070000
CVE-2007-0642;0.024840000;0.839640000
CVE-2007-0641;0.044000000;0.909750000
CVE-2007-0640;0.020400000;0.803380000
CVE-2007-0639;0.071450000;0.940550000
CVE-2007-0638;0.031190000;0.873260000
CVE-2007-0637;0.036490000;0.891900000
CVE-2007-0636;0.003320000;0.238230000
CVE-2007-0635;0.092680000;0.951960000
CVE-2007-0634;0.093500000;0.952240000
CVE-2007-0633;0.032030000;0.876550000
CVE-2007-0632;0.010520000;0.629290000
CVE-2007-0631;0.012330000;0.677980000
CVE-2007-0630;0.010520000;0.629290000
CVE-2007-0629;0.014220000;0.717830000
CVE-2007-0628;0.019990000;0.799030000
CVE-2007-0627;0.003370000;0.245570000
CVE-2007-0626;0.033750000;0.883210000
CVE-2007-0625;0.003450000;0.254990000
CVE-2007-0624;0.012750000;0.687370000
CVE-2007-0623;0.018110000;0.777530000
CVE-2007-0622;0.009860000;0.608760000
CVE-2007-0620;0.036100000;0.890770000
CVE-2007-0619;0.046130000;0.913590000
CVE-2007-0618;0.020560000;0.805050000
CVE-2007-0617;0.012250000;0.675940000
CVE-2007-0616;0.022320000;0.820760000
CVE-2007-0615;0.019770000;0.796700000
CVE-2007-0614;0.086000000;0.949060000
CVE-2007-0613;0.073530000;0.941940000
CVE-2007-0612;0.439110000;0.987070000
CVE-2007-0611;0.012040000;0.670250000
CVE-2007-0610;0.012040000;0.670240000
CVE-2007-0609;0.075060000;0.942840000
CVE-2007-0608;0.018280000;0.779720000
CVE-2007-0607;0.013780000;0.709670000
CVE-2007-0606;0.015660000;0.743070000
CVE-2007-0605;0.019680000;0.795720000
CVE-2007-0604;0.010880000;0.639410000
CVE-2007-0603;0.051710000;0.921520000
CVE-2007-0602;0.009060000;0.582550000
CVE-2007-0601;0.015770000;0.744740000
CVE-2007-0600;0.020680000;0.806360000
CVE-2007-0599;0.015770000;0.744740000
CVE-2007-0598;0.010610000;0.631850000
CVE-2007-0597;0.014140000;0.716470000
CVE-2007-0596;0.011220000;0.648520000
CVE-2007-0595;0.011200000;0.648000000
CVE-2007-0594;0.012750000;0.687370000
CVE-2007-0593;0.015300000;0.737030000
CVE-2007-0592;0.013930000;0.712590000
CVE-2007-0591;0.028360000;0.861020000
CVE-2007-0590;0.015470000;0.739960000
CVE-2007-0589;0.010230000;0.620510000
CVE-2007-0588;0.058420000;0.929170000
CVE-2007-0585;0.039670000;0.900980000
CVE-2007-0584;0.704120000;0.993700000
CVE-2007-0583;0.017290000;0.766510000
CVE-2007-0582;0.010570000;0.630550000
CVE-2007-0581;0.032210000;0.877440000
CVE-2007-0580;0.028090000;0.859620000
CVE-2007-0579;0.014160000;0.716850000
CVE-2007-0578;0.014840000;0.729530000
CVE-2007-0577;0.028530000;0.861850000
CVE-2007-0576;0.035770000;0.889820000
CVE-2007-0575;0.012140000;0.673060000
CVE-2007-0574;0.020170000;0.801180000
CVE-2007-0573;0.033260000;0.881560000
CVE-2007-0572;0.024860000;0.839790000
CVE-2007-0571;0.033400000;0.882070000
CVE-2007-0570;0.027200000;0.854580000
CVE-2007-0569;0.022900000;0.825300000
CVE-2007-0568;0.032210000;0.877440000
CVE-2007-0567;0.017970000;0.775600000
CVE-2007-0566;0.012560000;0.683430000
CVE-2007-0565;0.014290000;0.719230000
CVE-2007-0564;0.010560000;0.630250000
CVE-2007-0563;0.021320000;0.812300000
CVE-2007-0562;0.136670000;0.963600000
CVE-2007-0561;0.100960000;0.954860000
CVE-2007-0560;0.012970000;0.692240000
CVE-2007-0559;0.024860000;0.839800000
CVE-2007-0558;0.024860000;0.839800000
CVE-2007-0557;0.003270000;0.232800000
CVE-2007-0556;0.030300000;0.869770000
CVE-2007-0555;0.048420000;0.916940000
CVE-2007-0554;0.018340000;0.780490000
CVE-2007-0553;0.012040000;0.670260000
CVE-2007-0552;0.014000000;0.713950000
CVE-2007-0551;0.013810000;0.710290000
CVE-2007-0550;0.011910000;0.667190000
CVE-2007-0549;0.011910000;0.667190000
CVE-2007-0548;0.032140000;0.877100000
CVE-2007-0547;0.010860000;0.638950000
CVE-2007-0546;0.014830000;0.729270000
CVE-2007-0545;0.014830000;0.729260000
CVE-2007-0544;0.011410000;0.653160000
CVE-2007-0543;0.017080000;0.763910000
CVE-2007-0542;0.011990000;0.668930000
CVE-2007-0541;0.026490000;0.850290000
CVE-2007-0540;0.075920000;0.943350000
CVE-2007-0539;0.035550000;0.888960000
CVE-2007-0538;0.015140000;0.734600000
CVE-2007-0537;0.018540000;0.783050000
CVE-2007-0536;0.003750000;0.288590000
CVE-2007-0535;0.036420000;0.891700000
CVE-2007-0534;0.012620000;0.684620000
CVE-2007-0533;0.027760000;0.858050000
CVE-2007-0532;0.012750000;0.687370000
CVE-2007-0531;0.020020000;0.799490000
CVE-2007-0530;0.012160000;0.673720000
CVE-2007-0529;0.011410000;0.653180000
CVE-2007-0528;0.044870000;0.911350000
CVE-2007-0527;0.013780000;0.709730000
CVE-2007-0526;0.014680000;0.726710000
CVE-2007-0525;0.013290000;0.699010000
CVE-2007-0524;0.006100000;0.470700000
CVE-2007-0523;0.006830000;0.505900000
CVE-2007-0522;0.006830000;0.505900000
CVE-2007-0521;0.006830000;0.505900000
CVE-2007-0520;0.011120000;0.646020000
CVE-2007-0519;0.013740000;0.708840000
CVE-2007-0518;0.024870000;0.839850000
CVE-2007-0517;0.014660000;0.726370000
CVE-2007-0516;0.009980000;0.612520000
CVE-2007-0515;0.383890000;0.985220000
CVE-2007-0514;0.012420000;0.679900000
CVE-2007-0513;0.014610000;0.725280000
CVE-2007-0512;0.012960000;0.691980000
CVE-2007-0511;0.074110000;0.942310000
CVE-2007-0510;0.020540000;0.804910000
CVE-2007-0509;0.015280000;0.736710000
CVE-2007-0508;0.031280000;0.873600000
CVE-2007-0507;0.010370000;0.624920000
CVE-2007-0506;0.011570000;0.657410000
CVE-2007-0505;0.028330000;0.860850000
CVE-2007-0504;0.062230000;0.932920000
CVE-2007-0503;0.003830000;0.296550000
CVE-2007-0502;0.011150000;0.646760000
CVE-2007-0501;0.024090000;0.834230000
CVE-2007-0500;0.025010000;0.840720000
CVE-2007-0499;0.024230000;0.835310000
CVE-2007-0498;0.021910000;0.817130000
CVE-2007-0497;0.029920000;0.868140000
CVE-2007-0496;0.037580000;0.895050000
CVE-2007-0495;0.037790000;0.895680000
CVE-2007-0494;0.443950000;0.987210000
CVE-2007-0493;0.124520000;0.960780000
CVE-2007-0492;0.010520000;0.629280000
CVE-2007-0491;0.019540000;0.794500000
CVE-2007-0490;0.011180000;0.647740000
CVE-2007-0489;0.031970000;0.876300000
CVE-2007-0488;0.011060000;0.644560000
CVE-2007-0487;0.013730000;0.708490000
CVE-2007-0486;0.017990000;0.775920000
CVE-2007-0485;0.082610000;0.947180000
CVE-2007-0484;0.011520000;0.656370000
CVE-2007-0483;0.019140000;0.789970000
CVE-2007-0482;0.003580000;0.270010000
CVE-2007-0481;0.049040000;0.917880000
CVE-2007-0480;0.093020000;0.952080000
CVE-2007-0479;0.044720000;0.911100000
CVE-2007-0478;0.016710000;0.758480000
CVE-2007-0477;0.014790000;0.728570000
CVE-2007-0476;0.003650000;0.277820000
CVE-2007-0475;0.004020000;0.318720000
CVE-2007-0474;0.003660000;0.278600000
CVE-2007-0473;0.003680000;0.280560000
CVE-2007-0472;0.003520000;0.263230000
CVE-2007-0471;0.027120000;0.854180000
CVE-2007-0470;0.003440000;0.253040000
CVE-2007-0469;0.048610000;0.917260000
CVE-2007-0468;0.248120000;0.978340000
CVE-2007-0467;0.018010000;0.776110000
CVE-2007-0466;0.061960000;0.932650000
CVE-2007-0465;0.184580000;0.971500000
CVE-2007-0464;0.148220000;0.965770000
CVE-2007-0463;0.176620000;0.970550000
CVE-2007-0462;0.066500000;0.936470000
CVE-2007-0461;0.010380000;0.625170000
CVE-2007-0460;0.026360000;0.849610000
CVE-2007-0459;0.021720000;0.815580000
CVE-2007-0458;0.017600000;0.770690000
CVE-2007-0457;0.017600000;0.770690000
CVE-2007-0456;0.017600000;0.770690000
CVE-2007-0455;0.119530000;0.959820000
CVE-2007-0454;0.064590000;0.934980000
CVE-2007-0453;0.007250000;0.522020000
CVE-2007-0452;0.047350000;0.915390000
CVE-2007-0451;0.068690000;0.938270000
CVE-2007-0450;0.907680000;0.998020000
CVE-2007-0449;0.793650000;0.995920000
CVE-2007-0448;0.071120000;0.940270000
CVE-2007-0447;0.059570000;0.930320000
CVE-2007-0446;0.447020000;0.987300000
CVE-2007-0445;0.088820000;0.950480000
CVE-2007-0444;0.139830000;0.964270000
CVE-2007-0443;0.071030000;0.940210000
CVE-2007-0442;0.010670000;0.633810000
CVE-2007-0441;0.024110000;0.834370000
CVE-2007-0437;0.008330000;0.559230000
CVE-2007-0436;0.003550000;0.267010000
CVE-2007-0435;0.018630000;0.784130000
CVE-2007-0434;0.003280000;0.233190000
CVE-2007-0433;0.012710000;0.686600000
CVE-2007-0432;0.014690000;0.726880000
CVE-2007-0431;0.024290000;0.835870000
CVE-2007-0430;0.006840000;0.506120000
CVE-2007-0429;0.029160000;0.864870000
CVE-2007-0428;0.030940000;0.872260000
CVE-2007-0427;0.311650000;0.982140000
CVE-2007-0426;0.026500000;0.850400000
CVE-2007-0425;0.014160000;0.716950000
CVE-2007-0424;0.017060000;0.763550000
CVE-2007-0423;0.003690000;0.282070000
CVE-2007-0422;0.017060000;0.763540000
CVE-2007-0421;0.021270000;0.811900000
CVE-2007-0420;0.014880000;0.730180000
CVE-2007-0419;0.017060000;0.763540000
CVE-2007-0418;0.016600000;0.757020000
CVE-2007-0417;0.018250000;0.779420000
CVE-2007-0416;0.016550000;0.756180000
CVE-2007-0415;0.012990000;0.692730000
CVE-2007-0414;0.017060000;0.763550000
CVE-2007-0413;0.003110000;0.215320000
CVE-2007-0412;0.019410000;0.793160000
CVE-2007-0411;0.008470000;0.563850000
CVE-2007-0410;0.025200000;0.842150000
CVE-2007-0409;0.002930000;0.195880000
CVE-2007-0408;0.010290000;0.622240000
CVE-2007-0407;0.014460000;0.722230000
CVE-2007-0406;0.003690000;0.281980000
CVE-2007-0405;0.012590000;0.683980000
CVE-2007-0404;0.016530000;0.755830000
CVE-2007-0403;0.011520000;0.656380000
CVE-2007-0402;0.011990000;0.668940000
CVE-2007-0401;0.010800000;0.636920000
CVE-2007-0400;0.011990000;0.668950000
CVE-2007-0399;0.021180000;0.811000000
CVE-2007-0398;0.011910000;0.667180000
CVE-2007-0397;0.028990000;0.864090000
CVE-2007-0396;0.022800000;0.824550000
CVE-2007-0395;0.027200000;0.854590000
CVE-2007-0394;0.005410000;0.432050000
CVE-2007-0393;0.003460000;0.255470000
CVE-2007-0392;0.003460000;0.255480000
CVE-2007-0391;0.004140000;0.331120000
CVE-2007-0390;0.016150000;0.750200000
CVE-2007-0389;0.029730000;0.867270000
CVE-2007-0388;0.010900000;0.640000000
CVE-2007-0387;0.011170000;0.647380000
CVE-2007-0386;0.015200000;0.735420000
CVE-2007-0385;0.015460000;0.739770000
CVE-2007-0384;0.012360000;0.678370000
CVE-2007-0383;0.013760000;0.709310000
CVE-2007-0382;0.012340000;0.678100000
CVE-2007-0381;0.011170000;0.647370000
CVE-2007-0380;0.012670000;0.685660000
CVE-2007-0379;0.011910000;0.667180000
CVE-2007-0378;0.009250000;0.588730000
CVE-2007-0377;0.021120000;0.810560000
CVE-2007-0376;0.014000000;0.713960000
CVE-2007-0375;0.018170000;0.778450000
CVE-2007-0374;0.012740000;0.687290000
CVE-2007-0373;0.119970000;0.959930000
CVE-2007-0372;0.039780000;0.901260000
CVE-2007-0371;0.023340000;0.828910000
CVE-2007-0370;0.011650000;0.660040000
CVE-2007-0369;0.010810000;0.637510000
CVE-2007-0368;0.050120000;0.919470000
CVE-2007-0367;0.003950000;0.311110000
CVE-2007-0366;0.004000000;0.315700000
CVE-2007-0365;0.012420000;0.679900000
CVE-2007-0364;0.027520000;0.856360000
CVE-2007-0363;0.014000000;0.713950000
CVE-2007-0362;0.014460000;0.722240000
CVE-2007-0361;0.024860000;0.839790000
CVE-2007-0360;0.033400000;0.882080000
CVE-2007-0359;0.028360000;0.861020000
CVE-2007-0358;0.034150000;0.884530000
CVE-2007-0357;0.035350000;0.888370000
CVE-2007-0356;0.175790000;0.970450000
CVE-2007-0355;0.066390000;0.936390000
CVE-2007-0354;0.020530000;0.804850000
CVE-2007-0353;0.027060000;0.853810000
CVE-2007-0352;0.366070000;0.984470000
CVE-2007-0351;0.002930000;0.196370000
CVE-2007-0350;0.011520000;0.656370000
CVE-2007-0349;0.015540000;0.741430000
CVE-2007-0348;0.351370000;0.983920000
CVE-2007-0347;0.036880000;0.893010000
CVE-2007-0346;0.011950000;0.668130000
CVE-2007-0345;0.004250000;0.342640000
CVE-2007-0344;0.066060000;0.936180000
CVE-2007-0343;0.022790000;0.824380000
CVE-2007-0342;0.022680000;0.823510000
CVE-2007-0341;0.013690000;0.707570000
CVE-2007-0340;0.010810000;0.637520000
CVE-2007-0339;0.012530000;0.682470000
CVE-2007-0338;0.047400000;0.915460000
CVE-2007-0337;0.031070000;0.872710000
CVE-2007-0336;0.003520000;0.263230000
CVE-2007-0335;0.033190000;0.881370000
CVE-2007-0334;0.017580000;0.770530000
CVE-2007-0333;0.009130000;0.584790000
CVE-2007-0332;0.016370000;0.753630000
CVE-2007-0331;0.013240000;0.697890000
CVE-2007-0330;0.034260000;0.884860000
CVE-2007-0329;0.029240000;0.865250000
CVE-2007-0328;0.052720000;0.922710000
CVE-2007-0326;0.067150000;0.936980000
CVE-2007-0325;0.353990000;0.984000000
CVE-2007-0324;0.069940000;0.939340000
CVE-2007-0323;0.075730000;0.943220000
CVE-2007-0322;0.059710000;0.930430000
CVE-2007-0321;0.067640000;0.937490000
CVE-2007-0320;0.054010000;0.924010000
CVE-2007-0319;0.055760000;0.926000000
CVE-2007-0318;0.025380000;0.843360000
CVE-2007-0317;0.025200000;0.842150000
CVE-2007-0316;0.020420000;0.803700000
CVE-2007-0315;0.039990000;0.901720000
CVE-2007-0314;0.023840000;0.832350000
CVE-2007-0313;0.018810000;0.786170000
CVE-2007-0312;0.014920000;0.730860000
CVE-2007-0311;0.027960000;0.858930000
CVE-2007-0310;0.018740000;0.785370000
CVE-2007-0309;0.046630000;0.914310000
CVE-2007-0308;0.012040000;0.670250000
CVE-2007-0307;0.027350000;0.855440000
CVE-2007-0306;0.011150000;0.646760000
CVE-2007-0305;0.013050000;0.693820000
CVE-2007-0304;0.010870000;0.639330000
CVE-2007-0303;0.015200000;0.735410000
CVE-2007-0302;0.022280000;0.820420000
CVE-2007-0301;0.023850000;0.832480000
CVE-2007-0300;0.028090000;0.859620000
CVE-2007-0299;0.038890000;0.898730000
CVE-2007-0298;0.037070000;0.893560000
CVE-2007-0297;0.034540000;0.885890000
CVE-2007-0296;0.004240000;0.341860000
CVE-2007-0295;0.020120000;0.800760000
CVE-2007-0294;0.003720000;0.285850000
CVE-2007-0293;0.021430000;0.813310000
CVE-2007-0292;0.025010000;0.840750000
CVE-2007-0291;0.013150000;0.695960000
CVE-2007-0290;0.016860000;0.760920000
CVE-2007-0289;0.021430000;0.813310000
CVE-2007-0288;0.003720000;0.285850000
CVE-2007-0287;0.003720000;0.285850000
CVE-2007-0286;0.014120000;0.715960000
CVE-2007-0285;0.016450000;0.754810000
CVE-2007-0284;0.016840000;0.760470000
CVE-2007-0283;0.013840000;0.710750000
CVE-2007-0282;0.004200000;0.338150000
CVE-2007-0281;0.016840000;0.760470000
CVE-2007-0280;0.031710000;0.875310000
CVE-2007-0279;0.025220000;0.842280000
CVE-2007-0278;0.003780000;0.291210000
CVE-2007-0277;0.003780000;0.291210000
CVE-2007-0276;0.003880000;0.302470000
CVE-2007-0275;0.012640000;0.685140000
CVE-2007-0274;0.036700000;0.892520000
CVE-2007-0273;0.013640000;0.706810000
CVE-2007-0272;0.066250000;0.936310000
CVE-2007-0271;0.042160000;0.906390000
CVE-2007-0270;0.051950000;0.921830000
CVE-2007-0269;0.013050000;0.693830000
CVE-2007-0268;0.029090000;0.864540000
CVE-2007-0267;0.009530000;0.597990000
CVE-2007-0266;0.012980000;0.692390000
CVE-2007-0265;0.017960000;0.775480000
CVE-2007-0264;0.006990000;0.512060000
CVE-2007-0263;0.016310000;0.752700000
CVE-2007-0262;0.025570000;0.844510000
CVE-2007-0261;0.047470000;0.915540000
CVE-2007-0260;0.019720000;0.796170000
CVE-2007-0259;0.015460000;0.739780000
CVE-2007-0258;0.019740000;0.796340000
CVE-2007-0257;0.009950000;0.611630000
CVE-2007-0256;0.118790000;0.959630000
CVE-2007-0255;0.040060000;0.901910000
CVE-2007-0254;0.035120000;0.887790000
CVE-2007-0253;0.003330000;0.239380000
CVE-2007-0252;0.012480000;0.681400000
CVE-2007-0251;0.024040000;0.833900000
CVE-2007-0250;0.012750000;0.687380000
CVE-2007-0249;0.013450000;0.702760000
CVE-2007-0248;0.068970000;0.938520000
CVE-2007-0247;0.196640000;0.973090000
CVE-2007-0246;0.018230000;0.779160000
CVE-2007-0245;0.066590000;0.936530000
CVE-2007-0244;0.023120000;0.827120000
CVE-2007-0243;0.113350000;0.958410000
CVE-2007-0242;0.020540000;0.804940000
CVE-2007-0240;0.015620000;0.742480000
CVE-2007-0239;0.034760000;0.886650000
CVE-2007-0238;0.057480000;0.928030000
CVE-2007-0237;0.003670000;0.279630000
CVE-2007-0236;0.214470000;0.975360000
CVE-2007-0235;0.008910000;0.577800000
CVE-2007-0233;0.115870000;0.958980000
CVE-2007-0232;0.033400000;0.882080000
CVE-2007-0231;0.012420000;0.679910000
CVE-2007-0230;0.014050000;0.714860000
CVE-2007-0229;0.010960000;0.642240000
CVE-2007-0228;0.075670000;0.943170000
CVE-2007-0227;0.017270000;0.766220000
CVE-2007-0226;0.012560000;0.683430000
CVE-2007-0225;0.018200000;0.778750000
CVE-2007-0224;0.010870000;0.639320000
CVE-2007-0223;0.011520000;0.656370000
CVE-2007-0222;0.109380000;0.957420000
CVE-2007-0221;0.372390000;0.984760000
CVE-2007-0220;0.331480000;0.983140000
CVE-2007-0219;0.392580000;0.985550000
CVE-2007-0218;0.311340000;0.982140000
CVE-2007-0217;0.583630000;0.990710000
CVE-2007-0216;0.381440000;0.985120000
CVE-2007-0215;0.315460000;0.982310000
CVE-2007-0214;0.265500000;0.979490000
CVE-2007-0213;0.661600000;0.992550000
CVE-2007-0211;0.026540000;0.850730000
CVE-2007-0210;0.015790000;0.744940000
CVE-2007-0209;0.292830000;0.981160000
CVE-2007-0208;0.303070000;0.981700000
CVE-2007-0206;0.022280000;0.820410000
CVE-2007-0205;0.033400000;0.882110000
CVE-2007-0204;0.014780000;0.728330000
CVE-2007-0203;0.018660000;0.784440000
CVE-2007-0202;0.037970000;0.896200000
CVE-2007-0201;0.047970000;0.916270000
CVE-2007-0200;0.033070000;0.880960000
CVE-2007-0199;0.026240000;0.848760000
CVE-2007-0198;0.017060000;0.763550000
CVE-2007-0197;0.081290000;0.946490000
CVE-2007-0196;0.012130000;0.672960000
CVE-2007-0195;0.014880000;0.730180000
CVE-2007-0194;0.014830000;0.729260000
CVE-2007-0193;0.014960000;0.731530000
CVE-2007-0192;0.014220000;0.717890000
CVE-2007-0191;0.011990000;0.668940000
CVE-2007-0190;0.026590000;0.851010000
CVE-2007-0189;0.018160000;0.778160000
CVE-2007-0188;0.013530000;0.704480000
CVE-2007-0187;0.037340000;0.894420000
CVE-2007-0186;0.019540000;0.794490000
CVE-2007-0185;0.015110000;0.734100000
CVE-2007-0184;0.014850000;0.729740000
CVE-2007-0183;0.039460000;0.900400000
CVE-2007-0182;0.046380000;0.913960000
CVE-2007-0181;0.033400000;0.882090000
CVE-2007-0180;0.029420000;0.866030000
CVE-2007-0179;0.010610000;0.631840000
CVE-2007-0178;0.026590000;0.851010000
CVE-2007-0177;0.034390000;0.885370000
CVE-2007-0176;0.020180000;0.801290000
CVE-2007-0175;0.013320000;0.699820000
CVE-2007-0174;0.049560000;0.918720000
CVE-2007-0173;0.025800000;0.846020000
CVE-2007-0172;0.049770000;0.919030000
CVE-2007-0171;0.032860000;0.880140000
CVE-2007-0170;0.023840000;0.832350000
CVE-2007-0169;0.700370000;0.993580000
CVE-2007-0168;0.199120000;0.973450000
CVE-2007-0167;0.102820000;0.955420000
CVE-2007-0166;0.004110000;0.328030000
CVE-2007-0165;0.096540000;0.953320000
CVE-2007-0164;0.020500000;0.804450000
CVE-2007-0163;0.020500000;0.804450000
CVE-2007-0162;0.008290000;0.558150000
CVE-2007-0161;0.007380000;0.526640000
CVE-2007-0160;0.042040000;0.906110000
CVE-2007-0159;0.020890000;0.808450000
CVE-2007-0158;0.013380000;0.701210000
CVE-2007-0157;0.021590000;0.814680000
CVE-2007-0156;0.014220000;0.717890000
CVE-2007-0155;0.014220000;0.717890000
CVE-2007-0154;0.014220000;0.717880000
CVE-2007-0153;0.014220000;0.717880000
CVE-2007-0152;0.014290000;0.719220000
CVE-2007-0151;0.014130000;0.716280000
CVE-2007-0150;0.017770000;0.773170000
CVE-2007-0149;0.014220000;0.717890000
CVE-2007-0148;0.062720000;0.933380000
CVE-2007-0147;0.012850000;0.689430000
CVE-2007-0146;0.014020000;0.714340000
CVE-2007-0145;0.013730000;0.708500000
CVE-2007-0144;0.018710000;0.785120000
CVE-2007-0143;0.033010000;0.880730000
CVE-2007-0142;0.012410000;0.679740000
CVE-2007-0141;0.014470000;0.722520000
CVE-2007-0140;0.012810000;0.688650000
CVE-2007-0139;0.021990000;0.818020000
CVE-2007-0138;0.028400000;0.861190000
CVE-2007-0137;0.017490000;0.769200000
CVE-2007-0136;0.021700000;0.815480000
CVE-2007-0135;0.027930000;0.858730000
CVE-2007-0134;0.114080000;0.958580000
CVE-2007-0133;0.009730000;0.605080000
CVE-2007-0132;0.018110000;0.777540000
CVE-2007-0131;0.014730000;0.727540000
CVE-2007-0130;0.013050000;0.693820000
CVE-2007-0129;0.010810000;0.637510000
CVE-2007-0128;0.011100000;0.645570000
CVE-2007-0127;0.047300000;0.915280000
CVE-2007-0126;0.110440000;0.957680000
CVE-2007-0125;0.026470000;0.850210000
CVE-2007-0124;0.012670000;0.685660000
CVE-2007-0123;0.012640000;0.685170000
CVE-2007-0122;0.031180000;0.873160000
CVE-2007-0121;0.022040000;0.818400000
CVE-2007-0120;0.017550000;0.770100000
CVE-2007-0119;0.021260000;0.811820000
CVE-2007-0118;0.028780000;0.863040000
CVE-2007-0117;0.053860000;0.923850000
CVE-2007-0116;0.014660000;0.726370000
CVE-2007-0115;0.011420000;0.653430000
CVE-2007-0114;0.022370000;0.821160000
CVE-2007-0113;0.038420000;0.897530000
CVE-2007-0112;0.010600000;0.631560000
CVE-2007-0111;0.029430000;0.866030000
CVE-2007-0110;0.020220000;0.801730000
CVE-2007-0109;0.032370000;0.877990000
CVE-2007-0108;0.012190000;0.674250000
CVE-2007-0107;0.075880000;0.943330000
CVE-2007-0106;0.029890000;0.867980000
CVE-2007-0105;0.110960000;0.957850000
CVE-2007-0104;0.060710000;0.931460000
CVE-2007-0103;0.154540000;0.966870000
CVE-2007-0102;0.047480000;0.915570000
CVE-2007-0101;0.012630000;0.684960000
CVE-2007-0100;0.019330000;0.792150000
CVE-2007-0099;0.250560000;0.978540000
CVE-2007-0098;0.021530000;0.814160000
CVE-2007-0097;0.034540000;0.885860000
CVE-2007-0096;0.015520000;0.740950000
CVE-2007-0095;0.016700000;0.758320000
CVE-2007-0094;0.016260000;0.751910000
CVE-2007-0093;0.018010000;0.776140000
CVE-2007-0092;0.011210000;0.648350000
CVE-2007-0091;0.025590000;0.844640000
CVE-2007-0090;0.016000000;0.748030000
CVE-2007-0089;0.015520000;0.740950000
CVE-2007-0088;0.015550000;0.741500000
CVE-2007-0087;0.242350000;0.977840000
CVE-2007-0086;0.100940000;0.954850000
CVE-2007-0085;0.005550000;0.440590000
CVE-2007-0084;0.013120000;0.695400000
CVE-2007-0083;0.011990000;0.668940000
CVE-2007-0082;0.020840000;0.807900000
CVE-2007-0081;0.006560000;0.493640000
CVE-2007-0080;0.004410000;0.357620000
CVE-2007-0079;0.017700000;0.772340000
CVE-2007-0078;0.014580000;0.724620000
CVE-2007-0077;0.016430000;0.754560000
CVE-2007-0076;0.016260000;0.751910000
CVE-2007-0075;0.016260000;0.751910000
CVE-2007-0074;0.086060000;0.949110000
CVE-2007-0073;0.086060000;0.949110000
CVE-2007-0072;0.086060000;0.949120000
CVE-2007-0071;0.925010000;0.998240000
CVE-2007-0069;0.492050000;0.988480000
CVE-2007-0068;0.021840000;0.816600000
CVE-2007-0067;0.137410000;0.963820000
CVE-2007-0066;0.315250000;0.982310000
CVE-2007-0065;0.432370000;0.986830000
CVE-2007-0064;0.359760000;0.984230000
CVE-2007-0063;0.204130000;0.974100000
CVE-2007-0062;0.076180000;0.943520000
CVE-2007-0061;0.064960000;0.935290000
CVE-2007-0060;0.236390000;0.977400000
CVE-2007-0059;0.056790000;0.927210000
CVE-2007-0058;0.026160000;0.848290000
CVE-2007-0057;0.040770000;0.903410000
CVE-2007-0056;0.026640000;0.851380000
CVE-2007-0055;0.029970000;0.868400000
CVE-2007-0054;0.016950000;0.762020000
CVE-2007-0053;0.012740000;0.687320000
CVE-2007-0052;0.012410000;0.679610000
CVE-2007-0051;0.091030000;0.951390000
CVE-2007-0050;0.015080000;0.733590000
CVE-2007-0049;0.025440000;0.843720000
CVE-2007-0048;0.326090000;0.982880000
CVE-2007-0047;0.090770000;0.951270000
CVE-2007-0046;0.559240000;0.990160000
CVE-2007-0045;0.465920000;0.987840000
CVE-2007-0044;0.559090000;0.990150000
CVE-2007-0043;0.306660000;0.981890000
CVE-2007-0042;0.761510000;0.995200000
CVE-2007-0041;0.306660000;0.981890000
CVE-2007-0040;0.391700000;0.985500000
CVE-2007-0039;0.445690000;0.987270000
CVE-2007-0038;0.728800000;0.994360000
CVE-2007-0035;0.320930000;0.982600000
CVE-2007-0034;0.370670000;0.984680000
CVE-2007-0033;0.323760000;0.982770000
CVE-2007-0031;0.419330000;0.986450000
CVE-2007-0030;0.322970000;0.982720000
CVE-2007-0029;0.302740000;0.981670000
CVE-2007-0028;0.331900000;0.983160000
CVE-2007-0027;0.313700000;0.982220000
CVE-2007-0026;0.248100000;0.978330000
CVE-2007-0025;0.367320000;0.984520000
CVE-2007-0024;0.439500000;0.987080000
CVE-2007-0023;0.015880000;0.746190000
CVE-2007-0022;0.005310000;0.425940000
CVE-2007-0021;0.231310000;0.976940000
CVE-2007-0020;0.078410000;0.944820000
CVE-2007-0019;0.038060000;0.896490000
CVE-2007-0018;0.364730000;0.984420000
CVE-2007-0017;0.120610000;0.960050000
CVE-2007-0016;0.051360000;0.921070000
CVE-2007-0015;0.486690000;0.988330000
CVE-2007-0014;0.003540000;0.265680000
CVE-2007-0012;0.018820000;0.786260000
CVE-2007-0011;0.021180000;0.811080000
CVE-2007-0010;0.009330000;0.591530000
CVE-2007-0009;0.506110000;0.988820000
CVE-2007-0008;0.043670000;0.909230000
CVE-2007-0007;0.003910000;0.305550000
CVE-2007-0006;0.003730000;0.286840000
CVE-2007-0005;0.006150000;0.473620000
CVE-2007-0004;0.003430000;0.252430000
CVE-2007-0003;0.004030000;0.319340000
CVE-2007-0002;0.067220000;0.937090000
CVE-2007-0001;0.006040000;0.467820000
