CVE-2017-9998;0.020180000;0.801320000
CVE-2017-9996;0.018450000;0.781710000
CVE-2017-9995;0.015740000;0.744200000
CVE-2017-9994;0.018450000;0.781700000
CVE-2017-9993;0.164370000;0.968790000
CVE-2017-9992;0.027710000;0.857490000
CVE-2017-9991;0.018350000;0.780640000
CVE-2017-9990;0.025690000;0.845310000
CVE-2017-9989;0.020390000;0.803280000
CVE-2017-9988;0.020390000;0.803280000
CVE-2017-9987;0.022570000;0.822640000
CVE-2017-9986;0.003620000;0.274960000
CVE-2017-9985;0.003310000;0.237030000
CVE-2017-9984;0.003780000;0.292050000
CVE-2017-9982;0.025390000;0.843400000
CVE-2017-9980;0.029630000;0.866890000
CVE-2017-9979;0.025590000;0.844630000
CVE-2017-9978;0.047460000;0.915520000
CVE-2017-9977;0.013060000;0.694140000
CVE-2017-9970;0.048390000;0.916900000
CVE-2017-9969;0.003960000;0.312240000
CVE-2017-9968;0.011510000;0.655970000
CVE-2017-9967;0.003780000;0.291870000
CVE-2017-9966;0.016180000;0.750710000
CVE-2017-9965;0.046120000;0.913560000
CVE-2017-9964;0.019940000;0.798570000
CVE-2017-9963;0.004690000;0.380750000
CVE-2017-9962;0.010340000;0.623960000
CVE-2017-9961;0.003780000;0.291870000
CVE-2017-9960;0.010580000;0.631010000
CVE-2017-9959;0.003070000;0.210270000
CVE-2017-9958;0.003450000;0.254810000
CVE-2017-9957;0.016180000;0.750630000
CVE-2017-9956;0.010810000;0.637610000
CVE-2017-9955;0.010620000;0.632080000
CVE-2017-9954;0.015610000;0.742420000
CVE-2017-9953;0.028080000;0.859540000
CVE-2017-9951;0.041660000;0.905310000
CVE-2017-9949;0.018030000;0.776480000
CVE-2017-9948;0.064270000;0.934660000
CVE-2017-9947;0.073440000;0.941860000
CVE-2017-9946;0.249980000;0.978470000
CVE-2017-9945;0.005370000;0.429780000
CVE-2017-9944;0.029800000;0.867630000
CVE-2017-9942;0.002750000;0.178990000
CVE-2017-9941;0.009480000;0.596210000
CVE-2017-9940;0.008590000;0.568140000
CVE-2017-9939;0.020650000;0.806030000
CVE-2017-9938;0.028970000;0.864000000
CVE-2017-9937;0.029620000;0.866870000
CVE-2017-9936;0.074820000;0.942680000
CVE-2017-9935;0.039180000;0.899610000
CVE-2017-9934;0.022080000;0.818810000
CVE-2017-9933;0.023030000;0.826420000
CVE-2017-9932;0.015160000;0.734980000
CVE-2017-9931;0.006520000;0.491610000
CVE-2017-9930;0.004770000;0.386810000
CVE-2017-9929;0.010450000;0.627190000
CVE-2017-9928;0.010080000;0.615800000
CVE-2017-9927;0.012680000;0.685860000
CVE-2017-9926;0.012680000;0.685860000
CVE-2017-9925;0.019740000;0.796360000
CVE-2017-9924;0.019740000;0.796360000
CVE-2017-9923;0.006290000;0.480240000
CVE-2017-9922;0.006450000;0.488600000
CVE-2017-9921;0.004620000;0.375650000
CVE-2017-9920;0.006290000;0.480240000
CVE-2017-9919;0.006450000;0.488600000
CVE-2017-9918;0.006290000;0.480250000
CVE-2017-9917;0.005410000;0.431860000
CVE-2017-9916;0.004900000;0.396760000
CVE-2017-9915;0.021750000;0.815900000
CVE-2017-9914;0.015560000;0.741650000
CVE-2017-9913;0.009880000;0.609790000
CVE-2017-9912;0.009880000;0.609790000
CVE-2017-9911;0.009880000;0.609800000
CVE-2017-9910;0.009880000;0.609780000
CVE-2017-9909;0.009880000;0.609810000
CVE-2017-9908;0.009880000;0.609800000
CVE-2017-9907;0.009880000;0.609800000
CVE-2017-9906;0.009880000;0.609800000
CVE-2017-9905;0.009880000;0.609790000
CVE-2017-9904;0.009880000;0.609790000
CVE-2017-9903;0.015560000;0.741640000
CVE-2017-9902;0.015960000;0.747540000
CVE-2017-9901;0.015560000;0.741650000
CVE-2017-9900;0.015960000;0.747540000
CVE-2017-9899;0.015960000;0.747520000
CVE-2017-9898;0.015960000;0.747540000
CVE-2017-9897;0.015960000;0.747530000
CVE-2017-9896;0.015960000;0.747530000
CVE-2017-9895;0.015960000;0.747530000
CVE-2017-9894;0.005380000;0.430250000
CVE-2017-9893;0.005380000;0.430260000
CVE-2017-9892;0.009440000;0.594910000
CVE-2017-9891;0.009440000;0.594910000
CVE-2017-9890;0.009440000;0.594910000
CVE-2017-9889;0.016390000;0.753930000
CVE-2017-9888;0.016390000;0.753920000
CVE-2017-9887;0.016390000;0.753930000
CVE-2017-9886;0.016390000;0.753910000
CVE-2017-9885;0.016390000;0.753910000
CVE-2017-9884;0.017060000;0.763620000
CVE-2017-9883;0.020920000;0.808710000
CVE-2017-9882;0.020920000;0.808710000
CVE-2017-9881;0.020920000;0.808700000
CVE-2017-9880;0.020920000;0.808710000
CVE-2017-9879;0.012650000;0.685490000
CVE-2017-9878;0.012650000;0.685480000
CVE-2017-9877;0.012980000;0.692370000
CVE-2017-9876;0.012980000;0.692370000
CVE-2017-9875;0.014740000;0.727730000
CVE-2017-9874;0.012980000;0.692370000
CVE-2017-9873;0.012650000;0.685480000
CVE-2017-9872;0.097900000;0.953840000
CVE-2017-9871;0.015050000;0.733140000
CVE-2017-9870;0.012200000;0.674600000
CVE-2017-9869;0.040650000;0.903120000
CVE-2017-9868;0.003610000;0.273750000
CVE-2017-9865;0.016770000;0.759390000
CVE-2017-9864;0.015120000;0.734310000
CVE-2017-9863;0.006960000;0.510650000
CVE-2017-9862;0.017240000;0.765900000
CVE-2017-9861;0.014080000;0.715330000
CVE-2017-9860;0.022440000;0.821740000
CVE-2017-9859;0.011270000;0.649850000
CVE-2017-9858;0.020580000;0.805290000
CVE-2017-9857;0.006890000;0.508150000
CVE-2017-9856;0.006640000;0.497390000
CVE-2017-9855;0.015830000;0.745600000
CVE-2017-9854;0.011270000;0.649850000
CVE-2017-9853;0.017160000;0.764910000
CVE-2017-9852;0.017160000;0.764900000
CVE-2017-9851;0.018650000;0.784370000
CVE-2017-9848;0.014070000;0.715240000
CVE-2017-9847;0.010690000;0.634330000
CVE-2017-9846;0.027500000;0.856220000
CVE-2017-9845;0.025020000;0.840840000
CVE-2017-9844;0.053650000;0.923660000
CVE-2017-9843;0.022550000;0.822520000
CVE-2017-9841;0.999990000;0.999940000
CVE-2017-9840;0.014560000;0.724130000
CVE-2017-9839;0.010180000;0.618830000
CVE-2017-9838;0.006240000;0.477910000
CVE-2017-9836;0.005950000;0.462780000
CVE-2017-9835;0.026850000;0.852630000
CVE-2017-9834;0.040690000;0.903200000
CVE-2017-9833;0.684640000;0.993140000
CVE-2017-9832;0.007660000;0.536580000
CVE-2017-9831;0.008550000;0.566780000
CVE-2017-9830;0.064830000;0.935180000
CVE-2017-9829;0.687440000;0.993230000
CVE-2017-9828;0.824550000;0.996550000
CVE-2017-9822;0.947890000;0.998580000
CVE-2017-9821;0.014320000;0.719830000
CVE-2017-9820;0.018310000;0.780070000
CVE-2017-9819;0.021320000;0.812400000
CVE-2017-9818;0.013350000;0.700290000
CVE-2017-9816;0.007570000;0.533580000
CVE-2017-9815;0.015780000;0.744890000
CVE-2017-9814;0.034350000;0.885220000
CVE-2017-9813;0.026230000;0.848730000
CVE-2017-9812;0.112650000;0.958280000
CVE-2017-9811;0.104740000;0.955990000
CVE-2017-9810;0.019320000;0.792090000
CVE-2017-9809;0.008780000;0.574170000
CVE-2017-9808;0.006540000;0.492670000
CVE-2017-9807;0.049230000;0.918130000
CVE-2017-9806;0.018050000;0.776710000
CVE-2017-9805;0.993960000;0.999400000
CVE-2017-9804;0.082370000;0.947050000
CVE-2017-9803;0.021940000;0.817380000
CVE-2017-9802;0.036570000;0.892190000
CVE-2017-9801;0.060360000;0.931100000
CVE-2017-9800;0.188920000;0.972040000
CVE-2017-9799;0.048720000;0.917390000
CVE-2017-9798;0.949990000;0.998600000
CVE-2017-9797;0.013580000;0.705670000
CVE-2017-9796;0.014790000;0.728510000
CVE-2017-9795;0.041770000;0.905560000
CVE-2017-9794;0.011780000;0.663950000
CVE-2017-9793;0.087870000;0.950020000
CVE-2017-9792;0.015760000;0.744590000
CVE-2017-9791;0.989080000;0.999270000
CVE-2017-9790;0.024460000;0.837000000
CVE-2017-9789;0.095840000;0.953120000
CVE-2017-9788;0.567700000;0.990360000
CVE-2017-9787;0.105540000;0.956240000
CVE-2017-9786;0.010420000;0.626370000
CVE-2017-9785;0.030950000;0.872330000
CVE-2017-9783;0.010800000;0.636940000
CVE-2017-9782;0.015500000;0.740740000
CVE-2017-9781;0.015590000;0.742040000
CVE-2017-9780;0.003550000;0.266460000
CVE-2017-9779;0.005770000;0.453180000
CVE-2017-9778;0.011130000;0.646320000
CVE-2017-9776;0.019990000;0.799140000
CVE-2017-9775;0.043380000;0.908590000
CVE-2017-9774;0.023850000;0.832430000
CVE-2017-9773;0.008540000;0.566320000
CVE-2017-9772;0.034960000;0.887250000
CVE-2017-9771;0.014380000;0.720840000
CVE-2017-9770;0.003320000;0.238130000
CVE-2017-9769;0.855390000;0.997170000
CVE-2017-9767;0.029800000;0.867600000
CVE-2017-9766;0.034220000;0.884700000
CVE-2017-9765;0.246250000;0.978150000
CVE-2017-9764;0.008020000;0.548830000
CVE-2017-9763;0.041880000;0.905780000
CVE-2017-9762;0.010060000;0.615280000
CVE-2017-9761;0.013520000;0.704150000
CVE-2017-9759;0.014030000;0.714490000
CVE-2017-9758;0.014580000;0.724700000
CVE-2017-9757;0.371660000;0.984710000
CVE-2017-9756;0.080750000;0.946090000
CVE-2017-9755;0.029420000;0.866010000
CVE-2017-9754;0.026390000;0.849710000
CVE-2017-9753;0.027730000;0.857820000
CVE-2017-9752;0.027600000;0.856890000
CVE-2017-9751;0.029420000;0.866020000
CVE-2017-9750;0.081110000;0.946370000
CVE-2017-9749;0.085060000;0.948540000
CVE-2017-9748;0.078590000;0.944970000
CVE-2017-9747;0.078590000;0.944960000
CVE-2017-9746;0.085440000;0.948780000
CVE-2017-9745;0.026520000;0.850580000
CVE-2017-9744;0.026640000;0.851340000
CVE-2017-9743;0.027950000;0.858850000
CVE-2017-9742;0.080750000;0.946090000
CVE-2017-9741;0.015560000;0.741600000
CVE-2017-9740;0.017850000;0.774160000
CVE-2017-9739;0.025290000;0.842720000
CVE-2017-9736;0.031590000;0.874810000
CVE-2017-9735;0.057950000;0.928590000
CVE-2017-9732;0.040440000;0.902700000
CVE-2017-9731;0.011040000;0.643870000
CVE-2017-9730;0.019600000;0.795000000
CVE-2017-9729;0.010790000;0.636780000
CVE-2017-9728;0.012320000;0.677560000
CVE-2017-9727;0.025290000;0.842720000
CVE-2017-9726;0.027500000;0.856210000
CVE-2017-9725;0.012310000;0.677450000
CVE-2017-9724;0.003990000;0.314280000
CVE-2017-9723;0.001660000;0.052190000
CVE-2017-9722;0.001540000;0.038240000
CVE-2017-9721;0.001370000;0.025890000
CVE-2017-9720;0.003560000;0.267910000
CVE-2017-9719;0.001370000;0.025880000
CVE-2017-9718;0.000980000;0.007220000
CVE-2017-9717;0.005140000;0.414260000
CVE-2017-9716;0.001580000;0.042120000
CVE-2017-9715;0.005140000;0.414260000
CVE-2017-9714;0.001590000;0.043420000
CVE-2017-9712;0.005560000;0.440920000
CVE-2017-9711;0.001160000;0.014510000
CVE-2017-9710;0.001370000;0.025880000
CVE-2017-9709;0.004420000;0.358830000
CVE-2017-9708;0.000980000;0.007210000
CVE-2017-9706;0.001510000;0.035790000
CVE-2017-9705;0.001520000;0.036450000
CVE-2017-9704;0.001520000;0.036980000
CVE-2017-9703;0.000980000;0.007210000
CVE-2017-9702;0.001380000;0.026340000
CVE-2017-9701;0.004120000;0.328960000
CVE-2017-9700;0.001380000;0.026310000
CVE-2017-9698;0.001380000;0.026340000
CVE-2017-9697;0.001090000;0.011310000
CVE-2017-9696;0.004120000;0.328940000
CVE-2017-9694;0.003990000;0.315320000
CVE-2017-9693;0.001810000;0.069240000
CVE-2017-9692;0.001880000;0.075070000
CVE-2017-9691;0.001240000;0.018450000
CVE-2017-9690;0.001780000;0.066320000
CVE-2017-9689;0.001550000;0.039610000
CVE-2017-9687;0.001510000;0.035800000
CVE-2017-9686;0.001510000;0.035800000
CVE-2017-9685;0.004870000;0.394500000
CVE-2017-9684;0.003480000;0.257890000
CVE-2017-9683;0.001580000;0.042140000
CVE-2017-9682;0.002770000;0.180580000
CVE-2017-9681;0.004310000;0.348690000
CVE-2017-9680;0.005190000;0.417840000
CVE-2017-9679;0.005190000;0.417850000
CVE-2017-9678;0.004650000;0.377080000
CVE-2017-9677;0.003060000;0.209050000
CVE-2017-9676;0.002740000;0.177640000
CVE-2017-9675;0.120980000;0.960120000
CVE-2017-9674;0.006560000;0.493770000
CVE-2017-9673;0.007510000;0.531170000
CVE-2017-9671;0.032340000;0.877840000
CVE-2017-9670;0.008700000;0.571470000
CVE-2017-9669;0.032340000;0.877840000
CVE-2017-9668;0.006020000;0.466560000
CVE-2017-9664;0.026210000;0.848630000
CVE-2017-9663;0.010720000;0.635070000
CVE-2017-9662;0.004470000;0.363620000
CVE-2017-9661;0.013560000;0.705310000
CVE-2017-9660;0.051000000;0.920670000
CVE-2017-9659;0.051550000;0.921360000
CVE-2017-9658;0.008260000;0.556930000
CVE-2017-9657;0.007840000;0.542440000
CVE-2017-9656;0.022680000;0.823480000
CVE-2017-9655;0.009090000;0.583620000
CVE-2017-9654;0.010440000;0.627000000
CVE-2017-9653;0.023410000;0.829430000
CVE-2017-9650;0.023680000;0.831340000
CVE-2017-9649;0.004640000;0.376480000
CVE-2017-9648;0.017610000;0.770860000
CVE-2017-9647;0.005410000;0.431850000
CVE-2017-9646;0.017610000;0.770860000
CVE-2017-9645;0.002400000;0.135960000
CVE-2017-9644;0.014110000;0.715940000
CVE-2017-9641;0.008620000;0.568880000
CVE-2017-9640;0.084500000;0.948240000
CVE-2017-9639;0.020420000;0.803670000
CVE-2017-9638;0.035220000;0.888030000
CVE-2017-9637;0.002350000;0.130030000
CVE-2017-9636;0.035220000;0.888030000
CVE-2017-9635;0.002360000;0.131750000
CVE-2017-9634;0.035220000;0.888020000
CVE-2017-9633;0.022380000;0.821290000
CVE-2017-9632;0.004710000;0.382620000
CVE-2017-9631;0.032010000;0.876490000
CVE-2017-9630;0.011860000;0.665690000
CVE-2017-9629;0.097930000;0.953850000
CVE-2017-9628;0.012330000;0.677820000
CVE-2017-9627;0.041250000;0.904490000
CVE-2017-9626;0.019470000;0.793830000
CVE-2017-9625;0.023020000;0.826310000
CVE-2017-9624;0.010140000;0.617990000
CVE-2017-9623;0.010140000;0.617990000
CVE-2017-9622;0.010280000;0.621940000
CVE-2017-9621;0.010370000;0.624710000
CVE-2017-9620;0.017620000;0.771080000
CVE-2017-9619;0.017620000;0.771080000
CVE-2017-9618;0.020970000;0.809190000
CVE-2017-9617;0.010330000;0.623270000
CVE-2017-9616;0.010330000;0.623280000
CVE-2017-9615;0.014010000;0.714160000
CVE-2017-9614;0.081520000;0.946590000
CVE-2017-9613;0.009930000;0.610850000
CVE-2017-9612;0.024580000;0.837950000
CVE-2017-9611;0.019520000;0.794260000
CVE-2017-9610;0.017850000;0.774160000
CVE-2017-9609;0.015210000;0.735680000
CVE-2017-9608;0.045420000;0.912290000
CVE-2017-9607;0.007930000;0.545880000
CVE-2017-9606;0.003010000;0.205050000
CVE-2017-9605;0.003990000;0.315410000
CVE-2017-9604;0.012940000;0.691500000
CVE-2017-9603;0.049290000;0.918250000
CVE-2017-9602;0.042890000;0.907710000
CVE-2017-9601;0.004860000;0.393260000
CVE-2017-9600;0.004860000;0.393270000
CVE-2017-9599;0.004970000;0.401880000
CVE-2017-9598;0.004860000;0.393260000
CVE-2017-9597;0.004860000;0.393260000
CVE-2017-9596;0.004860000;0.393250000
CVE-2017-9595;0.004860000;0.393250000
CVE-2017-9594;0.004860000;0.393250000
CVE-2017-9593;0.004860000;0.393230000
CVE-2017-9592;0.004860000;0.393240000
CVE-2017-9591;0.004770000;0.386850000
CVE-2017-9590;0.004860000;0.393280000
CVE-2017-9589;0.004860000;0.393290000
CVE-2017-9588;0.004860000;0.393290000
CVE-2017-9587;0.004860000;0.393170000
CVE-2017-9586;0.004860000;0.393230000
CVE-2017-9585;0.004770000;0.386850000
CVE-2017-9584;0.004860000;0.393220000
CVE-2017-9583;0.004860000;0.393260000
CVE-2017-9582;0.004860000;0.393210000
CVE-2017-9581;0.004860000;0.393210000
CVE-2017-9580;0.004860000;0.393160000
CVE-2017-9579;0.004860000;0.393160000
CVE-2017-9578;0.004860000;0.393160000
CVE-2017-9577;0.004860000;0.393150000
CVE-2017-9576;0.004860000;0.393170000
CVE-2017-9575;0.004860000;0.393240000
CVE-2017-9574;0.004860000;0.393300000
CVE-2017-9573;0.004860000;0.393300000
CVE-2017-9572;0.004860000;0.393160000
CVE-2017-9571;0.004860000;0.393200000
CVE-2017-9570;0.004860000;0.393200000
CVE-2017-9569;0.004860000;0.393200000
CVE-2017-9568;0.004860000;0.393190000
CVE-2017-9567;0.004860000;0.393230000
CVE-2017-9566;0.004860000;0.393240000
CVE-2017-9565;0.004860000;0.393190000
CVE-2017-9564;0.004860000;0.393190000
CVE-2017-9563;0.004860000;0.393190000
CVE-2017-9562;0.004860000;0.393180000
CVE-2017-9561;0.004860000;0.393180000
CVE-2017-9560;0.004860000;0.393180000
CVE-2017-9559;0.004860000;0.393210000
CVE-2017-9558;0.004860000;0.393270000
CVE-2017-9557;0.016730000;0.758800000
CVE-2017-9556;0.007870000;0.543800000
CVE-2017-9555;0.007940000;0.546270000
CVE-2017-9554;0.767160000;0.995320000
CVE-2017-9553;0.014270000;0.718970000
CVE-2017-9552;0.003130000;0.217120000
CVE-2017-9551;0.006490000;0.490250000
CVE-2017-9548;0.007840000;0.542500000
CVE-2017-9547;0.007840000;0.542500000
CVE-2017-9546;0.011270000;0.649940000
CVE-2017-9545;0.011670000;0.660370000
CVE-2017-9544;0.241180000;0.977750000
CVE-2017-9543;0.013320000;0.699750000
CVE-2017-9542;0.050730000;0.920280000
CVE-2017-9538;0.024320000;0.836070000
CVE-2017-9537;0.028220000;0.860350000
CVE-2017-9536;0.020920000;0.808710000
CVE-2017-9535;0.020920000;0.808720000
CVE-2017-9534;0.020920000;0.808700000
CVE-2017-9533;0.020920000;0.808700000
CVE-2017-9532;0.020920000;0.808720000
CVE-2017-9531;0.012980000;0.692370000
CVE-2017-9530;0.006320000;0.482000000
CVE-2017-9529;0.015960000;0.747520000
CVE-2017-9528;0.027100000;0.854030000
CVE-2017-9527;0.009700000;0.603740000
CVE-2017-9526;0.023370000;0.829110000
CVE-2017-9525;0.005510000;0.438350000
CVE-2017-9524;0.040930000;0.903800000
CVE-2017-9523;0.011650000;0.659930000
CVE-2017-9522;0.013550000;0.705020000
CVE-2017-9521;0.032620000;0.879160000
CVE-2017-9520;0.010790000;0.636630000
CVE-2017-9519;0.004510000;0.366940000
CVE-2017-9518;0.004510000;0.366930000
CVE-2017-9517;0.004510000;0.366940000
CVE-2017-9516;0.027990000;0.859070000
CVE-2017-9514;0.010460000;0.627430000
CVE-2017-9513;0.006560000;0.493660000
CVE-2017-9512;0.019700000;0.795960000
CVE-2017-9511;0.032430000;0.878200000
CVE-2017-9510;0.008180000;0.554210000
CVE-2017-9509;0.008180000;0.554210000
CVE-2017-9508;0.008260000;0.556990000
CVE-2017-9507;0.008180000;0.554210000
CVE-2017-9506;0.716010000;0.994020000
CVE-2017-9505;0.012640000;0.685220000
CVE-2017-9503;0.004150000;0.332870000
CVE-2017-9502;0.032870000;0.880190000
CVE-2017-9501;0.019350000;0.792430000
CVE-2017-9500;0.023280000;0.828380000
CVE-2017-9499;0.017440000;0.768490000
CVE-2017-9498;0.001920000;0.079380000
CVE-2017-9497;0.004530000;0.368340000
CVE-2017-9496;0.003610000;0.273180000
CVE-2017-9495;0.003620000;0.273900000
CVE-2017-9494;0.009650000;0.601640000
CVE-2017-9493;0.007030000;0.513780000
CVE-2017-9492;0.015810000;0.745230000
CVE-2017-9491;0.012830000;0.689020000
CVE-2017-9490;0.005200000;0.418340000
CVE-2017-9489;0.006070000;0.469200000
CVE-2017-9488;0.012730000;0.687090000
CVE-2017-9487;0.011660000;0.660200000
CVE-2017-9486;0.015100000;0.733940000
CVE-2017-9485;0.011700000;0.661170000
CVE-2017-9484;0.015100000;0.733930000
CVE-2017-9483;0.018670000;0.784530000
CVE-2017-9482;0.025310000;0.842840000
CVE-2017-9481;0.011700000;0.661170000
CVE-2017-9480;0.004000000;0.316060000
CVE-2017-9479;0.032750000;0.879640000
CVE-2017-9478;0.015100000;0.733930000
CVE-2017-9477;0.010390000;0.625200000
CVE-2017-9476;0.017030000;0.763240000
CVE-2017-9475;0.013920000;0.712380000
CVE-2017-9474;0.009380000;0.592910000
CVE-2017-9473;0.011910000;0.666960000
CVE-2017-9472;0.009360000;0.592610000
CVE-2017-9471;0.011740000;0.662610000
CVE-2017-9470;0.009360000;0.592600000
CVE-2017-9469;0.060840000;0.931640000
CVE-2017-9468;0.032480000;0.878390000
CVE-2017-9467;0.011950000;0.667920000
CVE-2017-9466;0.004880000;0.395560000
CVE-2017-9465;0.012020000;0.669690000
CVE-2017-9464;0.011190000;0.647860000
CVE-2017-9463;0.016400000;0.753970000
CVE-2017-9462;0.216850000;0.975560000
CVE-2017-9461;0.042280000;0.906590000
CVE-2017-9459;0.011950000;0.667920000
CVE-2017-9458;0.024650000;0.838370000
CVE-2017-9457;0.008260000;0.557020000
CVE-2017-9454;0.019920000;0.798450000
CVE-2017-9453;0.007400000;0.527370000
CVE-2017-9452;0.008200000;0.555250000
CVE-2017-9451;0.007440000;0.528820000
CVE-2017-9450;0.004020000;0.318160000
CVE-2017-9449;0.010660000;0.633570000
CVE-2017-9448;0.005920000;0.461210000
CVE-2017-9447;0.019770000;0.796700000
CVE-2017-9445;0.548370000;0.989920000
CVE-2017-9444;0.004530000;0.368230000
CVE-2017-9443;0.012570000;0.683490000
CVE-2017-9442;0.024510000;0.837410000
CVE-2017-9441;0.006020000;0.466420000
CVE-2017-9440;0.015380000;0.738570000
CVE-2017-9439;0.015380000;0.738570000
CVE-2017-9438;0.025490000;0.843940000
CVE-2017-9437;0.012770000;0.687910000
CVE-2017-9436;0.010440000;0.626690000
CVE-2017-9435;0.014780000;0.728320000
CVE-2017-9434;0.013690000;0.707580000
CVE-2017-9433;0.022760000;0.824180000
CVE-2017-9432;0.018120000;0.777660000
CVE-2017-9431;0.023680000;0.831300000
CVE-2017-9430;0.113200000;0.958390000
CVE-2017-9429;0.027300000;0.855100000
CVE-2017-9428;0.020440000;0.803840000
CVE-2017-9427;0.016070000;0.749060000
CVE-2017-9426;0.026680000;0.851640000
CVE-2017-9425;0.013530000;0.704380000
CVE-2017-9424;0.027410000;0.855770000
CVE-2017-9421;0.010650000;0.632930000
CVE-2017-9420;0.013230000;0.697610000
CVE-2017-9419;0.011220000;0.648450000
CVE-2017-9418;0.023900000;0.832860000
CVE-2017-9417;0.639970000;0.992000000
CVE-2017-9416;0.056510000;0.926980000
CVE-2017-9415;0.024780000;0.839270000
CVE-2017-9414;0.153950000;0.966710000
CVE-2017-9413;0.017760000;0.773070000
CVE-2017-9412;0.039660000;0.900930000
CVE-2017-9409;0.010950000;0.641820000
CVE-2017-9408;0.023870000;0.832640000
CVE-2017-9407;0.011010000;0.643120000
CVE-2017-9406;0.014580000;0.724610000
CVE-2017-9405;0.011010000;0.643120000
CVE-2017-9404;0.014720000;0.727450000
CVE-2017-9403;0.012480000;0.681470000
CVE-2017-9394;0.006420000;0.486650000
CVE-2017-9393;0.016840000;0.760560000
CVE-2017-9392;0.041580000;0.905170000
CVE-2017-9391;0.041580000;0.905170000
CVE-2017-9390;0.015330000;0.737660000
CVE-2017-9389;0.043010000;0.907940000
CVE-2017-9388;0.035600000;0.889090000
CVE-2017-9387;0.006130000;0.472470000
CVE-2017-9386;0.031400000;0.874060000
CVE-2017-9385;0.035430000;0.888660000
CVE-2017-9384;0.035600000;0.889090000
CVE-2017-9383;0.025100000;0.841310000
CVE-2017-9382;0.036500000;0.891950000
CVE-2017-9381;0.011280000;0.650060000
CVE-2017-9380;0.151880000;0.966370000
CVE-2017-9379;0.004630000;0.375980000
CVE-2017-9378;0.006300000;0.481160000
CVE-2017-9377;0.043450000;0.908760000
CVE-2017-9376;0.067140000;0.936970000
CVE-2017-9375;0.004300000;0.346850000
CVE-2017-9374;0.004310000;0.348430000
CVE-2017-9373;0.004230000;0.340590000
CVE-2017-9372;0.039890000;0.901510000
CVE-2017-9371;0.008060000;0.550550000
CVE-2017-9370;0.008590000;0.568050000
CVE-2017-9369;0.005610000;0.444020000
CVE-2017-9368;0.013860000;0.711240000
CVE-2017-9367;0.016200000;0.751010000
CVE-2017-9366;0.006680000;0.498950000
CVE-2017-9365;0.004670000;0.379080000
CVE-2017-9364;0.012550000;0.682910000
CVE-2017-9363;0.032910000;0.880310000
CVE-2017-9362;0.040960000;0.903840000
CVE-2017-9361;0.006320000;0.482070000
CVE-2017-9360;0.010350000;0.624360000
CVE-2017-9359;0.037960000;0.896130000
CVE-2017-9358;0.028190000;0.860150000
CVE-2017-9356;0.007790000;0.541000000
CVE-2017-9355;0.269060000;0.979710000
CVE-2017-9354;0.028110000;0.859710000
CVE-2017-9353;0.140070000;0.964310000
CVE-2017-9352;0.029070000;0.864470000
CVE-2017-9351;0.028520000;0.861790000
CVE-2017-9350;0.033430000;0.882170000
CVE-2017-9349;0.029420000;0.865970000
CVE-2017-9348;0.027240000;0.854790000
CVE-2017-9347;0.142070000;0.964650000
CVE-2017-9346;0.030750000;0.871530000
CVE-2017-9345;0.030490000;0.870370000
CVE-2017-9344;0.027240000;0.854790000
CVE-2017-9343;0.031410000;0.874090000
CVE-2017-9340;0.009980000;0.612590000
CVE-2017-9339;0.010360000;0.624560000
CVE-2017-9338;0.006030000;0.466940000
CVE-2017-9337;0.007570000;0.533410000
CVE-2017-9336;0.006320000;0.482070000
CVE-2017-9334;0.015370000;0.738280000
CVE-2017-9333;0.022750000;0.824060000
CVE-2017-9332;0.006320000;0.482080000
CVE-2017-9331;0.006640000;0.497400000
CVE-2017-9330;0.003480000;0.258500000
CVE-2017-9328;0.073750000;0.942080000
CVE-2017-9327;0.012550000;0.682900000
CVE-2017-9326;0.007560000;0.533250000
CVE-2017-9325;0.008340000;0.559590000
CVE-2017-9324;0.023510000;0.830190000
CVE-2017-9317;0.009620000;0.601070000
CVE-2017-9316;0.018930000;0.787680000
CVE-2017-9315;0.014430000;0.721770000
CVE-2017-9314;0.009340000;0.591760000
CVE-2017-9313;0.013900000;0.711990000
CVE-2017-9312;0.043920000;0.909640000
CVE-2017-9310;0.003450000;0.254990000
CVE-2017-9307;0.008940000;0.578920000
CVE-2017-9306;0.009310000;0.590590000
CVE-2017-9305;0.009550000;0.598510000
CVE-2017-9304;0.018270000;0.779620000
CVE-2017-9303;0.009590000;0.599520000
CVE-2017-9302;0.017310000;0.766790000
CVE-2017-9301;0.029380000;0.865830000
CVE-2017-9300;0.034460000;0.885670000
CVE-2017-9299;0.007730000;0.539060000
CVE-2017-9298;0.006090000;0.470530000
CVE-2017-9297;0.009260000;0.588880000
CVE-2017-9296;0.009260000;0.588880000
CVE-2017-9295;0.010540000;0.629830000
CVE-2017-9294;0.024180000;0.835010000
CVE-2017-9292;0.007850000;0.543090000
CVE-2017-9289;0.006830000;0.505500000
CVE-2017-9288;0.040180000;0.902150000
CVE-2017-9287;0.072010000;0.940970000
CVE-2017-9286;0.011790000;0.664100000
CVE-2017-9285;0.011890000;0.666420000
CVE-2017-9284;0.012770000;0.687910000
CVE-2017-9283;0.011690000;0.660760000
CVE-2017-9282;0.011690000;0.660760000
CVE-2017-9281;0.010340000;0.623960000
CVE-2017-9280;0.011160000;0.647120000
CVE-2017-9279;0.008680000;0.571000000
CVE-2017-9278;0.009070000;0.582880000
CVE-2017-9277;0.013240000;0.698020000
CVE-2017-9276;0.007780000;0.540570000
CVE-2017-9275;0.005840000;0.456900000
CVE-2017-9274;0.022950000;0.825700000
CVE-2017-9273;0.007530000;0.531780000
CVE-2017-9272;0.010340000;0.623960000
CVE-2017-9271;0.003310000;0.236300000
CVE-2017-9270;0.019420000;0.793260000
CVE-2017-9269;0.022470000;0.821940000
CVE-2017-9268;0.006000000;0.465760000
CVE-2017-9267;0.010260000;0.621490000
CVE-2017-9265;0.028090000;0.859590000
CVE-2017-9264;0.024150000;0.834790000
CVE-2017-9263;0.010000000;0.613280000
CVE-2017-9262;0.017980000;0.775680000
CVE-2017-9261;0.014640000;0.725920000
CVE-2017-9260;0.039160000;0.899420000
CVE-2017-9259;0.061510000;0.932230000
CVE-2017-9258;0.042380000;0.906790000
CVE-2017-9257;0.009600000;0.600070000
CVE-2017-9256;0.009600000;0.600060000
CVE-2017-9255;0.009600000;0.600060000
CVE-2017-9254;0.009600000;0.600060000
CVE-2017-9253;0.009600000;0.600070000
CVE-2017-9252;0.006320000;0.482080000
CVE-2017-9251;0.006320000;0.482070000
CVE-2017-9250;0.024950000;0.840350000
CVE-2017-9249;0.006800000;0.504180000
CVE-2017-9248;0.750980000;0.994950000
CVE-2017-9247;0.003020000;0.205180000
CVE-2017-9246;0.011860000;0.665700000
CVE-2017-9245;0.011750000;0.662860000
CVE-2017-9244;0.007660000;0.536540000
CVE-2017-9243;0.009540000;0.598120000
CVE-2017-9242;0.004050000;0.321690000
CVE-2017-9239;0.026450000;0.850110000
CVE-2017-9233;0.087390000;0.949800000
CVE-2017-9232;0.485010000;0.988280000
CVE-2017-9231;0.018120000;0.777550000
CVE-2017-9230;0.032510000;0.878500000
CVE-2017-9229;0.051290000;0.920990000
CVE-2017-9228;0.062610000;0.933270000
CVE-2017-9227;0.062650000;0.933310000
CVE-2017-9226;0.075110000;0.942860000
CVE-2017-9225;0.030800000;0.871730000
CVE-2017-9224;0.065400000;0.935680000
CVE-2017-9223;0.008910000;0.577670000
CVE-2017-9222;0.009600000;0.600070000
CVE-2017-9221;0.008910000;0.577660000
CVE-2017-9220;0.008910000;0.577670000
CVE-2017-9219;0.008910000;0.577670000
CVE-2017-9218;0.008910000;0.577680000
CVE-2017-9217;0.153010000;0.966570000
CVE-2017-9216;0.034520000;0.885820000
CVE-2017-9214;0.028870000;0.863410000
CVE-2017-9212;0.010900000;0.640010000
CVE-2017-9211;0.003900000;0.304290000
CVE-2017-9210;0.014650000;0.726010000
CVE-2017-9209;0.014650000;0.726010000
CVE-2017-9208;0.013530000;0.704590000
CVE-2017-9207;0.015840000;0.745810000
CVE-2017-9206;0.015840000;0.745810000
CVE-2017-9205;0.015840000;0.745810000
CVE-2017-9204;0.015840000;0.745810000
CVE-2017-9203;0.012250000;0.676110000
CVE-2017-9202;0.012250000;0.676110000
CVE-2017-9201;0.012250000;0.676110000
CVE-2017-9200;0.022620000;0.823060000
CVE-2017-9199;0.019280000;0.791450000
CVE-2017-9198;0.019280000;0.791450000
CVE-2017-9197;0.019280000;0.791450000
CVE-2017-9196;0.018220000;0.778900000
CVE-2017-9195;0.019280000;0.791460000
CVE-2017-9194;0.019280000;0.791440000
CVE-2017-9193;0.019280000;0.791460000
CVE-2017-9192;0.017750000;0.772920000
CVE-2017-9191;0.017750000;0.772930000
CVE-2017-9190;0.024680000;0.838550000
CVE-2017-9189;0.018040000;0.776530000
CVE-2017-9188;0.022690000;0.823570000
CVE-2017-9187;0.019280000;0.791470000
CVE-2017-9186;0.019280000;0.791470000
CVE-2017-9185;0.019280000;0.791470000
CVE-2017-9184;0.019280000;0.791450000
CVE-2017-9183;0.019280000;0.791460000
CVE-2017-9182;0.022280000;0.820390000
CVE-2017-9181;0.024410000;0.836660000
CVE-2017-9180;0.022120000;0.819140000
CVE-2017-9179;0.020000000;0.799240000
CVE-2017-9178;0.020000000;0.799250000
CVE-2017-9177;0.020000000;0.799240000
CVE-2017-9176;0.020000000;0.799260000
CVE-2017-9175;0.020000000;0.799240000
CVE-2017-9174;0.020000000;0.799250000
CVE-2017-9173;0.018780000;0.785840000
CVE-2017-9172;0.018780000;0.785850000
CVE-2017-9171;0.021730000;0.815750000
CVE-2017-9170;0.021180000;0.811050000
CVE-2017-9169;0.018780000;0.785840000
CVE-2017-9168;0.018780000;0.785840000
CVE-2017-9167;0.018780000;0.785850000
CVE-2017-9166;0.019280000;0.791480000
CVE-2017-9165;0.019280000;0.791480000
CVE-2017-9164;0.019280000;0.791480000
CVE-2017-9163;0.018220000;0.778900000
CVE-2017-9162;0.021730000;0.815760000
CVE-2017-9161;0.019280000;0.791470000
CVE-2017-9160;0.017750000;0.772920000
CVE-2017-9159;0.020000000;0.799230000
CVE-2017-9158;0.020000000;0.799240000
CVE-2017-9157;0.020000000;0.799230000
CVE-2017-9156;0.020000000;0.799250000
CVE-2017-9155;0.018040000;0.776540000
CVE-2017-9154;0.022550000;0.822520000
CVE-2017-9153;0.024610000;0.838120000
CVE-2017-9152;0.020540000;0.804890000
CVE-2017-9151;0.020010000;0.799360000
CVE-2017-9150;0.012610000;0.684400000
CVE-2017-9149;0.017960000;0.775440000
CVE-2017-9148;0.039140000;0.899360000
CVE-2017-9147;0.070000000;0.939400000
CVE-2017-9146;0.023930000;0.833080000
CVE-2017-9145;0.006490000;0.490140000
CVE-2017-9144;0.018510000;0.782620000
CVE-2017-9143;0.020640000;0.805930000
CVE-2017-9142;0.021740000;0.815840000
CVE-2017-9141;0.021740000;0.815840000
CVE-2017-9140;0.097240000;0.953580000
CVE-2017-9139;0.003730000;0.286570000
CVE-2017-9138;0.006880000;0.507590000
CVE-2017-9137;0.008080000;0.551040000
CVE-2017-9136;0.008190000;0.554630000
CVE-2017-9135;0.013360000;0.700630000
CVE-2017-9134;0.011910000;0.666960000
CVE-2017-9133;0.013360000;0.700630000
CVE-2017-9132;0.011180000;0.647710000
CVE-2017-9131;0.025770000;0.845870000
CVE-2017-9130;0.029320000;0.865580000
CVE-2017-9129;0.025080000;0.841250000
CVE-2017-9128;0.038280000;0.897090000
CVE-2017-9127;0.050950000;0.920610000
CVE-2017-9126;0.039720000;0.901110000
CVE-2017-9125;0.049110000;0.918000000
CVE-2017-9124;0.038280000;0.897090000
CVE-2017-9123;0.038280000;0.897090000
CVE-2017-9122;0.065400000;0.935690000
CVE-2017-9120;0.075620000;0.943150000
CVE-2017-9119;0.035580000;0.889020000
CVE-2017-9118;0.029540000;0.866480000
CVE-2017-9117;0.022210000;0.819810000
CVE-2017-9116;0.018510000;0.782590000
CVE-2017-9115;0.033100000;0.881060000
CVE-2017-9114;0.020010000;0.799320000
CVE-2017-9113;0.031430000;0.874140000
CVE-2017-9112;0.018660000;0.784460000
CVE-2017-9111;0.031920000;0.876090000
CVE-2017-9110;0.017250000;0.766070000
CVE-2017-9109;0.020500000;0.804430000
CVE-2017-9108;0.021860000;0.816720000
CVE-2017-9107;0.018480000;0.782220000
CVE-2017-9106;0.018760000;0.785600000
CVE-2017-9105;0.036030000;0.890540000
CVE-2017-9104;0.023560000;0.830560000
CVE-2017-9103;0.020500000;0.804440000
CVE-2017-9101;0.767420000;0.995330000
CVE-2017-9100;0.854530000;0.997160000
CVE-2017-9098;0.035690000;0.889420000
CVE-2017-9097;0.037310000;0.894350000
CVE-2017-9096;0.095650000;0.953040000
CVE-2017-9095;0.036630000;0.892360000
CVE-2017-9094;0.012860000;0.689680000
CVE-2017-9093;0.012790000;0.688150000
CVE-2017-9091;0.013060000;0.694090000
CVE-2017-9090;0.013060000;0.694090000
CVE-2017-9085;0.008880000;0.576730000
CVE-2017-9083;0.011180000;0.647510000
CVE-2017-9080;0.623080000;0.991600000
CVE-2017-9079;0.003080000;0.211960000
CVE-2017-9078;0.054670000;0.924710000
CVE-2017-9077;0.007240000;0.521660000
CVE-2017-9076;0.003660000;0.278740000
CVE-2017-9075;0.003800000;0.293900000
CVE-2017-9074;0.004190000;0.337140000
CVE-2017-9072;0.009360000;0.592570000
CVE-2017-9071;0.006490000;0.489960000
CVE-2017-9070;0.005630000;0.445530000
CVE-2017-9069;0.018650000;0.784360000
CVE-2017-9068;0.006860000;0.506950000
CVE-2017-9067;0.008200000;0.555230000
CVE-2017-9066;0.036720000;0.892590000
CVE-2017-9065;0.040790000;0.903460000
CVE-2017-9064;0.017420000;0.768240000
CVE-2017-9063;0.020040000;0.799720000
CVE-2017-9062;0.017750000;0.772910000
CVE-2017-9061;0.019250000;0.791150000
CVE-2017-9060;0.004110000;0.326730000
CVE-2017-9059;0.003680000;0.281250000
CVE-2017-9058;0.015380000;0.738590000
CVE-2017-9055;0.017430000;0.768380000
CVE-2017-9054;0.017920000;0.774960000
CVE-2017-9053;0.017370000;0.767680000
CVE-2017-9052;0.026530000;0.850710000
CVE-2017-9051;0.019060000;0.789060000
CVE-2017-9050;0.046260000;0.913780000
CVE-2017-9049;0.046260000;0.913790000
CVE-2017-9048;0.048480000;0.917090000
CVE-2017-9047;0.031850000;0.875820000
CVE-2017-9046;0.005690000;0.448660000
CVE-2017-9045;0.002650000;0.165280000
CVE-2017-9044;0.016230000;0.751300000
CVE-2017-9043;0.021290000;0.812060000
CVE-2017-9042;0.020630000;0.805830000
CVE-2017-9041;0.019210000;0.790870000
CVE-2017-9040;0.020650000;0.806060000
CVE-2017-9039;0.020650000;0.806060000
CVE-2017-9038;0.021090000;0.810240000
CVE-2017-9037;0.024800000;0.839380000
CVE-2017-9036;0.005200000;0.418670000
CVE-2017-9035;0.036100000;0.890750000
CVE-2017-9034;0.059800000;0.930500000
CVE-2017-9033;0.022870000;0.825120000
CVE-2017-9032;0.024590000;0.837990000
CVE-2017-9031;0.024990000;0.840600000
CVE-2017-9030;0.021010000;0.809580000
CVE-2017-9026;0.015900000;0.746490000
CVE-2017-9025;0.016360000;0.753470000
CVE-2017-9024;0.121990000;0.960300000
CVE-2017-9023;0.022220000;0.819890000
CVE-2017-9022;0.017310000;0.766810000
CVE-2017-9003;0.035830000;0.889960000
CVE-2017-9002;0.009220000;0.587380000
CVE-2017-9001;0.073100000;0.941670000
CVE-2017-9000;0.056730000;0.927170000
CVE-2017-8994;0.098400000;0.954010000
CVE-2017-8993;0.007770000;0.540470000
CVE-2017-8992;0.025940000;0.846980000
CVE-2017-8991;0.005470000;0.435660000
CVE-2017-8990;0.167370000;0.969320000
CVE-2017-8989;0.017540000;0.769940000
CVE-2017-8988;0.026690000;0.851720000
CVE-2017-8987;0.062110000;0.932810000
CVE-2017-8985;0.004150000;0.332730000
CVE-2017-8984;0.110630000;0.957750000
CVE-2017-8983;0.034370000;0.885310000
CVE-2017-8982;0.142210000;0.964680000
CVE-2017-8981;0.087040000;0.949620000
CVE-2017-8980;0.052560000;0.922550000
CVE-2017-8979;0.048220000;0.916630000
CVE-2017-8978;0.005590000;0.442850000
CVE-2017-8977;0.041190000;0.904350000
CVE-2017-8976;0.181900000;0.971160000
CVE-2017-8975;0.181900000;0.971150000
CVE-2017-8974;0.005760000;0.452640000
CVE-2017-8973;0.007310000;0.524050000
CVE-2017-8972;0.007310000;0.524050000
CVE-2017-8971;0.007310000;0.524050000
CVE-2017-8970;0.031660000;0.875090000
CVE-2017-8969;0.008770000;0.573940000
CVE-2017-8968;0.011720000;0.661680000
CVE-2017-8967;0.020910000;0.808650000
CVE-2017-8966;0.026230000;0.848710000
CVE-2017-8965;0.020910000;0.808650000
CVE-2017-8964;0.020910000;0.808640000
CVE-2017-8963;0.020910000;0.808650000
CVE-2017-8962;0.026230000;0.848700000
CVE-2017-8961;0.190560000;0.972210000
CVE-2017-8960;0.022830000;0.824700000
CVE-2017-8959;0.013420000;0.702010000
CVE-2017-8958;0.110630000;0.957760000
CVE-2017-8957;0.181900000;0.971150000
CVE-2017-8956;0.102360000;0.955270000
CVE-2017-8955;0.117620000;0.959360000
CVE-2017-8954;0.181900000;0.971140000
CVE-2017-8953;0.007830000;0.542220000
CVE-2017-8952;0.048420000;0.916950000
CVE-2017-8951;0.006650000;0.497800000
CVE-2017-8950;0.006500000;0.491040000
CVE-2017-8949;0.006480000;0.489750000
CVE-2017-8948;0.077440000;0.944290000
CVE-2017-8947;0.298130000;0.981440000
CVE-2017-8946;0.107100000;0.956710000
CVE-2017-8945;0.016820000;0.760310000
CVE-2017-8944;0.063080000;0.933700000
CVE-2017-8943;0.005980000;0.464640000
CVE-2017-8942;0.004860000;0.393240000
CVE-2017-8941;0.005870000;0.458470000
CVE-2017-8940;0.004860000;0.393220000
CVE-2017-8939;0.005980000;0.464640000
CVE-2017-8938;0.006580000;0.494430000
CVE-2017-8937;0.004860000;0.393200000
CVE-2017-8936;0.006320000;0.481860000
CVE-2017-8935;0.005980000;0.464640000
CVE-2017-8934;0.003340000;0.242360000
CVE-2017-8933;0.003200000;0.223980000
CVE-2017-8932;0.022250000;0.820160000
CVE-2017-8931;0.015180000;0.735190000
CVE-2017-8930;0.007180000;0.519580000
CVE-2017-8929;0.018110000;0.777480000
CVE-2017-8928;0.020490000;0.804420000
CVE-2017-8927;0.030100000;0.868930000
CVE-2017-8926;0.031340000;0.873840000
CVE-2017-8925;0.004220000;0.339690000
CVE-2017-8924;0.004800000;0.389560000
CVE-2017-8923;0.071910000;0.940920000
CVE-2017-8921;0.014200000;0.717620000
CVE-2017-8920;0.006820000;0.505080000
CVE-2017-8919;0.013370000;0.701080000
CVE-2017-8918;0.022080000;0.818720000
CVE-2017-8917;0.998260000;0.999590000
CVE-2017-8916;0.002710000;0.173820000
CVE-2017-8915;0.025590000;0.844600000
CVE-2017-8914;0.014890000;0.730270000
CVE-2017-8913;0.013930000;0.712570000
CVE-2017-8912;0.031110000;0.872860000
CVE-2017-8911;0.019340000;0.792270000
CVE-2017-8908;0.011450000;0.654160000
CVE-2017-8907;0.016690000;0.758290000
CVE-2017-8906;0.007990000;0.547630000
CVE-2017-8905;0.004210000;0.338830000
CVE-2017-8904;0.004210000;0.338830000
CVE-2017-8903;0.004900000;0.396840000
CVE-2017-8900;0.004180000;0.336170000
CVE-2017-8899;0.014800000;0.728800000
CVE-2017-8898;0.018900000;0.787270000
CVE-2017-8897;0.011590000;0.657990000
CVE-2017-8896;0.012000000;0.669330000
CVE-2017-8895;0.710030000;0.993870000
CVE-2017-8894;0.015800000;0.745110000
CVE-2017-8893;0.010820000;0.637900000
CVE-2017-8892;0.009010000;0.580800000
CVE-2017-8891;0.009250000;0.588600000
CVE-2017-8890;0.014220000;0.717870000
CVE-2017-8879;0.004390000;0.356740000
CVE-2017-8878;0.010250000;0.621170000
CVE-2017-8877;0.008560000;0.567100000
CVE-2017-8876;0.007630000;0.535590000
CVE-2017-8875;0.006180000;0.474820000
CVE-2017-8874;0.007610000;0.534750000
CVE-2017-8872;0.023060000;0.826590000
CVE-2017-8871;0.129960000;0.961990000
CVE-2017-8870;0.136740000;0.963610000
CVE-2017-8869;0.158920000;0.967760000
CVE-2017-8868;0.018540000;0.783020000
CVE-2017-8867;0.008320000;0.558970000
CVE-2017-8866;0.006480000;0.489800000
CVE-2017-8865;0.008320000;0.558960000
CVE-2017-8864;0.023310000;0.828610000
CVE-2017-8863;0.012250000;0.676040000
CVE-2017-8862;0.014830000;0.729280000
CVE-2017-8861;0.015250000;0.736390000
CVE-2017-8860;0.008660000;0.570250000
CVE-2017-8859;0.025560000;0.844450000
CVE-2017-8858;0.026980000;0.853390000
CVE-2017-8857;0.056740000;0.927190000
CVE-2017-8856;0.038060000;0.896500000
CVE-2017-8855;0.011180000;0.647480000
CVE-2017-8854;0.018060000;0.776770000
CVE-2017-8853;0.014320000;0.719860000
CVE-2017-8852;0.032970000;0.880570000
CVE-2017-8851;0.004530000;0.368250000
CVE-2017-8850;0.004300000;0.347180000
CVE-2017-8849;0.019480000;0.793880000
CVE-2017-8848;0.004870000;0.394910000
CVE-2017-8847;0.013830000;0.710620000
CVE-2017-8846;0.015720000;0.744000000
CVE-2017-8845;0.013640000;0.706830000
CVE-2017-8844;0.015970000;0.747640000
CVE-2017-8843;0.013830000;0.710620000
CVE-2017-8842;0.015800000;0.745160000
CVE-2017-8841;0.037120000;0.893680000
CVE-2017-8840;0.035680000;0.889380000
CVE-2017-8839;0.017560000;0.770320000
CVE-2017-8838;0.017940000;0.775230000
CVE-2017-8837;0.049430000;0.918460000
CVE-2017-8836;0.018730000;0.785270000
CVE-2017-8835;0.615770000;0.991440000
CVE-2017-8834;0.038440000;0.897570000
CVE-2017-8833;0.006830000;0.505460000
CVE-2017-8832;0.006310000;0.481220000
CVE-2017-8831;0.003870000;0.301710000
CVE-2017-8830;0.015020000;0.732580000
CVE-2017-8829;0.015140000;0.734630000
CVE-2017-8827;0.016180000;0.750680000
CVE-2017-8826;0.007670000;0.537060000
CVE-2017-8825;0.018360000;0.780690000
CVE-2017-8824;0.013440000;0.702420000
CVE-2017-8823;0.016020000;0.748280000
CVE-2017-8822;0.009040000;0.581750000
CVE-2017-8821;0.019560000;0.794650000
CVE-2017-8820;0.016990000;0.762620000
CVE-2017-8819;0.014260000;0.718650000
CVE-2017-8818;0.038390000;0.897420000
CVE-2017-8817;0.111750000;0.958100000
CVE-2017-8816;0.085230000;0.948640000
CVE-2017-8815;0.016060000;0.748880000
CVE-2017-8814;0.016060000;0.748880000
CVE-2017-8812;0.015730000;0.744090000
CVE-2017-8811;0.010450000;0.627250000
CVE-2017-8810;0.021480000;0.813740000
CVE-2017-8809;0.077140000;0.944120000
CVE-2017-8808;0.010450000;0.627250000
CVE-2017-8807;0.040840000;0.903610000
CVE-2017-8806;0.004190000;0.336930000
CVE-2017-8805;0.030240000;0.869520000
CVE-2017-8804;0.076700000;0.943850000
CVE-2017-8803;0.016430000;0.754550000
CVE-2017-8802;0.012740000;0.687270000
CVE-2017-8801;0.007320000;0.524680000
CVE-2017-8799;0.020920000;0.808740000
CVE-2017-8798;0.240270000;0.977680000
CVE-2017-8797;0.094830000;0.952720000
CVE-2017-8796;0.011610000;0.658760000
CVE-2017-8795;0.006830000;0.505490000
CVE-2017-8794;0.018950000;0.787840000
CVE-2017-8793;0.005140000;0.414450000
CVE-2017-8792;0.006830000;0.505480000
CVE-2017-8791;0.006830000;0.505490000
CVE-2017-8790;0.013730000;0.708730000
CVE-2017-8789;0.011610000;0.658760000
CVE-2017-8788;0.006830000;0.505480000
CVE-2017-8787;0.016250000;0.751800000
CVE-2017-8786;0.040660000;0.903140000
CVE-2017-8785;0.007670000;0.537090000
CVE-2017-8783;0.008970000;0.579810000
CVE-2017-8782;0.014600000;0.725150000
CVE-2017-8781;0.015560000;0.741650000
CVE-2017-8780;0.005980000;0.464790000
CVE-2017-8779;0.812300000;0.996260000
CVE-2017-8778;0.008780000;0.574100000
CVE-2017-8777;0.011280000;0.650030000
CVE-2017-8776;0.009260000;0.589130000
CVE-2017-8775;0.012200000;0.674720000
CVE-2017-8774;0.012200000;0.674730000
CVE-2017-8773;0.023230000;0.827910000
CVE-2017-8772;0.014050000;0.714900000
CVE-2017-8771;0.014050000;0.714900000
CVE-2017-8770;0.102920000;0.955430000
CVE-2017-8769;0.002060000;0.095660000
CVE-2017-8768;0.082620000;0.947190000
CVE-2017-8766;0.017010000;0.762770000
CVE-2017-8765;0.016430000;0.754580000
CVE-2017-8763;0.007660000;0.536540000
CVE-2017-8762;0.004960000;0.401110000
CVE-2017-8761;0.007950000;0.546520000
CVE-2017-8760;0.012300000;0.677200000
CVE-2017-8759;0.886980000;0.997730000
CVE-2017-8758;0.033830000;0.883510000
CVE-2017-8757;0.164190000;0.968770000
CVE-2017-8756;0.087160000;0.949650000
CVE-2017-8755;0.712720000;0.993940000
CVE-2017-8754;0.034550000;0.885920000
CVE-2017-8753;0.087160000;0.949650000
CVE-2017-8752;0.088910000;0.950540000
CVE-2017-8751;0.503730000;0.988750000
CVE-2017-8750;0.089580000;0.950830000
CVE-2017-8749;0.108010000;0.956990000
CVE-2017-8748;0.117710000;0.959390000
CVE-2017-8747;0.108010000;0.956990000
CVE-2017-8746;0.014110000;0.715930000
CVE-2017-8745;0.017500000;0.769270000
CVE-2017-8744;0.178880000;0.970810000
CVE-2017-8743;0.221230000;0.975950000
CVE-2017-8742;0.221230000;0.975950000
CVE-2017-8741;0.119230000;0.959750000
CVE-2017-8740;0.721710000;0.994170000
CVE-2017-8739;0.058770000;0.929570000
CVE-2017-8738;0.087160000;0.949640000
CVE-2017-8737;0.215310000;0.975430000
CVE-2017-8736;0.084390000;0.948180000
CVE-2017-8735;0.037810000;0.895700000
CVE-2017-8734;0.525370000;0.989290000
CVE-2017-8733;0.051550000;0.921350000
CVE-2017-8731;0.515530000;0.989090000
CVE-2017-8729;0.721710000;0.994170000
CVE-2017-8728;0.215310000;0.975440000
CVE-2017-8727;0.082700000;0.947230000
CVE-2017-8726;0.071900000;0.940920000
CVE-2017-8725;0.203350000;0.974000000
CVE-2017-8724;0.040500000;0.902850000
CVE-2017-8723;0.043140000;0.908160000
CVE-2017-8720;0.016440000;0.754710000
CVE-2017-8719;0.034870000;0.887010000
CVE-2017-8718;0.239820000;0.977640000
CVE-2017-8717;0.248510000;0.978360000
CVE-2017-8716;0.014370000;0.720700000
CVE-2017-8715;0.016580000;0.756620000
CVE-2017-8714;0.037660000;0.895320000
CVE-2017-8713;0.034810000;0.886790000
CVE-2017-8712;0.020520000;0.804760000
CVE-2017-8711;0.020520000;0.804770000
CVE-2017-8710;0.104420000;0.955910000
CVE-2017-8709;0.034870000;0.887010000
CVE-2017-8708;0.036770000;0.892720000
CVE-2017-8707;0.024200000;0.835160000
CVE-2017-8706;0.024200000;0.835160000
CVE-2017-8704;0.014950000;0.731300000
CVE-2017-8703;0.016840000;0.760510000
CVE-2017-8702;0.010110000;0.616950000
CVE-2017-8700;0.104850000;0.956050000
CVE-2017-8699;0.212960000;0.975230000
CVE-2017-8696;0.142640000;0.964780000
CVE-2017-8695;0.096430000;0.953300000
CVE-2017-8694;0.011490000;0.655420000
CVE-2017-8693;0.023840000;0.832360000
CVE-2017-8692;0.169110000;0.969560000
CVE-2017-8691;0.197650000;0.973220000
CVE-2017-8689;0.011490000;0.655420000
CVE-2017-8688;0.036610000;0.892300000
CVE-2017-8687;0.042300000;0.906630000
CVE-2017-8686;0.274990000;0.980090000
CVE-2017-8685;0.030440000;0.870210000
CVE-2017-8684;0.042700000;0.907390000
CVE-2017-8683;0.225530000;0.976400000
CVE-2017-8682;0.497650000;0.988590000
CVE-2017-8681;0.042300000;0.906640000
CVE-2017-8680;0.042300000;0.906630000
CVE-2017-8679;0.036610000;0.892290000
CVE-2017-8678;0.042300000;0.906640000
CVE-2017-8677;0.036610000;0.892300000
CVE-2017-8676;0.140400000;0.964360000
CVE-2017-8675;0.015640000;0.742720000
CVE-2017-8674;0.088900000;0.950520000
CVE-2017-8673;0.049850000;0.919130000
CVE-2017-8672;0.088900000;0.950530000
CVE-2017-8671;0.692770000;0.993380000
CVE-2017-8670;0.687290000;0.993230000
CVE-2017-8669;0.084660000;0.948330000
CVE-2017-8668;0.024260000;0.835600000
CVE-2017-8666;0.023220000;0.827890000
CVE-2017-8665;0.043450000;0.908760000
CVE-2017-8664;0.039700000;0.901040000
CVE-2017-8663;0.200770000;0.973670000
CVE-2017-8662;0.055010000;0.925050000
CVE-2017-8661;0.057370000;0.927910000
CVE-2017-8660;0.101440000;0.955000000
CVE-2017-8659;0.060020000;0.930750000
CVE-2017-8658;0.200660000;0.973640000
CVE-2017-8657;0.545580000;0.989850000
CVE-2017-8656;0.692770000;0.993390000
CVE-2017-8655;0.088900000;0.950530000
CVE-2017-8654;0.021460000;0.813560000
CVE-2017-8653;0.091810000;0.951630000
CVE-2017-8652;0.229370000;0.976770000
CVE-2017-8651;0.057080000;0.927540000
CVE-2017-8650;0.014600000;0.725100000
CVE-2017-8649;0.085970000;0.949040000
CVE-2017-8648;0.056690000;0.927150000
CVE-2017-8647;0.086410000;0.949290000
CVE-2017-8646;0.692770000;0.993380000
CVE-2017-8645;0.692770000;0.993380000
CVE-2017-8644;0.151180000;0.966250000
CVE-2017-8643;0.058370000;0.929130000
CVE-2017-8642;0.029560000;0.866550000
CVE-2017-8641;0.716090000;0.994020000
CVE-2017-8640;0.692770000;0.993390000
CVE-2017-8639;0.086410000;0.949280000
CVE-2017-8638;0.086410000;0.949280000
CVE-2017-8637;0.050140000;0.919490000
CVE-2017-8636;0.721160000;0.994160000
CVE-2017-8635;0.558830000;0.990140000
CVE-2017-8634;0.702800000;0.993650000
CVE-2017-8633;0.038890000;0.898740000
CVE-2017-8632;0.176520000;0.970550000
CVE-2017-8631;0.169910000;0.969680000
CVE-2017-8630;0.210290000;0.974960000
CVE-2017-8629;0.023900000;0.832870000
CVE-2017-8628;0.023070000;0.826760000
CVE-2017-8627;0.015650000;0.742890000
CVE-2017-8625;0.152570000;0.966530000
CVE-2017-8624;0.013030000;0.693350000
CVE-2017-8623;0.065180000;0.935450000
CVE-2017-8622;0.013030000;0.693350000
CVE-2017-8621;0.031700000;0.875280000
CVE-2017-8620;0.573280000;0.990490000
CVE-2017-8619;0.158770000;0.967740000
CVE-2017-8618;0.580780000;0.990640000
CVE-2017-8617;0.109990000;0.957580000
CVE-2017-8613;0.036500000;0.891940000
CVE-2017-8611;0.114950000;0.958800000
CVE-2017-8610;0.088910000;0.950540000
CVE-2017-8609;0.088910000;0.950540000
CVE-2017-8608;0.093910000;0.952400000
CVE-2017-8607;0.093910000;0.952400000
CVE-2017-8606;0.093910000;0.952400000
CVE-2017-8605;0.089670000;0.950880000
CVE-2017-8604;0.088910000;0.950550000
CVE-2017-8603;0.088910000;0.950540000
CVE-2017-8602;0.053310000;0.923300000
CVE-2017-8601;0.669110000;0.992730000
CVE-2017-8599;0.051420000;0.921150000
CVE-2017-8598;0.088910000;0.950550000
CVE-2017-8597;0.056690000;0.927150000
CVE-2017-8596;0.062250000;0.932940000
CVE-2017-8595;0.083700000;0.947810000
CVE-2017-8594;0.503730000;0.988750000
CVE-2017-8593;0.010250000;0.621280000
CVE-2017-8592;0.080180000;0.945800000
CVE-2017-8591;0.039700000;0.901050000
CVE-2017-8590;0.009720000;0.604410000
CVE-2017-8589;0.261610000;0.979290000
CVE-2017-8588;0.172070000;0.969970000
CVE-2017-8587;0.059450000;0.930170000
CVE-2017-8585;0.095000000;0.952800000
CVE-2017-8584;0.042160000;0.906380000
CVE-2017-8582;0.082940000;0.947340000
CVE-2017-8581;0.009920000;0.610690000
CVE-2017-8580;0.009990000;0.612840000
CVE-2017-8579;0.011590000;0.658100000
CVE-2017-8578;0.064730000;0.935120000
CVE-2017-8577;0.010120000;0.617230000
CVE-2017-8576;0.012460000;0.680830000
CVE-2017-8575;0.033000000;0.880690000
CVE-2017-8574;0.009670000;0.602290000
CVE-2017-8573;0.010030000;0.614260000
CVE-2017-8572;0.125880000;0.961060000
CVE-2017-8571;0.057830000;0.928360000
CVE-2017-8570;0.898890000;0.997890000
CVE-2017-8569;0.053770000;0.923780000
CVE-2017-8567;0.203350000;0.974000000
CVE-2017-8566;0.010020000;0.614070000
CVE-2017-8565;0.184970000;0.971560000
CVE-2017-8564;0.030180000;0.869260000
CVE-2017-8563;0.071760000;0.940810000
CVE-2017-8562;0.009420000;0.594220000
CVE-2017-8561;0.008410000;0.561780000
CVE-2017-8560;0.034190000;0.884610000
CVE-2017-8559;0.034190000;0.884620000
CVE-2017-8558;0.435880000;0.986980000
CVE-2017-8557;0.015410000;0.739020000
CVE-2017-8556;0.010030000;0.614270000
CVE-2017-8555;0.125350000;0.960970000
CVE-2017-8554;0.020210000;0.801570000
CVE-2017-8553;0.025400000;0.843480000
CVE-2017-8552;0.010040000;0.614800000
CVE-2017-8551;0.032630000;0.879210000
CVE-2017-8550;0.224330000;0.976230000
CVE-2017-8549;0.056890000;0.927310000
CVE-2017-8548;0.675870000;0.992910000
CVE-2017-8547;0.061170000;0.931890000
CVE-2017-8545;0.049900000;0.919210000
CVE-2017-8544;0.032510000;0.878510000
CVE-2017-8543;0.741640000;0.994730000
CVE-2017-8542;0.060210000;0.930950000
CVE-2017-8541;0.481200000;0.988180000
CVE-2017-8540;0.718740000;0.994100000
CVE-2017-8539;0.060210000;0.930950000
CVE-2017-8538;0.500000000;0.988660000
CVE-2017-8537;0.168290000;0.969430000
CVE-2017-8536;0.168290000;0.969430000
CVE-2017-8535;0.168290000;0.969430000
CVE-2017-8534;0.063860000;0.934270000
CVE-2017-8533;0.078020000;0.944620000
CVE-2017-8532;0.071480000;0.940580000
CVE-2017-8531;0.066670000;0.936590000
CVE-2017-8530;0.016530000;0.755830000
CVE-2017-8529;0.142030000;0.964640000
CVE-2017-8528;0.198890000;0.973400000
CVE-2017-8527;0.190230000;0.972160000
CVE-2017-8524;0.097870000;0.953820000
CVE-2017-8523;0.015000000;0.732290000
CVE-2017-8522;0.082150000;0.946930000
CVE-2017-8521;0.062320000;0.932990000
CVE-2017-8520;0.086010000;0.949070000
CVE-2017-8519;0.061170000;0.931890000
CVE-2017-8518;0.102080000;0.955180000
CVE-2017-8517;0.082150000;0.946930000
CVE-2017-8516;0.081940000;0.946840000
CVE-2017-8515;0.018210000;0.778860000
CVE-2017-8514;0.030260000;0.869580000
CVE-2017-8513;0.171270000;0.969850000
CVE-2017-8512;0.221270000;0.975960000
CVE-2017-8511;0.206120000;0.974430000
CVE-2017-8510;0.221270000;0.975960000
CVE-2017-8509;0.182380000;0.971210000
CVE-2017-8508;0.041930000;0.905880000
CVE-2017-8507;0.196050000;0.972990000
CVE-2017-8506;0.241710000;0.977780000
CVE-2017-8504;0.052530000;0.922500000
CVE-2017-8503;0.011700000;0.661250000
CVE-2017-8502;0.231380000;0.976950000
CVE-2017-8501;0.233210000;0.977090000
CVE-2017-8499;0.086010000;0.949070000
CVE-2017-8498;0.051800000;0.921640000
CVE-2017-8497;0.083290000;0.947630000
CVE-2017-8496;0.514650000;0.989070000
CVE-2017-8495;0.046210000;0.913720000
CVE-2017-8494;0.019470000;0.793830000
CVE-2017-8493;0.014600000;0.725170000
CVE-2017-8492;0.037130000;0.893710000
CVE-2017-8491;0.038950000;0.898870000
CVE-2017-8490;0.048730000;0.917400000
CVE-2017-8489;0.038950000;0.898870000
CVE-2017-8488;0.037130000;0.893720000
CVE-2017-8487;0.541440000;0.989740000
CVE-2017-8486;0.022140000;0.819230000
CVE-2017-8485;0.035910000;0.890200000
CVE-2017-8484;0.037130000;0.893700000
CVE-2017-8483;0.051100000;0.920780000
CVE-2017-8482;0.037130000;0.893710000
CVE-2017-8481;0.038950000;0.898880000
CVE-2017-8480;0.034230000;0.884770000
CVE-2017-8479;0.038950000;0.898870000
CVE-2017-8478;0.037130000;0.893710000
CVE-2017-8477;0.051100000;0.920770000
CVE-2017-8476;0.034230000;0.884770000
CVE-2017-8475;0.037270000;0.894180000
CVE-2017-8474;0.041310000;0.904680000
CVE-2017-8473;0.035910000;0.890200000
CVE-2017-8472;0.034230000;0.884760000
CVE-2017-8471;0.035910000;0.890210000
CVE-2017-8470;0.034230000;0.884760000
CVE-2017-8469;0.037180000;0.893930000
CVE-2017-8468;0.012620000;0.684580000
CVE-2017-8467;0.009750000;0.605880000
CVE-2017-8466;0.010840000;0.638350000
CVE-2017-8465;0.023410000;0.829380000
CVE-2017-8464;0.899200000;0.997900000
CVE-2017-8463;0.204990000;0.974310000
CVE-2017-8462;0.037130000;0.893710000
CVE-2017-8461;0.204090000;0.974090000
CVE-2017-8460;0.033140000;0.881230000
CVE-2017-8459;0.006600000;0.495340000
CVE-2017-8458;0.010800000;0.637130000
CVE-2017-8455;0.040790000;0.903450000
CVE-2017-8454;0.039390000;0.900250000
CVE-2017-8453;0.039390000;0.900250000
CVE-2017-8452;0.013830000;0.710610000
CVE-2017-8451;0.009040000;0.581870000
CVE-2017-8450;0.008620000;0.569160000
CVE-2017-8449;0.008340000;0.559610000
CVE-2017-8448;0.008510000;0.565320000
CVE-2017-8447;0.006120000;0.471980000
CVE-2017-8446;0.006950000;0.510430000
CVE-2017-8445;0.001600000;0.044310000
CVE-2017-8444;0.005730000;0.451520000
CVE-2017-8443;0.011040000;0.643870000
CVE-2017-8442;0.009240000;0.588470000
CVE-2017-8441;0.007330000;0.524960000
CVE-2017-8440;0.009900000;0.610230000
CVE-2017-8439;0.009900000;0.610230000
CVE-2017-8438;0.010250000;0.621220000
CVE-2017-8422;0.018050000;0.776660000
CVE-2017-8421;0.009640000;0.601340000
CVE-2017-8420;0.008760000;0.573490000
CVE-2017-8419;0.015180000;0.735190000
CVE-2017-8418;0.004090000;0.325370000
CVE-2017-8417;0.037530000;0.894940000
CVE-2017-8416;0.115890000;0.958990000
CVE-2017-8415;0.039300000;0.899950000
CVE-2017-8414;0.016840000;0.760550000
CVE-2017-8413;0.101870000;0.955130000
CVE-2017-8412;0.057320000;0.927840000
CVE-2017-8411;0.058500000;0.929300000
CVE-2017-8410;0.056250000;0.926740000
CVE-2017-8409;0.027050000;0.853800000
CVE-2017-8408;0.051230000;0.920910000
CVE-2017-8407;0.011890000;0.666610000
CVE-2017-8406;0.011890000;0.666610000
CVE-2017-8405;0.026560000;0.850850000
CVE-2017-8404;0.076670000;0.943830000
CVE-2017-8403;0.008080000;0.551050000
CVE-2017-8402;0.012800000;0.688340000
CVE-2017-8401;0.011170000;0.647440000
CVE-2017-8400;0.021010000;0.809620000
CVE-2017-8399;0.031180000;0.873150000
CVE-2017-8398;0.019680000;0.795730000
CVE-2017-8397;0.018310000;0.780090000
CVE-2017-8396;0.018390000;0.781060000
CVE-2017-8395;0.019140000;0.790010000
CVE-2017-8394;0.018390000;0.781060000
CVE-2017-8393;0.018900000;0.787290000
CVE-2017-8392;0.014500000;0.722970000
CVE-2017-8391;0.002960000;0.199370000
CVE-2017-8390;0.060720000;0.931460000
CVE-2017-8388;0.015890000;0.746430000
CVE-2017-8387;0.017870000;0.774290000
CVE-2017-8386;0.123870000;0.960660000
CVE-2017-8385;0.009640000;0.601510000
CVE-2017-8384;0.008380000;0.561030000
CVE-2017-8383;0.011530000;0.656700000
CVE-2017-8382;0.026260000;0.848900000
CVE-2017-8381;0.015960000;0.747520000
CVE-2017-8380;0.039120000;0.899310000
CVE-2017-8379;0.004130000;0.330650000
CVE-2017-8378;0.021720000;0.815630000
CVE-2017-8377;0.014800000;0.728590000
CVE-2017-8376;0.006400000;0.485520000
CVE-2017-8374;0.022300000;0.820610000
CVE-2017-8373;0.025280000;0.842690000
CVE-2017-8372;0.020730000;0.806840000
CVE-2017-8371;0.010040000;0.614850000
CVE-2017-8370;0.028310000;0.860780000
CVE-2017-8369;0.012650000;0.685480000
CVE-2017-8368;0.009120000;0.584350000
CVE-2017-8367;0.005040000;0.406170000
CVE-2017-8366;0.017110000;0.764210000
CVE-2017-8365;0.034230000;0.884750000
CVE-2017-8364;0.017100000;0.764150000
CVE-2017-8363;0.033470000;0.882320000
CVE-2017-8362;0.034230000;0.884740000
CVE-2017-8361;0.039020000;0.899050000
CVE-2017-8360;0.005230000;0.420670000
CVE-2017-8359;0.030770000;0.871600000
CVE-2017-8358;0.020930000;0.808790000
CVE-2017-8357;0.020480000;0.804290000
CVE-2017-8356;0.019350000;0.792420000
CVE-2017-8355;0.019350000;0.792400000
CVE-2017-8354;0.019350000;0.792400000
CVE-2017-8353;0.019350000;0.792410000
CVE-2017-8352;0.019350000;0.792420000
CVE-2017-8351;0.019350000;0.792410000
CVE-2017-8350;0.019190000;0.790560000
CVE-2017-8349;0.019350000;0.792430000
CVE-2017-8348;0.019350000;0.792410000
CVE-2017-8347;0.019350000;0.792420000
CVE-2017-8346;0.019350000;0.792420000
CVE-2017-8345;0.020480000;0.804290000
CVE-2017-8344;0.019350000;0.792430000
CVE-2017-8343;0.019350000;0.792430000
CVE-2017-8342;0.020330000;0.802750000
CVE-2017-8341;0.010100000;0.616530000
CVE-2017-8340;0.010320000;0.623140000
CVE-2017-8339;0.004450000;0.361720000
CVE-2017-8338;0.042070000;0.906190000
CVE-2017-8337;0.025970000;0.847190000
CVE-2017-8336;0.026900000;0.852910000
CVE-2017-8335;0.020770000;0.807170000
CVE-2017-8334;0.009280000;0.589590000
CVE-2017-8333;0.070920000;0.940110000
CVE-2017-8332;0.029310000;0.865550000
CVE-2017-8331;0.069810000;0.939190000
CVE-2017-8330;0.014780000;0.728340000
CVE-2017-8329;0.020110000;0.800720000
CVE-2017-8328;0.013720000;0.708280000
CVE-2017-8327;0.025350000;0.843090000
CVE-2017-8326;0.024260000;0.835580000
CVE-2017-8325;0.025690000;0.845300000
CVE-2017-8316;0.022590000;0.822820000
CVE-2017-8315;0.016590000;0.756710000
CVE-2017-8314;0.024740000;0.839000000
CVE-2017-8313;0.014940000;0.731080000
CVE-2017-8312;0.013690000;0.707790000
CVE-2017-8311;0.088360000;0.950240000
CVE-2017-8310;0.012680000;0.685970000
CVE-2017-8309;0.045440000;0.912310000
CVE-2017-8308;0.014590000;0.724780000
CVE-2017-8307;0.017810000;0.773650000
CVE-2017-8305;0.013690000;0.707840000
CVE-2017-8304;0.006830000;0.505500000
CVE-2017-8303;0.241800000;0.977790000
CVE-2017-8302;0.006790000;0.503830000
CVE-2017-8301;0.010210000;0.619660000
CVE-2017-8298;0.006180000;0.474860000
CVE-2017-8297;0.025700000;0.845390000
CVE-2017-8296;0.013950000;0.712790000
CVE-2017-8295;0.266990000;0.979600000
CVE-2017-8294;0.029960000;0.868320000
CVE-2017-8291;0.969680000;0.998890000
CVE-2017-8290;0.014110000;0.715750000
CVE-2017-8289;0.018580000;0.783640000
CVE-2017-8288;0.029640000;0.866920000
CVE-2017-8287;0.036440000;0.891760000
CVE-2017-8284;0.004380000;0.355450000
CVE-2017-8283;0.046110000;0.913530000
CVE-2017-8282;0.015960000;0.747530000
CVE-2017-8281;0.003600000;0.271990000
CVE-2017-8280;0.002910000;0.193800000
CVE-2017-8279;0.003270000;0.232580000
CVE-2017-8278;0.004700000;0.381330000
CVE-2017-8277;0.003560000;0.267910000
CVE-2017-8276;0.001860000;0.073700000
CVE-2017-8275;0.012430000;0.680230000
CVE-2017-8274;0.011850000;0.665410000
CVE-2017-8273;0.003850000;0.299380000
CVE-2017-8272;0.003560000;0.267910000
CVE-2017-8271;0.003560000;0.267900000
CVE-2017-8270;0.002840000;0.187410000
CVE-2017-8269;0.004440000;0.360390000
CVE-2017-8268;0.004600000;0.373770000
CVE-2017-8267;0.003620000;0.273900000
CVE-2017-8266;0.003220000;0.226860000
CVE-2017-8265;0.002690000;0.170590000
CVE-2017-8264;0.003510000;0.262160000
CVE-2017-8263;0.004600000;0.373770000
CVE-2017-8262;0.003450000;0.253630000
CVE-2017-8261;0.003560000;0.267920000
CVE-2017-8260;0.005340000;0.427710000
CVE-2017-8259;0.004600000;0.373300000
CVE-2017-8258;0.003660000;0.278910000
CVE-2017-8257;0.002830000;0.186220000
CVE-2017-8256;0.003560000;0.267920000
CVE-2017-8255;0.004830000;0.391480000
CVE-2017-8254;0.003660000;0.278900000
CVE-2017-8253;0.004600000;0.373780000
CVE-2017-8252;0.002240000;0.117140000
CVE-2017-8251;0.003850000;0.299370000
CVE-2017-8250;0.004040000;0.320340000
CVE-2017-8248;0.030700000;0.871330000
CVE-2017-8247;0.004040000;0.319990000
CVE-2017-8246;0.001730000;0.060500000
CVE-2017-8245;0.001790000;0.067060000
CVE-2017-8244;0.001500000;0.035150000
CVE-2017-8243;0.004730000;0.384270000
CVE-2017-8242;0.003240000;0.229080000
CVE-2017-8241;0.004440000;0.361110000
CVE-2017-8240;0.005010000;0.404320000
CVE-2017-8239;0.004070000;0.323940000
CVE-2017-8238;0.003800000;0.293340000
CVE-2017-8237;0.004200000;0.338250000
CVE-2017-8236;0.004200000;0.338250000
CVE-2017-8235;0.003010000;0.204150000
CVE-2017-8234;0.003890000;0.303330000
CVE-2017-8233;0.003890000;0.303310000
CVE-2017-8230;0.016610000;0.757220000
CVE-2017-8229;0.742430000;0.994760000
CVE-2017-8228;0.025970000;0.847190000
CVE-2017-8227;0.041110000;0.904190000
CVE-2017-8226;0.037990000;0.896270000
CVE-2017-8225;0.353590000;0.983980000
CVE-2017-8224;0.086550000;0.949390000
CVE-2017-8223;0.043390000;0.908630000
CVE-2017-8222;0.042580000;0.907160000
CVE-2017-8221;0.027100000;0.854030000
CVE-2017-8220;0.365870000;0.984470000
CVE-2017-8219;0.011520000;0.656330000
CVE-2017-8218;0.020160000;0.801100000
CVE-2017-8217;0.009390000;0.593400000
CVE-2017-8216;0.006710000;0.500190000
CVE-2017-8215;0.002800000;0.183200000
CVE-2017-8214;0.002650000;0.165260000
CVE-2017-8213;0.006140000;0.472570000
CVE-2017-8212;0.010010000;0.613780000
CVE-2017-8211;0.010010000;0.613780000
CVE-2017-8210;0.010010000;0.613770000
CVE-2017-8209;0.010010000;0.613770000
CVE-2017-8208;0.010010000;0.613760000
CVE-2017-8207;0.010010000;0.613760000
CVE-2017-8206;0.002980000;0.201610000
CVE-2017-8205;0.012440000;0.680440000
CVE-2017-8204;0.013470000;0.703150000
CVE-2017-8203;0.010010000;0.613420000
CVE-2017-8202;0.007030000;0.513560000
CVE-2017-8201;0.011050000;0.644200000
CVE-2017-8200;0.011200000;0.648160000
CVE-2017-8199;0.011200000;0.648150000
CVE-2017-8198;0.010520000;0.629140000
CVE-2017-8197;0.020410000;0.803590000
CVE-2017-8196;0.002600000;0.159400000
CVE-2017-8195;0.011730000;0.662140000
CVE-2017-8194;0.012090000;0.671660000
CVE-2017-8193;0.008650000;0.569820000
CVE-2017-8192;0.002160000;0.108150000
CVE-2017-8191;0.005970000;0.464050000
CVE-2017-8190;0.001900000;0.078010000
CVE-2017-8189;0.002800000;0.183340000
CVE-2017-8188;0.016810000;0.760010000
CVE-2017-8187;0.005370000;0.429680000
CVE-2017-8186;0.005500000;0.437420000
CVE-2017-8185;0.003030000;0.206550000
CVE-2017-8184;0.006450000;0.488610000
CVE-2017-8183;0.006450000;0.488610000
CVE-2017-8182;0.005200000;0.418130000
CVE-2017-8181;0.006400000;0.485850000
CVE-2017-8180;0.006370000;0.484380000
CVE-2017-8179;0.008060000;0.550680000
CVE-2017-8178;0.006860000;0.506760000
CVE-2017-8177;0.004890000;0.395940000
CVE-2017-8176;0.009050000;0.582420000
CVE-2017-8175;0.005500000;0.437430000
CVE-2017-8174;0.006960000;0.510810000
CVE-2017-8173;0.002240000;0.117580000
CVE-2017-8172;0.006280000;0.479610000
CVE-2017-8171;0.002320000;0.127150000
CVE-2017-8170;0.010010000;0.613770000
CVE-2017-8169;0.010010000;0.613770000
CVE-2017-8168;0.002660000;0.166120000
CVE-2017-8167;0.012950000;0.691620000
CVE-2017-8166;0.002980000;0.201610000
CVE-2017-8165;0.006450000;0.488610000
CVE-2017-8164;0.005400000;0.431510000
CVE-2017-8163;0.007950000;0.546630000
CVE-2017-8162;0.007340000;0.525150000
CVE-2017-8161;0.002320000;0.127150000
CVE-2017-8160;0.010670000;0.633960000
CVE-2017-8159;0.010350000;0.624200000
CVE-2017-8158;0.001990000;0.087280000
CVE-2017-8157;0.005670000;0.447880000
CVE-2017-8156;0.002950000;0.198560000
CVE-2017-8155;0.002950000;0.198570000
CVE-2017-8154;0.003710000;0.284890000
CVE-2017-8153;0.006100000;0.470760000
CVE-2017-8152;0.002320000;0.127150000
CVE-2017-8151;0.003260000;0.231740000
CVE-2017-8150;0.009580000;0.599250000
CVE-2017-8149;0.005310000;0.426170000
CVE-2017-8148;0.003860000;0.300530000
CVE-2017-8147;0.009650000;0.601640000
CVE-2017-8146;0.005400000;0.431510000
CVE-2017-8145;0.005400000;0.431510000
CVE-2017-8144;0.005500000;0.437420000
CVE-2017-8143;0.006500000;0.490860000
CVE-2017-8142;0.010670000;0.633960000
CVE-2017-8141;0.010150000;0.618310000
CVE-2017-8140;0.010150000;0.618300000
CVE-2017-8139;0.005290000;0.424590000
CVE-2017-8138;0.003910000;0.305440000
CVE-2017-8137;0.007260000;0.522170000
CVE-2017-8136;0.006270000;0.479490000
CVE-2017-8135;0.014230000;0.718100000
CVE-2017-8134;0.013660000;0.707030000
CVE-2017-8133;0.015370000;0.738280000
CVE-2017-8132;0.013660000;0.707030000
CVE-2017-8131;0.013660000;0.707020000
CVE-2017-8130;0.007320000;0.524500000
CVE-2017-8129;0.010470000;0.627720000
CVE-2017-8128;0.010470000;0.627720000
CVE-2017-8127;0.005450000;0.434300000
CVE-2017-8126;0.010470000;0.627720000
CVE-2017-8125;0.005450000;0.434300000
CVE-2017-8124;0.010470000;0.627730000
CVE-2017-8123;0.010470000;0.627730000
CVE-2017-8122;0.013450000;0.702660000
CVE-2017-8121;0.007490000;0.530710000
CVE-2017-8120;0.010470000;0.627730000
CVE-2017-8119;0.010470000;0.627730000
CVE-2017-8118;0.002300000;0.124420000
CVE-2017-8117;0.011060000;0.644590000
CVE-2017-8116;0.045190000;0.911880000
CVE-2017-8115;0.026760000;0.852160000
CVE-2017-8114;0.034710000;0.886480000
CVE-2017-8112;0.004080000;0.324040000
CVE-2017-8110;0.010860000;0.638920000
CVE-2017-8109;0.004340000;0.352190000
CVE-2017-8108;0.004260000;0.343690000
CVE-2017-8106;0.003290000;0.234620000
CVE-2017-8105;0.043580000;0.909000000
CVE-2017-8104;0.025120000;0.841480000
CVE-2017-8103;0.007130000;0.517370000
CVE-2017-8102;0.008580000;0.567790000
CVE-2017-8101;0.006040000;0.467820000
CVE-2017-8100;0.008020000;0.548660000
CVE-2017-8099;0.006390000;0.485210000
CVE-2017-8098;0.006640000;0.497360000
CVE-2017-8087;0.003470000;0.257000000
CVE-2017-8086;0.004230000;0.340530000
CVE-2017-8085;0.011470000;0.654640000
CVE-2017-8083;0.003250000;0.229950000
CVE-2017-8082;0.012000000;0.669160000
CVE-2017-8081;0.012610000;0.684460000
CVE-2017-8080;0.025520000;0.844200000
CVE-2017-8078;0.018590000;0.783710000
CVE-2017-8077;0.011060000;0.644450000
CVE-2017-8076;0.009000000;0.580360000
CVE-2017-8075;0.017940000;0.775300000
CVE-2017-8074;0.019410000;0.793120000
CVE-2017-8073;0.031070000;0.872710000
CVE-2017-8072;0.004070000;0.323680000
CVE-2017-8071;0.003950000;0.311300000
CVE-2017-8070;0.004490000;0.364760000
CVE-2017-8069;0.004180000;0.335940000
CVE-2017-8068;0.004720000;0.383170000
CVE-2017-8067;0.004010000;0.317020000
CVE-2017-8066;0.004290000;0.346290000
CVE-2017-8065;0.003780000;0.291580000
CVE-2017-8064;0.003580000;0.269750000
CVE-2017-8063;0.004100000;0.326510000
CVE-2017-8062;0.004100000;0.326510000
CVE-2017-8061;0.004290000;0.346290000
CVE-2017-8060;0.006550000;0.493530000
CVE-2017-8059;0.005240000;0.421610000
CVE-2017-8058;0.005820000;0.455930000
CVE-2017-8057;0.011290000;0.650350000
CVE-2017-8056;0.050760000;0.920350000
CVE-2017-8055;0.015910000;0.746620000
CVE-2017-8054;0.011460000;0.654490000
CVE-2017-8053;0.009290000;0.590020000
CVE-2017-8052;0.008350000;0.559890000
CVE-2017-8051;0.164780000;0.968850000
CVE-2017-8050;0.008720000;0.572180000
CVE-2017-8048;0.012450000;0.680610000
CVE-2017-8047;0.007800000;0.541160000
CVE-2017-8046;0.745300000;0.994840000
CVE-2017-8045;0.035540000;0.888930000
CVE-2017-8044;0.008770000;0.573780000
CVE-2017-8041;0.008770000;0.573770000
CVE-2017-8040;0.010740000;0.635580000
CVE-2017-8039;0.009630000;0.601250000
CVE-2017-8038;0.009460000;0.595380000
CVE-2017-8037;0.014150000;0.716720000
CVE-2017-8036;0.014250000;0.718630000
CVE-2017-8035;0.013870000;0.711300000
CVE-2017-8034;0.007510000;0.531250000
CVE-2017-8033;0.010180000;0.618980000
CVE-2017-8032;0.008790000;0.574260000
CVE-2017-8031;0.010860000;0.638910000
CVE-2017-8028;0.026060000;0.847730000
CVE-2017-8025;0.014700000;0.726970000
CVE-2017-8024;0.006320000;0.482090000
CVE-2017-8023;0.058760000;0.929560000
CVE-2017-8022;0.032190000;0.877330000
CVE-2017-8021;0.020630000;0.805840000
CVE-2017-8020;0.042110000;0.906250000
CVE-2017-8019;0.020400000;0.803360000
CVE-2017-8018;0.014240000;0.718310000
CVE-2017-8017;0.011140000;0.646680000
CVE-2017-8016;0.005700000;0.449720000
CVE-2017-8015;0.015090000;0.733920000
CVE-2017-8013;0.021310000;0.812240000
CVE-2017-8012;0.019220000;0.790900000
CVE-2017-8011;0.140240000;0.964330000
CVE-2017-8007;0.029560000;0.866590000
CVE-2017-8006;0.021280000;0.812010000
CVE-2017-8005;0.012110000;0.672630000
CVE-2017-8004;0.021500000;0.813950000
CVE-2017-8003;0.025850000;0.846310000
CVE-2017-8002;0.022750000;0.824060000
CVE-2017-8001;0.003700000;0.283700000
CVE-2017-8000;0.008980000;0.580060000
CVE-2017-7999;0.010190000;0.619250000
CVE-2017-7998;0.019900000;0.798120000
CVE-2017-7997;0.193400000;0.972590000
CVE-2017-7995;0.003680000;0.280910000
CVE-2017-7994;0.026040000;0.847600000
CVE-2017-7992;0.006930000;0.509760000
CVE-2017-7991;0.021090000;0.810230000
CVE-2017-7990;0.011100000;0.645450000
CVE-2017-7989;0.009810000;0.607260000
CVE-2017-7988;0.009980000;0.612640000
CVE-2017-7987;0.007870000;0.543780000
CVE-2017-7986;0.007870000;0.543790000
CVE-2017-7985;0.013330000;0.700090000
CVE-2017-7984;0.007870000;0.543780000
CVE-2017-7983;0.011290000;0.650350000
CVE-2017-7982;0.014610000;0.725300000
CVE-2017-7981;0.161250000;0.968170000
CVE-2017-7980;0.006250000;0.478610000
CVE-2017-7979;0.003950000;0.310400000
CVE-2017-7978;0.011080000;0.645100000
CVE-2017-7977;0.023560000;0.830540000
CVE-2017-7976;0.010750000;0.635800000
CVE-2017-7975;0.016720000;0.758640000
CVE-2017-7974;0.046060000;0.913470000
CVE-2017-7973;0.014720000;0.727340000
CVE-2017-7972;0.004560000;0.370420000
CVE-2017-7971;0.007810000;0.541570000
CVE-2017-7970;0.005590000;0.443030000
CVE-2017-7969;0.006260000;0.478970000
CVE-2017-7968;0.004320000;0.349950000
CVE-2017-7967;0.002860000;0.188880000
CVE-2017-7966;0.024410000;0.836660000
CVE-2017-7965;0.003940000;0.310030000
CVE-2017-7964;0.024770000;0.839210000
CVE-2017-7963;0.020030000;0.799640000
CVE-2017-7962;0.012130000;0.672910000
CVE-2017-7961;0.019660000;0.795530000
CVE-2017-7960;0.020010000;0.799410000
CVE-2017-7957;0.049280000;0.918230000
CVE-2017-7953;0.009540000;0.598080000
CVE-2017-7952;0.014430000;0.721750000
CVE-2017-7951;0.005650000;0.447210000
CVE-2017-7950;0.024900000;0.839990000
CVE-2017-7948;0.016200000;0.751000000
CVE-2017-7947;0.012960000;0.691970000
CVE-2017-7946;0.008790000;0.574280000
CVE-2017-7945;0.018350000;0.780650000
CVE-2017-7944;0.007610000;0.534770000
CVE-2017-7943;0.027900000;0.858620000
CVE-2017-7942;0.019060000;0.789060000
CVE-2017-7941;0.025170000;0.841960000
CVE-2017-7940;0.008500000;0.564610000
CVE-2017-7939;0.010700000;0.634550000
CVE-2017-7938;0.049870000;0.919160000
CVE-2017-7937;0.007120000;0.517010000
CVE-2017-7936;0.003440000;0.253300000
CVE-2017-7935;0.011820000;0.664950000
CVE-2017-7934;0.021470000;0.813670000
CVE-2017-7933;0.016560000;0.756360000
CVE-2017-7932;0.002590000;0.157720000
CVE-2017-7931;0.025460000;0.843810000
CVE-2017-7930;0.020120000;0.800800000
CVE-2017-7929;0.015370000;0.738290000
CVE-2017-7928;0.022730000;0.823940000
CVE-2017-7927;0.367470000;0.984530000
CVE-2017-7926;0.008260000;0.556950000
CVE-2017-7925;0.514180000;0.989060000
CVE-2017-7924;0.221820000;0.976010000
CVE-2017-7923;0.023750000;0.831770000
CVE-2017-7922;0.096390000;0.953280000
CVE-2017-7921;0.999980000;0.999900000
CVE-2017-7920;0.027150000;0.854330000
CVE-2017-7919;0.026020000;0.847480000
CVE-2017-7918;0.066530000;0.936480000
CVE-2017-7917;0.004940000;0.399730000
CVE-2017-7916;0.014590000;0.724860000
CVE-2017-7915;0.015320000;0.737520000
CVE-2017-7914;0.065640000;0.935870000
CVE-2017-7913;0.011790000;0.664110000
CVE-2017-7912;0.043800000;0.909470000
CVE-2017-7911;0.034950000;0.887240000
CVE-2017-7910;0.017680000;0.772020000
CVE-2017-7909;0.026160000;0.848330000
CVE-2017-7908;0.009900000;0.610090000
CVE-2017-7907;0.003880000;0.302910000
CVE-2017-7906;0.006620000;0.496330000
CVE-2017-7905;0.012810000;0.688590000
CVE-2017-7903;0.027590000;0.856800000
CVE-2017-7902;0.025590000;0.844620000
CVE-2017-7901;0.066740000;0.936650000
CVE-2017-7899;0.046190000;0.913660000
CVE-2017-7898;0.051520000;0.921320000
CVE-2017-7897;0.017540000;0.769990000
CVE-2017-7896;0.042790000;0.907550000
CVE-2017-7895;0.108100000;0.957020000
CVE-2017-7894;0.011440000;0.653860000
CVE-2017-7893;0.014110000;0.715940000
CVE-2017-7892;0.018390000;0.781050000
CVE-2017-7891;0.006790000;0.503840000
CVE-2017-7890;0.034180000;0.884600000
CVE-2017-7889;0.003200000;0.224360000
CVE-2017-7888;0.010750000;0.635760000
CVE-2017-7887;0.009480000;0.596220000
CVE-2017-7886;0.017470000;0.768820000
CVE-2017-7885;0.011820000;0.664750000
CVE-2017-7884;0.004360000;0.354130000
CVE-2017-7882;0.024400000;0.836570000
CVE-2017-7881;0.007510000;0.531120000
CVE-2017-7879;0.010290000;0.622530000
CVE-2017-7878;0.010220000;0.620290000
CVE-2017-7877;0.009060000;0.582700000
CVE-2017-7876;0.033380000;0.882020000
CVE-2017-7875;0.022660000;0.823340000
CVE-2017-7871;0.007320000;0.524350000
CVE-2017-7870;0.038640000;0.898130000
CVE-2017-7869;0.028390000;0.861130000
CVE-2017-7868;0.044490000;0.910740000
CVE-2017-7867;0.046300000;0.913850000
CVE-2017-7866;0.025080000;0.841190000
CVE-2017-7865;0.025640000;0.844930000
CVE-2017-7864;0.037710000;0.895480000
CVE-2017-7863;0.025640000;0.844930000
CVE-2017-7862;0.025640000;0.844930000
CVE-2017-7861;0.029080000;0.864510000
CVE-2017-7860;0.031250000;0.873500000
CVE-2017-7859;0.019340000;0.792260000
CVE-2017-7858;0.034250000;0.884840000
CVE-2017-7857;0.036260000;0.891200000
CVE-2017-7856;0.034880000;0.887030000
CVE-2017-7855;0.020100000;0.800660000
CVE-2017-7854;0.011060000;0.644370000
CVE-2017-7853;0.024620000;0.838140000
CVE-2017-7852;0.042940000;0.907790000
CVE-2017-7851;0.024500000;0.837390000
CVE-2017-7850;0.002840000;0.187710000
CVE-2017-7849;0.002500000;0.147070000
CVE-2017-7848;0.017630000;0.771280000
CVE-2017-7847;0.016270000;0.751950000
CVE-2017-7846;0.019830000;0.797300000
CVE-2017-7845;0.031740000;0.875420000
CVE-2017-7844;0.017550000;0.770130000
CVE-2017-7843;0.029510000;0.866420000
CVE-2017-7842;0.015450000;0.739620000
CVE-2017-7840;0.011430000;0.653730000
CVE-2017-7839;0.011430000;0.653730000
CVE-2017-7838;0.014710000;0.727210000
CVE-2017-7837;0.014710000;0.727200000
CVE-2017-7836;0.003350000;0.242940000
CVE-2017-7835;0.015220000;0.735840000
CVE-2017-7834;0.015440000;0.739440000
CVE-2017-7833;0.014710000;0.727210000
CVE-2017-7832;0.015140000;0.734580000
CVE-2017-7831;0.015900000;0.746490000
CVE-2017-7830;0.024530000;0.837590000
CVE-2017-7829;0.018020000;0.776200000
CVE-2017-7828;0.073450000;0.941880000
CVE-2017-7827;0.027050000;0.853780000
CVE-2017-7826;0.033010000;0.880710000
CVE-2017-7825;0.016290000;0.752150000
CVE-2017-7824;0.035950000;0.890340000
CVE-2017-7823;0.014690000;0.726920000
CVE-2017-7822;0.013610000;0.706320000
CVE-2017-7821;0.019510000;0.794150000
CVE-2017-7820;0.011880000;0.666170000
CVE-2017-7819;0.033770000;0.883270000
CVE-2017-7818;0.033770000;0.883270000
CVE-2017-7817;0.011630000;0.659190000
CVE-2017-7816;0.012600000;0.684050000
CVE-2017-7815;0.011610000;0.658830000
CVE-2017-7814;0.012160000;0.673640000
CVE-2017-7813;0.015970000;0.747560000
CVE-2017-7812;0.012600000;0.684050000
CVE-2017-7811;0.022460000;0.821870000
CVE-2017-7810;0.027680000;0.857380000
CVE-2017-7809;0.026430000;0.849990000
CVE-2017-7808;0.008390000;0.561440000
CVE-2017-7807;0.021090000;0.810290000
CVE-2017-7806;0.019900000;0.798180000
CVE-2017-7805;0.031130000;0.872960000
CVE-2017-7804;0.014880000;0.730110000
CVE-2017-7803;0.020040000;0.799710000
CVE-2017-7802;0.026760000;0.852190000
CVE-2017-7801;0.026430000;0.849980000
CVE-2017-7800;0.029970000;0.868380000
CVE-2017-7799;0.014060000;0.714940000
CVE-2017-7798;0.020940000;0.808960000
CVE-2017-7797;0.007990000;0.547810000
CVE-2017-7796;0.002790000;0.182490000
CVE-2017-7794;0.003380000;0.246160000
CVE-2017-7793;0.023140000;0.827260000
CVE-2017-7792;0.032190000;0.877350000
CVE-2017-7791;0.018370000;0.780860000
CVE-2017-7790;0.017050000;0.763450000
CVE-2017-7789;0.017840000;0.773950000
CVE-2017-7788;0.023060000;0.826600000
CVE-2017-7787;0.023460000;0.829710000
CVE-2017-7786;0.041340000;0.904740000
CVE-2017-7785;0.041340000;0.904740000
CVE-2017-7784;0.035720000;0.889500000
CVE-2017-7783;0.141200000;0.964480000
CVE-2017-7782;0.010790000;0.636650000
CVE-2017-7781;0.027200000;0.854620000
CVE-2017-7780;0.018850000;0.786550000
CVE-2017-7779;0.026660000;0.851500000
CVE-2017-7778;0.051500000;0.921300000
CVE-2017-7777;0.011990000;0.669110000
CVE-2017-7776;0.027670000;0.857340000
CVE-2017-7774;0.014190000;0.717420000
CVE-2017-7773;0.014180000;0.717270000
CVE-2017-7772;0.014180000;0.717260000
CVE-2017-7771;0.011860000;0.665820000
CVE-2017-7770;0.011320000;0.651020000
CVE-2017-7768;0.003270000;0.232910000
CVE-2017-7767;0.002820000;0.186140000
CVE-2017-7766;0.003820000;0.295540000
CVE-2017-7765;0.013600000;0.706100000
CVE-2017-7764;0.020020000;0.799460000
CVE-2017-7763;0.011380000;0.652570000
CVE-2017-7762;0.019200000;0.790730000
CVE-2017-7761;0.003110000;0.215030000
CVE-2017-7760;0.004070000;0.323470000
CVE-2017-7759;0.006660000;0.498300000
CVE-2017-7758;0.031060000;0.872660000
CVE-2017-7757;0.026310000;0.849330000
CVE-2017-7756;0.026310000;0.849340000
CVE-2017-7755;0.013890000;0.711820000
CVE-2017-7754;0.025180000;0.841980000
CVE-2017-7753;0.031450000;0.874260000
CVE-2017-7752;0.020000000;0.799220000
CVE-2017-7751;0.028330000;0.860860000
CVE-2017-7750;0.028330000;0.860860000
CVE-2017-7749;0.026310000;0.849330000
CVE-2017-7748;0.027720000;0.857580000
CVE-2017-7747;0.024700000;0.838720000
CVE-2017-7746;0.024700000;0.838720000
CVE-2017-7745;0.024590000;0.838010000
CVE-2017-7742;0.013880000;0.711750000
CVE-2017-7741;0.011880000;0.666330000
CVE-2017-7739;0.010760000;0.636110000
CVE-2017-7738;0.014520000;0.723510000
CVE-2017-7737;0.010620000;0.632000000
CVE-2017-7736;0.003310000;0.237140000
CVE-2017-7735;0.007870000;0.543660000
CVE-2017-7734;0.007870000;0.543660000
CVE-2017-7733;0.012800000;0.688460000
CVE-2017-7732;0.020920000;0.808690000
CVE-2017-7731;0.010980000;0.642640000
CVE-2017-7730;0.012750000;0.687460000
CVE-2017-7729;0.006860000;0.507090000
CVE-2017-7728;0.034850000;0.886930000
CVE-2017-7726;0.007280000;0.523100000
CVE-2017-7725;0.027520000;0.856320000
CVE-2017-7723;0.007750000;0.539600000
CVE-2017-7722;0.127300000;0.961350000
CVE-2017-7721;0.016390000;0.753910000
CVE-2017-7720;0.003800000;0.293620000
CVE-2017-7719;0.022670000;0.823400000
CVE-2017-7718;0.004990000;0.403410000
CVE-2017-7717;0.018700000;0.785020000
CVE-2017-7716;0.007300000;0.523670000
CVE-2017-7705;0.027310000;0.855210000
CVE-2017-7704;0.027090000;0.853960000
CVE-2017-7703;0.032840000;0.880030000
CVE-2017-7702;0.027310000;0.855210000
CVE-2017-7701;0.027090000;0.853960000
CVE-2017-7700;0.021000000;0.809550000
CVE-2017-7698;0.016570000;0.756410000
CVE-2017-7697;0.009130000;0.584810000
CVE-2017-7696;0.362190000;0.984290000
CVE-2017-7695;0.019880000;0.797910000
CVE-2017-7694;0.044330000;0.910350000
CVE-2017-7693;0.038750000;0.898400000
CVE-2017-7692;0.321560000;0.982640000
CVE-2017-7691;0.016000000;0.747980000
CVE-2017-7690;0.009890000;0.610010000
CVE-2017-7689;0.055250000;0.925310000
CVE-2017-7688;0.029700000;0.867180000
CVE-2017-7687;0.024480000;0.837230000
CVE-2017-7686;0.029700000;0.867180000
CVE-2017-7685;0.028600000;0.862160000
CVE-2017-7684;0.028130000;0.859830000
CVE-2017-7683;0.019960000;0.798810000
CVE-2017-7682;0.016420000;0.754360000
CVE-2017-7681;0.012850000;0.689490000
CVE-2017-7680;0.018070000;0.776890000
CVE-2017-7679;0.393410000;0.985590000
CVE-2017-7678;0.033800000;0.883410000
CVE-2017-7677;0.026140000;0.848160000
CVE-2017-7676;0.041980000;0.905970000
CVE-2017-7675;0.101400000;0.954990000
CVE-2017-7674;0.080370000;0.945920000
CVE-2017-7673;0.016470000;0.755120000
CVE-2017-7672;0.098350000;0.953990000
CVE-2017-7671;0.021880000;0.816850000
CVE-2017-7670;0.046710000;0.914440000
CVE-2017-7669;0.017950000;0.775370000
CVE-2017-7668;0.574720000;0.990520000
CVE-2017-7667;0.014310000;0.719650000
CVE-2017-7666;0.008040000;0.549480000
CVE-2017-7665;0.035060000;0.887590000
CVE-2017-7664;0.023460000;0.829710000
CVE-2017-7663;0.026660000;0.851500000
CVE-2017-7662;0.011360000;0.651970000
CVE-2017-7661;0.011040000;0.643860000
CVE-2017-7660;0.056320000;0.926790000
CVE-2017-7659;0.539390000;0.989680000
CVE-2017-7658;0.193620000;0.972660000
CVE-2017-7657;0.148790000;0.965860000
CVE-2017-7656;0.063300000;0.933890000
CVE-2017-7655;0.017620000;0.771100000
CVE-2017-7654;0.021910000;0.817170000
CVE-2017-7653;0.014670000;0.726570000
CVE-2017-7652;0.016530000;0.755830000
CVE-2017-7651;0.052130000;0.922100000
CVE-2017-7650;0.024720000;0.838840000
CVE-2017-7649;0.016470000;0.755080000
CVE-2017-7648;0.016820000;0.760150000
CVE-2017-7647;0.028750000;0.862870000
CVE-2017-7646;0.012090000;0.671660000
CVE-2017-7645;0.059050000;0.929750000
CVE-2017-7644;0.010200000;0.619560000
CVE-2017-7643;0.009650000;0.601720000
CVE-2017-7642;0.012290000;0.676980000
CVE-2017-7641;0.004510000;0.366940000
CVE-2017-7640;0.031080000;0.872740000
CVE-2017-7639;0.011040000;0.644090000
CVE-2017-7638;0.006700000;0.499820000
CVE-2017-7637;0.031170000;0.873130000
CVE-2017-7636;0.011860000;0.665710000
CVE-2017-7635;0.005860000;0.457950000
CVE-2017-7634;0.007570000;0.533580000
CVE-2017-7633;0.013070000;0.694180000
CVE-2017-7632;0.007570000;0.533580000
CVE-2017-7631;0.007580000;0.533820000
CVE-2017-7630;0.010390000;0.625330000
CVE-2017-7629;0.010470000;0.627840000
CVE-2017-7628;0.012350000;0.678350000
CVE-2017-7627;0.007200000;0.520260000
CVE-2017-7626;0.008550000;0.566830000
CVE-2017-7625;0.031640000;0.874990000
CVE-2017-7624;0.013390000;0.701490000
CVE-2017-7623;0.012670000;0.685790000
CVE-2017-7622;0.012680000;0.685850000
CVE-2017-7621;0.006690000;0.499210000
CVE-2017-7620;0.013590000;0.705710000
CVE-2017-7619;0.014500000;0.723060000
CVE-2017-7618;0.042570000;0.907140000
CVE-2017-7617;0.062430000;0.933100000
CVE-2017-7616;0.004130000;0.330010000
CVE-2017-7615;0.910940000;0.998060000
CVE-2017-7614;0.037630000;0.895220000
CVE-2017-7613;0.016980000;0.762430000
CVE-2017-7612;0.017530000;0.769900000
CVE-2017-7611;0.017610000;0.770990000
CVE-2017-7610;0.017530000;0.769900000
CVE-2017-7609;0.016410000;0.754280000
CVE-2017-7608;0.021260000;0.811790000
CVE-2017-7607;0.016950000;0.761970000
CVE-2017-7606;0.022290000;0.820520000
CVE-2017-7605;0.015060000;0.733350000
CVE-2017-7604;0.014750000;0.727910000
CVE-2017-7603;0.014750000;0.727910000
CVE-2017-7602;0.025720000;0.845510000
CVE-2017-7601;0.024520000;0.837510000
CVE-2017-7600;0.014860000;0.729930000
CVE-2017-7599;0.019840000;0.797420000
CVE-2017-7598;0.024950000;0.840360000
CVE-2017-7597;0.017680000;0.772050000
CVE-2017-7596;0.019410000;0.793120000
CVE-2017-7595;0.013740000;0.708850000
CVE-2017-7594;0.018640000;0.784200000
CVE-2017-7593;0.021170000;0.810960000
CVE-2017-7592;0.019510000;0.794170000
CVE-2017-7591;0.006810000;0.504900000
CVE-2017-7590;0.009440000;0.594960000
CVE-2017-7589;0.010220000;0.619850000
CVE-2017-7588;0.335840000;0.983330000
CVE-2017-7586;0.012430000;0.680170000
CVE-2017-7585;0.012940000;0.691470000
CVE-2017-7584;0.022960000;0.825820000
CVE-2017-7583;0.011520000;0.656410000
CVE-2017-7581;0.484290000;0.988270000
CVE-2017-7579;0.006680000;0.498780000
CVE-2017-7578;0.012480000;0.681490000
CVE-2017-7577;0.289660000;0.981000000
CVE-2017-7576;0.012580000;0.683680000
CVE-2017-7575;0.040140000;0.902090000
CVE-2017-7574;0.012540000;0.682640000
CVE-2017-7572;0.010830000;0.638270000
CVE-2017-7571;0.022480000;0.822000000
CVE-2017-7570;0.014520000;0.723470000
CVE-2017-7569;0.012380000;0.678820000
CVE-2017-7568;0.013220000;0.697490000
CVE-2017-7566;0.021680000;0.815290000
CVE-2017-7565;0.021220000;0.811350000
CVE-2017-7564;0.010460000;0.627320000
CVE-2017-7563;0.008890000;0.577030000
CVE-2017-7562;0.033030000;0.880800000
CVE-2017-7561;0.015140000;0.734640000
CVE-2017-7560;0.002520000;0.150160000
CVE-2017-7559;0.016550000;0.756190000
CVE-2017-7558;0.037630000;0.895210000
CVE-2017-7557;0.008310000;0.558640000
CVE-2017-7556;0.006830000;0.505660000
CVE-2017-7555;0.050020000;0.919340000
CVE-2017-7554;0.009300000;0.590430000
CVE-2017-7553;0.006990000;0.511940000
CVE-2017-7552;0.013880000;0.711720000
CVE-2017-7551;0.014180000;0.717270000
CVE-2017-7550;0.035600000;0.889110000
CVE-2017-7549;0.003500000;0.260380000
CVE-2017-7548;0.035170000;0.887900000
CVE-2017-7547;0.055810000;0.926050000
CVE-2017-7546;0.615660000;0.991440000
CVE-2017-7545;0.027560000;0.856680000
CVE-2017-7544;0.032730000;0.879600000
CVE-2017-7543;0.018620000;0.784050000
CVE-2017-7542;0.004540000;0.368670000
CVE-2017-7541;0.005470000;0.435760000
CVE-2017-7540;0.016270000;0.751990000
CVE-2017-7539;0.055290000;0.925350000
CVE-2017-7538;0.007460000;0.529590000
CVE-2017-7537;0.014580000;0.724700000
CVE-2017-7536;0.004820000;0.390560000
CVE-2017-7535;0.014870000;0.730070000
CVE-2017-7534;0.005250000;0.421840000
CVE-2017-7533;0.012230000;0.675190000
CVE-2017-7532;0.008740000;0.572920000
CVE-2017-7531;0.009070000;0.582870000
CVE-2017-7530;0.017030000;0.763060000
CVE-2017-7529;0.625970000;0.991680000
CVE-2017-7528;0.005990000;0.465180000
CVE-2017-7526;0.038850000;0.898640000
CVE-2017-7525;0.377210000;0.984950000
CVE-2017-7524;0.012420000;0.679870000
CVE-2017-7523;0.027460000;0.856090000
CVE-2017-7522;0.055390000;0.925540000
CVE-2017-7521;0.038550000;0.897900000
CVE-2017-7520;0.033800000;0.883410000
CVE-2017-7519;0.005200000;0.418690000
CVE-2017-7518;0.006720000;0.500730000
CVE-2017-7517;0.004950000;0.399990000
CVE-2017-7515;0.011400000;0.653070000
CVE-2017-7514;0.006410000;0.486330000
CVE-2017-7513;0.004840000;0.392180000
CVE-2017-7512;0.021630000;0.814960000
CVE-2017-7511;0.010890000;0.639740000
CVE-2017-7510;0.010170000;0.618650000
CVE-2017-7509;0.007350000;0.525820000
CVE-2017-7508;0.047590000;0.915770000
CVE-2017-7507;0.034100000;0.884410000
CVE-2017-7506;0.042040000;0.906130000
CVE-2017-7505;0.015880000;0.746320000
CVE-2017-7504;0.378680000;0.985000000
CVE-2017-7503;0.020070000;0.800330000
CVE-2017-7502;0.043020000;0.907950000
CVE-2017-7501;0.003920000;0.307000000
CVE-2017-7500;0.004150000;0.332970000
CVE-2017-7497;0.009910000;0.610440000
CVE-2017-7496;0.002620000;0.161840000
CVE-2017-7495;0.004040000;0.320150000
CVE-2017-7494;0.994480000;0.999420000
CVE-2017-7493;0.003670000;0.279900000
CVE-2017-7491;0.005180000;0.417300000
CVE-2017-7490;0.010460000;0.627550000
CVE-2017-7489;0.012320000;0.677560000
CVE-2017-7488;0.014450000;0.722210000
CVE-2017-7487;0.003800000;0.293610000
CVE-2017-7486;0.063310000;0.933910000
CVE-2017-7485;0.020420000;0.803680000
CVE-2017-7484;0.025600000;0.844660000
CVE-2017-7483;0.021350000;0.812580000
CVE-2017-7482;0.004700000;0.381350000
CVE-2017-7481;0.047820000;0.916090000
CVE-2017-7480;0.023460000;0.829760000
CVE-2017-7479;0.018520000;0.782700000
CVE-2017-7478;0.137830000;0.963890000
CVE-2017-7477;0.003870000;0.301650000
CVE-2017-7476;0.036540000;0.892090000
CVE-2017-7475;0.018240000;0.779240000
CVE-2017-7474;0.025420000;0.843560000
CVE-2017-7472;0.022630000;0.823100000
CVE-2017-7471;0.008550000;0.566870000
CVE-2017-7470;0.021450000;0.813450000
CVE-2017-7468;0.016510000;0.755660000
CVE-2017-7467;0.027000000;0.853480000
CVE-2017-7466;0.031420000;0.874130000
CVE-2017-7465;0.029380000;0.865800000
CVE-2017-7464;0.019110000;0.789630000
CVE-2017-7463;0.018180000;0.778470000
CVE-2017-7462;0.129880000;0.961970000
CVE-2017-7461;0.107040000;0.956700000
CVE-2017-7459;0.008660000;0.570420000
CVE-2017-7458;0.019060000;0.789140000
CVE-2017-7457;0.017930000;0.775140000
CVE-2017-7456;0.292930000;0.981180000
CVE-2017-7455;0.159190000;0.967800000
CVE-2017-7454;0.010850000;0.638820000
CVE-2017-7453;0.010850000;0.638820000
CVE-2017-7452;0.010850000;0.638820000
CVE-2017-7450;0.014120000;0.715940000
CVE-2017-7448;0.012040000;0.670180000
CVE-2017-7447;0.034870000;0.887010000
CVE-2017-7446;0.030910000;0.872160000
CVE-2017-7444;0.010590000;0.631070000
CVE-2017-7443;0.007140000;0.517600000
CVE-2017-7442;0.406920000;0.986080000
CVE-2017-7441;0.004620000;0.374880000
CVE-2017-7440;0.009280000;0.589880000
CVE-2017-7439;0.018760000;0.785640000
CVE-2017-7438;0.006120000;0.471750000
CVE-2017-7437;0.007490000;0.530570000
CVE-2017-7436;0.018090000;0.777120000
CVE-2017-7435;0.018090000;0.777120000
CVE-2017-7434;0.008360000;0.560350000
CVE-2017-7433;0.013980000;0.713580000
CVE-2017-7432;0.015250000;0.736390000
CVE-2017-7431;0.005790000;0.453930000
CVE-2017-7430;0.010230000;0.620500000
CVE-2017-7429;0.008420000;0.562040000
CVE-2017-7428;0.013140000;0.695600000
CVE-2017-7427;0.007850000;0.543090000
CVE-2017-7426;0.010910000;0.640170000
CVE-2017-7425;0.008910000;0.577650000
CVE-2017-7424;0.017850000;0.774110000
CVE-2017-7423;0.007510000;0.531330000
CVE-2017-7422;0.009700000;0.603780000
CVE-2017-7421;0.012590000;0.683920000
CVE-2017-7420;0.024440000;0.836850000
CVE-2017-7419;0.007490000;0.530570000
CVE-2017-7418;0.004190000;0.337280000
CVE-2017-7416;0.006310000;0.481220000
CVE-2017-7415;0.043870000;0.909560000
CVE-2017-7414;0.012490000;0.681720000
CVE-2017-7413;0.404470000;0.986010000
CVE-2017-7412;0.003630000;0.275610000
CVE-2017-7411;0.666320000;0.992660000
CVE-2017-7410;0.029130000;0.864690000
CVE-2017-7409;0.009610000;0.600670000
CVE-2017-7408;0.019060000;0.789090000
CVE-2017-7407;0.005810000;0.455440000
CVE-2017-7406;0.006850000;0.506350000
CVE-2017-7405;0.015580000;0.741960000
CVE-2017-7404;0.006060000;0.468790000
CVE-2017-7402;0.050190000;0.919560000
CVE-2017-7401;0.039970000;0.901680000
CVE-2017-7400;0.010630000;0.632170000
CVE-2017-7399;0.008610000;0.568760000
CVE-2017-7398;0.030060000;0.868810000
CVE-2017-7397;0.110660000;0.957760000
CVE-2017-7396;0.020330000;0.802810000
CVE-2017-7395;0.014320000;0.719740000
CVE-2017-7394;0.016120000;0.749780000
CVE-2017-7393;0.018200000;0.778780000
CVE-2017-7392;0.017190000;0.765320000
CVE-2017-7391;0.082790000;0.947280000
CVE-2017-7390;0.006370000;0.484220000
CVE-2017-7389;0.008380000;0.560820000
CVE-2017-7388;0.008380000;0.560820000
CVE-2017-7387;0.006610000;0.496070000
CVE-2017-7386;0.007000000;0.512650000
CVE-2017-7384;0.007660000;0.536540000
CVE-2017-7383;0.013400000;0.701660000
CVE-2017-7382;0.013480000;0.703220000
CVE-2017-7381;0.013400000;0.701660000
CVE-2017-7380;0.013830000;0.710600000
CVE-2017-7379;0.013350000;0.700610000
CVE-2017-7378;0.013350000;0.700620000
CVE-2017-7377;0.003840000;0.298280000
CVE-2017-7376;0.232860000;0.977060000
CVE-2017-7375;0.025910000;0.846800000
CVE-2017-7374;0.007990000;0.547740000
CVE-2017-7373;0.004390000;0.356200000
CVE-2017-7372;0.002970000;0.200300000
CVE-2017-7371;0.003890000;0.303320000
CVE-2017-7370;0.003460000;0.255250000
CVE-2017-7369;0.004900000;0.397020000
CVE-2017-7368;0.002740000;0.177840000
CVE-2017-7367;0.003890000;0.303320000
CVE-2017-7366;0.003010000;0.204150000
CVE-2017-7365;0.003890000;0.303320000
CVE-2017-7364;0.008290000;0.558030000
CVE-2017-7363;0.007970000;0.547150000
CVE-2017-7362;0.008180000;0.554200000
CVE-2017-7361;0.008180000;0.554200000
CVE-2017-7360;0.007970000;0.547150000
CVE-2017-7359;0.011780000;0.663760000
CVE-2017-7358;0.026690000;0.851690000
CVE-2017-7357;0.026070000;0.847820000
CVE-2017-7352;0.005950000;0.462920000
CVE-2017-7351;0.011700000;0.661070000
CVE-2017-7346;0.003780000;0.291480000
CVE-2017-7345;0.016950000;0.761960000
CVE-2017-7344;0.018500000;0.782520000
CVE-2017-7343;0.006650000;0.497590000
CVE-2017-7342;0.012490000;0.681660000
CVE-2017-7341;0.038950000;0.898870000
CVE-2017-7340;0.006720000;0.500590000
CVE-2017-7339;0.006640000;0.497210000
CVE-2017-7338;0.011590000;0.657950000
CVE-2017-7337;0.010620000;0.632020000
CVE-2017-7336;0.024640000;0.838280000
CVE-2017-7335;0.005380000;0.430100000
CVE-2017-7327;0.013950000;0.712950000
CVE-2017-7326;0.007810000;0.541540000
CVE-2017-7325;0.010510000;0.628750000
CVE-2017-7324;0.021630000;0.814940000
CVE-2017-7323;0.020920000;0.808740000
CVE-2017-7322;0.012310000;0.677340000
CVE-2017-7321;0.021630000;0.814940000
CVE-2017-7320;0.008690000;0.571310000
CVE-2017-7318;0.038470000;0.897640000
CVE-2017-7317;0.022410000;0.821540000
CVE-2017-7316;0.007590000;0.534040000
CVE-2017-7315;0.021240000;0.811570000
CVE-2017-7314;0.033310000;0.881770000
CVE-2017-7313;0.012750000;0.687480000
CVE-2017-7312;0.029750000;0.867400000
CVE-2017-7310;0.536510000;0.989610000
CVE-2017-7309;0.573190000;0.990480000
CVE-2017-7308;0.178270000;0.970730000
CVE-2017-7307;0.003330000;0.241200000
CVE-2017-7306;0.003610000;0.273140000
CVE-2017-7305;0.002800000;0.183900000
CVE-2017-7304;0.020950000;0.809000000
CVE-2017-7303;0.022170000;0.819480000
CVE-2017-7302;0.023760000;0.831850000
CVE-2017-7301;0.023960000;0.833310000
CVE-2017-7300;0.023660000;0.831210000
CVE-2017-7299;0.011260000;0.649570000
CVE-2017-7298;0.008240000;0.556540000
CVE-2017-7297;0.014890000;0.730290000
CVE-2017-7296;0.007610000;0.534780000
CVE-2017-7295;0.010480000;0.627890000
CVE-2017-7294;0.003800000;0.293990000
CVE-2017-7293;0.026310000;0.849360000
CVE-2017-7290;0.022990000;0.826070000
CVE-2017-7288;0.016600000;0.756920000
CVE-2017-7285;0.193400000;0.972600000
CVE-2017-7284;0.026560000;0.850860000
CVE-2017-7283;0.042800000;0.907580000
CVE-2017-7282;0.042810000;0.907580000
CVE-2017-7281;0.043180000;0.908230000
CVE-2017-7280;0.061790000;0.932490000
CVE-2017-7279;0.043940000;0.909660000
CVE-2017-7278;0.018030000;0.776320000
CVE-2017-7277;0.003910000;0.306260000
CVE-2017-7276;0.006350000;0.483380000
CVE-2017-7275;0.013870000;0.711300000
CVE-2017-7274;0.016140000;0.750000000
CVE-2017-7273;0.004540000;0.369340000
CVE-2017-7272;0.035140000;0.887820000
CVE-2017-7271;0.010420000;0.626410000
CVE-2017-7269;0.998230000;0.999590000
CVE-2017-7266;0.009650000;0.601600000
CVE-2017-7264;0.014350000;0.720280000
CVE-2017-7263;0.015800000;0.745100000
CVE-2017-7262;0.003810000;0.294120000
CVE-2017-7261;0.003800000;0.293710000
CVE-2017-7258;0.022480000;0.822050000
CVE-2017-7257;0.005200000;0.418660000
CVE-2017-7256;0.005200000;0.418660000
CVE-2017-7255;0.005200000;0.418660000
CVE-2017-7253;0.026140000;0.848170000
CVE-2017-7252;0.003150000;0.218650000
CVE-2017-7251;0.009800000;0.606940000
CVE-2017-7250;0.010510000;0.628680000
CVE-2017-7249;0.010730000;0.635210000
CVE-2017-7248;0.010510000;0.628690000
CVE-2017-7247;0.010510000;0.628680000
CVE-2017-7246;0.025980000;0.847290000
CVE-2017-7245;0.022870000;0.825070000
CVE-2017-7244;0.019950000;0.798760000
CVE-2017-7243;0.018090000;0.777130000
CVE-2017-7242;0.007610000;0.534770000
CVE-2017-7241;0.009290000;0.589900000
CVE-2017-7240;0.174100000;0.970250000
CVE-2017-7239;0.036070000;0.890670000
CVE-2017-7237;0.067240000;0.937130000
CVE-2017-7236;0.017920000;0.775000000
CVE-2017-7235;0.015480000;0.740220000
CVE-2017-7234;0.018450000;0.781830000
CVE-2017-7233;0.024040000;0.833860000
CVE-2017-7231;0.011600000;0.658190000
CVE-2017-7230;0.138050000;0.963920000
CVE-2017-7229;0.007600000;0.534630000
CVE-2017-7228;0.015690000;0.743410000
CVE-2017-7227;0.024970000;0.840500000
CVE-2017-7226;0.024560000;0.837730000
CVE-2017-7225;0.024540000;0.837650000
CVE-2017-7224;0.011130000;0.646350000
CVE-2017-7223;0.019560000;0.794640000
CVE-2017-7222;0.008130000;0.552680000
CVE-2017-7221;0.042320000;0.906680000
CVE-2017-7220;0.020320000;0.802700000
CVE-2017-7219;0.048560000;0.917190000
CVE-2017-7218;0.005440000;0.434020000
CVE-2017-7217;0.010650000;0.632980000
CVE-2017-7216;0.011970000;0.668560000
CVE-2017-7215;0.017930000;0.775190000
CVE-2017-7214;0.023020000;0.826300000
CVE-2017-7213;0.080870000;0.946200000
CVE-2017-7210;0.012170000;0.673790000
CVE-2017-7209;0.012170000;0.673790000
CVE-2017-7208;0.011230000;0.648690000
CVE-2017-7207;0.022930000;0.825530000
CVE-2017-7206;0.010080000;0.615860000
CVE-2017-7205;0.008780000;0.574100000
CVE-2017-7204;0.007170000;0.519130000
CVE-2017-7203;0.008120000;0.552510000
CVE-2017-7202;0.006930000;0.509490000
CVE-2017-7200;0.020570000;0.805190000
CVE-2017-7199;0.003530000;0.263530000
CVE-2017-7192;0.019050000;0.788960000
CVE-2017-7191;0.033600000;0.882750000
CVE-2017-7189;0.024920000;0.840220000
CVE-2017-7188;0.013930000;0.712520000
CVE-2017-7187;0.004140000;0.331510000
CVE-2017-7186;0.050330000;0.919690000
CVE-2017-7185;0.122510000;0.960420000
CVE-2017-7184;0.017980000;0.775750000
CVE-2017-7183;0.059490000;0.930210000
CVE-2017-7180;0.010510000;0.629000000
CVE-2017-7178;0.040180000;0.902150000
CVE-2017-7177;0.012560000;0.683310000
CVE-2017-7175;0.065490000;0.935760000
CVE-2017-7174;0.024310000;0.835990000
CVE-2017-7173;0.013550000;0.704990000
CVE-2017-7172;0.022910000;0.825420000
CVE-2017-7171;0.012550000;0.682940000
CVE-2017-7170;0.012150000;0.673360000
CVE-2017-7167;0.013390000;0.701400000
CVE-2017-7165;0.027040000;0.853730000
CVE-2017-7164;0.008100000;0.551670000
CVE-2017-7163;0.012110000;0.672610000
CVE-2017-7162;0.013310000;0.699610000
CVE-2017-7161;0.021270000;0.811860000
CVE-2017-7160;0.026410000;0.849900000
CVE-2017-7159;0.012220000;0.675030000
CVE-2017-7158;0.011270000;0.649950000
CVE-2017-7157;0.024000000;0.833570000
CVE-2017-7156;0.024000000;0.833570000
CVE-2017-7155;0.012110000;0.672610000
CVE-2017-7154;0.011340000;0.651370000
CVE-2017-7153;0.019220000;0.790890000
CVE-2017-7152;0.009100000;0.583820000
CVE-2017-7151;0.009990000;0.613120000
CVE-2017-7150;0.003280000;0.233740000
CVE-2017-7149;0.004980000;0.402180000
CVE-2017-7148;0.006470000;0.489370000
CVE-2017-7147;0.009180000;0.586430000
CVE-2017-7146;0.008570000;0.567610000
CVE-2017-7145;0.007790000;0.541030000
CVE-2017-7144;0.013390000;0.701460000
CVE-2017-7143;0.003400000;0.248760000
CVE-2017-7142;0.017050000;0.763490000
CVE-2017-7141;0.015000000;0.732300000
CVE-2017-7140;0.009050000;0.582070000
CVE-2017-7139;0.002970000;0.200240000
CVE-2017-7138;0.003100000;0.213380000
CVE-2017-7137;0.015800000;0.745070000
CVE-2017-7136;0.015800000;0.745070000
CVE-2017-7135;0.015800000;0.745070000
CVE-2017-7134;0.015800000;0.745070000
CVE-2017-7133;0.011130000;0.646140000
CVE-2017-7132;0.015110000;0.734230000
CVE-2017-7131;0.007540000;0.532230000
CVE-2017-7130;0.017920000;0.774940000
CVE-2017-7129;0.017920000;0.774940000
CVE-2017-7128;0.017920000;0.774940000
CVE-2017-7127;0.013680000;0.707520000
CVE-2017-7126;0.026020000;0.847460000
CVE-2017-7125;0.013520000;0.704240000
CVE-2017-7124;0.013520000;0.704240000
CVE-2017-7123;0.013520000;0.704240000
CVE-2017-7122;0.013520000;0.704230000
CVE-2017-7121;0.013520000;0.704240000
CVE-2017-7120;0.016170000;0.750470000
CVE-2017-7119;0.009110000;0.583900000
CVE-2017-7118;0.010570000;0.630420000
CVE-2017-7117;0.101960000;0.955150000
CVE-2017-7116;0.018240000;0.779200000
CVE-2017-7115;0.076720000;0.943860000
CVE-2017-7114;0.013680000;0.707520000
CVE-2017-7113;0.002930000;0.195970000
CVE-2017-7112;0.042670000;0.907330000
CVE-2017-7111;0.016030000;0.748470000
CVE-2017-7110;0.042670000;0.907330000
CVE-2017-7109;0.009700000;0.603650000
CVE-2017-7108;0.042670000;0.907320000
CVE-2017-7107;0.016170000;0.750480000
CVE-2017-7106;0.015310000;0.737350000
CVE-2017-7105;0.042670000;0.907330000
CVE-2017-7104;0.016010000;0.748170000
CVE-2017-7103;0.026810000;0.852420000
CVE-2017-7102;0.016030000;0.748480000
CVE-2017-7100;0.016010000;0.748190000
CVE-2017-7099;0.016030000;0.748470000
CVE-2017-7098;0.016010000;0.748180000
CVE-2017-7097;0.008530000;0.565810000
CVE-2017-7096;0.016030000;0.748480000
CVE-2017-7095;0.016030000;0.748480000
CVE-2017-7094;0.016010000;0.748170000
CVE-2017-7093;0.016010000;0.748170000
CVE-2017-7092;0.053450000;0.923430000
CVE-2017-7091;0.016010000;0.748180000
CVE-2017-7090;0.019510000;0.794170000
CVE-2017-7089;0.067330000;0.937230000
CVE-2017-7088;0.018760000;0.785590000
CVE-2017-7087;0.016010000;0.748180000
CVE-2017-7086;0.022390000;0.821370000
CVE-2017-7085;0.014940000;0.731090000
CVE-2017-7084;0.011530000;0.656630000
CVE-2017-7083;0.015680000;0.743330000
CVE-2017-7082;0.003480000;0.257880000
CVE-2017-7081;0.016010000;0.748180000
CVE-2017-7080;0.010730000;0.635160000
CVE-2017-7079;0.009410000;0.594140000
CVE-2017-7078;0.009430000;0.594680000
CVE-2017-7077;0.013240000;0.697830000
CVE-2017-7076;0.015800000;0.745080000
CVE-2017-7075;0.002780000;0.181250000
CVE-2017-7074;0.008530000;0.565810000
CVE-2017-7072;0.010570000;0.630430000
CVE-2017-7071;0.013140000;0.695890000
CVE-2017-7070;0.002930000;0.195720000
CVE-2017-7069;0.013300000;0.699170000
CVE-2017-7068;0.025140000;0.841700000
CVE-2017-7067;0.009110000;0.583900000
CVE-2017-7066;0.004300000;0.347200000
CVE-2017-7065;0.011200000;0.648030000
CVE-2017-7064;0.041230000;0.904440000
CVE-2017-7063;0.027720000;0.857580000
CVE-2017-7062;0.041030000;0.904010000
CVE-2017-7061;0.079550000;0.945480000
CVE-2017-7060;0.010620000;0.631890000
CVE-2017-7059;0.009300000;0.590290000
CVE-2017-7058;0.003480000;0.257880000
CVE-2017-7056;0.080590000;0.946020000
CVE-2017-7055;0.018450000;0.781870000
CVE-2017-7054;0.006900000;0.508320000
CVE-2017-7053;0.012540000;0.682640000
CVE-2017-7052;0.015340000;0.737780000
CVE-2017-7051;0.006900000;0.508330000
CVE-2017-7050;0.006900000;0.508320000
CVE-2017-7049;0.062170000;0.932870000
CVE-2017-7048;0.072490000;0.941270000
CVE-2017-7047;0.067260000;0.937160000
CVE-2017-7046;0.072090000;0.941010000
CVE-2017-7045;0.009110000;0.583890000
CVE-2017-7044;0.013240000;0.697830000
CVE-2017-7043;0.063130000;0.933750000
CVE-2017-7042;0.088840000;0.950500000
CVE-2017-7041;0.095000000;0.952800000
CVE-2017-7040;0.063130000;0.933750000
CVE-2017-7039;0.063130000;0.933760000
CVE-2017-7038;0.029130000;0.864710000
CVE-2017-7037;0.075160000;0.942890000
CVE-2017-7036;0.009110000;0.583900000
CVE-2017-7035;0.013240000;0.697830000
CVE-2017-7034;0.019050000;0.788960000
CVE-2017-7033;0.015800000;0.745060000
CVE-2017-7032;0.013240000;0.697850000
CVE-2017-7031;0.018100000;0.777400000
CVE-2017-7030;0.019050000;0.788960000
CVE-2017-7029;0.009310000;0.590710000
CVE-2017-7028;0.009310000;0.590720000
CVE-2017-7027;0.013680000;0.707520000
CVE-2017-7026;0.013680000;0.707510000
CVE-2017-7025;0.022390000;0.821380000
CVE-2017-7024;0.022390000;0.821380000
CVE-2017-7023;0.022390000;0.821370000
CVE-2017-7022;0.022390000;0.821370000
CVE-2017-7021;0.013240000;0.697840000
CVE-2017-7020;0.016010000;0.748190000
CVE-2017-7019;0.016030000;0.748480000
CVE-2017-7018;0.070380000;0.939670000
CVE-2017-7017;0.013240000;0.697850000
CVE-2017-7016;0.015800000;0.745080000
CVE-2017-7015;0.010360000;0.624670000
CVE-2017-7014;0.013240000;0.697840000
CVE-2017-7013;0.010490000;0.628310000
CVE-2017-7012;0.015650000;0.742840000
CVE-2017-7011;0.012670000;0.685680000
CVE-2017-7010;0.010490000;0.628310000
CVE-2017-7009;0.013680000;0.707520000
CVE-2017-7008;0.015970000;0.747610000
CVE-2017-7007;0.018890000;0.787070000
CVE-2017-7006;0.013610000;0.706250000
CVE-2017-7005;0.065370000;0.935640000
CVE-2017-7004;0.027640000;0.857150000
CVE-2017-7003;0.009300000;0.590370000
CVE-2017-7002;0.017790000;0.773400000
CVE-2017-7001;0.014770000;0.728150000
CVE-2017-7000;0.029020000;0.864210000
CVE-2017-6999;0.046660000;0.914350000
CVE-2017-6998;0.042240000;0.906520000
CVE-2017-6997;0.046660000;0.914350000
CVE-2017-6996;0.042240000;0.906530000
CVE-2017-6995;0.042240000;0.906530000
CVE-2017-6994;0.042200000;0.906440000
CVE-2017-6991;0.017880000;0.774480000
CVE-2017-6990;0.007940000;0.546110000
CVE-2017-6989;0.039150000;0.899370000
CVE-2017-6988;0.008500000;0.564630000
CVE-2017-6987;0.010090000;0.616240000
CVE-2017-6986;0.006580000;0.494730000
CVE-2017-6985;0.011300000;0.650570000
CVE-2017-6984;0.076550000;0.943780000
CVE-2017-6983;0.019530000;0.794430000
CVE-2017-6982;0.023940000;0.833090000
CVE-2017-6981;0.014560000;0.724280000
CVE-2017-6980;0.065660000;0.935880000
CVE-2017-6979;0.036380000;0.891570000
CVE-2017-6978;0.043010000;0.907940000
CVE-2017-6977;0.007950000;0.546390000
CVE-2017-6976;0.007930000;0.545890000
CVE-2017-6975;0.005370000;0.429550000
CVE-2017-6974;0.009930000;0.611050000
CVE-2017-6973;0.009290000;0.589910000
CVE-2017-6972;0.146030000;0.965360000
CVE-2017-6971;0.161790000;0.968280000
CVE-2017-6970;0.016780000;0.759540000
CVE-2017-6969;0.037470000;0.894790000
CVE-2017-6968;0.023430000;0.829550000
CVE-2017-6967;0.011860000;0.665870000
CVE-2017-6966;0.010320000;0.623220000
CVE-2017-6965;0.011630000;0.659290000
CVE-2017-6964;0.004690000;0.380890000
CVE-2017-6962;0.013030000;0.693510000
CVE-2017-6961;0.007960000;0.546900000
CVE-2017-6960;0.018040000;0.776600000
CVE-2017-6958;0.005740000;0.451950000
CVE-2017-6957;0.045880000;0.913170000
CVE-2017-6956;0.019840000;0.797400000
CVE-2017-6955;0.017940000;0.775280000
CVE-2017-6954;0.011210000;0.648330000
CVE-2017-6953;0.012520000;0.682250000
CVE-2017-6952;0.012560000;0.683140000
CVE-2017-6951;0.003850000;0.299010000
CVE-2017-6950;0.037850000;0.895880000
CVE-2017-6949;0.014670000;0.726580000
CVE-2017-6932;0.011740000;0.662170000
CVE-2017-6931;0.010690000;0.634290000
CVE-2017-6930;0.012860000;0.689610000
CVE-2017-6929;0.012180000;0.674040000
CVE-2017-6928;0.010200000;0.619560000
CVE-2017-6927;0.016060000;0.748920000
CVE-2017-6926;0.012070000;0.671070000
CVE-2017-6925;0.030170000;0.869210000
CVE-2017-6924;0.021020000;0.809690000
CVE-2017-6923;0.016280000;0.752110000
CVE-2017-6922;0.019470000;0.793780000
CVE-2017-6921;0.018340000;0.780400000
CVE-2017-6920;0.204820000;0.974280000
CVE-2017-6919;0.016060000;0.748890000
CVE-2017-6918;0.003890000;0.303880000
CVE-2017-6917;0.003890000;0.303890000
CVE-2017-6916;0.003890000;0.303890000
CVE-2017-6915;0.003890000;0.303890000
CVE-2017-6914;0.003820000;0.295530000
CVE-2017-6913;0.009650000;0.601570000
CVE-2017-6912;0.010320000;0.623140000
CVE-2017-6911;0.005750000;0.452220000
CVE-2017-6910;0.019290000;0.791700000
CVE-2017-6909;0.007580000;0.533880000
CVE-2017-6908;0.011910000;0.667010000
CVE-2017-6907;0.007430000;0.528510000
CVE-2017-6906;0.007470000;0.529910000
CVE-2017-6905;0.009890000;0.609840000
CVE-2017-6903;0.012910000;0.690670000
CVE-2017-6900;0.026250000;0.848840000
CVE-2017-6899;0.003470000;0.256300000
CVE-2017-6896;0.037030000;0.893460000
CVE-2017-6895;0.030190000;0.869290000
CVE-2017-6894;0.001660000;0.052860000
CVE-2017-6892;0.024850000;0.839670000
CVE-2017-6891;0.055850000;0.926120000
CVE-2017-6890;0.014790000;0.728460000
CVE-2017-6889;0.014790000;0.728460000
CVE-2017-6888;0.013450000;0.702730000
CVE-2017-6887;0.015610000;0.742310000
CVE-2017-6886;0.033620000;0.882810000
CVE-2017-6885;0.011690000;0.660770000
CVE-2017-6884;0.343670000;0.983630000
CVE-2017-6883;0.033780000;0.883350000
CVE-2017-6880;0.143210000;0.964880000
CVE-2017-6878;0.009590000;0.599670000
CVE-2017-6877;0.009810000;0.607240000
CVE-2017-6874;0.002630000;0.162530000
CVE-2017-6873;0.010310000;0.622910000
CVE-2017-6872;0.007610000;0.534870000
CVE-2017-6871;0.003170000;0.221620000
CVE-2017-6870;0.009480000;0.596210000
CVE-2017-6869;0.029800000;0.867640000
CVE-2017-6868;0.041740000;0.905490000
CVE-2017-6867;0.019230000;0.791010000
CVE-2017-6866;0.010540000;0.629830000
CVE-2017-6865;0.004690000;0.380880000
CVE-2017-6864;0.007410000;0.527990000
CVE-2017-6862;0.457480000;0.987610000
CVE-2017-6852;0.018660000;0.784480000
CVE-2017-6851;0.015080000;0.733690000
CVE-2017-6850;0.017650000;0.771480000
CVE-2017-6849;0.012830000;0.688910000
CVE-2017-6848;0.012590000;0.683960000
CVE-2017-6847;0.012600000;0.684180000
CVE-2017-6846;0.012660000;0.685570000
CVE-2017-6845;0.012880000;0.690180000
CVE-2017-6844;0.015230000;0.735910000
CVE-2017-6843;0.015300000;0.737040000
CVE-2017-6842;0.010390000;0.625250000
CVE-2017-6841;0.010480000;0.627880000
CVE-2017-6840;0.010390000;0.625250000
CVE-2017-6839;0.030240000;0.869550000
CVE-2017-6838;0.029510000;0.866430000
CVE-2017-6837;0.028460000;0.861520000
CVE-2017-6836;0.028690000;0.862550000
CVE-2017-6835;0.027700000;0.857430000
CVE-2017-6834;0.026100000;0.847970000
CVE-2017-6833;0.028130000;0.859840000
CVE-2017-6832;0.029940000;0.868250000
CVE-2017-6831;0.030910000;0.872150000
CVE-2017-6830;0.029790000;0.867570000
CVE-2017-6829;0.028460000;0.861520000
CVE-2017-6828;0.032410000;0.878140000
CVE-2017-6827;0.029400000;0.865900000
CVE-2017-6823;0.080410000;0.945950000
CVE-2017-6821;0.038300000;0.897170000
CVE-2017-6820;0.012820000;0.688770000
CVE-2017-6819;0.021970000;0.817820000
CVE-2017-6818;0.026070000;0.847790000
CVE-2017-6817;0.019650000;0.795460000
CVE-2017-6816;0.031340000;0.873810000
CVE-2017-6815;0.028090000;0.859600000
CVE-2017-6814;0.028550000;0.861930000
CVE-2017-6813;0.025690000;0.845300000
CVE-2017-6812;0.006370000;0.484210000
CVE-2017-6811;0.006370000;0.484210000
CVE-2017-6810;0.006240000;0.477800000
CVE-2017-6809;0.006370000;0.484220000
CVE-2017-6808;0.006370000;0.484210000
CVE-2017-6807;0.010680000;0.634080000
CVE-2017-6805;0.077960000;0.944590000
CVE-2017-6803;0.043510000;0.908860000
CVE-2017-6802;0.014190000;0.717300000
CVE-2017-6801;0.019450000;0.793550000
CVE-2017-6800;0.017200000;0.765430000
CVE-2017-6799;0.035420000;0.888630000
CVE-2017-6798;0.038780000;0.898480000
CVE-2017-6797;0.022890000;0.825250000
CVE-2017-6796;0.004450000;0.361730000
CVE-2017-6795;0.003530000;0.264280000
CVE-2017-6794;0.008410000;0.561930000
CVE-2017-6793;0.012030000;0.669950000
CVE-2017-6792;0.019210000;0.790860000
CVE-2017-6791;0.023220000;0.827890000
CVE-2017-6790;0.020320000;0.802730000
CVE-2017-6789;0.012950000;0.691520000
CVE-2017-6788;0.012200000;0.674710000
CVE-2017-6786;0.002990000;0.202450000
CVE-2017-6785;0.015810000;0.745300000
CVE-2017-6784;0.017020000;0.762940000
CVE-2017-6783;0.013390000;0.701500000
CVE-2017-6782;0.008910000;0.578020000
CVE-2017-6781;0.002550000;0.153540000
CVE-2017-6780;0.017380000;0.767790000
CVE-2017-6779;0.019840000;0.797430000
CVE-2017-6778;0.012030000;0.669950000
CVE-2017-6777;0.012160000;0.673580000
CVE-2017-6776;0.008680000;0.571140000
CVE-2017-6775;0.003450000;0.254770000
CVE-2017-6774;0.011700000;0.661130000
CVE-2017-6773;0.004210000;0.338940000
CVE-2017-6772;0.009410000;0.593940000
CVE-2017-6771;0.017070000;0.763640000
CVE-2017-6770;0.016930000;0.761710000
CVE-2017-6769;0.008910000;0.578030000
CVE-2017-6768;0.004220000;0.339610000
CVE-2017-6767;0.011800000;0.664160000
CVE-2017-6766;0.011620000;0.658920000
CVE-2017-6765;0.017100000;0.764130000
CVE-2017-6764;0.012420000;0.679780000
CVE-2017-6763;0.023220000;0.827890000
CVE-2017-6762;0.012340000;0.678050000
CVE-2017-6761;0.012340000;0.678060000
CVE-2017-6759;0.015430000;0.739410000
CVE-2017-6758;0.037520000;0.894890000
CVE-2017-6757;0.016070000;0.749140000
CVE-2017-6756;0.008310000;0.558780000
CVE-2017-6755;0.012800000;0.688480000
CVE-2017-6754;0.012960000;0.691850000
CVE-2017-6753;0.059510000;0.930230000
CVE-2017-6752;0.032130000;0.877060000
CVE-2017-6751;0.019630000;0.795310000
CVE-2017-6750;0.026520000;0.850440000
CVE-2017-6749;0.012280000;0.676640000
CVE-2017-6748;0.008180000;0.554170000
CVE-2017-6747;0.054760000;0.924790000
CVE-2017-6746;0.043970000;0.909710000
CVE-2017-6745;0.017380000;0.767790000
CVE-2017-6744;0.072920000;0.941540000
CVE-2017-6743;0.108550000;0.957140000
CVE-2017-6742;0.214240000;0.975330000
CVE-2017-6741;0.066460000;0.936440000
CVE-2017-6740;0.111000000;0.957870000
CVE-2017-6739;0.108550000;0.957140000
CVE-2017-6738;0.108550000;0.957140000
CVE-2017-6737;0.452400000;0.987470000
CVE-2017-6736;0.703540000;0.993670000
CVE-2017-6735;0.004200000;0.337730000
CVE-2017-6734;0.008910000;0.578020000
CVE-2017-6733;0.012800000;0.688470000
CVE-2017-6732;0.003130000;0.217310000
CVE-2017-6731;0.015890000;0.746360000
CVE-2017-6730;0.017020000;0.762940000
CVE-2017-6729;0.022970000;0.825940000
CVE-2017-6728;0.003180000;0.221750000
CVE-2017-6727;0.021970000;0.817780000
CVE-2017-6726;0.003120000;0.216120000
CVE-2017-6725;0.012800000;0.688480000
CVE-2017-6724;0.012800000;0.688480000
CVE-2017-6722;0.011540000;0.656840000
CVE-2017-6721;0.021970000;0.817790000
CVE-2017-6720;0.013950000;0.712870000
CVE-2017-6719;0.007120000;0.516890000
CVE-2017-6718;0.003750000;0.288190000
CVE-2017-6717;0.006420000;0.486650000
CVE-2017-6716;0.006420000;0.486610000
CVE-2017-6715;0.006420000;0.486660000
CVE-2017-6714;0.042000000;0.906010000
CVE-2017-6713;0.029270000;0.865360000
CVE-2017-6712;0.020460000;0.804130000
CVE-2017-6711;0.015550000;0.741570000
CVE-2017-6710;0.018090000;0.777150000
CVE-2017-6709;0.012920000;0.690880000
CVE-2017-6708;0.014560000;0.724130000
CVE-2017-6707;0.007870000;0.543730000
CVE-2017-6706;0.003840000;0.298210000
CVE-2017-6705;0.003510000;0.262270000
CVE-2017-6704;0.029920000;0.868160000
CVE-2017-6703;0.015300000;0.737000000
CVE-2017-6702;0.012800000;0.688460000
CVE-2017-6701;0.012800000;0.688470000
CVE-2017-6700;0.012800000;0.688470000
CVE-2017-6699;0.012800000;0.688470000
CVE-2017-6698;0.009380000;0.593320000
CVE-2017-6697;0.012030000;0.669960000
CVE-2017-6696;0.003070000;0.210450000
CVE-2017-6695;0.003070000;0.210450000
CVE-2017-6694;0.002750000;0.178990000
CVE-2017-6693;0.002750000;0.178990000
CVE-2017-6692;0.022760000;0.824140000
CVE-2017-6691;0.012030000;0.669960000
CVE-2017-6690;0.012800000;0.688410000
CVE-2017-6689;0.014990000;0.732160000
CVE-2017-6688;0.022760000;0.824140000
CVE-2017-6687;0.014990000;0.732160000
CVE-2017-6686;0.014990000;0.732170000
CVE-2017-6685;0.014990000;0.732170000
CVE-2017-6684;0.022760000;0.824140000
CVE-2017-6683;0.058560000;0.929350000
CVE-2017-6682;0.022070000;0.818640000
CVE-2017-6681;0.025590000;0.844640000
CVE-2017-6680;0.013520000;0.704300000
CVE-2017-6679;0.003380000;0.246180000
CVE-2017-6678;0.017380000;0.767780000
CVE-2017-6675;0.009110000;0.584060000
CVE-2017-6674;0.015530000;0.741120000
CVE-2017-6673;0.014490000;0.722860000
CVE-2017-6672;0.018330000;0.780330000
CVE-2017-6671;0.019570000;0.794720000
CVE-2017-6670;0.012010000;0.669410000
CVE-2017-6669;0.015940000;0.747140000
CVE-2017-6668;0.013090000;0.694840000
CVE-2017-6667;0.048410000;0.916930000
CVE-2017-6666;0.003230000;0.227620000
CVE-2017-6665;0.004300000;0.347310000
CVE-2017-6664;0.009240000;0.588310000
CVE-2017-6663;0.021170000;0.810960000
CVE-2017-6662;0.023590000;0.830790000
CVE-2017-6661;0.012420000;0.679920000
CVE-2017-6659;0.007970000;0.547240000
CVE-2017-6658;0.010600000;0.631540000
CVE-2017-6657;0.010600000;0.631540000
CVE-2017-6656;0.016610000;0.757210000
CVE-2017-6655;0.006830000;0.505800000
CVE-2017-6654;0.016450000;0.754780000
CVE-2017-6653;0.021390000;0.812890000
CVE-2017-6652;0.036000000;0.890480000
CVE-2017-6651;0.020210000;0.801550000
CVE-2017-6650;0.009090000;0.583400000
CVE-2017-6649;0.009270000;0.589300000
CVE-2017-6648;0.035640000;0.889250000
CVE-2017-6647;0.026630000;0.851310000
CVE-2017-6646;0.026630000;0.851310000
CVE-2017-6645;0.026630000;0.851310000
CVE-2017-6644;0.026630000;0.851320000
CVE-2017-6643;0.026630000;0.851320000
CVE-2017-6642;0.026630000;0.851310000
CVE-2017-6641;0.023940000;0.833170000
CVE-2017-6640;0.107160000;0.956730000
CVE-2017-6639;0.353880000;0.983990000
CVE-2017-6638;0.003710000;0.284420000
CVE-2017-6637;0.078440000;0.944850000
CVE-2017-6636;0.058830000;0.929630000
CVE-2017-6635;0.097290000;0.953590000
CVE-2017-6634;0.007970000;0.547240000
CVE-2017-6633;0.021390000;0.812890000
CVE-2017-6632;0.023940000;0.833170000
CVE-2017-6631;0.017380000;0.767790000
CVE-2017-6630;0.023730000;0.831630000
CVE-2017-6629;0.025140000;0.841730000
CVE-2017-6628;0.016830000;0.760390000
CVE-2017-6627;0.061580000;0.932320000
CVE-2017-6626;0.023010000;0.826210000
CVE-2017-6625;0.018250000;0.779310000
CVE-2017-6624;0.013850000;0.711010000
CVE-2017-6623;0.003200000;0.224670000
CVE-2017-6622;0.621700000;0.991560000
CVE-2017-6621;0.061740000;0.932470000
CVE-2017-6620;0.016330000;0.753060000
CVE-2017-6619;0.026400000;0.849880000
CVE-2017-6618;0.009280000;0.589900000
CVE-2017-6617;0.009670000;0.602850000
CVE-2017-6616;0.042410000;0.906820000
CVE-2017-6615;0.016830000;0.760330000
CVE-2017-6614;0.017380000;0.767710000
CVE-2017-6613;0.019860000;0.797750000
CVE-2017-6612;0.018980000;0.788280000
CVE-2017-6611;0.011710000;0.661380000
CVE-2017-6610;0.030140000;0.869100000
CVE-2017-6609;0.028420000;0.861340000
CVE-2017-6608;0.045530000;0.912600000
CVE-2017-6607;0.024120000;0.834530000
CVE-2017-6606;0.005030000;0.405410000
CVE-2017-6605;0.008910000;0.578010000
CVE-2017-6604;0.012010000;0.669410000
CVE-2017-6603;0.006620000;0.496200000
CVE-2017-6602;0.008040000;0.549530000
CVE-2017-6601;0.008200000;0.555390000
CVE-2017-6600;0.008100000;0.551670000
CVE-2017-6599;0.020450000;0.804010000
CVE-2017-6598;0.003990000;0.314820000
CVE-2017-6597;0.008100000;0.551670000
CVE-2017-6596;0.007880000;0.544070000
CVE-2017-6594;0.017590000;0.770660000
CVE-2017-6591;0.008480000;0.564090000
CVE-2017-6590;0.002690000;0.170770000
CVE-2017-6589;0.006830000;0.505500000
CVE-2017-6578;0.017010000;0.762890000
CVE-2017-6577;0.017010000;0.762900000
CVE-2017-6576;0.017010000;0.762900000
CVE-2017-6575;0.017010000;0.762890000
CVE-2017-6574;0.017010000;0.762900000
CVE-2017-6573;0.017010000;0.762880000
CVE-2017-6572;0.017010000;0.762890000
CVE-2017-6571;0.017010000;0.762910000
CVE-2017-6570;0.017010000;0.762900000
CVE-2017-6565;0.010350000;0.624340000
CVE-2017-6564;0.008150000;0.553510000
CVE-2017-6562;0.008310000;0.558710000
CVE-2017-6561;0.008310000;0.558700000
CVE-2017-6560;0.008310000;0.558710000
CVE-2017-6559;0.008310000;0.558710000
CVE-2017-6558;0.152650000;0.966540000
CVE-2017-6557;0.010580000;0.630720000
CVE-2017-6556;0.006070000;0.469220000
CVE-2017-6555;0.006070000;0.469220000
CVE-2017-6554;0.155640000;0.967200000
CVE-2017-6553;0.422920000;0.986550000
CVE-2017-6552;0.045950000;0.913280000
CVE-2017-6551;0.035220000;0.888040000
CVE-2017-6550;0.039740000;0.901170000
CVE-2017-6549;0.075520000;0.943100000
CVE-2017-6548;0.213420000;0.975270000
CVE-2017-6547;0.017010000;0.762810000
CVE-2017-6544;0.006610000;0.496070000
CVE-2017-6543;0.008430000;0.562490000
CVE-2017-6542;0.218160000;0.975660000
CVE-2017-6541;0.008360000;0.560160000
CVE-2017-6540;0.006410000;0.485920000
CVE-2017-6539;0.006410000;0.485920000
CVE-2017-6538;0.006410000;0.485930000
CVE-2017-6537;0.008360000;0.560160000
CVE-2017-6536;0.006410000;0.485920000
CVE-2017-6535;0.006410000;0.485920000
CVE-2017-6534;0.006410000;0.485910000
CVE-2017-6533;0.007130000;0.517250000
CVE-2017-6532;0.014560000;0.724300000
CVE-2017-6531;0.015360000;0.738270000
CVE-2017-6530;0.014560000;0.724300000
CVE-2017-6529;0.029020000;0.864230000
CVE-2017-6528;0.034380000;0.885330000
CVE-2017-6527;0.566470000;0.990330000
CVE-2017-6526;0.574000000;0.990500000
CVE-2017-6520;0.019820000;0.797200000
CVE-2017-6519;0.032380000;0.878010000
CVE-2017-6518;0.007770000;0.540240000
CVE-2017-6517;0.463420000;0.987780000
CVE-2017-6516;0.052900000;0.922890000
CVE-2017-6514;0.030080000;0.868870000
CVE-2017-6513;0.013180000;0.696590000
CVE-2017-6512;0.023590000;0.830780000
CVE-2017-6511;0.007320000;0.524350000
CVE-2017-6510;0.153480000;0.966640000
CVE-2017-6509;0.006520000;0.491630000
CVE-2017-6508;0.031120000;0.872910000
CVE-2017-6507;0.015890000;0.746470000
CVE-2017-6506;0.116960000;0.959260000
CVE-2017-6505;0.003840000;0.297810000
CVE-2017-6504;0.006730000;0.501010000
CVE-2017-6503;0.008570000;0.567590000
CVE-2017-6502;0.008940000;0.578780000
CVE-2017-6501;0.010850000;0.638770000
CVE-2017-6500;0.013180000;0.696740000
CVE-2017-6499;0.013290000;0.698960000
CVE-2017-6498;0.013210000;0.697250000
CVE-2017-6497;0.020470000;0.804230000
CVE-2017-6492;0.013560000;0.705170000
CVE-2017-6491;0.007850000;0.542990000
CVE-2017-6490;0.007850000;0.542990000
CVE-2017-6489;0.007850000;0.542990000
CVE-2017-6488;0.007850000;0.542980000
CVE-2017-6487;0.007850000;0.542980000
CVE-2017-6486;0.007170000;0.519130000
CVE-2017-6485;0.006640000;0.497210000
CVE-2017-6484;0.007010000;0.512820000
CVE-2017-6483;0.007090000;0.515980000
CVE-2017-6481;0.007090000;0.515980000
CVE-2017-6480;0.008830000;0.575530000
CVE-2017-6479;0.006640000;0.497260000
CVE-2017-6478;0.025740000;0.845660000
CVE-2017-6474;0.029490000;0.866340000
CVE-2017-6473;0.026670000;0.851550000
CVE-2017-6472;0.026160000;0.848320000
CVE-2017-6471;0.026160000;0.848320000
CVE-2017-6470;0.028620000;0.862220000
CVE-2017-6469;0.029490000;0.866330000
CVE-2017-6468;0.025940000;0.847030000
CVE-2017-6467;0.025940000;0.847030000
CVE-2017-6466;0.015400000;0.738830000
CVE-2017-6465;0.503150000;0.988730000
CVE-2017-6464;0.051030000;0.920710000
CVE-2017-6463;0.052390000;0.922350000
CVE-2017-6462;0.004910000;0.397120000
CVE-2017-6460;0.026820000;0.852460000
CVE-2017-6459;0.004080000;0.324080000
CVE-2017-6458;0.065150000;0.935420000
CVE-2017-6455;0.004780000;0.387770000
CVE-2017-6452;0.004460000;0.362340000
CVE-2017-6451;0.004810000;0.390480000
CVE-2017-6448;0.017570000;0.770440000
CVE-2017-6446;0.006720000;0.500650000
CVE-2017-6445;0.009950000;0.611470000
CVE-2017-6444;0.134860000;0.963120000
CVE-2017-6443;0.033290000;0.881710000
CVE-2017-6441;0.018320000;0.780220000
CVE-2017-6440;0.004220000;0.340250000
CVE-2017-6439;0.005320000;0.426550000
CVE-2017-6438;0.006500000;0.491030000
CVE-2017-6437;0.004260000;0.343680000
CVE-2017-6436;0.005070000;0.408670000
CVE-2017-6435;0.005270000;0.423320000
CVE-2017-6432;0.009070000;0.582710000
CVE-2017-6430;0.019720000;0.796150000
CVE-2017-6429;0.025010000;0.840760000
CVE-2017-6427;0.072340000;0.941170000
CVE-2017-6426;0.004050000;0.321560000
CVE-2017-6425;0.004050000;0.321560000
CVE-2017-6424;0.001760000;0.064400000
CVE-2017-6423;0.001730000;0.059700000
CVE-2017-6421;0.005130000;0.413450000
CVE-2017-6420;0.013750000;0.709150000
CVE-2017-6419;0.019760000;0.796640000
CVE-2017-6418;0.014150000;0.716650000
CVE-2017-6417;0.009350000;0.592050000
CVE-2017-6416;0.108570000;0.957140000
CVE-2017-6415;0.012610000;0.684440000
CVE-2017-6414;0.004440000;0.361270000
CVE-2017-6413;0.042530000;0.907040000
CVE-2017-6412;0.075380000;0.943010000
CVE-2017-6411;0.029820000;0.867690000
CVE-2017-6410;0.008280000;0.557870000
CVE-2017-6409;0.013620000;0.706410000
CVE-2017-6408;0.002220000;0.114950000
CVE-2017-6407;0.010240000;0.620890000
CVE-2017-6406;0.004440000;0.360900000
CVE-2017-6405;0.008260000;0.557100000
CVE-2017-6404;0.002560000;0.154340000
CVE-2017-6403;0.266770000;0.979580000
CVE-2017-6402;0.009060000;0.582660000
CVE-2017-6401;0.003640000;0.277170000
CVE-2017-6400;0.004440000;0.360900000
CVE-2017-6399;0.010000000;0.613170000
CVE-2017-6398;0.540680000;0.989720000
CVE-2017-6397;0.008380000;0.560820000
CVE-2017-6396;0.008240000;0.556440000
CVE-2017-6395;0.006240000;0.477800000
CVE-2017-6394;0.012140000;0.673100000
CVE-2017-6393;0.009580000;0.599300000
CVE-2017-6392;0.008650000;0.570150000
CVE-2017-6391;0.008480000;0.564000000
CVE-2017-6390;0.009230000;0.588030000
CVE-2017-6387;0.010650000;0.633470000
CVE-2017-6386;0.003920000;0.306660000
CVE-2017-6384;0.019590000;0.794910000
CVE-2017-6381;0.039010000;0.899010000
CVE-2017-6379;0.007800000;0.541210000
CVE-2017-6377;0.018910000;0.787370000
CVE-2017-6371;0.046760000;0.914510000
CVE-2017-6370;0.009870000;0.609440000
CVE-2017-6369;0.032730000;0.879570000
CVE-2017-6367;0.086100000;0.949140000
CVE-2017-6366;0.034740000;0.886600000
CVE-2017-6363;0.013990000;0.713830000
CVE-2017-6362;0.051020000;0.920690000
CVE-2017-6361;0.568470000;0.990370000
CVE-2017-6360;0.661460000;0.992540000
CVE-2017-6359;0.268540000;0.979690000
CVE-2017-6356;0.009780000;0.606630000
CVE-2017-6355;0.004300000;0.347220000
CVE-2017-6353;0.003740000;0.287830000
CVE-2017-6351;0.071170000;0.940320000
CVE-2017-6350;0.032290000;0.877670000
CVE-2017-6349;0.027180000;0.854480000
CVE-2017-6348;0.003810000;0.294280000
CVE-2017-6347;0.004380000;0.355560000
CVE-2017-6346;0.002960000;0.199300000
CVE-2017-6345;0.004040000;0.320530000
CVE-2017-6344;0.012330000;0.677920000
CVE-2017-6343;0.603490000;0.991150000
CVE-2017-6342;0.127570000;0.961410000
CVE-2017-6341;0.089020000;0.950600000
CVE-2017-6340;0.024650000;0.838410000
CVE-2017-6339;0.040710000;0.903260000
CVE-2017-6338;0.039190000;0.899650000
CVE-2017-6335;0.019320000;0.792050000
CVE-2017-6334;0.726400000;0.994280000
CVE-2017-6331;0.016870000;0.760970000
CVE-2017-6330;0.012450000;0.680660000
CVE-2017-6329;0.005820000;0.455890000
CVE-2017-6328;0.021390000;0.812850000
CVE-2017-6327;0.359110000;0.984210000
CVE-2017-6326;0.727590000;0.994320000
CVE-2017-6325;0.025030000;0.840890000
CVE-2017-6324;0.013030000;0.693350000
CVE-2017-6323;0.004930000;0.398490000
CVE-2017-6320;0.110810000;0.957800000
CVE-2017-6319;0.012510000;0.682110000
CVE-2017-6318;0.029630000;0.866890000
CVE-2017-6317;0.003610000;0.273290000
CVE-2017-6316;0.730300000;0.994400000
CVE-2017-6315;0.165680000;0.969070000
CVE-2017-6314;0.018600000;0.783820000
CVE-2017-6313;0.019350000;0.792390000
CVE-2017-6312;0.020150000;0.801020000
CVE-2017-6311;0.034700000;0.886420000
CVE-2017-6310;0.014110000;0.715840000
CVE-2017-6309;0.014110000;0.715850000
CVE-2017-6308;0.015400000;0.738830000
CVE-2017-6307;0.014110000;0.715840000
CVE-2017-6306;0.021110000;0.810460000
CVE-2017-6305;0.012230000;0.675580000
CVE-2017-6304;0.012230000;0.675570000
CVE-2017-6303;0.012840000;0.689150000
CVE-2017-6302;0.012220000;0.674960000
CVE-2017-6301;0.012230000;0.675570000
CVE-2017-6300;0.013450000;0.702730000
CVE-2017-6299;0.011750000;0.662900000
CVE-2017-6298;0.014510000;0.723140000
CVE-2017-6297;0.007430000;0.528550000
CVE-2017-6296;0.000980000;0.007210000
CVE-2017-6295;0.001350000;0.024640000
CVE-2017-6294;0.001590000;0.043570000
CVE-2017-6293;0.001610000;0.045610000
CVE-2017-6292;0.001870000;0.074870000
CVE-2017-6290;0.001870000;0.074870000
CVE-2017-6289;0.001680000;0.054840000
CVE-2017-6288;0.001290000;0.021410000
CVE-2017-6287;0.001290000;0.021410000
CVE-2017-6286;0.001500000;0.035170000
CVE-2017-6285;0.001290000;0.021410000
CVE-2017-6284;0.000750000;0.000680000
CVE-2017-6283;0.001530000;0.037190000
CVE-2017-6282;0.001480000;0.033400000
CVE-2017-6281;0.001500000;0.035170000
CVE-2017-6280;0.004310000;0.348420000
CVE-2017-6279;0.001540000;0.038200000
CVE-2017-6278;0.003190000;0.223010000
CVE-2017-6277;0.004010000;0.317290000
CVE-2017-6276;0.001890000;0.076220000
CVE-2017-6275;0.004120000;0.328610000
CVE-2017-6274;0.004510000;0.366300000
CVE-2017-6273;0.003420000;0.251670000
CVE-2017-6272;0.004260000;0.343130000
CVE-2017-6271;0.003270000;0.232550000
CVE-2017-6270;0.002980000;0.201690000
CVE-2017-6269;0.003730000;0.286880000
CVE-2017-6268;0.003840000;0.298220000
CVE-2017-6267;0.003590000;0.271120000
CVE-2017-6266;0.003590000;0.271130000
CVE-2017-6264;0.016060000;0.749040000
CVE-2017-6263;0.001730000;0.059870000
CVE-2017-6262;0.001560000;0.040390000
CVE-2017-6261;0.004220000;0.339680000
CVE-2017-6260;0.002780000;0.182110000
CVE-2017-6259;0.009870000;0.609400000
CVE-2017-6258;0.001540000;0.038190000
CVE-2017-6257;0.003890000;0.303810000
CVE-2017-6256;0.003110000;0.214780000
CVE-2017-6255;0.003320000;0.238790000
CVE-2017-6254;0.003320000;0.238790000
CVE-2017-6253;0.003320000;0.238790000
CVE-2017-6252;0.003320000;0.238800000
CVE-2017-6251;0.002900000;0.193490000
CVE-2017-6250;0.003520000;0.263420000
CVE-2017-6249;0.008160000;0.553540000
CVE-2017-6248;0.008160000;0.553540000
CVE-2017-6247;0.008180000;0.554290000
CVE-2017-6230;0.022680000;0.823530000
CVE-2017-6229;0.022680000;0.823530000
CVE-2017-6227;0.005420000;0.432700000
CVE-2017-6225;0.014300000;0.719560000
CVE-2017-6224;0.012110000;0.672270000
CVE-2017-6223;0.017200000;0.765440000
CVE-2017-6217;0.012400000;0.679280000
CVE-2017-6216;0.012400000;0.679280000
CVE-2017-6215;0.008050000;0.549900000
CVE-2017-6214;0.046660000;0.914340000
CVE-2017-6213;0.008050000;0.549900000
CVE-2017-6211;0.007850000;0.542860000
CVE-2017-6210;0.003520000;0.263190000
CVE-2017-6209;0.003880000;0.302140000
CVE-2017-6206;0.162130000;0.968360000
CVE-2017-6205;0.016790000;0.759730000
CVE-2017-6201;0.018540000;0.783090000
CVE-2017-6200;0.023110000;0.827040000
CVE-2017-6199;0.029770000;0.867460000
CVE-2017-6198;0.013800000;0.710050000
CVE-2017-6197;0.016170000;0.750600000
CVE-2017-6196;0.018090000;0.777160000
CVE-2017-6195;0.019890000;0.798100000
CVE-2017-6194;0.019000000;0.788410000
CVE-2017-6193;0.075480000;0.943070000
CVE-2017-6192;0.068650000;0.938230000
CVE-2017-6191;0.066820000;0.936700000
CVE-2017-6190;0.184180000;0.971430000
CVE-2017-6189;0.012480000;0.681540000
CVE-2017-6188;0.004210000;0.338810000
CVE-2017-6187;0.330520000;0.983100000
CVE-2017-6186;0.007520000;0.531420000
CVE-2017-6184;0.025450000;0.843780000
CVE-2017-6183;0.032110000;0.876890000
CVE-2017-6182;0.166850000;0.969250000
CVE-2017-6181;0.036470000;0.891860000
CVE-2017-6180;0.004770000;0.386820000
CVE-2017-6178;0.010420000;0.626370000
CVE-2017-6169;0.014210000;0.717660000
CVE-2017-6168;0.196370000;0.973030000
CVE-2017-6167;0.010620000;0.632110000
CVE-2017-6166;0.019280000;0.791520000
CVE-2017-6165;0.019250000;0.791260000
CVE-2017-6164;0.039350000;0.900120000
CVE-2017-6163;0.016740000;0.759030000
CVE-2017-6162;0.016740000;0.759030000
CVE-2017-6161;0.009710000;0.604040000
CVE-2017-6160;0.036450000;0.891800000
CVE-2017-6159;0.015890000;0.746450000
CVE-2017-6158;0.010980000;0.642540000
CVE-2017-6157;0.040130000;0.902050000
CVE-2017-6156;0.009050000;0.582090000
CVE-2017-6155;0.012960000;0.691840000
CVE-2017-6154;0.016640000;0.757540000
CVE-2017-6153;0.016970000;0.762330000
CVE-2017-6152;0.003030000;0.206560000
CVE-2017-6151;0.016370000;0.753650000
CVE-2017-6150;0.017360000;0.767560000
CVE-2017-6148;0.012960000;0.691840000
CVE-2017-6147;0.013310000;0.699550000
CVE-2017-6145;0.010530000;0.629470000
CVE-2017-6144;0.005990000;0.465040000
CVE-2017-6143;0.004190000;0.336890000
CVE-2017-6142;0.004010000;0.317660000
CVE-2017-6141;0.010650000;0.632990000
CVE-2017-6140;0.015850000;0.745820000
CVE-2017-6139;0.016990000;0.762620000
CVE-2017-6138;0.015850000;0.745820000
CVE-2017-6137;0.010900000;0.639990000
CVE-2017-6136;0.014100000;0.715680000
CVE-2017-6135;0.016370000;0.753650000
CVE-2017-6134;0.008660000;0.570260000
CVE-2017-6133;0.023600000;0.830830000
CVE-2017-6132;0.025370000;0.843240000
CVE-2017-6131;0.011410000;0.653160000
CVE-2017-6130;0.011470000;0.654540000
CVE-2017-6129;0.016370000;0.753650000
CVE-2017-6128;0.014030000;0.714580000
CVE-2017-6127;0.007990000;0.547720000
CVE-2017-6104;0.073250000;0.941770000
CVE-2017-6103;0.009100000;0.583820000
CVE-2017-6102;0.013530000;0.704370000
CVE-2017-6100;0.014600000;0.724950000
CVE-2017-6099;0.012440000;0.680550000
CVE-2017-6098;0.051730000;0.921550000
CVE-2017-6097;0.052170000;0.922150000
CVE-2017-6096;0.052170000;0.922140000
CVE-2017-6095;0.056430000;0.926900000
CVE-2017-6094;0.011860000;0.665700000
CVE-2017-6090;0.963850000;0.998790000
CVE-2017-6089;0.029530000;0.866460000
CVE-2017-6088;0.058350000;0.929100000
CVE-2017-6087;0.071800000;0.940860000
CVE-2017-6086;0.019980000;0.798980000
CVE-2017-6081;0.005850000;0.457800000
CVE-2017-6080;0.007270000;0.522760000
CVE-2017-6079;0.468460000;0.987890000
CVE-2017-6078;0.007190000;0.520010000
CVE-2017-6077;0.687120000;0.993220000
CVE-2017-6076;0.004870000;0.394860000
CVE-2017-6074;0.059600000;0.930340000
CVE-2017-6072;0.015900000;0.746560000
CVE-2017-6071;0.015950000;0.747280000
CVE-2017-6070;0.022620000;0.823070000
CVE-2017-6069;0.007230000;0.521380000
CVE-2017-6068;0.006130000;0.472190000
CVE-2017-6067;0.007610000;0.534780000
CVE-2017-6066;0.005910000;0.460820000
CVE-2017-6065;0.010660000;0.633560000
CVE-2017-6062;0.036330000;0.891410000
CVE-2017-6061;0.016000000;0.748000000
CVE-2017-6060;0.068000000;0.937790000
CVE-2017-6059;0.051770000;0.921600000
CVE-2017-6058;0.039180000;0.899620000
CVE-2017-6056;0.074860000;0.942700000
CVE-2017-6055;0.017270000;0.766310000
CVE-2017-6054;0.020960000;0.809120000
CVE-2017-6053;0.008250000;0.556750000
CVE-2017-6052;0.005980000;0.464640000
CVE-2017-6051;0.013560000;0.705300000
CVE-2017-6050;0.035360000;0.888420000
CVE-2017-6049;0.012510000;0.682190000
CVE-2017-6048;0.155380000;0.967150000
CVE-2017-6047;0.018380000;0.781010000
CVE-2017-6046;0.015740000;0.744240000
CVE-2017-6045;0.016790000;0.759710000
CVE-2017-6044;0.042640000;0.907260000
CVE-2017-6043;0.016890000;0.761280000
CVE-2017-6042;0.006410000;0.486060000
CVE-2017-6041;0.018480000;0.782230000
CVE-2017-6040;0.009460000;0.595440000
CVE-2017-6039;0.011680000;0.660720000
CVE-2017-6038;0.004420000;0.359240000
CVE-2017-6037;0.019460000;0.793640000
CVE-2017-6036;0.009240000;0.588450000
CVE-2017-6035;0.018470000;0.782070000
CVE-2017-6034;0.051810000;0.921650000
CVE-2017-6033;0.013400000;0.701680000
CVE-2017-6032;0.016500000;0.755480000
CVE-2017-6031;0.027540000;0.856540000
CVE-2017-6030;0.021420000;0.813200000
CVE-2017-6029;0.010140000;0.618050000
CVE-2017-6028;0.022500000;0.822160000
CVE-2017-6027;0.026330000;0.849460000
CVE-2017-6026;0.318200000;0.982450000
CVE-2017-6025;0.019980000;0.798990000
CVE-2017-6024;0.026330000;0.849420000
CVE-2017-6023;0.044140000;0.909980000
CVE-2017-6022;0.017520000;0.769500000
CVE-2017-6021;0.016670000;0.757930000
CVE-2017-6020;0.084620000;0.948290000
CVE-2017-6019;0.369430000;0.984640000
CVE-2017-6018;0.009540000;0.598070000
CVE-2017-6017;0.048070000;0.916430000
CVE-2017-6016;0.003230000;0.228290000
CVE-2017-6015;0.007020000;0.513290000
CVE-2017-6014;0.029420000;0.866000000
CVE-2017-6013;0.015090000;0.733920000
CVE-2017-6011;0.015380000;0.738510000
CVE-2017-6010;0.015380000;0.738510000
CVE-2017-6009;0.015290000;0.736940000
CVE-2017-6008;0.019040000;0.788900000
CVE-2017-6007;0.004010000;0.317580000
CVE-2017-6005;0.002920000;0.195330000
CVE-2017-6004;0.045460000;0.912450000
CVE-2017-6003;0.007610000;0.534770000
CVE-2017-6002;0.004490000;0.365310000
CVE-2017-6001;0.016740000;0.758970000
CVE-2017-5999;0.011370000;0.652080000
CVE-2017-5998;0.005990000;0.465050000
CVE-2017-5997;0.015530000;0.741230000
CVE-2017-5996;0.013000000;0.692860000
CVE-2017-5995;0.018750000;0.785480000
CVE-2017-5994;0.004500000;0.365800000
CVE-2017-5993;0.003890000;0.303140000
CVE-2017-5992;0.011590000;0.657990000
CVE-2017-5991;0.151810000;0.966360000
CVE-2017-5990;0.010160000;0.618480000
CVE-2017-5988;0.017140000;0.764690000
CVE-2017-5987;0.004190000;0.337300000
CVE-2017-5986;0.011620000;0.658950000
CVE-2017-5985;0.003370000;0.245610000
CVE-2017-5984;0.011420000;0.653360000
CVE-2017-5983;0.162440000;0.968400000
CVE-2017-5982;0.779770000;0.995610000
CVE-2017-5981;0.016160000;0.750420000
CVE-2017-5980;0.012840000;0.689360000
CVE-2017-5979;0.016160000;0.750420000
CVE-2017-5978;0.016160000;0.750420000
CVE-2017-5977;0.017270000;0.766240000
CVE-2017-5976;0.020330000;0.802800000
CVE-2017-5975;0.020780000;0.807260000
CVE-2017-5974;0.018470000;0.782100000
CVE-2017-5973;0.004560000;0.370810000
CVE-2017-5972;0.238900000;0.977560000
CVE-2017-5971;0.017410000;0.768070000
CVE-2017-5970;0.039150000;0.899420000
CVE-2017-5969;0.026300000;0.849180000
CVE-2017-5967;0.003340000;0.242470000
CVE-2017-5966;0.015980000;0.747700000
CVE-2017-5965;0.010470000;0.627720000
CVE-2017-5964;0.009180000;0.586370000
CVE-2017-5963;0.010270000;0.621820000
CVE-2017-5962;0.007610000;0.534760000
CVE-2017-5961;0.009850000;0.608550000
CVE-2017-5960;0.009770000;0.606210000
CVE-2017-5959;0.006080000;0.469690000
CVE-2017-5957;0.003900000;0.305090000
CVE-2017-5956;0.004070000;0.323960000
CVE-2017-5954;0.044640000;0.911000000
CVE-2017-5953;0.028340000;0.860910000
CVE-2017-5951;0.018670000;0.784580000
CVE-2017-5950;0.020340000;0.802820000
CVE-2017-5949;0.018250000;0.779330000
CVE-2017-5948;0.007600000;0.534720000
CVE-2017-5947;0.003440000;0.253300000
CVE-2017-5946;0.034410000;0.885460000
CVE-2017-5945;0.008740000;0.572950000
CVE-2017-5944;0.027840000;0.858400000
CVE-2017-5943;0.008350000;0.559830000
CVE-2017-5942;0.009570000;0.599060000
CVE-2017-5941;0.610250000;0.991290000
CVE-2017-5940;0.003600000;0.271980000
CVE-2017-5938;0.013180000;0.696770000
CVE-2017-5937;0.004020000;0.318000000
CVE-2017-5936;0.029340000;0.865670000
CVE-2017-5934;0.019400000;0.793090000
CVE-2017-5933;0.031830000;0.875740000
CVE-2017-5932;0.004250000;0.342970000
CVE-2017-5931;0.005340000;0.427910000
CVE-2017-5930;0.149530000;0.965970000
CVE-2017-5929;0.075010000;0.942800000
CVE-2017-5928;0.017460000;0.768760000
CVE-2017-5927;0.015810000;0.745200000
CVE-2017-5926;0.015810000;0.745200000
CVE-2017-5925;0.015810000;0.745200000
CVE-2017-5924;0.015870000;0.746160000
CVE-2017-5923;0.016330000;0.753030000
CVE-2017-5919;0.004860000;0.393170000
CVE-2017-5918;0.004860000;0.393220000
CVE-2017-5916;0.004860000;0.393280000
CVE-2017-5915;0.004860000;0.393290000
CVE-2017-5914;0.005600000;0.443520000
CVE-2017-5913;0.004860000;0.393270000
CVE-2017-5912;0.004860000;0.393290000
CVE-2017-5911;0.004860000;0.393270000
CVE-2017-5909;0.004860000;0.393220000
CVE-2017-5907;0.004860000;0.393210000
CVE-2017-5906;0.004860000;0.393170000
CVE-2017-5905;0.004770000;0.386850000
CVE-2017-5902;0.004770000;0.386850000
CVE-2017-5901;0.004860000;0.393250000
CVE-2017-5900;0.008720000;0.572260000
CVE-2017-5899;0.010150000;0.618130000
CVE-2017-5898;0.004000000;0.316710000
CVE-2017-5897;0.049530000;0.918670000
CVE-2017-5896;0.017460000;0.768800000
CVE-2017-5892;0.011650000;0.659940000
CVE-2017-5891;0.004780000;0.387460000
CVE-2017-5887;0.013990000;0.713710000
CVE-2017-5886;0.016880000;0.761090000
CVE-2017-5885;0.049850000;0.919120000
CVE-2017-5884;0.022380000;0.821350000
CVE-2017-5882;0.007770000;0.540240000
CVE-2017-5881;0.081570000;0.946610000
CVE-2017-5880;0.010490000;0.628300000
CVE-2017-5879;0.019080000;0.789350000
CVE-2017-5878;0.027170000;0.854450000
CVE-2017-5877;0.009220000;0.587350000
CVE-2017-5876;0.009220000;0.587350000
CVE-2017-5875;0.005510000;0.438000000
CVE-2017-5874;0.007020000;0.513140000
CVE-2017-5873;0.004120000;0.329050000
CVE-2017-5872;0.015450000;0.739620000
CVE-2017-5871;0.026640000;0.851330000
CVE-2017-5870;0.010120000;0.617230000
CVE-2017-5869;0.345850000;0.983710000
CVE-2017-5868;0.046220000;0.913720000
CVE-2017-5867;0.014020000;0.714410000
CVE-2017-5866;0.010300000;0.622540000
CVE-2017-5865;0.010950000;0.641680000
CVE-2017-5864;0.008620000;0.569090000
CVE-2017-5863;0.013880000;0.711550000
CVE-2017-5859;0.012440000;0.680520000
CVE-2017-5858;0.009400000;0.593630000
CVE-2017-5857;0.003930000;0.308630000
CVE-2017-5856;0.003930000;0.308630000
CVE-2017-5855;0.010230000;0.620430000
CVE-2017-5854;0.014910000;0.730680000
CVE-2017-5853;0.013050000;0.693840000
CVE-2017-5852;0.013890000;0.711890000
CVE-2017-5851;0.009360000;0.592610000
CVE-2017-5850;0.172030000;0.969970000
CVE-2017-5849;0.019260000;0.791320000
CVE-2017-5848;0.044260000;0.910200000
CVE-2017-5847;0.037340000;0.894430000
CVE-2017-5846;0.020310000;0.802610000
CVE-2017-5845;0.038200000;0.896910000
CVE-2017-5844;0.025270000;0.842580000
CVE-2017-5843;0.038040000;0.896420000
CVE-2017-5842;0.022000000;0.818100000
CVE-2017-5841;0.038200000;0.896910000
CVE-2017-5840;0.047170000;0.915090000
CVE-2017-5839;0.044800000;0.911210000
CVE-2017-5838;0.042330000;0.906680000
CVE-2017-5837;0.025270000;0.842580000
CVE-2017-5836;0.026570000;0.850890000
CVE-2017-5835;0.029260000;0.865320000
CVE-2017-5834;0.012970000;0.692080000
CVE-2017-5833;0.016780000;0.759490000
CVE-2017-5832;0.013350000;0.700620000
CVE-2017-5831;0.011670000;0.660350000
CVE-2017-5830;0.032960000;0.880500000
CVE-2017-5829;0.005900000;0.460600000
CVE-2017-5828;0.018610000;0.783910000
CVE-2017-5827;0.007110000;0.516830000
CVE-2017-5826;0.033150000;0.881240000
CVE-2017-5825;0.018470000;0.782100000
CVE-2017-5824;0.192700000;0.972520000
CVE-2017-5823;0.181900000;0.971140000
CVE-2017-5822;0.119450000;0.959810000
CVE-2017-5821;0.165440000;0.969030000
CVE-2017-5820;0.181900000;0.971150000
CVE-2017-5819;0.181900000;0.971150000
CVE-2017-5818;0.117620000;0.959360000
CVE-2017-5817;0.825930000;0.996570000
CVE-2017-5816;0.862020000;0.997270000
CVE-2017-5815;0.337000000;0.983360000
CVE-2017-5814;0.086520000;0.949380000
CVE-2017-5813;0.018620000;0.784060000
CVE-2017-5812;0.052690000;0.922670000
CVE-2017-5811;0.170240000;0.969720000
CVE-2017-5810;0.046940000;0.914760000
CVE-2017-5809;0.015830000;0.745540000
CVE-2017-5808;0.160660000;0.968090000
CVE-2017-5807;0.219060000;0.975750000
CVE-2017-5806;0.222310000;0.976040000
CVE-2017-5805;0.222310000;0.976040000
CVE-2017-5804;0.222310000;0.976040000
CVE-2017-5803;0.074620000;0.942570000
CVE-2017-5802;0.022630000;0.823090000
CVE-2017-5801;0.063930000;0.934320000
CVE-2017-5800;0.005650000;0.446960000
CVE-2017-5799;0.152330000;0.966480000
CVE-2017-5798;0.079930000;0.945670000
CVE-2017-5797;0.047150000;0.915050000
CVE-2017-5796;0.021370000;0.812730000
CVE-2017-5795;0.034060000;0.884290000
CVE-2017-5794;0.033670000;0.882990000
CVE-2017-5793;0.045080000;0.911730000
CVE-2017-5792;0.343300000;0.983590000
CVE-2017-5791;0.689160000;0.993300000
CVE-2017-5790;0.180150000;0.970960000
CVE-2017-5789;0.178640000;0.970780000
CVE-2017-5788;0.005970000;0.464060000
CVE-2017-5787;0.022880000;0.825130000
CVE-2017-5786;0.005760000;0.452650000
CVE-2017-5785;0.014380000;0.720850000
CVE-2017-5784;0.009780000;0.606620000
CVE-2017-5783;0.014680000;0.726810000
CVE-2017-5782;0.009550000;0.598520000
CVE-2017-5781;0.007270000;0.522750000
CVE-2017-5780;0.015690000;0.743450000
CVE-2017-5754;0.841720000;0.996890000
CVE-2017-5753;0.938380000;0.998420000
CVE-2017-5738;0.015310000;0.737230000
CVE-2017-5736;0.003280000;0.233470000
CVE-2017-5731;0.003920000;0.307440000
CVE-2017-5729;0.013400000;0.701640000
CVE-2017-5727;0.003160000;0.220570000
CVE-2017-5722;0.003480000;0.258220000
CVE-2017-5721;0.008650000;0.569950000
CVE-2017-5719;0.017470000;0.768850000
CVE-2017-5717;0.014450000;0.722160000
CVE-2017-5715;0.740410000;0.994710000
CVE-2017-5712;0.044070000;0.909840000
CVE-2017-5711;0.005630000;0.445810000
CVE-2017-5710;0.006090000;0.469990000
CVE-2017-5709;0.005760000;0.452520000
CVE-2017-5708;0.005540000;0.439920000
CVE-2017-5707;0.006490000;0.490490000
CVE-2017-5706;0.006860000;0.507000000
CVE-2017-5705;0.006800000;0.504560000
CVE-2017-5704;0.002930000;0.196210000
CVE-2017-5703;0.003360000;0.244140000
CVE-2017-5701;0.003280000;0.233250000
CVE-2017-5700;0.003810000;0.294130000
CVE-2017-5699;0.002640000;0.164330000
CVE-2017-5698;0.002940000;0.196770000
CVE-2017-5697;0.008810000;0.574850000
CVE-2017-5696;0.007700000;0.538250000
CVE-2017-5695;0.002880000;0.191480000
CVE-2017-5694;0.002810000;0.184330000
CVE-2017-5693;0.043430000;0.908700000
CVE-2017-5692;0.002810000;0.184470000
CVE-2017-5691;0.014390000;0.720990000
CVE-2017-5689;0.921890000;0.998200000
CVE-2017-5688;0.004010000;0.317650000
CVE-2017-5686;0.003030000;0.206290000
CVE-2017-5685;0.003190000;0.223510000
CVE-2017-5684;0.003030000;0.206290000
CVE-2017-5683;0.003700000;0.283550000
CVE-2017-5682;0.009730000;0.605000000
CVE-2017-5681;0.014160000;0.716870000
CVE-2017-5677;0.048260000;0.916660000
CVE-2017-5675;0.017130000;0.764560000
CVE-2017-5674;0.215750000;0.975480000
CVE-2017-5673;0.006930000;0.509490000
CVE-2017-5672;0.009790000;0.606800000
CVE-2017-5671;0.014040000;0.714710000
CVE-2017-5670;0.004200000;0.338080000
CVE-2017-5669;0.004000000;0.315690000
CVE-2017-5668;0.029830000;0.867750000
CVE-2017-5667;0.004430000;0.360310000
CVE-2017-5666;0.009360000;0.592600000
CVE-2017-5665;0.009360000;0.592610000
CVE-2017-5664;0.165670000;0.969070000
CVE-2017-5663;0.020890000;0.808430000
CVE-2017-5662;0.041180000;0.904320000
CVE-2017-5661;0.025190000;0.842060000
CVE-2017-5660;0.019330000;0.792160000
CVE-2017-5659;0.029580000;0.866640000
CVE-2017-5658;0.018220000;0.778940000
CVE-2017-5657;0.008690000;0.571160000
CVE-2017-5656;0.068270000;0.937980000
CVE-2017-5655;0.020590000;0.805380000
CVE-2017-5654;0.021910000;0.817110000
CVE-2017-5653;0.111670000;0.958080000
CVE-2017-5652;0.012170000;0.673910000
CVE-2017-5651;0.077520000;0.944330000
CVE-2017-5650;0.082750000;0.947250000
CVE-2017-5649;0.027760000;0.858030000
CVE-2017-5648;0.132250000;0.962480000
CVE-2017-5647;0.168400000;0.969450000
CVE-2017-5646;0.007520000;0.531640000
CVE-2017-5645;0.897920000;0.997880000
CVE-2017-5644;0.045950000;0.913270000
CVE-2017-5643;0.058630000;0.929460000
CVE-2017-5642;0.018940000;0.787730000
CVE-2017-5641;0.207470000;0.974620000
CVE-2017-5640;0.028520000;0.861780000
CVE-2017-5638;0.999990000;0.999940000
CVE-2017-5637;0.730640000;0.994410000
CVE-2017-5636;0.035990000;0.890450000
CVE-2017-5635;0.032890000;0.880240000
CVE-2017-5634;0.004210000;0.339240000
CVE-2017-5633;0.039620000;0.900860000
CVE-2017-5632;0.005240000;0.421710000
CVE-2017-5631;0.044870000;0.911370000
CVE-2017-5630;0.125130000;0.960910000
CVE-2017-5628;0.010420000;0.626360000
CVE-2017-5627;0.012540000;0.682820000
CVE-2017-5626;0.028200000;0.860220000
CVE-2017-5625;0.003350000;0.243230000
CVE-2017-5624;0.026730000;0.851990000
CVE-2017-5623;0.003740000;0.287840000
CVE-2017-5622;0.003060000;0.209750000
CVE-2017-5621;0.006710000;0.500010000
CVE-2017-5620;0.006710000;0.500010000
CVE-2017-5619;0.015450000;0.739740000
CVE-2017-5618;0.010870000;0.639310000
CVE-2017-5617;0.019920000;0.798430000
CVE-2017-5616;0.011680000;0.660740000
CVE-2017-5615;0.011360000;0.651890000
CVE-2017-5614;0.012080000;0.671410000
CVE-2017-5613;0.025600000;0.844700000
CVE-2017-5612;0.028740000;0.862830000
CVE-2017-5611;0.099330000;0.954350000
CVE-2017-5610;0.050610000;0.920140000
CVE-2017-5609;0.016190000;0.750840000
CVE-2017-5608;0.012830000;0.688940000
CVE-2017-5607;0.058530000;0.929330000
CVE-2017-5606;0.007830000;0.542330000
CVE-2017-5605;0.009400000;0.593630000
CVE-2017-5604;0.013300000;0.699200000
CVE-2017-5603;0.015500000;0.740680000
CVE-2017-5602;0.006790000;0.503800000
CVE-2017-5601;0.045030000;0.911650000
CVE-2017-5600;0.024030000;0.833810000
CVE-2017-5599;0.006820000;0.505380000
CVE-2017-5598;0.011390000;0.652750000
CVE-2017-5597;0.020040000;0.799750000
CVE-2017-5596;0.029000000;0.864120000
CVE-2017-5595;0.004340000;0.352030000
CVE-2017-5594;0.070310000;0.939610000
CVE-2017-5593;0.006790000;0.504110000
CVE-2017-5592;0.008380000;0.560870000
CVE-2017-5591;0.017280000;0.766400000
CVE-2017-5590;0.007300000;0.523760000
CVE-2017-5589;0.009810000;0.607440000
CVE-2017-5586;0.253260000;0.978740000
CVE-2017-5585;0.020120000;0.800770000
CVE-2017-5584;0.008360000;0.560520000
CVE-2017-5583;0.014920000;0.730870000
CVE-2017-5581;0.042470000;0.906950000
CVE-2017-5580;0.004930000;0.398760000
CVE-2017-5579;0.003990000;0.315430000
CVE-2017-5578;0.003980000;0.313490000
CVE-2017-5577;0.004250000;0.342100000
CVE-2017-5576;0.004230000;0.340980000
CVE-2017-5575;0.028590000;0.862100000
CVE-2017-5574;0.024110000;0.834390000
CVE-2017-5573;0.011040000;0.643910000
CVE-2017-5572;0.011040000;0.643960000
CVE-2017-5571;0.017800000;0.773470000
CVE-2017-5570;0.012230000;0.675630000
CVE-2017-5569;0.020020000;0.799420000
CVE-2017-5567;0.005340000;0.427980000
CVE-2017-5566;0.006180000;0.474940000
CVE-2017-5565;0.006960000;0.510620000
CVE-2017-5563;0.033010000;0.880710000
CVE-2017-5556;0.037700000;0.895420000
CVE-2017-5554;0.029970000;0.868340000
CVE-2017-5553;0.011980000;0.668690000
CVE-2017-5552;0.003980000;0.313490000
CVE-2017-5551;0.004200000;0.337670000
CVE-2017-5550;0.004170000;0.334620000
CVE-2017-5549;0.004320000;0.350470000
CVE-2017-5548;0.004510000;0.366300000
CVE-2017-5547;0.004480000;0.363840000
CVE-2017-5546;0.004230000;0.340980000
CVE-2017-5545;0.037990000;0.896300000
CVE-2017-5544;0.052670000;0.922660000
CVE-2017-5543;0.020480000;0.804300000
CVE-2017-5542;0.011700000;0.661140000
CVE-2017-5541;0.024970000;0.840550000
CVE-2017-5539;0.041750000;0.905520000
CVE-2017-5538;0.029340000;0.865660000
CVE-2017-5537;0.023060000;0.826610000
CVE-2017-5536;0.006760000;0.502870000
CVE-2017-5535;0.001850000;0.072420000
CVE-2017-5534;0.012690000;0.686020000
CVE-2017-5533;0.019830000;0.797390000
CVE-2017-5532;0.006870000;0.507440000
CVE-2017-5531;0.012770000;0.687860000
CVE-2017-5530;0.008590000;0.568210000
CVE-2017-5529;0.013290000;0.698990000
CVE-2017-5528;0.005700000;0.449590000
CVE-2017-5527;0.009210000;0.587150000
CVE-2017-5526;0.003980000;0.313830000
CVE-2017-5525;0.003990000;0.315430000
CVE-2017-5524;0.019180000;0.790450000
CVE-2017-5522;0.047570000;0.915740000
CVE-2017-5521;0.892450000;0.997780000
CVE-2017-5520;0.017720000;0.772480000
CVE-2017-5519;0.024730000;0.838890000
CVE-2017-5518;0.015700000;0.743650000
CVE-2017-5517;0.024730000;0.838890000
CVE-2017-5516;0.011430000;0.653570000
CVE-2017-5515;0.007940000;0.546180000
CVE-2017-5511;0.054670000;0.924700000
CVE-2017-5510;0.022720000;0.823830000
CVE-2017-5509;0.016690000;0.758170000
CVE-2017-5508;0.028600000;0.862140000
CVE-2017-5507;0.059590000;0.930330000
CVE-2017-5506;0.020710000;0.806630000
CVE-2017-5505;0.020700000;0.806570000
CVE-2017-5504;0.016090000;0.749360000
CVE-2017-5503;0.017590000;0.770660000
CVE-2017-5502;0.013330000;0.700010000
CVE-2017-5501;0.013330000;0.700010000
CVE-2017-5500;0.013330000;0.700010000
CVE-2017-5499;0.013260000;0.698450000
CVE-2017-5498;0.010520000;0.629170000
CVE-2017-5496;0.057740000;0.928300000
CVE-2017-5495;0.188030000;0.971910000
CVE-2017-5494;0.011750000;0.662690000
CVE-2017-5493;0.028860000;0.863400000
CVE-2017-5492;0.019040000;0.788870000
CVE-2017-5491;0.032240000;0.877530000
CVE-2017-5490;0.024360000;0.836300000
CVE-2017-5489;0.013810000;0.710230000
CVE-2017-5488;0.017550000;0.770110000
CVE-2017-5487;0.872990000;0.997490000
CVE-2017-5486;0.033830000;0.883510000
CVE-2017-5485;0.031980000;0.876320000
CVE-2017-5484;0.061960000;0.932640000
CVE-2017-5483;0.031980000;0.876350000
CVE-2017-5482;0.055040000;0.925100000
CVE-2017-5481;0.019370000;0.792710000
CVE-2017-5480;0.024610000;0.838110000
CVE-2017-5476;0.006890000;0.508240000
CVE-2017-5475;0.005580000;0.442680000
CVE-2017-5474;0.009310000;0.590600000
CVE-2017-5473;0.035540000;0.888940000
CVE-2017-5472;0.026310000;0.849340000
CVE-2017-5471;0.018450000;0.781740000
CVE-2017-5470;0.025340000;0.843040000
CVE-2017-5469;0.046020000;0.913400000
CVE-2017-5468;0.024450000;0.836910000
CVE-2017-5467;0.024000000;0.833540000
CVE-2017-5466;0.015460000;0.739860000
CVE-2017-5465;0.185300000;0.971600000
CVE-2017-5464;0.025340000;0.843040000
CVE-2017-5463;0.014710000;0.727210000
CVE-2017-5462;0.026420000;0.849950000
CVE-2017-5461;0.047030000;0.914900000
CVE-2017-5460;0.029970000;0.868390000
CVE-2017-5459;0.046270000;0.913820000
CVE-2017-5458;0.014250000;0.718450000
CVE-2017-5456;0.027840000;0.858400000
CVE-2017-5455;0.034990000;0.887370000
CVE-2017-5454;0.024870000;0.839860000
CVE-2017-5453;0.010970000;0.642480000
CVE-2017-5452;0.012130000;0.672930000
CVE-2017-5451;0.015120000;0.734290000
CVE-2017-5450;0.018380000;0.780970000
CVE-2017-5449;0.025650000;0.845000000
CVE-2017-5448;0.020670000;0.806260000
CVE-2017-5447;0.173140000;0.970110000
CVE-2017-5446;0.030830000;0.871880000
CVE-2017-5445;0.026640000;0.851340000
CVE-2017-5444;0.069200000;0.938760000
CVE-2017-5443;0.030830000;0.871880000
CVE-2017-5442;0.026310000;0.849340000
CVE-2017-5441;0.029970000;0.868380000
CVE-2017-5440;0.029970000;0.868390000
CVE-2017-5439;0.035750000;0.889750000
CVE-2017-5438;0.035750000;0.889750000
CVE-2017-5436;0.023830000;0.832280000
CVE-2017-5435;0.031390000;0.874030000
CVE-2017-5434;0.035750000;0.889750000
CVE-2017-5433;0.035750000;0.889760000
CVE-2017-5432;0.031390000;0.874020000
CVE-2017-5430;0.029690000;0.867130000
CVE-2017-5429;0.034070000;0.884340000
CVE-2017-5428;0.032450000;0.878270000
CVE-2017-5427;0.002400000;0.135820000
CVE-2017-5426;0.014350000;0.720220000
CVE-2017-5425;0.019700000;0.795920000
CVE-2017-5422;0.023810000;0.832200000
CVE-2017-5421;0.019220000;0.790950000
CVE-2017-5420;0.012770000;0.687890000
CVE-2017-5419;0.022760000;0.824120000
CVE-2017-5418;0.012610000;0.684420000
CVE-2017-5417;0.011100000;0.645610000
CVE-2017-5416;0.017850000;0.774090000
CVE-2017-5415;0.125870000;0.961050000
CVE-2017-5414;0.003320000;0.238070000
CVE-2017-5413;0.018690000;0.784840000
CVE-2017-5412;0.045200000;0.911910000
CVE-2017-5411;0.017570000;0.770420000
CVE-2017-5410;0.033790000;0.883390000
CVE-2017-5409;0.003620000;0.274600000
CVE-2017-5408;0.025970000;0.847200000
CVE-2017-5407;0.027710000;0.857460000
CVE-2017-5406;0.017850000;0.774090000
CVE-2017-5405;0.025970000;0.847200000
CVE-2017-5404;0.172730000;0.970050000
CVE-2017-5403;0.016990000;0.762520000
CVE-2017-5402;0.028980000;0.864030000
CVE-2017-5401;0.030250000;0.869570000
CVE-2017-5400;0.035830000;0.889960000
CVE-2017-5399;0.022450000;0.821860000
CVE-2017-5398;0.037050000;0.893510000
CVE-2017-5397;0.037570000;0.895030000
CVE-2017-5396;0.040970000;0.903850000
CVE-2017-5395;0.012200000;0.674590000
CVE-2017-5394;0.007730000;0.539040000
CVE-2017-5393;0.008960000;0.579290000
CVE-2017-5392;0.017700000;0.772330000
CVE-2017-5391;0.017700000;0.772330000
CVE-2017-5390;0.038830000;0.898590000
CVE-2017-5389;0.009340000;0.591860000
CVE-2017-5388;0.016410000;0.754140000
CVE-2017-5387;0.004020000;0.318670000
CVE-2017-5386;0.022690000;0.823600000
CVE-2017-5385;0.016510000;0.755590000
CVE-2017-5384;0.015010000;0.732550000
CVE-2017-5383;0.024550000;0.837710000
CVE-2017-5382;0.015170000;0.735130000
CVE-2017-5381;0.012630000;0.684980000
CVE-2017-5380;0.031670000;0.875110000
CVE-2017-5379;0.017570000;0.770430000
CVE-2017-5378;0.033560000;0.882640000
CVE-2017-5377;0.016360000;0.753490000
CVE-2017-5376;0.031930000;0.876130000
CVE-2017-5375;0.337710000;0.983400000
CVE-2017-5374;0.017720000;0.772520000
CVE-2017-5373;0.032530000;0.878850000
CVE-2017-5372;0.035230000;0.888060000
CVE-2017-5371;0.037510000;0.894860000
CVE-2017-5368;0.010520000;0.629220000
CVE-2017-5367;0.019960000;0.798780000
CVE-2017-5364;0.022960000;0.825820000
CVE-2017-5361;0.013680000;0.707460000
CVE-2017-5359;0.073650000;0.942010000
CVE-2017-5358;0.121470000;0.960190000
CVE-2017-5357;0.030690000;0.871270000
CVE-2017-5356;0.047790000;0.916030000
CVE-2017-5351;0.014100000;0.715730000
CVE-2017-5350;0.013650000;0.706980000
CVE-2017-5347;0.014140000;0.716560000
CVE-2017-5346;0.016480000;0.755280000
CVE-2017-5345;0.015520000;0.740940000
CVE-2017-5344;0.063040000;0.933660000
CVE-2017-5342;0.055040000;0.925100000
CVE-2017-5341;0.053330000;0.923330000
CVE-2017-5340;0.166900000;0.969260000
CVE-2017-5337;0.061790000;0.932480000
CVE-2017-5336;0.070710000;0.939950000
CVE-2017-5335;0.080090000;0.945740000
CVE-2017-5334;0.327540000;0.982950000
CVE-2017-5333;0.022160000;0.819380000
CVE-2017-5332;0.021120000;0.810550000
CVE-2017-5331;0.004600000;0.373100000
CVE-2017-5330;0.031180000;0.873170000
CVE-2017-5329;0.009760000;0.605950000
CVE-2017-5328;0.009090000;0.583470000
CVE-2017-5264;0.027460000;0.856050000
CVE-2017-5263;0.003000000;0.203180000
CVE-2017-5262;0.048580000;0.917220000
CVE-2017-5261;0.088900000;0.950530000
CVE-2017-5260;0.081330000;0.946510000
CVE-2017-5259;0.323600000;0.982760000
CVE-2017-5258;0.005430000;0.433610000
CVE-2017-5257;0.005210000;0.419060000
CVE-2017-5256;0.004980000;0.401990000
CVE-2017-5255;0.742330000;0.994750000
CVE-2017-5254;0.537040000;0.989640000
CVE-2017-5251;0.005220000;0.419500000
CVE-2017-5250;0.006860000;0.506950000
CVE-2017-5249;0.006860000;0.506940000
CVE-2017-5247;0.005030000;0.405310000
CVE-2017-5246;0.005990000;0.465370000
CVE-2017-5244;0.007160000;0.518530000
CVE-2017-5243;0.005070000;0.408500000
CVE-2017-5242;0.003760000;0.289340000
CVE-2017-5241;0.008790000;0.574460000
CVE-2017-5240;0.010280000;0.622090000
CVE-2017-5239;0.004890000;0.396190000
CVE-2017-5238;0.008860000;0.576380000
CVE-2017-5237;0.020130000;0.800820000
CVE-2017-5236;0.009300000;0.590340000
CVE-2017-5235;0.009110000;0.584000000
CVE-2017-5234;0.009110000;0.583980000
CVE-2017-5233;0.008750000;0.573100000
CVE-2017-5232;0.007720000;0.538650000
CVE-2017-5231;0.012170000;0.673780000
CVE-2017-5230;0.014890000;0.730280000
CVE-2017-5229;0.012170000;0.673770000
CVE-2017-5228;0.012170000;0.673780000
CVE-2017-5227;0.064430000;0.934880000
CVE-2017-5226;0.031690000;0.875200000
CVE-2017-5225;0.043910000;0.909610000
CVE-2017-5223;0.021610000;0.814760000
CVE-2017-5219;0.032820000;0.879880000
CVE-2017-5218;0.014770000;0.728240000
CVE-2017-5217;0.007980000;0.547520000
CVE-2017-5216;0.008360000;0.560130000
CVE-2017-5215;0.035710000;0.889460000
CVE-2017-5214;0.011970000;0.668540000
CVE-2017-5213;0.008620000;0.569090000
CVE-2017-5212;0.013880000;0.711560000
CVE-2017-5211;0.011360000;0.651960000
CVE-2017-5210;0.013880000;0.711530000
CVE-2017-5209;0.028510000;0.861730000
CVE-2017-5208;0.035910000;0.890200000
CVE-2017-5207;0.004040000;0.320810000
CVE-2017-5206;0.019370000;0.792730000
CVE-2017-5205;0.036000000;0.890470000
CVE-2017-5204;0.059970000;0.930710000
CVE-2017-5203;0.038080000;0.896540000
CVE-2017-5202;0.038080000;0.896540000
CVE-2017-5201;0.012580000;0.683690000
CVE-2017-5200;0.032320000;0.877760000
CVE-2017-5199;0.028780000;0.863040000
CVE-2017-5198;0.008840000;0.575810000
CVE-2017-5197;0.007610000;0.534950000
CVE-2017-5196;0.050520000;0.920030000
CVE-2017-5195;0.054790000;0.924820000
CVE-2017-5194;0.049530000;0.918670000
CVE-2017-5193;0.055950000;0.926290000
CVE-2017-5192;0.016950000;0.761970000
CVE-2017-5191;0.006790000;0.504000000
CVE-2017-5190;0.006740000;0.501810000
CVE-2017-5189;0.011680000;0.660740000
CVE-2017-5188;0.011450000;0.654210000
CVE-2017-5187;0.007510000;0.531330000
CVE-2017-5186;0.006460000;0.488780000
CVE-2017-5185;0.016730000;0.758770000
CVE-2017-5184;0.010360000;0.624670000
CVE-2017-5183;0.006690000;0.499500000
CVE-2017-5182;0.031730000;0.875390000
CVE-2017-5180;0.007420000;0.528190000
CVE-2017-5179;0.012520000;0.682320000
CVE-2017-5178;0.136320000;0.963510000
CVE-2017-5177;0.177110000;0.970610000
CVE-2017-5176;0.005200000;0.418280000
CVE-2017-5175;0.015860000;0.745950000
CVE-2017-5174;0.522900000;0.989250000
CVE-2017-5173;0.295780000;0.981310000
CVE-2017-5170;0.014810000;0.728870000
CVE-2017-5169;0.013030000;0.693480000
CVE-2017-5168;0.036160000;0.890960000
CVE-2017-5167;0.013560000;0.705110000
CVE-2017-5166;0.016920000;0.761690000
CVE-2017-5165;0.006650000;0.497890000
CVE-2017-5164;0.008250000;0.556750000
CVE-2017-5163;0.019010000;0.788500000
CVE-2017-5162;0.126100000;0.961100000
CVE-2017-5161;0.009380000;0.592970000
CVE-2017-5160;0.005490000;0.437220000
CVE-2017-5159;0.024280000;0.835750000
CVE-2017-5158;0.024190000;0.835090000
CVE-2017-5157;0.014630000;0.725530000
CVE-2017-5156;0.009560000;0.598530000
CVE-2017-5155;0.016590000;0.756760000
CVE-2017-5154;0.043980000;0.909720000
CVE-2017-5153;0.003740000;0.287910000
CVE-2017-5152;0.037680000;0.895390000
CVE-2017-5151;0.023930000;0.833070000
CVE-2017-5149;0.012400000;0.679430000
CVE-2017-5147;0.003370000;0.245500000
CVE-2017-5146;0.093170000;0.952130000
CVE-2017-5145;0.012470000;0.681100000
CVE-2017-5144;0.024290000;0.835910000
CVE-2017-5143;0.022510000;0.822190000
CVE-2017-5142;0.010080000;0.615640000
CVE-2017-5141;0.011020000;0.643350000
CVE-2017-5140;0.017440000;0.768490000
CVE-2017-5139;0.017440000;0.768490000
CVE-2017-5137;0.010290000;0.622480000
CVE-2017-5136;0.017910000;0.774840000
CVE-2017-5135;0.175340000;0.970390000
CVE-2017-5133;0.019620000;0.795140000
CVE-2017-5132;0.015580000;0.741920000
CVE-2017-5131;0.013860000;0.711120000
CVE-2017-5130;0.027130000;0.854220000
CVE-2017-5129;0.014280000;0.719060000
CVE-2017-5128;0.015550000;0.741550000
CVE-2017-5127;0.016350000;0.753430000
CVE-2017-5126;0.013370000;0.701020000
CVE-2017-5125;0.016980000;0.762480000
CVE-2017-5124;0.051470000;0.921250000
CVE-2017-5123;0.037140000;0.893740000
CVE-2017-5122;0.013310000;0.699560000
CVE-2017-5121;0.052880000;0.922870000
CVE-2017-5120;0.011270000;0.649780000
CVE-2017-5119;0.017620000;0.771060000
CVE-2017-5118;0.011330000;0.651270000
CVE-2017-5117;0.017090000;0.764080000
CVE-2017-5116;0.126740000;0.961230000
CVE-2017-5115;0.263310000;0.979380000
CVE-2017-5114;0.013240000;0.697740000
CVE-2017-5113;0.013020000;0.693270000
CVE-2017-5112;0.050740000;0.920300000
CVE-2017-5111;0.012630000;0.684770000
CVE-2017-5110;0.013950000;0.712860000
CVE-2017-5109;0.012470000;0.681040000
CVE-2017-5108;0.014760000;0.728050000
CVE-2017-5107;0.016520000;0.755780000
CVE-2017-5106;0.013420000;0.702200000
CVE-2017-5105;0.013420000;0.702200000
CVE-2017-5104;0.014330000;0.719990000
CVE-2017-5103;0.018750000;0.785540000
CVE-2017-5102;0.018750000;0.785540000
CVE-2017-5101;0.013950000;0.712860000
CVE-2017-5100;0.012610000;0.684330000
CVE-2017-5099;0.014740000;0.727710000
CVE-2017-5098;0.155130000;0.966960000
CVE-2017-5097;0.016650000;0.757660000
CVE-2017-5096;0.013090000;0.694840000
CVE-2017-5095;0.015510000;0.740900000
CVE-2017-5094;0.015490000;0.740540000
CVE-2017-5093;0.014330000;0.719990000
CVE-2017-5092;0.014270000;0.718950000
CVE-2017-5091;0.017030000;0.763060000
CVE-2017-5090;0.004600000;0.373830000
CVE-2017-5089;0.012850000;0.689360000
CVE-2017-5088;0.031510000;0.874460000
CVE-2017-5087;0.014780000;0.728440000
CVE-2017-5086;0.012320000;0.677730000
CVE-2017-5085;0.010640000;0.632560000
CVE-2017-5084;0.001510000;0.035900000
CVE-2017-5083;0.011220000;0.648620000
CVE-2017-5082;0.003780000;0.291550000
CVE-2017-5081;0.003390000;0.247040000
CVE-2017-5080;0.013220000;0.697490000
CVE-2017-5079;0.013530000;0.704580000
CVE-2017-5078;0.027750000;0.857950000
CVE-2017-5077;0.026460000;0.850170000
CVE-2017-5076;0.013130000;0.695420000
CVE-2017-5075;0.011670000;0.660420000
CVE-2017-5074;0.008650000;0.570150000
CVE-2017-5073;0.012370000;0.678730000
CVE-2017-5072;0.012130000;0.672920000
CVE-2017-5071;0.021930000;0.817330000
CVE-2017-5070;0.320710000;0.982590000
CVE-2017-5069;0.011790000;0.664060000
CVE-2017-5068;0.010190000;0.619050000
CVE-2017-5067;0.013950000;0.712870000
CVE-2017-5066;0.007290000;0.523510000
CVE-2017-5065;0.012470000;0.681040000
CVE-2017-5064;0.013740000;0.708850000
CVE-2017-5063;0.015190000;0.735350000
CVE-2017-5062;0.011810000;0.664540000
CVE-2017-5061;0.012040000;0.670020000
CVE-2017-5060;0.013270000;0.698540000
CVE-2017-5059;0.033620000;0.882830000
CVE-2017-5058;0.013360000;0.700620000
CVE-2017-5057;0.016880000;0.761070000
CVE-2017-5056;0.012370000;0.678730000
CVE-2017-5055;0.024600000;0.838030000
CVE-2017-5054;0.014360000;0.720580000
CVE-2017-5053;0.025570000;0.844540000
CVE-2017-5052;0.014930000;0.731030000
CVE-2017-5051;0.008520000;0.565430000
CVE-2017-5050;0.008590000;0.568120000
CVE-2017-5049;0.008590000;0.568120000
CVE-2017-5048;0.008590000;0.568110000
CVE-2017-5047;0.008590000;0.568120000
CVE-2017-5046;0.013530000;0.704470000
CVE-2017-5045;0.012280000;0.676600000
CVE-2017-5044;0.024300000;0.835950000
CVE-2017-5043;0.013560000;0.705220000
CVE-2017-5042;0.003610000;0.273440000
CVE-2017-5041;0.011800000;0.664440000
CVE-2017-5040;0.222950000;0.976110000
CVE-2017-5039;0.010470000;0.627830000
CVE-2017-5038;0.011400000;0.652940000
CVE-2017-5037;0.010210000;0.619840000
CVE-2017-5036;0.009930000;0.610890000
CVE-2017-5035;0.007800000;0.541220000
CVE-2017-5034;0.013460000;0.702910000
CVE-2017-5033;0.014760000;0.728000000
CVE-2017-5032;0.013850000;0.710910000
CVE-2017-5031;0.013570000;0.705430000
CVE-2017-5030;0.406350000;0.986060000
CVE-2017-5029;0.021770000;0.816030000
CVE-2017-5028;0.009090000;0.583430000
CVE-2017-5027;0.006040000;0.467850000
CVE-2017-5026;0.013990000;0.713680000
CVE-2017-5025;0.013120000;0.695230000
CVE-2017-5024;0.013120000;0.695240000
CVE-2017-5023;0.014000000;0.713880000
CVE-2017-5022;0.012050000;0.670350000
CVE-2017-5021;0.013140000;0.695690000
CVE-2017-5020;0.020670000;0.806210000
CVE-2017-5019;0.012990000;0.692490000
CVE-2017-5018;0.011180000;0.647540000
CVE-2017-5017;0.012490000;0.681670000
CVE-2017-5016;0.012900000;0.690530000
CVE-2017-5015;0.013370000;0.701090000
CVE-2017-5014;0.013600000;0.705980000
CVE-2017-5013;0.013280000;0.698800000
CVE-2017-5012;0.020420000;0.803720000
CVE-2017-5011;0.014940000;0.731180000
CVE-2017-5010;0.011980000;0.668810000
CVE-2017-5009;0.014210000;0.717700000
CVE-2017-5008;0.014300000;0.719540000
CVE-2017-5007;0.022520000;0.822270000
CVE-2017-5006;0.014430000;0.721700000
CVE-2017-5005;0.094810000;0.952710000
CVE-2017-5004;0.009750000;0.605740000
CVE-2017-5003;0.011690000;0.660820000
CVE-2017-5002;0.011490000;0.655330000
CVE-2017-5001;0.012960000;0.691790000
CVE-2017-5000;0.012960000;0.691790000
CVE-2017-4999;0.016930000;0.761820000
CVE-2017-4998;0.008750000;0.573090000
CVE-2017-4997;0.045200000;0.911900000
CVE-2017-4995;0.025470000;0.843860000
CVE-2017-4994;0.011050000;0.644260000
CVE-2017-4992;0.011670000;0.660290000
CVE-2017-4991;0.009360000;0.592630000
CVE-2017-4990;0.030330000;0.869850000
CVE-2017-4989;0.032860000;0.880100000
CVE-2017-4988;0.016870000;0.760950000
CVE-2017-4987;0.004450000;0.362050000
CVE-2017-4986;0.017720000;0.772550000
CVE-2017-4985;0.003080000;0.212000000
CVE-2017-4984;0.065680000;0.935900000
CVE-2017-4983;0.003840000;0.298190000
CVE-2017-4982;0.024320000;0.836050000
CVE-2017-4981;0.015490000;0.740340000
CVE-2017-4980;0.022840000;0.824790000
CVE-2017-4979;0.008270000;0.557520000
CVE-2017-4978;0.008350000;0.560100000
CVE-2017-4977;0.003440000;0.253500000
CVE-2017-4976;0.017540000;0.770020000
CVE-2017-4975;0.008180000;0.554290000
CVE-2017-4974;0.009740000;0.605410000
CVE-2017-4973;0.010680000;0.634040000
CVE-2017-4972;0.010850000;0.638810000
CVE-2017-4971;0.146880000;0.965530000
CVE-2017-4970;0.006920000;0.509310000
CVE-2017-4969;0.009360000;0.592550000
CVE-2017-4967;0.019150000;0.790140000
CVE-2017-4966;0.003700000;0.283030000
CVE-2017-4965;0.033290000;0.881710000
CVE-2017-4964;0.004620000;0.375380000
CVE-2017-4963;0.009000000;0.580310000
CVE-2017-4961;0.004800000;0.389120000
CVE-2017-4960;0.015810000;0.745300000
CVE-2017-4959;0.012580000;0.683650000
CVE-2017-4955;0.014130000;0.716210000
CVE-2017-4952;0.038000000;0.896320000
CVE-2017-4951;0.008320000;0.558970000
CVE-2017-4950;0.003810000;0.294400000
CVE-2017-4949;0.003700000;0.283510000
CVE-2017-4948;0.004090000;0.325210000
CVE-2017-4947;0.085880000;0.948980000
CVE-2017-4946;0.004980000;0.402560000
CVE-2017-4945;0.004350000;0.352390000
CVE-2017-4943;0.003550000;0.266460000
CVE-2017-4942;0.016690000;0.758230000
CVE-2017-4941;0.031570000;0.874740000
CVE-2017-4940;0.009100000;0.583870000
CVE-2017-4939;0.013400000;0.701580000
CVE-2017-4938;0.003660000;0.279140000
CVE-2017-4937;0.003930000;0.308860000
CVE-2017-4936;0.003930000;0.308860000
CVE-2017-4935;0.003930000;0.308860000
CVE-2017-4934;0.004360000;0.353250000
CVE-2017-4933;0.035710000;0.889460000
CVE-2017-4932;0.003950000;0.310520000
CVE-2017-4931;0.012590000;0.684010000
CVE-2017-4930;0.009020000;0.581290000
CVE-2017-4929;0.010420000;0.626350000
CVE-2017-4928;0.012370000;0.678610000
CVE-2017-4927;0.023160000;0.827440000
CVE-2017-4926;0.007770000;0.540460000
CVE-2017-4925;0.003840000;0.298050000
CVE-2017-4924;0.006080000;0.469700000
CVE-2017-4923;0.018560000;0.783350000
CVE-2017-4922;0.013250000;0.698270000
CVE-2017-4921;0.016710000;0.758580000
CVE-2017-4920;0.011280000;0.650060000
CVE-2017-4919;0.020390000;0.803260000
CVE-2017-4918;0.048590000;0.917230000
CVE-2017-4917;0.008420000;0.562180000
CVE-2017-4916;0.049520000;0.918640000
CVE-2017-4915;0.054130000;0.924140000
CVE-2017-4914;0.088330000;0.950220000
CVE-2017-4913;0.003890000;0.304150000
CVE-2017-4912;0.003690000;0.281730000
CVE-2017-4911;0.003690000;0.281720000
CVE-2017-4910;0.003690000;0.281720000
CVE-2017-4909;0.003690000;0.281730000
CVE-2017-4908;0.003690000;0.281720000
CVE-2017-4907;0.037640000;0.895220000
CVE-2017-4905;0.012040000;0.670080000
CVE-2017-4904;0.004270000;0.344540000
CVE-2017-4903;0.004100000;0.326120000
CVE-2017-4902;0.005180000;0.417000000
CVE-2017-4901;0.199400000;0.973490000
CVE-2017-4900;0.003380000;0.246110000
CVE-2017-4899;0.002940000;0.197430000
CVE-2017-4898;0.003930000;0.308020000
CVE-2017-4897;0.011480000;0.654960000
CVE-2017-4896;0.003340000;0.242090000
CVE-2017-4895;0.003520000;0.262590000
CVE-2017-4057;0.012470000;0.681020000
CVE-2017-4055;0.013650000;0.706890000
CVE-2017-4054;0.025600000;0.844650000
CVE-2017-4053;0.033870000;0.883620000
CVE-2017-4052;0.020770000;0.807170000
CVE-2017-4028;0.005270000;0.423280000
CVE-2017-4017;0.010490000;0.628330000
CVE-2017-4016;0.010490000;0.628340000
CVE-2017-4015;0.011980000;0.668790000
CVE-2017-4014;0.008610000;0.568740000
CVE-2017-4013;0.010490000;0.628330000
CVE-2017-4012;0.012590000;0.684020000
CVE-2017-4011;0.032710000;0.879490000
CVE-2017-3980;0.028190000;0.860130000
CVE-2017-3972;0.014820000;0.729140000
CVE-2017-3971;0.003110000;0.214340000
CVE-2017-3969;0.007990000;0.547630000
CVE-2017-3968;0.014970000;0.731630000
CVE-2017-3967;0.007320000;0.524360000
CVE-2017-3966;0.006720000;0.500760000
CVE-2017-3965;0.005380000;0.430430000
CVE-2017-3964;0.005940000;0.462420000
CVE-2017-3962;0.003520000;0.263180000
CVE-2017-3961;0.006060000;0.468460000
CVE-2017-3960;0.009040000;0.581960000
CVE-2017-3948;0.005110000;0.412050000
CVE-2017-3936;0.013830000;0.710580000
CVE-2017-3935;0.010330000;0.623390000
CVE-2017-3934;0.009910000;0.610380000
CVE-2017-3933;0.006420000;0.486630000
CVE-2017-3912;0.004130000;0.330600000
CVE-2017-3907;0.015780000;0.744880000
CVE-2017-3902;0.006940000;0.509890000
CVE-2017-3899;0.017010000;0.762840000
CVE-2017-3898;0.031760000;0.875470000
CVE-2017-3897;0.116790000;0.959210000
CVE-2017-3896;0.024740000;0.839020000
CVE-2017-3894;0.008460000;0.563490000
CVE-2017-3893;0.005000000;0.403700000
CVE-2017-3892;0.007980000;0.547330000
CVE-2017-3891;0.012830000;0.688900000
CVE-2017-3890;0.009450000;0.595290000
CVE-2017-3889;0.009410000;0.593960000
CVE-2017-3888;0.011770000;0.663250000
CVE-2017-3887;0.012660000;0.685550000
CVE-2017-3886;0.018840000;0.786420000
CVE-2017-3885;0.014730000;0.727600000
CVE-2017-3884;0.020780000;0.807220000
CVE-2017-3883;0.044500000;0.910750000
CVE-2017-3882;0.018420000;0.781390000
CVE-2017-3881;0.989500000;0.999280000
CVE-2017-3880;0.014510000;0.723160000
CVE-2017-3879;0.029460000;0.866210000
CVE-2017-3878;0.029460000;0.866210000
CVE-2017-3877;0.007690000;0.537950000
CVE-2017-3876;0.024790000;0.839300000
CVE-2017-3875;0.022420000;0.821610000
CVE-2017-3874;0.008550000;0.566830000
CVE-2017-3873;0.007450000;0.529260000
CVE-2017-3872;0.013200000;0.697100000
CVE-2017-3871;0.009410000;0.593950000
CVE-2017-3870;0.015250000;0.736330000
CVE-2017-3869;0.009580000;0.599220000
CVE-2017-3868;0.012280000;0.676750000
CVE-2017-3867;0.021000000;0.809540000
CVE-2017-3866;0.012280000;0.676740000
CVE-2017-3865;0.021970000;0.817790000
CVE-2017-3864;0.026700000;0.851740000
CVE-2017-3863;0.027820000;0.858270000
CVE-2017-3862;0.027820000;0.858270000
CVE-2017-3861;0.027820000;0.858270000
CVE-2017-3860;0.027820000;0.858270000
CVE-2017-3859;0.024790000;0.839290000
CVE-2017-3858;0.031310000;0.873730000
CVE-2017-3857;0.025930000;0.846960000
CVE-2017-3856;0.024790000;0.839290000
CVE-2017-3854;0.013940000;0.712670000
CVE-2017-3853;0.087110000;0.949640000
CVE-2017-3852;0.025310000;0.842830000
CVE-2017-3851;0.052070000;0.921970000
CVE-2017-3850;0.024930000;0.840300000
CVE-2017-3849;0.007610000;0.534750000
CVE-2017-3848;0.012280000;0.676750000
CVE-2017-3847;0.006150000;0.473600000
CVE-2017-3846;0.019620000;0.795220000
CVE-2017-3845;0.015430000;0.739320000
CVE-2017-3844;0.014900000;0.730590000
CVE-2017-3843;0.014900000;0.730590000
CVE-2017-3842;0.013180000;0.696790000
CVE-2017-3841;0.023990000;0.833540000
CVE-2017-3840;0.015080000;0.733600000
CVE-2017-3839;0.015500000;0.740740000
CVE-2017-3838;0.015430000;0.739320000
CVE-2017-3837;0.021390000;0.812880000
CVE-2017-3836;0.015570000;0.741700000
CVE-2017-3835;0.017860000;0.774190000
CVE-2017-3834;0.044590000;0.910920000
CVE-2017-3833;0.010990000;0.642680000
CVE-2017-3832;0.032460000;0.878310000
CVE-2017-3831;0.052750000;0.922750000
CVE-2017-3830;0.025850000;0.846310000
CVE-2017-3829;0.015430000;0.739310000
CVE-2017-3828;0.015430000;0.739320000
CVE-2017-3827;0.019350000;0.792350000
CVE-2017-3826;0.016970000;0.762220000
CVE-2017-3825;0.029890000;0.867970000
CVE-2017-3824;0.020780000;0.807210000
CVE-2017-3823;0.272310000;0.979910000
CVE-2017-3822;0.014790000;0.728530000
CVE-2017-3821;0.015430000;0.739320000
CVE-2017-3820;0.028040000;0.859360000
CVE-2017-3819;0.032630000;0.879220000
CVE-2017-3818;0.022390000;0.821440000
CVE-2017-3817;0.014540000;0.723830000
CVE-2017-3815;0.010160000;0.618480000
CVE-2017-3814;0.018530000;0.782850000
CVE-2017-3813;0.017110000;0.764360000
CVE-2017-3812;0.028060000;0.859470000
CVE-2017-3811;0.014320000;0.719730000
CVE-2017-3810;0.011310000;0.650730000
CVE-2017-3809;0.021910000;0.817160000
CVE-2017-3808;0.024790000;0.839290000
CVE-2017-3807;0.147600000;0.965670000
CVE-2017-3806;0.003450000;0.254710000
CVE-2017-3805;0.015840000;0.745780000
CVE-2017-3804;0.006310000;0.481590000
CVE-2017-3803;0.005560000;0.440980000
CVE-2017-3802;0.012280000;0.676750000
CVE-2017-3801;0.003330000;0.239440000
CVE-2017-3800;0.015250000;0.736320000
CVE-2017-3799;0.010210000;0.619580000
CVE-2017-3798;0.011320000;0.650940000
CVE-2017-3797;0.015840000;0.745790000
CVE-2017-3796;0.018950000;0.787830000
CVE-2017-3795;0.013130000;0.695460000
CVE-2017-3794;0.011210000;0.648270000
CVE-2017-3793;0.017110000;0.764230000
CVE-2017-3792;0.068360000;0.938020000
CVE-2017-3791;0.041070000;0.904100000
CVE-2017-3790;0.034910000;0.887140000
CVE-2017-3776;0.011110000;0.645700000
CVE-2017-3775;0.002710000;0.173300000
CVE-2017-3774;0.012910000;0.690620000
CVE-2017-3772;0.001500000;0.035040000
CVE-2017-3771;0.008220000;0.555750000
CVE-2017-3770;0.010150000;0.618320000
CVE-2017-3768;0.012120000;0.672850000
CVE-2017-3767;0.004310000;0.348650000
CVE-2017-3765;0.002690000;0.170530000
CVE-2017-3764;0.008910000;0.577960000
CVE-2017-3763;0.003190000;0.223700000
CVE-2017-3762;0.003950000;0.310530000
CVE-2017-3761;0.042100000;0.906230000
CVE-2017-3760;0.007800000;0.541210000
CVE-2017-3759;0.017290000;0.766590000
CVE-2017-3758;0.027180000;0.854500000
CVE-2017-3757;0.003700000;0.283540000
CVE-2017-3756;0.003760000;0.289330000
CVE-2017-3754;0.003370000;0.245510000
CVE-2017-3753;0.005170000;0.416320000
CVE-2017-3752;0.004390000;0.356010000
CVE-2017-3751;0.003700000;0.283540000
CVE-2017-3750;0.001440000;0.030690000
CVE-2017-3749;0.001440000;0.030690000
CVE-2017-3748;0.001760000;0.064770000
CVE-2017-3747;0.002860000;0.189620000
CVE-2017-3746;0.003760000;0.289320000
CVE-2017-3745;0.004000000;0.315960000
CVE-2017-3744;0.008420000;0.562250000
CVE-2017-3743;0.007280000;0.523220000
CVE-2017-3742;0.005300000;0.424850000
CVE-2017-3741;0.002640000;0.164320000
CVE-2017-3740;0.003480000;0.257730000
CVE-2017-3738;0.134110000;0.962950000
CVE-2017-3737;0.786750000;0.995760000
CVE-2017-3736;0.101330000;0.954980000
CVE-2017-3735;0.209680000;0.974890000
CVE-2017-3733;0.128740000;0.961720000
CVE-2017-3732;0.154000000;0.966720000
CVE-2017-3731;0.573220000;0.990480000
CVE-2017-3730;0.552940000;0.990010000
CVE-2017-3718;0.003210000;0.226500000
CVE-2017-3653;0.018870000;0.786850000
CVE-2017-3652;0.014820000;0.729160000
CVE-2017-3651;0.020490000;0.804340000
CVE-2017-3650;0.021520000;0.814060000
CVE-2017-3649;0.026970000;0.853360000
CVE-2017-3648;0.027630000;0.857130000
CVE-2017-3647;0.026970000;0.853360000
CVE-2017-3646;0.024500000;0.837320000
CVE-2017-3645;0.024500000;0.837320000
CVE-2017-3644;0.024500000;0.837310000
CVE-2017-3643;0.024500000;0.837310000
CVE-2017-3642;0.024500000;0.837320000
CVE-2017-3641;0.031980000;0.876360000
CVE-2017-3640;0.024500000;0.837320000
CVE-2017-3639;0.024500000;0.837310000
CVE-2017-3638;0.024500000;0.837330000
CVE-2017-3637;0.019960000;0.798830000
CVE-2017-3636;0.004340000;0.351770000
CVE-2017-3635;0.020310000;0.802540000
CVE-2017-3634;0.029890000;0.868000000
CVE-2017-3633;0.029520000;0.866450000
CVE-2017-3632;0.036820000;0.892830000
CVE-2017-3631;0.059890000;0.930590000
CVE-2017-3630;0.045310000;0.912120000
CVE-2017-3629;0.050850000;0.920480000
CVE-2017-3626;0.015330000;0.737640000
CVE-2017-3625;0.019960000;0.798820000
CVE-2017-3623;0.219650000;0.975830000
CVE-2017-3622;0.053820000;0.923830000
CVE-2017-3621;0.026020000;0.847490000
CVE-2017-3620;0.004090000;0.325410000
CVE-2017-3619;0.004160000;0.333910000
CVE-2017-3618;0.004110000;0.327820000
CVE-2017-3617;0.004400000;0.356870000
CVE-2017-3616;0.004230000;0.340890000
CVE-2017-3615;0.004230000;0.340890000
CVE-2017-3614;0.004230000;0.340890000
CVE-2017-3613;0.004230000;0.340880000
CVE-2017-3612;0.004230000;0.340880000
CVE-2017-3611;0.004400000;0.356870000
CVE-2017-3610;0.004230000;0.340880000
CVE-2017-3609;0.004230000;0.340880000
CVE-2017-3608;0.004230000;0.340900000
CVE-2017-3607;0.004230000;0.340900000
CVE-2017-3606;0.004190000;0.336620000
CVE-2017-3605;0.004400000;0.356870000
CVE-2017-3604;0.004190000;0.337360000
CVE-2017-3603;0.010460000;0.627360000
CVE-2017-3602;0.019590000;0.794960000
CVE-2017-3601;0.023330000;0.828790000
CVE-2017-3600;0.026400000;0.849870000
CVE-2017-3599;0.899240000;0.997900000
CVE-2017-3598;0.010460000;0.627360000
CVE-2017-3597;0.016760000;0.759340000
CVE-2017-3596;0.015900000;0.746490000
CVE-2017-3595;0.015830000;0.745590000
CVE-2017-3594;0.014430000;0.721810000
CVE-2017-3593;0.019390000;0.792930000
CVE-2017-3592;0.018880000;0.786970000
CVE-2017-3591;0.016010000;0.748160000
CVE-2017-3590;0.004100000;0.325970000
CVE-2017-3589;0.004480000;0.364180000
CVE-2017-3588;0.005110000;0.411890000
CVE-2017-3587;0.014590000;0.724800000
CVE-2017-3586;0.017130000;0.764630000
CVE-2017-3585;0.016930000;0.761730000
CVE-2017-3584;0.003550000;0.267070000
CVE-2017-3583;0.020830000;0.807780000
CVE-2017-3582;0.004540000;0.369260000
CVE-2017-3581;0.004140000;0.331710000
CVE-2017-3580;0.020140000;0.800940000
CVE-2017-3579;0.013560000;0.705270000
CVE-2017-3578;0.004050000;0.321280000
CVE-2017-3577;0.016970000;0.762320000
CVE-2017-3576;0.015430000;0.739350000
CVE-2017-3575;0.014410000;0.721290000
CVE-2017-3574;0.010970000;0.642490000
CVE-2017-3573;0.010090000;0.616380000
CVE-2017-3572;0.018210000;0.778840000
CVE-2017-3571;0.019040000;0.788890000
CVE-2017-3570;0.017180000;0.765260000
CVE-2017-3569;0.007830000;0.542230000
CVE-2017-3568;0.003820000;0.295260000
CVE-2017-3567;0.015000000;0.732250000
CVE-2017-3565;0.004020000;0.318040000
CVE-2017-3564;0.004720000;0.383030000
CVE-2017-3563;0.013600000;0.706030000
CVE-2017-3562;0.019190000;0.790590000
CVE-2017-3561;0.015430000;0.739360000
CVE-2017-3560;0.010040000;0.614860000
CVE-2017-3559;0.003850000;0.298810000
CVE-2017-3558;0.029120000;0.864670000
CVE-2017-3557;0.017310000;0.766820000
CVE-2017-3556;0.021060000;0.810020000
CVE-2017-3555;0.025740000;0.845600000
CVE-2017-3554;0.017640000;0.771300000
CVE-2017-3553;0.024410000;0.836650000
CVE-2017-3552;0.009560000;0.598520000
CVE-2017-3551;0.003940000;0.309570000
CVE-2017-3550;0.016130000;0.749860000
CVE-2017-3549;0.157840000;0.967600000
CVE-2017-3548;0.508370000;0.988900000
CVE-2017-3547;0.021530000;0.814170000
CVE-2017-3546;0.096360000;0.953270000
CVE-2017-3545;0.017560000;0.770280000
CVE-2017-3544;0.016910000;0.761460000
CVE-2017-3543;0.022950000;0.825730000
CVE-2017-3542;0.022950000;0.825730000
CVE-2017-3541;0.019540000;0.794500000
CVE-2017-3540;0.018490000;0.782310000
CVE-2017-3539;0.019930000;0.798530000
CVE-2017-3538;0.003530000;0.263730000
CVE-2017-3537;0.010090000;0.616390000
CVE-2017-3536;0.009470000;0.595880000
CVE-2017-3535;0.016330000;0.752970000
CVE-2017-3534;0.018900000;0.787130000
CVE-2017-3533;0.025800000;0.846030000
CVE-2017-3532;0.010090000;0.616380000
CVE-2017-3531;0.019270000;0.791420000
CVE-2017-3530;0.016790000;0.759720000
CVE-2017-3529;0.020130000;0.800880000
CVE-2017-3528;0.146220000;0.965390000
CVE-2017-3527;0.017770000;0.773220000
CVE-2017-3526;0.033110000;0.881090000
CVE-2017-3525;0.017180000;0.765260000
CVE-2017-3524;0.016830000;0.760430000
CVE-2017-3523;0.028770000;0.862960000
CVE-2017-3522;0.017180000;0.765260000
CVE-2017-3521;0.017180000;0.765260000
CVE-2017-3520;0.018330000;0.780380000
CVE-2017-3519;0.025700000;0.845440000
CVE-2017-3518;0.025180000;0.842000000
CVE-2017-3517;0.013710000;0.708170000
CVE-2017-3516;0.021200000;0.811200000
CVE-2017-3515;0.013220000;0.697430000
CVE-2017-3514;0.024870000;0.839820000
CVE-2017-3513;0.003630000;0.275840000
CVE-2017-3512;0.028000000;0.859120000
CVE-2017-3511;0.007590000;0.533990000
CVE-2017-3510;0.016240000;0.751500000
CVE-2017-3509;0.022110000;0.819050000
CVE-2017-3508;0.022670000;0.823410000
CVE-2017-3507;0.016650000;0.757740000
CVE-2017-3506;0.962810000;0.998780000
CVE-2017-3505;0.003950000;0.310850000
CVE-2017-3504;0.003950000;0.310850000
CVE-2017-3503;0.020630000;0.805810000
CVE-2017-3502;0.016580000;0.756580000
CVE-2017-3501;0.013560000;0.705270000
CVE-2017-3500;0.020000000;0.799270000
CVE-2017-3499;0.025400000;0.843440000
CVE-2017-3498;0.003940000;0.309930000
CVE-2017-3497;0.017020000;0.763020000
CVE-2017-3496;0.013560000;0.705270000
CVE-2017-3495;0.016330000;0.752970000
CVE-2017-3494;0.013890000;0.711860000
CVE-2017-3493;0.018580000;0.783600000
CVE-2017-3492;0.010540000;0.629930000
CVE-2017-3491;0.017140000;0.764670000
CVE-2017-3490;0.010150000;0.618330000
CVE-2017-3489;0.010540000;0.629920000
CVE-2017-3488;0.014430000;0.721740000
CVE-2017-3487;0.009660000;0.602010000
CVE-2017-3486;0.004170000;0.334500000
CVE-2017-3485;0.015580000;0.741990000
CVE-2017-3484;0.010540000;0.629920000
CVE-2017-3483;0.004140000;0.331840000
CVE-2017-3482;0.009470000;0.595880000
CVE-2017-3481;0.016550000;0.756170000
CVE-2017-3480;0.016330000;0.752970000
CVE-2017-3479;0.013750000;0.709070000
CVE-2017-3478;0.010540000;0.629930000
CVE-2017-3477;0.008670000;0.570750000
CVE-2017-3476;0.015370000;0.738440000
CVE-2017-3475;0.016550000;0.756170000
CVE-2017-3474;0.003940000;0.309930000
CVE-2017-3473;0.012700000;0.686240000
CVE-2017-3472;0.019020000;0.788700000
CVE-2017-3471;0.015230000;0.735960000
CVE-2017-3470;0.016680000;0.758080000
CVE-2017-3469;0.009820000;0.607750000
CVE-2017-3468;0.009000000;0.580430000
CVE-2017-3467;0.020440000;0.803890000
CVE-2017-3465;0.015400000;0.738920000
CVE-2017-3464;0.021320000;0.812410000
CVE-2017-3463;0.028290000;0.860640000
CVE-2017-3462;0.028530000;0.861860000
CVE-2017-3461;0.028290000;0.860640000
CVE-2017-3460;0.021940000;0.817560000
CVE-2017-3459;0.021940000;0.817570000
CVE-2017-3458;0.021940000;0.817560000
CVE-2017-3457;0.021940000;0.817560000
CVE-2017-3456;0.029640000;0.866930000
CVE-2017-3455;0.013710000;0.708200000
CVE-2017-3454;0.018760000;0.785580000
CVE-2017-3453;0.030780000;0.871640000
CVE-2017-3452;0.023350000;0.828950000
CVE-2017-3451;0.007270000;0.522880000
CVE-2017-3450;0.042790000;0.907550000
CVE-2017-3446;0.015340000;0.737830000
CVE-2017-3445;0.015340000;0.737830000
CVE-2017-3444;0.015340000;0.737830000
CVE-2017-3443;0.015470000;0.740010000
CVE-2017-3442;0.014040000;0.714750000
CVE-2017-3441;0.012370000;0.678670000
CVE-2017-3440;0.017950000;0.775410000
CVE-2017-3439;0.012480000;0.681180000
CVE-2017-3438;0.012480000;0.681180000
CVE-2017-3437;0.012480000;0.681180000
CVE-2017-3436;0.012480000;0.681340000
CVE-2017-3435;0.014160000;0.716910000
CVE-2017-3434;0.012830000;0.689000000
CVE-2017-3433;0.012480000;0.681200000
CVE-2017-3432;0.016250000;0.751690000
CVE-2017-3431;0.012480000;0.681200000
CVE-2017-3430;0.012480000;0.681180000
CVE-2017-3429;0.014160000;0.716890000
CVE-2017-3428;0.012480000;0.681350000
CVE-2017-3427;0.012480000;0.681350000
CVE-2017-3426;0.012480000;0.681190000
CVE-2017-3425;0.012480000;0.681200000
CVE-2017-3424;0.012480000;0.681200000
CVE-2017-3423;0.012480000;0.681360000
CVE-2017-3422;0.012480000;0.681340000
CVE-2017-3421;0.015600000;0.742200000
CVE-2017-3420;0.012480000;0.681330000
CVE-2017-3419;0.012480000;0.681360000
CVE-2017-3418;0.015600000;0.742190000
CVE-2017-3417;0.012480000;0.681190000
CVE-2017-3416;0.014160000;0.716900000
CVE-2017-3415;0.015600000;0.742190000
CVE-2017-3414;0.012480000;0.681190000
CVE-2017-3413;0.014160000;0.716880000
CVE-2017-3412;0.012480000;0.681340000
CVE-2017-3411;0.012480000;0.681230000
CVE-2017-3410;0.012480000;0.681230000
CVE-2017-3409;0.012480000;0.681240000
CVE-2017-3408;0.012480000;0.681330000
CVE-2017-3407;0.012480000;0.681330000
CVE-2017-3406;0.012480000;0.681240000
CVE-2017-3405;0.014160000;0.716890000
CVE-2017-3404;0.014160000;0.716890000
CVE-2017-3403;0.012480000;0.681330000
CVE-2017-3402;0.014160000;0.716910000
CVE-2017-3401;0.012480000;0.681240000
CVE-2017-3400;0.012480000;0.681210000
CVE-2017-3399;0.012480000;0.681350000
CVE-2017-3398;0.012480000;0.681350000
CVE-2017-3397;0.012480000;0.681320000
CVE-2017-3396;0.012480000;0.681210000
CVE-2017-3395;0.012480000;0.681210000
CVE-2017-3394;0.012480000;0.681220000
CVE-2017-3393;0.016250000;0.751680000
CVE-2017-3392;0.012480000;0.681210000
CVE-2017-3391;0.012480000;0.681220000
CVE-2017-3390;0.012480000;0.681320000
CVE-2017-3389;0.014160000;0.716900000
CVE-2017-3388;0.012580000;0.683910000
CVE-2017-3387;0.012480000;0.681220000
CVE-2017-3386;0.012480000;0.681250000
CVE-2017-3385;0.012480000;0.681250000
CVE-2017-3384;0.012480000;0.681230000
CVE-2017-3383;0.012480000;0.681220000
CVE-2017-3382;0.014160000;0.716890000
CVE-2017-3381;0.012480000;0.681260000
CVE-2017-3380;0.012220000;0.675020000
CVE-2017-3379;0.012480000;0.681250000
CVE-2017-3378;0.012480000;0.681270000
CVE-2017-3377;0.014160000;0.716880000
CVE-2017-3376;0.014160000;0.716900000
CVE-2017-3375;0.012480000;0.681270000
CVE-2017-3374;0.012480000;0.681230000
CVE-2017-3373;0.015600000;0.742180000
CVE-2017-3372;0.015280000;0.736740000
CVE-2017-3371;0.012480000;0.681320000
CVE-2017-3370;0.014160000;0.716900000
CVE-2017-3369;0.015600000;0.742180000
CVE-2017-3368;0.015600000;0.742170000
CVE-2017-3367;0.012480000;0.681270000
CVE-2017-3366;0.012480000;0.681250000
CVE-2017-3365;0.012480000;0.681280000
CVE-2017-3364;0.012480000;0.681170000
CVE-2017-3363;0.012480000;0.681280000
CVE-2017-3362;0.015600000;0.742190000
CVE-2017-3361;0.015600000;0.742200000
CVE-2017-3360;0.012480000;0.681300000
CVE-2017-3359;0.015600000;0.742200000
CVE-2017-3358;0.012480000;0.681300000
CVE-2017-3357;0.012480000;0.681290000
CVE-2017-3356;0.013100000;0.694950000
CVE-2017-3355;0.013100000;0.694940000
CVE-2017-3354;0.012480000;0.681260000
CVE-2017-3353;0.012480000;0.681270000
CVE-2017-3352;0.012480000;0.681320000
CVE-2017-3351;0.012480000;0.681260000
CVE-2017-3350;0.012480000;0.681260000
CVE-2017-3349;0.012480000;0.681290000
CVE-2017-3348;0.012480000;0.681300000
CVE-2017-3347;0.011440000;0.653940000
CVE-2017-3346;0.012480000;0.681300000
CVE-2017-3345;0.013100000;0.694950000
CVE-2017-3344;0.012480000;0.681310000
CVE-2017-3343;0.012480000;0.681290000
CVE-2017-3342;0.011440000;0.653940000
CVE-2017-3341;0.012480000;0.681280000
CVE-2017-3340;0.012480000;0.681280000
CVE-2017-3339;0.012480000;0.681170000
CVE-2017-3338;0.012480000;0.681310000
CVE-2017-3337;0.016250000;0.751690000
CVE-2017-3336;0.012480000;0.681310000
CVE-2017-3335;0.012480000;0.681310000
CVE-2017-3334;0.014160000;0.716910000
CVE-2017-3333;0.015600000;0.742180000
CVE-2017-3332;0.003840000;0.298580000
CVE-2017-3331;0.037970000;0.896210000
CVE-2017-3330;0.011770000;0.663330000
CVE-2017-3329;0.037430000;0.894660000
CVE-2017-3328;0.015600000;0.742190000
CVE-2017-3327;0.018100000;0.777390000
CVE-2017-3326;0.018100000;0.777390000
CVE-2017-3325;0.017860000;0.774180000
CVE-2017-3324;0.019990000;0.799100000
CVE-2017-3323;0.015610000;0.742310000
CVE-2017-3322;0.015610000;0.742320000
CVE-2017-3321;0.018200000;0.778780000
CVE-2017-3320;0.007820000;0.541900000
CVE-2017-3319;0.013460000;0.702900000
CVE-2017-3318;0.004480000;0.364190000
CVE-2017-3317;0.003970000;0.312470000
CVE-2017-3316;0.069610000;0.939020000
CVE-2017-3315;0.012540000;0.682810000
CVE-2017-3314;0.013790000;0.709920000
CVE-2017-3313;0.004220000;0.340360000
CVE-2017-3312;0.004460000;0.362310000
CVE-2017-3311;0.014860000;0.729810000
CVE-2017-3310;0.016230000;0.751270000
CVE-2017-3309;0.030780000;0.871640000
CVE-2017-3308;0.030780000;0.871630000
CVE-2017-3307;0.011010000;0.643170000
CVE-2017-3306;0.018800000;0.786070000
CVE-2017-3305;0.013610000;0.706250000
CVE-2017-3304;0.014040000;0.714650000
CVE-2017-3303;0.017730000;0.772700000
CVE-2017-3302;0.049050000;0.917890000
CVE-2017-3301;0.004260000;0.343760000
CVE-2017-3300;0.016060000;0.749020000
CVE-2017-3299;0.012330000;0.677840000
CVE-2017-3298;0.013790000;0.709920000
CVE-2017-3297;0.012330000;0.677760000
CVE-2017-3296;0.011160000;0.646950000
CVE-2017-3295;0.026830000;0.852520000
CVE-2017-3294;0.026830000;0.852520000
CVE-2017-3293;0.020990000;0.809400000
CVE-2017-3292;0.015330000;0.737710000
CVE-2017-3291;0.004380000;0.355850000
CVE-2017-3290;0.003620000;0.274550000
CVE-2017-3289;0.024830000;0.839570000
CVE-2017-3288;0.010540000;0.629930000
CVE-2017-3287;0.018100000;0.777380000
CVE-2017-3286;0.004100000;0.326520000
CVE-2017-3285;0.018100000;0.777380000
CVE-2017-3284;0.018100000;0.777380000
CVE-2017-3283;0.013630000;0.706570000
CVE-2017-3282;0.013630000;0.706570000
CVE-2017-3281;0.013550000;0.704940000
CVE-2017-3280;0.015820000;0.745330000
CVE-2017-3279;0.015600000;0.742180000
CVE-2017-3278;0.017730000;0.772710000
CVE-2017-3277;0.014310000;0.719690000
CVE-2017-3276;0.003270000;0.232040000
CVE-2017-3275;0.018100000;0.777380000
CVE-2017-3274;0.018100000;0.777390000
CVE-2017-3273;0.031120000;0.872910000
CVE-2017-3272;0.030220000;0.869420000
CVE-2017-3271;0.020990000;0.809410000
CVE-2017-3270;0.026250000;0.848850000
CVE-2017-3269;0.026250000;0.848850000
CVE-2017-3268;0.026250000;0.848840000
CVE-2017-3267;0.026250000;0.848850000
CVE-2017-3266;0.027620000;0.857100000
CVE-2017-3265;0.013600000;0.706040000
CVE-2017-3264;0.009840000;0.608110000
CVE-2017-3263;0.012690000;0.686120000
CVE-2017-3262;0.020710000;0.806640000
CVE-2017-3261;0.024990000;0.840630000
CVE-2017-3260;0.020000000;0.799260000
CVE-2017-3259;0.021620000;0.814860000
CVE-2017-3258;0.030780000;0.871630000
CVE-2017-3257;0.025700000;0.845370000
CVE-2017-3256;0.023550000;0.830520000
CVE-2017-3255;0.017560000;0.770280000
CVE-2017-3254;0.014770000;0.728150000
CVE-2017-3253;0.038680000;0.898220000
CVE-2017-3252;0.019330000;0.792180000
CVE-2017-3251;0.017460000;0.768720000
CVE-2017-3250;0.012650000;0.685350000
CVE-2017-3249;0.013760000;0.709390000
CVE-2017-3248;0.973010000;0.998950000
CVE-2017-3247;0.011470000;0.654720000
CVE-2017-3246;0.004070000;0.323560000
CVE-2017-3245;0.016330000;0.752980000
CVE-2017-3244;0.037070000;0.893550000
CVE-2017-3243;0.043430000;0.908710000
CVE-2017-3242;0.003510000;0.262060000
CVE-2017-3241;0.328390000;0.983010000
CVE-2017-3240;0.003890000;0.303500000
CVE-2017-3239;0.004220000;0.340270000
CVE-2017-3238;0.047920000;0.916220000
CVE-2017-3237;0.004330000;0.351110000
CVE-2017-3236;0.015230000;0.735960000
CVE-2017-3235;0.004110000;0.326680000
CVE-2017-3234;0.021830000;0.816480000
CVE-2017-3233;0.014970000;0.731550000
CVE-2017-3232;0.004130000;0.329660000
CVE-2017-3231;0.021840000;0.816580000
CVE-2017-3230;0.020050000;0.799770000
CVE-2017-3226;0.002660000;0.166150000
CVE-2017-3225;0.003090000;0.212860000
CVE-2017-3224;0.010650000;0.633430000
CVE-2017-3223;0.052860000;0.922860000
CVE-2017-3222;0.074130000;0.942320000
CVE-2017-3221;0.035420000;0.888610000
CVE-2017-3219;0.004740000;0.384710000
CVE-2017-3218;0.003440000;0.253250000
CVE-2017-3217;0.020470000;0.804170000
CVE-2017-3216;0.051750000;0.921570000
CVE-2017-3215;0.008950000;0.578940000
CVE-2017-3214;0.006250000;0.478290000
CVE-2017-3213;0.008640000;0.569670000
CVE-2017-3212;0.008480000;0.564180000
CVE-2017-3211;0.008290000;0.558030000
CVE-2017-3210;0.009090000;0.583560000
CVE-2017-3209;0.012030000;0.669940000
CVE-2017-3208;0.039820000;0.901350000
CVE-2017-3207;0.081800000;0.946760000
CVE-2017-3206;0.036650000;0.892400000
CVE-2017-3204;0.031560000;0.874670000
CVE-2017-3203;0.063100000;0.933730000
CVE-2017-3202;0.081760000;0.946730000
CVE-2017-3201;0.053620000;0.923630000
CVE-2017-3200;0.061230000;0.931960000
CVE-2017-3199;0.061230000;0.931970000
CVE-2017-3198;0.015760000;0.744620000
CVE-2017-3197;0.055690000;0.925900000
CVE-2017-3196;0.007040000;0.514030000
CVE-2017-3195;0.213870000;0.975290000
CVE-2017-3194;0.012820000;0.688720000
CVE-2017-3193;0.056130000;0.926480000
CVE-2017-3192;0.394770000;0.985650000
CVE-2017-3191;0.625270000;0.991650000
CVE-2017-3190;0.004230000;0.340580000
CVE-2017-3189;0.065460000;0.935740000
CVE-2017-3188;0.027880000;0.858530000
CVE-2017-3187;0.011390000;0.652680000
CVE-2017-3186;0.060850000;0.931650000
CVE-2017-3185;0.032170000;0.877200000
CVE-2017-3184;0.059220000;0.929930000
CVE-2017-3183;0.021170000;0.810900000
CVE-2017-3182;0.003460000;0.255610000
CVE-2017-3181;0.017130000;0.764550000
CVE-2017-3180;0.006080000;0.469660000
CVE-2017-3169;0.199530000;0.973500000
CVE-2017-3167;0.202310000;0.973870000
CVE-2017-3166;0.003230000;0.228430000
CVE-2017-3165;0.022240000;0.820080000
CVE-2017-3164;0.194420000;0.972820000
CVE-2017-3163;0.065590000;0.935820000
CVE-2017-3162;0.062510000;0.933180000
CVE-2017-3161;0.038690000;0.898270000
CVE-2017-3160;0.037530000;0.894930000
CVE-2017-3159;0.062860000;0.933520000
CVE-2017-3158;0.012210000;0.674830000
CVE-2017-3157;0.031220000;0.873380000
CVE-2017-3156;0.063150000;0.933770000
CVE-2017-3155;0.020520000;0.804780000
CVE-2017-3154;0.020530000;0.804820000
CVE-2017-3153;0.022150000;0.819350000
CVE-2017-3152;0.022150000;0.819350000
CVE-2017-3151;0.021740000;0.815790000
CVE-2017-3150;0.022130000;0.819210000
CVE-2017-3145;0.279300000;0.980380000
CVE-2017-3144;0.727240000;0.994310000
CVE-2017-3143;0.182990000;0.971300000
CVE-2017-3142;0.054000000;0.924000000
CVE-2017-3141;0.014250000;0.718380000
CVE-2017-3140;0.122270000;0.960370000
CVE-2017-3139;0.016750000;0.759200000
CVE-2017-3138;0.055230000;0.925290000
CVE-2017-3137;0.089750000;0.950910000
CVE-2017-3136;0.111830000;0.958120000
CVE-2017-3135;0.172430000;0.970010000
CVE-2017-3134;0.015100000;0.734030000
CVE-2017-3133;0.106770000;0.956600000
CVE-2017-3132;0.081120000;0.946370000
CVE-2017-3131;0.076810000;0.943910000
CVE-2017-3130;0.014490000;0.722940000
CVE-2017-3129;0.007130000;0.517350000
CVE-2017-3128;0.007140000;0.517750000
CVE-2017-3127;0.009610000;0.600660000
CVE-2017-3126;0.009430000;0.594620000
CVE-2017-3125;0.011060000;0.644400000
CVE-2017-3124;0.083010000;0.947390000
CVE-2017-3123;0.143650000;0.964990000
CVE-2017-3122;0.074490000;0.942500000
CVE-2017-3121;0.081290000;0.946490000
CVE-2017-3120;0.093620000;0.952280000
CVE-2017-3119;0.065920000;0.936090000
CVE-2017-3118;0.088900000;0.950530000
CVE-2017-3117;0.188870000;0.972030000
CVE-2017-3116;0.081290000;0.946490000
CVE-2017-3115;0.058070000;0.928730000
CVE-2017-3114;0.062160000;0.932870000
CVE-2017-3113;0.093620000;0.952280000
CVE-2017-3112;0.062160000;0.932860000
CVE-2017-3111;0.067950000;0.937730000
CVE-2017-3110;0.052540000;0.922510000
CVE-2017-3109;0.029300000;0.865510000
CVE-2017-3108;0.086240000;0.949210000
CVE-2017-3107;0.067950000;0.937730000
CVE-2017-3106;0.223110000;0.976120000
CVE-2017-3105;0.028860000;0.863360000
CVE-2017-3104;0.027900000;0.858590000
CVE-2017-3103;0.029090000;0.864570000
CVE-2017-3102;0.028850000;0.863300000
CVE-2017-3101;0.056140000;0.926640000
CVE-2017-3100;0.037480000;0.894820000
CVE-2017-3099;0.085520000;0.948820000
CVE-2017-3098;0.069300000;0.938820000
CVE-2017-3097;0.071210000;0.940360000
CVE-2017-3096;0.061520000;0.932260000
CVE-2017-3095;0.061520000;0.932250000
CVE-2017-3094;0.061520000;0.932250000
CVE-2017-3093;0.061520000;0.932250000
CVE-2017-3092;0.084960000;0.948520000
CVE-2017-3091;0.080780000;0.946100000
CVE-2017-3090;0.084960000;0.948520000
CVE-2017-3089;0.061520000;0.932260000
CVE-2017-3088;0.061520000;0.932250000
CVE-2017-3087;0.032020000;0.876500000
CVE-2017-3086;0.068750000;0.938310000
CVE-2017-3085;0.044780000;0.911180000
CVE-2017-3084;0.087190000;0.949670000
CVE-2017-3083;0.144250000;0.965090000
CVE-2017-3082;0.116640000;0.959170000
CVE-2017-3081;0.144250000;0.965080000
CVE-2017-3080;0.041530000;0.905080000
CVE-2017-3079;0.069910000;0.939270000
CVE-2017-3078;0.308860000;0.981990000
CVE-2017-3077;0.222610000;0.976070000
CVE-2017-3076;0.247280000;0.978250000
CVE-2017-3075;0.087190000;0.949670000
CVE-2017-3074;0.049980000;0.919300000
CVE-2017-3073;0.048600000;0.917240000
CVE-2017-3072;0.049980000;0.919300000
CVE-2017-3071;0.062100000;0.932780000
CVE-2017-3070;0.049980000;0.919290000
CVE-2017-3069;0.049980000;0.919290000
CVE-2017-3068;0.203530000;0.974040000
CVE-2017-3067;0.047910000;0.916220000
CVE-2017-3066;0.905970000;0.998000000
CVE-2017-3065;0.033620000;0.882810000
CVE-2017-3064;0.134540000;0.963040000
CVE-2017-3063;0.088940000;0.950560000
CVE-2017-3062;0.095110000;0.952820000
CVE-2017-3061;0.247280000;0.978260000
CVE-2017-3060;0.076300000;0.943620000
CVE-2017-3059;0.095110000;0.952830000
CVE-2017-3058;0.065040000;0.935350000
CVE-2017-3057;0.051920000;0.921780000
CVE-2017-3056;0.033620000;0.882810000
CVE-2017-3055;0.144520000;0.965110000
CVE-2017-3054;0.033620000;0.882820000
CVE-2017-3053;0.034040000;0.884230000
CVE-2017-3052;0.034040000;0.884230000
CVE-2017-3051;0.041840000;0.905720000
CVE-2017-3050;0.041840000;0.905730000
CVE-2017-3049;0.093840000;0.952360000
CVE-2017-3048;0.136630000;0.963590000
CVE-2017-3047;0.050620000;0.920150000
CVE-2017-3046;0.041070000;0.904120000
CVE-2017-3045;0.041070000;0.904120000
CVE-2017-3044;0.203770000;0.974060000
CVE-2017-3043;0.041070000;0.904120000
CVE-2017-3042;0.144520000;0.965110000
CVE-2017-3041;0.033620000;0.882820000
CVE-2017-3040;0.033620000;0.882820000
CVE-2017-3039;0.034600000;0.886050000
CVE-2017-3038;0.039830000;0.901360000
CVE-2017-3037;0.063380000;0.933960000
CVE-2017-3036;0.044580000;0.910890000
CVE-2017-3035;0.049630000;0.918820000
CVE-2017-3034;0.052150000;0.922130000
CVE-2017-3033;0.031590000;0.874820000
CVE-2017-3032;0.039590000;0.900740000
CVE-2017-3031;0.031590000;0.874820000
CVE-2017-3030;0.034600000;0.886060000
CVE-2017-3029;0.028000000;0.859170000
CVE-2017-3028;0.043060000;0.908020000
CVE-2017-3027;0.040690000;0.903210000
CVE-2017-3026;0.040690000;0.903210000
CVE-2017-3025;0.034600000;0.886060000
CVE-2017-3024;0.053090000;0.923080000
CVE-2017-3023;0.044580000;0.910890000
CVE-2017-3022;0.117640000;0.959370000
CVE-2017-3021;0.024550000;0.837690000
CVE-2017-3020;0.028000000;0.859170000
CVE-2017-3019;0.034600000;0.886050000
CVE-2017-3018;0.041730000;0.905460000
CVE-2017-3017;0.042800000;0.907570000
CVE-2017-3016;0.081290000;0.946490000
CVE-2017-3015;0.041730000;0.905450000
CVE-2017-3014;0.051220000;0.920890000
CVE-2017-3013;0.034110000;0.884430000
CVE-2017-3012;0.028190000;0.860140000
CVE-2017-3011;0.075760000;0.943250000
CVE-2017-3010;0.045520000;0.912570000
CVE-2017-3009;0.043860000;0.909540000
CVE-2017-3008;0.030940000;0.872280000
CVE-2017-3007;0.007230000;0.521040000
CVE-2017-3006;0.108190000;0.957050000
CVE-2017-3005;0.009030000;0.581590000
CVE-2017-3004;0.056050000;0.926410000
CVE-2017-3003;0.052540000;0.922520000
CVE-2017-3002;0.050990000;0.920650000
CVE-2017-3001;0.050990000;0.920650000
CVE-2017-3000;0.083600000;0.947780000
CVE-2017-2999;0.041010000;0.903950000
CVE-2017-2998;0.040660000;0.903140000
CVE-2017-2997;0.074040000;0.942270000
CVE-2017-2996;0.048680000;0.917330000
CVE-2017-2995;0.064390000;0.934840000
CVE-2017-2994;0.062620000;0.933270000
CVE-2017-2993;0.060490000;0.931220000
CVE-2017-2992;0.326760000;0.982900000
CVE-2017-2991;0.086660000;0.949450000
CVE-2017-2990;0.096900000;0.953460000
CVE-2017-2989;0.036880000;0.893020000
CVE-2017-2988;0.180950000;0.971040000
CVE-2017-2987;0.085260000;0.948650000
CVE-2017-2986;0.308730000;0.981980000
CVE-2017-2985;0.218280000;0.975680000
CVE-2017-2984;0.182190000;0.971190000
CVE-2017-2983;0.030280000;0.869700000
CVE-2017-2982;0.060490000;0.931220000
CVE-2017-2981;0.034420000;0.885530000
CVE-2017-2980;0.034420000;0.885520000
CVE-2017-2979;0.034420000;0.885520000
CVE-2017-2978;0.034420000;0.885530000
CVE-2017-2977;0.034420000;0.885520000
CVE-2017-2976;0.034420000;0.885510000
CVE-2017-2975;0.034420000;0.885530000
CVE-2017-2974;0.034420000;0.885530000
CVE-2017-2973;0.093070000;0.952100000
CVE-2017-2972;0.028240000;0.860400000
CVE-2017-2971;0.091250000;0.951470000
CVE-2017-2970;0.074150000;0.942340000
CVE-2017-2969;0.016690000;0.758160000
CVE-2017-2968;0.028090000;0.859590000
CVE-2017-2967;0.033300000;0.881720000
CVE-2017-2966;0.105540000;0.956240000
CVE-2017-2965;0.032160000;0.877170000
CVE-2017-2964;0.033300000;0.881720000
CVE-2017-2963;0.036210000;0.891080000
CVE-2017-2962;0.098550000;0.954070000
CVE-2017-2961;0.039530000;0.900570000
CVE-2017-2960;0.185450000;0.971620000
CVE-2017-2959;0.114720000;0.958750000
CVE-2017-2958;0.097070000;0.953530000
CVE-2017-2957;0.035480000;0.888770000
CVE-2017-2956;0.035180000;0.887920000
CVE-2017-2955;0.035180000;0.887910000
CVE-2017-2954;0.029900000;0.868040000
CVE-2017-2953;0.029900000;0.868040000
CVE-2017-2952;0.078430000;0.944840000
CVE-2017-2951;0.037830000;0.895780000
CVE-2017-2950;0.042170000;0.906400000
CVE-2017-2949;0.204200000;0.974110000
CVE-2017-2948;0.072070000;0.941000000
CVE-2017-2947;0.068690000;0.938270000
CVE-2017-2946;0.241580000;0.977770000
CVE-2017-2945;0.072070000;0.941010000
CVE-2017-2944;0.029400000;0.865930000
CVE-2017-2943;0.028610000;0.862210000
CVE-2017-2942;0.072070000;0.941000000
CVE-2017-2941;0.033300000;0.881730000
CVE-2017-2940;0.028610000;0.862210000
CVE-2017-2939;0.028610000;0.862210000
CVE-2017-2938;0.050790000;0.920380000
CVE-2017-2937;0.062380000;0.933030000
CVE-2017-2936;0.062380000;0.933030000
CVE-2017-2935;0.299100000;0.981480000
CVE-2017-2934;0.299100000;0.981490000
CVE-2017-2933;0.299100000;0.981480000
CVE-2017-2932;0.245930000;0.978120000
CVE-2017-2931;0.211450000;0.975090000
CVE-2017-2930;0.250640000;0.978540000
CVE-2017-2929;0.040430000;0.902670000
CVE-2017-2928;0.050200000;0.919560000
CVE-2017-2927;0.088610000;0.950380000
CVE-2017-2926;0.099050000;0.954220000
CVE-2017-2925;0.050200000;0.919560000
CVE-2017-2924;0.032620000;0.879190000
CVE-2017-2923;0.032620000;0.879190000
CVE-2017-2922;0.026250000;0.848830000
CVE-2017-2921;0.024170000;0.834930000
CVE-2017-2920;0.018350000;0.780550000
CVE-2017-2919;0.020570000;0.805190000
CVE-2017-2918;0.026500000;0.850380000
CVE-2017-2917;0.032450000;0.878290000
CVE-2017-2916;0.022510000;0.822210000
CVE-2017-2915;0.014410000;0.721390000
CVE-2017-2914;0.015550000;0.741570000
CVE-2017-2913;0.006730000;0.501450000
CVE-2017-2912;0.006630000;0.496640000
CVE-2017-2911;0.006730000;0.501450000
CVE-2017-2910;0.021780000;0.816150000
CVE-2017-2909;0.014280000;0.719200000
CVE-2017-2908;0.018270000;0.779680000
CVE-2017-2907;0.018410000;0.781300000
CVE-2017-2906;0.018240000;0.779250000
CVE-2017-2905;0.018410000;0.781300000
CVE-2017-2904;0.018410000;0.781310000
CVE-2017-2903;0.019680000;0.795760000
CVE-2017-2902;0.018410000;0.781300000
CVE-2017-2901;0.018410000;0.781290000
CVE-2017-2900;0.018410000;0.781290000
CVE-2017-2899;0.018240000;0.779250000
CVE-2017-2898;0.015560000;0.741650000
CVE-2017-2897;0.020610000;0.805670000
CVE-2017-2896;0.020520000;0.804680000
CVE-2017-2895;0.013110000;0.695170000
CVE-2017-2894;0.310450000;0.982080000
CVE-2017-2893;0.249430000;0.978440000
CVE-2017-2892;0.029960000;0.868330000
CVE-2017-2891;0.027600000;0.856910000
CVE-2017-2890;0.026310000;0.849360000
CVE-2017-2889;0.014820000;0.729140000
CVE-2017-2888;0.030720000;0.871380000
CVE-2017-2887;0.026560000;0.850850000
CVE-2017-2886;0.010230000;0.620500000
CVE-2017-2885;0.235440000;0.977270000
CVE-2017-2884;0.013790000;0.709780000
CVE-2017-2883;0.024480000;0.837210000
CVE-2017-2882;0.020240000;0.801940000
CVE-2017-2881;0.008050000;0.550260000
CVE-2017-2880;0.014470000;0.722430000
CVE-2017-2879;0.008180000;0.554430000
CVE-2017-2878;0.020770000;0.807180000
CVE-2017-2877;0.019020000;0.788650000
CVE-2017-2876;0.013170000;0.696390000
CVE-2017-2875;0.014280000;0.719090000
CVE-2017-2874;0.017780000;0.773290000
CVE-2017-2873;0.050400000;0.919870000
CVE-2017-2872;0.016340000;0.753190000
CVE-2017-2871;0.010690000;0.634230000
CVE-2017-2870;0.026120000;0.848090000
CVE-2017-2869;0.026160000;0.848340000
CVE-2017-2868;0.025410000;0.843530000
CVE-2017-2867;0.022360000;0.821100000
CVE-2017-2866;0.030800000;0.871730000
CVE-2017-2865;0.005560000;0.440900000
CVE-2017-2864;0.015160000;0.734940000
CVE-2017-2863;0.012150000;0.673330000
CVE-2017-2862;0.045990000;0.913350000
CVE-2017-2861;0.013990000;0.713640000
CVE-2017-2860;0.013880000;0.711520000
CVE-2017-2858;0.015970000;0.747600000
CVE-2017-2857;0.016600000;0.757080000
CVE-2017-2856;0.016600000;0.757080000
CVE-2017-2855;0.016600000;0.757090000
CVE-2017-2854;0.016600000;0.757090000
CVE-2017-2853;0.033200000;0.881390000
CVE-2017-2852;0.013880000;0.711520000
CVE-2017-2851;0.019390000;0.792890000
CVE-2017-2850;0.022120000;0.819110000
CVE-2017-2849;0.043220000;0.908290000
CVE-2017-2848;0.040910000;0.903730000
CVE-2017-2847;0.040910000;0.903740000
CVE-2017-2846;0.040910000;0.903740000
CVE-2017-2845;0.065430000;0.935720000
CVE-2017-2844;0.034680000;0.886320000
CVE-2017-2843;0.034390000;0.885380000
CVE-2017-2842;0.034390000;0.885370000
CVE-2017-2841;0.054280000;0.924290000
CVE-2017-2840;0.017050000;0.763460000
CVE-2017-2839;0.015840000;0.745700000
CVE-2017-2838;0.015450000;0.739650000
CVE-2017-2837;0.015450000;0.739650000
CVE-2017-2836;0.008760000;0.573660000
CVE-2017-2835;0.014600000;0.725140000
CVE-2017-2834;0.017980000;0.775730000
CVE-2017-2833;0.047420000;0.915490000
CVE-2017-2832;0.056750000;0.927190000
CVE-2017-2831;0.028370000;0.861050000
CVE-2017-2830;0.027860000;0.858480000
CVE-2017-2829;0.028660000;0.862420000
CVE-2017-2828;0.078900000;0.945170000
CVE-2017-2827;0.078900000;0.945170000
CVE-2017-2826;0.032720000;0.879550000
CVE-2017-2825;0.042290000;0.906630000
CVE-2017-2824;0.258970000;0.979150000
CVE-2017-2823;0.093580000;0.952270000
CVE-2017-2822;0.020670000;0.806230000
CVE-2017-2821;0.023030000;0.826440000
CVE-2017-2820;0.044150000;0.909990000
CVE-2017-2819;0.016640000;0.757540000
CVE-2017-2818;0.019770000;0.796650000
CVE-2017-2817;0.016640000;0.757540000
CVE-2017-2816;0.023930000;0.833060000
CVE-2017-2815;0.009180000;0.586530000
CVE-2017-2814;0.027160000;0.854430000
CVE-2017-2813;0.017220000;0.765630000
CVE-2017-2812;0.014480000;0.722620000
CVE-2017-2811;0.014880000;0.730120000
CVE-2017-2810;0.048700000;0.917360000
CVE-2017-2809;0.029910000;0.868120000
CVE-2017-2808;0.017150000;0.764850000
CVE-2017-2807;0.019740000;0.796380000
CVE-2017-2806;0.009080000;0.583150000
CVE-2017-2805;0.262480000;0.979350000
CVE-2017-2804;0.012010000;0.669400000
CVE-2017-2803;0.011480000;0.654840000
CVE-2017-2802;0.011240000;0.649180000
CVE-2017-2801;0.013170000;0.696400000
CVE-2017-2800;0.085300000;0.948690000
CVE-2017-2799;0.013280000;0.698740000
CVE-2017-2798;0.013280000;0.698740000
CVE-2017-2797;0.009170000;0.586090000
CVE-2017-2795;0.013350000;0.700550000
CVE-2017-2794;0.012990000;0.692510000
CVE-2017-2793;0.014320000;0.719770000
CVE-2017-2792;0.014570000;0.724480000
CVE-2017-2791;0.011530000;0.656730000
CVE-2017-2790;0.018890000;0.787010000
CVE-2017-2789;0.023400000;0.829280000
CVE-2017-2788;0.078340000;0.944780000
CVE-2017-2787;0.040380000;0.902570000
CVE-2017-2786;0.021090000;0.810250000
CVE-2017-2785;0.051500000;0.921300000
CVE-2017-2784;0.034180000;0.884610000
CVE-2017-2783;0.013280000;0.698740000
CVE-2017-2782;0.010110000;0.616950000
CVE-2017-2781;0.023440000;0.829640000
CVE-2017-2780;0.023440000;0.829640000
CVE-2017-2779;0.021680000;0.815270000
CVE-2017-2777;0.010440000;0.627040000
CVE-2017-2775;0.029400000;0.865890000
CVE-2017-2773;0.021290000;0.812050000
CVE-2017-2768;0.036060000;0.890660000
CVE-2017-2767;0.057590000;0.928140000
CVE-2017-2766;0.016330000;0.753080000
CVE-2017-2765;0.028750000;0.862890000
CVE-2017-2752;0.004620000;0.375030000
CVE-2017-2751;0.010650000;0.632930000
CVE-2017-2750;0.099210000;0.954320000
CVE-2017-2748;0.019010000;0.788560000
CVE-2017-2747;0.018240000;0.779270000
CVE-2017-2746;0.009040000;0.581970000
CVE-2017-2745;0.009040000;0.581960000
CVE-2017-2744;0.004700000;0.381330000
CVE-2017-2743;0.012420000;0.679890000
CVE-2017-2742;0.035170000;0.887890000
CVE-2017-2741;0.846140000;0.996980000
CVE-2017-2740;0.005100000;0.411130000
CVE-2017-2739;0.001780000;0.066080000
CVE-2017-2738;0.026880000;0.852810000
CVE-2017-2737;0.008840000;0.575870000
CVE-2017-2736;0.013700000;0.708000000
CVE-2017-2735;0.005560000;0.441020000
CVE-2017-2734;0.004780000;0.388130000
CVE-2017-2733;0.006640000;0.497350000
CVE-2017-2732;0.006330000;0.482270000
CVE-2017-2731;0.005500000;0.437420000
CVE-2017-2730;0.003270000;0.232670000
CVE-2017-2729;0.012960000;0.691860000
CVE-2017-2728;0.002460000;0.142140000
CVE-2017-2727;0.002210000;0.114340000
CVE-2017-2726;0.013510000;0.704040000
CVE-2017-2725;0.012550000;0.683000000
CVE-2017-2724;0.013510000;0.704040000
CVE-2017-2723;0.001770000;0.065500000
CVE-2017-2722;0.012070000;0.671080000
CVE-2017-2721;0.001970000;0.085040000
CVE-2017-2720;0.007100000;0.516340000
CVE-2017-2719;0.009230000;0.588140000
CVE-2017-2718;0.009070000;0.582730000
CVE-2017-2717;0.003650000;0.277510000
CVE-2017-2716;0.007430000;0.528440000
CVE-2017-2715;0.002510000;0.149370000
CVE-2017-2714;0.005150000;0.414850000
CVE-2017-2713;0.003390000;0.247270000
CVE-2017-2712;0.011250000;0.649390000
CVE-2017-2711;0.006500000;0.490860000
CVE-2017-2710;0.002400000;0.135300000
CVE-2017-2709;0.005400000;0.431510000
CVE-2017-2708;0.002810000;0.184550000
CVE-2017-2707;0.002780000;0.181810000
CVE-2017-2706;0.008660000;0.570280000
CVE-2017-2705;0.002320000;0.127000000
CVE-2017-2704;0.006020000;0.466440000
CVE-2017-2703;0.002760000;0.179630000
CVE-2017-2702;0.002900000;0.193110000
CVE-2017-2701;0.002970000;0.200220000
CVE-2017-2700;0.009350000;0.592170000
CVE-2017-2699;0.009750000;0.605770000
CVE-2017-2698;0.009190000;0.586720000
CVE-2017-2697;0.007430000;0.528450000
CVE-2017-2696;0.007430000;0.528450000
CVE-2017-2695;0.010910000;0.640230000
CVE-2017-2694;0.005190000;0.417840000
CVE-2017-2693;0.010520000;0.629030000
CVE-2017-2692;0.010250000;0.621360000
CVE-2017-2691;0.002840000;0.187280000
CVE-2017-2690;0.002310000;0.125020000
CVE-2017-2689;0.013950000;0.712860000
CVE-2017-2688;0.011150000;0.646790000
CVE-2017-2687;0.009940000;0.611180000
CVE-2017-2686;0.011490000;0.655390000
CVE-2017-2685;0.009710000;0.604190000
CVE-2017-2684;0.019870000;0.797820000
CVE-2017-2683;0.014020000;0.714410000
CVE-2017-2682;0.014170000;0.717140000
CVE-2017-2681;0.009060000;0.582500000
CVE-2017-2680;0.011490000;0.655400000
CVE-2017-2675;0.003030000;0.207020000
CVE-2017-2674;0.012950000;0.691550000
CVE-2017-2673;0.020970000;0.809160000
CVE-2017-2672;0.012050000;0.670360000
CVE-2017-2671;0.014630000;0.725670000
CVE-2017-2670;0.036620000;0.892330000
CVE-2017-2669;0.044650000;0.911020000
CVE-2017-2668;0.025930000;0.846970000
CVE-2017-2667;0.006920000;0.509130000
CVE-2017-2666;0.027120000;0.854140000
CVE-2017-2665;0.003270000;0.232600000
CVE-2017-2664;0.013190000;0.696930000
CVE-2017-2663;0.003650000;0.278120000
CVE-2017-2662;0.009380000;0.592980000
CVE-2017-2661;0.011760000;0.663060000
CVE-2017-2659;0.015050000;0.733050000
CVE-2017-2658;0.014800000;0.728710000
CVE-2017-2654;0.011370000;0.652220000
CVE-2017-2653;0.013870000;0.711350000
CVE-2017-2652;0.014220000;0.717830000
CVE-2017-2651;0.016330000;0.753080000
CVE-2017-2650;0.011450000;0.654120000
CVE-2017-2649;0.009590000;0.599720000
CVE-2017-2648;0.014230000;0.718030000
CVE-2017-2647;0.004080000;0.324100000
CVE-2017-2646;0.018540000;0.782950000
CVE-2017-2645;0.010540000;0.629730000
CVE-2017-2644;0.010540000;0.629740000
CVE-2017-2643;0.015770000;0.744660000
CVE-2017-2642;0.011010000;0.643280000
CVE-2017-2641;0.145300000;0.965230000
CVE-2017-2640;0.062580000;0.933250000
CVE-2017-2639;0.011370000;0.652240000
CVE-2017-2638;0.015590000;0.742030000
CVE-2017-2637;0.047830000;0.916110000
CVE-2017-2636;0.010210000;0.619600000
CVE-2017-2635;0.015290000;0.736980000
CVE-2017-2634;0.052200000;0.922200000
CVE-2017-2633;0.030360000;0.869960000
CVE-2017-2632;0.014720000;0.727340000
CVE-2017-2630;0.026470000;0.850230000
CVE-2017-2629;0.012340000;0.678030000
CVE-2017-2628;0.037960000;0.896140000
CVE-2017-2627;0.006610000;0.496030000
CVE-2017-2626;0.004600000;0.373210000
CVE-2017-2625;0.005340000;0.427590000
CVE-2017-2624;0.006690000;0.499600000
CVE-2017-2623;0.010260000;0.621590000
CVE-2017-2622;0.003750000;0.288980000
CVE-2017-2621;0.004130000;0.330530000
CVE-2017-2620;0.035590000;0.889080000
CVE-2017-2619;0.111090000;0.957920000
CVE-2017-2618;0.004590000;0.372590000
CVE-2017-2617;0.017470000;0.768850000
CVE-2017-2616;0.002790000;0.182870000
CVE-2017-2615;0.036480000;0.891870000
CVE-2017-2614;0.002800000;0.183610000
CVE-2017-2613;0.016300000;0.752360000
CVE-2017-2612;0.015200000;0.735520000
CVE-2017-2611;0.019720000;0.796120000
CVE-2017-2610;0.014590000;0.724910000
CVE-2017-2609;0.017960000;0.775450000
CVE-2017-2608;0.060090000;0.930810000
CVE-2017-2607;0.010580000;0.630740000
CVE-2017-2606;0.018430000;0.781550000
CVE-2017-2604;0.013020000;0.693250000
CVE-2017-2603;0.010150000;0.618090000
CVE-2017-2602;0.015530000;0.741180000
CVE-2017-2601;0.020690000;0.806460000
CVE-2017-2600;0.010450000;0.627240000
CVE-2017-2599;0.010760000;0.636130000
CVE-2017-2598;0.010840000;0.638540000
CVE-2017-2596;0.004010000;0.317210000
CVE-2017-2595;0.031030000;0.872570000
CVE-2017-2594;0.018850000;0.786580000
CVE-2017-2592;0.004500000;0.366170000
CVE-2017-2591;0.028640000;0.862320000
CVE-2017-2590;0.012830000;0.688890000
CVE-2017-2589;0.009260000;0.588930000
CVE-2017-2587;0.012910000;0.690620000
CVE-2017-2586;0.011650000;0.659930000
CVE-2017-2585;0.019740000;0.796340000
CVE-2017-2584;0.004210000;0.339000000
CVE-2017-2583;0.006050000;0.468310000
CVE-2017-2582;0.024570000;0.837850000
CVE-2017-2581;0.011310000;0.650700000
CVE-2017-2580;0.013810000;0.710270000
CVE-2017-2579;0.016140000;0.750010000
CVE-2017-2578;0.008620000;0.569080000
CVE-2017-2576;0.010150000;0.618300000
CVE-2017-2575;0.014640000;0.725730000
CVE-2017-2551;0.016710000;0.758580000
CVE-2017-2550;0.011670000;0.660300000
CVE-2017-2549;0.011520000;0.656430000
CVE-2017-2548;0.011690000;0.660920000
CVE-2017-2547;0.143490000;0.964940000
CVE-2017-2546;0.011690000;0.660920000
CVE-2017-2545;0.011300000;0.650580000
CVE-2017-2544;0.015080000;0.733560000
CVE-2017-2543;0.011300000;0.650580000
CVE-2017-2542;0.011300000;0.650570000
CVE-2017-2541;0.013540000;0.704650000
CVE-2017-2540;0.009690000;0.603370000
CVE-2017-2539;0.017980000;0.775800000
CVE-2017-2538;0.018270000;0.779580000
CVE-2017-2537;0.011690000;0.660920000
CVE-2017-2536;0.104780000;0.956010000
CVE-2017-2535;0.008250000;0.556900000
CVE-2017-2534;0.007810000;0.541650000
CVE-2017-2533;0.043900000;0.909600000
CVE-2017-2531;0.065660000;0.935880000
CVE-2017-2530;0.016210000;0.751130000
CVE-2017-2528;0.020250000;0.802060000
CVE-2017-2527;0.068090000;0.937830000
CVE-2017-2526;0.015080000;0.733560000
CVE-2017-2525;0.015700000;0.743580000
CVE-2017-2524;0.067250000;0.937150000
CVE-2017-2523;0.114840000;0.958770000
CVE-2017-2522;0.065860000;0.936060000
CVE-2017-2521;0.059030000;0.929740000
CVE-2017-2520;0.046430000;0.914020000
CVE-2017-2519;0.039500000;0.900490000
CVE-2017-2518;0.052790000;0.922800000
CVE-2017-2517;0.011450000;0.654130000
CVE-2017-2516;0.028830000;0.863210000
CVE-2017-2515;0.046830000;0.914610000
CVE-2017-2514;0.060670000;0.931420000
CVE-2017-2513;0.034600000;0.886070000
CVE-2017-2512;0.006580000;0.494730000
CVE-2017-2511;0.007960000;0.546930000
CVE-2017-2510;0.039180000;0.899620000
CVE-2017-2509;0.023210000;0.827820000
CVE-2017-2508;0.030150000;0.869140000
CVE-2017-2507;0.009310000;0.590710000
CVE-2017-2506;0.014640000;0.725690000
CVE-2017-2505;0.015670000;0.743100000
CVE-2017-2504;0.033470000;0.882310000
CVE-2017-2503;0.011300000;0.650590000
CVE-2017-2502;0.009310000;0.590710000
CVE-2017-2501;0.041890000;0.905810000
CVE-2017-2500;0.006940000;0.510080000
CVE-2017-2499;0.010420000;0.626030000
CVE-2017-2498;0.007500000;0.530770000
CVE-2017-2497;0.008540000;0.566340000
CVE-2017-2496;0.017980000;0.775800000
CVE-2017-2495;0.008840000;0.575740000
CVE-2017-2494;0.011300000;0.650580000
CVE-2017-2493;0.014520000;0.723560000
CVE-2017-2492;0.010590000;0.631030000
CVE-2017-2491;0.080380000;0.945930000
CVE-2017-2490;0.042630000;0.907230000
CVE-2017-2489;0.023080000;0.826840000
CVE-2017-2488;0.005930000;0.461650000
CVE-2017-2487;0.016860000;0.760920000
CVE-2017-2486;0.016250000;0.751790000
CVE-2017-2485;0.030190000;0.869290000
CVE-2017-2484;0.016600000;0.757060000
CVE-2017-2483;0.056400000;0.926870000
CVE-2017-2482;0.051080000;0.920750000
CVE-2017-2481;0.018720000;0.785210000
CVE-2017-2480;0.043140000;0.908150000
CVE-2017-2479;0.063340000;0.933920000
CVE-2017-2478;0.047480000;0.915570000
CVE-2017-2477;0.012240000;0.675700000
CVE-2017-2476;0.064720000;0.935110000
CVE-2017-2475;0.017310000;0.766840000
CVE-2017-2474;0.047560000;0.915720000
CVE-2017-2473;0.047090000;0.914980000
CVE-2017-2472;0.045790000;0.913010000
CVE-2017-2471;0.085110000;0.948590000
CVE-2017-2470;0.062670000;0.933330000
CVE-2017-2469;0.062670000;0.933330000
CVE-2017-2468;0.077900000;0.944540000
CVE-2017-2467;0.017010000;0.762840000
CVE-2017-2466;0.068700000;0.938280000
CVE-2017-2465;0.018420000;0.781490000
CVE-2017-2464;0.092830000;0.952020000
CVE-2017-2463;0.021290000;0.812080000
CVE-2017-2462;0.017290000;0.766490000
CVE-2017-2461;0.029060000;0.864410000
CVE-2017-2460;0.067910000;0.937690000
CVE-2017-2459;0.067360000;0.937270000
CVE-2017-2458;0.017210000;0.765530000
CVE-2017-2457;0.062960000;0.933600000
CVE-2017-2456;0.042440000;0.906860000
CVE-2017-2455;0.067660000;0.937530000
CVE-2017-2454;0.067660000;0.937530000
CVE-2017-2453;0.015750000;0.744450000
CVE-2017-2452;0.003420000;0.251260000
CVE-2017-2451;0.015980000;0.747790000
CVE-2017-2450;0.013250000;0.698040000
CVE-2017-2449;0.012990000;0.692500000
CVE-2017-2448;0.016300000;0.752480000
CVE-2017-2447;0.051370000;0.921090000
CVE-2017-2446;0.082580000;0.947170000
CVE-2017-2445;0.042720000;0.907430000
CVE-2017-2444;0.019600000;0.795020000
CVE-2017-2443;0.041340000;0.904730000
CVE-2017-2442;0.061660000;0.932370000
CVE-2017-2441;0.027140000;0.854280000
CVE-2017-2440;0.014760000;0.727980000
CVE-2017-2439;0.013130000;0.695500000
CVE-2017-2438;0.012990000;0.692490000
CVE-2017-2437;0.003290000;0.234790000
CVE-2017-2436;0.013090000;0.694650000
CVE-2017-2435;0.017010000;0.762850000
CVE-2017-2434;0.024310000;0.836000000
CVE-2017-2433;0.018490000;0.782380000
CVE-2017-2432;0.021590000;0.814650000
CVE-2017-2431;0.017160000;0.764940000
CVE-2017-2430;0.017010000;0.762850000
CVE-2017-2429;0.015580000;0.741920000
CVE-2017-2428;0.025650000;0.845000000
CVE-2017-2427;0.013090000;0.694650000
CVE-2017-2426;0.012260000;0.676240000
CVE-2017-2425;0.011790000;0.664050000
CVE-2017-2424;0.016820000;0.760130000
CVE-2017-2423;0.017460000;0.768710000
CVE-2017-2422;0.013090000;0.694640000
CVE-2017-2421;0.010910000;0.640260000
CVE-2017-2420;0.013200000;0.697140000
CVE-2017-2419;0.024720000;0.838880000
CVE-2017-2418;0.003350000;0.243320000
CVE-2017-2417;0.013660000;0.707190000
CVE-2017-2416;0.017840000;0.773970000
CVE-2017-2415;0.031150000;0.873040000
CVE-2017-2414;0.019310000;0.791990000
CVE-2017-2413;0.017160000;0.764940000
CVE-2017-2412;0.008030000;0.549400000
CVE-2017-2411;0.007460000;0.529470000
CVE-2017-2410;0.014390000;0.720950000
CVE-2017-2409;0.009060000;0.582690000
CVE-2017-2408;0.013090000;0.694650000
CVE-2017-2407;0.017010000;0.762850000
CVE-2017-2406;0.017010000;0.762850000
CVE-2017-2405;0.018340000;0.780460000
CVE-2017-2404;0.014360000;0.720570000
CVE-2017-2403;0.027340000;0.855360000
CVE-2017-2402;0.016310000;0.752560000
CVE-2017-2401;0.014150000;0.716650000
CVE-2017-2400;0.014590000;0.724870000
CVE-2017-2399;0.001420000;0.028870000
CVE-2017-2398;0.013660000;0.707200000
CVE-2017-2397;0.003690000;0.282020000
CVE-2017-2396;0.018340000;0.780460000
CVE-2017-2395;0.018340000;0.780460000
CVE-2017-2394;0.018420000;0.781490000
CVE-2017-2393;0.011370000;0.652150000
CVE-2017-2392;0.012420000;0.679890000
CVE-2017-2391;0.009590000;0.599680000
CVE-2017-2390;0.003730000;0.286050000
CVE-2017-2389;0.017630000;0.771190000
CVE-2017-2388;0.036050000;0.890620000
CVE-2017-2387;0.002260000;0.119610000
CVE-2017-2386;0.017120000;0.764480000
CVE-2017-2385;0.003130000;0.217360000
CVE-2017-2384;0.003190000;0.222980000
CVE-2017-2383;0.004440000;0.360700000
CVE-2017-2382;0.022790000;0.824430000
CVE-2017-2381;0.022350000;0.821050000
CVE-2017-2380;0.007260000;0.522480000
CVE-2017-2379;0.019730000;0.796310000
CVE-2017-2378;0.028530000;0.861820000
CVE-2017-2377;0.019460000;0.793680000
CVE-2017-2376;0.023810000;0.832140000
CVE-2017-2375;0.002150000;0.106910000
CVE-2017-2374;0.015230000;0.736020000
CVE-2017-2373;0.060210000;0.930940000
CVE-2017-2372;0.019810000;0.797110000
CVE-2017-2371;0.057660000;0.928190000
CVE-2017-2370;0.112740000;0.958300000
CVE-2017-2369;0.060700000;0.931440000
CVE-2017-2368;0.012130000;0.672950000
CVE-2017-2367;0.061660000;0.932370000
CVE-2017-2366;0.018270000;0.779570000
CVE-2017-2365;0.070430000;0.939710000
CVE-2017-2364;0.066530000;0.936490000
CVE-2017-2363;0.069610000;0.939020000
CVE-2017-2362;0.058310000;0.929060000
CVE-2017-2361;0.171340000;0.969860000
CVE-2017-2360;0.041900000;0.905840000
CVE-2017-2359;0.013350000;0.700520000
CVE-2017-2358;0.013090000;0.694650000
CVE-2017-2357;0.008730000;0.572430000
CVE-2017-2356;0.019320000;0.792100000
CVE-2017-2355;0.020430000;0.803840000
CVE-2017-2354;0.019480000;0.793960000
CVE-2017-2353;0.042500000;0.907000000
CVE-2017-2352;0.003450000;0.253630000
CVE-2017-2351;0.003440000;0.253330000
CVE-2017-2350;0.018000000;0.776040000
CVE-2017-2349;0.022850000;0.824860000
CVE-2017-2348;0.012960000;0.691760000
CVE-2017-2347;0.019490000;0.794020000
CVE-2017-2346;0.011020000;0.643400000
CVE-2017-2345;0.036300000;0.891330000
CVE-2017-2344;0.004820000;0.390710000
CVE-2017-2343;0.026970000;0.853350000
CVE-2017-2342;0.005710000;0.449850000
CVE-2017-2341;0.003620000;0.273820000
CVE-2017-2340;0.022350000;0.820980000
CVE-2017-2339;0.010780000;0.636480000
CVE-2017-2338;0.010780000;0.636480000
CVE-2017-2337;0.010780000;0.636480000
CVE-2017-2336;0.011940000;0.667860000
CVE-2017-2335;0.010780000;0.636480000
CVE-2017-2334;0.009730000;0.605200000
CVE-2017-2333;0.010750000;0.635810000
CVE-2017-2332;0.022600000;0.822890000
CVE-2017-2331;0.010650000;0.633460000
CVE-2017-2330;0.003170000;0.221520000
CVE-2017-2329;0.003630000;0.275180000
CVE-2017-2328;0.003230000;0.228060000
CVE-2017-2327;0.002980000;0.201690000
CVE-2017-2326;0.011400000;0.652870000
CVE-2017-2325;0.011630000;0.659220000
CVE-2017-2324;0.020170000;0.801260000
CVE-2017-2323;0.012960000;0.691760000
CVE-2017-2322;0.002940000;0.196750000
CVE-2017-2321;0.014510000;0.723140000
CVE-2017-2320;0.018560000;0.783310000
CVE-2017-2319;0.010670000;0.633810000
CVE-2017-2318;0.009880000;0.609740000
CVE-2017-2317;0.009500000;0.597090000
CVE-2017-2316;0.003180000;0.221850000
CVE-2017-2315;0.024780000;0.839270000
CVE-2017-2314;0.012960000;0.691760000
CVE-2017-2313;0.022650000;0.823290000
CVE-2017-2312;0.015670000;0.743110000
CVE-2017-2311;0.013010000;0.693090000
CVE-2017-2310;0.012370000;0.678600000
CVE-2017-2309;0.007920000;0.545550000
CVE-2017-2308;0.012090000;0.671700000
CVE-2017-2307;0.008500000;0.564920000
CVE-2017-2306;0.015860000;0.745960000
CVE-2017-2305;0.011370000;0.652350000
CVE-2017-2304;0.018030000;0.776370000
CVE-2017-2303;0.021320000;0.812390000
CVE-2017-2302;0.021320000;0.812390000
CVE-2017-2301;0.021320000;0.812390000
CVE-2017-2300;0.018390000;0.781040000
CVE-2017-2299;0.008480000;0.564140000
CVE-2017-2298;0.014940000;0.731180000
CVE-2017-2297;0.006350000;0.483540000
CVE-2017-2296;0.008800000;0.574600000
CVE-2017-2295;0.023750000;0.831800000
CVE-2017-2294;0.011630000;0.659350000
CVE-2017-2293;0.006880000;0.507540000
CVE-2017-2292;0.021800000;0.816310000
CVE-2017-2290;0.012260000;0.676200000
CVE-2017-2289;0.012380000;0.678920000
CVE-2017-2288;0.010800000;0.637250000
CVE-2017-2287;0.010800000;0.637240000
CVE-2017-2286;0.010800000;0.637240000
CVE-2017-2285;0.014660000;0.726340000
CVE-2017-2284;0.016340000;0.753180000
CVE-2017-2283;0.006290000;0.480310000
CVE-2017-2282;0.006620000;0.496360000
CVE-2017-2281;0.008370000;0.560770000
CVE-2017-2280;0.008430000;0.562540000
CVE-2017-2279;0.010800000;0.637240000
CVE-2017-2278;0.006320000;0.481710000
CVE-2017-2277;0.010750000;0.635730000
CVE-2017-2276;0.019330000;0.792170000
CVE-2017-2275;0.016320000;0.752870000
CVE-2017-2274;0.008500000;0.564890000
CVE-2017-2273;0.007740000;0.539290000
CVE-2017-2272;0.010800000;0.637230000
CVE-2017-2271;0.010800000;0.637250000
CVE-2017-2270;0.010590000;0.631050000
CVE-2017-2269;0.010590000;0.631080000
CVE-2017-2268;0.010590000;0.631080000
CVE-2017-2267;0.010590000;0.631050000
CVE-2017-2266;0.010590000;0.631100000
CVE-2017-2265;0.010590000;0.631100000
CVE-2017-2258;0.013260000;0.698430000
CVE-2017-2257;0.007130000;0.517380000
CVE-2017-2256;0.005380000;0.430050000
CVE-2017-2255;0.005380000;0.430100000
CVE-2017-2254;0.010570000;0.630680000
CVE-2017-2253;0.010800000;0.637230000
CVE-2017-2252;0.010800000;0.637220000
CVE-2017-2249;0.010590000;0.631110000
CVE-2017-2248;0.010590000;0.631110000
CVE-2017-2247;0.010590000;0.631110000
CVE-2017-2246;0.010590000;0.631070000
CVE-2017-2245;0.025710000;0.845440000
CVE-2017-2244;0.007220000;0.520980000
CVE-2017-2243;0.014500000;0.723020000
CVE-2017-2242;0.010590000;0.631110000
CVE-2017-2241;0.007310000;0.524120000
CVE-2017-2240;0.016180000;0.750730000
CVE-2017-2239;0.005190000;0.417670000
CVE-2017-2238;0.007690000;0.537900000
CVE-2017-2237;0.019790000;0.796900000
CVE-2017-2236;0.014200000;0.717580000
CVE-2017-2235;0.014830000;0.729310000
CVE-2017-2234;0.017860000;0.774180000
CVE-2017-2233;0.010800000;0.637230000
CVE-2017-2232;0.010800000;0.637220000
CVE-2017-2231;0.012310000;0.677490000
CVE-2017-2230;0.011240000;0.649090000
CVE-2017-2229;0.010570000;0.630580000
CVE-2017-2228;0.012380000;0.678920000
CVE-2017-2227;0.009090000;0.583530000
CVE-2017-2226;0.011090000;0.645330000
CVE-2017-2225;0.014680000;0.726740000
CVE-2017-2224;0.014660000;0.726340000
CVE-2017-2223;0.009130000;0.584700000
CVE-2017-2222;0.017660000;0.771590000
CVE-2017-2221;0.010800000;0.637250000
CVE-2017-2220;0.009110000;0.583980000
CVE-2017-2219;0.010800000;0.637220000
CVE-2017-2218;0.007330000;0.525050000
CVE-2017-2217;0.014760000;0.728080000
CVE-2017-2216;0.014320000;0.719840000
CVE-2017-2215;0.011280000;0.649960000
CVE-2017-2214;0.016510000;0.755680000
CVE-2017-2213;0.010590000;0.631060000
CVE-2017-2212;0.010590000;0.631040000
CVE-2017-2211;0.010590000;0.631040000
CVE-2017-2210;0.008930000;0.578540000
CVE-2017-2209;0.010930000;0.640550000
CVE-2017-2208;0.013740000;0.708980000
CVE-2017-2207;0.016360000;0.753520000
CVE-2017-2206;0.016360000;0.753520000
CVE-2017-2195;0.016170000;0.750490000
CVE-2017-2194;0.007130000;0.517390000
CVE-2017-2193;0.020290000;0.802410000
CVE-2017-2192;0.016440000;0.754720000
CVE-2017-2191;0.010590000;0.631100000
CVE-2017-2190;0.016440000;0.754730000
CVE-2017-2189;0.011470000;0.654680000
CVE-2017-2188;0.009110000;0.583990000
CVE-2017-2187;0.012930000;0.691210000
CVE-2017-2186;0.010330000;0.623800000
CVE-2017-2185;0.009090000;0.583550000
CVE-2017-2184;0.010870000;0.639300000
CVE-2017-2183;0.008490000;0.564580000
CVE-2017-2182;0.015070000;0.733450000
CVE-2017-2181;0.015070000;0.733450000
CVE-2017-2180;0.011400000;0.652980000
CVE-2017-2179;0.023250000;0.828100000
CVE-2017-2178;0.017490000;0.769230000
CVE-2017-2177;0.013560000;0.705220000
CVE-2017-2176;0.014270000;0.718990000
CVE-2017-2175;0.014190000;0.717400000
CVE-2017-2174;0.011950000;0.667900000
CVE-2017-2173;0.008910000;0.578030000
CVE-2017-2172;0.007620000;0.535090000
CVE-2017-2171;0.008860000;0.576360000
CVE-2017-2169;0.013790000;0.709820000
CVE-2017-2168;0.013790000;0.709820000
CVE-2017-2167;0.018810000;0.786130000
CVE-2017-2166;0.007690000;0.537710000
CVE-2017-2165;0.013430000;0.702300000
CVE-2017-2164;0.008420000;0.562150000
CVE-2017-2163;0.024830000;0.839530000
CVE-2017-2162;0.006080000;0.469760000
CVE-2017-2161;0.004470000;0.363140000
CVE-2017-2158;0.006340000;0.482830000
CVE-2017-2157;0.005050000;0.407370000
CVE-2017-2156;0.025160000;0.841870000
CVE-2017-2155;0.025470000;0.843850000
CVE-2017-2154;0.011730000;0.662110000
CVE-2017-2153;0.015450000;0.739620000
CVE-2017-2152;0.005670000;0.447960000
CVE-2017-2151;0.008500000;0.564900000
CVE-2017-2150;0.023970000;0.833410000
CVE-2017-2149;0.029900000;0.868020000
CVE-2017-2148;0.008910000;0.578020000
CVE-2017-2147;0.012780000;0.687960000
CVE-2017-2146;0.006030000;0.466920000
CVE-2017-2145;0.008510000;0.565270000
CVE-2017-2144;0.008490000;0.564500000
CVE-2017-2143;0.011740000;0.662610000
CVE-2017-2142;0.030760000;0.871570000
CVE-2017-2141;0.016320000;0.752870000
CVE-2017-2140;0.013700000;0.708090000
CVE-2017-2139;0.012240000;0.675840000
CVE-2017-2138;0.010310000;0.622920000
CVE-2017-2137;0.012610000;0.684340000
CVE-2017-2136;0.026030000;0.847560000
CVE-2017-2135;0.016780000;0.759580000
CVE-2017-2134;0.011740000;0.662330000
CVE-2017-2133;0.012330000;0.677790000
CVE-2017-2132;0.012060000;0.670740000
CVE-2017-2131;0.012480000;0.681170000
CVE-2017-2130;0.017350000;0.767370000
CVE-2017-2128;0.015960000;0.747520000
CVE-2017-2127;0.009360000;0.592490000
CVE-2017-2126;0.040200000;0.902200000
CVE-2017-2125;0.019160000;0.790140000
CVE-2017-2124;0.011460000;0.654470000
CVE-2017-2123;0.011950000;0.667900000
CVE-2017-2122;0.007750000;0.539670000
CVE-2017-2120;0.012940000;0.691440000
CVE-2017-2119;0.035100000;0.887720000
CVE-2017-2118;0.012090000;0.671860000
CVE-2017-2117;0.021270000;0.811920000
CVE-2017-2116;0.012060000;0.670670000
CVE-2017-2115;0.010410000;0.625970000
CVE-2017-2114;0.008720000;0.572260000
CVE-2017-2113;0.015920000;0.746930000
CVE-2017-2112;0.016640000;0.757510000
CVE-2017-2111;0.011950000;0.667910000
CVE-2017-2110;0.006420000;0.486770000
CVE-2017-2109;0.010520000;0.629210000
CVE-2017-2108;0.007390000;0.527240000
CVE-2017-2107;0.008160000;0.553790000
CVE-2017-2106;0.017390000;0.767890000
CVE-2017-2105;0.006670000;0.498400000
CVE-2017-2104;0.006670000;0.498400000
CVE-2017-2103;0.006670000;0.498400000
CVE-2017-2102;0.007690000;0.537660000
CVE-2017-2101;0.014880000;0.730200000
CVE-2017-2100;0.009560000;0.598620000
CVE-2017-2099;0.015010000;0.732460000
CVE-2017-2098;0.024700000;0.838720000
CVE-2017-2097;0.007410000;0.528030000
CVE-2017-2096;0.061830000;0.932530000
CVE-2017-2095;0.012060000;0.670670000
CVE-2017-2094;0.010560000;0.630410000
CVE-2017-2093;0.014670000;0.726630000
CVE-2017-2092;0.008910000;0.578010000
CVE-2017-2091;0.012060000;0.670670000
CVE-2017-2090;0.024700000;0.838720000
CVE-2017-20284;0.009580000;0.599360000
CVE-2017-20282;0.004760000;0.386560000
CVE-2017-20281;0.004760000;0.386550000
CVE-2017-20280;0.004320000;0.350320000
CVE-2017-20279;0.004320000;0.350320000
CVE-2017-20278;0.004320000;0.350340000
CVE-2017-20277;0.004590000;0.372750000
CVE-2017-20276;0.004320000;0.350330000
CVE-2017-20275;0.004320000;0.350330000
CVE-2017-20274;0.004320000;0.350340000
CVE-2017-20273;0.004320000;0.350330000
CVE-2017-20272;0.004320000;0.350330000
CVE-2017-20271;0.004320000;0.350340000
CVE-2017-20270;0.004920000;0.398290000
CVE-2017-20269;0.004920000;0.398300000
CVE-2017-20268;0.004920000;0.398280000
CVE-2017-20267;0.004920000;0.398280000
CVE-2017-20266;0.004920000;0.398270000
CVE-2017-20265;0.004510000;0.366740000
CVE-2017-20264;0.004510000;0.366750000
CVE-2017-20263;0.004920000;0.398260000
CVE-2017-20262;0.004920000;0.398270000
CVE-2017-20261;0.004920000;0.398270000
CVE-2017-20260;0.004920000;0.398290000
CVE-2017-20259;0.004920000;0.398290000
CVE-2017-20258;0.004920000;0.398260000
CVE-2017-20257;0.004920000;0.398310000
CVE-2017-20256;0.004920000;0.398320000
CVE-2017-20255;0.004920000;0.398270000
CVE-2017-20254;0.004920000;0.398280000
CVE-2017-20253;0.004920000;0.398280000
CVE-2017-20252;0.004760000;0.386560000
CVE-2017-20251;0.005590000;0.442830000
CVE-2017-20250;0.006410000;0.486080000
CVE-2017-20249;0.002950000;0.198260000
CVE-2017-20248;0.006410000;0.486080000
CVE-2017-20247;0.002620000;0.161240000
CVE-2017-20246;0.002700000;0.172670000
CVE-2017-20245;0.002700000;0.172680000
CVE-2017-20244;0.002700000;0.172670000
CVE-2017-20243;0.002620000;0.161230000
CVE-2017-20242;0.012950000;0.691540000
CVE-2017-20241;0.012950000;0.691530000
CVE-2017-20240;0.003190000;0.223290000
CVE-2017-20239;0.002660000;0.165840000
CVE-2017-20238;0.002370000;0.131950000
CVE-2017-20237;0.009610000;0.600640000
CVE-2017-20236;0.006830000;0.505580000
CVE-2017-20235;0.004510000;0.366700000
CVE-2017-20234;0.004550000;0.369970000
CVE-2017-20233;0.002040000;0.092900000
CVE-2017-20230;0.006410000;0.486270000
CVE-2017-20229;0.006020000;0.466470000
CVE-2017-20228;0.002190000;0.111250000
CVE-2017-20227;0.006680000;0.498880000
CVE-2017-20226;0.001500000;0.035120000
CVE-2017-20225;0.007960000;0.546770000
CVE-2017-20224;0.010390000;0.625350000
CVE-2017-20223;0.005240000;0.421390000
CVE-2017-20222;0.007060000;0.514640000
CVE-2017-20221;0.002860000;0.189380000
CVE-2017-20220;0.003950000;0.310740000
CVE-2017-20219;0.002380000;0.133410000
CVE-2017-20218;0.001410000;0.028180000
CVE-2017-20217;0.006610000;0.495850000
CVE-2017-20216;0.120470000;0.960030000
CVE-2017-20215;0.158180000;0.967650000
CVE-2017-20214;0.003210000;0.226350000
CVE-2017-20213;0.004800000;0.389590000
CVE-2017-20212;0.094590000;0.952650000
CVE-2017-20211;0.007410000;0.527930000
CVE-2017-20210;0.003450000;0.253960000
CVE-2017-20209;0.004810000;0.390490000
CVE-2017-20208;0.007060000;0.514850000
CVE-2017-20207;0.007350000;0.525540000
CVE-2017-20206;0.007350000;0.525540000
CVE-2017-20205;0.006930000;0.509610000
CVE-2017-20204;0.006890000;0.508290000
CVE-2017-20203;0.006670000;0.498430000
CVE-2017-20202;0.005350000;0.428460000
CVE-2017-20201;0.005300000;0.424980000
CVE-2017-20200;0.002630000;0.162910000
CVE-2017-20199;0.004620000;0.375400000
CVE-2017-20198;0.011340000;0.651490000
CVE-2017-20197;0.003920000;0.307290000
CVE-2017-20196;0.003840000;0.298420000
CVE-2017-20195;0.003040000;0.207540000
CVE-2017-20194;0.011280000;0.649980000
CVE-2017-20193;0.004170000;0.334060000
CVE-2017-20192;0.010870000;0.639310000
CVE-2017-20191;0.004660000;0.378170000
CVE-2017-20190;0.002620000;0.161630000
CVE-2017-20189;0.013320000;0.699640000
CVE-2017-20188;0.003940000;0.309220000
CVE-2017-20187;0.006860000;0.507010000
CVE-2017-20186;0.008560000;0.567110000
CVE-2017-20185;0.004700000;0.381550000
CVE-2017-20184;0.027640000;0.857170000
CVE-2017-20183;0.005590000;0.442920000
CVE-2017-20182;0.005690000;0.448600000
CVE-2017-20181;0.002660000;0.166170000
CVE-2017-20180;0.003070000;0.210240000
CVE-2017-20179;0.007440000;0.528880000
CVE-2017-20178;0.006820000;0.505230000
CVE-2017-20177;0.006370000;0.484160000
CVE-2017-20176;0.005230000;0.420630000
CVE-2017-20175;0.006140000;0.473050000
CVE-2017-20174;0.007920000;0.545590000
CVE-2017-20173;0.006130000;0.472340000
CVE-2017-20172;0.006280000;0.479830000
CVE-2017-20171;0.007250000;0.521840000
CVE-2017-20170;0.006690000;0.499300000
CVE-2017-20169;0.006080000;0.469490000
CVE-2017-20168;0.006280000;0.479830000
CVE-2017-20167;0.004820000;0.390720000
CVE-2017-20166;0.012790000;0.688200000
CVE-2017-20165;0.020460000;0.804120000
CVE-2017-20164;0.005200000;0.418240000
CVE-2017-20163;0.006130000;0.472330000
CVE-2017-20162;0.009890000;0.610000000
CVE-2017-20161;0.004960000;0.400770000
CVE-2017-20160;0.008140000;0.552890000
CVE-2017-20159;0.006820000;0.505420000
CVE-2017-20158;0.005480000;0.436380000
CVE-2017-20157;0.006680000;0.498900000
CVE-2017-20156;0.020590000;0.805320000
CVE-2017-20155;0.006070000;0.469040000
CVE-2017-20154;0.008940000;0.578920000
CVE-2017-20153;0.006050000;0.468290000
CVE-2017-20152;0.008970000;0.579720000
CVE-2017-20151;0.007520000;0.531540000
CVE-2017-20150;0.006560000;0.493700000
CVE-2017-20149;0.019990000;0.799040000
CVE-2017-20148;0.011340000;0.651510000
CVE-2017-20147;0.010210000;0.619650000
CVE-2017-20146;0.007050000;0.514240000
CVE-2017-20145;0.010280000;0.622060000
CVE-2017-20144;0.005410000;0.431860000
CVE-2017-20143;0.008670000;0.570730000
CVE-2017-20142;0.008670000;0.570730000
CVE-2017-20141;0.008670000;0.570730000
CVE-2017-20140;0.006100000;0.470630000
CVE-2017-20139;0.008670000;0.570720000
CVE-2017-20138;0.006330000;0.482520000
CVE-2017-20137;0.007400000;0.527670000
CVE-2017-20136;0.007400000;0.527670000
CVE-2017-20135;0.009600000;0.599800000
CVE-2017-20134;0.008670000;0.570720000
CVE-2017-20133;0.007150000;0.518270000
CVE-2017-20132;0.008670000;0.570730000
CVE-2017-20131;0.010260000;0.621440000
CVE-2017-20130;0.010260000;0.621430000
CVE-2017-20129;0.005520000;0.438600000
CVE-2017-20128;0.011350000;0.651690000
CVE-2017-20127;0.012770000;0.687730000
CVE-2017-20126;0.009670000;0.602260000
CVE-2017-20125;0.012040000;0.670030000
CVE-2017-20124;0.009140000;0.585300000
CVE-2017-20123;0.012950000;0.691530000
CVE-2017-20122;0.005360000;0.428940000
CVE-2017-20121;0.003850000;0.299550000
CVE-2017-20120;0.004870000;0.394470000
CVE-2017-20119;0.007260000;0.522550000
CVE-2017-20118;0.006220000;0.476890000
CVE-2017-20117;0.006220000;0.476890000
CVE-2017-20116;0.006220000;0.476900000
CVE-2017-20115;0.006220000;0.476890000
CVE-2017-20114;0.006220000;0.476900000
CVE-2017-20113;0.006220000;0.476890000
CVE-2017-20112;0.003880000;0.302410000
CVE-2017-20111;0.010730000;0.635330000
CVE-2017-20110;0.010470000;0.627690000
CVE-2017-20109;0.005640000;0.446030000
CVE-2017-20108;0.006440000;0.487760000
CVE-2017-20107;0.002960000;0.200020000
CVE-2017-20106;0.003330000;0.241080000
CVE-2017-20105;0.010310000;0.622860000
CVE-2017-20104;0.011190000;0.647890000
CVE-2017-20103;0.009800000;0.607120000
CVE-2017-20102;0.003160000;0.219880000
CVE-2017-20101;0.011400000;0.653040000
CVE-2017-20100;0.007070000;0.515150000
CVE-2017-20099;0.011740000;0.662210000
CVE-2017-20098;0.005310000;0.426140000
CVE-2017-20097;0.006460000;0.488650000
CVE-2017-20096;0.006460000;0.488640000
CVE-2017-20095;0.009380000;0.592940000
CVE-2017-20094;0.005930000;0.461980000
CVE-2017-20093;0.004640000;0.376770000
CVE-2017-20092;0.006460000;0.488640000
CVE-2017-20091;0.004240000;0.341580000
CVE-2017-20090;0.005620000;0.444990000
CVE-2017-20089;0.007300000;0.523680000
CVE-2017-20088;0.004240000;0.341580000
CVE-2017-20087;0.007300000;0.523680000
CVE-2017-20086;0.010580000;0.630690000
CVE-2017-20085;0.005360000;0.428940000
CVE-2017-20084;0.003500000;0.260720000
CVE-2017-20083;0.003770000;0.290100000
CVE-2017-20082;0.003740000;0.287890000
CVE-2017-20081;0.008380000;0.560990000
CVE-2017-20080;0.008380000;0.560990000
CVE-2017-20079;0.008380000;0.560970000
CVE-2017-20078;0.008380000;0.561000000
CVE-2017-20077;0.008380000;0.560970000
CVE-2017-20076;0.008380000;0.560970000
CVE-2017-20075;0.008380000;0.560970000
CVE-2017-20074;0.008380000;0.560980000
CVE-2017-20073;0.008380000;0.560990000
CVE-2017-20072;0.008380000;0.560990000
CVE-2017-20071;0.008380000;0.560980000
CVE-2017-20070;0.008380000;0.560980000
CVE-2017-20069;0.008380000;0.560980000
CVE-2017-20068;0.008380000;0.560960000
CVE-2017-20067;0.011590000;0.658020000
CVE-2017-20066;0.004010000;0.317050000
CVE-2017-20065;0.007130000;0.517520000
CVE-2017-20064;0.010990000;0.642690000
CVE-2017-20063;0.008650000;0.569800000
CVE-2017-20062;0.003840000;0.297910000
CVE-2017-20061;0.004570000;0.370910000
CVE-2017-20060;0.005110000;0.411620000
CVE-2017-20059;0.005110000;0.411620000
CVE-2017-20058;0.007630000;0.535740000
CVE-2017-20057;0.005820000;0.455870000
CVE-2017-20056;0.008270000;0.557430000
CVE-2017-20055;0.008270000;0.557430000
CVE-2017-20054;0.008270000;0.557440000
CVE-2017-20053;0.005840000;0.457340000
CVE-2017-20052;0.012850000;0.689510000
CVE-2017-20051;0.005750000;0.452190000
CVE-2017-20049;0.015590000;0.742050000
CVE-2017-20045;0.004770000;0.386800000
CVE-2017-20044;0.005680000;0.448270000
CVE-2017-20043;0.005680000;0.448270000
CVE-2017-20042;0.007280000;0.522980000
CVE-2017-20041;0.007040000;0.513890000
CVE-2017-20040;0.001040000;0.009520000
CVE-2017-20039;0.012220000;0.675080000
CVE-2017-20038;0.007080000;0.515700000
CVE-2017-20037;0.006240000;0.478220000
CVE-2017-20036;0.005990000;0.465240000
CVE-2017-20035;0.005990000;0.465230000
CVE-2017-20034;0.005990000;0.465230000
CVE-2017-20033;0.007480000;0.530110000
CVE-2017-20032;0.009640000;0.601480000
CVE-2017-20031;0.009080000;0.583110000
CVE-2017-20030;0.008680000;0.571050000
CVE-2017-20029;0.210010000;0.974930000
CVE-2017-20028;0.008120000;0.552300000
CVE-2017-20027;0.006370000;0.484400000
CVE-2017-20026;0.007720000;0.538620000
CVE-2017-20025;0.010730000;0.635320000
CVE-2017-20024;0.011990000;0.669030000
CVE-2017-20023;0.008490000;0.564300000
CVE-2017-20022;0.014050000;0.714750000
CVE-2017-20021;0.010150000;0.618350000
CVE-2017-20020;0.003960000;0.312100000
CVE-2017-20019;0.010470000;0.627690000
CVE-2017-20018;0.006260000;0.478690000
CVE-2017-20017;0.005940000;0.462170000
CVE-2017-20016;0.014620000;0.725470000
CVE-2017-20015;0.002620000;0.161490000
CVE-2017-20014;0.002610000;0.160230000
CVE-2017-20013;0.002910000;0.194700000
CVE-2017-20012;0.003020000;0.205330000
CVE-2017-20011;0.002270000;0.121030000
CVE-2017-20008;0.009120000;0.584330000
CVE-2017-20007;0.011190000;0.647980000
CVE-2017-20006;0.012220000;0.675110000
CVE-2017-20005;0.032580000;0.879060000
CVE-2017-20004;0.007990000;0.547680000
CVE-2017-20002;0.004040000;0.320590000
CVE-2017-20001;0.004140000;0.331850000
CVE-2017-18926;0.031170000;0.873100000
CVE-2017-18925;0.003830000;0.297610000
CVE-2017-18924;0.021900000;0.817030000
CVE-2017-18923;0.014700000;0.727120000
CVE-2017-18922;0.022590000;0.822810000
CVE-2017-18921;0.006850000;0.506370000
CVE-2017-18920;0.012390000;0.679130000
CVE-2017-18919;0.007690000;0.537690000
CVE-2017-18918;0.004590000;0.372390000
CVE-2017-18917;0.007170000;0.519260000
CVE-2017-18916;0.007750000;0.539740000
CVE-2017-18915;0.011840000;0.665340000
CVE-2017-18914;0.008110000;0.552200000
CVE-2017-18913;0.006850000;0.506390000
CVE-2017-18912;0.013870000;0.711290000
CVE-2017-18911;0.006690000;0.499560000
CVE-2017-18910;0.005810000;0.455430000
CVE-2017-18909;0.006560000;0.493810000
CVE-2017-18908;0.011840000;0.665330000
CVE-2017-18907;0.006900000;0.508580000
CVE-2017-18906;0.007890000;0.544550000
CVE-2017-18905;0.007750000;0.539740000
CVE-2017-18904;0.006900000;0.508580000
CVE-2017-18903;0.004280000;0.345350000
CVE-2017-18902;0.009270000;0.589380000
CVE-2017-18901;0.009270000;0.589390000
CVE-2017-18900;0.012960000;0.691750000
CVE-2017-18899;0.010960000;0.642200000
CVE-2017-18898;0.011060000;0.644390000
CVE-2017-18897;0.006910000;0.508930000
CVE-2017-18896;0.007750000;0.539750000
CVE-2017-18895;0.009270000;0.589380000
CVE-2017-18894;0.008280000;0.557710000
CVE-2017-18893;0.006900000;0.508600000
CVE-2017-18892;0.006900000;0.508590000
CVE-2017-18891;0.006910000;0.508930000
CVE-2017-18890;0.007760000;0.540010000
CVE-2017-18889;0.006690000;0.499450000
CVE-2017-18888;0.011120000;0.646010000
CVE-2017-18887;0.009270000;0.589390000
CVE-2017-18886;0.009550000;0.598260000
CVE-2017-18885;0.011840000;0.665340000
CVE-2017-18884;0.008130000;0.552600000
CVE-2017-18883;0.011340000;0.651390000
CVE-2017-18882;0.006850000;0.506370000
CVE-2017-18881;0.006850000;0.506380000
CVE-2017-18880;0.006850000;0.506380000
CVE-2017-18879;0.006900000;0.508590000
CVE-2017-18878;0.007770000;0.540110000
CVE-2017-18877;0.006900000;0.508570000
CVE-2017-18876;0.008690000;0.571390000
CVE-2017-18875;0.007290000;0.523630000
CVE-2017-18874;0.012430000;0.680220000
CVE-2017-18873;0.011060000;0.644390000
CVE-2017-18872;0.005690000;0.449010000
CVE-2017-18871;0.011240000;0.648940000
CVE-2017-18870;0.006190000;0.475510000
CVE-2017-18869;0.003360000;0.244620000
CVE-2017-18868;0.007910000;0.545040000
CVE-2017-18867;0.004020000;0.317920000
CVE-2017-18866;0.006470000;0.489480000
CVE-2017-18865;0.005060000;0.407640000
CVE-2017-18864;0.005670000;0.448040000
CVE-2017-18863;0.004970000;0.401360000
CVE-2017-18862;0.005210000;0.419060000
CVE-2017-18861;0.003770000;0.290200000
CVE-2017-18860;0.005470000;0.435410000
CVE-2017-18859;0.010440000;0.626780000
CVE-2017-18858;0.031490000;0.874400000
CVE-2017-18857;0.014600000;0.725100000
CVE-2017-18856;0.005520000;0.438660000
CVE-2017-18855;0.010310000;0.622820000
CVE-2017-18854;0.005690000;0.449070000
CVE-2017-18853;0.011290000;0.650230000
CVE-2017-18852;0.003610000;0.273470000
CVE-2017-18851;0.006400000;0.485530000
CVE-2017-18850;0.003550000;0.267140000
CVE-2017-18849;0.008870000;0.576500000
CVE-2017-18848;0.004600000;0.373820000
CVE-2017-18847;0.003100000;0.213600000
CVE-2017-18846;0.003140000;0.218550000
CVE-2017-18845;0.002830000;0.186580000
CVE-2017-18844;0.003790000;0.293200000
CVE-2017-18843;0.002830000;0.186580000
CVE-2017-18842;0.004600000;0.373820000
CVE-2017-18841;0.005570000;0.442020000
CVE-2017-18840;0.002960000;0.199870000
CVE-2017-18839;0.004200000;0.338190000
CVE-2017-18838;0.002720000;0.175690000
CVE-2017-18837;0.003050000;0.208240000
CVE-2017-18836;0.003740000;0.287360000
CVE-2017-18835;0.007440000;0.528840000
CVE-2017-18834;0.005080000;0.409970000
CVE-2017-18833;0.007370000;0.526500000
CVE-2017-18832;0.004200000;0.338200000
CVE-2017-18831;0.006420000;0.486910000
CVE-2017-18830;0.003050000;0.208230000
CVE-2017-18829;0.002720000;0.175690000
CVE-2017-18828;0.004200000;0.338190000
CVE-2017-18827;0.004200000;0.338200000
CVE-2017-18826;0.003060000;0.209280000
CVE-2017-18825;0.004200000;0.338200000
CVE-2017-18824;0.005010000;0.404660000
CVE-2017-18823;0.002890000;0.192660000
CVE-2017-18822;0.003670000;0.280100000
CVE-2017-18821;0.005010000;0.404570000
CVE-2017-18820;0.004810000;0.390040000
CVE-2017-18819;0.003250000;0.229800000
CVE-2017-18816;0.004810000;0.390050000
CVE-2017-18815;0.004810000;0.390050000
CVE-2017-18814;0.004810000;0.390050000
CVE-2017-18813;0.006020000;0.466850000
CVE-2017-18812;0.006200000;0.476080000
CVE-2017-18811;0.004810000;0.390040000
CVE-2017-18810;0.005790000;0.453980000
CVE-2017-18809;0.005970000;0.464220000
CVE-2017-18808;0.003180000;0.221960000
CVE-2017-18807;0.005790000;0.453980000
CVE-2017-18806;0.005550000;0.440550000
CVE-2017-18805;0.005550000;0.440550000
CVE-2017-18804;0.005570000;0.442020000
CVE-2017-18803;0.002970000;0.200130000
CVE-2017-18802;0.005570000;0.442020000
CVE-2017-18801;0.006690000;0.499470000
CVE-2017-18800;0.007370000;0.526500000
CVE-2017-18799;0.009790000;0.606820000
CVE-2017-18798;0.003700000;0.283820000
CVE-2017-18797;0.003350000;0.242650000
CVE-2017-18796;0.005550000;0.440560000
CVE-2017-18795;0.005570000;0.442020000
CVE-2017-18794;0.007770000;0.540430000
CVE-2017-18793;0.005570000;0.442010000
CVE-2017-18792;0.007690000;0.537700000
CVE-2017-18791;0.004600000;0.373810000
CVE-2017-18790;0.003420000;0.250730000
CVE-2017-18789;0.003150000;0.219400000
CVE-2017-18788;0.006430000;0.487220000
CVE-2017-18787;0.007370000;0.526380000
CVE-2017-18786;0.007370000;0.526380000
CVE-2017-18785;0.005010000;0.404570000
CVE-2017-18784;0.006310000;0.481320000
CVE-2017-18783;0.006310000;0.481320000
CVE-2017-18782;0.006200000;0.475730000
CVE-2017-18781;0.004860000;0.394140000
CVE-2017-18780;0.002820000;0.185630000
CVE-2017-18779;0.003520000;0.262750000
CVE-2017-18778;0.002930000;0.195790000
CVE-2017-18777;0.002840000;0.187420000
CVE-2017-18776;0.004110000;0.327870000
CVE-2017-18775;0.005390000;0.430890000
CVE-2017-18773;0.005550000;0.440560000
CVE-2017-18772;0.006030000;0.467100000
CVE-2017-18770;0.005810000;0.455620000
CVE-2017-18769;0.003350000;0.242640000
CVE-2017-18768;0.006200000;0.475730000
CVE-2017-18767;0.008510000;0.565080000
CVE-2017-18766;0.005290000;0.424520000
CVE-2017-18765;0.005260000;0.422380000
CVE-2017-18764;0.018570000;0.783370000
CVE-2017-18763;0.004560000;0.370480000
CVE-2017-18762;0.018570000;0.783380000
CVE-2017-18761;0.006550000;0.493140000
CVE-2017-18759;0.005080000;0.409720000
CVE-2017-18758;0.008460000;0.563470000
CVE-2017-18757;0.004910000;0.397540000
CVE-2017-18756;0.005460000;0.435060000
CVE-2017-18755;0.004600000;0.373790000
CVE-2017-18754;0.009290000;0.589910000
CVE-2017-18752;0.006080000;0.469710000
CVE-2017-18751;0.009620000;0.600800000
CVE-2017-18750;0.008320000;0.559100000
CVE-2017-18749;0.004600000;0.373790000
CVE-2017-18748;0.005440000;0.434010000
CVE-2017-18747;0.006990000;0.511900000
CVE-2017-18746;0.004830000;0.391770000
CVE-2017-18745;0.006470000;0.489380000
CVE-2017-18744;0.005650000;0.447170000
CVE-2017-18743;0.006030000;0.467100000
CVE-2017-18742;0.004600000;0.373800000
CVE-2017-18741;0.004880000;0.395790000
CVE-2017-18740;0.004580000;0.372070000
CVE-2017-18739;0.005650000;0.447200000
CVE-2017-18738;0.009620000;0.600800000
CVE-2017-18737;0.018360000;0.780750000
CVE-2017-18736;0.018570000;0.783380000
CVE-2017-18735;0.020260000;0.802130000
CVE-2017-18734;0.032620000;0.879200000
CVE-2017-18733;0.006030000;0.467100000
CVE-2017-18732;0.007900000;0.544640000
CVE-2017-18731;0.005180000;0.417220000
CVE-2017-18730;0.009620000;0.600800000
CVE-2017-18729;0.007880000;0.544160000
CVE-2017-18728;0.008320000;0.559090000
CVE-2017-18727;0.005650000;0.447200000
CVE-2017-18726;0.007880000;0.544150000
CVE-2017-18725;0.005650000;0.447200000
CVE-2017-18724;0.007860000;0.543150000
CVE-2017-18723;0.007860000;0.543150000
CVE-2017-18722;0.007860000;0.543140000
CVE-2017-18721;0.007880000;0.544150000
CVE-2017-18720;0.006030000;0.467100000
CVE-2017-18719;0.005650000;0.447180000
CVE-2017-18718;0.007880000;0.544160000
CVE-2017-18717;0.005650000;0.447180000
CVE-2017-18716;0.005650000;0.447180000
CVE-2017-18715;0.006470000;0.489420000
CVE-2017-18714;0.004590000;0.372570000
CVE-2017-18713;0.004880000;0.395790000
CVE-2017-18712;0.004900000;0.396830000
CVE-2017-18711;0.005180000;0.417220000
CVE-2017-18710;0.004380000;0.355510000
CVE-2017-18709;0.002660000;0.165680000
CVE-2017-18708;0.004600000;0.373800000
CVE-2017-18707;0.005060000;0.407640000
CVE-2017-18706;0.004570000;0.371420000
CVE-2017-18705;0.005440000;0.434010000
CVE-2017-18704;0.004900000;0.396840000
CVE-2017-18703;0.004600000;0.373800000
CVE-2017-18702;0.004160000;0.333970000
CVE-2017-18701;0.006470000;0.489420000
CVE-2017-18700;0.006470000;0.489420000
CVE-2017-18699;0.005060000;0.407670000
CVE-2017-18698;0.005060000;0.407640000
CVE-2017-18697;0.005060000;0.407640000
CVE-2017-18696;0.004430000;0.359510000
CVE-2017-18695;0.003290000;0.234720000
CVE-2017-18694;0.003400000;0.249450000
CVE-2017-18693;0.004400000;0.357340000
CVE-2017-18692;0.003070000;0.210720000
CVE-2017-18691;0.004400000;0.357320000
CVE-2017-18690;0.004400000;0.357300000
CVE-2017-18689;0.002350000;0.129670000
CVE-2017-18688;0.004130000;0.329410000
CVE-2017-18687;0.003400000;0.249490000
CVE-2017-18686;0.003400000;0.249470000
CVE-2017-18685;0.004220000;0.340040000
CVE-2017-18684;0.004430000;0.359520000
CVE-2017-18683;0.004430000;0.359510000
CVE-2017-18682;0.004220000;0.340040000
CVE-2017-18681;0.014560000;0.724310000
CVE-2017-18680;0.001370000;0.025330000
CVE-2017-18679;0.004220000;0.340040000
CVE-2017-18678;0.004150000;0.332070000
CVE-2017-18677;0.003330000;0.241160000
CVE-2017-18676;0.003640000;0.276240000
CVE-2017-18675;0.004150000;0.332050000
CVE-2017-18674;0.004220000;0.340030000
CVE-2017-18673;0.001330000;0.023220000
CVE-2017-18672;0.001190000;0.015890000
CVE-2017-18671;0.004150000;0.332060000
CVE-2017-18670;0.004150000;0.332050000
CVE-2017-18669;0.003330000;0.241140000
CVE-2017-18668;0.003330000;0.241160000
CVE-2017-18667;0.002950000;0.198300000
CVE-2017-18666;0.003330000;0.241160000
CVE-2017-18665;0.002260000;0.120210000
CVE-2017-18664;0.004150000;0.332050000
CVE-2017-18663;0.004150000;0.332060000
CVE-2017-18662;0.004130000;0.329410000
CVE-2017-18661;0.004400000;0.357300000
CVE-2017-18660;0.004400000;0.357310000
CVE-2017-18659;0.004080000;0.324490000
CVE-2017-18658;0.004080000;0.324490000
CVE-2017-18657;0.003020000;0.205480000
CVE-2017-18656;0.003400000;0.249470000
CVE-2017-18655;0.004400000;0.357300000
CVE-2017-18654;0.002610000;0.159990000
CVE-2017-18653;0.002720000;0.175870000
CVE-2017-18652;0.006760000;0.502690000
CVE-2017-18651;0.004150000;0.332060000
CVE-2017-18650;0.004150000;0.332070000
CVE-2017-18649;0.002810000;0.184510000
CVE-2017-18648;0.004010000;0.317750000
CVE-2017-18647;0.003070000;0.210720000
CVE-2017-18646;0.001290000;0.021070000
CVE-2017-18645;0.004400000;0.357320000
CVE-2017-18644;0.004400000;0.357330000
CVE-2017-18643;0.004130000;0.329410000
CVE-2017-18642;0.005530000;0.439440000
CVE-2017-18641;0.013500000;0.703600000
CVE-2017-18640;0.267230000;0.979620000
CVE-2017-18639;0.008940000;0.578730000
CVE-2017-18638;0.153010000;0.966580000
CVE-2017-18636;0.020710000;0.806600000
CVE-2017-18635;0.048100000;0.916460000
CVE-2017-18634;0.021730000;0.815750000
CVE-2017-18615;0.009140000;0.585000000
CVE-2017-18614;0.020100000;0.800590000
CVE-2017-18613;0.009660000;0.602080000
CVE-2017-18612;0.009660000;0.602080000
CVE-2017-18611;0.011590000;0.657890000
CVE-2017-18610;0.011590000;0.657900000
CVE-2017-18609;0.011590000;0.657900000
CVE-2017-18608;0.009770000;0.606260000
CVE-2017-18607;0.006690000;0.499490000
CVE-2017-18606;0.009070000;0.582850000
CVE-2017-18605;0.023390000;0.829220000
CVE-2017-18604;0.016370000;0.753660000
CVE-2017-18603;0.010110000;0.617090000
CVE-2017-18602;0.015760000;0.744580000
CVE-2017-18601;0.006580000;0.494630000
CVE-2017-18600;0.006960000;0.510660000
CVE-2017-18599;0.009070000;0.582850000
CVE-2017-18598;0.019330000;0.792190000
CVE-2017-18597;0.019110000;0.789610000
CVE-2017-18596;0.013810000;0.710220000
CVE-2017-18595;0.003630000;0.275980000
CVE-2017-18594;0.031640000;0.875010000
CVE-2017-18593;0.009230000;0.587950000
CVE-2017-18592;0.013770000;0.709450000
CVE-2017-18591;0.009050000;0.582230000
CVE-2017-18590;0.014040000;0.714700000
CVE-2017-18589;0.015140000;0.734590000
CVE-2017-18588;0.006540000;0.492840000
CVE-2017-18587;0.010330000;0.623240000
CVE-2017-18586;0.025030000;0.840860000
CVE-2017-18585;0.019760000;0.796630000
CVE-2017-18584;0.013770000;0.709450000
CVE-2017-18583;0.020720000;0.806800000
CVE-2017-18582;0.009050000;0.582230000
CVE-2017-18581;0.009050000;0.582220000
CVE-2017-18580;0.120920000;0.960100000
CVE-2017-18579;0.009050000;0.582230000
CVE-2017-18578;0.009050000;0.582220000
CVE-2017-18577;0.009050000;0.582220000
CVE-2017-18576;0.009050000;0.582250000
CVE-2017-18575;0.009150000;0.585600000
CVE-2017-18574;0.009150000;0.585580000
CVE-2017-18573;0.017990000;0.775970000
CVE-2017-18572;0.009150000;0.585600000
CVE-2017-18571;0.017790000;0.773450000
CVE-2017-18570;0.017790000;0.773450000
CVE-2017-18569;0.006740000;0.501610000
CVE-2017-18568;0.009050000;0.582250000
CVE-2017-18567;0.009050000;0.582260000
CVE-2017-18566;0.013900000;0.712110000
CVE-2017-18565;0.013900000;0.712110000
CVE-2017-18564;0.013900000;0.712120000
CVE-2017-18563;0.009050000;0.582260000
CVE-2017-18562;0.013840000;0.710790000
CVE-2017-18561;0.009050000;0.582250000
CVE-2017-18560;0.009050000;0.582240000
CVE-2017-18559;0.009160000;0.585720000
CVE-2017-18558;0.013840000;0.710790000
CVE-2017-18557;0.013840000;0.710780000
CVE-2017-18556;0.013840000;0.710790000
CVE-2017-18555;0.009050000;0.582240000
CVE-2017-18554;0.009050000;0.582240000
CVE-2017-18553;0.009050000;0.582240000
CVE-2017-18552;0.003870000;0.301590000
CVE-2017-18551;0.004340000;0.351980000
CVE-2017-18550;0.005420000;0.432970000
CVE-2017-18549;0.005580000;0.442700000
CVE-2017-18548;0.018130000;0.777850000
CVE-2017-18547;0.006490000;0.490080000
CVE-2017-18546;0.006490000;0.490070000
CVE-2017-18545;0.013260000;0.698340000
CVE-2017-18544;0.006490000;0.490080000
CVE-2017-18543;0.018250000;0.779310000
CVE-2017-18542;0.013880000;0.711490000
CVE-2017-18541;0.009150000;0.585590000
CVE-2017-18540;0.009160000;0.585720000
CVE-2017-18539;0.008880000;0.576870000
CVE-2017-18538;0.009160000;0.585730000
CVE-2017-18537;0.016210000;0.751140000
CVE-2017-18536;0.020300000;0.802510000
CVE-2017-18535;0.009050000;0.582250000
CVE-2017-18534;0.009050000;0.582290000
CVE-2017-18533;0.009050000;0.582300000
CVE-2017-18532;0.014410000;0.721420000
CVE-2017-18531;0.009050000;0.582300000
CVE-2017-18530;0.013840000;0.710790000
CVE-2017-18529;0.016210000;0.751140000
CVE-2017-18528;0.017570000;0.770450000
CVE-2017-18527;0.016880000;0.761140000
CVE-2017-18526;0.009050000;0.582290000
CVE-2017-18525;0.009050000;0.582300000
CVE-2017-18524;0.009050000;0.582290000
CVE-2017-18523;0.006740000;0.501610000
CVE-2017-18522;0.009050000;0.582290000
CVE-2017-18521;0.007390000;0.527190000
CVE-2017-18520;0.009140000;0.585130000
CVE-2017-18519;0.009050000;0.582280000
CVE-2017-18518;0.016210000;0.751150000
CVE-2017-18517;0.016210000;0.751140000
CVE-2017-18516;0.016880000;0.761150000
CVE-2017-18515;0.025290000;0.842750000
CVE-2017-18514;0.017360000;0.767400000
CVE-2017-18513;0.006490000;0.490070000
CVE-2017-18512;0.006490000;0.490070000
CVE-2017-18511;0.006490000;0.490060000
CVE-2017-18510;0.006490000;0.490070000
CVE-2017-18509;0.008390000;0.561310000
CVE-2017-18508;0.009330000;0.591570000
CVE-2017-18507;0.009150000;0.585610000
CVE-2017-18506;0.009220000;0.587640000
CVE-2017-18505;0.016520000;0.755760000
CVE-2017-18504;0.006870000;0.507190000
CVE-2017-18503;0.009220000;0.587650000
CVE-2017-18502;0.016520000;0.755760000
CVE-2017-18501;0.014100000;0.715690000
CVE-2017-18500;0.014100000;0.715690000
CVE-2017-18499;0.009160000;0.585730000
CVE-2017-18498;0.009150000;0.585610000
CVE-2017-18497;0.009150000;0.585590000
CVE-2017-18496;0.014000000;0.713900000
CVE-2017-18495;0.009150000;0.585590000
CVE-2017-18494;0.014000000;0.713900000
CVE-2017-18493;0.014000000;0.713910000
CVE-2017-18492;0.014580000;0.724580000
CVE-2017-18491;0.014580000;0.724580000
CVE-2017-18490;0.014580000;0.724580000
CVE-2017-18489;0.009150000;0.585590000
CVE-2017-18488;0.009150000;0.585610000
CVE-2017-18487;0.014580000;0.724590000
CVE-2017-18486;0.048070000;0.916430000
CVE-2017-18485;0.004400000;0.357250000
CVE-2017-18484;0.008260000;0.557140000
CVE-2017-18483;0.008480000;0.563970000
CVE-2017-18482;0.009140000;0.584990000
CVE-2017-18481;0.005310000;0.425570000
CVE-2017-18480;0.008750000;0.573120000
CVE-2017-18479;0.004780000;0.387970000
CVE-2017-18478;0.008750000;0.573110000
CVE-2017-18477;0.008750000;0.573110000
CVE-2017-18476;0.011110000;0.645690000
CVE-2017-18475;0.010540000;0.629910000
CVE-2017-18474;0.010290000;0.622510000
CVE-2017-18473;0.005310000;0.425600000
CVE-2017-18472;0.006470000;0.489400000
CVE-2017-18471;0.005310000;0.425590000
CVE-2017-18470;0.009790000;0.606910000
CVE-2017-18469;0.009470000;0.595950000
CVE-2017-18468;0.009820000;0.607560000
CVE-2017-18467;0.007090000;0.516100000
CVE-2017-18466;0.006220000;0.477300000
CVE-2017-18465;0.003470000;0.256950000
CVE-2017-18464;0.007140000;0.517730000
CVE-2017-18463;0.004700000;0.381950000
CVE-2017-18462;0.009390000;0.593460000
CVE-2017-18461;0.007410000;0.527740000
CVE-2017-18460;0.004700000;0.381940000
CVE-2017-18459;0.004700000;0.381950000
CVE-2017-18458;0.003420000;0.251130000
CVE-2017-18457;0.004360000;0.353280000
CVE-2017-18456;0.006470000;0.489380000
CVE-2017-18455;0.008250000;0.556760000
CVE-2017-18454;0.005310000;0.425540000
CVE-2017-18453;0.007140000;0.517740000
CVE-2017-18452;0.004460000;0.363010000
CVE-2017-18451;0.008700000;0.571490000
CVE-2017-18450;0.002760000;0.180180000
CVE-2017-18449;0.003400000;0.249100000
CVE-2017-18448;0.011670000;0.660410000
CVE-2017-18447;0.009470000;0.595950000
CVE-2017-18446;0.006880000;0.507610000
CVE-2017-18445;0.006330000;0.482330000
CVE-2017-18444;0.007670000;0.537010000
CVE-2017-18443;0.007670000;0.537010000
CVE-2017-18442;0.007670000;0.537020000
CVE-2017-18441;0.006030000;0.467080000
CVE-2017-18440;0.007090000;0.516100000
CVE-2017-18439;0.009470000;0.595950000
CVE-2017-18438;0.008290000;0.558200000
CVE-2017-18437;0.004590000;0.372740000
CVE-2017-18436;0.003820000;0.295770000
CVE-2017-18435;0.012670000;0.685710000
CVE-2017-18434;0.004550000;0.370070000
CVE-2017-18433;0.018610000;0.783970000
CVE-2017-18432;0.004270000;0.343990000
CVE-2017-18431;0.008800000;0.574580000
CVE-2017-18430;0.006650000;0.497520000
CVE-2017-18429;0.003180000;0.222530000
CVE-2017-18428;0.002940000;0.196770000
CVE-2017-18427;0.003620000;0.273970000
CVE-2017-18426;0.007470000;0.530000000
CVE-2017-18425;0.002840000;0.187890000
CVE-2017-18424;0.003620000;0.273970000
CVE-2017-18423;0.003620000;0.273960000
CVE-2017-18422;0.003620000;0.273970000
CVE-2017-18421;0.003240000;0.229750000
CVE-2017-18420;0.005310000;0.425550000
CVE-2017-18419;0.005310000;0.425550000
CVE-2017-18418;0.005310000;0.425560000
CVE-2017-18417;0.005310000;0.425540000
CVE-2017-18416;0.002970000;0.200580000
CVE-2017-18415;0.004260000;0.343430000
CVE-2017-18414;0.008030000;0.549460000
CVE-2017-18413;0.003830000;0.296570000
CVE-2017-18412;0.002940000;0.196780000
CVE-2017-18411;0.008840000;0.575670000
CVE-2017-18410;0.008750000;0.573100000
CVE-2017-18409;0.008750000;0.573110000
CVE-2017-18408;0.005310000;0.425550000
CVE-2017-18407;0.003640000;0.276530000
CVE-2017-18406;0.008550000;0.566710000
CVE-2017-18405;0.004180000;0.336180000
CVE-2017-18404;0.004440000;0.361220000
CVE-2017-18403;0.008290000;0.558200000
CVE-2017-18402;0.005310000;0.425590000
CVE-2017-18401;0.006220000;0.477300000
CVE-2017-18400;0.005490000;0.436970000
CVE-2017-18399;0.006860000;0.506810000
CVE-2017-18398;0.005900000;0.460250000
CVE-2017-18397;0.003620000;0.273970000
CVE-2017-18396;0.004000000;0.316050000
CVE-2017-18395;0.006980000;0.511340000
CVE-2017-18394;0.006980000;0.511330000
CVE-2017-18393;0.006980000;0.511340000
CVE-2017-18392;0.005280000;0.423690000
CVE-2017-18391;0.002940000;0.196780000
CVE-2017-18390;0.004700000;0.381940000
CVE-2017-18389;0.007130000;0.517450000
CVE-2017-18388;0.004090000;0.325270000
CVE-2017-18387;0.019770000;0.796690000
CVE-2017-18386;0.019770000;0.796690000
CVE-2017-18385;0.003380000;0.246510000
CVE-2017-18384;0.003240000;0.229750000
CVE-2017-18383;0.003830000;0.296570000
CVE-2017-18382;0.006980000;0.511330000
CVE-2017-18381;0.011650000;0.660050000
CVE-2017-18380;0.010790000;0.636710000
CVE-2017-18379;0.027520000;0.856320000
CVE-2017-18378;0.081700000;0.946700000
CVE-2017-18377;0.067970000;0.937760000
CVE-2017-18376;0.018640000;0.784260000
CVE-2017-18375;0.016130000;0.749930000
CVE-2017-18374;0.055030000;0.925070000
CVE-2017-18373;0.053840000;0.923840000
CVE-2017-18372;0.218870000;0.975730000
CVE-2017-18371;0.225310000;0.976380000
CVE-2017-18370;0.244230000;0.978000000
CVE-2017-18369;0.676440000;0.992930000
CVE-2017-18368;0.944250000;0.998500000
CVE-2017-18367;0.024300000;0.835960000
CVE-2017-18366;0.006500000;0.490880000
CVE-2017-18365;0.212380000;0.975190000
CVE-2017-18364;0.013570000;0.705500000
CVE-2017-18362;0.868200000;0.997390000
CVE-2017-18361;0.017770000;0.773210000
CVE-2017-18360;0.004300000;0.347280000
CVE-2017-18359;0.030460000;0.870310000
CVE-2017-18358;0.009470000;0.596060000
CVE-2017-18357;0.270740000;0.979830000
CVE-2017-18356;0.019610000;0.795110000
CVE-2017-18355;0.010890000;0.639730000
CVE-2017-18354;0.011990000;0.669070000
CVE-2017-18353;0.011510000;0.656260000
CVE-2017-18352;0.005880000;0.459130000
CVE-2017-18350;0.013230000;0.697680000
CVE-2017-18349;0.392400000;0.985550000
CVE-2017-18348;0.004100000;0.326450000
CVE-2017-18347;0.004000000;0.316130000
CVE-2017-18346;0.020630000;0.805810000
CVE-2017-18345;0.029660000;0.867000000
CVE-2017-18344;0.034430000;0.885570000
CVE-2017-18343;0.061070000;0.931830000
CVE-2017-18342;0.056560000;0.927030000
CVE-2017-18332;0.002330000;0.127580000
CVE-2017-18331;0.002230000;0.116380000
CVE-2017-18330;0.001840000;0.071230000
CVE-2017-18329;0.002410000;0.137050000
CVE-2017-18328;0.002230000;0.116390000
CVE-2017-18327;0.002330000;0.127580000
CVE-2017-18326;0.002100000;0.101440000
CVE-2017-18324;0.002100000;0.101440000
CVE-2017-18323;0.002100000;0.101440000
CVE-2017-18322;0.002100000;0.101450000
CVE-2017-18321;0.002100000;0.101450000
CVE-2017-18320;0.002230000;0.116380000
CVE-2017-18319;0.002100000;0.101450000
CVE-2017-18318;0.012690000;0.685990000
CVE-2017-18317;0.002250000;0.118400000
CVE-2017-18316;0.002230000;0.116390000
CVE-2017-18315;0.002230000;0.116370000
CVE-2017-18314;0.009420000;0.594170000
CVE-2017-18313;0.002570000;0.155740000
CVE-2017-18312;0.001840000;0.072090000
CVE-2017-18311;0.002080000;0.098530000
CVE-2017-18310;0.002400000;0.135070000
CVE-2017-18309;0.002370000;0.132550000
CVE-2017-18308;0.002720000;0.175520000
CVE-2017-18307;0.001150000;0.013680000
CVE-2017-18306;0.001150000;0.013680000
CVE-2017-18305;0.002350000;0.130060000
CVE-2017-18304;0.002600000;0.158680000
CVE-2017-18303;0.002810000;0.184230000
CVE-2017-18302;0.001720000;0.058850000
CVE-2017-18301;0.002380000;0.133460000
CVE-2017-18300;0.002460000;0.141980000
CVE-2017-18299;0.002510000;0.147670000
CVE-2017-18298;0.002600000;0.158670000
CVE-2017-18297;0.002600000;0.158670000
CVE-2017-18296;0.002600000;0.158670000
CVE-2017-18295;0.002810000;0.184240000
CVE-2017-18294;0.002600000;0.158670000
CVE-2017-18293;0.002620000;0.161490000
CVE-2017-18292;0.002510000;0.147670000
CVE-2017-18291;0.010400000;0.625730000
CVE-2017-18290;0.010400000;0.625720000
CVE-2017-18289;0.010400000;0.625720000
CVE-2017-18288;0.010400000;0.625720000
CVE-2017-18287;0.010400000;0.625730000
CVE-2017-18286;0.007400000;0.527340000
CVE-2017-18285;0.003140000;0.218030000
CVE-2017-18284;0.002730000;0.176430000
CVE-2017-18283;0.005220000;0.419630000
CVE-2017-18282;0.002600000;0.158660000
CVE-2017-18281;0.001730000;0.060120000
CVE-2017-18280;0.002460000;0.142960000
CVE-2017-18279;0.002190000;0.111110000
CVE-2017-18278;0.002420000;0.137720000
CVE-2017-18277;0.001840000;0.071530000
CVE-2017-18276;0.002520000;0.149670000
CVE-2017-18275;0.002110000;0.102820000
CVE-2017-18274;0.002420000;0.137720000
CVE-2017-18273;0.023160000;0.827450000
CVE-2017-18272;0.011890000;0.666390000
CVE-2017-18271;0.022060000;0.818620000
CVE-2017-18270;0.004060000;0.322660000
CVE-2017-18269;0.046290000;0.913850000
CVE-2017-18268;0.016220000;0.751180000
CVE-2017-18267;0.018830000;0.786390000
CVE-2017-18266;0.024540000;0.837650000
CVE-2017-18265;0.017250000;0.766010000
CVE-2017-18264;0.028480000;0.861600000
CVE-2017-18263;0.035100000;0.887730000
CVE-2017-18262;0.014170000;0.717010000
CVE-2017-18261;0.003350000;0.243000000
CVE-2017-18260;0.010180000;0.618830000
CVE-2017-18259;0.006240000;0.477920000
CVE-2017-18258;0.026550000;0.850810000
CVE-2017-18257;0.003790000;0.292840000
CVE-2017-18256;0.048420000;0.916940000
CVE-2017-18255;0.003880000;0.302910000
CVE-2017-18254;0.017170000;0.765050000
CVE-2017-18253;0.011210000;0.648380000
CVE-2017-18252;0.019250000;0.791190000
CVE-2017-18251;0.017170000;0.765060000
CVE-2017-18250;0.013510000;0.703930000
CVE-2017-18249;0.003060000;0.210010000
CVE-2017-18248;0.021780000;0.816110000
CVE-2017-18247;0.009940000;0.611430000
CVE-2017-18246;0.009940000;0.611430000
CVE-2017-18245;0.013130000;0.695490000
CVE-2017-18244;0.009940000;0.611430000
CVE-2017-18243;0.009940000;0.611430000
CVE-2017-18242;0.011650000;0.659940000
CVE-2017-18241;0.004070000;0.323160000
CVE-2017-18240;0.003540000;0.264850000
CVE-2017-18239;0.019630000;0.795290000
CVE-2017-18238;0.014000000;0.713910000
CVE-2017-18237;0.011520000;0.656310000
CVE-2017-18236;0.016380000;0.753800000
CVE-2017-18235;0.010490000;0.628170000
CVE-2017-18234;0.016490000;0.755360000
CVE-2017-18233;0.014740000;0.727660000
CVE-2017-18232;0.004180000;0.335500000
CVE-2017-18231;0.016660000;0.757830000
CVE-2017-18230;0.016810000;0.760000000
CVE-2017-18229;0.022710000;0.823710000
CVE-2017-18228;0.005110000;0.412050000
CVE-2017-18227;0.006960000;0.510650000
CVE-2017-18226;0.002440000;0.140330000
CVE-2017-18225;0.002690000;0.170660000
CVE-2017-18224;0.002700000;0.171680000
CVE-2017-18223;0.009660000;0.602130000
CVE-2017-18222;0.004660000;0.377680000
CVE-2017-18221;0.004540000;0.368750000
CVE-2017-18220;0.036410000;0.891650000
CVE-2017-18219;0.033370000;0.881960000
CVE-2017-18218;0.003770000;0.290480000
CVE-2017-18217;0.012820000;0.688810000
CVE-2017-18216;0.004690000;0.380880000
CVE-2017-18215;0.022080000;0.818770000
CVE-2017-18214;0.036490000;0.891910000
CVE-2017-18213;0.013540000;0.704710000
CVE-2017-18212;0.018150000;0.778130000
CVE-2017-18211;0.037870000;0.895910000
CVE-2017-18210;0.024980000;0.840580000
CVE-2017-18209;0.028680000;0.862550000
CVE-2017-18208;0.004660000;0.378270000
CVE-2017-18207;0.013230000;0.697550000
CVE-2017-18206;0.031140000;0.873000000
CVE-2017-18205;0.020520000;0.804730000
CVE-2017-18204;0.004350000;0.352650000
CVE-2017-18203;0.003220000;0.226770000
CVE-2017-18202;0.003760000;0.289390000
CVE-2017-18201;0.032420000;0.878190000
CVE-2017-18200;0.003290000;0.234590000
CVE-2017-18199;0.032700000;0.879450000
CVE-2017-18198;0.033630000;0.882850000
CVE-2017-18197;0.028990000;0.864080000
CVE-2017-18196;0.004160000;0.333890000
CVE-2017-18195;0.110510000;0.957700000
CVE-2017-18194;0.014260000;0.718770000
CVE-2017-18193;0.003720000;0.285270000
CVE-2017-18192;0.011670000;0.660310000
CVE-2017-18191;0.037150000;0.893780000
CVE-2017-18190;0.029230000;0.865190000
CVE-2017-18189;0.050550000;0.920060000
CVE-2017-18188;0.004030000;0.319210000
CVE-2017-18187;0.031150000;0.873040000
CVE-2017-18186;0.011230000;0.648670000
CVE-2017-18185;0.010600000;0.631340000
CVE-2017-18184;0.006680000;0.498840000
CVE-2017-18183;0.011400000;0.653080000
CVE-2017-18179;0.027560000;0.856650000
CVE-2017-18178;0.022940000;0.825650000
CVE-2017-18177;0.007040000;0.514100000
CVE-2017-18176;0.007040000;0.514110000
CVE-2017-18175;0.007040000;0.514110000
CVE-2017-18174;0.033350000;0.881890000
CVE-2017-18173;0.002270000;0.120900000
CVE-2017-18172;0.002090000;0.100080000
CVE-2017-18171;0.005170000;0.416610000
CVE-2017-18170;0.005230000;0.420810000
CVE-2017-18169;0.001480000;0.033400000
CVE-2017-18160;0.012690000;0.686000000
CVE-2017-18159;0.002390000;0.134340000
CVE-2017-18158;0.001940000;0.081430000
CVE-2017-18157;0.002430000;0.139160000
CVE-2017-18156;0.002450000;0.141520000
CVE-2017-18155;0.002260000;0.120020000
CVE-2017-18154;0.001700000;0.057240000
CVE-2017-18153;0.001010000;0.008240000
CVE-2017-18147;0.006150000;0.473450000
CVE-2017-18146;0.009090000;0.583550000
CVE-2017-18145;0.011850000;0.665400000
CVE-2017-18144;0.011850000;0.665410000
CVE-2017-18143;0.008390000;0.561420000
CVE-2017-18142;0.012810000;0.688570000
CVE-2017-18141;0.002230000;0.116390000
CVE-2017-18140;0.012520000;0.682280000
CVE-2017-18139;0.012810000;0.688580000
CVE-2017-18138;0.012810000;0.688560000
CVE-2017-18137;0.012810000;0.688570000
CVE-2017-18136;0.012520000;0.682280000
CVE-2017-18135;0.012810000;0.688580000
CVE-2017-18134;0.012810000;0.688570000
CVE-2017-18133;0.011850000;0.665400000
CVE-2017-18132;0.012520000;0.682290000
CVE-2017-18131;0.002340000;0.128300000
CVE-2017-18130;0.012520000;0.682290000
CVE-2017-18129;0.012520000;0.682290000
CVE-2017-18128;0.009520000;0.597470000
CVE-2017-18127;0.012810000;0.688570000
CVE-2017-18126;0.008770000;0.574000000
CVE-2017-18125;0.006300000;0.480970000
CVE-2017-18124;0.002170000;0.109440000
CVE-2017-18123;0.025960000;0.847150000
CVE-2017-18122;0.010930000;0.640650000
CVE-2017-18121;0.012000000;0.669200000
CVE-2017-18120;0.017610000;0.770990000
CVE-2017-18113;0.018020000;0.776310000
CVE-2017-18112;0.010190000;0.619080000
CVE-2017-18111;0.016330000;0.752950000
CVE-2017-18110;0.012110000;0.672350000
CVE-2017-18109;0.011310000;0.650710000
CVE-2017-18108;0.022870000;0.825100000
CVE-2017-18107;0.004490000;0.364960000
CVE-2017-18106;0.012350000;0.678200000
CVE-2017-18105;0.014270000;0.718920000
CVE-2017-18104;0.016000000;0.748040000
CVE-2017-18103;0.008260000;0.557210000
CVE-2017-18102;0.009150000;0.585500000
CVE-2017-18101;0.011880000;0.666310000
CVE-2017-18100;0.008940000;0.578700000
CVE-2017-18098;0.008500000;0.564920000
CVE-2017-18097;0.006420000;0.486630000
CVE-2017-18096;0.011890000;0.666630000
CVE-2017-18095;0.010230000;0.620440000
CVE-2017-18094;0.006050000;0.468220000
CVE-2017-18093;0.008410000;0.561920000
CVE-2017-18092;0.006420000;0.486640000
CVE-2017-18091;0.008410000;0.561920000
CVE-2017-18090;0.008500000;0.564910000
CVE-2017-18089;0.006420000;0.486650000
CVE-2017-18088;0.009920000;0.610510000
CVE-2017-18087;0.017560000;0.770240000
CVE-2017-18086;0.008090000;0.551610000
CVE-2017-18085;0.008090000;0.551620000
CVE-2017-18084;0.006010000;0.466010000
CVE-2017-18083;0.005800000;0.454740000
CVE-2017-18082;0.005800000;0.454740000
CVE-2017-18081;0.008090000;0.551610000
CVE-2017-18080;0.005390000;0.430550000
CVE-2017-18079;0.004180000;0.335440000
CVE-2017-18078;0.010650000;0.632880000
CVE-2017-18077;0.025800000;0.846030000
CVE-2017-18076;0.021290000;0.812020000
CVE-2017-18075;0.003930000;0.307850000
CVE-2017-18074;0.011850000;0.665400000
CVE-2017-18073;0.008390000;0.561420000
CVE-2017-18072;0.008390000;0.561430000
CVE-2017-18071;0.011940000;0.667840000
CVE-2017-18070;0.001650000;0.051400000
CVE-2017-18069;0.005830000;0.456460000
CVE-2017-18068;0.002040000;0.093150000
CVE-2017-18067;0.029010000;0.864170000
CVE-2017-18066;0.001550000;0.039390000
CVE-2017-18065;0.001770000;0.065650000
CVE-2017-18064;0.002040000;0.093150000
CVE-2017-18063;0.001990000;0.087220000
CVE-2017-18062;0.001680000;0.053880000
CVE-2017-18061;0.001680000;0.053870000
CVE-2017-18060;0.005240000;0.421390000
CVE-2017-18059;0.005240000;0.421410000
CVE-2017-18058;0.005240000;0.421400000
CVE-2017-18057;0.005240000;0.421410000
CVE-2017-18056;0.001580000;0.042150000
CVE-2017-18055;0.001680000;0.053880000
CVE-2017-18054;0.001680000;0.053880000
CVE-2017-18053;0.005240000;0.421410000
CVE-2017-18052;0.005240000;0.421390000
CVE-2017-18051;0.005240000;0.421400000
CVE-2017-18050;0.001550000;0.039390000
CVE-2017-18049;0.008990000;0.580180000
CVE-2017-18048;0.633550000;0.991840000
CVE-2017-18047;0.197270000;0.973170000
CVE-2017-18046;0.050450000;0.919940000
CVE-2017-18045;0.013930000;0.712560000
CVE-2017-18044;0.697530000;0.993500000
CVE-2017-18043;0.004420000;0.358830000
CVE-2017-18042;0.006610000;0.495930000
CVE-2017-18041;0.006110000;0.471130000
CVE-2017-18040;0.006110000;0.471130000
CVE-2017-18039;0.011100000;0.645610000
CVE-2017-18038;0.014460000;0.722340000
CVE-2017-18037;0.013030000;0.693430000
CVE-2017-18036;0.008830000;0.575400000
CVE-2017-18035;0.007880000;0.544130000
CVE-2017-18034;0.005860000;0.458130000
CVE-2017-18033;0.005450000;0.434660000
CVE-2017-18032;0.009240000;0.588490000
CVE-2017-18030;0.003970000;0.312550000
CVE-2017-18029;0.040000000;0.901780000
CVE-2017-18028;0.017230000;0.765740000
CVE-2017-18027;0.030540000;0.870700000
CVE-2017-18026;0.028250000;0.860450000
CVE-2017-18025;0.033460000;0.882280000
CVE-2017-18024;0.045310000;0.912120000
CVE-2017-18023;0.009250000;0.588680000
CVE-2017-18022;0.027120000;0.854140000
CVE-2017-18021;0.023630000;0.830980000
CVE-2017-18020;0.004240000;0.341670000
CVE-2017-18019;0.012420000;0.679770000
CVE-2017-18018;0.003450000;0.254860000
CVE-2017-18017;0.528410000;0.989370000
CVE-2017-18016;0.054790000;0.924820000
CVE-2017-18015;0.014580000;0.724740000
CVE-2017-18014;0.023070000;0.826690000
CVE-2017-18013;0.029240000;0.865240000
CVE-2017-18012;0.014670000;0.726540000
CVE-2017-18011;0.015610000;0.742390000
CVE-2017-18010;0.013740000;0.709010000
CVE-2017-18009;0.023320000;0.828690000
CVE-2017-18008;0.025540000;0.844300000
CVE-2017-18006;0.006800000;0.504480000
CVE-2017-18005;0.008000000;0.547890000
CVE-2017-18004;0.006360000;0.483750000
CVE-2017-18001;0.138210000;0.963950000
CVE-2017-17999;0.033440000;0.882210000
CVE-2017-17997;0.017800000;0.773500000
CVE-2017-17996;0.050780000;0.920370000
CVE-2017-17995;0.005420000;0.432620000
CVE-2017-17994;0.005420000;0.432610000
CVE-2017-17993;0.005420000;0.432610000
CVE-2017-17992;0.017580000;0.770560000
CVE-2017-17991;0.005420000;0.432610000
CVE-2017-17990;0.005090000;0.410570000
CVE-2017-17989;0.005420000;0.432620000
CVE-2017-17988;0.004960000;0.400930000
CVE-2017-17987;0.010530000;0.629620000
CVE-2017-17986;0.004960000;0.400920000
CVE-2017-17985;0.004960000;0.400930000
CVE-2017-17984;0.004960000;0.400920000
CVE-2017-17983;0.009400000;0.593800000
CVE-2017-17982;0.004000000;0.316100000
CVE-2017-17981;0.004930000;0.398890000
CVE-2017-17976;0.125060000;0.960890000
CVE-2017-17975;0.003990000;0.314790000
CVE-2017-17974;0.016740000;0.759000000
CVE-2017-17973;0.030770000;0.871590000
CVE-2017-17972;0.008020000;0.548730000
CVE-2017-17971;0.010150000;0.618150000
CVE-2017-17970;0.054120000;0.924140000
CVE-2017-17969;0.049380000;0.918410000
CVE-2017-17968;0.396340000;0.985700000
CVE-2017-17967;0.008240000;0.556370000
CVE-2017-17960;0.005090000;0.410570000
CVE-2017-17959;0.011710000;0.661350000
CVE-2017-17958;0.006880000;0.507800000
CVE-2017-17957;0.011710000;0.661360000
CVE-2017-17956;0.006880000;0.507800000
CVE-2017-17955;0.006880000;0.507790000
CVE-2017-17954;0.006880000;0.507800000
CVE-2017-17953;0.006880000;0.507790000
CVE-2017-17952;0.011460000;0.654360000
CVE-2017-17951;0.011710000;0.661360000
CVE-2017-17950;0.009690000;0.603560000
CVE-2017-1795;0.003560000;0.268140000
CVE-2017-17949;0.006570000;0.494250000
CVE-2017-17948;0.006570000;0.494250000
CVE-2017-17947;0.005030000;0.405350000
CVE-2017-17946;0.027620000;0.856990000
CVE-2017-17945;0.009200000;0.587060000
CVE-2017-17944;0.009200000;0.587050000
CVE-2017-17942;0.024210000;0.835200000
CVE-2017-17941;0.009450000;0.595260000
CVE-2017-17940;0.004960000;0.400930000
CVE-2017-1794;0.012250000;0.675950000
CVE-2017-17939;0.004590000;0.372800000
CVE-2017-17938;0.004960000;0.400930000
CVE-2017-17937;0.006270000;0.479190000
CVE-2017-17936;0.004590000;0.372800000
CVE-2017-17935;0.029820000;0.867730000
CVE-2017-17934;0.025160000;0.841840000
CVE-2017-17933;0.009450000;0.595200000
CVE-2017-17932;0.535970000;0.989610000
CVE-2017-17931;0.011470000;0.654550000
CVE-2017-17930;0.005050000;0.406980000
CVE-2017-1793;0.006600000;0.495590000
CVE-2017-17929;0.005400000;0.431560000
CVE-2017-17928;0.011610000;0.658770000
CVE-2017-17927;0.015070000;0.733550000
CVE-2017-17926;0.011370000;0.652120000
CVE-2017-17925;0.005400000;0.431550000
CVE-2017-17924;0.015070000;0.733550000
CVE-2017-17920;0.015180000;0.735250000
CVE-2017-1792;0.006600000;0.495700000
CVE-2017-17919;0.015180000;0.735250000
CVE-2017-17917;0.022720000;0.823840000
CVE-2017-17916;0.015320000;0.737380000
CVE-2017-17915;0.018270000;0.779690000
CVE-2017-17914;0.020300000;0.802510000
CVE-2017-17913;0.016060000;0.749000000
CVE-2017-17912;0.018110000;0.777450000
CVE-2017-17911;0.005930000;0.461980000
CVE-2017-17910;0.003000000;0.203970000
CVE-2017-1791;0.006600000;0.495610000
CVE-2017-17909;0.004920000;0.397860000
CVE-2017-17908;0.004560000;0.370170000
CVE-2017-17907;0.006830000;0.505480000
CVE-2017-17906;0.011610000;0.658770000
CVE-2017-17905;0.005050000;0.406990000
CVE-2017-17904;0.004890000;0.396260000
CVE-2017-17903;0.004560000;0.370170000
CVE-2017-17902;0.010550000;0.630090000
CVE-2017-17901;0.022810000;0.824590000
CVE-2017-17900;0.018710000;0.785150000
CVE-2017-1790;0.005400000;0.431660000
CVE-2017-17899;0.018710000;0.785150000
CVE-2017-17898;0.021090000;0.810240000
CVE-2017-17897;0.018710000;0.785150000
CVE-2017-17896;0.006830000;0.505470000
CVE-2017-17895;0.011610000;0.658770000
CVE-2017-17894;0.005050000;0.406990000
CVE-2017-17893;0.006830000;0.505470000
CVE-2017-17892;0.011610000;0.658760000
CVE-2017-17891;0.005050000;0.406990000
CVE-2017-1789;0.031660000;0.875080000
CVE-2017-17889;0.005230000;0.420270000
CVE-2017-17888;0.275750000;0.980150000
CVE-2017-17887;0.013080000;0.694520000
CVE-2017-17886;0.010810000;0.637530000
CVE-2017-17885;0.013850000;0.710890000
CVE-2017-17884;0.013080000;0.694530000
CVE-2017-17883;0.010780000;0.636580000
CVE-2017-17882;0.012540000;0.682720000
CVE-2017-17881;0.012600000;0.684100000
CVE-2017-17880;0.013020000;0.693320000
CVE-2017-1788;0.023040000;0.826460000
CVE-2017-17879;0.028850000;0.863320000
CVE-2017-17878;0.016000000;0.748050000
CVE-2017-17877;0.041020000;0.903980000
CVE-2017-17876;0.095420000;0.952960000
CVE-2017-17875;0.026520000;0.850450000
CVE-2017-17874;0.060310000;0.931060000
CVE-2017-17873;0.026520000;0.850570000
CVE-2017-17872;0.026520000;0.850540000
CVE-2017-17871;0.026520000;0.850480000
CVE-2017-17870;0.030010000;0.868580000
CVE-2017-1787;0.003530000;0.263500000
CVE-2017-17869;0.007800000;0.541310000
CVE-2017-17868;0.006690000;0.499240000
CVE-2017-17867;0.110750000;0.957780000
CVE-2017-17866;0.015790000;0.744940000
CVE-2017-17864;0.003970000;0.312940000
CVE-2017-17863;0.004090000;0.325160000
CVE-2017-17862;0.004370000;0.354870000
CVE-2017-17860;0.002860000;0.189620000
CVE-2017-1786;0.010870000;0.639190000
CVE-2017-17859;0.009420000;0.594190000
CVE-2017-17858;0.027330000;0.855290000
CVE-2017-17857;0.003930000;0.308600000
CVE-2017-17856;0.003930000;0.308600000
CVE-2017-17855;0.004180000;0.335420000
CVE-2017-17854;0.003880000;0.303070000
CVE-2017-17853;0.003880000;0.303070000
CVE-2017-17852;0.003580000;0.269810000
CVE-2017-17850;0.753510000;0.995010000
CVE-2017-1785;0.009450000;0.595240000
CVE-2017-17849;0.190150000;0.972150000
CVE-2017-17848;0.018430000;0.781540000
CVE-2017-17847;0.011960000;0.668330000
CVE-2017-17846;0.021840000;0.816590000
CVE-2017-17845;0.016080000;0.749270000
CVE-2017-17844;0.013530000;0.704500000
CVE-2017-17843;0.011190000;0.647920000
CVE-2017-17841;0.024080000;0.834150000
CVE-2017-17840;0.004450000;0.361700000
CVE-2017-1784;0.003830000;0.297140000
CVE-2017-17837;0.044710000;0.911090000
CVE-2017-17836;0.031930000;0.876140000
CVE-2017-17835;0.020420000;0.803710000
CVE-2017-17833;0.038300000;0.897190000
CVE-2017-17832;0.007070000;0.515130000
CVE-2017-17831;0.036770000;0.892710000
CVE-2017-17830;0.004400000;0.356900000
CVE-2017-1783;0.004620000;0.374970000
CVE-2017-17829;0.010230000;0.620410000
CVE-2017-17828;0.005420000;0.432710000
CVE-2017-17827;0.007690000;0.537800000
CVE-2017-17826;0.006830000;0.505440000
CVE-2017-17825;0.005400000;0.431560000
CVE-2017-17824;0.015040000;0.733010000
CVE-2017-17823;0.014880000;0.730100000
CVE-2017-17822;0.013700000;0.707910000
CVE-2017-17821;0.013790000;0.709830000
CVE-2017-17820;0.013940000;0.712670000
CVE-2017-17819;0.013690000;0.707800000
CVE-2017-17818;0.027210000;0.854670000
CVE-2017-17817;0.014000000;0.713890000
CVE-2017-17816;0.011880000;0.666350000
CVE-2017-17815;0.014510000;0.723150000
CVE-2017-17814;0.011880000;0.666340000
CVE-2017-17813;0.011820000;0.664780000
CVE-2017-17812;0.014510000;0.723150000
CVE-2017-17811;0.012440000;0.680420000
CVE-2017-17810;0.014510000;0.723150000
CVE-2017-17809;0.007960000;0.546650000
CVE-2017-17807;0.004370000;0.355040000
CVE-2017-17806;0.005610000;0.444510000
CVE-2017-17805;0.004450000;0.361740000
CVE-2017-17804;0.004420000;0.358520000
CVE-2017-17803;0.004420000;0.358520000
CVE-2017-17802;0.004420000;0.358510000
CVE-2017-17801;0.004420000;0.358510000
CVE-2017-17800;0.004420000;0.358510000
CVE-2017-17799;0.004420000;0.358500000
CVE-2017-17798;0.004420000;0.358510000
CVE-2017-17797;0.004420000;0.358520000
CVE-2017-17796;0.004430000;0.359980000
CVE-2017-17795;0.004430000;0.359980000
CVE-2017-17794;0.015440000;0.739610000
CVE-2017-17793;0.021660000;0.815120000
CVE-2017-17792;0.010020000;0.614040000
CVE-2017-17790;0.059130000;0.929830000
CVE-2017-1779;0.004100000;0.326350000
CVE-2017-17789;0.019520000;0.794250000
CVE-2017-17788;0.011270000;0.649720000
CVE-2017-17787;0.010630000;0.632400000
CVE-2017-17786;0.013370000;0.701080000
CVE-2017-17785;0.011490000;0.655520000
CVE-2017-17784;0.014630000;0.725630000
CVE-2017-17783;0.015280000;0.736840000
CVE-2017-17782;0.018430000;0.781580000
CVE-2017-17780;0.009510000;0.597310000
CVE-2017-17779;0.010970000;0.642300000
CVE-2017-17778;0.005160000;0.415490000
CVE-2017-17777;0.014820000;0.729070000
CVE-2017-17776;0.009050000;0.582090000
CVE-2017-17775;0.006830000;0.505440000
CVE-2017-17774;0.005810000;0.454980000
CVE-2017-17773;0.014080000;0.715330000
CVE-2017-17772;0.003500000;0.260720000
CVE-2017-17771;0.001550000;0.039380000
CVE-2017-17770;0.004290000;0.346090000
CVE-2017-17769;0.001360000;0.024990000
CVE-2017-17767;0.001580000;0.042130000
CVE-2017-17766;0.006380000;0.484610000
CVE-2017-17765;0.001700000;0.057290000
CVE-2017-17764;0.001700000;0.057290000
CVE-2017-17763;0.010900000;0.639980000
CVE-2017-17762;0.046480000;0.914120000
CVE-2017-17761;0.074980000;0.942780000
CVE-2017-17760;0.022400000;0.821510000
CVE-2017-17759;0.112920000;0.958330000
CVE-2017-17758;0.026440000;0.850060000
CVE-2017-17757;0.027410000;0.855780000
CVE-2017-17753;0.008450000;0.562930000
CVE-2017-17752;0.013830000;0.710670000
CVE-2017-17751;0.010100000;0.616510000
CVE-2017-17750;0.005110000;0.412060000
CVE-2017-17749;0.005130000;0.413340000
CVE-2017-17747;0.007160000;0.518520000
CVE-2017-17746;0.020390000;0.803300000
CVE-2017-17745;0.005930000;0.462060000
CVE-2017-17744;0.009380000;0.593000000
CVE-2017-17743;0.010890000;0.639650000
CVE-2017-17742;0.054530000;0.924550000
CVE-2017-17741;0.004700000;0.381360000
CVE-2017-17740;0.070220000;0.939550000
CVE-2017-1774;0.016700000;0.758340000
CVE-2017-17739;0.118900000;0.959660000
CVE-2017-17738;0.057640000;0.928160000
CVE-2017-17737;0.020790000;0.807380000
CVE-2017-17736;0.684570000;0.993140000
CVE-2017-17735;0.010860000;0.638970000
CVE-2017-17734;0.010860000;0.638970000
CVE-2017-17733;0.440950000;0.987110000
CVE-2017-17731;0.131940000;0.962430000
CVE-2017-17730;0.010970000;0.642300000
CVE-2017-1773;0.003250000;0.229850000
CVE-2017-17727;0.014980000;0.731910000
CVE-2017-17725;0.017990000;0.775910000
CVE-2017-17724;0.021320000;0.812300000
CVE-2017-17723;0.018000000;0.775980000
CVE-2017-17722;0.011500000;0.655830000
CVE-2017-17721;0.035960000;0.890360000
CVE-2017-1772;0.012740000;0.687220000
CVE-2017-17719;0.009380000;0.593000000
CVE-2017-17718;0.013480000;0.703400000
CVE-2017-17717;0.007110000;0.516520000
CVE-2017-17716;0.009270000;0.589340000
CVE-2017-17715;0.017410000;0.768070000
CVE-2017-17714;0.011680000;0.660540000
CVE-2017-17713;0.019720000;0.796100000
CVE-2017-17712;0.003190000;0.223720000
CVE-2017-17708;0.005840000;0.456990000
CVE-2017-17707;0.008360000;0.560450000
CVE-2017-17704;0.009990000;0.612770000
CVE-2017-17703;0.010020000;0.614060000
CVE-2017-17701;0.012510000;0.682170000
CVE-2017-17700;0.012510000;0.682170000
CVE-2017-17699;0.012510000;0.682170000
CVE-2017-17698;0.015470000;0.739930000
CVE-2017-17697;0.013890000;0.711780000
CVE-2017-17696;0.007080000;0.515800000
CVE-2017-17695;0.009610000;0.600610000
CVE-2017-17694;0.005130000;0.413360000
CVE-2017-17693;0.005530000;0.439470000
CVE-2017-17692;0.788430000;0.995820000
CVE-2017-17691;0.010290000;0.622290000
CVE-2017-1769;0.009700000;0.603740000
CVE-2017-17689;0.041330000;0.904720000
CVE-2017-17688;0.055460000;0.925600000
CVE-2017-17684;0.011200000;0.648230000
CVE-2017-17683;0.011200000;0.648230000
CVE-2017-17682;0.029840000;0.867780000
CVE-2017-17681;0.029750000;0.867400000
CVE-2017-17680;0.022950000;0.825750000
CVE-2017-1768;0.013600000;0.706060000
CVE-2017-17678;0.005910000;0.461040000
CVE-2017-17677;0.010600000;0.631480000
CVE-2017-17675;0.008670000;0.570780000
CVE-2017-17674;0.020760000;0.807040000
CVE-2017-17672;0.151890000;0.966380000
CVE-2017-17671;0.030500000;0.870520000
CVE-2017-17670;0.021730000;0.815670000
CVE-2017-1767;0.010350000;0.624310000
CVE-2017-17669;0.015980000;0.747680000
CVE-2017-17668;0.011450000;0.654240000
CVE-2017-17665;0.011380000;0.652600000
CVE-2017-17664;0.324310000;0.982810000
CVE-2017-17663;0.027380000;0.855640000
CVE-2017-17662;0.031540000;0.874600000
CVE-2017-1766;0.007280000;0.522910000
CVE-2017-17659;0.038600000;0.898050000
CVE-2017-17658;0.038600000;0.898040000
CVE-2017-17657;0.038600000;0.898040000
CVE-2017-17656;0.038600000;0.898000000
CVE-2017-17655;0.038600000;0.898010000
CVE-2017-17654;0.038600000;0.898000000
CVE-2017-17653;0.038600000;0.898000000
CVE-2017-17652;0.038600000;0.897990000
CVE-2017-17651;0.030500000;0.870430000
CVE-2017-1765;0.013570000;0.705340000
CVE-2017-17649;0.025060000;0.841080000
CVE-2017-17648;0.038000000;0.896310000
CVE-2017-17645;0.030500000;0.870510000
CVE-2017-17643;0.029780000;0.867520000
CVE-2017-17642;0.022040000;0.818420000
CVE-2017-17641;0.022040000;0.818420000
CVE-2017-17640;0.022040000;0.818430000
CVE-2017-1764;0.002600000;0.159050000
CVE-2017-17639;0.022040000;0.818440000
CVE-2017-17638;0.022040000;0.818430000
CVE-2017-17637;0.022040000;0.818440000
CVE-2017-17636;0.022040000;0.818420000
CVE-2017-17635;0.022040000;0.818430000
CVE-2017-17634;0.022040000;0.818450000
CVE-2017-17633;0.022040000;0.818450000
CVE-2017-17632;0.022040000;0.818450000
CVE-2017-17631;0.022040000;0.818440000
CVE-2017-17630;0.022040000;0.818440000
CVE-2017-17629;0.022040000;0.818430000
CVE-2017-17628;0.022040000;0.818460000
CVE-2017-17627;0.022040000;0.818420000
CVE-2017-17626;0.030500000;0.870480000
CVE-2017-17625;0.029780000;0.867510000
CVE-2017-17624;0.030500000;0.870490000
CVE-2017-17623;0.030500000;0.870500000
CVE-2017-17622;0.036250000;0.891170000
CVE-2017-17621;0.036250000;0.891170000
CVE-2017-17620;0.030500000;0.870510000
CVE-2017-1762;0.009310000;0.590570000
CVE-2017-17619;0.036250000;0.891170000
CVE-2017-17618;0.030500000;0.870520000
CVE-2017-17617;0.030500000;0.870480000
CVE-2017-17616;0.030500000;0.870460000
CVE-2017-17615;0.024830000;0.839550000
CVE-2017-17614;0.030500000;0.870470000
CVE-2017-17613;0.030500000;0.870470000
CVE-2017-17612;0.036560000;0.892120000
CVE-2017-17611;0.030500000;0.870420000
CVE-2017-17610;0.030500000;0.870430000
CVE-2017-1761;0.009770000;0.606300000
CVE-2017-17609;0.030500000;0.870460000
CVE-2017-17608;0.030500000;0.870460000
CVE-2017-17607;0.030500000;0.870440000
CVE-2017-17606;0.030500000;0.870470000
CVE-2017-17605;0.030500000;0.870430000
CVE-2017-17604;0.030500000;0.870460000
CVE-2017-17603;0.030500000;0.870430000
CVE-2017-17602;0.030500000;0.870450000
CVE-2017-17601;0.030500000;0.870450000
CVE-2017-17600;0.030500000;0.870480000
CVE-2017-1760;0.002920000;0.195150000
CVE-2017-17599;0.030500000;0.870500000
CVE-2017-17598;0.030500000;0.870510000
CVE-2017-17597;0.030500000;0.870510000
CVE-2017-17596;0.030500000;0.870470000
CVE-2017-17595;0.030500000;0.870490000
CVE-2017-17594;0.030500000;0.870440000
CVE-2017-17593;0.060550000;0.931300000
CVE-2017-17592;0.030500000;0.870440000
CVE-2017-17591;0.043670000;0.909230000
CVE-2017-17590;0.039450000;0.900370000
CVE-2017-17589;0.029780000;0.867510000
CVE-2017-17588;0.029780000;0.867540000
CVE-2017-17587;0.029780000;0.867550000
CVE-2017-17586;0.029780000;0.867540000
CVE-2017-17585;0.029780000;0.867540000
CVE-2017-17584;0.029780000;0.867550000
CVE-2017-17583;0.029780000;0.867520000
CVE-2017-17582;0.029780000;0.867530000
CVE-2017-17581;0.029780000;0.867530000
CVE-2017-17580;0.029780000;0.867530000
CVE-2017-1758;0.016040000;0.748680000
CVE-2017-17579;0.029780000;0.867520000
CVE-2017-17578;0.029780000;0.867500000
CVE-2017-17577;0.029780000;0.867500000
CVE-2017-17576;0.029780000;0.867500000
CVE-2017-17575;0.029780000;0.867490000
CVE-2017-17574;0.029780000;0.867510000
CVE-2017-17573;0.030500000;0.870500000
CVE-2017-17572;0.029780000;0.867540000
CVE-2017-17571;0.029780000;0.867520000
CVE-2017-17570;0.029780000;0.867500000
CVE-2017-1757;0.015940000;0.747160000
CVE-2017-17569;0.006690000;0.499230000
CVE-2017-17568;0.013840000;0.710830000
CVE-2017-17567;0.011450000;0.654330000
CVE-2017-17566;0.003570000;0.269050000
CVE-2017-17565;0.003590000;0.271470000
CVE-2017-17564;0.003520000;0.262670000
CVE-2017-17563;0.003520000;0.262670000
CVE-2017-17562;0.962620000;0.998770000
CVE-2017-17561;0.014090000;0.715450000
CVE-2017-17560;0.734040000;0.994510000
CVE-2017-1756;0.003790000;0.292690000
CVE-2017-17558;0.004800000;0.389270000
CVE-2017-17557;0.035700000;0.889430000
CVE-2017-17556;0.006230000;0.477490000
CVE-2017-17555;0.010550000;0.630060000
CVE-2017-17554;0.007450000;0.529400000
CVE-2017-17553;0.008500000;0.564630000
CVE-2017-17552;0.020460000;0.804040000
CVE-2017-17551;0.009560000;0.598630000
CVE-2017-17550;0.004940000;0.399170000
CVE-2017-1755;0.003600000;0.272670000
CVE-2017-17549;0.015710000;0.743880000
CVE-2017-17544;0.016960000;0.762180000
CVE-2017-17543;0.004470000;0.363800000
CVE-2017-17541;0.008710000;0.571780000
CVE-2017-17540;0.020030000;0.799670000
CVE-2017-17539;0.020030000;0.799660000
CVE-2017-17538;0.077880000;0.944520000
CVE-2017-17537;0.017500000;0.769240000
CVE-2017-17536;0.020050000;0.799780000
CVE-2017-17535;0.012210000;0.674870000
CVE-2017-17534;0.012200000;0.674520000
CVE-2017-17533;0.016330000;0.753070000
CVE-2017-17532;0.016350000;0.753380000
CVE-2017-17531;0.012280000;0.676640000
CVE-2017-17530;0.014950000;0.731270000
CVE-2017-1753;0.008490000;0.564260000
CVE-2017-17529;0.012210000;0.674870000
CVE-2017-17528;0.016430000;0.754520000
CVE-2017-17527;0.016330000;0.753070000
CVE-2017-17526;0.012210000;0.674870000
CVE-2017-17525;0.012200000;0.674520000
CVE-2017-17524;0.012200000;0.674510000
CVE-2017-17523;0.020980000;0.809300000
CVE-2017-17522;0.035950000;0.890330000
CVE-2017-17521;0.018340000;0.780500000
CVE-2017-17520;0.018960000;0.788040000
CVE-2017-1752;0.016160000;0.750380000
CVE-2017-17519;0.012200000;0.674510000
CVE-2017-17518;0.017160000;0.764910000
CVE-2017-17517;0.012210000;0.674870000
CVE-2017-17516;0.012300000;0.677170000
CVE-2017-17515;0.016350000;0.753370000
CVE-2017-17514;0.016850000;0.760700000
CVE-2017-17513;0.012810000;0.688660000
CVE-2017-17512;0.022350000;0.821020000
CVE-2017-17511;0.016850000;0.760700000
CVE-2017-1751;0.006940000;0.509920000
CVE-2017-17509;0.015080000;0.733580000
CVE-2017-17508;0.012180000;0.674020000
CVE-2017-17507;0.011530000;0.656620000
CVE-2017-17506;0.012710000;0.686590000
CVE-2017-17505;0.012180000;0.674030000
CVE-2017-17504;0.016090000;0.749390000
CVE-2017-17503;0.019190000;0.790630000
CVE-2017-17502;0.019190000;0.790630000
CVE-2017-17501;0.025970000;0.847210000
CVE-2017-17500;0.025970000;0.847210000
CVE-2017-1750;0.009490000;0.596500000
CVE-2017-17499;0.033060000;0.880900000
CVE-2017-17498;0.028990000;0.864070000
CVE-2017-17497;0.013770000;0.709400000
CVE-2017-1749;0.024390000;0.836540000
CVE-2017-17485;0.497270000;0.988580000
CVE-2017-17484;0.046050000;0.913460000
CVE-2017-17482;0.006350000;0.483150000
CVE-2017-17480;0.051350000;0.921060000
CVE-2017-1748;0.007070000;0.514930000
CVE-2017-17479;0.041540000;0.905100000
CVE-2017-17478;0.005030000;0.405350000
CVE-2017-17477;0.008410000;0.561860000
CVE-2017-17476;0.022230000;0.819970000
CVE-2017-17475;0.003610000;0.273270000
CVE-2017-17474;0.003610000;0.273270000
CVE-2017-17473;0.003610000;0.273270000
CVE-2017-17472;0.003610000;0.273260000
CVE-2017-17471;0.003600000;0.272050000
CVE-2017-17470;0.003600000;0.272060000
CVE-2017-1747;0.020220000;0.801660000
CVE-2017-17469;0.003600000;0.272060000
CVE-2017-17468;0.003600000;0.272060000
CVE-2017-17467;0.003600000;0.272050000
CVE-2017-17466;0.003600000;0.272060000
CVE-2017-17465;0.013250000;0.698080000
CVE-2017-17464;0.013250000;0.698080000
CVE-2017-17463;0.013440000;0.702450000
CVE-2017-1746;0.005300000;0.424720000
CVE-2017-17459;0.028050000;0.859440000
CVE-2017-17458;0.063310000;0.933910000
CVE-2017-17455;0.006050000;0.468270000
CVE-2017-17454;0.006920000;0.509430000
CVE-2017-17451;0.050880000;0.920520000
CVE-2017-17450;0.004060000;0.322660000
CVE-2017-17449;0.004360000;0.354390000
CVE-2017-17448;0.003720000;0.285740000
CVE-2017-17446;0.015250000;0.736320000
CVE-2017-17443;0.008970000;0.579590000
CVE-2017-17442;0.009110000;0.584050000
CVE-2017-17440;0.023600000;0.830820000
CVE-2017-17439;0.034270000;0.884890000
CVE-2017-17436;0.002020000;0.090400000
CVE-2017-17435;0.005820000;0.455820000
CVE-2017-17434;0.032710000;0.879530000
CVE-2017-17433;0.017940000;0.775250000
CVE-2017-17432;0.030530000;0.870660000
CVE-2017-17431;0.006830000;0.505480000
CVE-2017-17430;0.018470000;0.782050000
CVE-2017-1743;0.018790000;0.786010000
CVE-2017-17429;0.002910000;0.194240000
CVE-2017-17428;0.145560000;0.965300000
CVE-2017-17427;0.155770000;0.967230000
CVE-2017-17426;0.015970000;0.747580000
CVE-2017-17425;0.038600000;0.898020000
CVE-2017-17424;0.038600000;0.898010000
CVE-2017-17423;0.038600000;0.898020000
CVE-2017-17422;0.038600000;0.898030000
CVE-2017-17421;0.038600000;0.898030000
CVE-2017-17420;0.481600000;0.988190000
CVE-2017-17419;0.038600000;0.898020000
CVE-2017-17418;0.038600000;0.898010000
CVE-2017-17417;0.098180000;0.953930000
CVE-2017-17416;0.038600000;0.898000000
CVE-2017-17415;0.038600000;0.898030000
CVE-2017-17414;0.038600000;0.898030000
CVE-2017-17413;0.038600000;0.898040000
CVE-2017-17412;0.038600000;0.898010000
CVE-2017-17411;0.879290000;0.997600000
CVE-2017-17410;0.036750000;0.892680000
CVE-2017-1741;0.020280000;0.802360000
CVE-2017-17409;0.038550000;0.897910000
CVE-2017-17408;0.064870000;0.935210000
CVE-2017-17407;0.038600000;0.898040000
CVE-2017-17406;0.044910000;0.911420000
CVE-2017-17405;0.738290000;0.994640000
CVE-2017-1740;0.007290000;0.523380000
CVE-2017-1739;0.007290000;0.523380000
CVE-2017-17384;0.014890000;0.730430000
CVE-2017-17383;0.011520000;0.656470000
CVE-2017-17382;0.138770000;0.964060000
CVE-2017-17381;0.004110000;0.327780000
CVE-2017-1738;0.006600000;0.495610000
CVE-2017-1734;0.009630000;0.601310000
CVE-2017-17330;0.002180000;0.110130000
CVE-2017-1733;0.003570000;0.268750000
CVE-2017-17329;0.002180000;0.110140000
CVE-2017-17328;0.007460000;0.529750000
CVE-2017-17327;0.005400000;0.431500000
CVE-2017-17326;0.002310000;0.125220000
CVE-2017-17325;0.005810000;0.455300000
CVE-2017-17324;0.008880000;0.576780000
CVE-2017-17323;0.005420000;0.432550000
CVE-2017-17322;0.008120000;0.552400000
CVE-2017-17321;0.002330000;0.128180000
CVE-2017-17320;0.009900000;0.610070000
CVE-2017-1732;0.013300000;0.699130000
CVE-2017-17319;0.007460000;0.529750000
CVE-2017-17318;0.003720000;0.285260000
CVE-2017-17317;0.009770000;0.606240000
CVE-2017-17316;0.012480000;0.681450000
CVE-2017-17315;0.012480000;0.681450000
CVE-2017-17314;0.007270000;0.522640000
CVE-2017-17313;0.005570000;0.442270000
CVE-2017-17312;0.010820000;0.637950000
CVE-2017-17311;0.010820000;0.637950000
CVE-2017-17310;0.012790000;0.688130000
CVE-2017-1731;0.028450000;0.861480000
CVE-2017-17309;0.073000000;0.941600000
CVE-2017-17308;0.020760000;0.807070000
CVE-2017-17307;0.005400000;0.431500000
CVE-2017-17306;0.005400000;0.431500000
CVE-2017-17305;0.010450000;0.627180000
CVE-2017-17304;0.010090000;0.616270000
CVE-2017-17303;0.007570000;0.533440000
CVE-2017-17302;0.001350000;0.024610000
CVE-2017-17301;0.009720000;0.604580000
CVE-2017-17300;0.015910000;0.746630000
CVE-2017-17299;0.012180000;0.674170000
CVE-2017-17298;0.007650000;0.536210000
CVE-2017-17297;0.012180000;0.674040000
CVE-2017-17296;0.012610000;0.684380000
CVE-2017-17295;0.012180000;0.674050000
CVE-2017-17294;0.002070000;0.097240000
CVE-2017-17293;0.002060000;0.095520000
CVE-2017-17292;0.002070000;0.097230000
CVE-2017-17291;0.002070000;0.097230000
CVE-2017-17290;0.012550000;0.682850000
CVE-2017-1729;0.006600000;0.495560000
CVE-2017-17289;0.002070000;0.097240000
CVE-2017-17288;0.012240000;0.675900000
CVE-2017-17287;0.012180000;0.674040000
CVE-2017-17286;0.007650000;0.536210000
CVE-2017-17285;0.005600000;0.443400000
CVE-2017-17284;0.012070000;0.671040000
CVE-2017-17283;0.012070000;0.671040000
CVE-2017-17282;0.002920000;0.195310000
CVE-2017-17281;0.008020000;0.549120000
CVE-2017-17280;0.003270000;0.232660000
CVE-2017-17279;0.007890000;0.544340000
CVE-2017-1727;0.009160000;0.585880000
CVE-2017-17258;0.012420000;0.679860000
CVE-2017-17257;0.012790000;0.688130000
CVE-2017-17256;0.012790000;0.688130000
CVE-2017-17255;0.012420000;0.679860000
CVE-2017-17254;0.012420000;0.679870000
CVE-2017-17253;0.012420000;0.679860000
CVE-2017-17252;0.012480000;0.681450000
CVE-2017-17251;0.012480000;0.681440000
CVE-2017-17250;0.010380000;0.625060000
CVE-2017-1725;0.009720000;0.604390000
CVE-2017-1724;0.006830000;0.505690000
CVE-2017-1723;0.025040000;0.840920000
CVE-2017-17227;0.009900000;0.610070000
CVE-2017-17226;0.006180000;0.474860000
CVE-2017-17225;0.006110000;0.471250000
CVE-2017-17224;0.003900000;0.304540000
CVE-2017-17223;0.020320000;0.802630000
CVE-2017-17222;0.012480000;0.681150000
CVE-2017-17221;0.012480000;0.681150000
CVE-2017-17220;0.008910000;0.577990000
CVE-2017-1722;0.011080000;0.645010000
CVE-2017-17219;0.008910000;0.577980000
CVE-2017-17218;0.008910000;0.577980000
CVE-2017-17217;0.009590000;0.599470000
CVE-2017-17216;0.009590000;0.599480000
CVE-2017-17215;0.782780000;0.995670000
CVE-2017-1721;0.014020000;0.714390000
CVE-2017-17202;0.012180000;0.674170000
CVE-2017-17201;0.005400000;0.431520000
CVE-2017-17200;0.007350000;0.525780000
CVE-2017-1720;0.004140000;0.331890000
CVE-2017-17199;0.007350000;0.525780000
CVE-2017-17187;0.009490000;0.596550000
CVE-2017-17186;0.005980000;0.464880000
CVE-2017-17185;0.006910000;0.509040000
CVE-2017-17184;0.006910000;0.509030000
CVE-2017-17183;0.006910000;0.509030000
CVE-2017-17182;0.006910000;0.509030000
CVE-2017-17176;0.003090000;0.212280000
CVE-2017-17175;0.003890000;0.303150000
CVE-2017-17174;0.010870000;0.639180000
CVE-2017-17173;0.010090000;0.616170000
CVE-2017-17172;0.002490000;0.145670000
CVE-2017-17171;0.004740000;0.384970000
CVE-2017-17170;0.007350000;0.525910000
CVE-2017-1717;0.006600000;0.495590000
CVE-2017-17169;0.007350000;0.525900000
CVE-2017-17168;0.007350000;0.525900000
CVE-2017-17167;0.006400000;0.485490000
CVE-2017-17166;0.012610000;0.684380000
CVE-2017-17165;0.009650000;0.601780000
CVE-2017-17164;0.008930000;0.578570000
CVE-2017-17163;0.002070000;0.097250000
CVE-2017-17162;0.002070000;0.097240000
CVE-2017-17161;0.003260000;0.231740000
CVE-2017-17160;0.010590000;0.631200000
CVE-2017-1716;0.002750000;0.179120000
CVE-2017-17159;0.003700000;0.283520000
CVE-2017-17158;0.002600000;0.158680000
CVE-2017-17157;0.009080000;0.583220000
CVE-2017-17156;0.009080000;0.583210000
CVE-2017-17155;0.009080000;0.583210000
CVE-2017-17154;0.009080000;0.583220000
CVE-2017-17153;0.009080000;0.583220000
CVE-2017-17152;0.007660000;0.536660000
CVE-2017-17151;0.007730000;0.539110000
CVE-2017-17150;0.001910000;0.078160000
CVE-2017-1715;0.006600000;0.495590000
CVE-2017-17149;0.002230000;0.116310000
CVE-2017-17148;0.001910000;0.078160000
CVE-2017-17147;0.002070000;0.097250000
CVE-2017-17146;0.005670000;0.447760000
CVE-2017-17145;0.002440000;0.139830000
CVE-2017-17144;0.008930000;0.578580000
CVE-2017-17143;0.008930000;0.578570000
CVE-2017-17142;0.008930000;0.578570000
CVE-2017-17141;0.007060000;0.514770000
CVE-2017-17140;0.006450000;0.488610000
CVE-2017-1714;0.003420000;0.251120000
CVE-2017-17139;0.006450000;0.488620000
CVE-2017-17138;0.001350000;0.024610000
CVE-2017-17137;0.001350000;0.024620000
CVE-2017-17136;0.001350000;0.024290000
CVE-2017-17135;0.002070000;0.097250000
CVE-2017-17134;0.002070000;0.097260000
CVE-2017-17133;0.002070000;0.097240000
CVE-2017-17132;0.002070000;0.097250000
CVE-2017-17131;0.008250000;0.556770000
CVE-2017-17130;0.017880000;0.774400000
CVE-2017-1713;0.008690000;0.571340000
CVE-2017-17129;0.012180000;0.674020000
CVE-2017-17128;0.009800000;0.606930000
CVE-2017-17127;0.017550000;0.770160000
CVE-2017-17126;0.016880000;0.761100000
CVE-2017-17125;0.016380000;0.753740000
CVE-2017-17124;0.018410000;0.781330000
CVE-2017-17123;0.015880000;0.746180000
CVE-2017-17122;0.018850000;0.786680000
CVE-2017-17121;0.017020000;0.762980000
CVE-2017-1712;0.006740000;0.501660000
CVE-2017-17114;0.004650000;0.377100000
CVE-2017-17113;0.003600000;0.271980000
CVE-2017-17112;0.004650000;0.377100000
CVE-2017-17111;0.088000000;0.950080000
CVE-2017-17110;0.085800000;0.948940000
CVE-2017-1711;0.010620000;0.631990000
CVE-2017-17108;0.021540000;0.814210000
CVE-2017-17107;0.038790000;0.898490000
CVE-2017-17106;0.152560000;0.966530000
CVE-2017-17105;0.845580000;0.996970000
CVE-2017-17104;0.017050000;0.763390000
CVE-2017-17103;0.011810000;0.664620000
CVE-2017-17102;0.010840000;0.638490000
CVE-2017-17101;0.015050000;0.733110000
CVE-2017-1710;0.034980000;0.887340000
CVE-2017-17099;0.118310000;0.959530000
CVE-2017-17098;0.066420000;0.936410000
CVE-2017-17097;0.069460000;0.938910000
CVE-2017-17096;0.009130000;0.584770000
CVE-2017-17095;0.106390000;0.956490000
CVE-2017-17094;0.019950000;0.798670000
CVE-2017-17093;0.019700000;0.795980000
CVE-2017-17092;0.034730000;0.886510000
CVE-2017-17091;0.070190000;0.939530000
CVE-2017-17090;0.815110000;0.996320000
CVE-2017-17089;0.008410000;0.561860000
CVE-2017-17088;0.069840000;0.939210000
CVE-2017-17087;0.003550000;0.266540000
CVE-2017-17086;0.013930000;0.712560000
CVE-2017-17085;0.167860000;0.969390000
CVE-2017-17084;0.027430000;0.855910000
CVE-2017-17083;0.027430000;0.855910000
CVE-2017-17081;0.018270000;0.779580000
CVE-2017-17080;0.013000000;0.692940000
CVE-2017-17069;0.016450000;0.754830000
CVE-2017-17068;0.014200000;0.717550000
CVE-2017-17067;0.029560000;0.866580000
CVE-2017-17066;0.022220000;0.819930000
CVE-2017-17065;0.014140000;0.716520000
CVE-2017-17062;0.036130000;0.890850000
CVE-2017-17061;0.005260000;0.422560000
CVE-2017-17060;0.012270000;0.676410000
CVE-2017-17059;0.034190000;0.884630000
CVE-2017-17058;0.236670000;0.977420000
CVE-2017-17057;0.012380000;0.678940000
CVE-2017-17056;0.007410000;0.527860000
CVE-2017-17055;0.087080000;0.949630000
CVE-2017-17054;0.008420000;0.562110000
CVE-2017-17053;0.003760000;0.290030000
CVE-2017-17052;0.003700000;0.283190000
CVE-2017-17051;0.019890000;0.798070000
CVE-2017-17050;0.003310000;0.236630000
CVE-2017-1705;0.012480000;0.681530000
CVE-2017-17049;0.003310000;0.236630000
CVE-2017-17046;0.003640000;0.276500000
CVE-2017-17045;0.004270000;0.344310000
CVE-2017-17044;0.004380000;0.355800000
CVE-2017-17043;0.050960000;0.920620000
CVE-2017-17042;0.028940000;0.863830000
CVE-2017-17033;0.044390000;0.910490000
CVE-2017-17032;0.032840000;0.879980000
CVE-2017-17031;0.032840000;0.879990000
CVE-2017-17030;0.032840000;0.879990000
CVE-2017-17029;0.032840000;0.879990000
CVE-2017-17028;0.032870000;0.880180000
CVE-2017-17027;0.032840000;0.879980000
CVE-2017-17023;0.006110000;0.471600000
CVE-2017-17020;0.148350000;0.965800000
CVE-2017-17010;0.008650000;0.570150000
CVE-2017-1701;0.005340000;0.428100000
CVE-2017-1700;0.011460000;0.654420000
CVE-2017-16997;0.028950000;0.863860000
CVE-2017-16996;0.003970000;0.312590000
CVE-2017-16995;0.300520000;0.981550000
CVE-2017-16994;0.020840000;0.807960000
CVE-2017-1699;0.002510000;0.147780000
CVE-2017-1698;0.015620000;0.742520000
CVE-2017-16962;0.021860000;0.816690000
CVE-2017-16961;0.013930000;0.712530000
CVE-2017-16960;0.023590000;0.830750000
CVE-2017-1696;0.026520000;0.850580000
CVE-2017-16959;0.019100000;0.789540000
CVE-2017-16958;0.029270000;0.865380000
CVE-2017-16957;0.056440000;0.926910000
CVE-2017-16956;0.007450000;0.529360000
CVE-2017-16955;0.020020000;0.799500000
CVE-2017-16953;0.112610000;0.958270000
CVE-2017-16952;0.032260000;0.877600000
CVE-2017-16951;0.032350000;0.877890000
CVE-2017-16950;0.007650000;0.536260000
CVE-2017-1695;0.013250000;0.698200000
CVE-2017-16949;0.191510000;0.972380000
CVE-2017-16948;0.003310000;0.236640000
CVE-2017-16946;0.010840000;0.638480000
CVE-2017-16945;0.009900000;0.610250000
CVE-2017-16944;0.633200000;0.991830000
CVE-2017-16943;0.467050000;0.987870000
CVE-2017-16942;0.012300000;0.677280000
CVE-2017-16941;0.015590000;0.742030000
CVE-2017-1694;0.008150000;0.553480000
CVE-2017-16939;0.021500000;0.813890000
CVE-2017-16938;0.017910000;0.774810000
CVE-2017-16936;0.010340000;0.624000000
CVE-2017-16935;0.076630000;0.943820000
CVE-2017-16934;0.134650000;0.963090000
CVE-2017-16933;0.003050000;0.208520000
CVE-2017-16932;0.059280000;0.930010000
CVE-2017-16931;0.043320000;0.908480000
CVE-2017-16930;0.343400000;0.983600000
CVE-2017-1693;0.009370000;0.592800000
CVE-2017-16929;0.128890000;0.961760000
CVE-2017-16928;0.009900000;0.610260000
CVE-2017-16927;0.004120000;0.328280000
CVE-2017-16926;0.055820000;0.926090000
CVE-2017-16924;0.085970000;0.949040000
CVE-2017-16923;0.025500000;0.844050000
CVE-2017-16922;0.014160000;0.716840000
CVE-2017-16921;0.199010000;0.973420000
CVE-2017-16920;0.021410000;0.813100000
CVE-2017-1692;0.003640000;0.276530000
CVE-2017-16919;0.007520000;0.531590000
CVE-2017-16914;0.044100000;0.909880000
CVE-2017-16913;0.039290000;0.899930000
CVE-2017-16912;0.040690000;0.903210000
CVE-2017-16911;0.003910000;0.306240000
CVE-2017-16910;0.017960000;0.775450000
CVE-2017-1691;0.006600000;0.495700000
CVE-2017-16909;0.019930000;0.798550000
CVE-2017-16908;0.017520000;0.769490000
CVE-2017-16907;0.010770000;0.636180000
CVE-2017-16906;0.010860000;0.638990000
CVE-2017-16905;0.034800000;0.886740000
CVE-2017-16904;0.006520000;0.491640000
CVE-2017-16903;0.020490000;0.804340000
CVE-2017-16902;0.079990000;0.945700000
CVE-2017-16900;0.003020000;0.205560000
CVE-2017-1690;0.007110000;0.516830000
CVE-2017-16899;0.013500000;0.703760000
CVE-2017-16898;0.008170000;0.554020000
CVE-2017-16897;0.013780000;0.709710000
CVE-2017-16896;0.014780000;0.728320000
CVE-2017-16895;0.010160000;0.618560000
CVE-2017-16894;0.869160000;0.997410000
CVE-2017-16893;0.014020000;0.714220000
CVE-2017-16892;0.011650000;0.660030000
CVE-2017-16890;0.008670000;0.570540000
CVE-2017-1689;0.007290000;0.523380000
CVE-2017-16887;0.366270000;0.984490000
CVE-2017-16886;0.071130000;0.940270000
CVE-2017-16885;0.334510000;0.983260000
CVE-2017-16884;0.043270000;0.908370000
CVE-2017-16883;0.010520000;0.629230000
CVE-2017-16882;0.003110000;0.215050000
CVE-2017-16881;0.008190000;0.554530000
CVE-2017-16880;0.008110000;0.552170000
CVE-2017-1688;0.007290000;0.523370000
CVE-2017-16879;0.024030000;0.833770000
CVE-2017-16878;0.011220000;0.648470000
CVE-2017-16877;0.141040000;0.964440000
CVE-2017-16876;0.022350000;0.821060000
CVE-2017-16875;0.033620000;0.882830000
CVE-2017-16873;0.004140000;0.331200000
CVE-2017-16872;0.034660000;0.886250000
CVE-2017-16871;0.016470000;0.754990000
CVE-2017-16870;0.009570000;0.599150000
CVE-2017-16869;0.010050000;0.614990000
CVE-2017-16868;0.010210000;0.619750000
CVE-2017-16867;0.022220000;0.819890000
CVE-2017-16866;0.007780000;0.540560000
CVE-2017-16865;0.006890000;0.507990000
CVE-2017-16864;0.011650000;0.659890000
CVE-2017-16863;0.008090000;0.551620000
CVE-2017-16862;0.006440000;0.488070000
CVE-2017-16861;0.019460000;0.793710000
CVE-2017-16860;0.008890000;0.577110000
CVE-2017-16859;0.024930000;0.840260000
CVE-2017-16858;0.005660000;0.447240000
CVE-2017-16857;0.005910000;0.460790000
CVE-2017-16856;0.008090000;0.551610000
CVE-2017-16854;0.014900000;0.730520000
CVE-2017-16853;0.013980000;0.713410000
CVE-2017-16852;0.011050000;0.644350000
CVE-2017-16851;0.166440000;0.969180000
CVE-2017-16850;0.166440000;0.969180000
CVE-2017-16849;0.166440000;0.969190000
CVE-2017-16848;0.151340000;0.966270000
CVE-2017-16847;0.166440000;0.969190000
CVE-2017-16846;0.166440000;0.969190000
CVE-2017-16845;0.029430000;0.866070000
CVE-2017-16844;0.125240000;0.960940000
CVE-2017-16843;0.014940000;0.731140000
CVE-2017-16842;0.013450000;0.702640000
CVE-2017-16841;0.014380000;0.720870000
CVE-2017-16840;0.033320000;0.881800000
CVE-2017-16839;0.003150000;0.218670000
CVE-2017-16837;0.004130000;0.329990000
CVE-2017-16836;0.019890000;0.798090000
CVE-2017-16835;0.006430000;0.487240000
CVE-2017-16834;0.003570000;0.268480000
CVE-2017-16833;0.008140000;0.552890000
CVE-2017-16832;0.017920000;0.774930000
CVE-2017-16831;0.017920000;0.774930000
CVE-2017-16830;0.022010000;0.818160000
CVE-2017-1683;0.006940000;0.509910000
CVE-2017-16829;0.017920000;0.774930000
CVE-2017-16828;0.017920000;0.774920000
CVE-2017-16827;0.017840000;0.773930000
CVE-2017-16826;0.017920000;0.774920000
CVE-2017-16821;0.004790000;0.388590000
CVE-2017-16820;0.039970000;0.901670000
CVE-2017-1682;0.005400000;0.431690000
CVE-2017-16819;0.018970000;0.788070000
CVE-2017-16818;0.023130000;0.827190000
CVE-2017-16816;0.012060000;0.670790000
CVE-2017-16815;0.010170000;0.618650000
CVE-2017-16814;0.011030000;0.643710000
CVE-2017-16813;0.007490000;0.530600000
CVE-2017-16810;0.007790000;0.540890000
CVE-2017-1681;0.003500000;0.260900000
CVE-2017-16808;0.031670000;0.875140000
CVE-2017-16807;0.024220000;0.835270000
CVE-2017-16806;0.914960000;0.998110000
CVE-2017-16805;0.010360000;0.624570000
CVE-2017-16804;0.016260000;0.751930000
CVE-2017-16803;0.030100000;0.868910000
CVE-2017-16802;0.006000000;0.465740000
CVE-2017-16801;0.007670000;0.536900000
CVE-2017-16799;0.004860000;0.393900000
CVE-2017-16798;0.008570000;0.567530000
CVE-2017-16797;0.011920000;0.667350000
CVE-2017-16796;0.012240000;0.675690000
CVE-2017-16794;0.010210000;0.619750000
CVE-2017-16793;0.011920000;0.667350000
CVE-2017-16792;0.010840000;0.638470000
CVE-2017-16790;0.015550000;0.741480000
CVE-2017-1679;0.003690000;0.282040000
CVE-2017-16789;0.007860000;0.543210000
CVE-2017-16788;0.039950000;0.901620000
CVE-2017-16787;0.066170000;0.936250000
CVE-2017-16786;0.020120000;0.800790000
CVE-2017-16785;0.009940000;0.611300000
CVE-2017-16784;0.006690000;0.499230000
CVE-2017-16783;0.079690000;0.945550000
CVE-2017-16782;0.007720000;0.538700000
CVE-2017-16781;0.015810000;0.745180000
CVE-2017-16780;0.057660000;0.928200000
CVE-2017-1678;0.007380000;0.526720000
CVE-2017-16778;0.005550000;0.440530000
CVE-2017-16777;0.009840000;0.608170000
CVE-2017-16776;0.012060000;0.670740000
CVE-2017-16775;0.010750000;0.635890000
CVE-2017-16774;0.008100000;0.551660000
CVE-2017-16773;0.013500000;0.703690000
CVE-2017-16772;0.031510000;0.874470000
CVE-2017-16771;0.012810000;0.688490000
CVE-2017-16770;0.018250000;0.779370000
CVE-2017-1677;0.007040000;0.514070000
CVE-2017-16769;0.018510000;0.782640000
CVE-2017-16768;0.010010000;0.613460000
CVE-2017-16767;0.010090000;0.616280000
CVE-2017-16766;0.007430000;0.528480000
CVE-2017-16765;0.010190000;0.619110000
CVE-2017-16764;0.035300000;0.888260000
CVE-2017-16763;0.044730000;0.911120000
CVE-2017-16762;0.024460000;0.837050000
CVE-2017-16761;0.010390000;0.625390000
CVE-2017-16760;0.006410000;0.486540000
CVE-2017-16759;0.022460000;0.821900000
CVE-2017-16758;0.010280000;0.622110000
CVE-2017-16757;0.003980000;0.313620000
CVE-2017-16756;0.005780000;0.453800000
CVE-2017-16755;0.008900000;0.577480000
CVE-2017-16754;0.017740000;0.772830000
CVE-2017-16753;0.020790000;0.807300000
CVE-2017-16751;0.017680000;0.771980000
CVE-2017-16749;0.010540000;0.629760000
CVE-2017-16748;0.051440000;0.921190000
CVE-2017-16747;0.010540000;0.629760000
CVE-2017-16745;0.010540000;0.629760000
CVE-2017-16744;0.062200000;0.932900000
CVE-2017-16743;0.031110000;0.872870000
CVE-2017-16741;0.012150000;0.673340000
CVE-2017-16740;0.071450000;0.940550000
CVE-2017-16739;0.022920000;0.825490000
CVE-2017-16737;0.011390000;0.652840000
CVE-2017-16736;0.018150000;0.778020000
CVE-2017-16735;0.010170000;0.618720000
CVE-2017-16733;0.009190000;0.586610000
CVE-2017-16732;0.013820000;0.710520000
CVE-2017-16731;0.007200000;0.520110000
CVE-2017-1673;0.009300000;0.590230000
CVE-2017-16728;0.020790000;0.807300000
CVE-2017-16727;0.019550000;0.794560000
CVE-2017-16726;0.005080000;0.409660000
CVE-2017-16725;0.092160000;0.951810000
CVE-2017-16724;0.025900000;0.846650000
CVE-2017-16723;0.022140000;0.819230000
CVE-2017-16721;0.008870000;0.576530000
CVE-2017-16720;0.503210000;0.988740000
CVE-2017-1672;0.005560000;0.441190000
CVE-2017-16719;0.021750000;0.815890000
CVE-2017-16718;0.004230000;0.341380000
CVE-2017-16717;0.019450000;0.793580000
CVE-2017-16716;0.060090000;0.930820000
CVE-2017-16715;0.016810000;0.759990000
CVE-2017-16714;0.024280000;0.835780000
CVE-2017-16711;0.012320000;0.677510000
CVE-2017-16710;0.006110000;0.471220000
CVE-2017-1671;0.027120000;0.854180000
CVE-2017-16709;0.719630000;0.994120000
CVE-2017-1670;0.018820000;0.786270000
CVE-2017-16691;0.012540000;0.682800000
CVE-2017-16690;0.010570000;0.630580000
CVE-2017-1669;0.010500000;0.628440000
CVE-2017-16689;0.011850000;0.665500000
CVE-2017-16687;0.013020000;0.693190000
CVE-2017-16685;0.009610000;0.600660000
CVE-2017-16684;0.024990000;0.840610000
CVE-2017-16683;0.014120000;0.716110000
CVE-2017-16682;0.015900000;0.746540000
CVE-2017-16681;0.009610000;0.600650000
CVE-2017-16680;0.016540000;0.756000000
CVE-2017-1668;0.009940000;0.611410000
CVE-2017-16679;0.008670000;0.570750000
CVE-2017-16678;0.008700000;0.571560000
CVE-2017-16674;0.007280000;0.523010000
CVE-2017-16673;0.004400000;0.356840000
CVE-2017-16672;0.046780000;0.914530000
CVE-2017-16671;0.033440000;0.882210000
CVE-2017-16670;0.016250000;0.751690000
CVE-2017-16669;0.033970000;0.883960000
CVE-2017-16667;0.014620000;0.725330000
CVE-2017-16666;0.807590000;0.996180000
CVE-2017-16665;0.006050000;0.467930000
CVE-2017-16664;0.024920000;0.840180000
CVE-2017-16663;0.008540000;0.566110000
CVE-2017-16661;0.014740000;0.727740000
CVE-2017-16660;0.042460000;0.906910000
CVE-2017-1666;0.016980000;0.762470000
CVE-2017-16659;0.007700000;0.538110000
CVE-2017-16654;0.026770000;0.852240000
CVE-2017-16653;0.014730000;0.727620000
CVE-2017-16652;0.007760000;0.539840000
CVE-2017-16651;0.457420000;0.987610000
CVE-2017-16650;0.004210000;0.339540000
CVE-2017-1665;0.008290000;0.558030000
CVE-2017-16649;0.004290000;0.346300000
CVE-2017-16648;0.003830000;0.297160000
CVE-2017-16647;0.004120000;0.328130000
CVE-2017-16646;0.003960000;0.311790000
CVE-2017-16645;0.004040000;0.320660000
CVE-2017-16644;0.004090000;0.324880000
CVE-2017-16643;0.004820000;0.390780000
CVE-2017-16642;0.263730000;0.979390000
CVE-2017-16641;0.032230000;0.877510000
CVE-2017-1664;0.008420000;0.562230000
CVE-2017-16639;0.023550000;0.830500000
CVE-2017-16638;0.013540000;0.704600000
CVE-2017-16637;0.002610000;0.160520000
CVE-2017-16636;0.006080000;0.469830000
CVE-2017-16635;0.007800000;0.541160000
CVE-2017-16634;0.043980000;0.909730000
CVE-2017-16633;0.017050000;0.763380000
CVE-2017-16632;0.006900000;0.508630000
CVE-2017-16631;0.006480000;0.489600000
CVE-2017-16630;0.008660000;0.570170000
CVE-2017-16629;0.011680000;0.660540000
CVE-2017-16618;0.044730000;0.911120000
CVE-2017-16616;0.036200000;0.891070000
CVE-2017-16615;0.034450000;0.885640000
CVE-2017-16614;0.029230000;0.865210000
CVE-2017-16613;0.084220000;0.948070000
CVE-2017-16612;0.051730000;0.921550000
CVE-2017-16611;0.004200000;0.337600000
CVE-2017-16610;0.048490000;0.917100000
CVE-2017-16609;0.028510000;0.861740000
CVE-2017-16608;0.042320000;0.906670000
CVE-2017-16607;0.028470000;0.861580000
CVE-2017-16606;0.041230000;0.904450000
CVE-2017-16605;0.024360000;0.836340000
CVE-2017-16604;0.022640000;0.823150000
CVE-2017-16603;0.540250000;0.989710000
CVE-2017-16602;0.031520000;0.874530000
CVE-2017-16601;0.022640000;0.823150000
CVE-2017-16600;0.024090000;0.834210000
CVE-2017-16599;0.030270000;0.869620000
CVE-2017-16598;0.041230000;0.904450000
CVE-2017-16597;0.572950000;0.990460000
CVE-2017-16596;0.033910000;0.883760000
CVE-2017-16595;0.033910000;0.883750000
CVE-2017-16594;0.025580000;0.844580000
CVE-2017-16593;0.021160000;0.810880000
CVE-2017-16592;0.033910000;0.883760000
CVE-2017-16591;0.033910000;0.883750000
CVE-2017-16590;0.033330000;0.881810000
CVE-2017-1659;0.006660000;0.498280000
CVE-2017-16589;0.028020000;0.859280000
CVE-2017-16588;0.028020000;0.859280000
CVE-2017-16587;0.025900000;0.846690000
CVE-2017-16586;0.025900000;0.846730000
CVE-2017-16585;0.025900000;0.846730000
CVE-2017-16584;0.025780000;0.845930000
CVE-2017-16583;0.025900000;0.846720000
CVE-2017-16582;0.025900000;0.846730000
CVE-2017-16581;0.025900000;0.846680000
CVE-2017-16580;0.024560000;0.837770000
CVE-2017-16579;0.024560000;0.837770000
CVE-2017-16578;0.025900000;0.846740000
CVE-2017-16577;0.025900000;0.846730000
CVE-2017-16576;0.025900000;0.846740000
CVE-2017-16575;0.025900000;0.846740000
CVE-2017-16574;0.024560000;0.837760000
CVE-2017-16573;0.024560000;0.837790000
CVE-2017-16572;0.025900000;0.846680000
CVE-2017-16571;0.025900000;0.846680000
CVE-2017-16570;0.022130000;0.819170000
CVE-2017-16569;0.004790000;0.388580000
CVE-2017-16568;0.019850000;0.797550000
CVE-2017-16567;0.022390000;0.821400000
CVE-2017-16566;0.025620000;0.844800000
CVE-2017-16565;0.004940000;0.399760000
CVE-2017-16564;0.006140000;0.472980000
CVE-2017-16563;0.004370000;0.354860000
CVE-2017-16562;0.273690000;0.979980000
CVE-2017-16561;0.013580000;0.705650000
CVE-2017-16560;0.004190000;0.337260000
CVE-2017-16558;0.015060000;0.733320000
CVE-2017-16557;0.002670000;0.168730000
CVE-2017-16556;0.002710000;0.175140000
CVE-2017-16555;0.002670000;0.168730000
CVE-2017-16554;0.003310000;0.236950000
CVE-2017-16553;0.002670000;0.168730000
CVE-2017-16552;0.003310000;0.236950000
CVE-2017-16551;0.002670000;0.168740000
CVE-2017-16550;0.003310000;0.236960000
CVE-2017-1655;0.009310000;0.590560000
CVE-2017-16549;0.003310000;0.236950000
CVE-2017-16548;0.057750000;0.928310000
CVE-2017-16547;0.023330000;0.828710000
CVE-2017-16546;0.022010000;0.818210000
CVE-2017-16545;0.022020000;0.818280000
CVE-2017-16544;0.062400000;0.933060000
CVE-2017-16543;0.055580000;0.925760000
CVE-2017-16542;0.054870000;0.924930000
CVE-2017-16541;0.036620000;0.892340000
CVE-2017-16540;0.012530000;0.682590000
CVE-2017-1654;0.003760000;0.289190000
CVE-2017-16539;0.018290000;0.779910000
CVE-2017-16538;0.004120000;0.329050000
CVE-2017-16537;0.004090000;0.325730000
CVE-2017-16536;0.003820000;0.296000000
CVE-2017-16535;0.003810000;0.294290000
CVE-2017-16534;0.004220000;0.340460000
CVE-2017-16533;0.003830000;0.297270000
CVE-2017-16532;0.004170000;0.334290000
CVE-2017-16531;0.004150000;0.332040000
CVE-2017-16530;0.003860000;0.300780000
CVE-2017-1653;0.013100000;0.694940000
CVE-2017-16529;0.004140000;0.331900000
CVE-2017-16528;0.003790000;0.292960000
CVE-2017-16527;0.003950000;0.310750000
CVE-2017-16526;0.003230000;0.228470000
CVE-2017-16525;0.003930000;0.308860000
CVE-2017-16524;0.302960000;0.981700000
CVE-2017-16523;0.038250000;0.897020000
CVE-2017-16522;0.025710000;0.845440000
CVE-2017-16521;0.020220000;0.801690000
CVE-2017-16520;0.010570000;0.630430000
CVE-2017-1652;0.006670000;0.498540000
CVE-2017-16516;0.037980000;0.896260000
CVE-2017-16514;0.006320000;0.482080000
CVE-2017-16513;0.022160000;0.819400000
CVE-2017-16512;0.002980000;0.201690000
CVE-2017-16510;0.067040000;0.936890000
CVE-2017-1651;0.007110000;0.516830000
CVE-2017-1650;0.007290000;0.523400000
CVE-2017-1649;0.006600000;0.495570000
CVE-2017-16420;0.067200000;0.937030000
CVE-2017-16419;0.068130000;0.937880000
CVE-2017-16418;0.085120000;0.948590000
CVE-2017-16417;0.085120000;0.948600000
CVE-2017-16416;0.112120000;0.958180000
CVE-2017-16415;0.112120000;0.958180000
CVE-2017-16414;0.085120000;0.948590000
CVE-2017-16413;0.112120000;0.958180000
CVE-2017-16412;0.085120000;0.948600000
CVE-2017-16411;0.085120000;0.948600000
CVE-2017-16410;0.085120000;0.948590000
CVE-2017-16409;0.067200000;0.937020000
CVE-2017-16408;0.067200000;0.937030000
CVE-2017-16407;0.088700000;0.950420000
CVE-2017-16406;0.067200000;0.937060000
CVE-2017-16405;0.067200000;0.937070000
CVE-2017-16404;0.088700000;0.950420000
CVE-2017-16403;0.067200000;0.937050000
CVE-2017-16402;0.067200000;0.937050000
CVE-2017-16401;0.067200000;0.937040000
CVE-2017-16400;0.067200000;0.937020000
CVE-2017-16399;0.067200000;0.937010000
CVE-2017-16398;0.091800000;0.951630000
CVE-2017-16397;0.067200000;0.937030000
CVE-2017-16396;0.128470000;0.961650000
CVE-2017-16395;0.128470000;0.961650000
CVE-2017-16394;0.067200000;0.937050000
CVE-2017-16393;0.169200000;0.969580000
CVE-2017-16392;0.128470000;0.961660000
CVE-2017-16391;0.067200000;0.937040000
CVE-2017-16390;0.093620000;0.952270000
CVE-2017-16389;0.093620000;0.952290000
CVE-2017-16388;0.093620000;0.952290000
CVE-2017-16387;0.067200000;0.937050000
CVE-2017-16386;0.066550000;0.936500000
CVE-2017-16385;0.128470000;0.961650000
CVE-2017-16384;0.068820000;0.938400000
CVE-2017-16383;0.106500000;0.956520000
CVE-2017-16382;0.067200000;0.937060000
CVE-2017-16381;0.128470000;0.961650000
CVE-2017-16380;0.067890000;0.937680000
CVE-2017-16379;0.067200000;0.937040000
CVE-2017-16378;0.067680000;0.937570000
CVE-2017-16377;0.067680000;0.937570000
CVE-2017-16376;0.067200000;0.937030000
CVE-2017-16375;0.067200000;0.937070000
CVE-2017-16374;0.068820000;0.938400000
CVE-2017-16373;0.067200000;0.937070000
CVE-2017-16372;0.067200000;0.937070000
CVE-2017-16371;0.067200000;0.937040000
CVE-2017-16370;0.067200000;0.937060000
CVE-2017-16369;0.068670000;0.938260000
CVE-2017-16368;0.132420000;0.962530000
CVE-2017-16367;0.067200000;0.937080000
CVE-2017-16366;0.058860000;0.929640000
CVE-2017-16365;0.068820000;0.938390000
CVE-2017-16364;0.067200000;0.937020000
CVE-2017-16363;0.068820000;0.938400000
CVE-2017-16362;0.067200000;0.937020000
CVE-2017-16361;0.053750000;0.923760000
CVE-2017-16360;0.093620000;0.952280000
CVE-2017-16359;0.011720000;0.661640000
CVE-2017-16358;0.009810000;0.607260000
CVE-2017-16357;0.010330000;0.623870000
CVE-2017-16356;0.021860000;0.816690000
CVE-2017-16355;0.003580000;0.270020000
CVE-2017-16353;0.136790000;0.963620000
CVE-2017-16352;0.145120000;0.965200000
CVE-2017-1635;0.030880000;0.872050000
CVE-2017-16349;0.011920000;0.667290000
CVE-2017-16348;0.017310000;0.766870000
CVE-2017-16347;0.013780000;0.709690000
CVE-2017-16346;0.013780000;0.709680000
CVE-2017-16345;0.013780000;0.709680000
CVE-2017-16344;0.013780000;0.709690000
CVE-2017-16343;0.013600000;0.705910000
CVE-2017-16342;0.013600000;0.705900000
CVE-2017-16341;0.013600000;0.705910000
CVE-2017-16340;0.013600000;0.705900000
CVE-2017-16339;0.013600000;0.705910000
CVE-2017-16338;0.013600000;0.705900000
CVE-2017-16337;0.016920000;0.761650000
CVE-2017-16336;0.006730000;0.501230000
CVE-2017-16335;0.006730000;0.501300000
CVE-2017-16334;0.006730000;0.501290000
CVE-2017-16333;0.006730000;0.501240000
CVE-2017-16332;0.006730000;0.501210000
CVE-2017-16331;0.008530000;0.565970000
CVE-2017-16330;0.008530000;0.566000000
CVE-2017-1633;0.017230000;0.765730000
CVE-2017-16329;0.008530000;0.565960000
CVE-2017-16328;0.008530000;0.565990000
CVE-2017-16327;0.008530000;0.566000000
CVE-2017-16326;0.008530000;0.566000000
CVE-2017-16325;0.008530000;0.566010000
CVE-2017-16324;0.008530000;0.565960000
CVE-2017-16323;0.008530000;0.566010000
CVE-2017-16322;0.008530000;0.565970000
CVE-2017-16321;0.006730000;0.501240000
CVE-2017-16320;0.006730000;0.501240000
CVE-2017-1632;0.006940000;0.509920000
CVE-2017-16319;0.006730000;0.501230000
CVE-2017-16318;0.006730000;0.501250000
CVE-2017-16317;0.006730000;0.501250000
CVE-2017-16316;0.006730000;0.501220000
CVE-2017-16315;0.006730000;0.501220000
CVE-2017-16314;0.006730000;0.501210000
CVE-2017-16313;0.006730000;0.501290000
CVE-2017-16312;0.006730000;0.501200000
CVE-2017-16311;0.006730000;0.501210000
CVE-2017-16310;0.006730000;0.501190000
CVE-2017-1631;0.005300000;0.424720000
CVE-2017-16309;0.006730000;0.501200000
CVE-2017-16308;0.006730000;0.501200000
CVE-2017-16307;0.006730000;0.501200000
CVE-2017-16306;0.006730000;0.501190000
CVE-2017-16305;0.006730000;0.501190000
CVE-2017-16304;0.006730000;0.501190000
CVE-2017-16303;0.008530000;0.565990000
CVE-2017-16302;0.008530000;0.565970000
CVE-2017-16301;0.008530000;0.565980000
CVE-2017-16300;0.008530000;0.565970000
CVE-2017-16299;0.008530000;0.566030000
CVE-2017-16298;0.008530000;0.566030000
CVE-2017-16297;0.008530000;0.566020000
CVE-2017-16296;0.008530000;0.565950000
CVE-2017-16295;0.008530000;0.565950000
CVE-2017-16294;0.008530000;0.565980000
CVE-2017-16293;0.008530000;0.565990000
CVE-2017-16292;0.006730000;0.501240000
CVE-2017-16291;0.006730000;0.501260000
CVE-2017-16290;0.006730000;0.501260000
CVE-2017-1629;0.009310000;0.590570000
CVE-2017-16289;0.006730000;0.501210000
CVE-2017-16288;0.006730000;0.501220000
CVE-2017-16287;0.006730000;0.501230000
CVE-2017-16286;0.006730000;0.501230000
CVE-2017-16285;0.006730000;0.501180000
CVE-2017-16284;0.006730000;0.501260000
CVE-2017-16283;0.006730000;0.501260000
CVE-2017-16282;0.006730000;0.501250000
CVE-2017-16281;0.006730000;0.501250000
CVE-2017-16280;0.006730000;0.501290000
CVE-2017-1628;0.018340000;0.780410000
CVE-2017-16279;0.006730000;0.501280000
CVE-2017-16278;0.006730000;0.501300000
CVE-2017-16277;0.006730000;0.501280000
CVE-2017-16276;0.006730000;0.501280000
CVE-2017-16275;0.006730000;0.501270000
CVE-2017-16274;0.006730000;0.501270000
CVE-2017-16273;0.006730000;0.501280000
CVE-2017-16272;0.006730000;0.501270000
CVE-2017-16271;0.006730000;0.501290000
CVE-2017-16270;0.008530000;0.565980000
CVE-2017-16269;0.008530000;0.565990000
CVE-2017-16268;0.008530000;0.565960000
CVE-2017-16267;0.008530000;0.565950000
CVE-2017-16266;0.008530000;0.566020000
CVE-2017-16265;0.008530000;0.565950000
CVE-2017-16264;0.008530000;0.565940000
CVE-2017-16263;0.008530000;0.565940000
CVE-2017-16262;0.008530000;0.565940000
CVE-2017-16261;0.008530000;0.566000000
CVE-2017-16260;0.008530000;0.566020000
CVE-2017-16259;0.008530000;0.565980000
CVE-2017-16258;0.008530000;0.566010000
CVE-2017-16257;0.008530000;0.565940000
CVE-2017-16256;0.008530000;0.566020000
CVE-2017-16255;0.012230000;0.675540000
CVE-2017-16254;0.012230000;0.675540000
CVE-2017-16253;0.010790000;0.636730000
CVE-2017-16252;0.012040000;0.670040000
CVE-2017-16251;0.017530000;0.769910000
CVE-2017-16250;0.008530000;0.566050000
CVE-2017-1625;0.016700000;0.758340000
CVE-2017-16249;0.593860000;0.990920000
CVE-2017-16248;0.024340000;0.836180000
CVE-2017-16244;0.019760000;0.796580000
CVE-2017-16242;0.005010000;0.404270000
CVE-2017-16241;0.019970000;0.798900000
CVE-2017-1624;0.006060000;0.468480000
CVE-2017-16239;0.014210000;0.717750000
CVE-2017-16237;0.014670000;0.726560000
CVE-2017-16232;0.053670000;0.923690000
CVE-2017-16231;0.005440000;0.434190000
CVE-2017-16230;0.005130000;0.413360000
CVE-2017-1623;0.009770000;0.606290000
CVE-2017-16229;0.009650000;0.601590000
CVE-2017-16228;0.036600000;0.892260000
CVE-2017-16227;0.187900000;0.971900000
CVE-2017-16226;0.035960000;0.890360000
CVE-2017-16225;0.011770000;0.663170000
CVE-2017-16224;0.008790000;0.574480000
CVE-2017-16223;0.020050000;0.799890000
CVE-2017-16222;0.017040000;0.763260000
CVE-2017-16221;0.020050000;0.800030000
CVE-2017-16220;0.020050000;0.800030000
CVE-2017-1622;0.006440000;0.487740000
CVE-2017-16219;0.020050000;0.799930000
CVE-2017-16218;0.020050000;0.799940000
CVE-2017-16217;0.020050000;0.799940000
CVE-2017-16216;0.020050000;0.799940000
CVE-2017-16215;0.020050000;0.799950000
CVE-2017-16214;0.020050000;0.800010000
CVE-2017-16213;0.020050000;0.800000000
CVE-2017-16212;0.020050000;0.800010000
CVE-2017-16211;0.020050000;0.800010000
CVE-2017-16210;0.020050000;0.800040000
CVE-2017-1621;0.007110000;0.516810000
CVE-2017-16209;0.020050000;0.800040000
CVE-2017-16208;0.020050000;0.800040000
CVE-2017-16207;0.007490000;0.530650000
CVE-2017-16206;0.011770000;0.663180000
CVE-2017-16205;0.011230000;0.648870000
CVE-2017-16204;0.011230000;0.648870000
CVE-2017-16203;0.011230000;0.648860000
CVE-2017-16202;0.011770000;0.663180000
CVE-2017-16201;0.020050000;0.800030000
CVE-2017-16200;0.020050000;0.800020000
CVE-2017-16199;0.020050000;0.800060000
CVE-2017-16198;0.020050000;0.800030000
CVE-2017-16197;0.031910000;0.876030000
CVE-2017-16196;0.020050000;0.800060000
CVE-2017-16195;0.020050000;0.799910000
CVE-2017-16194;0.020050000;0.800000000
CVE-2017-16193;0.020050000;0.800020000
CVE-2017-16192;0.020050000;0.800020000
CVE-2017-16191;0.020050000;0.799890000
CVE-2017-16190;0.020050000;0.799820000
CVE-2017-16189;0.020050000;0.799780000
CVE-2017-16188;0.020050000;0.799790000
CVE-2017-16187;0.020050000;0.799790000
CVE-2017-16186;0.020050000;0.800070000
CVE-2017-16185;0.020050000;0.800060000
CVE-2017-16184;0.020050000;0.800060000
CVE-2017-16183;0.020050000;0.800050000
CVE-2017-16182;0.020050000;0.800050000
CVE-2017-16181;0.020050000;0.800050000
CVE-2017-16180;0.020050000;0.800050000
CVE-2017-16179;0.017040000;0.763270000
CVE-2017-16178;0.020050000;0.799840000
CVE-2017-16177;0.020050000;0.799860000
CVE-2017-16176;0.020050000;0.799850000
CVE-2017-16175;0.020050000;0.799850000
CVE-2017-16174;0.020050000;0.799800000
CVE-2017-16173;0.020050000;0.799800000
CVE-2017-16172;0.020050000;0.799780000
CVE-2017-16171;0.020050000;0.799860000
CVE-2017-16170;0.020050000;0.799860000
CVE-2017-16169;0.020050000;0.799860000
CVE-2017-16168;0.020050000;0.799820000
CVE-2017-16167;0.020050000;0.799810000
CVE-2017-16166;0.020050000;0.799810000
CVE-2017-16165;0.020050000;0.799810000
CVE-2017-16164;0.020050000;0.799840000
CVE-2017-16163;0.020050000;0.800020000
CVE-2017-16162;0.020050000;0.799830000
CVE-2017-16161;0.020050000;0.799810000
CVE-2017-16160;0.020050000;0.799820000
CVE-2017-16159;0.020050000;0.799820000
CVE-2017-16158;0.020050000;0.799830000
CVE-2017-16157;0.020050000;0.799840000
CVE-2017-16156;0.020050000;0.799830000
CVE-2017-16155;0.020050000;0.799840000
CVE-2017-16154;0.020050000;0.799850000
CVE-2017-16153;0.017540000;0.769980000
CVE-2017-16152;0.020050000;0.799870000
CVE-2017-16151;0.027160000;0.854430000
CVE-2017-16150;0.020050000;0.799870000
CVE-2017-16149;0.020050000;0.799870000
CVE-2017-16148;0.020050000;0.799870000
CVE-2017-16147;0.020050000;0.799880000
CVE-2017-16146;0.020050000;0.799880000
CVE-2017-16145;0.020050000;0.799800000
CVE-2017-16144;0.020050000;0.799790000
CVE-2017-16143;0.020050000;0.799790000
CVE-2017-16142;0.020050000;0.799880000
CVE-2017-16141;0.020050000;0.799880000
CVE-2017-16140;0.020050000;0.799910000
CVE-2017-16139;0.020050000;0.799920000
CVE-2017-16138;0.021530000;0.814140000
CVE-2017-16137;0.028760000;0.862960000
CVE-2017-16136;0.012150000;0.673310000
CVE-2017-16135;0.020050000;0.799910000
CVE-2017-16134;0.020050000;0.799930000
CVE-2017-16133;0.020050000;0.799920000
CVE-2017-16132;0.020050000;0.799920000
CVE-2017-16131;0.020050000;0.799920000
CVE-2017-16130;0.020050000;0.799830000
CVE-2017-1613;0.015330000;0.737670000
CVE-2017-16129;0.017670000;0.771780000
CVE-2017-16128;0.014550000;0.724020000
CVE-2017-16127;0.014550000;0.724010000
CVE-2017-16126;0.008800000;0.574530000
CVE-2017-16125;0.020050000;0.799930000
CVE-2017-16124;0.020050000;0.799930000
CVE-2017-16123;0.020050000;0.799940000
CVE-2017-16122;0.020050000;0.799960000
CVE-2017-16121;0.020050000;0.799970000
CVE-2017-16120;0.020050000;0.799890000
CVE-2017-1612;0.003830000;0.296630000
CVE-2017-16119;0.015840000;0.745750000
CVE-2017-16118;0.019220000;0.790910000
CVE-2017-16117;0.015840000;0.745710000
CVE-2017-16116;0.016590000;0.756890000
CVE-2017-16115;0.015030000;0.732700000
CVE-2017-16114;0.017580000;0.770550000
CVE-2017-16113;0.015080000;0.733760000
CVE-2017-16111;0.011250000;0.649420000
CVE-2017-16110;0.020050000;0.799890000
CVE-2017-16109;0.017040000;0.763260000
CVE-2017-16108;0.020050000;0.799900000
CVE-2017-16107;0.020050000;0.799950000
CVE-2017-16106;0.020050000;0.799950000
CVE-2017-16105;0.020050000;0.799970000
CVE-2017-16104;0.020050000;0.799970000
CVE-2017-16103;0.020050000;0.799980000
CVE-2017-16102;0.020050000;0.799960000
CVE-2017-16101;0.020050000;0.799900000
CVE-2017-16100;0.051320000;0.921020000
CVE-2017-16099;0.015840000;0.745710000
CVE-2017-16098;0.016560000;0.756310000
CVE-2017-16097;0.020050000;0.799900000
CVE-2017-16096;0.020050000;0.799910000
CVE-2017-16095;0.020050000;0.799990000
CVE-2017-16094;0.020050000;0.800010000
CVE-2017-16093;0.020050000;0.799960000
CVE-2017-16092;0.020050000;0.799960000
CVE-2017-16091;0.017940000;0.775240000
CVE-2017-16090;0.020050000;0.799980000
CVE-2017-1609;0.009680000;0.603180000
CVE-2017-16089;0.020050000;0.799970000
CVE-2017-16088;0.034940000;0.887230000
CVE-2017-16086;0.092420000;0.951870000
CVE-2017-16085;0.020050000;0.799990000
CVE-2017-16084;0.020050000;0.799990000
CVE-2017-16083;0.020050000;0.800000000
CVE-2017-16082;0.105240000;0.956150000
CVE-2017-16081;0.012860000;0.689650000
CVE-2017-16080;0.011230000;0.648860000
CVE-2017-1608;0.007110000;0.516800000
CVE-2017-16079;0.011230000;0.648850000
CVE-2017-16078;0.011230000;0.648850000
CVE-2017-16077;0.012390000;0.679120000
CVE-2017-16076;0.011230000;0.648840000
CVE-2017-16075;0.011770000;0.663180000
CVE-2017-16074;0.011770000;0.663190000
CVE-2017-16073;0.011230000;0.648880000
CVE-2017-16072;0.011770000;0.663160000
CVE-2017-16071;0.011230000;0.648860000
CVE-2017-16070;0.011770000;0.663160000
CVE-2017-1607;0.007290000;0.523360000
CVE-2017-16069;0.011770000;0.663170000
CVE-2017-16068;0.011770000;0.663160000
CVE-2017-16067;0.011230000;0.648880000
CVE-2017-16066;0.011230000;0.648850000
CVE-2017-16065;0.011770000;0.663160000
CVE-2017-16064;0.011770000;0.663190000
CVE-2017-16063;0.011230000;0.648840000
CVE-2017-16062;0.010830000;0.638210000
CVE-2017-16061;0.011110000;0.645700000
CVE-2017-16060;0.011770000;0.663190000
CVE-2017-1606;0.014360000;0.720470000
CVE-2017-16059;0.011230000;0.648860000
CVE-2017-16058;0.011230000;0.648890000
CVE-2017-16057;0.011230000;0.648890000
CVE-2017-16056;0.011230000;0.648840000
CVE-2017-16055;0.011230000;0.648890000
CVE-2017-16054;0.011770000;0.663190000
CVE-2017-16053;0.011230000;0.648870000
CVE-2017-16052;0.011770000;0.663170000
CVE-2017-16051;0.012860000;0.689650000
CVE-2017-16050;0.011230000;0.648870000
CVE-2017-16049;0.011770000;0.663170000
CVE-2017-16048;0.011770000;0.663150000
CVE-2017-16047;0.012710000;0.686600000
CVE-2017-16046;0.011350000;0.651580000
CVE-2017-16045;0.011230000;0.648880000
CVE-2017-16044;0.014750000;0.727800000
CVE-2017-16043;0.010150000;0.618280000
CVE-2017-16042;0.044120000;0.909900000
CVE-2017-16041;0.006550000;0.493310000
CVE-2017-16040;0.016820000;0.760170000
CVE-2017-1604;0.007290000;0.523360000
CVE-2017-16039;0.020050000;0.799980000
CVE-2017-16038;0.025430000;0.843610000
CVE-2017-16037;0.020050000;0.799980000
CVE-2017-16036;0.020050000;0.799990000
CVE-2017-16035;0.007320000;0.524310000
CVE-2017-16031;0.020000000;0.799160000
CVE-2017-16030;0.011620000;0.658890000
CVE-2017-16029;0.018250000;0.779370000
CVE-2017-16028;0.013500000;0.703590000
CVE-2017-16026;0.026250000;0.848830000
CVE-2017-16025;0.019010000;0.788590000
CVE-2017-16024;0.025570000;0.844550000
CVE-2017-16023;0.014550000;0.724080000
CVE-2017-16022;0.009050000;0.582050000
CVE-2017-16021;0.013420000;0.702180000
CVE-2017-16020;0.024970000;0.840500000
CVE-2017-1602;0.011790000;0.664060000
CVE-2017-16019;0.009370000;0.592660000
CVE-2017-16018;0.009660000;0.601990000
CVE-2017-16017;0.011850000;0.665510000
CVE-2017-16016;0.013570000;0.705470000
CVE-2017-16015;0.008480000;0.564080000
CVE-2017-16014;0.016870000;0.760940000
CVE-2017-16013;0.015840000;0.745710000
CVE-2017-16010;0.010170000;0.618670000
CVE-2017-1601;0.024470000;0.837080000
CVE-2017-16009;0.010210000;0.619620000
CVE-2017-16008;0.008630000;0.569190000
CVE-2017-16007;0.009280000;0.589510000
CVE-2017-16006;0.009770000;0.606340000
CVE-2017-16005;0.008570000;0.567460000
CVE-2017-16003;0.022800000;0.824510000
CVE-2017-16001;0.009330000;0.591630000
CVE-2017-16000;0.017540000;0.769940000
CVE-2017-1600;0.005380000;0.430120000
CVE-2017-15999;0.006860000;0.506950000
CVE-2017-15998;0.005090000;0.410620000
CVE-2017-15997;0.001330000;0.023680000
CVE-2017-15996;0.023770000;0.831880000
CVE-2017-15994;0.010010000;0.613450000
CVE-2017-15993;0.026520000;0.850500000
CVE-2017-15992;0.026520000;0.850460000
CVE-2017-15991;0.026520000;0.850470000
CVE-2017-15990;0.076770000;0.943880000
CVE-2017-15989;0.026520000;0.850470000
CVE-2017-15988;0.026520000;0.850460000
CVE-2017-15987;0.019800000;0.797010000
CVE-2017-15986;0.026520000;0.850570000
CVE-2017-15985;0.026520000;0.850530000
CVE-2017-15984;0.026520000;0.850550000
CVE-2017-15983;0.026520000;0.850540000
CVE-2017-15982;0.025900000;0.846630000
CVE-2017-15981;0.025900000;0.846630000
CVE-2017-15980;0.026520000;0.850560000
CVE-2017-1598;0.008480000;0.564190000
CVE-2017-15979;0.026520000;0.850480000
CVE-2017-15978;0.026520000;0.850490000
CVE-2017-15977;0.026520000;0.850500000
CVE-2017-15976;0.030500000;0.870490000
CVE-2017-15975;0.030500000;0.870500000
CVE-2017-15974;0.036960000;0.893220000
CVE-2017-15973;0.028580000;0.862070000
CVE-2017-15972;0.028580000;0.862080000
CVE-2017-15971;0.020280000;0.802350000
CVE-2017-15970;0.022040000;0.818460000
CVE-2017-1597;0.020170000;0.801180000
CVE-2017-15969;0.020660000;0.806110000
CVE-2017-15968;0.020660000;0.806100000
CVE-2017-15967;0.020660000;0.806100000
CVE-2017-15966;0.033980000;0.883990000
CVE-2017-15965;0.033980000;0.883990000
CVE-2017-15964;0.021480000;0.813690000
CVE-2017-15963;0.020660000;0.806100000
CVE-2017-15962;0.049330000;0.918310000
CVE-2017-15961;0.021480000;0.813700000
CVE-2017-15960;0.021480000;0.813690000
CVE-2017-1596;0.003070000;0.210450000
CVE-2017-15959;0.020660000;0.806110000
CVE-2017-15958;0.021480000;0.813690000
CVE-2017-15957;0.039470000;0.900410000
CVE-2017-15956;0.046610000;0.914290000
CVE-2017-15955;0.009090000;0.583490000
CVE-2017-15954;0.010000000;0.613250000
CVE-2017-15953;0.010000000;0.613250000
CVE-2017-15951;0.004150000;0.332500000
CVE-2017-15950;0.055070000;0.925140000
CVE-2017-1595;0.003070000;0.210460000
CVE-2017-15949;0.009280000;0.589830000
CVE-2017-15948;0.005890000;0.459810000
CVE-2017-15947;0.005230000;0.420600000
CVE-2017-15946;0.010770000;0.636190000
CVE-2017-15945;0.003660000;0.278810000
CVE-2017-15944;0.983030000;0.999150000
CVE-2017-15943;0.017050000;0.763480000
CVE-2017-15942;0.022340000;0.820900000
CVE-2017-15941;0.011950000;0.667910000
CVE-2017-15940;0.049300000;0.918260000
CVE-2017-15939;0.017210000;0.765560000
CVE-2017-15938;0.047260000;0.915200000
CVE-2017-15937;0.010160000;0.618380000
CVE-2017-15936;0.005730000;0.451200000
CVE-2017-15935;0.025160000;0.841820000
CVE-2017-15934;0.005730000;0.451200000
CVE-2017-15933;0.022790000;0.824440000
CVE-2017-15932;0.011870000;0.665910000
CVE-2017-15931;0.011870000;0.665910000
CVE-2017-15930;0.025740000;0.845590000
CVE-2017-1593;0.007380000;0.526730000
CVE-2017-15928;0.017130000;0.764630000
CVE-2017-15924;0.012740000;0.687190000
CVE-2017-15923;0.027320000;0.855240000
CVE-2017-15922;0.013130000;0.695460000
CVE-2017-15921;0.075750000;0.943240000
CVE-2017-15920;0.075750000;0.943240000
CVE-2017-1592;0.006670000;0.498540000
CVE-2017-15919;0.024820000;0.839510000
CVE-2017-15918;0.011510000;0.655990000
CVE-2017-15917;0.006990000;0.512040000
CVE-2017-15914;0.019180000;0.790440000
CVE-2017-15913;0.010260000;0.621560000
CVE-2017-15911;0.007280000;0.523120000
CVE-2017-1591;0.009610000;0.600670000
CVE-2017-15909;0.016870000;0.761010000
CVE-2017-15908;0.236330000;0.977360000
CVE-2017-15907;0.013360000;0.700680000
CVE-2017-15906;0.033590000;0.882710000
CVE-2017-15897;0.023030000;0.826400000
CVE-2017-15896;0.023850000;0.832420000
CVE-2017-15895;0.019720000;0.796130000
CVE-2017-15894;0.019740000;0.796350000
CVE-2017-15893;0.018360000;0.780780000
CVE-2017-15892;0.010180000;0.618800000
CVE-2017-15891;0.010360000;0.624580000
CVE-2017-15890;0.007740000;0.539520000
CVE-2017-15889;0.736910000;0.994590000
CVE-2017-15888;0.010620000;0.632040000
CVE-2017-15887;0.019360000;0.792440000
CVE-2017-15886;0.016120000;0.749790000
CVE-2017-15885;0.006090000;0.469940000
CVE-2017-15884;0.009020000;0.581440000
CVE-2017-15883;0.018960000;0.787970000
CVE-2017-15882;0.017570000;0.770390000
CVE-2017-15881;0.012150000;0.673380000
CVE-2017-15880;0.019410000;0.793170000
CVE-2017-15879;0.072170000;0.941070000
CVE-2017-15878;0.034150000;0.884530000
CVE-2017-15877;0.014350000;0.720370000
CVE-2017-15876;0.022060000;0.818600000
CVE-2017-15875;0.012880000;0.690120000
CVE-2017-15874;0.009020000;0.581180000
CVE-2017-15873;0.013160000;0.696140000
CVE-2017-15872;0.005130000;0.413540000
CVE-2017-15871;0.011480000;0.655240000
CVE-2017-15870;0.004340000;0.351330000
CVE-2017-15869;0.013410000;0.701880000
CVE-2017-15868;0.004340000;0.351800000
CVE-2017-15867;0.010410000;0.625950000
CVE-2017-15865;0.024940000;0.840330000
CVE-2017-15864;0.017710000;0.772360000
CVE-2017-15863;0.009540000;0.598130000
CVE-2017-15862;0.001470000;0.032840000
CVE-2017-15861;0.001480000;0.033400000
CVE-2017-15860;0.003790000;0.292980000
CVE-2017-15859;0.005240000;0.421390000
CVE-2017-15857;0.001650000;0.051390000
CVE-2017-15856;0.001320000;0.023000000
CVE-2017-15855;0.001870000;0.074840000
CVE-2017-15854;0.001640000;0.050210000
CVE-2017-15853;0.003560000;0.267340000
CVE-2017-15852;0.001550000;0.039060000
CVE-2017-15851;0.001680000;0.054560000
CVE-2017-15850;0.005560000;0.440920000
CVE-2017-15849;0.006140000;0.472890000
CVE-2017-15848;0.001510000;0.035810000
CVE-2017-15847;0.001180000;0.015270000
CVE-2017-15846;0.001550000;0.039390000
CVE-2017-15845;0.001510000;0.035810000
CVE-2017-15844;0.001670000;0.053190000
CVE-2017-15843;0.001190000;0.015710000
CVE-2017-15842;0.001650000;0.051390000
CVE-2017-15841;0.001750000;0.062050000
CVE-2017-15837;0.003560000;0.267320000
CVE-2017-15836;0.003360000;0.244240000
CVE-2017-15835;0.002220000;0.115280000
CVE-2017-15834;0.001210000;0.017040000
CVE-2017-15833;0.001550000;0.039380000
CVE-2017-15832;0.001160000;0.014130000
CVE-2017-15831;0.001660000;0.052180000
CVE-2017-15830;0.001800000;0.067440000
CVE-2017-1583;0.031900000;0.876020000
CVE-2017-15829;0.001130000;0.013130000
CVE-2017-15828;0.001830000;0.070810000
CVE-2017-15826;0.001230000;0.017890000
CVE-2017-15825;0.002020000;0.091200000
CVE-2017-15824;0.001540000;0.037940000
CVE-2017-15823;0.001800000;0.067450000
CVE-2017-15822;0.003720000;0.285550000
CVE-2017-15821;0.001940000;0.081220000
CVE-2017-15820;0.001580000;0.042140000
CVE-2017-15818;0.001920000;0.079890000
CVE-2017-15817;0.008570000;0.567500000
CVE-2017-15815;0.013890000;0.711870000
CVE-2017-15814;0.001620000;0.047480000
CVE-2017-15813;0.004400000;0.356980000
CVE-2017-15812;0.007280000;0.522960000
CVE-2017-15811;0.009700000;0.603680000
CVE-2017-15810;0.013530000;0.704380000
CVE-2017-15809;0.006180000;0.474810000
CVE-2017-15808;0.011730000;0.661880000
CVE-2017-15806;0.106520000;0.956520000
CVE-2017-15805;0.021780000;0.816130000
CVE-2017-15804;0.028010000;0.859220000
CVE-2017-15803;0.007670000;0.537070000
CVE-2017-15802;0.007670000;0.537060000
CVE-2017-15801;0.007670000;0.537070000
CVE-2017-15789;0.011730000;0.662110000
CVE-2017-15788;0.011730000;0.662120000
CVE-2017-15787;0.011730000;0.662130000
CVE-2017-15786;0.007670000;0.537080000
CVE-2017-15785;0.011730000;0.662120000
CVE-2017-15784;0.011730000;0.662130000
CVE-2017-15783;0.007670000;0.537060000
CVE-2017-15782;0.011730000;0.662130000
CVE-2017-15781;0.011730000;0.662120000
CVE-2017-15780;0.007670000;0.537070000
CVE-2017-15779;0.012220000;0.675070000
CVE-2017-15778;0.007670000;0.537090000
CVE-2017-15777;0.011730000;0.662120000
CVE-2017-15776;0.007670000;0.537080000
CVE-2017-15775;0.007670000;0.537050000
CVE-2017-15774;0.011730000;0.662110000
CVE-2017-15773;0.007670000;0.537080000
CVE-2017-15772;0.007670000;0.537080000
CVE-2017-1577;0.028980000;0.864030000
CVE-2017-15769;0.009900000;0.610200000
CVE-2017-15768;0.009900000;0.610190000
CVE-2017-15767;0.014710000;0.727170000
CVE-2017-15766;0.010820000;0.637690000
CVE-2017-15765;0.009900000;0.610200000
CVE-2017-15764;0.010820000;0.637680000
CVE-2017-15763;0.014710000;0.727180000
CVE-2017-15762;0.014710000;0.727180000
CVE-2017-15761;0.014710000;0.727180000
CVE-2017-15760;0.014830000;0.729270000
CVE-2017-15759;0.024570000;0.837860000
CVE-2017-15758;0.024570000;0.837860000
CVE-2017-15757;0.018970000;0.788080000
CVE-2017-15756;0.024370000;0.836400000
CVE-2017-15755;0.017220000;0.765700000
CVE-2017-15754;0.024370000;0.836400000
CVE-2017-15753;0.018810000;0.786180000
CVE-2017-15752;0.024370000;0.836400000
CVE-2017-15751;0.018810000;0.786180000
CVE-2017-15750;0.018810000;0.786190000
CVE-2017-1575;0.002440000;0.140500000
CVE-2017-15749;0.018810000;0.786190000
CVE-2017-15748;0.024370000;0.836390000
CVE-2017-15747;0.022320000;0.820690000
CVE-2017-15746;0.018060000;0.776830000
CVE-2017-15745;0.018810000;0.786190000
CVE-2017-15744;0.022320000;0.820690000
CVE-2017-15743;0.017220000;0.765700000
CVE-2017-15742;0.018810000;0.786190000
CVE-2017-15741;0.017220000;0.765700000
CVE-2017-15740;0.022500000;0.822160000
CVE-2017-15739;0.022500000;0.822160000
CVE-2017-15738;0.018810000;0.786180000
CVE-2017-15737;0.018810000;0.786180000
CVE-2017-15736;0.009870000;0.609000000
CVE-2017-15735;0.011030000;0.643720000
CVE-2017-15734;0.011030000;0.643720000
CVE-2017-15733;0.005800000;0.454430000
CVE-2017-15732;0.005800000;0.454420000
CVE-2017-15731;0.005920000;0.461220000
CVE-2017-15730;0.024830000;0.839560000
CVE-2017-15729;0.005920000;0.461220000
CVE-2017-15728;0.006150000;0.473650000
CVE-2017-15727;0.017980000;0.775690000
CVE-2017-15725;0.013990000;0.713650000
CVE-2017-15723;0.023000000;0.826130000
CVE-2017-15722;0.019870000;0.797880000
CVE-2017-15721;0.023710000;0.831520000
CVE-2017-15720;0.025320000;0.842930000
CVE-2017-15719;0.008740000;0.572810000
CVE-2017-15718;0.035670000;0.889360000
CVE-2017-15717;0.029100000;0.864590000
CVE-2017-15715;0.854520000;0.997160000
CVE-2017-15714;0.032920000;0.880370000
CVE-2017-15713;0.022100000;0.818900000
CVE-2017-15712;0.024960000;0.840410000
CVE-2017-15710;0.170840000;0.969790000
CVE-2017-1571;0.002470000;0.143630000
CVE-2017-15709;0.227760000;0.976610000
CVE-2017-15708;0.177410000;0.970640000
CVE-2017-15707;0.048890000;0.917670000
CVE-2017-15706;0.060830000;0.931610000
CVE-2017-15705;0.078790000;0.945080000
CVE-2017-15703;0.008620000;0.569060000
CVE-2017-15702;0.062140000;0.932840000
CVE-2017-15701;0.043890000;0.909590000
CVE-2017-15700;0.018580000;0.783530000
CVE-2017-1570;0.009160000;0.585870000
CVE-2017-15699;0.031920000;0.876090000
CVE-2017-15698;0.035270000;0.888160000
CVE-2017-15697;0.048320000;0.916790000
CVE-2017-15696;0.020050000;0.799760000
CVE-2017-15695;0.026060000;0.847750000
CVE-2017-15694;0.021920000;0.817250000
CVE-2017-15693;0.024690000;0.838630000
CVE-2017-15692;0.047810000;0.916050000
CVE-2017-15691;0.090210000;0.951070000
CVE-2017-1569;0.017730000;0.772750000
CVE-2017-15687;0.014510000;0.723130000
CVE-2017-15686;0.010510000;0.628630000
CVE-2017-15685;0.016890000;0.761260000
CVE-2017-15684;0.020370000;0.803080000
CVE-2017-15683;0.015480000;0.740070000
CVE-2017-15682;0.007520000;0.531410000
CVE-2017-15681;0.020310000;0.802560000
CVE-2017-15680;0.007460000;0.529520000
CVE-2017-1568;0.006670000;0.498530000
CVE-2017-15673;0.019380000;0.792820000
CVE-2017-15672;0.020000000;0.799260000
CVE-2017-15671;0.014310000;0.719620000
CVE-2017-15670;0.029770000;0.867450000
CVE-2017-1567;0.009420000;0.594410000
CVE-2017-15667;0.038180000;0.896870000
CVE-2017-15665;0.091450000;0.951540000
CVE-2017-15664;0.091450000;0.951530000
CVE-2017-15663;0.131760000;0.962390000
CVE-2017-15662;0.091450000;0.951540000
CVE-2017-15656;0.014750000;0.727850000
CVE-2017-15655;0.030900000;0.872090000
CVE-2017-15654;0.021280000;0.811970000
CVE-2017-15653;0.020030000;0.799670000
CVE-2017-15652;0.012970000;0.692210000
CVE-2017-15651;0.013740000;0.708910000
CVE-2017-15650;0.020150000;0.801020000
CVE-2017-1565;0.007110000;0.516800000
CVE-2017-15649;0.009620000;0.601030000
CVE-2017-15648;0.006610000;0.496060000
CVE-2017-15647;0.266190000;0.979540000
CVE-2017-15646;0.048130000;0.916510000
CVE-2017-15645;0.032330000;0.877800000
CVE-2017-15644;0.089320000;0.950690000
CVE-2017-15643;0.063850000;0.934260000
CVE-2017-15642;0.014950000;0.731280000
CVE-2017-15640;0.006860000;0.507060000
CVE-2017-1564;0.007110000;0.516820000
CVE-2017-15639;0.067840000;0.937650000
CVE-2017-15638;0.012250000;0.676030000
CVE-2017-15637;0.042450000;0.906900000
CVE-2017-15636;0.042450000;0.906900000
CVE-2017-15635;0.043670000;0.909170000
CVE-2017-15634;0.043670000;0.909190000
CVE-2017-15633;0.043670000;0.909200000
CVE-2017-15632;0.030620000;0.871010000
CVE-2017-15631;0.043670000;0.909200000
CVE-2017-15630;0.043670000;0.909200000
CVE-2017-1563;0.009420000;0.594420000
CVE-2017-15629;0.043670000;0.909200000
CVE-2017-15628;0.043670000;0.909190000
CVE-2017-15627;0.043670000;0.909210000
CVE-2017-15626;0.043670000;0.909180000
CVE-2017-15625;0.043670000;0.909170000
CVE-2017-15624;0.043670000;0.909210000
CVE-2017-15623;0.043670000;0.909190000
CVE-2017-15622;0.030620000;0.871010000
CVE-2017-15621;0.043670000;0.909210000
CVE-2017-15620;0.043670000;0.909170000
CVE-2017-1562;0.007110000;0.516820000
CVE-2017-15619;0.043670000;0.909190000
CVE-2017-15618;0.043670000;0.909170000
CVE-2017-15617;0.043670000;0.909210000
CVE-2017-15616;0.043670000;0.909220000
CVE-2017-15615;0.043670000;0.909180000
CVE-2017-15614;0.043670000;0.909180000
CVE-2017-15613;0.042450000;0.906900000
CVE-2017-15612;0.009230000;0.587980000
CVE-2017-15611;0.007270000;0.522680000
CVE-2017-15610;0.006000000;0.465460000
CVE-2017-1561;0.007110000;0.516830000
CVE-2017-15609;0.008060000;0.550390000
CVE-2017-15608;0.004110000;0.326620000
CVE-2017-15607;0.017170000;0.765150000
CVE-2017-15602;0.015140000;0.734590000
CVE-2017-15601;0.016410000;0.754270000
CVE-2017-15600;0.020940000;0.808980000
CVE-2017-1560;0.007380000;0.526730000
CVE-2017-15597;0.028300000;0.860700000
CVE-2017-15596;0.003700000;0.282950000
CVE-2017-15595;0.015600000;0.742130000
CVE-2017-15594;0.003830000;0.296970000
CVE-2017-15593;0.003910000;0.306210000
CVE-2017-15592;0.004340000;0.351640000
CVE-2017-15591;0.003310000;0.237080000
CVE-2017-15590;0.004140000;0.330960000
CVE-2017-1559;0.008860000;0.576260000
CVE-2017-15589;0.004100000;0.326370000
CVE-2017-15588;0.003330000;0.240010000
CVE-2017-15587;0.009970000;0.612180000
CVE-2017-15583;0.013290000;0.699060000
CVE-2017-15582;0.010870000;0.639250000
CVE-2017-15581;0.008510000;0.565280000
CVE-2017-15580;0.155640000;0.967210000
CVE-2017-1558;0.009870000;0.609120000
CVE-2017-15579;0.014850000;0.729780000
CVE-2017-15578;0.013370000;0.701090000
CVE-2017-15577;0.016240000;0.751630000
CVE-2017-15576;0.016240000;0.751640000
CVE-2017-15575;0.012880000;0.690060000
CVE-2017-15574;0.011350000;0.651700000
CVE-2017-15573;0.012990000;0.692500000
CVE-2017-15572;0.024040000;0.833900000
CVE-2017-15571;0.012270000;0.676400000
CVE-2017-15570;0.012270000;0.676400000
CVE-2017-1557;0.012990000;0.692480000
CVE-2017-15569;0.009490000;0.596700000
CVE-2017-15568;0.010860000;0.639160000
CVE-2017-15567;0.002520000;0.149890000
CVE-2017-15566;0.005780000;0.453900000
CVE-2017-15565;0.020590000;0.805410000
CVE-2017-1556;0.014550000;0.723980000
CVE-2017-15550;0.082290000;0.947000000
CVE-2017-1555;0.009090000;0.583440000
CVE-2017-15549;0.055250000;0.925320000
CVE-2017-15548;0.047000000;0.914850000
CVE-2017-15546;0.011790000;0.664070000
CVE-2017-1554;0.008690000;0.571290000
CVE-2017-15539;0.011610000;0.658760000
CVE-2017-15538;0.009440000;0.594980000
CVE-2017-15537;0.003980000;0.313910000
CVE-2017-15536;0.009180000;0.586510000
CVE-2017-15535;0.015670000;0.743220000
CVE-2017-15534;0.004010000;0.317750000
CVE-2017-15533;0.018370000;0.780810000
CVE-2017-15532;0.013720000;0.708380000
CVE-2017-15531;0.023670000;0.831250000
CVE-2017-15530;0.003440000;0.253530000
CVE-2017-1553;0.007290000;0.523430000
CVE-2017-15529;0.003550000;0.267280000
CVE-2017-15528;0.006140000;0.473010000
CVE-2017-15527;0.010950000;0.641610000
CVE-2017-15526;0.003330000;0.239260000
CVE-2017-15525;0.002720000;0.176200000
CVE-2017-15524;0.012230000;0.675190000
CVE-2017-1552;0.008690000;0.571300000
CVE-2017-15519;0.011780000;0.663740000
CVE-2017-15518;0.003390000;0.247280000
CVE-2017-15517;0.003700000;0.283020000
CVE-2017-15516;0.005610000;0.444590000
CVE-2017-15515;0.006760000;0.502860000
CVE-2017-1551;0.009020000;0.581310000
CVE-2017-1550;0.012280000;0.676560000
CVE-2017-1549;0.007770000;0.540470000
CVE-2017-1548;0.021660000;0.815100000
CVE-2017-1546;0.007020000;0.513440000
CVE-2017-1545;0.004270000;0.344000000
CVE-2017-1544;0.004140000;0.330820000
CVE-2017-15430;0.005230000;0.420290000
CVE-2017-15429;0.011520000;0.656340000
CVE-2017-15428;0.181180000;0.971060000
CVE-2017-15427;0.008560000;0.567240000
CVE-2017-15426;0.011610000;0.658880000
CVE-2017-15425;0.011610000;0.658880000
CVE-2017-15424;0.011930000;0.667610000
CVE-2017-15423;0.015130000;0.734520000
CVE-2017-15422;0.024790000;0.839310000
CVE-2017-15420;0.015400000;0.738840000
CVE-2017-15419;0.012870000;0.689960000
CVE-2017-15418;0.016340000;0.753230000
CVE-2017-15417;0.015110000;0.734250000
CVE-2017-15416;0.015080000;0.733590000
CVE-2017-15415;0.017410000;0.768140000
CVE-2017-15413;0.016610000;0.757130000
CVE-2017-15412;0.029380000;0.865800000
CVE-2017-15411;0.015840000;0.745670000
CVE-2017-15410;0.015840000;0.745670000
CVE-2017-1541;0.015100000;0.733940000
CVE-2017-15409;0.016250000;0.751780000
CVE-2017-15408;0.015410000;0.738990000
CVE-2017-15407;0.024270000;0.835620000
CVE-2017-15406;0.008800000;0.574730000
CVE-2017-15405;0.001850000;0.072400000
CVE-2017-15404;0.001890000;0.076020000
CVE-2017-15403;0.006260000;0.478680000
CVE-2017-15402;0.006390000;0.485140000
CVE-2017-15401;0.019880000;0.797980000
CVE-2017-15400;0.008620000;0.568970000
CVE-2017-1540;0.009420000;0.594420000
CVE-2017-15399;0.048890000;0.917680000
CVE-2017-15398;0.038330000;0.897280000
CVE-2017-15397;0.004200000;0.337800000
CVE-2017-15396;0.022030000;0.818340000
CVE-2017-15395;0.012620000;0.684510000
CVE-2017-15394;0.018800000;0.786060000
CVE-2017-15393;0.013860000;0.711110000
CVE-2017-15392;0.008270000;0.557550000
CVE-2017-15391;0.013310000;0.699490000
CVE-2017-15390;0.012400000;0.679430000
CVE-2017-1539;0.015210000;0.735540000
CVE-2017-15389;0.013310000;0.699490000
CVE-2017-15388;0.016410000;0.754300000
CVE-2017-15387;0.013790000;0.709850000
CVE-2017-15386;0.015240000;0.736080000
CVE-2017-15385;0.010840000;0.638590000
CVE-2017-15384;0.010060000;0.615250000
CVE-2017-15383;0.004560000;0.370560000
CVE-2017-15381;0.014820000;0.729160000
CVE-2017-15380;0.008180000;0.554190000
CVE-2017-1538;0.013860000;0.711230000
CVE-2017-15379;0.027300000;0.855170000
CVE-2017-15378;0.014030000;0.714490000
CVE-2017-15377;0.019650000;0.795420000
CVE-2017-15376;0.038040000;0.896420000
CVE-2017-15375;0.009010000;0.580790000
CVE-2017-15374;0.048120000;0.916510000
CVE-2017-15373;0.017060000;0.763560000
CVE-2017-15372;0.016490000;0.755370000
CVE-2017-15371;0.016290000;0.752340000
CVE-2017-15370;0.017170000;0.765060000
CVE-2017-15369;0.012840000;0.689150000
CVE-2017-15368;0.013200000;0.697100000
CVE-2017-15367;0.230670000;0.976880000
CVE-2017-15366;0.014120000;0.716010000
CVE-2017-15365;0.032870000;0.880160000
CVE-2017-15364;0.014220000;0.717880000
CVE-2017-15363;0.153330000;0.966610000
CVE-2017-15362;0.012100000;0.672130000
CVE-2017-15361;0.098250000;0.953950000
CVE-2017-15360;0.005260000;0.422630000
CVE-2017-1536;0.006940000;0.509910000
CVE-2017-15359;0.061680000;0.932390000
CVE-2017-15358;0.007600000;0.534480000
CVE-2017-15357;0.011550000;0.657160000
CVE-2017-15356;0.011550000;0.657120000
CVE-2017-15355;0.011550000;0.657130000
CVE-2017-15354;0.011550000;0.657130000
CVE-2017-15353;0.007060000;0.514770000
CVE-2017-15352;0.002530000;0.151560000
CVE-2017-15351;0.003260000;0.231740000
CVE-2017-15350;0.012180000;0.674050000
CVE-2017-1535;0.007200000;0.520280000
CVE-2017-15349;0.009480000;0.596430000
CVE-2017-15348;0.013140000;0.695600000
CVE-2017-15347;0.005600000;0.443920000
CVE-2017-15346;0.004850000;0.392730000
CVE-2017-15345;0.002980000;0.201950000
CVE-2017-15344;0.013530000;0.704420000
CVE-2017-15343;0.013530000;0.704420000
CVE-2017-15342;0.012550000;0.682860000
CVE-2017-15341;0.007590000;0.533970000
CVE-2017-15340;0.006570000;0.493970000
CVE-2017-1534;0.010310000;0.623020000
CVE-2017-15339;0.007020000;0.513500000
CVE-2017-15338;0.007020000;0.513510000
CVE-2017-15337;0.007020000;0.513500000
CVE-2017-15336;0.008890000;0.577050000
CVE-2017-15335;0.008890000;0.577040000
CVE-2017-15334;0.008890000;0.577040000
CVE-2017-15333;0.004850000;0.392720000
CVE-2017-15332;0.015320000;0.737540000
CVE-2017-15331;0.015320000;0.737550000
CVE-2017-15330;0.005500000;0.437430000
CVE-2017-1533;0.010770000;0.636270000
CVE-2017-15329;0.008980000;0.580030000
CVE-2017-15328;0.009050000;0.582420000
CVE-2017-15327;0.004800000;0.389390000
CVE-2017-15326;0.004400000;0.357130000
CVE-2017-15325;0.009900000;0.610080000
CVE-2017-15324;0.012950000;0.691620000
CVE-2017-15323;0.002180000;0.110130000
CVE-2017-15322;0.003650000;0.277510000
CVE-2017-15321;0.006060000;0.468810000
CVE-2017-15320;0.012950000;0.691620000
CVE-2017-1532;0.009420000;0.594410000
CVE-2017-15319;0.012950000;0.691630000
CVE-2017-15318;0.012950000;0.691620000
CVE-2017-15317;0.013140000;0.695600000
CVE-2017-15316;0.009900000;0.610070000
CVE-2017-15315;0.007790000;0.540910000
CVE-2017-15314;0.002180000;0.110130000
CVE-2017-15313;0.010700000;0.634630000
CVE-2017-15312;0.005230000;0.420140000
CVE-2017-15311;0.007140000;0.517630000
CVE-2017-15310;0.007130000;0.517470000
CVE-2017-1531;0.007290000;0.523390000
CVE-2017-15309;0.009760000;0.606060000
CVE-2017-15308;0.008780000;0.574200000
CVE-2017-15307;0.002150000;0.107520000
CVE-2017-15306;0.003940000;0.309570000
CVE-2017-15305;0.008920000;0.578280000
CVE-2017-15304;0.011990000;0.669030000
CVE-2017-15303;0.015330000;0.737750000
CVE-2017-15302;0.003790000;0.292280000
CVE-2017-15300;0.010700000;0.634600000
CVE-2017-1530;0.007290000;0.523420000
CVE-2017-15299;0.005310000;0.425800000
CVE-2017-15298;0.016410000;0.754280000
CVE-2017-15297;0.030010000;0.868570000
CVE-2017-15296;0.005450000;0.434770000
CVE-2017-15295;0.023840000;0.832410000
CVE-2017-15294;0.009760000;0.606100000
CVE-2017-15293;0.039160000;0.899440000
CVE-2017-15291;0.016710000;0.758590000
CVE-2017-15290;0.007490000;0.530720000
CVE-2017-15289;0.004630000;0.375900000
CVE-2017-15288;0.003460000;0.255870000
CVE-2017-15287;0.061470000;0.932180000
CVE-2017-15286;0.029020000;0.864200000
CVE-2017-15285;0.020720000;0.806730000
CVE-2017-15284;0.040270000;0.902330000
CVE-2017-15281;0.027250000;0.854850000
CVE-2017-15280;0.010600000;0.631410000
CVE-2017-15279;0.008450000;0.563270000
CVE-2017-15278;0.009480000;0.596420000
CVE-2017-15277;0.191930000;0.972430000
CVE-2017-15276;0.094940000;0.952770000
CVE-2017-15275;0.214080000;0.975320000
CVE-2017-15274;0.004520000;0.367490000
CVE-2017-15273;0.007910000;0.544910000
CVE-2017-15272;0.005610000;0.444180000
CVE-2017-15271;0.087420000;0.949800000
CVE-2017-15270;0.069720000;0.939110000
CVE-2017-1527;0.019680000;0.795770000
CVE-2017-15269;0.015000000;0.732270000
CVE-2017-15268;0.042720000;0.907420000
CVE-2017-15267;0.026130000;0.848130000
CVE-2017-15266;0.014410000;0.721440000
CVE-2017-15265;0.003770000;0.290070000
CVE-2017-15264;0.013010000;0.693180000
CVE-2017-15263;0.015050000;0.733170000
CVE-2017-15262;0.019830000;0.797360000
CVE-2017-15261;0.015050000;0.733160000
CVE-2017-15260;0.019910000;0.798320000
CVE-2017-15259;0.019910000;0.798320000
CVE-2017-15258;0.019910000;0.798320000
CVE-2017-15257;0.025380000;0.843330000
CVE-2017-15256;0.019910000;0.798330000
CVE-2017-15255;0.019910000;0.798340000
CVE-2017-15254;0.019500000;0.794120000
CVE-2017-15253;0.025380000;0.843320000
CVE-2017-15252;0.025380000;0.843320000
CVE-2017-15251;0.025380000;0.843330000
CVE-2017-15250;0.019910000;0.798330000
CVE-2017-15249;0.025380000;0.843320000
CVE-2017-15248;0.025380000;0.843330000
CVE-2017-15247;0.019910000;0.798330000
CVE-2017-15246;0.025380000;0.843330000
CVE-2017-15245;0.019910000;0.798340000
CVE-2017-15244;0.019500000;0.794120000
CVE-2017-15243;0.019910000;0.798340000
CVE-2017-15242;0.025380000;0.843320000
CVE-2017-15241;0.019910000;0.798310000
CVE-2017-15240;0.019910000;0.798330000
CVE-2017-1524;0.017830000;0.773790000
CVE-2017-15239;0.019910000;0.798320000
CVE-2017-15238;0.017510000;0.769410000
CVE-2017-15236;0.036090000;0.890730000
CVE-2017-15235;0.055300000;0.925360000
CVE-2017-15232;0.023650000;0.831180000
CVE-2017-1523;0.020910000;0.808610000
CVE-2017-15228;0.021390000;0.812910000
CVE-2017-15227;0.020800000;0.807420000
CVE-2017-15226;0.022230000;0.819960000
CVE-2017-15225;0.014260000;0.718660000
CVE-2017-15223;0.045340000;0.912160000
CVE-2017-15222;0.603280000;0.991130000
CVE-2017-15221;0.054570000;0.924570000
CVE-2017-15220;0.071040000;0.940210000
CVE-2017-1522;0.005400000;0.431660000
CVE-2017-15219;0.005130000;0.413360000
CVE-2017-15218;0.021580000;0.814540000
CVE-2017-15217;0.020390000;0.803270000
CVE-2017-15216;0.008420000;0.562170000
CVE-2017-15215;0.014850000;0.729750000
CVE-2017-15214;0.008630000;0.569470000
CVE-2017-15213;0.008050000;0.550290000
CVE-2017-15212;0.011760000;0.663140000
CVE-2017-15211;0.009730000;0.605120000
CVE-2017-15210;0.010760000;0.636010000
CVE-2017-1521;0.009770000;0.606300000
CVE-2017-15209;0.008900000;0.577400000
CVE-2017-15208;0.009730000;0.605120000
CVE-2017-15207;0.009730000;0.605110000
CVE-2017-15206;0.009730000;0.605110000
CVE-2017-15205;0.010760000;0.636020000
CVE-2017-15204;0.009730000;0.605120000
CVE-2017-15203;0.009730000;0.605130000
CVE-2017-15202;0.009730000;0.605120000
CVE-2017-15201;0.011910000;0.666970000
CVE-2017-15200;0.011910000;0.666970000
CVE-2017-1520;0.013050000;0.693720000
CVE-2017-15199;0.011910000;0.666970000
CVE-2017-15198;0.013590000;0.705810000
CVE-2017-15197;0.011910000;0.666980000
CVE-2017-15196;0.011910000;0.666970000
CVE-2017-15195;0.011910000;0.666960000
CVE-2017-15194;0.010700000;0.634450000
CVE-2017-15193;0.026550000;0.850800000
CVE-2017-15192;0.024270000;0.835680000
CVE-2017-15191;0.026970000;0.853370000
CVE-2017-15190;0.016850000;0.760690000
CVE-2017-1519;0.017320000;0.766990000
CVE-2017-15189;0.016850000;0.760690000
CVE-2017-15188;0.008150000;0.553170000
CVE-2017-15186;0.016550000;0.756100000
CVE-2017-15185;0.017110000;0.764350000
CVE-2017-1516;0.011960000;0.668230000
CVE-2017-1515;0.012480000;0.681530000
CVE-2017-15139;0.012440000;0.680440000
CVE-2017-15138;0.008950000;0.578960000
CVE-2017-15137;0.009910000;0.610440000
CVE-2017-15136;0.009620000;0.600900000
CVE-2017-15135;0.038280000;0.897110000
CVE-2017-15134;0.038740000;0.898390000
CVE-2017-15133;0.018520000;0.782760000
CVE-2017-15132;0.031200000;0.873320000
CVE-2017-15131;0.003210000;0.226030000
CVE-2017-15130;0.025530000;0.844270000
CVE-2017-15129;0.003570000;0.269170000
CVE-2017-15128;0.004110000;0.327890000
CVE-2017-15127;0.003790000;0.292870000
CVE-2017-15126;0.040750000;0.903390000
CVE-2017-15125;0.009340000;0.591830000
CVE-2017-15124;0.028430000;0.861350000
CVE-2017-15123;0.014300000;0.719570000
CVE-2017-15121;0.003980000;0.313830000
CVE-2017-15120;0.517900000;0.989130000
CVE-2017-15119;0.033250000;0.881530000
CVE-2017-15118;0.119310000;0.959780000
CVE-2017-15116;0.003770000;0.290680000
CVE-2017-15115;0.004700000;0.381340000
CVE-2017-15114;0.015060000;0.733220000
CVE-2017-15113;0.011640000;0.659590000
CVE-2017-15112;0.003780000;0.291610000
CVE-2017-15111;0.003900000;0.304330000
CVE-2017-15110;0.011590000;0.657980000
CVE-2017-15108;0.004190000;0.337080000
CVE-2017-15107;0.026460000;0.850190000
CVE-2017-15105;0.026300000;0.849200000
CVE-2017-15104;0.004280000;0.345460000
CVE-2017-15103;0.054950000;0.924990000
CVE-2017-15102;0.003910000;0.305440000
CVE-2017-15101;0.015170000;0.735130000
CVE-2017-15100;0.011000000;0.642880000
CVE-2017-15099;0.063240000;0.933840000
CVE-2017-15098;0.037230000;0.894070000
CVE-2017-15097;0.005410000;0.432070000
CVE-2017-15096;0.003160000;0.219860000
CVE-2017-15095;0.083570000;0.947750000
CVE-2017-15094;0.033020000;0.880780000
CVE-2017-15093;0.008280000;0.557790000
CVE-2017-15092;0.022750000;0.824070000
CVE-2017-15091;0.012420000;0.679780000
CVE-2017-15090;0.007090000;0.516130000
CVE-2017-1509;0.009630000;0.601320000
CVE-2017-15089;0.028270000;0.860530000
CVE-2017-15088;0.083020000;0.947400000
CVE-2017-15087;0.020800000;0.807430000
CVE-2017-15086;0.017150000;0.764770000
CVE-2017-15085;0.017150000;0.764770000
CVE-2017-15084;0.014900000;0.730570000
CVE-2017-15081;0.024070000;0.834090000
CVE-2017-1508;0.003270000;0.231860000
CVE-2017-15079;0.025100000;0.841360000
CVE-2017-1507;0.007390000;0.527080000
CVE-2017-15063;0.005150000;0.415360000
CVE-2017-1506;0.010770000;0.636270000
CVE-2017-15056;0.009970000;0.612410000
CVE-2017-15055;0.010610000;0.631620000
CVE-2017-15054;0.034970000;0.887280000
CVE-2017-15053;0.009170000;0.586180000
CVE-2017-15052;0.009170000;0.586190000
CVE-2017-15051;0.009550000;0.598280000
CVE-2017-15049;0.170480000;0.969740000
CVE-2017-15048;0.101630000;0.955060000
CVE-2017-15047;0.017840000;0.773980000
CVE-2017-15046;0.007340000;0.525490000
CVE-2017-15045;0.008970000;0.579580000
CVE-2017-15044;0.020960000;0.809130000
CVE-2017-15043;0.044150000;0.909990000
CVE-2017-15042;0.011050000;0.644260000
CVE-2017-15041;0.089440000;0.950730000
CVE-2017-1504;0.009440000;0.595060000
CVE-2017-15039;0.004780000;0.388080000
CVE-2017-15038;0.002800000;0.183170000
CVE-2017-15037;0.011290000;0.650230000
CVE-2017-15035;0.056080000;0.926430000
CVE-2017-15033;0.016510000;0.755670000
CVE-2017-15032;0.015290000;0.736940000
CVE-2017-15031;0.019020000;0.788610000
CVE-2017-15030;0.008620000;0.569090000
CVE-2017-1503;0.017340000;0.767290000
CVE-2017-15029;0.007140000;0.517780000
CVE-2017-15025;0.017650000;0.771410000
CVE-2017-15024;0.015950000;0.747240000
CVE-2017-15023;0.020910000;0.808600000
CVE-2017-15022;0.020170000;0.801200000
CVE-2017-15021;0.020170000;0.801200000
CVE-2017-15020;0.021650000;0.815090000
CVE-2017-1502;0.005380000;0.430060000
CVE-2017-15019;0.010500000;0.628540000
CVE-2017-15018;0.008360000;0.560360000
CVE-2017-15017;0.020370000;0.803130000
CVE-2017-15016;0.016870000;0.761040000
CVE-2017-15015;0.013680000;0.707560000
CVE-2017-15014;0.049460000;0.918520000
CVE-2017-15013;0.066390000;0.936400000
CVE-2017-15012;0.077820000;0.944500000
CVE-2017-15011;0.013990000;0.713840000
CVE-2017-15010;0.032830000;0.879930000
CVE-2017-1501;0.020330000;0.802740000
CVE-2017-15009;0.006690000;0.499240000
CVE-2017-15008;0.005290000;0.424390000
CVE-2017-1500;0.007790000;0.541020000
CVE-2017-14997;0.033900000;0.883700000
CVE-2017-14995;0.006350000;0.483370000
CVE-2017-14994;0.028760000;0.862910000
CVE-2017-14993;0.012030000;0.669940000
CVE-2017-14992;0.024500000;0.837350000
CVE-2017-14991;0.004140000;0.330850000
CVE-2017-14990;0.022960000;0.825820000
CVE-2017-1499;0.022450000;0.821830000
CVE-2017-14989;0.014500000;0.723000000
CVE-2017-14988;0.010110000;0.616940000
CVE-2017-14985;0.008100000;0.551900000
CVE-2017-14984;0.008100000;0.551900000
CVE-2017-14983;0.008150000;0.553170000
CVE-2017-14981;0.005960000;0.463230000
CVE-2017-14980;0.224830000;0.976340000
CVE-2017-1498;0.006940000;0.509920000
CVE-2017-14979;0.014660000;0.726320000
CVE-2017-14977;0.019950000;0.798750000
CVE-2017-14976;0.025850000;0.846320000
CVE-2017-14975;0.024600000;0.838040000
CVE-2017-14974;0.009840000;0.608160000
CVE-2017-14973;0.004980000;0.402000000
CVE-2017-14972;0.013050000;0.693880000
CVE-2017-14971;0.008630000;0.569300000
CVE-2017-14970;0.012440000;0.680550000
CVE-2017-1497;0.010420000;0.626370000
CVE-2017-14969;0.004140000;0.331200000
CVE-2017-14968;0.004140000;0.331210000
CVE-2017-14967;0.004140000;0.331220000
CVE-2017-14966;0.004140000;0.331210000
CVE-2017-14965;0.004140000;0.331200000
CVE-2017-14964;0.004140000;0.331210000
CVE-2017-14963;0.004140000;0.331210000
CVE-2017-14962;0.004140000;0.331200000
CVE-2017-14961;0.015270000;0.736610000
CVE-2017-14960;0.037370000;0.894500000
CVE-2017-1496;0.005400000;0.431660000
CVE-2017-14958;0.013310000;0.699550000
CVE-2017-14957;0.010540000;0.629670000
CVE-2017-14956;0.018600000;0.783860000
CVE-2017-14955;0.121340000;0.960170000
CVE-2017-14954;0.010080000;0.615640000
CVE-2017-14953;0.004920000;0.398100000
CVE-2017-14952;0.050960000;0.920620000
CVE-2017-1495;0.012570000;0.683510000
CVE-2017-14949;0.024060000;0.834020000
CVE-2017-14948;0.049290000;0.918240000
CVE-2017-14947;0.012330000;0.677770000
CVE-2017-14946;0.007720000;0.538730000
CVE-2017-14945;0.007720000;0.538730000
CVE-2017-14944;0.008630000;0.569430000
CVE-2017-14943;0.011040000;0.643870000
CVE-2017-14942;0.608570000;0.991260000
CVE-2017-14941;0.010390000;0.625190000
CVE-2017-14940;0.019380000;0.792740000
CVE-2017-1494;0.008040000;0.549500000
CVE-2017-14939;0.059410000;0.930140000
CVE-2017-14938;0.020240000;0.801950000
CVE-2017-14937;0.009940000;0.611320000
CVE-2017-14935;0.013500000;0.703630000
CVE-2017-14934;0.012400000;0.679550000
CVE-2017-14933;0.012750000;0.687520000
CVE-2017-14932;0.012890000;0.690310000
CVE-2017-14931;0.008970000;0.579520000
CVE-2017-14930;0.014440000;0.721970000
CVE-2017-1493;0.007000000;0.512310000
CVE-2017-14929;0.013840000;0.710690000
CVE-2017-14928;0.006740000;0.501630000
CVE-2017-14927;0.009040000;0.581900000
CVE-2017-14926;0.006740000;0.501630000
CVE-2017-14925;0.005110000;0.412300000
CVE-2017-14924;0.004950000;0.400390000
CVE-2017-14923;0.009260000;0.588980000
CVE-2017-14922;0.009070000;0.582880000
CVE-2017-14921;0.009260000;0.588980000
CVE-2017-14920;0.011190000;0.647810000
CVE-2017-14919;0.083030000;0.947410000
CVE-2017-14918;0.007260000;0.522250000
CVE-2017-14917;0.007260000;0.522250000
CVE-2017-14916;0.007260000;0.522260000
CVE-2017-14915;0.016240000;0.751650000
CVE-2017-14914;0.007260000;0.522240000
CVE-2017-14913;0.016710000;0.758570000
CVE-2017-14912;0.016570000;0.756510000
CVE-2017-14911;0.022180000;0.819560000
CVE-2017-14910;0.009130000;0.584780000
CVE-2017-1491;0.012780000;0.688060000
CVE-2017-14909;0.007260000;0.522240000
CVE-2017-14908;0.007260000;0.522250000
CVE-2017-14907;0.004730000;0.383920000
CVE-2017-14906;0.010820000;0.637830000
CVE-2017-14905;0.003400000;0.248830000
CVE-2017-14904;0.002440000;0.139890000
CVE-2017-14903;0.003400000;0.248820000
CVE-2017-14902;0.001130000;0.013130000
CVE-2017-14901;0.001380000;0.026320000
CVE-2017-14900;0.001380000;0.026330000
CVE-2017-1490;0.009520000;0.597720000
CVE-2017-14899;0.001380000;0.026330000
CVE-2017-14898;0.001380000;0.026330000
CVE-2017-14897;0.001580000;0.042120000
CVE-2017-14896;0.001550000;0.039070000
CVE-2017-14895;0.002750000;0.178770000
CVE-2017-14894;0.003380000;0.246240000
CVE-2017-14893;0.001660000;0.051750000
CVE-2017-14892;0.001550000;0.039380000
CVE-2017-14891;0.004320000;0.350310000
CVE-2017-14890;0.003380000;0.246240000
CVE-2017-1489;0.011820000;0.664930000
CVE-2017-14889;0.001920000;0.079460000
CVE-2017-14888;0.001840000;0.071320000
CVE-2017-14887;0.001800000;0.067450000
CVE-2017-14885;0.002090000;0.100430000
CVE-2017-14884;0.001700000;0.057290000
CVE-2017-14883;0.006800000;0.504310000
CVE-2017-14882;0.009790000;0.606790000
CVE-2017-14881;0.005900000;0.460120000
CVE-2017-14880;0.001250000;0.018720000
CVE-2017-1488;0.011810000;0.664680000
CVE-2017-14879;0.003640000;0.276270000
CVE-2017-14878;0.011070000;0.644830000
CVE-2017-14877;0.005900000;0.460120000
CVE-2017-14876;0.005900000;0.460120000
CVE-2017-14875;0.005240000;0.421400000
CVE-2017-14873;0.001470000;0.033160000
CVE-2017-14872;0.001660000;0.051750000
CVE-2017-14870;0.004120000;0.328950000
CVE-2017-1487;0.011480000;0.654860000
CVE-2017-14869;0.005210000;0.418780000
CVE-2017-14868;0.025180000;0.842050000
CVE-2017-14867;0.360030000;0.984240000
CVE-2017-14866;0.007970000;0.547030000
CVE-2017-14865;0.007900000;0.544660000
CVE-2017-14864;0.010710000;0.634720000
CVE-2017-14863;0.009110000;0.584050000
CVE-2017-14862;0.010710000;0.634720000
CVE-2017-14861;0.009630000;0.601260000
CVE-2017-14860;0.008300000;0.558300000
CVE-2017-1486;0.008940000;0.578660000
CVE-2017-14859;0.010710000;0.634720000
CVE-2017-14858;0.008300000;0.558250000
CVE-2017-14857;0.008030000;0.549470000
CVE-2017-14855;0.013900000;0.712110000
CVE-2017-14854;0.072950000;0.941560000
CVE-2017-14853;0.038010000;0.896330000
CVE-2017-14852;0.010130000;0.617800000
CVE-2017-14851;0.040650000;0.903130000
CVE-2017-14850;0.017410000;0.768080000
CVE-2017-1485;0.005400000;0.431670000
CVE-2017-14849;0.543890000;0.989790000
CVE-2017-14848;0.030290000;0.869720000
CVE-2017-14847;0.026910000;0.853020000
CVE-2017-14846;0.026910000;0.853020000
CVE-2017-14845;0.026910000;0.853010000
CVE-2017-14844;0.026910000;0.853020000
CVE-2017-14843;0.026910000;0.853030000
CVE-2017-14842;0.026910000;0.853010000
CVE-2017-14841;0.022760000;0.824220000
CVE-2017-14840;0.035160000;0.887870000
CVE-2017-1484;0.009620000;0.601020000
CVE-2017-14839;0.035160000;0.887870000
CVE-2017-14838;0.035160000;0.887870000
CVE-2017-14837;0.025900000;0.846760000
CVE-2017-14836;0.025900000;0.846760000
CVE-2017-14835;0.025900000;0.846760000
CVE-2017-14834;0.025900000;0.846720000
CVE-2017-14833;0.025900000;0.846720000
CVE-2017-14832;0.025900000;0.846750000
CVE-2017-14831;0.025900000;0.846710000
CVE-2017-14830;0.025900000;0.846750000
CVE-2017-1483;0.014850000;0.729680000
CVE-2017-14829;0.025900000;0.846750000
CVE-2017-14828;0.025900000;0.846740000
CVE-2017-14827;0.025900000;0.846680000
CVE-2017-14826;0.025900000;0.846700000
CVE-2017-14825;0.025900000;0.846690000
CVE-2017-14824;0.025900000;0.846690000
CVE-2017-14823;0.025900000;0.846710000
CVE-2017-14822;0.024560000;0.837780000
CVE-2017-14821;0.024560000;0.837790000
CVE-2017-14820;0.024560000;0.837790000
CVE-2017-1482;0.006940000;0.509930000
CVE-2017-14819;0.024560000;0.837780000
CVE-2017-14818;0.024560000;0.837780000
CVE-2017-1481;0.009160000;0.585880000
CVE-2017-14807;0.010270000;0.621830000
CVE-2017-14806;0.004440000;0.360640000
CVE-2017-14804;0.017110000;0.764240000
CVE-2017-14803;0.345930000;0.983710000
CVE-2017-14802;0.010010000;0.613440000
CVE-2017-14801;0.007420000;0.528100000
CVE-2017-14800;0.007420000;0.528100000
CVE-2017-1480;0.017540000;0.769950000
CVE-2017-14799;0.007420000;0.528110000
CVE-2017-14798;0.009970000;0.612170000
CVE-2017-14797;0.004220000;0.339610000
CVE-2017-14796;0.015220000;0.735860000
CVE-2017-14795;0.013430000;0.702360000
CVE-2017-1478;0.003920000;0.306630000
CVE-2017-14775;0.011930000;0.667450000
CVE-2017-14773;0.003780000;0.291100000
CVE-2017-14772;0.003290000;0.234890000
CVE-2017-14771;0.003110000;0.215190000
CVE-2017-14770;0.003670000;0.280060000
CVE-2017-1477;0.014050000;0.714780000
CVE-2017-14767;0.027120000;0.854150000
CVE-2017-14766;0.018010000;0.776180000
CVE-2017-14765;0.006830000;0.505460000
CVE-2017-14764;0.015370000;0.738390000
CVE-2017-14763;0.014220000;0.717880000
CVE-2017-14762;0.006830000;0.505460000
CVE-2017-14761;0.006830000;0.505460000
CVE-2017-14760;0.015100000;0.733960000
CVE-2017-1476;0.022520000;0.822290000
CVE-2017-14759;0.013110000;0.695120000
CVE-2017-14758;0.026720000;0.851850000
CVE-2017-14757;0.018950000;0.787800000
CVE-2017-14756;0.006610000;0.496070000
CVE-2017-14755;0.006610000;0.496070000
CVE-2017-14754;0.012970000;0.692220000
CVE-2017-14753;0.008830000;0.575450000
CVE-2017-14752;0.006690000;0.499490000
CVE-2017-14751;0.012800000;0.688380000
CVE-2017-14749;0.020680000;0.806310000
CVE-2017-14748;0.010730000;0.635310000
CVE-2017-14746;0.098760000;0.954130000
CVE-2017-14745;0.012010000;0.669430000
CVE-2017-14744;0.006350000;0.483360000
CVE-2017-14743;0.012190000;0.674450000
CVE-2017-14742;0.028000000;0.859140000
CVE-2017-14741;0.013750000;0.709150000
CVE-2017-14740;0.006430000;0.487170000
CVE-2017-1474;0.017370000;0.767630000
CVE-2017-14739;0.030130000;0.869060000
CVE-2017-14738;0.026240000;0.848760000
CVE-2017-14737;0.003180000;0.222470000
CVE-2017-14735;0.016640000;0.757520000
CVE-2017-14734;0.015760000;0.744520000
CVE-2017-14733;0.020920000;0.808750000
CVE-2017-14731;0.012640000;0.685220000
CVE-2017-14730;0.003470000;0.256450000
CVE-2017-1473;0.008680000;0.571090000
CVE-2017-14729;0.022640000;0.823140000
CVE-2017-14728;0.062910000;0.933560000
CVE-2017-14727;0.028360000;0.860980000
CVE-2017-14726;0.023500000;0.830030000
CVE-2017-14725;0.018860000;0.786740000
CVE-2017-14724;0.025620000;0.844840000
CVE-2017-14723;0.059510000;0.930230000
CVE-2017-14722;0.071350000;0.940490000
CVE-2017-14721;0.021230000;0.811470000
CVE-2017-14720;0.020830000;0.807850000
CVE-2017-14719;0.123730000;0.960650000
CVE-2017-14718;0.021230000;0.811470000
CVE-2017-14717;0.013980000;0.713410000
CVE-2017-14716;0.006440000;0.488050000
CVE-2017-14715;0.006440000;0.488050000
CVE-2017-14714;0.006310000;0.481340000
CVE-2017-14713;0.006310000;0.481340000
CVE-2017-14712;0.013980000;0.713410000
CVE-2017-14711;0.009110000;0.584000000
CVE-2017-14710;0.005220000;0.419780000
CVE-2017-14709;0.004910000;0.397160000
CVE-2017-14706;0.282430000;0.980560000
CVE-2017-14705;0.073600000;0.941980000
CVE-2017-14704;0.084800000;0.948390000
CVE-2017-14703;0.020600000;0.805460000
CVE-2017-14702;0.083030000;0.947400000
CVE-2017-14699;0.010150000;0.618100000
CVE-2017-14698;0.012890000;0.690230000
CVE-2017-14696;0.027620000;0.857010000
CVE-2017-14695;0.025900000;0.846630000
CVE-2017-14694;0.070520000;0.939800000
CVE-2017-14693;0.003940000;0.310290000
CVE-2017-14692;0.003730000;0.286340000
CVE-2017-14691;0.003100000;0.213980000
CVE-2017-14690;0.003730000;0.286340000
CVE-2017-1469;0.003930000;0.308770000
CVE-2017-14689;0.003100000;0.214000000
CVE-2017-14688;0.003100000;0.213990000
CVE-2017-14687;0.013240000;0.697930000
CVE-2017-14686;0.018600000;0.783790000
CVE-2017-14685;0.013240000;0.697930000
CVE-2017-14684;0.011720000;0.661650000
CVE-2017-14683;0.004960000;0.400840000
CVE-2017-14682;0.022890000;0.825210000
CVE-2017-14681;0.002860000;0.189610000
CVE-2017-14680;0.043270000;0.908390000
CVE-2017-1468;0.003700000;0.283880000
CVE-2017-1467;0.019940000;0.798580000
CVE-2017-14653;0.010510000;0.628980000
CVE-2017-14652;0.016830000;0.760460000
CVE-2017-14651;0.038360000;0.897360000
CVE-2017-14650;0.039860000;0.901450000
CVE-2017-1465;0.006130000;0.472480000
CVE-2017-14649;0.013300000;0.699180000
CVE-2017-14648;0.034060000;0.884310000
CVE-2017-14647;0.020240000;0.801890000
CVE-2017-14646;0.022070000;0.818630000
CVE-2017-14645;0.011890000;0.666620000
CVE-2017-14644;0.023950000;0.833270000
CVE-2017-14643;0.016150000;0.750250000
CVE-2017-14642;0.016720000;0.758610000
CVE-2017-14641;0.016720000;0.758610000
CVE-2017-14640;0.016720000;0.758620000
CVE-2017-14639;0.017050000;0.763410000
CVE-2017-14638;0.015590000;0.742090000
CVE-2017-14637;0.016940000;0.761830000
CVE-2017-14636;0.012320000;0.677570000
CVE-2017-14635;0.019220000;0.790940000
CVE-2017-14634;0.020760000;0.807110000
CVE-2017-14633;0.019210000;0.790850000
CVE-2017-14632;0.057050000;0.927490000
CVE-2017-14631;0.016340000;0.753190000
CVE-2017-14630;0.016940000;0.761830000
CVE-2017-14629;0.014060000;0.715090000
CVE-2017-14628;0.016340000;0.753180000
CVE-2017-14627;0.199260000;0.973470000
CVE-2017-14626;0.026090000;0.847930000
CVE-2017-14625;0.031750000;0.875430000
CVE-2017-14624;0.031750000;0.875430000
CVE-2017-14623;0.016850000;0.760750000
CVE-2017-14622;0.028920000;0.863700000
CVE-2017-14621;0.006250000;0.478460000
CVE-2017-14620;0.024660000;0.838460000
CVE-2017-1462;0.008040000;0.549510000
CVE-2017-14619;0.021680000;0.815290000
CVE-2017-14618;0.024320000;0.836020000
CVE-2017-14617;0.009440000;0.595110000
CVE-2017-14616;0.016410000;0.754190000
CVE-2017-14615;0.009500000;0.596800000
CVE-2017-14614;0.015680000;0.743260000
CVE-2017-14612;0.005010000;0.404230000
CVE-2017-14611;0.019030000;0.788760000
CVE-2017-14610;0.003220000;0.226750000
CVE-2017-1461;0.007380000;0.526720000
CVE-2017-14609;0.004070000;0.323790000
CVE-2017-14608;0.020950000;0.809020000
CVE-2017-14607;0.023300000;0.828500000
CVE-2017-14604;0.024710000;0.838820000
CVE-2017-14603;0.031560000;0.874690000
CVE-2017-14602;0.024150000;0.834790000
CVE-2017-14601;0.011780000;0.663900000
CVE-2017-14600;0.011780000;0.663910000
CVE-2017-1460;0.013710000;0.708220000
CVE-2017-14597;0.005160000;0.415490000
CVE-2017-14596;0.068780000;0.938360000
CVE-2017-14595;0.014690000;0.726860000
CVE-2017-14594;0.010390000;0.625300000
CVE-2017-14593;0.055160000;0.925230000
CVE-2017-14592;0.055160000;0.925230000
CVE-2017-14591;0.023070000;0.826750000
CVE-2017-14590;0.024050000;0.833980000
CVE-2017-1459;0.005760000;0.452510000
CVE-2017-14589;0.018730000;0.785310000
CVE-2017-14588;0.010910000;0.640240000
CVE-2017-14587;0.008550000;0.566830000
CVE-2017-14586;0.035050000;0.887550000
CVE-2017-14585;0.043660000;0.909150000
CVE-2017-14583;0.010490000;0.628230000
CVE-2017-14582;0.023560000;0.830600000
CVE-2017-14581;0.017060000;0.763590000
CVE-2017-14580;0.003730000;0.286370000
CVE-2017-1458;0.024630000;0.838220000
CVE-2017-14579;0.003730000;0.286370000
CVE-2017-14578;0.005020000;0.405110000
CVE-2017-14577;0.003640000;0.276150000
CVE-2017-14576;0.003100000;0.213900000
CVE-2017-14575;0.003730000;0.286380000
CVE-2017-14574;0.003640000;0.276150000
CVE-2017-14573;0.003730000;0.286390000
CVE-2017-14572;0.004050000;0.321240000
CVE-2017-14571;0.003730000;0.286400000
CVE-2017-14570;0.003640000;0.276140000
CVE-2017-1457;0.012650000;0.685300000
CVE-2017-14569;0.003100000;0.213940000
CVE-2017-14568;0.003730000;0.286390000
CVE-2017-14567;0.003730000;0.286400000
CVE-2017-14566;0.003730000;0.286350000
CVE-2017-14565;0.003100000;0.213940000
CVE-2017-14564;0.003100000;0.213940000
CVE-2017-14563;0.003730000;0.286350000
CVE-2017-14562;0.003100000;0.213960000
CVE-2017-14561;0.003730000;0.286300000
CVE-2017-14560;0.003100000;0.213910000
CVE-2017-14559;0.003730000;0.286300000
CVE-2017-14558;0.003730000;0.286350000
CVE-2017-14557;0.003730000;0.286350000
CVE-2017-14556;0.003730000;0.286340000
CVE-2017-14555;0.003100000;0.213910000
CVE-2017-14554;0.003100000;0.213890000
CVE-2017-14553;0.003730000;0.286340000
CVE-2017-14552;0.003730000;0.286400000
CVE-2017-14551;0.003100000;0.213890000
CVE-2017-14550;0.003100000;0.213880000
CVE-2017-14549;0.003730000;0.286390000
CVE-2017-14548;0.003730000;0.286400000
CVE-2017-14547;0.003100000;0.213930000
CVE-2017-14546;0.003100000;0.213930000
CVE-2017-14545;0.003100000;0.213960000
CVE-2017-14544;0.003100000;0.213970000
CVE-2017-14543;0.003100000;0.213970000
CVE-2017-14542;0.003730000;0.286290000
CVE-2017-14541;0.003100000;0.213860000
CVE-2017-14540;0.005020000;0.405110000
CVE-2017-14539;0.005020000;0.405110000
CVE-2017-14538;0.003730000;0.286300000
CVE-2017-14537;0.392780000;0.985570000
CVE-2017-14536;0.006040000;0.467370000
CVE-2017-14535;0.500690000;0.988680000
CVE-2017-14534;0.006690000;0.499220000
CVE-2017-14533;0.018130000;0.777780000
CVE-2017-14532;0.026090000;0.847920000
CVE-2017-14531;0.022310000;0.820650000
CVE-2017-14530;0.006650000;0.497800000
CVE-2017-1453;0.028650000;0.862400000
CVE-2017-14529;0.015060000;0.733230000
CVE-2017-14528;0.026160000;0.848290000
CVE-2017-14527;0.013760000;0.709370000
CVE-2017-14526;0.011550000;0.657030000
CVE-2017-14525;0.008250000;0.556840000
CVE-2017-14524;0.029400000;0.865920000
CVE-2017-14523;0.080450000;0.945950000
CVE-2017-14522;0.011970000;0.668640000
CVE-2017-14521;0.072990000;0.941580000
CVE-2017-14520;0.012110000;0.672590000
CVE-2017-1452;0.003730000;0.286890000
CVE-2017-14519;0.015420000;0.739180000
CVE-2017-14518;0.012110000;0.672600000
CVE-2017-14517;0.010610000;0.631880000
CVE-2017-14516;0.006350000;0.483390000
CVE-2017-14515;0.012260000;0.676230000
CVE-2017-14514;0.020940000;0.808950000
CVE-2017-14513;0.017790000;0.773400000
CVE-2017-14512;0.010970000;0.642300000
CVE-2017-14511;0.014080000;0.715400000
CVE-2017-14510;0.014210000;0.717670000
CVE-2017-1451;0.003730000;0.286880000
CVE-2017-14509;0.057660000;0.928180000
CVE-2017-14508;0.025700000;0.845430000
CVE-2017-14507;0.052910000;0.922900000
CVE-2017-14506;0.006800000;0.504360000
CVE-2017-14505;0.014850000;0.729660000
CVE-2017-14504;0.023580000;0.830730000
CVE-2017-14503;0.019560000;0.794680000
CVE-2017-14502;0.033670000;0.882990000
CVE-2017-14501;0.018510000;0.782670000
CVE-2017-14500;0.030780000;0.871620000
CVE-2017-1450;0.008000000;0.548090000
CVE-2017-14498;0.013040000;0.693580000
CVE-2017-14497;0.005560000;0.441010000
CVE-2017-14496;0.663470000;0.992590000
CVE-2017-14495;0.843230000;0.996930000
CVE-2017-14494;0.675490000;0.992900000
CVE-2017-14493;0.836380000;0.996810000
CVE-2017-14492;0.933070000;0.998350000
CVE-2017-14491;0.849250000;0.997060000
CVE-2017-1449;0.005830000;0.456820000
CVE-2017-14489;0.011550000;0.657170000
CVE-2017-14487;0.011600000;0.658230000
CVE-2017-14486;0.008370000;0.560580000
CVE-2017-14484;0.002680000;0.169430000
CVE-2017-14483;0.002070000;0.096520000
CVE-2017-14482;0.040090000;0.901960000
CVE-2017-14481;0.057730000;0.928280000
CVE-2017-14480;0.059910000;0.930640000
CVE-2017-1448;0.006860000;0.506790000
CVE-2017-14479;0.059910000;0.930640000
CVE-2017-14478;0.059910000;0.930640000
CVE-2017-14477;0.059910000;0.930630000
CVE-2017-14476;0.059910000;0.930630000
CVE-2017-14475;0.060700000;0.931430000
CVE-2017-14474;0.060700000;0.931430000
CVE-2017-14473;0.379650000;0.985060000
CVE-2017-14472;0.379650000;0.985040000
CVE-2017-14471;0.379650000;0.985050000
CVE-2017-14470;0.379650000;0.985040000
CVE-2017-1447;0.005400000;0.431660000
CVE-2017-14469;0.379650000;0.985050000
CVE-2017-14468;0.379650000;0.985040000
CVE-2017-14467;0.372840000;0.984770000
CVE-2017-14466;0.379650000;0.985050000
CVE-2017-14465;0.352360000;0.983940000
CVE-2017-14464;0.379650000;0.985050000
CVE-2017-14463;0.388660000;0.985420000
CVE-2017-14462;0.352360000;0.983930000
CVE-2017-14461;0.166770000;0.969240000
CVE-2017-14460;0.011830000;0.665120000
CVE-2017-1446;0.007250000;0.521870000
CVE-2017-14459;0.126360000;0.961160000
CVE-2017-14458;0.034110000;0.884430000
CVE-2017-14457;0.017090000;0.764090000
CVE-2017-14455;0.018790000;0.786000000
CVE-2017-14454;0.006020000;0.466490000
CVE-2017-14453;0.014080000;0.715270000
CVE-2017-14452;0.012710000;0.686400000
CVE-2017-14451;0.026470000;0.850220000
CVE-2017-14450;0.015590000;0.742050000
CVE-2017-1445;0.007290000;0.523420000
CVE-2017-14449;0.016510000;0.755600000
CVE-2017-14448;0.023950000;0.833200000
CVE-2017-14447;0.010810000;0.637500000
CVE-2017-14446;0.012930000;0.691300000
CVE-2017-14445;0.011180000;0.647540000
CVE-2017-14444;0.014380000;0.720900000
CVE-2017-14443;0.017670000;0.771770000
CVE-2017-14442;0.023950000;0.833200000
CVE-2017-14441;0.026770000;0.852230000
CVE-2017-14440;0.024460000;0.837070000
CVE-2017-1444;0.006270000;0.479340000
CVE-2017-14439;0.017120000;0.764460000
CVE-2017-14438;0.017880000;0.774430000
CVE-2017-14437;0.021560000;0.814360000
CVE-2017-14436;0.021560000;0.814360000
CVE-2017-14435;0.021560000;0.814360000
CVE-2017-14434;0.041360000;0.904780000
CVE-2017-14433;0.044480000;0.910720000
CVE-2017-14432;0.041360000;0.904780000
CVE-2017-14431;0.003380000;0.246920000
CVE-2017-14430;0.013670000;0.707370000
CVE-2017-1443;0.009770000;0.606290000
CVE-2017-14429;0.049230000;0.918150000
CVE-2017-14428;0.003400000;0.248500000
CVE-2017-14427;0.003400000;0.248500000
CVE-2017-14426;0.003400000;0.248500000
CVE-2017-14425;0.003400000;0.248500000
CVE-2017-14424;0.003400000;0.248510000
CVE-2017-14423;0.010080000;0.615630000
CVE-2017-14422;0.012880000;0.690050000
CVE-2017-14421;0.022540000;0.822490000
CVE-2017-14420;0.005080000;0.409620000
CVE-2017-1442;0.006680000;0.499200000
CVE-2017-14419;0.008340000;0.559600000
CVE-2017-14418;0.008470000;0.563900000
CVE-2017-14417;0.012930000;0.691320000
CVE-2017-14416;0.011340000;0.651350000
CVE-2017-14415;0.011340000;0.651350000
CVE-2017-14414;0.011340000;0.651350000
CVE-2017-14413;0.011340000;0.651360000
CVE-2017-14412;0.008120000;0.552550000
CVE-2017-14411;0.017030000;0.763070000
CVE-2017-14410;0.008910000;0.577670000
CVE-2017-1441;0.003290000;0.234650000
CVE-2017-14409;0.016280000;0.752060000
CVE-2017-14408;0.011170000;0.647250000
CVE-2017-14407;0.011170000;0.647250000
CVE-2017-14406;0.008910000;0.577660000
CVE-2017-14405;0.035310000;0.888270000
CVE-2017-14404;0.015240000;0.736020000
CVE-2017-14403;0.014540000;0.723890000
CVE-2017-14402;0.014540000;0.723880000
CVE-2017-14401;0.014540000;0.723890000
CVE-2017-14400;0.021630000;0.814930000
CVE-2017-1440;0.029550000;0.866530000
CVE-2017-14399;0.010470000;0.627680000
CVE-2017-14398;0.002880000;0.191790000
CVE-2017-14397;0.015420000;0.739230000
CVE-2017-14396;0.029180000;0.864960000
CVE-2017-14395;0.007930000;0.545770000
CVE-2017-14394;0.007940000;0.546110000
CVE-2017-14390;0.014260000;0.718810000
CVE-2017-1439;0.003790000;0.292480000
CVE-2017-14389;0.009450000;0.595320000
CVE-2017-14388;0.007330000;0.525050000
CVE-2017-14387;0.009140000;0.585170000
CVE-2017-14386;0.006420000;0.486900000
CVE-2017-14385;0.050160000;0.919520000
CVE-2017-14384;0.018080000;0.777030000
CVE-2017-14383;0.008210000;0.555590000
CVE-2017-14380;0.003520000;0.262640000
CVE-2017-1438;0.003790000;0.292480000
CVE-2017-14379;0.008940000;0.578590000
CVE-2017-14378;0.029890000;0.867980000
CVE-2017-14377;0.030330000;0.869860000
CVE-2017-14376;0.003190000;0.223630000
CVE-2017-14375;0.047670000;0.915890000
CVE-2017-14374;0.013200000;0.697140000
CVE-2017-14373;0.012120000;0.672680000
CVE-2017-14372;0.011140000;0.646690000
CVE-2017-14371;0.011140000;0.646680000
CVE-2017-14370;0.005700000;0.449710000
CVE-2017-14369;0.011070000;0.644640000
CVE-2017-14363;0.005500000;0.437750000
CVE-2017-14362;0.004970000;0.401320000
CVE-2017-14361;0.010360000;0.624490000
CVE-2017-14360;0.023360000;0.829040000
CVE-2017-14359;0.005300000;0.425210000
CVE-2017-14358;0.011950000;0.667940000
CVE-2017-14357;0.012540000;0.682730000
CVE-2017-14356;0.018150000;0.778040000
CVE-2017-14355;0.016410000;0.754160000
CVE-2017-14354;0.011810000;0.664500000
CVE-2017-14353;0.047170000;0.915080000
CVE-2017-14352;0.009130000;0.584780000
CVE-2017-14351;0.044250000;0.910150000
CVE-2017-14350;0.069580000;0.938990000
CVE-2017-14349;0.026380000;0.849700000
CVE-2017-14348;0.021240000;0.811560000
CVE-2017-14347;0.006830000;0.505450000
CVE-2017-14346;0.020960000;0.809080000
CVE-2017-14345;0.010970000;0.642290000
CVE-2017-14344;0.018350000;0.780590000
CVE-2017-14343;0.013880000;0.711500000
CVE-2017-14342;0.013720000;0.708400000
CVE-2017-14341;0.020420000;0.803660000
CVE-2017-14340;0.004180000;0.335440000
CVE-2017-1434;0.003370000;0.245000000
CVE-2017-14339;0.025280000;0.842650000
CVE-2017-14337;0.009260000;0.588980000
CVE-2017-14335;0.278340000;0.980330000
CVE-2017-14333;0.012160000;0.673720000
CVE-2017-14332;0.010490000;0.628240000
CVE-2017-14331;0.003730000;0.286540000
CVE-2017-14330;0.003200000;0.223990000
CVE-2017-1433;0.013850000;0.710950000
CVE-2017-14329;0.002680000;0.170140000
CVE-2017-14328;0.013260000;0.698390000
CVE-2017-14327;0.003380000;0.246020000
CVE-2017-14326;0.010530000;0.629500000
CVE-2017-14325;0.022770000;0.824280000
CVE-2017-14324;0.015020000;0.732670000
CVE-2017-14323;0.043280000;0.908400000
CVE-2017-14322;0.365050000;0.984420000
CVE-2017-14321;0.006030000;0.466910000
CVE-2017-14320;0.014260000;0.718820000
CVE-2017-14319;0.004100000;0.326150000
CVE-2017-14318;0.004220000;0.340390000
CVE-2017-14317;0.002770000;0.181080000
CVE-2017-14316;0.004100000;0.326150000
CVE-2017-14315;0.009960000;0.612060000
CVE-2017-14314;0.018610000;0.783970000
CVE-2017-14313;0.014600000;0.725130000
CVE-2017-14312;0.003320000;0.238480000
CVE-2017-14311;0.010230000;0.620400000
CVE-2017-14310;0.003100000;0.213850000
CVE-2017-1431;0.009310000;0.590560000
CVE-2017-14309;0.003100000;0.214020000
CVE-2017-14308;0.003100000;0.213850000
CVE-2017-14307;0.003100000;0.213890000
CVE-2017-14306;0.003100000;0.214010000
CVE-2017-14305;0.003100000;0.214010000
CVE-2017-14304;0.003100000;0.213890000
CVE-2017-14303;0.003100000;0.214010000
CVE-2017-14302;0.003100000;0.214010000
CVE-2017-14301;0.003640000;0.276140000
CVE-2017-14300;0.003730000;0.286310000
CVE-2017-14299;0.003730000;0.286310000
CVE-2017-14298;0.003730000;0.286300000
CVE-2017-14297;0.003640000;0.276130000
CVE-2017-14296;0.003730000;0.286380000
CVE-2017-14295;0.003640000;0.276150000
CVE-2017-14294;0.003730000;0.286390000
CVE-2017-14293;0.003640000;0.276140000
CVE-2017-14292;0.003730000;0.286320000
CVE-2017-14291;0.003730000;0.286380000
CVE-2017-14290;0.003730000;0.286370000
CVE-2017-1429;0.007290000;0.523420000
CVE-2017-14289;0.003730000;0.286360000
CVE-2017-14288;0.003730000;0.286360000
CVE-2017-14287;0.003730000;0.286360000
CVE-2017-14286;0.003730000;0.286360000
CVE-2017-14285;0.003100000;0.213920000
CVE-2017-14284;0.003100000;0.213950000
CVE-2017-14283;0.003100000;0.213930000
CVE-2017-14282;0.003100000;0.213950000
CVE-2017-14281;0.003100000;0.213950000
CVE-2017-14280;0.003100000;0.213920000
CVE-2017-1428;0.011640000;0.659520000
CVE-2017-14279;0.003100000;0.213920000
CVE-2017-14278;0.003100000;0.213920000
CVE-2017-14277;0.003100000;0.213930000
CVE-2017-14276;0.003100000;0.214000000
CVE-2017-14275;0.003730000;0.286330000
CVE-2017-14274;0.003730000;0.286310000
CVE-2017-14273;0.003640000;0.276120000
CVE-2017-14272;0.003730000;0.286310000
CVE-2017-14271;0.003640000;0.276120000
CVE-2017-14270;0.003640000;0.276120000
CVE-2017-1427;0.009980000;0.612550000
CVE-2017-14269;0.016260000;0.751920000
CVE-2017-14268;0.007240000;0.521450000
CVE-2017-14267;0.007430000;0.528700000
CVE-2017-14266;0.035870000;0.890070000
CVE-2017-14265;0.043360000;0.908550000
CVE-2017-14263;0.037370000;0.894500000
CVE-2017-14262;0.044260000;0.910180000
CVE-2017-14261;0.008750000;0.573070000
CVE-2017-14260;0.014020000;0.714300000
CVE-2017-14259;0.014020000;0.714300000
CVE-2017-14258;0.014020000;0.714300000
CVE-2017-14257;0.008750000;0.573070000
CVE-2017-14252;0.014540000;0.723880000
CVE-2017-14251;0.023120000;0.827100000
CVE-2017-1425;0.007290000;0.523400000
CVE-2017-14249;0.020680000;0.806350000
CVE-2017-14248;0.011800000;0.664140000
CVE-2017-14247;0.014540000;0.723890000
CVE-2017-14246;0.022290000;0.820520000
CVE-2017-14245;0.020430000;0.803800000
CVE-2017-14244;0.171490000;0.969880000
CVE-2017-14243;0.147860000;0.965710000
CVE-2017-14242;0.013070000;0.694240000
CVE-2017-14241;0.007220000;0.520840000
CVE-2017-14240;0.011560000;0.657310000
CVE-2017-1424;0.007290000;0.523460000
CVE-2017-14239;0.007220000;0.520840000
CVE-2017-14238;0.013070000;0.694250000
CVE-2017-14232;0.011580000;0.657720000
CVE-2017-14231;0.014210000;0.717650000
CVE-2017-14230;0.021770000;0.816020000
CVE-2017-1423;0.012860000;0.689620000
CVE-2017-14229;0.030020000;0.868620000
CVE-2017-14228;0.011930000;0.667460000
CVE-2017-14227;0.027970000;0.858960000
CVE-2017-14226;0.024810000;0.839440000
CVE-2017-14225;0.025680000;0.845230000
CVE-2017-14224;0.040180000;0.902150000
CVE-2017-14223;0.025400000;0.843440000
CVE-2017-14222;0.023960000;0.833290000
CVE-2017-1422;0.003680000;0.280870000
CVE-2017-14219;0.014380000;0.720860000
CVE-2017-1421;0.010540000;0.629900000
CVE-2017-14202;0.005660000;0.447410000
CVE-2017-14201;0.011040000;0.644080000
CVE-2017-14199;0.017250000;0.766090000
CVE-2017-14198;0.017690000;0.772230000
CVE-2017-14197;0.006020000;0.466560000
CVE-2017-14196;0.021930000;0.817320000
CVE-2017-14195;0.006350000;0.483390000
CVE-2017-14194;0.006350000;0.483390000
CVE-2017-14193;0.006350000;0.483360000
CVE-2017-14192;0.006350000;0.483370000
CVE-2017-14191;0.009530000;0.597870000
CVE-2017-14190;0.010550000;0.630020000
CVE-2017-14189;0.027800000;0.858230000
CVE-2017-14187;0.004590000;0.372590000
CVE-2017-14186;0.037180000;0.893930000
CVE-2017-14185;0.013380000;0.701190000
CVE-2017-14184;0.020810000;0.807510000
CVE-2017-14182;0.017450000;0.768660000
CVE-2017-14181;0.010510000;0.628730000
CVE-2017-14180;0.004400000;0.356980000
CVE-2017-1418;0.003270000;0.232610000
CVE-2017-14179;0.003560000;0.267440000
CVE-2017-14178;0.017570000;0.770360000
CVE-2017-14177;0.003900000;0.304200000
CVE-2017-14176;0.060270000;0.931000000
CVE-2017-14175;0.021220000;0.811340000
CVE-2017-14174;0.022490000;0.822080000
CVE-2017-14173;0.019390000;0.792960000
CVE-2017-14172;0.021910000;0.817100000
CVE-2017-14171;0.017680000;0.772040000
CVE-2017-14170;0.017680000;0.772030000
CVE-2017-14169;0.025750000;0.845690000
CVE-2017-14167;0.006030000;0.466870000
CVE-2017-14166;0.027700000;0.857430000
CVE-2017-14165;0.022960000;0.825840000
CVE-2017-14164;0.054370000;0.924390000
CVE-2017-14163;0.009220000;0.587320000
CVE-2017-14160;0.045750000;0.912940000
CVE-2017-14159;0.003490000;0.259470000
CVE-2017-14158;0.025730000;0.845530000
CVE-2017-14156;0.003900000;0.305290000
CVE-2017-14153;0.018210000;0.778790000
CVE-2017-14152;0.051470000;0.921250000
CVE-2017-14151;0.051560000;0.921370000
CVE-2017-14149;0.057940000;0.928520000
CVE-2017-14147;0.656210000;0.992430000
CVE-2017-14146;0.013210000;0.697360000
CVE-2017-14145;0.011610000;0.658750000
CVE-2017-14143;0.774240000;0.995450000
CVE-2017-14142;0.017820000;0.773760000
CVE-2017-14141;0.030970000;0.872390000
CVE-2017-14140;0.004690000;0.380480000
CVE-2017-14139;0.013050000;0.693830000
CVE-2017-14138;0.020560000;0.805070000
CVE-2017-14137;0.011620000;0.659000000
CVE-2017-14136;0.016360000;0.753480000
CVE-2017-14135;0.218420000;0.975690000
CVE-2017-14134;0.006020000;0.466570000
CVE-2017-14132;0.022250000;0.820170000
CVE-2017-14130;0.015550000;0.741530000
CVE-2017-14129;0.015550000;0.741540000
CVE-2017-14128;0.015550000;0.741540000
CVE-2017-14127;0.026890000;0.852900000
CVE-2017-14126;0.023020000;0.826330000
CVE-2017-14125;0.031890000;0.875990000
CVE-2017-14124;0.002190000;0.110560000
CVE-2017-14123;0.060550000;0.931310000
CVE-2017-14122;0.017980000;0.775750000
CVE-2017-14121;0.011180000;0.647680000
CVE-2017-14120;0.021100000;0.810410000
CVE-2017-1412;0.009840000;0.608250000
CVE-2017-14119;0.023950000;0.833240000
CVE-2017-14118;0.023750000;0.831760000
CVE-2017-14117;0.080240000;0.945820000
CVE-2017-14116;0.033420000;0.882140000
CVE-2017-14115;0.043780000;0.909420000
CVE-2017-14114;0.012440000;0.680480000
CVE-2017-14111;0.021750000;0.815880000
CVE-2017-1411;0.014840000;0.729570000
CVE-2017-14108;0.023250000;0.828110000
CVE-2017-14107;0.032000000;0.876450000
CVE-2017-14106;0.004450000;0.362130000
CVE-2017-14105;0.013000000;0.692920000
CVE-2017-14103;0.302480000;0.981660000
CVE-2017-14102;0.003580000;0.269810000
CVE-2017-14101;0.014380000;0.720840000
CVE-2017-14100;0.149070000;0.965910000
CVE-2017-14099;0.043300000;0.908430000
CVE-2017-14098;0.500530000;0.988680000
CVE-2017-14097;0.127050000;0.961290000
CVE-2017-14096;0.030360000;0.869940000
CVE-2017-14095;0.124790000;0.960840000
CVE-2017-14094;0.193690000;0.972670000
CVE-2017-14093;0.010360000;0.624450000
CVE-2017-14092;0.008850000;0.575940000
CVE-2017-14091;0.007410000;0.528020000
CVE-2017-14090;0.013400000;0.701560000
CVE-2017-1409;0.013120000;0.695400000
CVE-2017-14089;0.097790000;0.953780000
CVE-2017-14088;0.006680000;0.498800000
CVE-2017-14087;0.083280000;0.947620000
CVE-2017-14086;0.079060000;0.945220000
CVE-2017-14085;0.056510000;0.926980000
CVE-2017-14084;0.101280000;0.954960000
CVE-2017-14083;0.055030000;0.925080000
CVE-2017-14082;0.039120000;0.899300000
CVE-2017-14081;0.165500000;0.969040000
CVE-2017-14080;0.029590000;0.866710000
CVE-2017-14079;0.109310000;0.957390000
CVE-2017-14078;0.501660000;0.988700000
CVE-2017-14077;0.008140000;0.552920000
CVE-2017-14076;0.011370000;0.652210000
CVE-2017-14075;0.018210000;0.778800000
CVE-2017-14070;0.006490000;0.490130000
CVE-2017-1407;0.034180000;0.884600000
CVE-2017-14069;0.011910000;0.667100000
CVE-2017-14064;0.094450000;0.952580000
CVE-2017-14063;0.030460000;0.870300000
CVE-2017-14062;0.038900000;0.898760000
CVE-2017-14061;0.024040000;0.833860000
CVE-2017-14060;0.016050000;0.748710000
CVE-2017-14059;0.017820000;0.773750000
CVE-2017-14058;0.021720000;0.815620000
CVE-2017-14057;0.018060000;0.776800000
CVE-2017-14056;0.018220000;0.778950000
CVE-2017-14055;0.018220000;0.778950000
CVE-2017-14054;0.017260000;0.766120000
CVE-2017-14053;0.018450000;0.781750000
CVE-2017-14051;0.003730000;0.285950000
CVE-2017-14050;0.011640000;0.659510000
CVE-2017-1405;0.004550000;0.369950000
CVE-2017-14049;0.005800000;0.454410000
CVE-2017-14048;0.005500000;0.437540000
CVE-2017-14042;0.023790000;0.832060000
CVE-2017-14041;0.056520000;0.926990000
CVE-2017-14040;0.047650000;0.915840000
CVE-2017-14039;0.043540000;0.908940000
CVE-2017-14038;0.007090000;0.516040000
CVE-2017-14037;0.007080000;0.515750000
CVE-2017-14036;0.007080000;0.515750000
CVE-2017-14035;0.016160000;0.750430000
CVE-2017-14034;0.015220000;0.735850000
CVE-2017-14033;0.077340000;0.944220000
CVE-2017-14032;0.015050000;0.733140000
CVE-2017-14031;0.002900000;0.193220000
CVE-2017-14030;0.003700000;0.283010000
CVE-2017-14029;0.009300000;0.590190000
CVE-2017-14028;0.020810000;0.807550000
CVE-2017-14027;0.028480000;0.861630000
CVE-2017-14026;0.017600000;0.770810000
CVE-2017-14025;0.003910000;0.306130000
CVE-2017-14024;0.058340000;0.929080000
CVE-2017-14023;0.036750000;0.892680000
CVE-2017-14022;0.042170000;0.906410000
CVE-2017-14021;0.019230000;0.791000000
CVE-2017-14020;0.011350000;0.651800000
CVE-2017-14019;0.004060000;0.322820000
CVE-2017-14018;0.003640000;0.276790000
CVE-2017-14017;0.006990000;0.511930000
CVE-2017-14016;0.160430000;0.968050000
CVE-2017-14014;0.003930000;0.308310000
CVE-2017-14013;0.009340000;0.591700000
CVE-2017-14012;0.002770000;0.181140000
CVE-2017-14011;0.006410000;0.486070000
CVE-2017-14010;0.019830000;0.797340000
CVE-2017-14009;0.007300000;0.523880000
CVE-2017-14008;0.029810000;0.867670000
CVE-2017-14007;0.009070000;0.582810000
CVE-2017-14006;0.018610000;0.783920000
CVE-2017-14005;0.013630000;0.706550000
CVE-2017-14004;0.018610000;0.783920000
CVE-2017-14003;0.026020000;0.847480000
CVE-2017-14002;0.047410000;0.915480000
CVE-2017-14001;0.064470000;0.934900000
CVE-2017-14000;0.022690000;0.823600000
CVE-2017-13999;0.027720000;0.857600000
CVE-2017-13998;0.010080000;0.615590000
CVE-2017-13997;0.050530000;0.920030000
CVE-2017-13996;0.027510000;0.856300000
CVE-2017-13995;0.024660000;0.838430000
CVE-2017-13994;0.008950000;0.579020000
CVE-2017-13993;0.017610000;0.770860000
CVE-2017-13992;0.035100000;0.887720000
CVE-2017-13991;0.014830000;0.729290000
CVE-2017-13990;0.014830000;0.729280000
CVE-2017-13989;0.009820000;0.607770000
CVE-2017-13988;0.008260000;0.556910000
CVE-2017-13987;0.009630000;0.601160000
CVE-2017-13986;0.009600000;0.599850000
CVE-2017-13985;0.026870000;0.852760000
CVE-2017-13984;0.020060000;0.800210000
CVE-2017-13983;0.060620000;0.931390000
CVE-2017-13982;0.034360000;0.885250000
CVE-2017-1398;0.009940000;0.611420000
CVE-2017-1396;0.008080000;0.551180000
CVE-2017-1395;0.017140000;0.764700000
CVE-2017-13911;0.009070000;0.582960000
CVE-2017-13910;0.002350000;0.129910000
CVE-2017-13909;0.002290000;0.123270000
CVE-2017-13908;0.002340000;0.128780000
CVE-2017-13907;0.002460000;0.142250000
CVE-2017-13906;0.006150000;0.473370000
CVE-2017-13905;0.009090000;0.583580000
CVE-2017-13904;0.013660000;0.707150000
CVE-2017-13903;0.010590000;0.631190000
CVE-2017-13892;0.009260000;0.588920000
CVE-2017-13891;0.007770000;0.540300000
CVE-2017-13890;0.011570000;0.657610000
CVE-2017-13889;0.010680000;0.634150000
CVE-2017-13888;0.008190000;0.554610000
CVE-2017-13887;0.008190000;0.554610000
CVE-2017-13886;0.008410000;0.561910000
CVE-2017-13885;0.026190000;0.848490000
CVE-2017-13884;0.027270000;0.854960000
CVE-2017-13883;0.013750000;0.709030000
CVE-2017-13880;0.008860000;0.576440000
CVE-2017-13879;0.013240000;0.697830000
CVE-2017-13878;0.010430000;0.626490000
CVE-2017-13877;0.006010000;0.466380000
CVE-2017-13876;0.051090000;0.920760000
CVE-2017-13875;0.044260000;0.910200000
CVE-2017-13874;0.010360000;0.624410000
CVE-2017-13873;0.009030000;0.581640000
CVE-2017-13872;0.367730000;0.984550000
CVE-2017-13871;0.014800000;0.728700000
CVE-2017-13870;0.024000000;0.833570000
CVE-2017-13869;0.047360000;0.915390000
CVE-2017-13868;0.047100000;0.915000000
CVE-2017-13867;0.051090000;0.920760000
CVE-2017-13866;0.024000000;0.833560000
CVE-2017-13865;0.042470000;0.906950000
CVE-2017-13864;0.006840000;0.505980000
CVE-2017-13863;0.004150000;0.332260000
CVE-2017-13862;0.013980000;0.713320000
CVE-2017-13861;0.148880000;0.965890000
CVE-2017-13860;0.008960000;0.579390000
CVE-2017-1386;0.011600000;0.658260000
CVE-2017-13858;0.014550000;0.724040000
CVE-2017-13856;0.024000000;0.833570000
CVE-2017-13855;0.047780000;0.916020000
CVE-2017-13854;0.012550000;0.682940000
CVE-2017-13853;0.011400000;0.652980000
CVE-2017-13852;0.008340000;0.559580000
CVE-2017-13851;0.002750000;0.178720000
CVE-2017-13850;0.008270000;0.557330000
CVE-2017-13849;0.037820000;0.895760000
CVE-2017-13848;0.014550000;0.724040000
CVE-2017-13847;0.050280000;0.919630000
CVE-2017-13846;0.029250000;0.865310000
CVE-2017-13844;0.003480000;0.257880000
CVE-2017-13843;0.011620000;0.659000000
CVE-2017-13842;0.008710000;0.571980000
CVE-2017-13841;0.008710000;0.571970000
CVE-2017-13840;0.008710000;0.571980000
CVE-2017-13839;0.002730000;0.176600000
CVE-2017-13838;0.011620000;0.659010000
CVE-2017-13837;0.009290000;0.590060000
CVE-2017-13836;0.008710000;0.571980000
CVE-2017-13835;0.007730000;0.538990000
CVE-2017-13834;0.016250000;0.751760000
CVE-2017-13833;0.014360000;0.720450000
CVE-2017-13832;0.012530000;0.682570000
CVE-2017-13831;0.010580000;0.630960000
CVE-2017-13830;0.012040000;0.670100000
CVE-2017-1383;0.027180000;0.854500000
CVE-2017-13829;0.011800000;0.664160000
CVE-2017-13828;0.010590000;0.631220000
CVE-2017-13827;0.011640000;0.659570000
CVE-2017-13825;0.014980000;0.731950000
CVE-2017-13824;0.014670000;0.726600000
CVE-2017-13823;0.008710000;0.571970000
CVE-2017-13822;0.008710000;0.571970000
CVE-2017-13821;0.008710000;0.571960000
CVE-2017-13820;0.008570000;0.567520000
CVE-2017-1382;0.003730000;0.286560000
CVE-2017-13819;0.010330000;0.623460000
CVE-2017-13818;0.008710000;0.571970000
CVE-2017-13817;0.003030000;0.206260000
CVE-2017-13816;0.018150000;0.778140000
CVE-2017-13815;0.029250000;0.865310000
CVE-2017-13814;0.014670000;0.726600000
CVE-2017-13813;0.018150000;0.778150000
CVE-2017-13812;0.015070000;0.733390000
CVE-2017-13811;0.011930000;0.667650000
CVE-2017-13810;0.003050000;0.208770000
CVE-2017-1381;0.003770000;0.290900000
CVE-2017-13809;0.014560000;0.724130000
CVE-2017-13808;0.011620000;0.659000000
CVE-2017-13807;0.013520000;0.704170000
CVE-2017-13806;0.006080000;0.469760000
CVE-2017-13805;0.003200000;0.223980000
CVE-2017-13804;0.013390000;0.701390000
CVE-2017-13803;0.015090000;0.733880000
CVE-2017-13802;0.057870000;0.928430000
CVE-2017-13801;0.003030000;0.206700000
CVE-2017-13800;0.012040000;0.670110000
CVE-2017-1380;0.010490000;0.628280000
CVE-2017-13799;0.013530000;0.704430000
CVE-2017-13798;0.062520000;0.933190000
CVE-2017-13797;0.052550000;0.922530000
CVE-2017-13796;0.058200000;0.928920000
CVE-2017-13795;0.057870000;0.928430000
CVE-2017-13794;0.067120000;0.936950000
CVE-2017-13793;0.015220000;0.735750000
CVE-2017-13792;0.057870000;0.928440000
CVE-2017-13791;0.058200000;0.928930000
CVE-2017-13790;0.009140000;0.585210000
CVE-2017-1379;0.020310000;0.802510000
CVE-2017-13789;0.009140000;0.585210000
CVE-2017-13788;0.015090000;0.733880000
CVE-2017-13786;0.003240000;0.228780000
CVE-2017-13785;0.057870000;0.928430000
CVE-2017-13784;0.057870000;0.928430000
CVE-2017-13783;0.058200000;0.928930000
CVE-2017-13782;0.011140000;0.646650000
CVE-2017-13780;0.020300000;0.802500000
CVE-2017-1378;0.002770000;0.180250000
CVE-2017-13779;0.012220000;0.675120000
CVE-2017-13778;0.006020000;0.466560000
CVE-2017-13777;0.021330000;0.812490000
CVE-2017-13776;0.023700000;0.831460000
CVE-2017-13775;0.020600000;0.805460000
CVE-2017-13774;0.004640000;0.376590000
CVE-2017-13772;0.513780000;0.989050000
CVE-2017-13771;0.033580000;0.882710000
CVE-2017-1377;0.009470000;0.596010000
CVE-2017-13769;0.013980000;0.713450000
CVE-2017-13768;0.020700000;0.806580000
CVE-2017-13767;0.019930000;0.798550000
CVE-2017-13766;0.020120000;0.800810000
CVE-2017-13765;0.027870000;0.858510000
CVE-2017-13764;0.012520000;0.682240000
CVE-2017-13763;0.010690000;0.634210000
CVE-2017-13762;0.011600000;0.658280000
CVE-2017-13761;0.012220000;0.675040000
CVE-2017-13760;0.007390000;0.527210000
CVE-2017-1376;0.026340000;0.849470000
CVE-2017-13758;0.019790000;0.796940000
CVE-2017-13757;0.014730000;0.727560000
CVE-2017-13756;0.007030000;0.513760000
CVE-2017-13755;0.007440000;0.528940000
CVE-2017-13754;0.038770000;0.898420000
CVE-2017-13752;0.036230000;0.891120000
CVE-2017-13751;0.036230000;0.891120000
CVE-2017-13750;0.036690000;0.892490000
CVE-2017-1375;0.010210000;0.619760000
CVE-2017-13749;0.035920000;0.890240000
CVE-2017-13748;0.046760000;0.914510000
CVE-2017-13747;0.035920000;0.890240000
CVE-2017-13746;0.040300000;0.902400000
CVE-2017-13745;0.039440000;0.900350000
CVE-2017-13744;0.013570000;0.705380000
CVE-2017-13743;0.018450000;0.781860000
CVE-2017-13742;0.018450000;0.781860000
CVE-2017-13741;0.017560000;0.770290000
CVE-2017-13740;0.015940000;0.747180000
CVE-2017-1374;0.010570000;0.630630000
CVE-2017-13739;0.021890000;0.817000000
CVE-2017-13738;0.015050000;0.733200000
CVE-2017-13737;0.026810000;0.852410000
CVE-2017-13736;0.017990000;0.775910000
CVE-2017-13735;0.029640000;0.866920000
CVE-2017-13734;0.021480000;0.813740000
CVE-2017-13733;0.027570000;0.856700000
CVE-2017-13732;0.029300000;0.865490000
CVE-2017-13731;0.029300000;0.865480000
CVE-2017-13730;0.029300000;0.865480000
CVE-2017-1373;0.019720000;0.796100000
CVE-2017-13729;0.029300000;0.865490000
CVE-2017-13728;0.038960000;0.898890000
CVE-2017-13727;0.022500000;0.822150000
CVE-2017-13726;0.026310000;0.849340000
CVE-2017-13725;0.032840000;0.880060000
CVE-2017-13724;0.005130000;0.413350000
CVE-2017-13723;0.004430000;0.360320000
CVE-2017-13722;0.003960000;0.311440000
CVE-2017-13721;0.003570000;0.268390000
CVE-2017-13720;0.004420000;0.359270000
CVE-2017-1372;0.005400000;0.431680000
CVE-2017-13719;0.044600000;0.910950000
CVE-2017-13718;0.020590000;0.805380000
CVE-2017-13717;0.025510000;0.844120000
CVE-2017-13716;0.013990000;0.713640000
CVE-2017-13715;0.096520000;0.953310000
CVE-2017-13713;0.091160000;0.951430000
CVE-2017-13712;0.017130000;0.764600000
CVE-2017-13711;0.038410000;0.897500000
CVE-2017-13710;0.026740000;0.852040000
CVE-2017-1371;0.012630000;0.685030000
CVE-2017-13709;0.010580000;0.630680000
CVE-2017-13708;0.117260000;0.959310000
CVE-2017-13707;0.030250000;0.869560000
CVE-2017-13706;0.019870000;0.797900000
CVE-2017-13704;0.654100000;0.992370000
CVE-2017-13703;0.013150000;0.695970000
CVE-2017-13702;0.010660000;0.633690000
CVE-2017-13701;0.018950000;0.787860000
CVE-2017-13700;0.006010000;0.466010000
CVE-2017-1370;0.011980000;0.668690000
CVE-2017-13699;0.005200000;0.418500000
CVE-2017-13698;0.013620000;0.706380000
CVE-2017-13697;0.007810000;0.541640000
CVE-2017-13696;0.783140000;0.995670000
CVE-2017-13695;0.004360000;0.354360000
CVE-2017-13694;0.004080000;0.324370000
CVE-2017-13693;0.004430000;0.359650000
CVE-2017-13692;0.011500000;0.655810000
CVE-2017-13690;0.034280000;0.884950000
CVE-2017-1369;0.007290000;0.523460000
CVE-2017-13689;0.032410000;0.878110000
CVE-2017-13688;0.032410000;0.878090000
CVE-2017-13687;0.032840000;0.880050000
CVE-2017-13686;0.003590000;0.271410000
CVE-2017-13685;0.018250000;0.779410000
CVE-2017-13684;0.004120000;0.328810000
CVE-2017-13683;0.002800000;0.183600000
CVE-2017-13682;0.002800000;0.183600000
CVE-2017-13681;0.004290000;0.346320000
CVE-2017-13680;0.003940000;0.310120000
CVE-2017-1368;0.012780000;0.688060000
CVE-2017-13679;0.002950000;0.198530000
CVE-2017-13678;0.010370000;0.624840000
CVE-2017-13677;0.050300000;0.919670000
CVE-2017-13676;0.003830000;0.297300000
CVE-2017-13675;0.002950000;0.198220000
CVE-2017-13674;0.004400000;0.356890000
CVE-2017-13673;0.029590000;0.866690000
CVE-2017-13672;0.009530000;0.598000000
CVE-2017-13671;0.009750000;0.605780000
CVE-2017-13670;0.008370000;0.560710000
CVE-2017-1367;0.011920000;0.667220000
CVE-2017-13669;0.014970000;0.731730000
CVE-2017-13668;0.005260000;0.422560000
CVE-2017-13667;0.008860000;0.576420000
CVE-2017-13666;0.003820000;0.295870000
CVE-2017-13664;0.015420000;0.739300000
CVE-2017-13663;0.004420000;0.358560000
CVE-2017-1366;0.009750000;0.605690000
CVE-2017-13658;0.013270000;0.698630000
CVE-2017-13652;0.010380000;0.624990000
CVE-2017-1365;0.005400000;0.431690000
CVE-2017-13649;0.002840000;0.187670000
CVE-2017-13648;0.013840000;0.710820000
CVE-2017-1364;0.007290000;0.523450000
CVE-2017-1363;0.006940000;0.509920000
CVE-2017-1362;0.002980000;0.201270000
CVE-2017-1359;0.007290000;0.523390000
CVE-2017-1357;0.009090000;0.583450000
CVE-2017-1356;0.014360000;0.720470000
CVE-2017-1355;0.010420000;0.626380000
CVE-2017-1354;0.005140000;0.414520000
CVE-2017-1353;0.006830000;0.505680000
CVE-2017-1352;0.008020000;0.549030000
CVE-2017-1350;0.004610000;0.374240000
CVE-2017-1349;0.003290000;0.234660000
CVE-2017-1348;0.007200000;0.520280000
CVE-2017-1347;0.014910000;0.730640000
CVE-2017-1346;0.002140000;0.105410000
CVE-2017-1345;0.005400000;0.431670000
CVE-2017-1342;0.007390000;0.527070000
CVE-2017-1341;0.009800000;0.607110000
CVE-2017-1340;0.009510000;0.597330000
CVE-2017-1339;0.001700000;0.056210000
CVE-2017-1338;0.007290000;0.523400000
CVE-2017-1337;0.014750000;0.727780000
CVE-2017-1336;0.006760000;0.502570000
CVE-2017-1335;0.007290000;0.523400000
CVE-2017-1334;0.007290000;0.523460000
CVE-2017-1333;0.013220000;0.697530000
CVE-2017-13323;0.000910000;0.004560000
CVE-2017-13322;0.001580000;0.042480000
CVE-2017-13321;0.000980000;0.007270000
CVE-2017-13320;0.002170000;0.108930000
CVE-2017-1332;0.009770000;0.606300000
CVE-2017-13319;0.003380000;0.246560000
CVE-2017-13318;0.001310000;0.022420000
CVE-2017-13317;0.001310000;0.022420000
CVE-2017-13316;0.000790000;0.001240000
CVE-2017-13315;0.000960000;0.006630000
CVE-2017-13314;0.000730000;0.000580000
CVE-2017-13313;0.002270000;0.121060000
CVE-2017-13312;0.000730000;0.000540000
CVE-2017-13311;0.000730000;0.000530000
CVE-2017-13310;0.000730000;0.000580000
CVE-2017-1331;0.007290000;0.523380000
CVE-2017-13309;0.000760000;0.000860000
CVE-2017-13308;0.000800000;0.001550000
CVE-2017-13307;0.004400000;0.357180000
CVE-2017-13306;0.003450000;0.254230000
CVE-2017-13305;0.003080000;0.211150000
CVE-2017-13304;0.003630000;0.275640000
CVE-2017-13303;0.003400000;0.248820000
CVE-2017-13302;0.004220000;0.339670000
CVE-2017-13301;0.004220000;0.339680000
CVE-2017-13300;0.004140000;0.331700000
CVE-2017-13299;0.004140000;0.331700000
CVE-2017-13298;0.003400000;0.248830000
CVE-2017-13297;0.003400000;0.248820000
CVE-2017-13296;0.003400000;0.248810000
CVE-2017-13295;0.004080000;0.324090000
CVE-2017-13294;0.003400000;0.248820000
CVE-2017-13293;0.001740000;0.061850000
CVE-2017-13292;0.016190000;0.750880000
CVE-2017-13291;0.010630000;0.632220000
CVE-2017-13290;0.001660000;0.051890000
CVE-2017-1329;0.008490000;0.564250000
CVE-2017-13289;0.001880000;0.075550000
CVE-2017-13288;0.001930000;0.080430000
CVE-2017-13287;0.001700000;0.056620000
CVE-2017-13286;0.003240000;0.229410000
CVE-2017-13285;0.015920000;0.746970000
CVE-2017-13284;0.016190000;0.750880000
CVE-2017-13283;0.020950000;0.808990000
CVE-2017-13282;0.016930000;0.761750000
CVE-2017-13281;0.017600000;0.770710000
CVE-2017-13280;0.007960000;0.546910000
CVE-2017-1328;0.017410000;0.768120000
CVE-2017-13279;0.005260000;0.422650000
CVE-2017-13278;0.004470000;0.363660000
CVE-2017-13277;0.010180000;0.618990000
CVE-2017-13276;0.006800000;0.504330000
CVE-2017-13275;0.001530000;0.037150000
CVE-2017-13274;0.004910000;0.397210000
CVE-2017-13273;0.001620000;0.047110000
CVE-2017-13272;0.017780000;0.773320000
CVE-2017-13271;0.003380000;0.246240000
CVE-2017-13270;0.003230000;0.228410000
CVE-2017-1327;0.009660000;0.601790000
CVE-2017-13269;0.001920000;0.079100000
CVE-2017-13268;0.001920000;0.079100000
CVE-2017-13267;0.016190000;0.750880000
CVE-2017-13266;0.017780000;0.773320000
CVE-2017-13265;0.003230000;0.228410000
CVE-2017-13264;0.004140000;0.331690000
CVE-2017-13263;0.003230000;0.228410000
CVE-2017-13262;0.080210000;0.945810000
CVE-2017-13261;0.071460000;0.940560000
CVE-2017-13260;0.072930000;0.941550000
CVE-2017-1326;0.007960000;0.546840000
CVE-2017-13259;0.012590000;0.683970000
CVE-2017-13258;0.071160000;0.940300000
CVE-2017-13257;0.007190000;0.519890000
CVE-2017-13256;0.006510000;0.491240000
CVE-2017-13255;0.006510000;0.491240000
CVE-2017-13254;0.004220000;0.339670000
CVE-2017-13253;0.028110000;0.859700000
CVE-2017-13252;0.005610000;0.444450000
CVE-2017-13251;0.005610000;0.444460000
CVE-2017-13250;0.010530000;0.629550000
CVE-2017-1325;0.008460000;0.563480000
CVE-2017-13249;0.010530000;0.629550000
CVE-2017-13248;0.010530000;0.629550000
CVE-2017-13247;0.001530000;0.037370000
CVE-2017-13246;0.005140000;0.414230000
CVE-2017-13245;0.001510000;0.035770000
CVE-2017-13244;0.001510000;0.035780000
CVE-2017-13243;0.005940000;0.462470000
CVE-2017-13242;0.005140000;0.414230000
CVE-2017-13241;0.005140000;0.414240000
CVE-2017-13240;0.005140000;0.414240000
CVE-2017-1324;0.007290000;0.523430000
CVE-2017-13239;0.004330000;0.350640000
CVE-2017-13238;0.001540000;0.037880000
CVE-2017-13236;0.005480000;0.436270000
CVE-2017-13235;0.003400000;0.248730000
CVE-2017-13234;0.006360000;0.483780000
CVE-2017-13233;0.006360000;0.483780000
CVE-2017-13232;0.008170000;0.554110000
CVE-2017-13231;0.001730000;0.059870000
CVE-2017-13230;0.019050000;0.788920000
CVE-2017-13229;0.017780000;0.773330000
CVE-2017-13228;0.014370000;0.720700000
CVE-2017-13227;0.000840000;0.002670000
CVE-2017-13226;0.001380000;0.026300000
CVE-2017-13225;0.008920000;0.578160000
CVE-2017-13222;0.006550000;0.493560000
CVE-2017-13221;0.001800000;0.068400000
CVE-2017-13220;0.002800000;0.183180000
CVE-2017-1322;0.023360000;0.829030000
CVE-2017-13219;0.005080000;0.410060000
CVE-2017-13218;0.002350000;0.129700000
CVE-2017-13217;0.002020000;0.090570000
CVE-2017-13216;0.009490000;0.596750000
CVE-2017-13215;0.003080000;0.211840000
CVE-2017-13214;0.021730000;0.815730000
CVE-2017-13213;0.001520000;0.036450000
CVE-2017-13212;0.001520000;0.036450000
CVE-2017-13211;0.021730000;0.815730000
CVE-2017-13210;0.002150000;0.107320000
CVE-2017-1321;0.009800000;0.607050000
CVE-2017-13209;0.007530000;0.531950000
CVE-2017-13208;0.085330000;0.948710000
CVE-2017-13207;0.006310000;0.481640000
CVE-2017-13206;0.006310000;0.481650000
CVE-2017-13205;0.006410000;0.486390000
CVE-2017-13204;0.006700000;0.499880000
CVE-2017-13203;0.006840000;0.506320000
CVE-2017-13202;0.006310000;0.481640000
CVE-2017-13201;0.005140000;0.414230000
CVE-2017-13200;0.004370000;0.354900000
CVE-2017-1320;0.005160000;0.415760000
CVE-2017-13199;0.021730000;0.815730000
CVE-2017-13198;0.005850000;0.457500000
CVE-2017-13197;0.021730000;0.815740000
CVE-2017-13196;0.021730000;0.815720000
CVE-2017-13195;0.017300000;0.766730000
CVE-2017-13194;0.018050000;0.776710000
CVE-2017-13193;0.021730000;0.815730000
CVE-2017-13192;0.017300000;0.766730000
CVE-2017-13191;0.017300000;0.766730000
CVE-2017-13190;0.004630000;0.376070000
CVE-2017-1319;0.010090000;0.616370000
CVE-2017-13189;0.004630000;0.376070000
CVE-2017-13188;0.006410000;0.486400000
CVE-2017-13187;0.005080000;0.409710000
CVE-2017-13186;0.004630000;0.376060000
CVE-2017-13185;0.005080000;0.409720000
CVE-2017-13184;0.002200000;0.112670000
CVE-2017-13183;0.001470000;0.032950000
CVE-2017-13182;0.002000000;0.089000000
CVE-2017-13181;0.002000000;0.088990000
CVE-2017-13180;0.001950000;0.082170000
CVE-2017-1318;0.031360000;0.873920000
CVE-2017-13179;0.023520000;0.830240000
CVE-2017-13178;0.023520000;0.830250000
CVE-2017-13177;0.024200000;0.835100000
CVE-2017-13176;0.012020000;0.669790000
CVE-2017-13175;0.004120000;0.328930000
CVE-2017-13174;0.001800000;0.068450000
CVE-2017-13173;0.001580000;0.042130000
CVE-2017-13172;0.001380000;0.026350000
CVE-2017-13171;0.001580000;0.042130000
CVE-2017-13170;0.001580000;0.042130000
CVE-2017-1317;0.007110000;0.516800000
CVE-2017-13169;0.004120000;0.328930000
CVE-2017-13168;0.003880000;0.303060000
CVE-2017-13167;0.001910000;0.079060000
CVE-2017-13166;0.003590000;0.270680000
CVE-2017-13165;0.001380000;0.026210000
CVE-2017-13164;0.004310000;0.348410000
CVE-2017-13163;0.001550000;0.039070000
CVE-2017-13162;0.004860000;0.394140000
CVE-2017-13161;0.001380000;0.026360000
CVE-2017-13160;0.017780000;0.773330000
CVE-2017-1316;0.007110000;0.516810000
CVE-2017-13159;0.005830000;0.456460000
CVE-2017-13158;0.005830000;0.456470000
CVE-2017-13157;0.005830000;0.456470000
CVE-2017-13156;0.204860000;0.974290000
CVE-2017-13154;0.001480000;0.033400000
CVE-2017-13153;0.001580000;0.042140000
CVE-2017-13152;0.004120000;0.328960000
CVE-2017-13151;0.014370000;0.720710000
CVE-2017-13150;0.004620000;0.375720000
CVE-2017-1315;0.007110000;0.516810000
CVE-2017-13149;0.004620000;0.375720000
CVE-2017-13148;0.004280000;0.344960000
CVE-2017-13147;0.015370000;0.738310000
CVE-2017-13146;0.012680000;0.685940000
CVE-2017-13145;0.015670000;0.743220000
CVE-2017-13144;0.020110000;0.800730000
CVE-2017-13143;0.029020000;0.864200000
CVE-2017-13142;0.018110000;0.777450000
CVE-2017-13141;0.012410000;0.679670000
CVE-2017-13140;0.015140000;0.734650000
CVE-2017-1314;0.007110000;0.516820000
CVE-2017-13139;0.038230000;0.896980000
CVE-2017-13138;0.011920000;0.667400000
CVE-2017-13137;0.023030000;0.826430000
CVE-2017-13136;0.012960000;0.691960000
CVE-2017-13135;0.011610000;0.658740000
CVE-2017-13134;0.020120000;0.800800000
CVE-2017-13133;0.016320000;0.752850000
CVE-2017-13132;0.011220000;0.648510000
CVE-2017-13131;0.014920000;0.730780000
CVE-2017-13130;0.004500000;0.366130000
CVE-2017-1313;0.007110000;0.516820000
CVE-2017-13129;0.010790000;0.636640000
CVE-2017-13127;0.011070000;0.644880000
CVE-2017-1312;0.007110000;0.516810000
CVE-2017-1311;0.015080000;0.733680000
CVE-2017-13108;0.009860000;0.608890000
CVE-2017-13107;0.009510000;0.597280000
CVE-2017-13106;0.009860000;0.608870000
CVE-2017-13105;0.007180000;0.519610000
CVE-2017-13104;0.009860000;0.608880000
CVE-2017-13102;0.009860000;0.608880000
CVE-2017-13101;0.009860000;0.608880000
CVE-2017-13100;0.009860000;0.608880000
CVE-2017-1310;0.016880000;0.761160000
CVE-2017-13099;0.249220000;0.978420000
CVE-2017-13098;0.242820000;0.977880000
CVE-2017-13097;0.004550000;0.369740000
CVE-2017-13096;0.004550000;0.369740000
CVE-2017-13095;0.004550000;0.369730000
CVE-2017-13094;0.002700000;0.172620000
CVE-2017-13093;0.004550000;0.369730000
CVE-2017-13092;0.004550000;0.369740000
CVE-2017-13091;0.004550000;0.369730000
CVE-2017-13090;0.365630000;0.984460000
CVE-2017-1309;0.002320000;0.126650000
CVE-2017-13089;0.798550000;0.996010000
CVE-2017-13088;0.018070000;0.776910000
CVE-2017-13087;0.017420000;0.768260000
CVE-2017-13086;0.020460000;0.804100000
CVE-2017-13084;0.022050000;0.818510000
CVE-2017-13083;0.009630000;0.601300000
CVE-2017-13082;0.045750000;0.912960000
CVE-2017-13081;0.019820000;0.797210000
CVE-2017-13080;0.022850000;0.824870000
CVE-2017-1308;0.015370000;0.738450000
CVE-2017-13079;0.021240000;0.811610000
CVE-2017-13078;0.020700000;0.806550000
CVE-2017-13077;0.023880000;0.832700000
CVE-2017-13073;0.007720000;0.538650000
CVE-2017-13072;0.007720000;0.538640000
CVE-2017-13071;0.014440000;0.721940000
CVE-2017-13070;0.021760000;0.815950000
CVE-2017-13069;0.016820000;0.760330000
CVE-2017-13068;0.025770000;0.845870000
CVE-2017-13067;0.166780000;0.969240000
CVE-2017-13066;0.014240000;0.718290000
CVE-2017-13065;0.017470000;0.768880000
CVE-2017-13064;0.022740000;0.824000000
CVE-2017-13063;0.018500000;0.782470000
CVE-2017-13062;0.014900000;0.730620000
CVE-2017-13061;0.015240000;0.736090000
CVE-2017-13060;0.011890000;0.666370000
CVE-2017-1306;0.006600000;0.495580000
CVE-2017-13059;0.015240000;0.736090000
CVE-2017-13058;0.015240000;0.736090000
CVE-2017-13056;0.056370000;0.926840000
CVE-2017-13055;0.032410000;0.878100000
CVE-2017-13054;0.032410000;0.878100000
CVE-2017-13053;0.032410000;0.878090000
CVE-2017-13052;0.034280000;0.884970000
CVE-2017-13051;0.036520000;0.891990000
CVE-2017-13050;0.046390000;0.913970000
CVE-2017-1305;0.007290000;0.523430000
CVE-2017-13049;0.034280000;0.884940000
CVE-2017-13048;0.032410000;0.878090000
CVE-2017-13047;0.032410000;0.878110000
CVE-2017-13046;0.032410000;0.878100000
CVE-2017-13045;0.034280000;0.884960000
CVE-2017-13044;0.034280000;0.884960000
CVE-2017-13043;0.032410000;0.878110000
CVE-2017-13042;0.032410000;0.878090000
CVE-2017-13041;0.045980000;0.913320000
CVE-2017-13040;0.045980000;0.913320000
CVE-2017-1304;0.003730000;0.286510000
CVE-2017-13039;0.034280000;0.884980000
CVE-2017-13038;0.044940000;0.911480000
CVE-2017-13037;0.034280000;0.884960000
CVE-2017-13036;0.034280000;0.884970000
CVE-2017-13035;0.034280000;0.884970000
CVE-2017-13034;0.032410000;0.878120000
CVE-2017-13033;0.043470000;0.908800000
CVE-2017-13032;0.032410000;0.878120000
CVE-2017-13031;0.032410000;0.878100000
CVE-2017-13030;0.034280000;0.884950000
CVE-2017-1303;0.012740000;0.687210000
CVE-2017-13029;0.034280000;0.884950000
CVE-2017-13028;0.035870000;0.890090000
CVE-2017-13027;0.032410000;0.878120000
CVE-2017-13026;0.032410000;0.878110000
CVE-2017-13025;0.034280000;0.884980000
CVE-2017-13024;0.034750000;0.886610000
CVE-2017-13023;0.034280000;0.884980000
CVE-2017-13022;0.034280000;0.884950000
CVE-2017-13021;0.034280000;0.884960000
CVE-2017-13020;0.032840000;0.880050000
CVE-2017-1302;0.003250000;0.230750000
CVE-2017-13019;0.044940000;0.911480000
CVE-2017-13018;0.025270000;0.842620000
CVE-2017-13017;0.023890000;0.832760000
CVE-2017-13016;0.025270000;0.842610000
CVE-2017-13015;0.023890000;0.832770000
CVE-2017-13014;0.025270000;0.842620000
CVE-2017-13013;0.025270000;0.842600000
CVE-2017-13012;0.025270000;0.842630000
CVE-2017-13011;0.025290000;0.842730000
CVE-2017-13010;0.034630000;0.886160000
CVE-2017-1301;0.003590000;0.270640000
CVE-2017-13009;0.033540000;0.882570000
CVE-2017-13008;0.033540000;0.882570000
CVE-2017-13007;0.023890000;0.832770000
CVE-2017-13006;0.025270000;0.842620000
CVE-2017-13005;0.025270000;0.842630000
CVE-2017-13004;0.034750000;0.886620000
CVE-2017-13003;0.023890000;0.832760000
CVE-2017-13002;0.025270000;0.842610000
CVE-2017-13001;0.023890000;0.832770000
CVE-2017-13000;0.031310000;0.873720000
CVE-2017-1300;0.006610000;0.495920000
CVE-2017-12999;0.025270000;0.842620000
CVE-2017-12998;0.023890000;0.832760000
CVE-2017-12997;0.024630000;0.838200000
CVE-2017-12996;0.023890000;0.832740000
CVE-2017-12995;0.024060000;0.834040000
CVE-2017-12994;0.025270000;0.842590000
CVE-2017-12993;0.025270000;0.842600000
CVE-2017-12992;0.023890000;0.832740000
CVE-2017-12991;0.023890000;0.832740000
CVE-2017-12990;0.025460000;0.843820000
CVE-2017-1299;0.006600000;0.495570000
CVE-2017-12989;0.023130000;0.827230000
CVE-2017-12988;0.023890000;0.832750000
CVE-2017-12987;0.032840000;0.880040000
CVE-2017-12986;0.033540000;0.882570000
CVE-2017-12985;0.034630000;0.886170000
CVE-2017-12984;0.022420000;0.821630000
CVE-2017-12983;0.024400000;0.836540000
CVE-2017-12982;0.028580000;0.862030000
CVE-2017-12981;0.011610000;0.658780000
CVE-2017-12980;0.013720000;0.708260000
CVE-2017-12979;0.013720000;0.708270000
CVE-2017-12978;0.007890000;0.544420000
CVE-2017-12977;0.015930000;0.747090000
CVE-2017-12976;0.026920000;0.853060000
CVE-2017-12974;0.012560000;0.683310000
CVE-2017-12973;0.006370000;0.484100000
CVE-2017-12972;0.008880000;0.576960000
CVE-2017-12971;0.026310000;0.849210000
CVE-2017-12970;0.022170000;0.819510000
CVE-2017-1297;0.014890000;0.730360000
CVE-2017-12969;0.100790000;0.954800000
CVE-2017-12967;0.031010000;0.872490000
CVE-2017-12966;0.010800000;0.637100000
CVE-2017-12965;0.156680000;0.967380000
CVE-2017-12964;0.018360000;0.780770000
CVE-2017-12963;0.012250000;0.676010000
CVE-2017-12962;0.012250000;0.676010000
CVE-2017-12961;0.012620000;0.684570000
CVE-2017-12960;0.012620000;0.684560000
CVE-2017-12959;0.012620000;0.684570000
CVE-2017-12958;0.012620000;0.684560000
CVE-2017-12957;0.014180000;0.717230000
CVE-2017-12956;0.014180000;0.717230000
CVE-2017-12955;0.016760000;0.759330000
CVE-2017-12954;0.041580000;0.905180000
CVE-2017-12953;0.041580000;0.905180000
CVE-2017-12952;0.041630000;0.905270000
CVE-2017-12951;0.030700000;0.871300000
CVE-2017-12950;0.050510000;0.920020000
CVE-2017-1295;0.009160000;0.585870000
CVE-2017-12949;0.011090000;0.645250000
CVE-2017-12948;0.007570000;0.533420000
CVE-2017-12947;0.012620000;0.684570000
CVE-2017-12946;0.012620000;0.684580000
CVE-2017-12945;0.174500000;0.970300000
CVE-2017-12944;0.026710000;0.851790000
CVE-2017-12943;0.392240000;0.985540000
CVE-2017-12942;0.023040000;0.826470000
CVE-2017-12941;0.022160000;0.819370000
CVE-2017-12940;0.021970000;0.817840000
CVE-2017-1294;0.006460000;0.488740000
CVE-2017-12939;0.047330000;0.915330000
CVE-2017-12938;0.030480000;0.870340000
CVE-2017-12937;0.023050000;0.826570000
CVE-2017-12936;0.250650000;0.978550000
CVE-2017-12935;0.018750000;0.785560000
CVE-2017-12934;0.036340000;0.891430000
CVE-2017-12933;0.069400000;0.938870000
CVE-2017-12932;0.074200000;0.942360000
CVE-2017-12930;0.031050000;0.872630000
CVE-2017-1293;0.006600000;0.495570000
CVE-2017-12929;0.100810000;0.954800000
CVE-2017-12928;0.029480000;0.866310000
CVE-2017-12927;0.013740000;0.708990000
CVE-2017-12925;0.012870000;0.689890000
CVE-2017-12924;0.012870000;0.689880000
CVE-2017-12923;0.012870000;0.689890000
CVE-2017-12922;0.012870000;0.689880000
CVE-2017-12921;0.012870000;0.689890000
CVE-2017-12920;0.012870000;0.689890000
CVE-2017-1292;0.008620000;0.568940000
CVE-2017-12919;0.013630000;0.706640000
CVE-2017-12912;0.006910000;0.508970000
CVE-2017-12911;0.008510000;0.565350000
CVE-2017-12910;0.013360000;0.700680000
CVE-2017-1291;0.006150000;0.473570000
CVE-2017-12909;0.013640000;0.706750000
CVE-2017-12908;0.012880000;0.690120000
CVE-2017-12907;0.006690000;0.499210000
CVE-2017-12906;0.008180000;0.554140000
CVE-2017-12905;0.026420000;0.849930000
CVE-2017-12904;0.064040000;0.934390000
CVE-2017-12902;0.034750000;0.886620000
CVE-2017-12901;0.023890000;0.832750000
CVE-2017-12900;0.023890000;0.832750000
CVE-2017-1290;0.007290000;0.523430000
CVE-2017-12899;0.032840000;0.880050000
CVE-2017-12898;0.025270000;0.842600000
CVE-2017-12897;0.025270000;0.842600000
CVE-2017-12896;0.032840000;0.880050000
CVE-2017-12895;0.023890000;0.832760000
CVE-2017-12894;0.025270000;0.842610000
CVE-2017-12893;0.023890000;0.832750000
CVE-2017-12892;0.033370000;0.881970000
CVE-2017-1289;0.036320000;0.891350000
CVE-2017-12885;0.008620000;0.569080000
CVE-2017-12884;0.012990000;0.692720000
CVE-2017-12883;0.059080000;0.929760000
CVE-2017-12882;0.006440000;0.487850000
CVE-2017-12881;0.007940000;0.546090000
CVE-2017-12879;0.011260000;0.649620000
CVE-2017-12877;0.022910000;0.825450000
CVE-2017-12876;0.029890000;0.867990000
CVE-2017-12875;0.024080000;0.834180000
CVE-2017-12874;0.012730000;0.687010000
CVE-2017-12873;0.016560000;0.756230000
CVE-2017-12872;0.014590000;0.724920000
CVE-2017-12871;0.004900000;0.396770000
CVE-2017-12870;0.008750000;0.573370000
CVE-2017-1287;0.005580000;0.442590000
CVE-2017-12869;0.023680000;0.831310000
CVE-2017-12868;0.021330000;0.812490000
CVE-2017-12867;0.012500000;0.681820000
CVE-2017-12865;0.055190000;0.925240000
CVE-2017-12864;0.027220000;0.854710000
CVE-2017-12863;0.027220000;0.854710000
CVE-2017-12862;0.030910000;0.872150000
CVE-2017-12861;0.033390000;0.882030000
CVE-2017-12860;0.034600000;0.886070000
CVE-2017-1286;0.013130000;0.695550000
CVE-2017-12859;0.017830000;0.773810000
CVE-2017-12858;0.032860000;0.880110000
CVE-2017-12857;0.016230000;0.751300000
CVE-2017-12856;0.008020000;0.548820000
CVE-2017-12855;0.003980000;0.313990000
CVE-2017-12853;0.008500000;0.564640000
CVE-2017-12852;0.027150000;0.854340000
CVE-2017-12851;0.013300000;0.699420000
CVE-2017-12850;0.013300000;0.699420000
CVE-2017-1285;0.016670000;0.757990000
CVE-2017-12849;0.011090000;0.645300000
CVE-2017-12847;0.007860000;0.543400000
CVE-2017-12844;0.007840000;0.542720000
CVE-2017-12843;0.012270000;0.676430000
CVE-2017-12842;0.022180000;0.819610000
CVE-2017-12840;0.003300000;0.235270000
CVE-2017-1284;0.002930000;0.196130000
CVE-2017-12839;0.028970000;0.863980000
CVE-2017-12838;0.005600000;0.443800000
CVE-2017-12837;0.062070000;0.932750000
CVE-2017-12836;0.060170000;0.930900000
CVE-2017-1283;0.009380000;0.593130000
CVE-2017-12824;0.014980000;0.731850000
CVE-2017-12823;0.003090000;0.212880000
CVE-2017-12822;0.011660000;0.660210000
CVE-2017-12821;0.029080000;0.864500000
CVE-2017-12820;0.016840000;0.760490000
CVE-2017-1282;0.005380000;0.430090000
CVE-2017-12819;0.013560000;0.705210000
CVE-2017-12818;0.018900000;0.787270000
CVE-2017-12817;0.008610000;0.568810000
CVE-2017-12816;0.015050000;0.733150000
CVE-2017-12815;0.019540000;0.794440000
CVE-2017-12814;0.069810000;0.939190000
CVE-2017-12813;0.006380000;0.484620000
CVE-2017-12812;0.006380000;0.484620000
CVE-2017-12811;0.006380000;0.484620000
CVE-2017-12810;0.006380000;0.484630000
CVE-2017-1281;0.006460000;0.488740000
CVE-2017-12809;0.003860000;0.300540000
CVE-2017-12806;0.029380000;0.865810000
CVE-2017-12805;0.029380000;0.865810000
CVE-2017-12804;0.014620000;0.725530000
CVE-2017-12803;0.022410000;0.821570000
CVE-2017-12802;0.024150000;0.834820000
CVE-2017-12801;0.024150000;0.834820000
CVE-2017-12800;0.024150000;0.834810000
CVE-2017-1280;0.006600000;0.495690000
CVE-2017-12799;0.032980000;0.880580000
CVE-2017-12798;0.006690000;0.499230000
CVE-2017-12797;0.011900000;0.666670000
CVE-2017-12796;0.042440000;0.906890000
CVE-2017-12795;0.022930000;0.825540000
CVE-2017-12794;0.235660000;0.977290000
CVE-2017-12792;0.012120000;0.672750000
CVE-2017-12791;0.046670000;0.914360000
CVE-2017-12790;0.006780000;0.503390000
CVE-2017-1279;0.018200000;0.778740000
CVE-2017-12789;0.006610000;0.496000000
CVE-2017-12788;0.010950000;0.641810000
CVE-2017-12787;0.246030000;0.978130000
CVE-2017-12786;0.252590000;0.978710000
CVE-2017-12785;0.159880000;0.967910000
CVE-2017-12784;0.022680000;0.823480000
CVE-2017-12783;0.024150000;0.834800000
CVE-2017-12782;0.024150000;0.834810000
CVE-2017-12781;0.024150000;0.834810000
CVE-2017-12780;0.024150000;0.834810000
CVE-2017-1278;0.008690000;0.571300000
CVE-2017-12779;0.022410000;0.821570000
CVE-2017-12778;0.004780000;0.387460000
CVE-2017-12777;0.006390000;0.485010000
CVE-2017-12776;0.014280000;0.719180000
CVE-2017-12775;0.016170000;0.750600000
CVE-2017-12774;0.015240000;0.736030000
CVE-2017-1277;0.006600000;0.495710000
CVE-2017-12763;0.038630000;0.898100000
CVE-2017-12762;0.052330000;0.922290000
CVE-2017-12761;0.025330000;0.842990000
CVE-2017-12760;0.022220000;0.819920000
CVE-2017-1276;0.007290000;0.523390000
CVE-2017-12759;0.036100000;0.890750000
CVE-2017-12758;0.031480000;0.874360000
CVE-2017-12757;0.036100000;0.890750000
CVE-2017-12756;0.011650000;0.659960000
CVE-2017-12754;0.027100000;0.854040000
CVE-2017-1275;0.006600000;0.495580000
CVE-2017-12741;0.033150000;0.881240000
CVE-2017-12740;0.005690000;0.449040000
CVE-2017-1274;0.067920000;0.937700000
CVE-2017-12739;0.056460000;0.926930000
CVE-2017-12738;0.008730000;0.572620000
CVE-2017-12737;0.017430000;0.768340000
CVE-2017-12736;0.010660000;0.633510000
CVE-2017-12735;0.011350000;0.651810000
CVE-2017-12734;0.014620000;0.725440000
CVE-2017-12733;0.023380000;0.829180000
CVE-2017-12732;0.007500000;0.530950000
CVE-2017-12731;0.016450000;0.754780000
CVE-2017-12730;0.007330000;0.524790000
CVE-2017-12729;0.011690000;0.660750000
CVE-2017-12728;0.003880000;0.302300000
CVE-2017-12726;0.010820000;0.637840000
CVE-2017-12725;0.008340000;0.559550000
CVE-2017-12724;0.013230000;0.697550000
CVE-2017-12723;0.009750000;0.605610000
CVE-2017-12722;0.024150000;0.834780000
CVE-2017-12721;0.006730000;0.501490000
CVE-2017-12720;0.018510000;0.782570000
CVE-2017-1272;0.016680000;0.758140000
CVE-2017-12719;0.030510000;0.870570000
CVE-2017-12718;0.127850000;0.961480000
CVE-2017-12717;0.024380000;0.836480000
CVE-2017-12716;0.002450000;0.141250000
CVE-2017-12714;0.006470000;0.489140000
CVE-2017-12713;0.003500000;0.261010000
CVE-2017-12712;0.010690000;0.634360000
CVE-2017-12711;0.003500000;0.261010000
CVE-2017-12710;0.022090000;0.818860000
CVE-2017-1271;0.008410000;0.562000000
CVE-2017-12709;0.003060000;0.209780000
CVE-2017-12708;0.033850000;0.883560000
CVE-2017-12707;0.026120000;0.848080000
CVE-2017-12706;0.031700000;0.875280000
CVE-2017-12705;0.004480000;0.363860000
CVE-2017-12704;0.026010000;0.847430000
CVE-2017-12703;0.006420000;0.486600000
CVE-2017-12702;0.022900000;0.825300000
CVE-2017-12701;0.012770000;0.687880000
CVE-2017-1270;0.003200000;0.225190000
CVE-2017-12699;0.003240000;0.228890000
CVE-2017-12698;0.048310000;0.916760000
CVE-2017-12697;0.014350000;0.720250000
CVE-2017-12695;0.018520000;0.782740000
CVE-2017-12694;0.038420000;0.897540000
CVE-2017-12693;0.029100000;0.864590000
CVE-2017-12692;0.029480000;0.866310000
CVE-2017-12691;0.019290000;0.791580000
CVE-2017-1269;0.018520000;0.782760000
CVE-2017-12680;0.006780000;0.503680000
CVE-2017-1268;0.013490000;0.703480000
CVE-2017-12679;0.014970000;0.731730000
CVE-2017-12678;0.022070000;0.818710000
CVE-2017-12677;0.010420000;0.626370000
CVE-2017-12676;0.009000000;0.580610000
CVE-2017-12675;0.008950000;0.579220000
CVE-2017-12674;0.016320000;0.752840000
CVE-2017-12673;0.011070000;0.644670000
CVE-2017-12672;0.008930000;0.578430000
CVE-2017-12671;0.011070000;0.644660000
CVE-2017-12670;0.014790000;0.728470000
CVE-2017-1267;0.016300000;0.752380000
CVE-2017-12669;0.014690000;0.726930000
CVE-2017-12668;0.014570000;0.724510000
CVE-2017-12667;0.014150000;0.716640000
CVE-2017-12666;0.021990000;0.817970000
CVE-2017-12665;0.016900000;0.761380000
CVE-2017-12664;0.014570000;0.724500000
CVE-2017-12663;0.014570000;0.724500000
CVE-2017-12662;0.022160000;0.819400000
CVE-2017-1266;0.005380000;0.430460000
CVE-2017-12655;0.006690000;0.499240000
CVE-2017-12654;0.011070000;0.644660000
CVE-2017-12653;0.019840000;0.797420000
CVE-2017-12652;0.041130000;0.904220000
CVE-2017-12651;0.007140000;0.517640000
CVE-2017-12650;0.018430000;0.781540000
CVE-2017-1265;0.007800000;0.541440000
CVE-2017-12649;0.007440000;0.529040000
CVE-2017-12648;0.007440000;0.529030000
CVE-2017-12647;0.007480000;0.530170000
CVE-2017-12646;0.007440000;0.529040000
CVE-2017-12645;0.006110000;0.471050000
CVE-2017-12644;0.024420000;0.836700000
CVE-2017-12643;0.025240000;0.842390000
CVE-2017-12642;0.014430000;0.721800000
CVE-2017-12641;0.013970000;0.713250000
CVE-2017-12640;0.024840000;0.839630000
CVE-2017-1264;0.015300000;0.737070000
CVE-2017-12639;0.025140000;0.841660000
CVE-2017-12638;0.025140000;0.841660000
CVE-2017-12637;0.951110000;0.998620000
CVE-2017-12636;0.897300000;0.997870000
CVE-2017-12635;0.998380000;0.999600000
CVE-2017-12634;0.071940000;0.940940000
CVE-2017-12633;0.071940000;0.940930000
CVE-2017-12632;0.028480000;0.861620000
CVE-2017-12631;0.016090000;0.749360000
CVE-2017-12630;0.010960000;0.642140000
CVE-2017-12629;0.918960000;0.998160000
CVE-2017-12628;0.007590000;0.534300000
CVE-2017-12627;0.083570000;0.947750000
CVE-2017-12626;0.101420000;0.955000000
CVE-2017-12625;0.014310000;0.719670000
CVE-2017-12624;0.036970000;0.893290000
CVE-2017-12623;0.019400000;0.793070000
CVE-2017-12622;0.020750000;0.806970000
CVE-2017-12621;0.070270000;0.939590000
CVE-2017-12620;0.030410000;0.870130000
CVE-2017-1262;0.013390000;0.701460000
CVE-2017-12619;0.049460000;0.918520000
CVE-2017-12618;0.005960000;0.463360000
CVE-2017-12617;0.999680000;0.999770000
CVE-2017-12616;0.701180000;0.993600000
CVE-2017-12615;0.996410000;0.999490000
CVE-2017-12614;0.020200000;0.801470000
CVE-2017-12613;0.017490000;0.769190000
CVE-2017-12612;0.007340000;0.525170000
CVE-2017-12611;0.871230000;0.997450000
CVE-2017-12610;0.029850000;0.867840000
CVE-2017-1261;0.002940000;0.197950000
CVE-2017-12608;0.028890000;0.863520000
CVE-2017-12607;0.025880000;0.846560000
CVE-2017-12606;0.019860000;0.797630000
CVE-2017-12605;0.019860000;0.797630000
CVE-2017-12604;0.019860000;0.797640000
CVE-2017-12603;0.019860000;0.797630000
CVE-2017-12602;0.029940000;0.868230000
CVE-2017-12601;0.020880000;0.808310000
CVE-2017-12600;0.022400000;0.821500000
CVE-2017-12599;0.019860000;0.797640000
CVE-2017-12598;0.019860000;0.797640000
CVE-2017-12597;0.019860000;0.797630000
CVE-2017-12596;0.018680000;0.784700000
CVE-2017-12595;0.018040000;0.776510000
CVE-2017-12593;0.004770000;0.386830000
CVE-2017-12592;0.010880000;0.639420000
CVE-2017-12591;0.005130000;0.413350000
CVE-2017-12590;0.006520000;0.491600000
CVE-2017-12589;0.006050000;0.467930000
CVE-2017-12588;0.028340000;0.860900000
CVE-2017-12587;0.020310000;0.802540000
CVE-2017-12586;0.026660000;0.851480000
CVE-2017-12585;0.017450000;0.768620000
CVE-2017-12584;0.009300000;0.590380000
CVE-2017-12583;0.032530000;0.878600000
CVE-2017-12582;0.011030000;0.643580000
CVE-2017-12581;0.066930000;0.936790000
CVE-2017-12580;0.003660000;0.279020000
CVE-2017-1258;0.011310000;0.650800000
CVE-2017-12579;0.014670000;0.726510000
CVE-2017-12577;0.014550000;0.724010000
CVE-2017-12576;0.021980000;0.817940000
CVE-2017-12575;0.023340000;0.828830000
CVE-2017-12574;0.017950000;0.775340000
CVE-2017-12573;0.031400000;0.874040000
CVE-2017-12572;0.005030000;0.405350000
CVE-2017-1257;0.010580000;0.630800000
CVE-2017-12568;0.018930000;0.787660000
CVE-2017-12567;0.012260000;0.676120000
CVE-2017-12566;0.012350000;0.678220000
CVE-2017-12565;0.011810000;0.664640000
CVE-2017-12564;0.010660000;0.633490000
CVE-2017-12563;0.016320000;0.752840000
CVE-2017-12562;0.039780000;0.901280000
CVE-2017-12561;0.306030000;0.981860000
CVE-2017-12560;0.025450000;0.843760000
CVE-2017-1256;0.008420000;0.562220000
CVE-2017-12559;0.025450000;0.843760000
CVE-2017-12558;0.378970000;0.985020000
CVE-2017-12557;0.798080000;0.996000000
CVE-2017-12556;0.378970000;0.985020000
CVE-2017-12555;0.031480000;0.874380000
CVE-2017-12554;0.046510000;0.914160000
CVE-2017-12553;0.003100000;0.213560000
CVE-2017-12552;0.004090000;0.325090000
CVE-2017-12551;0.004470000;0.363240000
CVE-2017-12550;0.003110000;0.214570000
CVE-2017-1255;0.010590000;0.631230000
CVE-2017-12549;0.003100000;0.214300000
CVE-2017-12548;0.004080000;0.324850000
CVE-2017-12547;0.004080000;0.324850000
CVE-2017-12546;0.003460000;0.255260000
CVE-2017-12545;0.065690000;0.935910000
CVE-2017-12544;0.045150000;0.911820000
CVE-2017-12543;0.014470000;0.722530000
CVE-2017-12542;0.992940000;0.999380000
CVE-2017-12541;0.056140000;0.926590000
CVE-2017-12540;0.056140000;0.926580000
CVE-2017-1254;0.015870000;0.746080000
CVE-2017-12539;0.056140000;0.926610000
CVE-2017-12538;0.056140000;0.926580000
CVE-2017-12537;0.056140000;0.926610000
CVE-2017-12536;0.056140000;0.926620000
CVE-2017-12535;0.056140000;0.926520000
CVE-2017-12534;0.056140000;0.926530000
CVE-2017-12533;0.056140000;0.926530000
CVE-2017-12532;0.056140000;0.926520000
CVE-2017-12531;0.056140000;0.926530000
CVE-2017-12530;0.056140000;0.926570000
CVE-2017-1253;0.022770000;0.824250000
CVE-2017-12529;0.056140000;0.926570000
CVE-2017-12528;0.056140000;0.926600000
CVE-2017-12527;0.056140000;0.926490000
CVE-2017-12526;0.056140000;0.926580000
CVE-2017-12525;0.056140000;0.926570000
CVE-2017-12524;0.056140000;0.926600000
CVE-2017-12523;0.056140000;0.926620000
CVE-2017-12522;0.056140000;0.926610000
CVE-2017-12521;0.056140000;0.926610000
CVE-2017-12520;0.056140000;0.926620000
CVE-2017-12519;0.056140000;0.926560000
CVE-2017-12518;0.056140000;0.926550000
CVE-2017-12517;0.056140000;0.926550000
CVE-2017-12516;0.056140000;0.926530000
CVE-2017-12515;0.056140000;0.926540000
CVE-2017-12514;0.056140000;0.926510000
CVE-2017-12513;0.056140000;0.926500000
CVE-2017-12512;0.056140000;0.926500000
CVE-2017-12511;0.056140000;0.926500000
CVE-2017-12510;0.056140000;0.926510000
CVE-2017-1251;0.007390000;0.527080000
CVE-2017-12509;0.056140000;0.926560000
CVE-2017-12508;0.056140000;0.926550000
CVE-2017-12507;0.056140000;0.926490000
CVE-2017-12506;0.056140000;0.926490000
CVE-2017-12505;0.056140000;0.926510000
CVE-2017-12504;0.056140000;0.926540000
CVE-2017-12503;0.056140000;0.926540000
CVE-2017-12502;0.056140000;0.926550000
CVE-2017-12501;0.056140000;0.926520000
CVE-2017-12500;0.147300000;0.965620000
CVE-2017-1250;0.006600000;0.495580000
CVE-2017-12499;0.056140000;0.926520000
CVE-2017-12498;0.056140000;0.926510000
CVE-2017-12497;0.056140000;0.926620000
CVE-2017-12496;0.056140000;0.926590000
CVE-2017-12495;0.056140000;0.926590000
CVE-2017-12494;0.056140000;0.926600000
CVE-2017-12493;0.056140000;0.926600000
CVE-2017-12492;0.056140000;0.926630000
CVE-2017-12491;0.056140000;0.926560000
CVE-2017-12490;0.056140000;0.926500000
CVE-2017-1249;0.006480000;0.489710000
CVE-2017-12489;0.056140000;0.926560000
CVE-2017-12488;0.056140000;0.926580000
CVE-2017-12487;0.056140000;0.926570000
CVE-2017-12482;0.012370000;0.678590000
CVE-2017-12481;0.012270000;0.676320000
CVE-2017-12480;0.009940000;0.611460000
CVE-2017-1248;0.011290000;0.650410000
CVE-2017-12479;0.118110000;0.959470000
CVE-2017-12478;0.782690000;0.995660000
CVE-2017-12477;0.682170000;0.993090000
CVE-2017-12476;0.011870000;0.666050000
CVE-2017-12475;0.011870000;0.666060000
CVE-2017-12474;0.011870000;0.666050000
CVE-2017-12473;0.013240000;0.697780000
CVE-2017-12472;0.017830000;0.773850000
CVE-2017-12471;0.017830000;0.773840000
CVE-2017-12470;0.015430000;0.739330000
CVE-2017-1247;0.007290000;0.523440000
CVE-2017-12469;0.018880000;0.786960000
CVE-2017-12468;0.018880000;0.786960000
CVE-2017-12467;0.015300000;0.737100000
CVE-2017-12466;0.017830000;0.773840000
CVE-2017-12465;0.017830000;0.773850000
CVE-2017-12464;0.015300000;0.737100000
CVE-2017-12463;0.013510000;0.704090000
CVE-2017-12460;0.006410000;0.486410000
CVE-2017-12459;0.018920000;0.787550000
CVE-2017-12458;0.015000000;0.732330000
CVE-2017-12457;0.014480000;0.722680000
CVE-2017-12456;0.014960000;0.731420000
CVE-2017-12455;0.014930000;0.731000000
CVE-2017-12454;0.015000000;0.732330000
CVE-2017-12453;0.014930000;0.731010000
CVE-2017-12452;0.014930000;0.731010000
CVE-2017-12451;0.014930000;0.731010000
CVE-2017-12450;0.018830000;0.786400000
CVE-2017-1245;0.005400000;0.431680000
CVE-2017-12449;0.014550000;0.723990000
CVE-2017-12448;0.019890000;0.798030000
CVE-2017-12447;0.011470000;0.654630000
CVE-2017-12445;0.008810000;0.574910000
CVE-2017-12444;0.008810000;0.574920000
CVE-2017-12443;0.008820000;0.575200000
CVE-2017-12442;0.008820000;0.575200000
CVE-2017-12441;0.008810000;0.574910000
CVE-2017-12440;0.021460000;0.813550000
CVE-2017-12439;0.006390000;0.485120000
CVE-2017-12435;0.022780000;0.824340000
CVE-2017-12434;0.012360000;0.678520000
CVE-2017-12433;0.011070000;0.644660000
CVE-2017-12432;0.020850000;0.808010000
CVE-2017-12431;0.014370000;0.720740000
CVE-2017-12430;0.022780000;0.824330000
CVE-2017-12429;0.018500000;0.782510000
CVE-2017-12428;0.020960000;0.809110000
CVE-2017-12427;0.020720000;0.806800000
CVE-2017-12426;0.035400000;0.888530000
CVE-2017-12425;0.024160000;0.834840000
CVE-2017-12424;0.026590000;0.851050000
CVE-2017-12423;0.010260000;0.621430000
CVE-2017-12422;0.016320000;0.752830000
CVE-2017-12421;0.017730000;0.772730000
CVE-2017-12420;0.030610000;0.870960000
CVE-2017-1242;0.008490000;0.564260000
CVE-2017-12419;0.013390000;0.701470000
CVE-2017-12418;0.025120000;0.841480000
CVE-2017-12416;0.011950000;0.667910000
CVE-2017-12415;0.006700000;0.499800000
CVE-2017-12414;0.015740000;0.744390000
CVE-2017-12413;0.011280000;0.650160000
CVE-2017-12412;0.013170000;0.696420000
CVE-2017-12410;0.002460000;0.142900000
CVE-2017-1241;0.009160000;0.585870000
CVE-2017-1240;0.009160000;0.585870000
CVE-2017-1239;0.012530000;0.682420000
CVE-2017-12380;0.051230000;0.920910000
CVE-2017-1238;0.006600000;0.495620000
CVE-2017-12379;0.125480000;0.960990000
CVE-2017-12378;0.027930000;0.858740000
CVE-2017-12377;0.115820000;0.958960000
CVE-2017-12376;0.066350000;0.936370000
CVE-2017-12375;0.055610000;0.925800000
CVE-2017-12374;0.049820000;0.919090000
CVE-2017-12373;0.127980000;0.961540000
CVE-2017-12372;0.029800000;0.867630000
CVE-2017-12371;0.029800000;0.867620000
CVE-2017-12370;0.029800000;0.867620000
CVE-2017-1237;0.006600000;0.495590000
CVE-2017-12369;0.029800000;0.867630000
CVE-2017-12368;0.029800000;0.867620000
CVE-2017-12367;0.028290000;0.860680000
CVE-2017-12366;0.012200000;0.674710000
CVE-2017-12365;0.012390000;0.678990000
CVE-2017-12364;0.013010000;0.693090000
CVE-2017-12363;0.015890000;0.746410000
CVE-2017-12362;0.023480000;0.829920000
CVE-2017-12361;0.003870000;0.301270000
CVE-2017-12360;0.010090000;0.616260000
CVE-2017-1236;0.014350000;0.720300000
CVE-2017-12359;0.016740000;0.758950000
CVE-2017-12358;0.006420000;0.486640000
CVE-2017-12357;0.008910000;0.578020000
CVE-2017-12356;0.012200000;0.674700000
CVE-2017-12355;0.030690000;0.871270000
CVE-2017-12354;0.022470000;0.821970000
CVE-2017-12353;0.016380000;0.753730000
CVE-2017-12352;0.004450000;0.361720000
CVE-2017-12351;0.003450000;0.254770000
CVE-2017-12350;0.003520000;0.263310000
CVE-2017-1235;0.022530000;0.822420000
CVE-2017-12349;0.008910000;0.578000000
CVE-2017-12348;0.008910000;0.578010000
CVE-2017-12347;0.008500000;0.564910000
CVE-2017-12346;0.008500000;0.564920000
CVE-2017-12345;0.013790000;0.709870000
CVE-2017-12344;0.009260000;0.588880000
CVE-2017-12343;0.015940000;0.747110000
CVE-2017-12342;0.003820000;0.295740000
CVE-2017-12341;0.006800000;0.504310000
CVE-2017-12340;0.003380000;0.246810000
CVE-2017-1234;0.007260000;0.522340000
CVE-2017-12339;0.007000000;0.512640000
CVE-2017-12338;0.003770000;0.290910000
CVE-2017-12337;0.064350000;0.934820000
CVE-2017-12336;0.004270000;0.344550000
CVE-2017-12335;0.009350000;0.592040000
CVE-2017-12334;0.006030000;0.467180000
CVE-2017-12333;0.002270000;0.121200000
CVE-2017-12332;0.003250000;0.230390000
CVE-2017-12331;0.002330000;0.127830000
CVE-2017-12330;0.011020000;0.643350000
CVE-2017-1233;0.003140000;0.218560000
CVE-2017-12329;0.011030000;0.643610000
CVE-2017-12328;0.021330000;0.812470000
CVE-2017-12323;0.008680000;0.571120000
CVE-2017-12322;0.008680000;0.571130000
CVE-2017-12321;0.008680000;0.571120000
CVE-2017-12320;0.008680000;0.571120000
CVE-2017-1232;0.008420000;0.562230000
CVE-2017-12319;0.052430000;0.922390000
CVE-2017-12318;0.015890000;0.746360000
CVE-2017-12317;0.003000000;0.203070000
CVE-2017-12316;0.020330000;0.802760000
CVE-2017-12315;0.003260000;0.231010000
CVE-2017-12314;0.003560000;0.267450000
CVE-2017-12313;0.005360000;0.428900000
CVE-2017-12312;0.005360000;0.428890000
CVE-2017-12311;0.021970000;0.817790000
CVE-2017-12310;0.008930000;0.578500000
CVE-2017-1231;0.003070000;0.210290000
CVE-2017-12309;0.016560000;0.756210000
CVE-2017-12308;0.008330000;0.559300000
CVE-2017-12307;0.008710000;0.572000000
CVE-2017-12306;0.001930000;0.080050000
CVE-2017-12305;0.008390000;0.561290000
CVE-2017-12304;0.012200000;0.674680000
CVE-2017-12303;0.016380000;0.753730000
CVE-2017-12302;0.011300000;0.650600000
CVE-2017-12301;0.004830000;0.391440000
CVE-2017-12300;0.016040000;0.748680000
CVE-2017-1230;0.012860000;0.689630000
CVE-2017-12299;0.011630000;0.659290000
CVE-2017-12298;0.012200000;0.674680000
CVE-2017-12297;0.011700000;0.661130000
CVE-2017-12296;0.012200000;0.674680000
CVE-2017-12295;0.017020000;0.762930000
CVE-2017-12294;0.008910000;0.578000000
CVE-2017-12293;0.022970000;0.825950000
CVE-2017-12292;0.008680000;0.571150000
CVE-2017-12291;0.008680000;0.571140000
CVE-2017-12290;0.008680000;0.571150000
CVE-2017-1229;0.012240000;0.675710000
CVE-2017-12289;0.003670000;0.279300000
CVE-2017-12288;0.012200000;0.674700000
CVE-2017-12287;0.016490000;0.755340000
CVE-2017-12286;0.003570000;0.269490000
CVE-2017-12285;0.371920000;0.984730000
CVE-2017-12284;0.003570000;0.269490000
CVE-2017-12283;0.005690000;0.448830000
CVE-2017-12282;0.005690000;0.448970000
CVE-2017-12281;0.007150000;0.518150000
CVE-2017-12280;0.025850000;0.846290000
CVE-2017-1228;0.011590000;0.657910000
CVE-2017-12279;0.006080000;0.469760000
CVE-2017-12278;0.016070000;0.749130000
CVE-2017-12277;0.038020000;0.896340000
CVE-2017-12276;0.014200000;0.717630000
CVE-2017-12275;0.007080000;0.515750000
CVE-2017-12274;0.008110000;0.552080000
CVE-2017-12273;0.008700000;0.571610000
CVE-2017-12272;0.012200000;0.674700000
CVE-2017-12271;0.009820000;0.607670000
CVE-2017-12270;0.022970000;0.825940000
CVE-2017-1227;0.014170000;0.716990000
CVE-2017-12269;0.009280000;0.589900000
CVE-2017-12268;0.003540000;0.265750000
CVE-2017-12267;0.015650000;0.742890000
CVE-2017-12266;0.003580000;0.269700000
CVE-2017-12265;0.012200000;0.674690000
CVE-2017-12264;0.021970000;0.817780000
CVE-2017-12263;0.114870000;0.958790000
CVE-2017-12262;0.007810000;0.541500000
CVE-2017-12261;0.003220000;0.227360000
CVE-2017-12260;0.022970000;0.825930000
CVE-2017-1226;0.009620000;0.601010000
CVE-2017-12259;0.022970000;0.825940000
CVE-2017-12258;0.016860000;0.760870000
CVE-2017-12257;0.008680000;0.571110000
CVE-2017-12256;0.014210000;0.717700000
CVE-2017-12255;0.004250000;0.342120000
CVE-2017-12254;0.023360000;0.828990000
CVE-2017-12253;0.011680000;0.660670000
CVE-2017-12252;0.003560000;0.267450000
CVE-2017-12251;0.021620000;0.814810000
CVE-2017-12250;0.030810000;0.871810000
CVE-2017-1225;0.012860000;0.689640000
CVE-2017-12249;0.031340000;0.873820000
CVE-2017-12248;0.017140000;0.764750000
CVE-2017-12246;0.065410000;0.935690000
CVE-2017-12245;0.015890000;0.746360000
CVE-2017-12244;0.015800000;0.745160000
CVE-2017-12243;0.770710000;0.995380000
CVE-2017-12240;0.137730000;0.963870000
CVE-2017-1224;0.013260000;0.698440000
CVE-2017-12239;0.004340000;0.351650000
CVE-2017-12238;0.020170000;0.801210000
CVE-2017-12237;0.070700000;0.939940000
CVE-2017-12236;0.031480000;0.874360000
CVE-2017-12235;0.070700000;0.939950000
CVE-2017-12234;0.070700000;0.939940000
CVE-2017-12233;0.070700000;0.939930000
CVE-2017-12232;0.021530000;0.814140000
CVE-2017-12231;0.070700000;0.939940000
CVE-2017-12230;0.031750000;0.875470000
CVE-2017-1223;0.013970000;0.713270000
CVE-2017-12229;0.051670000;0.921480000
CVE-2017-12228;0.009970000;0.612120000
CVE-2017-12227;0.009680000;0.602980000
CVE-2017-12226;0.032620000;0.879200000
CVE-2017-12225;0.019610000;0.795110000
CVE-2017-12224;0.015260000;0.736430000
CVE-2017-12223;0.004160000;0.333420000
CVE-2017-12222;0.007490000;0.530510000
CVE-2017-12221;0.010860000;0.638930000
CVE-2017-12220;0.008680000;0.571120000
CVE-2017-1222;0.011490000;0.655460000
CVE-2017-12219;0.026620000;0.851190000
CVE-2017-12218;0.016380000;0.753730000
CVE-2017-12217;0.021330000;0.812470000
CVE-2017-12216;0.029160000;0.864850000
CVE-2017-12215;0.017340000;0.767210000
CVE-2017-12214;0.021820000;0.816410000
CVE-2017-12213;0.007850000;0.542880000
CVE-2017-12212;0.012340000;0.678060000
CVE-2017-12211;0.016470000;0.755030000
CVE-2017-1221;0.015810000;0.745240000
CVE-2017-12200;0.009230000;0.588150000
CVE-2017-1220;0.012860000;0.689630000
CVE-2017-12199;0.018280000;0.779710000
CVE-2017-12197;0.015110000;0.734250000
CVE-2017-12196;0.020490000;0.804390000
CVE-2017-12195;0.013980000;0.713430000
CVE-2017-12194;0.052490000;0.922460000
CVE-2017-12193;0.004510000;0.366880000
CVE-2017-12192;0.004490000;0.365050000
CVE-2017-12191;0.008770000;0.573760000
CVE-2017-12190;0.005310000;0.425510000
CVE-2017-1219;0.020820000;0.807720000
CVE-2017-12189;0.003370000;0.245850000
CVE-2017-12188;0.004410000;0.358390000
CVE-2017-12187;0.033460000;0.882270000
CVE-2017-12186;0.043020000;0.907960000
CVE-2017-12185;0.041670000;0.905340000
CVE-2017-12184;0.041670000;0.905340000
CVE-2017-12183;0.042330000;0.906690000
CVE-2017-12182;0.042330000;0.906700000
CVE-2017-12181;0.042330000;0.906690000
CVE-2017-12180;0.042330000;0.906690000
CVE-2017-1218;0.009010000;0.580950000
CVE-2017-12179;0.043700000;0.909270000
CVE-2017-12178;0.041660000;0.905320000
CVE-2017-12177;0.043700000;0.909270000
CVE-2017-12176;0.041660000;0.905330000
CVE-2017-12175;0.010990000;0.642710000
CVE-2017-12174;0.059760000;0.930470000
CVE-2017-12173;0.014990000;0.732090000
CVE-2017-12172;0.005860000;0.458430000
CVE-2017-12171;0.080780000;0.946110000
CVE-2017-12170;0.015170000;0.735050000
CVE-2017-1217;0.010770000;0.636270000
CVE-2017-12169;0.019250000;0.791180000
CVE-2017-12168;0.004170000;0.334700000
CVE-2017-12167;0.003760000;0.289410000
CVE-2017-12166;0.036290000;0.891310000
CVE-2017-12165;0.018580000;0.783590000
CVE-2017-12164;0.003850000;0.299830000
CVE-2017-12163;0.075900000;0.943330000
CVE-2017-12161;0.013080000;0.694370000
CVE-2017-12160;0.019240000;0.791060000
CVE-2017-12159;0.027110000;0.854090000
CVE-2017-12158;0.010210000;0.619640000
CVE-2017-12157;0.009720000;0.604570000
CVE-2017-12156;0.010620000;0.631900000
CVE-2017-12155;0.002870000;0.190290000
CVE-2017-12154;0.005120000;0.412970000
CVE-2017-12153;0.004740000;0.385250000
CVE-2017-12151;0.045950000;0.913270000
CVE-2017-12150;0.133340000;0.962750000
CVE-2017-12149;0.907130000;0.998010000
CVE-2017-12148;0.017070000;0.763660000
CVE-2017-12146;0.002960000;0.199550000
CVE-2017-12145;0.010820000;0.637710000
CVE-2017-12144;0.010110000;0.617010000
CVE-2017-12143;0.010380000;0.625050000
CVE-2017-12142;0.009670000;0.602290000
CVE-2017-12141;0.011480000;0.655240000
CVE-2017-12140;0.022310000;0.820610000
CVE-2017-1214;0.012960000;0.691960000
CVE-2017-12139;0.007800000;0.541370000
CVE-2017-12138;0.034060000;0.884310000
CVE-2017-12137;0.004370000;0.354760000
CVE-2017-12136;0.003110000;0.214700000
CVE-2017-12135;0.004520000;0.367670000
CVE-2017-12134;0.004970000;0.401870000
CVE-2017-12133;0.024030000;0.833750000
CVE-2017-12132;0.019580000;0.794890000
CVE-2017-12131;0.007800000;0.541310000
CVE-2017-12130;0.024260000;0.835610000
CVE-2017-12129;0.006370000;0.484450000
CVE-2017-12128;0.407210000;0.986080000
CVE-2017-12127;0.004330000;0.351290000
CVE-2017-12126;0.009950000;0.611670000
CVE-2017-12125;0.039620000;0.900880000
CVE-2017-12124;0.018530000;0.782810000
CVE-2017-12123;0.010330000;0.623270000
CVE-2017-12122;0.023950000;0.833200000
CVE-2017-12121;0.042620000;0.907200000
CVE-2017-12120;0.042620000;0.907200000
CVE-2017-1212;0.009610000;0.600160000
CVE-2017-12119;0.020860000;0.808070000
CVE-2017-12118;0.015990000;0.747920000
CVE-2017-12117;0.013610000;0.706270000
CVE-2017-12116;0.016580000;0.756600000
CVE-2017-12115;0.015910000;0.746650000
CVE-2017-12114;0.013990000;0.713670000
CVE-2017-12113;0.014850000;0.729770000
CVE-2017-12112;0.014430000;0.721790000
CVE-2017-12111;0.020780000;0.807240000
CVE-2017-12110;0.020970000;0.809210000
CVE-2017-1211;0.002800000;0.183700000
CVE-2017-12109;0.027280000;0.855060000
CVE-2017-12108;0.027280000;0.855060000
CVE-2017-12107;0.012470000;0.680970000
CVE-2017-12106;0.017610000;0.770970000
CVE-2017-12105;0.018200000;0.778690000
CVE-2017-12104;0.018360000;0.780730000
CVE-2017-12103;0.018360000;0.780730000
CVE-2017-12102;0.018240000;0.779260000
CVE-2017-12101;0.018410000;0.781300000
CVE-2017-12100;0.018360000;0.780720000
CVE-2017-1210;0.014080000;0.715320000
CVE-2017-12099;0.020800000;0.807500000
CVE-2017-12098;0.012790000;0.688210000
CVE-2017-12097;0.010120000;0.617370000
CVE-2017-12096;0.006790000;0.503880000
CVE-2017-12095;0.006320000;0.481870000
CVE-2017-12094;0.008730000;0.572660000
CVE-2017-12093;0.060000000;0.930740000
CVE-2017-12092;0.026790000;0.852340000
CVE-2017-12090;0.047200000;0.915130000
CVE-2017-1209;0.005140000;0.414520000
CVE-2017-12089;0.048350000;0.916830000
CVE-2017-12088;0.046330000;0.913910000
CVE-2017-12087;0.019130000;0.789860000
CVE-2017-12086;0.019910000;0.798260000
CVE-2017-12085;0.016710000;0.758520000
CVE-2017-12084;0.009730000;0.604630000
CVE-2017-12083;0.011440000;0.653970000
CVE-2017-12082;0.019910000;0.798260000
CVE-2017-12081;0.019910000;0.798250000
CVE-2017-12080;0.014450000;0.722180000
CVE-2017-1208;0.007290000;0.523440000
CVE-2017-12079;0.018450000;0.781740000
CVE-2017-12078;0.023810000;0.832200000
CVE-2017-12077;0.014330000;0.720000000
CVE-2017-12076;0.014330000;0.720000000
CVE-2017-12075;0.019370000;0.792590000
CVE-2017-12074;0.019890000;0.798060000
CVE-2017-12072;0.010090000;0.616280000
CVE-2017-12071;0.013720000;0.708300000
CVE-2017-12070;0.010280000;0.622050000
CVE-2017-1207;0.003210000;0.226290000
CVE-2017-12069;0.029040000;0.864270000
CVE-2017-12068;0.007800000;0.541300000
CVE-2017-12067;0.010790000;0.636780000
CVE-2017-12066;0.014170000;0.717020000
CVE-2017-12065;0.029210000;0.865050000
CVE-2017-12064;0.012020000;0.669680000
CVE-2017-12062;0.039040000;0.899090000
CVE-2017-12061;0.029370000;0.865780000
CVE-2017-1205;0.003260000;0.231130000
CVE-2017-1204;0.016230000;0.751470000
CVE-2017-1203;0.013170000;0.696380000
CVE-2017-1202;0.008490000;0.564250000
CVE-2017-1201;0.002770000;0.180250000
CVE-2017-1200;0.006440000;0.487740000
CVE-2017-1199;0.007200000;0.520280000
CVE-2017-1198;0.011970000;0.668440000
CVE-2017-1197;0.016030000;0.748460000
CVE-2017-1196;0.016610000;0.757100000
CVE-2017-1195;0.008000000;0.548080000
CVE-2017-11940;0.197590000;0.973200000
CVE-2017-1194;0.008770000;0.573920000
CVE-2017-11939;0.062780000;0.933420000
CVE-2017-11937;0.283270000;0.980600000
CVE-2017-11936;0.041940000;0.905900000
CVE-2017-11935;0.188810000;0.972020000
CVE-2017-11934;0.125880000;0.961060000
CVE-2017-11932;0.058840000;0.929630000
CVE-2017-11930;0.086430000;0.949300000
CVE-2017-1193;0.011920000;0.667290000
CVE-2017-11927;0.096170000;0.953220000
CVE-2017-1192;0.023460000;0.829760000
CVE-2017-11919;0.064230000;0.934650000
CVE-2017-11918;0.626460000;0.991690000
CVE-2017-11916;0.061720000;0.932460000
CVE-2017-11914;0.626460000;0.991680000
CVE-2017-11913;0.086430000;0.949300000
CVE-2017-11912;0.084740000;0.948370000
CVE-2017-11911;0.654600000;0.992380000
CVE-2017-11910;0.086430000;0.949320000
CVE-2017-1191;0.007390000;0.527080000
CVE-2017-11909;0.654600000;0.992380000
CVE-2017-11908;0.086430000;0.949310000
CVE-2017-11907;0.647330000;0.992200000
CVE-2017-11906;0.251160000;0.978610000
CVE-2017-11905;0.086430000;0.949310000
CVE-2017-11903;0.468260000;0.987890000
CVE-2017-11901;0.079120000;0.945250000
CVE-2017-1190;0.003300000;0.235030000
CVE-2017-11899;0.058360000;0.929100000
CVE-2017-11895;0.084740000;0.948370000
CVE-2017-11894;0.084740000;0.948360000
CVE-2017-11893;0.684910000;0.993150000
CVE-2017-11890;0.500510000;0.988680000
CVE-2017-1189;0.010770000;0.636280000
CVE-2017-11889;0.086430000;0.949290000
CVE-2017-11888;0.084840000;0.948430000
CVE-2017-11887;0.064230000;0.934640000
CVE-2017-11886;0.086430000;0.949320000
CVE-2017-11885;0.455210000;0.987530000
CVE-2017-11884;0.094940000;0.952770000
CVE-2017-11883;0.085260000;0.948660000
CVE-2017-11882;0.999450000;0.999730000
CVE-2017-11880;0.021840000;0.816600000
CVE-2017-11879;0.093980000;0.952430000
CVE-2017-11878;0.061670000;0.932380000
CVE-2017-11877;0.045460000;0.912450000
CVE-2017-11876;0.024740000;0.838970000
CVE-2017-11874;0.039740000;0.901180000
CVE-2017-11873;0.698020000;0.993520000
CVE-2017-11872;0.072450000;0.941250000
CVE-2017-11871;0.079790000;0.945580000
CVE-2017-11870;0.596420000;0.991000000
CVE-2017-11869;0.098250000;0.953960000
CVE-2017-11866;0.079790000;0.945580000
CVE-2017-11863;0.034930000;0.887200000
CVE-2017-11862;0.079120000;0.945250000
CVE-2017-11861;0.641940000;0.992050000
CVE-2017-11858;0.083580000;0.947760000
CVE-2017-11856;0.056340000;0.926800000
CVE-2017-11855;0.485640000;0.988300000
CVE-2017-11854;0.083560000;0.947740000
CVE-2017-11853;0.109750000;0.957510000
CVE-2017-11852;0.021980000;0.817920000
CVE-2017-11851;0.020910000;0.808550000
CVE-2017-11850;0.028550000;0.861910000
CVE-2017-11849;0.021840000;0.816600000
CVE-2017-11848;0.070460000;0.939750000
CVE-2017-11847;0.064620000;0.935000000
CVE-2017-11846;0.077010000;0.944000000
CVE-2017-11845;0.079300000;0.945350000
CVE-2017-11844;0.059300000;0.930030000
CVE-2017-11843;0.084740000;0.948360000
CVE-2017-11842;0.021840000;0.816600000
CVE-2017-11841;0.596420000;0.991000000
CVE-2017-11840;0.596420000;0.991000000
CVE-2017-11839;0.623590000;0.991610000
CVE-2017-11838;0.085460000;0.948790000
CVE-2017-11837;0.085460000;0.948780000
CVE-2017-11836;0.079790000;0.945580000
CVE-2017-11835;0.023840000;0.832360000
CVE-2017-11834;0.127280000;0.961340000
CVE-2017-11833;0.052090000;0.922040000
CVE-2017-11832;0.020910000;0.808560000
CVE-2017-11831;0.033310000;0.881750000
CVE-2017-11830;0.025700000;0.845410000
CVE-2017-1183;0.007470000;0.529820000
CVE-2017-11829;0.037840000;0.895850000
CVE-2017-11827;0.075950000;0.943390000
CVE-2017-11826;0.811580000;0.996250000
CVE-2017-11825;0.228990000;0.976730000
CVE-2017-11824;0.012090000;0.671660000
CVE-2017-11823;0.025560000;0.844480000
CVE-2017-11822;0.084840000;0.948430000
CVE-2017-11821;0.087610000;0.949920000
CVE-2017-11820;0.022670000;0.823430000
CVE-2017-1182;0.085440000;0.948770000
CVE-2017-11819;0.142230000;0.964680000
CVE-2017-11818;0.011650000;0.659870000
CVE-2017-11817;0.020910000;0.808560000
CVE-2017-11816;0.199550000;0.973500000
CVE-2017-11815;0.133470000;0.962830000
CVE-2017-11814;0.023220000;0.827910000
CVE-2017-11813;0.080380000;0.945920000
CVE-2017-11812;0.472600000;0.988000000
CVE-2017-11811;0.654600000;0.992390000
CVE-2017-11810;0.548170000;0.989920000
CVE-2017-1181;0.002240000;0.117470000
CVE-2017-11809;0.680270000;0.993030000
CVE-2017-11808;0.087610000;0.949920000
CVE-2017-11807;0.087610000;0.949910000
CVE-2017-11806;0.087610000;0.949910000
CVE-2017-11805;0.087610000;0.949930000
CVE-2017-11804;0.087610000;0.949920000
CVE-2017-11803;0.059300000;0.930030000
CVE-2017-11802;0.691630000;0.993360000
CVE-2017-11801;0.057990000;0.928640000
CVE-2017-11800;0.087610000;0.949920000
CVE-2017-1180;0.007230000;0.521170000
CVE-2017-11799;0.636750000;0.991930000
CVE-2017-11798;0.087610000;0.949910000
CVE-2017-11797;0.057990000;0.928630000
CVE-2017-11796;0.087610000;0.949900000
CVE-2017-11794;0.053250000;0.923240000
CVE-2017-11793;0.495590000;0.988560000
CVE-2017-11792;0.087610000;0.949910000
CVE-2017-11791;0.054870000;0.924930000
CVE-2017-11790;0.055600000;0.925780000
CVE-2017-1179;0.008420000;0.562230000
CVE-2017-11788;0.079290000;0.945340000
CVE-2017-11786;0.093920000;0.952400000
CVE-2017-11785;0.030180000;0.869260000
CVE-2017-11784;0.023220000;0.827900000
CVE-2017-11783;0.025010000;0.840730000
CVE-2017-11782;0.011700000;0.661250000
CVE-2017-11781;0.143990000;0.965040000
CVE-2017-11780;0.099610000;0.954410000
CVE-2017-1178;0.009770000;0.606290000
CVE-2017-11779;0.333380000;0.983210000
CVE-2017-11777;0.022670000;0.823430000
CVE-2017-11776;0.093860000;0.952370000
CVE-2017-11775;0.022670000;0.823430000
CVE-2017-11774;0.596270000;0.990990000
CVE-2017-11772;0.082990000;0.947370000
CVE-2017-11771;0.519320000;0.989170000
CVE-2017-11770;0.054230000;0.924240000
CVE-2017-1177;0.013010000;0.693130000
CVE-2017-11769;0.196030000;0.972990000
CVE-2017-11768;0.064010000;0.934370000
CVE-2017-11767;0.095130000;0.952840000
CVE-2017-11766;0.086430000;0.949300000
CVE-2017-11765;0.023220000;0.827890000
CVE-2017-11764;0.644370000;0.992110000
CVE-2017-11763;0.171470000;0.969870000
CVE-2017-11762;0.171470000;0.969870000
CVE-2017-11761;0.065590000;0.935830000
CVE-2017-11760;0.012800000;0.688350000
CVE-2017-1176;0.003220000;0.227530000
CVE-2017-11757;0.024940000;0.840310000
CVE-2017-11756;0.007080000;0.515810000
CVE-2017-11755;0.015030000;0.732740000
CVE-2017-11754;0.015100000;0.733950000
CVE-2017-11753;0.015100000;0.733950000
CVE-2017-11752;0.017590000;0.770600000
CVE-2017-11751;0.018100000;0.777340000
CVE-2017-11750;0.018180000;0.778560000
CVE-2017-1175;0.018820000;0.786270000
CVE-2017-11749;0.007920000;0.545510000
CVE-2017-11748;0.008250000;0.556790000
CVE-2017-11747;0.002920000;0.195080000
CVE-2017-11746;0.010900000;0.640010000
CVE-2017-11744;0.006020000;0.466560000
CVE-2017-11743;0.016080000;0.749170000
CVE-2017-11742;0.004620000;0.375380000
CVE-2017-11741;0.011090000;0.645140000
CVE-2017-11740;0.030710000;0.871350000
CVE-2017-1174;0.015080000;0.733680000
CVE-2017-11739;0.027960000;0.858910000
CVE-2017-11738;0.041350000;0.904770000
CVE-2017-11737;0.006730000;0.501140000
CVE-2017-11736;0.010440000;0.626950000
CVE-2017-11734;0.009580000;0.599370000
CVE-2017-11733;0.009800000;0.607010000
CVE-2017-11732;0.010920000;0.640520000
CVE-2017-11731;0.009580000;0.599380000
CVE-2017-11730;0.010830000;0.638050000
CVE-2017-11729;0.010830000;0.638050000
CVE-2017-11728;0.010830000;0.638050000
CVE-2017-11727;0.010640000;0.632790000
CVE-2017-11726;0.004770000;0.386830000
CVE-2017-11725;0.005670000;0.448070000
CVE-2017-11724;0.018140000;0.777910000
CVE-2017-11723;0.025650000;0.844990000
CVE-2017-11722;0.018070000;0.776970000
CVE-2017-11721;0.025170000;0.841910000
CVE-2017-11720;0.024640000;0.838320000
CVE-2017-11719;0.017360000;0.767450000
CVE-2017-11718;0.006580000;0.494780000
CVE-2017-11717;0.011290000;0.650390000
CVE-2017-11716;0.006520000;0.491630000
CVE-2017-11715;0.014920000;0.730850000
CVE-2017-11714;0.023030000;0.826430000
CVE-2017-1171;0.006730000;0.501350000
CVE-2017-11706;0.014100000;0.715680000
CVE-2017-11705;0.012040000;0.670220000
CVE-2017-11704;0.012040000;0.670210000
CVE-2017-11703;0.012040000;0.670220000
CVE-2017-1170;0.003160000;0.219970000
CVE-2017-11698;0.007360000;0.526000000
CVE-2017-11697;0.005230000;0.420450000
CVE-2017-11696;0.007360000;0.525990000
CVE-2017-11695;0.007360000;0.526000000
CVE-2017-11694;0.010010000;0.613440000
CVE-2017-11693;0.010010000;0.613450000
CVE-2017-11692;0.022490000;0.822080000
CVE-2017-11691;0.019930000;0.798520000
CVE-2017-1169;0.007290000;0.523410000
CVE-2017-11687;0.012650000;0.685390000
CVE-2017-11686;0.022930000;0.825560000
CVE-2017-11685;0.012650000;0.685390000
CVE-2017-11684;0.016240000;0.751550000
CVE-2017-11683;0.026630000;0.851250000
CVE-2017-11682;0.008040000;0.549810000
CVE-2017-11681;0.012090000;0.671840000
CVE-2017-11680;0.005050000;0.407000000
CVE-2017-1168;0.007290000;0.523410000
CVE-2017-11679;0.006830000;0.505640000
CVE-2017-11678;0.016800000;0.759880000
CVE-2017-11677;0.009430000;0.594750000
CVE-2017-11675;0.028960000;0.863950000
CVE-2017-11674;0.017800000;0.773580000
CVE-2017-11673;0.027040000;0.853710000
CVE-2017-11672;0.003220000;0.226940000
CVE-2017-11671;0.004420000;0.359170000
CVE-2017-11670;0.012580000;0.683870000
CVE-2017-11669;0.012580000;0.683870000
CVE-2017-11668;0.012580000;0.683870000
CVE-2017-11667;0.014200000;0.717650000
CVE-2017-11666;0.007540000;0.532240000
CVE-2017-11665;0.023620000;0.830940000
CVE-2017-11664;0.084290000;0.948120000
CVE-2017-11663;0.055080000;0.925150000
CVE-2017-11662;0.097030000;0.953520000
CVE-2017-11661;0.107720000;0.956890000
CVE-2017-11658;0.033270000;0.881640000
CVE-2017-11657;0.006730000;0.501030000
CVE-2017-11655;0.025490000;0.844000000
CVE-2017-11654;0.020140000;0.800960000
CVE-2017-11653;0.003580000;0.269990000
CVE-2017-11652;0.004110000;0.327890000
CVE-2017-11651;0.006710000;0.500030000
CVE-2017-11650;0.009240000;0.588190000
CVE-2017-11649;0.006900000;0.508640000
CVE-2017-11648;0.004490000;0.365300000
CVE-2017-11647;0.005130000;0.413340000
CVE-2017-11646;0.004490000;0.365310000
CVE-2017-11645;0.012800000;0.688290000
CVE-2017-11644;0.016160000;0.750350000
CVE-2017-11643;0.022180000;0.819580000
CVE-2017-11642;0.017660000;0.771560000
CVE-2017-11641;0.020200000;0.801490000
CVE-2017-11640;0.026920000;0.853070000
CVE-2017-1164;0.007290000;0.523460000
CVE-2017-11639;0.027140000;0.854270000
CVE-2017-11638;0.017250000;0.766020000
CVE-2017-11637;0.020950000;0.808990000
CVE-2017-11636;0.030900000;0.872120000
CVE-2017-11635;0.011670000;0.660300000
CVE-2017-11634;0.023220000;0.827870000
CVE-2017-11633;0.014000000;0.713900000
CVE-2017-11632;0.024580000;0.837880000
CVE-2017-11631;0.010440000;0.626690000
CVE-2017-11630;0.017730000;0.772770000
CVE-2017-11629;0.019370000;0.792720000
CVE-2017-11628;0.033650000;0.882910000
CVE-2017-11627;0.012650000;0.685340000
CVE-2017-11626;0.012140000;0.673070000
CVE-2017-11625;0.012140000;0.673080000
CVE-2017-11624;0.012140000;0.673080000
CVE-2017-1162;0.016140000;0.750130000
CVE-2017-11617;0.010250000;0.621290000
CVE-2017-11615;0.007670000;0.537060000
CVE-2017-11614;0.011030000;0.643590000
CVE-2017-11613;0.027350000;0.855450000
CVE-2017-11612;0.009650000;0.601690000
CVE-2017-11611;0.009040000;0.581700000
CVE-2017-11610;0.873780000;0.997520000
CVE-2017-1161;0.014950000;0.731330000
CVE-2017-11608;0.011450000;0.654120000
CVE-2017-11605;0.014570000;0.724480000
CVE-2017-11600;0.004060000;0.322560000
CVE-2017-1160;0.005380000;0.430060000
CVE-2017-11594;0.011890000;0.666640000
CVE-2017-11593;0.007640000;0.535840000
CVE-2017-11592;0.017380000;0.767760000
CVE-2017-11591;0.030980000;0.872410000
CVE-2017-11590;0.015340000;0.737820000
CVE-2017-1159;0.005560000;0.440870000
CVE-2017-11589;0.013870000;0.711310000
CVE-2017-11588;0.041610000;0.905230000
CVE-2017-11587;0.022000000;0.818060000
CVE-2017-11586;0.022860000;0.825010000
CVE-2017-11585;0.022160000;0.819430000
CVE-2017-11584;0.015100000;0.733950000
CVE-2017-11583;0.011370000;0.652210000
CVE-2017-11582;0.014540000;0.723880000
CVE-2017-11581;0.006690000;0.499210000
CVE-2017-11580;0.014310000;0.719720000
CVE-2017-11579;0.015590000;0.742050000
CVE-2017-11578;0.020490000;0.804360000
CVE-2017-11577;0.012240000;0.675810000
CVE-2017-11576;0.007070000;0.515130000
CVE-2017-11575;0.012240000;0.675800000
CVE-2017-11574;0.013630000;0.706550000
CVE-2017-11573;0.012080000;0.671300000
CVE-2017-11572;0.012240000;0.675800000
CVE-2017-11571;0.014400000;0.721140000
CVE-2017-11570;0.012760000;0.687670000
CVE-2017-1157;0.009620000;0.601020000
CVE-2017-11569;0.014060000;0.715010000
CVE-2017-11568;0.013390000;0.701460000
CVE-2017-11567;0.041350000;0.904760000
CVE-2017-11566;0.008220000;0.555900000
CVE-2017-11565;0.012630000;0.685070000
CVE-2017-11564;0.038190000;0.896890000
CVE-2017-11563;0.051970000;0.921850000
CVE-2017-11562;0.010350000;0.624300000
CVE-2017-11561;0.020210000;0.801590000
CVE-2017-11560;0.013620000;0.706500000
CVE-2017-1156;0.011460000;0.654490000
CVE-2017-11559;0.044500000;0.910750000
CVE-2017-11557;0.036960000;0.893220000
CVE-2017-11556;0.012010000;0.669550000
CVE-2017-11555;0.012010000;0.669540000
CVE-2017-11554;0.018790000;0.785900000
CVE-2017-11553;0.017380000;0.767760000
CVE-2017-11552;0.065600000;0.935830000
CVE-2017-11551;0.014470000;0.722490000
CVE-2017-11550;0.014530000;0.723680000
CVE-2017-1155;0.012840000;0.689240000
CVE-2017-11549;0.009600000;0.600070000
CVE-2017-11548;0.038550000;0.897900000
CVE-2017-11547;0.010970000;0.642380000
CVE-2017-11546;0.010970000;0.642390000
CVE-2017-11543;0.061960000;0.932630000
CVE-2017-11542;0.037910000;0.896020000
CVE-2017-11541;0.037910000;0.896020000
CVE-2017-11540;0.016360000;0.753550000
CVE-2017-1154;0.009880000;0.609740000
CVE-2017-11539;0.019800000;0.796990000
CVE-2017-11538;0.017050000;0.763500000
CVE-2017-11537;0.018670000;0.784630000
CVE-2017-11536;0.012270000;0.676470000
CVE-2017-11535;0.016630000;0.757380000
CVE-2017-11534;0.009460000;0.595710000
CVE-2017-11533;0.019280000;0.791520000
CVE-2017-11532;0.013590000;0.705700000
CVE-2017-11531;0.015150000;0.734750000
CVE-2017-11530;0.020520000;0.804770000
CVE-2017-1153;0.012580000;0.683640000
CVE-2017-11529;0.014050000;0.714850000
CVE-2017-11528;0.018760000;0.785580000
CVE-2017-11527;0.017700000;0.772300000
CVE-2017-11526;0.029150000;0.864800000
CVE-2017-11525;0.041170000;0.904290000
CVE-2017-11524;0.031830000;0.875740000
CVE-2017-11523;0.029980000;0.868440000
CVE-2017-11522;0.018540000;0.783080000
CVE-2017-11521;0.023300000;0.828540000
CVE-2017-1152;0.006040000;0.467730000
CVE-2017-11519;0.030510000;0.870600000
CVE-2017-11517;0.290830000;0.981070000
CVE-2017-11516;0.008320000;0.558920000
CVE-2017-11512;0.796040000;0.995960000
CVE-2017-11511;0.035380000;0.888490000
CVE-2017-11510;0.014850000;0.729760000
CVE-2017-1151;0.022370000;0.821240000
CVE-2017-11509;0.061840000;0.932540000
CVE-2017-11508;0.012020000;0.669690000
CVE-2017-11507;0.010290000;0.622360000
CVE-2017-11506;0.005710000;0.449850000
CVE-2017-11505;0.022570000;0.822640000
CVE-2017-11503;0.024000000;0.833550000
CVE-2017-11502;0.071220000;0.940370000
CVE-2017-11501;0.008750000;0.573240000
CVE-2017-11500;0.015580000;0.741880000
CVE-2017-1150;0.006040000;0.467570000
CVE-2017-11499;0.054340000;0.924340000
CVE-2017-11498;0.029740000;0.867350000
CVE-2017-11497;0.047580000;0.915750000
CVE-2017-11496;0.047580000;0.915750000
CVE-2017-11495;0.031770000;0.875520000
CVE-2017-11494;0.037460000;0.894760000
CVE-2017-1149;0.015290000;0.736960000
CVE-2017-11482;0.007380000;0.526900000
CVE-2017-11481;0.008370000;0.560770000
CVE-2017-11480;0.014360000;0.720590000
CVE-2017-1148;0.012860000;0.689630000
CVE-2017-11479;0.010710000;0.634670000
CVE-2017-11478;0.017700000;0.772300000
CVE-2017-11475;0.012100000;0.672170000
CVE-2017-11474;0.014420000;0.721650000
CVE-2017-11473;0.004120000;0.328330000
CVE-2017-11472;0.003730000;0.285970000
CVE-2017-11471;0.014660000;0.726290000
CVE-2017-11470;0.014660000;0.726290000
CVE-2017-1147;0.007290000;0.523450000
CVE-2017-11469;0.049300000;0.918260000
CVE-2017-11468;0.031920000;0.876070000
CVE-2017-11467;0.730710000;0.994420000
CVE-2017-11466;0.076950000;0.943960000
CVE-2017-11465;0.016770000;0.759340000
CVE-2017-11464;0.012630000;0.685040000
CVE-2017-11463;0.024270000;0.835690000
CVE-2017-11462;0.054810000;0.924840000
CVE-2017-11461;0.010180000;0.618960000
CVE-2017-11460;0.011460000;0.654470000
CVE-2017-1146;0.005380000;0.430070000
CVE-2017-11459;0.023540000;0.830370000
CVE-2017-11458;0.009700000;0.603640000
CVE-2017-11457;0.013730000;0.708550000
CVE-2017-11456;0.088100000;0.950110000
CVE-2017-11455;0.013050000;0.693850000
CVE-2017-11450;0.023630000;0.830970000
CVE-2017-1145;0.019100000;0.789540000
CVE-2017-11449;0.033890000;0.883680000
CVE-2017-11448;0.026870000;0.852800000
CVE-2017-11447;0.021550000;0.814320000
CVE-2017-11446;0.017270000;0.766290000
CVE-2017-11445;0.011370000;0.652210000
CVE-2017-11444;0.130980000;0.962260000
CVE-2017-11441;0.005110000;0.412040000
CVE-2017-11440;0.020330000;0.802790000
CVE-2017-1144;0.002830000;0.186770000
CVE-2017-11439;0.006040000;0.467360000
CVE-2017-11438;0.006190000;0.475520000
CVE-2017-11437;0.007870000;0.543830000
CVE-2017-11436;0.020260000;0.802110000
CVE-2017-11435;0.100500000;0.954680000
CVE-2017-11434;0.004060000;0.322330000
CVE-2017-11430;0.024150000;0.834830000
CVE-2017-1143;0.009170000;0.586080000
CVE-2017-11429;0.027410000;0.855770000
CVE-2017-11428;0.024440000;0.836820000
CVE-2017-11427;0.046970000;0.914810000
CVE-2017-11424;0.018040000;0.776560000
CVE-2017-11423;0.020670000;0.806230000
CVE-2017-11422;0.008670000;0.570630000
CVE-2017-11421;0.006280000;0.479630000
CVE-2017-11420;0.056070000;0.926430000
CVE-2017-1142;0.012240000;0.675770000
CVE-2017-11419;0.009860000;0.608670000
CVE-2017-11418;0.009860000;0.608670000
CVE-2017-11417;0.010220000;0.620290000
CVE-2017-11416;0.009860000;0.608680000
CVE-2017-11415;0.009860000;0.608680000
CVE-2017-11414;0.009860000;0.608680000
CVE-2017-11413;0.010220000;0.620290000
CVE-2017-11412;0.009860000;0.608680000
CVE-2017-11411;0.013030000;0.693410000
CVE-2017-11410;0.013030000;0.693410000
CVE-2017-1141;0.007730000;0.538850000
CVE-2017-11409;0.022550000;0.822520000
CVE-2017-11408;0.020600000;0.805410000
CVE-2017-11407;0.027640000;0.857180000
CVE-2017-11406;0.030240000;0.869490000
CVE-2017-11405;0.008490000;0.564550000
CVE-2017-11404;0.008490000;0.564550000
CVE-2017-11403;0.283100000;0.980590000
CVE-2017-11402;0.015450000;0.739740000
CVE-2017-11401;0.013970000;0.713290000
CVE-2017-11400;0.002730000;0.176300000
CVE-2017-1140;0.007290000;0.523420000
CVE-2017-11399;0.016080000;0.749280000
CVE-2017-11398;0.081950000;0.946840000
CVE-2017-11397;0.017630000;0.771160000
CVE-2017-11396;0.031960000;0.876230000
CVE-2017-11395;0.140920000;0.964420000
CVE-2017-11394;0.667740000;0.992680000
CVE-2017-11393;0.158870000;0.967760000
CVE-2017-11392;0.337630000;0.983390000
CVE-2017-11391;0.617770000;0.991480000
CVE-2017-11390;0.023420000;0.829520000
CVE-2017-11389;0.272440000;0.979930000
CVE-2017-11388;0.141040000;0.964430000
CVE-2017-11387;0.147510000;0.965660000
CVE-2017-11386;0.241020000;0.977720000
CVE-2017-11385;0.384830000;0.985270000
CVE-2017-11384;0.384830000;0.985270000
CVE-2017-11383;0.384830000;0.985280000
CVE-2017-11382;0.024530000;0.837590000
CVE-2017-11381;0.030970000;0.872370000
CVE-2017-11380;0.014640000;0.725710000
CVE-2017-11379;0.004640000;0.376990000
CVE-2017-1137;0.018810000;0.786150000
CVE-2017-11368;0.023970000;0.833350000
CVE-2017-11367;0.014670000;0.726470000
CVE-2017-11366;0.075470000;0.943050000
CVE-2017-11365;0.018550000;0.783250000
CVE-2017-11364;0.021820000;0.816450000
CVE-2017-11362;0.029100000;0.864590000
CVE-2017-11361;0.011970000;0.668620000
CVE-2017-11360;0.009400000;0.593630000
CVE-2017-11359;0.065990000;0.936140000
CVE-2017-11358;0.074010000;0.942250000
CVE-2017-11357;0.776790000;0.995520000
CVE-2017-11356;0.035030000;0.887480000
CVE-2017-11355;0.029040000;0.864300000
CVE-2017-11354;0.009860000;0.608690000
CVE-2017-11353;0.007770000;0.540370000
CVE-2017-11352;0.018430000;0.781590000
CVE-2017-11351;0.014050000;0.714900000
CVE-2017-11350;0.004490000;0.365310000
CVE-2017-11349;0.020390000;0.803250000
CVE-2017-11348;0.012220000;0.674980000
CVE-2017-11347;0.017340000;0.767280000
CVE-2017-11346;0.432700000;0.986840000
CVE-2017-11345;0.018500000;0.782510000
CVE-2017-11344;0.027640000;0.857170000
CVE-2017-11343;0.009320000;0.591290000
CVE-2017-11342;0.012010000;0.669550000
CVE-2017-11341;0.017170000;0.765160000
CVE-2017-11340;0.014240000;0.718300000
CVE-2017-1134;0.003400000;0.249490000
CVE-2017-11339;0.011490000;0.655450000
CVE-2017-11338;0.014240000;0.718300000
CVE-2017-11337;0.014240000;0.718300000
CVE-2017-11336;0.014240000;0.718300000
CVE-2017-11335;0.036300000;0.891320000
CVE-2017-11334;0.005020000;0.404890000
CVE-2017-11333;0.048380000;0.916880000
CVE-2017-11332;0.065990000;0.936130000
CVE-2017-11331;0.037930000;0.896090000
CVE-2017-11330;0.030560000;0.870800000
CVE-2017-1133;0.005160000;0.415740000
CVE-2017-11329;0.012410000;0.679690000
CVE-2017-11328;0.006740000;0.501780000
CVE-2017-11327;0.008820000;0.575260000
CVE-2017-11326;0.011160000;0.647220000
CVE-2017-11325;0.011670000;0.660310000
CVE-2017-11324;0.010970000;0.642310000
CVE-2017-11323;0.029530000;0.866480000
CVE-2017-11322;0.050750000;0.920320000
CVE-2017-11321;0.083380000;0.947660000
CVE-2017-11320;0.018150000;0.778060000
CVE-2017-1132;0.007200000;0.520270000
CVE-2017-11319;0.055640000;0.925820000
CVE-2017-11318;0.012530000;0.682480000
CVE-2017-11317;0.841750000;0.996890000
CVE-2017-11311;0.016790000;0.759740000
CVE-2017-11310;0.013590000;0.705750000
CVE-2017-1131;0.014380000;0.720800000
CVE-2017-11309;0.094040000;0.952450000
CVE-2017-11308;0.080110000;0.945750000
CVE-2017-11307;0.062080000;0.932760000
CVE-2017-11306;0.062080000;0.932770000
CVE-2017-11305;0.036420000;0.891680000
CVE-2017-11304;0.070660000;0.939890000
CVE-2017-11303;0.080600000;0.946020000
CVE-2017-11302;0.064700000;0.935100000
CVE-2017-11301;0.032200000;0.877410000
CVE-2017-11300;0.032200000;0.877400000
CVE-2017-1130;0.292220000;0.981140000
CVE-2017-11299;0.032200000;0.877410000
CVE-2017-11298;0.032200000;0.877410000
CVE-2017-11297;0.032200000;0.877400000
CVE-2017-11296;0.029300000;0.865510000
CVE-2017-11295;0.058530000;0.929320000
CVE-2017-11294;0.088410000;0.950270000
CVE-2017-11293;0.090860000;0.951320000
CVE-2017-11292;0.118850000;0.959650000
CVE-2017-11291;0.055490000;0.925630000
CVE-2017-11290;0.030210000;0.869390000
CVE-2017-1129;0.300740000;0.981570000
CVE-2017-11289;0.029210000;0.865070000
CVE-2017-11288;0.029210000;0.865070000
CVE-2017-11287;0.029210000;0.865070000
CVE-2017-11286;0.095850000;0.953120000
CVE-2017-11285;0.027330000;0.855300000
CVE-2017-11284;0.427210000;0.986700000
CVE-2017-11283;0.427210000;0.986700000
CVE-2017-11282;0.348480000;0.983820000
CVE-2017-11281;0.338770000;0.983440000
CVE-2017-11280;0.060830000;0.931620000
CVE-2017-1128;0.006450000;0.488410000
CVE-2017-11279;0.067170000;0.936990000
CVE-2017-11278;0.060830000;0.931620000
CVE-2017-11277;0.060830000;0.931620000
CVE-2017-11276;0.060830000;0.931620000
CVE-2017-11275;0.095330000;0.952920000
CVE-2017-11274;0.087200000;0.949680000
CVE-2017-11273;0.043820000;0.909500000
CVE-2017-11272;0.130220000;0.962110000
CVE-2017-11271;0.069180000;0.938740000
CVE-2017-11270;0.069180000;0.938730000
CVE-2017-1127;0.006450000;0.488400000
CVE-2017-11269;0.069180000;0.938730000
CVE-2017-11268;0.069180000;0.938710000
CVE-2017-11267;0.069180000;0.938720000
CVE-2017-11265;0.075940000;0.943390000
CVE-2017-11263;0.260640000;0.979240000
CVE-2017-11262;0.069180000;0.938730000
CVE-2017-11261;0.069180000;0.938720000
CVE-2017-11260;0.069180000;0.938720000
CVE-2017-1126;0.012240000;0.675810000
CVE-2017-11259;0.127870000;0.961480000
CVE-2017-11258;0.075940000;0.943370000
CVE-2017-11257;0.084220000;0.948090000
CVE-2017-11256;0.075690000;0.943180000
CVE-2017-11255;0.075940000;0.943370000
CVE-2017-11254;0.081280000;0.946480000
CVE-2017-11253;0.062080000;0.932770000
CVE-2017-11252;0.075940000;0.943380000
CVE-2017-11251;0.069180000;0.938720000
CVE-2017-11250;0.062080000;0.932770000
CVE-2017-1125;0.003470000;0.256330000
CVE-2017-11249;0.075940000;0.943370000
CVE-2017-11248;0.075940000;0.943360000
CVE-2017-11246;0.075940000;0.943380000
CVE-2017-11245;0.075940000;0.943360000
CVE-2017-11244;0.100670000;0.954750000
CVE-2017-11243;0.075940000;0.943380000
CVE-2017-11242;0.069670000;0.939080000
CVE-2017-11241;0.146730000;0.965500000
CVE-2017-11240;0.062080000;0.932770000
CVE-2017-1124;0.002970000;0.200650000
CVE-2017-11239;0.075940000;0.943360000
CVE-2017-11238;0.075940000;0.943380000
CVE-2017-11237;0.065660000;0.935890000
CVE-2017-11236;0.092430000;0.951870000
CVE-2017-11235;0.079730000;0.945560000
CVE-2017-11234;0.069180000;0.938710000
CVE-2017-11233;0.075940000;0.943370000
CVE-2017-11232;0.076080000;0.943460000
CVE-2017-11231;0.075690000;0.943190000
CVE-2017-11230;0.100670000;0.954750000
CVE-2017-11229;0.067170000;0.936990000
CVE-2017-11228;0.070690000;0.939910000
CVE-2017-11227;0.069180000;0.938730000
CVE-2017-11226;0.069180000;0.938710000
CVE-2017-11225;0.060760000;0.931530000
CVE-2017-11224;0.092040000;0.951710000
CVE-2017-11223;0.095230000;0.952880000
CVE-2017-11222;0.069180000;0.938710000
CVE-2017-11221;0.088700000;0.950420000
CVE-2017-11220;0.146730000;0.965500000
CVE-2017-1122;0.003330000;0.239170000
CVE-2017-11219;0.092040000;0.951700000
CVE-2017-11218;0.095230000;0.952870000
CVE-2017-11217;0.083960000;0.947960000
CVE-2017-11216;0.077420000;0.944270000
CVE-2017-11215;0.060760000;0.931530000
CVE-2017-11214;0.069180000;0.938700000
CVE-2017-11213;0.065180000;0.935440000
CVE-2017-11212;0.088500000;0.950320000
CVE-2017-11211;0.270710000;0.979830000
CVE-2017-11210;0.114680000;0.958740000
CVE-2017-1121;0.008790000;0.574220000
CVE-2017-11209;0.114680000;0.958740000
CVE-2017-11202;0.006690000;0.499230000
CVE-2017-11201;0.006140000;0.472980000
CVE-2017-11200;0.009970000;0.612150000
CVE-2017-1120;0.009610000;0.600680000
CVE-2017-11198;0.007850000;0.543120000
CVE-2017-11197;0.009850000;0.608360000
CVE-2017-11196;0.005600000;0.443810000
CVE-2017-11195;0.008980000;0.580040000
CVE-2017-11194;0.006810000;0.504900000
CVE-2017-11193;0.005600000;0.443810000
CVE-2017-11191;0.016870000;0.761050000
CVE-2017-11190;0.010190000;0.619330000
CVE-2017-1119;0.013180000;0.696780000
CVE-2017-11189;0.013150000;0.695980000
CVE-2017-11188;0.015520000;0.740980000
CVE-2017-11187;0.010490000;0.628360000
CVE-2017-11185;0.028250000;0.860470000
CVE-2017-11184;0.016330000;0.753030000
CVE-2017-11183;0.013090000;0.694680000
CVE-2017-11182;0.008020000;0.548980000
CVE-2017-11181;0.006580000;0.494820000
CVE-2017-11180;0.006320000;0.482080000
CVE-2017-1118;0.018680000;0.784800000
CVE-2017-11179;0.006320000;0.482090000
CVE-2017-11178;0.005290000;0.424490000
CVE-2017-11177;0.010330000;0.623390000
CVE-2017-11176;0.038150000;0.896800000
CVE-2017-11175;0.008880000;0.576860000
CVE-2017-11174;0.010350000;0.624350000
CVE-2017-11173;0.023450000;0.829670000
CVE-2017-11171;0.003220000;0.226930000
CVE-2017-11170;0.016820000;0.760120000
CVE-2017-1117;0.011340000;0.651320000
CVE-2017-11169;0.021960000;0.817730000
CVE-2017-11167;0.015240000;0.736030000
CVE-2017-11166;0.014320000;0.719750000
CVE-2017-11165;0.638830000;0.991980000
CVE-2017-11164;0.030760000;0.871570000
CVE-2017-11163;0.012770000;0.687840000
CVE-2017-11162;0.016100000;0.749430000
CVE-2017-11161;0.012400000;0.679300000
CVE-2017-11160;0.004320000;0.350310000
CVE-2017-1116;0.009810000;0.607300000
CVE-2017-11159;0.004490000;0.364970000
CVE-2017-11158;0.004060000;0.322180000
CVE-2017-11157;0.004430000;0.360350000
CVE-2017-11156;0.023020000;0.826310000
CVE-2017-11155;0.474320000;0.988030000
CVE-2017-11154;0.086290000;0.949230000
CVE-2017-11153;0.121980000;0.960290000
CVE-2017-11152;0.145670000;0.965320000
CVE-2017-11151;0.162990000;0.968490000
CVE-2017-11150;0.016090000;0.749380000
CVE-2017-1115;0.008490000;0.564250000
CVE-2017-11149;0.015990000;0.747870000
CVE-2017-11148;0.014240000;0.718260000
CVE-2017-11147;0.047100000;0.915000000
CVE-2017-11145;0.048120000;0.916500000
CVE-2017-11144;0.061640000;0.932360000
CVE-2017-11143;0.068460000;0.938100000
CVE-2017-11142;0.082550000;0.947150000
CVE-2017-11141;0.016690000;0.758280000
CVE-2017-11140;0.018230000;0.779100000
CVE-2017-1114;0.006600000;0.495550000
CVE-2017-11139;0.027020000;0.853600000
CVE-2017-11136;0.005040000;0.406300000
CVE-2017-11135;0.010610000;0.631730000
CVE-2017-11134;0.008200000;0.555320000
CVE-2017-11133;0.006750000;0.502230000
CVE-2017-11132;0.005090000;0.410470000
CVE-2017-11131;0.005500000;0.437720000
CVE-2017-11130;0.003960000;0.311540000
CVE-2017-1113;0.007410000;0.527990000
CVE-2017-11129;0.011030000;0.643580000
CVE-2017-11128;0.005510000;0.437990000
CVE-2017-11127;0.005510000;0.437990000
CVE-2017-11126;0.014010000;0.714140000
CVE-2017-11125;0.019510000;0.794160000
CVE-2017-11124;0.019510000;0.794150000
CVE-2017-11122;0.018490000;0.782310000
CVE-2017-11121;0.027940000;0.858750000
CVE-2017-11120;0.091290000;0.951480000
CVE-2017-11119;0.009130000;0.584790000
CVE-2017-11118;0.009330000;0.591380000
CVE-2017-11117;0.009360000;0.592600000
CVE-2017-11116;0.011500000;0.655860000
CVE-2017-11115;0.009820000;0.607660000
CVE-2017-11114;0.008920000;0.578070000
CVE-2017-11113;0.023880000;0.832700000
CVE-2017-11112;0.022300000;0.820590000
CVE-2017-11111;0.016960000;0.762200000
CVE-2017-11110;0.012340000;0.678020000
CVE-2017-11109;0.010880000;0.639450000
CVE-2017-11108;0.049010000;0.917830000
CVE-2017-11107;0.020690000;0.806450000
CVE-2017-11105;0.016090000;0.749350000
CVE-2017-11104;0.026810000;0.852430000
CVE-2017-11103;0.051180000;0.920860000
CVE-2017-11102;0.032730000;0.879570000
CVE-2017-11101;0.014210000;0.717760000
CVE-2017-11100;0.014210000;0.717760000
CVE-2017-1110;0.009920000;0.610820000
CVE-2017-11099;0.014210000;0.717760000
CVE-2017-11098;0.014210000;0.717760000
CVE-2017-11097;0.014210000;0.717770000
CVE-2017-11096;0.014210000;0.717750000
CVE-2017-11093;0.004120000;0.328940000
CVE-2017-11092;0.004600000;0.373780000
CVE-2017-11091;0.001380000;0.026310000
CVE-2017-11090;0.004120000;0.328940000
CVE-2017-11089;0.009670000;0.602160000
CVE-2017-11088;0.006520000;0.492000000
CVE-2017-11087;0.005140000;0.414250000
CVE-2017-11085;0.001370000;0.025880000
CVE-2017-11082;0.001300000;0.021840000
CVE-2017-11081;0.001370000;0.025880000
CVE-2017-11080;0.001370000;0.025870000
CVE-2017-11079;0.004420000;0.358830000
CVE-2017-11078;0.001690000;0.056090000
CVE-2017-11076;0.003500000;0.260720000
CVE-2017-11075;0.001550000;0.039060000
CVE-2017-11074;0.001550000;0.039380000
CVE-2017-11073;0.001380000;0.026340000
CVE-2017-11072;0.001370000;0.025890000
CVE-2017-1107;0.013520000;0.704180000
CVE-2017-11069;0.006170000;0.474520000
CVE-2017-11067;0.001510000;0.035800000
CVE-2017-11066;0.004120000;0.328950000
CVE-2017-11064;0.005140000;0.414220000
CVE-2017-11063;0.004730000;0.384080000
CVE-2017-11062;0.005140000;0.414240000
CVE-2017-11061;0.005140000;0.414260000
CVE-2017-11060;0.005140000;0.414250000
CVE-2017-1106;0.007290000;0.523440000
CVE-2017-11059;0.001630000;0.049100000
CVE-2017-11058;0.004120000;0.328960000
CVE-2017-11057;0.001510000;0.035780000
CVE-2017-11056;0.001510000;0.035790000
CVE-2017-11055;0.005140000;0.414250000
CVE-2017-11054;0.005140000;0.414250000
CVE-2017-11053;0.003850000;0.299370000
CVE-2017-11052;0.005140000;0.414230000
CVE-2017-11051;0.005140000;0.414240000
CVE-2017-11050;0.001630000;0.049100000
CVE-2017-1105;0.003720000;0.285260000
CVE-2017-11049;0.000980000;0.007050000
CVE-2017-11048;0.001690000;0.055770000
CVE-2017-11047;0.001380000;0.026300000
CVE-2017-11046;0.001510000;0.035790000
CVE-2017-11045;0.000980000;0.007220000
CVE-2017-11044;0.000980000;0.007220000
CVE-2017-11043;0.006020000;0.466610000
CVE-2017-11042;0.001270000;0.019780000
CVE-2017-11041;0.005260000;0.422510000
CVE-2017-11040;0.003680000;0.280950000
CVE-2017-1104;0.007530000;0.532030000
CVE-2017-11038;0.001390000;0.027030000
CVE-2017-11035;0.001590000;0.043500000
CVE-2017-11033;0.001550000;0.039070000
CVE-2017-11032;0.001380000;0.026350000
CVE-2017-11031;0.004120000;0.328960000
CVE-2017-11030;0.001550000;0.039080000
CVE-2017-1103;0.012230000;0.675520000
CVE-2017-11029;0.001370000;0.025870000
CVE-2017-11028;0.006080000;0.469560000
CVE-2017-11027;0.001380000;0.026340000
CVE-2017-11026;0.001350000;0.024600000
CVE-2017-11025;0.000980000;0.007220000
CVE-2017-11024;0.001380000;0.026360000
CVE-2017-11023;0.001380000;0.026310000
CVE-2017-11022;0.003400000;0.248830000
CVE-2017-1102;0.007530000;0.532020000
CVE-2017-11019;0.001380000;0.026320000
CVE-2017-11018;0.001380000;0.026310000
CVE-2017-11017;0.001580000;0.042040000
CVE-2017-11016;0.001380000;0.026360000
CVE-2017-11015;0.005020000;0.405040000
CVE-2017-11014;0.006010000;0.466120000
CVE-2017-11013;0.005990000;0.465300000
CVE-2017-11012;0.001050000;0.009800000
CVE-2017-11011;0.011850000;0.665410000
CVE-2017-11010;0.013160000;0.696300000
CVE-2017-1101;0.007530000;0.532020000
CVE-2017-11007;0.001700000;0.057290000
CVE-2017-11006;0.007260000;0.522240000
CVE-2017-11005;0.007260000;0.522240000
CVE-2017-11004;0.002100000;0.101440000
CVE-2017-11003;0.001380000;0.026350000
CVE-2017-11002;0.003680000;0.280950000
CVE-2017-11001;0.003680000;0.280950000
CVE-2017-11000;0.003680000;0.280840000
CVE-2017-1100;0.007530000;0.532030000
CVE-2017-10999;0.003680000;0.280840000
CVE-2017-10998;0.004350000;0.353020000
CVE-2017-10997;0.003680000;0.280840000
CVE-2017-10996;0.004320000;0.349000000
CVE-2017-10995;0.018380000;0.780890000
CVE-2017-10994;0.049410000;0.918440000
CVE-2017-10993;0.027220000;0.854750000
CVE-2017-10992;0.104810000;0.956020000
CVE-2017-10991;0.007600000;0.534660000
CVE-2017-1099;0.034330000;0.885150000
CVE-2017-10989;0.086090000;0.949130000
CVE-2017-10987;0.029880000;0.867920000
CVE-2017-10986;0.029880000;0.867920000
CVE-2017-10985;0.032680000;0.879370000
CVE-2017-10984;0.064140000;0.934540000
CVE-2017-10983;0.033810000;0.883460000
CVE-2017-10982;0.038440000;0.897590000
CVE-2017-10981;0.033680000;0.883020000
CVE-2017-10980;0.033680000;0.883020000
CVE-2017-1098;0.005400000;0.431700000
CVE-2017-10979;0.070430000;0.939720000
CVE-2017-10978;0.038060000;0.896480000
CVE-2017-10976;0.010780000;0.636510000
CVE-2017-10975;0.007660000;0.536550000
CVE-2017-10974;0.811590000;0.996250000
CVE-2017-10973;0.008320000;0.559190000
CVE-2017-10972;0.023000000;0.826160000
CVE-2017-10971;0.038770000;0.898440000
CVE-2017-10970;0.006370000;0.484560000
CVE-2017-1097;0.005560000;0.441190000
CVE-2017-10968;0.021730000;0.815680000
CVE-2017-10967;0.007740000;0.539510000
CVE-2017-10966;0.029350000;0.865690000
CVE-2017-10965;0.034430000;0.885600000
CVE-2017-10963;0.008770000;0.573950000
CVE-2017-10962;0.006390000;0.485000000
CVE-2017-10961;0.005630000;0.445610000
CVE-2017-1096;0.007170000;0.519220000
CVE-2017-10959;0.030140000;0.869090000
CVE-2017-10958;0.025900000;0.846700000
CVE-2017-10957;0.025900000;0.846750000
CVE-2017-10956;0.024560000;0.837760000
CVE-2017-10955;0.066850000;0.936740000
CVE-2017-10954;0.040210000;0.902220000
CVE-2017-10953;0.031950000;0.876210000
CVE-2017-10952;0.071520000;0.940610000
CVE-2017-10951;0.039680000;0.901010000
CVE-2017-10950;0.003440000;0.252840000
CVE-2017-10949;0.054000000;0.924010000
CVE-2017-10948;0.031620000;0.874900000
CVE-2017-10947;0.025900000;0.846700000
CVE-2017-10946;0.025900000;0.846710000
CVE-2017-10945;0.025900000;0.846700000
CVE-2017-10944;0.024560000;0.837780000
CVE-2017-10943;0.024560000;0.837770000
CVE-2017-10942;0.024560000;0.837770000
CVE-2017-10941;0.025900000;0.846710000
CVE-2017-10940;0.054230000;0.924240000
CVE-2017-10937;0.013360000;0.700840000
CVE-2017-10936;0.013360000;0.700840000
CVE-2017-10935;0.012700000;0.686240000
CVE-2017-10934;0.031060000;0.872670000
CVE-2017-10933;0.020940000;0.808950000
CVE-2017-10932;0.041400000;0.904880000
CVE-2017-10931;0.012870000;0.689830000
CVE-2017-10930;0.010810000;0.637590000
CVE-2017-1093;0.003660000;0.278800000
CVE-2017-10929;0.019270000;0.791370000
CVE-2017-10928;0.035830000;0.889990000
CVE-2017-10926;0.017570000;0.770460000
CVE-2017-10925;0.020720000;0.806720000
CVE-2017-10924;0.024790000;0.839320000
CVE-2017-10923;0.018040000;0.776560000
CVE-2017-10922;0.020080000;0.800480000
CVE-2017-10921;0.025490000;0.843960000
CVE-2017-10920;0.025490000;0.843960000
CVE-2017-1092;0.757670000;0.995090000
CVE-2017-10919;0.019000000;0.788400000
CVE-2017-10918;0.036700000;0.892540000
CVE-2017-10917;0.025670000;0.845140000
CVE-2017-10916;0.013490000;0.703420000
CVE-2017-10915;0.016690000;0.758290000
CVE-2017-10914;0.016120000;0.749700000
CVE-2017-10913;0.028150000;0.859920000
CVE-2017-10912;0.026680000;0.851660000
CVE-2017-10911;0.004620000;0.375470000
CVE-2017-10910;0.022140000;0.819230000
CVE-2017-10909;0.019440000;0.793450000
CVE-2017-10908;0.036360000;0.891490000
CVE-2017-10907;0.011850000;0.665590000
CVE-2017-10906;0.045810000;0.913060000
CVE-2017-10905;0.005760000;0.452730000
CVE-2017-10904;0.019580000;0.794880000
CVE-2017-10903;0.025750000;0.845680000
CVE-2017-10902;0.022770000;0.824290000
CVE-2017-10901;0.012210000;0.674770000
CVE-2017-10900;0.014360000;0.720600000
CVE-2017-10899;0.012690000;0.686150000
CVE-2017-10898;0.012690000;0.686150000
CVE-2017-10897;0.004490000;0.365120000
CVE-2017-10896;0.007130000;0.517360000
CVE-2017-10895;0.015000000;0.732250000
CVE-2017-10894;0.015000000;0.732260000
CVE-2017-10893;0.010290000;0.622250000
CVE-2017-10892;0.010290000;0.622250000
CVE-2017-10891;0.010290000;0.622250000
CVE-2017-10890;0.004210000;0.339300000
CVE-2017-10889;0.010580000;0.630690000
CVE-2017-10888;0.009360000;0.592620000
CVE-2017-10887;0.010590000;0.631090000
CVE-2017-10886;0.005380000;0.430120000
CVE-2017-10885;0.010290000;0.622250000
CVE-2017-1088;0.003860000;0.300180000
CVE-2017-10875;0.012340000;0.677980000
CVE-2017-10874;0.013230000;0.697700000
CVE-2017-10873;0.026250000;0.848900000
CVE-2017-10872;0.019410000;0.793100000
CVE-2017-10871;0.023100000;0.826970000
CVE-2017-10870;0.013120000;0.695290000
CVE-2017-1087;0.004150000;0.332360000
CVE-2017-10869;0.026760000;0.852180000
CVE-2017-10868;0.035340000;0.888370000
CVE-2017-10865;0.010080000;0.615650000
CVE-2017-10864;0.010080000;0.615650000
CVE-2017-10863;0.010590000;0.631090000
CVE-2017-10862;0.005830000;0.456840000
CVE-2017-10861;0.023230000;0.827960000
CVE-2017-10860;0.017810000;0.773610000
CVE-2017-1086;0.003620000;0.274980000
CVE-2017-10859;0.010590000;0.631050000
CVE-2017-10858;0.010590000;0.631100000
CVE-2017-10857;0.006180000;0.474850000
CVE-2017-10856;0.015240000;0.736210000
CVE-2017-10855;0.010590000;0.631050000
CVE-2017-10854;0.005950000;0.463040000
CVE-2017-10853;0.007880000;0.544040000
CVE-2017-10852;0.008380000;0.561180000
CVE-2017-10851;0.010590000;0.631060000
CVE-2017-10850;0.009800000;0.607050000
CVE-2017-1085;0.018500000;0.782430000
CVE-2017-10849;0.010590000;0.631060000
CVE-2017-10848;0.010590000;0.631090000
CVE-2017-10846;0.015850000;0.745930000
CVE-2017-10845;0.028460000;0.861530000
CVE-2017-10844;0.014670000;0.726470000
CVE-2017-10843;0.014180000;0.717290000
CVE-2017-10842;0.017660000;0.771620000
CVE-2017-10841;0.023530000;0.830330000
CVE-2017-10840;0.009340000;0.591760000
CVE-2017-1084;0.153400000;0.966630000
CVE-2017-10839;0.010710000;0.634900000
CVE-2017-10838;0.007060000;0.514710000
CVE-2017-10837;0.009230000;0.587990000
CVE-2017-10836;0.010590000;0.631080000
CVE-2017-10835;0.013590000;0.705890000
CVE-2017-10834;0.018080000;0.777030000
CVE-2017-10833;0.015430000;0.739340000
CVE-2017-10832;0.029500000;0.866380000
CVE-2017-10831;0.014560000;0.724180000
CVE-2017-10830;0.010590000;0.631040000
CVE-2017-1083;0.011410000;0.653100000
CVE-2017-10829;0.012310000;0.677490000
CVE-2017-10828;0.010590000;0.631080000
CVE-2017-10827;0.010590000;0.631030000
CVE-2017-10826;0.010590000;0.631060000
CVE-2017-10825;0.009110000;0.583990000
CVE-2017-10824;0.009120000;0.584190000
CVE-2017-10823;0.012380000;0.678920000
CVE-2017-10822;0.010610000;0.631790000
CVE-2017-10821;0.012380000;0.678920000
CVE-2017-10820;0.011290000;0.650320000
CVE-2017-1082;0.011620000;0.658890000
CVE-2017-10819;0.007690000;0.537840000
CVE-2017-10818;0.017930000;0.775160000
CVE-2017-10817;0.031270000;0.873600000
CVE-2017-10816;0.022060000;0.818620000
CVE-2017-10815;0.023420000;0.829530000
CVE-2017-10814;0.008230000;0.556010000
CVE-2017-10813;0.006550000;0.493460000
CVE-2017-10812;0.010800000;0.637250000
CVE-2017-10811;0.007320000;0.524690000
CVE-2017-10810;0.041250000;0.904530000
CVE-2017-1081;0.027100000;0.854080000
CVE-2017-10807;0.028900000;0.863610000
CVE-2017-10806;0.004420000;0.358550000
CVE-2017-10805;0.010020000;0.614140000
CVE-2017-10804;0.034110000;0.884440000
CVE-2017-10803;0.035900000;0.890190000
CVE-2017-10801;0.006390000;0.485000000
CVE-2017-10800;0.012370000;0.678720000
CVE-2017-10799;0.012650000;0.685410000
CVE-2017-10798;0.006350000;0.483370000
CVE-2017-10796;0.009450000;0.595130000
CVE-2017-10795;0.011330000;0.651210000
CVE-2017-10794;0.015370000;0.738440000
CVE-2017-10793;0.027770000;0.858090000
CVE-2017-10792;0.015880000;0.746340000
CVE-2017-10791;0.016260000;0.751860000
CVE-2017-10790;0.049900000;0.919230000
CVE-2017-10789;0.022020000;0.818310000
CVE-2017-10788;0.046290000;0.913840000
CVE-2017-10784;0.164120000;0.968760000
CVE-2017-10783;0.003100000;0.213970000
CVE-2017-10782;0.003100000;0.213980000
CVE-2017-10781;0.003100000;0.213980000
CVE-2017-10780;0.003100000;0.213980000
CVE-2017-10779;0.003100000;0.213870000
CVE-2017-10778;0.003100000;0.213860000
CVE-2017-10777;0.003100000;0.213910000
CVE-2017-10776;0.003100000;0.213900000
CVE-2017-10775;0.003100000;0.213880000
CVE-2017-10774;0.003100000;0.213910000
CVE-2017-10773;0.003100000;0.213900000
CVE-2017-10772;0.003100000;0.213870000
CVE-2017-10771;0.003100000;0.213850000
CVE-2017-10770;0.003100000;0.213880000
CVE-2017-10769;0.003100000;0.213870000
CVE-2017-10768;0.003100000;0.213880000
CVE-2017-10767;0.003100000;0.214020000
CVE-2017-10766;0.003100000;0.214020000
CVE-2017-10765;0.003100000;0.214020000
CVE-2017-10764;0.003100000;0.214030000
CVE-2017-10763;0.003100000;0.214030000
CVE-2017-10762;0.003100000;0.214030000
CVE-2017-10761;0.003100000;0.213970000
CVE-2017-10760;0.003100000;0.213990000
CVE-2017-10759;0.003100000;0.214000000
CVE-2017-10758;0.003100000;0.213990000
CVE-2017-10757;0.003100000;0.213990000
CVE-2017-10756;0.003100000;0.213940000
CVE-2017-10755;0.003100000;0.213860000
CVE-2017-10754;0.003100000;0.213870000
CVE-2017-10753;0.003100000;0.213960000
CVE-2017-10752;0.003100000;0.213960000
CVE-2017-10751;0.003100000;0.213860000
CVE-2017-10750;0.003730000;0.286330000
CVE-2017-10749;0.003730000;0.286320000
CVE-2017-10748;0.003730000;0.286320000
CVE-2017-10747;0.003730000;0.286320000
CVE-2017-10746;0.003730000;0.286330000
CVE-2017-10745;0.003640000;0.276150000
CVE-2017-10744;0.003640000;0.276140000
CVE-2017-10743;0.003640000;0.276110000
CVE-2017-10742;0.003640000;0.276110000
CVE-2017-10741;0.004030000;0.319840000
CVE-2017-10740;0.003730000;0.286370000
CVE-2017-10739;0.003640000;0.276130000
CVE-2017-10738;0.003640000;0.276130000
CVE-2017-10737;0.003640000;0.276130000
CVE-2017-10736;0.003640000;0.276120000
CVE-2017-10735;0.016390000;0.753920000
CVE-2017-10734;0.016390000;0.753920000
CVE-2017-10733;0.016390000;0.753920000
CVE-2017-10732;0.016390000;0.753900000
CVE-2017-10731;0.020920000;0.808700000
CVE-2017-10730;0.020920000;0.808720000
CVE-2017-10729;0.020390000;0.803250000
CVE-2017-10728;0.011440000;0.653850000
CVE-2017-10727;0.011440000;0.653860000
CVE-2017-10726;0.011440000;0.653860000
CVE-2017-10725;0.003650000;0.277550000
CVE-2017-10724;0.025690000;0.845340000
CVE-2017-10723;0.025690000;0.845340000
CVE-2017-10722;0.007350000;0.525680000
CVE-2017-10721;0.016250000;0.751750000
CVE-2017-10720;0.007350000;0.525680000
CVE-2017-10719;0.020700000;0.806510000
CVE-2017-10718;0.018650000;0.784360000
CVE-2017-10711;0.007450000;0.529250000
CVE-2017-10709;0.003590000;0.270870000
CVE-2017-10708;0.020990000;0.809460000
CVE-2017-10706;0.003460000;0.255630000
CVE-2017-10701;0.012740000;0.687130000
CVE-2017-10700;0.023400000;0.829280000
CVE-2017-10699;0.045130000;0.911800000
CVE-2017-10690;0.010000000;0.613320000
CVE-2017-10689;0.003560000;0.267620000
CVE-2017-10688;0.067210000;0.937080000
CVE-2017-10687;0.017580000;0.770570000
CVE-2017-10686;0.029460000;0.866220000
CVE-2017-10685;0.042570000;0.907150000
CVE-2017-10684;0.048760000;0.917470000
CVE-2017-10683;0.012410000;0.679690000
CVE-2017-10682;0.083060000;0.947420000
CVE-2017-10681;0.012180000;0.673970000
CVE-2017-10680;0.012180000;0.673970000
CVE-2017-10679;0.024720000;0.838850000
CVE-2017-10678;0.012180000;0.673970000
CVE-2017-10677;0.004770000;0.386820000
CVE-2017-10676;0.011020000;0.643530000
CVE-2017-10674;0.002640000;0.164330000
CVE-2017-10673;0.006510000;0.491250000
CVE-2017-10672;0.079290000;0.945340000
CVE-2017-10671;0.015250000;0.736330000
CVE-2017-10670;0.013550000;0.705090000
CVE-2017-10669;0.004870000;0.394740000
CVE-2017-10668;0.003310000;0.236580000
CVE-2017-10667;0.006480000;0.489940000
CVE-2017-10665;0.031650000;0.875020000
CVE-2017-10664;0.040280000;0.902350000
CVE-2017-10663;0.004360000;0.354170000
CVE-2017-10662;0.004650000;0.377600000
CVE-2017-10661;0.133780000;0.962890000
CVE-2017-10624;0.003630000;0.275600000
CVE-2017-10623;0.009170000;0.586220000
CVE-2017-10622;0.053910000;0.923910000
CVE-2017-10621;0.017990000;0.775870000
CVE-2017-10620;0.005660000;0.447530000
CVE-2017-10619;0.012960000;0.691840000
CVE-2017-10618;0.015120000;0.734260000
CVE-2017-10617;0.022780000;0.824350000
CVE-2017-10616;0.013000000;0.692930000
CVE-2017-10615;0.024550000;0.837660000
CVE-2017-10614;0.017140000;0.764680000
CVE-2017-10613;0.003070000;0.210350000
CVE-2017-10612;0.012890000;0.690310000
CVE-2017-10611;0.008830000;0.575400000
CVE-2017-10610;0.010550000;0.630080000
CVE-2017-10608;0.010340000;0.623950000
CVE-2017-10607;0.010340000;0.623960000
CVE-2017-10606;0.003190000;0.223690000
CVE-2017-10605;0.015740000;0.744370000
CVE-2017-10604;0.008770000;0.573930000
CVE-2017-10603;0.004360000;0.353900000
CVE-2017-10602;0.004250000;0.342330000
CVE-2017-10601;0.018220000;0.779020000
CVE-2017-10600;0.002860000;0.189820000
CVE-2017-10428;0.003040000;0.207560000
CVE-2017-10427;0.012260000;0.676160000
CVE-2017-10426;0.011210000;0.648400000
CVE-2017-10425;0.007680000;0.537350000
CVE-2017-10424;0.018020000;0.776300000
CVE-2017-10423;0.008700000;0.571550000
CVE-2017-10422;0.015640000;0.742770000
CVE-2017-10421;0.012460000;0.680880000
CVE-2017-10420;0.009100000;0.583800000
CVE-2017-10419;0.003920000;0.306330000
CVE-2017-10418;0.009700000;0.603890000
CVE-2017-10417;0.016420000;0.754340000
CVE-2017-10416;0.016420000;0.754350000
CVE-2017-10415;0.016420000;0.754350000
CVE-2017-10414;0.016420000;0.754340000
CVE-2017-10413;0.016420000;0.754350000
CVE-2017-10412;0.016420000;0.754330000
CVE-2017-10411;0.016420000;0.754360000
CVE-2017-10410;0.016420000;0.754350000
CVE-2017-10409;0.016420000;0.754340000
CVE-2017-10408;0.003560000;0.267530000
CVE-2017-10407;0.003580000;0.270290000
CVE-2017-10406;0.012120000;0.672790000
CVE-2017-10405;0.017870000;0.774390000
CVE-2017-10404;0.014530000;0.723780000
CVE-2017-10403;0.009940000;0.611290000
CVE-2017-10402;0.018160000;0.778180000
CVE-2017-10401;0.003360000;0.244650000
CVE-2017-10400;0.012120000;0.672790000
CVE-2017-10399;0.008720000;0.572270000
CVE-2017-10398;0.003840000;0.298020000
CVE-2017-10397;0.009420000;0.594200000
CVE-2017-10396;0.012110000;0.672540000
CVE-2017-10395;0.007680000;0.537350000
CVE-2017-10394;0.012200000;0.674500000
CVE-2017-10393;0.012100000;0.671980000
CVE-2017-10392;0.003560000;0.267530000
CVE-2017-10391;0.015150000;0.734780000
CVE-2017-10389;0.003260000;0.231290000
CVE-2017-10388;0.032060000;0.876730000
CVE-2017-10387;0.013400000;0.701650000
CVE-2017-10386;0.010150000;0.618190000
CVE-2017-10385;0.012100000;0.671990000
CVE-2017-10384;0.030780000;0.871630000
CVE-2017-10383;0.012260000;0.676250000
CVE-2017-10382;0.013400000;0.701640000
CVE-2017-10381;0.012120000;0.672780000
CVE-2017-10380;0.012960000;0.691940000
CVE-2017-10379;0.022800000;0.824460000
CVE-2017-10378;0.032370000;0.877980000
CVE-2017-10375;0.006830000;0.505870000
CVE-2017-10373;0.019240000;0.791060000
CVE-2017-10372;0.011710000;0.661350000
CVE-2017-10370;0.009330000;0.591580000
CVE-2017-10369;0.013740000;0.708950000
CVE-2017-10368;0.012120000;0.672790000
CVE-2017-10367;0.009420000;0.594200000
CVE-2017-10366;0.434920000;0.986960000
CVE-2017-10365;0.015710000;0.743670000
CVE-2017-10364;0.019520000;0.794330000
CVE-2017-10363;0.015900000;0.746530000
CVE-2017-10362;0.022190000;0.819690000
CVE-2017-10361;0.011680000;0.660580000
CVE-2017-10360;0.017560000;0.770330000
CVE-2017-10359;0.014670000;0.726650000
CVE-2017-10358;0.011540000;0.656810000
CVE-2017-10357;0.033050000;0.880890000
CVE-2017-10356;0.007540000;0.532370000
CVE-2017-10355;0.161810000;0.968290000
CVE-2017-10354;0.019290000;0.791630000
CVE-2017-10353;0.015270000;0.736560000
CVE-2017-10352;0.056910000;0.927350000
CVE-2017-10351;0.004990000;0.403210000
CVE-2017-10350;0.033050000;0.880890000
CVE-2017-10349;0.033050000;0.880890000
CVE-2017-10348;0.033050000;0.880880000
CVE-2017-10347;0.031140000;0.873000000
CVE-2017-10346;0.029620000;0.866830000
CVE-2017-10345;0.024420000;0.836680000
CVE-2017-10344;0.011980000;0.668770000
CVE-2017-10343;0.017280000;0.766370000
CVE-2017-10342;0.031500000;0.874440000
CVE-2017-10341;0.018150000;0.778030000
CVE-2017-10340;0.010310000;0.622840000
CVE-2017-10339;0.014940000;0.731070000
CVE-2017-10338;0.019290000;0.791610000
CVE-2017-10337;0.011680000;0.660570000
CVE-2017-10336;0.018900000;0.787260000
CVE-2017-10335;0.026030000;0.847540000
CVE-2017-10334;0.010530000;0.629470000
CVE-2017-10333;0.009300000;0.590430000
CVE-2017-10332;0.025500000;0.844060000
CVE-2017-10331;0.019850000;0.797540000
CVE-2017-10330;0.025310000;0.842860000
CVE-2017-10329;0.025310000;0.842860000
CVE-2017-10328;0.025330000;0.843010000
CVE-2017-10327;0.014700000;0.727040000
CVE-2017-10326;0.019290000;0.791620000
CVE-2017-10325;0.019290000;0.791630000
CVE-2017-10324;0.019850000;0.797540000
CVE-2017-10323;0.019290000;0.791600000
CVE-2017-10322;0.018510000;0.782690000
CVE-2017-10321;0.004340000;0.351740000
CVE-2017-10320;0.019420000;0.793260000
CVE-2017-10319;0.013730000;0.708680000
CVE-2017-10318;0.011730000;0.661870000
CVE-2017-10317;0.004110000;0.327860000
CVE-2017-10316;0.014080000;0.715290000
CVE-2017-10315;0.010320000;0.623120000
CVE-2017-10314;0.028050000;0.859380000
CVE-2017-10313;0.023830000;0.832320000
CVE-2017-10312;0.018890000;0.787100000
CVE-2017-10311;0.024500000;0.837310000
CVE-2017-10310;0.032010000;0.876480000
CVE-2017-10309;0.087940000;0.950060000
CVE-2017-10308;0.003880000;0.302410000
CVE-2017-10306;0.010050000;0.614950000
CVE-2017-10304;0.010260000;0.621550000
CVE-2017-10303;0.019290000;0.791600000
CVE-2017-10302;0.010320000;0.623120000
CVE-2017-10301;0.014750000;0.727810000
CVE-2017-10300;0.013730000;0.708680000
CVE-2017-10299;0.010040000;0.614860000
CVE-2017-10296;0.024500000;0.837300000
CVE-2017-10295;0.021990000;0.817980000
CVE-2017-10294;0.015630000;0.742560000
CVE-2017-10293;0.014890000;0.730490000
CVE-2017-10292;0.003560000;0.268220000
CVE-2017-10287;0.018060000;0.776850000
CVE-2017-10286;0.024440000;0.836890000
CVE-2017-10285;0.031430000;0.874170000
CVE-2017-10284;0.023830000;0.832320000
CVE-2017-10283;0.023510000;0.830160000
CVE-2017-10282;0.017470000;0.768810000
CVE-2017-10281;0.033050000;0.880880000
CVE-2017-10280;0.023070000;0.826690000
CVE-2017-10279;0.028530000;0.861860000
CVE-2017-10278;0.009550000;0.598360000
CVE-2017-10277;0.017020000;0.762950000
CVE-2017-10276;0.037200000;0.893960000
CVE-2017-10275;0.007720000;0.538600000
CVE-2017-10274;0.026350000;0.849520000
CVE-2017-10273;0.014480000;0.722700000
CVE-2017-10272;0.012310000;0.677340000
CVE-2017-10271;0.999900000;0.999850000
CVE-2017-10270;0.004870000;0.394510000
CVE-2017-10269;0.021420000;0.813200000
CVE-2017-10268;0.006970000;0.510950000
CVE-2017-10267;0.014760000;0.728100000
CVE-2017-10266;0.010830000;0.638210000
CVE-2017-10265;0.012480000;0.681480000
CVE-2017-10264;0.016680000;0.758080000
CVE-2017-10263;0.014060000;0.715010000
CVE-2017-10262;0.015830000;0.745500000
CVE-2017-10261;0.012970000;0.692070000
CVE-2017-10260;0.018810000;0.786210000
CVE-2017-10259;0.026030000;0.847540000
CVE-2017-10258;0.014700000;0.727040000
CVE-2017-10257;0.014700000;0.727040000
CVE-2017-10256;0.014700000;0.726990000
CVE-2017-10255;0.014700000;0.727010000
CVE-2017-10254;0.013950000;0.712810000
CVE-2017-10253;0.014700000;0.727010000
CVE-2017-10252;0.003850000;0.299080000
CVE-2017-10251;0.003850000;0.299080000
CVE-2017-10250;0.003850000;0.299090000
CVE-2017-10249;0.014700000;0.727020000
CVE-2017-10248;0.014700000;0.727020000
CVE-2017-10247;0.014700000;0.727020000
CVE-2017-10246;0.139370000;0.964180000
CVE-2017-10245;0.026030000;0.847540000
CVE-2017-10244;0.019850000;0.797550000
CVE-2017-10243;0.028620000;0.862250000
CVE-2017-10242;0.004100000;0.326020000
CVE-2017-10241;0.004100000;0.326010000
CVE-2017-10240;0.004130000;0.329360000
CVE-2017-10239;0.004100000;0.326010000
CVE-2017-10238;0.004100000;0.326010000
CVE-2017-10237;0.004100000;0.326000000
CVE-2017-10236;0.004130000;0.329360000
CVE-2017-10235;0.008330000;0.559310000
CVE-2017-10234;0.005080000;0.409890000
CVE-2017-10233;0.004170000;0.334650000
CVE-2017-10232;0.012150000;0.673440000
CVE-2017-10231;0.004280000;0.344790000
CVE-2017-10230;0.011640000;0.659470000
CVE-2017-10229;0.011780000;0.663800000
CVE-2017-10228;0.011540000;0.656800000
CVE-2017-10227;0.028290000;0.860630000
CVE-2017-10226;0.015900000;0.746530000
CVE-2017-10225;0.004900000;0.397030000
CVE-2017-10224;0.011540000;0.656810000
CVE-2017-10223;0.011780000;0.663800000
CVE-2017-10222;0.011780000;0.663800000
CVE-2017-10221;0.003670000;0.279850000
CVE-2017-10220;0.004560000;0.370080000
CVE-2017-10219;0.004370000;0.354440000
CVE-2017-10218;0.014180000;0.717250000
CVE-2017-10217;0.013390000;0.701520000
CVE-2017-10216;0.018740000;0.785410000
CVE-2017-10215;0.014700000;0.727000000
CVE-2017-10214;0.021630000;0.814950000
CVE-2017-10213;0.004560000;0.370080000
CVE-2017-10212;0.018740000;0.785410000
CVE-2017-10211;0.014400000;0.721080000
CVE-2017-10210;0.004130000;0.329360000
CVE-2017-10209;0.004130000;0.330620000
CVE-2017-10208;0.013890000;0.711890000
CVE-2017-10207;0.025090000;0.841260000
CVE-2017-10206;0.018440000;0.781620000
CVE-2017-10205;0.013890000;0.711890000
CVE-2017-10204;0.016190000;0.750910000
CVE-2017-10203;0.026180000;0.848470000
CVE-2017-10202;0.023060000;0.826630000
CVE-2017-10201;0.004400000;0.357440000
CVE-2017-10200;0.004060000;0.322740000
CVE-2017-10199;0.019290000;0.791600000
CVE-2017-10198;0.025980000;0.847260000
CVE-2017-10197;0.004470000;0.363720000
CVE-2017-10196;0.023950000;0.833190000
CVE-2017-10195;0.016850000;0.760740000
CVE-2017-10194;0.009680000;0.602990000
CVE-2017-10193;0.022240000;0.820080000
CVE-2017-10192;0.020020000;0.799490000
CVE-2017-10191;0.018890000;0.787100000
CVE-2017-10190;0.003970000;0.312960000
CVE-2017-10189;0.004280000;0.344790000
CVE-2017-10188;0.004280000;0.344790000
CVE-2017-10187;0.004100000;0.326040000
CVE-2017-10186;0.020020000;0.799480000
CVE-2017-10185;0.019290000;0.791600000
CVE-2017-10184;0.020020000;0.799480000
CVE-2017-10183;0.014470000;0.722540000
CVE-2017-10182;0.015010000;0.732500000
CVE-2017-10181;0.011040000;0.644040000
CVE-2017-10180;0.019290000;0.791640000
CVE-2017-10179;0.016460000;0.754940000
CVE-2017-10178;0.014700000;0.726990000
CVE-2017-10177;0.019520000;0.794330000
CVE-2017-10176;0.050340000;0.919700000
CVE-2017-10175;0.014010000;0.714140000
CVE-2017-10174;0.019290000;0.791590000
CVE-2017-10173;0.018510000;0.782680000
CVE-2017-10172;0.014700000;0.727040000
CVE-2017-10171;0.019290000;0.791590000
CVE-2017-10170;0.018890000;0.787090000
CVE-2017-10169;0.004370000;0.354440000
CVE-2017-10168;0.003750000;0.288470000
CVE-2017-10167;0.025360000;0.843190000
CVE-2017-10166;0.014710000;0.727300000
CVE-2017-10165;0.023830000;0.832320000
CVE-2017-10164;0.014180000;0.717240000
CVE-2017-10163;0.012600000;0.684180000
CVE-2017-10162;0.007840000;0.542510000
CVE-2017-10161;0.008970000;0.579720000
CVE-2017-10160;0.014180000;0.717250000
CVE-2017-10159;0.014400000;0.721080000
CVE-2017-10158;0.014700000;0.726990000
CVE-2017-10157;0.016490000;0.755350000
CVE-2017-10156;0.019290000;0.791630000
CVE-2017-10155;0.042910000;0.907750000
CVE-2017-10154;0.019440000;0.793470000
CVE-2017-10153;0.016090000;0.749400000
CVE-2017-10152;0.019140000;0.789920000
CVE-2017-10151;0.039150000;0.899380000
CVE-2017-10150;0.013120000;0.695250000
CVE-2017-10149;0.010090000;0.616330000
CVE-2017-10148;0.025890000;0.846600000
CVE-2017-10147;0.042120000;0.906310000
CVE-2017-10146;0.019240000;0.791130000
CVE-2017-10145;0.015980000;0.747770000
CVE-2017-10144;0.028220000;0.860340000
CVE-2017-10143;0.019290000;0.791640000
CVE-2017-10142;0.010320000;0.623110000
CVE-2017-10141;0.023460000;0.829720000
CVE-2017-10140;0.005470000;0.435920000
CVE-2017-10137;0.037920000;0.896050000
CVE-2017-10136;0.019100000;0.789550000
CVE-2017-10135;0.025980000;0.847260000
CVE-2017-10134;0.010260000;0.621560000
CVE-2017-10133;0.013390000;0.701520000
CVE-2017-10132;0.013390000;0.701520000
CVE-2017-10131;0.010260000;0.621560000
CVE-2017-10130;0.013850000;0.710980000
CVE-2017-10129;0.016430000;0.754480000
CVE-2017-10128;0.014700000;0.726980000
CVE-2017-10126;0.014700000;0.727000000
CVE-2017-10125;0.006300000;0.481090000
CVE-2017-10123;0.014180000;0.717260000
CVE-2017-10122;0.003960000;0.311490000
CVE-2017-10121;0.016790000;0.759700000
CVE-2017-10120;0.003640000;0.276570000
CVE-2017-10119;0.013570000;0.705350000
CVE-2017-10118;0.029720000;0.867240000
CVE-2017-10117;0.024520000;0.837480000
CVE-2017-10116;0.033860000;0.883580000
CVE-2017-10115;0.027370000;0.855530000
CVE-2017-10114;0.022900000;0.825290000
CVE-2017-10113;0.019290000;0.791640000
CVE-2017-10112;0.014160000;0.716880000
CVE-2017-10111;0.021320000;0.812380000
CVE-2017-10110;0.024150000;0.834760000
CVE-2017-10109;0.031140000;0.873010000
CVE-2017-10108;0.031140000;0.873010000
CVE-2017-10107;0.025550000;0.844390000
CVE-2017-10106;0.016600000;0.756940000
CVE-2017-10105;0.019130000;0.789800000
CVE-2017-10104;0.014000000;0.714020000
CVE-2017-10103;0.016770000;0.759380000
CVE-2017-10102;0.029710000;0.867190000
CVE-2017-10101;0.025550000;0.844390000
CVE-2017-10100;0.014700000;0.727050000
CVE-2017-10099;0.003620000;0.274760000
CVE-2017-10098;0.010320000;0.623110000
CVE-2017-10097;0.014700000;0.727030000
CVE-2017-10096;0.025550000;0.844380000
CVE-2017-10095;0.004950000;0.399970000
CVE-2017-10094;0.008990000;0.580150000
CVE-2017-10093;0.019850000;0.797550000
CVE-2017-10092;0.014700000;0.727030000
CVE-2017-10091;0.016120000;0.749680000
CVE-2017-10090;0.025550000;0.844380000
CVE-2017-10089;0.024150000;0.834760000
CVE-2017-10088;0.004120000;0.329090000
CVE-2017-10087;0.025550000;0.844390000
CVE-2017-10086;0.021320000;0.812380000
CVE-2017-10085;0.015900000;0.746530000
CVE-2017-10084;0.019140000;0.789920000
CVE-2017-10083;0.014700000;0.727030000
CVE-2017-10082;0.014700000;0.727050000
CVE-2017-10081;0.022200000;0.819750000
CVE-2017-10080;0.014700000;0.727050000
CVE-2017-10079;0.014700000;0.726990000
CVE-2017-10078;0.024020000;0.833720000
CVE-2017-10077;0.019190000;0.790590000
CVE-2017-10076;0.011540000;0.656810000
CVE-2017-10075;0.175580000;0.970410000
CVE-2017-10074;0.031430000;0.874140000
CVE-2017-10073;0.010260000;0.621550000
CVE-2017-10072;0.011780000;0.663810000
CVE-2017-10071;0.016510000;0.755580000
CVE-2017-10070;0.014700000;0.727010000
CVE-2017-10069;0.014760000;0.728040000
CVE-2017-10068;0.016250000;0.751690000
CVE-2017-10067;0.033130000;0.881190000
CVE-2017-10066;0.018900000;0.787260000
CVE-2017-10065;0.010360000;0.624410000
CVE-2017-10064;0.010310000;0.622850000
CVE-2017-10063;0.016370000;0.753620000
CVE-2017-10062;0.004130000;0.329350000
CVE-2017-10061;0.019240000;0.791140000
CVE-2017-10060;0.019290000;0.791620000
CVE-2017-10059;0.013850000;0.710980000
CVE-2017-10058;0.011810000;0.664710000
CVE-2017-10057;0.010260000;0.621550000
CVE-2017-10056;0.004370000;0.354450000
CVE-2017-10055;0.014400000;0.721080000
CVE-2017-10054;0.003990000;0.314840000
CVE-2017-10053;0.034500000;0.885730000
CVE-2017-10052;0.014700000;0.727050000
CVE-2017-10051;0.008750000;0.573090000
CVE-2017-10050;0.013760000;0.709220000
CVE-2017-10049;0.014200000;0.717590000
CVE-2017-10048;0.018890000;0.787090000
CVE-2017-10047;0.016150000;0.750260000
CVE-2017-10046;0.039160000;0.899430000
CVE-2017-10045;0.022080000;0.818750000
CVE-2017-10044;0.011780000;0.663800000
CVE-2017-10043;0.019290000;0.791590000
CVE-2017-10042;0.031510000;0.874490000
CVE-2017-10041;0.013850000;0.710980000
CVE-2017-10040;0.017560000;0.770320000
CVE-2017-10039;0.016240000;0.751620000
CVE-2017-10038;0.018740000;0.785410000
CVE-2017-10037;0.026030000;0.847540000
CVE-2017-10036;0.031510000;0.874490000
CVE-2017-10035;0.019290000;0.791630000
CVE-2017-10034;0.019890000;0.798040000
CVE-2017-10033;0.023270000;0.828260000
CVE-2017-10032;0.011780000;0.663810000
CVE-2017-10031;0.016150000;0.750260000
CVE-2017-10030;0.019290000;0.791610000
CVE-2017-10029;0.019290000;0.791610000
CVE-2017-10028;0.019290000;0.791620000
CVE-2017-10027;0.010260000;0.621550000
CVE-2017-10026;0.018890000;0.787090000
CVE-2017-10025;0.021190000;0.811150000
CVE-2017-10024;0.019290000;0.791620000
CVE-2017-10023;0.019140000;0.789920000
CVE-2017-1002201;0.014520000;0.723420000
CVE-2017-10022;0.013890000;0.711890000
CVE-2017-1002157;0.028820000;0.863210000
CVE-2017-1002153;0.011520000;0.656280000
CVE-2017-1002152;0.007900000;0.544830000
CVE-2017-1002151;0.010650000;0.632860000
CVE-2017-1002150;0.009910000;0.610390000
CVE-2017-1002102;0.010620000;0.632110000
CVE-2017-1002101;0.129200000;0.961800000
CVE-2017-1002100;0.013300000;0.699250000
CVE-2017-10021;0.014700000;0.727000000
CVE-2017-1002028;0.020240000;0.801870000
CVE-2017-1002027;0.025790000;0.845990000
CVE-2017-1002026;0.017110000;0.764260000
CVE-2017-1002025;0.017190000;0.765310000
CVE-2017-1002024;0.013460000;0.702970000
CVE-2017-1002023;0.029580000;0.866640000
CVE-2017-1002022;0.036280000;0.891260000
CVE-2017-1002021;0.036280000;0.891260000
CVE-2017-1002020;0.036280000;0.891260000
CVE-2017-1002019;0.024750000;0.839050000
CVE-2017-1002018;0.024750000;0.839050000
CVE-2017-1002017;0.007110000;0.516760000
CVE-2017-1002016;0.025580000;0.844570000
CVE-2017-1002015;0.029070000;0.864440000
CVE-2017-1002014;0.029070000;0.864440000
CVE-2017-1002013;0.029070000;0.864440000
CVE-2017-1002012;0.034350000;0.885210000
CVE-2017-1002011;0.009810000;0.607320000
CVE-2017-1002010;0.022770000;0.824300000
CVE-2017-1002009;0.022770000;0.824300000
CVE-2017-1002008;0.169270000;0.969580000
CVE-2017-1002007;0.032320000;0.877750000
CVE-2017-1002006;0.032320000;0.877750000
CVE-2017-1002005;0.031890000;0.875910000
CVE-2017-1002004;0.034090000;0.884360000
CVE-2017-1002003;0.123360000;0.960600000
CVE-2017-1002002;0.126410000;0.961170000
CVE-2017-1002001;0.111460000;0.958020000
CVE-2017-1002000;0.274480000;0.980060000
CVE-2017-10020;0.003850000;0.299080000
CVE-2017-10019;0.022740000;0.823970000
CVE-2017-10018;0.013390000;0.701530000
CVE-2017-10017;0.014700000;0.727000000
CVE-2017-10016;0.018620000;0.784000000
CVE-2017-10015;0.003830000;0.297010000
CVE-2017-10014;0.007800000;0.541300000
CVE-2017-10013;0.018620000;0.784000000
CVE-2017-10012;0.011780000;0.663810000
CVE-2017-10011;0.004250000;0.342720000
CVE-2017-1001004;0.018840000;0.786460000
CVE-2017-1001003;0.016890000;0.761230000
CVE-2017-1001002;0.023570000;0.830670000
CVE-2017-1001001;0.006430000;0.487670000
CVE-2017-1001000;0.849350000;0.997060000
CVE-2017-10010;0.010050000;0.614950000
CVE-2017-10009;0.013390000;0.701520000
CVE-2017-10008;0.010040000;0.614860000
CVE-2017-10007;0.014180000;0.717250000
CVE-2017-1000600;0.037980000;0.896240000
CVE-2017-10006;0.016450000;0.754860000
CVE-2017-1000510;0.007550000;0.532460000
CVE-2017-1000509;0.009040000;0.581740000
CVE-2017-1000508;0.010390000;0.625300000
CVE-2017-1000507;0.007710000;0.538270000
CVE-2017-1000506;0.010860000;0.638920000
CVE-2017-1000505;0.009940000;0.611240000
CVE-2017-1000504;0.010160000;0.618490000
CVE-2017-1000503;0.011450000;0.654140000
CVE-2017-1000502;0.015950000;0.747340000
CVE-2017-1000501;0.043520000;0.908880000
CVE-2017-10005;0.014700000;0.727010000
CVE-2017-1000499;0.084640000;0.948310000
CVE-2017-1000498;0.015730000;0.744060000
CVE-2017-1000497;0.025470000;0.843840000
CVE-2017-1000496;0.017370000;0.767680000
CVE-2017-1000495;0.006310000;0.481340000
CVE-2017-1000494;0.004660000;0.377970000
CVE-2017-1000493;0.017280000;0.766410000
CVE-2017-1000492;0.010440000;0.626690000
CVE-2017-1000491;0.011080000;0.645010000
CVE-2017-1000490;0.014030000;0.714610000
CVE-2017-1000489;0.011160000;0.647030000
CVE-2017-1000488;0.008430000;0.562500000
CVE-2017-1000487;0.064900000;0.935230000
CVE-2017-1000486;0.941040000;0.998460000
CVE-2017-1000485;0.003310000;0.237120000
CVE-2017-1000484;0.009170000;0.586070000
CVE-2017-1000483;0.009300000;0.590420000
CVE-2017-1000482;0.005650000;0.446740000
CVE-2017-1000481;0.006850000;0.506630000
CVE-2017-1000480;0.031240000;0.873480000
CVE-2017-1000479;0.327670000;0.982960000
CVE-2017-1000478;0.007710000;0.538270000
CVE-2017-1000477;0.011000000;0.643090000
CVE-2017-1000476;0.028470000;0.861580000
CVE-2017-1000475;0.006140000;0.472720000
CVE-2017-1000474;0.021270000;0.811850000
CVE-2017-1000473;0.010940000;0.641400000
CVE-2017-1000472;0.016810000;0.760020000
CVE-2017-1000471;0.086050000;0.949100000
CVE-2017-1000470;0.078560000;0.944930000
CVE-2017-1000469;0.055560000;0.925730000
CVE-2017-1000467;0.007340000;0.525150000
CVE-2017-1000466;0.007900000;0.544690000
CVE-2017-1000465;0.007580000;0.533800000
CVE-2017-1000463;0.007190000;0.519710000
CVE-2017-1000462;0.007550000;0.532460000
CVE-2017-1000461;0.010130000;0.617540000
CVE-2017-1000460;0.004880000;0.395660000
CVE-2017-1000459;0.008360000;0.560180000
CVE-2017-1000458;0.022670000;0.823370000
CVE-2017-1000457;0.008190000;0.554700000
CVE-2017-1000456;0.019680000;0.795760000
CVE-2017-1000455;0.001800000;0.067450000
CVE-2017-1000454;0.007850000;0.542930000
CVE-2017-1000453;0.018060000;0.776830000
CVE-2017-1000452;0.013800000;0.710080000
CVE-2017-1000451;0.007590000;0.534090000
CVE-2017-1000450;0.032610000;0.879160000
CVE-2017-1000448;0.024300000;0.835970000
CVE-2017-1000445;0.022800000;0.824560000
CVE-2017-1000444;0.031080000;0.872730000
CVE-2017-1000443;0.010560000;0.630360000
CVE-2017-1000442;0.005160000;0.415770000
CVE-2017-1000438;0.009320000;0.591210000
CVE-2017-1000437;0.038000000;0.896320000
CVE-2017-1000434;0.008630000;0.569360000
CVE-2017-1000433;0.025410000;0.843510000
CVE-2017-1000432;0.016470000;0.754990000
CVE-2017-1000431;0.006790000;0.503860000
CVE-2017-1000430;0.015340000;0.737930000
CVE-2017-1000429;0.008290000;0.558000000
CVE-2017-1000428;0.008360000;0.560340000
CVE-2017-1000427;0.015120000;0.734380000
CVE-2017-1000426;0.007830000;0.542230000
CVE-2017-1000425;0.010130000;0.617720000
CVE-2017-1000424;0.009820000;0.607710000
CVE-2017-1000423;0.023880000;0.832700000
CVE-2017-1000422;0.020210000;0.801540000
CVE-2017-1000421;0.026650000;0.851400000
CVE-2017-1000420;0.015090000;0.733840000
CVE-2017-1000419;0.013180000;0.696720000
CVE-2017-1000418;0.016720000;0.758600000
CVE-2017-1000417;0.006470000;0.489280000
CVE-2017-1000416;0.008710000;0.572040000
CVE-2017-1000415;0.004850000;0.393040000
CVE-2017-1000414;0.013690000;0.707820000
CVE-2017-1000413;0.015650000;0.742870000
CVE-2017-1000412;0.019250000;0.791170000
CVE-2017-1000411;0.015720000;0.743910000
CVE-2017-1000410;0.042170000;0.906410000
CVE-2017-1000409;0.012080000;0.671350000
CVE-2017-1000408;0.014500000;0.723110000
CVE-2017-1000407;0.012160000;0.673750000
CVE-2017-1000406;0.010920000;0.640470000
CVE-2017-1000405;0.028410000;0.861280000
CVE-2017-1000404;0.009480000;0.596200000
CVE-2017-1000403;0.009460000;0.595830000
CVE-2017-1000402;0.004880000;0.395410000
CVE-2017-1000401;0.003910000;0.306070000
CVE-2017-1000400;0.008300000;0.558260000
CVE-2017-10004;0.004660000;0.377760000
CVE-2017-1000399;0.010080000;0.615760000
CVE-2017-1000398;0.010080000;0.615760000
CVE-2017-1000397;0.004880000;0.395410000
CVE-2017-1000396;0.004970000;0.401540000
CVE-2017-1000395;0.013100000;0.694900000
CVE-2017-1000394;0.011460000;0.654490000
CVE-2017-1000393;0.025610000;0.844760000
CVE-2017-1000392;0.011280000;0.649950000
CVE-2017-1000391;0.015000000;0.732380000
CVE-2017-1000390;0.006960000;0.510710000
CVE-2017-1000389;0.008440000;0.562810000
CVE-2017-1000388;0.006300000;0.480980000
CVE-2017-1000387;0.003750000;0.288110000
CVE-2017-1000386;0.008110000;0.552010000
CVE-2017-1000385;0.220980000;0.975940000
CVE-2017-1000383;0.004200000;0.338340000
CVE-2017-1000382;0.003810000;0.294410000
CVE-2017-1000381;0.033100000;0.881060000
CVE-2017-1000380;0.007210000;0.520650000
CVE-2017-1000379;0.018280000;0.779800000
CVE-2017-1000378;0.041230000;0.904430000
CVE-2017-1000377;0.003910000;0.305930000
CVE-2017-1000376;0.005030000;0.405810000
CVE-2017-1000375;0.189230000;0.972070000
CVE-2017-1000374;0.034320000;0.885130000
CVE-2017-1000373;0.133800000;0.962890000
CVE-2017-1000372;0.039550000;0.900630000
CVE-2017-1000371;0.025830000;0.846200000
CVE-2017-1000370;0.022530000;0.822390000
CVE-2017-1000369;0.005300000;0.424930000
CVE-2017-1000368;0.005730000;0.451480000
CVE-2017-1000367;0.080030000;0.945710000
CVE-2017-1000366;0.027330000;0.855320000
CVE-2017-1000365;0.009360000;0.592550000
CVE-2017-1000364;0.051860000;0.921710000
CVE-2017-1000363;0.006390000;0.485060000
CVE-2017-1000362;0.017210000;0.765600000
CVE-2017-1000361;0.014020000;0.714340000
CVE-2017-1000360;0.013110000;0.695190000
CVE-2017-1000359;0.013110000;0.695180000
CVE-2017-1000358;0.011060000;0.644470000
CVE-2017-1000357;0.014020000;0.714340000
CVE-2017-1000356;0.069570000;0.938990000
CVE-2017-1000355;0.017430000;0.768320000
CVE-2017-1000354;0.012140000;0.673200000
CVE-2017-1000353;0.996790000;0.999490000
CVE-2017-10003;0.003660000;0.279200000
CVE-2017-1000257;0.062240000;0.932930000
CVE-2017-1000256;0.017000000;0.762730000
CVE-2017-1000255;0.003820000;0.295340000
CVE-2017-1000254;0.084650000;0.948320000
CVE-2017-1000253;0.106950000;0.956670000
CVE-2017-1000252;0.004520000;0.367200000
CVE-2017-1000251;0.161810000;0.968280000
CVE-2017-1000250;0.077740000;0.944430000
CVE-2017-1000249;0.004040000;0.319960000
CVE-2017-1000248;0.019830000;0.797350000
CVE-2017-1000247;0.009310000;0.590820000
CVE-2017-1000246;0.009120000;0.584420000
CVE-2017-1000245;0.014410000;0.721310000
CVE-2017-1000244;0.008320000;0.559070000
CVE-2017-1000243;0.006360000;0.483890000
CVE-2017-1000242;0.003790000;0.292660000
CVE-2017-1000241;0.006970000;0.511100000
CVE-2017-1000240;0.007360000;0.526170000
CVE-2017-1000239;0.004760000;0.386280000
CVE-2017-1000238;0.010700000;0.634600000
CVE-2017-1000237;0.015670000;0.743230000
CVE-2017-1000236;0.008380000;0.561160000
CVE-2017-1000235;0.032400000;0.878060000
CVE-2017-1000234;0.011920000;0.667280000
CVE-2017-1000232;0.022970000;0.825910000
CVE-2017-1000231;0.026530000;0.850690000
CVE-2017-1000230;0.010290000;0.622470000
CVE-2017-1000229;0.019680000;0.795710000
CVE-2017-1000228;0.063280000;0.933870000
CVE-2017-1000227;0.005950000;0.463000000
CVE-2017-1000226;0.013730000;0.708700000
CVE-2017-1000225;0.007230000;0.521260000
CVE-2017-1000224;0.005240000;0.421600000
CVE-2017-1000223;0.004980000;0.401990000
CVE-2017-1000221;0.007640000;0.536100000
CVE-2017-1000220;0.050560000;0.920070000
CVE-2017-1000219;0.042360000;0.906770000
CVE-2017-1000218;0.033790000;0.883370000
CVE-2017-1000217;0.018780000;0.785870000
CVE-2017-1000215;0.064670000;0.935060000
CVE-2017-1000214;0.025380000;0.843310000
CVE-2017-1000213;0.006150000;0.473650000
CVE-2017-1000212;0.028850000;0.863350000
CVE-2017-1000211;0.017050000;0.763380000
CVE-2017-1000210;0.022250000;0.820210000
CVE-2017-1000209;0.006600000;0.495400000
CVE-2017-1000208;0.017050000;0.763370000
CVE-2017-1000207;0.016230000;0.751320000
CVE-2017-1000206;0.019540000;0.794470000
CVE-2017-1000203;0.038800000;0.898520000
CVE-2017-1000201;0.003170000;0.220990000
CVE-2017-1000200;0.013920000;0.712400000
CVE-2017-10002;0.011540000;0.656810000
CVE-2017-1000199;0.014630000;0.725660000
CVE-2017-1000198;0.013920000;0.712390000
CVE-2017-1000197;0.012120000;0.672690000
CVE-2017-1000196;0.019440000;0.793390000
CVE-2017-1000195;0.015250000;0.736250000
CVE-2017-1000194;0.012370000;0.678660000
CVE-2017-1000193;0.010030000;0.614560000
CVE-2017-1000192;0.008860000;0.576290000
CVE-2017-1000191;0.013470000;0.703150000
CVE-2017-1000190;0.046600000;0.914270000
CVE-2017-1000189;0.022670000;0.823380000
CVE-2017-1000188;0.012330000;0.677910000
CVE-2017-1000187;0.008450000;0.563380000
CVE-2017-1000186;0.007460000;0.529560000
CVE-2017-1000185;0.007460000;0.529560000
CVE-2017-1000182;0.007660000;0.536560000
CVE-2017-1000176;0.007460000;0.529560000
CVE-2017-1000174;0.007660000;0.536560000
CVE-2017-1000173;0.024620000;0.838160000
CVE-2017-1000172;0.024370000;0.836420000
CVE-2017-1000171;0.013820000;0.710470000
CVE-2017-1000170;0.590630000;0.990850000
CVE-2017-1000169;0.042880000;0.907690000
CVE-2017-1000168;0.012510000;0.682130000
CVE-2017-1000164;0.007610000;0.534880000
CVE-2017-1000163;0.023770000;0.831910000
CVE-2017-1000160;0.005110000;0.412040000
CVE-2017-1000159;0.014060000;0.714980000
CVE-2017-1000158;0.079440000;0.945420000
CVE-2017-1000157;0.007020000;0.513150000
CVE-2017-1000156;0.008280000;0.557930000
CVE-2017-1000155;0.006770000;0.503230000
CVE-2017-1000154;0.013250000;0.698070000
CVE-2017-1000153;0.011460000;0.654460000
CVE-2017-1000152;0.011730000;0.661820000
CVE-2017-1000151;0.010820000;0.637800000
CVE-2017-1000150;0.008470000;0.563910000
CVE-2017-1000149;0.004950000;0.399910000
CVE-2017-1000148;0.016030000;0.748540000
CVE-2017-1000147;0.004030000;0.319370000
CVE-2017-1000146;0.007110000;0.516550000
CVE-2017-1000145;0.006950000;0.510270000
CVE-2017-1000144;0.004970000;0.401740000
CVE-2017-1000143;0.006630000;0.496940000
CVE-2017-1000142;0.007100000;0.516330000
CVE-2017-1000141;0.008120000;0.552480000
CVE-2017-1000140;0.005070000;0.408490000
CVE-2017-1000139;0.007210000;0.520380000
CVE-2017-1000138;0.004950000;0.399910000
CVE-2017-1000137;0.004970000;0.401420000
CVE-2017-1000136;0.008890000;0.577120000
CVE-2017-1000135;0.006190000;0.475270000
CVE-2017-1000134;0.007580000;0.533720000
CVE-2017-1000133;0.010820000;0.637800000
CVE-2017-1000132;0.004970000;0.401750000
CVE-2017-1000131;0.006190000;0.475260000
CVE-2017-1000129;0.011490000;0.655550000
CVE-2017-1000128;0.011190000;0.647940000
CVE-2017-1000127;0.009920000;0.610520000
CVE-2017-1000126;0.010620000;0.631910000
CVE-2017-1000125;0.009220000;0.587400000
CVE-2017-1000122;0.010820000;0.637880000
CVE-2017-1000121;0.012010000;0.669410000
CVE-2017-1000120;0.011200000;0.648030000
CVE-2017-1000119;0.613470000;0.991380000
CVE-2017-1000118;0.011030000;0.643810000
CVE-2017-1000117;0.778230000;0.995560000
CVE-2017-1000116;0.057340000;0.927870000
CVE-2017-1000115;0.048150000;0.916530000
CVE-2017-1000114;0.010380000;0.625080000
CVE-2017-1000113;0.003740000;0.287270000
CVE-2017-1000112;0.207970000;0.974700000
CVE-2017-1000111;0.003740000;0.287110000
CVE-2017-1000110;0.007170000;0.519240000
CVE-2017-1000109;0.009480000;0.596200000
CVE-2017-1000108;0.011460000;0.654490000
CVE-2017-1000107;0.012040000;0.670040000
CVE-2017-1000106;0.007580000;0.533730000
CVE-2017-1000105;0.008970000;0.579570000
CVE-2017-1000104;0.008180000;0.554310000
CVE-2017-1000103;0.007430000;0.528410000
CVE-2017-1000102;0.007430000;0.528410000
CVE-2017-1000101;0.038750000;0.898400000
CVE-2017-1000100;0.039580000;0.900720000
CVE-2017-10001;0.010640000;0.632570000
CVE-2017-1000099;0.026530000;0.850650000
CVE-2017-1000098;0.020780000;0.807230000
CVE-2017-1000097;0.012870000;0.689860000
CVE-2017-1000096;0.016080000;0.749210000
CVE-2017-1000095;0.008180000;0.554320000
CVE-2017-1000094;0.009700000;0.603650000
CVE-2017-1000093;0.006780000;0.503660000
CVE-2017-1000092;0.007690000;0.537940000
CVE-2017-1000091;0.006410000;0.485910000
CVE-2017-1000090;0.006780000;0.503660000
CVE-2017-1000089;0.009580000;0.599360000
CVE-2017-1000088;0.007050000;0.514460000
CVE-2017-1000087;0.007860000;0.543410000
CVE-2017-1000086;0.010720000;0.635010000
CVE-2017-1000085;0.010310000;0.623010000
CVE-2017-1000084;0.007810000;0.541760000
CVE-2017-1000083;0.510760000;0.988960000
CVE-2017-1000082;0.038780000;0.898450000
CVE-2017-1000081;0.029850000;0.867840000
CVE-2017-1000080;0.010490000;0.628320000
CVE-2017-1000079;0.012960000;0.691810000
CVE-2017-1000078;0.007280000;0.523070000
CVE-2017-1000075;0.020490000;0.804350000
CVE-2017-1000074;0.019760000;0.796580000
CVE-2017-1000073;0.029310000;0.865530000
CVE-2017-1000072;0.021230000;0.811530000
CVE-2017-1000071;0.035130000;0.887800000
CVE-2017-1000070;0.009960000;0.611860000
CVE-2017-1000069;0.007390000;0.527050000
CVE-2017-1000068;0.018090000;0.777200000
CVE-2017-1000067;0.011090000;0.645250000
CVE-2017-1000066;0.014040000;0.714710000
CVE-2017-1000065;0.007410000;0.527980000
CVE-2017-1000064;0.013470000;0.703110000
CVE-2017-1000063;0.007570000;0.533410000
CVE-2017-1000062;0.039090000;0.899220000
CVE-2017-1000061;0.013410000;0.701900000
CVE-2017-1000060;0.034580000;0.886010000
CVE-2017-1000059;0.011320000;0.651010000
CVE-2017-1000058;0.007260000;0.522270000
CVE-2017-1000056;0.028400000;0.861200000
CVE-2017-1000054;0.007260000;0.522280000
CVE-2017-1000053;0.019340000;0.792280000
CVE-2017-1000052;0.004230000;0.340990000
CVE-2017-1000051;0.011570000;0.657510000
CVE-2017-1000050;0.032510000;0.878490000
CVE-2017-1000048;0.024150000;0.834790000
CVE-2017-1000047;0.037100000;0.893620000
CVE-2017-1000046;0.011070000;0.644900000
CVE-2017-1000044;0.015800000;0.745150000
CVE-2017-1000043;0.009350000;0.592160000
CVE-2017-1000042;0.009320000;0.591260000
CVE-2017-1000039;0.026250000;0.848860000
CVE-2017-1000038;0.010600000;0.631480000
CVE-2017-1000037;0.062470000;0.933140000
CVE-2017-1000035;0.008880000;0.576820000
CVE-2017-1000034;0.061870000;0.932550000
CVE-2017-1000033;0.021450000;0.813460000
CVE-2017-1000032;0.008870000;0.576680000
CVE-2017-1000031;0.014010000;0.714110000
CVE-2017-1000030;0.017000000;0.762730000
CVE-2017-1000029;0.083480000;0.947700000
CVE-2017-1000028;0.994790000;0.999430000
CVE-2017-1000027;0.011580000;0.657860000
CVE-2017-1000026;0.019000000;0.788410000
CVE-2017-1000025;0.013850000;0.711020000
CVE-2017-1000024;0.012090000;0.671630000
CVE-2017-1000023;0.005460000;0.435330000
CVE-2017-1000022;0.012120000;0.672760000
CVE-2017-1000021;0.012120000;0.672760000
CVE-2017-1000020;0.029190000;0.864980000
CVE-2017-1000018;0.018250000;0.779400000
CVE-2017-1000017;0.013340000;0.700260000
CVE-2017-1000016;0.011210000;0.648260000
CVE-2017-1000015;0.009860000;0.608920000
CVE-2017-1000014;0.018250000;0.779400000
CVE-2017-1000013;0.010560000;0.630370000
CVE-2017-1000012;0.007570000;0.533420000
CVE-2017-1000011;0.007230000;0.521080000
CVE-2017-1000010;0.021360000;0.812690000
CVE-2017-1000009;0.039320000;0.900070000
CVE-2017-1000008;0.006580000;0.494760000
CVE-2017-1000007;0.007530000;0.531800000
CVE-2017-1000006;0.008780000;0.574030000
CVE-2017-1000005;0.007230000;0.521080000
CVE-2017-1000004;0.047280000;0.915240000
CVE-2017-1000003;0.023240000;0.828050000
CVE-2017-1000002;0.308330000;0.981940000
CVE-2017-1000001;0.015050000;0.733150000
CVE-2017-10000;0.011860000;0.665860000
CVE-2017-0938;0.209740000;0.974900000
CVE-2017-0936;0.007520000;0.531420000
CVE-2017-0935;0.012740000;0.687230000
CVE-2017-0934;0.012810000;0.688630000
CVE-2017-0933;0.005390000;0.430540000
CVE-2017-0932;0.012120000;0.672860000
CVE-2017-0931;0.010630000;0.632210000
CVE-2017-0930;0.012170000;0.673770000
CVE-2017-0929;0.125430000;0.960980000
CVE-2017-0928;0.010380000;0.625080000
CVE-2017-0927;0.007920000;0.545470000
CVE-2017-0926;0.014080000;0.715280000
CVE-2017-0925;0.008680000;0.571060000
CVE-2017-0924;0.007560000;0.533130000
CVE-2017-0923;0.007560000;0.533120000
CVE-2017-0922;0.013320000;0.699750000
CVE-2017-0921;0.010680000;0.634160000
CVE-2017-0920;0.008870000;0.576680000
CVE-2017-0919;0.010830000;0.638220000
CVE-2017-0918;0.044530000;0.910810000
CVE-2017-0917;0.012540000;0.682710000
CVE-2017-0916;0.055140000;0.925210000
CVE-2017-0915;0.055140000;0.925210000
CVE-2017-0914;0.013660000;0.707040000
CVE-2017-0913;0.002960000;0.200120000
CVE-2017-0912;0.005430000;0.433550000
CVE-2017-0911;0.005010000;0.404610000
CVE-2017-0910;0.010870000;0.639280000
CVE-2017-0909;0.020320000;0.802660000
CVE-2017-0907;0.025940000;0.846990000
CVE-2017-0906;0.026160000;0.848330000
CVE-2017-0905;0.025940000;0.846990000
CVE-2017-0904;0.024150000;0.834820000
CVE-2017-0903;0.158530000;0.967700000
CVE-2017-0902;0.047500000;0.915600000
CVE-2017-0901;0.294420000;0.981230000
CVE-2017-0900;0.084910000;0.948480000
CVE-2017-0899;0.108100000;0.957020000
CVE-2017-0898;0.097180000;0.953560000
CVE-2017-0897;0.040420000;0.902660000
CVE-2017-0896;0.012780000;0.688030000
CVE-2017-0895;0.007240000;0.521790000
CVE-2017-0894;0.011690000;0.660910000
CVE-2017-0893;0.006430000;0.487160000
CVE-2017-0892;0.009850000;0.608420000
CVE-2017-0891;0.006430000;0.487170000
CVE-2017-0890;0.007390000;0.527170000
CVE-2017-0889;0.030530000;0.870690000
CVE-2017-0888;0.015370000;0.738440000
CVE-2017-0887;0.008880000;0.576910000
CVE-2017-0886;0.012300000;0.677100000
CVE-2017-0885;0.008990000;0.580220000
CVE-2017-0884;0.006660000;0.498210000
CVE-2017-0883;0.005930000;0.461600000
CVE-2017-0882;0.010570000;0.630450000
CVE-2017-0881;0.011030000;0.643560000
CVE-2017-0880;0.004280000;0.344950000
CVE-2017-0879;0.005900000;0.460250000
CVE-2017-0878;0.014370000;0.720710000
CVE-2017-0877;0.014370000;0.720700000
CVE-2017-0876;0.014370000;0.720700000
CVE-2017-0874;0.004280000;0.344950000
CVE-2017-0873;0.004280000;0.344950000
CVE-2017-0872;0.014370000;0.720710000
CVE-2017-0871;0.001580000;0.042120000
CVE-2017-0870;0.001580000;0.042140000
CVE-2017-0869;0.001950000;0.082180000
CVE-2017-0866;0.003610000;0.273100000
CVE-2017-0865;0.001380000;0.026320000
CVE-2017-0864;0.001380000;0.026320000
CVE-2017-0863;0.001550000;0.039080000
CVE-2017-0862;0.001650000;0.051560000
CVE-2017-0861;0.004310000;0.348080000
CVE-2017-0860;0.001290000;0.021320000
CVE-2017-0859;0.004220000;0.339680000
CVE-2017-0858;0.005630000;0.445620000
CVE-2017-0857;0.004410000;0.357880000
CVE-2017-0855;0.017300000;0.766740000
CVE-2017-0854;0.004830000;0.391930000
CVE-2017-0853;0.004830000;0.391930000
CVE-2017-0852;0.004220000;0.339670000
CVE-2017-0851;0.003560000;0.267330000
CVE-2017-0850;0.004310000;0.348660000
CVE-2017-0849;0.003560000;0.267330000
CVE-2017-0848;0.003560000;0.267330000
CVE-2017-0847;0.004260000;0.343120000
CVE-2017-0846;0.004120000;0.328950000
CVE-2017-0845;0.004260000;0.343250000
CVE-2017-0843;0.001560000;0.040810000
CVE-2017-0842;0.001650000;0.050710000
CVE-2017-0841;0.013370000;0.701090000
CVE-2017-0840;0.006360000;0.483600000
CVE-2017-0839;0.006360000;0.483590000
CVE-2017-0838;0.001480000;0.033410000
CVE-2017-0837;0.001580000;0.042150000
CVE-2017-0836;0.012840000;0.689330000
CVE-2017-0835;0.013110000;0.695160000
CVE-2017-0834;0.013110000;0.695170000
CVE-2017-0833;0.013110000;0.695160000
CVE-2017-0832;0.012330000;0.677900000
CVE-2017-0831;0.004430000;0.359920000
CVE-2017-0830;0.004330000;0.350970000
CVE-2017-0829;0.004980000;0.402020000
CVE-2017-0828;0.004980000;0.402010000
CVE-2017-0827;0.004160000;0.333890000
CVE-2017-0826;0.003620000;0.275030000
CVE-2017-0825;0.004510000;0.367020000
CVE-2017-0824;0.004980000;0.402010000
CVE-2017-0823;0.005910000;0.460960000
CVE-2017-0822;0.005950000;0.462550000
CVE-2017-0820;0.012670000;0.685650000
CVE-2017-0819;0.010160000;0.618420000
CVE-2017-0818;0.010160000;0.618420000
CVE-2017-0817;0.007770000;0.540290000
CVE-2017-0816;0.004700000;0.381530000
CVE-2017-0815;0.004700000;0.381530000
CVE-2017-0814;0.012060000;0.670620000
CVE-2017-0813;0.009330000;0.591330000
CVE-2017-0812;0.005030000;0.405310000
CVE-2017-0811;0.016240000;0.751510000
CVE-2017-0810;0.016240000;0.751510000
CVE-2017-0809;0.015760000;0.744570000
CVE-2017-0808;0.006220000;0.477160000
CVE-2017-0807;0.018510000;0.782650000
CVE-2017-0806;0.011470000;0.654590000
CVE-2017-0805;0.004340000;0.351890000
CVE-2017-0804;0.003680000;0.280830000
CVE-2017-0803;0.003680000;0.280830000
CVE-2017-0802;0.003680000;0.280840000
CVE-2017-0801;0.004160000;0.333880000
CVE-2017-0800;0.004160000;0.333880000
CVE-2017-0799;0.004160000;0.333880000
CVE-2017-0798;0.004160000;0.333880000
CVE-2017-0797;0.004140000;0.331150000
CVE-2017-0796;0.004140000;0.331150000
CVE-2017-0795;0.004140000;0.331130000
CVE-2017-0794;0.004260000;0.343290000
CVE-2017-0793;0.004010000;0.317250000
CVE-2017-0792;0.002320000;0.126650000
CVE-2017-0791;0.002790000;0.182470000
CVE-2017-0790;0.002790000;0.182470000
CVE-2017-0789;0.002790000;0.182460000
CVE-2017-0788;0.002790000;0.182470000
CVE-2017-0787;0.002790000;0.182470000
CVE-2017-0786;0.004420000;0.359260000
CVE-2017-0785;0.123880000;0.960670000
CVE-2017-0784;0.002690000;0.170520000
CVE-2017-0783;0.004220000;0.340380000
CVE-2017-0782;0.020990000;0.809440000
CVE-2017-0781;0.228500000;0.976680000
CVE-2017-0780;0.003310000;0.236550000
CVE-2017-0779;0.003660000;0.278900000
CVE-2017-0778;0.004600000;0.373120000
CVE-2017-0777;0.003980000;0.313500000
CVE-2017-0776;0.003980000;0.313500000
CVE-2017-0775;0.003310000;0.236540000
CVE-2017-0774;0.003310000;0.236550000
CVE-2017-0773;0.003310000;0.236540000
CVE-2017-0772;0.003310000;0.236540000
CVE-2017-0771;0.003310000;0.236550000
CVE-2017-0770;0.004140000;0.331150000
CVE-2017-0769;0.004140000;0.331140000
CVE-2017-0768;0.004140000;0.331140000
CVE-2017-0767;0.004140000;0.331140000
CVE-2017-0766;0.010960000;0.642260000
CVE-2017-0765;0.010960000;0.642250000
CVE-2017-0764;0.013780000;0.709650000
CVE-2017-0763;0.010960000;0.642240000
CVE-2017-0762;0.010960000;0.642240000
CVE-2017-0761;0.013780000;0.709640000
CVE-2017-0760;0.013780000;0.709660000
CVE-2017-0759;0.010960000;0.642260000
CVE-2017-0758;0.013780000;0.709660000
CVE-2017-0757;0.010960000;0.642260000
CVE-2017-0756;0.008580000;0.567710000
CVE-2017-0755;0.004140000;0.331140000
CVE-2017-0753;0.010960000;0.642250000
CVE-2017-0752;0.004340000;0.351400000
CVE-2017-0751;0.001410000;0.028480000
CVE-2017-0750;0.009640000;0.601510000
CVE-2017-0749;0.009020000;0.581340000
CVE-2017-0748;0.004090000;0.325050000
CVE-2017-0747;0.003560000;0.267910000
CVE-2017-0746;0.003560000;0.267920000
CVE-2017-0745;0.013780000;0.709640000
CVE-2017-0744;0.001410000;0.028470000
CVE-2017-0742;0.003560000;0.267900000
CVE-2017-0741;0.003560000;0.267900000
CVE-2017-0740;0.007330000;0.524800000
CVE-2017-0739;0.004070000;0.323450000
CVE-2017-0738;0.004840000;0.391980000
CVE-2017-0737;0.004350000;0.352630000
CVE-2017-0736;0.003310000;0.236540000
CVE-2017-0735;0.003200000;0.224850000
CVE-2017-0734;0.003200000;0.224850000
CVE-2017-0733;0.003200000;0.224840000
CVE-2017-0732;0.003560000;0.267900000
CVE-2017-0731;0.003560000;0.267890000
CVE-2017-0730;0.003200000;0.224850000
CVE-2017-0729;0.003560000;0.267890000
CVE-2017-0728;0.003360000;0.243730000
CVE-2017-0727;0.002830000;0.186220000
CVE-2017-0726;0.003200000;0.224850000
CVE-2017-0725;0.003670000;0.280300000
CVE-2017-0724;0.003200000;0.224860000
CVE-2017-0723;0.010960000;0.642250000
CVE-2017-0722;0.013780000;0.709650000
CVE-2017-0721;0.010960000;0.642270000
CVE-2017-0720;0.013780000;0.709650000
CVE-2017-0719;0.013780000;0.709640000
CVE-2017-0718;0.013780000;0.709660000
CVE-2017-0716;0.010960000;0.642270000
CVE-2017-0715;0.010960000;0.642260000
CVE-2017-0714;0.013780000;0.709650000
CVE-2017-0713;0.007330000;0.524810000
CVE-2017-0712;0.003560000;0.267920000
CVE-2017-0711;0.004430000;0.360100000
CVE-2017-0710;0.003810000;0.295040000
CVE-2017-0709;0.003250000;0.230110000
CVE-2017-0708;0.004360000;0.353520000
CVE-2017-0707;0.003810000;0.295040000
CVE-2017-0706;0.001980000;0.086810000
CVE-2017-0705;0.001990000;0.087000000
CVE-2017-0704;0.003810000;0.295040000
CVE-2017-0703;0.004270000;0.344060000
CVE-2017-0702;0.012560000;0.683190000
CVE-2017-0701;0.012560000;0.683190000
CVE-2017-0700;0.015780000;0.744770000
CVE-2017-0699;0.003920000;0.307070000
CVE-2017-0698;0.003920000;0.307070000
CVE-2017-0697;0.003430000;0.252180000
CVE-2017-0696;0.003430000;0.252160000
CVE-2017-0695;0.003430000;0.252160000
CVE-2017-0694;0.003430000;0.252180000
CVE-2017-0693;0.003430000;0.252170000
CVE-2017-0692;0.003430000;0.252170000
CVE-2017-0691;0.010190000;0.619230000
CVE-2017-0690;0.003030000;0.207030000
CVE-2017-0689;0.003430000;0.252170000
CVE-2017-0688;0.003430000;0.252180000
CVE-2017-0687;0.003200000;0.224860000
CVE-2017-0686;0.003430000;0.252160000
CVE-2017-0685;0.003430000;0.252170000
CVE-2017-0684;0.004430000;0.360100000
CVE-2017-0683;0.012560000;0.683190000
CVE-2017-0682;0.012560000;0.683180000
CVE-2017-0681;0.012560000;0.683210000
CVE-2017-0680;0.012560000;0.683200000
CVE-2017-0679;0.012560000;0.683200000
CVE-2017-0678;0.015780000;0.744770000
CVE-2017-0677;0.012560000;0.683180000
CVE-2017-0676;0.012560000;0.683180000
CVE-2017-0675;0.012560000;0.683200000
CVE-2017-0674;0.012560000;0.683190000
CVE-2017-0673;0.012560000;0.683200000
CVE-2017-0672;0.002930000;0.195770000
CVE-2017-0671;0.010460000;0.627370000
CVE-2017-0670;0.003660000;0.278780000
CVE-2017-0669;0.004190000;0.336300000
CVE-2017-0668;0.004100000;0.326100000
CVE-2017-0667;0.004780000;0.387990000
CVE-2017-0666;0.004680000;0.380370000
CVE-2017-0665;0.004780000;0.387990000
CVE-2017-0664;0.004780000;0.387990000
CVE-2017-0663;0.023110000;0.827090000
CVE-2017-0651;0.010000000;0.613410000
CVE-2017-0650;0.007420000;0.528390000
CVE-2017-0649;0.007180000;0.519350000
CVE-2017-0648;0.018490000;0.782370000
CVE-2017-0647;0.004910000;0.397310000
CVE-2017-0646;0.004810000;0.389850000
CVE-2017-0645;0.004710000;0.382610000
CVE-2017-0644;0.006940000;0.509990000
CVE-2017-0643;0.007090000;0.515860000
CVE-2017-0642;0.007650000;0.536440000
CVE-2017-0641;0.016930000;0.761760000
CVE-2017-0640;0.007090000;0.515860000
CVE-2017-0639;0.004860000;0.393800000
CVE-2017-0638;0.010380000;0.624990000
CVE-2017-0637;0.017010000;0.762860000
CVE-2017-0636;0.007180000;0.519340000
CVE-2017-0635;0.004560000;0.370140000
CVE-2017-0634;0.008760000;0.573520000
CVE-2017-0633;0.008760000;0.573510000
CVE-2017-0632;0.008760000;0.573520000
CVE-2017-0631;0.008760000;0.573520000
CVE-2017-0630;0.015430000;0.739420000
CVE-2017-0629;0.008760000;0.573510000
CVE-2017-0628;0.008760000;0.573520000
CVE-2017-0627;0.014890000;0.730420000
CVE-2017-0626;0.010170000;0.618660000
CVE-2017-0625;0.003440000;0.253080000
CVE-2017-0624;0.010170000;0.618660000
CVE-2017-0623;0.014360000;0.720610000
CVE-2017-0622;0.014360000;0.720610000
CVE-2017-0621;0.014670000;0.726500000
CVE-2017-0620;0.006820000;0.505350000
CVE-2017-0619;0.005750000;0.452290000
CVE-2017-0618;0.005280000;0.423820000
CVE-2017-0617;0.005870000;0.458770000
CVE-2017-0616;0.005870000;0.458770000
CVE-2017-0615;0.005870000;0.458760000
CVE-2017-0614;0.014670000;0.726490000
CVE-2017-0613;0.015650000;0.742890000
CVE-2017-0612;0.014670000;0.726490000
CVE-2017-0611;0.014670000;0.726510000
CVE-2017-0610;0.014670000;0.726500000
CVE-2017-0609;0.014670000;0.726510000
CVE-2017-0608;0.014670000;0.726500000
CVE-2017-0607;0.014670000;0.726500000
CVE-2017-0606;0.014670000;0.726490000
CVE-2017-0604;0.005960000;0.463330000
CVE-2017-0603;0.004680000;0.379920000
CVE-2017-0602;0.003950000;0.311090000
CVE-2017-0601;0.003830000;0.296800000
CVE-2017-0600;0.004440000;0.361080000
CVE-2017-0599;0.006920000;0.509210000
CVE-2017-0598;0.004190000;0.336310000
CVE-2017-0597;0.007220000;0.520850000
CVE-2017-0596;0.008140000;0.552910000
CVE-2017-0595;0.008340000;0.559790000
CVE-2017-0594;0.008340000;0.559790000
CVE-2017-0593;0.004560000;0.370280000
CVE-2017-0592;0.015320000;0.737550000
CVE-2017-0591;0.015320000;0.737560000
CVE-2017-0590;0.015320000;0.737560000
CVE-2017-0589;0.015320000;0.737550000
CVE-2017-0588;0.015320000;0.737560000
CVE-2017-0587;0.015320000;0.737550000
CVE-2017-0586;0.010520000;0.629080000
CVE-2017-0585;0.012810000;0.688560000
CVE-2017-0584;0.010520000;0.629070000
CVE-2017-0583;0.014960000;0.731470000
CVE-2017-0582;0.020870000;0.808160000
CVE-2017-0581;0.014960000;0.731480000
CVE-2017-0580;0.014960000;0.731490000
CVE-2017-0579;0.014960000;0.731500000
CVE-2017-0578;0.007830000;0.542370000
CVE-2017-0577;0.014960000;0.731500000
CVE-2017-0576;0.015300000;0.737050000
CVE-2017-0575;0.014960000;0.731500000
CVE-2017-0574;0.014960000;0.731510000
CVE-2017-0573;0.014960000;0.731490000
CVE-2017-0572;0.014960000;0.731480000
CVE-2017-0571;0.014960000;0.731490000
CVE-2017-0570;0.014960000;0.731480000
CVE-2017-0569;0.076860000;0.943920000
CVE-2017-0568;0.014960000;0.731480000
CVE-2017-0567;0.014960000;0.731500000
CVE-2017-0566;0.007830000;0.542370000
CVE-2017-0565;0.007830000;0.542370000
CVE-2017-0564;0.042450000;0.906910000
CVE-2017-0563;0.008890000;0.577060000
CVE-2017-0562;0.008470000;0.563660000
CVE-2017-0561;0.298150000;0.981440000
CVE-2017-0560;0.004790000;0.388470000
CVE-2017-0559;0.005410000;0.432320000
CVE-2017-0558;0.005970000;0.464170000
CVE-2017-0557;0.005970000;0.464180000
CVE-2017-0556;0.005240000;0.421510000
CVE-2017-0555;0.005330000;0.426950000
CVE-2017-0554;0.010140000;0.617890000
CVE-2017-0553;0.019640000;0.795390000
CVE-2017-0552;0.007120000;0.516860000
CVE-2017-0551;0.011660000;0.660140000
CVE-2017-0550;0.007120000;0.516860000
CVE-2017-0549;0.007120000;0.516860000
CVE-2017-0548;0.007950000;0.546420000
CVE-2017-0547;0.005190000;0.417520000
CVE-2017-0546;0.007980000;0.547520000
CVE-2017-0545;0.007980000;0.547520000
CVE-2017-0544;0.008550000;0.566750000
CVE-2017-0543;0.015750000;0.744480000
CVE-2017-0542;0.015750000;0.744480000
CVE-2017-0541;0.049710000;0.918940000
CVE-2017-0540;0.023180000;0.827620000
CVE-2017-0539;0.015750000;0.744480000
CVE-2017-0538;0.015750000;0.744480000
CVE-2017-0537;0.010460000;0.627390000
CVE-2017-0536;0.008470000;0.563730000
CVE-2017-0535;0.008720000;0.572200000
CVE-2017-0534;0.008660000;0.570240000
CVE-2017-0533;0.008660000;0.570230000
CVE-2017-0532;0.003800000;0.293700000
CVE-2017-0531;0.008910000;0.577880000
CVE-2017-0529;0.004120000;0.329140000
CVE-2017-0528;0.018230000;0.779190000
CVE-2017-0527;0.014530000;0.723780000
CVE-2017-0526;0.014530000;0.723770000
CVE-2017-0525;0.014860000;0.729870000
CVE-2017-0524;0.015420000;0.739170000
CVE-2017-0523;0.007460000;0.529550000
CVE-2017-0522;0.006810000;0.504820000
CVE-2017-0521;0.017940000;0.775230000
CVE-2017-0520;0.014860000;0.729870000
CVE-2017-0519;0.015420000;0.739170000
CVE-2017-0518;0.017550000;0.770050000
CVE-2017-0517;0.007250000;0.521850000
CVE-2017-0516;0.017550000;0.770050000
CVE-2017-0510;0.018390000;0.781050000
CVE-2017-0509;0.007610000;0.535070000
CVE-2017-0508;0.018230000;0.779180000
CVE-2017-0507;0.018230000;0.779190000
CVE-2017-0506;0.007450000;0.529160000
CVE-2017-0505;0.014270000;0.718860000
CVE-2017-0504;0.008630000;0.569380000
CVE-2017-0503;0.008060000;0.550560000
CVE-2017-0502;0.007450000;0.529160000
CVE-2017-0501;0.007450000;0.529170000
CVE-2017-0500;0.007450000;0.529170000
CVE-2017-0499;0.004170000;0.334510000
CVE-2017-0498;0.001630000;0.049050000
CVE-2017-0497;0.005310000;0.425530000
CVE-2017-0496;0.003920000;0.306420000
CVE-2017-0495;0.004210000;0.339170000
CVE-2017-0494;0.005560000;0.441320000
CVE-2017-0493;0.003380000;0.245940000
CVE-2017-0492;0.003610000;0.272850000
CVE-2017-0491;0.003740000;0.287980000
CVE-2017-0490;0.004480000;0.364400000
CVE-2017-0489;0.003920000;0.306670000
CVE-2017-0488;0.007590000;0.534120000
CVE-2017-0487;0.007590000;0.534110000
CVE-2017-0486;0.006160000;0.474090000
CVE-2017-0485;0.006160000;0.474090000
CVE-2017-0484;0.006160000;0.474090000
CVE-2017-0483;0.006160000;0.474100000
CVE-2017-0482;0.006160000;0.474100000
CVE-2017-0481;0.008070000;0.551000000
CVE-2017-0480;0.007600000;0.534710000
CVE-2017-0479;0.007210000;0.520350000
CVE-2017-0478;0.018400000;0.781230000
CVE-2017-0477;0.009480000;0.596300000
CVE-2017-0476;0.010490000;0.628330000
CVE-2017-0475;0.008600000;0.568520000
CVE-2017-0474;0.021390000;0.812920000
CVE-2017-0473;0.014220000;0.717950000
CVE-2017-0472;0.014220000;0.717940000
CVE-2017-0471;0.014220000;0.717940000
CVE-2017-0470;0.014220000;0.717940000
CVE-2017-0469;0.014220000;0.717940000
CVE-2017-0468;0.014220000;0.717950000
CVE-2017-0467;0.014220000;0.717950000
CVE-2017-0466;0.014220000;0.717960000
CVE-2017-0465;0.006390000;0.485290000
CVE-2017-0464;0.014860000;0.729860000
CVE-2017-0463;0.014770000;0.728260000
CVE-2017-0462;0.009950000;0.611780000
CVE-2017-0461;0.008660000;0.570230000
CVE-2017-0460;0.014860000;0.729860000
CVE-2017-0459;0.008660000;0.570230000
CVE-2017-0458;0.015760000;0.744610000
CVE-2017-0457;0.014530000;0.723770000
CVE-2017-0456;0.015420000;0.739170000
CVE-2017-0455;0.016700000;0.758370000
CVE-2017-0454;0.014960000;0.731470000
CVE-2017-0453;0.014860000;0.729860000
CVE-2017-0452;0.010100000;0.616550000
CVE-2017-0451;0.005740000;0.451810000
CVE-2017-0450;0.008840000;0.575770000
CVE-2017-0449;0.008630000;0.569210000
CVE-2017-0448;0.005450000;0.434780000
CVE-2017-0447;0.008630000;0.569220000
CVE-2017-0446;0.008630000;0.569220000
CVE-2017-0445;0.009800000;0.606940000
CVE-2017-0444;0.011340000;0.651280000
CVE-2017-0443;0.008820000;0.575190000
CVE-2017-0442;0.008630000;0.569210000
CVE-2017-0441;0.008820000;0.575180000
CVE-2017-0440;0.008630000;0.569220000
CVE-2017-0439;0.008900000;0.577260000
CVE-2017-0438;0.008700000;0.571630000
CVE-2017-0437;0.008700000;0.571620000
CVE-2017-0436;0.008700000;0.571620000
CVE-2017-0435;0.007730000;0.538880000
CVE-2017-0434;0.008700000;0.571620000
CVE-2017-0433;0.010100000;0.616610000
CVE-2017-0432;0.021050000;0.809910000
CVE-2017-0431;0.001880000;0.075550000
CVE-2017-0430;0.008880000;0.576810000
CVE-2017-0429;0.009080000;0.583150000
CVE-2017-0428;0.009080000;0.583140000
CVE-2017-0427;0.009760000;0.606090000
CVE-2017-0426;0.006270000;0.479390000
CVE-2017-0425;0.005640000;0.446540000
CVE-2017-0424;0.008020000;0.548870000
CVE-2017-0423;0.003290000;0.234810000
CVE-2017-0422;0.015960000;0.747420000
CVE-2017-0421;0.005640000;0.446550000
CVE-2017-0420;0.006530000;0.492240000
CVE-2017-0419;0.009110000;0.583880000
CVE-2017-0418;0.009110000;0.583880000
CVE-2017-0417;0.009110000;0.583880000
CVE-2017-0416;0.009110000;0.583890000
CVE-2017-0415;0.009110000;0.583890000
CVE-2017-0414;0.005580000;0.442770000
CVE-2017-0413;0.006530000;0.492240000
CVE-2017-0412;0.025350000;0.843130000
CVE-2017-0411;0.028660000;0.862430000
CVE-2017-0410;0.008090000;0.551360000
CVE-2017-0409;0.012100000;0.671970000
CVE-2017-0408;0.012350000;0.678270000
CVE-2017-0407;0.018560000;0.783300000
CVE-2017-0406;0.018560000;0.783300000
CVE-2017-0405;0.018180000;0.778500000
CVE-2017-0404;0.016240000;0.751490000
CVE-2017-0403;0.016240000;0.751490000
CVE-2017-0402;0.004850000;0.392940000
CVE-2017-0401;0.004710000;0.382730000
CVE-2017-0400;0.004580000;0.371620000
CVE-2017-0399;0.004620000;0.374690000
CVE-2017-0398;0.004800000;0.389360000
CVE-2017-0397;0.004670000;0.379450000
CVE-2017-0396;0.004580000;0.371620000
CVE-2017-0395;0.003350000;0.243140000
CVE-2017-0394;0.007800000;0.541360000
CVE-2017-0393;0.008920000;0.578060000
CVE-2017-0392;0.006750000;0.501930000
CVE-2017-0391;0.006850000;0.506550000
CVE-2017-0390;0.006750000;0.501930000
CVE-2017-0389;0.006550000;0.493220000
CVE-2017-0388;0.001580000;0.042180000
CVE-2017-0387;0.007570000;0.533460000
CVE-2017-0386;0.011490000;0.655410000
CVE-2017-0385;0.006890000;0.508260000
CVE-2017-0384;0.008280000;0.557720000
CVE-2017-0383;0.006950000;0.510440000
CVE-2017-0382;0.009460000;0.595380000
CVE-2017-0381;0.010590000;0.631240000
CVE-2017-0380;0.015410000;0.739050000
CVE-2017-0379;0.035100000;0.887700000
CVE-2017-0378;0.014550000;0.723950000
CVE-2017-0377;0.024460000;0.836990000
CVE-2017-0376;0.021760000;0.815980000
CVE-2017-0375;0.026130000;0.848120000
CVE-2017-0374;0.004040000;0.320790000
CVE-2017-0373;0.018480000;0.782180000
CVE-2017-0372;0.112700000;0.958290000
CVE-2017-0371;0.015680000;0.743310000
CVE-2017-0370;0.013810000;0.710160000
CVE-2017-0369;0.011650000;0.660040000
CVE-2017-0368;0.014730000;0.727590000
CVE-2017-0367;0.017990000;0.775830000
CVE-2017-0366;0.012970000;0.692100000
CVE-2017-0365;0.011490000;0.655440000
CVE-2017-0364;0.010830000;0.637980000
CVE-2017-0363;0.010830000;0.637990000
CVE-2017-0362;0.007600000;0.534670000
CVE-2017-0361;0.004350000;0.352630000
CVE-2017-0360;0.015540000;0.741330000
CVE-2017-0359;0.022450000;0.821820000
CVE-2017-0358;0.021890000;0.816950000
CVE-2017-0357;0.028380000;0.861090000
CVE-2017-0356;0.032760000;0.879660000
CVE-2017-0355;0.002900000;0.193200000
CVE-2017-0354;0.002440000;0.139830000
CVE-2017-0353;0.002780000;0.182120000
CVE-2017-0352;0.003330000;0.239240000
CVE-2017-0351;0.003810000;0.294870000
CVE-2017-0350;0.003810000;0.294880000
CVE-2017-0349;0.003330000;0.239980000
CVE-2017-0348;0.003320000;0.238770000
CVE-2017-0347;0.003320000;0.238770000
CVE-2017-0346;0.003730000;0.286880000
CVE-2017-0345;0.003320000;0.238760000
CVE-2017-0344;0.003320000;0.238760000
CVE-2017-0343;0.002000000;0.089080000
CVE-2017-0342;0.003320000;0.238780000
CVE-2017-0341;0.003320000;0.238770000
CVE-2017-0340;0.014060000;0.715040000
CVE-2017-0339;0.018380000;0.780980000
CVE-2017-0338;0.017180000;0.765220000
CVE-2017-0337;0.017030000;0.763220000
CVE-2017-0336;0.008620000;0.568980000
CVE-2017-0335;0.017030000;0.763210000
CVE-2017-0334;0.008620000;0.568970000
CVE-2017-0333;0.017030000;0.763210000
CVE-2017-0332;0.021330000;0.812480000
CVE-2017-0331;0.007160000;0.518880000
CVE-2017-0330;0.010750000;0.635820000
CVE-2017-0329;0.021050000;0.809920000
CVE-2017-0328;0.012000000;0.669200000
CVE-2017-0327;0.018410000;0.781370000
CVE-2017-0326;0.004750000;0.385710000
CVE-2017-0325;0.018040000;0.776510000
CVE-2017-0324;0.003320000;0.238790000
CVE-2017-0323;0.003320000;0.238800000
CVE-2017-0322;0.003320000;0.238780000
CVE-2017-0321;0.003690000;0.281780000
CVE-2017-0320;0.002780000;0.182120000
CVE-2017-0319;0.002780000;0.182120000
CVE-2017-0318;0.003420000;0.251300000
CVE-2017-0317;0.004110000;0.327800000
CVE-2017-0316;0.002910000;0.194270000
CVE-2017-0315;0.003320000;0.238770000
CVE-2017-0314;0.003320000;0.238780000
CVE-2017-0313;0.015730000;0.744130000
CVE-2017-0312;0.014490000;0.722850000
CVE-2017-0311;0.003220000;0.227070000
CVE-2017-0310;0.002760000;0.179670000
CVE-2017-0309;0.003890000;0.303350000
CVE-2017-0308;0.003320000;0.238780000
CVE-2017-0307;0.017560000;0.770320000
CVE-2017-0306;0.017410000;0.768170000
CVE-2017-0305;0.037760000;0.895610000
CVE-2017-0304;0.009900000;0.610120000
CVE-2017-0303;0.026640000;0.851370000
CVE-2017-0302;0.007400000;0.527490000
CVE-2017-0301;0.005350000;0.428480000
CVE-2017-0300;0.049610000;0.918790000
CVE-2017-0299;0.047900000;0.916200000
CVE-2017-0298;0.018980000;0.788200000
CVE-2017-0297;0.037340000;0.894420000
CVE-2017-0296;0.013150000;0.696120000
CVE-2017-0295;0.012390000;0.679080000
CVE-2017-0294;0.173820000;0.970210000
CVE-2017-0293;0.144160000;0.965060000
CVE-2017-0292;0.242430000;0.977840000
CVE-2017-0291;0.204980000;0.974310000
CVE-2017-0290;0.814210000;0.996300000
CVE-2017-0289;0.031190000;0.873180000
CVE-2017-0288;0.029730000;0.867290000
CVE-2017-0287;0.031190000;0.873190000
CVE-2017-0286;0.029730000;0.867290000
CVE-2017-0285;0.029730000;0.867280000
CVE-2017-0284;0.029730000;0.867280000
CVE-2017-0283;0.390190000;0.985460000
CVE-2017-0282;0.029730000;0.867290000
CVE-2017-0281;0.157570000;0.967550000
CVE-2017-0280;0.071690000;0.940730000
CVE-2017-0279;0.108500000;0.957110000
CVE-2017-0278;0.108500000;0.957100000
CVE-2017-0277;0.108500000;0.957110000
CVE-2017-0276;0.072430000;0.941230000
CVE-2017-0275;0.076110000;0.943480000
CVE-2017-0274;0.070400000;0.939690000
CVE-2017-0273;0.060860000;0.931660000
CVE-2017-0272;0.171210000;0.969850000
CVE-2017-0271;0.132710000;0.962580000
CVE-2017-0270;0.072430000;0.941240000
CVE-2017-0269;0.064650000;0.935040000
CVE-2017-0268;0.072430000;0.941240000
CVE-2017-0267;0.126810000;0.961250000
CVE-2017-0266;0.358210000;0.984180000
CVE-2017-0265;0.186160000;0.971690000
CVE-2017-0264;0.139150000;0.964140000
CVE-2017-0263;0.100340000;0.954650000
CVE-2017-0262;0.810050000;0.996210000
CVE-2017-0261;0.781300000;0.995640000
CVE-2017-0260;0.199420000;0.973500000
CVE-2017-0259;0.096590000;0.953350000
CVE-2017-0258;0.073630000;0.942000000
CVE-2017-0256;0.035420000;0.888640000
CVE-2017-0255;0.016820000;0.760130000
CVE-2017-0254;0.198170000;0.973290000
CVE-2017-0252;0.133820000;0.962910000
CVE-2017-0250;0.236590000;0.977410000
CVE-2017-0249;0.041690000;0.905370000
CVE-2017-0248;0.055100000;0.925170000
CVE-2017-0247;0.169110000;0.969560000
CVE-2017-0246;0.013010000;0.693180000
CVE-2017-0245;0.077040000;0.944020000
CVE-2017-0244;0.020040000;0.799690000
CVE-2017-0243;0.214690000;0.975380000
CVE-2017-0242;0.079390000;0.945410000
CVE-2017-0241;0.028690000;0.862580000
CVE-2017-0240;0.147280000;0.965620000
CVE-2017-0238;0.180740000;0.971030000
CVE-2017-0236;0.315820000;0.982330000
CVE-2017-0235;0.110590000;0.957750000
CVE-2017-0234;0.381150000;0.985110000
CVE-2017-0233;0.030800000;0.871720000
CVE-2017-0231;0.036730000;0.892620000
CVE-2017-0230;0.107010000;0.956680000
CVE-2017-0229;0.107010000;0.956680000
CVE-2017-0228;0.169920000;0.969680000
CVE-2017-0227;0.137880000;0.963890000
CVE-2017-0226;0.098160000;0.953930000
CVE-2017-0224;0.114440000;0.958690000
CVE-2017-0223;0.146820000;0.965520000
CVE-2017-0222;0.296450000;0.981360000
CVE-2017-0221;0.047750000;0.915990000
CVE-2017-0220;0.074640000;0.942580000
CVE-2017-0219;0.014510000;0.723280000
CVE-2017-0218;0.016840000;0.760510000
CVE-2017-0216;0.014510000;0.723280000
CVE-2017-0215;0.357640000;0.984150000
CVE-2017-0214;0.034570000;0.885980000
CVE-2017-0213;0.841380000;0.996880000
CVE-2017-0212;0.011370000;0.652230000
CVE-2017-0211;0.140870000;0.964420000
CVE-2017-0210;0.223340000;0.976150000
CVE-2017-0208;0.152810000;0.966560000
CVE-2017-0207;0.104850000;0.956050000
CVE-2017-0205;0.235930000;0.977320000
CVE-2017-0204;0.190110000;0.972150000
CVE-2017-0203;0.039220000;0.899710000
CVE-2017-0202;0.456480000;0.987560000
CVE-2017-0201;0.138770000;0.964050000
CVE-2017-0200;0.137740000;0.963870000
CVE-2017-0199;0.994970000;0.999440000
CVE-2017-0197;0.190750000;0.972270000
CVE-2017-0196;0.181520000;0.971090000
CVE-2017-0195;0.038420000;0.897520000
CVE-2017-0194;0.255200000;0.978870000
CVE-2017-0193;0.010970000;0.642330000
CVE-2017-0192;0.060340000;0.931090000
CVE-2017-0191;0.047270000;0.915230000
CVE-2017-0190;0.434580000;0.986960000
CVE-2017-0189;0.020500000;0.804460000
CVE-2017-0188;0.029770000;0.867450000
CVE-2017-0186;0.045550000;0.912650000
CVE-2017-0185;0.056730000;0.927170000
CVE-2017-0184;0.016820000;0.760130000
CVE-2017-0183;0.044120000;0.909900000
CVE-2017-0182;0.044320000;0.910330000
CVE-2017-0181;0.031470000;0.874310000
CVE-2017-0180;0.032960000;0.880530000
CVE-2017-0179;0.042870000;0.907670000
CVE-2017-0178;0.016340000;0.753150000
CVE-2017-0176;0.457750000;0.987630000
CVE-2017-0175;0.070480000;0.939770000
CVE-2017-0174;0.025800000;0.846020000
CVE-2017-0173;0.014510000;0.723280000
CVE-2017-0171;0.040600000;0.903030000
CVE-2017-0170;0.066660000;0.936580000
CVE-2017-0169;0.015630000;0.742660000
CVE-2017-0168;0.055570000;0.925760000
CVE-2017-0167;0.055410000;0.925560000
CVE-2017-0166;0.064150000;0.934560000
CVE-2017-0165;0.033380000;0.882000000
CVE-2017-0164;0.038970000;0.898910000
CVE-2017-0163;0.031470000;0.874320000
CVE-2017-0162;0.031470000;0.874320000
CVE-2017-0161;0.112290000;0.958230000
CVE-2017-0160;0.178480000;0.970760000
CVE-2017-0159;0.036480000;0.891890000
CVE-2017-0158;0.127930000;0.961500000
CVE-2017-0156;0.011440000;0.653780000
CVE-2017-0155;0.021060000;0.810000000
CVE-2017-0154;0.105650000;0.956290000
CVE-2017-0152;0.108090000;0.957010000
CVE-2017-0151;0.152300000;0.966460000
CVE-2017-0150;0.152300000;0.966470000
CVE-2017-0149;0.291780000;0.981120000
CVE-2017-0148;0.993560000;0.999390000
CVE-2017-0147;0.996930000;0.999500000
CVE-2017-0146;0.898620000;0.997890000
CVE-2017-0145;0.898500000;0.997890000
CVE-2017-0144;0.992300000;0.999350000
CVE-2017-0143;0.933070000;0.998350000
CVE-2017-0141;0.481700000;0.988200000
CVE-2017-0140;0.285450000;0.980730000
CVE-2017-0138;0.152300000;0.966450000
CVE-2017-0137;0.152300000;0.966480000
CVE-2017-0136;0.152300000;0.966480000
CVE-2017-0135;0.076930000;0.943950000
CVE-2017-0134;0.263740000;0.979400000
CVE-2017-0133;0.259910000;0.979200000
CVE-2017-0132;0.152300000;0.966470000
CVE-2017-0131;0.152300000;0.966460000
CVE-2017-0130;0.232670000;0.977050000
CVE-2017-0129;0.078790000;0.945100000
CVE-2017-0128;0.224710000;0.976280000
CVE-2017-0127;0.224710000;0.976310000
CVE-2017-0126;0.224710000;0.976310000
CVE-2017-0125;0.224710000;0.976270000
CVE-2017-0124;0.224710000;0.976270000
CVE-2017-0123;0.224710000;0.976290000
CVE-2017-0122;0.224710000;0.976300000
CVE-2017-0121;0.421240000;0.986490000
CVE-2017-0120;0.220460000;0.975920000
CVE-2017-0119;0.224710000;0.976270000
CVE-2017-0118;0.229510000;0.976790000
CVE-2017-0117;0.224710000;0.976300000
CVE-2017-0116;0.224710000;0.976290000
CVE-2017-0115;0.224710000;0.976290000
CVE-2017-0114;0.224710000;0.976300000
CVE-2017-0113;0.224710000;0.976300000
CVE-2017-0112;0.224710000;0.976280000
CVE-2017-0111;0.224710000;0.976280000
CVE-2017-0110;0.070230000;0.939560000
CVE-2017-0109;0.045380000;0.912200000
CVE-2017-0108;0.504700000;0.988770000
CVE-2017-0107;0.069780000;0.939160000
CVE-2017-0106;0.283550000;0.980630000
CVE-2017-0105;0.304110000;0.981770000
CVE-2017-0104;0.138230000;0.963950000
CVE-2017-0103;0.029420000;0.865970000
CVE-2017-0102;0.011300000;0.650650000
CVE-2017-0101;0.574820000;0.990530000
CVE-2017-0100;0.049570000;0.918740000
CVE-2017-0099;0.014230000;0.718060000
CVE-2017-0098;0.015120000;0.734320000
CVE-2017-0097;0.013940000;0.712680000
CVE-2017-0096;0.019220000;0.790940000
CVE-2017-0095;0.039020000;0.899020000
CVE-2017-0094;0.316720000;0.982390000
CVE-2017-0093;0.136910000;0.963640000
CVE-2017-0092;0.224710000;0.976310000
CVE-2017-0091;0.224710000;0.976310000
CVE-2017-0090;0.425460000;0.986630000
CVE-2017-0089;0.573380000;0.990490000
CVE-2017-0088;0.418720000;0.986450000
CVE-2017-0087;0.425460000;0.986630000
CVE-2017-0086;0.425460000;0.986630000
CVE-2017-0085;0.224710000;0.976280000
CVE-2017-0084;0.365290000;0.984440000
CVE-2017-0083;0.425460000;0.986630000
CVE-2017-0082;0.023880000;0.832670000
CVE-2017-0081;0.023880000;0.832660000
CVE-2017-0080;0.023880000;0.832670000
CVE-2017-0079;0.023880000;0.832670000
CVE-2017-0078;0.023880000;0.832670000
CVE-2017-0077;0.015370000;0.738320000
CVE-2017-0076;0.015940000;0.747110000
CVE-2017-0075;0.126700000;0.961220000
CVE-2017-0074;0.013820000;0.710430000
CVE-2017-0073;0.333590000;0.983230000
CVE-2017-0072;0.425460000;0.986640000
CVE-2017-0071;0.318930000;0.982490000
CVE-2017-0070;0.785380000;0.995730000
CVE-2017-0069;0.085770000;0.948930000
CVE-2017-0068;0.151800000;0.966360000
CVE-2017-0067;0.152300000;0.966460000
CVE-2017-0066;0.299460000;0.981500000
CVE-2017-0065;0.274060000;0.980020000
CVE-2017-0064;0.051950000;0.921820000
CVE-2017-0063;0.352800000;0.983950000
CVE-2017-0062;0.178320000;0.970740000
CVE-2017-0061;0.431300000;0.986800000
CVE-2017-0060;0.159390000;0.967850000
CVE-2017-0059;0.619680000;0.991520000
CVE-2017-0058;0.036550000;0.892110000
CVE-2017-0057;0.139580000;0.964210000
CVE-2017-0056;0.013900000;0.712120000
CVE-2017-0055;0.163690000;0.968620000
CVE-2017-0053;0.167440000;0.969340000
CVE-2017-0052;0.166070000;0.969120000
CVE-2017-0051;0.031000000;0.872460000
CVE-2017-0050;0.014680000;0.726670000
CVE-2017-0049;0.389180000;0.985430000
CVE-2017-0047;0.018580000;0.783570000
CVE-2017-0045;0.065810000;0.936010000
CVE-2017-0043;0.020590000;0.805310000
CVE-2017-0042;0.295240000;0.981280000
CVE-2017-0040;0.134630000;0.963080000
CVE-2017-0039;0.373540000;0.984800000
CVE-2017-0038;0.821000000;0.996450000
CVE-2017-0037;0.803860000;0.996110000
CVE-2017-0035;0.152300000;0.966470000
CVE-2017-0034;0.127330000;0.961360000
CVE-2017-0033;0.080930000;0.946250000
CVE-2017-0032;0.152300000;0.966460000
CVE-2017-0031;0.263160000;0.979380000
CVE-2017-0030;0.259850000;0.979190000
CVE-2017-0029;0.155660000;0.967210000
CVE-2017-0028;0.189380000;0.972090000
CVE-2017-0027;0.225520000;0.976400000
CVE-2017-0026;0.023880000;0.832660000
CVE-2017-0025;0.018350000;0.780560000
CVE-2017-0024;0.023880000;0.832680000
CVE-2017-0023;0.340170000;0.983490000
CVE-2017-0022;0.180690000;0.971010000
CVE-2017-0021;0.017070000;0.763670000
CVE-2017-0020;0.163870000;0.968660000
CVE-2017-0019;0.166070000;0.969120000
CVE-2017-0018;0.135100000;0.963180000
CVE-2017-0017;0.419520000;0.986460000
CVE-2017-0016;0.257090000;0.978990000
CVE-2017-0015;0.263740000;0.979400000
CVE-2017-0014;0.175940000;0.970480000
CVE-2017-0012;0.075860000;0.943310000
CVE-2017-0011;0.423600000;0.986580000
CVE-2017-0010;0.270510000;0.979800000
CVE-2017-0009;0.396200000;0.985690000
CVE-2017-0008;0.369980000;0.984650000
CVE-2017-0007;0.112640000;0.958280000
CVE-2017-0006;0.166070000;0.969120000
CVE-2017-0005;0.110220000;0.957650000
CVE-2017-0004;0.913720000;0.998100000
CVE-2017-0003;0.246930000;0.978220000
CVE-2017-0002;0.148900000;0.965890000
CVE-2017-0001;0.031140000;0.873000000
