CVE-2006-7254;0.003050000;0.210990000
CVE-2006-7253;0.016250000;0.753140000
CVE-2006-7252;0.011030000;0.645810000
CVE-2006-7250;0.069890000;0.939620000
CVE-2006-7247;0.011180000;0.649620000
CVE-2006-7246;0.008840000;0.578150000
CVE-2006-7245;0.009830000;0.610070000
CVE-2006-7244;0.012390000;0.681060000
CVE-2006-7243;0.053630000;0.924090000
CVE-2006-7242;0.010580000;0.632890000
CVE-2006-7241;0.010580000;0.632890000
CVE-2006-7240;0.003700000;0.286030000
CVE-2006-7239;0.015450000;0.741160000
CVE-2006-7238;0.008550000;0.569030000
CVE-2006-7237;0.014980000;0.733460000
CVE-2006-7236;0.074700000;0.942940000
CVE-2006-7235;0.029940000;0.868900000
CVE-2006-7234;0.008820000;0.577640000
CVE-2006-7233;0.012230000;0.677250000
CVE-2006-7232;0.019720000;0.797320000
CVE-2006-7231;0.009070000;0.585290000
CVE-2006-7230;0.016660000;0.759230000
CVE-2006-7229;0.028010000;0.859950000
CVE-2006-7228;0.036610000;0.892840000
CVE-2006-7227;0.035030000;0.888070000
CVE-2006-7226;0.016040000;0.750060000
CVE-2006-7225;0.016040000;0.750060000
CVE-2006-7223;0.015190000;0.736870000
CVE-2006-7222;0.037610000;0.895790000
CVE-2006-7221;0.010150000;0.620290000
CVE-2006-7220;0.012050000;0.672570000
CVE-2006-7219;0.009820000;0.609710000
CVE-2006-7218;0.009820000;0.609710000
CVE-2006-7217;0.019530000;0.795600000
CVE-2006-7216;0.021750000;0.816850000
CVE-2006-7215;0.003440000;0.256170000
CVE-2006-7214;0.016190000;0.752350000
CVE-2006-7213;0.009660000;0.604080000
CVE-2006-7212;0.011200000;0.650200000
CVE-2006-7211;0.003060000;0.212510000
CVE-2006-7210;0.251190000;0.978750000
CVE-2006-7209;0.008450000;0.565470000
CVE-2006-7208;0.051110000;0.921260000
CVE-2006-7207;0.018920000;0.788750000
CVE-2006-7206;0.220880000;0.976050000
CVE-2006-7205;0.012610000;0.686180000
CVE-2006-7204;0.003550000;0.269970000
CVE-2006-7203;0.004790000;0.391680000
CVE-2006-7202;0.014110000;0.717360000
CVE-2006-7201;0.023350000;0.829920000
CVE-2006-7200;0.014650000;0.727550000
CVE-2006-7199;0.023400000;0.830240000
CVE-2006-7198;0.023600000;0.831830000
CVE-2006-7197;0.083190000;0.947830000
CVE-2006-7196;0.721680000;0.994190000
CVE-2006-7195;0.054760000;0.925180000
CVE-2006-7194;0.051110000;0.921260000
CVE-2006-7193;0.014800000;0.730190000
CVE-2006-7192;0.228070000;0.976760000
CVE-2006-7191;0.003340000;0.245010000
CVE-2006-7190;0.008450000;0.565600000
CVE-2006-7189;0.008450000;0.565500000
CVE-2006-7188;0.010640000;0.634810000
CVE-2006-7187;0.008450000;0.565500000
CVE-2006-7186;0.010380000;0.627250000
CVE-2006-7185;0.032360000;0.878570000
CVE-2006-7184;0.019350000;0.793630000
CVE-2006-7183;0.039190000;0.900180000
CVE-2006-7182;0.018500000;0.783740000
CVE-2006-7181;0.021780000;0.817050000
CVE-2006-7180;0.020690000;0.807540000
CVE-2006-7179;0.026020000;0.848360000
CVE-2006-7178;0.026020000;0.848360000
CVE-2006-7177;0.023300000;0.829420000
CVE-2006-7176;0.020030000;0.800770000
CVE-2006-7175;0.008200000;0.557620000
CVE-2006-7174;0.021500000;0.814940000
CVE-2006-7173;0.038200000;0.897450000
CVE-2006-7172;0.022610000;0.823920000
CVE-2006-7171;0.010600000;0.633420000
CVE-2006-7170;0.012800000;0.690170000
CVE-2006-7169;0.050560000;0.920570000
CVE-2006-7168;0.072640000;0.941720000
CVE-2006-7167;0.022620000;0.823950000
CVE-2006-7166;0.012560000;0.685130000
CVE-2006-7165;0.011050000;0.646230000
CVE-2006-7164;0.014440000;0.723530000
CVE-2006-7163;0.003630000;0.278550000
CVE-2006-7162;0.003130000;0.220350000
CVE-2006-7161;0.014020000;0.715930000
CVE-2006-7160;0.003680000;0.283380000
CVE-2006-7159;0.015460000;0.741340000
CVE-2006-7158;0.011640000;0.661700000
CVE-2006-7157;0.075250000;0.943270000
CVE-2006-7156;0.049180000;0.918570000
CVE-2006-7155;0.018020000;0.777580000
CVE-2006-7154;0.014880000;0.731660000
CVE-2006-7153;0.037960000;0.896710000
CVE-2006-7152;0.026220000;0.849550000
CVE-2006-7151;0.003160000;0.222810000
CVE-2006-7150;0.012330000;0.679580000
CVE-2006-7149;0.011630000;0.661270000
CVE-2006-7148;0.034830000;0.887460000
CVE-2006-7147;0.043520000;0.909410000
CVE-2006-7146;0.022970000;0.826900000
CVE-2006-7145;0.013120000;0.696750000
CVE-2006-7144;0.014610000;0.726880000
CVE-2006-7143;0.013710000;0.709850000
CVE-2006-7142;0.003210000;0.229170000
CVE-2006-7141;0.059340000;0.930470000
CVE-2006-7140;0.011980000;0.670890000
CVE-2006-7139;0.031280000;0.874310000
CVE-2006-7138;0.013220000;0.698990000
CVE-2006-7137;0.010740000;0.637640000
CVE-2006-7136;0.088150000;0.950440000
CVE-2006-7135;0.020530000;0.805870000
CVE-2006-7134;0.035840000;0.890570000
CVE-2006-7133;0.028960000;0.864640000
CVE-2006-7132;0.037170000;0.894480000
CVE-2006-7131;0.040350000;0.903050000
CVE-2006-7130;0.028940000;0.864540000
CVE-2006-7129;0.007820000;0.544320000
CVE-2006-7128;0.075190000;0.943240000
CVE-2006-7127;0.056860000;0.927670000
CVE-2006-7126;0.012200000;0.676400000
CVE-2006-7125;0.012420000;0.681620000
CVE-2006-7124;0.017200000;0.766750000
CVE-2006-7123;0.011520000;0.658360000
CVE-2006-7122;0.012420000;0.681630000
CVE-2006-7121;0.019650000;0.796660000
CVE-2006-7120;0.036310000;0.891910000
CVE-2006-7119;0.023440000;0.830590000
CVE-2006-7118;0.010210000;0.621800000
CVE-2006-7117;0.020270000;0.803290000
CVE-2006-7116;0.011760000;0.664930000
CVE-2006-7115;0.014350000;0.721840000
CVE-2006-7114;0.025470000;0.844820000
CVE-2006-7113;0.014290000;0.720790000
CVE-2006-7112;0.016880000;0.762490000
CVE-2006-7111;0.015880000;0.747730000
CVE-2006-7110;0.014190000;0.718910000
CVE-2006-7109;0.011640000;0.661550000
CVE-2006-7108;0.003480000;0.261320000
CVE-2006-7107;0.023480000;0.830940000
CVE-2006-7106;0.023120000;0.828040000
CVE-2006-7105;0.017670000;0.773070000
CVE-2006-7104;0.023220000;0.828830000
CVE-2006-7103;0.019210000;0.792080000
CVE-2006-7102;0.023120000;0.828040000
CVE-2006-7101;0.010450000;0.629450000
CVE-2006-7100;0.020660000;0.807160000
CVE-2006-7099;0.025260000;0.843410000
CVE-2006-7098;0.005780000;0.456520000
CVE-2006-7097;0.013470000;0.704750000
CVE-2006-7096;0.047180000;0.915600000
CVE-2006-7095;0.047180000;0.915600000
CVE-2006-7094;0.026410000;0.850760000
CVE-2006-7093;0.010860000;0.640960000
CVE-2006-7092;0.011170000;0.649370000
CVE-2006-7091;0.021450000;0.814420000
CVE-2006-7090;0.013780000;0.711390000
CVE-2006-7089;0.010520000;0.631450000
CVE-2006-7088;0.011050000;0.646250000
CVE-2006-7087;0.018450000;0.783050000
CVE-2006-7086;0.035140000;0.888390000
CVE-2006-7085;0.010150000;0.620230000
CVE-2006-7083;0.013980000;0.715140000
CVE-2006-7082;0.029220000;0.865810000
CVE-2006-7081;0.026790000;0.853150000
CVE-2006-7080;0.047170000;0.915590000
CVE-2006-7079;0.129390000;0.962090000
CVE-2006-7078;0.012620000;0.686370000
CVE-2006-7077;0.011710000;0.663380000
CVE-2006-7076;0.010140000;0.619930000
CVE-2006-7075;0.019930000;0.799660000
CVE-2006-7074;0.015100000;0.735580000
CVE-2006-7073;0.011200000;0.649970000
CVE-2006-7072;0.022920000;0.826420000
CVE-2006-7071;0.013380000;0.702950000
CVE-2006-7070;0.040220000;0.902790000
CVE-2006-7069;0.026790000;0.853150000
CVE-2006-7068;0.060970000;0.932140000
CVE-2006-7067;0.084410000;0.948510000
CVE-2006-7066;0.222380000;0.976170000
CVE-2006-7065;0.208740000;0.974900000
CVE-2006-7064;0.019080000;0.790640000
CVE-2006-7063;0.024030000;0.834750000
CVE-2006-7062;0.014830000;0.730730000
CVE-2006-7061;0.018880000;0.788150000
CVE-2006-7060;0.013760000;0.710960000
CVE-2006-7059;0.011630000;0.661270000
CVE-2006-7058;0.010740000;0.637650000
CVE-2006-7057;0.010520000;0.631460000
CVE-2006-7056;0.017680000;0.773330000
CVE-2006-7055;0.056000000;0.926720000
CVE-2006-7054;0.017550000;0.771400000
CVE-2006-7053;0.014240000;0.719950000
CVE-2006-7052;0.063880000;0.934670000
CVE-2006-7051;0.009290000;0.592320000
CVE-2006-7050;0.014460000;0.723850000
CVE-2006-7049;0.016550000;0.757610000
CVE-2006-7048;0.039350000;0.900660000
CVE-2006-7047;0.025060000;0.842030000
CVE-2006-7046;0.020050000;0.800890000
CVE-2006-7045;0.012160000;0.675510000
CVE-2006-7044;0.013880000;0.713170000
CVE-2006-7043;0.008850000;0.578280000
CVE-2006-7042;0.017780000;0.774580000
CVE-2006-7041;0.017550000;0.771390000
CVE-2006-7040;0.017550000;0.771390000
CVE-2006-7039;0.015140000;0.736090000
CVE-2006-7038;0.019700000;0.797140000
CVE-2006-7037;0.003270000;0.235330000
CVE-2006-7036;0.037960000;0.896720000
CVE-2006-7035;0.018190000;0.779960000
CVE-2006-7034;0.011050000;0.646250000
CVE-2006-7033;0.011910000;0.669270000
CVE-2006-7032;0.061900000;0.932970000
CVE-2006-7031;0.182850000;0.971440000
CVE-2006-7030;0.172540000;0.970200000
CVE-2006-7029;0.128860000;0.961990000
CVE-2006-7028;0.017020000;0.764290000
CVE-2006-7027;0.152760000;0.966740000
CVE-2006-7026;0.043270000;0.908900000
CVE-2006-7025;0.013770000;0.711130000
CVE-2006-7024;0.023350000;0.829890000
CVE-2006-7023;0.011200000;0.649970000
CVE-2006-7022;0.022790000;0.825420000
CVE-2006-7021;0.026500000;0.851190000
CVE-2006-7020;0.014660000;0.727860000
CVE-2006-7019;0.024800000;0.840280000
CVE-2006-7018;0.039490000;0.901000000
CVE-2006-7017;0.027630000;0.857910000
CVE-2006-7016;0.017720000;0.773790000
CVE-2006-7015;0.038370000;0.897970000
CVE-2006-7014;0.018030000;0.777830000
CVE-2006-7013;0.014130000;0.717840000
CVE-2006-7012;0.051620000;0.921910000
CVE-2006-7011;0.015250000;0.737760000
CVE-2006-7010;0.009250000;0.590950000
CVE-2006-7009;0.012480000;0.683140000
CVE-2006-7008;0.011830000;0.667100000
CVE-2006-7007;0.038070000;0.897040000
CVE-2006-7006;0.019390000;0.794200000
CVE-2006-7005;0.009750000;0.607960000
CVE-2006-7004;0.017610000;0.772310000
CVE-2006-7003;0.013100000;0.696560000
CVE-2006-7002;0.009150000;0.587750000
CVE-2006-7001;0.016830000;0.761800000
CVE-2006-7000;0.011980000;0.670890000
CVE-2006-6999;0.010900000;0.641900000
CVE-2006-6998;0.011310000;0.652680000
CVE-2006-6997;0.017700000;0.773570000
CVE-2006-6996;0.008880000;0.579220000
CVE-2006-6995;0.016150000;0.751720000
CVE-2006-6994;0.022410000;0.822520000
CVE-2006-6993;0.010520000;0.631460000
CVE-2006-6992;0.014130000;0.717780000
CVE-2006-6991;0.014130000;0.717790000
CVE-2006-6990;0.014130000;0.717800000
CVE-2006-6989;0.014130000;0.717790000
CVE-2006-6988;0.014130000;0.717790000
CVE-2006-6987;0.014130000;0.717800000
CVE-2006-6986;0.014130000;0.717790000
CVE-2006-6985;0.011310000;0.652690000
CVE-2006-6984;0.011310000;0.652680000
CVE-2006-6983;0.011310000;0.652680000
CVE-2006-6982;0.009990000;0.614970000
CVE-2006-6981;0.012640000;0.686830000
CVE-2006-6980;0.014280000;0.720760000
CVE-2006-6979;0.023920000;0.833990000
CVE-2006-6978;0.011160000;0.649010000
CVE-2006-6977;0.011160000;0.649010000
CVE-2006-6976;0.041410000;0.905410000
CVE-2006-6975;0.027050000;0.854560000
CVE-2006-6974;0.013370000;0.702500000
CVE-2006-6973;0.014100000;0.717260000
CVE-2006-6972;0.014680000;0.728310000
CVE-2006-6971;0.012310000;0.679270000
CVE-2006-6970;0.014180000;0.718820000
CVE-2006-6969;0.016110000;0.751090000
CVE-2006-6968;0.010740000;0.637650000
CVE-2006-6966;0.025700000;0.846350000
CVE-2006-6965;0.013630000;0.708330000
CVE-2006-6964;0.010050000;0.617070000
CVE-2006-6963;0.017850000;0.775450000
CVE-2006-6962;0.042640000;0.907790000
CVE-2006-6961;0.012210000;0.676640000
CVE-2006-6960;0.012210000;0.676640000
CVE-2006-6959;0.004180000;0.338820000
CVE-2006-6958;0.088030000;0.950400000
CVE-2006-6957;0.013720000;0.709980000
CVE-2006-6956;0.105270000;0.956430000
CVE-2006-6955;0.015580000;0.743450000
CVE-2006-6954;0.013340000;0.701790000
CVE-2006-6953;0.003120000;0.218760000
CVE-2006-6952;0.010540000;0.631860000
CVE-2006-6951;0.018270000;0.781010000
CVE-2006-6950;0.017060000;0.764890000
CVE-2006-6949;0.003210000;0.229100000
CVE-2006-6948;0.012670000;0.687430000
CVE-2006-6947;0.012670000;0.687430000
CVE-2006-6946;0.012620000;0.686340000
CVE-2006-6945;0.012980000;0.694150000
CVE-2006-6944;0.014600000;0.726710000
CVE-2006-6943;0.046120000;0.914080000
CVE-2006-6942;0.032960000;0.881170000
CVE-2006-6941;0.023910000;0.833960000
CVE-2006-6940;0.046030000;0.913930000
CVE-2006-6939;0.003800000;0.296210000
CVE-2006-6938;0.029970000;0.868990000
CVE-2006-6937;0.012080000;0.673290000
CVE-2006-6936;0.017890000;0.775900000
CVE-2006-6935;0.011520000;0.658340000
CVE-2006-6934;0.014000000;0.715570000
CVE-2006-6933;0.022250000;0.821180000
CVE-2006-6932;0.010310000;0.624920000
CVE-2006-6931;0.023860000;0.833530000
CVE-2006-6930;0.012550000;0.684660000
CVE-2006-6929;0.021980000;0.818880000
CVE-2006-6928;0.021290000;0.813030000
CVE-2006-6927;0.012260000;0.677900000
CVE-2006-6926;0.014080000;0.716940000
CVE-2006-6925;0.021390000;0.813850000
CVE-2006-6924;0.034060000;0.884860000
CVE-2006-6923;0.010780000;0.638560000
CVE-2006-6922;0.011170000;0.649370000
CVE-2006-6921;0.004760000;0.389330000
CVE-2006-6920;0.014460000;0.723840000
CVE-2006-6919;0.021720000;0.816600000
CVE-2006-6918;0.013470000;0.704760000
CVE-2006-6917;0.295440000;0.981410000
CVE-2006-6916;0.029820000;0.868390000
CVE-2006-6915;0.013940000;0.714390000
CVE-2006-6914;0.015370000;0.739820000
CVE-2006-6913;0.014290000;0.720790000
CVE-2006-6912;0.010410000;0.628190000
CVE-2006-6911;0.009040000;0.584220000
CVE-2006-6910;0.031730000;0.876060000
CVE-2006-6909;0.046030000;0.913930000
CVE-2006-6908;0.304070000;0.981870000
CVE-2006-6907;0.015200000;0.736920000
CVE-2006-6906;0.003270000;0.234790000
CVE-2006-6905;0.023920000;0.833970000
CVE-2006-6904;0.008260000;0.559530000
CVE-2006-6903;0.022550000;0.823460000
CVE-2006-6902;0.140470000;0.964600000
CVE-2006-6901;0.140470000;0.964600000
CVE-2006-6900;0.014910000;0.732150000
CVE-2006-6899;0.033230000;0.882120000
CVE-2006-6898;0.038940000;0.899420000
CVE-2006-6897;0.007020000;0.516110000
CVE-2006-6896;0.005570000;0.444730000
CVE-2006-6895;0.007480000;0.532910000
CVE-2006-6894;0.013470000;0.704750000
CVE-2006-6893;0.024850000;0.840640000
CVE-2006-6892;0.012380000;0.680610000
CVE-2006-6891;0.024330000;0.837010000
CVE-2006-6890;0.022760000;0.825070000
CVE-2006-6889;0.037900000;0.896570000
CVE-2006-6888;0.024330000;0.837010000
CVE-2006-6887;0.017750000;0.774340000
CVE-2006-6886;0.016290000;0.753580000
CVE-2006-6885;0.078810000;0.945440000
CVE-2006-6884;0.046940000;0.915260000
CVE-2006-6883;0.015490000;0.742050000
CVE-2006-6882;0.011590000;0.659980000
CVE-2006-6881;0.020940000;0.809920000
CVE-2006-6880;0.010620000;0.634090000
CVE-2006-6879;0.018940000;0.788940000
CVE-2006-6878;0.025110000;0.842350000
CVE-2006-6877;0.022580000;0.823720000
CVE-2006-6876;0.016660000;0.759310000
CVE-2006-6875;0.030050000;0.869460000
CVE-2006-6874;0.011430000;0.655550000
CVE-2006-6873;0.012390000;0.680810000
CVE-2006-6872;0.031300000;0.874380000
CVE-2006-6871;0.020470000;0.805320000
CVE-2006-6870;0.024350000;0.837130000
CVE-2006-6869;0.034440000;0.886200000
CVE-2006-6868;0.012510000;0.683930000
CVE-2006-6867;0.034880000;0.887640000
CVE-2006-6866;0.031320000;0.874430000
CVE-2006-6865;0.045700000;0.913350000
CVE-2006-6864;0.051010000;0.921150000
CVE-2006-6863;0.130550000;0.962430000
CVE-2006-6862;0.012320000;0.679310000
CVE-2006-6861;0.014630000;0.727130000
CVE-2006-6860;0.054380000;0.924820000
CVE-2006-6859;0.018540000;0.784370000
CVE-2006-6858;0.012580000;0.685650000
CVE-2006-6857;0.009230000;0.590110000
CVE-2006-6856;0.026090000;0.848730000
CVE-2006-6855;0.033690000;0.883690000
CVE-2006-6854;0.023280000;0.829310000
CVE-2006-6853;0.081250000;0.946780000
CVE-2006-6852;0.010370000;0.626850000
CVE-2006-6851;0.017610000;0.772240000
CVE-2006-6850;0.028710000;0.863370000
CVE-2006-6849;0.026330000;0.850280000
CVE-2006-6848;0.011030000;0.645770000
CVE-2006-6847;0.064040000;0.934770000
CVE-2006-6846;0.010800000;0.639030000
CVE-2006-6845;0.017610000;0.772240000
CVE-2006-6844;0.013750000;0.710770000
CVE-2006-6843;0.012780000;0.689770000
CVE-2006-6842;0.010800000;0.639040000
CVE-2006-6841;0.016590000;0.758130000
CVE-2006-6840;0.016590000;0.758130000
CVE-2006-6839;0.016590000;0.758130000
CVE-2006-6838;0.025080000;0.842140000
CVE-2006-6837;0.043790000;0.909970000
CVE-2006-6836;0.016320000;0.754180000
CVE-2006-6835;0.011480000;0.656850000
CVE-2006-6834;0.012280000;0.678390000
CVE-2006-6833;0.012710000;0.688280000
CVE-2006-6832;0.013130000;0.697040000
CVE-2006-6831;0.010360000;0.626740000
CVE-2006-6830;0.024250000;0.836440000
CVE-2006-6829;0.014680000;0.728220000
CVE-2006-6828;0.011060000;0.646430000
CVE-2006-6827;0.035570000;0.889580000
CVE-2006-6826;0.012300000;0.678830000
CVE-2006-6825;0.013110000;0.696640000
CVE-2006-6824;0.025820000;0.847040000
CVE-2006-6823;0.024250000;0.836440000
CVE-2006-6822;0.018030000;0.777860000
CVE-2006-6821;0.018140000;0.779250000
CVE-2006-6820;0.018140000;0.779250000
CVE-2006-6819;0.019820000;0.798420000
CVE-2006-6818;0.016500000;0.756900000
CVE-2006-6817;0.011750000;0.664730000
CVE-2006-6816;0.037740000;0.896150000
CVE-2006-6815;0.010090000;0.618220000
CVE-2006-6814;0.020530000;0.805950000
CVE-2006-6813;0.012390000;0.680800000
CVE-2006-6812;0.023850000;0.833480000
CVE-2006-6811;0.105680000;0.956570000
CVE-2006-6810;0.039270000;0.900430000
CVE-2006-6809;0.024250000;0.836450000
CVE-2006-6808;0.068760000;0.938690000
CVE-2006-6807;0.010960000;0.643840000
CVE-2006-6806;0.011090000;0.647290000
CVE-2006-6805;0.011090000;0.647290000
CVE-2006-6804;0.010860000;0.641090000
CVE-2006-6803;0.010800000;0.639040000
CVE-2006-6802;0.010860000;0.641090000
CVE-2006-6801;0.021270000;0.812870000
CVE-2006-6800;0.034700000;0.886980000
CVE-2006-6799;0.025880000;0.847380000
CVE-2006-6797;0.071810000;0.941200000
CVE-2006-6796;0.021270000;0.812870000
CVE-2006-6795;0.024250000;0.836440000
CVE-2006-6794;0.010730000;0.637430000
CVE-2006-6793;0.024950000;0.841320000
CVE-2006-6792;0.011280000;0.652060000
CVE-2006-6791;0.010850000;0.640710000
CVE-2006-6790;0.024180000;0.835980000
CVE-2006-6789;0.032520000;0.879180000
CVE-2006-6788;0.024950000;0.841320000
CVE-2006-6787;0.011800000;0.666090000
CVE-2006-6786;0.018820000;0.787530000
CVE-2006-6785;0.043470000;0.909300000
CVE-2006-6784;0.011480000;0.656840000
CVE-2006-6783;0.019620000;0.796400000
CVE-2006-6782;0.012510000;0.683910000
CVE-2006-6781;0.029280000;0.866100000
CVE-2006-6780;0.012170000;0.675660000
CVE-2006-6779;0.035070000;0.888210000
CVE-2006-6778;0.020940000;0.809940000
CVE-2006-6777;0.018470000;0.783340000
CVE-2006-6776;0.010730000;0.637370000
CVE-2006-6775;0.019660000;0.796770000
CVE-2006-6774;0.021270000;0.812880000
CVE-2006-6773;0.025680000;0.846180000
CVE-2006-6772;0.048220000;0.917140000
CVE-2006-6771;0.022720000;0.824770000
CVE-2006-6770;0.045310000;0.912640000
CVE-2006-6769;0.013750000;0.710780000
CVE-2006-6768;0.017610000;0.772240000
CVE-2006-6767;0.068030000;0.938180000
CVE-2006-6766;0.010930000;0.642690000
CVE-2006-6765;0.021270000;0.812870000
CVE-2006-6764;0.021270000;0.812870000
CVE-2006-6763;0.021700000;0.816450000
CVE-2006-6762;0.017420000;0.769630000
CVE-2006-6761;0.533660000;0.989590000
CVE-2006-6760;0.024800000;0.840270000
CVE-2006-6759;0.028450000;0.862150000
CVE-2006-6758;0.028360000;0.861710000
CVE-2006-6757;0.029110000;0.865320000
CVE-2006-6756;0.023710000;0.832490000
CVE-2006-6755;0.026680000;0.852460000
CVE-2006-6754;0.011900000;0.668980000
CVE-2006-6753;0.016790000;0.761070000
CVE-2006-6752;0.019990000;0.800220000
CVE-2006-6751;0.033650000;0.883540000
CVE-2006-6750;0.022450000;0.822810000
CVE-2006-6749;0.018170000;0.779570000
CVE-2006-6748;0.012940000;0.693210000
CVE-2006-6747;0.011970000;0.670620000
CVE-2006-6746;0.018380000;0.782220000
CVE-2006-6745;0.032390000;0.878680000
CVE-2006-6744;0.004790000;0.391900000
CVE-2006-6743;0.003240000;0.231760000
CVE-2006-6742;0.030540000;0.871390000
CVE-2006-6741;0.009670000;0.604940000
CVE-2006-6740;0.095040000;0.953080000
CVE-2006-6739;0.022220000;0.820890000
CVE-2006-6738;0.021020000;0.810670000
CVE-2006-6737;0.024470000;0.838060000
CVE-2006-6736;0.024470000;0.838060000
CVE-2006-6735;0.016520000;0.757120000
CVE-2006-6734;0.018030000;0.777720000
CVE-2006-6733;0.015820000;0.746880000
CVE-2006-6732;0.023260000;0.829130000
CVE-2006-6731;0.038460000;0.898200000
CVE-2006-6730;0.002590000;0.159620000
CVE-2006-6729;0.018970000;0.789260000
CVE-2006-6728;0.014840000;0.731000000
CVE-2006-6727;0.012940000;0.693220000
CVE-2006-6726;0.025410000;0.844450000
CVE-2006-6725;0.016910000;0.762790000
CVE-2006-6724;0.025090000;0.842200000
CVE-2006-6723;0.371660000;0.984800000
CVE-2006-6722;0.024960000;0.841410000
CVE-2006-6721;0.018300000;0.781230000
CVE-2006-6720;0.026730000;0.852760000
CVE-2006-6719;0.043030000;0.908490000
CVE-2006-6718;0.013110000;0.696640000
CVE-2006-6717;0.014840000;0.730990000
CVE-2006-6716;0.010800000;0.639030000
CVE-2006-6715;0.029970000;0.869050000
CVE-2006-6714;0.026730000;0.852780000
CVE-2006-6713;0.058970000;0.930090000
CVE-2006-6712;0.014420000;0.723100000
CVE-2006-6711;0.024250000;0.836440000
CVE-2006-6710;0.024150000;0.835780000
CVE-2006-6709;0.010940000;0.643500000
CVE-2006-6708;0.018500000;0.783700000
CVE-2006-6707;0.562380000;0.990260000
CVE-2006-6706;0.009760000;0.608180000
CVE-2006-6705;0.014630000;0.727180000
CVE-2006-6704;0.011300000;0.652460000
CVE-2006-6703;0.034430000;0.886160000
CVE-2006-6702;0.012380000;0.680600000
CVE-2006-6701;0.009760000;0.608250000
CVE-2006-6700;0.012510000;0.683920000
CVE-2006-6699;0.013270000;0.700080000
CVE-2006-6698;0.004350000;0.355370000
CVE-2006-6697;0.131020000;0.962510000
CVE-2006-6696;0.034140000;0.885090000
CVE-2006-6695;0.011430000;0.655570000
CVE-2006-6694;0.024960000;0.841400000
CVE-2006-6693;0.026400000;0.850720000
CVE-2006-6692;0.079060000;0.945560000
CVE-2006-6691;0.028710000;0.863370000
CVE-2006-6690;0.063260000;0.934230000
CVE-2006-6689;0.012940000;0.693220000
CVE-2006-6688;0.013760000;0.710910000
CVE-2006-6687;0.009330000;0.593720000
CVE-2006-6686;0.021150000;0.811710000
CVE-2006-6685;0.004210000;0.342020000
CVE-2006-6684;0.030050000;0.869460000
CVE-2006-6683;0.014410000;0.723060000
CVE-2006-6682;0.019560000;0.795860000
CVE-2006-6681;0.014840000;0.730990000
CVE-2006-6680;0.003150000;0.222240000
CVE-2006-6679;0.021100000;0.811420000
CVE-2006-6678;0.018420000;0.782680000
CVE-2006-6677;0.021680000;0.816310000
CVE-2006-6676;0.058020000;0.929070000
CVE-2006-6675;0.019840000;0.798600000
CVE-2006-6674;0.003280000;0.236060000
CVE-2006-6673;0.030100000;0.869590000
CVE-2006-6672;0.011060000;0.646420000
CVE-2006-6671;0.010730000;0.637430000
CVE-2006-6670;0.016320000;0.754180000
CVE-2006-6669;0.014420000;0.723100000
CVE-2006-6668;0.011430000;0.655560000
CVE-2006-6667;0.011060000;0.646420000
CVE-2006-6666;0.025940000;0.847900000
CVE-2006-6665;0.308760000;0.982080000
CVE-2006-6664;0.026470000;0.851080000
CVE-2006-6663;0.017190000;0.766630000
CVE-2006-6662;0.003020000;0.208070000
CVE-2006-6661;0.066550000;0.936870000
CVE-2006-6660;0.025760000;0.846660000
CVE-2006-6659;0.175960000;0.970670000
CVE-2006-6658;0.012450000;0.682400000
CVE-2006-6657;0.003130000;0.220190000
CVE-2006-6656;0.003130000;0.220190000
CVE-2006-6655;0.002990000;0.205110000
CVE-2006-6654;0.008890000;0.579460000
CVE-2006-6653;0.002580000;0.158480000
CVE-2006-6652;0.200310000;0.973740000
CVE-2006-6651;0.034960000;0.887840000
CVE-2006-6650;0.023540000;0.831370000
CVE-2006-6649;0.015600000;0.743750000
CVE-2006-6648;0.027610000;0.857720000
CVE-2006-6647;0.012380000;0.680590000
CVE-2006-6646;0.012510000;0.683930000
CVE-2006-6645;0.024250000;0.836430000
CVE-2006-6644;0.023540000;0.831380000
CVE-2006-6643;0.028610000;0.862910000
CVE-2006-6642;0.010800000;0.639020000
CVE-2006-6641;0.025880000;0.847430000
CVE-2006-6640;0.020490000;0.805470000
CVE-2006-6639;0.003090000;0.215690000
CVE-2006-6638;0.023070000;0.827670000
CVE-2006-6637;0.026620000;0.852010000
CVE-2006-6636;0.027570000;0.857490000
CVE-2006-6635;0.024250000;0.836430000
CVE-2006-6634;0.027190000;0.855350000
CVE-2006-6633;0.024250000;0.836430000
CVE-2006-6632;0.021150000;0.811710000
CVE-2006-6631;0.021150000;0.811710000
CVE-2006-6630;0.012640000;0.686880000
CVE-2006-6629;0.012300000;0.678830000
CVE-2006-6628;0.036360000;0.892060000
CVE-2006-6627;0.074320000;0.942750000
CVE-2006-6626;0.012900000;0.692310000
CVE-2006-6625;0.020580000;0.806380000
CVE-2006-6624;0.062280000;0.933350000
CVE-2006-6623;0.003310000;0.240330000
CVE-2006-6622;0.003310000;0.240330000
CVE-2006-6621;0.003310000;0.240320000
CVE-2006-6620;0.003310000;0.240330000
CVE-2006-6619;0.009920000;0.612740000
CVE-2006-6618;0.003310000;0.240320000
CVE-2006-6617;0.203660000;0.974200000
CVE-2006-6616;0.010370000;0.626850000
CVE-2006-6615;0.025940000;0.847900000
CVE-2006-6614;0.004210000;0.341910000
CVE-2006-6613;0.021910000;0.818080000
CVE-2006-6612;0.026840000;0.853360000
CVE-2006-6611;0.026840000;0.853360000
CVE-2006-6610;0.022170000;0.820500000
CVE-2006-6609;0.017750000;0.774270000
CVE-2006-6608;0.029380000;0.866480000
CVE-2006-6607;0.005030000;0.408790000
CVE-2006-6606;0.011610000;0.660310000
CVE-2006-6605;0.059310000;0.930440000
CVE-2006-6604;0.028270000;0.861230000
CVE-2006-6603;0.066020000;0.936520000
CVE-2006-6602;0.149710000;0.966220000
CVE-2006-6601;0.181230000;0.971220000
CVE-2006-6600;0.010630000;0.634530000
CVE-2006-6599;0.027760000;0.858830000
CVE-2006-6598;0.026530000;0.851490000
CVE-2006-6597;0.026250000;0.849720000
CVE-2006-6596;0.012720000;0.688670000
CVE-2006-6595;0.012280000;0.678520000
CVE-2006-6594;0.012420000;0.681650000
CVE-2006-6593;0.024320000;0.836930000
CVE-2006-6592;0.026650000;0.852260000
CVE-2006-6591;0.014260000;0.720330000
CVE-2006-6590;0.022190000;0.820600000
CVE-2006-6589;0.029070000;0.865140000
CVE-2006-6588;0.023220000;0.828830000
CVE-2006-6587;0.079870000;0.945980000
CVE-2006-6586;0.024250000;0.836450000
CVE-2006-6585;0.010830000;0.640070000
CVE-2006-6584;0.048320000;0.917300000
CVE-2006-6583;0.013970000;0.714800000
CVE-2006-6582;0.013750000;0.710770000
CVE-2006-6581;0.035700000;0.890000000
CVE-2006-6580;0.011740000;0.664500000
CVE-2006-6579;0.013760000;0.710930000
CVE-2006-6578;0.070370000;0.940030000
CVE-2006-6577;0.010280000;0.624120000
CVE-2006-6576;0.672230000;0.992860000
CVE-2006-6575;0.022190000;0.820610000
CVE-2006-6574;0.019640000;0.796570000
CVE-2006-6573;0.014750000;0.729390000
CVE-2006-6572;0.014820000;0.730580000
CVE-2006-6571;0.018670000;0.785810000
CVE-2006-6570;0.014840000;0.731010000
CVE-2006-6569;0.027460000;0.856830000
CVE-2006-6568;0.040350000;0.903050000
CVE-2006-6567;0.043360000;0.909060000
CVE-2006-6566;0.033010000;0.881380000
CVE-2006-6565;0.705880000;0.993770000
CVE-2006-6564;0.060710000;0.931840000
CVE-2006-6563;0.023320000;0.829620000
CVE-2006-6561;0.412650000;0.986320000
CVE-2006-6560;0.025940000;0.847900000
CVE-2006-6559;0.011160000;0.649050000
CVE-2006-6558;0.064400000;0.935230000
CVE-2006-6557;0.010540000;0.631950000
CVE-2006-6556;0.030450000;0.870940000
CVE-2006-6555;0.011480000;0.656840000
CVE-2006-6554;0.015250000;0.737850000
CVE-2006-6553;0.028710000;0.863360000
CVE-2006-6552;0.033800000;0.884030000
CVE-2006-6551;0.022190000;0.820610000
CVE-2006-6550;0.022190000;0.820610000
CVE-2006-6549;0.014260000;0.720320000
CVE-2006-6548;0.009190000;0.588980000
CVE-2006-6547;0.028220000;0.861040000
CVE-2006-6546;0.028710000;0.863360000
CVE-2006-6545;0.025940000;0.847910000
CVE-2006-6544;0.016240000;0.753010000
CVE-2006-6543;0.011160000;0.649050000
CVE-2006-6542;0.011230000;0.650720000
CVE-2006-6541;0.017990000;0.777170000
CVE-2006-6540;0.010910000;0.642090000
CVE-2006-6539;0.078650000;0.945320000
CVE-2006-6538;0.034760000;0.887220000
CVE-2006-6537;0.015670000;0.744700000
CVE-2006-6536;0.016630000;0.758860000
CVE-2006-6535;0.027070000;0.854700000
CVE-2006-6534;0.011590000;0.659980000
CVE-2006-6533;0.016860000;0.762190000
CVE-2006-6532;0.011300000;0.652460000
CVE-2006-6531;0.012510000;0.683910000
CVE-2006-6530;0.011610000;0.660280000
CVE-2006-6529;0.012960000;0.693800000
CVE-2006-6528;0.014680000;0.728250000
CVE-2006-6527;0.012780000;0.689780000
CVE-2006-6526;0.028710000;0.863370000
CVE-2006-6525;0.010110000;0.619070000
CVE-2006-6524;0.011280000;0.652060000
CVE-2006-6523;0.020840000;0.809000000
CVE-2006-6522;0.012380000;0.680600000
CVE-2006-6521;0.010850000;0.640720000
CVE-2006-6520;0.021420000;0.814190000
CVE-2006-6519;0.010730000;0.637370000
CVE-2006-6518;0.018810000;0.787370000
CVE-2006-6517;0.019010000;0.789780000
CVE-2006-6516;0.031790000;0.876290000
CVE-2006-6515;0.013880000;0.713230000
CVE-2006-6514;0.012590000;0.685750000
CVE-2006-6513;0.013590000;0.707450000
CVE-2006-6512;0.013050000;0.695410000
CVE-2006-6511;0.012720000;0.688660000
CVE-2006-6510;0.003200000;0.228060000
CVE-2006-6509;0.002940000;0.200470000
CVE-2006-6508;0.010600000;0.633530000
CVE-2006-6507;0.017470000;0.770230000
CVE-2006-6506;0.018120000;0.779010000
CVE-2006-6505;0.043500000;0.909350000
CVE-2006-6504;0.088900000;0.950810000
CVE-2006-6503;0.042040000;0.906670000
CVE-2006-6502;0.024140000;0.835600000
CVE-2006-6501;0.029970000;0.869040000
CVE-2006-6500;0.085640000;0.949190000
CVE-2006-6499;0.039390000;0.900750000
CVE-2006-6498;0.044370000;0.910990000
CVE-2006-6497;0.044370000;0.910990000
CVE-2006-6496;0.003800000;0.296890000
CVE-2006-6495;0.004240000;0.344690000
CVE-2006-6494;0.004350000;0.355980000
CVE-2006-6493;0.093260000;0.952450000
CVE-2006-6490;0.104150000;0.956060000
CVE-2006-6489;0.021070000;0.811030000
CVE-2006-6488;0.079000000;0.945530000
CVE-2006-6487;0.022110000;0.819960000
CVE-2006-6486;0.011480000;0.656850000
CVE-2006-6485;0.019390000;0.794180000
CVE-2006-6484;0.030210000;0.870050000
CVE-2006-6483;0.024120000;0.835480000
CVE-2006-6482;0.022760000;0.825120000
CVE-2006-6481;0.037530000;0.895520000
CVE-2006-6480;0.013300000;0.700810000
CVE-2006-6479;0.021420000;0.814190000
CVE-2006-6478;0.105250000;0.956430000
CVE-2006-6477;0.002590000;0.160110000
CVE-2006-6476;0.002710000;0.175590000
CVE-2006-6475;0.017510000;0.770720000
CVE-2006-6474;0.004060000;0.325720000
CVE-2006-6473;0.012860000;0.691450000
CVE-2006-6472;0.013530000;0.706170000
CVE-2006-6471;0.013530000;0.706170000
CVE-2006-6470;0.013530000;0.706180000
CVE-2006-6469;0.004450000;0.364950000
CVE-2006-6468;0.002680000;0.172410000
CVE-2006-6467;0.006070000;0.472270000
CVE-2006-6466;0.011430000;0.655560000
CVE-2006-6465;0.014660000;0.727880000
CVE-2006-6464;0.013620000;0.708010000
CVE-2006-6463;0.012100000;0.673760000
CVE-2006-6462;0.033470000;0.882930000
CVE-2006-6461;0.015610000;0.743770000
CVE-2006-6460;0.022770000;0.825200000
CVE-2006-6459;0.012510000;0.683920000
CVE-2006-6458;0.026730000;0.852780000
CVE-2006-6457;0.012310000;0.679150000
CVE-2006-6456;0.321630000;0.982740000
CVE-2006-6455;0.013080000;0.696030000
CVE-2006-6454;0.026910000;0.853830000
CVE-2006-6453;0.059730000;0.930830000
CVE-2006-6452;0.012380000;0.680590000
CVE-2006-6451;0.024010000;0.834580000
CVE-2006-6450;0.217160000;0.975720000
CVE-2006-6449;0.011310000;0.652630000
CVE-2006-6448;0.010930000;0.642680000
CVE-2006-6447;0.020210000;0.802680000
CVE-2006-6446;0.009770000;0.608310000
CVE-2006-6445;0.066970000;0.937200000
CVE-2006-6444;0.026290000;0.849950000
CVE-2006-6443;0.023570000;0.831610000
CVE-2006-6442;0.054680000;0.925120000
CVE-2006-6441;0.003120000;0.218490000
CVE-2006-6440;0.012960000;0.693790000
CVE-2006-6439;0.013980000;0.715120000
CVE-2006-6438;0.003200000;0.227790000
CVE-2006-6437;0.010440000;0.629200000
CVE-2006-6436;0.011300000;0.652450000
CVE-2006-6435;0.013730000;0.710180000
CVE-2006-6434;0.013840000;0.712470000
CVE-2006-6433;0.012800000;0.690230000
CVE-2006-6432;0.013300000;0.700800000
CVE-2006-6431;0.010720000;0.637180000
CVE-2006-6430;0.015570000;0.743300000
CVE-2006-6429;0.011390000;0.654700000
CVE-2006-6428;0.014840000;0.731010000
CVE-2006-6427;0.029480000;0.866990000
CVE-2006-6426;0.067250000;0.937500000
CVE-2006-6425;0.581810000;0.990710000
CVE-2006-6424;0.603000000;0.991170000
CVE-2006-6423;0.707060000;0.993820000
CVE-2006-6422;0.015090000;0.735350000
CVE-2006-6421;0.155640000;0.967420000
CVE-2006-6420;0.012510000;0.683940000
CVE-2006-6419;0.014840000;0.731000000
CVE-2006-6418;0.005330000;0.430030000
CVE-2006-6417;0.033570000;0.883300000
CVE-2006-6416;0.024680000;0.839480000
CVE-2006-6415;0.014260000;0.720330000
CVE-2006-6414;0.011490000;0.657490000
CVE-2006-6413;0.012510000;0.683940000
CVE-2006-6411;0.020570000;0.806220000
CVE-2006-6410;0.013810000;0.711910000
CVE-2006-6409;0.037050000;0.894110000
CVE-2006-6408;0.020550000;0.806070000
CVE-2006-6407;0.021660000;0.816110000
CVE-2006-6406;0.032630000;0.879860000
CVE-2006-6405;0.013910000;0.713920000
CVE-2006-6404;0.014350000;0.722000000
CVE-2006-6403;0.014290000;0.720960000
CVE-2006-6402;0.015870000;0.747570000
CVE-2006-6401;0.017210000;0.766880000
CVE-2006-6400;0.030570000;0.871520000
CVE-2006-6399;0.011060000;0.646410000
CVE-2006-6398;0.010930000;0.642680000
CVE-2006-6397;0.002730000;0.178480000
CVE-2006-6396;0.049160000;0.918550000
CVE-2006-6395;0.012410000;0.681430000
CVE-2006-6394;0.011610000;0.660290000
CVE-2006-6393;0.012510000;0.683930000
CVE-2006-6392;0.017540000;0.771300000
CVE-2006-6391;0.019560000;0.795870000
CVE-2006-6390;0.021430000;0.814280000
CVE-2006-6389;0.019010000;0.789780000
CVE-2006-6388;0.012380000;0.680590000
CVE-2006-6387;0.010820000;0.639920000
CVE-2006-6386;0.012510000;0.683930000
CVE-2006-6385;0.005770000;0.456200000
CVE-2006-6384;0.014680000;0.728220000
CVE-2006-6383;0.011380000;0.654550000
CVE-2006-6382;0.002940000;0.199400000
CVE-2006-6381;0.027270000;0.855740000
CVE-2006-6380;0.018520000;0.783970000
CVE-2006-6379;0.210860000;0.975150000
CVE-2006-6378;0.014680000;0.728250000
CVE-2006-6377;0.031270000;0.874270000
CVE-2006-6376;0.041760000;0.906080000
CVE-2006-6375;0.014100000;0.717270000
CVE-2006-6374;0.015080000;0.735280000
CVE-2006-6373;0.013520000;0.705900000
CVE-2006-6372;0.011300000;0.652460000
CVE-2006-6371;0.012510000;0.683910000
CVE-2006-6370;0.010490000;0.630510000
CVE-2006-6369;0.010770000;0.638400000
CVE-2006-6368;0.034680000;0.886920000
CVE-2006-6367;0.015910000;0.748070000
CVE-2006-6366;0.017980000;0.777100000
CVE-2006-6365;0.014400000;0.722740000
CVE-2006-6364;0.020920000;0.809760000
CVE-2006-6363;0.024010000;0.834590000
CVE-2006-6361;0.060250000;0.931370000
CVE-2006-6360;0.038290000;0.897700000
CVE-2006-6359;0.018830000;0.787590000
CVE-2006-6358;0.013080000;0.696040000
CVE-2006-6357;0.011430000;0.655560000
CVE-2006-6356;0.019840000;0.798660000
CVE-2006-6355;0.018250000;0.780730000
CVE-2006-6354;0.016840000;0.761830000
CVE-2006-6353;0.012200000;0.676290000
CVE-2006-6352;0.094250000;0.952790000
CVE-2006-6351;0.023680000;0.832260000
CVE-2006-6350;0.023680000;0.832270000
CVE-2006-6349;0.020700000;0.807600000
CVE-2006-6348;0.012380000;0.680600000
CVE-2006-6347;0.011960000;0.670430000
CVE-2006-6346;0.027540000;0.857300000
CVE-2006-6345;0.019130000;0.791070000
CVE-2006-6344;0.009610000;0.602780000
CVE-2006-6343;0.011640000;0.661410000
CVE-2006-6342;0.010820000;0.639970000
CVE-2006-6341;0.035510000;0.889440000
CVE-2006-6340;0.027000000;0.854280000
CVE-2006-6339;0.012150000;0.675170000
CVE-2006-6338;0.026800000;0.853210000
CVE-2006-6337;0.012350000;0.680000000
CVE-2006-6336;0.071160000;0.940660000
CVE-2006-6335;0.126170000;0.961350000
CVE-2006-6334;0.348260000;0.983900000
CVE-2006-6333;0.032970000;0.881210000
CVE-2006-6332;0.203030000;0.974090000
CVE-2006-6331;0.012830000;0.690730000
CVE-2006-6330;0.030230000;0.870130000
CVE-2006-6329;0.025860000;0.847230000
CVE-2006-6328;0.025860000;0.847230000
CVE-2006-6318;0.033640000;0.883510000
CVE-2006-6311;0.264870000;0.979570000
CVE-2006-6310;0.157700000;0.967780000
CVE-2006-6309;0.016120000;0.751260000
CVE-2006-6308;0.003390000;0.250320000
CVE-2006-6307;0.019030000;0.789950000
CVE-2006-6306;0.003620000;0.277430000
CVE-2006-6305;0.020200000;0.802570000
CVE-2006-6304;0.025480000;0.844830000
CVE-2006-6303;0.038000000;0.896870000
CVE-2006-6302;0.017750000;0.774270000
CVE-2006-6301;0.018850000;0.787820000
CVE-2006-6300;0.016360000;0.754950000
CVE-2006-6299;0.096980000;0.953770000
CVE-2006-6298;0.010850000;0.640710000
CVE-2006-6297;0.022020000;0.819220000
CVE-2006-6296;0.219760000;0.975970000
CVE-2006-6295;0.064180000;0.934960000
CVE-2006-6294;0.017050000;0.764810000
CVE-2006-6293;0.163630000;0.968800000
CVE-2006-6292;0.011580000;0.659610000
CVE-2006-6291;0.031140000;0.873670000
CVE-2006-6290;0.032540000;0.879560000
CVE-2006-6289;0.020930000;0.809860000
CVE-2006-6288;0.067670000;0.937900000
CVE-2006-6287;0.101730000;0.955340000
CVE-2006-6286;0.002930000;0.198560000
CVE-2006-6285;0.027800000;0.859000000
CVE-2006-6284;0.037820000;0.896330000
CVE-2006-6283;0.012720000;0.688430000
CVE-2006-6282;0.020160000;0.802210000
CVE-2006-6281;0.024320000;0.836930000
CVE-2006-6280;0.010850000;0.640720000
CVE-2006-6279;0.014990000;0.733720000
CVE-2006-6278;0.014100000;0.717290000
CVE-2006-6277;0.034360000;0.885820000
CVE-2006-6276;0.036370000;0.892070000
CVE-2006-6275;0.002580000;0.159200000
CVE-2006-6274;0.020810000;0.808600000
CVE-2006-6273;0.014680000;0.728250000
CVE-2006-6272;0.017610000;0.772240000
CVE-2006-6271;0.012380000;0.680610000
CVE-2006-6270;0.018330000;0.781620000
CVE-2006-6269;0.010930000;0.642670000
CVE-2006-6268;0.019920000;0.799600000
CVE-2006-6267;0.013980000;0.715120000
CVE-2006-6266;0.117690000;0.959630000
CVE-2006-6265;0.045160000;0.912360000
CVE-2006-6264;0.142910000;0.965040000
CVE-2006-6263;0.124630000;0.961040000
CVE-2006-6262;0.019910000;0.799500000
CVE-2006-6261;0.058090000;0.929150000
CVE-2006-6260;0.011610000;0.660280000
CVE-2006-6259;0.038090000;0.897130000
CVE-2006-6258;0.025750000;0.846650000
CVE-2006-6257;0.015760000;0.746050000
CVE-2006-6256;0.017620000;0.772460000
CVE-2006-6255;0.024390000;0.837390000
CVE-2006-6254;0.029090000;0.865230000
CVE-2006-6253;0.016310000;0.754010000
CVE-2006-6252;0.111900000;0.958380000
CVE-2006-6251;0.675500000;0.992950000
CVE-2006-6250;0.032760000;0.880320000
CVE-2006-6249;0.014100000;0.717280000
CVE-2006-6248;0.015570000;0.743310000
CVE-2006-6247;0.012330000;0.679740000
CVE-2006-6246;0.016730000;0.760130000
CVE-2006-6245;0.011610000;0.660290000
CVE-2006-6244;0.017070000;0.765150000
CVE-2006-6243;0.012230000;0.677270000
CVE-2006-6242;0.045500000;0.913040000
CVE-2006-6241;0.012190000;0.676070000
CVE-2006-6240;0.012570000;0.685360000
CVE-2006-6239;0.016220000;0.752620000
CVE-2006-6238;0.014020000;0.715970000
CVE-2006-6237;0.025890000;0.847490000
CVE-2006-6236;0.200750000;0.973810000
CVE-2006-6235;0.058620000;0.929830000
CVE-2006-6234;0.019720000;0.797350000
CVE-2006-6233;0.011480000;0.656850000
CVE-2006-6232;0.032520000;0.879180000
CVE-2006-6231;0.013300000;0.700810000
CVE-2006-6230;0.011610000;0.660290000
CVE-2006-6229;0.009840000;0.610280000
CVE-2006-6228;0.011430000;0.655550000
CVE-2006-6227;0.023070000;0.827670000
CVE-2006-6226;0.025760000;0.846720000
CVE-2006-6225;0.043670000;0.909670000
CVE-2006-6224;0.014420000;0.723120000
CVE-2006-6223;0.030550000;0.871460000
CVE-2006-6222;0.122520000;0.960660000
CVE-2006-6221;0.017680000;0.773260000
CVE-2006-6220;0.010210000;0.621680000
CVE-2006-6219;0.012510000;0.683920000
CVE-2006-6218;0.012420000;0.681650000
CVE-2006-6217;0.012640000;0.686900000
CVE-2006-6216;0.010800000;0.639020000
CVE-2006-6215;0.011060000;0.646420000
CVE-2006-6214;0.012390000;0.680810000
CVE-2006-6213;0.026620000;0.852020000
CVE-2006-6212;0.024440000;0.837740000
CVE-2006-6211;0.019010000;0.789770000
CVE-2006-6210;0.012370000;0.680470000
CVE-2006-6209;0.013940000;0.714390000
CVE-2006-6208;0.012740000;0.688960000
CVE-2006-6207;0.012370000;0.680470000
CVE-2006-6206;0.014460000;0.723870000
CVE-2006-6205;0.021720000;0.816640000
CVE-2006-6204;0.012740000;0.688970000
CVE-2006-6203;0.033290000;0.882300000
CVE-2006-6202;0.026620000;0.852020000
CVE-2006-6201;0.034220000;0.885300000
CVE-2006-6200;0.034320000;0.885690000
CVE-2006-6199;0.652760000;0.992380000
CVE-2006-6198;0.017750000;0.774260000
CVE-2006-6197;0.019010000;0.789780000
CVE-2006-6196;0.015520000;0.742440000
CVE-2006-6195;0.010820000;0.639970000
CVE-2006-6194;0.012360000;0.680340000
CVE-2006-6193;0.012390000;0.680800000
CVE-2006-6192;0.013730000;0.710170000
CVE-2006-6191;0.012390000;0.680810000
CVE-2006-6190;0.011610000;0.660300000
CVE-2006-6189;0.010850000;0.640720000
CVE-2006-6188;0.013660000;0.708720000
CVE-2006-6187;0.014470000;0.724130000
CVE-2006-6186;0.016520000;0.757130000
CVE-2006-6185;0.034640000;0.886790000
CVE-2006-6184;0.658660000;0.992530000
CVE-2006-6183;0.702930000;0.993690000
CVE-2006-6182;0.005420000;0.435890000
CVE-2006-6181;0.012230000;0.677270000
CVE-2006-6180;0.012510000;0.683920000
CVE-2006-6179;0.030380000;0.870690000
CVE-2006-6178;0.030380000;0.870680000
CVE-2006-6177;0.016430000;0.756020000
CVE-2006-6176;0.014100000;0.717290000
CVE-2006-6175;0.022610000;0.823910000
CVE-2006-6174;0.016240000;0.753040000
CVE-2006-6173;0.012880000;0.691900000
CVE-2006-6172;0.054860000;0.925310000
CVE-2006-6171;0.096590000;0.953610000
CVE-2006-6170;0.171040000;0.970010000
CVE-2006-6169;0.032570000;0.879690000
CVE-2006-6168;0.023790000;0.833050000
CVE-2006-6167;0.017990000;0.777170000
CVE-2006-6166;0.012380000;0.680590000
CVE-2006-6165;0.003520000;0.265350000
CVE-2006-6164;0.003290000;0.237200000
CVE-2006-6163;0.009670000;0.604230000
CVE-2006-6162;0.011530000;0.658670000
CVE-2006-6161;0.012920000;0.692650000
CVE-2006-6160;0.010800000;0.639030000
CVE-2006-6159;0.014100000;0.717280000
CVE-2006-6158;0.028650000;0.863070000
CVE-2006-6157;0.019560000;0.795880000
CVE-2006-6156;0.009230000;0.590110000
CVE-2006-6155;0.010930000;0.642680000
CVE-2006-6154;0.034880000;0.887630000
CVE-2006-6153;0.021430000;0.814260000
CVE-2006-6152;0.012740000;0.688960000
CVE-2006-6151;0.024680000;0.839480000
CVE-2006-6150;0.031500000;0.875120000
CVE-2006-6149;0.012320000;0.679290000
CVE-2006-6148;0.016380000;0.755230000
CVE-2006-6147;0.012740000;0.688960000
CVE-2006-6146;0.012420000;0.681510000
CVE-2006-6145;0.003280000;0.236060000
CVE-2006-6144;0.053810000;0.924250000
CVE-2006-6143;0.079190000;0.945610000
CVE-2006-6142;0.023640000;0.832000000
CVE-2006-6141;0.037610000;0.895780000
CVE-2006-6140;0.021320000;0.813360000
CVE-2006-6139;0.014260000;0.720360000
CVE-2006-6138;0.027800000;0.858980000
CVE-2006-6137;0.023850000;0.833470000
CVE-2006-6136;0.020590000;0.806470000
CVE-2006-6135;0.018990000;0.789560000
CVE-2006-6134;0.421260000;0.986560000
CVE-2006-6133;0.519700000;0.989230000
CVE-2006-6132;0.014460000;0.723870000
CVE-2006-6131;0.008840000;0.577990000
CVE-2006-6130;0.010870000;0.641220000
CVE-2006-6129;0.012850000;0.691200000
CVE-2006-6128;0.004620000;0.378650000
CVE-2006-6127;0.004840000;0.395130000
CVE-2006-6126;0.004020000;0.321130000
CVE-2006-6125;0.146020000;0.965570000
CVE-2006-6124;0.017420000;0.769570000
CVE-2006-6123;0.013480000;0.704930000
CVE-2006-6122;0.012040000;0.672250000
CVE-2006-6121;0.121730000;0.960470000
CVE-2006-6120;0.042440000;0.907410000
CVE-2006-6119;0.013300000;0.700800000
CVE-2006-6118;0.018670000;0.785800000
CVE-2006-6117;0.012390000;0.680800000
CVE-2006-6116;0.012390000;0.680820000
CVE-2006-6115;0.012390000;0.680810000
CVE-2006-6113;0.016470000;0.756510000
CVE-2006-6112;0.016470000;0.756500000
CVE-2006-6111;0.020130000;0.801990000
CVE-2006-6110;0.012280000;0.678510000
CVE-2006-6109;0.014350000;0.721920000
CVE-2006-6108;0.012720000;0.688420000
CVE-2006-6107;0.003830000;0.299550000
CVE-2006-6106;0.057930000;0.928910000
CVE-2006-6105;0.004110000;0.329830000
CVE-2006-6104;0.052480000;0.922910000
CVE-2006-6103;0.003820000;0.298940000
CVE-2006-6102;0.034150000;0.885130000
CVE-2006-6101;0.003820000;0.298940000
CVE-2006-6097;0.110110000;0.957850000
CVE-2006-6096;0.019250000;0.792360000
CVE-2006-6095;0.014290000;0.720810000
CVE-2006-6094;0.036850000;0.893490000
CVE-2006-6093;0.026990000;0.854270000
CVE-2006-6092;0.012630000;0.686710000
CVE-2006-6091;0.011280000;0.652020000
CVE-2006-6090;0.014790000;0.730070000
CVE-2006-6089;0.013130000;0.697050000
CVE-2006-6088;0.018860000;0.787960000
CVE-2006-6087;0.018390000;0.782410000
CVE-2006-6086;0.029790000;0.868240000
CVE-2006-6085;0.012880000;0.691910000
CVE-2006-6084;0.039160000;0.899980000
CVE-2006-6083;0.012230000;0.677260000
CVE-2006-6082;0.019210000;0.792050000
CVE-2006-6081;0.014420000;0.723130000
CVE-2006-6080;0.010850000;0.640720000
CVE-2006-6079;0.014260000;0.720330000
CVE-2006-6078;0.032820000;0.880570000
CVE-2006-6077;0.020120000;0.801880000
CVE-2006-6076;0.708580000;0.993860000
CVE-2006-6075;0.011300000;0.652460000
CVE-2006-6074;0.014000000;0.715590000
CVE-2006-6073;0.011480000;0.656830000
CVE-2006-6072;0.011480000;0.656840000
CVE-2006-6071;0.021670000;0.816180000
CVE-2006-6070;0.010800000;0.639030000
CVE-2006-6069;0.011620000;0.660860000
CVE-2006-6068;0.013770000;0.711160000
CVE-2006-6067;0.010940000;0.643510000
CVE-2006-6066;0.020300000;0.803600000
CVE-2006-6065;0.030780000;0.872330000
CVE-2006-6064;0.032110000;0.877560000
CVE-2006-6063;0.589520000;0.990880000
CVE-2006-6062;0.055820000;0.926500000
CVE-2006-6061;0.096890000;0.953720000
CVE-2006-6060;0.004630000;0.379570000
CVE-2006-6059;0.188880000;0.972180000
CVE-2006-6058;0.004890000;0.399270000
CVE-2006-6057;0.004920000;0.401350000
CVE-2006-6056;0.005390000;0.433700000
CVE-2006-6055;0.058590000;0.929780000
CVE-2006-6054;0.004750000;0.388670000
CVE-2006-6053;0.005340000;0.430990000
CVE-2006-6052;0.013160000;0.697750000
CVE-2006-6051;0.024250000;0.836450000
CVE-2006-6050;0.010940000;0.643500000
CVE-2006-6049;0.019540000;0.795680000
CVE-2006-6048;0.013900000;0.713750000
CVE-2006-6047;0.079920000;0.945990000
CVE-2006-6046;0.017850000;0.775500000
CVE-2006-6045;0.027950000;0.859590000
CVE-2006-6044;0.028630000;0.862960000
CVE-2006-6043;0.014280000;0.720680000
CVE-2006-6042;0.058690000;0.929890000
CVE-2006-6041;0.035660000;0.889880000
CVE-2006-6040;0.022430000;0.822680000
CVE-2006-6039;0.013100000;0.696460000
CVE-2006-6038;0.012110000;0.674370000
CVE-2006-6037;0.017320000;0.768290000
CVE-2006-6036;0.011610000;0.660280000
CVE-2006-6035;0.027380000;0.856380000
CVE-2006-6034;0.011610000;0.660310000
CVE-2006-6033;0.016480000;0.756670000
CVE-2006-6032;0.012380000;0.680600000
CVE-2006-6031;0.011610000;0.660300000
CVE-2006-6030;0.011610000;0.660310000
CVE-2006-6029;0.012240000;0.677530000
CVE-2006-6028;0.033400000;0.882680000
CVE-2006-6027;0.431970000;0.986890000
CVE-2006-6026;0.106580000;0.956800000
CVE-2006-6025;0.009240000;0.590480000
CVE-2006-6024;0.009790000;0.609020000
CVE-2006-6023;0.014420000;0.723120000
CVE-2006-6022;0.018670000;0.785810000
CVE-2006-6021;0.012230000;0.677260000
CVE-2006-6020;0.017610000;0.772230000
CVE-2006-6019;0.013750000;0.710770000
CVE-2006-6018;0.017340000;0.768550000
CVE-2006-6017;0.022810000;0.825540000
CVE-2006-6016;0.018590000;0.784890000
CVE-2006-6015;0.042090000;0.906760000
CVE-2006-6014;0.003370000;0.248090000
CVE-2006-6013;0.004090000;0.328120000
CVE-2006-6012;0.009230000;0.590120000
CVE-2006-6011;0.012070000;0.672940000
CVE-2006-6010;0.139230000;0.964380000
CVE-2006-6009;0.017190000;0.766650000
CVE-2006-6008;0.020550000;0.806030000
CVE-2006-6007;0.010240000;0.622950000
CVE-2006-5994;0.320130000;0.982660000
CVE-2006-5991;0.014470000;0.724130000
CVE-2006-5990;0.008920000;0.580370000
CVE-2006-5989;0.037320000;0.894970000
CVE-2006-5988;0.130210000;0.962270000
CVE-2006-5987;0.010730000;0.637430000
CVE-2006-5986;0.011950000;0.670160000
CVE-2006-5985;0.011300000;0.652470000
CVE-2006-5984;0.014910000;0.732130000
CVE-2006-5983;0.017720000;0.773890000
CVE-2006-5982;0.027220000;0.855490000
CVE-2006-5981;0.016480000;0.756560000
CVE-2006-5980;0.026220000;0.849540000
CVE-2006-5979;0.013160000;0.697740000
CVE-2006-5978;0.016320000;0.754180000
CVE-2006-5977;0.011480000;0.656840000
CVE-2006-5976;0.012240000;0.677650000
CVE-2006-5975;0.020870000;0.809210000
CVE-2006-5974;0.039090000;0.899770000
CVE-2006-5973;0.026920000;0.853900000
CVE-2006-5972;0.197950000;0.973400000
CVE-2006-5971;0.017490000;0.770520000
CVE-2006-5970;0.017900000;0.776020000
CVE-2006-5969;0.004180000;0.338380000
CVE-2006-5968;0.003960000;0.314690000
CVE-2006-5967;0.024360000;0.837240000
CVE-2006-5966;0.017750000;0.774270000
CVE-2006-5965;0.003370000;0.248630000
CVE-2006-5964;0.016080000;0.750680000
CVE-2006-5963;0.016910000;0.762800000
CVE-2006-5962;0.013130000;0.697070000
CVE-2006-5961;0.021910000;0.818080000
CVE-2006-5960;0.015500000;0.742190000
CVE-2006-5959;0.014000000;0.715590000
CVE-2006-5958;0.021420000;0.814190000
CVE-2006-5957;0.011930000;0.669600000
CVE-2006-5956;0.003280000;0.236060000
CVE-2006-5955;0.014000000;0.715590000
CVE-2006-5954;0.012830000;0.690740000
CVE-2006-5953;0.014460000;0.723860000
CVE-2006-5952;0.011280000;0.652050000
CVE-2006-5951;0.032530000;0.879240000
CVE-2006-5950;0.013300000;0.700810000
CVE-2006-5949;0.016720000;0.760070000
CVE-2006-5948;0.031790000;0.876300000
CVE-2006-5947;0.015740000;0.745680000
CVE-2006-5946;0.012630000;0.686710000
CVE-2006-5945;0.012740000;0.688960000
CVE-2006-5944;0.021720000;0.816640000
CVE-2006-5943;0.010850000;0.640710000
CVE-2006-5942;0.013750000;0.710770000
CVE-2006-5940;0.021830000;0.817450000
CVE-2006-5939;0.027480000;0.856900000
CVE-2006-5938;0.021830000;0.817440000
CVE-2006-5937;0.039760000;0.901750000
CVE-2006-5936;0.012230000;0.677260000
CVE-2006-5935;0.013510000;0.705660000
CVE-2006-5934;0.013130000;0.697070000
CVE-2006-5933;0.010930000;0.642670000
CVE-2006-5932;0.016730000;0.760120000
CVE-2006-5931;0.012100000;0.673750000
CVE-2006-5930;0.035300000;0.888830000
CVE-2006-5929;0.012780000;0.689770000
CVE-2006-5928;0.042960000;0.908350000
CVE-2006-5927;0.011610000;0.660290000
CVE-2006-5926;0.013080000;0.696040000
CVE-2006-5925;0.082580000;0.947490000
CVE-2006-5924;0.015240000;0.737590000
CVE-2006-5923;0.024250000;0.836450000
CVE-2006-5922;0.013160000;0.697750000
CVE-2006-5921;0.011280000;0.652030000
CVE-2006-5920;0.032530000;0.879240000
CVE-2006-5919;0.031610000;0.875550000
CVE-2006-5918;0.024760000;0.840050000
CVE-2006-5917;0.014790000;0.730070000
CVE-2006-5916;0.011920000;0.669360000
CVE-2006-5915;0.021040000;0.810820000
CVE-2006-5914;0.012230000;0.677270000
CVE-2006-5913;0.053310000;0.923740000
CVE-2006-5912;0.016320000;0.754190000
CVE-2006-5911;0.045570000;0.913160000
CVE-2006-5910;0.025640000;0.845910000
CVE-2006-5909;0.015420000;0.740690000
CVE-2006-5908;0.012420000;0.681650000
CVE-2006-5907;0.012280000;0.678520000
CVE-2006-5906;0.017990000;0.777170000
CVE-2006-5905;0.014620000;0.727060000
CVE-2006-5904;0.012640000;0.686890000
CVE-2006-5903;0.013110000;0.696650000
CVE-2006-5902;0.013110000;0.696640000
CVE-2006-5901;0.012070000;0.672950000
CVE-2006-5900;0.012380000;0.680610000
CVE-2006-5899;0.021320000;0.813350000
CVE-2006-5898;0.016150000;0.751700000
CVE-2006-5897;0.016930000;0.763150000
CVE-2006-5896;0.016290000;0.753580000
CVE-2006-5895;0.039540000;0.901150000
CVE-2006-5894;0.025250000;0.843360000
CVE-2006-5893;0.034900000;0.887700000
CVE-2006-5892;0.012240000;0.677650000
CVE-2006-5891;0.013150000;0.697530000
CVE-2006-5890;0.011300000;0.652360000
CVE-2006-5889;0.012570000;0.685300000
CVE-2006-5888;0.011280000;0.652060000
CVE-2006-5887;0.017880000;0.775740000
CVE-2006-5886;0.012640000;0.687000000
CVE-2006-5885;0.018570000;0.784600000
CVE-2006-5884;0.069290000;0.939160000
CVE-2006-5883;0.017280000;0.767770000
CVE-2006-5882;0.131070000;0.962520000
CVE-2006-5881;0.017880000;0.775740000
CVE-2006-5880;0.011280000;0.652050000
CVE-2006-5879;0.012240000;0.677650000
CVE-2006-5878;0.021410000;0.814070000
CVE-2006-5877;0.017290000;0.767930000
CVE-2006-5876;0.026850000;0.853480000
CVE-2006-5875;0.018960000;0.789150000
CVE-2006-5874;0.026700000;0.852520000
CVE-2006-5873;0.023120000;0.828060000
CVE-2006-5872;0.017700000;0.773620000
CVE-2006-5871;0.003210000;0.228670000
CVE-2006-5870;0.085140000;0.948940000
CVE-2006-5869;0.015600000;0.743700000
CVE-2006-5868;0.027240000;0.855580000
CVE-2006-5867;0.043900000;0.910120000
CVE-2006-5866;0.029990000;0.869130000
CVE-2006-5865;0.037910000;0.896610000
CVE-2006-5864;0.152110000;0.966620000
CVE-2006-5863;0.034880000;0.887640000
CVE-2006-5862;0.004550000;0.373290000
CVE-2006-5861;0.044160000;0.910530000
CVE-2006-5860;0.028750000;0.863580000
CVE-2006-5859;0.027210000;0.855470000
CVE-2006-5858;0.133040000;0.962910000
CVE-2006-5857;0.091550000;0.951850000
CVE-2006-5856;0.146900000;0.965750000
CVE-2006-5855;0.266800000;0.979700000
CVE-2006-5854;0.575300000;0.990580000
CVE-2006-5853;0.020450000;0.805100000
CVE-2006-5852;0.007580000;0.536410000
CVE-2006-5851;0.007420000;0.530920000
CVE-2006-5850;0.072250000;0.941460000
CVE-2006-5849;0.033450000;0.882870000
CVE-2006-5847;0.019710000;0.797270000
CVE-2006-5846;0.118610000;0.959830000
CVE-2006-5845;0.016500000;0.756870000
CVE-2006-5844;0.014450000;0.723800000
CVE-2006-5843;0.018820000;0.787530000
CVE-2006-5842;0.003280000;0.236060000
CVE-2006-5841;0.031790000;0.876290000
CVE-2006-5840;0.020820000;0.808790000
CVE-2006-5839;0.025660000;0.846050000
CVE-2006-5838;0.023320000;0.829590000
CVE-2006-5837;0.024530000;0.838460000
CVE-2006-5836;0.012960000;0.693600000
CVE-2006-5835;0.133410000;0.963030000
CVE-2006-5834;0.022900000;0.826260000
CVE-2006-5833;0.042330000;0.907230000
CVE-2006-5832;0.030080000;0.869550000
CVE-2006-5831;0.027610000;0.857710000
CVE-2006-5830;0.023800000;0.833100000
CVE-2006-5829;0.011700000;0.663090000
CVE-2006-5828;0.010860000;0.641100000
CVE-2006-5827;0.014100000;0.717280000
CVE-2006-5826;0.107880000;0.957180000
CVE-2006-5825;0.016360000;0.754940000
CVE-2006-5824;0.003710000;0.287680000
CVE-2006-5823;0.003680000;0.283690000
CVE-2006-5822;0.118400000;0.959790000
CVE-2006-5821;0.051860000;0.922180000
CVE-2006-5820;0.084340000;0.948470000
CVE-2006-5819;0.065090000;0.935740000
CVE-2006-5818;0.004680000;0.382840000
CVE-2006-5817;0.002880000;0.193320000
CVE-2006-5816;0.014260000;0.720330000
CVE-2006-5815;0.742340000;0.994780000
CVE-2006-5814;0.031930000;0.876810000
CVE-2006-5813;0.013630000;0.708190000
CVE-2006-5812;0.013770000;0.711160000
CVE-2006-5811;0.028630000;0.862960000
CVE-2006-5810;0.016080000;0.750620000
CVE-2006-5809;0.013530000;0.706180000
CVE-2006-5808;0.003580000;0.272320000
CVE-2006-5807;0.003370000;0.248630000
CVE-2006-5806;0.003420000;0.253740000
CVE-2006-5805;0.060360000;0.931500000
CVE-2006-5804;0.019540000;0.795690000
CVE-2006-5803;0.015590000;0.743550000
CVE-2006-5802;0.010860000;0.641100000
CVE-2006-5801;0.013060000;0.695660000
CVE-2006-5800;0.008460000;0.565810000
CVE-2006-5799;0.014560000;0.725930000
CVE-2006-5798;0.011610000;0.660310000
CVE-2006-5797;0.013830000;0.712190000
CVE-2006-5796;0.035300000;0.888830000
CVE-2006-5795;0.032820000;0.880570000
CVE-2006-5794;0.027290000;0.855870000
CVE-2006-5793;0.017600000;0.772090000
CVE-2006-5792;0.608680000;0.991310000
CVE-2006-5791;0.013670000;0.708940000
CVE-2006-5790;0.030630000;0.871720000
CVE-2006-5789;0.029200000;0.865680000
CVE-2006-5788;0.034560000;0.886540000
CVE-2006-5787;0.026750000;0.852940000
CVE-2006-5786;0.024960000;0.841410000
CVE-2006-5785;0.018160000;0.779520000
CVE-2006-5784;0.029160000;0.865540000
CVE-2006-5783;0.023430000;0.830540000
CVE-2006-5782;0.035060000;0.888150000
CVE-2006-5781;0.036150000;0.891480000
CVE-2006-5780;0.623230000;0.991640000
CVE-2006-5779;0.762650000;0.995240000
CVE-2006-5778;0.003680000;0.283340000
CVE-2006-5777;0.028080000;0.860290000
CVE-2006-5776;0.019450000;0.794780000
CVE-2006-5775;0.012510000;0.683940000
CVE-2006-5774;0.012720000;0.688430000
CVE-2006-5773;0.078990000;0.945520000
CVE-2006-5772;0.011280000;0.652050000
CVE-2006-5771;0.011280000;0.652020000
CVE-2006-5770;0.026830000;0.853300000
CVE-2006-5769;0.011280000;0.652020000
CVE-2006-5768;0.097950000;0.954130000
CVE-2006-5767;0.027400000;0.856490000
CVE-2006-5766;0.031620000;0.875590000
CVE-2006-5765;0.012630000;0.686720000
CVE-2006-5764;0.026640000;0.852160000
CVE-2006-5763;0.049450000;0.919020000
CVE-2006-5762;0.040270000;0.902870000
CVE-2006-5761;0.020290000;0.803540000
CVE-2006-5760;0.037540000;0.895530000
CVE-2006-5759;0.014450000;0.723800000
CVE-2006-5758;0.063190000;0.934190000
CVE-2006-5757;0.007770000;0.542760000
CVE-2006-5755;0.004090000;0.327920000
CVE-2006-5754;0.004070000;0.327010000
CVE-2006-5753;0.003890000;0.306690000
CVE-2006-5752;0.277830000;0.980410000
CVE-2006-5751;0.004690000;0.384180000
CVE-2006-5750;0.138540000;0.964230000
CVE-2006-5749;0.003760000;0.292880000
CVE-2006-5748;0.057740000;0.928690000
CVE-2006-5747;0.057840000;0.928790000
CVE-2006-5746;0.008660000;0.572530000
CVE-2006-5745;0.764610000;0.995280000
CVE-2006-5744;0.011610000;0.660300000
CVE-2006-5743;0.011280000;0.652020000
CVE-2006-5742;0.012940000;0.693290000
CVE-2006-5741;0.013440000;0.704140000
CVE-2006-5740;0.022550000;0.823470000
CVE-2006-5739;0.021700000;0.816450000
CVE-2006-5738;0.008840000;0.578180000
CVE-2006-5737;0.003320000;0.241670000
CVE-2006-5736;0.013150000;0.697470000
CVE-2006-5735;0.143570000;0.965190000
CVE-2006-5734;0.014350000;0.721930000
CVE-2006-5733;0.030020000;0.869240000
CVE-2006-5732;0.010200000;0.621500000
CVE-2006-5731;0.023810000;0.833130000
CVE-2006-5730;0.029970000;0.869050000
CVE-2006-5729;0.012100000;0.673760000
CVE-2006-5728;0.023690000;0.832360000
CVE-2006-5727;0.033480000;0.882970000
CVE-2006-5726;0.007950000;0.549220000
CVE-2006-5725;0.028450000;0.862170000
CVE-2006-5724;0.004630000;0.379230000
CVE-2006-5723;0.011920000;0.669330000
CVE-2006-5722;0.020700000;0.807640000
CVE-2006-5721;0.009780000;0.608610000
CVE-2006-5720;0.020420000;0.804820000
CVE-2006-5719;0.011920000;0.669340000
CVE-2006-5718;0.016810000;0.761370000
CVE-2006-5717;0.011580000;0.659750000
CVE-2006-5716;0.029180000;0.865630000
CVE-2006-5715;0.064180000;0.934960000
CVE-2006-5714;0.064180000;0.934960000
CVE-2006-5713;0.011900000;0.668950000
CVE-2006-5712;0.016560000;0.757810000
CVE-2006-5711;0.033450000;0.882870000
CVE-2006-5710;0.196030000;0.973140000
CVE-2006-5709;0.016210000;0.752560000
CVE-2006-5708;0.010490000;0.630420000
CVE-2006-5707;0.021660000;0.816130000
CVE-2006-5706;0.003420000;0.254600000
CVE-2006-5705;0.035770000;0.890400000
CVE-2006-5704;0.004500000;0.368700000
CVE-2006-5703;0.024350000;0.837190000
CVE-2006-5702;0.534190000;0.989610000
CVE-2006-5701;0.008610000;0.571110000
CVE-2006-5681;0.020370000;0.804190000
CVE-2006-5680;0.015870000;0.747450000
CVE-2006-5679;0.010190000;0.621240000
CVE-2006-5678;0.019320000;0.793270000
CVE-2006-5677;0.003410000;0.253140000
CVE-2006-5676;0.011340000;0.653380000
CVE-2006-5675;0.015070000;0.735000000
CVE-2006-5674;0.014800000;0.730240000
CVE-2006-5673;0.060750000;0.931900000
CVE-2006-5672;0.024900000;0.840930000
CVE-2006-5671;0.012780000;0.689770000
CVE-2006-5670;0.031880000;0.876570000
CVE-2006-5669;0.025710000;0.846380000
CVE-2006-5668;0.016000000;0.749350000
CVE-2006-5667;0.033900000;0.884300000
CVE-2006-5666;0.011150000;0.648890000
CVE-2006-5665;0.033900000;0.884310000
CVE-2006-5664;0.003320000;0.241660000
CVE-2006-5663;0.003320000;0.241670000
CVE-2006-5662;0.011230000;0.650890000
CVE-2006-5661;0.029970000;0.869000000
CVE-2006-5660;0.037600000;0.895700000
CVE-2006-5659;0.003130000;0.220190000
CVE-2006-5658;0.023400000;0.830250000
CVE-2006-5657;0.016210000;0.752570000
CVE-2006-5656;0.015490000;0.742000000
CVE-2006-5655;0.011920000;0.669350000
CVE-2006-5654;0.021060000;0.810980000
CVE-2006-5653;0.048150000;0.917050000
CVE-2006-5652;0.016800000;0.761220000
CVE-2006-5651;0.016470000;0.756500000
CVE-2006-5650;0.671140000;0.992840000
CVE-2006-5649;0.003340000;0.245320000
CVE-2006-5648;0.003300000;0.238030000
CVE-2006-5647;0.211360000;0.975200000
CVE-2006-5646;0.179240000;0.971010000
CVE-2006-5645;0.178770000;0.970970000
CVE-2006-5643;0.021590000;0.815610000
CVE-2006-5642;0.016210000;0.752560000
CVE-2006-5641;0.011150000;0.648900000
CVE-2006-5640;0.011150000;0.648890000
CVE-2006-5639;0.013820000;0.712070000
CVE-2006-5638;0.011150000;0.648900000
CVE-2006-5637;0.033990000;0.884660000
CVE-2006-5636;0.033580000;0.883320000
CVE-2006-5635;0.011140000;0.648510000
CVE-2006-5634;0.061620000;0.932750000
CVE-2006-5633;0.074720000;0.942950000
CVE-2006-5632;0.012800000;0.690170000
CVE-2006-5631;0.014120000;0.717670000
CVE-2006-5630;0.018430000;0.782800000
CVE-2006-5629;0.032240000;0.878200000
CVE-2006-5628;0.011920000;0.669320000
CVE-2006-5627;0.170890000;0.969980000
CVE-2006-5626;0.019540000;0.795670000
CVE-2006-5625;0.023750000;0.832730000
CVE-2006-5624;0.029270000;0.866050000
CVE-2006-5623;0.024900000;0.840950000
CVE-2006-5622;0.011790000;0.666020000
CVE-2006-5621;0.028340000;0.861590000
CVE-2006-5620;0.037650000;0.895860000
CVE-2006-5619;0.004270000;0.347410000
CVE-2006-5618;0.029290000;0.866140000
CVE-2006-5617;0.017230000;0.767090000
CVE-2006-5616;0.035230000;0.888640000
CVE-2006-5615;0.026330000;0.850320000
CVE-2006-5614;0.795850000;0.995970000
CVE-2006-5613;0.033900000;0.884310000
CVE-2006-5612;0.031570000;0.875410000
CVE-2006-5611;0.013530000;0.706180000
CVE-2006-5610;0.013580000;0.707310000
CVE-2006-5609;0.039160000;0.900000000
CVE-2006-5608;0.012900000;0.692250000
CVE-2006-5607;0.018690000;0.786090000
CVE-2006-5606;0.014820000;0.730640000
CVE-2006-5605;0.016380000;0.755200000
CVE-2006-5604;0.022760000;0.825080000
CVE-2006-5603;0.014270000;0.720500000
CVE-2006-5602;0.012060000;0.672660000
CVE-2006-5601;0.042050000;0.906690000
CVE-2006-5600;0.003360000;0.247660000
CVE-2006-5599;0.017040000;0.764650000
CVE-2006-5598;0.012170000;0.675630000
CVE-2006-5597;0.025780000;0.846810000
CVE-2006-5596;0.029660000;0.867680000
CVE-2006-5595;0.011870000;0.668180000
CVE-2006-5594;0.014640000;0.727400000
CVE-2006-5593;0.027810000;0.859010000
CVE-2006-5592;0.018290000;0.781170000
CVE-2006-5591;0.013320000;0.701210000
CVE-2006-5590;0.033900000;0.884320000
CVE-2006-5589;0.011920000;0.669330000
CVE-2006-5588;0.027550000;0.857400000
CVE-2006-5587;0.028290000;0.861380000
CVE-2006-5586;0.028840000;0.863950000
CVE-2006-5585;0.017600000;0.772030000
CVE-2006-5584;0.314950000;0.982390000
CVE-2006-5583;0.531000000;0.989510000
CVE-2006-5581;0.363190000;0.984440000
CVE-2006-5579;0.317750000;0.982530000
CVE-2006-5578;0.219270000;0.975920000
CVE-2006-5577;0.258320000;0.979220000
CVE-2006-5574;0.238970000;0.977690000
CVE-2006-5571;0.082770000;0.947590000
CVE-2006-5570;0.022470000;0.822950000
CVE-2006-5569;0.012110000;0.674450000
CVE-2006-5568;0.034560000;0.886550000
CVE-2006-5567;0.145310000;0.965460000
CVE-2006-5566;0.022510000;0.823210000
CVE-2006-5565;0.013660000;0.708710000
CVE-2006-5564;0.016610000;0.758650000
CVE-2006-5563;0.017240000;0.767290000
CVE-2006-5562;0.032460000;0.878970000
CVE-2006-5561;0.011150000;0.648890000
CVE-2006-5560;0.013170000;0.697980000
CVE-2006-5559;0.436190000;0.987060000
CVE-2006-5558;0.077070000;0.944380000
CVE-2006-5557;0.014100000;0.717170000
CVE-2006-5556;0.013260000;0.699840000
CVE-2006-5555;0.031880000;0.876570000
CVE-2006-5554;0.025780000;0.846800000
CVE-2006-5553;0.031570000;0.875400000
CVE-2006-5552;0.047470000;0.916050000
CVE-2006-5551;0.051910000;0.922230000
CVE-2006-5550;0.009940000;0.613340000
CVE-2006-5549;0.032880000;0.880850000
CVE-2006-5548;0.033610000;0.883400000
CVE-2006-5547;0.033610000;0.883410000
CVE-2006-5546;0.031870000;0.876530000
CVE-2006-5545;0.019960000;0.799940000
CVE-2006-5544;0.207550000;0.974740000
CVE-2006-5543;0.031040000;0.873290000
CVE-2006-5542;0.020300000;0.803550000
CVE-2006-5541;0.022780000;0.825320000
CVE-2006-5540;0.020300000;0.803550000
CVE-2006-5539;0.033900000;0.884300000
CVE-2006-5538;0.012350000;0.680000000
CVE-2006-5537;0.010490000;0.630460000
CVE-2006-5536;0.138570000;0.964230000
CVE-2006-5535;0.019440000;0.794750000
CVE-2006-5534;0.011580000;0.659750000
CVE-2006-5533;0.016840000;0.761820000
CVE-2006-5532;0.015550000;0.742960000
CVE-2006-5531;0.027710000;0.858300000
CVE-2006-5530;0.017270000;0.767650000
CVE-2006-5529;0.016220000;0.752680000
CVE-2006-5528;0.019080000;0.790570000
CVE-2006-5527;0.035410000;0.889160000
CVE-2006-5526;0.029470000;0.866970000
CVE-2006-5525;0.011160000;0.648990000
CVE-2006-5524;0.020900000;0.809550000
CVE-2006-5523;0.032460000;0.878960000
CVE-2006-5522;0.032460000;0.878960000
CVE-2006-5521;0.031700000;0.875960000
CVE-2006-5520;0.014800000;0.730260000
CVE-2006-5519;0.051430000;0.921640000
CVE-2006-5518;0.102820000;0.955660000
CVE-2006-5517;0.147010000;0.965770000
CVE-2006-5516;0.026170000;0.849250000
CVE-2006-5515;0.016440000;0.756160000
CVE-2006-5514;0.011460000;0.656350000
CVE-2006-5513;0.011920000;0.669320000
CVE-2006-5512;0.017070000;0.765010000
CVE-2006-5511;0.018990000;0.789510000
CVE-2006-5510;0.029200000;0.865730000
CVE-2006-5509;0.012530000;0.684250000
CVE-2006-5508;0.011020000;0.645480000
CVE-2006-5507;0.061400000;0.932500000
CVE-2006-5506;0.162970000;0.968680000
CVE-2006-5505;0.027620000;0.857860000
CVE-2006-5504;0.011580000;0.659760000
CVE-2006-5503;0.016800000;0.761230000
CVE-2006-5502;0.034320000;0.885690000
CVE-2006-5501;0.034320000;0.885690000
CVE-2006-5500;0.008910000;0.579910000
CVE-2006-5499;0.019620000;0.796370000
CVE-2006-5498;0.016920000;0.763050000
CVE-2006-5497;0.032920000;0.881010000
CVE-2006-5496;0.012750000;0.689300000
CVE-2006-5495;0.073600000;0.942330000
CVE-2006-5494;0.031570000;0.875410000
CVE-2006-5493;0.032730000;0.880240000
CVE-2006-5492;0.012010000;0.671590000
CVE-2006-5491;0.011920000;0.669350000
CVE-2006-5490;0.013120000;0.696820000
CVE-2006-5489;0.014760000;0.729590000
CVE-2006-5488;0.011920000;0.669330000
CVE-2006-5487;0.038770000;0.898990000
CVE-2006-5486;0.019560000;0.795850000
CVE-2006-5485;0.027620000;0.857860000
CVE-2006-5484;0.013790000;0.711570000
CVE-2006-5483;0.006720000;0.503540000
CVE-2006-5482;0.006650000;0.500370000
CVE-2006-5481;0.012800000;0.690080000
CVE-2006-5480;0.025970000;0.848060000
CVE-2006-5479;0.012530000;0.684350000
CVE-2006-5478;0.851480000;0.997100000
CVE-2006-5477;0.014220000;0.719370000
CVE-2006-5476;0.017710000;0.773710000
CVE-2006-5475;0.014930000;0.732520000
CVE-2006-5474;0.018430000;0.782800000
CVE-2006-5473;0.019320000;0.793220000
CVE-2006-5472;0.088860000;0.950800000
CVE-2006-5471;0.029470000;0.866960000
CVE-2006-5469;0.022550000;0.823470000
CVE-2006-5468;0.028920000;0.864420000
CVE-2006-5467;0.045230000;0.912480000
CVE-2006-5466;0.036450000;0.892380000
CVE-2006-5465;0.103070000;0.955750000
CVE-2006-5464;0.044890000;0.911910000
CVE-2006-5463;0.026600000;0.851940000
CVE-2006-5462;0.027540000;0.857320000
CVE-2006-5461;0.004060000;0.325310000
CVE-2006-5460;0.012640000;0.686890000
CVE-2006-5459;0.012640000;0.686880000
CVE-2006-5458;0.032340000;0.878490000
CVE-2006-5457;0.009570000;0.601090000
CVE-2006-5456;0.037950000;0.896690000
CVE-2006-5455;0.017150000;0.766240000
CVE-2006-5454;0.020830000;0.808820000
CVE-2006-5453;0.020370000;0.804240000
CVE-2006-5452;0.006220000;0.480220000
CVE-2006-5451;0.018660000;0.785690000
CVE-2006-5450;0.012670000;0.687390000
CVE-2006-5449;0.040590000;0.903560000
CVE-2006-5448;0.121400000;0.960420000
CVE-2006-5447;0.012030000;0.672020000
CVE-2006-5446;0.010120000;0.619450000
CVE-2006-5445;0.036480000;0.892460000
CVE-2006-5444;0.864530000;0.997320000
CVE-2006-5443;0.013590000;0.707370000
CVE-2006-5442;0.015280000;0.738310000
CVE-2006-5441;0.014800000;0.730250000
CVE-2006-5440;0.014800000;0.730250000
CVE-2006-5439;0.014990000;0.733620000
CVE-2006-5438;0.014800000;0.730250000
CVE-2006-5437;0.016580000;0.758040000
CVE-2006-5436;0.021320000;0.813350000
CVE-2006-5435;0.012640000;0.686890000
CVE-2006-5434;0.026350000;0.850370000
CVE-2006-5433;0.026350000;0.850380000
CVE-2006-5432;0.025890000;0.847480000
CVE-2006-5431;0.024960000;0.841410000
CVE-2006-5430;0.012850000;0.691240000
CVE-2006-5429;0.027710000;0.858290000
CVE-2006-5428;0.028000000;0.859910000
CVE-2006-5427;0.030500000;0.871210000
CVE-2006-5426;0.027550000;0.857390000
CVE-2006-5425;0.018220000;0.780210000
CVE-2006-5424;0.029420000;0.866690000
CVE-2006-5423;0.024690000;0.839580000
CVE-2006-5422;0.027620000;0.857860000
CVE-2006-5421;0.029470000;0.866960000
CVE-2006-5420;0.025680000;0.846160000
CVE-2006-5419;0.027710000;0.858280000
CVE-2006-5418;0.057070000;0.927900000
CVE-2006-5417;0.017800000;0.774860000
CVE-2006-5416;0.014870000;0.731540000
CVE-2006-5415;0.032920000;0.881000000
CVE-2006-5414;0.013510000;0.705670000
CVE-2006-5413;0.031880000;0.876560000
CVE-2006-5412;0.039390000;0.900750000
CVE-2006-5411;0.026370000;0.850480000
CVE-2006-5410;0.015210000;0.737110000
CVE-2006-5409;0.013120000;0.696830000
CVE-2006-5408;0.012780000;0.689840000
CVE-2006-5407;0.014640000;0.727400000
CVE-2006-5406;0.003340000;0.245120000
CVE-2006-5405;0.003780000;0.294180000
CVE-2006-5404;0.026050000;0.848560000
CVE-2006-5403;0.063030000;0.934040000
CVE-2006-5402;0.036200000;0.891640000
CVE-2006-5401;0.032460000;0.878960000
CVE-2006-5400;0.030780000;0.872350000
CVE-2006-5399;0.038060000;0.897030000
CVE-2006-5398;0.012700000;0.688010000
CVE-2006-5397;0.003560000;0.270220000
CVE-2006-5396;0.003700000;0.286590000
CVE-2006-5395;0.080850000;0.946520000
CVE-2006-5394;0.003330000;0.242300000
CVE-2006-5393;0.003130000;0.220260000
CVE-2006-5392;0.164550000;0.968980000
CVE-2006-5391;0.030900000;0.872820000
CVE-2006-5390;0.029410000;0.866640000
CVE-2006-5389;0.013510000;0.705680000
CVE-2006-5388;0.011090000;0.647240000
CVE-2006-5387;0.032920000;0.881000000
CVE-2006-5386;0.026640000;0.852140000
CVE-2006-5385;0.032920000;0.881010000
CVE-2006-5384;0.027710000;0.858290000
CVE-2006-5383;0.011150000;0.648880000
CVE-2006-5382;0.016770000;0.760840000
CVE-2006-5381;0.011620000;0.660860000
CVE-2006-5380;0.016080000;0.750720000
CVE-2006-5379;0.273750000;0.980110000
CVE-2006-5378;0.028950000;0.864560000
CVE-2006-5377;0.028950000;0.864550000
CVE-2006-5376;0.028950000;0.864560000
CVE-2006-5375;0.028720000;0.863450000
CVE-2006-5374;0.041600000;0.905760000
CVE-2006-5373;0.028950000;0.864570000
CVE-2006-5372;0.028950000;0.864560000
CVE-2006-5371;0.028950000;0.864560000
CVE-2006-5370;0.041600000;0.905760000
CVE-2006-5369;0.041600000;0.905760000
CVE-2006-5368;0.028720000;0.863460000
CVE-2006-5367;0.028950000;0.864570000
CVE-2006-5366;0.028720000;0.863430000
CVE-2006-5365;0.028720000;0.863440000
CVE-2006-5364;0.014570000;0.726110000
CVE-2006-5363;0.017980000;0.777030000
CVE-2006-5362;0.028720000;0.863470000
CVE-2006-5361;0.028720000;0.863470000
CVE-2006-5360;0.028720000;0.863470000
CVE-2006-5359;0.035670000;0.889920000
CVE-2006-5358;0.028720000;0.863430000
CVE-2006-5357;0.028720000;0.863460000
CVE-2006-5356;0.028720000;0.863470000
CVE-2006-5355;0.028720000;0.863440000
CVE-2006-5354;0.028720000;0.863450000
CVE-2006-5353;0.028720000;0.863450000
CVE-2006-5352;0.028720000;0.863440000
CVE-2006-5351;0.019630000;0.796550000
CVE-2006-5350;0.005360000;0.431910000
CVE-2006-5349;0.028720000;0.863460000
CVE-2006-5348;0.028720000;0.863450000
CVE-2006-5347;0.028720000;0.863460000
CVE-2006-5346;0.023220000;0.828780000
CVE-2006-5345;0.035400000;0.889140000
CVE-2006-5344;0.041190000;0.904870000
CVE-2006-5343;0.035400000;0.889140000
CVE-2006-5342;0.024650000;0.839300000
CVE-2006-5341;0.036170000;0.891570000
CVE-2006-5340;0.046020000;0.913900000
CVE-2006-5339;0.035400000;0.889150000
CVE-2006-5338;0.030260000;0.870240000
CVE-2006-5337;0.035400000;0.889140000
CVE-2006-5336;0.033260000;0.882220000
CVE-2006-5335;0.033260000;0.882220000
CVE-2006-5334;0.035120000;0.888370000
CVE-2006-5333;0.024650000;0.839300000
CVE-2006-5332;0.053360000;0.923810000
CVE-2006-5331;0.004320000;0.351950000
CVE-2006-5330;0.244690000;0.978160000
CVE-2006-5328;0.003410000;0.252870000
CVE-2006-5327;0.006010000;0.469300000
CVE-2006-5326;0.012640000;0.686900000
CVE-2006-5325;0.012640000;0.686890000
CVE-2006-5324;0.017940000;0.776580000
CVE-2006-5323;0.021800000;0.817270000
CVE-2006-5322;0.011790000;0.665940000
CVE-2006-5321;0.011900000;0.668950000
CVE-2006-5320;0.040560000;0.903510000
CVE-2006-5319;0.035590000;0.889650000
CVE-2006-5318;0.032920000;0.881010000
CVE-2006-5317;0.031700000;0.875960000
CVE-2006-5316;0.028120000;0.860470000
CVE-2006-5315;0.031700000;0.875960000
CVE-2006-5314;0.031700000;0.875950000
CVE-2006-5313;0.013670000;0.709040000
CVE-2006-5312;0.022190000;0.820600000
CVE-2006-5311;0.025340000;0.843970000
CVE-2006-5310;0.059790000;0.930880000
CVE-2006-5309;0.032920000;0.881000000
CVE-2006-5308;0.067780000;0.937980000
CVE-2006-5307;0.096830000;0.953690000
CVE-2006-5306;0.030520000;0.871310000
CVE-2006-5305;0.031220000;0.874080000
CVE-2006-5304;0.031880000;0.876560000
CVE-2006-5303;0.002080000;0.099130000
CVE-2006-5302;0.155910000;0.967440000
CVE-2006-5301;0.055290000;0.925760000
CVE-2006-5300;0.016390000;0.755390000
CVE-2006-5299;0.012030000;0.672010000
CVE-2006-5298;0.002990000;0.205280000
CVE-2006-5297;0.003620000;0.277390000
CVE-2006-5296;0.269830000;0.979880000
CVE-2006-5295;0.113900000;0.958790000
CVE-2006-5294;0.025220000;0.843190000
CVE-2006-5293;0.012850000;0.691250000
CVE-2006-5292;0.062790000;0.933830000
CVE-2006-5291;0.046890000;0.915170000
CVE-2006-5290;0.033880000;0.884250000
CVE-2006-5289;0.078920000;0.945500000
CVE-2006-5288;0.035940000;0.890870000
CVE-2006-5287;0.011410000;0.655270000
CVE-2006-5286;0.015160000;0.736440000
CVE-2006-5285;0.013120000;0.696820000
CVE-2006-5284;0.026280000;0.849880000
CVE-2006-5283;0.029470000;0.866960000
CVE-2006-5282;0.033900000;0.884310000
CVE-2006-5281;0.035000000;0.887990000
CVE-2006-5280;0.018630000;0.785320000
CVE-2006-5278;0.088840000;0.950800000
CVE-2006-5277;0.095690000;0.953330000
CVE-2006-5276;0.794430000;0.995940000
CVE-2006-5274;0.049930000;0.919740000
CVE-2006-5273;0.063290000;0.934250000
CVE-2006-5272;0.035620000;0.889760000
CVE-2006-5271;0.039980000;0.902250000
CVE-2006-5270;0.302750000;0.981780000
CVE-2006-5269;0.086060000;0.949420000
CVE-2006-5268;0.072090000;0.941360000
CVE-2006-5266;0.156950000;0.967630000
CVE-2006-5265;0.104190000;0.956070000
CVE-2006-5264;0.012710000;0.688260000
CVE-2006-5263;0.026320000;0.850240000
CVE-2006-5262;0.025670000;0.846070000
CVE-2006-5261;0.027550000;0.857390000
CVE-2006-5260;0.014800000;0.730240000
CVE-2006-5259;0.032920000;0.881010000
CVE-2006-5258;0.023480000;0.830890000
CVE-2006-5257;0.024900000;0.840960000
CVE-2006-5256;0.035410000;0.889150000
CVE-2006-5255;0.015910000;0.748060000
CVE-2006-5254;0.024900000;0.840950000
CVE-2006-5253;0.015910000;0.748060000
CVE-2006-5252;0.015330000;0.739200000
CVE-2006-5251;0.021580000;0.815560000
CVE-2006-5250;0.069670000;0.939450000
CVE-2006-5249;0.031780000;0.876240000
CVE-2006-5248;0.016110000;0.751090000
CVE-2006-5247;0.016050000;0.750290000
CVE-2006-5246;0.015110000;0.735710000
CVE-2006-5245;0.018290000;0.781170000
CVE-2006-5244;0.036550000;0.892670000
CVE-2006-5243;0.035360000;0.889000000
CVE-2006-5242;0.011920000;0.669340000
CVE-2006-5241;0.039030000;0.899620000
CVE-2006-5240;0.041390000;0.905370000
CVE-2006-5239;0.020770000;0.808210000
CVE-2006-5238;0.016210000;0.752560000
CVE-2006-5237;0.011920000;0.669330000
CVE-2006-5236;0.020780000;0.808270000
CVE-2006-5235;0.012780000;0.689770000
CVE-2006-5234;0.027680000;0.858150000
CVE-2006-5233;0.018150000;0.779350000
CVE-2006-5232;0.028350000;0.861620000
CVE-2006-5231;0.020630000;0.806900000
CVE-2006-5230;0.032730000;0.880240000
CVE-2006-5229;0.583290000;0.990740000
CVE-2006-5228;0.020680000;0.807390000
CVE-2006-5227;0.016410000;0.755720000
CVE-2006-5226;0.027550000;0.857380000
CVE-2006-5225;0.013550000;0.706590000
CVE-2006-5224;0.027710000;0.858290000
CVE-2006-5223;0.041150000;0.904770000
CVE-2006-5222;0.027710000;0.858280000
CVE-2006-5221;0.013110000;0.696660000
CVE-2006-5220;0.145810000;0.965560000
CVE-2006-5219;0.022010000;0.819110000
CVE-2006-5218;0.004120000;0.331810000
CVE-2006-5217;0.011140000;0.648510000
CVE-2006-5216;0.636450000;0.991960000
CVE-2006-5215;0.003050000;0.211710000
CVE-2006-5214;0.003610000;0.276600000
CVE-2006-5213;0.003400000;0.251820000
CVE-2006-5212;0.015460000;0.741420000
CVE-2006-5211;0.026930000;0.853940000
CVE-2006-5210;0.042830000;0.908140000
CVE-2006-5209;0.022760000;0.825080000
CVE-2006-5208;0.012210000;0.676610000
CVE-2006-5207;0.030240000;0.870140000
CVE-2006-5206;0.043310000;0.908970000
CVE-2006-5205;0.109520000;0.957700000
CVE-2006-5204;0.014130000;0.717870000
CVE-2006-5203;0.008610000;0.571090000
CVE-2006-5202;0.041030000;0.904530000
CVE-2006-5201;0.034220000;0.885280000
CVE-2006-5200;0.026630000;0.852080000
CVE-2006-5199;0.006510000;0.494170000
CVE-2006-5198;0.610480000;0.991350000
CVE-2006-5197;0.011750000;0.664730000
CVE-2006-5196;0.077960000;0.944920000
CVE-2006-5195;0.011430000;0.655570000
CVE-2006-5194;0.011580000;0.659740000
CVE-2006-5193;0.025620000;0.845770000
CVE-2006-5192;0.033130000;0.881820000
CVE-2006-5191;0.031500000;0.875110000
CVE-2006-5190;0.070460000;0.940100000
CVE-2006-5189;0.024900000;0.840940000
CVE-2006-5188;0.025750000;0.846600000
CVE-2006-5187;0.027710000;0.858300000
CVE-2006-5186;0.039890000;0.902040000
CVE-2006-5185;0.038090000;0.897110000
CVE-2006-5184;0.013120000;0.696830000
CVE-2006-5183;0.014640000;0.727390000
CVE-2006-5182;0.027710000;0.858290000
CVE-2006-5181;0.029470000;0.866970000
CVE-2006-5180;0.026350000;0.850380000
CVE-2006-5179;0.007610000;0.537510000
CVE-2006-5178;0.006580000;0.497630000
CVE-2006-5177;0.071300000;0.940770000
CVE-2006-5176;0.053520000;0.923970000
CVE-2006-5175;0.011240000;0.650990000
CVE-2006-5174;0.004290000;0.349440000
CVE-2006-5173;0.004350000;0.356070000
CVE-2006-5172;0.149830000;0.966240000
CVE-2006-5171;0.165410000;0.969200000
CVE-2006-5170;0.040700000;0.903760000
CVE-2006-5169;0.010050000;0.617060000
CVE-2006-5168;0.011580000;0.659750000
CVE-2006-5167;0.030240000;0.870150000
CVE-2006-5166;0.025500000;0.845010000
CVE-2006-5165;0.026280000;0.849870000
CVE-2006-5164;0.021120000;0.811560000
CVE-2006-5163;0.004730000;0.387410000
CVE-2006-5162;0.359120000;0.984310000
CVE-2006-5161;0.013150000;0.697490000
CVE-2006-5160;0.015660000;0.744550000
CVE-2006-5159;0.061950000;0.933030000
CVE-2006-5158;0.036520000;0.892560000
CVE-2006-5157;0.066030000;0.936520000
CVE-2006-5156;0.740090000;0.994720000
CVE-2006-5155;0.027710000;0.858280000
CVE-2006-5154;0.033670000;0.883620000
CVE-2006-5153;0.015650000;0.744400000
CVE-2006-5152;0.108920000;0.957510000
CVE-2006-5151;0.043240000;0.908850000
CVE-2006-5150;0.010130000;0.619860000
CVE-2006-5149;0.019600000;0.796250000
CVE-2006-5148;0.032640000;0.879930000
CVE-2006-5147;0.032460000;0.878960000
CVE-2006-5146;0.019340000;0.793510000
CVE-2006-5145;0.011180000;0.649710000
CVE-2006-5144;0.012850000;0.691250000
CVE-2006-5143;0.795490000;0.995960000
CVE-2006-5142;0.135820000;0.963570000
CVE-2006-5141;0.021320000;0.813360000
CVE-2006-5140;0.011090000;0.647230000
CVE-2006-5139;0.013150000;0.697490000
CVE-2006-5138;0.014840000;0.730890000
CVE-2006-5137;0.021970000;0.818740000
CVE-2006-5136;0.016080000;0.750720000
CVE-2006-5135;0.024900000;0.840960000
CVE-2006-5134;0.014740000;0.729130000
CVE-2006-5133;0.031190000;0.873950000
CVE-2006-5132;0.017780000;0.774690000
CVE-2006-5131;0.026160000;0.849180000
CVE-2006-5130;0.011430000;0.655560000
CVE-2006-5129;0.012850000;0.691260000
CVE-2006-5128;0.013870000;0.712940000
CVE-2006-5127;0.016620000;0.758680000
CVE-2006-5126;0.024900000;0.840950000
CVE-2006-5125;0.036570000;0.892730000
CVE-2006-5124;0.034610000;0.886690000
CVE-2006-5123;0.021690000;0.816370000
CVE-2006-5122;0.011530000;0.658580000
CVE-2006-5121;0.013550000;0.706590000
CVE-2006-5120;0.018990000;0.789590000
CVE-2006-5119;0.017770000;0.774510000
CVE-2006-5118;0.025500000;0.845010000
CVE-2006-5117;0.013960000;0.714730000
CVE-2006-5116;0.022040000;0.819360000
CVE-2006-5115;0.024340000;0.837120000
CVE-2006-5114;0.024560000;0.838640000
CVE-2006-5113;0.016490000;0.756810000
CVE-2006-5112;0.669070000;0.992770000
CVE-2006-5111;0.018960000;0.789220000
CVE-2006-5110;0.012850000;0.691260000
CVE-2006-5109;0.014840000;0.730890000
CVE-2006-5108;0.060730000;0.931870000
CVE-2006-5107;0.011230000;0.650900000
CVE-2006-5106;0.012780000;0.689840000
CVE-2006-5105;0.014640000;0.727400000
CVE-2006-5104;0.011140000;0.648510000
CVE-2006-5103;0.025620000;0.845770000
CVE-2006-5102;0.030230000;0.870130000
CVE-2006-5101;0.061400000;0.932500000
CVE-2006-5100;0.037650000;0.895870000
CVE-2006-5099;0.022200000;0.820730000
CVE-2006-5098;0.016820000;0.761480000
CVE-2006-5097;0.038620000;0.898650000
CVE-2006-5096;0.020900000;0.809550000
CVE-2006-5095;0.014800000;0.730270000
CVE-2006-5094;0.031470000;0.875010000
CVE-2006-5093;0.035760000;0.890340000
CVE-2006-5092;0.037190000;0.894550000
CVE-2006-5091;0.005060000;0.410450000
CVE-2006-5090;0.019310000;0.793070000
CVE-2006-5089;0.021700000;0.816450000
CVE-2006-5088;0.017800000;0.774840000
CVE-2006-5087;0.035610000;0.889710000
CVE-2006-5086;0.012440000;0.682080000
CVE-2006-5085;0.472950000;0.988060000
CVE-2006-5084;0.160720000;0.968300000
CVE-2006-5083;0.021780000;0.817140000
CVE-2006-5082;0.021750000;0.816840000
CVE-2006-5081;0.014800000;0.730260000
CVE-2006-5080;0.013170000;0.697980000
CVE-2006-5079;0.027330000;0.856050000
CVE-2006-5078;0.027330000;0.856050000
CVE-2006-5077;0.035800000;0.890480000
CVE-2006-5076;0.035900000;0.890740000
CVE-2006-5075;0.030710000;0.872060000
CVE-2006-5074;0.019840000;0.798630000
CVE-2006-5073;0.036020000;0.891080000
CVE-2006-5072;0.004630000;0.379330000
CVE-2006-5071;0.012750000;0.689300000
CVE-2006-5070;0.030240000;0.870140000
CVE-2006-5069;0.013430000;0.703880000
CVE-2006-5068;0.038430000;0.898130000
CVE-2006-5067;0.016390000;0.755290000
CVE-2006-5066;0.020730000;0.807930000
CVE-2006-5065;0.023610000;0.831880000
CVE-2006-5064;0.020730000;0.807930000
CVE-2006-5063;0.014070000;0.716800000
CVE-2006-5062;0.027550000;0.857390000
CVE-2006-5061;0.031880000;0.876560000
CVE-2006-5060;0.021840000;0.817540000
CVE-2006-5059;0.014050000;0.716380000
CVE-2006-5058;0.100840000;0.955070000
CVE-2006-5057;0.020730000;0.807930000
CVE-2006-5056;0.019840000;0.798630000
CVE-2006-5055;0.034700000;0.886990000
CVE-2006-5054;0.011580000;0.659770000
CVE-2006-5053;0.031880000;0.876570000
CVE-2006-5052;0.028590000;0.862800000
CVE-2006-5051;0.449630000;0.987440000
CVE-2006-5050;0.017230000;0.767220000
CVE-2006-5049;0.012620000;0.686450000
CVE-2006-5048;0.157560000;0.967750000
CVE-2006-5047;0.020030000;0.800710000
CVE-2006-5046;0.017350000;0.768740000
CVE-2006-5045;0.055740000;0.926370000
CVE-2006-5044;0.020010000;0.800540000
CVE-2006-5043;0.040260000;0.902860000
CVE-2006-5042;0.014020000;0.715820000
CVE-2006-5041;0.014170000;0.718640000
CVE-2006-5040;0.014170000;0.718640000
CVE-2006-5039;0.014020000;0.715820000
CVE-2006-5038;0.023510000;0.831160000
CVE-2006-5037;0.012850000;0.691260000
CVE-2006-5036;0.012850000;0.691250000
CVE-2006-5035;0.012030000;0.672020000
CVE-2006-5034;0.035550000;0.889520000
CVE-2006-5033;0.035660000;0.889880000
CVE-2006-5032;0.029470000;0.866960000
CVE-2006-5031;0.075340000;0.943330000
CVE-2006-5030;0.011080000;0.647040000
CVE-2006-5029;0.011920000;0.669340000
CVE-2006-5028;0.465760000;0.987880000
CVE-2006-5027;0.013510000;0.705680000
CVE-2006-5026;0.013990000;0.715400000
CVE-2006-5025;0.013990000;0.715390000
CVE-2006-5024;0.017850000;0.775390000
CVE-2006-5023;0.011090000;0.647240000
CVE-2006-5022;0.024900000;0.840940000
CVE-2006-5021;0.031230000;0.874130000
CVE-2006-5020;0.170890000;0.969980000
CVE-2006-5019;0.040620000;0.903610000
CVE-2006-5018;0.021640000;0.816000000
CVE-2006-5017;0.012260000;0.678090000
CVE-2006-5016;0.026520000;0.851460000
CVE-2006-5015;0.018630000;0.785330000
CVE-2006-5014;0.039740000;0.901700000
CVE-2006-5013;0.030710000;0.872060000
CVE-2006-5012;0.003490000;0.262440000
CVE-2006-5011;0.003950000;0.313910000
CVE-2006-5010;0.004190000;0.339840000
CVE-2006-5009;0.004420000;0.361640000
CVE-2006-5008;0.034790000;0.887300000
CVE-2006-5007;0.003590000;0.273450000
CVE-2006-5006;0.004870000;0.397380000
CVE-2006-5005;0.004190000;0.339680000
CVE-2006-5004;0.003600000;0.275320000
CVE-2006-5003;0.004100000;0.329330000
CVE-2006-5002;0.017930000;0.776480000
CVE-2006-5001;0.319170000;0.982600000
CVE-2006-5000;0.646200000;0.992220000
CVE-2006-4997;0.048700000;0.917870000
CVE-2006-4996;0.024050000;0.834870000
CVE-2006-4995;0.018320000;0.781450000
CVE-2006-4994;0.003780000;0.294440000
CVE-2006-4993;0.039890000;0.902040000
CVE-2006-4992;0.088170000;0.950440000
CVE-2006-4991;0.002110000;0.102960000
CVE-2006-4990;0.042000000;0.906560000
CVE-2006-4989;0.028180000;0.860830000
CVE-2006-4988;0.016800000;0.761220000
CVE-2006-4987;0.025620000;0.845770000
CVE-2006-4986;0.014840000;0.730880000
CVE-2006-4985;0.016730000;0.760110000
CVE-2006-4984;0.016080000;0.750720000
CVE-2006-4983;0.013400000;0.703280000
CVE-2006-4982;0.003670000;0.282710000
CVE-2006-4981;0.003450000;0.257820000
CVE-2006-4980;0.055040000;0.925500000
CVE-2006-4979;0.027610000;0.857760000
CVE-2006-4978;0.017930000;0.776470000
CVE-2006-4977;0.030050000;0.869430000
CVE-2006-4976;0.014030000;0.716190000
CVE-2006-4975;0.012190000;0.676100000
CVE-2006-4974;0.041960000;0.906500000
CVE-2006-4973;0.018920000;0.788730000
CVE-2006-4972;0.012780000;0.689840000
CVE-2006-4971;0.013510000;0.705680000
CVE-2006-4970;0.027550000;0.857390000
CVE-2006-4969;0.120920000;0.960340000
CVE-2006-4968;0.097340000;0.953900000
CVE-2006-4967;0.015560000;0.743170000
CVE-2006-4966;0.032920000;0.881000000
CVE-2006-4965;0.131290000;0.962570000
CVE-2006-4964;0.014100000;0.717300000
CVE-2006-4963;0.070140000;0.939860000
CVE-2006-4962;0.032920000;0.881040000
CVE-2006-4961;0.011580000;0.659770000
CVE-2006-4960;0.021940000;0.818340000
CVE-2006-4959;0.016950000;0.763420000
CVE-2006-4958;0.030280000;0.870350000
CVE-2006-4957;0.011150000;0.648890000
CVE-2006-4956;0.047540000;0.916170000
CVE-2006-4955;0.080900000;0.946570000
CVE-2006-4954;0.079820000;0.945940000
CVE-2006-4953;0.037640000;0.895840000
CVE-2006-4952;0.079820000;0.945940000
CVE-2006-4951;0.026050000;0.848510000
CVE-2006-4950;0.058630000;0.929840000
CVE-2006-4949;0.011580000;0.659740000
CVE-2006-4948;0.549800000;0.990010000
CVE-2006-4947;0.012850000;0.691240000
CVE-2006-4946;0.026280000;0.849870000
CVE-2006-4945;0.026280000;0.849880000
CVE-2006-4944;0.024660000;0.839330000
CVE-2006-4943;0.012310000;0.679150000
CVE-2006-4942;0.008720000;0.574600000
CVE-2006-4941;0.009770000;0.608550000
CVE-2006-4940;0.012310000;0.679150000
CVE-2006-4939;0.010310000;0.624980000
CVE-2006-4938;0.009830000;0.610050000
CVE-2006-4937;0.009830000;0.610050000
CVE-2006-4936;0.014780000;0.729830000
CVE-2006-4935;0.014660000;0.727750000
CVE-2006-4927;0.017550000;0.771490000
CVE-2006-4926;0.012720000;0.688430000
CVE-2006-4925;0.151560000;0.966520000
CVE-2006-4924;0.375420000;0.984950000
CVE-2006-4923;0.043780000;0.909950000
CVE-2006-4922;0.069840000;0.939580000
CVE-2006-4921;0.069560000;0.939330000
CVE-2006-4920;0.112780000;0.958560000
CVE-2006-4919;0.025520000;0.845160000
CVE-2006-4918;0.078470000;0.945200000
CVE-2006-4917;0.043580000;0.909520000
CVE-2006-4916;0.023070000;0.827590000
CVE-2006-4915;0.040220000;0.902800000
CVE-2006-4914;0.024550000;0.838580000
CVE-2006-4913;0.097310000;0.953880000
CVE-2006-4912;0.062790000;0.933820000
CVE-2006-4911;0.042070000;0.906720000
CVE-2006-4910;0.035210000;0.888580000
CVE-2006-4909;0.019920000;0.799550000
CVE-2006-4908;0.021520000;0.815100000
CVE-2006-4907;0.020850000;0.809020000
CVE-2006-4906;0.023200000;0.828650000
CVE-2006-4905;0.025280000;0.843600000
CVE-2006-4904;0.069560000;0.939340000
CVE-2006-4902;0.042670000;0.907870000
CVE-2006-4901;0.109580000;0.957710000
CVE-2006-4900;0.083460000;0.948020000
CVE-2006-4899;0.104850000;0.956330000
CVE-2006-4898;0.062790000;0.933830000
CVE-2006-4897;0.080150000;0.946100000
CVE-2006-4895;0.025530000;0.845210000
CVE-2006-4894;0.040230000;0.902810000
CVE-2006-4893;0.031440000;0.874880000
CVE-2006-4892;0.025970000;0.848040000
CVE-2006-4891;0.025970000;0.848040000
CVE-2006-4890;0.083830000;0.948210000
CVE-2006-4889;0.164160000;0.968940000
CVE-2006-4888;0.170140000;0.969890000
CVE-2006-4887;0.004210000;0.342550000
CVE-2006-4886;0.003580000;0.273230000
CVE-2006-4885;0.069560000;0.939340000
CVE-2006-4884;0.029730000;0.867940000
CVE-2006-4883;0.020020000;0.800600000
CVE-2006-4882;0.025940000;0.847870000
CVE-2006-4881;0.048220000;0.917130000
CVE-2006-4880;0.022600000;0.823830000
CVE-2006-4879;0.019800000;0.798250000
CVE-2006-4878;0.059910000;0.931040000
CVE-2006-4877;0.085840000;0.949270000
CVE-2006-4876;0.022680000;0.824430000
CVE-2006-4875;0.067720000;0.937960000
CVE-2006-4874;0.034810000;0.887390000
CVE-2006-4873;0.020620000;0.806780000
CVE-2006-4872;0.025660000;0.846030000
CVE-2006-4871;0.025660000;0.846030000
CVE-2006-4870;0.098950000;0.954450000
CVE-2006-4869;0.066420000;0.936770000
CVE-2006-4868;0.614400000;0.991430000
CVE-2006-4867;0.023200000;0.828650000
CVE-2006-4866;0.009800000;0.609300000
CVE-2006-4865;0.049780000;0.919560000
CVE-2006-4864;0.029760000;0.868080000
CVE-2006-4863;0.028650000;0.863060000
CVE-2006-4862;0.015850000;0.747300000
CVE-2006-4861;0.015850000;0.747300000
CVE-2006-4860;0.030990000;0.873130000
CVE-2006-4859;0.073850000;0.942490000
CVE-2006-4858;0.068870000;0.938800000
CVE-2006-4857;0.024850000;0.840630000
CVE-2006-4856;0.024740000;0.839930000
CVE-2006-4855;0.013230000;0.699240000
CVE-2006-4853;0.036940000;0.893760000
CVE-2006-4852;0.051260000;0.921420000
CVE-2006-4851;0.022590000;0.823780000
CVE-2006-4850;0.077300000;0.944530000
CVE-2006-4849;0.081440000;0.946890000
CVE-2006-4848;0.064570000;0.935340000
CVE-2006-4847;0.852540000;0.997120000
CVE-2006-4846;0.037970000;0.896780000
CVE-2006-4845;0.074900000;0.943070000
CVE-2006-4844;0.104170000;0.956060000
CVE-2006-4843;0.013530000;0.706190000
CVE-2006-4842;0.076210000;0.943900000
CVE-2006-4839;0.030030000;0.869330000
CVE-2006-4838;0.040700000;0.903760000
CVE-2006-4837;0.028090000;0.860320000
CVE-2006-4836;0.021410000;0.814090000
CVE-2006-4835;0.020620000;0.806790000
CVE-2006-4834;0.078820000;0.945460000
CVE-2006-4833;0.030980000;0.873100000
CVE-2006-4832;0.114390000;0.958920000
CVE-2006-4831;0.021800000;0.817260000
CVE-2006-4830;0.037600000;0.895710000
CVE-2006-4829;0.088760000;0.950740000
CVE-2006-4828;0.065290000;0.935920000
CVE-2006-4827;0.066220000;0.936640000
CVE-2006-4826;0.095370000;0.953200000
CVE-2006-4825;0.040230000;0.902800000
CVE-2006-4824;0.078470000;0.945200000
CVE-2006-4823;0.086500000;0.949690000
CVE-2006-4822;0.019560000;0.795850000
CVE-2006-4821;0.018040000;0.777910000
CVE-2006-4820;0.004840000;0.395070000
CVE-2006-4819;0.049240000;0.918670000
CVE-2006-4814;0.010410000;0.627970000
CVE-2006-4813;0.004140000;0.334780000
CVE-2006-4812;0.203760000;0.974210000
CVE-2006-4811;0.045190000;0.912400000
CVE-2006-4810;0.005400000;0.434710000
CVE-2006-4809;0.042040000;0.906660000
CVE-2006-4808;0.042040000;0.906670000
CVE-2006-4807;0.020740000;0.807980000
CVE-2006-4806;0.043990000;0.910240000
CVE-2006-4805;0.045100000;0.912280000
CVE-2006-4803;0.005080000;0.412850000
CVE-2006-4802;0.004510000;0.369900000
CVE-2006-4801;0.003710000;0.286870000
CVE-2006-4800;0.052050000;0.922390000
CVE-2006-4799;0.028100000;0.860380000
CVE-2006-4798;0.012960000;0.693850000
CVE-2006-4797;0.011580000;0.659760000
CVE-2006-4796;0.024560000;0.838700000
CVE-2006-4795;0.003240000;0.232590000
CVE-2006-4794;0.048750000;0.917960000
CVE-2006-4793;0.012610000;0.686080000
CVE-2006-4790;0.025090000;0.842180000
CVE-2006-4789;0.009730000;0.607290000
CVE-2006-4788;0.076680000;0.944160000
CVE-2006-4787;0.003360000;0.247660000
CVE-2006-4786;0.013960000;0.714730000
CVE-2006-4785;0.029910000;0.868740000
CVE-2006-4784;0.011840000;0.667230000
CVE-2006-4783;0.011600000;0.660060000
CVE-2006-4782;0.031840000;0.876480000
CVE-2006-4781;0.057290000;0.928190000
CVE-2006-4780;0.086610000;0.949730000
CVE-2006-4779;0.029470000;0.866970000
CVE-2006-4778;0.011920000;0.669340000
CVE-2006-4777;0.797810000;0.996010000
CVE-2006-4776;0.078170000;0.945020000
CVE-2006-4775;0.050470000;0.920490000
CVE-2006-4774;0.050470000;0.920490000
CVE-2006-4773;0.015660000;0.744510000
CVE-2006-4772;0.011620000;0.660860000
CVE-2006-4771;0.016720000;0.760030000
CVE-2006-4770;0.024900000;0.840950000
CVE-2006-4769;0.027710000;0.858300000
CVE-2006-4768;0.013290000;0.700580000
CVE-2006-4767;0.015720000;0.745470000
CVE-2006-4766;0.030210000;0.870040000
CVE-2006-4765;0.013410000;0.703530000
CVE-2006-4764;0.027550000;0.857400000
CVE-2006-4763;0.018340000;0.781840000
CVE-2006-4762;0.012030000;0.672010000
CVE-2006-4761;0.012030000;0.672020000
CVE-2006-4760;0.013250000;0.699620000
CVE-2006-4759;0.022540000;0.823440000
CVE-2006-4758;0.016390000;0.755310000
CVE-2006-4757;0.009010000;0.583120000
CVE-2006-4756;0.010930000;0.642690000
CVE-2006-4755;0.009230000;0.590110000
CVE-2006-4754;0.022290000;0.821510000
CVE-2006-4753;0.034740000;0.887180000
CVE-2006-4752;0.016360000;0.754890000
CVE-2006-4751;0.021610000;0.815780000
CVE-2006-4750;0.030240000;0.870150000
CVE-2006-4749;0.021320000;0.813350000
CVE-2006-4748;0.026340000;0.850330000
CVE-2006-4747;0.017030000;0.764440000
CVE-2006-4746;0.026350000;0.850370000
CVE-2006-4745;0.004330000;0.354220000
CVE-2006-4744;0.014410000;0.723030000
CVE-2006-4743;0.024760000;0.840050000
CVE-2006-4742;0.016720000;0.760030000
CVE-2006-4741;0.042120000;0.906830000
CVE-2006-4740;0.013660000;0.708770000
CVE-2006-4739;0.011520000;0.658450000
CVE-2006-4738;0.014800000;0.730260000
CVE-2006-4737;0.011920000;0.669320000
CVE-2006-4736;0.013120000;0.696820000
CVE-2006-4735;0.013880000;0.713380000
CVE-2006-4734;0.014350000;0.721930000
CVE-2006-4733;0.031700000;0.875950000
CVE-2006-4732;0.067940000;0.938090000
CVE-2006-4731;0.060890000;0.932070000
CVE-2006-4727;0.010620000;0.634030000
CVE-2006-4726;0.017920000;0.776340000
CVE-2006-4725;0.006450000;0.491300000
CVE-2006-4724;0.024760000;0.840060000
CVE-2006-4723;0.026280000;0.849880000
CVE-2006-4722;0.028350000;0.861630000
CVE-2006-4721;0.026510000;0.851240000
CVE-2006-4720;0.035410000;0.889150000
CVE-2006-4719;0.030240000;0.870150000
CVE-2006-4718;0.012850000;0.691260000
CVE-2006-4717;0.016090000;0.750860000
CVE-2006-4716;0.024900000;0.840930000
CVE-2006-4715;0.025650000;0.845960000
CVE-2006-4714;0.033980000;0.884620000
CVE-2006-4713;0.032730000;0.880240000
CVE-2006-4712;0.022010000;0.819080000
CVE-2006-4711;0.012230000;0.677300000
CVE-2006-4710;0.017280000;0.767690000
CVE-2006-4709;0.010400000;0.627890000
CVE-2006-4708;0.019310000;0.793070000
CVE-2006-4707;0.015720000;0.745450000
CVE-2006-4706;0.024100000;0.835250000
CVE-2006-4705;0.012490000;0.683470000
CVE-2006-4704;0.455950000;0.987590000
CVE-2006-4702;0.275670000;0.980260000
CVE-2006-4697;0.313220000;0.982310000
CVE-2006-4696;0.433090000;0.986940000
CVE-2006-4695;0.401400000;0.985980000
CVE-2006-4694;0.132090000;0.962690000
CVE-2006-4693;0.225290000;0.976500000
CVE-2006-4692;0.297260000;0.981500000
CVE-2006-4691;0.789440000;0.995850000
CVE-2006-4689;0.346740000;0.983820000
CVE-2006-4688;0.750220000;0.994960000
CVE-2006-4687;0.253890000;0.978910000
CVE-2006-4686;0.303380000;0.981840000
CVE-2006-4685;0.207010000;0.974680000
CVE-2006-4684;0.024050000;0.834910000
CVE-2006-4683;0.013660000;0.708780000
CVE-2006-4682;0.015660000;0.744510000
CVE-2006-4681;0.035910000;0.890790000
CVE-2006-4680;0.010520000;0.631460000
CVE-2006-4679;0.016600000;0.758470000
CVE-2006-4678;0.024690000;0.839570000
CVE-2006-4677;0.015540000;0.742810000
CVE-2006-4676;0.007340000;0.528120000
CVE-2006-4675;0.018840000;0.787670000
CVE-2006-4674;0.019450000;0.794810000
CVE-2006-4673;0.011490000;0.657450000
CVE-2006-4672;0.032590000;0.879770000
CVE-2006-4671;0.027480000;0.856910000
CVE-2006-4670;0.102820000;0.955660000
CVE-2006-4669;0.030500000;0.871210000
CVE-2006-4668;0.020350000;0.804070000
CVE-2006-4667;0.025180000;0.842960000
CVE-2006-4666;0.044420000;0.911100000
CVE-2006-4665;0.011580000;0.659740000
CVE-2006-4664;0.033580000;0.883320000
CVE-2006-4663;0.003300000;0.238580000
CVE-2006-4662;0.061720000;0.932850000
CVE-2006-4661;0.013320000;0.701310000
CVE-2006-4660;0.013170000;0.697970000
CVE-2006-4659;0.020520000;0.805730000
CVE-2006-4658;0.020670000;0.807290000
CVE-2006-4657;0.003720000;0.287930000
CVE-2006-4656;0.109450000;0.957680000
CVE-2006-4655;0.009000000;0.582890000
CVE-2006-4654;0.021210000;0.812310000
CVE-2006-4653;0.015040000;0.734420000
CVE-2006-4652;0.015240000;0.737610000
CVE-2006-4651;0.017310000;0.768170000
CVE-2006-4650;0.031730000;0.876070000
CVE-2006-4649;0.024450000;0.837850000
CVE-2006-4648;0.033610000;0.883400000
CVE-2006-4647;0.031880000;0.876560000
CVE-2006-4646;0.012850000;0.691250000
CVE-2006-4645;0.032920000;0.881020000
CVE-2006-4644;0.027710000;0.858300000
CVE-2006-4643;0.011020000;0.645440000
CVE-2006-4642;0.003930000;0.311180000
CVE-2006-4641;0.011320000;0.652900000
CVE-2006-4640;0.105020000;0.956360000
CVE-2006-4639;0.013980000;0.715230000
CVE-2006-4638;0.030240000;0.870140000
CVE-2006-4637;0.030120000;0.869680000
CVE-2006-4636;0.026320000;0.850240000
CVE-2006-4635;0.013360000;0.702170000
CVE-2006-4634;0.016800000;0.761220000
CVE-2006-4633;0.034800000;0.887350000
CVE-2006-4632;0.040250000;0.902840000
CVE-2006-4631;0.030230000;0.870120000
CVE-2006-4630;0.033900000;0.884320000
CVE-2006-4629;0.033900000;0.884310000
CVE-2006-4628;0.011580000;0.659750000
CVE-2006-4627;0.141190000;0.964710000
CVE-2006-4626;0.046970000;0.915310000
CVE-2006-4625;0.011870000;0.668200000
CVE-2006-4624;0.029260000;0.866010000
CVE-2006-4623;0.042620000;0.907720000
CVE-2006-4622;0.033670000;0.883620000
CVE-2006-4621;0.012640000;0.686900000
CVE-2006-4620;0.011930000;0.669560000
CVE-2006-4619;0.003320000;0.241670000
CVE-2006-4618;0.016970000;0.763620000
CVE-2006-4617;0.012960000;0.693800000
CVE-2006-4616;0.034710000;0.887030000
CVE-2006-4615;0.004250000;0.345320000
CVE-2006-4614;0.003350000;0.245870000
CVE-2006-4613;0.018150000;0.779350000
CVE-2006-4612;0.012640000;0.686870000
CVE-2006-4611;0.078400000;0.945150000
CVE-2006-4610;0.041390000;0.905370000
CVE-2006-4609;0.029680000;0.867750000
CVE-2006-4608;0.048760000;0.917960000
CVE-2006-4607;0.035090000;0.888250000
CVE-2006-4606;0.025230000;0.843260000
CVE-2006-4605;0.038430000;0.898130000
CVE-2006-4604;0.024900000;0.840940000
CVE-2006-4603;0.019710000;0.797230000
CVE-2006-4602;0.437170000;0.987070000
CVE-2006-4601;0.012680000;0.687710000
CVE-2006-4600;0.027380000;0.856390000
CVE-2006-4599;0.011150000;0.648900000
CVE-2006-4598;0.014040000;0.716280000
CVE-2006-4597;0.011580000;0.659770000
CVE-2006-4596;0.031840000;0.876450000
CVE-2006-4595;0.014840000;0.730890000
CVE-2006-4594;0.024900000;0.840960000
CVE-2006-4593;0.019170000;0.791550000
CVE-2006-4592;0.012280000;0.678390000
CVE-2006-4591;0.025340000;0.843970000
CVE-2006-4590;0.012750000;0.689290000
CVE-2006-4589;0.031880000;0.876570000
CVE-2006-4588;0.017410000;0.769480000
CVE-2006-4587;0.014140000;0.718110000
CVE-2006-4586;0.031960000;0.876900000
CVE-2006-4585;0.024270000;0.836620000
CVE-2006-4584;0.046940000;0.915240000
CVE-2006-4583;0.037280000;0.894790000
CVE-2006-4582;0.013450000;0.704330000
CVE-2006-4581;0.012940000;0.693290000
CVE-2006-4580;0.014800000;0.730150000
CVE-2006-4579;0.018040000;0.777870000
CVE-2006-4578;0.014840000;0.731000000
CVE-2006-4577;0.016380000;0.755230000
CVE-2006-4576;0.013750000;0.710760000
CVE-2006-4575;0.021970000;0.818780000
CVE-2006-4574;0.044190000;0.910590000
CVE-2006-4573;0.022860000;0.825870000
CVE-2006-4572;0.036970000;0.893820000
CVE-2006-4571;0.057770000;0.928710000
CVE-2006-4570;0.023920000;0.833990000
CVE-2006-4569;0.022630000;0.824090000
CVE-2006-4568;0.022990000;0.827060000
CVE-2006-4567;0.019030000;0.789940000
CVE-2006-4566;0.040040000;0.902410000
CVE-2006-4565;0.060590000;0.931740000
CVE-2006-4564;0.010710000;0.637010000
CVE-2006-4563;0.020900000;0.809550000
CVE-2006-4562;0.014360000;0.722150000
CVE-2006-4561;0.015010000;0.734060000
CVE-2006-4560;0.187160000;0.971960000
CVE-2006-4559;0.074200000;0.942700000
CVE-2006-4558;0.041720000;0.905970000
CVE-2006-4557;0.014800000;0.730260000
CVE-2006-4556;0.014640000;0.727400000
CVE-2006-4555;0.043580000;0.909510000
CVE-2006-4554;0.039320000;0.900620000
CVE-2006-4553;0.049010000;0.918340000
CVE-2006-4552;0.012710000;0.688270000
CVE-2006-4551;0.015070000;0.735000000
CVE-2006-4550;0.016780000;0.760870000
CVE-2006-4549;0.013510000;0.705670000
CVE-2006-4548;0.016820000;0.761660000
CVE-2006-4547;0.010130000;0.619860000
CVE-2006-4546;0.013670000;0.709040000
CVE-2006-4545;0.027550000;0.857380000
CVE-2006-4544;0.017800000;0.774850000
CVE-2006-4543;0.019190000;0.791810000
CVE-2006-4542;0.032160000;0.877820000
CVE-2006-4541;0.007330000;0.527520000
CVE-2006-4540;0.021990000;0.818990000
CVE-2006-4539;0.018010000;0.777530000
CVE-2006-4538;0.004230000;0.343480000
CVE-2006-4537;0.006240000;0.480850000
CVE-2006-4536;0.011360000;0.653930000
CVE-2006-4535;0.004470000;0.366930000
CVE-2006-4534;0.344950000;0.983750000
CVE-2006-4533;0.043320000;0.908990000
CVE-2006-4532;0.075930000;0.943700000
CVE-2006-4531;0.043280000;0.908920000
CVE-2006-4530;0.017090000;0.765410000
CVE-2006-4529;0.020990000;0.810400000
CVE-2006-4528;0.013420000;0.703760000
CVE-2006-4527;0.015590000;0.743530000
CVE-2006-4526;0.012140000;0.675030000
CVE-2006-4525;0.035210000;0.888580000
CVE-2006-4524;0.012880000;0.691840000
CVE-2006-4523;0.037800000;0.896280000
CVE-2006-4522;0.003970000;0.316210000
CVE-2006-4521;0.017700000;0.773680000
CVE-2006-4520;0.029290000;0.866160000
CVE-2006-4519;0.055970000;0.926700000
CVE-2006-4518;0.017750000;0.774270000
CVE-2006-4517;0.032410000;0.878810000
CVE-2006-4516;0.008120000;0.554990000
CVE-2006-4514;0.041720000;0.905980000
CVE-2006-4513;0.036610000;0.892850000
CVE-2006-4511;0.029880000;0.868610000
CVE-2006-4510;0.064900000;0.935610000
CVE-2006-4509;0.074580000;0.942880000
CVE-2006-4508;0.022650000;0.824240000
CVE-2006-4507;0.003800000;0.296690000
CVE-2006-4506;0.005220000;0.422390000
CVE-2006-4505;0.029430000;0.866730000
CVE-2006-4504;0.012360000;0.680350000
CVE-2006-4503;0.018120000;0.779050000
CVE-2006-4502;0.018360000;0.782000000
CVE-2006-4501;0.012930000;0.693110000
CVE-2006-4500;0.011800000;0.666360000
CVE-2006-4499;0.006970000;0.513890000
CVE-2006-4498;0.030030000;0.869330000
CVE-2006-4497;0.011300000;0.652440000
CVE-2006-4496;0.011670000;0.662370000
CVE-2006-4495;0.207060000;0.974680000
CVE-2006-4494;0.221090000;0.976060000
CVE-2006-4493;0.003360000;0.247650000
CVE-2006-4492;0.013770000;0.711040000
CVE-2006-4491;0.015820000;0.746800000
CVE-2006-4490;0.034690000;0.886950000
CVE-2006-4489;0.156980000;0.967650000
CVE-2006-4488;0.031810000;0.876340000
CVE-2006-4487;0.016570000;0.757860000
CVE-2006-4486;0.023600000;0.831820000
CVE-2006-4485;0.024560000;0.838710000
CVE-2006-4484;0.086760000;0.949810000
CVE-2006-4483;0.029140000;0.865430000
CVE-2006-4482;0.061470000;0.932570000
CVE-2006-4481;0.014040000;0.716310000
CVE-2006-4480;0.012780000;0.689750000
CVE-2006-4479;0.020840000;0.808910000
CVE-2006-4478;0.018160000;0.779500000
CVE-2006-4477;0.081290000;0.946820000
CVE-2006-4476;0.013780000;0.711440000
CVE-2006-4475;0.013300000;0.700690000
CVE-2006-4474;0.013090000;0.696310000
CVE-2006-4473;0.011340000;0.653330000
CVE-2006-4472;0.029670000;0.867700000
CVE-2006-4471;0.024170000;0.835850000
CVE-2006-4470;0.033720000;0.883740000
CVE-2006-4469;0.043020000;0.908470000
CVE-2006-4468;0.020120000;0.801890000
CVE-2006-4467;0.018500000;0.783710000
CVE-2006-4466;0.010440000;0.628890000
CVE-2006-4465;0.094330000;0.952800000
CVE-2006-4464;0.029760000;0.868080000
CVE-2006-4463;0.013810000;0.711780000
CVE-2006-4462;0.016790000;0.761060000
CVE-2006-4461;0.014260000;0.720270000
CVE-2006-4460;0.011800000;0.666320000
CVE-2006-4459;0.012400000;0.681200000
CVE-2006-4458;0.033350000;0.882510000
CVE-2006-4457;0.012880000;0.691850000
CVE-2006-4456;0.033540000;0.883150000
CVE-2006-4455;0.050970000;0.921100000
CVE-2006-4454;0.016960000;0.763500000
CVE-2006-4453;0.011800000;0.666300000
CVE-2006-4452;0.032480000;0.879070000
CVE-2006-4451;0.015530000;0.742600000
CVE-2006-4450;0.041960000;0.906500000
CVE-2006-4449;0.023000000;0.827130000
CVE-2006-4448;0.026620000;0.852040000
CVE-2006-4447;0.004470000;0.366560000
CVE-2006-4446;0.622380000;0.991610000
CVE-2006-4445;0.018380000;0.782230000
CVE-2006-4444;0.030810000;0.872510000
CVE-2006-4443;0.025980000;0.848150000
CVE-2006-4442;0.013090000;0.696290000
CVE-2006-4441;0.026100000;0.848850000
CVE-2006-4440;0.082950000;0.947670000
CVE-2006-4439;0.003820000;0.298860000
CVE-2006-4438;0.105040000;0.956370000
CVE-2006-4437;0.084840000;0.948780000
CVE-2006-4436;0.018320000;0.781520000
CVE-2006-4435;0.003390000;0.250850000
CVE-2006-4434;0.045480000;0.913010000
CVE-2006-4433;0.018250000;0.780670000
CVE-2006-4432;0.020860000;0.809090000
CVE-2006-4431;0.046190000;0.914180000
CVE-2006-4430;0.019520000;0.795510000
CVE-2006-4429;0.016210000;0.752540000
CVE-2006-4428;0.044200000;0.910600000
CVE-2006-4427;0.030360000;0.870600000
CVE-2006-4426;0.030810000;0.872460000
CVE-2006-4425;0.042510000;0.907550000
CVE-2006-4424;0.076290000;0.943950000
CVE-2006-4423;0.031510000;0.875160000
CVE-2006-4422;0.073230000;0.942090000
CVE-2006-4421;0.017080000;0.765200000
CVE-2006-4420;0.026140000;0.849040000
CVE-2006-4419;0.011680000;0.662400000
CVE-2006-4418;0.026710000;0.852600000
CVE-2006-4417;0.017240000;0.767270000
CVE-2006-4416;0.004150000;0.334940000
CVE-2006-4413;0.003260000;0.234300000
CVE-2006-4412;0.054460000;0.924890000
CVE-2006-4411;0.003570000;0.271110000
CVE-2006-4410;0.016100000;0.750920000
CVE-2006-4409;0.015490000;0.742070000
CVE-2006-4408;0.017910000;0.776210000
CVE-2006-4407;0.017370000;0.768990000
CVE-2006-4406;0.076490000;0.944040000
CVE-2006-4404;0.021950000;0.818650000
CVE-2006-4403;0.036070000;0.891240000
CVE-2006-4402;0.062790000;0.933830000
CVE-2006-4401;0.023260000;0.829170000
CVE-2006-4400;0.046040000;0.913940000
CVE-2006-4399;0.009780000;0.608700000
CVE-2006-4398;0.010190000;0.621160000
CVE-2006-4397;0.003490000;0.262450000
CVE-2006-4396;0.008980000;0.582160000
CVE-2006-4395;0.028910000;0.864320000
CVE-2006-4394;0.034700000;0.887010000
CVE-2006-4393;0.003030000;0.209570000
CVE-2006-4392;0.015800000;0.746600000
CVE-2006-4391;0.063260000;0.934230000
CVE-2006-4390;0.007380000;0.529330000
CVE-2006-4389;0.076990000;0.944320000
CVE-2006-4388;0.058680000;0.929880000
CVE-2006-4387;0.003490000;0.262450000
CVE-2006-4386;0.062130000;0.933240000
CVE-2006-4385;0.066550000;0.936870000
CVE-2006-4384;0.161550000;0.968430000
CVE-2006-4382;0.070450000;0.940090000
CVE-2006-4381;0.045650000;0.913280000
CVE-2006-4380;0.004750000;0.389080000
CVE-2006-4379;0.611270000;0.991370000
CVE-2006-4378;0.025760000;0.846670000
CVE-2006-4377;0.012010000;0.671530000
CVE-2006-4376;0.012880000;0.691950000
CVE-2006-4375;0.015080000;0.735290000
CVE-2006-4374;0.026960000;0.854100000
CVE-2006-4373;0.033350000;0.882500000
CVE-2006-4372;0.022610000;0.823880000
CVE-2006-4371;0.026580000;0.851780000
CVE-2006-4370;0.018060000;0.778200000
CVE-2006-4369;0.028190000;0.860840000
CVE-2006-4368;0.032970000;0.881200000
CVE-2006-4367;0.011300000;0.652430000
CVE-2006-4366;0.025210000;0.843130000
CVE-2006-4365;0.036070000;0.891250000
CVE-2006-4364;0.572740000;0.990510000
CVE-2006-4363;0.028070000;0.860240000
CVE-2006-4362;0.019480000;0.795130000
CVE-2006-4361;0.012990000;0.694460000
CVE-2006-4360;0.009620000;0.602880000
CVE-2006-4359;0.050110000;0.919950000
CVE-2006-4358;0.019300000;0.792980000
CVE-2006-4357;0.025980000;0.848140000
CVE-2006-4356;0.012140000;0.675020000
CVE-2006-4355;0.011740000;0.664260000
CVE-2006-4354;0.032480000;0.879070000
CVE-2006-4353;0.024330000;0.837060000
CVE-2006-4352;0.012760000;0.689360000
CVE-2006-4351;0.011510000;0.658230000
CVE-2006-4350;0.012010000;0.671510000
CVE-2006-4349;0.028880000;0.864160000
CVE-2006-4348;0.032300000;0.878340000
CVE-2006-4347;0.014620000;0.727040000
CVE-2006-4346;0.066890000;0.937130000
CVE-2006-4345;0.077260000;0.944500000
CVE-2006-4344;0.014910000;0.732200000
CVE-2006-4343;0.190680000;0.972400000
CVE-2006-4342;0.003900000;0.308330000
CVE-2006-4340;0.022800000;0.825450000
CVE-2006-4339;0.050880000;0.921000000
CVE-2006-4338;0.038320000;0.897790000
CVE-2006-4337;0.059900000;0.931000000
CVE-2006-4336;0.058510000;0.929690000
CVE-2006-4335;0.058170000;0.929290000
CVE-2006-4334;0.041380000;0.905360000
CVE-2006-4333;0.040120000;0.902580000
CVE-2006-4332;0.044710000;0.911610000
CVE-2006-4331;0.044710000;0.911610000
CVE-2006-4330;0.036110000;0.891350000
CVE-2006-4329;0.079930000;0.946000000
CVE-2006-4328;0.012880000;0.691880000
CVE-2006-4327;0.015860000;0.747400000
CVE-2006-4326;0.045640000;0.913260000
CVE-2006-4325;0.016380000;0.755170000
CVE-2006-4324;0.015860000;0.747410000
CVE-2006-4323;0.014320000;0.721450000
CVE-2006-4322;0.025820000;0.847000000
CVE-2006-4321;0.032480000;0.879060000
CVE-2006-4320;0.015080000;0.735300000
CVE-2006-4319;0.004800000;0.392570000
CVE-2006-4318;0.621470000;0.991590000
CVE-2006-4317;0.014320000;0.721460000
CVE-2006-4316;0.003470000;0.260320000
CVE-2006-4315;0.003410000;0.253420000
CVE-2006-4314;0.029060000;0.865070000
CVE-2006-4313;0.120330000;0.960220000
CVE-2006-4312;0.003220000;0.230260000
CVE-2006-4311;0.032380000;0.878660000
CVE-2006-4310;0.061460000;0.932570000
CVE-2006-4309;0.024770000;0.840110000
CVE-2006-4308;0.020420000;0.804820000
CVE-2006-4307;0.003470000;0.260320000
CVE-2006-4306;0.004350000;0.355350000
CVE-2006-4305;0.717480000;0.994090000
CVE-2006-4304;0.119140000;0.959960000
CVE-2006-4303;0.013360000;0.702320000
CVE-2006-4302;0.040310000;0.902960000
CVE-2006-4301;0.390510000;0.985540000
CVE-2006-4300;0.017070000;0.765100000
CVE-2006-4299;0.013720000;0.709980000
CVE-2006-4298;0.017730000;0.774040000
CVE-2006-4297;0.014940000;0.732630000
CVE-2006-4296;0.034540000;0.886470000
CVE-2006-4295;0.017680000;0.773180000
CVE-2006-4294;0.038490000;0.898250000
CVE-2006-4293;0.021340000;0.813530000
CVE-2006-4292;0.016310000;0.754070000
CVE-2006-4291;0.030810000;0.872450000
CVE-2006-4290;0.018120000;0.779050000
CVE-2006-4289;0.060570000;0.931730000
CVE-2006-4288;0.058140000;0.929250000
CVE-2006-4287;0.164080000;0.968930000
CVE-2006-4286;0.015080000;0.735300000
CVE-2006-4285;0.032000000;0.877110000
CVE-2006-4284;0.018650000;0.785600000
CVE-2006-4283;0.015080000;0.735310000
CVE-2006-4282;0.032300000;0.878340000
CVE-2006-4281;0.016310000;0.754080000
CVE-2006-4280;0.015080000;0.735300000
CVE-2006-4279;0.018270000;0.780920000
CVE-2006-4278;0.035260000;0.888740000
CVE-2006-4277;0.032450000;0.878910000
CVE-2006-4276;0.032480000;0.879050000
CVE-2006-4275;0.015080000;0.735290000
CVE-2006-4273;0.021500000;0.814860000
CVE-2006-4272;0.015360000;0.739680000
CVE-2006-4271;0.021060000;0.810960000
CVE-2006-4270;0.030300000;0.870420000
CVE-2006-4269;0.027970000;0.859740000
CVE-2006-4268;0.022210000;0.820810000
CVE-2006-4267;0.036380000;0.892140000
CVE-2006-4266;0.003510000;0.264900000
CVE-2006-4265;0.011840000;0.667210000
CVE-2006-4264;0.018210000;0.780080000
CVE-2006-4263;0.038240000;0.897560000
CVE-2006-4262;0.039530000;0.901130000
CVE-2006-4260;0.018120000;0.779050000
CVE-2006-4259;0.016160000;0.751890000
CVE-2006-4258;0.011120000;0.648040000
CVE-2006-4257;0.021660000;0.816160000
CVE-2006-4256;0.017590000;0.771920000
CVE-2006-4255;0.017130000;0.765870000
CVE-2006-4254;0.078990000;0.945530000
CVE-2006-4253;0.151850000;0.966570000
CVE-2006-4252;0.059500000;0.930610000
CVE-2006-4251;0.084990000;0.948860000
CVE-2006-4250;0.013270000;0.700080000
CVE-2006-4249;0.010130000;0.619880000
CVE-2006-4248;0.003790000;0.295270000
CVE-2006-4247;0.010120000;0.619510000
CVE-2006-4246;0.008840000;0.578140000
CVE-2006-4245;0.009200000;0.589300000
CVE-2006-4244;0.018500000;0.783790000
CVE-2006-4243;0.018140000;0.779200000
CVE-2006-4242;0.034210000;0.885250000
CVE-2006-4241;0.025980000;0.848130000
CVE-2006-4240;0.032480000;0.879060000
CVE-2006-4239;0.028240000;0.861080000
CVE-2006-4238;0.011300000;0.652420000
CVE-2006-4237;0.025370000;0.844180000
CVE-2006-4236;0.156120000;0.967460000
CVE-2006-4235;0.049540000;0.919170000
CVE-2006-4234;0.063960000;0.934720000
CVE-2006-4233;0.002730000;0.179150000
CVE-2006-4232;0.003430000;0.255510000
CVE-2006-4231;0.013360000;0.702330000
CVE-2006-4230;0.025980000;0.848140000
CVE-2006-4229;0.018380000;0.782230000
CVE-2006-4228;0.029450000;0.866850000
CVE-2006-4227;0.135700000;0.963540000
CVE-2006-4226;0.030670000;0.871890000
CVE-2006-4224;0.011670000;0.662360000
CVE-2006-4223;0.013870000;0.712960000
CVE-2006-4222;0.015540000;0.742870000
CVE-2006-4221;0.088530000;0.950630000
CVE-2006-4220;0.019300000;0.793000000
CVE-2006-4219;0.215120000;0.975540000
CVE-2006-4218;0.017830000;0.775240000
CVE-2006-4217;0.021730000;0.816660000
CVE-2006-4215;0.028950000;0.864590000
CVE-2006-4214;0.026840000;0.853370000
CVE-2006-4213;0.026850000;0.853400000
CVE-2006-4212;0.013370000;0.702520000
CVE-2006-4211;0.012990000;0.694430000
CVE-2006-4210;0.020880000;0.809360000
CVE-2006-4209;0.034540000;0.886480000
CVE-2006-4208;0.120550000;0.960270000
CVE-2006-4207;0.032300000;0.878340000
CVE-2006-4206;0.025620000;0.845780000
CVE-2006-4205;0.025370000;0.844190000
CVE-2006-4204;0.081300000;0.946840000
CVE-2006-4203;0.030980000;0.873120000
CVE-2006-4202;0.013070000;0.695820000
CVE-2006-4201;0.100910000;0.955090000
CVE-2006-4200;0.016400000;0.755440000
CVE-2006-4199;0.013090000;0.696290000
CVE-2006-4198;0.057660000;0.928590000
CVE-2006-4197;0.147180000;0.965800000
CVE-2006-4196;0.098610000;0.954350000
CVE-2006-4195;0.058140000;0.929250000
CVE-2006-4194;0.022660000;0.824300000
CVE-2006-4193;0.474770000;0.988110000
CVE-2006-4192;0.089980000;0.951290000
CVE-2006-4191;0.099010000;0.954460000
CVE-2006-4190;0.008460000;0.565970000
CVE-2006-4189;0.063440000;0.934390000
CVE-2006-4188;0.044690000;0.911580000
CVE-2006-4187;0.004460000;0.366090000
CVE-2006-4186;0.005780000;0.456320000
CVE-2006-4185;0.003520000;0.266190000
CVE-2006-4184;0.003810000;0.297350000
CVE-2006-4183;0.081630000;0.947010000
CVE-2006-4182;0.213980000;0.975430000
CVE-2006-4181;0.050350000;0.920210000
CVE-2006-4178;0.007900000;0.547190000
CVE-2006-4177;0.038440000;0.898140000
CVE-2006-4175;0.034320000;0.885680000
CVE-2006-4172;0.004090000;0.328060000
CVE-2006-4169;0.016170000;0.751950000
CVE-2006-4168;0.043010000;0.908460000
CVE-2006-4166;0.036580000;0.892770000
CVE-2006-4165;0.013090000;0.696310000
CVE-2006-4164;0.027840000;0.859190000
CVE-2006-4163;0.041640000;0.905830000
CVE-2006-4162;0.012950000;0.693380000
CVE-2006-4161;0.034320000;0.885720000
CVE-2006-4160;0.089100000;0.950920000
CVE-2006-4159;0.149660000;0.966200000
CVE-2006-4158;0.030810000;0.872460000
CVE-2006-4157;0.019530000;0.795620000
CVE-2006-4156;0.025440000;0.844620000
CVE-2006-4155;0.014740000;0.729210000
CVE-2006-4154;0.164160000;0.968940000
CVE-2006-4146;0.034930000;0.887760000
CVE-2006-4145;0.004470000;0.366920000
CVE-2006-4144;0.110300000;0.957910000
CVE-2006-4143;0.018490000;0.783660000
CVE-2006-4142;0.012850000;0.691220000
CVE-2006-4141;0.012010000;0.671530000
CVE-2006-4140;0.043820000;0.910020000
CVE-2006-4139;0.013940000;0.714290000
CVE-2006-4138;0.200990000;0.973840000
CVE-2006-4137;0.013550000;0.706620000
CVE-2006-4136;0.015120000;0.735780000
CVE-2006-4135;0.019420000;0.794500000
CVE-2006-4134;0.046650000;0.914840000
CVE-2006-4133;0.063990000;0.934730000
CVE-2006-4132;0.023970000;0.834360000
CVE-2006-4131;0.088890000;0.950810000
CVE-2006-4130;0.032410000;0.878740000
CVE-2006-4129;0.033540000;0.883160000
CVE-2006-4128;0.057970000;0.929010000
CVE-2006-4127;0.022360000;0.822110000
CVE-2006-4126;0.089990000;0.951300000
CVE-2006-4125;0.079850000;0.945960000
CVE-2006-4124;0.004510000;0.369540000
CVE-2006-4123;0.025370000;0.844170000
CVE-2006-4122;0.031740000;0.876080000
CVE-2006-4121;0.026780000;0.853080000
CVE-2006-4120;0.014340000;0.721710000
CVE-2006-4119;0.009520000;0.599630000
CVE-2006-4118;0.012410000;0.681490000
CVE-2006-4117;0.015660000;0.744500000
CVE-2006-4116;0.035940000;0.890860000
CVE-2006-4115;0.026870000;0.853590000
CVE-2006-4114;0.022550000;0.823450000
CVE-2006-4113;0.030810000;0.872450000
CVE-2006-4112;0.031210000;0.874020000
CVE-2006-4111;0.023340000;0.829860000
CVE-2006-4110;0.399710000;0.985900000
CVE-2006-4109;0.011800000;0.666320000
CVE-2006-4108;0.012140000;0.675040000
CVE-2006-4107;0.012140000;0.675040000
CVE-2006-4106;0.011800000;0.666340000
CVE-2006-4105;0.011800000;0.666330000
CVE-2006-4104;0.012990000;0.694420000
CVE-2006-4103;0.036070000;0.891250000
CVE-2006-4102;0.026850000;0.853400000
CVE-2006-4099;0.017270000;0.767640000
CVE-2006-4098;0.128090000;0.961810000
CVE-2006-4097;0.042540000;0.907610000
CVE-2006-4096;0.084330000;0.948460000
CVE-2006-4095;0.117560000;0.959590000
CVE-2006-4093;0.004720000;0.386880000
CVE-2006-4092;0.003810000;0.297600000
CVE-2006-4091;0.011800000;0.666360000
CVE-2006-4090;0.013420000;0.703730000
CVE-2006-4089;0.112850000;0.958570000
CVE-2006-4088;0.011800000;0.666280000
CVE-2006-4087;0.011670000;0.662360000
CVE-2006-4086;0.009400000;0.595950000
CVE-2006-4085;0.021730000;0.816660000
CVE-2006-4084;0.014260000;0.720280000
CVE-2006-4083;0.014920000;0.732320000
CVE-2006-4082;0.003650000;0.280150000
CVE-2006-4081;0.042930000;0.908290000
CVE-2006-4080;0.009870000;0.611480000
CVE-2006-4079;0.013090000;0.696310000
CVE-2006-4078;0.018640000;0.785460000
CVE-2006-4077;0.032450000;0.878900000
CVE-2006-4076;0.019030000;0.790010000
CVE-2006-4075;0.171940000;0.970120000
CVE-2006-4074;0.056950000;0.927790000
CVE-2006-4073;0.032300000;0.878340000
CVE-2006-4072;0.010010000;0.615570000
CVE-2006-4071;0.239950000;0.977780000
CVE-2006-4070;0.017380000;0.769050000
CVE-2006-4069;0.024380000;0.837390000
CVE-2006-4068;0.028070000;0.860240000
CVE-2006-4067;0.012070000;0.672830000
CVE-2006-4066;0.063660000;0.934550000
CVE-2006-4065;0.024200000;0.836040000
CVE-2006-4064;0.020360000;0.804160000
CVE-2006-4063;0.032280000;0.878310000
CVE-2006-4062;0.038470000;0.898220000
CVE-2006-4061;0.031690000;0.875890000
CVE-2006-4060;0.039570000;0.901230000
CVE-2006-4059;0.155280000;0.967320000
CVE-2006-4058;0.014880000;0.731750000
CVE-2006-4057;0.031780000;0.876220000
CVE-2006-4056;0.014960000;0.733030000
CVE-2006-4055;0.039160000;0.899980000
CVE-2006-4054;0.016700000;0.759730000
CVE-2006-4053;0.034210000;0.885250000
CVE-2006-4052;0.164080000;0.968930000
CVE-2006-4051;0.082950000;0.947670000
CVE-2006-4050;0.035260000;0.888720000
CVE-2006-4049;0.003880000;0.305740000
CVE-2006-4048;0.015530000;0.742610000
CVE-2006-4047;0.012140000;0.675020000
CVE-2006-4046;0.156280000;0.967480000
CVE-2006-4045;0.034540000;0.886470000
CVE-2006-4044;0.032450000;0.878910000
CVE-2006-4043;0.017210000;0.766890000
CVE-2006-4042;0.018550000;0.784460000
CVE-2006-4041;0.017620000;0.772440000
CVE-2006-4040;0.034540000;0.886480000
CVE-2006-4039;0.017990000;0.777280000
CVE-2006-4038;0.015590000;0.743520000
CVE-2006-4037;0.051780000;0.922070000
CVE-2006-4036;0.036940000;0.893750000
CVE-2006-4035;0.014790000;0.730010000
CVE-2006-4034;0.026100000;0.848850000
CVE-2006-4033;0.050140000;0.919990000
CVE-2006-4032;0.016190000;0.752380000
CVE-2006-4031;0.017360000;0.768770000
CVE-2006-4030;0.015320000;0.739110000
CVE-2006-4029;0.084300000;0.948440000
CVE-2006-4028;0.037500000;0.895440000
CVE-2006-4026;0.035720000;0.890040000
CVE-2006-4025;0.012760000;0.689470000
CVE-2006-4024;0.051010000;0.921150000
CVE-2006-4023;0.057450000;0.928380000
CVE-2006-4022;0.004600000;0.377000000
CVE-2006-4021;0.006600000;0.498460000
CVE-2006-4020;0.020110000;0.801840000
CVE-2006-4019;0.099780000;0.954720000
CVE-2006-4018;0.193960000;0.972860000
CVE-2006-4017;0.013420000;0.703730000
CVE-2006-4016;0.013420000;0.703740000
CVE-2006-4015;0.043550000;0.909450000
CVE-2006-4014;0.016780000;0.760840000
CVE-2006-4013;0.045360000;0.912690000
CVE-2006-4012;0.031810000;0.876340000
CVE-2006-4011;0.021900000;0.818050000
CVE-2006-4010;0.017760000;0.774420000
CVE-2006-4009;0.017040000;0.764630000
CVE-2006-4008;0.025980000;0.848140000
CVE-2006-4007;0.025980000;0.848150000
CVE-2006-4006;0.091900000;0.951940000
CVE-2006-4005;0.036650000;0.892960000
CVE-2006-4004;0.029420000;0.866700000
CVE-2006-4003;0.015320000;0.739100000
CVE-2006-4002;0.013720000;0.709980000
CVE-2006-4001;0.018570000;0.784620000
CVE-2006-4000;0.058320000;0.929460000
CVE-2006-3999;0.003290000;0.237080000
CVE-2006-3998;0.028070000;0.860250000
CVE-2006-3997;0.034150000;0.885110000
CVE-2006-3996;0.017570000;0.771760000
CVE-2006-3995;0.109720000;0.957740000
CVE-2006-3994;0.038070000;0.897050000
CVE-2006-3993;0.042170000;0.906940000
CVE-2006-3992;0.046980000;0.915320000
CVE-2006-3991;0.025370000;0.844170000
CVE-2006-3990;0.187120000;0.971960000
CVE-2006-3989;0.034210000;0.885250000
CVE-2006-3988;0.031810000;0.876350000
CVE-2006-3987;0.031810000;0.876340000
CVE-2006-3986;0.033540000;0.883150000
CVE-2006-3985;0.045700000;0.913370000
CVE-2006-3984;0.032480000;0.879060000
CVE-2006-3983;0.025370000;0.844170000
CVE-2006-3982;0.025980000;0.848130000
CVE-2006-3981;0.012880000;0.691850000
CVE-2006-3980;0.062490000;0.933550000
CVE-2006-3979;0.004050000;0.324160000
CVE-2006-3978;0.009260000;0.591210000
CVE-2006-3977;0.038150000;0.897350000
CVE-2006-3976;0.038150000;0.897350000
CVE-2006-3975;0.042160000;0.906910000
CVE-2006-3974;0.017730000;0.773930000
CVE-2006-3973;0.003460000;0.258860000
CVE-2006-3972;0.034280000;0.885500000
CVE-2006-3971;0.015840000;0.747150000
CVE-2006-3970;0.085380000;0.949060000
CVE-2006-3969;0.032480000;0.879080000
CVE-2006-3968;0.012770000;0.689560000
CVE-2006-3967;0.025980000;0.848140000
CVE-2006-3966;0.044020000;0.910290000
CVE-2006-3965;0.012280000;0.678480000
CVE-2006-3964;0.023150000;0.828280000
CVE-2006-3963;0.010910000;0.642180000
CVE-2006-3962;0.022140000;0.820270000
CVE-2006-3961;0.343640000;0.983710000
CVE-2006-3960;0.012220000;0.676810000
CVE-2006-3959;0.012500000;0.683580000
CVE-2006-3958;0.013420000;0.703740000
CVE-2006-3957;0.025210000;0.843130000
CVE-2006-3956;0.013420000;0.703790000
CVE-2006-3955;0.098060000;0.954160000
CVE-2006-3954;0.017200000;0.766760000
CVE-2006-3953;0.012210000;0.676550000
CVE-2006-3952;0.668330000;0.992750000
CVE-2006-3951;0.027140000;0.855090000
CVE-2006-3950;0.014310000;0.721180000
CVE-2006-3949;0.045150000;0.912350000
CVE-2006-3948;0.017040000;0.764640000
CVE-2006-3947;0.031100000;0.873500000
CVE-2006-3946;0.052990000;0.923410000
CVE-2006-3945;0.029150000;0.865490000
CVE-2006-3944;0.174600000;0.970490000
CVE-2006-3943;0.155910000;0.967440000
CVE-2006-3942;0.750270000;0.994970000
CVE-2006-3941;0.038800000;0.899080000
CVE-2006-3940;0.011400000;0.654810000
CVE-2006-3939;0.016260000;0.753360000
CVE-2006-3938;0.022630000;0.824080000
CVE-2006-3937;0.013770000;0.711070000
CVE-2006-3936;0.013820000;0.712020000
CVE-2006-3935;0.018460000;0.783180000
CVE-2006-3934;0.014590000;0.726480000
CVE-2006-3933;0.011190000;0.649940000
CVE-2006-3932;0.010800000;0.639110000
CVE-2006-3931;0.010510000;0.630940000
CVE-2006-3930;0.039340000;0.900650000
CVE-2006-3929;0.034200000;0.885210000
CVE-2006-3928;0.032480000;0.879070000
CVE-2006-3927;0.019270000;0.792640000
CVE-2006-3926;0.017390000;0.769170000
CVE-2006-3925;0.027740000;0.858670000
CVE-2006-3924;0.011800000;0.666300000
CVE-2006-3923;0.013870000;0.713010000
CVE-2006-3922;0.035660000;0.889910000
CVE-2006-3921;0.022080000;0.819750000
CVE-2006-3920;0.027640000;0.857950000
CVE-2006-3919;0.012990000;0.694390000
CVE-2006-3918;0.951030000;0.998630000
CVE-2006-3917;0.025370000;0.844180000
CVE-2006-3916;0.012990000;0.694410000
CVE-2006-3915;0.216440000;0.975650000
CVE-2006-3914;0.011200000;0.650070000
CVE-2006-3913;0.057180000;0.928030000
CVE-2006-3912;0.056650000;0.927500000
CVE-2006-3911;0.163190000;0.968720000
CVE-2006-3910;0.170710000;0.969950000
CVE-2006-3909;0.021990000;0.818990000
CVE-2006-3908;0.027540000;0.857310000
CVE-2006-3907;0.022550000;0.823450000
CVE-2006-3906;0.068740000;0.938680000
CVE-2006-3905;0.014790000;0.730010000
CVE-2006-3904;0.018760000;0.786910000
CVE-2006-3903;0.021360000;0.813660000
CVE-2006-3902;0.009400000;0.595940000
CVE-2006-3901;0.036100000;0.891330000
CVE-2006-3900;0.015230000;0.737500000
CVE-2006-3899;0.242740000;0.977990000
CVE-2006-3898;0.242740000;0.978000000
CVE-2006-3897;0.233360000;0.977230000
CVE-2006-3896;0.008110000;0.554640000
CVE-2006-3894;0.044450000;0.911170000
CVE-2006-3893;0.065840000;0.936410000
CVE-2006-3892;0.045940000;0.913760000
CVE-2006-3890;0.145690000;0.965540000
CVE-2006-3888;0.060090000;0.931190000
CVE-2006-3887;0.044990000;0.912090000
CVE-2006-3886;0.011350000;0.653610000
CVE-2006-3885;0.035190000;0.888520000
CVE-2006-3884;0.039270000;0.900410000
CVE-2006-3883;0.047720000;0.916460000
CVE-2006-3882;0.011840000;0.667230000
CVE-2006-3881;0.011670000;0.662360000
CVE-2006-3880;0.247410000;0.978390000
CVE-2006-3879;0.094640000;0.952930000
CVE-2006-3878;0.003430000;0.254880000
CVE-2006-3877;0.133580000;0.963100000
CVE-2006-3876;0.114150000;0.958850000
CVE-2006-3875;0.095250000;0.953170000
CVE-2006-3873;0.294440000;0.981350000
CVE-2006-3869;0.430590000;0.986860000
CVE-2006-3868;0.247970000;0.978450000
CVE-2006-3867;0.095250000;0.953170000
CVE-2006-3864;0.338480000;0.983520000
CVE-2006-3862;0.036500000;0.892510000
CVE-2006-3861;0.014990000;0.733570000
CVE-2006-3860;0.030660000;0.871880000
CVE-2006-3859;0.011340000;0.653350000
CVE-2006-3858;0.006070000;0.472270000
CVE-2006-3857;0.038900000;0.899310000
CVE-2006-3856;0.003620000;0.276730000
CVE-2006-3855;0.019220000;0.792140000
CVE-2006-3854;0.037030000;0.894060000
CVE-2006-3853;0.040770000;0.903950000
CVE-2006-3852;0.013730000;0.710380000
CVE-2006-3851;0.011300000;0.652430000
CVE-2006-3850;0.034490000;0.886310000
CVE-2006-3849;0.044990000;0.912090000
CVE-2006-3848;0.017040000;0.764690000
CVE-2006-3847;0.031430000;0.874870000
CVE-2006-3846;0.029140000;0.865450000
CVE-2006-3845;0.078920000;0.945510000
CVE-2006-3844;0.041110000;0.904700000
CVE-2006-3843;0.025820000;0.847000000
CVE-2006-3842;0.012260000;0.678060000
CVE-2006-3841;0.013660000;0.708890000
CVE-2006-3840;0.023840000;0.833400000
CVE-2006-3838;0.735620000;0.994570000
CVE-2006-3837;0.011600000;0.660100000
CVE-2006-3836;0.034950000;0.887820000
CVE-2006-3835;0.462070000;0.987800000
CVE-2006-3834;0.009920000;0.612590000
CVE-2006-3833;0.013540000;0.706500000
CVE-2006-3832;0.021230000;0.812410000
CVE-2006-3831;0.013920000;0.713990000
CVE-2006-3830;0.008270000;0.560010000
CVE-2006-3829;0.014070000;0.716750000
CVE-2006-3828;0.012050000;0.672550000
CVE-2006-3827;0.012360000;0.680380000
CVE-2006-3826;0.013850000;0.712610000
CVE-2006-3825;0.004430000;0.362920000
CVE-2006-3824;0.009850000;0.610690000
CVE-2006-3823;0.018940000;0.788940000
CVE-2006-3822;0.010270000;0.623790000
CVE-2006-3821;0.013500000;0.705410000
CVE-2006-3820;0.012990000;0.694430000
CVE-2006-3819;0.041000000;0.904440000
CVE-2006-3818;0.018910000;0.788700000
CVE-2006-3817;0.020090000;0.801650000
CVE-2006-3816;0.013510000;0.705770000
CVE-2006-3815;0.007780000;0.543040000
CVE-2006-3814;0.067320000;0.937590000
CVE-2006-3813;0.003840000;0.300940000
CVE-2006-3812;0.031520000;0.875190000
CVE-2006-3811;0.076090000;0.943810000
CVE-2006-3810;0.033770000;0.883870000
CVE-2006-3809;0.030940000;0.872950000
CVE-2006-3808;0.029510000;0.867110000
CVE-2006-3807;0.054590000;0.925000000
CVE-2006-3806;0.054590000;0.925010000
CVE-2006-3805;0.065960000;0.936480000
CVE-2006-3804;0.033070000;0.881580000
CVE-2006-3803;0.044600000;0.911470000
CVE-2006-3802;0.023600000;0.831810000
CVE-2006-3801;0.044270000;0.910740000
CVE-2006-3800;0.013500000;0.705400000
CVE-2006-3799;0.014430000;0.723300000
CVE-2006-3798;0.013540000;0.706500000
CVE-2006-3797;0.013500000;0.705420000
CVE-2006-3796;0.015530000;0.742620000
CVE-2006-3795;0.013660000;0.708900000
CVE-2006-3794;0.015900000;0.748010000
CVE-2006-3793;0.041860000;0.906280000
CVE-2006-3792;0.018520000;0.783970000
CVE-2006-3791;0.023840000;0.833400000
CVE-2006-3790;0.023840000;0.833400000
CVE-2006-3789;0.040990000;0.904420000
CVE-2006-3788;0.048300000;0.917260000
CVE-2006-3787;0.007140000;0.520540000
CVE-2006-3786;0.003990000;0.318260000
CVE-2006-3785;0.003980000;0.316630000
CVE-2006-3784;0.004080000;0.327550000
CVE-2006-3783;0.003490000;0.262630000
CVE-2006-3782;0.003490000;0.262630000
CVE-2006-3781;0.017000000;0.764060000
CVE-2006-3780;0.011840000;0.667220000
CVE-2006-3779;0.013180000;0.698140000
CVE-2006-3778;0.015120000;0.735810000
CVE-2006-3777;0.032060000;0.877390000
CVE-2006-3776;0.032900000;0.880920000
CVE-2006-3775;0.024830000;0.840450000
CVE-2006-3774;0.058610000;0.929820000
CVE-2006-3773;0.059010000;0.930120000
CVE-2006-3772;0.168490000;0.969650000
CVE-2006-3771;0.163190000;0.968720000
CVE-2006-3770;0.017240000;0.767280000
CVE-2006-3769;0.018600000;0.785090000
CVE-2006-3768;0.053490000;0.923960000
CVE-2006-3767;0.016740000;0.760370000
CVE-2006-3766;0.011600000;0.660100000
CVE-2006-3765;0.012990000;0.694460000
CVE-2006-3764;0.013400000;0.703250000
CVE-2006-3763;0.012910000;0.692420000
CVE-2006-3762;0.013360000;0.702220000
CVE-2006-3761;0.025730000;0.846500000
CVE-2006-3760;0.012140000;0.675050000
CVE-2006-3759;0.011600000;0.660100000
CVE-2006-3758;0.013370000;0.702550000
CVE-2006-3757;0.011840000;0.667210000
CVE-2006-3756;0.015470000;0.741430000
CVE-2006-3755;0.025160000;0.842800000
CVE-2006-3754;0.028240000;0.861090000
CVE-2006-3753;0.011600000;0.660110000
CVE-2006-3752;0.015290000;0.738440000
CVE-2006-3751;0.056330000;0.927200000
CVE-2006-3750;0.058140000;0.929260000
CVE-2006-3749;0.036150000;0.891470000
CVE-2006-3748;0.049760000;0.919500000
CVE-2006-3747;0.965780000;0.998820000
CVE-2006-3746;0.072140000;0.941400000
CVE-2006-3745;0.004360000;0.356440000
CVE-2006-3744;0.036910000;0.893680000
CVE-2006-3743;0.036750000;0.893240000
CVE-2006-3742;0.013990000;0.715400000
CVE-2006-3741;0.004380000;0.358340000
CVE-2006-3740;0.005190000;0.420390000
CVE-2006-3739;0.005930000;0.464910000
CVE-2006-3738;0.492730000;0.988560000
CVE-2006-3737;0.012180000;0.675900000
CVE-2006-3736;0.032950000;0.881100000
CVE-2006-3735;0.093630000;0.952570000
CVE-2006-3734;0.029960000;0.868970000
CVE-2006-3733;0.119750000;0.960130000
CVE-2006-3732;0.013550000;0.706630000
CVE-2006-3731;0.009640000;0.603530000
CVE-2006-3730;0.635680000;0.991930000
CVE-2006-3729;0.206490000;0.974600000
CVE-2006-3728;0.016270000;0.753390000
CVE-2006-3727;0.042970000;0.908380000
CVE-2006-3726;0.637450000;0.992000000
CVE-2006-3725;0.004000000;0.319500000
CVE-2006-3724;0.040720000;0.903820000
CVE-2006-3723;0.040720000;0.903840000
CVE-2006-3722;0.040720000;0.903830000
CVE-2006-3721;0.040720000;0.903840000
CVE-2006-3720;0.022080000;0.819740000
CVE-2006-3719;0.022080000;0.819740000
CVE-2006-3718;0.040720000;0.903830000
CVE-2006-3717;0.040720000;0.903840000
CVE-2006-3716;0.040720000;0.903830000
CVE-2006-3715;0.040720000;0.903820000
CVE-2006-3714;0.043670000;0.909680000
CVE-2006-3713;0.036520000;0.892560000
CVE-2006-3712;0.049990000;0.919820000
CVE-2006-3711;0.036520000;0.892560000
CVE-2006-3710;0.052830000;0.923280000
CVE-2006-3709;0.043670000;0.909680000
CVE-2006-3708;0.052830000;0.923280000
CVE-2006-3707;0.025010000;0.841700000
CVE-2006-3706;0.032490000;0.879080000
CVE-2006-3705;0.035900000;0.890750000
CVE-2006-3704;0.040720000;0.903840000
CVE-2006-3703;0.036250000;0.891750000
CVE-2006-3702;0.046210000;0.914220000
CVE-2006-3701;0.036250000;0.891750000
CVE-2006-3700;0.052830000;0.923280000
CVE-2006-3699;0.027910000;0.859400000
CVE-2006-3698;0.069830000;0.939570000
CVE-2006-3697;0.004800000;0.392300000
CVE-2006-3696;0.007320000;0.527020000
CVE-2006-3695;0.018990000;0.789590000
CVE-2006-3694;0.058460000;0.929610000
CVE-2006-3693;0.009320000;0.593300000
CVE-2006-3692;0.036450000;0.892370000
CVE-2006-3691;0.017240000;0.767280000
CVE-2006-3690;0.038360000;0.897900000
CVE-2006-3689;0.036290000;0.891850000
CVE-2006-3688;0.012140000;0.675070000
CVE-2006-3687;0.194720000;0.973010000
CVE-2006-3686;0.025400000;0.844360000
CVE-2006-3685;0.028090000;0.860310000
CVE-2006-3684;0.020850000;0.809030000
CVE-2006-3683;0.042920000;0.908290000
CVE-2006-3682;0.097210000;0.953840000
CVE-2006-3681;0.020870000;0.809240000
CVE-2006-3680;0.022370000;0.822190000
CVE-2006-3679;0.019080000;0.790530000
CVE-2006-3678;0.018560000;0.784570000
CVE-2006-3677;0.786850000;0.995800000
CVE-2006-3676;0.017320000;0.768380000
CVE-2006-3675;0.004540000;0.372170000
CVE-2006-3674;0.022680000;0.824490000
CVE-2006-3673;0.018650000;0.785600000
CVE-2006-3672;0.068680000;0.938630000
CVE-2006-3671;0.015870000;0.747580000
CVE-2006-3670;0.074350000;0.942760000
CVE-2006-3669;0.003330000;0.242300000
CVE-2006-3668;0.101190000;0.955180000
CVE-2006-3667;0.017070000;0.765150000
CVE-2006-3666;0.012990000;0.694380000
CVE-2006-3665;0.012000000;0.671190000
CVE-2006-3664;0.027010000;0.854370000
CVE-2006-3663;0.004260000;0.346770000
CVE-2006-3662;0.012500000;0.683580000
CVE-2006-3661;0.009040000;0.584020000
CVE-2006-3660;0.182420000;0.971380000
CVE-2006-3659;0.149140000;0.966120000
CVE-2006-3658;0.125950000;0.961310000
CVE-2006-3657;0.166280000;0.969340000
CVE-2006-3656;0.205240000;0.974480000
CVE-2006-3655;0.208910000;0.974940000
CVE-2006-3654;0.478500000;0.988200000
CVE-2006-3653;0.148840000;0.966070000
CVE-2006-3652;0.189140000;0.972200000
CVE-2006-3651;0.309040000;0.982100000
CVE-2006-3650;0.385390000;0.985360000
CVE-2006-3649;0.101700000;0.955330000
CVE-2006-3648;0.235520000;0.977410000
CVE-2006-3647;0.269500000;0.979870000
CVE-2006-3643;0.203300000;0.974130000
CVE-2006-3640;0.249500000;0.978570000
CVE-2006-3639;0.323580000;0.982860000
CVE-2006-3638;0.367970000;0.984650000
CVE-2006-3637;0.437570000;0.987080000
CVE-2006-3636;0.068210000;0.938310000
CVE-2006-3635;0.005320000;0.429790000
CVE-2006-3634;0.003370000;0.247810000
CVE-2006-3633;0.033680000;0.883660000
CVE-2006-3632;0.074660000;0.942920000
CVE-2006-3631;0.022970000;0.826910000
CVE-2006-3630;0.019420000;0.794450000
CVE-2006-3629;0.030010000;0.869190000
CVE-2006-3628;0.060410000;0.931570000
CVE-2006-3627;0.033270000;0.882270000
CVE-2006-3626;0.022030000;0.819340000
CVE-2006-3625;0.011840000;0.667220000
CVE-2006-3624;0.017240000;0.767300000
CVE-2006-3623;0.018710000;0.786320000
CVE-2006-3622;0.011570000;0.659500000
CVE-2006-3621;0.011350000;0.653620000
CVE-2006-3620;0.012200000;0.676380000
CVE-2006-3619;0.038990000;0.899530000
CVE-2006-3618;0.012850000;0.691330000
CVE-2006-3617;0.013230000;0.699100000
CVE-2006-3616;0.024790000;0.840230000
CVE-2006-3615;0.020110000;0.801870000
CVE-2006-3614;0.012140000;0.675060000
CVE-2006-3613;0.011670000;0.662370000
CVE-2006-3612;0.008620000;0.571250000
CVE-2006-3611;0.021630000;0.815960000
CVE-2006-3610;0.011970000;0.670680000
CVE-2006-3609;0.011800000;0.666360000
CVE-2006-3608;0.022570000;0.823610000
CVE-2006-3607;0.017640000;0.772630000
CVE-2006-3606;0.015530000;0.742740000
CVE-2006-3605;0.242740000;0.978000000
CVE-2006-3604;0.031080000;0.873400000
CVE-2006-3603;0.020150000;0.802200000
CVE-2006-3602;0.027530000;0.857250000
CVE-2006-3601;0.024500000;0.838250000
CVE-2006-3600;0.045490000;0.913040000
CVE-2006-3599;0.011140000;0.648570000
CVE-2006-3598;0.013510000;0.705770000
CVE-2006-3597;0.005360000;0.431930000
CVE-2006-3596;0.018140000;0.779240000
CVE-2006-3595;0.042890000;0.908230000
CVE-2006-3594;0.036100000;0.891320000
CVE-2006-3593;0.010110000;0.619190000
CVE-2006-3592;0.008110000;0.554640000
CVE-2006-3591;0.262430000;0.979470000
CVE-2006-3590;0.142620000;0.965000000
CVE-2006-3589;0.004270000;0.346970000
CVE-2006-3588;0.076180000;0.943870000
CVE-2006-3587;0.083520000;0.948040000
CVE-2006-3586;0.013370000;0.702530000
CVE-2006-3585;0.016760000;0.760600000
CVE-2006-3584;0.015530000;0.742600000
CVE-2006-3583;0.017550000;0.771410000
CVE-2006-3582;0.051520000;0.921780000
CVE-2006-3581;0.130030000;0.962240000
CVE-2006-3580;0.012440000;0.682230000
CVE-2006-3579;0.012990000;0.694470000
CVE-2006-3578;0.018120000;0.779040000
CVE-2006-3577;0.010920000;0.642450000
CVE-2006-3576;0.011270000;0.651680000
CVE-2006-3575;0.003760000;0.292530000
CVE-2006-3574;0.014410000;0.723030000
CVE-2006-3573;0.058400000;0.929550000
CVE-2006-3572;0.020080000;0.801540000
CVE-2006-3571;0.024440000;0.837740000
CVE-2006-3570;0.012070000;0.672830000
CVE-2006-3569;0.003560000;0.270580000
CVE-2006-3568;0.022890000;0.826200000
CVE-2006-3567;0.013730000;0.710390000
CVE-2006-3566;0.013920000;0.714000000
CVE-2006-3565;0.013370000;0.702490000
CVE-2006-3564;0.017210000;0.766840000
CVE-2006-3563;0.017710000;0.773780000
CVE-2006-3562;0.031160000;0.873770000
CVE-2006-3561;0.067220000;0.937480000
CVE-2006-3560;0.012910000;0.692420000
CVE-2006-3559;0.014240000;0.719850000
CVE-2006-3558;0.015160000;0.736360000
CVE-2006-3557;0.011840000;0.667210000
CVE-2006-3556;0.069160000;0.939040000
CVE-2006-3555;0.013420000;0.703740000
CVE-2006-3554;0.020770000;0.808220000
CVE-2006-3553;0.062290000;0.933360000
CVE-2006-3552;0.024620000;0.839080000
CVE-2006-3551;0.002690000;0.173490000
CVE-2006-3550;0.014180000;0.718710000
CVE-2006-3549;0.023980000;0.834420000
CVE-2006-3548;0.021030000;0.810780000
CVE-2006-3547;0.008720000;0.574420000
CVE-2006-3546;0.033550000;0.883200000
CVE-2006-3545;0.142450000;0.964970000
CVE-2006-3544;0.013730000;0.710350000
CVE-2006-3543;0.010900000;0.641900000
CVE-2006-3542;0.013730000;0.710370000
CVE-2006-3541;0.011370000;0.654070000
CVE-2006-3540;0.006270000;0.482300000
CVE-2006-3539;0.028790000;0.863760000
CVE-2006-3538;0.019390000;0.794220000
CVE-2006-3537;0.019960000;0.799990000
CVE-2006-3536;0.015360000;0.739680000
CVE-2006-3535;0.040500000;0.903350000
CVE-2006-3534;0.025380000;0.844230000
CVE-2006-3533;0.059810000;0.930900000
CVE-2006-3532;0.080350000;0.946230000
CVE-2006-3531;0.095280000;0.953180000
CVE-2006-3530;0.062490000;0.933550000
CVE-2006-3529;0.043210000;0.908790000
CVE-2006-3528;0.036150000;0.891470000
CVE-2006-3527;0.042720000;0.907960000
CVE-2006-3526;0.012990000;0.694470000
CVE-2006-3525;0.011140000;0.648540000
CVE-2006-3524;0.675090000;0.992930000
CVE-2006-3523;0.015960000;0.748820000
CVE-2006-3522;0.018000000;0.777410000
CVE-2006-3521;0.010380000;0.627230000
CVE-2006-3520;0.025370000;0.844190000
CVE-2006-3519;0.014580000;0.726200000
CVE-2006-3518;0.012910000;0.692420000
CVE-2006-3517;0.025160000;0.842800000
CVE-2006-3516;0.011140000;0.648550000
CVE-2006-3515;0.014920000;0.732350000
CVE-2006-3514;0.012990000;0.694480000
CVE-2006-3513;0.227430000;0.976700000
CVE-2006-3512;0.242740000;0.977990000
CVE-2006-3511;0.216440000;0.975660000
CVE-2006-3510;0.147530000;0.965860000
CVE-2006-3509;0.004980000;0.405370000
CVE-2006-3508;0.005630000;0.448580000
CVE-2006-3507;0.014580000;0.726180000
CVE-2006-3506;0.004900000;0.400000000
CVE-2006-3505;0.041350000;0.905280000
CVE-2006-3504;0.015200000;0.736900000
CVE-2006-3503;0.026860000;0.853490000
CVE-2006-3502;0.026860000;0.853490000
CVE-2006-3501;0.026860000;0.853490000
CVE-2006-3500;0.004090000;0.328670000
CVE-2006-3499;0.003530000;0.266610000
CVE-2006-3498;0.072100000;0.941360000
CVE-2006-3497;0.039310000;0.900570000
CVE-2006-3496;0.029760000;0.868090000
CVE-2006-3495;0.009120000;0.586560000
CVE-2006-3494;0.034600000;0.886630000
CVE-2006-3493;0.404050000;0.986060000
CVE-2006-3492;0.023840000;0.833400000
CVE-2006-3491;0.061660000;0.932770000
CVE-2006-3490;0.016070000;0.750530000
CVE-2006-3489;0.016070000;0.750530000
CVE-2006-3488;0.011970000;0.670690000
CVE-2006-3487;0.011970000;0.670680000
CVE-2006-3486;0.006520000;0.494420000
CVE-2006-3485;0.014470000;0.724080000
CVE-2006-3484;0.026930000;0.853950000
CVE-2006-3483;0.013920000;0.714020000
CVE-2006-3482;0.012930000;0.692960000
CVE-2006-3481;0.017240000;0.767270000
CVE-2006-3480;0.016760000;0.760610000
CVE-2006-3479;0.013540000;0.706500000
CVE-2006-3478;0.025370000;0.844180000
CVE-2006-3477;0.015960000;0.748820000
CVE-2006-3476;0.019450000;0.794850000
CVE-2006-3475;0.081650000;0.947010000
CVE-2006-3474;0.011450000;0.656120000
CVE-2006-3473;0.015530000;0.742610000
CVE-2006-3472;0.105740000;0.956580000
CVE-2006-3471;0.207810000;0.974790000
CVE-2006-3470;0.020090000;0.801620000
CVE-2006-3469;0.289980000;0.981140000
CVE-2006-3468;0.159720000;0.968090000
CVE-2006-3467;0.043490000;0.909330000
CVE-2006-3465;0.057710000;0.928650000
CVE-2006-3464;0.035310000;0.888880000
CVE-2006-3463;0.027810000;0.859020000
CVE-2006-3462;0.053160000;0.923590000
CVE-2006-3461;0.053160000;0.923590000
CVE-2006-3460;0.044200000;0.910610000
CVE-2006-3459;0.536800000;0.989670000
CVE-2006-3458;0.004250000;0.345980000
CVE-2006-3457;0.002280000;0.123180000
CVE-2006-3456;0.038650000;0.898710000
CVE-2006-3455;0.003820000;0.298950000
CVE-2006-3454;0.004610000;0.377320000
CVE-2006-3453;0.067510000;0.937780000
CVE-2006-3452;0.006230000;0.480270000
CVE-2006-3451;0.412150000;0.986300000
CVE-2006-3450;0.411120000;0.986270000
CVE-2006-3449;0.427790000;0.986790000
CVE-2006-3448;0.368950000;0.984690000
CVE-2006-3445;0.409740000;0.986210000
CVE-2006-3444;0.163990000;0.968920000
CVE-2006-3443;0.016680000;0.759530000
CVE-2006-3442;0.270630000;0.979940000
CVE-2006-3441;0.619630000;0.991550000
CVE-2006-3440;0.572970000;0.990520000
CVE-2006-3439;0.849570000;0.997070000
CVE-2006-3438;0.118250000;0.959750000
CVE-2006-3436;0.387080000;0.985420000
CVE-2006-3435;0.372610000;0.984850000
CVE-2006-3434;0.295470000;0.981410000
CVE-2006-3431;0.283200000;0.980710000
CVE-2006-3430;0.018180000;0.779770000
CVE-2006-3429;0.011800000;0.666280000
CVE-2006-3428;0.013420000;0.703750000
CVE-2006-3427;0.242740000;0.978000000
CVE-2006-3426;0.026750000;0.852920000
CVE-2006-3425;0.023330000;0.829680000
CVE-2006-3424;0.031780000;0.876220000
CVE-2006-3423;0.086780000;0.949810000
CVE-2006-3422;0.025370000;0.844190000
CVE-2006-3421;0.042340000;0.907240000
CVE-2006-3420;0.015360000;0.739690000
CVE-2006-3419;0.016560000;0.757780000
CVE-2006-3418;0.021370000;0.813690000
CVE-2006-3417;0.021370000;0.813690000
CVE-2006-3416;0.020510000;0.805730000
CVE-2006-3415;0.020470000;0.805320000
CVE-2006-3414;0.021530000;0.815120000
CVE-2006-3413;0.016420000;0.755850000
CVE-2006-3412;0.021850000;0.817600000
CVE-2006-3411;0.013120000;0.696850000
CVE-2006-3410;0.016170000;0.752070000
CVE-2006-3409;0.036990000;0.893940000
CVE-2006-3408;0.018540000;0.784330000
CVE-2006-3407;0.015240000;0.737670000
CVE-2006-3406;0.014140000;0.718070000
CVE-2006-3405;0.017900000;0.775980000
CVE-2006-3404;0.046140000;0.914120000
CVE-2006-3403;0.056060000;0.926810000
CVE-2006-3402;0.011230000;0.650640000
CVE-2006-3401;0.057360000;0.928290000
CVE-2006-3400;0.048360000;0.917350000
CVE-2006-3399;0.014030000;0.716030000
CVE-2006-3398;0.013770000;0.711070000
CVE-2006-3397;0.012990000;0.694420000
CVE-2006-3396;0.038340000;0.897840000
CVE-2006-3395;0.031400000;0.874730000
CVE-2006-3394;0.013230000;0.699190000
CVE-2006-3393;0.019520000;0.795550000
CVE-2006-3392;0.781390000;0.995680000
CVE-2006-3391;0.013240000;0.699510000
CVE-2006-3390;0.028610000;0.862860000
CVE-2006-3389;0.029450000;0.866840000
CVE-2006-3388;0.017590000;0.771920000
CVE-2006-3387;0.019880000;0.799130000
CVE-2006-3386;0.015120000;0.735810000
CVE-2006-3385;0.019700000;0.797150000
CVE-2006-3384;0.012860000;0.691510000
CVE-2006-3383;0.011670000;0.662360000
CVE-2006-3382;0.013940000;0.714360000
CVE-2006-3381;0.026230000;0.849590000
CVE-2006-3380;0.015960000;0.748810000
CVE-2006-3379;0.022690000;0.824510000
CVE-2006-3378;0.003410000;0.253140000
CVE-2006-3377;0.017120000;0.765760000
CVE-2006-3376;0.076780000;0.944220000
CVE-2006-3375;0.028070000;0.860250000
CVE-2006-3374;0.026100000;0.848850000
CVE-2006-3373;0.003360000;0.247650000
CVE-2006-3372;0.091950000;0.951950000
CVE-2006-3371;0.015320000;0.739090000
CVE-2006-3370;0.013770000;0.711050000
CVE-2006-3369;0.015320000;0.739100000
CVE-2006-3368;0.016650000;0.758990000
CVE-2006-3367;0.013770000;0.711060000
CVE-2006-3366;0.018510000;0.783870000
CVE-2006-3365;0.014570000;0.725940000
CVE-2006-3364;0.021000000;0.810510000
CVE-2006-3363;0.033130000;0.881790000
CVE-2006-3362;0.050610000;0.920630000
CVE-2006-3361;0.026990000;0.854260000
CVE-2006-3360;0.055740000;0.926390000
CVE-2006-3359;0.011230000;0.650700000
CVE-2006-3358;0.016480000;0.756570000
CVE-2006-3357;0.352740000;0.984030000
CVE-2006-3356;0.013360000;0.702330000
CVE-2006-3355;0.065170000;0.935810000
CVE-2006-3354;0.170710000;0.969950000
CVE-2006-3353;0.083610000;0.948110000
CVE-2006-3352;0.019850000;0.798780000
CVE-2006-3351;0.069330000;0.939190000
CVE-2006-3350;0.030950000;0.873020000
CVE-2006-3349;0.011140000;0.648550000
CVE-2006-3348;0.011140000;0.648550000
CVE-2006-3347;0.012510000;0.683900000
CVE-2006-3346;0.013370000;0.702500000
CVE-2006-3345;0.009400000;0.595950000
CVE-2006-3344;0.015530000;0.742590000
CVE-2006-3343;0.025440000;0.844620000
CVE-2006-3342;0.014030000;0.716030000
CVE-2006-3341;0.011360000;0.653930000
CVE-2006-3340;0.156000000;0.967450000
CVE-2006-3339;0.013920000;0.714000000
CVE-2006-3338;0.012930000;0.692970000
CVE-2006-3337;0.021610000;0.815810000
CVE-2006-3336;0.028840000;0.863970000
CVE-2006-3335;0.004450000;0.364980000
CVE-2006-3334;0.040500000;0.903360000
CVE-2006-3333;0.008320000;0.561410000
CVE-2006-3332;0.012140000;0.675050000
CVE-2006-3331;0.035790000;0.890430000
CVE-2006-3330;0.015230000;0.737500000
CVE-2006-3329;0.011230000;0.650690000
CVE-2006-3328;0.013480000;0.705080000
CVE-2006-3327;0.012990000;0.694410000
CVE-2006-3326;0.014180000;0.718700000
CVE-2006-3325;0.047630000;0.916330000
CVE-2006-3324;0.044380000;0.911010000
CVE-2006-3323;0.077560000;0.944680000
CVE-2006-3322;0.012410000;0.681490000
CVE-2006-3321;0.011800000;0.666320000
CVE-2006-3320;0.020690000;0.807520000
CVE-2006-3319;0.013940000;0.714360000
CVE-2006-3318;0.012020000;0.671790000
CVE-2006-3317;0.170920000;0.969980000
CVE-2006-3316;0.032860000;0.880770000
CVE-2006-3315;0.025980000;0.848130000
CVE-2006-3314;0.028880000;0.864160000
CVE-2006-3313;0.013870000;0.713010000
CVE-2006-3312;0.042790000;0.908090000
CVE-2006-3311;0.175880000;0.970640000
CVE-2006-3309;0.025620000;0.845800000
CVE-2006-3308;0.014290000;0.720850000
CVE-2006-3307;0.012140000;0.675060000
CVE-2006-3306;0.011800000;0.666270000
CVE-2006-3305;0.012930000;0.692960000
CVE-2006-3304;0.016150000;0.751690000
CVE-2006-3303;0.011800000;0.666340000
CVE-2006-3302;0.012920000;0.692850000
CVE-2006-3301;0.011740000;0.664280000
CVE-2006-3300;0.034540000;0.886480000
CVE-2006-3299;0.019500000;0.795310000
CVE-2006-3298;0.029930000;0.868850000
CVE-2006-3297;0.009400000;0.595950000
CVE-2006-3296;0.012500000;0.683580000
CVE-2006-3295;0.023110000;0.827930000
CVE-2006-3294;0.030810000;0.872460000
CVE-2006-3293;0.018140000;0.779230000
CVE-2006-3292;0.046730000;0.914970000
CVE-2006-3291;0.038090000;0.897130000
CVE-2006-3290;0.023570000;0.831630000
CVE-2006-3289;0.020300000;0.803560000
CVE-2006-3288;0.023400000;0.830250000
CVE-2006-3287;0.026810000;0.853250000
CVE-2006-3286;0.026810000;0.853260000
CVE-2006-3285;0.026810000;0.853260000
CVE-2006-3284;0.011740000;0.664270000
CVE-2006-3283;0.012010000;0.671520000
CVE-2006-3282;0.013920000;0.714010000
CVE-2006-3281;0.482150000;0.988290000
CVE-2006-3280;0.559170000;0.990200000
CVE-2006-3279;0.013420000;0.703730000
CVE-2006-3278;0.012930000;0.692970000
CVE-2006-3277;0.061070000;0.932220000
CVE-2006-3276;0.139220000;0.964380000
CVE-2006-3275;0.012140000;0.675070000
CVE-2006-3274;0.024040000;0.834790000
CVE-2006-3273;0.012930000;0.692980000
CVE-2006-3272;0.010440000;0.628890000
CVE-2006-3271;0.013270000;0.700040000
CVE-2006-3270;0.011140000;0.648560000
CVE-2006-3269;0.030810000;0.872460000
CVE-2006-3268;0.019280000;0.792650000
CVE-2006-3267;0.012140000;0.675050000
CVE-2006-3266;0.179660000;0.971080000
CVE-2006-3265;0.012930000;0.692990000
CVE-2006-3264;0.014210000;0.719270000
CVE-2006-3263;0.011270000;0.651680000
CVE-2006-3262;0.024880000;0.840830000
CVE-2006-3261;0.013420000;0.703770000
CVE-2006-3260;0.014290000;0.720780000
CVE-2006-3259;0.042890000;0.908220000
CVE-2006-3258;0.012930000;0.692980000
CVE-2006-3257;0.013730000;0.710370000
CVE-2006-3256;0.011350000;0.653620000
CVE-2006-3255;0.011300000;0.652430000
CVE-2006-3254;0.011300000;0.652430000
CVE-2006-3253;0.020040000;0.800860000
CVE-2006-3252;0.622100000;0.991610000
CVE-2006-3251;0.036540000;0.892650000
CVE-2006-3250;0.068470000;0.938490000
CVE-2006-3249;0.012140000;0.675020000
CVE-2006-3247;0.012930000;0.692990000
CVE-2006-3246;0.012930000;0.692980000
CVE-2006-3245;0.017670000;0.773110000
CVE-2006-3244;0.010920000;0.642430000
CVE-2006-3243;0.013810000;0.711790000
CVE-2006-3242;0.059990000;0.931120000
CVE-2006-3241;0.011740000;0.664260000
CVE-2006-3240;0.022930000;0.826520000
CVE-2006-3239;0.012990000;0.694390000
CVE-2006-3238;0.013810000;0.711780000
CVE-2006-3237;0.012930000;0.692990000
CVE-2006-3236;0.014130000;0.717830000
CVE-2006-3235;0.012930000;0.692990000
CVE-2006-3234;0.013370000;0.702540000
CVE-2006-3233;0.013420000;0.703750000
CVE-2006-3232;0.017070000;0.765140000
CVE-2006-3231;0.021230000;0.812430000
CVE-2006-3230;0.021270000;0.812860000
CVE-2006-3229;0.011800000;0.666290000
CVE-2006-3228;0.116720000;0.959420000
CVE-2006-3227;0.135320000;0.963480000
CVE-2006-3226;0.023890000;0.833770000
CVE-2006-3225;0.019830000;0.798470000
CVE-2006-3224;0.011380000;0.654420000
CVE-2006-3223;0.066650000;0.936950000
CVE-2006-3222;0.018090000;0.778480000
CVE-2006-3221;0.012620000;0.686360000
CVE-2006-3220;0.012010000;0.671510000
CVE-2006-3219;0.012010000;0.671530000
CVE-2006-3218;0.012010000;0.671510000
CVE-2006-3217;0.015390000;0.740280000
CVE-2006-3216;0.018560000;0.784570000
CVE-2006-3215;0.017040000;0.764730000
CVE-2006-3214;0.018140000;0.779240000
CVE-2006-3213;0.012500000;0.683570000
CVE-2006-3212;0.011800000;0.666320000
CVE-2006-3211;0.016110000;0.751080000
CVE-2006-3210;0.135390000;0.963500000
CVE-2006-3209;0.017390000;0.769190000
CVE-2006-3208;0.013510000;0.705660000
CVE-2006-3207;0.012810000;0.690470000
CVE-2006-3206;0.010440000;0.628900000
CVE-2006-3205;0.013770000;0.711050000
CVE-2006-3204;0.018450000;0.783110000
CVE-2006-3203;0.027340000;0.856150000
CVE-2006-3202;0.003860000;0.303270000
CVE-2006-3201;0.004570000;0.374550000
CVE-2006-3200;0.156870000;0.967620000
CVE-2006-3199;0.145980000;0.965570000
CVE-2006-3198;0.057970000;0.929010000
CVE-2006-3197;0.012880000;0.691940000
CVE-2006-3196;0.013770000;0.711060000
CVE-2006-3195;0.017040000;0.764630000
CVE-2006-3194;0.029510000;0.867110000
CVE-2006-3193;0.148450000;0.966020000
CVE-2006-3192;0.094620000;0.952920000
CVE-2006-3191;0.017680000;0.773180000
CVE-2006-3190;0.013500000;0.705420000
CVE-2006-3189;0.017080000;0.765190000
CVE-2006-3188;0.011140000;0.648570000
CVE-2006-3187;0.010690000;0.636340000
CVE-2006-3186;0.017080000;0.765190000
CVE-2006-3185;0.034300000;0.885650000
CVE-2006-3184;0.022900000;0.826260000
CVE-2006-3183;0.014410000;0.723030000
CVE-2006-3182;0.018500000;0.783710000
CVE-2006-3181;0.013370000;0.702540000
CVE-2006-3180;0.014410000;0.723030000
CVE-2006-3179;0.013420000;0.703780000
CVE-2006-3178;0.023230000;0.828930000
CVE-2006-3177;0.034540000;0.886480000
CVE-2006-3176;0.012360000;0.680350000
CVE-2006-3175;0.090060000;0.951310000
CVE-2006-3174;0.017030000;0.764440000
CVE-2006-3173;0.025440000;0.844620000
CVE-2006-3172;0.156460000;0.967540000
CVE-2006-3171;0.014910000;0.732200000
CVE-2006-3170;0.017590000;0.771960000
CVE-2006-3169;0.016760000;0.760610000
CVE-2006-3168;0.017240000;0.767270000
CVE-2006-3167;0.011840000;0.667220000
CVE-2006-3166;0.009400000;0.595940000
CVE-2006-3165;0.013370000;0.702530000
CVE-2006-3164;0.013370000;0.702540000
CVE-2006-3163;0.014130000;0.717820000
CVE-2006-3162;0.070670000;0.940250000
CVE-2006-3161;0.011350000;0.653600000
CVE-2006-3160;0.012930000;0.692960000
CVE-2006-3159;0.003430000;0.254870000
CVE-2006-3158;0.031820000;0.876410000
CVE-2006-3157;0.013420000;0.703790000
CVE-2006-3156;0.013420000;0.703780000
CVE-2006-3155;0.011670000;0.662350000
CVE-2006-3154;0.013810000;0.711790000
CVE-2006-3153;0.012990000;0.694450000
CVE-2006-3152;0.020150000;0.802140000
CVE-2006-3151;0.018800000;0.787310000
CVE-2006-3150;0.013370000;0.702520000
CVE-2006-3149;0.012990000;0.694420000
CVE-2006-3148;0.013370000;0.702550000
CVE-2006-3147;0.026750000;0.852900000
CVE-2006-3146;0.025080000;0.842110000
CVE-2006-3145;0.046030000;0.913930000
CVE-2006-3144;0.089880000;0.951260000
CVE-2006-3143;0.017670000;0.773120000
CVE-2006-3142;0.011400000;0.654810000
CVE-2006-3141;0.012990000;0.694440000
CVE-2006-3140;0.011140000;0.648560000
CVE-2006-3139;0.017700000;0.773670000
CVE-2006-3138;0.020880000;0.809330000
CVE-2006-3137;0.011800000;0.666300000
CVE-2006-3136;0.022200000;0.820750000
CVE-2006-3135;0.018940000;0.788950000
CVE-2006-3134;0.111610000;0.958310000
CVE-2006-3132;0.014580000;0.726200000
CVE-2006-3131;0.013730000;0.710390000
CVE-2006-3130;0.013370000;0.702500000
CVE-2006-3129;0.012990000;0.694460000
CVE-2006-3128;0.012440000;0.682220000
CVE-2006-3127;0.031560000;0.875380000
CVE-2006-3126;0.027940000;0.859570000
CVE-2006-3125;0.042320000;0.907210000
CVE-2006-3124;0.201200000;0.973860000
CVE-2006-3123;0.003650000;0.280700000
CVE-2006-3122;0.040170000;0.902660000
CVE-2006-3121;0.135890000;0.963590000
CVE-2006-3120;0.032020000;0.877180000
CVE-2006-3119;0.017600000;0.772110000
CVE-2006-3118;0.003040000;0.210480000
CVE-2006-3117;0.043190000;0.908770000
CVE-2006-3116;0.072600000;0.941690000
CVE-2006-3115;0.010800000;0.639120000
CVE-2006-3114;0.004260000;0.346050000
CVE-2006-3113;0.064220000;0.935020000
CVE-2006-3112;0.013770000;0.711080000
CVE-2006-3111;0.013370000;0.702490000
CVE-2006-3110;0.011670000;0.662350000
CVE-2006-3109;0.137330000;0.964030000
CVE-2006-3108;0.013500000;0.705380000
CVE-2006-3107;0.017150000;0.766240000
CVE-2006-3106;0.009690000;0.605500000
CVE-2006-3105;0.026750000;0.852930000
CVE-2006-3104;0.088710000;0.950730000
CVE-2006-3103;0.047380000;0.915960000
CVE-2006-3102;0.084540000;0.948600000
CVE-2006-3101;0.240030000;0.977790000
CVE-2006-3100;0.016150000;0.751670000
CVE-2006-3097;0.004910000;0.400510000
CVE-2006-3096;0.011140000;0.648570000
CVE-2006-3095;0.013420000;0.703770000
CVE-2006-3094;0.019400000;0.794310000
CVE-2006-3093;0.061420000;0.932530000
CVE-2006-3092;0.029650000;0.867660000
CVE-2006-3091;0.017590000;0.771960000
CVE-2006-3090;0.019390000;0.794160000
CVE-2006-3089;0.020350000;0.803980000
CVE-2006-3088;0.011670000;0.662380000
CVE-2006-3087;0.013420000;0.703760000
CVE-2006-3086;0.564610000;0.990340000
CVE-2006-3085;0.031410000;0.874770000
CVE-2006-3084;0.004980000;0.405630000
CVE-2006-3083;0.005280000;0.426830000
CVE-2006-3082;0.073060000;0.942000000
CVE-2006-3081;0.257990000;0.979200000
CVE-2006-3080;0.013420000;0.703760000
CVE-2006-3079;0.011800000;0.666290000
CVE-2006-3078;0.014130000;0.717820000
CVE-2006-3077;0.009400000;0.595950000
CVE-2006-3076;0.025700000;0.846300000
CVE-2006-3075;0.023690000;0.832320000
CVE-2006-3074;0.071840000;0.941220000
CVE-2006-3073;0.017320000;0.768270000
CVE-2006-3072;0.004710000;0.386010000
CVE-2006-3071;0.012930000;0.692970000
CVE-2006-3070;0.016490000;0.756860000
CVE-2006-3069;0.032450000;0.878910000
CVE-2006-3068;0.015960000;0.748810000
CVE-2006-3067;0.024910000;0.841080000
CVE-2006-3066;0.019720000;0.797370000
CVE-2006-3065;0.014820000;0.730610000
CVE-2006-3064;0.012990000;0.694400000
CVE-2006-3063;0.011740000;0.664260000
CVE-2006-3062;0.011740000;0.664280000
CVE-2006-3061;0.068100000;0.938230000
CVE-2006-3060;0.013690000;0.709460000
CVE-2006-3059;0.411130000;0.986280000
CVE-2006-3057;0.017850000;0.775470000
CVE-2006-3056;0.012850000;0.691330000
CVE-2006-3055;0.012850000;0.691340000
CVE-2006-3054;0.012990000;0.694390000
CVE-2006-3053;0.028880000;0.864160000
CVE-2006-3052;0.018420000;0.782720000
CVE-2006-3051;0.028480000;0.862290000
CVE-2006-3050;0.031070000;0.873400000
CVE-2006-3049;0.011800000;0.666330000
CVE-2006-3048;0.014440000;0.723590000
CVE-2006-3047;0.017990000;0.777290000
CVE-2006-3046;0.010480000;0.630180000
CVE-2006-3045;0.014920000;0.732330000
CVE-2006-3044;0.012200000;0.676360000
CVE-2006-3043;0.013430000;0.703980000
CVE-2006-3042;0.028750000;0.863570000
CVE-2006-3041;0.015080000;0.735290000
CVE-2006-3040;0.016700000;0.759730000
CVE-2006-3039;0.012200000;0.676370000
CVE-2006-3038;0.012200000;0.676370000
CVE-2006-3037;0.011740000;0.664270000
CVE-2006-3036;0.043480000;0.909320000
CVE-2006-3035;0.010500000;0.630540000
CVE-2006-3034;0.013920000;0.714000000
CVE-2006-3033;0.012260000;0.678050000
CVE-2006-3032;0.012990000;0.694400000
CVE-2006-3031;0.011800000;0.666340000
CVE-2006-3030;0.012990000;0.694400000
CVE-2006-3029;0.018220000;0.780290000
CVE-2006-3028;0.035640000;0.889820000
CVE-2006-3027;0.026880000;0.853660000
CVE-2006-3026;0.018220000;0.780300000
CVE-2006-3025;0.016880000;0.762450000
CVE-2006-3024;0.020400000;0.804530000
CVE-2006-3023;0.018220000;0.780290000
CVE-2006-3022;0.020210000;0.802690000
CVE-2006-3021;0.020210000;0.802700000
CVE-2006-3020;0.022210000;0.820770000
CVE-2006-3019;0.078840000;0.945470000
CVE-2006-3018;0.020090000;0.801670000
CVE-2006-3017;0.041360000;0.905340000
CVE-2006-3016;0.025450000;0.844720000
CVE-2006-3015;0.064530000;0.935320000
CVE-2006-3014;0.301010000;0.981710000
CVE-2006-3013;0.020910000;0.809650000
CVE-2006-3012;0.015310000;0.738730000
CVE-2006-3011;0.013420000;0.703810000
CVE-2006-3010;0.018440000;0.782960000
CVE-2006-3009;0.051360000;0.921540000
CVE-2006-3007;0.020400000;0.804520000
CVE-2006-3006;0.038850000;0.899210000
CVE-2006-3005;0.018990000;0.789520000
CVE-2006-3004;0.020520000;0.805830000
CVE-2006-3003;0.019790000;0.798160000
CVE-2006-3002;0.021460000;0.814500000
CVE-2006-3001;0.019820000;0.798400000
CVE-2006-3000;0.019350000;0.793600000
CVE-2006-2999;0.019350000;0.793600000
CVE-2006-2998;0.071070000;0.940590000
CVE-2006-2997;0.020300000;0.803560000
CVE-2006-2996;0.028240000;0.861080000
CVE-2006-2995;0.082950000;0.947680000
CVE-2006-2994;0.019760000;0.797710000
CVE-2006-2993;0.013810000;0.711780000
CVE-2006-2992;0.019760000;0.797710000
CVE-2006-2991;0.024290000;0.836750000
CVE-2006-2990;0.019760000;0.797730000
CVE-2006-2989;0.018220000;0.780290000
CVE-2006-2988;0.019760000;0.797720000
CVE-2006-2987;0.012010000;0.671530000
CVE-2006-2986;0.038850000;0.899220000
CVE-2006-2985;0.012990000;0.694380000
CVE-2006-2984;0.017890000;0.775900000
CVE-2006-2983;0.012880000;0.691850000
CVE-2006-2982;0.035660000;0.889900000
CVE-2006-2981;0.011140000;0.648570000
CVE-2006-2980;0.012010000;0.671520000
CVE-2006-2979;0.020770000;0.808220000
CVE-2006-2978;0.013920000;0.713990000
CVE-2006-2977;0.013370000;0.702510000
CVE-2006-2976;0.014080000;0.716930000
CVE-2006-2975;0.021870000;0.817720000
CVE-2006-2974;0.018830000;0.787630000
CVE-2006-2973;0.011100000;0.647520000
CVE-2006-2972;0.013810000;0.711770000
CVE-2006-2971;0.045480000;0.913000000
CVE-2006-2970;0.013920000;0.713990000
CVE-2006-2969;0.019760000;0.797720000
CVE-2006-2968;0.020400000;0.804530000
CVE-2006-2967;0.003910000;0.308450000
CVE-2006-2966;0.021980000;0.818830000
CVE-2006-2965;0.018220000;0.780300000
CVE-2006-2964;0.026420000;0.850790000
CVE-2006-2963;0.019760000;0.797720000
CVE-2006-2962;0.026850000;0.853390000
CVE-2006-2961;0.616730000;0.991500000
CVE-2006-2960;0.016700000;0.759740000
CVE-2006-2959;0.014770000;0.729740000
CVE-2006-2958;0.014120000;0.717720000
CVE-2006-2957;0.013790000;0.711480000
CVE-2006-2956;0.018220000;0.780280000
CVE-2006-2955;0.043130000;0.908670000
CVE-2006-2954;0.013370000;0.702530000
CVE-2006-2953;0.019760000;0.797710000
CVE-2006-2952;0.026240000;0.849600000
CVE-2006-2951;0.031770000;0.876200000
CVE-2006-2950;0.021030000;0.810800000
CVE-2006-2949;0.020210000;0.802700000
CVE-2006-2948;0.015320000;0.739100000
CVE-2006-2947;0.027980000;0.859790000
CVE-2006-2946;0.027680000;0.858150000
CVE-2006-2945;0.011370000;0.654040000
CVE-2006-2944;0.014910000;0.732210000
CVE-2006-2943;0.017090000;0.765410000
CVE-2006-2942;0.015750000;0.745920000
CVE-2006-2941;0.026020000;0.848310000
CVE-2006-2940;0.050040000;0.919870000
CVE-2006-2937;0.108430000;0.957350000
CVE-2006-2936;0.029600000;0.867440000
CVE-2006-2935;0.005750000;0.455240000
CVE-2006-2934;0.051980000;0.922310000
CVE-2006-2933;0.004020000;0.321140000
CVE-2006-2932;0.003850000;0.302440000
CVE-2006-2931;0.015060000;0.734740000
CVE-2006-2930;0.002380000;0.134940000
CVE-2006-2929;0.060640000;0.931800000
CVE-2006-2928;0.045840000;0.913620000
CVE-2006-2927;0.018220000;0.780300000
CVE-2006-2926;0.707020000;0.993810000
CVE-2006-2925;0.019660000;0.796710000
CVE-2006-2924;0.018140000;0.779240000
CVE-2006-2923;0.043800000;0.909990000
CVE-2006-2922;0.044620000;0.911490000
CVE-2006-2921;0.015670000;0.744700000
CVE-2006-2920;0.014350000;0.722020000
CVE-2006-2919;0.228450000;0.976780000
CVE-2006-2918;0.015760000;0.746030000
CVE-2006-2917;0.014260000;0.720310000
CVE-2006-2916;0.003850000;0.301740000
CVE-2006-2915;0.015920000;0.748330000
CVE-2006-2914;0.206580000;0.974610000
CVE-2006-2913;0.021320000;0.813340000
CVE-2006-2912;0.020040000;0.800830000
CVE-2006-2911;0.014130000;0.717830000
CVE-2006-2910;0.021190000;0.812160000
CVE-2006-2909;0.090330000;0.951420000
CVE-2006-2908;0.044030000;0.910320000
CVE-2006-2906;0.103530000;0.955920000
CVE-2006-2905;0.013920000;0.714000000
CVE-2006-2904;0.012140000;0.675060000
CVE-2006-2903;0.018130000;0.779150000
CVE-2006-2902;0.014700000;0.728460000
CVE-2006-2901;0.092150000;0.952050000
CVE-2006-2900;0.126100000;0.961340000
CVE-2006-2899;0.038020000;0.896900000
CVE-2006-2898;0.042930000;0.908300000
CVE-2006-2897;0.019050000;0.790140000
CVE-2006-2896;0.093640000;0.952570000
CVE-2006-2895;0.018530000;0.784180000
CVE-2006-2894;0.098250000;0.954230000
CVE-2006-2893;0.016570000;0.757860000
CVE-2006-2892;0.038240000;0.897570000
CVE-2006-2891;0.018830000;0.787630000
CVE-2006-2890;0.014560000;0.725700000
CVE-2006-2889;0.011360000;0.653750000
CVE-2006-2888;0.028070000;0.860250000
CVE-2006-2887;0.022710000;0.824680000
CVE-2006-2886;0.018020000;0.777680000
CVE-2006-2885;0.013420000;0.703720000
CVE-2006-2884;0.012910000;0.692420000
CVE-2006-2883;0.019450000;0.794850000
CVE-2006-2882;0.013940000;0.714370000
CVE-2006-2881;0.179660000;0.971080000
CVE-2006-2880;0.013090000;0.696300000
CVE-2006-2879;0.013370000;0.702510000
CVE-2006-2878;0.139250000;0.964390000
CVE-2006-2877;0.076050000;0.943780000
CVE-2006-2876;0.012550000;0.684690000
CVE-2006-2875;0.067780000;0.937980000
CVE-2006-2874;0.011130000;0.648200000
CVE-2006-2873;0.016960000;0.763500000
CVE-2006-2872;0.016700000;0.759740000
CVE-2006-2871;0.034150000;0.885110000
CVE-2006-2870;0.012260000;0.678050000
CVE-2006-2869;0.017070000;0.765150000
CVE-2006-2868;0.110610000;0.957990000
CVE-2006-2867;0.012500000;0.683580000
CVE-2006-2866;0.031770000;0.876180000
CVE-2006-2865;0.028200000;0.860960000
CVE-2006-2864;0.156000000;0.967460000
CVE-2006-2863;0.095500000;0.953270000
CVE-2006-2862;0.012140000;0.675070000
CVE-2006-2861;0.012360000;0.680340000
CVE-2006-2860;0.130280000;0.962360000
CVE-2006-2859;0.018140000;0.779210000
CVE-2006-2858;0.018250000;0.780620000
CVE-2006-2857;0.013650000;0.708520000
CVE-2006-2856;0.003830000;0.300030000
CVE-2006-2855;0.011350000;0.653610000
CVE-2006-2854;0.011350000;0.653610000
CVE-2006-2853;0.012910000;0.692410000
CVE-2006-2852;0.110820000;0.958050000
CVE-2006-2851;0.013650000;0.708630000
CVE-2006-2850;0.013500000;0.705410000
CVE-2006-2849;0.114850000;0.959030000
CVE-2006-2848;0.018020000;0.777690000
CVE-2006-2847;0.013000000;0.694500000
CVE-2006-2846;0.009510000;0.599440000
CVE-2006-2845;0.038360000;0.897900000
CVE-2006-2844;0.038360000;0.897900000
CVE-2006-2843;0.038360000;0.897890000
CVE-2006-2842;0.440160000;0.987160000
CVE-2006-2841;0.071210000;0.940710000
CVE-2006-2840;0.013090000;0.696300000
CVE-2006-2839;0.017640000;0.772650000
CVE-2006-2838;0.056900000;0.927710000
CVE-2006-2837;0.011800000;0.666300000
CVE-2006-2836;0.012140000;0.675070000
CVE-2006-2835;0.012770000;0.689550000
CVE-2006-2834;0.082480000;0.947430000
CVE-2006-2833;0.025360000;0.844090000
CVE-2006-2832;0.013650000;0.708550000
CVE-2006-2831;0.040740000;0.903890000
CVE-2006-2830;0.059830000;0.930930000
CVE-2006-2829;0.004730000;0.387440000
CVE-2006-2828;0.025250000;0.843350000
CVE-2006-2827;0.013290000;0.700620000
CVE-2006-2826;0.031160000;0.873760000
CVE-2006-2825;0.012410000;0.681330000
CVE-2006-2824;0.015530000;0.742620000
CVE-2006-2823;0.015820000;0.746890000
CVE-2006-2822;0.013370000;0.702520000
CVE-2006-2821;0.019350000;0.793610000
CVE-2006-2820;0.011800000;0.666350000
CVE-2006-2819;0.025370000;0.844170000
CVE-2006-2818;0.028070000;0.860240000
CVE-2006-2817;0.011350000;0.653620000
CVE-2006-2816;0.011800000;0.666350000
CVE-2006-2815;0.014880000;0.731750000
CVE-2006-2814;0.056830000;0.927650000
CVE-2006-2813;0.022260000;0.821220000
CVE-2006-2812;0.011510000;0.658230000
CVE-2006-2811;0.173860000;0.970400000
CVE-2006-2810;0.015770000;0.746180000
CVE-2006-2809;0.012950000;0.693380000
CVE-2006-2808;0.012220000;0.676820000
CVE-2006-2807;0.040590000;0.903560000
CVE-2006-2806;0.066050000;0.936540000
CVE-2006-2805;0.008830000;0.577940000
CVE-2006-2804;0.013090000;0.696290000
CVE-2006-2803;0.021020000;0.810720000
CVE-2006-2802;0.110890000;0.958070000
CVE-2006-2801;0.012140000;0.675030000
CVE-2006-2800;0.011220000;0.650510000
CVE-2006-2799;0.013090000;0.696290000
CVE-2006-2798;0.022350000;0.822020000
CVE-2006-2797;0.020630000;0.806890000
CVE-2006-2796;0.014390000;0.722540000
CVE-2006-2795;0.014230000;0.719730000
CVE-2006-2794;0.029750000;0.868070000
CVE-2006-2793;0.013230000;0.699190000
CVE-2006-2792;0.012140000;0.675040000
CVE-2006-2791;0.016890000;0.762620000
CVE-2006-2790;0.003470000;0.260320000
CVE-2006-2789;0.020770000;0.808250000
CVE-2006-2788;0.043660000;0.909670000
CVE-2006-2787;0.027530000;0.857270000
CVE-2006-2786;0.017660000;0.773000000
CVE-2006-2785;0.015480000;0.741710000
CVE-2006-2784;0.017870000;0.775650000
CVE-2006-2783;0.016700000;0.759800000
CVE-2006-2782;0.016770000;0.760830000
CVE-2006-2781;0.033150000;0.881880000
CVE-2006-2780;0.072510000;0.941630000
CVE-2006-2779;0.069600000;0.939380000
CVE-2006-2778;0.049070000;0.918460000
CVE-2006-2777;0.060270000;0.931390000
CVE-2006-2776;0.062430000;0.933490000
CVE-2006-2775;0.045660000;0.913300000
CVE-2006-2774;0.014880000;0.731750000
CVE-2006-2773;0.015950000;0.748780000
CVE-2006-2772;0.014390000;0.722540000
CVE-2006-2771;0.025090000;0.842220000
CVE-2006-2770;0.034800000;0.887340000
CVE-2006-2769;0.108130000;0.957290000
CVE-2006-2768;0.067450000;0.937730000
CVE-2006-2767;0.033810000;0.884050000
CVE-2006-2766;0.479190000;0.988220000
CVE-2006-2765;0.012200000;0.676380000
CVE-2006-2764;0.011670000;0.662350000
CVE-2006-2763;0.028680000;0.863250000
CVE-2006-2762;0.021690000;0.816410000
CVE-2006-2761;0.012730000;0.688840000
CVE-2006-2760;0.013370000;0.702510000
CVE-2006-2759;0.013500000;0.705460000
CVE-2006-2758;0.040130000;0.902590000
CVE-2006-2757;0.016760000;0.760600000
CVE-2006-2756;0.018250000;0.780640000
CVE-2006-2755;0.022980000;0.826950000
CVE-2006-2754;0.044870000;0.911870000
CVE-2006-2753;0.035360000;0.888980000
CVE-2006-2752;0.012460000;0.682540000
CVE-2006-2751;0.012990000;0.694470000
CVE-2006-2750;0.016760000;0.760600000
CVE-2006-2749;0.013460000;0.704500000
CVE-2006-2748;0.017240000;0.767270000
CVE-2006-2747;0.027230000;0.855550000
CVE-2006-2746;0.030880000;0.872750000
CVE-2006-2745;0.067960000;0.938120000
CVE-2006-2744;0.098610000;0.954350000
CVE-2006-2743;0.111150000;0.958190000
CVE-2006-2742;0.014440000;0.723580000
CVE-2006-2741;0.016380000;0.755170000
CVE-2006-2740;0.039710000;0.901620000
CVE-2006-2739;0.087970000;0.950370000
CVE-2006-2738;0.018060000;0.778200000
CVE-2006-2737;0.033520000;0.883090000
CVE-2006-2736;0.043540000;0.909430000
CVE-2006-2735;0.070150000;0.939870000
CVE-2006-2734;0.015640000;0.744260000
CVE-2006-2733;0.014090000;0.717000000
CVE-2006-2732;0.020080000;0.801540000
CVE-2006-2731;0.040620000;0.903610000
CVE-2006-2730;0.026780000;0.853080000
CVE-2006-2729;0.011610000;0.660770000
CVE-2006-2728;0.019500000;0.795310000
CVE-2006-2727;0.016890000;0.762530000
CVE-2006-2726;0.194930000;0.973030000
CVE-2006-2725;0.017670000;0.773090000
CVE-2006-2724;0.013090000;0.696300000
CVE-2006-2723;0.029980000;0.869060000
CVE-2006-2722;0.011140000;0.648550000
CVE-2006-2721;0.011100000;0.647570000
CVE-2006-2720;0.012010000;0.671520000
CVE-2006-2719;0.004520000;0.370630000
CVE-2006-2718;0.015380000;0.740050000
CVE-2006-2717;0.018820000;0.787500000
CVE-2006-2716;0.021510000;0.814990000
CVE-2006-2715;0.021510000;0.815000000
CVE-2006-2714;0.018770000;0.786960000
CVE-2006-2713;0.019290000;0.792780000
CVE-2006-2712;0.026280000;0.849900000
CVE-2006-2711;0.019290000;0.792770000
CVE-2006-2710;0.018920000;0.788830000
CVE-2006-2709;0.036810000;0.893370000
CVE-2006-2708;0.023790000;0.833030000
CVE-2006-2707;0.011410000;0.655190000
CVE-2006-2706;0.021690000;0.816360000
CVE-2006-2705;0.021690000;0.816360000
CVE-2006-2704;0.021190000;0.812130000
CVE-2006-2703;0.010460000;0.629640000
CVE-2006-2702;0.029240000;0.865920000
CVE-2006-2701;0.013140000;0.697230000
CVE-2006-2700;0.014440000;0.723570000
CVE-2006-2699;0.024440000;0.837710000
CVE-2006-2698;0.020820000;0.808720000
CVE-2006-2697;0.011110000;0.647720000
CVE-2006-2696;0.018220000;0.780260000
CVE-2006-2695;0.023090000;0.827830000
CVE-2006-2694;0.016390000;0.755280000
CVE-2006-2693;0.022110000;0.819950000
CVE-2006-2692;0.016830000;0.761780000
CVE-2006-2691;0.013920000;0.713990000
CVE-2006-2690;0.014960000;0.732870000
CVE-2006-2689;0.019890000;0.799200000
CVE-2006-2688;0.013150000;0.697500000
CVE-2006-2687;0.011500000;0.657820000
CVE-2006-2686;0.136250000;0.963720000
CVE-2006-2685;0.491850000;0.988540000
CVE-2006-2684;0.012990000;0.694460000
CVE-2006-2683;0.022890000;0.826190000
CVE-2006-2682;0.024350000;0.837140000
CVE-2006-2681;0.023140000;0.828170000
CVE-2006-2680;0.018800000;0.787300000
CVE-2006-2679;0.003680000;0.284050000
CVE-2006-2678;0.028380000;0.861790000
CVE-2006-2677;0.013770000;0.711050000
CVE-2006-2676;0.013770000;0.711050000
CVE-2006-2675;0.025200000;0.843090000
CVE-2006-2674;0.014130000;0.717830000
CVE-2006-2673;0.015840000;0.747150000
CVE-2006-2672;0.015930000;0.748480000
CVE-2006-2671;0.011560000;0.659320000
CVE-2006-2670;0.011800000;0.666280000
CVE-2006-2669;0.016760000;0.760600000
CVE-2006-2668;0.039120000;0.899870000
CVE-2006-2667;0.145300000;0.965460000
CVE-2006-2666;0.035640000;0.889820000
CVE-2006-2665;0.087550000;0.950180000
CVE-2006-2664;0.013420000;0.703750000
CVE-2006-2663;0.020400000;0.804520000
CVE-2006-2662;0.003380000;0.249860000
CVE-2006-2661;0.164700000;0.969020000
CVE-2006-2660;0.003540000;0.268130000
CVE-2006-2659;0.024000000;0.834500000
CVE-2006-2658;0.038620000;0.898650000
CVE-2006-2656;0.144150000;0.965280000
CVE-2006-2655;0.015200000;0.737030000
CVE-2006-2654;0.027510000;0.857020000
CVE-2006-2653;0.018890000;0.788370000
CVE-2006-2652;0.014880000;0.731740000
CVE-2006-2651;0.013350000;0.702070000
CVE-2006-2650;0.018250000;0.780620000
CVE-2006-2649;0.021940000;0.818310000
CVE-2006-2648;0.023720000;0.832580000
CVE-2006-2647;0.003950000;0.313910000
CVE-2006-2646;0.045500000;0.913050000
CVE-2006-2645;0.055990000;0.926720000
CVE-2006-2644;0.027120000;0.855000000
CVE-2006-2643;0.011670000;0.662350000
CVE-2006-2642;0.012990000;0.694430000
CVE-2006-2641;0.012990000;0.694440000
CVE-2006-2640;0.011800000;0.666310000
CVE-2006-2639;0.012990000;0.694440000
CVE-2006-2638;0.012100000;0.673980000
CVE-2006-2637;0.019590000;0.796120000
CVE-2006-2636;0.036290000;0.891870000
CVE-2006-2635;0.038070000;0.897070000
CVE-2006-2634;0.013960000;0.714630000
CVE-2006-2633;0.012720000;0.688630000
CVE-2006-2632;0.011090000;0.647170000
CVE-2006-2631;0.012150000;0.675230000
CVE-2006-2630;0.735580000;0.994570000
CVE-2006-2629;0.006520000;0.494390000
CVE-2006-2618;0.011800000;0.666370000
CVE-2006-2617;0.016540000;0.757410000
CVE-2006-2616;0.014130000;0.717820000
CVE-2006-2615;0.022160000;0.820380000
CVE-2006-2614;0.003810000;0.297650000
CVE-2006-2613;0.016640000;0.758950000
CVE-2006-2612;0.003700000;0.286610000
CVE-2006-2611;0.018480000;0.783450000
CVE-2006-2610;0.012200000;0.676370000
CVE-2006-2609;0.010920000;0.642410000
CVE-2006-2608;0.026370000;0.850480000
CVE-2006-2607;0.005650000;0.449510000
CVE-2006-2606;0.013420000;0.703780000
CVE-2006-2605;0.013730000;0.710380000
CVE-2006-2592;0.015530000;0.742610000
CVE-2006-2591;0.011600000;0.660100000
CVE-2006-2590;0.011560000;0.659320000
CVE-2006-2589;0.011440000;0.655820000
CVE-2006-2588;0.013540000;0.706500000
CVE-2006-2587;0.051080000;0.921230000
CVE-2006-2586;0.010380000;0.627230000
CVE-2006-2585;0.011440000;0.655820000
CVE-2006-2584;0.011800000;0.666290000
CVE-2006-2583;0.070710000;0.940300000
CVE-2006-2582;0.015550000;0.742940000
CVE-2006-2581;0.018020000;0.777680000
CVE-2006-2580;0.033630000;0.883480000
CVE-2006-2579;0.062460000;0.933530000
CVE-2006-2578;0.013240000;0.699520000
CVE-2006-2577;0.024130000;0.835520000
CVE-2006-2576;0.091110000;0.951690000
CVE-2006-2575;0.046530000;0.914690000
CVE-2006-2574;0.005070000;0.411710000
CVE-2006-2573;0.010920000;0.642430000
CVE-2006-2572;0.013660000;0.708890000
CVE-2006-2571;0.013580000;0.707280000
CVE-2006-2570;0.025370000;0.844180000
CVE-2006-2569;0.011360000;0.653940000
CVE-2006-2568;0.078730000;0.945390000
CVE-2006-2567;0.011800000;0.666280000
CVE-2006-2566;0.013920000;0.714010000
CVE-2006-2565;0.013370000;0.702500000
CVE-2006-2564;0.012990000;0.694450000
CVE-2006-2563;0.004080000;0.327190000
CVE-2006-2562;0.015480000;0.741770000
CVE-2006-2561;0.015480000;0.741770000
CVE-2006-2560;0.015480000;0.741770000
CVE-2006-2559;0.017040000;0.764720000
CVE-2006-2558;0.013420000;0.703720000
CVE-2006-2557;0.139960000;0.964520000
CVE-2006-2556;0.011800000;0.666330000
CVE-2006-2555;0.089010000;0.950890000
CVE-2006-2554;0.124580000;0.961030000
CVE-2006-2553;0.013690000;0.709300000
CVE-2006-2552;0.014590000;0.726380000
CVE-2006-2551;0.004860000;0.396110000
CVE-2006-2550;0.043370000;0.909080000
CVE-2006-2549;0.042720000;0.907950000
CVE-2006-2548;0.132820000;0.962850000
CVE-2006-2547;0.033690000;0.883690000
CVE-2006-2546;0.016200000;0.752490000
CVE-2006-2545;0.011630000;0.661130000
CVE-2006-2544;0.010800000;0.639110000
CVE-2006-2543;0.012020000;0.671790000
CVE-2006-2542;0.003850000;0.301900000
CVE-2006-2541;0.021250000;0.812710000
CVE-2006-2540;0.011920000;0.669370000
CVE-2006-2539;0.003020000;0.208890000
CVE-2006-2538;0.018900000;0.788420000
CVE-2006-2537;0.047970000;0.916780000
CVE-2006-2536;0.012990000;0.694450000
CVE-2006-2535;0.017980000;0.777060000
CVE-2006-2534;0.013400000;0.703250000
CVE-2006-2533;0.013420000;0.703730000
CVE-2006-2532;0.011440000;0.655810000
CVE-2006-2531;0.073600000;0.942330000
CVE-2006-2530;0.016490000;0.756860000
CVE-2006-2529;0.024220000;0.836210000
CVE-2006-2528;0.029810000;0.868330000
CVE-2006-2527;0.033470000;0.882920000
CVE-2006-2526;0.016030000;0.749960000
CVE-2006-2525;0.012730000;0.688840000
CVE-2006-2524;0.014410000;0.723040000
CVE-2006-2523;0.030030000;0.869330000
CVE-2006-2522;0.018570000;0.784620000
CVE-2006-2521;0.026870000;0.853600000
CVE-2006-2520;0.020430000;0.804870000
CVE-2006-2519;0.016490000;0.756850000
CVE-2006-2518;0.013870000;0.713010000
CVE-2006-2517;0.012140000;0.675040000
CVE-2006-2516;0.063510000;0.934430000
CVE-2006-2515;0.014410000;0.723040000
CVE-2006-2514;0.015530000;0.742610000
CVE-2006-2513;0.024900000;0.840920000
CVE-2006-2512;0.011370000;0.654080000
CVE-2006-2511;0.012650000;0.687210000
CVE-2006-2510;0.012950000;0.693380000
CVE-2006-2509;0.011140000;0.648540000
CVE-2006-2508;0.025790000;0.846870000
CVE-2006-2507;0.041870000;0.906310000
CVE-2006-2506;0.016360000;0.754930000
CVE-2006-2505;0.020860000;0.809110000
CVE-2006-2504;0.018440000;0.782960000
CVE-2006-2503;0.012910000;0.692430000
CVE-2006-2502;0.533330000;0.989570000
CVE-2006-2501;0.033980000;0.884570000
CVE-2006-2500;0.016360000;0.754930000
CVE-2006-2499;0.012910000;0.692430000
CVE-2006-2498;0.018450000;0.783110000
CVE-2006-2497;0.020720000;0.807740000
CVE-2006-2496;0.092190000;0.952110000
CVE-2006-2495;0.015360000;0.739680000
CVE-2006-2494;0.052730000;0.923180000
CVE-2006-2492;0.481070000;0.988240000
CVE-2006-2491;0.027520000;0.857080000
CVE-2006-2490;0.028830000;0.863940000
CVE-2006-2489;0.054310000;0.924750000
CVE-2006-2488;0.012260000;0.678050000
CVE-2006-2487;0.041920000;0.906410000
CVE-2006-2486;0.011560000;0.659330000
CVE-2006-2485;0.044320000;0.910850000
CVE-2006-2484;0.012260000;0.678050000
CVE-2006-2483;0.075380000;0.943350000
CVE-2006-2482;0.028380000;0.861820000
CVE-2006-2481;0.071940000;0.941280000
CVE-2006-2480;0.076280000;0.943940000
CVE-2006-2479;0.019110000;0.790930000
CVE-2006-2478;0.016370000;0.755100000
CVE-2006-2477;0.011500000;0.657820000
CVE-2006-2476;0.022180000;0.820560000
CVE-2006-2475;0.017120000;0.765730000
CVE-2006-2474;0.012500000;0.683590000
CVE-2006-2473;0.019410000;0.794380000
CVE-2006-2472;0.003520000;0.266050000
CVE-2006-2471;0.013920000;0.713980000
CVE-2006-2470;0.018230000;0.780360000
CVE-2006-2469;0.013300000;0.700700000
CVE-2006-2468;0.012240000;0.677640000
CVE-2006-2467;0.012240000;0.677640000
CVE-2006-2466;0.012180000;0.675810000
CVE-2006-2465;0.053870000;0.924310000
CVE-2006-2464;0.003320000;0.241660000
CVE-2006-2463;0.012690000;0.687820000
CVE-2006-2462;0.013920000;0.714020000
CVE-2006-2461;0.021060000;0.810980000
CVE-2006-2460;0.100060000;0.954830000
CVE-2006-2459;0.020650000;0.807050000
CVE-2006-2458;0.089300000;0.950980000
CVE-2006-2453;0.022410000;0.822550000
CVE-2006-2452;0.003600000;0.274520000
CVE-2006-2451;0.043870000;0.910100000
CVE-2006-2450;0.043630000;0.909620000
CVE-2006-2449;0.003760000;0.292630000
CVE-2006-2448;0.003660000;0.281530000
CVE-2006-2447;0.758100000;0.995120000
CVE-2006-2446;0.034360000;0.885830000
CVE-2006-2445;0.003760000;0.292180000
CVE-2006-2444;0.221090000;0.976060000
CVE-2006-2443;0.003310000;0.240400000
CVE-2006-2442;0.003390000;0.250570000
CVE-2006-2441;0.012300000;0.678910000
CVE-2006-2440;0.028630000;0.862980000
CVE-2006-2439;0.073020000;0.941980000
CVE-2006-2438;0.024300000;0.836860000
CVE-2006-2437;0.067540000;0.937790000
CVE-2006-2436;0.019820000;0.798390000
CVE-2006-2435;0.025680000;0.846190000
CVE-2006-2434;0.017420000;0.769560000
CVE-2006-2433;0.018790000;0.787280000
CVE-2006-2432;0.025370000;0.844150000
CVE-2006-2431;0.030070000;0.869520000
CVE-2006-2430;0.028350000;0.861610000
CVE-2006-2429;0.019410000;0.794340000
CVE-2006-2428;0.039560000;0.901200000
CVE-2006-2427;0.004780000;0.390550000
CVE-2006-2426;0.126920000;0.961530000
CVE-2006-2425;0.020740000;0.807990000
CVE-2006-2424;0.032840000;0.880670000
CVE-2006-2423;0.020880000;0.809400000
CVE-2006-2422;0.013920000;0.714020000
CVE-2006-2421;0.031780000;0.876220000
CVE-2006-2420;0.015370000;0.739810000
CVE-2006-2419;0.012210000;0.676690000
CVE-2006-2418;0.018520000;0.783970000
CVE-2006-2417;0.020850000;0.809080000
CVE-2006-2416;0.012410000;0.681480000
CVE-2006-2415;0.013420000;0.703780000
CVE-2006-2414;0.023900000;0.833850000
CVE-2006-2413;0.050410000;0.920390000
CVE-2006-2412;0.037040000;0.894080000
CVE-2006-2411;0.056110000;0.926850000
CVE-2006-2410;0.037040000;0.894090000
CVE-2006-2409;0.008940000;0.581050000
CVE-2006-2408;0.060310000;0.931450000
CVE-2006-2407;0.713750000;0.993980000
CVE-2006-2406;0.023100000;0.827880000
CVE-2006-2405;0.033660000;0.883570000
CVE-2006-2404;0.032740000;0.880260000
CVE-2006-2403;0.024270000;0.836630000
CVE-2006-2402;0.029460000;0.866910000
CVE-2006-2401;0.040920000;0.904280000
CVE-2006-2400;0.040920000;0.904280000
CVE-2006-2399;0.057360000;0.928290000
CVE-2006-2398;0.042260000;0.907110000
CVE-2006-2397;0.027550000;0.857360000
CVE-2006-2396;0.019520000;0.795490000
CVE-2006-2395;0.035830000;0.890540000
CVE-2006-2394;0.012820000;0.690670000
CVE-2006-2393;0.037580000;0.895660000
CVE-2006-2392;0.076750000;0.944200000
CVE-2006-2391;0.081440000;0.946890000
CVE-2006-2390;0.017730000;0.774030000
CVE-2006-2389;0.387230000;0.985440000
CVE-2006-2388;0.107840000;0.957170000
CVE-2006-2387;0.125210000;0.961160000
CVE-2006-2386;0.289180000;0.981080000
CVE-2006-2385;0.201470000;0.973910000
CVE-2006-2384;0.191540000;0.972530000
CVE-2006-2383;0.402960000;0.986020000
CVE-2006-2382;0.485690000;0.988370000
CVE-2006-2380;0.178400000;0.970930000
CVE-2006-2379;0.540600000;0.989780000
CVE-2006-2378;0.347890000;0.983870000
CVE-2006-2376;0.410980000;0.986270000
CVE-2006-2374;0.017480000;0.770420000
CVE-2006-2373;0.291720000;0.981230000
CVE-2006-2372;0.902330000;0.997960000
CVE-2006-2371;0.225970000;0.976590000
CVE-2006-2370;0.701440000;0.993640000
CVE-2006-2369;0.923550000;0.998220000
CVE-2006-2368;0.014120000;0.717570000
CVE-2006-2367;0.013500000;0.705410000
CVE-2006-2366;0.012130000;0.674820000
CVE-2006-2365;0.015470000;0.741440000
CVE-2006-2364;0.012820000;0.690670000
CVE-2006-2363;0.022720000;0.824780000
CVE-2006-2362;0.144940000;0.965400000
CVE-2006-2361;0.032480000;0.879060000
CVE-2006-2360;0.011230000;0.650700000
CVE-2006-2359;0.009950000;0.613590000
CVE-2006-2358;0.011800000;0.666340000
CVE-2006-2357;0.035300000;0.888840000
CVE-2006-2356;0.055500000;0.926060000
CVE-2006-2355;0.037920000;0.896620000
CVE-2006-2354;0.037920000;0.896620000
CVE-2006-2353;0.031280000;0.874290000
CVE-2006-2352;0.025020000;0.841770000
CVE-2006-2351;0.045480000;0.913010000
CVE-2006-2349;0.087200000;0.949980000
CVE-2006-2348;0.012000000;0.671330000
CVE-2006-2347;0.013510000;0.705710000
CVE-2006-2346;0.017090000;0.765410000
CVE-2006-2345;0.010570000;0.632630000
CVE-2006-2344;0.012510000;0.683950000
CVE-2006-2343;0.011800000;0.666270000
CVE-2006-2342;0.027420000;0.856580000
CVE-2006-2341;0.037870000;0.896490000
CVE-2006-2340;0.013420000;0.703770000
CVE-2006-2339;0.012630000;0.686810000
CVE-2006-2338;0.015360000;0.739680000
CVE-2006-2337;0.017620000;0.772380000
CVE-2006-2336;0.010990000;0.644870000
CVE-2006-2335;0.033860000;0.884190000
CVE-2006-2334;0.033480000;0.882960000
CVE-2006-2333;0.012370000;0.680520000
CVE-2006-2332;0.011790000;0.665930000
CVE-2006-2331;0.043570000;0.909480000
CVE-2006-2330;0.078350000;0.945120000
CVE-2006-2329;0.022870000;0.826060000
CVE-2006-2328;0.011560000;0.659330000
CVE-2006-2327;0.048660000;0.917810000
CVE-2006-2326;0.016460000;0.756380000
CVE-2006-2325;0.014170000;0.718570000
CVE-2006-2324;0.031090000;0.873480000
CVE-2006-2323;0.098470000;0.954300000
CVE-2006-2322;0.015400000;0.740310000
CVE-2006-2321;0.013730000;0.710380000
CVE-2006-2320;0.014130000;0.717830000
CVE-2006-2319;0.019220000;0.792150000
CVE-2006-2318;0.024130000;0.835520000
CVE-2006-2317;0.019370000;0.793820000
CVE-2006-2316;0.008660000;0.572710000
CVE-2006-2315;0.048280000;0.917210000
CVE-2006-2314;0.027920000;0.859460000
CVE-2006-2313;0.027920000;0.859460000
CVE-2006-2312;0.041490000;0.905530000
CVE-2006-2311;0.012200000;0.676380000
CVE-2006-2310;0.067990000;0.938140000
CVE-2006-2309;0.016090000;0.750810000
CVE-2006-2308;0.016440000;0.756070000
CVE-2006-2307;0.013420000;0.703750000
CVE-2006-2306;0.029060000;0.865070000
CVE-2006-2305;0.011800000;0.666360000
CVE-2006-2304;0.082460000;0.947420000
CVE-2006-2303;0.015760000;0.746030000
CVE-2006-2302;0.012990000;0.694380000
CVE-2006-2301;0.015120000;0.735800000
CVE-2006-2300;0.017390000;0.769170000
CVE-2006-2298;0.027640000;0.857950000
CVE-2006-2297;0.193570000;0.972800000
CVE-2006-2296;0.012100000;0.673980000
CVE-2006-2295;0.029690000;0.867830000
CVE-2006-2294;0.021370000;0.813730000
CVE-2006-2293;0.012100000;0.673980000
CVE-2006-2292;0.013150000;0.697510000
CVE-2006-2291;0.011800000;0.666350000
CVE-2006-2290;0.013090000;0.696300000
CVE-2006-2289;0.004730000;0.386900000
CVE-2006-2288;0.003390000;0.250570000
CVE-2006-2287;0.011800000;0.666310000
CVE-2006-2286;0.015090000;0.735360000
CVE-2006-2285;0.041380000;0.905360000
CVE-2006-2284;0.066510000;0.936840000
CVE-2006-2283;0.021100000;0.811390000
CVE-2006-2282;0.013420000;0.703770000
CVE-2006-2281;0.019880000;0.799070000
CVE-2006-2280;0.035110000;0.888320000
CVE-2006-2279;0.021480000;0.814680000
CVE-2006-2278;0.015820000;0.746890000
CVE-2006-2277;0.073920000;0.942520000
CVE-2006-2276;0.005280000;0.427140000
CVE-2006-2275;0.036020000;0.891090000
CVE-2006-2274;0.038150000;0.897370000
CVE-2006-2273;0.032540000;0.879550000
CVE-2006-2272;0.043420000;0.909170000
CVE-2006-2271;0.043420000;0.909170000
CVE-2006-2270;0.141410000;0.964760000
CVE-2006-2269;0.017110000;0.765720000
CVE-2006-2268;0.020210000;0.802680000
CVE-2006-2267;0.032150000;0.877800000
CVE-2006-2266;0.012140000;0.675020000
CVE-2006-2265;0.020080000;0.801550000
CVE-2006-2264;0.011430000;0.655640000
CVE-2006-2263;0.013590000;0.707380000
CVE-2006-2262;0.021660000;0.816160000
CVE-2006-2261;0.032480000;0.879070000
CVE-2006-2260;0.012070000;0.672830000
CVE-2006-2259;0.013370000;0.702510000
CVE-2006-2258;0.013430000;0.703980000
CVE-2006-2257;0.012990000;0.694410000
CVE-2006-2256;0.073050000;0.941990000
CVE-2006-2255;0.023760000;0.832780000
CVE-2006-2254;0.038730000;0.898930000
CVE-2006-2253;0.035270000;0.888750000
CVE-2006-2252;0.028630000;0.862990000
CVE-2006-2251;0.013660000;0.708710000
CVE-2006-2250;0.013540000;0.706490000
CVE-2006-2249;0.020740000;0.807990000
CVE-2006-2248;0.015320000;0.739100000
CVE-2006-2247;0.016550000;0.757620000
CVE-2006-2246;0.014580000;0.726190000
CVE-2006-2245;0.075620000;0.943500000
CVE-2006-2244;0.012370000;0.680530000
CVE-2006-2243;0.011430000;0.655730000
CVE-2006-2242;0.037370000;0.895090000
CVE-2006-2241;0.037580000;0.895650000
CVE-2006-2240;0.021690000;0.816350000
CVE-2006-2239;0.013370000;0.702520000
CVE-2006-2238;0.068560000;0.938550000
CVE-2006-2237;0.583560000;0.990750000
CVE-2006-2236;0.075900000;0.943680000
CVE-2006-2235;0.025130000;0.842570000
CVE-2006-2234;0.012950000;0.693380000
CVE-2006-2233;0.071470000;0.940910000
CVE-2006-2232;0.012260000;0.678060000
CVE-2006-2231;0.013420000;0.703720000
CVE-2006-2230;0.070950000;0.940490000
CVE-2006-2229;0.013460000;0.704620000
CVE-2006-2228;0.020640000;0.807040000
CVE-2006-2227;0.016760000;0.760610000
CVE-2006-2226;0.035010000;0.888020000
CVE-2006-2225;0.060310000;0.931450000
CVE-2006-2224;0.103580000;0.955930000
CVE-2006-2223;0.112800000;0.958560000
CVE-2006-2222;0.039990000;0.902270000
CVE-2006-2221;0.003710000;0.287690000
CVE-2006-2220;0.013420000;0.703710000
CVE-2006-2219;0.015380000;0.740090000
CVE-2006-2218;0.327840000;0.983060000
CVE-2006-2217;0.009750000;0.607840000
CVE-2006-2216;0.013770000;0.711080000
CVE-2006-2214;0.026650000;0.852260000
CVE-2006-2213;0.023160000;0.828380000
CVE-2006-2212;0.588560000;0.990860000
CVE-2006-2211;0.032260000;0.878250000
CVE-2006-2210;0.020750000;0.808050000
CVE-2006-2209;0.012230000;0.677440000
CVE-2006-2208;0.018670000;0.785710000
CVE-2006-2206;0.021410000;0.814050000
CVE-2006-2205;0.003350000;0.245920000
CVE-2006-2204;0.011090000;0.647440000
CVE-2006-2203;0.011830000;0.666920000
CVE-2006-2202;0.015760000;0.746040000
CVE-2006-2201;0.004130000;0.333650000
CVE-2006-2200;0.043060000;0.908550000
CVE-2006-2199;0.034730000;0.887100000
CVE-2006-2198;0.034730000;0.887100000
CVE-2006-2197;0.025500000;0.844990000
CVE-2006-2196;0.003510000;0.265020000
CVE-2006-2195;0.022200000;0.820730000
CVE-2006-2194;0.003950000;0.313660000
CVE-2006-2193;0.054140000;0.924590000
CVE-2006-2191;0.026030000;0.848380000
CVE-2006-2190;0.016020000;0.749730000
CVE-2006-2189;0.023950000;0.834220000
CVE-2006-2188;0.025720000;0.846420000
CVE-2006-2187;0.020350000;0.804020000
CVE-2006-2186;0.015220000;0.737320000
CVE-2006-2185;0.016160000;0.751810000
CVE-2006-2184;0.011800000;0.666350000
CVE-2006-2183;0.005730000;0.453880000
CVE-2006-2182;0.075890000;0.943670000
CVE-2006-2181;0.037820000;0.896350000
CVE-2006-2180;0.068400000;0.938420000
CVE-2006-2179;0.026650000;0.852260000
CVE-2006-2178;0.015380000;0.740070000
CVE-2006-2177;0.016880000;0.762460000
CVE-2006-2176;0.017900000;0.775990000
CVE-2006-2175;0.088690000;0.950710000
CVE-2006-2174;0.019300000;0.792970000
CVE-2006-2173;0.064990000;0.935690000
CVE-2006-2172;0.041970000;0.906510000
CVE-2006-2171;0.046030000;0.913910000
CVE-2006-2170;0.053000000;0.923420000
CVE-2006-2169;0.012400000;0.681220000
CVE-2006-2168;0.017260000;0.767510000
CVE-2006-2167;0.012990000;0.694470000
CVE-2006-2166;0.016160000;0.751890000
CVE-2006-2165;0.010230000;0.622430000
CVE-2006-2164;0.013370000;0.702530000
CVE-2006-2163;0.017710000;0.773780000
CVE-2006-2162;0.047280000;0.915770000
CVE-2006-2161;0.035950000;0.890880000
CVE-2006-2160;0.011800000;0.666270000
CVE-2006-2159;0.013540000;0.706490000
CVE-2006-2158;0.016030000;0.749960000
CVE-2006-2157;0.011140000;0.648560000
CVE-2006-2156;0.079220000;0.945630000
CVE-2006-2155;0.003800000;0.296690000
CVE-2006-2154;0.003900000;0.308160000
CVE-2006-2153;0.011800000;0.666290000
CVE-2006-2152;0.083410000;0.948000000
CVE-2006-2151;0.109780000;0.957770000
CVE-2006-2150;0.020090000;0.801630000
CVE-2006-2149;0.076750000;0.944200000
CVE-2006-2148;0.046240000;0.914270000
CVE-2006-2147;0.003780000;0.294850000
CVE-2006-2146;0.012990000;0.694410000
CVE-2006-2145;0.013640000;0.708420000
CVE-2006-2144;0.038310000;0.897760000
CVE-2006-2143;0.019300000;0.792970000
CVE-2006-2142;0.079210000;0.945630000
CVE-2006-2141;0.038240000;0.897570000
CVE-2006-2140;0.019770000;0.797850000
CVE-2006-2139;0.016420000;0.755770000
CVE-2006-2138;0.019270000;0.792650000
CVE-2006-2137;0.036410000;0.892250000
CVE-2006-2136;0.013390000;0.703030000
CVE-2006-2135;0.012140000;0.675030000
CVE-2006-2134;0.094990000;0.953060000
CVE-2006-2133;0.011140000;0.648560000
CVE-2006-2132;0.009020000;0.583670000
CVE-2006-2131;0.016150000;0.751730000
CVE-2006-2130;0.010920000;0.642430000
CVE-2006-2129;0.012150000;0.675230000
CVE-2006-2128;0.018520000;0.783970000
CVE-2006-2127;0.016360000;0.754900000
CVE-2006-2126;0.012100000;0.673980000
CVE-2006-2124;0.018800000;0.787310000
CVE-2006-2123;0.012730000;0.688850000
CVE-2006-2122;0.042980000;0.908390000
CVE-2006-2121;0.037920000;0.896630000
CVE-2006-2120;0.007990000;0.550180000
CVE-2006-2119;0.059310000;0.930440000
CVE-2006-2118;0.017260000;0.767510000
CVE-2006-2117;0.014010000;0.715740000
CVE-2006-2116;0.026740000;0.852870000
CVE-2006-2115;0.032860000;0.880770000
CVE-2006-2114;0.037030000;0.894060000
CVE-2006-2113;0.019260000;0.792490000
CVE-2006-2112;0.022060000;0.819520000
CVE-2006-2111;0.403100000;0.986030000
CVE-2006-2110;0.004690000;0.383830000
CVE-2006-2109;0.022920000;0.826450000
CVE-2006-2108;0.037910000;0.896610000
CVE-2006-2107;0.048360000;0.917350000
CVE-2006-2106;0.013690000;0.709300000
CVE-2006-2105;0.012750000;0.689280000
CVE-2006-2104;0.016740000;0.760370000
CVE-2006-2103;0.009960000;0.613970000
CVE-2006-2102;0.037220000;0.894640000
CVE-2006-2101;0.031350000;0.874580000
CVE-2006-2100;0.037220000;0.894640000
CVE-2006-2099;0.031350000;0.874580000
CVE-2006-2098;0.012880000;0.691850000
CVE-2006-2097;0.011940000;0.669840000
CVE-2006-2096;0.013770000;0.711070000
CVE-2006-2095;0.015960000;0.748800000
CVE-2006-2094;0.231330000;0.977070000
CVE-2006-2093;0.036090000;0.891300000
CVE-2006-2092;0.029400000;0.866620000
CVE-2006-2091;0.013770000;0.711060000
CVE-2006-2090;0.012930000;0.693110000
CVE-2006-2089;0.017040000;0.764630000
CVE-2006-2088;0.010570000;0.632630000
CVE-2006-2087;0.018140000;0.779230000
CVE-2006-2086;0.673120000;0.992890000
CVE-2006-2085;0.041430000;0.905440000
CVE-2006-2084;0.012210000;0.676550000
CVE-2006-2083;0.036330000;0.891970000
CVE-2006-2082;0.026340000;0.850330000
CVE-2006-2081;0.215560000;0.975580000
CVE-2006-2080;0.017050000;0.764750000
CVE-2006-2079;0.018670000;0.785710000
CVE-2006-2078;0.031760000;0.876180000
CVE-2006-2077;0.032110000;0.877550000
CVE-2006-2076;0.047410000;0.915990000
CVE-2006-2075;0.021690000;0.816350000
CVE-2006-2074;0.027970000;0.859750000
CVE-2006-2073;0.079860000;0.945960000
CVE-2006-2072;0.028640000;0.863000000
CVE-2006-2071;0.004110000;0.330920000
CVE-2006-2070;0.020640000;0.807040000
CVE-2006-2069;0.059620000;0.930760000
CVE-2006-2068;0.015960000;0.748810000
CVE-2006-2067;0.011360000;0.653930000
CVE-2006-2066;0.026210000;0.849440000
CVE-2006-2065;0.017070000;0.765110000
CVE-2006-2064;0.003380000;0.249860000
CVE-2006-2063;0.023860000;0.833560000
CVE-2006-2062;0.017790000;0.774780000
CVE-2006-2061;0.015690000;0.744970000
CVE-2006-2060;0.021820000;0.817410000
CVE-2006-2059;0.078530000;0.945230000
CVE-2006-2058;0.018230000;0.780470000
CVE-2006-2057;0.016500000;0.756930000
CVE-2006-2056;0.129030000;0.962020000
CVE-2006-2055;0.153840000;0.966900000
CVE-2006-2054;0.018140000;0.779230000
CVE-2006-2053;0.016420000;0.755770000
CVE-2006-2052;0.018220000;0.780330000
CVE-2006-2051;0.017900000;0.775980000
CVE-2006-2050;0.012720000;0.688440000
CVE-2006-2049;0.013940000;0.714360000
CVE-2006-2048;0.020930000;0.809820000
CVE-2006-2047;0.019500000;0.795330000
CVE-2006-2046;0.040490000;0.903340000
CVE-2006-2045;0.003400000;0.251820000
CVE-2006-2044;0.014640000;0.727280000
CVE-2006-2043;0.006490000;0.493240000
CVE-2006-2042;0.053700000;0.924150000
CVE-2006-2041;0.013770000;0.711080000
CVE-2006-2040;0.038950000;0.899440000
CVE-2006-2039;0.012140000;0.675060000
CVE-2006-2038;0.021480000;0.814680000
CVE-2006-2037;0.016930000;0.763120000
CVE-2006-2036;0.003610000;0.275670000
CVE-2006-2035;0.003130000;0.219580000
CVE-2006-2034;0.023100000;0.827910000
CVE-2006-2033;0.021660000;0.816140000
CVE-2006-2032;0.012180000;0.675800000
CVE-2006-2031;0.012400000;0.681160000
CVE-2006-2030;0.012300000;0.678910000
CVE-2006-2029;0.023010000;0.827170000
CVE-2006-2028;0.026720000;0.852680000
CVE-2006-2027;0.038910000;0.899340000
CVE-2006-2026;0.097420000;0.953920000
CVE-2006-2025;0.105240000;0.956420000
CVE-2006-2024;0.086500000;0.949680000
CVE-2006-2023;0.023060000;0.827530000
CVE-2006-2022;0.146710000;0.965700000
CVE-2006-2021;0.017790000;0.774740000
CVE-2006-2020;0.080120000;0.946090000
CVE-2006-2019;0.040660000;0.903690000
CVE-2006-2018;0.011820000;0.666830000
CVE-2006-2017;0.017960000;0.776790000
CVE-2006-2016;0.082210000;0.947300000
CVE-2006-2015;0.013430000;0.703970000
CVE-2006-2014;0.019320000;0.793250000
CVE-2006-2013;0.014070000;0.716760000
CVE-2006-2012;0.035260000;0.888710000
CVE-2006-2011;0.013430000;0.703980000
CVE-2006-2010;0.015120000;0.735810000
CVE-2006-2009;0.061400000;0.932510000
CVE-2006-2008;0.034540000;0.886470000
CVE-2006-2007;0.046900000;0.915180000
CVE-2006-2006;0.016020000;0.749750000
CVE-2006-2005;0.032580000;0.879710000
CVE-2006-2004;0.014310000;0.721180000
CVE-2006-2003;0.011670000;0.662370000
CVE-2006-2002;0.028790000;0.863730000
CVE-2006-2001;0.022980000;0.826930000
CVE-2006-20001;0.035460000;0.889300000
CVE-2006-2000;0.012990000;0.694450000
CVE-2006-1999;0.091470000;0.951820000
CVE-2006-1998;0.009020000;0.583660000
CVE-2006-1997;0.003360000;0.247650000
CVE-2006-1996;0.016190000;0.752390000
CVE-2006-1995;0.043770000;0.909920000
CVE-2006-1994;0.034350000;0.885780000
CVE-2006-1993;0.540030000;0.989760000
CVE-2006-1992;0.404310000;0.986070000
CVE-2006-1991;0.021860000;0.817710000
CVE-2006-1990;0.103800000;0.955980000
CVE-2006-1989;0.058100000;0.929160000
CVE-2006-1988;0.018480000;0.783520000
CVE-2006-1987;0.035630000;0.889780000
CVE-2006-1986;0.036780000;0.893320000
CVE-2006-1985;0.139070000;0.964350000
CVE-2006-1984;0.032030000;0.877200000
CVE-2006-1983;0.078580000;0.945290000
CVE-2006-1982;0.198770000;0.973530000
CVE-2006-1981;0.003940000;0.312690000
CVE-2006-1980;0.019500000;0.795310000
CVE-2006-1979;0.017810000;0.774980000
CVE-2006-1978;0.012600000;0.685840000
CVE-2006-1977;0.011800000;0.666310000
CVE-2006-1976;0.009040000;0.584020000
CVE-2006-1975;0.012070000;0.672860000
CVE-2006-1974;0.010300000;0.624830000
CVE-2006-1973;0.022820000;0.825640000
CVE-2006-1972;0.013420000;0.703760000
CVE-2006-1971;0.020930000;0.809820000
CVE-2006-1970;0.012990000;0.694420000
CVE-2006-1969;0.012930000;0.692960000
CVE-2006-1968;0.019760000;0.797720000
CVE-2006-1967;0.013350000;0.702070000
CVE-2006-1966;0.015780000;0.746340000
CVE-2006-1965;0.024740000;0.839860000
CVE-2006-1964;0.014490000;0.724300000
CVE-2006-1963;0.015690000;0.744960000
CVE-2006-1962;0.015120000;0.735800000
CVE-2006-1961;0.027130000;0.855020000
CVE-2006-1960;0.053470000;0.923930000
CVE-2006-1959;0.130870000;0.962480000
CVE-2006-1958;0.012730000;0.688850000
CVE-2006-1957;0.016580000;0.757990000
CVE-2006-1956;0.014960000;0.732860000
CVE-2006-1955;0.017520000;0.771130000
CVE-2006-1954;0.017150000;0.766240000
CVE-2006-1953;0.026930000;0.853950000
CVE-2006-1952;0.051080000;0.921220000
CVE-2006-1951;0.040160000;0.902650000
CVE-2006-1950;0.018840000;0.787720000
CVE-2006-1949;0.012010000;0.671520000
CVE-2006-1948;0.009840000;0.610300000
CVE-2006-1947;0.011350000;0.653610000
CVE-2006-1946;0.022430000;0.822640000
CVE-2006-1945;0.048270000;0.917210000
CVE-2006-1944;0.021040000;0.810830000
CVE-2006-1943;0.021040000;0.810830000
CVE-2006-1942;0.025360000;0.844100000
CVE-2006-1941;0.037200000;0.894580000
CVE-2006-1940;0.026360000;0.850440000
CVE-2006-1939;0.026360000;0.850440000
CVE-2006-1938;0.026360000;0.850440000
CVE-2006-1937;0.026510000;0.851260000
CVE-2006-1936;0.043600000;0.909550000
CVE-2006-1935;0.050280000;0.920130000
CVE-2006-1934;0.050280000;0.920130000
CVE-2006-1933;0.038150000;0.897360000
CVE-2006-1932;0.025750000;0.846580000
CVE-2006-1931;0.101920000;0.955400000
CVE-2006-1930;0.011560000;0.659330000
CVE-2006-1929;0.069620000;0.939390000
CVE-2006-1928;0.018140000;0.779240000
CVE-2006-1927;0.017570000;0.771660000
CVE-2006-1926;0.010990000;0.644870000
CVE-2006-1925;0.018030000;0.777750000
CVE-2006-1924;0.012730000;0.688850000
CVE-2006-1923;0.012990000;0.694430000
CVE-2006-1922;0.030000000;0.869160000
CVE-2006-1921;0.039740000;0.901700000
CVE-2006-1920;0.019990000;0.800160000
CVE-2006-1919;0.037890000;0.896560000
CVE-2006-1918;0.017090000;0.765420000
CVE-2006-1917;0.014190000;0.718840000
CVE-2006-1916;0.019350000;0.793610000
CVE-2006-1915;0.012580000;0.685430000
CVE-2006-1914;0.013770000;0.711070000
CVE-2006-1913;0.027770000;0.858880000
CVE-2006-1912;0.015990000;0.749340000
CVE-2006-1911;0.012400000;0.681210000
CVE-2006-1910;0.014230000;0.719720000
CVE-2006-1909;0.036250000;0.891730000
CVE-2006-1908;0.011940000;0.669810000
CVE-2006-1907;0.012140000;0.675030000
CVE-2006-1906;0.019500000;0.795310000
CVE-2006-1905;0.142590000;0.964980000
CVE-2006-1904;0.009040000;0.584020000
CVE-2006-1903;0.011610000;0.660780000
CVE-2006-1902;0.004180000;0.339220000
CVE-2006-1901;0.015810000;0.746760000
CVE-2006-1900;0.165450000;0.969210000
CVE-2006-1899;0.012930000;0.692970000
CVE-2006-1898;0.011740000;0.664280000
CVE-2006-1897;0.016830000;0.761800000
CVE-2006-1896;0.012780000;0.689830000
CVE-2006-1895;0.013880000;0.713250000
CVE-2006-1894;0.009400000;0.595940000
CVE-2006-1893;0.019530000;0.795630000
CVE-2006-1892;0.004880000;0.398740000
CVE-2006-1891;0.016760000;0.760590000
CVE-2006-1890;0.043250000;0.908860000
CVE-2006-1889;0.013730000;0.710380000
CVE-2006-1888;0.021690000;0.816360000
CVE-2006-1887;0.038930000;0.899390000
CVE-2006-1886;0.038930000;0.899390000
CVE-2006-1885;0.038930000;0.899390000
CVE-2006-1884;0.038370000;0.897970000
CVE-2006-1883;0.030810000;0.872480000
CVE-2006-1882;0.060570000;0.931730000
CVE-2006-1881;0.030810000;0.872480000
CVE-2006-1880;0.038930000;0.899400000
CVE-2006-1879;0.046310000;0.914370000
CVE-2006-1878;0.021660000;0.816150000
CVE-2006-1877;0.014470000;0.724080000
CVE-2006-1876;0.038110000;0.897220000
CVE-2006-1875;0.029150000;0.865510000
CVE-2006-1874;0.033240000;0.882130000
CVE-2006-1873;0.034250000;0.885420000
CVE-2006-1872;0.044390000;0.911060000
CVE-2006-1871;0.022760000;0.825110000
CVE-2006-1870;0.046090000;0.914030000
CVE-2006-1869;0.070140000;0.939870000
CVE-2006-1868;0.120630000;0.960290000
CVE-2006-1867;0.040210000;0.902770000
CVE-2006-1866;0.048600000;0.917760000
CVE-2006-1865;0.034850000;0.887540000
CVE-2006-1864;0.011600000;0.660220000
CVE-2006-1863;0.010160000;0.620560000
CVE-2006-1862;0.004720000;0.386130000
CVE-2006-1861;0.048140000;0.917020000
CVE-2006-1860;0.004340000;0.354550000
CVE-2006-1859;0.004490000;0.368450000
CVE-2006-1858;0.062810000;0.933850000
CVE-2006-1857;0.069270000;0.939160000
CVE-2006-1856;0.029810000;0.868320000
CVE-2006-1855;0.004120000;0.332040000
CVE-2006-1854;0.008620000;0.571240000
CVE-2006-1853;0.009950000;0.613810000
CVE-2006-1852;0.011110000;0.647720000
CVE-2006-1851;0.013770000;0.711060000
CVE-2006-1850;0.017670000;0.773110000
CVE-2006-1849;0.011230000;0.650700000
CVE-2006-1848;0.013430000;0.703980000
CVE-2006-1847;0.014780000;0.729820000
CVE-2006-1846;0.011800000;0.666310000
CVE-2006-1844;0.003330000;0.242300000
CVE-2006-1843;0.011610000;0.660770000
CVE-2006-1842;0.012930000;0.692980000
CVE-2006-1841;0.011740000;0.664280000
CVE-2006-1840;0.014640000;0.727280000
CVE-2006-1839;0.056540000;0.927400000
CVE-2006-1838;0.027990000;0.859810000
CVE-2006-1837;0.011360000;0.653940000
CVE-2006-1836;0.003890000;0.307000000
CVE-2006-1835;0.020140000;0.802020000
CVE-2006-1834;0.120740000;0.960310000
CVE-2006-1833;0.008330000;0.561790000
CVE-2006-1832;0.065730000;0.936310000
CVE-2006-1831;0.083300000;0.947960000
CVE-2006-1830;0.003840000;0.301080000
CVE-2006-1829;0.012240000;0.677640000
CVE-2006-1828;0.020210000;0.802680000
CVE-2006-1827;0.068700000;0.938660000
CVE-2006-1826;0.016500000;0.756950000
CVE-2006-1825;0.018420000;0.782720000
CVE-2006-1824;0.006070000;0.471830000
CVE-2006-1823;0.016020000;0.749750000
CVE-2006-1822;0.021890000;0.817920000
CVE-2006-1821;0.029730000;0.867950000
CVE-2006-1820;0.020940000;0.809950000
CVE-2006-1819;0.038750000;0.898970000
CVE-2006-1818;0.011740000;0.664270000
CVE-2006-1817;0.011450000;0.656090000
CVE-2006-1816;0.029400000;0.866590000
CVE-2006-1815;0.011740000;0.664270000
CVE-2006-1814;0.003410000;0.253030000
CVE-2006-1813;0.017640000;0.772660000
CVE-2006-1812;0.013540000;0.706510000
CVE-2006-1811;0.010610000;0.633800000
CVE-2006-1810;0.004330000;0.353890000
CVE-2006-1809;0.013920000;0.714010000
CVE-2006-1808;0.019320000;0.793250000
CVE-2006-1807;0.013810000;0.711780000
CVE-2006-1806;0.013350000;0.702070000
CVE-2006-1805;0.013650000;0.708520000
CVE-2006-1804;0.014620000;0.727050000
CVE-2006-1803;0.025380000;0.844220000
CVE-2006-1802;0.019410000;0.794380000
CVE-2006-1801;0.018840000;0.787730000
CVE-2006-1800;0.026230000;0.849590000
CVE-2006-1799;0.034890000;0.887660000
CVE-2006-1798;0.021480000;0.814680000
CVE-2006-1797;0.003900000;0.307940000
CVE-2006-1796;0.019410000;0.794370000
CVE-2006-1795;0.011610000;0.660770000
CVE-2006-1794;0.055270000;0.925730000
CVE-2006-1793;0.035640000;0.889840000
CVE-2006-1792;0.018460000;0.783160000
CVE-2006-1791;0.017760000;0.774390000
CVE-2006-1790;0.051520000;0.921780000
CVE-2006-1789;0.029200000;0.865680000
CVE-2006-1788;0.019030000;0.789940000
CVE-2006-1787;0.019470000;0.795040000
CVE-2006-1786;0.121230000;0.960390000
CVE-2006-1785;0.015420000;0.740640000
CVE-2006-1784;0.079920000;0.946000000
CVE-2006-1783;0.013850000;0.712530000
CVE-2006-1782;0.004290000;0.348930000
CVE-2006-1781;0.098170000;0.954200000
CVE-2006-1780;0.003610000;0.275680000
CVE-2006-1779;0.059040000;0.930130000
CVE-2006-1778;0.043900000;0.910130000
CVE-2006-1777;0.099950000;0.954790000
CVE-2006-1776;0.129890000;0.962210000
CVE-2006-1775;0.012280000;0.678440000
CVE-2006-1774;0.028350000;0.861620000
CVE-2006-1773;0.011380000;0.654360000
CVE-2006-1772;0.003880000;0.305380000
CVE-2006-1771;0.031640000;0.875690000
CVE-2006-1770;0.106840000;0.956890000
CVE-2006-1769;0.016220000;0.752640000
CVE-2006-1768;0.022780000;0.825270000
CVE-2006-1767;0.083080000;0.947760000
CVE-2006-1766;0.010070000;0.617520000
CVE-2006-1765;0.020000000;0.800290000
CVE-2006-1764;0.016070000;0.750610000
CVE-2006-1763;0.012220000;0.676840000
CVE-2006-1762;0.019550000;0.795780000
CVE-2006-1761;0.012490000;0.683360000
CVE-2006-1760;0.024590000;0.838880000
CVE-2006-1759;0.020430000;0.804850000
CVE-2006-1758;0.011620000;0.660930000
CVE-2006-1757;0.009530000;0.600050000
CVE-2006-1756;0.019080000;0.790620000
CVE-2006-1755;0.013070000;0.695850000
CVE-2006-1754;0.017480000;0.770300000
CVE-2006-1753;0.003530000;0.267050000
CVE-2006-1752;0.011710000;0.663350000
CVE-2006-1751;0.012110000;0.674320000
CVE-2006-1750;0.012890000;0.692160000
CVE-2006-1749;0.080720000;0.946390000
CVE-2006-1748;0.018260000;0.780780000
CVE-2006-1747;0.039850000;0.901950000
CVE-2006-1746;0.024410000;0.837560000
CVE-2006-1745;0.017940000;0.776590000
CVE-2006-1744;0.005090000;0.413430000
CVE-2006-1743;0.012110000;0.674230000
CVE-2006-1742;0.039690000;0.901560000
CVE-2006-1741;0.038920000;0.899360000
CVE-2006-1740;0.025360000;0.844060000
CVE-2006-1739;0.084430000;0.948510000
CVE-2006-1738;0.044800000;0.911730000
CVE-2006-1737;0.049140000;0.918530000
CVE-2006-1736;0.024950000;0.841330000
CVE-2006-1735;0.091870000;0.951930000
CVE-2006-1734;0.069860000;0.939610000
CVE-2006-1733;0.051960000;0.922300000
CVE-2006-1732;0.029630000;0.867570000
CVE-2006-1731;0.018220000;0.780300000
CVE-2006-1730;0.103400000;0.955850000
CVE-2006-1729;0.022340000;0.821890000
CVE-2006-1728;0.094880000;0.953010000
CVE-2006-1727;0.063710000;0.934590000
CVE-2006-1726;0.068680000;0.938630000
CVE-2006-1725;0.022340000;0.821940000
CVE-2006-1724;0.068900000;0.938810000
CVE-2006-1723;0.047970000;0.916780000
CVE-2006-1722;0.011480000;0.657230000
CVE-2006-1721;0.024880000;0.840800000
CVE-2006-1720;0.011730000;0.663990000
CVE-2006-1719;0.139030000;0.964330000
CVE-2006-1718;0.075600000;0.943490000
CVE-2006-1717;0.012990000;0.694270000
CVE-2006-1716;0.014770000;0.729680000
CVE-2006-1715;0.014310000;0.721230000
CVE-2006-1714;0.026870000;0.853580000
CVE-2006-1713;0.020000000;0.800290000
CVE-2006-1712;0.014300000;0.721070000
CVE-2006-1711;0.040160000;0.902660000
CVE-2006-1710;0.018010000;0.777470000
CVE-2006-1709;0.045750000;0.913460000
CVE-2006-1708;0.015170000;0.736630000
CVE-2006-1707;0.013360000;0.702290000
CVE-2006-1706;0.023250000;0.829020000
CVE-2006-1705;0.006550000;0.496040000
CVE-2006-1704;0.024410000;0.837580000
CVE-2006-1703;0.016780000;0.760850000
CVE-2006-1702;0.026600000;0.851900000
CVE-2006-1701;0.020420000;0.804840000
CVE-2006-1700;0.017210000;0.766960000
CVE-2006-1699;0.017970000;0.776910000
CVE-2006-1698;0.011640000;0.661640000
CVE-2006-1697;0.021430000;0.814250000
CVE-2006-1696;0.013300000;0.700940000
CVE-2006-1695;0.003690000;0.284830000
CVE-2006-1694;0.011640000;0.661370000
CVE-2006-1693;0.018520000;0.784060000
CVE-2006-1692;0.012110000;0.674300000
CVE-2006-1691;0.014470000;0.724050000
CVE-2006-1690;0.015600000;0.743600000
CVE-2006-1689;0.004580000;0.375000000
CVE-2006-1688;0.075890000;0.943670000
CVE-2006-1687;0.011640000;0.661600000
CVE-2006-1686;0.011940000;0.669860000
CVE-2006-1685;0.011200000;0.650040000
CVE-2006-1684;0.010530000;0.631570000
CVE-2006-1683;0.012450000;0.682430000
CVE-2006-1682;0.017360000;0.768830000
CVE-2006-1681;0.067980000;0.938140000
CVE-2006-1680;0.012150000;0.675110000
CVE-2006-1679;0.041570000;0.905690000
CVE-2006-1678;0.018010000;0.777480000
CVE-2006-1677;0.014870000;0.731520000
CVE-2006-1676;0.012190000;0.676120000
CVE-2006-1675;0.018950000;0.789080000
CVE-2006-1674;0.009050000;0.584350000
CVE-2006-1673;0.019400000;0.794320000
CVE-2006-1672;0.041160000;0.904790000
CVE-2006-1671;0.024410000;0.837510000
CVE-2006-1670;0.022980000;0.826910000
CVE-2006-1669;0.016600000;0.758350000
CVE-2006-1668;0.042320000;0.907210000
CVE-2006-1667;0.021180000;0.812070000
CVE-2006-1666;0.012110000;0.674240000
CVE-2006-1665;0.011580000;0.659760000
CVE-2006-1664;0.149690000;0.966210000
CVE-2006-1662;0.033580000;0.883330000
CVE-2006-1661;0.024900000;0.840920000
CVE-2006-1660;0.011480000;0.657240000
CVE-2006-1659;0.021820000;0.817370000
CVE-2006-1658;0.015480000;0.741570000
CVE-2006-1657;0.014060000;0.716620000
CVE-2006-1656;0.003570000;0.270970000
CVE-2006-1655;0.015950000;0.748650000
CVE-2006-1654;0.047510000;0.916140000
CVE-2006-1653;0.018570000;0.784680000
CVE-2006-1652;0.680360000;0.993080000
CVE-2006-1651;0.149540000;0.966180000
CVE-2006-1650;0.011820000;0.666670000
CVE-2006-1649;0.004890000;0.399370000
CVE-2006-1648;0.019290000;0.792930000
CVE-2006-1647;0.022000000;0.819040000
CVE-2006-1646;0.024070000;0.835050000
CVE-2006-1645;0.022010000;0.819130000
CVE-2006-1644;0.013880000;0.713250000
CVE-2006-1643;0.012110000;0.674360000
CVE-2006-1642;0.011710000;0.663350000
CVE-2006-1641;0.023660000;0.832160000
CVE-2006-1640;0.017070000;0.765010000
CVE-2006-1639;0.015870000;0.747560000
CVE-2006-1638;0.018550000;0.784440000
CVE-2006-1637;0.017150000;0.766230000
CVE-2006-1636;0.020930000;0.809810000
CVE-2006-1635;0.013060000;0.695650000
CVE-2006-1634;0.017170000;0.766450000
CVE-2006-1631;0.018570000;0.784700000
CVE-2006-1630;0.053200000;0.923620000
CVE-2006-1629;0.030930000;0.872930000
CVE-2006-1628;0.020700000;0.807590000
CVE-2006-1627;0.042630000;0.907760000
CVE-2006-1626;0.255150000;0.978990000
CVE-2006-1625;0.014380000;0.722350000
CVE-2006-1624;0.028490000;0.862370000
CVE-2006-1623;0.011770000;0.665260000
CVE-2006-1622;0.011480000;0.657230000
CVE-2006-1621;0.013360000;0.702380000
CVE-2006-1620;0.022390000;0.822380000
CVE-2006-1619;0.015910000;0.748200000
CVE-2006-1618;0.134920000;0.963380000
CVE-2006-1617;0.009920000;0.612690000
CVE-2006-1616;0.012100000;0.674050000
CVE-2006-1615;0.116130000;0.959280000
CVE-2006-1614;0.078130000;0.945000000
CVE-2006-1613;0.018090000;0.778550000
CVE-2006-1612;0.023240000;0.828970000
CVE-2006-1611;0.015980000;0.749120000
CVE-2006-1610;0.076560000;0.944120000
CVE-2006-1609;0.015910000;0.748170000
CVE-2006-1608;0.011230000;0.650890000
CVE-2006-1607;0.014600000;0.726670000
CVE-2006-1606;0.011890000;0.668480000
CVE-2006-1605;0.028400000;0.861940000
CVE-2006-1604;0.017030000;0.764460000
CVE-2006-1603;0.013600000;0.707660000
CVE-2006-1602;0.018330000;0.781650000
CVE-2006-1601;0.003050000;0.211670000
CVE-2006-1600;0.011110000;0.647880000
CVE-2006-1599;0.035600000;0.889670000
CVE-2006-1598;0.018900000;0.788530000
CVE-2006-1596;0.022460000;0.822870000
CVE-2006-1595;0.054700000;0.925140000
CVE-2006-1594;0.050610000;0.920630000
CVE-2006-1593;0.046870000;0.915150000
CVE-2006-1592;0.053920000;0.924380000
CVE-2006-1591;0.071060000;0.940580000
CVE-2006-1590;0.040980000;0.904400000
CVE-2006-1589;0.003420000;0.254540000
CVE-2006-1588;0.003420000;0.253860000
CVE-2006-1587;0.003360000;0.246740000
CVE-2006-1586;0.012330000;0.679700000
CVE-2006-1585;0.013110000;0.696690000
CVE-2006-1584;0.058470000;0.929610000
CVE-2006-1583;0.011640000;0.661640000
CVE-2006-1582;0.020630000;0.806880000
CVE-2006-1581;0.029650000;0.867650000
CVE-2006-1580;0.019710000;0.797300000
CVE-2006-1579;0.011080000;0.646990000
CVE-2006-1578;0.010580000;0.632930000
CVE-2006-1577;0.017520000;0.771030000
CVE-2006-1576;0.017500000;0.770630000
CVE-2006-1575;0.015240000;0.737630000
CVE-2006-1574;0.013300000;0.700920000
CVE-2006-1573;0.032300000;0.878330000
CVE-2006-1572;0.012470000;0.682710000
CVE-2006-1571;0.013010000;0.694680000
CVE-2006-1570;0.012960000;0.693720000
CVE-2006-1569;0.019300000;0.792960000
CVE-2006-1568;0.023870000;0.833590000
CVE-2006-1567;0.019290000;0.792880000
CVE-2006-1566;0.005010000;0.407450000
CVE-2006-1565;0.004940000;0.402610000
CVE-2006-1564;0.004900000;0.399720000
CVE-2006-1563;0.015870000;0.747560000
CVE-2006-1562;0.014850000;0.731090000
CVE-2006-1561;0.013010000;0.694680000
CVE-2006-1560;0.018960000;0.789200000
CVE-2006-1559;0.011320000;0.652810000
CVE-2006-1558;0.014840000;0.730850000
CVE-2006-1557;0.013210000;0.698870000
CVE-2006-1556;0.020000000;0.800290000
CVE-2006-1555;0.019080000;0.790630000
CVE-2006-1554;0.013670000;0.708980000
CVE-2006-1553;0.012710000;0.688320000
CVE-2006-1552;0.043560000;0.909460000
CVE-2006-1551;0.514300000;0.989130000
CVE-2006-1550;0.024690000;0.839550000
CVE-2006-1549;0.008630000;0.571500000
CVE-2006-1548;0.054530000;0.924970000
CVE-2006-1547;0.546350000;0.989930000
CVE-2006-1546;0.062860000;0.933900000
CVE-2006-1545;0.033870000;0.884190000
CVE-2006-1544;0.013380000;0.702980000
CVE-2006-1543;0.035100000;0.888270000
CVE-2006-1542;0.009080000;0.585560000
CVE-2006-1541;0.023170000;0.828460000
CVE-2006-1540;0.286320000;0.980880000
CVE-2006-1539;0.020870000;0.809230000
CVE-2006-1538;0.003340000;0.244930000
CVE-2006-1537;0.023060000;0.827570000
CVE-2006-1536;0.010660000;0.635720000
CVE-2006-1535;0.013850000;0.712570000
CVE-2006-1534;0.018120000;0.779000000
CVE-2006-1533;0.014140000;0.717950000
CVE-2006-1532;0.012960000;0.693720000
CVE-2006-1531;0.047670000;0.916420000
CVE-2006-1530;0.047670000;0.916420000
CVE-2006-1529;0.058260000;0.929390000
CVE-2006-1528;0.004380000;0.358340000
CVE-2006-1527;0.038150000;0.897370000
CVE-2006-1526;0.005140000;0.417470000
CVE-2006-1525;0.004380000;0.358340000
CVE-2006-1524;0.004260000;0.346520000
CVE-2006-1523;0.026090000;0.848780000
CVE-2006-1522;0.004480000;0.367420000
CVE-2006-1520;0.025260000;0.843420000
CVE-2006-1518;0.383690000;0.985280000
CVE-2006-1517;0.049680000;0.919390000
CVE-2006-1516;0.357770000;0.984250000
CVE-2006-1515;0.036140000;0.891450000
CVE-2006-1514;0.036990000;0.893940000
CVE-2006-1513;0.023350000;0.829910000
CVE-2006-1511;0.080250000;0.946150000
CVE-2006-1510;0.138040000;0.964140000
CVE-2006-1509;0.004610000;0.377270000
CVE-2006-1508;0.026680000;0.852410000
CVE-2006-1507;0.014570000;0.726080000
CVE-2006-1506;0.003860000;0.303570000
CVE-2006-1505;0.017390000;0.769170000
CVE-2006-1504;0.065620000;0.936220000
CVE-2006-1503;0.020170000;0.802380000
CVE-2006-1502;0.035250000;0.888680000
CVE-2006-1501;0.012510000;0.683870000
CVE-2006-1500;0.014650000;0.727520000
CVE-2006-1499;0.014140000;0.717940000
CVE-2006-1498;0.017900000;0.776070000
CVE-2006-1497;0.038280000;0.897680000
CVE-2006-1496;0.019110000;0.790870000
CVE-2006-1495;0.063090000;0.934100000
CVE-2006-1494;0.063870000;0.934670000
CVE-2006-1493;0.017740000;0.774150000
CVE-2006-1492;0.024490000;0.838180000
CVE-2006-1491;0.391740000;0.985580000
CVE-2006-1490;0.209670000;0.975000000
CVE-2006-1489;0.011620000;0.660920000
CVE-2006-1488;0.015280000;0.738330000
CVE-2006-1487;0.019290000;0.792880000
CVE-2006-1486;0.038790000;0.899060000
CVE-2006-1485;0.013980000;0.715200000
CVE-2006-1484;0.005100000;0.414050000
CVE-2006-1483;0.019310000;0.793190000
CVE-2006-1482;0.019240000;0.792340000
CVE-2006-1481;0.010190000;0.621190000
CVE-2006-1480;0.032840000;0.880680000
CVE-2006-1479;0.030180000;0.869920000
CVE-2006-1478;0.019750000;0.797600000
CVE-2006-1477;0.048070000;0.916930000
CVE-2006-1476;0.038530000;0.898360000
CVE-2006-1475;0.016530000;0.757270000
CVE-2006-1474;0.009480000;0.598490000
CVE-2006-1473;0.052990000;0.923400000
CVE-2006-1472;0.019170000;0.791560000
CVE-2006-1471;0.004030000;0.321840000
CVE-2006-1470;0.081250000;0.946780000
CVE-2006-1469;0.047500000;0.916120000
CVE-2006-1468;0.015880000;0.747770000
CVE-2006-1467;0.071530000;0.940980000
CVE-2006-1466;0.021210000;0.812300000
CVE-2006-1465;0.051610000;0.921900000
CVE-2006-1464;0.067970000;0.938120000
CVE-2006-1463;0.064630000;0.935390000
CVE-2006-1462;0.043810000;0.910010000
CVE-2006-1461;0.051610000;0.921900000
CVE-2006-1460;0.055400000;0.925940000
CVE-2006-1459;0.043810000;0.910010000
CVE-2006-1458;0.036450000;0.892380000
CVE-2006-1457;0.022120000;0.820070000
CVE-2006-1456;0.061710000;0.932840000
CVE-2006-1455;0.039760000;0.901760000
CVE-2006-1454;0.073260000;0.942120000
CVE-2006-1453;0.071310000;0.940780000
CVE-2006-1452;0.004900000;0.399880000
CVE-2006-1451;0.003960000;0.314370000
CVE-2006-1450;0.054400000;0.924850000
CVE-2006-1449;0.054400000;0.924850000
CVE-2006-1448;0.022080000;0.819700000
CVE-2006-1447;0.031310000;0.874390000
CVE-2006-1446;0.025650000;0.845930000
CVE-2006-1445;0.034970000;0.887890000
CVE-2006-1444;0.003900000;0.307420000
CVE-2006-1443;0.022080000;0.819700000
CVE-2006-1442;0.030400000;0.870750000
CVE-2006-1441;0.039040000;0.899650000
CVE-2006-1440;0.003680000;0.284230000
CVE-2006-1439;0.004140000;0.334230000
CVE-2006-1438;0.014850000;0.731090000
CVE-2006-1437;0.013880000;0.713310000
CVE-2006-1436;0.011770000;0.665350000
CVE-2006-1435;0.013060000;0.695570000
CVE-2006-1434;0.013060000;0.695580000
CVE-2006-1433;0.021000000;0.810560000
CVE-2006-1432;0.011810000;0.666490000
CVE-2006-1431;0.039150000;0.899940000
CVE-2006-1430;0.025150000;0.842680000
CVE-2006-1429;0.019290000;0.792880000
CVE-2006-1428;0.019710000;0.797300000
CVE-2006-1427;0.024670000;0.839410000
CVE-2006-1426;0.019820000;0.798380000
CVE-2006-1425;0.020830000;0.808850000
CVE-2006-1423;0.009580000;0.601470000
CVE-2006-1422;0.011020000;0.645450000
CVE-2006-1421;0.012380000;0.680700000
CVE-2006-1420;0.010970000;0.644550000
CVE-2006-1419;0.012470000;0.682710000
CVE-2006-1418;0.019960000;0.799980000
CVE-2006-1417;0.019650000;0.796680000
CVE-2006-1416;0.012960000;0.693660000
CVE-2006-1415;0.012960000;0.693700000
CVE-2006-1414;0.019110000;0.790860000
CVE-2006-1413;0.048610000;0.917770000
CVE-2006-1412;0.036300000;0.891880000
CVE-2006-1411;0.011770000;0.665560000
CVE-2006-1410;0.012960000;0.693650000
CVE-2006-1409;0.018890000;0.788340000
CVE-2006-1408;0.016990000;0.763950000
CVE-2006-1407;0.024670000;0.839410000
CVE-2006-1406;0.012960000;0.693680000
CVE-2006-1405;0.012960000;0.693720000
CVE-2006-1404;0.018750000;0.786750000
CVE-2006-1403;0.027630000;0.857890000
CVE-2006-1402;0.043780000;0.909930000
CVE-2006-1401;0.011770000;0.665420000
CVE-2006-1400;0.012960000;0.693690000
CVE-2006-1399;0.011770000;0.665420000
CVE-2006-1398;0.016710000;0.759930000
CVE-2006-1397;0.019050000;0.790130000
CVE-2006-1396;0.012080000;0.673400000
CVE-2006-1395;0.011620000;0.660990000
CVE-2006-1394;0.024120000;0.835400000
CVE-2006-1393;0.026140000;0.849040000
CVE-2006-1392;0.016500000;0.756900000
CVE-2006-1391;0.020750000;0.808060000
CVE-2006-1390;0.007280000;0.525800000
CVE-2006-1389;0.038220000;0.897510000
CVE-2006-1388;0.554580000;0.990110000
CVE-2006-1387;0.013270000;0.700040000
CVE-2006-1386;0.017790000;0.774690000
CVE-2006-1385;0.040550000;0.903500000
CVE-2006-1384;0.020380000;0.804280000
CVE-2006-1383;0.013120000;0.696850000
CVE-2006-1382;0.019370000;0.793950000
CVE-2006-1381;0.016180000;0.752180000
CVE-2006-1380;0.003580000;0.272520000
CVE-2006-1379;0.004480000;0.367580000
CVE-2006-1378;0.003260000;0.234510000
CVE-2006-1377;0.053240000;0.923660000
CVE-2006-1376;0.003940000;0.312670000
CVE-2006-1375;0.015280000;0.738320000
CVE-2006-1374;0.012800000;0.690010000
CVE-2006-1373;0.012550000;0.684780000
CVE-2006-1372;0.017790000;0.774800000
CVE-2006-1371;0.096120000;0.953470000
CVE-2006-1370;0.029390000;0.866560000
CVE-2006-1369;0.012530000;0.684340000
CVE-2006-1368;0.061510000;0.932630000
CVE-2006-1367;0.026930000;0.853950000
CVE-2006-1366;0.049980000;0.919810000
CVE-2006-1365;0.014250000;0.720020000
CVE-2006-1364;0.587430000;0.990830000
CVE-2006-1363;0.028600000;0.862820000
CVE-2006-1362;0.012110000;0.674340000
CVE-2006-1361;0.011770000;0.665440000
CVE-2006-1360;0.013300000;0.700880000
CVE-2006-1359;0.683370000;0.993160000
CVE-2006-1358;0.022330000;0.821810000
CVE-2006-1357;0.019830000;0.798480000
CVE-2006-1356;0.044870000;0.911860000
CVE-2006-1355;0.003870000;0.304390000
CVE-2006-1354;0.028260000;0.861180000
CVE-2006-1353;0.043710000;0.909800000
CVE-2006-1352;0.017520000;0.770960000
CVE-2006-1351;0.015280000;0.738320000
CVE-2006-1350;0.018020000;0.777580000
CVE-2006-1349;0.020280000;0.803440000
CVE-2006-1348;0.019760000;0.797760000
CVE-2006-1347;0.026930000;0.853940000
CVE-2006-1346;0.074190000;0.942690000
CVE-2006-1345;0.011810000;0.666510000
CVE-2006-1344;0.019920000;0.799530000
CVE-2006-1343;0.004310000;0.350480000
CVE-2006-1342;0.007290000;0.526320000
CVE-2006-1341;0.014140000;0.717950000
CVE-2006-1340;0.015480000;0.741650000
CVE-2006-1339;0.016240000;0.753000000
CVE-2006-1338;0.023700000;0.832440000
CVE-2006-1337;0.048410000;0.917450000
CVE-2006-1336;0.067220000;0.937470000
CVE-2006-1335;0.003370000;0.248620000
CVE-2006-1334;0.023560000;0.831510000
CVE-2006-1333;0.036230000;0.891700000
CVE-2006-1332;0.016340000;0.754540000
CVE-2006-1331;0.014380000;0.722350000
CVE-2006-1330;0.012620000;0.686330000
CVE-2006-1329;0.028930000;0.864430000
CVE-2006-1328;0.013780000;0.711290000
CVE-2006-1327;0.015170000;0.736620000
CVE-2006-1326;0.024370000;0.837270000
CVE-2006-1325;0.013060000;0.695580000
CVE-2006-1324;0.023060000;0.827560000
CVE-2006-1323;0.024020000;0.834660000
CVE-2006-1322;0.029900000;0.868730000
CVE-2006-1321;0.012280000;0.678450000
CVE-2006-1320;0.019020000;0.789860000
CVE-2006-1319;0.004850000;0.395920000
CVE-2006-1318;0.154600000;0.967070000
CVE-2006-1316;0.151900000;0.966580000
CVE-2006-1315;0.487500000;0.988420000
CVE-2006-1314;0.611750000;0.991390000
CVE-2006-1313;0.293210000;0.981300000
CVE-2006-1311;0.313010000;0.982300000
CVE-2006-1309;0.097060000;0.953790000
CVE-2006-1308;0.092440000;0.952170000
CVE-2006-1306;0.092440000;0.952170000
CVE-2006-1305;0.316570000;0.982480000
CVE-2006-1304;0.108450000;0.957350000
CVE-2006-1303;0.380100000;0.985140000
CVE-2006-1302;0.135730000;0.963550000
CVE-2006-1301;0.097880000;0.954090000
CVE-2006-1300;0.369060000;0.984700000
CVE-2006-1298;0.019440000;0.794710000
CVE-2006-1297;0.021600000;0.815710000
CVE-2006-1296;0.015040000;0.734450000
CVE-2006-1295;0.012080000;0.673430000
CVE-2006-1294;0.019540000;0.795700000
CVE-2006-1293;0.017840000;0.775320000
CVE-2006-1292;0.028490000;0.862350000
CVE-2006-1291;0.070960000;0.940490000
CVE-2006-1290;0.018300000;0.781280000
CVE-2006-1289;0.022070000;0.819630000
CVE-2006-1288;0.011630000;0.661100000
CVE-2006-1287;0.011180000;0.649490000
CVE-2006-1286;0.003880000;0.305870000
CVE-2006-1285;0.003220000;0.230380000
CVE-2006-1284;0.003590000;0.273730000
CVE-2006-1283;0.003690000;0.285000000
CVE-2006-1282;0.013980000;0.714990000
CVE-2006-1281;0.014430000;0.723320000
CVE-2006-1280;0.016580000;0.758000000
CVE-2006-1279;0.013050000;0.695450000
CVE-2006-1278;0.037390000;0.895150000
CVE-2006-1277;0.014060000;0.716610000
CVE-2006-1276;0.036220000;0.891680000
CVE-2006-1275;0.035240000;0.888670000
CVE-2006-1274;0.003770000;0.293600000
CVE-2006-1273;0.016140000;0.751490000
CVE-2006-1272;0.021110000;0.811440000
CVE-2006-1271;0.013210000;0.698880000
CVE-2006-1270;0.009590000;0.601740000
CVE-2006-1269;0.010190000;0.621230000
CVE-2006-1268;0.031990000;0.877060000
CVE-2006-1267;0.011700000;0.662930000
CVE-2006-1266;0.012550000;0.684820000
CVE-2006-1265;0.013240000;0.699530000
CVE-2006-1264;0.012500000;0.683550000
CVE-2006-1263;0.016500000;0.756940000
CVE-2006-1262;0.015740000;0.745840000
CVE-2006-1261;0.013700000;0.709570000
CVE-2006-1260;0.124530000;0.961020000
CVE-2006-1259;0.021490000;0.814740000
CVE-2006-1258;0.025760000;0.846710000
CVE-2006-1257;0.303360000;0.981830000
CVE-2006-1256;0.017530000;0.771150000
CVE-2006-1255;0.687700000;0.993280000
CVE-2006-1254;0.027190000;0.855340000
CVE-2006-1253;0.015440000;0.741050000
CVE-2006-1252;0.026110000;0.848900000
CVE-2006-1251;0.015280000;0.738350000
CVE-2006-1250;0.016470000;0.756530000
CVE-2006-1249;0.059840000;0.930940000
CVE-2006-1248;0.004780000;0.390510000
CVE-2006-1247;0.003760000;0.293030000
CVE-2006-1246;0.004450000;0.365260000
CVE-2006-1245;0.618210000;0.991530000
CVE-2006-1244;0.021890000;0.817970000
CVE-2006-1243;0.097480000;0.953940000
CVE-2006-1242;0.035070000;0.888200000
CVE-2006-1241;0.004910000;0.400340000
CVE-2006-1240;0.008790000;0.576810000
CVE-2006-1239;0.011770000;0.665470000
CVE-2006-1238;0.020180000;0.802430000
CVE-2006-1237;0.018960000;0.789190000
CVE-2006-1236;0.279750000;0.980530000
CVE-2006-1235;0.015980000;0.749120000
CVE-2006-1234;0.052180000;0.922610000
CVE-2006-1233;0.025150000;0.842680000
CVE-2006-1232;0.058540000;0.929730000
CVE-2006-1231;0.003060000;0.212950000
CVE-2006-1230;0.025850000;0.847210000
CVE-2006-1229;0.019190000;0.791860000
CVE-2006-1228;0.026910000;0.853870000
CVE-2006-1227;0.009990000;0.614890000
CVE-2006-1226;0.025420000;0.844490000
CVE-2006-1225;0.029150000;0.865470000
CVE-2006-1224;0.036910000;0.893690000
CVE-2006-1223;0.024950000;0.841330000
CVE-2006-1222;0.018020000;0.777650000
CVE-2006-1221;0.005230000;0.423500000
CVE-2006-1220;0.005740000;0.454640000
CVE-2006-1219;0.038350000;0.897880000
CVE-2006-1218;0.016340000;0.754660000
CVE-2006-1217;0.018960000;0.789190000
CVE-2006-1216;0.019760000;0.797770000
CVE-2006-1215;0.017360000;0.768840000
CVE-2006-1214;0.038430000;0.898120000
CVE-2006-1213;0.087810000;0.950300000
CVE-2006-1212;0.040160000;0.902660000
CVE-2006-1211;0.014350000;0.721960000
CVE-2006-1210;0.015720000;0.745480000
CVE-2006-1209;0.033940000;0.884410000
CVE-2006-1208;0.020110000;0.801860000
CVE-2006-1207;0.015480000;0.741700000
CVE-2006-1206;0.116710000;0.959420000
CVE-2006-1205;0.029230000;0.865890000
CVE-2006-1204;0.025830000;0.847070000
CVE-2006-1203;0.015490000;0.741910000
CVE-2006-1202;0.019360000;0.793730000
CVE-2006-1201;0.027580000;0.857510000
CVE-2006-1200;0.019030000;0.790000000
CVE-2006-1199;0.019290000;0.792890000
CVE-2006-1198;0.002960000;0.202410000
CVE-2006-1197;0.003830000;0.299890000
CVE-2006-1196;0.025150000;0.842680000
CVE-2006-1195;0.023630000;0.831970000
CVE-2006-1194;0.044200000;0.910610000
CVE-2006-1193;0.397790000;0.985840000
CVE-2006-1192;0.317430000;0.982520000
CVE-2006-1191;0.318950000;0.982590000
CVE-2006-1190;0.616090000;0.991480000
CVE-2006-1189;0.617010000;0.991500000
CVE-2006-1188;0.575660000;0.990580000
CVE-2006-1186;0.582570000;0.990730000
CVE-2006-1185;0.702540000;0.993680000
CVE-2006-1184;0.298350000;0.981560000
CVE-2006-1183;0.032990000;0.881300000
CVE-2006-1182;0.007670000;0.539780000
CVE-2006-1178;0.021690000;0.816350000
CVE-2006-1176;0.045830000;0.913600000
CVE-2006-1175;0.023280000;0.829310000
CVE-2006-1174;0.004410000;0.360700000
CVE-2006-1173;0.052730000;0.923160000
CVE-2006-1172;0.142010000;0.964870000
CVE-2006-1168;0.058170000;0.929290000
CVE-2006-1167;0.002770000;0.183350000
CVE-2006-1166;0.003190000;0.226380000
CVE-2006-1165;0.012350000;0.680140000
CVE-2006-1164;0.027210000;0.855420000
CVE-2006-1163;0.017510000;0.770740000
CVE-2006-1162;0.027620000;0.857760000
CVE-2006-1161;0.027740000;0.858650000
CVE-2006-1160;0.012960000;0.693670000
CVE-2006-1159;0.068290000;0.938360000
CVE-2006-1158;0.020970000;0.810150000
CVE-2006-1157;0.019290000;0.792870000
CVE-2006-1156;0.012700000;0.688070000
CVE-2006-1155;0.013380000;0.703000000
CVE-2006-1154;0.028470000;0.862260000
CVE-2006-1153;0.010990000;0.644790000
CVE-2006-1152;0.014530000;0.725170000
CVE-2006-1151;0.035060000;0.888160000
CVE-2006-1150;0.022250000;0.821150000
CVE-2006-1149;0.099930000;0.954790000
CVE-2006-1148;0.730270000;0.994430000
CVE-2006-1147;0.031290000;0.874340000
CVE-2006-1146;0.051950000;0.922290000
CVE-2006-1145;0.044590000;0.911440000
CVE-2006-1144;0.050370000;0.920220000
CVE-2006-1143;0.012420000;0.681580000
CVE-2006-1142;0.013880000;0.713290000
CVE-2006-1141;0.046050000;0.913960000
CVE-2006-1140;0.011620000;0.661000000
CVE-2006-1139;0.017320000;0.768340000
CVE-2006-1138;0.032340000;0.878500000
CVE-2006-1137;0.039390000;0.900760000
CVE-2006-1136;0.027000000;0.854320000
CVE-2006-1135;0.020280000;0.803440000
CVE-2006-1134;0.016300000;0.753800000
CVE-2006-1133;0.020240000;0.803000000
CVE-2006-1132;0.011570000;0.659470000
CVE-2006-1131;0.017520000;0.771080000
CVE-2006-1130;0.018530000;0.784140000
CVE-2006-1129;0.020370000;0.804250000
CVE-2006-1128;0.040110000;0.902550000
CVE-2006-1127;0.025390000;0.844340000
CVE-2006-1126;0.015760000;0.746100000
CVE-2006-1125;0.003370000;0.248870000
CVE-2006-1124;0.073140000;0.942030000
CVE-2006-1123;0.020030000;0.800800000
CVE-2006-1122;0.016770000;0.760760000
CVE-2006-1121;0.021830000;0.817490000
CVE-2006-1120;0.029940000;0.868890000
CVE-2006-1119;0.009680000;0.605410000
CVE-2006-1118;0.011530000;0.658690000
CVE-2006-1117;0.009250000;0.590770000
CVE-2006-1116;0.015660000;0.744500000
CVE-2006-1115;0.011820000;0.666910000
CVE-2006-1114;0.033220000;0.882090000
CVE-2006-1113;0.012780000;0.689740000
CVE-2006-1112;0.032010000;0.877130000
CVE-2006-1111;0.011810000;0.666600000
CVE-2006-1110;0.019130000;0.791110000
CVE-2006-1109;0.013230000;0.699150000
CVE-2006-1108;0.014470000;0.724060000
CVE-2006-1107;0.014060000;0.716620000
CVE-2006-1106;0.019700000;0.797190000
CVE-2006-1105;0.017040000;0.764710000
CVE-2006-1104;0.015130000;0.735900000
CVE-2006-1103;0.071760000;0.941150000
CVE-2006-1102;0.047050000;0.915430000
CVE-2006-1101;0.051050000;0.921200000
CVE-2006-1100;0.083030000;0.947730000
CVE-2006-1099;0.023090000;0.827830000
CVE-2006-1098;0.011500000;0.657590000
CVE-2006-1097;0.013840000;0.712400000
CVE-2006-1096;0.012500000;0.683560000
CVE-2006-1095;0.008870000;0.578870000
CVE-2006-1094;0.024060000;0.834940000
CVE-2006-1093;0.013510000;0.705570000
CVE-2006-1092;0.003610000;0.275680000
CVE-2006-1091;0.028620000;0.862950000
CVE-2006-1090;0.035990000;0.891010000
CVE-2006-1089;0.012960000;0.693710000
CVE-2006-1088;0.018010000;0.777500000
CVE-2006-1087;0.017780000;0.774640000
CVE-2006-1085;0.035340000;0.888930000
CVE-2006-1084;0.015480000;0.741620000
CVE-2006-1083;0.022150000;0.820290000
CVE-2006-1082;0.019400000;0.794320000
CVE-2006-1081;0.018700000;0.786280000
CVE-2006-1080;0.019110000;0.790880000
CVE-2006-1079;0.004020000;0.321700000
CVE-2006-1078;0.005390000;0.433690000
CVE-2006-1077;0.012080000;0.673380000
CVE-2006-1076;0.011160000;0.648970000
CVE-2006-1075;0.038430000;0.898130000
CVE-2006-1074;0.017980000;0.777150000
CVE-2006-1073;0.031420000;0.874810000
CVE-2006-1072;0.011770000;0.665380000
CVE-2006-1071;0.019110000;0.790900000
CVE-2006-1070;0.019110000;0.790890000
CVE-2006-1069;0.016470000;0.756540000
CVE-2006-1068;0.018020000;0.777670000
CVE-2006-1067;0.018090000;0.778530000
CVE-2006-1066;0.003480000;0.261380000
CVE-2006-1065;0.012090000;0.673530000
CVE-2006-1064;0.017450000;0.769900000
CVE-2006-1063;0.020120000;0.801890000
CVE-2006-1062;0.018080000;0.778390000
CVE-2006-1061;0.052540000;0.922980000
CVE-2006-1060;0.041690000;0.905930000
CVE-2006-1059;0.004750000;0.388420000
CVE-2006-1058;0.002940000;0.200150000
CVE-2006-1057;0.002720000;0.177840000
CVE-2006-1056;0.004480000;0.367490000
CVE-2006-1055;0.005960000;0.466260000
CVE-2006-1052;0.004270000;0.347400000
CVE-2006-1051;0.012110000;0.674310000
CVE-2006-1050;0.002080000;0.098440000
CVE-2006-1049;0.012110000;0.674330000
CVE-2006-1048;0.012120000;0.674570000
CVE-2006-1047;0.019370000;0.793940000
CVE-2006-1046;0.046560000;0.914720000
CVE-2006-1045;0.049740000;0.919490000
CVE-2006-1044;0.074660000;0.942930000
CVE-2006-1043;0.226050000;0.976600000
CVE-2006-1042;0.013780000;0.711290000
CVE-2006-1041;0.013380000;0.703010000
CVE-2006-1040;0.026030000;0.848420000
CVE-2006-1039;0.027380000;0.856390000
CVE-2006-1038;0.030510000;0.871270000
CVE-2006-1037;0.017560000;0.771620000
CVE-2006-1036;0.021200000;0.812250000
CVE-2006-1035;0.026800000;0.853220000
CVE-2006-1034;0.014190000;0.718970000
CVE-2006-1033;0.019460000;0.794920000
CVE-2006-1032;0.035670000;0.889910000
CVE-2006-1031;0.032070000;0.877430000
CVE-2006-1030;0.013880000;0.713300000
CVE-2006-1029;0.014210000;0.719360000
CVE-2006-1028;0.018930000;0.788890000
CVE-2006-1027;0.014250000;0.720100000
CVE-2006-1026;0.015490000;0.741940000
CVE-2006-1025;0.014730000;0.729070000
CVE-2006-1024;0.012110000;0.674220000
CVE-2006-1023;0.051570000;0.921850000
CVE-2006-1022;0.029490000;0.867030000
CVE-2006-1021;0.017520000;0.771080000
CVE-2006-1020;0.014140000;0.717940000
CVE-2006-1019;0.009380000;0.595210000
CVE-2006-1018;0.011360000;0.653900000
CVE-2006-1017;0.031040000;0.873280000
CVE-2006-1016;0.669540000;0.992790000
CVE-2006-1015;0.123990000;0.960930000
CVE-2006-1014;0.013350000;0.702130000
CVE-2006-1013;0.025830000;0.847070000
CVE-2006-1012;0.029760000;0.868110000
CVE-2006-1011;0.003820000;0.298190000
CVE-2006-1010;0.176390000;0.970720000
CVE-2006-1009;0.003310000;0.240390000
CVE-2006-1008;0.016820000;0.761520000
CVE-2006-1007;0.012800000;0.690010000
CVE-2006-1006;0.012110000;0.674260000
CVE-2006-1005;0.012070000;0.672960000
CVE-2006-1004;0.011770000;0.665310000
CVE-2006-1003;0.022910000;0.826380000
CVE-2006-1002;0.027190000;0.855340000
CVE-2006-1001;0.013800000;0.711610000
CVE-2006-10003;0.005480000;0.439110000
CVE-2006-10002;0.006040000;0.470420000
CVE-2006-10001;0.006400000;0.488700000
CVE-2006-1000;0.033860000;0.884190000
CVE-2006-0999;0.022690000;0.824540000
CVE-2006-0998;0.032040000;0.877290000
CVE-2006-0997;0.016160000;0.751780000
CVE-2006-0996;0.110630000;0.957990000
CVE-2006-0995;0.018090000;0.778520000
CVE-2006-0994;0.216340000;0.975640000
CVE-2006-0993;0.027250000;0.855640000
CVE-2006-0992;0.733570000;0.994520000
CVE-2006-0991;0.112250000;0.958460000
CVE-2006-0990;0.081120000;0.946710000
CVE-2006-0989;0.081120000;0.946710000
CVE-2006-0988;0.595080000;0.991010000
CVE-2006-0987;0.580330000;0.990670000
CVE-2006-0986;0.032820000;0.880540000
CVE-2006-0985;0.030910000;0.872880000
CVE-2006-0984;0.019940000;0.799750000
CVE-2006-0983;0.019940000;0.799770000
CVE-2006-0982;0.014400000;0.722870000
CVE-2006-0981;0.018840000;0.787730000
CVE-2006-0980;0.011770000;0.665270000
CVE-2006-0979;0.017030000;0.764480000
CVE-2006-0978;0.021560000;0.815370000
CVE-2006-0977;0.016970000;0.763750000
CVE-2006-0976;0.036610000;0.892880000
CVE-2006-0974;0.019110000;0.790880000
CVE-2006-0973;0.012810000;0.690450000
CVE-2006-0972;0.013420000;0.703800000
CVE-2006-0971;0.048380000;0.917390000
CVE-2006-0970;0.015440000;0.741100000
CVE-2006-0969;0.013180000;0.698330000
CVE-2006-0968;0.004170000;0.338200000
CVE-2006-0967;0.003750000;0.291440000
CVE-2006-0966;0.003750000;0.291440000
CVE-2006-0965;0.003770000;0.293420000
CVE-2006-0964;0.003980000;0.316760000
CVE-2006-0963;0.005250000;0.425030000
CVE-2006-0962;0.025130000;0.842550000
CVE-2006-0961;0.022570000;0.823620000
CVE-2006-0960;0.017520000;0.770960000
CVE-2006-0959;0.038310000;0.897770000
CVE-2006-0958;0.013740000;0.710500000
CVE-2006-0957;0.017500000;0.770630000
CVE-2006-0956;0.006430000;0.490510000
CVE-2006-0951;0.003890000;0.306850000
CVE-2006-0950;0.017090000;0.765320000
CVE-2006-0949;0.015280000;0.738330000
CVE-2006-0948;0.003610000;0.275750000
CVE-2006-0947;0.026860000;0.853500000
CVE-2006-0946;0.019730000;0.797490000
CVE-2006-0945;0.013090000;0.696100000
CVE-2006-0944;0.036400000;0.892210000
CVE-2006-0943;0.012660000;0.687260000
CVE-2006-0942;0.011490000;0.657530000
CVE-2006-0941;0.014060000;0.716610000
CVE-2006-0940;0.033450000;0.882880000
CVE-2006-0939;0.011670000;0.662180000
CVE-2006-0938;0.012760000;0.689410000
CVE-2006-0937;0.020780000;0.808260000
CVE-2006-0936;0.023230000;0.828860000
CVE-2006-0935;0.064110000;0.934900000
CVE-2006-0934;0.012960000;0.693670000
CVE-2006-0933;0.017360000;0.768850000
CVE-2006-0932;0.018890000;0.788290000
CVE-2006-0931;0.024160000;0.835800000
CVE-2006-0930;0.014060000;0.716630000
CVE-2006-0929;0.013020000;0.694910000
CVE-2006-0928;0.021000000;0.810570000
CVE-2006-0927;0.020880000;0.809400000
CVE-2006-0926;0.016020000;0.749600000
CVE-2006-0925;0.031110000;0.873540000
CVE-2006-0924;0.011770000;0.665340000
CVE-2006-0923;0.021850000;0.817600000
CVE-2006-0922;0.081480000;0.946910000
CVE-2006-0921;0.016670000;0.759420000
CVE-2006-0920;0.007870000;0.546210000
CVE-2006-0919;0.013300000;0.700890000
CVE-2006-0918;0.036950000;0.893800000
CVE-2006-0917;0.003510000;0.264580000
CVE-2006-0916;0.012030000;0.672040000
CVE-2006-0915;0.011880000;0.668290000
CVE-2006-0914;0.011580000;0.659710000
CVE-2006-0913;0.010420000;0.628480000
CVE-2006-0912;0.015910000;0.748230000
CVE-2006-0911;0.162720000;0.968640000
CVE-2006-0910;0.013330000;0.701430000
CVE-2006-0909;0.013680000;0.709130000
CVE-2006-0908;0.018070000;0.778270000
CVE-2006-0907;0.016670000;0.759420000
CVE-2006-0906;0.012440000;0.682100000
CVE-2006-0905;0.018470000;0.783390000
CVE-2006-0903;0.013740000;0.710450000
CVE-2006-0901;0.004410000;0.360960000
CVE-2006-0900;0.650630000;0.992340000
CVE-2006-0899;0.099840000;0.954740000
CVE-2006-0898;0.014300000;0.721060000
CVE-2006-0897;0.013770000;0.711130000
CVE-2006-0896;0.017620000;0.772360000
CVE-2006-0895;0.017060000;0.764950000
CVE-2006-0894;0.026920000;0.853920000
CVE-2006-0893;0.017600000;0.772060000
CVE-2006-0892;0.038860000;0.899240000
CVE-2006-0891;0.084940000;0.948830000
CVE-2006-0890;0.017590000;0.771950000
CVE-2006-0889;0.011770000;0.665340000
CVE-2006-0888;0.085490000;0.949130000
CVE-2006-0887;0.034530000;0.886440000
CVE-2006-0886;0.011770000;0.665480000
CVE-2006-0885;0.019920000;0.799530000
CVE-2006-0884;0.072320000;0.941500000
CVE-2006-0883;0.019200000;0.791960000
CVE-2006-0882;0.028180000;0.860830000
CVE-2006-0881;0.076520000;0.944070000
CVE-2006-0880;0.019110000;0.790910000
CVE-2006-0879;0.012800000;0.690050000
CVE-2006-0878;0.015480000;0.741640000
CVE-2006-0877;0.030730000;0.872170000
CVE-2006-0876;0.018380000;0.782280000
CVE-2006-0875;0.029450000;0.866840000
CVE-2006-0874;0.017030000;0.764470000
CVE-2006-0873;0.016950000;0.763380000
CVE-2006-0872;0.023620000;0.831910000
CVE-2006-0871;0.017090000;0.765320000
CVE-2006-0870;0.021810000;0.817320000
CVE-2006-0869;0.040110000;0.902540000
CVE-2006-0868;0.025070000;0.842060000
CVE-2006-0867;0.013260000;0.699960000
CVE-2006-0866;0.013730000;0.710230000
CVE-2006-0865;0.031000000;0.873160000
CVE-2006-0864;0.028070000;0.860230000
CVE-2006-0863;0.016580000;0.758030000
CVE-2006-0862;0.015780000;0.746320000
CVE-2006-0861;0.016200000;0.752460000
CVE-2006-0860;0.013810000;0.711770000
CVE-2006-0859;0.014870000;0.731520000
CVE-2006-0858;0.003370000;0.247850000
CVE-2006-0857;0.032640000;0.879910000
CVE-2006-0856;0.015630000;0.744090000
CVE-2006-0855;0.045450000;0.912950000
CVE-2006-0854;0.021370000;0.813720000
CVE-2006-0853;0.027350000;0.856180000
CVE-2006-0852;0.027930000;0.859520000
CVE-2006-0851;0.012810000;0.690450000
CVE-2006-0850;0.012110000;0.674210000
CVE-2006-0848;0.581050000;0.990690000
CVE-2006-0847;0.024020000;0.834680000
CVE-2006-0846;0.012080000;0.673450000
CVE-2006-0845;0.012960000;0.693540000
CVE-2006-0844;0.016790000;0.761040000
CVE-2006-0843;0.014250000;0.720070000
CVE-2006-0842;0.018330000;0.781660000
CVE-2006-0841;0.054660000;0.925100000
CVE-2006-0840;0.019310000;0.793160000
CVE-2006-0839;0.014090000;0.717100000
CVE-2006-0838;0.003720000;0.288460000
CVE-2006-0837;0.003720000;0.288470000
CVE-2006-0836;0.027400000;0.856500000
CVE-2006-0835;0.012800000;0.690040000
CVE-2006-0834;0.013170000;0.698090000
CVE-2006-0833;0.011770000;0.665550000
CVE-2006-0832;0.011500000;0.657590000
CVE-2006-0831;0.013320000;0.701380000
CVE-2006-0830;0.142800000;0.965020000
CVE-2006-0829;0.020700000;0.807610000
CVE-2006-0828;0.020850000;0.809030000
CVE-2006-0827;0.013510000;0.705610000
CVE-2006-0826;0.026090000;0.848790000
CVE-2006-0825;0.028240000;0.861080000
CVE-2006-0824;0.030540000;0.871400000
CVE-2006-0823;0.016650000;0.759150000
CVE-2006-0822;0.019330000;0.793440000
CVE-2006-0821;0.012100000;0.673920000
CVE-2006-0820;0.013700000;0.709580000
CVE-2006-0819;0.022710000;0.824690000
CVE-2006-0818;0.020740000;0.807970000
CVE-2006-0817;0.056610000;0.927470000
CVE-2006-0816;0.025730000;0.846440000
CVE-2006-0815;0.015780000;0.746310000
CVE-2006-0814;0.105690000;0.956570000
CVE-2006-0813;0.032030000;0.877240000
CVE-2006-0812;0.003710000;0.286900000
CVE-2006-0811;0.013740000;0.710520000
CVE-2006-0810;0.011090000;0.647330000
CVE-2006-0809;0.026270000;0.849810000
CVE-2006-0808;0.015910000;0.748160000
CVE-2006-0807;0.039500000;0.901050000
CVE-2006-0806;0.060090000;0.931200000
CVE-2006-0805;0.029960000;0.868980000
CVE-2006-0804;0.028810000;0.863840000
CVE-2006-0803;0.017780000;0.774590000
CVE-2006-0802;0.013670000;0.708980000
CVE-2006-0801;0.012160000;0.675440000
CVE-2006-0800;0.021780000;0.817100000
CVE-2006-0799;0.076060000;0.943790000
CVE-2006-0798;0.017540000;0.771370000
CVE-2006-0797;0.046060000;0.913980000
CVE-2006-0796;0.011770000;0.665460000
CVE-2006-0795;0.029630000;0.867580000
CVE-2006-0794;0.013880000;0.713310000
CVE-2006-0793;0.014410000;0.722880000
CVE-2006-0792;0.017520000;0.771110000
CVE-2006-0791;0.073200000;0.942080000
CVE-2006-0790;0.015910000;0.748160000
CVE-2006-0789;0.042630000;0.907770000
CVE-2006-0788;0.016410000;0.755700000
CVE-2006-0787;0.022230000;0.820930000
CVE-2006-0786;0.024210000;0.836130000
CVE-2006-0785;0.016170000;0.751970000
CVE-2006-0784;0.031320000;0.874420000
CVE-2006-0783;0.019200000;0.791960000
CVE-2006-0782;0.030360000;0.870600000
CVE-2006-0781;0.018560000;0.784490000
CVE-2006-0780;0.013300000;0.700930000
CVE-2006-0779;0.022450000;0.822790000
CVE-2006-0778;0.030310000;0.870460000
CVE-2006-0777;0.023970000;0.834370000
CVE-2006-0776;0.017150000;0.766230000
CVE-2006-0775;0.018700000;0.786280000
CVE-2006-0774;0.018700000;0.786280000
CVE-2006-0773;0.018170000;0.779730000
CVE-2006-0772;0.020930000;0.809830000
CVE-2006-0771;0.031340000;0.874550000
CVE-2006-0770;0.012490000;0.683360000
CVE-2006-0769;0.003460000;0.259160000
CVE-2006-0768;0.018700000;0.786290000
CVE-2006-0767;0.016040000;0.749980000
CVE-2006-0766;0.011560000;0.659190000
CVE-2006-0765;0.011560000;0.659190000
CVE-2006-0764;0.020290000;0.803550000
CVE-2006-0763;0.012430000;0.681940000
CVE-2006-0762;0.003280000;0.236170000
CVE-2006-0761;0.027170000;0.855230000
CVE-2006-0760;0.022300000;0.821590000
CVE-2006-0759;0.018480000;0.783490000
CVE-2006-0758;0.019360000;0.793740000
CVE-2006-0757;0.032310000;0.878390000
CVE-2006-0756;0.021560000;0.815380000
CVE-2006-0755;0.080280000;0.946180000
CVE-2006-0754;0.017600000;0.772060000
CVE-2006-0753;0.117720000;0.959640000
CVE-2006-0752;0.016560000;0.757700000
CVE-2006-0751;0.017030000;0.764480000
CVE-2006-0750;0.012510000;0.683870000
CVE-2006-0749;0.104870000;0.956330000
CVE-2006-0748;0.079680000;0.945860000
CVE-2006-0747;0.127150000;0.961570000
CVE-2006-0746;0.029860000;0.868540000
CVE-2006-0745;0.011250000;0.651180000
CVE-2006-0744;0.004650000;0.380300000
CVE-2006-0743;0.063710000;0.934590000
CVE-2006-0742;0.004000000;0.319640000
CVE-2006-0741;0.003750000;0.291790000
CVE-2006-0739;0.016340000;0.754570000
CVE-2006-0738;0.031110000;0.873530000
CVE-2006-0737;0.031110000;0.873540000
CVE-2006-0736;0.070530000;0.940150000
CVE-2006-0735;0.028940000;0.864520000
CVE-2006-0734;0.025670000;0.846130000
CVE-2006-0733;0.048300000;0.917270000
CVE-2006-0732;0.025420000;0.844480000
CVE-2006-0731;0.027250000;0.855630000
CVE-2006-0730;0.016700000;0.759780000
CVE-2006-0729;0.014470000;0.724050000
CVE-2006-0728;0.011710000;0.663330000
CVE-2006-0727;0.021420000;0.814180000
CVE-2006-0726;0.016710000;0.759930000
CVE-2006-0725;0.029490000;0.867040000
CVE-2006-0724;0.013080000;0.696070000
CVE-2006-0723;0.016030000;0.749880000
CVE-2006-0722;0.014880000;0.731580000
CVE-2006-0721;0.017480000;0.770310000
CVE-2006-0720;0.105420000;0.956480000
CVE-2006-0719;0.012740000;0.688950000
CVE-2006-0718;0.020080000;0.801560000
CVE-2006-0717;0.096550000;0.953600000
CVE-2006-0716;0.013240000;0.699520000
CVE-2006-0715;0.017520000;0.771090000
CVE-2006-0714;0.077650000;0.944710000
CVE-2006-0713;0.030900000;0.872830000
CVE-2006-0712;0.016110000;0.751070000
CVE-2006-0711;0.014870000;0.731520000
CVE-2006-0710;0.045400000;0.912760000
CVE-2006-0709;0.064140000;0.934920000
CVE-2006-0708;0.072360000;0.941530000
CVE-2006-0707;0.014570000;0.725960000
CVE-2006-0706;0.023090000;0.827780000
CVE-2006-0705;0.101620000;0.955300000
CVE-2006-0704;0.012150000;0.675110000
CVE-2006-0703;0.045020000;0.912150000
CVE-2006-0702;0.072680000;0.941740000
CVE-2006-0701;0.078550000;0.945260000
CVE-2006-0700;0.066830000;0.937090000
CVE-2006-0699;0.017030000;0.764530000
CVE-2006-0698;0.019330000;0.793450000
CVE-2006-0697;0.052230000;0.922670000
CVE-2006-0696;0.012110000;0.674330000
CVE-2006-0695;0.027590000;0.857550000
CVE-2006-0694;0.014250000;0.720080000
CVE-2006-0693;0.014930000;0.732440000
CVE-2006-0692;0.014150000;0.718250000
CVE-2006-0691;0.028570000;0.862670000
CVE-2006-0690;0.013690000;0.709280000
CVE-2006-0689;0.013300000;0.700920000
CVE-2006-0688;0.039800000;0.901840000
CVE-2006-0687;0.028070000;0.860230000
CVE-2006-0686;0.028810000;0.863860000
CVE-2006-0685;0.052330000;0.922740000
CVE-2006-0684;0.031490000;0.875070000
CVE-2006-0683;0.013300000;0.700920000
CVE-2006-0682;0.011770000;0.665510000
CVE-2006-0681;0.040830000;0.904110000
CVE-2006-0680;0.013510000;0.705570000
CVE-2006-0679;0.036650000;0.892970000
CVE-2006-0678;0.003410000;0.252830000
CVE-2006-0677;0.031410000;0.874770000
CVE-2006-0676;0.019760000;0.797750000
CVE-2006-0675;0.019920000;0.799530000
CVE-2006-0674;0.004070000;0.327020000
CVE-2006-0673;0.021500000;0.814850000
CVE-2006-0672;0.027430000;0.856640000
CVE-2006-0671;0.047230000;0.915660000
CVE-2006-0670;0.035350000;0.888960000
CVE-2006-0669;0.011620000;0.660910000
CVE-2006-0668;0.012150000;0.675290000
CVE-2006-0667;0.003310000;0.240370000
CVE-2006-0666;0.003890000;0.306690000
CVE-2006-0665;0.017760000;0.774450000
CVE-2006-0664;0.012280000;0.678450000
CVE-2006-0663;0.056890000;0.927710000
CVE-2006-0662;0.013700000;0.709590000
CVE-2006-0661;0.013300000;0.700950000
CVE-2006-0660;0.047270000;0.915750000
CVE-2006-0659;0.040910000;0.904250000
CVE-2006-0658;0.069020000;0.938930000
CVE-2006-0657;0.011350000;0.653630000
CVE-2006-0656;0.041630000;0.905830000
CVE-2006-0655;0.012570000;0.685280000
CVE-2006-0654;0.018430000;0.782770000
CVE-2006-0653;0.013320000;0.701260000
CVE-2006-0652;0.012620000;0.686390000
CVE-2006-0651;0.011620000;0.660950000
CVE-2006-0650;0.021930000;0.818220000
CVE-2006-0649;0.011770000;0.665540000
CVE-2006-0648;0.021170000;0.811940000
CVE-2006-0647;0.098750000;0.954400000
CVE-2006-0646;0.004180000;0.338960000
CVE-2006-0645;0.038920000;0.899360000
CVE-2006-0644;0.084450000;0.948540000
CVE-2006-0643;0.013740000;0.710510000
CVE-2006-0642;0.019190000;0.791780000
CVE-2006-0641;0.008000000;0.550470000
CVE-2006-0640;0.003080000;0.214110000
CVE-2006-0639;0.012700000;0.688020000
CVE-2006-0638;0.012370000;0.680560000
CVE-2006-0637;0.021440000;0.814310000
CVE-2006-0636;0.018490000;0.783660000
CVE-2006-0635;0.003500000;0.263960000
CVE-2006-0634;0.003970000;0.315280000
CVE-2006-0633;0.012000000;0.671370000
CVE-2006-0632;0.025610000;0.845650000
CVE-2006-0631;0.016560000;0.757760000
CVE-2006-0630;0.016380000;0.755150000
CVE-2006-0629;0.027170000;0.855230000
CVE-2006-0628;0.057320000;0.928240000
CVE-2006-0627;0.013840000;0.712400000
CVE-2006-0626;0.013150000;0.697620000
CVE-2006-0625;0.048820000;0.918040000
CVE-2006-0624;0.013150000;0.697620000
CVE-2006-0623;0.009100000;0.586060000
CVE-2006-0622;0.004760000;0.389710000
CVE-2006-0621;0.004990000;0.405730000
CVE-2006-0620;0.008020000;0.551380000
CVE-2006-0619;0.004960000;0.403860000
CVE-2006-0618;0.004060000;0.325730000
CVE-2006-0617;0.037940000;0.896680000
CVE-2006-0616;0.037940000;0.896680000
CVE-2006-0615;0.053350000;0.923800000
CVE-2006-0614;0.051170000;0.921320000
CVE-2006-0613;0.032150000;0.877820000
CVE-2006-0612;0.003910000;0.308750000
CVE-2006-0611;0.018450000;0.783040000
CVE-2006-0610;0.019140000;0.791160000
CVE-2006-0609;0.013840000;0.712410000
CVE-2006-0608;0.015500000;0.742120000
CVE-2006-0607;0.020280000;0.803430000
CVE-2006-0606;0.012430000;0.682030000
CVE-2006-0605;0.013300000;0.700930000
CVE-2006-0604;0.026590000;0.851830000
CVE-2006-0603;0.023200000;0.828640000
CVE-2006-0602;0.022290000;0.821500000
CVE-2006-0600;0.017980000;0.777140000
CVE-2006-0599;0.015690000;0.744890000
CVE-2006-0598;0.029450000;0.866820000
CVE-2006-0597;0.027870000;0.859270000
CVE-2006-0593;0.020820000;0.808760000
CVE-2006-0592;0.035540000;0.889500000
CVE-2006-0591;0.003930000;0.311460000
CVE-2006-0590;0.015500000;0.742140000
CVE-2006-0589;0.015500000;0.742130000
CVE-2006-0588;0.013320000;0.701250000
CVE-2006-0587;0.027380000;0.856410000
CVE-2006-0586;0.065080000;0.935740000
CVE-2006-0585;0.152350000;0.966680000
CVE-2006-0584;0.003320000;0.241230000
CVE-2006-0583;0.026200000;0.849400000
CVE-2006-0582;0.004530000;0.371340000
CVE-2006-0581;0.018250000;0.780680000
CVE-2006-0580;0.031670000;0.875820000
CVE-2006-0579;0.040400000;0.903130000
CVE-2006-0578;0.017550000;0.771530000
CVE-2006-0577;0.003410000;0.252820000
CVE-2006-0576;0.003960000;0.314330000
CVE-2006-0575;0.016110000;0.751150000
CVE-2006-0574;0.019700000;0.797200000
CVE-2006-0573;0.025860000;0.847250000
CVE-2006-0572;0.016790000;0.761040000
CVE-2006-0571;0.013300000;0.700930000
CVE-2006-0570;0.014460000;0.723860000
CVE-2006-0569;0.011770000;0.665330000
CVE-2006-0568;0.022230000;0.820940000
CVE-2006-0567;0.016850000;0.762060000
CVE-2006-0566;0.022720000;0.824780000
CVE-2006-0565;0.093760000;0.952610000
CVE-2006-0564;0.716970000;0.994070000
CVE-2006-0563;0.027400000;0.856490000
CVE-2006-0562;0.022200000;0.820750000
CVE-2006-0561;0.003610000;0.275750000
CVE-2006-0559;0.060600000;0.931750000
CVE-2006-0558;0.004170000;0.337030000
CVE-2006-0557;0.004650000;0.380810000
CVE-2006-0555;0.004220000;0.343090000
CVE-2006-0554;0.003760000;0.292750000
CVE-2006-0553;0.030150000;0.869780000
CVE-2006-0552;0.048350000;0.917340000
CVE-2006-0551;0.042780000;0.908070000
CVE-2006-0550;0.082300000;0.947340000
CVE-2006-0549;0.084750000;0.948700000
CVE-2006-0548;0.042780000;0.908070000
CVE-2006-0547;0.096500000;0.953570000
CVE-2006-0546;0.021880000;0.817850000
CVE-2006-0545;0.012800000;0.690050000
CVE-2006-0544;0.217180000;0.975720000
CVE-2006-0543;0.012400000;0.681280000
CVE-2006-0542;0.020810000;0.808590000
CVE-2006-0541;0.012080000;0.673410000
CVE-2006-0540;0.012430000;0.682020000
CVE-2006-0539;0.007750000;0.542340000
CVE-2006-0538;0.020930000;0.809790000
CVE-2006-0537;0.415050000;0.986400000
CVE-2006-0536;0.019380000;0.794030000
CVE-2006-0535;0.015330000;0.739240000
CVE-2006-0534;0.035960000;0.890950000
CVE-2006-0533;0.012830000;0.690890000
CVE-2006-0532;0.040090000;0.902520000
CVE-2006-0531;0.003950000;0.313700000
CVE-2006-0530;0.028580000;0.862720000
CVE-2006-0529;0.032380000;0.878650000
CVE-2006-0528;0.110130000;0.957860000
CVE-2006-0527;0.081850000;0.947110000
CVE-2006-0526;0.003570000;0.271870000
CVE-2006-0525;0.013250000;0.699620000
CVE-2006-0524;0.040050000;0.902410000
CVE-2006-0523;0.012110000;0.674340000
CVE-2006-0522;0.027530000;0.857250000
CVE-2006-0521;0.013740000;0.710520000
CVE-2006-0520;0.011620000;0.660930000
CVE-2006-0519;0.021560000;0.815380000
CVE-2006-0518;0.039060000;0.899700000
CVE-2006-0517;0.033040000;0.881480000
CVE-2006-0516;0.003600000;0.275240000
CVE-2006-0515;0.097930000;0.954110000
CVE-2006-0513;0.094940000;0.953040000
CVE-2006-0512;0.003490000;0.262280000
CVE-2006-0511;0.003640000;0.279220000
CVE-2006-0510;0.012510000;0.683860000
CVE-2006-0509;0.019640000;0.796610000
CVE-2006-0508;0.013880000;0.713300000
CVE-2006-0507;0.013380000;0.702990000
CVE-2006-0506;0.013380000;0.703000000
CVE-2006-0505;0.012270000;0.678120000
CVE-2006-0504;0.031180000;0.873830000
CVE-2006-0503;0.022960000;0.826720000
CVE-2006-0502;0.042910000;0.908260000
CVE-2006-0501;0.011770000;0.665390000
CVE-2006-0500;0.013170000;0.698080000
CVE-2006-0499;0.011770000;0.665430000
CVE-2006-0498;0.012080000;0.673370000
CVE-2006-0497;0.020270000;0.803330000
CVE-2006-0496;0.026680000;0.852450000
CVE-2006-0495;0.011640000;0.661680000
CVE-2006-0494;0.003810000;0.297510000
CVE-2006-0493;0.011770000;0.665360000
CVE-2006-0492;0.019410000;0.794430000
CVE-2006-0491;0.021760000;0.816920000
CVE-2006-0490;0.017680000;0.773330000
CVE-2006-0489;0.004730000;0.387550000
CVE-2006-0488;0.021110000;0.811510000
CVE-2006-0487;0.010530000;0.631560000
CVE-2006-0486;0.003890000;0.306680000
CVE-2006-0485;0.003560000;0.270230000
CVE-2006-0484;0.018080000;0.778360000
CVE-2006-0483;0.031960000;0.876910000
CVE-2006-0482;0.003570000;0.271090000
CVE-2006-0481;0.030790000;0.872390000
CVE-2006-0480;0.018750000;0.786760000
CVE-2006-0479;0.031010000;0.873210000
CVE-2006-0478;0.030680000;0.871940000
CVE-2006-0477;0.032570000;0.879660000
CVE-2006-0476;0.749930000;0.994960000
CVE-2006-0475;0.015910000;0.748230000
CVE-2006-0474;0.039090000;0.899770000
CVE-2006-0473;0.026230000;0.849560000
CVE-2006-0472;0.017840000;0.775330000
CVE-2006-0471;0.017840000;0.775320000
CVE-2006-0470;0.024920000;0.841160000
CVE-2006-0469;0.019360000;0.793740000
CVE-2006-0468;0.105170000;0.956410000
CVE-2006-0467;0.027650000;0.858000000
CVE-2006-0466;0.012420000;0.681560000
CVE-2006-0465;0.009920000;0.612680000
CVE-2006-0464;0.012100000;0.674040000
CVE-2006-0463;0.012420000;0.681570000
CVE-2006-0462;0.021320000;0.813340000
CVE-2006-0461;0.020590000;0.806460000
CVE-2006-0460;0.683850000;0.993170000
CVE-2006-0459;0.047690000;0.916450000
CVE-2006-0458;0.025260000;0.843410000
CVE-2006-0457;0.027150000;0.855180000
CVE-2006-0456;0.004120000;0.332040000
CVE-2006-0455;0.013590000;0.707450000
CVE-2006-0454;0.038640000;0.898680000
CVE-2006-0453;0.018850000;0.787810000
CVE-2006-0452;0.016260000;0.753330000
CVE-2006-0451;0.016260000;0.753330000
CVE-2006-0450;0.050890000;0.921010000
CVE-2006-0449;0.017520000;0.770950000
CVE-2006-0448;0.020800000;0.808530000
CVE-2006-0447;0.046070000;0.913980000
CVE-2006-0446;0.031620000;0.875580000
CVE-2006-0445;0.011940000;0.669780000
CVE-2006-0444;0.030470000;0.871000000
CVE-2006-0443;0.021260000;0.812760000
CVE-2006-0442;0.018860000;0.787950000
CVE-2006-0441;0.714630000;0.994000000
CVE-2006-0440;0.014020000;0.716000000
CVE-2006-0439;0.017060000;0.764960000
CVE-2006-0438;0.025440000;0.844600000
CVE-2006-0437;0.022940000;0.826620000
CVE-2006-0436;0.004560000;0.373820000
CVE-2006-0435;0.068440000;0.938440000
CVE-2006-0434;0.017590000;0.771930000
CVE-2006-0433;0.028760000;0.863610000
CVE-2006-0432;0.003570000;0.271390000
CVE-2006-0431;0.003600000;0.274500000
CVE-2006-0430;0.017520000;0.770950000
CVE-2006-0429;0.003570000;0.271390000
CVE-2006-0428;0.029060000;0.865120000
CVE-2006-0427;0.003600000;0.274500000
CVE-2006-0426;0.020410000;0.804720000
CVE-2006-0425;0.025240000;0.843330000
CVE-2006-0424;0.012490000;0.683380000
CVE-2006-0423;0.043670000;0.909750000
CVE-2006-0422;0.017520000;0.770990000
CVE-2006-0421;0.003970000;0.315280000
CVE-2006-0420;0.013260000;0.699950000
CVE-2006-0419;0.023870000;0.833580000
CVE-2006-0418;0.036970000;0.893820000
CVE-2006-0417;0.019930000;0.799680000
CVE-2006-0416;0.015380000;0.740090000
CVE-2006-0415;0.017360000;0.768860000
CVE-2006-0414;0.029620000;0.867500000
CVE-2006-0413;0.012510000;0.683860000
CVE-2006-0412;0.014730000;0.729050000
CVE-2006-0411;0.024700000;0.839650000
CVE-2006-0410;0.029100000;0.865260000
CVE-2006-0409;0.019760000;0.797750000
CVE-2006-0408;0.004430000;0.363300000
CVE-2006-0407;0.026200000;0.849370000
CVE-2006-0406;0.015480000;0.741680000
CVE-2006-0405;0.028930000;0.864420000
CVE-2006-0404;0.018030000;0.777820000
CVE-2006-0403;0.020310000;0.803690000
CVE-2006-0402;0.014790000;0.729970000
CVE-2006-0401;0.003680000;0.283800000
CVE-2006-0400;0.017620000;0.772450000
CVE-2006-0399;0.015740000;0.745700000
CVE-2006-0398;0.015740000;0.745700000
CVE-2006-0397;0.015740000;0.745700000
CVE-2006-0396;0.110840000;0.958060000
CVE-2006-0395;0.553760000;0.990090000
CVE-2006-0393;0.020230000;0.802870000
CVE-2006-0392;0.031670000;0.875810000
CVE-2006-0391;0.005040000;0.409640000
CVE-2006-0389;0.025450000;0.844720000
CVE-2006-0388;0.007730000;0.541510000
CVE-2006-0387;0.077540000;0.944670000
CVE-2006-0386;0.003480000;0.260430000
CVE-2006-0384;0.040200000;0.902750000
CVE-2006-0383;0.035100000;0.888280000
CVE-2006-0382;0.003530000;0.267460000
CVE-2006-0381;0.065990000;0.936500000
CVE-2006-0380;0.003420000;0.253860000
CVE-2006-0379;0.003820000;0.298190000
CVE-2006-0378;0.013820000;0.712120000
CVE-2006-0377;0.023510000;0.831140000
CVE-2006-0376;0.182460000;0.971390000
CVE-2006-0375;0.013510000;0.705560000
CVE-2006-0374;0.016490000;0.756820000
CVE-2006-0373;0.009380000;0.595230000
CVE-2006-0372;0.013210000;0.698870000
CVE-2006-0371;0.028880000;0.864160000
CVE-2006-0370;0.017620000;0.772410000
CVE-2006-0369;0.008020000;0.551370000
CVE-2006-0368;0.037240000;0.894700000
CVE-2006-0367;0.021700000;0.816440000
CVE-2006-0366;0.017390000;0.769230000
CVE-2006-0365;0.018350000;0.781930000
CVE-2006-0364;0.013980000;0.714990000
CVE-2006-0363;0.026420000;0.850820000
CVE-2006-0362;0.018570000;0.784700000
CVE-2006-0361;0.021260000;0.812760000
CVE-2006-0360;0.017770000;0.774470000
CVE-2006-0359;0.040160000;0.902650000
CVE-2006-0358;0.013330000;0.701460000
CVE-2006-0357;0.031340000;0.874530000
CVE-2006-0356;0.016790000;0.761030000
CVE-2006-0355;0.031340000;0.874530000
CVE-2006-0354;0.104850000;0.956320000
CVE-2006-0353;0.003620000;0.277920000
CVE-2006-0352;0.014250000;0.720090000
CVE-2006-0351;0.028730000;0.863490000
CVE-2006-0350;0.019760000;0.797760000
CVE-2006-0349;0.013230000;0.699160000
CVE-2006-0348;0.019000000;0.789700000
CVE-2006-0347;0.020040000;0.800870000
CVE-2006-0346;0.013840000;0.712420000
CVE-2006-0345;0.012810000;0.690450000
CVE-2006-0344;0.019210000;0.792040000
CVE-2006-0343;0.015490000;0.742080000
CVE-2006-0342;0.022280000;0.821360000
CVE-2006-0341;0.019650000;0.796690000
CVE-2006-0340;0.027280000;0.855810000
CVE-2006-0339;0.049440000;0.918990000
CVE-2006-0338;0.029840000;0.868450000
CVE-2006-0337;0.058080000;0.929140000
CVE-2006-0336;0.019910000;0.799430000
CVE-2006-0335;0.026940000;0.854000000
CVE-2006-0334;0.013820000;0.712140000
CVE-2006-0333;0.011640000;0.661570000
CVE-2006-0332;0.015270000;0.738050000
CVE-2006-0331;0.008010000;0.550930000
CVE-2006-0330;0.018430000;0.782820000
CVE-2006-0329;0.013770000;0.711150000
CVE-2006-0328;0.075720000;0.943560000
CVE-2006-0327;0.023650000;0.832090000
CVE-2006-0325;0.030310000;0.870460000
CVE-2006-0324;0.025730000;0.846460000
CVE-2006-0323;0.167440000;0.969530000
CVE-2006-0322;0.015650000;0.744390000
CVE-2006-0321;0.035000000;0.887980000
CVE-2006-0320;0.016080000;0.750670000
CVE-2006-0319;0.069170000;0.939060000
CVE-2006-0318;0.013790000;0.711470000
CVE-2006-0317;0.017360000;0.768870000
CVE-2006-0316;0.104810000;0.956300000
CVE-2006-0315;0.049480000;0.919060000
CVE-2006-0314;0.011110000;0.647870000
CVE-2006-0313;0.019590000;0.796190000
CVE-2006-0312;0.029300000;0.866180000
CVE-2006-0311;0.018700000;0.786280000
CVE-2006-0310;0.021260000;0.812770000
CVE-2006-0309;0.014660000;0.727740000
CVE-2006-0308;0.025720000;0.846400000
CVE-2006-0307;0.038200000;0.897460000
CVE-2006-0306;0.124850000;0.961090000
CVE-2006-0305;0.015490000;0.741940000
CVE-2006-0304;0.065030000;0.935700000
CVE-2006-0303;0.013750000;0.710730000
CVE-2006-0302;0.013880000;0.713340000
CVE-2006-0301;0.045070000;0.912220000
CVE-2006-0300;0.051720000;0.922000000
CVE-2006-0299;0.020190000;0.802490000
CVE-2006-0298;0.027700000;0.858210000
CVE-2006-0297;0.039430000;0.900880000
CVE-2006-0296;0.041360000;0.905300000
CVE-2006-0295;0.713110000;0.993970000
CVE-2006-0294;0.049290000;0.918760000
CVE-2006-0293;0.037370000;0.895080000
CVE-2006-0292;0.045770000;0.913490000
CVE-2006-0291;0.059470000;0.930580000
CVE-2006-0290;0.059470000;0.930580000
CVE-2006-0289;0.129570000;0.962140000
CVE-2006-0288;0.065340000;0.935960000
CVE-2006-0287;0.290060000;0.981140000
CVE-2006-0286;0.058970000;0.930090000
CVE-2006-0285;0.060260000;0.931380000
CVE-2006-0284;0.059470000;0.930580000
CVE-2006-0283;0.065340000;0.935960000
CVE-2006-0282;0.060260000;0.931380000
CVE-2006-0281;0.045470000;0.912980000
CVE-2006-0280;0.045470000;0.912980000
CVE-2006-0279;0.045470000;0.912980000
CVE-2006-0278;0.038640000;0.898690000
CVE-2006-0277;0.045470000;0.912980000
CVE-2006-0276;0.049980000;0.919810000
CVE-2006-0275;0.050120000;0.919960000
CVE-2006-0274;0.060260000;0.931380000
CVE-2006-0273;0.050570000;0.920580000
CVE-2006-0272;0.058190000;0.929310000
CVE-2006-0271;0.033600000;0.883370000
CVE-2006-0270;0.048630000;0.917770000
CVE-2006-0269;0.020050000;0.801230000
CVE-2006-0268;0.040490000;0.903330000
CVE-2006-0267;0.040490000;0.903330000
CVE-2006-0266;0.040490000;0.903340000
CVE-2006-0265;0.052740000;0.923180000
CVE-2006-0263;0.074610000;0.942890000
CVE-2006-0262;0.038640000;0.898680000
CVE-2006-0261;0.063280000;0.934250000
CVE-2006-0260;0.047240000;0.915670000
CVE-2006-0259;0.041710000;0.905960000
CVE-2006-0258;0.058970000;0.930090000
CVE-2006-0257;0.045170000;0.912370000
CVE-2006-0256;0.050590000;0.920600000
CVE-2006-0255;0.003400000;0.252450000
CVE-2006-0254;0.322470000;0.982800000
CVE-2006-0253;0.037510000;0.895460000
CVE-2006-0252;0.015500000;0.742130000
CVE-2006-0251;0.019110000;0.790900000
CVE-2006-0250;0.030540000;0.871400000
CVE-2006-0249;0.012940000;0.693140000
CVE-2006-0248;0.013880000;0.713270000
CVE-2006-0247;0.013820000;0.712130000
CVE-2006-0246;0.013820000;0.712110000
CVE-2006-0245;0.014270000;0.720570000
CVE-2006-0244;0.031340000;0.874540000
CVE-2006-0243;0.011770000;0.665530000
CVE-2006-0242;0.014990000;0.733740000
CVE-2006-0241;0.013510000;0.705590000
CVE-2006-0240;0.012920000;0.692720000
CVE-2006-0239;0.014930000;0.732410000
CVE-2006-0238;0.014090000;0.717090000
CVE-2006-0237;0.017360000;0.768820000
CVE-2006-0236;0.020570000;0.806230000
CVE-2006-0235;0.013210000;0.698880000
CVE-2006-0234;0.018600000;0.785010000
CVE-2006-0233;0.012080000;0.673460000
CVE-2006-0232;0.024020000;0.834660000
CVE-2006-0231;0.019360000;0.793750000
CVE-2006-0230;0.161090000;0.968330000
CVE-2006-0229;0.003330000;0.242970000
CVE-2006-0228;0.003680000;0.283400000
CVE-2006-0227;0.003450000;0.256700000
CVE-2006-0226;0.058230000;0.929340000
CVE-2006-0225;0.004700000;0.384390000
CVE-2006-0224;0.007450000;0.531690000
CVE-2006-0223;0.016210000;0.752540000
CVE-2006-0222;0.017360000;0.768820000
CVE-2006-0221;0.012110000;0.674250000
CVE-2006-0220;0.011170000;0.649330000
CVE-2006-0219;0.010370000;0.626890000
CVE-2006-0218;0.011990000;0.671170000
CVE-2006-0217;0.021620000;0.815860000
CVE-2006-0216;0.015310000;0.738790000
CVE-2006-0215;0.009920000;0.612670000
CVE-2006-0214;0.028730000;0.863500000
CVE-2006-0213;0.003400000;0.252140000
CVE-2006-0212;0.025500000;0.845000000
CVE-2006-0211;0.019360000;0.793740000
CVE-2006-0210;0.019920000;0.799530000
CVE-2006-0209;0.025990000;0.848190000
CVE-2006-0208;0.037740000;0.896160000
CVE-2006-0207;0.043480000;0.909310000
CVE-2006-0206;0.042790000;0.908080000
CVE-2006-0205;0.019440000;0.794720000
CVE-2006-0204;0.014630000;0.727120000
CVE-2006-0203;0.020440000;0.805060000
CVE-2006-0202;0.003390000;0.250610000
CVE-2006-0201;0.014870000;0.731510000
CVE-2006-0200;0.193630000;0.972820000
CVE-2006-0199;0.018450000;0.782980000
CVE-2006-0198;0.016840000;0.761990000
CVE-2006-0197;0.010660000;0.635770000
CVE-2006-0196;0.004860000;0.396270000
CVE-2006-0195;0.020830000;0.808830000
CVE-2006-0194;0.019770000;0.797870000
CVE-2006-0193;0.013380000;0.702990000
CVE-2006-0192;0.021490000;0.814740000
CVE-2006-0191;0.003800000;0.296170000
CVE-2006-0190;0.003600000;0.274620000
CVE-2006-0189;0.158570000;0.967900000
CVE-2006-0188;0.020500000;0.805530000
CVE-2006-0187;0.190850000;0.972440000
CVE-2006-0185;0.023040000;0.827410000
CVE-2006-0184;0.014660000;0.727970000
CVE-2006-0183;0.013230000;0.699240000
CVE-2006-0182;0.019080000;0.790630000
CVE-2006-0181;0.003920000;0.309210000
CVE-2006-0180;0.013740000;0.710500000
CVE-2006-0179;0.135760000;0.963550000
CVE-2006-0178;0.003370000;0.247780000
CVE-2006-0177;0.010380000;0.627110000
CVE-2006-0176;0.010060000;0.617420000
CVE-2006-0175;0.034010000;0.884730000
CVE-2006-0174;0.028160000;0.860700000
CVE-2006-0173;0.022540000;0.823410000
CVE-2006-0172;0.011260000;0.651630000
CVE-2006-0171;0.045400000;0.912760000
CVE-2006-0169;0.019030000;0.790000000
CVE-2006-0168;0.014290000;0.720900000
CVE-2006-0167;0.021940000;0.818520000
CVE-2006-0166;0.016280000;0.753510000
CVE-2006-0165;0.011770000;0.665530000
CVE-2006-0164;0.031490000;0.875070000
CVE-2006-0163;0.070400000;0.940050000
CVE-2006-0162;0.100940000;0.955100000
CVE-2006-0161;0.003810000;0.297480000
CVE-2006-0160;0.018290000;0.781130000
CVE-2006-0159;0.012110000;0.674280000
CVE-2006-0158;0.013300000;0.700850000
CVE-2006-0157;0.022790000;0.825410000
CVE-2006-0156;0.014290000;0.720890000
CVE-2006-0155;0.013840000;0.712410000
CVE-2006-0154;0.013230000;0.699160000
CVE-2006-0153;0.033810000;0.884050000
CVE-2006-0152;0.011770000;0.665370000
CVE-2006-0151;0.006120000;0.474720000
CVE-2006-0150;0.054340000;0.924770000
CVE-2006-0149;0.007720000;0.541390000
CVE-2006-0148;0.015910000;0.748200000
CVE-2006-0147;0.130650000;0.962440000
CVE-2006-0146;0.132370000;0.962750000
CVE-2006-0145;0.003670000;0.283020000
CVE-2006-0144;0.018270000;0.780930000
CVE-2006-0143;0.312670000;0.982290000
CVE-2006-0142;0.011770000;0.665280000
CVE-2006-0141;0.028370000;0.861740000
CVE-2006-0140;0.014290000;0.720890000
CVE-2006-0139;0.017800000;0.774820000
CVE-2006-0138;0.064270000;0.935050000
CVE-2006-0137;0.013150000;0.697620000
CVE-2006-0136;0.017640000;0.772720000
CVE-2006-0135;0.023240000;0.828970000
CVE-2006-0134;0.017840000;0.775320000
CVE-2006-0133;0.009870000;0.611100000
CVE-2006-0132;0.015980000;0.749120000
CVE-2006-0131;0.012120000;0.674640000
CVE-2006-0130;0.013950000;0.714560000
CVE-2006-0129;0.015660000;0.744440000
CVE-2006-0128;0.027430000;0.856630000
CVE-2006-0127;0.016030000;0.749820000
CVE-2006-0126;0.003910000;0.308740000
CVE-2006-0125;0.062780000;0.933810000
CVE-2006-0124;0.014290000;0.720900000
CVE-2006-0123;0.032370000;0.878630000
CVE-2006-0122;0.021250000;0.812660000
CVE-2006-0121;0.016950000;0.763410000
CVE-2006-0120;0.016440000;0.756140000
CVE-2006-0119;0.038350000;0.897880000
CVE-2006-0118;0.017400000;0.769280000
CVE-2006-0117;0.017400000;0.769280000
CVE-2006-0116;0.016380000;0.755150000
CVE-2006-0115;0.013030000;0.695060000
CVE-2006-0114;0.015780000;0.746320000
CVE-2006-0113;0.015310000;0.738810000
CVE-2006-0112;0.012550000;0.684760000
CVE-2006-0111;0.013510000;0.705600000
CVE-2006-0110;0.019760000;0.797750000
CVE-2006-0109;0.016560000;0.757750000
CVE-2006-0108;0.013300000;0.700880000
CVE-2006-0107;0.013300000;0.700870000
CVE-2006-0106;0.041560000;0.905680000
CVE-2006-0105;0.022720000;0.824780000
CVE-2006-0104;0.025530000;0.845180000
CVE-2006-0103;0.040760000;0.903930000
CVE-2006-0102;0.014290000;0.720900000
CVE-2006-0101;0.011770000;0.665360000
CVE-2006-0100;0.004230000;0.344110000
CVE-2006-0099;0.044140000;0.910510000
CVE-2006-0098;0.003110000;0.218310000
CVE-2006-0097;0.122480000;0.960650000
CVE-2006-0096;0.004110000;0.331080000
CVE-2006-0095;0.004340000;0.354420000
CVE-2006-0094;0.013660000;0.708790000
CVE-2006-0093;0.012550000;0.684820000
CVE-2006-0091;0.012080000;0.673410000
CVE-2006-0090;0.016420000;0.755870000
CVE-2006-0089;0.032570000;0.879650000
CVE-2006-0088;0.012810000;0.690460000
CVE-2006-0087;0.040430000;0.903210000
CVE-2006-0086;0.013510000;0.705580000
CVE-2006-0085;0.013300000;0.700870000
CVE-2006-0084;0.015760000;0.746110000
CVE-2006-0083;0.004560000;0.373440000
CVE-2006-0082;0.043440000;0.909240000
CVE-2006-0081;0.017770000;0.774490000
CVE-2006-0080;0.014610000;0.726790000
CVE-2006-0079;0.013150000;0.697630000
CVE-2006-0078;0.017620000;0.772360000
CVE-2006-0077;0.003950000;0.313450000
CVE-2006-0076;0.030760000;0.872260000
CVE-2006-0075;0.027370000;0.856300000
CVE-2006-0074;0.025450000;0.844670000
CVE-2006-0073;0.016850000;0.762010000
CVE-2006-0072;0.048910000;0.918200000
CVE-2006-0071;0.003890000;0.306740000
CVE-2006-0070;0.010590000;0.633270000
CVE-2006-0069;0.012080000;0.673420000
CVE-2006-0068;0.013690000;0.709290000
CVE-2006-0067;0.012430000;0.682030000
CVE-2006-0066;0.012810000;0.690460000
CVE-2006-0065;0.014140000;0.717950000
CVE-2006-0064;0.024060000;0.834980000
CVE-2006-0063;0.012830000;0.690880000
CVE-2006-0062;0.014590000;0.726480000
CVE-2006-0061;0.018230000;0.780420000
CVE-2006-0059;0.046900000;0.915180000
CVE-2006-0058;0.287350000;0.980940000
CVE-2006-0057;0.196350000;0.973180000
CVE-2006-0056;0.063240000;0.934220000
CVE-2006-0055;0.003620000;0.276690000
CVE-2006-0054;0.032280000;0.878310000
CVE-2006-0053;0.092150000;0.952040000
CVE-2006-0052;0.026980000;0.854220000
CVE-2006-0051;0.035750000;0.890310000
CVE-2006-0050;0.003240000;0.231960000
CVE-2006-0049;0.024300000;0.836820000
CVE-2006-0048;0.017830000;0.775230000
CVE-2006-0047;0.078810000;0.945450000
CVE-2006-0046;0.027000000;0.854310000
CVE-2006-0045;0.003440000;0.256200000
CVE-2006-0044;0.042540000;0.907600000
CVE-2006-0043;0.005030000;0.409070000
CVE-2006-0042;0.062280000;0.933350000
CVE-2006-0040;0.019920000;0.799600000
CVE-2006-0039;0.002930000;0.199130000
CVE-2006-0038;0.004120000;0.331680000
CVE-2006-0037;0.003690000;0.284390000
CVE-2006-0036;0.032830000;0.880620000
CVE-2006-0035;0.003790000;0.295160000
CVE-2006-0034;0.314000000;0.982350000
CVE-2006-0033;0.151720000;0.966550000
CVE-2006-0032;0.245660000;0.978220000
CVE-2006-0031;0.183250000;0.971490000
CVE-2006-0030;0.395930000;0.985750000
CVE-2006-0029;0.146330000;0.965620000
CVE-2006-0028;0.162470000;0.968600000
CVE-2006-0027;0.786790000;0.995790000
CVE-2006-0026;0.892590000;0.997790000
CVE-2006-0025;0.487230000;0.988410000
CVE-2006-0024;0.067560000;0.937820000
CVE-2006-0023;0.012730000;0.688730000
CVE-2006-0022;0.145370000;0.965480000
CVE-2006-0021;0.628820000;0.991770000
CVE-2006-0020;0.190570000;0.972360000
CVE-2006-0019;0.061400000;0.932500000
CVE-2006-0015;0.246330000;0.978280000
CVE-2006-0014;0.240960000;0.977850000
CVE-2006-0013;0.348540000;0.983910000
CVE-2006-0012;0.247780000;0.978430000
CVE-2006-0010;0.330800000;0.983190000
CVE-2006-0009;0.142050000;0.964870000
CVE-2006-0008;0.016570000;0.757950000
CVE-2006-0007;0.193690000;0.972820000
CVE-2006-0006;0.495570000;0.988620000
CVE-2006-0005;0.384090000;0.985290000
CVE-2006-0004;0.315120000;0.982400000
CVE-2006-0003;0.827890000;0.996620000
CVE-2006-0002;0.455840000;0.987590000
CVE-2006-0001;0.419660000;0.986530000
