CVE-2013-7491;0.026560000;0.848170000
CVE-2013-7490;0.027380000;0.853110000
CVE-2013-7489;0.011160000;0.642220000
CVE-2013-7488;0.042620000;0.905050000
CVE-2013-7487;0.027190000;0.851940000
CVE-2013-7486;0.016260000;0.747960000
CVE-2013-7485;0.017650000;0.767890000
CVE-2013-7484;0.011630000;0.654520000
CVE-2013-7483;0.020890000;0.805450000
CVE-2013-7482;0.009130000;0.580750000
CVE-2013-7481;0.009230000;0.584040000
CVE-2013-7480;0.009130000;0.580780000
CVE-2013-7479;0.009130000;0.580740000
CVE-2013-7478;0.009130000;0.580750000
CVE-2013-7477;0.009130000;0.580750000
CVE-2013-7476;0.006740000;0.501640000
CVE-2013-7475;0.009230000;0.584040000
CVE-2013-7474;0.008260000;0.553860000
CVE-2013-7473;0.006140000;0.475110000
CVE-2013-7472;0.009840000;0.603620000
CVE-2013-7471;0.239830000;0.977050000
CVE-2013-7470;0.025440000;0.840990000
CVE-2013-7469;0.010890000;0.634530000
CVE-2013-7468;0.016800000;0.756030000
CVE-2013-7467;0.008480000;0.560480000
CVE-2013-7466;0.040060000;0.899630000
CVE-2013-7465;0.033470000;0.879810000
CVE-2013-7464;0.007940000;0.543530000
CVE-2013-7463;0.011480000;0.649740000
CVE-2013-7462;0.017670000;0.768190000
CVE-2013-7461;0.003620000;0.295650000
CVE-2013-7460;0.003620000;0.295650000
CVE-2013-7459;0.095780000;0.951840000
CVE-2013-7458;0.004840000;0.403140000
CVE-2013-7457;0.004170000;0.351800000
CVE-2013-7456;0.038340000;0.894980000
CVE-2013-7455;0.062300000;0.931330000
CVE-2013-7454;0.018570000;0.780030000
CVE-2013-7453;0.018570000;0.780020000
CVE-2013-7452;0.020480000;0.801250000
CVE-2013-7451;0.018570000;0.780030000
CVE-2013-7450;0.008670000;0.566750000
CVE-2013-7449;0.007570000;0.531540000
CVE-2013-7448;0.035340000;0.885920000
CVE-2013-7447;0.046330000;0.911810000
CVE-2013-7446;0.006250000;0.480540000
CVE-2013-7445;0.027280000;0.852450000
CVE-2013-7444;0.023220000;0.825020000
CVE-2013-7443;0.031760000;0.873130000
CVE-2013-7442;0.016790000;0.755980000
CVE-2013-7441;0.036480000;0.889520000
CVE-2013-7440;0.018760000;0.782200000
CVE-2013-7439;0.042510000;0.904840000
CVE-2013-7438;0.030920000;0.869810000
CVE-2013-7437;0.032920000;0.877840000
CVE-2013-7436;0.021680000;0.812360000
CVE-2013-7435;0.021610000;0.811850000
CVE-2013-7433;0.008980000;0.576240000
CVE-2013-7432;0.016470000;0.751140000
CVE-2013-7431;0.011340000;0.646630000
CVE-2013-7430;0.007620000;0.533140000
CVE-2013-7429;0.022190000;0.816820000
CVE-2013-7428;0.019030000;0.785390000
CVE-2013-7426;0.021650000;0.812110000
CVE-2013-7424;0.026820000;0.849800000
CVE-2013-7423;0.058080000;0.927020000
CVE-2013-7422;0.030450000;0.867850000
CVE-2013-7421;0.007160000;0.517520000
CVE-2013-7420;0.069800000;0.937640000
CVE-2013-7419;0.019860000;0.794470000
CVE-2013-7418;0.026040000;0.844920000
CVE-2013-7417;0.013430000;0.697620000
CVE-2013-7416;0.028460000;0.859030000
CVE-2013-7409;0.679360000;0.992780000
CVE-2013-7408;0.020430000;0.800650000
CVE-2013-7407;0.005760000;0.457070000
CVE-2013-7406;0.012600000;0.679440000
CVE-2013-7405;0.016250000;0.747820000
CVE-2013-7404;0.016790000;0.755980000
CVE-2013-7402;0.027900000;0.856140000
CVE-2013-7401;0.028170000;0.857550000
CVE-2013-7400;0.016630000;0.753570000
CVE-2013-7398;0.008300000;0.554930000
CVE-2013-7397;0.009930000;0.606190000
CVE-2013-7395;0.003550000;0.288850000
CVE-2013-7394;0.020940000;0.805940000
CVE-2013-7393;0.005530000;0.445550000
CVE-2013-7392;0.084830000;0.947060000
CVE-2013-7391;0.013540000;0.700180000
CVE-2013-7390;0.745280000;0.994660000
CVE-2013-7389;0.277530000;0.979720000
CVE-2013-7388;0.132480000;0.961570000
CVE-2013-7387;0.049550000;0.916800000
CVE-2013-7386;0.043690000;0.907110000
CVE-2013-7385;0.012680000;0.681290000
CVE-2013-7384;0.023740000;0.828990000
CVE-2013-7383;0.028760000;0.860460000
CVE-2013-7382;0.027890000;0.856100000
CVE-2013-7381;0.026850000;0.849960000
CVE-2013-7380;0.022160000;0.816530000
CVE-2013-7379;0.024640000;0.835580000
CVE-2013-7378;0.026850000;0.849960000
CVE-2013-7377;0.019800000;0.793930000
CVE-2013-7376;0.012510000;0.677260000
CVE-2013-7375;0.036200000;0.888480000
CVE-2013-7374;0.003780000;0.313020000
CVE-2013-7373;0.011440000;0.648950000
CVE-2013-7372;0.023400000;0.826530000
CVE-2013-7371;0.014350000;0.715970000
CVE-2013-7370;0.014170000;0.712790000
CVE-2013-7369;0.012740000;0.682580000
CVE-2013-7368;0.032440000;0.875960000
CVE-2013-7367;0.015270000;0.732550000
CVE-2013-7366;0.017230000;0.762100000
CVE-2013-7365;0.012840000;0.684490000
CVE-2013-7364;0.015270000;0.732550000
CVE-2013-7363;0.015270000;0.732560000
CVE-2013-7362;0.021260000;0.808840000
CVE-2013-7361;0.013090000;0.690080000
CVE-2013-7360;0.013090000;0.689870000
CVE-2013-7359;0.011730000;0.657050000
CVE-2013-7358;0.011830000;0.660040000
CVE-2013-7357;0.011830000;0.660040000
CVE-2013-7356;0.009900000;0.605700000
CVE-2013-7355;0.011740000;0.657480000
CVE-2013-7354;0.023970000;0.830660000
CVE-2013-7353;0.018810000;0.782800000
CVE-2013-7352;0.006330000;0.483990000
CVE-2013-7351;0.022120000;0.816250000
CVE-2013-7350;0.013660000;0.702620000
CVE-2013-7349;0.026830000;0.849860000
CVE-2013-7348;0.003650000;0.299590000
CVE-2013-7347;0.003400000;0.271180000
CVE-2013-7346;0.005150000;0.423710000
CVE-2013-7345;0.030400000;0.867670000
CVE-2013-7344;0.011510000;0.651030000
CVE-2013-7343;0.014860000;0.725660000
CVE-2013-7342;0.014740000;0.723470000
CVE-2013-7341;0.024050000;0.831290000
CVE-2013-7340;0.016440000;0.750800000
CVE-2013-7339;0.004760000;0.397750000
CVE-2013-7338;0.050550000;0.918190000
CVE-2013-7336;0.003270000;0.256220000
CVE-2013-7335;0.011770000;0.658650000
CVE-2013-7334;0.009240000;0.584190000
CVE-2013-7333;0.011180000;0.642770000
CVE-2013-7332;0.133050000;0.961700000
CVE-2013-7331;0.580230000;0.990340000
CVE-2013-7330;0.016080000;0.745230000
CVE-2013-7329;0.018840000;0.783160000
CVE-2013-7328;0.014860000;0.725560000
CVE-2013-7327;0.026840000;0.849900000
CVE-2013-7326;0.021260000;0.808820000
CVE-2013-7325;0.017970000;0.771960000
CVE-2013-7324;0.014310000;0.715400000
CVE-2013-7323;0.028760000;0.860440000
CVE-2013-7322;0.008840000;0.572050000
CVE-2013-7321;0.010120000;0.612430000
CVE-2013-7320;0.006610000;0.496600000
CVE-2013-7319;0.045760000;0.910880000
CVE-2013-7318;0.009840000;0.603810000
CVE-2013-7317;0.010120000;0.612370000
CVE-2013-7316;0.018360000;0.777150000
CVE-2013-7315;0.050650000;0.918330000
CVE-2013-7314;0.015930000;0.743030000
CVE-2013-7313;0.010760000;0.630800000
CVE-2013-7312;0.010900000;0.634820000
CVE-2013-7311;0.006120000;0.474440000
CVE-2013-7310;0.007820000;0.539580000
CVE-2013-7309;0.012290000;0.672080000
CVE-2013-7308;0.005780000;0.458060000
CVE-2013-7307;0.009490000;0.592450000
CVE-2013-7306;0.007530000;0.530440000
CVE-2013-7305;0.009580000;0.595100000
CVE-2013-7304;0.006010000;0.469320000
CVE-2013-7303;0.023630000;0.828240000
CVE-2013-7302;0.013460000;0.698280000
CVE-2013-7301;0.015120000;0.730130000
CVE-2013-7300;0.015370000;0.734160000
CVE-2013-7299;0.025040000;0.838210000
CVE-2013-7298;0.018310000;0.776610000
CVE-2013-7296;0.022310000;0.817760000
CVE-2013-7295;0.017510000;0.765800000
CVE-2013-7294;0.025490000;0.841290000
CVE-2013-7293;0.011010000;0.638120000
CVE-2013-7292;0.012230000;0.670640000
CVE-2013-7291;0.009310000;0.586450000
CVE-2013-7290;0.009310000;0.586450000
CVE-2013-7289;0.011610000;0.653590000
CVE-2013-7288;0.011610000;0.653570000
CVE-2013-7287;0.014300000;0.715250000
CVE-2013-7286;0.015000000;0.728080000
CVE-2013-7285;0.843620000;0.996840000
CVE-2013-7284;0.028390000;0.858700000
CVE-2013-7283;0.016270000;0.748090000
CVE-2013-7282;0.095670000;0.951790000
CVE-2013-7281;0.004800000;0.400430000
CVE-2013-7280;0.057700000;0.926560000
CVE-2013-7279;0.019590000;0.791700000
CVE-2013-7278;0.025970000;0.844550000
CVE-2013-7277;0.016550000;0.752300000
CVE-2013-7276;0.023800000;0.829340000
CVE-2013-7275;0.018830000;0.783030000
CVE-2013-7274;0.014480000;0.718370000
CVE-2013-7273;0.003680000;0.302130000
CVE-2013-7271;0.004800000;0.400430000
CVE-2013-7270;0.004800000;0.400430000
CVE-2013-7269;0.004520000;0.381310000
CVE-2013-7268;0.004340000;0.367380000
CVE-2013-7267;0.004340000;0.367380000
CVE-2013-7266;0.004340000;0.367390000
CVE-2013-7265;0.004610000;0.387390000
CVE-2013-7264;0.004340000;0.367380000
CVE-2013-7263;0.004610000;0.387700000
CVE-2013-7262;0.022200000;0.816870000
CVE-2013-7260;0.668850000;0.992480000
CVE-2013-7259;0.012530000;0.677600000
CVE-2013-7258;0.018480000;0.778760000
CVE-2013-7257;0.019270000;0.788170000
CVE-2013-7256;0.005700000;0.453850000
CVE-2013-7255;0.011680000;0.655630000
CVE-2013-7254;0.011480000;0.650150000
CVE-2013-7252;0.021470000;0.810650000
CVE-2013-7251;0.011030000;0.638640000
CVE-2013-7250;0.014750000;0.723730000
CVE-2013-7249;0.025540000;0.841600000
CVE-2013-7248;0.041610000;0.902990000
CVE-2013-7247;0.026300000;0.846540000
CVE-2013-7246;0.112000000;0.957020000
CVE-2013-7245;0.014460000;0.717940000
CVE-2013-7243;0.018540000;0.779500000
CVE-2013-7242;0.018430000;0.778070000
CVE-2013-7241;0.020450000;0.800880000
CVE-2013-7240;0.196410000;0.972370000
CVE-2013-7239;0.011800000;0.659310000
CVE-2013-7236;0.015270000;0.732540000
CVE-2013-7235;0.015270000;0.732540000
CVE-2013-7234;0.011800000;0.659460000
CVE-2013-7233;0.038400000;0.895180000
CVE-2013-7232;0.022890000;0.822360000
CVE-2013-7231;0.010770000;0.631090000
CVE-2013-7226;0.067320000;0.935640000
CVE-2013-7225;0.019270000;0.788150000
CVE-2013-7224;0.025250000;0.839740000
CVE-2013-7223;0.011990000;0.664020000
CVE-2013-7222;0.024240000;0.832710000
CVE-2013-7221;0.004060000;0.341960000
CVE-2013-7220;0.004100000;0.345000000
CVE-2013-7219;0.022890000;0.822380000
CVE-2013-7217;0.029540000;0.864030000
CVE-2013-7216;0.013030000;0.688780000
CVE-2013-7209;0.028130000;0.857390000
CVE-2013-7205;0.041070000;0.901860000
CVE-2013-7204;0.105950000;0.955190000
CVE-2013-7203;0.004190000;0.353700000
CVE-2013-7202;0.020740000;0.803860000
CVE-2013-7201;0.017830000;0.770250000
CVE-2013-7196;0.024400000;0.833790000
CVE-2013-7195;0.011750000;0.657870000
CVE-2013-7194;0.026360000;0.847000000
CVE-2013-7193;0.025020000;0.838010000
CVE-2013-7192;0.022980000;0.823140000
CVE-2013-7191;0.011930000;0.662400000
CVE-2013-7190;0.037560000;0.892620000
CVE-2013-7189;0.013170000;0.691800000
CVE-2013-7188;0.012840000;0.684510000
CVE-2013-7187;0.047850000;0.914150000
CVE-2013-7186;0.115540000;0.957820000
CVE-2013-7185;0.027520000;0.853830000
CVE-2013-7184;0.022090000;0.816040000
CVE-2013-7183;0.031990000;0.874060000
CVE-2013-7182;0.024130000;0.831850000
CVE-2013-7181;0.024130000;0.831850000
CVE-2013-7180;0.018820000;0.782960000
CVE-2013-7179;0.040970000;0.901620000
CVE-2013-7177;0.032350000;0.875580000
CVE-2013-7176;0.032350000;0.875580000
CVE-2013-7175;0.012950000;0.686990000
CVE-2013-7174;0.020600000;0.802450000
CVE-2013-7173;0.019870000;0.794690000
CVE-2013-7172;0.004600000;0.387060000
CVE-2013-7171;0.063440000;0.932350000
CVE-2013-7149;0.020110000;0.797550000
CVE-2013-7144;0.005930000;0.465140000
CVE-2013-7143;0.011610000;0.653740000
CVE-2013-7142;0.017920000;0.771410000
CVE-2013-7141;0.017920000;0.771420000
CVE-2013-7140;0.017790000;0.769740000
CVE-2013-7139;0.010160000;0.613440000
CVE-2013-7138;0.018590000;0.780200000
CVE-2013-7137;0.160750000;0.967260000
CVE-2013-7136;0.065090000;0.933770000
CVE-2013-7135;0.003790000;0.313180000
CVE-2013-7134;0.023310000;0.825770000
CVE-2013-7130;0.024380000;0.833710000
CVE-2013-7129;0.020410000;0.800460000
CVE-2013-7128;0.003180000;0.246480000
CVE-2013-7127;0.004070000;0.342950000
CVE-2013-7114;0.022410000;0.818640000
CVE-2013-7113;0.022440000;0.818870000
CVE-2013-7112;0.023070000;0.823860000
CVE-2013-7111;0.015120000;0.730130000
CVE-2013-7110;0.008350000;0.556600000
CVE-2013-7108;0.595460000;0.990690000
CVE-2013-7107;0.010060000;0.610660000
CVE-2013-7106;0.025400000;0.840780000
CVE-2013-7105;0.018240000;0.775760000
CVE-2013-7104;0.038840000;0.896310000
CVE-2013-7103;0.038840000;0.896310000
CVE-2013-7102;0.148020000;0.964830000
CVE-2013-7100;0.043130000;0.905990000
CVE-2013-7098;0.015440000;0.735410000
CVE-2013-7097;0.034620000;0.883650000
CVE-2013-7096;0.018890000;0.783670000
CVE-2013-7095;0.020640000;0.802830000
CVE-2013-7094;0.013520000;0.699720000
CVE-2013-7093;0.025930000;0.844280000
CVE-2013-7092;0.016630000;0.753590000
CVE-2013-7091;0.863110000;0.997220000
CVE-2013-7089;0.019390000;0.789700000
CVE-2013-7088;0.031220000;0.871030000
CVE-2013-7087;0.029490000;0.863870000
CVE-2013-7086;0.035290000;0.885780000
CVE-2013-7085;0.024570000;0.835110000
CVE-2013-7082;0.011870000;0.660940000
CVE-2013-7081;0.010170000;0.613720000
CVE-2013-7080;0.012070000;0.665820000
CVE-2013-7079;0.012070000;0.665810000
CVE-2013-7078;0.016400000;0.750290000
CVE-2013-7077;0.011870000;0.660970000
CVE-2013-7076;0.013550000;0.700340000
CVE-2013-7075;0.012720000;0.682240000
CVE-2013-7074;0.010940000;0.636170000
CVE-2013-7073;0.012650000;0.680580000
CVE-2013-7071;0.011060000;0.639470000
CVE-2013-7070;0.040900000;0.901460000
CVE-2013-7069;0.031010000;0.870110000
CVE-2013-7068;0.009920000;0.606130000
CVE-2013-7067;0.012180000;0.668990000
CVE-2013-7066;0.010660000;0.628550000
CVE-2013-7065;0.012180000;0.668980000
CVE-2013-7064;0.009410000;0.589940000
CVE-2013-7063;0.013540000;0.700190000
CVE-2013-7062;0.013760000;0.704890000
CVE-2013-7061;0.013150000;0.691440000
CVE-2013-7060;0.021380000;0.809830000
CVE-2013-7057;0.014290000;0.714910000
CVE-2013-7055;0.069850000;0.937680000
CVE-2013-7054;0.035030000;0.885070000
CVE-2013-7053;0.033830000;0.881050000
CVE-2013-7052;0.246820000;0.977610000
CVE-2013-7051;0.156150000;0.966340000
CVE-2013-7050;0.019030000;0.785340000
CVE-2013-7049;0.016580000;0.752780000
CVE-2013-7048;0.004790000;0.400190000
CVE-2013-7043;0.020160000;0.797960000
CVE-2013-7042;0.003380000;0.269510000
CVE-2013-7041;0.024840000;0.836880000
CVE-2013-7040;0.032550000;0.876410000
CVE-2013-7039;0.032770000;0.877170000
CVE-2013-7038;0.018230000;0.775570000
CVE-2013-7034;0.015830000;0.741580000
CVE-2013-7033;0.011590000;0.653130000
CVE-2013-7032;0.017920000;0.771470000
CVE-2013-7030;0.051700000;0.919650000
CVE-2013-7027;0.014850000;0.725430000
CVE-2013-7026;0.004130000;0.348620000
CVE-2013-7025;0.043370000;0.906430000
CVE-2013-7024;0.024840000;0.836890000
CVE-2013-7023;0.016370000;0.749780000
CVE-2013-7022;0.016350000;0.749490000
CVE-2013-7021;0.016350000;0.749480000
CVE-2013-7020;0.016810000;0.756280000
CVE-2013-7019;0.016350000;0.749480000
CVE-2013-7018;0.024840000;0.836880000
CVE-2013-7017;0.022820000;0.821760000
CVE-2013-7016;0.024840000;0.836890000
CVE-2013-7015;0.025650000;0.842380000
CVE-2013-7014;0.017280000;0.762680000
CVE-2013-7013;0.016350000;0.749480000
CVE-2013-7012;0.016350000;0.749490000
CVE-2013-7011;0.016350000;0.749490000
CVE-2013-7010;0.026710000;0.849170000
CVE-2013-7009;0.016350000;0.749490000
CVE-2013-7008;0.016350000;0.749500000
CVE-2013-7005;0.006590000;0.495730000
CVE-2013-7004;0.018780000;0.782410000
CVE-2013-7003;0.018540000;0.779530000
CVE-2013-7002;0.012080000;0.666300000
CVE-2013-7001;0.013210000;0.692610000
CVE-2013-7000;0.013210000;0.692610000
CVE-2013-6999;0.019570000;0.791550000
CVE-2013-6997;0.013250000;0.693600000
CVE-2013-6994;0.011840000;0.660290000
CVE-2013-6993;0.020230000;0.798680000
CVE-2013-6992;0.011510000;0.650880000
CVE-2013-6991;0.020350000;0.799780000
CVE-2013-6990;0.010910000;0.635010000
CVE-2013-6987;0.148850000;0.964980000
CVE-2013-6986;0.005610000;0.449610000
CVE-2013-6985;0.010940000;0.636280000
CVE-2013-6983;0.021050000;0.806960000
CVE-2013-6982;0.028330000;0.858390000
CVE-2013-6981;0.030260000;0.867140000
CVE-2013-6979;0.036020000;0.887980000
CVE-2013-6978;0.020910000;0.805720000
CVE-2013-6976;0.036540000;0.889690000
CVE-2013-6975;0.005170000;0.424350000
CVE-2013-6974;0.014450000;0.717890000
CVE-2013-6973;0.021980000;0.815050000
CVE-2013-6972;0.025780000;0.843250000
CVE-2013-6971;0.021170000;0.807960000
CVE-2013-6970;0.013690000;0.703260000
CVE-2013-6969;0.018220000;0.775480000
CVE-2013-6968;0.024570000;0.835110000
CVE-2013-6967;0.021170000;0.807970000
CVE-2013-6966;0.021170000;0.807960000
CVE-2013-6965;0.017530000;0.766280000
CVE-2013-6964;0.016180000;0.746800000
CVE-2013-6963;0.020820000;0.804670000
CVE-2013-6962;0.017920000;0.771410000
CVE-2013-6961;0.017920000;0.771480000
CVE-2013-6960;0.019510000;0.790960000
CVE-2013-6959;0.021170000;0.807960000
CVE-2013-6958;0.018810000;0.782760000
CVE-2013-6957;0.017730000;0.769030000
CVE-2013-6956;0.009310000;0.586600000
CVE-2013-6955;0.845710000;0.996880000
CVE-2013-6954;0.046920000;0.912680000
CVE-2013-6953;0.013080000;0.689720000
CVE-2013-6952;0.038360000;0.895040000
CVE-2013-6951;0.006220000;0.479080000
CVE-2013-6950;0.011460000;0.649400000
CVE-2013-6949;0.018660000;0.781080000
CVE-2013-6948;0.016320000;0.749020000
CVE-2013-6945;0.013770000;0.705020000
CVE-2013-6944;0.014590000;0.720500000
CVE-2013-6943;0.015910000;0.742680000
CVE-2013-6942;0.008760000;0.569820000
CVE-2013-6941;0.016610000;0.753410000
CVE-2013-6940;0.010430000;0.621540000
CVE-2013-6939;0.014910000;0.726490000
CVE-2013-6938;0.013560000;0.700560000
CVE-2013-6937;0.032370000;0.875710000
CVE-2013-6936;0.024800000;0.836660000
CVE-2013-6935;0.323510000;0.982270000
CVE-2013-6934;0.281740000;0.979970000
CVE-2013-6933;0.174150000;0.969450000
CVE-2013-6932;0.057490000;0.926360000
CVE-2013-6931;0.010400000;0.620650000
CVE-2013-6930;0.010400000;0.620660000
CVE-2013-6929;0.015540000;0.737400000
CVE-2013-6927;0.003420000;0.273690000
CVE-2013-6926;0.014970000;0.727470000
CVE-2013-6925;0.018930000;0.784260000
CVE-2013-6924;0.151560000;0.965420000
CVE-2013-6923;0.032170000;0.874890000
CVE-2013-6922;0.013970000;0.708920000
CVE-2013-6920;0.032350000;0.875570000
CVE-2013-6919;0.011910000;0.661830000
CVE-2013-6918;0.012270000;0.671550000
CVE-2013-6916;0.017920000;0.771440000
CVE-2013-6915;0.009460000;0.591530000
CVE-2013-6914;0.009460000;0.591510000
CVE-2013-6913;0.009460000;0.591560000
CVE-2013-6912;0.009460000;0.591560000
CVE-2013-6911;0.009460000;0.591550000
CVE-2013-6910;0.011610000;0.653530000
CVE-2013-6909;0.011610000;0.653560000
CVE-2013-6908;0.011610000;0.653690000
CVE-2013-6907;0.011610000;0.653550000
CVE-2013-6906;0.011610000;0.653600000
CVE-2013-6905;0.011610000;0.653550000
CVE-2013-6904;0.011610000;0.653600000
CVE-2013-6903;0.011610000;0.653560000
CVE-2013-6902;0.011610000;0.653540000
CVE-2013-6901;0.011610000;0.653610000
CVE-2013-6900;0.011610000;0.653720000
CVE-2013-6892;0.009560000;0.594440000
CVE-2013-6891;0.004460000;0.376740000
CVE-2013-6890;0.088960000;0.949260000
CVE-2013-6889;0.004780000;0.399030000
CVE-2013-6888;0.040940000;0.901570000
CVE-2013-6887;0.022360000;0.818190000
CVE-2013-6886;0.004470000;0.378170000
CVE-2013-6885;0.005880000;0.463250000
CVE-2013-6884;0.102750000;0.954190000
CVE-2013-6883;0.025090000;0.838540000
CVE-2013-6882;0.034780000;0.884290000
CVE-2013-6881;0.126070000;0.960100000
CVE-2013-6880;0.013800000;0.705540000
CVE-2013-6879;0.011130000;0.641340000
CVE-2013-6878;0.007850000;0.540720000
CVE-2013-6877;0.113450000;0.957360000
CVE-2013-6876;0.005750000;0.456450000
CVE-2013-6875;0.032380000;0.875740000
CVE-2013-6874;0.055300000;0.923640000
CVE-2013-6873;0.022920000;0.822610000
CVE-2013-6872;0.024580000;0.835180000
CVE-2013-6870;0.017880000;0.770840000
CVE-2013-6869;0.012230000;0.670670000
CVE-2013-6868;0.010580000;0.625760000
CVE-2013-6867;0.015480000;0.736200000
CVE-2013-6866;0.031470000;0.871950000
CVE-2013-6865;0.031470000;0.871950000
CVE-2013-6864;0.014520000;0.719170000
CVE-2013-6863;0.019480000;0.790640000
CVE-2013-6862;0.013330000;0.695400000
CVE-2013-6861;0.003320000;0.261840000
CVE-2013-6860;0.012810000;0.683880000
CVE-2013-6859;0.015710000;0.739830000
CVE-2013-6858;0.017340000;0.763570000
CVE-2013-6853;0.019300000;0.788500000
CVE-2013-6852;0.014640000;0.721620000
CVE-2013-6840;0.003090000;0.235400000
CVE-2013-6839;0.012630000;0.679970000
CVE-2013-6838;0.028160000;0.857520000
CVE-2013-6837;0.031110000;0.870490000
CVE-2013-6836;0.017470000;0.765320000
CVE-2013-6835;0.067920000;0.936120000
CVE-2013-6834;0.004400000;0.371840000
CVE-2013-6833;0.004400000;0.371840000
CVE-2013-6832;0.004270000;0.360970000
CVE-2013-6831;0.010140000;0.612960000
CVE-2013-6830;0.089290000;0.949350000
CVE-2013-6829;0.798710000;0.995860000
CVE-2013-6828;0.013380000;0.696630000
CVE-2013-6827;0.014390000;0.716680000
CVE-2013-6826;0.019280000;0.788240000
CVE-2013-6825;0.004890000;0.406860000
CVE-2013-6824;0.027540000;0.854030000
CVE-2013-6823;0.012390000;0.674080000
CVE-2013-6822;0.021820000;0.813570000
CVE-2013-6821;0.018540000;0.779560000
CVE-2013-6820;0.035860000;0.887490000
CVE-2013-6819;0.011480000;0.649980000
CVE-2013-6818;0.014300000;0.715170000
CVE-2013-6817;0.026760000;0.849510000
CVE-2013-6816;0.011610000;0.653640000
CVE-2013-6815;0.016900000;0.757620000
CVE-2013-6814;0.018380000;0.777490000
CVE-2013-6812;0.008150000;0.550480000
CVE-2013-6811;0.009880000;0.604930000
CVE-2013-6810;0.170040000;0.968890000
CVE-2013-6809;0.028780000;0.860550000
CVE-2013-6808;0.014640000;0.721680000
CVE-2013-6807;0.006330000;0.484240000
CVE-2013-6806;0.010310000;0.617960000
CVE-2013-6805;0.007110000;0.515700000
CVE-2013-6804;0.012060000;0.665650000
CVE-2013-6802;0.014250000;0.714090000
CVE-2013-6801;0.144270000;0.964190000
CVE-2013-6800;0.026080000;0.845170000
CVE-2013-6799;0.007660000;0.534720000
CVE-2013-6798;0.018530000;0.779360000
CVE-2013-6797;0.028840000;0.860820000
CVE-2013-6796;0.063040000;0.932020000
CVE-2013-6795;0.053430000;0.921630000
CVE-2013-6794;0.013830000;0.706210000
CVE-2013-6793;0.032170000;0.874910000
CVE-2013-6792;0.029910000;0.865660000
CVE-2013-6791;0.046010000;0.911310000
CVE-2013-6789;0.010810000;0.632430000
CVE-2013-6788;0.016280000;0.748240000
CVE-2013-6787;0.027390000;0.853210000
CVE-2013-6786;0.021720000;0.812760000
CVE-2013-6785;0.043560000;0.906800000
CVE-2013-6780;0.024170000;0.832240000
CVE-2013-6775;0.015870000;0.742010000
CVE-2013-6774;0.016000000;0.744010000
CVE-2013-6773;0.002670000;0.188600000
CVE-2013-6772;0.006830000;0.505720000
CVE-2013-6771;0.048040000;0.914400000
CVE-2013-6770;0.006680000;0.499200000
CVE-2013-6769;0.015870000;0.742000000
CVE-2013-6768;0.010850000;0.633650000
CVE-2013-6767;0.012820000;0.684090000
CVE-2013-6766;0.016280000;0.748240000
CVE-2013-6765;0.072710000;0.939930000
CVE-2013-6763;0.006330000;0.484260000
CVE-2013-6749;0.039800000;0.899000000
CVE-2013-6748;0.031260000;0.871190000
CVE-2013-6747;0.022380000;0.818380000
CVE-2013-6746;0.011610000;0.653640000
CVE-2013-6745;0.009460000;0.591520000
CVE-2013-6744;0.027260000;0.852330000
CVE-2013-6743;0.009360000;0.588260000
CVE-2013-6742;0.013090000;0.689870000
CVE-2013-6741;0.009510000;0.593240000
CVE-2013-6739;0.009350000;0.588090000
CVE-2013-6738;0.020770000;0.804120000
CVE-2013-6737;0.016340000;0.749390000
CVE-2013-6735;0.035990000;0.887910000
CVE-2013-6734;0.009510000;0.593240000
CVE-2013-6733;0.013510000;0.699260000
CVE-2013-6732;0.013620000;0.702000000
CVE-2013-6731;0.008420000;0.558900000
CVE-2013-6730;0.018960000;0.784550000
CVE-2013-6729;0.009460000;0.591580000
CVE-2013-6728;0.011800000;0.659460000
CVE-2013-6727;0.016810000;0.756290000
CVE-2013-6726;0.007590000;0.532320000
CVE-2013-6725;0.016130000;0.746010000
CVE-2013-6724;0.030810000;0.869340000
CVE-2013-6723;0.016700000;0.754570000
CVE-2013-6722;0.012950000;0.686920000
CVE-2013-6721;0.011000000;0.637900000
CVE-2013-6720;0.285830000;0.980210000
CVE-2013-6719;0.268260000;0.979130000
CVE-2013-6718;0.013320000;0.695090000
CVE-2013-6717;0.024020000;0.830980000
CVE-2013-6714;0.002620000;0.180140000
CVE-2013-6713;0.002620000;0.180140000
CVE-2013-6712;0.045750000;0.910850000
CVE-2013-6711;0.020590000;0.802370000
CVE-2013-6710;0.012030000;0.664880000
CVE-2013-6709;0.017030000;0.759360000
CVE-2013-6708;0.030230000;0.867000000
CVE-2013-6707;0.024950000;0.837590000
CVE-2013-6706;0.020400000;0.800300000
CVE-2013-6705;0.006130000;0.474790000
CVE-2013-6704;0.013460000;0.698340000
CVE-2013-6703;0.013460000;0.698340000
CVE-2013-6702;0.018830000;0.783000000
CVE-2013-6701;0.018600000;0.780390000
CVE-2013-6700;0.012320000;0.672710000
CVE-2013-6699;0.012320000;0.672720000
CVE-2013-6698;0.008060000;0.547480000
CVE-2013-6696;0.016630000;0.753540000
CVE-2013-6695;0.009470000;0.592020000
CVE-2013-6694;0.010840000;0.633260000
CVE-2013-6693;0.011270000;0.645000000
CVE-2013-6692;0.009370000;0.588710000
CVE-2013-6691;0.017020000;0.759240000
CVE-2013-6690;0.020820000;0.804670000
CVE-2013-6689;0.003520000;0.285490000
CVE-2013-6688;0.021270000;0.808910000
CVE-2013-6687;0.009470000;0.592020000
CVE-2013-6686;0.014980000;0.727760000
CVE-2013-6685;0.002830000;0.207630000
CVE-2013-6684;0.009250000;0.584500000
CVE-2013-6683;0.007390000;0.525750000
CVE-2013-6682;0.007480000;0.528810000
CVE-2013-6681;0.012320000;0.672650000
CVE-2013-6674;0.076970000;0.942540000
CVE-2013-6673;0.028860000;0.860920000
CVE-2013-6672;0.033410000;0.879610000
CVE-2013-6671;0.110760000;0.956670000
CVE-2013-6668;0.054280000;0.922540000
CVE-2013-6667;0.013300000;0.694530000
CVE-2013-6666;0.011770000;0.658680000
CVE-2013-6665;0.013680000;0.703000000
CVE-2013-6664;0.012920000;0.686240000
CVE-2013-6663;0.017810000;0.769930000
CVE-2013-6662;0.003470000;0.279540000
CVE-2013-6661;0.013380000;0.696560000
CVE-2013-6660;0.009510000;0.593190000
CVE-2013-6659;0.008150000;0.550400000
CVE-2013-6658;0.020740000;0.803860000
CVE-2013-6657;0.011690000;0.655980000
CVE-2013-6656;0.011160000;0.642210000
CVE-2013-6655;0.012920000;0.686240000
CVE-2013-6654;0.013210000;0.692590000
CVE-2013-6653;0.012920000;0.686240000
CVE-2013-6652;0.011830000;0.660020000
CVE-2013-6650;0.019580000;0.791560000
CVE-2013-6649;0.014460000;0.718100000
CVE-2013-6648;0.006500000;0.492240000
CVE-2013-6647;0.006030000;0.470210000
CVE-2013-6646;0.015750000;0.740400000
CVE-2013-6645;0.013110000;0.690490000
CVE-2013-6644;0.018040000;0.773010000
CVE-2013-6643;0.011800000;0.659150000
CVE-2013-6642;0.007030000;0.513040000
CVE-2013-6641;0.013320000;0.695060000
CVE-2013-6640;0.017570000;0.766740000
CVE-2013-6639;0.017570000;0.766740000
CVE-2013-6638;0.019490000;0.790700000
CVE-2013-6637;0.013350000;0.695950000
CVE-2013-6636;0.012750000;0.682770000
CVE-2013-6635;0.015820000;0.741350000
CVE-2013-6634;0.014390000;0.716700000
CVE-2013-6632;0.060900000;0.930060000
CVE-2013-6631;0.016120000;0.745790000
CVE-2013-6630;0.021310000;0.809190000
CVE-2013-6629;0.097300000;0.952380000
CVE-2013-6628;0.009940000;0.606780000
CVE-2013-6627;0.053380000;0.921570000
CVE-2013-6626;0.010680000;0.629020000
CVE-2013-6625;0.015490000;0.736490000
CVE-2013-6624;0.014590000;0.720500000
CVE-2013-6623;0.014480000;0.718330000
CVE-2013-6622;0.014140000;0.712210000
CVE-2013-6621;0.017700000;0.768660000
CVE-2013-6618;0.106080000;0.955240000
CVE-2013-6617;0.030490000;0.867990000
CVE-2013-6501;0.005780000;0.457870000
CVE-2013-6497;0.011330000;0.646190000
CVE-2013-6496;0.017790000;0.769720000
CVE-2013-6495;0.006480000;0.491100000
CVE-2013-6494;0.003790000;0.313400000
CVE-2013-6493;0.004820000;0.401790000
CVE-2013-6492;0.040010000;0.899500000
CVE-2013-6491;0.018840000;0.783200000
CVE-2013-6490;0.148090000;0.964850000
CVE-2013-6489;0.058100000;0.927040000
CVE-2013-6487;0.081740000;0.945370000
CVE-2013-6486;0.038470000;0.895310000
CVE-2013-6485;0.024130000;0.831850000
CVE-2013-6484;0.022270000;0.817420000
CVE-2013-6483;0.038850000;0.896320000
CVE-2013-6482;0.023090000;0.824040000
CVE-2013-6481;0.039130000;0.897010000
CVE-2013-6480;0.020780000;0.804180000
CVE-2013-6479;0.022270000;0.817420000
CVE-2013-6478;0.038450000;0.895280000
CVE-2013-6477;0.039130000;0.897020000
CVE-2013-6476;0.003140000;0.241530000
CVE-2013-6475;0.032190000;0.875040000
CVE-2013-6474;0.030720000;0.869020000
CVE-2013-6473;0.034290000;0.882550000
CVE-2013-6472;0.012670000;0.681140000
CVE-2013-6470;0.018760000;0.782250000
CVE-2013-6469;0.016530000;0.752010000
CVE-2013-6468;0.019680000;0.792490000
CVE-2013-6467;0.024710000;0.836030000
CVE-2013-6466;0.026640000;0.848690000
CVE-2013-6465;0.010560000;0.625290000
CVE-2013-6462;0.102540000;0.954130000
CVE-2013-6461;0.021940000;0.814760000
CVE-2013-6460;0.020830000;0.804800000
CVE-2013-6459;0.022090000;0.815980000
CVE-2013-6458;0.005880000;0.462950000
CVE-2013-6457;0.006590000;0.495760000
CVE-2013-6456;0.005730000;0.455480000
CVE-2013-6455;0.011250000;0.644410000
CVE-2013-6454;0.014590000;0.720640000
CVE-2013-6453;0.014140000;0.712180000
CVE-2013-6452;0.010070000;0.610700000
CVE-2013-6451;0.010780000;0.631420000
CVE-2013-6450;0.153450000;0.965750000
CVE-2013-6449;0.211740000;0.974430000
CVE-2013-6448;0.014310000;0.715380000
CVE-2013-6447;0.026740000;0.849440000
CVE-2013-6446;0.008750000;0.569480000
CVE-2013-6445;0.011480000;0.649900000
CVE-2013-6444;0.009150000;0.581490000
CVE-2013-6443;0.006020000;0.469470000
CVE-2013-6442;0.041030000;0.901750000
CVE-2013-6441;0.004980000;0.412690000
CVE-2013-6440;0.027520000;0.853840000
CVE-2013-6439;0.015710000;0.739850000
CVE-2013-6438;0.268310000;0.979130000
CVE-2013-6437;0.020370000;0.799980000
CVE-2013-6436;0.003540000;0.287180000
CVE-2013-6435;0.076060000;0.942010000
CVE-2013-6434;0.009680000;0.598830000
CVE-2013-6433;0.033240000;0.878990000
CVE-2013-6432;0.004750000;0.397320000
CVE-2013-6431;0.004350000;0.368010000
CVE-2013-6430;0.017740000;0.769180000
CVE-2013-6429;0.905600000;0.997950000
CVE-2013-6428;0.017440000;0.764910000
CVE-2013-6427;0.039780000;0.898960000
CVE-2013-6426;0.010300000;0.617790000
CVE-2013-6425;0.028800000;0.860660000
CVE-2013-6424;0.028790000;0.860620000
CVE-2013-6422;0.027980000;0.856540000
CVE-2013-6421;0.019710000;0.792900000
CVE-2013-6420;0.356350000;0.983640000
CVE-2013-6419;0.018520000;0.779240000
CVE-2013-6418;0.017870000;0.770640000
CVE-2013-6417;0.023710000;0.828790000
CVE-2013-6416;0.019630000;0.792120000
CVE-2013-6415;0.031710000;0.872970000
CVE-2013-6414;0.207000000;0.973880000
CVE-2013-6413;0.023740000;0.828980000
CVE-2013-6412;0.003680000;0.302420000
CVE-2013-6411;0.033320000;0.879250000
CVE-2013-6410;0.025420000;0.840870000
CVE-2013-6409;0.003070000;0.232970000
CVE-2013-6408;0.114000000;0.957470000
CVE-2013-6407;0.114000000;0.957480000
CVE-2013-6404;0.020590000;0.802390000
CVE-2013-6403;0.020660000;0.803080000
CVE-2013-6402;0.004910000;0.407720000
CVE-2013-6401;0.019690000;0.792600000
CVE-2013-6400;0.006610000;0.496710000
CVE-2013-6399;0.038710000;0.896000000
CVE-2013-6398;0.036750000;0.890280000
CVE-2013-6397;0.562550000;0.989900000
CVE-2013-6396;0.007350000;0.524390000
CVE-2013-6395;0.021990000;0.815160000
CVE-2013-6394;0.003800000;0.314990000
CVE-2013-6393;0.073860000;0.940670000
CVE-2013-6392;0.003730000;0.307300000
CVE-2013-6391;0.022390000;0.818520000
CVE-2013-6389;0.012070000;0.665810000
CVE-2013-6388;0.018320000;0.776750000
CVE-2013-6387;0.014410000;0.717090000
CVE-2013-6386;0.020840000;0.804880000
CVE-2013-6385;0.030720000;0.869000000
CVE-2013-6384;0.004100000;0.345290000
CVE-2013-6383;0.004940000;0.409770000
CVE-2013-6382;0.005750000;0.456610000
CVE-2013-6381;0.005510000;0.444420000
CVE-2013-6380;0.006020000;0.469790000
CVE-2013-6378;0.003750000;0.309930000
CVE-2013-6376;0.011020000;0.638320000
CVE-2013-6375;0.013880000;0.707140000
CVE-2013-6374;0.009670000;0.598570000
CVE-2013-6373;0.011470000;0.649610000
CVE-2013-6372;0.004970000;0.411910000
CVE-2013-6371;0.030260000;0.867170000
CVE-2013-6370;0.041940000;0.903660000
CVE-2013-6369;0.034490000;0.883260000
CVE-2013-6368;0.006130000;0.474600000
CVE-2013-6367;0.014460000;0.718100000
CVE-2013-6366;0.070080000;0.937910000
CVE-2013-6365;0.010720000;0.629870000
CVE-2013-6364;0.020840000;0.804900000
CVE-2013-6362;0.011750000;0.657840000
CVE-2013-6360;0.009700000;0.599430000
CVE-2013-6359;0.018460000;0.778500000
CVE-2013-6358;0.037190000;0.891550000
CVE-2013-6357;0.024670000;0.835730000
CVE-2013-6349;0.024790000;0.836580000
CVE-2013-6348;0.061250000;0.930330000
CVE-2013-6347;0.012410000;0.674830000
CVE-2013-6346;0.005760000;0.457080000
CVE-2013-6345;0.014510000;0.718830000
CVE-2013-6344;0.008950000;0.575370000
CVE-2013-6343;0.085490000;0.947450000
CVE-2013-6342;0.020580000;0.802230000
CVE-2013-6341;0.022790000;0.821470000
CVE-2013-6340;0.016730000;0.755010000
CVE-2013-6339;0.019870000;0.794620000
CVE-2013-6338;0.016730000;0.755010000
CVE-2013-6337;0.015350000;0.733840000
CVE-2013-6336;0.019350000;0.789010000
CVE-2013-6335;0.003390000;0.270400000
CVE-2013-6334;0.013580000;0.701100000
CVE-2013-6333;0.007650000;0.534380000
CVE-2013-6332;0.022140000;0.816410000
CVE-2013-6331;0.009690000;0.599260000
CVE-2013-6330;0.014570000;0.720110000
CVE-2013-6329;0.031590000;0.872490000
CVE-2013-6328;0.011610000;0.653550000
CVE-2013-6327;0.009310000;0.586960000
CVE-2013-6325;0.020660000;0.803090000
CVE-2013-6323;0.016130000;0.746010000
CVE-2013-6322;0.009360000;0.588280000
CVE-2013-6321;0.012100000;0.667130000
CVE-2013-6320;0.007650000;0.534390000
CVE-2013-6319;0.009760000;0.601440000
CVE-2013-6318;0.009390000;0.589440000
CVE-2013-6316;0.012040000;0.665100000
CVE-2013-6315;0.007970000;0.544360000
CVE-2013-6314;0.009360000;0.588280000
CVE-2013-6312;0.013540000;0.700160000
CVE-2013-6311;0.009610000;0.596300000
CVE-2013-6310;0.007590000;0.532350000
CVE-2013-6309;0.009450000;0.591200000
CVE-2013-6308;0.008520000;0.561900000
CVE-2013-6307;0.009360000;0.588270000
CVE-2013-6306;0.003090000;0.235130000
CVE-2013-6305;0.006190000;0.477840000
CVE-2013-6304;0.014240000;0.713940000
CVE-2013-6303;0.014530000;0.719400000
CVE-2013-6302;0.009690000;0.599260000
CVE-2013-6301;0.007650000;0.534390000
CVE-2013-6300;0.007650000;0.534400000
CVE-2013-6299;0.007650000;0.534390000
CVE-2013-6295;0.022870000;0.822160000
CVE-2013-6289;0.018080000;0.773510000
CVE-2013-6288;0.022340000;0.817970000
CVE-2013-6285;0.014270000;0.714570000
CVE-2013-6284;0.019950000;0.795600000
CVE-2013-6283;0.099800000;0.953280000
CVE-2013-6282;0.397110000;0.985360000
CVE-2013-6281;0.052200000;0.920360000
CVE-2013-6280;0.016020000;0.744330000
CVE-2013-6277;0.015620000;0.738440000
CVE-2013-6276;0.014980000;0.727650000
CVE-2013-6275;0.020720000;0.803710000
CVE-2013-6272;0.014440000;0.717530000
CVE-2013-6271;0.080300000;0.944450000
CVE-2013-6267;0.013790000;0.705340000
CVE-2013-6246;0.058730000;0.927840000
CVE-2013-6245;0.046600000;0.912210000
CVE-2013-6244;0.016300000;0.748500000
CVE-2013-6243;0.024860000;0.837050000
CVE-2013-6242;0.016260000;0.747950000
CVE-2013-6241;0.009370000;0.588650000
CVE-2013-6239;0.013800000;0.705540000
CVE-2013-6237;0.016850000;0.757000000
CVE-2013-6236;0.102070000;0.953970000
CVE-2013-6235;0.022320000;0.817820000
CVE-2013-6234;0.067060000;0.935320000
CVE-2013-6233;0.032230000;0.875200000
CVE-2013-6232;0.036550000;0.889730000
CVE-2013-6231;0.098810000;0.952930000
CVE-2013-6230;0.057060000;0.925810000
CVE-2013-6229;0.017060000;0.759880000
CVE-2013-6227;0.079620000;0.944100000
CVE-2013-6226;0.022390000;0.818550000
CVE-2013-6225;0.265670000;0.978950000
CVE-2013-6224;0.021560000;0.811490000
CVE-2013-6223;0.004820000;0.401550000
CVE-2013-6222;0.034100000;0.881910000
CVE-2013-6221;0.779350000;0.995450000
CVE-2013-6220;0.024910000;0.837370000
CVE-2013-6219;0.002610000;0.178880000
CVE-2013-6218;0.086950000;0.948220000
CVE-2013-6216;0.005280000;0.431360000
CVE-2013-6215;0.025940000;0.844340000
CVE-2013-6214;0.011550000;0.652070000
CVE-2013-6213;0.105210000;0.954980000
CVE-2013-6212;0.013390000;0.696840000
CVE-2013-6211;0.021400000;0.810080000
CVE-2013-6210;0.069360000;0.937280000
CVE-2013-6209;0.027030000;0.851030000
CVE-2013-6208;0.006420000;0.488070000
CVE-2013-6207;0.034000000;0.881580000
CVE-2013-6206;0.031480000;0.872030000
CVE-2013-6205;0.002800000;0.204450000
CVE-2013-6204;0.055360000;0.923760000
CVE-2013-6203;0.055360000;0.923750000
CVE-2013-6202;0.022840000;0.821870000
CVE-2013-6201;0.055360000;0.923750000
CVE-2013-6200;0.003680000;0.302120000
CVE-2013-6198;0.026390000;0.847100000
CVE-2013-6197;0.008420000;0.558930000
CVE-2013-6196;0.018260000;0.775980000
CVE-2013-6195;0.104360000;0.954690000
CVE-2013-6194;0.659240000;0.992270000
CVE-2013-6193;0.058730000;0.927850000
CVE-2013-6192;0.009680000;0.599070000
CVE-2013-6191;0.024910000;0.837370000
CVE-2013-6189;0.166070000;0.968260000
CVE-2013-6188;0.009790000;0.602410000
CVE-2013-6182;0.004550000;0.383640000
CVE-2013-6181;0.005330000;0.434390000
CVE-2013-6180;0.017840000;0.770320000
CVE-2013-6178;0.013510000;0.699260000
CVE-2013-6177;0.023170000;0.824710000
CVE-2013-6176;0.021770000;0.813170000
CVE-2013-6175;0.022610000;0.820060000
CVE-2013-6174;0.024030000;0.831120000
CVE-2013-6173;0.012960000;0.687310000
CVE-2013-6172;0.028730000;0.860340000
CVE-2013-6171;0.014570000;0.720120000
CVE-2013-6170;0.020210000;0.798490000
CVE-2013-6169;0.015950000;0.743280000
CVE-2013-6168;0.012200000;0.669570000
CVE-2013-6167;0.015690000;0.739340000
CVE-2013-6166;0.018590000;0.780220000
CVE-2013-6164;0.034390000;0.882900000
CVE-2013-6163;0.017130000;0.760860000
CVE-2013-6162;0.014010000;0.709740000
CVE-2013-6143;0.013580000;0.701120000
CVE-2013-6142;0.011640000;0.654890000
CVE-2013-6141;0.009930000;0.606470000
CVE-2013-6129;0.518870000;0.988830000
CVE-2013-6128;0.026420000;0.847270000
CVE-2013-6127;0.138540000;0.963060000
CVE-2013-6124;0.003020000;0.227760000
CVE-2013-6123;0.002990000;0.224710000
CVE-2013-6122;0.002970000;0.222390000
CVE-2013-6117;0.696760000;0.993250000
CVE-2013-6114;0.048950000;0.915810000
CVE-2013-6111;0.011870000;0.660940000
CVE-2013-6079;0.012700000;0.681690000
CVE-2013-6078;0.010110000;0.612010000
CVE-2013-6077;0.016740000;0.755170000
CVE-2013-6076;0.018680000;0.781380000
CVE-2013-6075;0.024480000;0.834450000
CVE-2013-6074;0.013870000;0.706850000
CVE-2013-6058;0.024800000;0.836650000
CVE-2013-6056;0.017140000;0.760960000
CVE-2013-6054;0.021680000;0.812340000
CVE-2013-6053;0.021700000;0.812580000
CVE-2013-6052;0.022020000;0.815430000
CVE-2013-6051;0.022450000;0.818920000
CVE-2013-6050;0.012210000;0.669990000
CVE-2013-6049;0.003750000;0.309440000
CVE-2013-6048;0.025020000;0.838080000
CVE-2013-6047;0.011800000;0.659230000
CVE-2013-6045;0.055150000;0.923500000
CVE-2013-6044;0.023160000;0.824610000
CVE-2013-6043;0.028890000;0.861080000
CVE-2013-6042;0.017120000;0.760710000
CVE-2013-6041;0.035590000;0.886630000
CVE-2013-6040;0.073730000;0.940600000
CVE-2013-6039;0.014740000;0.723510000
CVE-2013-6038;0.025690000;0.842730000
CVE-2013-6037;0.010090000;0.611390000
CVE-2013-6035;0.045750000;0.910860000
CVE-2013-6034;0.016730000;0.754970000
CVE-2013-6033;0.017130000;0.760930000
CVE-2013-6032;0.031820000;0.873380000
CVE-2013-6031;0.061290000;0.930350000
CVE-2013-6030;0.029430000;0.863580000
CVE-2013-6029;0.025220000;0.839510000
CVE-2013-6028;0.008250000;0.553550000
CVE-2013-6027;0.045010000;0.909480000
CVE-2013-6026;0.076800000;0.942460000
CVE-2013-6025;0.082010000;0.945510000
CVE-2013-6024;0.003570000;0.290430000
CVE-2013-6023;0.102230000;0.954020000
CVE-2013-6022;0.013540000;0.700070000
CVE-2013-6021;0.117270000;0.958220000
CVE-2013-6020;0.012810000;0.683970000
CVE-2013-6019;0.010120000;0.612380000
CVE-2013-6018;0.006190000;0.477620000
CVE-2013-6017;0.043730000;0.907190000
CVE-2013-6016;0.027510000;0.853760000
CVE-2013-6015;0.020210000;0.798490000
CVE-2013-6014;0.008480000;0.560640000
CVE-2013-6013;0.039970000;0.899370000
CVE-2013-6012;0.021730000;0.812830000
CVE-2013-6011;0.014700000;0.722740000
CVE-2013-6010;0.020410000;0.800440000
CVE-2013-6009;0.009580000;0.595080000
CVE-2013-6006;0.019860000;0.794500000
CVE-2013-6005;0.012840000;0.684490000
CVE-2013-6004;0.013090000;0.690130000
CVE-2013-6003;0.009620000;0.596550000
CVE-2013-6002;0.015700000;0.739500000
CVE-2013-6001;0.010400000;0.620640000
CVE-2013-6000;0.018540000;0.779560000
CVE-2013-5999;0.005820000;0.459840000
CVE-2013-5998;0.017720000;0.768870000
CVE-2013-5997;0.011980000;0.663670000
CVE-2013-5996;0.018830000;0.783020000
CVE-2013-5995;0.011720000;0.656720000
CVE-2013-5994;0.015040000;0.728800000
CVE-2013-5993;0.010790000;0.631640000
CVE-2013-5992;0.012070000;0.665750000
CVE-2013-5991;0.013090000;0.689850000
CVE-2013-5990;0.045870000;0.911060000
CVE-2013-5988;0.010940000;0.636250000
CVE-2013-5987;0.004150000;0.350380000
CVE-2013-5986;0.017970000;0.771950000
CVE-2013-5984;0.028230000;0.857890000
CVE-2013-5983;0.021770000;0.813140000
CVE-2013-5979;0.181250000;0.970310000
CVE-2013-5978;0.040840000;0.901350000
CVE-2013-5977;0.031540000;0.872260000
CVE-2013-5976;0.018080000;0.773490000
CVE-2013-5975;0.018030000;0.772740000
CVE-2013-5973;0.003530000;0.286570000
CVE-2013-5972;0.004110000;0.346000000
CVE-2013-5971;0.020230000;0.798730000
CVE-2013-5970;0.015480000;0.736220000
CVE-2013-5968;0.026220000;0.846050000
CVE-2013-5967;0.190220000;0.971410000
CVE-2013-5966;0.011620000;0.654280000
CVE-2013-5965;0.013690000;0.703200000
CVE-2013-5964;0.009410000;0.589950000
CVE-2013-5963;0.041600000;0.902980000
CVE-2013-5962;0.147710000;0.964800000
CVE-2013-5961;0.054530000;0.922790000
CVE-2013-5960;0.016550000;0.752370000
CVE-2013-5959;0.015480000;0.736220000
CVE-2013-5958;0.018680000;0.781380000
CVE-2013-5957;0.020890000;0.805440000
CVE-2013-5956;0.018540000;0.779490000
CVE-2013-5955;0.018540000;0.779530000
CVE-2013-5954;0.030990000;0.870050000
CVE-2013-5953;0.019360000;0.789240000
CVE-2013-5952;0.018640000;0.780900000
CVE-2013-5951;0.019090000;0.786170000
CVE-2013-5948;0.095220000;0.951600000
CVE-2013-5946;0.065160000;0.933820000
CVE-2013-5945;0.097830000;0.952600000
CVE-2013-5944;0.032030000;0.874210000
CVE-2013-5943;0.017540000;0.766400000
CVE-2013-5942;0.021240000;0.808600000
CVE-2013-5939;0.018540000;0.779510000
CVE-2013-5938;0.011610000;0.653670000
CVE-2013-5937;0.006430000;0.488810000
CVE-2013-5936;0.010780000;0.631460000
CVE-2013-5935;0.010780000;0.631460000
CVE-2013-5934;0.009850000;0.604040000
CVE-2013-5933;0.001780000;0.075450000
CVE-2013-5932;0.054090000;0.922350000
CVE-2013-5931;0.012240000;0.670760000
CVE-2013-5930;0.009840000;0.603810000
CVE-2013-5919;0.016040000;0.744680000
CVE-2013-5918;0.016180000;0.746880000
CVE-2013-5917;0.028540000;0.859420000
CVE-2013-5916;0.020230000;0.798680000
CVE-2013-5915;0.021430000;0.810340000
CVE-2013-5914;0.029970000;0.865910000
CVE-2013-5913;0.014090000;0.711180000
CVE-2013-5912;0.314280000;0.981760000
CVE-2013-5911;0.009310000;0.586810000
CVE-2013-5910;0.037790000;0.893300000
CVE-2013-5909;0.013120000;0.690580000
CVE-2013-5908;0.046700000;0.912360000
CVE-2013-5907;0.083830000;0.946450000
CVE-2013-5906;0.062630000;0.931640000
CVE-2013-5905;0.036130000;0.888290000
CVE-2013-5904;0.049240000;0.916220000
CVE-2013-5902;0.036130000;0.888290000
CVE-2013-5901;0.017160000;0.761310000
CVE-2013-5900;0.016820000;0.756550000
CVE-2013-5899;0.039270000;0.897580000
CVE-2013-5898;0.035120000;0.885340000
CVE-2013-5897;0.015580000;0.737880000
CVE-2013-5896;0.042900000;0.905590000
CVE-2013-5895;0.057100000;0.925860000
CVE-2013-5894;0.028840000;0.860800000
CVE-2013-5893;0.050800000;0.918540000
CVE-2013-5892;0.003110000;0.238490000
CVE-2013-5891;0.037860000;0.893540000
CVE-2013-5890;0.015580000;0.737880000
CVE-2013-5889;0.053600000;0.921830000
CVE-2013-5888;0.004560000;0.384310000
CVE-2013-5887;0.041740000;0.903280000
CVE-2013-5886;0.013570000;0.700850000
CVE-2013-5885;0.003910000;0.326620000
CVE-2013-5884;0.038070000;0.894180000
CVE-2013-5883;0.003670000;0.301070000
CVE-2013-5882;0.033400000;0.879540000
CVE-2013-5881;0.028840000;0.860790000
CVE-2013-5880;0.595580000;0.990700000
CVE-2013-5879;0.016330000;0.749200000
CVE-2013-5878;0.042580000;0.904990000
CVE-2013-5877;0.549750000;0.989640000
CVE-2013-5876;0.004220000;0.356720000
CVE-2013-5875;0.003450000;0.276730000
CVE-2013-5874;0.003390000;0.270510000
CVE-2013-5873;0.015740000;0.740200000
CVE-2013-5872;0.004110000;0.346740000
CVE-2013-5871;0.010870000;0.634050000
CVE-2013-5870;0.047560000;0.913670000
CVE-2013-5869;0.023480000;0.827140000
CVE-2013-5868;0.010870000;0.634050000
CVE-2013-5867;0.018610000;0.780530000
CVE-2013-5866;0.003910000;0.326020000
CVE-2013-5865;0.003730000;0.307790000
CVE-2013-5864;0.004260000;0.360410000
CVE-2013-5863;0.018970000;0.784790000
CVE-2013-5862;0.004310000;0.364550000
CVE-2013-5861;0.020810000;0.804600000
CVE-2013-5860;0.033400000;0.879540000
CVE-2013-5859;0.014240000;0.713930000
CVE-2013-5858;0.012490000;0.676860000
CVE-2013-5857;0.009670000;0.598620000
CVE-2013-5856;0.009670000;0.598620000
CVE-2013-5855;0.047150000;0.913040000
CVE-2013-5854;0.022080000;0.815970000
CVE-2013-5853;0.018550000;0.779710000
CVE-2013-5852;0.037330000;0.892000000
CVE-2013-5851;0.039270000;0.897580000
CVE-2013-5850;0.055010000;0.923310000
CVE-2013-5849;0.034330000;0.882690000
CVE-2013-5848;0.031950000;0.873910000
CVE-2013-5847;0.011060000;0.639320000
CVE-2013-5846;0.035590000;0.886630000
CVE-2013-5845;0.009850000;0.603980000
CVE-2013-5844;0.035590000;0.886630000
CVE-2013-5843;0.061320000;0.930390000
CVE-2013-5842;0.176060000;0.969680000
CVE-2013-5841;0.012200000;0.669590000
CVE-2013-5840;0.039610000;0.898550000
CVE-2013-5839;0.021400000;0.810060000
CVE-2013-5838;0.046520000;0.912110000
CVE-2013-5837;0.008120000;0.549390000
CVE-2013-5836;0.014080000;0.711090000
CVE-2013-5835;0.012070000;0.666290000
CVE-2013-5834;0.003350000;0.266480000
CVE-2013-5833;0.003790000;0.314180000
CVE-2013-5832;0.047510000;0.913610000
CVE-2013-5831;0.033880000;0.881170000
CVE-2013-5830;0.071880000;0.939400000
CVE-2013-5829;0.071880000;0.939400000
CVE-2013-5828;0.009850000;0.604010000
CVE-2013-5827;0.009850000;0.603960000
CVE-2013-5826;0.012810000;0.684040000
CVE-2013-5825;0.044640000;0.908850000
CVE-2013-5824;0.055720000;0.924190000
CVE-2013-5823;0.047320000;0.913300000
CVE-2013-5822;0.012200000;0.669540000
CVE-2013-5821;0.004420000;0.373700000
CVE-2013-5820;0.041690000;0.903140000
CVE-2013-5819;0.033880000;0.881170000
CVE-2013-5818;0.033880000;0.881160000
CVE-2013-5817;0.062950000;0.931950000
CVE-2013-5816;0.013320000;0.695050000
CVE-2013-5815;0.013610000;0.701670000
CVE-2013-5814;0.062950000;0.931950000
CVE-2013-5813;0.011870000;0.661030000
CVE-2013-5812;0.038470000;0.895330000
CVE-2013-5811;0.008800000;0.570920000
CVE-2013-5810;0.032710000;0.876990000
CVE-2013-5809;0.058940000;0.928010000
CVE-2013-5808;0.012460000;0.675980000
CVE-2013-5807;0.021820000;0.813600000
CVE-2013-5806;0.038960000;0.896580000
CVE-2013-5805;0.038960000;0.896580000
CVE-2013-5804;0.039320000;0.897790000
CVE-2013-5803;0.038640000;0.895810000
CVE-2013-5802;0.044310000;0.908170000
CVE-2013-5801;0.032190000;0.875010000
CVE-2013-5800;0.034820000;0.884400000
CVE-2013-5799;0.009960000;0.607350000
CVE-2013-5798;0.009850000;0.603970000
CVE-2013-5797;0.026330000;0.846810000
CVE-2013-5796;0.011280000;0.645270000
CVE-2013-5795;0.594940000;0.990680000
CVE-2013-5794;0.012340000;0.673070000
CVE-2013-5793;0.015310000;0.733130000
CVE-2013-5792;0.012340000;0.673080000
CVE-2013-5791;0.019010000;0.785120000
CVE-2013-5790;0.036400000;0.889090000
CVE-2013-5789;0.055720000;0.924200000
CVE-2013-5788;0.039580000;0.898420000
CVE-2013-5787;0.055720000;0.924190000
CVE-2013-5786;0.018370000;0.777340000
CVE-2013-5785;0.018590000;0.780300000
CVE-2013-5784;0.036400000;0.889090000
CVE-2013-5783;0.039320000;0.897790000
CVE-2013-5782;0.062950000;0.931950000
CVE-2013-5781;0.004060000;0.341800000
CVE-2013-5780;0.034330000;0.882690000
CVE-2013-5779;0.009680000;0.598880000
CVE-2013-5778;0.039610000;0.898540000
CVE-2013-5777;0.032710000;0.876990000
CVE-2013-5776;0.033880000;0.881170000
CVE-2013-5775;0.025130000;0.838810000
CVE-2013-5774;0.039320000;0.897780000
CVE-2013-5773;0.009850000;0.604020000
CVE-2013-5772;0.037560000;0.892630000
CVE-2013-5771;0.024630000;0.835510000
CVE-2013-5770;0.012250000;0.671150000
CVE-2013-5769;0.010070000;0.610770000
CVE-2013-5768;0.008720000;0.568270000
CVE-2013-5767;0.014180000;0.712820000
CVE-2013-5766;0.009850000;0.603960000
CVE-2013-5765;0.012810000;0.684040000
CVE-2013-5764;0.012000000;0.664210000
CVE-2013-5763;0.004700000;0.393680000
CVE-2013-5762;0.002530000;0.168420000
CVE-2013-5761;0.012210000;0.669800000
CVE-2013-5760;0.012640000;0.680350000
CVE-2013-5758;0.118920000;0.958630000
CVE-2013-5757;0.027540000;0.854010000
CVE-2013-5756;0.030590000;0.868540000
CVE-2013-5755;0.043370000;0.906430000
CVE-2013-5754;0.035890000;0.887560000
CVE-2013-5751;0.020620000;0.802620000
CVE-2013-5750;0.012320000;0.672720000
CVE-2013-5749;0.014570000;0.720250000
CVE-2013-5748;0.019870000;0.794590000
CVE-2013-5745;0.087200000;0.948320000
CVE-2013-5744;0.009600000;0.595610000
CVE-2013-5743;0.799880000;0.995890000
CVE-2013-5741;0.021860000;0.813840000
CVE-2013-5740;0.003590000;0.293050000
CVE-2013-5739;0.017640000;0.767790000
CVE-2013-5738;0.023610000;0.828150000
CVE-2013-5730;0.012100000;0.667220000
CVE-2013-5726;0.010620000;0.626930000
CVE-2013-5725;0.010720000;0.629920000
CVE-2013-5724;0.003800000;0.315000000
CVE-2013-5723;0.022850000;0.821920000
CVE-2013-5722;0.015470000;0.735980000
CVE-2013-5721;0.016830000;0.756670000
CVE-2013-5720;0.028400000;0.858800000
CVE-2013-5719;0.021190000;0.808210000
CVE-2013-5718;0.016870000;0.757230000
CVE-2013-5717;0.018850000;0.783300000
CVE-2013-5716;0.020670000;0.803220000
CVE-2013-5715;0.018040000;0.773050000
CVE-2013-5714;0.020440000;0.800790000
CVE-2013-5711;0.016370000;0.749760000
CVE-2013-5710;0.002940000;0.219250000
CVE-2013-5709;0.029880000;0.865490000
CVE-2013-5708;0.006980000;0.511220000
CVE-2013-5707;0.011410000;0.648350000
CVE-2013-5706;0.011410000;0.648350000
CVE-2013-5705;0.026700000;0.849130000
CVE-2013-5704;0.562890000;0.989920000
CVE-2013-5703;0.012600000;0.679320000
CVE-2013-5702;0.009740000;0.600960000
CVE-2013-5701;0.010420000;0.621090000
CVE-2013-5700;0.019990000;0.795890000
CVE-2013-5698;0.007670000;0.535170000
CVE-2013-5697;0.013850000;0.706530000
CVE-2013-5696;0.078550000;0.943480000
CVE-2013-5695;0.009600000;0.595620000
CVE-2013-5694;0.025610000;0.842110000
CVE-2013-5693;0.032320000;0.875460000
CVE-2013-5692;0.057910000;0.926760000
CVE-2013-5691;0.003760000;0.310990000
CVE-2013-5690;0.007670000;0.535150000
CVE-2013-5688;0.061570000;0.930640000
CVE-2013-5687;0.014180000;0.712870000
CVE-2013-5680;0.079140000;0.943830000
CVE-2013-5679;0.024260000;0.832800000
CVE-2013-5676;0.049870000;0.917230000
CVE-2013-5674;0.020980000;0.806370000
CVE-2013-5673;0.065360000;0.934020000
CVE-2013-5672;0.031540000;0.872260000
CVE-2013-5671;0.021880000;0.813990000
CVE-2013-5670;0.011800000;0.659230000
CVE-2013-5669;0.021960000;0.814930000
CVE-2013-5668;0.020670000;0.803260000
CVE-2013-5667;0.041590000;0.902970000
CVE-2013-5666;0.003060000;0.232440000
CVE-2013-5664;0.022940000;0.822780000
CVE-2013-5663;0.028210000;0.857820000
CVE-2013-5661;0.034500000;0.883270000
CVE-2013-5660;0.112000000;0.957020000
CVE-2013-5659;0.012500000;0.677110000
CVE-2013-5658;0.014690000;0.722670000
CVE-2013-5657;0.068480000;0.936550000
CVE-2013-5656;0.015240000;0.732050000
CVE-2013-5655;0.017580000;0.766900000
CVE-2013-5654;0.017300000;0.763040000
CVE-2013-5653;0.019570000;0.791470000
CVE-2013-5651;0.022580000;0.819870000
CVE-2013-5650;0.018310000;0.776500000
CVE-2013-5649;0.009310000;0.586770000
CVE-2013-5648;0.020530000;0.801770000
CVE-2013-5647;0.019870000;0.794600000
CVE-2013-5646;0.011520000;0.651360000
CVE-2013-5645;0.018800000;0.782700000
CVE-2013-5642;0.116530000;0.958030000
CVE-2013-5641;0.041110000;0.901950000
CVE-2013-5640;0.023870000;0.829900000
CVE-2013-5639;0.071490000;0.939100000
CVE-2013-5638;0.005750000;0.456680000
CVE-2013-5637;0.004860000;0.404710000
CVE-2013-5636;0.001960000;0.095130000
CVE-2013-5635;0.002070000;0.109340000
CVE-2013-5634;0.007590000;0.532130000
CVE-2013-5619;0.037070000;0.891160000
CVE-2013-5618;0.104070000;0.954610000
CVE-2013-5616;0.066720000;0.935050000
CVE-2013-5615;0.042190000;0.904230000
CVE-2013-5614;0.023530000;0.827520000
CVE-2013-5613;0.094480000;0.951320000
CVE-2013-5612;0.034020000;0.881680000
CVE-2013-5611;0.021380000;0.809890000
CVE-2013-5610;0.065110000;0.933780000
CVE-2013-5609;0.080910000;0.944840000
CVE-2013-5607;0.030450000;0.867860000
CVE-2013-5606;0.023970000;0.830640000
CVE-2013-5605;0.044350000;0.908290000
CVE-2013-5604;0.064930000;0.933670000
CVE-2013-5603;0.054160000;0.922420000
CVE-2013-5602;0.051660000;0.919610000
CVE-2013-5601;0.053010000;0.921180000
CVE-2013-5600;0.053470000;0.921680000
CVE-2013-5599;0.051940000;0.919960000
CVE-2013-5598;0.029370000;0.863290000
CVE-2013-5597;0.062730000;0.931750000
CVE-2013-5596;0.031440000;0.871870000
CVE-2013-5595;0.020880000;0.805270000
CVE-2013-5594;0.006830000;0.505460000
CVE-2013-5593;0.019930000;0.795330000
CVE-2013-5592;0.051030000;0.918830000
CVE-2013-5591;0.044440000;0.908470000
CVE-2013-5590;0.052380000;0.920520000
CVE-2013-5589;0.019880000;0.794820000
CVE-2013-5588;0.012400000;0.674430000
CVE-2013-5587;0.019850000;0.794360000
CVE-2013-5586;0.027320000;0.852620000
CVE-2013-5583;0.014820000;0.725000000
CVE-2013-5582;0.036360000;0.888950000
CVE-2013-5580;0.023220000;0.825050000
CVE-2013-5578;0.048980000;0.915830000
CVE-2013-5576;0.481910000;0.987880000
CVE-2013-5573;0.054060000;0.922300000
CVE-2013-5572;0.041110000;0.901920000
CVE-2013-5571;0.008860000;0.572480000
CVE-2013-5570;0.011610000;0.653620000
CVE-2013-5569;0.012100000;0.667110000
CVE-2013-5568;0.011730000;0.657150000
CVE-2013-5567;0.021190000;0.808230000
CVE-2013-5566;0.019010000;0.785160000
CVE-2013-5565;0.010720000;0.629790000
CVE-2013-5564;0.017660000;0.768030000
CVE-2013-5563;0.009600000;0.595600000
CVE-2013-5562;0.012320000;0.672670000
CVE-2013-5561;0.012460000;0.675960000
CVE-2013-5560;0.020320000;0.799510000
CVE-2013-5559;0.020310000;0.799460000
CVE-2013-5558;0.020960000;0.806150000
CVE-2013-5557;0.020080000;0.797310000
CVE-2013-5556;0.003150000;0.242300000
CVE-2013-5555;0.010840000;0.633250000
CVE-2013-5554;0.020230000;0.798730000
CVE-2013-5553;0.019040000;0.785480000
CVE-2013-5552;0.011770000;0.658200000
CVE-2013-5551;0.013670000;0.702860000
CVE-2013-5550;0.002620000;0.180620000
CVE-2013-5549;0.016610000;0.753290000
CVE-2013-5548;0.011340000;0.646420000
CVE-2013-5547;0.019060000;0.785740000
CVE-2013-5546;0.018900000;0.783790000
CVE-2013-5545;0.018900000;0.783790000
CVE-2013-5544;0.017050000;0.759680000
CVE-2013-5543;0.018900000;0.783790000
CVE-2013-5542;0.018920000;0.784160000
CVE-2013-5541;0.007670000;0.535160000
CVE-2013-5540;0.010610000;0.626710000
CVE-2013-5539;0.009560000;0.594390000
CVE-2013-5538;0.011860000;0.660760000
CVE-2013-5537;0.013280000;0.694150000
CVE-2013-5536;0.014970000;0.727500000
CVE-2013-5535;0.011540000;0.651950000
CVE-2013-5534;0.014660000;0.722100000
CVE-2013-5533;0.002740000;0.197080000
CVE-2013-5532;0.021110000;0.807570000
CVE-2013-5531;0.013420000;0.697360000
CVE-2013-5530;0.022910000;0.822550000
CVE-2013-5529;0.011730000;0.656990000
CVE-2013-5528;0.233090000;0.976460000
CVE-2013-5527;0.007780000;0.538580000
CVE-2013-5526;0.018160000;0.774710000
CVE-2013-5525;0.013170000;0.691670000
CVE-2013-5524;0.014880000;0.725920000
CVE-2013-5523;0.012160000;0.668590000
CVE-2013-5522;0.003490000;0.281480000
CVE-2013-5521;0.012320000;0.672680000
CVE-2013-5519;0.011610000;0.653710000
CVE-2013-5517;0.010400000;0.620670000
CVE-2013-5516;0.018320000;0.776690000
CVE-2013-5515;0.013490000;0.698980000
CVE-2013-5513;0.016250000;0.747900000
CVE-2013-5512;0.013900000;0.707730000
CVE-2013-5511;0.022970000;0.823010000
CVE-2013-5510;0.011650000;0.655070000
CVE-2013-5509;0.022750000;0.821180000
CVE-2013-5508;0.015310000;0.733240000
CVE-2013-5507;0.016690000;0.754370000
CVE-2013-5506;0.002830000;0.207630000
CVE-2013-5505;0.013250000;0.693590000
CVE-2013-5504;0.014880000;0.725910000
CVE-2013-5503;0.013280000;0.694150000
CVE-2013-5502;0.013540000;0.700170000
CVE-2013-5501;0.017730000;0.768990000
CVE-2013-5500;0.017730000;0.768970000
CVE-2013-5499;0.005120000;0.420960000
CVE-2013-5498;0.022840000;0.821870000
CVE-2013-5497;0.019140000;0.786730000
CVE-2013-5496;0.016010000;0.744100000
CVE-2013-5495;0.013510000;0.699250000
CVE-2013-5494;0.008180000;0.551450000
CVE-2013-5493;0.003110000;0.237670000
CVE-2013-5492;0.011730000;0.657120000
CVE-2013-5490;0.017070000;0.759960000
CVE-2013-5489;0.013540000;0.700180000
CVE-2013-5488;0.015700000;0.739500000
CVE-2013-5487;0.021330000;0.809440000
CVE-2013-5486;0.759620000;0.994980000
CVE-2013-5483;0.017920000;0.771440000
CVE-2013-5482;0.011690000;0.655960000
CVE-2013-5481;0.019530000;0.791120000
CVE-2013-5480;0.013280000;0.694200000
CVE-2013-5479;0.018870000;0.783550000
CVE-2013-5478;0.018870000;0.783530000
CVE-2013-5477;0.018870000;0.783530000
CVE-2013-5476;0.018870000;0.783530000
CVE-2013-5475;0.018870000;0.783530000
CVE-2013-5474;0.014440000;0.717670000
CVE-2013-5473;0.019600000;0.791810000
CVE-2013-5472;0.017480000;0.765390000
CVE-2013-5471;0.009840000;0.603780000
CVE-2013-5470;0.018600000;0.780390000
CVE-2013-5469;0.023620000;0.828210000
CVE-2013-5468;0.011830000;0.660030000
CVE-2013-5467;0.008450000;0.559920000
CVE-2013-5466;0.021580000;0.811650000
CVE-2013-5465;0.012310000;0.672530000
CVE-2013-5464;0.010640000;0.627470000
CVE-2013-5463;0.011000000;0.637910000
CVE-2013-5462;0.018030000;0.772740000
CVE-2013-5461;0.023560000;0.827810000
CVE-2013-5460;0.010450000;0.622080000
CVE-2013-5459;0.009660000;0.597690000
CVE-2013-5458;0.053910000;0.922160000
CVE-2013-5457;0.061010000;0.930130000
CVE-2013-5456;0.060280000;0.929320000
CVE-2013-5455;0.008560000;0.563450000
CVE-2013-5454;0.018030000;0.772730000
CVE-2013-5453;0.008520000;0.561910000
CVE-2013-5452;0.010360000;0.619550000
CVE-2013-5450;0.007760000;0.537870000
CVE-2013-5449;0.011480000;0.650200000
CVE-2013-5448;0.009360000;0.588210000
CVE-2013-5447;0.340350000;0.983040000
CVE-2013-5446;0.016790000;0.755980000
CVE-2013-5445;0.011810000;0.659710000
CVE-2013-5444;0.016670000;0.754160000
CVE-2013-5443;0.008180000;0.551450000
CVE-2013-5442;0.017880000;0.770850000
CVE-2013-5440;0.003300000;0.259620000
CVE-2013-5438;0.017730000;0.769020000
CVE-2013-5433;0.013180000;0.691930000
CVE-2013-5431;0.013560000;0.700570000
CVE-2013-5430;0.009300000;0.586160000
CVE-2013-5429;0.009070000;0.578980000
CVE-2013-5428;0.016860000;0.757180000
CVE-2013-5427;0.005700000;0.453870000
CVE-2013-5426;0.004950000;0.410660000
CVE-2013-5425;0.014330000;0.715640000
CVE-2013-5424;0.013060000;0.689300000
CVE-2013-5423;0.013690000;0.703230000
CVE-2013-5422;0.011910000;0.661960000
CVE-2013-5421;0.009310000;0.586960000
CVE-2013-5420;0.008520000;0.561910000
CVE-2013-5419;0.003690000;0.303040000
CVE-2013-5418;0.014490000;0.718470000
CVE-2013-5417;0.018320000;0.776750000
CVE-2013-5416;0.003230000;0.251420000
CVE-2013-5415;0.003490000;0.281490000
CVE-2013-5414;0.014570000;0.720100000
CVE-2013-5413;0.012760000;0.682890000
CVE-2013-5411;0.011680000;0.655640000
CVE-2013-5409;0.010290000;0.617430000
CVE-2013-5407;0.008030000;0.546650000
CVE-2013-5406;0.009460000;0.591540000
CVE-2013-5405;0.009460000;0.591500000
CVE-2013-5404;0.007590000;0.532310000
CVE-2013-5403;0.024100000;0.831630000
CVE-2013-5402;0.009460000;0.591570000
CVE-2013-5401;0.012180000;0.669150000
CVE-2013-5400;0.022880000;0.822250000
CVE-2013-5398;0.005900000;0.464110000
CVE-2013-5397;0.005900000;0.464110000
CVE-2013-5395;0.015230000;0.731860000
CVE-2013-5394;0.009510000;0.593250000
CVE-2013-5393;0.012650000;0.680750000
CVE-2013-5391;0.010260000;0.616580000
CVE-2013-5390;0.009360000;0.588170000
CVE-2013-5389;0.009310000;0.586760000
CVE-2013-5388;0.009310000;0.586970000
CVE-2013-5387;0.014830000;0.725150000
CVE-2013-5385;0.034680000;0.883920000
CVE-2013-5383;0.010940000;0.636200000
CVE-2013-5382;0.010940000;0.636200000
CVE-2013-5381;0.012450000;0.675760000
CVE-2013-5380;0.003330000;0.264100000
CVE-2013-5379;0.009360000;0.588190000
CVE-2013-5378;0.009460000;0.591480000
CVE-2013-5376;0.009310000;0.586940000
CVE-2013-5375;0.028120000;0.857300000
CVE-2013-5373;0.003040000;0.229740000
CVE-2013-5372;0.028120000;0.857300000
CVE-2013-5371;0.003780000;0.312530000
CVE-2013-5370;0.041740000;0.903270000
CVE-2013-5369;0.030810000;0.869350000
CVE-2013-5365;0.051610000;0.919560000
CVE-2013-5364;0.004130000;0.347970000
CVE-2013-5359;0.023030000;0.823550000
CVE-2013-5358;0.012720000;0.682030000
CVE-2013-5357;0.023030000;0.823560000
CVE-2013-5356;0.016980000;0.758700000
CVE-2013-5355;0.006430000;0.488760000
CVE-2013-5354;0.012230000;0.670680000
CVE-2013-5353;0.022930000;0.822670000
CVE-2013-5352;0.014470000;0.718240000
CVE-2013-5351;0.050270000;0.917730000
CVE-2013-5350;0.015270000;0.732550000
CVE-2013-5349;0.023030000;0.823550000
CVE-2013-5334;0.038360000;0.895050000
CVE-2013-5333;0.038360000;0.895050000
CVE-2013-5332;0.054250000;0.922500000
CVE-2013-5331;0.724950000;0.994070000
CVE-2013-5330;0.112900000;0.957220000
CVE-2013-5329;0.057590000;0.926440000
CVE-2013-5328;0.031130000;0.870590000
CVE-2013-5327;0.038360000;0.895040000
CVE-2013-5326;0.018420000;0.777910000
CVE-2013-5325;0.036410000;0.889290000
CVE-2013-5324;0.057590000;0.926450000
CVE-2013-5323;0.012840000;0.684520000
CVE-2013-5322;0.013520000;0.699730000
CVE-2013-5321;0.014030000;0.710240000
CVE-2013-5320;0.020960000;0.806130000
CVE-2013-5319;0.021470000;0.810670000
CVE-2013-5318;0.022640000;0.820300000
CVE-2013-5317;0.026360000;0.846990000
CVE-2013-5316;0.022680000;0.820520000
CVE-2013-5315;0.016760000;0.755550000
CVE-2013-5314;0.016130000;0.745940000
CVE-2013-5313;0.008850000;0.572180000
CVE-2013-5312;0.032170000;0.874930000
CVE-2013-5311;0.022790000;0.821470000
CVE-2013-5310;0.013640000;0.702210000
CVE-2013-5309;0.012100000;0.667220000
CVE-2013-5308;0.011710000;0.656450000
CVE-2013-5307;0.012940000;0.686770000
CVE-2013-5306;0.012330000;0.673040000
CVE-2013-5305;0.012940000;0.686770000
CVE-2013-5304;0.013640000;0.702210000
CVE-2013-5303;0.018720000;0.781790000
CVE-2013-5302;0.013640000;0.702210000
CVE-2013-5301;0.033760000;0.880770000
CVE-2013-5300;0.017940000;0.771650000
CVE-2013-5229;0.003350000;0.266470000
CVE-2013-5228;0.021540000;0.811280000
CVE-2013-5227;0.022590000;0.819890000
CVE-2013-5225;0.021440000;0.810400000
CVE-2013-5223;0.335670000;0.982840000
CVE-2013-5222;0.010770000;0.631090000
CVE-2013-5221;0.010850000;0.633690000
CVE-2013-5220;0.047430000;0.913490000
CVE-2013-5219;0.040820000;0.901300000
CVE-2013-5218;0.037580000;0.892690000
CVE-2013-5216;0.018990000;0.784930000
CVE-2013-5215;0.018640000;0.780900000
CVE-2013-5212;0.009130000;0.580980000
CVE-2013-5211;0.975490000;0.998980000
CVE-2013-5210;0.014030000;0.710110000
CVE-2013-5209;0.025110000;0.838680000
CVE-2013-5208;0.002910000;0.216370000
CVE-2013-5200;0.014930000;0.726760000
CVE-2013-5199;0.021950000;0.814840000
CVE-2013-5198;0.021630000;0.811960000
CVE-2013-5197;0.021440000;0.810400000
CVE-2013-5196;0.021440000;0.810400000
CVE-2013-5195;0.021420000;0.810200000
CVE-2013-5193;0.002580000;0.175860000
CVE-2013-5192;0.003140000;0.241870000
CVE-2013-5191;0.003410000;0.273290000
CVE-2013-5190;0.009000000;0.576640000
CVE-2013-5189;0.011540000;0.651890000
CVE-2013-5188;0.003140000;0.241880000
CVE-2013-5187;0.003430000;0.275190000
CVE-2013-5186;0.003590000;0.293240000
CVE-2013-5185;0.008950000;0.575410000
CVE-2013-5184;0.006150000;0.475620000
CVE-2013-5183;0.013410000;0.697160000
CVE-2013-5182;0.014130000;0.711870000
CVE-2013-5181;0.015110000;0.730080000
CVE-2013-5180;0.010860000;0.633820000
CVE-2013-5179;0.013290000;0.694320000
CVE-2013-5178;0.010420000;0.621100000
CVE-2013-5177;0.003140000;0.241880000
CVE-2013-5176;0.003140000;0.241870000
CVE-2013-5175;0.003610000;0.294540000
CVE-2013-5174;0.003140000;0.241860000
CVE-2013-5173;0.003140000;0.241870000
CVE-2013-5172;0.011200000;0.643280000
CVE-2013-5171;0.003300000;0.260270000
CVE-2013-5170;0.024390000;0.833740000
CVE-2013-5169;0.003430000;0.275190000
CVE-2013-5168;0.016150000;0.746340000
CVE-2013-5167;0.010530000;0.624550000
CVE-2013-5166;0.003260000;0.255380000
CVE-2013-5165;0.016370000;0.749860000
CVE-2013-5164;0.002280000;0.135910000
CVE-2013-5163;0.003750000;0.310130000
CVE-2013-5162;0.003620000;0.295860000
CVE-2013-5161;0.002930000;0.218080000
CVE-2013-5160;0.003420000;0.273970000
CVE-2013-5159;0.018020000;0.772600000
CVE-2013-5158;0.003680000;0.301760000
CVE-2013-5157;0.014620000;0.721090000
CVE-2013-5156;0.013620000;0.701930000
CVE-2013-5155;0.015500000;0.736710000
CVE-2013-5154;0.013740000;0.704420000
CVE-2013-5153;0.003720000;0.306320000
CVE-2013-5152;0.014030000;0.710170000
CVE-2013-5151;0.017180000;0.761530000
CVE-2013-5150;0.003510000;0.284050000
CVE-2013-5149;0.013320000;0.695000000
CVE-2013-5148;0.003290000;0.259190000
CVE-2013-5147;0.006590000;0.495730000
CVE-2013-5145;0.003420000;0.274040000
CVE-2013-5144;0.003490000;0.281250000
CVE-2013-5143;0.005540000;0.445960000
CVE-2013-5142;0.003540000;0.288200000
CVE-2013-5141;0.016170000;0.746530000
CVE-2013-5140;0.025860000;0.843700000
CVE-2013-5139;0.027510000;0.853770000
CVE-2013-5138;0.003710000;0.305710000
CVE-2013-5137;0.014570000;0.720170000
CVE-2013-5136;0.010620000;0.626880000
CVE-2013-5135;0.108330000;0.955940000
CVE-2013-5133;0.017440000;0.764950000
CVE-2013-5132;0.010700000;0.629330000
CVE-2013-5131;0.017030000;0.759470000
CVE-2013-5130;0.009250000;0.584420000
CVE-2013-5129;0.017180000;0.761520000
CVE-2013-5128;0.023780000;0.829240000
CVE-2013-5127;0.023780000;0.829250000
CVE-2013-5126;0.023780000;0.829250000
CVE-2013-5125;0.023780000;0.829250000
CVE-2013-5123;0.079870000;0.944240000
CVE-2013-5122;0.037460000;0.892330000
CVE-2013-5121;0.011740000;0.657470000
CVE-2013-5120;0.011740000;0.657470000
CVE-2013-5119;0.013960000;0.708630000
CVE-2013-5118;0.024180000;0.832290000
CVE-2013-5117;0.023370000;0.826280000
CVE-2013-5116;0.004830000;0.402360000
CVE-2013-5114;0.005850000;0.461740000
CVE-2013-5113;0.005860000;0.462290000
CVE-2013-5112;0.005490000;0.442830000
CVE-2013-5108;0.014500000;0.718750000
CVE-2013-5107;0.018310000;0.776530000
CVE-2013-5106;0.017170000;0.761480000
CVE-2013-5100;0.012940000;0.686770000
CVE-2013-5099;0.017100000;0.760470000
CVE-2013-5098;0.019750000;0.793290000
CVE-2013-5097;0.013400000;0.697100000
CVE-2013-5096;0.010830000;0.632870000
CVE-2013-5095;0.013740000;0.704360000
CVE-2013-5094;0.018360000;0.777150000
CVE-2013-5093;0.386680000;0.984920000
CVE-2013-5092;0.032470000;0.876080000
CVE-2013-5091;0.011880000;0.661140000
CVE-2013-5072;0.088760000;0.949140000
CVE-2013-5065;0.348930000;0.983380000
CVE-2013-5059;0.106930000;0.955490000
CVE-2013-5058;0.027640000;0.854670000
CVE-2013-5057;0.099260000;0.953130000
CVE-2013-5056;0.203530000;0.973360000
CVE-2013-5054;0.127690000;0.960460000
CVE-2013-5052;0.125300000;0.959960000
CVE-2013-5051;0.125300000;0.959950000
CVE-2013-5049;0.125300000;0.959960000
CVE-2013-5048;0.126350000;0.960170000
CVE-2013-5047;0.125300000;0.959950000
CVE-2013-5046;0.019770000;0.793530000
CVE-2013-5045;0.173850000;0.969400000
CVE-2013-5042;0.116880000;0.958130000
CVE-2013-5039;0.021310000;0.809260000
CVE-2013-5038;0.032790000;0.877210000
CVE-2013-5037;0.025870000;0.843770000
CVE-2013-5036;0.461820000;0.987400000
CVE-2013-5035;0.006910000;0.508700000
CVE-2013-5034;0.016690000;0.754420000
CVE-2013-5033;0.016690000;0.754420000
CVE-2013-5032;0.016690000;0.754420000
CVE-2013-5031;0.016690000;0.754430000
CVE-2013-5030;0.020370000;0.799980000
CVE-2013-5029;0.022760000;0.821210000
CVE-2013-5028;0.019470000;0.790520000
CVE-2013-5027;0.012530000;0.677760000
CVE-2013-5026;0.035860000;0.887490000
CVE-2013-5025;0.013210000;0.692600000
CVE-2013-5024;0.011910000;0.661960000
CVE-2013-5023;0.013210000;0.692600000
CVE-2013-5022;0.025700000;0.842760000
CVE-2013-5021;0.020730000;0.803810000
CVE-2013-5020;0.018620000;0.780600000
CVE-2013-5019;0.635720000;0.991650000
CVE-2013-5018;0.029850000;0.865410000
CVE-2013-5017;0.069580000;0.937450000
CVE-2013-5016;0.023540000;0.827580000
CVE-2013-5015;0.287590000;0.980320000
CVE-2013-5014;0.675730000;0.992690000
CVE-2013-5013;0.020090000;0.797350000
CVE-2013-5012;0.015150000;0.730600000
CVE-2013-5011;0.004740000;0.396390000
CVE-2013-5010;0.003470000;0.279610000
CVE-2013-5009;0.007840000;0.540130000
CVE-2013-5008;0.002160000;0.121310000
CVE-2013-5006;0.045550000;0.910560000
CVE-2013-5005;0.014270000;0.714700000
CVE-2013-5003;0.016060000;0.745020000
CVE-2013-5002;0.009670000;0.598570000
CVE-2013-5001;0.008190000;0.551790000
CVE-2013-5000;0.012660000;0.680890000
CVE-2013-4999;0.017990000;0.772290000
CVE-2013-4998;0.017990000;0.772290000
CVE-2013-4997;0.014580000;0.720320000
CVE-2013-4996;0.018320000;0.776720000
CVE-2013-4995;0.014490000;0.718450000
CVE-2013-4988;0.669980000;0.992530000
CVE-2013-4987;0.027340000;0.852750000
CVE-2013-4986;0.040830000;0.901330000
CVE-2013-4985;0.089690000;0.949540000
CVE-2013-4984;0.081280000;0.945090000
CVE-2013-4983;0.901330000;0.997890000
CVE-2013-4982;0.131170000;0.961330000
CVE-2013-4981;0.060350000;0.929420000
CVE-2013-4980;0.060350000;0.929420000
CVE-2013-4979;0.051440000;0.919320000
CVE-2013-4978;0.071880000;0.939390000
CVE-2013-4977;0.166950000;0.968430000
CVE-2013-4976;0.361120000;0.983830000
CVE-2013-4975;0.123270000;0.959590000
CVE-2013-4974;0.037010000;0.891050000
CVE-2013-4973;0.060630000;0.929730000
CVE-2013-4971;0.011830000;0.660040000
CVE-2013-4969;0.004280000;0.362190000
CVE-2013-4968;0.008160000;0.550850000
CVE-2013-4967;0.012660000;0.680880000
CVE-2013-4966;0.010910000;0.634880000
CVE-2013-4965;0.013180000;0.692110000
CVE-2013-4964;0.016180000;0.746750000
CVE-2013-4963;0.008350000;0.556570000
CVE-2013-4962;0.012260000;0.671330000
CVE-2013-4961;0.017990000;0.772280000
CVE-2013-4959;0.003520000;0.284480000
CVE-2013-4958;0.003820000;0.316240000
CVE-2013-4957;0.011220000;0.643700000
CVE-2013-4956;0.003810000;0.315400000
CVE-2013-4955;0.011280000;0.645290000
CVE-2013-4954;0.061480000;0.930540000
CVE-2013-4953;0.010240000;0.616140000
CVE-2013-4952;0.010450000;0.622180000
CVE-2013-4951;0.016420000;0.750630000
CVE-2013-4950;0.038890000;0.896410000
CVE-2013-4949;0.054530000;0.922790000
CVE-2013-4948;0.034560000;0.883460000
CVE-2013-4947;0.015270000;0.732540000
CVE-2013-4946;0.016130000;0.745950000
CVE-2013-4945;0.011060000;0.639420000
CVE-2013-4944;0.020720000;0.803690000
CVE-2013-4943;0.004320000;0.365560000
CVE-2013-4942;0.011870000;0.660930000
CVE-2013-4941;0.011870000;0.660920000
CVE-2013-4940;0.014920000;0.726580000
CVE-2013-4939;0.014920000;0.726580000
CVE-2013-4938;0.011380000;0.647680000
CVE-2013-4937;0.018720000;0.781830000
CVE-2013-4936;0.029530000;0.864000000
CVE-2013-4935;0.027450000;0.853480000
CVE-2013-4934;0.028860000;0.860890000
CVE-2013-4933;0.032690000;0.876930000
CVE-2013-4932;0.032690000;0.876930000
CVE-2013-4931;0.032690000;0.876940000
CVE-2013-4930;0.037380000;0.892110000
CVE-2013-4929;0.036000000;0.887940000
CVE-2013-4928;0.032240000;0.875230000
CVE-2013-4927;0.037000000;0.891020000
CVE-2013-4926;0.028480000;0.859170000
CVE-2013-4925;0.028730000;0.860320000
CVE-2013-4924;0.028480000;0.859170000
CVE-2013-4923;0.030460000;0.867920000
CVE-2013-4922;0.030460000;0.867920000
CVE-2013-4921;0.030200000;0.866890000
CVE-2013-4920;0.025260000;0.839820000
CVE-2013-4912;0.020670000;0.803160000
CVE-2013-4911;0.010800000;0.632050000
CVE-2013-4900;0.039460000;0.898120000
CVE-2013-4899;0.011930000;0.662420000
CVE-2013-4898;0.031570000;0.872400000
CVE-2013-4891;0.014250000;0.714090000
CVE-2013-4890;0.026030000;0.844820000
CVE-2013-4889;0.008730000;0.568630000
CVE-2013-4888;0.014140000;0.712190000
CVE-2013-4887;0.012100000;0.667120000
CVE-2013-4885;0.072170000;0.939580000
CVE-2013-4884;0.042510000;0.904830000
CVE-2013-4883;0.050710000;0.918380000
CVE-2013-4882;0.039050000;0.896800000
CVE-2013-4881;0.021990000;0.815170000
CVE-2013-4880;0.032950000;0.877980000
CVE-2013-4879;0.023340000;0.826070000
CVE-2013-4878;0.310720000;0.981590000
CVE-2013-4877;0.007840000;0.540360000
CVE-2013-4876;0.007200000;0.518970000
CVE-2013-4875;0.007250000;0.520730000
CVE-2013-4874;0.006830000;0.505580000
CVE-2013-4873;0.020720000;0.803650000
CVE-2013-4872;0.001720000;0.068250000
CVE-2013-4871;0.006950000;0.509900000
CVE-2013-4870;0.011300000;0.645690000
CVE-2013-4869;0.006230000;0.479910000
CVE-2013-4868;0.049610000;0.916880000
CVE-2013-4867;0.015570000;0.737690000
CVE-2013-4866;0.009980000;0.607880000
CVE-2013-4865;0.017310000;0.763110000
CVE-2013-4864;0.063060000;0.932040000
CVE-2013-4863;0.121840000;0.959250000
CVE-2013-4862;0.037240000;0.891690000
CVE-2013-4861;0.066330000;0.934780000
CVE-2013-4860;0.019560000;0.791410000
CVE-2013-4859;0.069730000;0.937580000
CVE-2013-4858;0.133080000;0.961700000
CVE-2013-4857;0.016460000;0.751080000
CVE-2013-4856;0.008710000;0.567990000
CVE-2013-4855;0.015210000;0.731430000
CVE-2013-4854;0.341500000;0.983070000
CVE-2013-4852;0.034470000;0.883210000
CVE-2013-4851;0.021370000;0.809760000
CVE-2013-4848;0.011490000;0.650330000
CVE-2013-4846;0.022200000;0.816930000
CVE-2013-4845;0.025220000;0.839550000
CVE-2013-4844;0.055360000;0.923740000
CVE-2013-4843;0.018250000;0.775900000
CVE-2013-4842;0.022620000;0.820170000
CVE-2013-4841;0.104360000;0.954720000
CVE-2013-4840;0.025330000;0.840310000
CVE-2013-4839;0.040020000;0.899510000
CVE-2013-4838;0.107190000;0.955590000
CVE-2013-4837;0.626170000;0.991420000
CVE-2013-4836;0.055360000;0.923760000
CVE-2013-4835;0.710030000;0.993660000
CVE-2013-4834;0.055360000;0.923750000
CVE-2013-4833;0.016300000;0.748560000
CVE-2013-4832;0.011450000;0.649260000
CVE-2013-4831;0.011370000;0.647160000
CVE-2013-4830;0.055850000;0.924400000
CVE-2013-4829;0.003270000;0.256430000
CVE-2013-4828;0.026930000;0.850500000
CVE-2013-4827;0.030570000;0.868480000
CVE-2013-4826;0.315560000;0.981830000
CVE-2013-4825;0.025970000;0.844530000
CVE-2013-4824;0.239270000;0.977020000
CVE-2013-4823;0.375410000;0.984470000
CVE-2013-4822;0.626170000;0.991420000
CVE-2013-4821;0.019460000;0.790420000
CVE-2013-4820;0.014970000;0.727400000
CVE-2013-4819;0.009960000;0.607450000
CVE-2013-4818;0.032970000;0.878050000
CVE-2013-4817;0.021780000;0.813250000
CVE-2013-4815;0.009420000;0.590230000
CVE-2013-4814;0.016300000;0.748580000
CVE-2013-4813;0.085070000;0.947210000
CVE-2013-4812;0.519030000;0.988840000
CVE-2013-4811;0.712930000;0.993750000
CVE-2013-4810;0.790030000;0.995720000
CVE-2013-4809;0.033040000;0.878310000
CVE-2013-4808;0.043940000;0.907540000
CVE-2013-4807;0.040790000;0.901190000
CVE-2013-4806;0.019160000;0.786940000
CVE-2013-4805;0.029800000;0.865150000
CVE-2013-4804;0.034360000;0.882800000
CVE-2013-4802;0.021050000;0.806990000
CVE-2013-4801;0.081290000;0.945110000
CVE-2013-4800;0.393030000;0.985190000
CVE-2013-4799;0.082490000;0.945750000
CVE-2013-4798;0.669670000;0.992520000
CVE-2013-4797;0.062790000;0.931820000
CVE-2013-4796;0.019100000;0.786250000
CVE-2013-4795;0.013790000;0.705330000
CVE-2013-4793;0.014220000;0.713720000
CVE-2013-4792;0.002830000;0.207920000
CVE-2013-4791;0.005570000;0.447090000
CVE-2013-4790;0.009300000;0.586310000
CVE-2013-4789;0.025600000;0.842040000
CVE-2013-4788;0.114280000;0.957540000
CVE-2013-4787;0.589200000;0.990530000
CVE-2013-4786;0.785700000;0.995600000
CVE-2013-4785;0.036210000;0.888500000
CVE-2013-4784;0.495870000;0.988230000
CVE-2013-4783;0.033840000;0.881060000
CVE-2013-4782;0.260160000;0.978640000
CVE-2013-4781;0.028150000;0.857460000
CVE-2013-4780;0.014110000;0.711600000
CVE-2013-4779;0.009310000;0.586770000
CVE-2013-4778;0.014110000;0.711610000
CVE-2013-4777;0.002110000;0.114840000
CVE-2013-4776;0.069830000;0.937660000
CVE-2013-4775;0.149640000;0.965090000
CVE-2013-4772;0.041600000;0.902980000
CVE-2013-4770;0.007730000;0.537100000
CVE-2013-4769;0.011570000;0.652450000
CVE-2013-4768;0.013260000;0.693710000
CVE-2013-4767;0.014580000;0.720340000
CVE-2013-4766;0.011510000;0.651050000
CVE-2013-4764;0.002950000;0.220550000
CVE-2013-4763;0.003530000;0.286760000
CVE-2013-4762;0.016360000;0.749670000
CVE-2013-4761;0.016430000;0.750650000
CVE-2013-4759;0.035300000;0.885800000
CVE-2013-4758;0.023300000;0.825700000
CVE-2013-4754;0.007820000;0.539600000
CVE-2013-4753;0.007820000;0.539600000
CVE-2013-4752;0.023130000;0.824350000
CVE-2013-4751;0.014450000;0.717850000
CVE-2013-4749;0.009310000;0.586840000
CVE-2013-4748;0.012230000;0.670680000
CVE-2013-4747;0.011610000;0.653580000
CVE-2013-4746;0.011480000;0.650160000
CVE-2013-4745;0.012100000;0.667110000
CVE-2013-4744;0.013950000;0.708350000
CVE-2013-4743;0.084000000;0.946540000
CVE-2013-4742;0.042480000;0.904780000
CVE-2013-4740;0.002370000;0.147680000
CVE-2013-4739;0.002520000;0.167200000
CVE-2013-4738;0.002690000;0.190540000
CVE-2013-4737;0.014260000;0.714490000
CVE-2013-4736;0.013290000;0.694330000
CVE-2013-4735;0.047860000;0.914160000
CVE-2013-4734;0.013870000;0.707030000
CVE-2013-4733;0.022600000;0.820000000
CVE-2013-4732;0.030410000;0.867710000
CVE-2013-4731;0.029010000;0.861700000
CVE-2013-4730;0.664620000;0.992370000
CVE-2013-4729;0.010550000;0.625040000
CVE-2013-4728;0.011730000;0.657100000
CVE-2013-4727;0.027090000;0.851340000
CVE-2013-4726;0.010620000;0.626940000
CVE-2013-4725;0.011730000;0.657110000
CVE-2013-4724;0.011730000;0.657100000
CVE-2013-4723;0.019710000;0.792820000
CVE-2013-4722;0.018540000;0.779510000
CVE-2013-4721;0.012100000;0.667110000
CVE-2013-4720;0.012230000;0.670690000
CVE-2013-4719;0.012230000;0.670690000
CVE-2013-4718;0.006680000;0.499360000
CVE-2013-4717;0.013220000;0.692740000
CVE-2013-4716;0.011610000;0.653770000
CVE-2013-4715;0.018680000;0.781310000
CVE-2013-4714;0.011560000;0.652250000
CVE-2013-4713;0.014020000;0.709920000
CVE-2013-4712;0.020210000;0.798500000
CVE-2013-4711;0.017920000;0.771460000
CVE-2013-4710;0.426230000;0.986300000
CVE-2013-4709;0.026760000;0.849500000
CVE-2013-4708;0.012570000;0.678740000
CVE-2013-4707;0.010540000;0.624690000
CVE-2013-4706;0.010540000;0.624700000
CVE-2013-4705;0.017880000;0.770840000
CVE-2013-4704;0.011480000;0.650100000
CVE-2013-4703;0.011480000;0.650020000
CVE-2013-4702;0.020980000;0.806420000
CVE-2013-4701;0.029970000;0.865920000
CVE-2013-4700;0.005210000;0.426930000
CVE-2013-4699;0.005210000;0.426930000
CVE-2013-4698;0.009700000;0.599440000
CVE-2013-4697;0.019270000;0.788110000
CVE-2013-4695;0.052820000;0.921020000
CVE-2013-4694;0.172150000;0.969160000
CVE-2013-4693;0.012510000;0.677260000
CVE-2013-4692;0.024500000;0.834650000
CVE-2013-4691;0.006490000;0.491280000
CVE-2013-4690;0.020720000;0.803660000
CVE-2013-4689;0.009750000;0.601290000
CVE-2013-4688;0.019110000;0.786370000
CVE-2013-4687;0.026090000;0.845240000
CVE-2013-4686;0.023170000;0.824670000
CVE-2013-4685;0.076240000;0.942140000
CVE-2013-4684;0.027510000;0.853760000
CVE-2013-4683;0.012100000;0.667120000
CVE-2013-4682;0.012230000;0.670690000
CVE-2013-4681;0.012230000;0.670670000
CVE-2013-4680;0.013320000;0.695090000
CVE-2013-4679;0.010000000;0.608620000
CVE-2013-4678;0.005440000;0.440270000
CVE-2013-4677;0.003230000;0.252460000
CVE-2013-4676;0.020090000;0.797350000
CVE-2013-4674;0.008860000;0.572490000
CVE-2013-4673;0.012940000;0.686790000
CVE-2013-4672;0.011080000;0.640000000
CVE-2013-4671;0.026520000;0.847970000
CVE-2013-4670;0.048500000;0.915140000
CVE-2013-4669;0.008680000;0.567050000
CVE-2013-4668;0.043070000;0.905890000
CVE-2013-4665;0.013350000;0.695900000
CVE-2013-4664;0.022190000;0.816810000
CVE-2013-4663;0.019440000;0.790170000
CVE-2013-4662;0.010150000;0.613240000
CVE-2013-4661;0.009920000;0.606130000
CVE-2013-4660;0.173210000;0.969300000
CVE-2013-4659;0.139180000;0.963200000
CVE-2013-4658;0.093410000;0.950910000
CVE-2013-4657;0.018550000;0.779720000
CVE-2013-4656;0.022050000;0.815670000
CVE-2013-4655;0.019430000;0.790060000
CVE-2013-4654;0.027030000;0.851010000
CVE-2013-4653;0.012840000;0.684520000
CVE-2013-4652;0.059160000;0.928180000
CVE-2013-4651;0.009510000;0.593120000
CVE-2013-4650;0.016530000;0.752000000
CVE-2013-4649;0.024560000;0.835000000
CVE-2013-4636;0.019750000;0.793300000
CVE-2013-4635;0.042300000;0.904460000
CVE-2013-4634;0.013520000;0.699730000
CVE-2013-4633;0.012100000;0.667270000
CVE-2013-4632;0.009480000;0.592130000
CVE-2013-4631;0.038150000;0.894500000
CVE-2013-4630;0.039060000;0.896820000
CVE-2013-4629;0.010650000;0.627780000
CVE-2013-4628;0.006220000;0.479290000
CVE-2013-4627;0.019300000;0.788490000
CVE-2013-4626;0.020580000;0.802220000
CVE-2013-4625;0.111020000;0.956740000
CVE-2013-4624;0.014000000;0.709520000
CVE-2013-4623;0.018870000;0.783510000
CVE-2013-4622;0.013090000;0.689870000
CVE-2013-4621;0.017620000;0.767410000
CVE-2013-4620;0.032820000;0.877350000
CVE-2013-4619;0.010490000;0.623120000
CVE-2013-4617;0.012570000;0.678680000
CVE-2013-4616;0.009260000;0.585020000
CVE-2013-4615;0.156410000;0.966430000
CVE-2013-4614;0.028460000;0.859040000
CVE-2013-4613;0.020080000;0.797320000
CVE-2013-4612;0.013790000;0.705430000
CVE-2013-4611;0.029400000;0.863450000
CVE-2013-4610;0.017430000;0.764780000
CVE-2013-4609;0.015100000;0.729940000
CVE-2013-4608;0.012140000;0.668180000
CVE-2013-4604;0.010780000;0.631430000
CVE-2013-4602;0.014190000;0.713020000
CVE-2013-4600;0.018780000;0.782370000
CVE-2013-4599;0.013360000;0.695990000
CVE-2013-4598;0.018880000;0.783570000
CVE-2013-4597;0.010820000;0.632620000
CVE-2013-4596;0.012180000;0.668980000
CVE-2013-4595;0.009650000;0.597290000
CVE-2013-4594;0.010420000;0.621110000
CVE-2013-4593;0.017530000;0.766260000
CVE-2013-4592;0.005000000;0.413580000
CVE-2013-4591;0.005660000;0.452250000
CVE-2013-4590;0.094870000;0.951470000
CVE-2013-4589;0.023280000;0.825490000
CVE-2013-4588;0.003990000;0.334320000
CVE-2013-4587;0.005300000;0.432390000
CVE-2013-4584;0.015220000;0.731740000
CVE-2013-4583;0.020000000;0.796080000
CVE-2013-4582;0.019380000;0.789520000
CVE-2013-4581;0.020630000;0.802790000
CVE-2013-4580;0.013220000;0.692760000
CVE-2013-4579;0.102090000;0.953980000
CVE-2013-4578;0.024530000;0.834810000
CVE-2013-4577;0.003840000;0.319020000
CVE-2013-4576;0.004510000;0.380980000
CVE-2013-4575;0.014880000;0.725940000
CVE-2013-4574;0.013670000;0.702910000
CVE-2013-4573;0.011640000;0.654600000
CVE-2013-4572;0.021420000;0.810240000
CVE-2013-4571;0.014250000;0.714070000
CVE-2013-4570;0.017480000;0.765530000
CVE-2013-4569;0.018240000;0.775780000
CVE-2013-4568;0.020980000;0.806350000
CVE-2013-4567;0.013490000;0.698850000
CVE-2013-4566;0.020030000;0.796460000
CVE-2013-4565;0.034820000;0.884440000
CVE-2013-4564;0.026660000;0.848850000
CVE-2013-4563;0.038990000;0.896650000
CVE-2013-4562;0.011670000;0.655360000
CVE-2013-4561;0.013910000;0.707840000
CVE-2013-4560;0.054180000;0.922440000
CVE-2013-4559;0.107210000;0.955600000
CVE-2013-4558;0.058820000;0.927910000
CVE-2013-4557;0.252870000;0.978150000
CVE-2013-4556;0.021080000;0.807220000
CVE-2013-4555;0.012330000;0.672930000
CVE-2013-4554;0.006120000;0.474380000
CVE-2013-4553;0.005650000;0.451940000
CVE-2013-4552;0.014320000;0.715470000
CVE-2013-4551;0.008030000;0.546410000
CVE-2013-4550;0.022240000;0.817270000
CVE-2013-4549;0.031050000;0.870250000
CVE-2013-4548;0.026700000;0.849130000
CVE-2013-4547;0.677180000;0.992730000
CVE-2013-4546;0.015380000;0.734440000
CVE-2013-4545;0.030760000;0.869140000
CVE-2013-4544;0.007180000;0.518390000
CVE-2013-4542;0.049500000;0.916700000
CVE-2013-4541;0.039750000;0.898900000
CVE-2013-4540;0.045540000;0.910550000
CVE-2013-4539;0.042550000;0.904920000
CVE-2013-4538;0.040560000;0.900700000
CVE-2013-4537;0.029270000;0.862880000
CVE-2013-4536;0.002980000;0.223310000
CVE-2013-4535;0.009570000;0.594970000
CVE-2013-4534;0.041240000;0.902220000
CVE-2013-4533;0.041240000;0.902220000
CVE-2013-4532;0.004650000;0.389850000
CVE-2013-4531;0.041240000;0.902220000
CVE-2013-4530;0.052300000;0.920440000
CVE-2013-4529;0.032800000;0.877300000
CVE-2013-4527;0.052610000;0.920760000
CVE-2013-4526;0.041400000;0.902620000
CVE-2013-4525;0.009980000;0.607990000
CVE-2013-4524;0.018380000;0.777510000
CVE-2013-4523;0.009980000;0.607980000
CVE-2013-4522;0.015380000;0.734340000
CVE-2013-4521;0.041410000;0.902630000
CVE-2013-4520;0.022900000;0.822420000
CVE-2013-4519;0.020150000;0.797900000
CVE-2013-4518;0.002580000;0.175720000
CVE-2013-4517;0.088630000;0.949080000
CVE-2013-4516;0.005340000;0.434660000
CVE-2013-4515;0.004460000;0.376670000
CVE-2013-4514;0.005870000;0.462450000
CVE-2013-4513;0.005070000;0.417530000
CVE-2013-4512;0.004760000;0.397910000
CVE-2013-4511;0.005960000;0.466440000
CVE-2013-4510;0.021730000;0.812870000
CVE-2013-4509;0.003410000;0.272600000
CVE-2013-4508;0.026260000;0.846310000
CVE-2013-4507;0.009310000;0.586880000
CVE-2013-4505;0.078580000;0.943510000
CVE-2013-4504;0.011850000;0.660470000
CVE-2013-4503;0.007290000;0.522380000
CVE-2013-4502;0.010940000;0.636210000
CVE-2013-4501;0.013540000;0.700190000
CVE-2013-4500;0.010550000;0.625030000
CVE-2013-4499;0.011480000;0.650050000
CVE-2013-4498;0.009460000;0.591730000
CVE-2013-4497;0.018230000;0.775610000
CVE-2013-4496;0.095770000;0.951840000
CVE-2013-4495;0.032660000;0.876840000
CVE-2013-4494;0.006700000;0.499970000
CVE-2013-4492;0.022310000;0.817800000
CVE-2013-4491;0.022330000;0.817890000
CVE-2013-4490;0.421390000;0.986130000
CVE-2013-4489;0.014110000;0.711510000
CVE-2013-4488;0.009660000;0.597540000
CVE-2013-4487;0.019200000;0.787460000
CVE-2013-4486;0.014980000;0.727790000
CVE-2013-4485;0.019920000;0.795310000
CVE-2013-4484;0.031750000;0.873080000
CVE-2013-4483;0.004890000;0.406470000
CVE-2013-4482;0.003780000;0.312530000
CVE-2013-4481;0.002480000;0.161430000
CVE-2013-4480;0.021340000;0.809550000
CVE-2013-4479;0.032390000;0.875750000
CVE-2013-4478;0.021380000;0.809890000
CVE-2013-4477;0.004470000;0.378110000
CVE-2013-4476;0.004350000;0.368500000
CVE-2013-4475;0.090170000;0.949720000
CVE-2013-4474;0.104830000;0.954860000
CVE-2013-4473;0.071260000;0.938880000
CVE-2013-4472;0.003670000;0.300710000
CVE-2013-4471;0.012040000;0.665020000
CVE-2013-4470;0.005890000;0.463390000
CVE-2013-4469;0.004420000;0.373610000
CVE-2013-4468;0.322860000;0.982230000
CVE-2013-4467;0.316190000;0.981860000
CVE-2013-4466;0.019780000;0.793590000
CVE-2013-4465;0.023760000;0.829080000
CVE-2013-4463;0.003720000;0.306150000
CVE-2013-4462;0.028120000;0.857250000
CVE-2013-4461;0.018910000;0.783970000
CVE-2013-4460;0.014950000;0.727130000
CVE-2013-4459;0.004380000;0.370780000
CVE-2013-4458;0.041540000;0.902860000
CVE-2013-4457;0.019970000;0.795760000
CVE-2013-4455;0.004560000;0.384360000
CVE-2013-4454;0.037340000;0.892030000
CVE-2013-4453;0.013550000;0.700340000
CVE-2013-4452;0.003640000;0.298270000
CVE-2013-4451;0.030790000;0.869250000
CVE-2013-4450;0.372200000;0.984360000
CVE-2013-4449;0.109130000;0.956140000
CVE-2013-4447;0.026880000;0.850210000
CVE-2013-4446;0.015300000;0.732920000
CVE-2013-4445;0.015690000;0.739360000
CVE-2013-4444;0.139900000;0.963340000
CVE-2013-4442;0.021660000;0.812270000
CVE-2013-4441;0.020240000;0.798840000
CVE-2013-4440;0.018450000;0.778250000
CVE-2013-4439;0.014860000;0.725570000
CVE-2013-4438;0.021160000;0.807940000
CVE-2013-4437;0.014580000;0.720340000
CVE-2013-4436;0.018240000;0.775680000
CVE-2013-4435;0.015150000;0.730600000
CVE-2013-4434;0.057490000;0.926360000
CVE-2013-4433;0.011900000;0.661670000
CVE-2013-4432;0.011120000;0.640930000
CVE-2013-4431;0.012650000;0.680700000
CVE-2013-4430;0.011800000;0.659240000
CVE-2013-4429;0.011120000;0.640930000
CVE-2013-4428;0.030820000;0.869430000
CVE-2013-4427;0.003470000;0.279630000
CVE-2013-4426;0.003870000;0.321770000
CVE-2013-4425;0.003500000;0.282810000
CVE-2013-4424;0.009850000;0.603870000
CVE-2013-4423;0.003080000;0.234000000
CVE-2013-4422;0.021100000;0.807510000
CVE-2013-4421;0.064240000;0.933040000
CVE-2013-4420;0.032770000;0.877150000
CVE-2013-4419;0.007540000;0.530620000
CVE-2013-4416;0.005460000;0.441470000
CVE-2013-4415;0.017320000;0.763260000
CVE-2013-4414;0.017950000;0.771720000
CVE-2013-4413;0.029580000;0.864180000
CVE-2013-4412;0.029340000;0.863190000
CVE-2013-4411;0.013530000;0.699980000
CVE-2013-4410;0.024170000;0.832160000
CVE-2013-4409;0.036490000;0.889540000
CVE-2013-4408;0.027480000;0.853650000
CVE-2013-4407;0.028770000;0.860520000
CVE-2013-4406;0.015130000;0.730420000
CVE-2013-4405;0.009860000;0.604210000
CVE-2013-4404;0.018850000;0.783340000
CVE-2013-4402;0.050300000;0.917770000
CVE-2013-4401;0.016890000;0.757430000
CVE-2013-4400;0.003520000;0.284570000
CVE-2013-4399;0.020840000;0.804890000
CVE-2013-4397;0.054850000;0.923170000
CVE-2013-4396;0.040770000;0.901150000
CVE-2013-4395;0.009860000;0.604160000
CVE-2013-4394;0.003340000;0.264620000
CVE-2013-4393;0.003870000;0.321870000
CVE-2013-4392;0.004680000;0.392110000
CVE-2013-4391;0.054430000;0.922690000
CVE-2013-4390;0.030560000;0.868470000
CVE-2013-4389;0.031350000;0.871520000
CVE-2013-4388;0.037820000;0.893370000
CVE-2013-4387;0.025780000;0.843220000
CVE-2013-4386;0.012430000;0.675400000
CVE-2013-4385;0.033880000;0.881140000
CVE-2013-4384;0.017920000;0.771410000
CVE-2013-4383;0.009310000;0.586610000
CVE-2013-4380;0.009410000;0.589970000
CVE-2013-4379;0.013580000;0.701100000
CVE-2013-4378;0.027550000;0.854050000
CVE-2013-4377;0.004600000;0.386460000
CVE-2013-4376;0.027480000;0.853640000
CVE-2013-4375;0.005850000;0.461660000
CVE-2013-4374;0.003090000;0.235910000
CVE-2013-4373;0.003050000;0.230550000
CVE-2013-4372;0.021640000;0.812060000
CVE-2013-4371;0.004020000;0.337480000
CVE-2013-4370;0.004290000;0.363150000
CVE-2013-4369;0.003430000;0.274860000
CVE-2013-4368;0.003670000;0.301590000
CVE-2013-4367;0.003230000;0.252530000
CVE-2013-4366;0.022000000;0.815290000
CVE-2013-4365;0.132460000;0.961560000
CVE-2013-4364;0.004140000;0.349270000
CVE-2013-4363;0.016900000;0.757640000
CVE-2013-4362;0.011680000;0.655780000
CVE-2013-4361;0.003950000;0.331240000
CVE-2013-4359;0.029850000;0.865360000
CVE-2013-4358;0.012760000;0.683010000
CVE-2013-4357;0.032250000;0.875240000
CVE-2013-4356;0.006110000;0.473580000
CVE-2013-4355;0.003100000;0.236400000
CVE-2013-4354;0.003380000;0.269450000
CVE-2013-4353;0.118510000;0.958520000
CVE-2013-4352;0.115340000;0.957770000
CVE-2013-4351;0.025180000;0.839320000
CVE-2013-4350;0.041440000;0.902680000
CVE-2013-4348;0.094080000;0.951190000
CVE-2013-4347;0.024500000;0.834650000
CVE-2013-4346;0.024290000;0.833140000
CVE-2013-4345;0.032090000;0.874540000
CVE-2013-4344;0.004340000;0.367750000
CVE-2013-4343;0.003550000;0.289240000
CVE-2013-4342;0.063910000;0.932680000
CVE-2013-4341;0.218620000;0.975040000
CVE-2013-4340;0.026300000;0.846540000
CVE-2013-4339;0.074930000;0.941290000
CVE-2013-4338;0.087490000;0.948520000
CVE-2013-4335;0.024590000;0.835290000
CVE-2013-4334;0.013560000;0.700530000
CVE-2013-4333;0.022260000;0.817340000
CVE-2013-4332;0.026070000;0.845140000
CVE-2013-4331;0.003680000;0.302430000
CVE-2013-4330;0.085230000;0.947270000
CVE-2013-4329;0.005310000;0.432750000
CVE-2013-4327;0.003010000;0.226290000
CVE-2013-4326;0.003740000;0.308580000
CVE-2013-4325;0.004190000;0.354400000
CVE-2013-4324;0.003840000;0.318950000
CVE-2013-4322;0.094580000;0.951370000
CVE-2013-4321;0.011180000;0.642700000
CVE-2013-4320;0.009830000;0.603450000
CVE-2013-4319;0.029150000;0.862330000
CVE-2013-4318;0.008100000;0.548710000
CVE-2013-4317;0.011730000;0.657220000
CVE-2013-4316;0.084010000;0.946540000
CVE-2013-4315;0.032080000;0.874500000
CVE-2013-4314;0.011970000;0.663400000
CVE-2013-4313;0.012060000;0.665720000
CVE-2013-4312;0.005950000;0.466160000
CVE-2013-4311;0.004040000;0.340550000
CVE-2013-4310;0.065230000;0.933860000
CVE-2013-4308;0.012850000;0.684850000
CVE-2013-4307;0.019540000;0.791200000
CVE-2013-4306;0.008970000;0.575970000
CVE-2013-4305;0.014990000;0.727920000
CVE-2013-4304;0.020750000;0.803960000
CVE-2013-4303;0.015270000;0.732470000
CVE-2013-4302;0.019920000;0.795270000
CVE-2013-4301;0.020840000;0.804890000
CVE-2013-4300;0.004220000;0.356730000
CVE-2013-4299;0.032880000;0.877720000
CVE-2013-4298;0.046880000;0.912620000
CVE-2013-4297;0.019700000;0.792700000
CVE-2013-4296;0.026780000;0.849630000
CVE-2013-4295;0.116940000;0.958150000
CVE-2013-4294;0.026960000;0.850690000
CVE-2013-4293;0.003380000;0.269030000
CVE-2013-4292;0.003390000;0.269920000
CVE-2013-4291;0.004870000;0.405370000
CVE-2013-4290;0.030170000;0.866770000
CVE-2013-4289;0.027610000;0.854430000
CVE-2013-4288;0.003450000;0.277150000
CVE-2013-4287;0.033430000;0.879680000
CVE-2013-4286;0.168330000;0.968620000
CVE-2013-4285;0.003210000;0.249730000
CVE-2013-4284;0.024000000;0.830880000
CVE-2013-4283;0.024270000;0.832920000
CVE-2013-4282;0.027300000;0.852510000
CVE-2013-4281;0.002040000;0.105820000
CVE-2013-4280;0.004220000;0.356620000
CVE-2013-4279;0.018030000;0.772760000
CVE-2013-4278;0.015090000;0.729770000
CVE-2013-4277;0.006880000;0.507630000
CVE-2013-4276;0.035020000;0.885060000
CVE-2013-4275;0.010370000;0.619910000
CVE-2013-4274;0.009730000;0.600280000
CVE-2013-4273;0.010820000;0.632620000
CVE-2013-4272;0.010310000;0.618000000
CVE-2013-4271;0.028560000;0.859470000
CVE-2013-4270;0.005470000;0.441840000
CVE-2013-4267;0.041210000;0.902140000
CVE-2013-4265;0.024970000;0.837730000
CVE-2013-4264;0.021830000;0.813640000
CVE-2013-4263;0.013290000;0.694360000
CVE-2013-4262;0.006130000;0.474750000
CVE-2013-4261;0.017380000;0.764150000
CVE-2013-4260;0.003320000;0.262140000
CVE-2013-4259;0.003420000;0.273490000
CVE-2013-4258;0.040800000;0.901260000
CVE-2013-4256;0.007020000;0.512790000
CVE-2013-4255;0.016400000;0.750260000
CVE-2013-4254;0.004250000;0.359790000
CVE-2013-4253;0.006260000;0.480860000
CVE-2013-4251;0.004310000;0.364410000
CVE-2013-4250;0.011510000;0.651030000
CVE-2013-4249;0.029030000;0.861800000
CVE-2013-4248;0.035880000;0.887530000
CVE-2013-4247;0.036440000;0.889360000
CVE-2013-4246;0.028240000;0.857930000
CVE-2013-4245;0.005060000;0.416830000
CVE-2013-4244;0.026990000;0.850820000
CVE-2013-4243;0.071650000;0.939200000
CVE-2013-4242;0.005330000;0.434420000
CVE-2013-4241;0.036630000;0.890000000
CVE-2013-4240;0.028280000;0.858130000
CVE-2013-4239;0.019700000;0.792700000
CVE-2013-4238;0.053470000;0.921680000
CVE-2013-4237;0.038320000;0.894930000
CVE-2013-4236;0.005570000;0.447590000
CVE-2013-4235;0.003050000;0.231300000
CVE-2013-4234;0.043520000;0.906730000
CVE-2013-4233;0.040830000;0.901320000
CVE-2013-4232;0.050190000;0.917640000
CVE-2013-4231;0.073990000;0.940760000
CVE-2013-4230;0.012070000;0.665830000
CVE-2013-4229;0.010990000;0.637540000
CVE-2013-4228;0.011570000;0.652540000
CVE-2013-4227;0.007610000;0.533090000
CVE-2013-4226;0.016260000;0.747990000
CVE-2013-4225;0.020540000;0.801900000
CVE-2013-4223;0.013350000;0.695950000
CVE-2013-4222;0.018920000;0.784250000
CVE-2013-4221;0.029470000;0.863810000
CVE-2013-4220;0.004950000;0.410230000
CVE-2013-4219;0.025490000;0.841290000
CVE-2013-4218;0.003120000;0.239930000
CVE-2013-4217;0.003590000;0.293400000
CVE-2013-4216;0.003310000;0.260940000
CVE-2013-4215;0.003340000;0.265130000
CVE-2013-4214;0.003550000;0.288350000
CVE-2013-4213;0.024730000;0.836160000
CVE-2013-4212;0.810680000;0.996090000
CVE-2013-4211;0.706530000;0.993550000
CVE-2013-4210;0.026720000;0.849180000
CVE-2013-4209;0.003080000;0.234740000
CVE-2013-4208;0.003920000;0.327080000
CVE-2013-4207;0.018420000;0.777970000
CVE-2013-4206;0.024950000;0.837620000
CVE-2013-4205;0.004520000;0.381150000
CVE-2013-4204;0.010570000;0.625340000
CVE-2013-4203;0.020750000;0.803920000
CVE-2013-4202;0.026260000;0.846280000
CVE-2013-4201;0.007530000;0.530280000
CVE-2013-4200;0.022860000;0.822000000
CVE-2013-4199;0.010770000;0.631170000
CVE-2013-4198;0.011180000;0.642510000
CVE-2013-4197;0.012570000;0.678650000
CVE-2013-4196;0.013820000;0.705990000
CVE-2013-4195;0.011920000;0.662130000
CVE-2013-4194;0.012160000;0.668520000
CVE-2013-4193;0.011920000;0.662120000
CVE-2013-4192;0.010960000;0.636800000
CVE-2013-4191;0.011920000;0.662130000
CVE-2013-4190;0.018090000;0.773650000
CVE-2013-4189;0.012570000;0.678650000
CVE-2013-4188;0.013480000;0.698760000
CVE-2013-4187;0.014510000;0.718870000
CVE-2013-4185;0.021050000;0.806930000
CVE-2013-4184;0.005040000;0.416070000
CVE-2013-4183;0.004060000;0.342000000
CVE-2013-4182;0.023950000;0.830510000
CVE-2013-4181;0.014120000;0.711770000
CVE-2013-4180;0.024130000;0.831870000
CVE-2013-4179;0.027250000;0.852240000
CVE-2013-4178;0.012980000;0.687530000
CVE-2013-4177;0.014110000;0.711560000
CVE-2013-4176;0.004310000;0.364120000
CVE-2013-4175;0.004430000;0.374720000
CVE-2013-4174;0.014250000;0.714240000
CVE-2013-4173;0.028290000;0.858210000
CVE-2013-4172;0.012550000;0.678050000
CVE-2013-4171;0.029690000;0.864680000
CVE-2013-4170;0.008930000;0.574640000
CVE-2013-4169;0.003710000;0.305190000
CVE-2013-4168;0.010690000;0.629040000
CVE-2013-4167;0.011610000;0.653680000
CVE-2013-4166;0.018900000;0.783910000
CVE-2013-4165;0.022780000;0.821410000
CVE-2013-4164;0.349680000;0.983410000
CVE-2013-4163;0.005240000;0.429120000
CVE-2013-4162;0.004040000;0.340170000
CVE-2013-4161;0.003590000;0.293050000
CVE-2013-4160;0.028090000;0.857130000
CVE-2013-4159;0.023710000;0.828720000
CVE-2013-4158;0.012460000;0.676080000
CVE-2013-4157;0.003840000;0.318740000
CVE-2013-4156;0.039410000;0.898010000
CVE-2013-4155;0.016750000;0.755260000
CVE-2013-4154;0.022020000;0.815440000
CVE-2013-4153;0.016760000;0.755470000
CVE-2013-4152;0.255290000;0.978300000
CVE-2013-4151;0.051300000;0.919130000
CVE-2013-4150;0.049500000;0.916700000
CVE-2013-4149;0.052610000;0.920770000
CVE-2013-4148;0.049440000;0.916570000
CVE-2013-4147;0.036900000;0.890710000
CVE-2013-4144;0.010040000;0.610010000
CVE-2013-4143;0.003970000;0.332850000
CVE-2013-4140;0.010890000;0.634570000
CVE-2013-4139;0.015530000;0.737030000
CVE-2013-4138;0.009310000;0.586610000
CVE-2013-4137;0.011300000;0.645710000
CVE-2013-4136;0.003290000;0.259030000
CVE-2013-4135;0.018550000;0.779690000
CVE-2013-4134;0.007610000;0.533080000
CVE-2013-4133;0.027610000;0.854420000
CVE-2013-4132;0.024130000;0.831870000
CVE-2013-4131;0.043830000;0.907360000
CVE-2013-4130;0.026290000;0.846490000
CVE-2013-4129;0.004540000;0.382930000
CVE-2013-4128;0.024410000;0.833820000
CVE-2013-4127;0.004520000;0.381650000
CVE-2013-4125;0.046720000;0.912390000
CVE-2013-4124;0.690080000;0.993090000
CVE-2013-4123;0.804510000;0.995970000
CVE-2013-4122;0.035890000;0.887590000
CVE-2013-4120;0.013040000;0.688900000
CVE-2013-4119;0.043270000;0.906250000
CVE-2013-4118;0.035870000;0.887500000
CVE-2013-4117;0.129740000;0.960950000
CVE-2013-4116;0.003720000;0.306930000
CVE-2013-4115;0.432610000;0.986480000
CVE-2013-4114;0.024000000;0.830840000
CVE-2013-4113;0.051860000;0.919850000
CVE-2013-4112;0.016070000;0.745030000
CVE-2013-4111;0.009940000;0.606610000
CVE-2013-4110;0.019970000;0.795790000
CVE-2013-4109;0.017080000;0.760200000
CVE-2013-4108;0.015430000;0.735330000
CVE-2013-4107;0.011100000;0.640540000
CVE-2013-4106;0.014730000;0.723290000
CVE-2013-4105;0.011260000;0.644680000
CVE-2013-4104;0.007610000;0.533120000
CVE-2013-4103;0.068700000;0.936700000
CVE-2013-4102;0.019700000;0.792790000
CVE-2013-4101;0.013600000;0.701440000
CVE-2013-4100;0.023570000;0.827900000
CVE-2013-4099;0.031060000;0.870270000
CVE-2013-4098;0.043570000;0.906820000
CVE-2013-4097;0.073040000;0.940150000
CVE-2013-4096;0.090990000;0.950020000
CVE-2013-4095;0.058850000;0.927950000
CVE-2013-4094;0.056290000;0.925050000
CVE-2013-4093;0.068830000;0.936820000
CVE-2013-4092;0.048650000;0.915340000
CVE-2013-4091;0.055940000;0.924560000
CVE-2013-4090;0.012660000;0.680860000
CVE-2013-4088;0.023660000;0.828440000
CVE-2013-4083;0.032790000;0.877190000
CVE-2013-4082;0.046250000;0.911690000
CVE-2013-4081;0.032980000;0.878080000
CVE-2013-4080;0.029500000;0.863900000
CVE-2013-4079;0.029500000;0.863900000
CVE-2013-4078;0.034020000;0.881680000
CVE-2013-4077;0.029500000;0.863900000
CVE-2013-4076;0.035770000;0.887210000
CVE-2013-4075;0.032080000;0.874510000
CVE-2013-4074;0.606430000;0.990940000
CVE-2013-4073;0.027670000;0.854830000
CVE-2013-4070;0.013540000;0.700130000
CVE-2013-4069;0.014580000;0.720380000
CVE-2013-4068;0.039800000;0.899010000
CVE-2013-4067;0.011680000;0.655660000
CVE-2013-4066;0.011680000;0.655640000
CVE-2013-4065;0.008950000;0.575360000
CVE-2013-4064;0.007290000;0.522380000
CVE-2013-4063;0.009310000;0.586770000
CVE-2013-4062;0.005780000;0.457900000
CVE-2013-4061;0.008840000;0.571830000
CVE-2013-4059;0.012840000;0.684510000
CVE-2013-4058;0.011500000;0.650760000
CVE-2013-4057;0.006950000;0.509900000
CVE-2013-4056;0.005700000;0.453860000
CVE-2013-4055;0.007590000;0.532330000
CVE-2013-4054;0.022690000;0.820640000
CVE-2013-4053;0.012560000;0.678340000
CVE-2013-4052;0.018120000;0.774130000
CVE-2013-4051;0.007590000;0.532340000
CVE-2013-4050;0.006610000;0.496770000
CVE-2013-4049;0.022140000;0.816410000
CVE-2013-4048;0.007590000;0.532340000
CVE-2013-4047;0.009310000;0.586760000
CVE-2013-4046;0.011680000;0.655660000
CVE-2013-4045;0.011480000;0.650190000
CVE-2013-4044;0.010820000;0.632620000
CVE-2013-4043;0.013540000;0.700150000
CVE-2013-4042;0.041740000;0.903270000
CVE-2013-4041;0.028120000;0.857300000
CVE-2013-4040;0.003470000;0.279820000
CVE-2013-4039;0.019010000;0.785210000
CVE-2013-4038;0.007910000;0.542590000
CVE-2013-4037;0.009550000;0.594230000
CVE-2013-4036;0.007590000;0.532330000
CVE-2013-4035;0.004730000;0.395650000
CVE-2013-4034;0.055550000;0.923980000
CVE-2013-4033;0.017460000;0.765160000
CVE-2013-4032;0.023740000;0.828990000
CVE-2013-4031;0.020440000;0.800770000
CVE-2013-4030;0.009470000;0.591890000
CVE-2013-4027;0.012410000;0.674820000
CVE-2013-4025;0.004790000;0.400200000
CVE-2013-4024;0.010660000;0.628550000
CVE-2013-4022;0.009220000;0.583450000
CVE-2013-4021;0.012450000;0.675770000
CVE-2013-4020;0.011150000;0.641900000
CVE-2013-4019;0.009460000;0.591540000
CVE-2013-4018;0.010670000;0.628690000
CVE-2013-4017;0.010400000;0.620670000
CVE-2013-4016;0.010290000;0.617440000
CVE-2013-4015;0.028150000;0.857490000
CVE-2013-4014;0.011610000;0.653760000
CVE-2013-4013;0.013690000;0.703190000
CVE-2013-4012;0.010550000;0.625020000
CVE-2013-4011;0.028460000;0.859050000
CVE-2013-4007;0.007650000;0.534380000
CVE-2013-4006;0.013130000;0.690830000
CVE-2013-4005;0.014490000;0.718460000
CVE-2013-4004;0.014490000;0.718460000
CVE-2013-4003;0.009360000;0.588240000
CVE-2013-4002;0.247380000;0.977670000
CVE-2013-4001;0.009760000;0.601600000
CVE-2013-4000;0.005700000;0.453860000
CVE-2013-3999;0.011480000;0.650130000
CVE-2013-3998;0.007720000;0.536440000
CVE-2013-3997;0.009510000;0.593240000
CVE-2013-3996;0.011670000;0.655480000
CVE-2013-3995;0.009460000;0.591510000
CVE-2013-3993;0.052360000;0.920490000
CVE-2013-3992;0.005790000;0.458390000
CVE-2013-3990;0.011580000;0.652810000
CVE-2013-3989;0.008320000;0.555550000
CVE-2013-3988;0.011600000;0.653260000
CVE-2013-3986;0.092790000;0.950720000
CVE-2013-3985;0.005320000;0.434050000
CVE-2013-3984;0.006740000;0.501600000
CVE-2013-3983;0.010960000;0.636790000
CVE-2013-3982;0.131510000;0.961390000
CVE-2013-3981;0.016670000;0.754150000
CVE-2013-3980;0.017310000;0.763180000
CVE-2013-3979;0.009460000;0.591510000
CVE-2013-3978;0.011730000;0.657130000
CVE-2013-3977;0.090480000;0.949810000
CVE-2013-3976;0.009460000;0.591720000
CVE-2013-3975;0.131510000;0.961390000
CVE-2013-3973;0.010400000;0.620660000
CVE-2013-3972;0.010940000;0.636220000
CVE-2013-3971;0.011150000;0.641900000
CVE-2013-3970;0.004880000;0.405860000
CVE-2013-3969;0.101120000;0.953710000
CVE-2013-3964;0.034340000;0.882710000
CVE-2013-3963;0.009250000;0.584660000
CVE-2013-3962;0.009310000;0.586950000
CVE-2013-3961;0.022960000;0.822910000
CVE-2013-3960;0.015950000;0.743270000
CVE-2013-3959;0.013320000;0.695190000
CVE-2013-3958;0.019340000;0.789000000
CVE-2013-3957;0.017840000;0.770280000
CVE-2013-3956;0.077990000;0.943160000
CVE-2013-3955;0.004200000;0.355330000
CVE-2013-3954;0.004160000;0.351250000
CVE-2013-3953;0.004550000;0.383380000
CVE-2013-3952;0.003760000;0.310290000
CVE-2013-3951;0.004550000;0.383470000
CVE-2013-3950;0.018650000;0.781010000
CVE-2013-3949;0.004940000;0.409470000
CVE-2013-3948;0.017950000;0.771730000
CVE-2013-3947;0.004790000;0.400180000
CVE-2013-3946;0.024880000;0.837100000
CVE-2013-3945;0.020710000;0.803580000
CVE-2013-3944;0.275000000;0.979550000
CVE-2013-3943;0.009440000;0.590750000
CVE-2013-3942;0.014150000;0.712270000
CVE-2013-3941;0.027570000;0.854210000
CVE-2013-3940;0.344520000;0.983200000
CVE-2013-3939;0.017260000;0.762430000
CVE-2013-3938;0.034980000;0.884940000
CVE-2013-3937;0.017450000;0.765050000
CVE-2013-3936;0.007720000;0.536660000
CVE-2013-3935;0.005420000;0.439360000
CVE-2013-3934;0.097510000;0.952460000
CVE-2013-3933;0.011480000;0.650030000
CVE-2013-3932;0.017580000;0.766950000
CVE-2013-3931;0.009710000;0.599700000
CVE-2013-3930;0.030200000;0.866870000
CVE-2013-3929;0.006950000;0.510190000
CVE-2013-3928;0.373280000;0.984400000
CVE-2013-3927;0.003620000;0.295900000
CVE-2013-3926;0.019370000;0.789380000
CVE-2013-3925;0.017580000;0.766930000
CVE-2013-3923;0.018590000;0.780190000
CVE-2013-3922;0.025210000;0.839500000
CVE-2013-3921;0.018590000;0.780200000
CVE-2013-3920;0.007820000;0.539600000
CVE-2013-3919;0.051100000;0.918900000
CVE-2013-3918;0.738720000;0.994480000
CVE-2013-3917;0.178080000;0.969920000
CVE-2013-3916;0.178080000;0.969920000
CVE-2013-3915;0.192460000;0.971750000
CVE-2013-3914;0.192460000;0.971750000
CVE-2013-3912;0.190910000;0.971540000
CVE-2013-3911;0.190910000;0.971540000
CVE-2013-3910;0.192460000;0.971750000
CVE-2013-3909;0.163950000;0.967900000
CVE-2013-3908;0.363000000;0.983910000
CVE-2013-3907;0.017720000;0.768860000
CVE-2013-3906;0.849710000;0.996980000
CVE-2013-3905;0.118570000;0.958540000
CVE-2013-3903;0.020030000;0.796410000
CVE-2013-3902;0.020360000;0.799930000
CVE-2013-3900;0.446470000;0.986950000
CVE-2013-3899;0.022570000;0.819800000
CVE-2013-3898;0.017520000;0.766240000
CVE-2013-3897;0.774620000;0.995300000
CVE-2013-3896;0.696100000;0.993230000
CVE-2013-3895;0.296400000;0.980850000
CVE-2013-3894;0.431010000;0.986430000
CVE-2013-3893;0.859300000;0.997160000
CVE-2013-3892;0.201840000;0.973110000
CVE-2013-3891;0.186820000;0.971010000
CVE-2013-3890;0.200220000;0.972870000
CVE-2013-3889;0.273990000;0.979470000
CVE-2013-3888;0.010330000;0.618330000
CVE-2013-3887;0.027200000;0.852000000
CVE-2013-3886;0.201350000;0.973020000
CVE-2013-3885;0.201350000;0.973020000
CVE-2013-3882;0.201350000;0.973030000
CVE-2013-3881;0.148350000;0.964900000
CVE-2013-3880;0.129160000;0.960820000
CVE-2013-3879;0.018060000;0.773280000
CVE-2013-3878;0.017430000;0.764760000
CVE-2013-3876;0.052180000;0.920340000
CVE-2013-3875;0.201350000;0.973020000
CVE-2013-3874;0.201350000;0.973030000
CVE-2013-3873;0.201350000;0.973030000
CVE-2013-3872;0.210480000;0.974340000
CVE-2013-3871;0.212350000;0.974510000
CVE-2013-3870;0.186420000;0.970950000
CVE-2013-3869;0.179770000;0.970130000
CVE-2013-3868;0.371180000;0.984320000
CVE-2013-3866;0.018060000;0.773280000
CVE-2013-3865;0.016540000;0.752200000
CVE-2013-3864;0.016540000;0.752210000
CVE-2013-3863;0.215330000;0.974770000
CVE-2013-3862;0.016510000;0.751730000
CVE-2013-3861;0.824440000;0.996430000
CVE-2013-3860;0.306120000;0.981360000
CVE-2013-3859;0.016510000;0.751720000
CVE-2013-3858;0.210330000;0.974290000
CVE-2013-3857;0.210330000;0.974290000
CVE-2013-3856;0.201450000;0.973060000
CVE-2013-3855;0.201450000;0.973050000
CVE-2013-3854;0.201450000;0.973060000
CVE-2013-3853;0.201450000;0.973050000
CVE-2013-3852;0.200430000;0.972900000
CVE-2013-3851;0.201450000;0.973050000
CVE-2013-3850;0.200430000;0.972890000
CVE-2013-3849;0.210330000;0.974290000
CVE-2013-3848;0.211390000;0.974410000
CVE-2013-3847;0.209710000;0.974210000
CVE-2013-3846;0.219740000;0.975170000
CVE-2013-3845;0.193450000;0.971920000
CVE-2013-3843;0.201790000;0.973100000
CVE-2013-3842;0.003120000;0.239940000
CVE-2013-3841;0.012340000;0.673090000
CVE-2013-3840;0.009680000;0.598880000
CVE-2013-3839;0.030900000;0.869690000
CVE-2013-3838;0.002750000;0.198120000
CVE-2013-3837;0.015860000;0.741910000
CVE-2013-3836;0.008710000;0.567890000
CVE-2013-3835;0.012340000;0.673080000
CVE-2013-3834;0.012810000;0.684040000
CVE-2013-3833;0.010220000;0.615330000
CVE-2013-3832;0.008710000;0.567910000
CVE-2013-3831;0.009500000;0.592910000
CVE-2013-3830;0.024680000;0.835810000
CVE-2013-3829;0.039320000;0.897780000
CVE-2013-3828;0.017330000;0.763480000
CVE-2013-3827;0.324410000;0.982330000
CVE-2013-3826;0.014080000;0.711090000
CVE-2013-3825;0.012300000;0.672320000
CVE-2013-3824;0.012210000;0.669930000
CVE-2013-3823;0.011360000;0.647040000
CVE-2013-3822;0.013800000;0.705490000
CVE-2013-3821;0.068970000;0.936950000
CVE-2013-3820;0.016590000;0.752990000
CVE-2013-3819;0.016590000;0.752980000
CVE-2013-3818;0.012480000;0.676610000
CVE-2013-3816;0.011130000;0.641200000
CVE-2013-3814;0.009610000;0.596310000
CVE-2013-3813;0.011820000;0.659810000
CVE-2013-3812;0.027640000;0.854660000
CVE-2013-3811;0.015060000;0.729120000
CVE-2013-3810;0.015060000;0.729130000
CVE-2013-3809;0.026480000;0.847600000
CVE-2013-3808;0.028270000;0.858080000
CVE-2013-3807;0.016590000;0.752970000
CVE-2013-3806;0.017690000;0.768560000
CVE-2013-3805;0.023750000;0.829020000
CVE-2013-3804;0.029830000;0.865310000
CVE-2013-3803;0.064290000;0.933070000
CVE-2013-3802;0.032450000;0.875990000
CVE-2013-3801;0.037880000;0.893570000
CVE-2013-3800;0.021290000;0.809040000
CVE-2013-3799;0.003890000;0.324620000
CVE-2013-3798;0.017820000;0.770110000
CVE-2013-3797;0.003540000;0.287100000
CVE-2013-3796;0.017690000;0.768550000
CVE-2013-3795;0.016620000;0.753450000
CVE-2013-3794;0.027110000;0.851470000
CVE-2013-3793;0.030900000;0.869700000
CVE-2013-3792;0.005680000;0.452990000
CVE-2013-3791;0.013950000;0.708560000
CVE-2013-3790;0.010760000;0.631010000
CVE-2013-3789;0.019360000;0.789200000
CVE-2013-3788;0.013510000;0.699480000
CVE-2013-3787;0.024860000;0.836980000
CVE-2013-3786;0.003140000;0.241720000
CVE-2013-3785;0.009680000;0.598880000
CVE-2013-3784;0.011050000;0.639030000
CVE-2013-3783;0.030900000;0.869690000
CVE-2013-3782;0.013510000;0.699480000
CVE-2013-3781;0.013850000;0.706500000
CVE-2013-3780;0.011130000;0.641210000
CVE-2013-3779;0.015810000;0.741290000
CVE-2013-3778;0.013510000;0.699460000
CVE-2013-3777;0.013800000;0.705490000
CVE-2013-3776;0.017320000;0.763370000
CVE-2013-3775;0.013510000;0.699480000
CVE-2013-3774;0.028090000;0.857100000
CVE-2013-3773;0.016250000;0.747880000
CVE-2013-3772;0.013800000;0.705500000
CVE-2013-3771;0.004190000;0.354150000
CVE-2013-3770;0.011420000;0.648470000
CVE-2013-3769;0.013800000;0.705500000
CVE-2013-3768;0.012480000;0.676620000
CVE-2013-3767;0.020540000;0.801890000
CVE-2013-3766;0.008710000;0.567910000
CVE-2013-3765;0.003910000;0.326420000
CVE-2013-3764;0.010090000;0.611270000
CVE-2013-3763;0.598400000;0.990770000
CVE-2013-3762;0.009850000;0.604010000
CVE-2013-3761;0.012220000;0.670180000
CVE-2013-3760;0.003850000;0.320350000
CVE-2013-3759;0.012220000;0.670170000
CVE-2013-3758;0.012150000;0.668460000
CVE-2013-3757;0.029240000;0.862740000
CVE-2013-3756;0.018010000;0.772520000
CVE-2013-3755;0.013510000;0.699470000
CVE-2013-3754;0.003760000;0.310450000
CVE-2013-3753;0.027570000;0.854210000
CVE-2013-3752;0.018430000;0.778040000
CVE-2013-3751;0.036720000;0.890230000
CVE-2013-3750;0.004130000;0.347760000
CVE-2013-3749;0.019550000;0.791350000
CVE-2013-3748;0.027570000;0.854210000
CVE-2013-3747;0.011130000;0.641210000
CVE-2013-3746;0.004120000;0.347220000
CVE-2013-3745;0.003500000;0.282590000
CVE-2013-3744;0.045520000;0.910480000
CVE-2013-3743;0.060830000;0.929960000
CVE-2013-3742;0.011490000;0.650550000
CVE-2013-3739;0.036790000;0.890400000
CVE-2013-3738;0.031250000;0.871160000
CVE-2013-3737;0.014450000;0.717700000
CVE-2013-3736;0.011610000;0.653700000
CVE-2013-3735;0.028320000;0.858390000
CVE-2013-3734;0.015790000;0.740890000
CVE-2013-3729;0.012190000;0.669490000
CVE-2013-3728;0.029760000;0.864970000
CVE-2013-3727;0.028530000;0.859390000
CVE-2013-3725;0.018270000;0.776130000
CVE-2013-3724;0.137260000;0.962820000
CVE-2013-3722;0.011060000;0.639360000
CVE-2013-3721;0.022240000;0.817210000
CVE-2013-3720;0.015510000;0.736710000
CVE-2013-3719;0.013510000;0.699270000
CVE-2013-3718;0.011440000;0.648860000
CVE-2013-3713;0.003650000;0.299550000
CVE-2013-3712;0.013660000;0.702610000
CVE-2013-3710;0.013030000;0.688800000
CVE-2013-3709;0.004810000;0.401210000
CVE-2013-3708;0.012510000;0.677330000
CVE-2013-3707;0.015820000;0.741330000
CVE-2013-3706;0.076150000;0.942060000
CVE-2013-3705;0.003450000;0.277200000
CVE-2013-3704;0.015330000;0.733540000
CVE-2013-3703;0.009270000;0.585190000
CVE-2013-3697;0.004910000;0.407750000
CVE-2013-3694;0.009140000;0.581080000
CVE-2013-3693;0.009640000;0.597100000
CVE-2013-3692;0.003530000;0.286210000
CVE-2013-3691;0.039030000;0.896750000
CVE-2013-3690;0.123810000;0.959660000
CVE-2013-3689;0.014820000;0.724850000
CVE-2013-3688;0.012750000;0.682730000
CVE-2013-3687;0.025380000;0.840660000
CVE-2013-3686;0.275670000;0.979590000
CVE-2013-3685;0.003730000;0.307590000
CVE-2013-3684;0.192310000;0.971730000
CVE-2013-3678;0.036410000;0.889280000
CVE-2013-3675;0.020630000;0.802800000
CVE-2013-3674;0.019620000;0.791950000
CVE-2013-3673;0.020540000;0.801870000
CVE-2013-3672;0.013570000;0.700910000
CVE-2013-3671;0.013570000;0.700910000
CVE-2013-3670;0.013570000;0.700910000
CVE-2013-3667;0.018140000;0.774370000
CVE-2013-3666;0.001990000;0.098240000
CVE-2013-3665;0.026650000;0.848720000
CVE-2013-3664;0.297780000;0.980910000
CVE-2013-3663;0.318640000;0.981980000
CVE-2013-3662;0.318640000;0.981980000
CVE-2013-3661;0.038520000;0.895440000
CVE-2013-3660;0.395780000;0.985290000
CVE-2013-3659;0.007320000;0.523260000
CVE-2013-3658;0.036870000;0.890590000
CVE-2013-3657;0.030920000;0.869810000
CVE-2013-3656;0.019690000;0.792650000
CVE-2013-3655;0.018880000;0.783630000
CVE-2013-3654;0.018620000;0.780600000
CVE-2013-3653;0.017920000;0.771440000
CVE-2013-3652;0.059320000;0.928380000
CVE-2013-3651;0.042850000;0.905510000
CVE-2013-3650;0.018620000;0.780600000
CVE-2013-3649;0.011480000;0.650080000
CVE-2013-3648;0.011480000;0.650210000
CVE-2013-3647;0.010850000;0.633440000
CVE-2013-3646;0.019860000;0.794510000
CVE-2013-3645;0.011480000;0.650210000
CVE-2013-3644;0.041740000;0.903270000
CVE-2013-3643;0.008930000;0.574650000
CVE-2013-3642;0.008930000;0.574660000
CVE-2013-3641;0.005820000;0.459830000
CVE-2013-3640;0.009310000;0.586800000
CVE-2013-3639;0.032170000;0.874920000
CVE-2013-3638;0.014100000;0.711310000
CVE-2013-3637;0.005900000;0.463900000
CVE-2013-3636;0.010170000;0.613730000
CVE-2013-3635;0.005900000;0.463900000
CVE-2013-3634;0.014450000;0.717700000
CVE-2013-3633;0.011970000;0.663300000
CVE-2013-3632;0.571120000;0.990130000
CVE-2013-3631;0.137290000;0.962830000
CVE-2013-3630;0.425660000;0.986280000
CVE-2013-3629;0.431030000;0.986430000
CVE-2013-3628;0.674630000;0.992640000
CVE-2013-3627;0.019910000;0.795080000
CVE-2013-3626;0.027780000;0.855620000
CVE-2013-3625;0.007720000;0.536480000
CVE-2013-3624;0.015910000;0.742660000
CVE-2013-3623;0.723750000;0.994030000
CVE-2013-3622;0.054130000;0.922380000
CVE-2013-3620;0.036300000;0.888780000
CVE-2013-3619;0.096880000;0.952210000
CVE-2013-3617;0.210740000;0.974350000
CVE-2013-3616;0.010120000;0.612390000
CVE-2013-3615;0.076550000;0.942350000
CVE-2013-3614;0.070090000;0.937910000
CVE-2013-3613;0.066610000;0.934980000
CVE-2013-3612;0.102980000;0.954250000
CVE-2013-3610;0.007060000;0.514050000
CVE-2013-3609;0.053110000;0.921310000
CVE-2013-3608;0.064130000;0.932910000
CVE-2013-3607;0.097310000;0.952380000
CVE-2013-3606;0.014980000;0.727820000
CVE-2013-3605;0.006190000;0.477610000
CVE-2013-3604;0.010120000;0.612390000
CVE-2013-3603;0.010120000;0.612390000
CVE-2013-3602;0.012600000;0.679400000
CVE-2013-3601;0.010270000;0.616750000
CVE-2013-3600;0.015420000;0.735150000
CVE-2013-3599;0.019300000;0.788510000
CVE-2013-3598;0.021710000;0.812650000
CVE-2013-3597;0.084780000;0.947030000
CVE-2013-3596;0.010330000;0.618880000
CVE-2013-3595;0.017550000;0.766600000
CVE-2013-3594;0.039080000;0.896870000
CVE-2013-3593;0.023880000;0.829990000
CVE-2013-3591;0.431030000;0.986430000
CVE-2013-3590;0.026810000;0.849790000
CVE-2013-3589;0.016340000;0.749360000
CVE-2013-3588;0.021890000;0.814100000
CVE-2013-3587;0.060490000;0.929530000
CVE-2013-3586;0.111510000;0.956890000
CVE-2013-3585;0.235400000;0.976650000
CVE-2013-3584;0.010120000;0.612370000
CVE-2013-3583;0.006190000;0.477620000
CVE-2013-3582;0.025890000;0.843910000
CVE-2013-3581;0.014530000;0.719400000
CVE-2013-3580;0.012730000;0.682310000
CVE-2013-3579;0.009750000;0.601250000
CVE-2013-3578;0.024630000;0.835520000
CVE-2013-3577;0.012600000;0.679410000
CVE-2013-3576;0.665920000;0.992410000
CVE-2013-3575;0.038440000;0.895260000
CVE-2013-3574;0.049100000;0.916040000
CVE-2013-3573;0.042800000;0.905420000
CVE-2013-3572;0.016470000;0.751240000
CVE-2013-3571;0.020610000;0.802590000
CVE-2013-3568;0.251290000;0.978030000
CVE-2013-3567;0.034080000;0.881850000
CVE-2013-3565;0.015830000;0.741500000
CVE-2013-3564;0.011120000;0.640890000
CVE-2013-3563;0.494880000;0.988210000
CVE-2013-3562;0.031490000;0.872060000
CVE-2013-3561;0.023830000;0.829550000
CVE-2013-3560;0.024030000;0.831050000
CVE-2013-3559;0.033200000;0.878860000
CVE-2013-3558;0.021020000;0.806760000
CVE-2013-3557;0.033200000;0.878850000
CVE-2013-3556;0.028780000;0.860550000
CVE-2013-3555;0.024030000;0.831040000
CVE-2013-3553;0.023910000;0.830230000
CVE-2013-3552;0.027520000;0.853800000
CVE-2013-3551;0.015770000;0.740690000
CVE-2013-3543;0.041320000;0.902460000
CVE-2013-3542;0.026020000;0.844750000
CVE-2013-3541;0.089330000;0.949370000
CVE-2013-3540;0.009720000;0.600220000
CVE-2013-3539;0.087560000;0.948550000
CVE-2013-3538;0.032470000;0.876080000
CVE-2013-3537;0.022240000;0.817210000
CVE-2013-3536;0.022370000;0.818300000
CVE-2013-3535;0.041790000;0.903370000
CVE-2013-3534;0.011610000;0.653580000
CVE-2013-3533;0.013000000;0.688300000
CVE-2013-3532;0.053950000;0.922190000
CVE-2013-3531;0.022240000;0.817210000
CVE-2013-3530;0.046440000;0.911960000
CVE-2013-3529;0.045750000;0.910870000
CVE-2013-3528;0.056670000;0.925430000
CVE-2013-3527;0.035110000;0.885320000
CVE-2013-3526;0.139390000;0.963250000
CVE-2013-3525;0.028070000;0.857010000
CVE-2013-3524;0.025670000;0.842500000
CVE-2013-3523;0.015520000;0.736940000
CVE-2013-3522;0.270840000;0.979300000
CVE-2013-3520;0.556400000;0.989780000
CVE-2013-3519;0.005060000;0.417130000
CVE-2013-3517;0.005550000;0.446440000
CVE-2013-3516;0.007020000;0.512810000
CVE-2013-3515;0.042260000;0.904370000
CVE-2013-3514;0.033270000;0.879100000
CVE-2013-3513;0.007190000;0.518650000
CVE-2013-3512;0.015210000;0.731510000
CVE-2013-3511;0.013410000;0.697230000
CVE-2013-3510;0.012710000;0.681870000
CVE-2013-3509;0.019000000;0.785020000
CVE-2013-3508;0.019690000;0.792690000
CVE-2013-3507;0.013370000;0.696220000
CVE-2013-3506;0.025050000;0.838270000
CVE-2013-3505;0.014510000;0.718830000
CVE-2013-3504;0.018510000;0.779170000
CVE-2013-3503;0.011770000;0.658230000
CVE-2013-3502;0.537060000;0.989330000
CVE-2013-3501;0.013330000;0.695370000
CVE-2013-3500;0.023770000;0.829160000
CVE-2013-3499;0.032110000;0.874610000
CVE-2013-3498;0.017850000;0.770400000
CVE-2013-3497;0.003210000;0.249180000
CVE-2013-3496;0.003870000;0.322180000
CVE-2013-3495;0.003890000;0.324700000
CVE-2013-3494;0.015950000;0.743170000
CVE-2013-3493;0.016230000;0.747560000
CVE-2013-3492;0.015390000;0.734580000
CVE-2013-3491;0.010630000;0.627310000
CVE-2013-3489;0.025140000;0.838990000
CVE-2013-3488;0.025140000;0.839000000
CVE-2013-3487;0.022980000;0.823120000
CVE-2013-3486;0.018310000;0.776550000
CVE-2013-3485;0.004160000;0.351300000
CVE-2013-3484;0.018800000;0.782690000
CVE-2013-3483;0.034980000;0.884930000
CVE-2013-3482;0.315140000;0.981810000
CVE-2013-3481;0.056730000;0.925490000
CVE-2013-3480;0.042620000;0.905040000
CVE-2013-3479;0.011780000;0.658900000
CVE-2013-3478;0.021020000;0.806740000
CVE-2013-3477;0.010700000;0.629360000
CVE-2013-3476;0.010700000;0.629340000
CVE-2013-3475;0.004320000;0.365690000
CVE-2013-3474;0.012370000;0.673710000
CVE-2013-3473;0.015270000;0.732490000
CVE-2013-3472;0.007080000;0.514830000
CVE-2013-3471;0.014230000;0.713740000
CVE-2013-3470;0.029950000;0.865820000
CVE-2013-3469;0.017940000;0.771610000
CVE-2013-3468;0.031720000;0.873030000
CVE-2013-3467;0.003390000;0.270480000
CVE-2013-3466;0.051220000;0.919020000
CVE-2013-3464;0.003120000;0.238960000
CVE-2013-3463;0.024270000;0.832880000
CVE-2013-3462;0.030170000;0.866760000
CVE-2013-3461;0.013460000;0.698340000
CVE-2013-3460;0.015630000;0.738560000
CVE-2013-3459;0.013330000;0.695410000
CVE-2013-3458;0.010220000;0.615370000
CVE-2013-3457;0.021090000;0.807350000
CVE-2013-3455;0.020840000;0.804940000
CVE-2013-3454;0.020960000;0.806150000
CVE-2013-3453;0.018870000;0.783540000
CVE-2013-3451;0.005760000;0.457070000
CVE-2013-3450;0.005760000;0.457090000
CVE-2013-3448;0.013250000;0.693400000
CVE-2013-3446;0.010570000;0.625510000
CVE-2013-3445;0.025840000;0.843580000
CVE-2013-3444;0.042070000;0.903940000
CVE-2013-3443;0.060020000;0.929080000
CVE-2013-3442;0.009470000;0.592030000
CVE-2013-3441;0.015400000;0.734830000
CVE-2013-3440;0.011610000;0.653660000
CVE-2013-3439;0.017920000;0.771460000
CVE-2013-3438;0.013960000;0.708680000
CVE-2013-3437;0.010290000;0.617430000
CVE-2013-3436;0.014290000;0.715010000
CVE-2013-3435;0.015530000;0.737020000
CVE-2013-3434;0.003570000;0.290890000
CVE-2013-3433;0.003880000;0.323860000
CVE-2013-3431;0.092560000;0.950620000
CVE-2013-3430;0.082710000;0.945890000
CVE-2013-3429;0.101880000;0.953940000
CVE-2013-3428;0.009470000;0.592010000
CVE-2013-3426;0.011870000;0.661120000
CVE-2013-3425;0.010820000;0.632630000
CVE-2013-3424;0.011890000;0.661570000
CVE-2013-3423;0.009310000;0.586840000
CVE-2013-3422;0.009310000;0.586980000
CVE-2013-3421;0.009310000;0.586950000
CVE-2013-3420;0.005760000;0.457060000
CVE-2013-3419;0.009420000;0.590250000
CVE-2013-3418;0.010610000;0.626720000
CVE-2013-3417;0.012840000;0.684720000
CVE-2013-3416;0.011480000;0.650010000
CVE-2013-3415;0.018970000;0.784710000
CVE-2013-3414;0.021020000;0.806740000
CVE-2013-3413;0.009420000;0.590200000
CVE-2013-3412;0.009610000;0.596300000
CVE-2013-3411;0.013330000;0.695420000
CVE-2013-3410;0.013330000;0.695400000
CVE-2013-3409;0.002810000;0.205680000
CVE-2013-3408;0.003350000;0.265570000
CVE-2013-3407;0.017780000;0.769620000
CVE-2013-3406;0.011280000;0.645080000
CVE-2013-3405;0.011760000;0.658090000
CVE-2013-3404;0.011300000;0.645700000
CVE-2013-3403;0.003290000;0.258870000
CVE-2013-3402;0.020050000;0.797030000
CVE-2013-3401;0.009580000;0.595080000
CVE-2013-3400;0.003770000;0.311220000
CVE-2013-3399;0.003770000;0.311370000
CVE-2013-3398;0.011860000;0.660780000
CVE-2013-3397;0.005760000;0.457080000
CVE-2013-3396;0.009310000;0.586850000
CVE-2013-3395;0.005760000;0.457060000
CVE-2013-3394;0.009310000;0.586910000
CVE-2013-3393;0.012320000;0.672690000
CVE-2013-3392;0.004760000;0.398080000
CVE-2013-3390;0.013280000;0.694170000
CVE-2013-3389;0.013280000;0.694160000
CVE-2013-3388;0.019040000;0.785480000
CVE-2013-3387;0.013280000;0.694170000
CVE-2013-3386;0.018950000;0.784430000
CVE-2013-3385;0.027470000;0.853630000
CVE-2013-3384;0.035300000;0.885790000
CVE-2013-3383;0.030040000;0.866270000
CVE-2013-3382;0.019040000;0.785480000
CVE-2013-3381;0.012320000;0.672700000
CVE-2013-3380;0.013320000;0.695200000
CVE-2013-3379;0.010050000;0.610200000
CVE-2013-3378;0.018870000;0.783520000
CVE-2013-3377;0.018870000;0.783550000
CVE-2013-3376;0.009580000;0.595090000
CVE-2013-3375;0.009420000;0.590220000
CVE-2013-3374;0.014050000;0.710570000
CVE-2013-3373;0.024280000;0.833060000
CVE-2013-3372;0.020600000;0.802430000
CVE-2013-3371;0.020600000;0.802440000
CVE-2013-3370;0.023220000;0.825040000
CVE-2013-3369;0.012340000;0.673090000
CVE-2013-3368;0.003460000;0.278960000
CVE-2013-3367;0.026990000;0.850820000
CVE-2013-3366;0.009260000;0.584680000
CVE-2013-3365;0.038970000;0.896600000
CVE-2013-3363;0.057590000;0.926450000
CVE-2013-3362;0.057590000;0.926440000
CVE-2013-3361;0.057590000;0.926450000
CVE-2013-3360;0.046020000;0.911330000
CVE-2013-3359;0.038360000;0.895040000
CVE-2013-3358;0.128270000;0.960630000
CVE-2013-3357;0.128270000;0.960630000
CVE-2013-3356;0.084060000;0.946580000
CVE-2013-3355;0.047710000;0.913960000
CVE-2013-3354;0.048370000;0.914900000
CVE-2013-3353;0.084060000;0.946590000
CVE-2013-3352;0.048370000;0.914900000
CVE-2013-3351;0.084060000;0.946580000
CVE-2013-3350;0.091780000;0.950280000
CVE-2013-3349;0.022070000;0.815860000
CVE-2013-3348;0.037860000;0.893520000
CVE-2013-3347;0.047520000;0.913640000
CVE-2013-3346;0.785810000;0.995610000
CVE-2013-3345;0.041190000;0.902090000
CVE-2013-3344;0.080310000;0.944460000
CVE-2013-3343;0.052090000;0.920200000
CVE-2013-3342;0.038970000;0.896610000
CVE-2013-3341;0.055820000;0.924340000
CVE-2013-3340;0.045520000;0.910510000
CVE-2013-3339;0.055820000;0.924350000
CVE-2013-3338;0.055820000;0.924340000
CVE-2013-3337;0.055820000;0.924340000
CVE-2013-3336;0.742650000;0.994580000
CVE-2013-3335;0.053190000;0.921380000
CVE-2013-3334;0.053900000;0.922140000
CVE-2013-3333;0.053900000;0.922140000
CVE-2013-3332;0.053190000;0.921370000
CVE-2013-3331;0.053190000;0.921370000
CVE-2013-3330;0.053190000;0.921370000
CVE-2013-3329;0.053190000;0.921380000
CVE-2013-3328;0.053900000;0.922140000
CVE-2013-3327;0.053900000;0.922130000
CVE-2013-3326;0.053900000;0.922130000
CVE-2013-3325;0.053900000;0.922130000
CVE-2013-3324;0.053900000;0.922140000
CVE-2013-3323;0.028680000;0.860100000
CVE-2013-3322;0.035470000;0.886320000
CVE-2013-3321;0.022450000;0.818960000
CVE-2013-3320;0.023030000;0.823580000
CVE-2013-3319;0.203460000;0.973350000
CVE-2013-3317;0.047690000;0.913940000
CVE-2013-3316;0.047690000;0.913940000
CVE-2013-3315;0.013870000;0.706960000
CVE-2013-3314;0.070810000;0.938490000
CVE-2013-3313;0.026410000;0.847220000
CVE-2013-3312;0.008940000;0.574830000
CVE-2013-3311;0.037170000;0.891490000
CVE-2013-3307;0.556610000;0.989790000
CVE-2013-3304;0.037910000;0.893690000
CVE-2013-3302;0.002610000;0.179340000
CVE-2013-3301;0.009850000;0.604030000
CVE-2013-3300;0.014770000;0.724040000
CVE-2013-3299;0.022310000;0.817760000
CVE-2013-3295;0.018330000;0.776870000
CVE-2013-3294;0.023800000;0.829370000
CVE-2013-3288;0.009420000;0.590230000
CVE-2013-3287;0.002990000;0.224300000
CVE-2013-3286;0.009420000;0.590250000
CVE-2013-3285;0.009980000;0.607960000
CVE-2013-3281;0.010010000;0.608770000
CVE-2013-3280;0.022800000;0.821560000
CVE-2013-3279;0.011860000;0.660800000
CVE-2013-3278;0.003380000;0.269380000
CVE-2013-3277;0.010570000;0.625510000
CVE-2013-3276;0.010330000;0.618930000
CVE-2013-3275;0.008060000;0.547490000
CVE-2013-3274;0.031010000;0.870120000
CVE-2013-3273;0.003360000;0.266890000
CVE-2013-3272;0.003180000;0.246470000
CVE-2013-3271;0.012650000;0.680760000
CVE-2013-3270;0.003000000;0.225890000
CVE-2013-3269;0.006430000;0.488760000
CVE-2013-3268;0.016350000;0.749430000
CVE-2013-3267;0.013660000;0.702610000
CVE-2013-3266;0.035100000;0.885270000
CVE-2013-3264;0.020830000;0.804850000
CVE-2013-3263;0.016010000;0.744080000
CVE-2013-3262;0.020750000;0.803950000
CVE-2013-3261;0.016150000;0.746270000
CVE-2013-3260;0.027270000;0.852390000
CVE-2013-3259;0.029780000;0.865100000
CVE-2013-3258;0.010700000;0.629350000
CVE-2013-3257;0.010700000;0.629340000
CVE-2013-3256;0.010850000;0.633580000
CVE-2013-3254;0.016010000;0.744080000
CVE-2013-3253;0.012000000;0.664110000
CVE-2013-3252;0.010940000;0.636400000
CVE-2013-3251;0.009780000;0.602200000
CVE-2013-3250;0.009520000;0.593510000
CVE-2013-3249;0.060090000;0.929130000
CVE-2013-3248;0.184830000;0.970780000
CVE-2013-3247;0.024010000;0.830920000
CVE-2013-3246;0.024010000;0.830930000
CVE-2013-3245;0.028880000;0.861000000
CVE-2013-3244;0.016620000;0.753420000
CVE-2013-3243;0.012640000;0.680470000
CVE-2013-3242;0.048480000;0.915120000
CVE-2013-3241;0.041880000;0.903560000
CVE-2013-3240;0.054850000;0.923160000
CVE-2013-3239;0.087530000;0.948530000
CVE-2013-3238;0.288510000;0.980390000
CVE-2013-3237;0.003880000;0.323710000
CVE-2013-3236;0.003410000;0.272800000
CVE-2013-3235;0.003780000;0.312780000
CVE-2013-3234;0.003890000;0.323940000
CVE-2013-3233;0.003810000;0.315450000
CVE-2013-3232;0.003910000;0.326370000
CVE-2013-3231;0.003610000;0.295080000
CVE-2013-3230;0.003700000;0.304340000
CVE-2013-3229;0.003780000;0.312780000
CVE-2013-3228;0.003890000;0.323950000
CVE-2013-3227;0.003780000;0.312780000
CVE-2013-3226;0.003700000;0.303880000
CVE-2013-3225;0.003780000;0.312180000
CVE-2013-3224;0.003780000;0.312190000
CVE-2013-3223;0.003750000;0.309680000
CVE-2013-3222;0.003780000;0.312190000
CVE-2013-3221;0.019620000;0.792030000
CVE-2013-3220;0.023780000;0.829200000
CVE-2013-3219;0.019710000;0.792870000
CVE-2013-3215;0.688490000;0.993040000
CVE-2013-3214;0.845350000;0.996870000
CVE-2013-3213;0.032070000;0.874470000
CVE-2013-3212;0.075430000;0.941570000
CVE-2013-3211;0.017260000;0.762460000
CVE-2013-3210;0.016670000;0.754150000
CVE-2013-3209;0.191890000;0.971660000
CVE-2013-3208;0.193450000;0.971880000
CVE-2013-3207;0.193450000;0.971880000
CVE-2013-3206;0.193450000;0.971900000
CVE-2013-3205;0.662770000;0.992330000
CVE-2013-3204;0.191890000;0.971670000
CVE-2013-3203;0.239120000;0.977000000
CVE-2013-3202;0.191890000;0.971660000
CVE-2013-3201;0.191890000;0.971660000
CVE-2013-3200;0.054410000;0.922680000
CVE-2013-3199;0.193380000;0.971860000
CVE-2013-3198;0.020790000;0.804400000
CVE-2013-3197;0.020790000;0.804410000
CVE-2013-3196;0.020790000;0.804410000
CVE-2013-3195;0.384850000;0.984860000
CVE-2013-3194;0.193380000;0.971860000
CVE-2013-3193;0.193380000;0.971870000
CVE-2013-3192;0.114690000;0.957640000
CVE-2013-3191;0.194950000;0.972170000
CVE-2013-3190;0.194950000;0.972170000
CVE-2013-3189;0.200580000;0.972910000
CVE-2013-3188;0.276370000;0.979650000
CVE-2013-3187;0.193380000;0.971860000
CVE-2013-3186;0.102130000;0.954000000
CVE-2013-3185;0.414320000;0.985910000
CVE-2013-3184;0.584270000;0.990430000
CVE-2013-3183;0.804730000;0.995980000
CVE-2013-3182;0.958880000;0.998700000
CVE-2013-3181;0.204440000;0.973450000
CVE-2013-3180;0.655730000;0.992170000
CVE-2013-3179;0.142410000;0.963800000
CVE-2013-3178;0.320710000;0.982110000
CVE-2013-3175;0.275380000;0.979580000
CVE-2013-3174;0.319790000;0.982060000
CVE-2013-3173;0.019550000;0.791330000
CVE-2013-3172;0.022890000;0.822330000
CVE-2013-3171;0.206000000;0.973730000
CVE-2013-3167;0.018730000;0.781860000
CVE-2013-3166;0.163190000;0.967700000
CVE-2013-3164;0.235870000;0.976690000
CVE-2013-3163;0.706760000;0.993560000
CVE-2013-3162;0.250390000;0.977920000
CVE-2013-3161;0.250390000;0.977910000
CVE-2013-3160;0.233270000;0.976480000
CVE-2013-3159;0.159320000;0.967020000
CVE-2013-3158;0.187780000;0.971120000
CVE-2013-3157;0.186820000;0.971010000
CVE-2013-3156;0.200220000;0.972870000
CVE-2013-3155;0.201840000;0.973110000
CVE-2013-3154;0.017650000;0.767900000
CVE-2013-3153;0.250390000;0.977900000
CVE-2013-3152;0.235870000;0.976690000
CVE-2013-3151;0.227800000;0.975980000
CVE-2013-3150;0.250390000;0.977900000
CVE-2013-3149;0.250390000;0.977910000
CVE-2013-3148;0.250390000;0.977920000
CVE-2013-3147;0.250390000;0.977920000
CVE-2013-3146;0.235870000;0.976690000
CVE-2013-3145;0.250390000;0.977910000
CVE-2013-3144;0.227800000;0.975980000
CVE-2013-3143;0.327480000;0.982470000
CVE-2013-3142;0.199040000;0.972730000
CVE-2013-3141;0.193450000;0.971900000
CVE-2013-3140;0.240870000;0.977130000
CVE-2013-3139;0.193450000;0.971900000
CVE-2013-3138;0.593700000;0.990630000
CVE-2013-3137;0.299620000;0.981010000
CVE-2013-3136;0.015260000;0.732350000
CVE-2013-3134;0.210400000;0.974330000
CVE-2013-3133;0.206000000;0.973730000
CVE-2013-3132;0.217640000;0.974950000
CVE-2013-3131;0.220080000;0.975210000
CVE-2013-3129;0.323780000;0.982290000
CVE-2013-3128;0.503740000;0.988430000
CVE-2013-3127;0.219100000;0.975090000
CVE-2013-3126;0.135400000;0.962320000
CVE-2013-3125;0.193450000;0.971880000
CVE-2013-3124;0.193450000;0.971910000
CVE-2013-3123;0.193450000;0.971890000
CVE-2013-3122;0.193450000;0.971910000
CVE-2013-3121;0.194270000;0.972060000
CVE-2013-3120;0.316390000;0.981890000
CVE-2013-3119;0.193450000;0.971910000
CVE-2013-3118;0.193450000;0.971910000
CVE-2013-3117;0.191890000;0.971670000
CVE-2013-3116;0.191890000;0.971670000
CVE-2013-3115;0.250390000;0.977910000
CVE-2013-3114;0.193450000;0.971900000
CVE-2013-3113;0.193450000;0.971890000
CVE-2013-3112;0.193450000;0.971880000
CVE-2013-3111;0.335370000;0.982830000
CVE-2013-3110;0.193450000;0.971890000
CVE-2013-3107;0.019770000;0.793570000
CVE-2013-3106;0.009420000;0.590200000
CVE-2013-3098;0.011530000;0.651650000
CVE-2013-3097;0.014600000;0.720830000
CVE-2013-3096;0.013270000;0.694000000
CVE-2013-3095;0.012070000;0.665870000
CVE-2013-3093;0.007390000;0.525500000
CVE-2013-3092;0.022660000;0.820390000
CVE-2013-3091;0.037170000;0.891490000
CVE-2013-3090;0.011930000;0.662410000
CVE-2013-3089;0.006120000;0.474350000
CVE-2013-3088;0.018540000;0.779600000
CVE-2013-3087;0.011930000;0.662420000
CVE-2013-3086;0.006120000;0.474350000
CVE-2013-3085;0.016870000;0.757230000
CVE-2013-3084;0.009600000;0.595610000
CVE-2013-3083;0.021930000;0.814450000
CVE-2013-3082;0.032330000;0.875510000
CVE-2013-3081;0.023590000;0.828020000
CVE-2013-3080;0.024700000;0.836010000
CVE-2013-3079;0.017370000;0.763970000
CVE-2013-3077;0.004120000;0.347720000
CVE-2013-3076;0.003540000;0.287670000
CVE-2013-3075;0.107710000;0.955740000
CVE-2013-3074;0.017150000;0.761140000
CVE-2013-3073;0.036710000;0.890180000
CVE-2013-3072;0.021130000;0.807720000
CVE-2013-3071;0.021500000;0.810920000
CVE-2013-3070;0.020590000;0.802400000
CVE-2013-3069;0.010930000;0.635330000
CVE-2013-3068;0.006120000;0.474350000
CVE-2013-3067;0.007610000;0.532990000
CVE-2013-3066;0.020620000;0.802650000
CVE-2013-3065;0.007770000;0.538040000
CVE-2013-3064;0.012640000;0.680460000
CVE-2013-3063;0.013310000;0.694830000
CVE-2013-3062;0.019560000;0.791430000
CVE-2013-3061;0.016190000;0.746920000
CVE-2013-3060;0.063110000;0.932090000
CVE-2013-3059;0.013660000;0.702610000
CVE-2013-3058;0.013660000;0.702600000
CVE-2013-3057;0.014120000;0.711660000
CVE-2013-3056;0.015830000;0.741540000
CVE-2013-3055;0.037420000;0.892220000
CVE-2013-3051;0.002290000;0.137630000
CVE-2013-3050;0.013110000;0.690380000
CVE-2013-3049;0.011150000;0.641900000
CVE-2013-3048;0.009460000;0.591540000
CVE-2013-3047;0.012450000;0.675770000
CVE-2013-3046;0.004150000;0.350360000
CVE-2013-3045;0.007720000;0.536430000
CVE-2013-3044;0.007720000;0.536440000
CVE-2013-3043;0.006150000;0.475940000
CVE-2013-3042;0.006150000;0.475940000
CVE-2013-3041;0.010660000;0.628550000
CVE-2013-3040;0.013650000;0.702530000
CVE-2013-3039;0.004320000;0.365050000
CVE-2013-3038;0.005620000;0.450270000
CVE-2013-3037;0.002930000;0.217640000
CVE-2013-3036;0.008520000;0.561900000
CVE-2013-3035;0.036320000;0.888820000
CVE-2013-3034;0.009440000;0.590760000
CVE-2013-3033;0.009610000;0.596290000
CVE-2013-3032;0.011580000;0.652810000
CVE-2013-3031;0.011800000;0.659140000
CVE-2013-3030;0.022920000;0.822590000
CVE-2013-3029;0.009790000;0.602350000
CVE-2013-3028;0.003660000;0.300110000
CVE-2013-3027;0.028840000;0.860830000
CVE-2013-3026;0.028980000;0.861590000
CVE-2013-3025;0.009310000;0.586860000
CVE-2013-3024;0.003820000;0.316430000
CVE-2013-3023;0.019020000;0.785320000
CVE-2013-3020;0.009370000;0.588680000
CVE-2013-3018;0.019680000;0.792580000
CVE-2013-3017;0.023260000;0.825310000
CVE-2013-3016;0.011730000;0.657120000
CVE-2013-3012;0.044350000;0.908290000
CVE-2013-3011;0.044350000;0.908290000
CVE-2013-3010;0.039730000;0.898830000
CVE-2013-3009;0.043820000;0.907340000
CVE-2013-3008;0.039730000;0.898830000
CVE-2013-3007;0.039730000;0.898830000
CVE-2013-3006;0.039730000;0.898840000
CVE-2013-3005;0.029610000;0.864350000
CVE-2013-3004;0.018840000;0.783170000
CVE-2013-3003;0.028000000;0.856680000
CVE-2013-3001;0.029930000;0.865750000
CVE-2013-3000;0.018460000;0.778390000
CVE-2013-2999;0.010290000;0.617320000
CVE-2013-2998;0.009510000;0.593250000
CVE-2013-2997;0.004570000;0.385020000
CVE-2013-2994;0.013180000;0.691970000
CVE-2013-2993;0.012300000;0.672140000
CVE-2013-2992;0.015600000;0.738210000
CVE-2013-2989;0.003180000;0.245560000
CVE-2013-2988;0.016560000;0.752540000
CVE-2013-2987;0.009370000;0.588670000
CVE-2013-2985;0.009370000;0.588680000
CVE-2013-2984;0.015450000;0.735590000
CVE-2013-2983;0.007670000;0.535160000
CVE-2013-2982;0.010660000;0.628510000
CVE-2013-2981;0.018030000;0.772900000
CVE-2013-2980;0.005700000;0.453850000
CVE-2013-2979;0.014410000;0.717060000
CVE-2013-2978;0.013090000;0.690150000
CVE-2013-2977;0.046870000;0.912600000
CVE-2013-2976;0.003540000;0.287280000
CVE-2013-2974;0.011390000;0.647870000
CVE-2013-2972;0.021500000;0.810980000
CVE-2013-2970;0.023740000;0.828960000
CVE-2013-2969;0.007590000;0.532260000
CVE-2013-2968;0.009370000;0.588720000
CVE-2013-2967;0.021020000;0.806700000
CVE-2013-2964;0.004150000;0.350200000
CVE-2013-2962;0.003160000;0.243450000
CVE-2013-2961;0.018180000;0.774970000
CVE-2013-2960;0.025550000;0.841670000
CVE-2013-2959;0.011730000;0.657060000
CVE-2013-2957;0.007590000;0.532260000
CVE-2013-2956;0.011300000;0.645710000
CVE-2013-2955;0.007590000;0.532270000
CVE-2013-2954;0.012630000;0.680260000
CVE-2013-2953;0.004770000;0.398520000
CVE-2013-2951;0.003690000;0.302900000
CVE-2013-2950;0.014250000;0.714230000
CVE-2013-2945;0.027710000;0.855030000
CVE-2013-2944;0.015850000;0.741770000
CVE-2013-2940;0.016480000;0.751340000
CVE-2013-2939;0.016480000;0.751340000
CVE-2013-2938;0.016480000;0.751330000
CVE-2013-2937;0.016480000;0.751340000
CVE-2013-2936;0.016480000;0.751350000
CVE-2013-2935;0.016480000;0.751340000
CVE-2013-2934;0.016480000;0.751350000
CVE-2013-2933;0.016480000;0.751330000
CVE-2013-2931;0.022970000;0.823060000
CVE-2013-2930;0.006610000;0.496680000
CVE-2013-2929;0.006540000;0.493830000
CVE-2013-2928;0.013120000;0.690540000
CVE-2013-2927;0.016470000;0.751160000
CVE-2013-2926;0.015730000;0.740040000
CVE-2013-2925;0.014060000;0.710690000
CVE-2013-2924;0.025310000;0.840170000
CVE-2013-2923;0.013280000;0.694040000
CVE-2013-2922;0.012720000;0.682050000
CVE-2013-2921;0.012720000;0.682050000
CVE-2013-2920;0.014610000;0.721030000
CVE-2013-2919;0.016840000;0.756770000
CVE-2013-2918;0.014500000;0.718760000
CVE-2013-2917;0.014610000;0.721030000
CVE-2013-2916;0.011470000;0.649600000
CVE-2013-2915;0.011470000;0.649600000
CVE-2013-2914;0.012430000;0.675320000
CVE-2013-2913;0.012720000;0.682060000
CVE-2013-2912;0.014500000;0.718750000
CVE-2013-2911;0.012720000;0.682050000
CVE-2013-2910;0.014500000;0.718760000
CVE-2013-2909;0.016480000;0.751360000
CVE-2013-2908;0.012650000;0.680660000
CVE-2013-2907;0.014280000;0.714730000
CVE-2013-2906;0.012290000;0.672070000
CVE-2013-2905;0.008400000;0.558170000
CVE-2013-2904;0.016270000;0.748070000
CVE-2013-2903;0.012720000;0.682160000
CVE-2013-2902;0.012720000;0.682170000
CVE-2013-2901;0.013850000;0.706550000
CVE-2013-2900;0.015500000;0.736700000
CVE-2013-2899;0.004660000;0.390890000
CVE-2013-2898;0.003640000;0.298290000
CVE-2013-2897;0.004390000;0.371580000
CVE-2013-2896;0.003800000;0.315120000
CVE-2013-2895;0.003830000;0.318000000
CVE-2013-2894;0.003650000;0.298910000
CVE-2013-2893;0.003940000;0.330140000
CVE-2013-2892;0.004230000;0.357710000
CVE-2013-2891;0.003330000;0.264090000
CVE-2013-2890;0.003360000;0.267360000
CVE-2013-2889;0.004190000;0.353910000
CVE-2013-2888;0.004590000;0.385950000
CVE-2013-2887;0.013380000;0.696500000
CVE-2013-2886;0.010900000;0.634640000
CVE-2013-2885;0.014170000;0.712720000
CVE-2013-2884;0.012720000;0.682180000
CVE-2013-2883;0.012720000;0.682180000
CVE-2013-2882;0.028700000;0.860180000
CVE-2013-2881;0.011030000;0.638540000
CVE-2013-2880;0.016050000;0.744710000
CVE-2013-2879;0.009180000;0.582410000
CVE-2013-2878;0.010890000;0.634380000
CVE-2013-2877;0.049510000;0.916710000
CVE-2013-2876;0.011180000;0.642610000
CVE-2013-2875;0.016940000;0.758190000
CVE-2013-2874;0.012970000;0.687360000
CVE-2013-2873;0.012720000;0.682170000
CVE-2013-2872;0.009300000;0.586130000
CVE-2013-2871;0.017840000;0.770350000
CVE-2013-2870;0.023330000;0.825940000
CVE-2013-2869;0.009550000;0.594150000
CVE-2013-2868;0.011100000;0.640380000
CVE-2013-2867;0.008470000;0.560380000
CVE-2013-2866;0.014030000;0.710180000
CVE-2013-2865;0.012790000;0.683460000
CVE-2013-2864;0.010950000;0.636550000
CVE-2013-2863;0.035850000;0.887460000
CVE-2013-2862;0.010950000;0.636530000
CVE-2013-2861;0.010950000;0.636540000
CVE-2013-2860;0.010950000;0.636530000
CVE-2013-2859;0.010950000;0.636540000
CVE-2013-2858;0.010950000;0.636540000
CVE-2013-2857;0.010680000;0.628930000
CVE-2013-2856;0.010950000;0.636540000
CVE-2013-2855;0.009420000;0.590390000
CVE-2013-2854;0.010950000;0.636550000
CVE-2013-2853;0.011200000;0.643190000
CVE-2013-2852;0.010180000;0.613960000
CVE-2013-2851;0.003400000;0.271880000
CVE-2013-2850;0.073130000;0.940190000
CVE-2013-2849;0.013130000;0.690830000
CVE-2013-2848;0.012290000;0.672000000
CVE-2013-2847;0.007470000;0.528280000
CVE-2013-2846;0.010810000;0.632220000
CVE-2013-2845;0.013750000;0.704570000
CVE-2013-2844;0.010810000;0.632190000
CVE-2013-2843;0.010810000;0.632170000
CVE-2013-2842;0.119990000;0.958900000
CVE-2013-2841;0.010810000;0.632180000
CVE-2013-2840;0.010810000;0.632180000
CVE-2013-2839;0.010810000;0.632220000
CVE-2013-2838;0.015390000;0.734620000
CVE-2013-2837;0.010810000;0.632190000
CVE-2013-2836;0.013380000;0.696500000
CVE-2013-2835;0.006880000;0.507550000
CVE-2013-2834;0.008950000;0.575360000
CVE-2013-2833;0.016110000;0.745640000
CVE-2013-2832;0.009240000;0.584220000
CVE-2013-2830;0.036290000;0.888750000
CVE-2013-2829;0.012550000;0.678300000
CVE-2013-2828;0.003000000;0.225700000
CVE-2013-2827;0.483030000;0.987910000
CVE-2013-2826;0.017760000;0.769370000
CVE-2013-2825;0.011640000;0.654890000
CVE-2013-2824;0.017860000;0.770580000
CVE-2013-2823;0.007610000;0.532920000
CVE-2013-2822;0.002980000;0.223270000
CVE-2013-2821;0.012550000;0.678300000
CVE-2013-2820;0.039000000;0.896680000
CVE-2013-2819;0.018660000;0.781070000
CVE-2013-2818;0.003570000;0.291130000
CVE-2013-2817;0.059300000;0.928360000
CVE-2013-2816;0.002980000;0.223260000
CVE-2013-2814;0.012550000;0.678300000
CVE-2013-2813;0.012550000;0.678300000
CVE-2013-2811;0.018460000;0.778430000
CVE-2013-2810;0.059830000;0.928880000
CVE-2013-2809;0.014890000;0.726130000
CVE-2013-2808;0.043450000;0.906590000
CVE-2013-2807;0.038550000;0.895590000
CVE-2013-2806;0.038550000;0.895590000
CVE-2013-2805;0.038550000;0.895590000
CVE-2013-2804;0.012600000;0.679390000
CVE-2013-2803;0.019300000;0.788510000
CVE-2013-2802;0.039370000;0.897880000
CVE-2013-2801;0.013580000;0.701120000
CVE-2013-2800;0.013580000;0.701120000
CVE-2013-2798;0.003610000;0.294690000
CVE-2013-2796;0.007320000;0.523060000
CVE-2013-2794;0.003170000;0.244270000
CVE-2013-2793;0.014700000;0.722900000
CVE-2013-2792;0.018780000;0.782450000
CVE-2013-2791;0.012600000;0.679390000
CVE-2013-2790;0.014770000;0.724020000
CVE-2013-2789;0.018180000;0.774960000
CVE-2013-2788;0.011640000;0.654900000
CVE-2013-2787;0.014650000;0.721740000
CVE-2013-2786;0.002910000;0.216290000
CVE-2013-2785;0.037690000;0.893040000
CVE-2013-2784;0.040410000;0.900370000
CVE-2013-2783;0.012550000;0.678290000
CVE-2013-2782;0.013470000;0.698400000
CVE-2013-2781;0.037990000;0.893930000
CVE-2013-2780;0.023920000;0.830290000
CVE-2013-2779;0.019620000;0.791990000
CVE-2013-2778;0.006310000;0.483170000
CVE-2013-2777;0.003640000;0.297900000
CVE-2013-2776;0.003700000;0.304700000
CVE-2013-2773;0.004150000;0.349850000
CVE-2013-2770;0.005880000;0.462930000
CVE-2013-2767;0.015360000;0.734010000
CVE-2013-2766;0.017950000;0.771720000
CVE-2013-2765;0.137190000;0.962800000
CVE-2013-2764;0.009150000;0.581470000
CVE-2013-2763;0.021330000;0.809420000
CVE-2013-2762;0.021050000;0.806960000
CVE-2013-2761;0.013700000;0.703510000
CVE-2013-2760;0.035550000;0.886520000
CVE-2013-2758;0.064720000;0.933490000
CVE-2013-2757;0.026700000;0.849130000
CVE-2013-2756;0.058220000;0.927220000
CVE-2013-2754;0.022860000;0.822120000
CVE-2013-2752;0.010050000;0.610350000
CVE-2013-2751;0.715990000;0.993820000
CVE-2013-2750;0.032190000;0.875040000
CVE-2013-2748;0.130700000;0.961230000
CVE-2013-2747;0.014290000;0.715040000
CVE-2013-2745;0.019810000;0.794020000
CVE-2013-2744;0.021360000;0.809720000
CVE-2013-2743;0.025630000;0.842200000
CVE-2013-2742;0.024300000;0.833210000
CVE-2013-2741;0.025630000;0.842200000
CVE-2013-2739;0.046950000;0.912730000
CVE-2013-2738;0.021770000;0.813200000
CVE-2013-2737;0.034620000;0.883700000
CVE-2013-2736;0.055820000;0.924350000
CVE-2013-2735;0.055820000;0.924360000
CVE-2013-2734;0.055820000;0.924360000
CVE-2013-2733;0.065430000;0.934110000
CVE-2013-2732;0.055820000;0.924350000
CVE-2013-2731;0.045520000;0.910510000
CVE-2013-2730;0.787570000;0.995660000
CVE-2013-2729;0.665550000;0.992400000
CVE-2013-2728;0.053190000;0.921370000
CVE-2013-2727;0.054030000;0.922270000
CVE-2013-2726;0.055820000;0.924360000
CVE-2013-2725;0.045520000;0.910500000
CVE-2013-2724;0.085960000;0.947680000
CVE-2013-2723;0.045520000;0.910500000
CVE-2013-2722;0.045520000;0.910500000
CVE-2013-2721;0.045520000;0.910500000
CVE-2013-2720;0.045520000;0.910490000
CVE-2013-2719;0.045520000;0.910510000
CVE-2013-2718;0.045520000;0.910490000
CVE-2013-2717;0.012430000;0.675250000
CVE-2013-2716;0.013180000;0.691960000
CVE-2013-2715;0.010640000;0.627700000
CVE-2013-2714;0.027450000;0.853500000
CVE-2013-2713;0.014370000;0.716370000
CVE-2013-2712;0.018260000;0.775950000
CVE-2013-2710;0.010520000;0.624180000
CVE-2013-2709;0.009540000;0.594040000
CVE-2013-2708;0.009700000;0.599610000
CVE-2013-2707;0.009700000;0.599610000
CVE-2013-2706;0.009700000;0.599610000
CVE-2013-2705;0.010760000;0.630910000
CVE-2013-2704;0.009540000;0.594050000
CVE-2013-2703;0.009700000;0.599600000
CVE-2013-2702;0.009810000;0.602990000
CVE-2013-2701;0.009700000;0.599600000
CVE-2013-2700;0.011900000;0.661700000
CVE-2013-2699;0.011180000;0.642780000
CVE-2013-2698;0.010700000;0.629350000
CVE-2013-2697;0.009540000;0.594050000
CVE-2013-2696;0.009540000;0.594050000
CVE-2013-2695;0.016140000;0.746170000
CVE-2013-2694;0.020080000;0.797290000
CVE-2013-2693;0.010850000;0.633580000
CVE-2013-2692;0.009740000;0.600960000
CVE-2013-2691;0.042730000;0.905300000
CVE-2013-2690;0.025140000;0.838970000
CVE-2013-2688;0.066570000;0.934940000
CVE-2013-2687;0.082210000;0.945600000
CVE-2013-2686;0.021260000;0.808780000
CVE-2013-2685;0.026210000;0.845990000
CVE-2013-2684;0.037070000;0.891150000
CVE-2013-2683;0.133800000;0.961930000
CVE-2013-2682;0.063460000;0.932390000
CVE-2013-2681;0.100940000;0.953640000
CVE-2013-2680;0.087280000;0.948390000
CVE-2013-2679;0.196460000;0.972370000
CVE-2013-2678;0.168730000;0.968690000
CVE-2013-2676;0.024130000;0.831860000
CVE-2013-2675;0.021690000;0.812530000
CVE-2013-2674;0.025800000;0.843330000
CVE-2013-2673;0.005140000;0.422790000
CVE-2013-2672;0.016650000;0.753750000
CVE-2013-2671;0.013290000;0.694270000
CVE-2013-2670;0.020200000;0.798360000
CVE-2013-2653;0.040710000;0.901010000
CVE-2013-2652;0.025280000;0.839980000
CVE-2013-2651;0.021500000;0.810900000
CVE-2013-2646;0.013350000;0.695600000
CVE-2013-2645;0.030130000;0.866580000
CVE-2013-2643;0.045290000;0.909970000
CVE-2013-2642;0.068940000;0.936890000
CVE-2013-2641;0.709900000;0.993650000
CVE-2013-2640;0.023750000;0.829050000
CVE-2013-2639;0.014050000;0.710510000
CVE-2013-2637;0.043050000;0.905860000
CVE-2013-2636;0.003610000;0.294980000
CVE-2013-2635;0.004290000;0.362690000
CVE-2013-2634;0.004550000;0.383770000
CVE-2013-2633;0.009930000;0.606470000
CVE-2013-2632;0.011070000;0.639530000
CVE-2013-2631;0.017550000;0.766530000
CVE-2013-2630;0.009420000;0.590240000
CVE-2013-2629;0.013890000;0.707400000
CVE-2013-2628;0.006900000;0.508150000
CVE-2013-2627;0.011940000;0.662660000
CVE-2013-2625;0.012910000;0.686160000
CVE-2013-2624;0.064920000;0.933650000
CVE-2013-2623;0.028340000;0.858430000
CVE-2013-2622;0.009680000;0.598730000
CVE-2013-2621;0.106920000;0.955490000
CVE-2013-2619;0.076510000;0.942290000
CVE-2013-2618;0.046820000;0.912540000
CVE-2013-2617;0.044200000;0.907940000
CVE-2013-2616;0.036330000;0.888850000
CVE-2013-2615;0.022680000;0.820560000
CVE-2013-2612;0.029730000;0.864820000
CVE-2013-2604;0.009450000;0.591130000
CVE-2013-2603;0.041740000;0.903260000
CVE-2013-2602;0.036260000;0.888620000
CVE-2013-2601;0.021190000;0.808210000
CVE-2013-2600;0.023350000;0.826150000
CVE-2013-2599;0.007720000;0.536600000
CVE-2013-2598;0.003080000;0.235020000
CVE-2013-2597;0.015160000;0.730740000
CVE-2013-2596;0.032120000;0.874640000
CVE-2013-2595;0.008890000;0.573350000
CVE-2013-2594;0.025610000;0.842110000
CVE-2013-2586;0.052100000;0.920220000
CVE-2013-2585;0.018920000;0.784230000
CVE-2013-2583;0.009420000;0.590210000
CVE-2013-2582;0.010460000;0.622300000
CVE-2013-2581;0.023990000;0.830800000
CVE-2013-2580;0.035360000;0.885990000
CVE-2013-2579;0.037440000;0.892280000
CVE-2013-2578;0.737130000;0.994430000
CVE-2013-2577;0.118390000;0.958490000
CVE-2013-2576;0.095570000;0.951770000
CVE-2013-2574;0.295930000;0.980810000
CVE-2013-2573;0.422430000;0.986160000
CVE-2013-2572;0.164320000;0.967950000
CVE-2013-2571;0.162010000;0.967500000
CVE-2013-2570;0.265820000;0.978960000
CVE-2013-2569;0.309920000;0.981540000
CVE-2013-2568;0.485390000;0.987970000
CVE-2013-2567;0.145720000;0.964440000
CVE-2013-2566;0.844240000;0.996850000
CVE-2013-2565;0.016020000;0.744280000
CVE-2013-2564;0.024550000;0.834960000
CVE-2013-2563;0.004650000;0.389890000
CVE-2013-2562;0.004750000;0.396980000
CVE-2013-2561;0.004750000;0.397520000
CVE-2013-2560;0.092760000;0.950710000
CVE-2013-2559;0.023550000;0.827700000
CVE-2013-2558;0.143840000;0.964110000
CVE-2013-2557;0.109450000;0.956250000
CVE-2013-2556;0.075750000;0.941790000
CVE-2013-2555;0.084580000;0.946940000
CVE-2013-2554;0.040940000;0.901560000
CVE-2013-2553;0.017230000;0.762110000
CVE-2013-2552;0.144020000;0.964140000
CVE-2013-2551;0.740960000;0.994540000
CVE-2013-2550;0.043840000;0.907380000
CVE-2013-2549;0.064190000;0.932990000
CVE-2013-2548;0.003880000;0.323850000
CVE-2013-2547;0.003850000;0.320270000
CVE-2013-2546;0.003860000;0.321710000
CVE-2013-2516;0.033270000;0.879070000
CVE-2013-2513;0.016850000;0.756910000
CVE-2013-2512;0.035440000;0.886260000
CVE-2013-2507;0.020200000;0.798360000
CVE-2013-2506;0.012650000;0.680620000
CVE-2013-2504;0.030390000;0.867620000
CVE-2013-2503;0.046320000;0.911780000
CVE-2013-2501;0.052680000;0.920870000
CVE-2013-2499;0.032540000;0.876390000
CVE-2013-2498;0.012250000;0.671170000
CVE-2013-2496;0.013710000;0.703600000
CVE-2013-2495;0.013710000;0.703600000
CVE-2013-2494;0.011660000;0.655220000
CVE-2013-2493;0.011230000;0.643750000
CVE-2013-2492;0.421660000;0.986140000
CVE-2013-2488;0.028280000;0.858120000
CVE-2013-2487;0.033650000;0.880430000
CVE-2013-2486;0.012690000;0.681330000
CVE-2013-2485;0.010820000;0.632640000
CVE-2013-2484;0.010520000;0.624160000
CVE-2013-2483;0.010810000;0.632150000
CVE-2013-2482;0.010820000;0.632650000
CVE-2013-2481;0.009730000;0.600260000
CVE-2013-2480;0.010520000;0.624160000
CVE-2013-2479;0.010520000;0.624160000
CVE-2013-2478;0.010810000;0.632150000
CVE-2013-2477;0.009920000;0.606110000
CVE-2013-2476;0.011170000;0.642450000
CVE-2013-2475;0.011390000;0.647810000
CVE-2013-2474;0.100080000;0.953380000
CVE-2013-2473;0.074980000;0.941310000
CVE-2013-2472;0.229880000;0.976200000
CVE-2013-2471;0.147490000;0.964770000
CVE-2013-2470;0.229880000;0.976200000
CVE-2013-2469;0.071330000;0.938970000
CVE-2013-2468;0.079830000;0.944220000
CVE-2013-2467;0.005000000;0.413620000
CVE-2013-2466;0.076570000;0.942360000
CVE-2013-2465;0.987040000;0.999230000
CVE-2013-2464;0.067330000;0.935640000
CVE-2013-2463;0.101790000;0.953900000
CVE-2013-2462;0.052120000;0.920240000
CVE-2013-2461;0.067460000;0.935790000
CVE-2013-2460;0.702480000;0.993430000
CVE-2013-2459;0.074370000;0.940960000
CVE-2013-2458;0.041280000;0.902340000
CVE-2013-2457;0.045070000;0.909570000
CVE-2013-2456;0.045120000;0.909660000
CVE-2013-2455;0.043260000;0.906220000
CVE-2013-2454;0.041280000;0.902350000
CVE-2013-2453;0.045520000;0.910480000
CVE-2013-2452;0.043260000;0.906230000
CVE-2013-2451;0.004450000;0.376080000
CVE-2013-2450;0.050840000;0.918580000
CVE-2013-2449;0.037570000;0.892640000
CVE-2013-2448;0.055710000;0.924180000
CVE-2013-2447;0.043260000;0.906230000
CVE-2013-2446;0.044460000;0.908510000
CVE-2013-2445;0.057250000;0.926070000
CVE-2013-2444;0.048740000;0.915490000
CVE-2013-2443;0.045860000;0.911050000
CVE-2013-2442;0.056790000;0.925530000
CVE-2013-2441;0.012210000;0.669970000
CVE-2013-2440;0.071330000;0.938980000
CVE-2013-2439;0.004160000;0.351600000
CVE-2013-2438;0.028710000;0.860250000
CVE-2013-2437;0.050800000;0.918540000
CVE-2013-2436;0.056910000;0.925640000
CVE-2013-2435;0.071330000;0.938970000
CVE-2013-2434;0.051310000;0.919150000
CVE-2013-2433;0.037570000;0.892640000
CVE-2013-2432;0.071330000;0.938970000
CVE-2013-2431;0.073290000;0.940320000
CVE-2013-2430;0.057240000;0.926060000
CVE-2013-2429;0.057240000;0.926060000
CVE-2013-2428;0.047120000;0.913000000
CVE-2013-2427;0.047120000;0.913000000
CVE-2013-2426;0.056910000;0.925640000
CVE-2013-2425;0.047120000;0.913000000
CVE-2013-2424;0.044830000;0.909120000
CVE-2013-2423;0.853330000;0.997030000
CVE-2013-2422;0.069170000;0.937120000
CVE-2013-2421;0.056910000;0.925650000
CVE-2013-2420;0.069170000;0.937120000
CVE-2013-2419;0.225800000;0.975800000
CVE-2013-2418;0.004630000;0.388760000
CVE-2013-2417;0.050090000;0.917500000
CVE-2013-2416;0.087690000;0.948620000
CVE-2013-2415;0.004940000;0.409760000
CVE-2013-2414;0.047120000;0.913000000
CVE-2013-2413;0.010110000;0.612110000
CVE-2013-2412;0.048230000;0.914670000
CVE-2013-2411;0.010240000;0.615770000
CVE-2013-2410;0.009570000;0.595010000
CVE-2013-2409;0.012680000;0.681230000
CVE-2013-2408;0.009850000;0.603970000
CVE-2013-2407;0.052090000;0.920190000
CVE-2013-2406;0.008200000;0.551970000
CVE-2013-2405;0.009500000;0.592910000
CVE-2013-2404;0.010240000;0.615780000
CVE-2013-2403;0.009060000;0.578660000
CVE-2013-2402;0.010240000;0.615790000
CVE-2013-2401;0.008200000;0.551970000
CVE-2013-2400;0.041870000;0.903540000
CVE-2013-2399;0.009590000;0.595260000
CVE-2013-2398;0.009670000;0.597930000
CVE-2013-2397;0.009500000;0.592920000
CVE-2013-2396;0.009850000;0.603970000
CVE-2013-2395;0.025520000;0.841500000
CVE-2013-2394;0.059040000;0.928060000
CVE-2013-2393;0.003130000;0.240390000
CVE-2013-2392;0.022600000;0.819950000
CVE-2013-2391;0.003630000;0.297160000
CVE-2013-2390;0.010240000;0.615800000
CVE-2013-2389;0.022600000;0.819960000
CVE-2013-2388;0.012670000;0.681110000
CVE-2013-2387;0.008440000;0.559270000
CVE-2013-2386;0.008750000;0.569370000
CVE-2013-2385;0.009950000;0.607100000
CVE-2013-2384;0.087780000;0.948680000
CVE-2013-2383;0.087780000;0.948680000
CVE-2013-2382;0.003080000;0.234300000
CVE-2013-2381;0.016130000;0.745960000
CVE-2013-2380;0.021080000;0.807210000
CVE-2013-2379;0.008200000;0.551960000
CVE-2013-2378;0.022240000;0.817160000
CVE-2013-2377;0.008710000;0.567890000
CVE-2013-2376;0.022140000;0.816450000
CVE-2013-2375;0.022620000;0.820170000
CVE-2013-2374;0.008950000;0.575220000
CVE-2013-2373;0.013180000;0.691970000
CVE-2013-2372;0.011480000;0.650200000
CVE-2013-2371;0.020490000;0.801310000
CVE-2013-2370;0.619150000;0.991240000
CVE-2013-2369;0.055360000;0.923750000
CVE-2013-2368;0.096370000;0.952030000
CVE-2013-2367;0.688950000;0.993070000
CVE-2013-2366;0.034360000;0.882810000
CVE-2013-2365;0.011360000;0.647000000
CVE-2013-2364;0.013480000;0.698600000
CVE-2013-2363;0.033340000;0.879330000
CVE-2013-2362;0.005270000;0.430450000
CVE-2013-2361;0.025190000;0.839390000
CVE-2013-2360;0.018500000;0.778980000
CVE-2013-2359;0.018500000;0.778990000
CVE-2013-2358;0.018500000;0.778990000
CVE-2013-2357;0.018500000;0.778980000
CVE-2013-2356;0.033340000;0.879330000
CVE-2013-2355;0.035080000;0.885220000
CVE-2013-2353;0.025330000;0.840300000
CVE-2013-2352;0.039050000;0.896790000
CVE-2013-2351;0.036720000;0.890230000
CVE-2013-2350;0.104360000;0.954690000
CVE-2013-2349;0.104360000;0.954700000
CVE-2013-2348;0.104360000;0.954700000
CVE-2013-2347;0.664090000;0.992360000
CVE-2013-2346;0.104360000;0.954700000
CVE-2013-2345;0.104360000;0.954700000
CVE-2013-2344;0.104360000;0.954710000
CVE-2013-2343;0.618130000;0.991230000
CVE-2013-2342;0.008200000;0.552080000
CVE-2013-2341;0.030700000;0.868960000
CVE-2013-2340;0.104360000;0.954710000
CVE-2013-2339;0.005210000;0.427320000
CVE-2013-2338;0.104360000;0.954690000
CVE-2013-2337;0.016300000;0.748580000
CVE-2013-2336;0.022020000;0.815460000
CVE-2013-2335;0.610430000;0.991040000
CVE-2013-2334;0.471280000;0.987650000
CVE-2013-2333;0.898090000;0.997820000
CVE-2013-2332;0.610430000;0.991030000
CVE-2013-2331;0.610430000;0.991040000
CVE-2013-2330;0.610430000;0.991040000
CVE-2013-2329;0.610430000;0.991050000
CVE-2013-2328;0.610430000;0.991050000
CVE-2013-2327;0.610430000;0.991050000
CVE-2013-2326;0.610430000;0.991060000
CVE-2013-2325;0.610430000;0.991040000
CVE-2013-2324;0.391160000;0.985090000
CVE-2013-2323;0.011510000;0.650900000
CVE-2013-2322;0.010080000;0.610920000
CVE-2013-2321;0.016300000;0.748570000
CVE-2013-2319;0.005210000;0.426940000
CVE-2013-2318;0.013380000;0.696460000
CVE-2013-2317;0.015280000;0.732740000
CVE-2013-2316;0.015160000;0.730770000
CVE-2013-2315;0.013690000;0.703260000
CVE-2013-2314;0.017920000;0.771400000
CVE-2013-2313;0.018690000;0.781390000
CVE-2013-2312;0.017920000;0.771420000
CVE-2013-2311;0.011800000;0.659240000
CVE-2013-2310;0.007260000;0.521200000
CVE-2013-2309;0.011480000;0.650020000
CVE-2013-2308;0.011740000;0.657480000
CVE-2013-2307;0.014600000;0.720890000
CVE-2013-2306;0.009460000;0.591330000
CVE-2013-2305;0.006430000;0.488790000
CVE-2013-2304;0.008800000;0.570730000
CVE-2013-2303;0.010340000;0.619060000
CVE-2013-2302;0.003040000;0.230430000
CVE-2013-2301;0.010310000;0.618000000
CVE-2013-2300;0.009820000;0.603230000
CVE-2013-2299;0.014390000;0.716690000
CVE-2013-2298;0.025830000;0.843540000
CVE-2013-2297;0.003170000;0.244380000
CVE-2013-2296;0.010150000;0.613230000
CVE-2013-2294;0.039550000;0.898320000
CVE-2013-2293;0.025350000;0.840420000
CVE-2013-2292;0.025500000;0.841330000
CVE-2013-2290;0.013670000;0.702830000
CVE-2013-2289;0.017610000;0.767260000
CVE-2013-2287;0.092390000;0.950550000
CVE-2013-2279;0.015270000;0.732530000
CVE-2013-2278;0.034980000;0.884930000
CVE-2013-2277;0.019860000;0.794550000
CVE-2013-2276;0.013860000;0.706720000
CVE-2013-2275;0.029080000;0.862020000
CVE-2013-2274;0.029120000;0.862210000
CVE-2013-2273;0.019100000;0.786210000
CVE-2013-2272;0.018880000;0.783660000
CVE-2013-2271;0.049080000;0.916010000
CVE-2013-2270;0.012650000;0.680630000
CVE-2013-2269;0.013580000;0.701100000
CVE-2013-2268;0.008210000;0.552320000
CVE-2013-2267;0.088290000;0.948890000
CVE-2013-2266;0.428510000;0.986380000
CVE-2013-2264;0.012520000;0.677460000
CVE-2013-2263;0.013870000;0.706940000
CVE-2013-2262;0.019260000;0.788050000
CVE-2013-2261;0.115530000;0.957820000
CVE-2013-2260;0.021620000;0.811950000
CVE-2013-2259;0.036690000;0.890130000
CVE-2013-2258;0.013600000;0.701440000
CVE-2013-2257;0.019580000;0.791600000
CVE-2013-2256;0.018440000;0.778140000
CVE-2013-2255;0.009700000;0.599410000
CVE-2013-2254;0.040930000;0.901510000
CVE-2013-2251;0.999980000;0.999900000
CVE-2013-2250;0.121380000;0.959170000
CVE-2013-2249;0.142550000;0.963830000
CVE-2013-2248;0.946540000;0.998510000
CVE-2013-2247;0.015270000;0.732530000
CVE-2013-2246;0.010000000;0.608600000
CVE-2013-2245;0.009300000;0.586180000
CVE-2013-2244;0.009940000;0.606720000
CVE-2013-2243;0.014060000;0.710780000
CVE-2013-2242;0.010040000;0.609960000
CVE-2013-2241;0.015660000;0.738950000
CVE-2013-2240;0.017050000;0.759770000
CVE-2013-2239;0.003540000;0.286980000
CVE-2013-2238;0.027080000;0.851300000
CVE-2013-2237;0.005360000;0.435920000
CVE-2013-2236;0.020800000;0.804430000
CVE-2013-2234;0.005360000;0.435930000
CVE-2013-2233;0.019330000;0.788830000
CVE-2013-2232;0.005350000;0.435630000
CVE-2013-2231;0.004480000;0.378780000
CVE-2013-2230;0.020790000;0.804380000
CVE-2013-2228;0.019610000;0.791880000
CVE-2013-2227;0.129760000;0.960960000
CVE-2013-2226;0.027680000;0.854890000
CVE-2013-2225;0.075630000;0.941700000
CVE-2013-2224;0.003580000;0.291390000
CVE-2013-2223;0.032050000;0.874360000
CVE-2013-2222;0.047440000;0.913500000
CVE-2013-2221;0.043230000;0.906160000
CVE-2013-2220;0.036840000;0.890510000
CVE-2013-2219;0.017560000;0.766700000
CVE-2013-2218;0.082670000;0.945880000
CVE-2013-2217;0.005580000;0.447880000
CVE-2013-2214;0.043430000;0.906550000
CVE-2013-2213;0.003060000;0.232050000
CVE-2013-2212;0.006210000;0.478910000
CVE-2013-2211;0.005620000;0.450460000
CVE-2013-2210;0.060180000;0.929230000
CVE-2013-2209;0.021820000;0.813570000
CVE-2013-2208;0.026020000;0.844790000
CVE-2013-2207;0.003520000;0.285060000
CVE-2013-2206;0.047070000;0.912930000
CVE-2013-2205;0.029600000;0.864300000
CVE-2013-2204;0.029040000;0.861850000
CVE-2013-2203;0.020260000;0.798990000
CVE-2013-2202;0.022500000;0.819260000
CVE-2013-2201;0.021140000;0.807740000
CVE-2013-2200;0.017650000;0.767800000
CVE-2013-2199;0.020440000;0.800760000
CVE-2013-2198;0.017270000;0.762520000
CVE-2013-2197;0.013360000;0.695990000
CVE-2013-2196;0.003750000;0.310080000
CVE-2013-2195;0.003750000;0.310080000
CVE-2013-2194;0.003750000;0.310080000
CVE-2013-2193;0.007020000;0.512560000
CVE-2013-2192;0.010690000;0.629120000
CVE-2013-2191;0.008960000;0.575480000
CVE-2013-2190;0.005330000;0.434360000
CVE-2013-2189;0.039410000;0.898020000
CVE-2013-2188;0.003220000;0.251000000
CVE-2013-2187;0.054840000;0.923140000
CVE-2013-2186;0.124340000;0.959740000
CVE-2013-2185;0.071990000;0.939460000
CVE-2013-2184;0.036140000;0.888310000
CVE-2013-2183;0.004150000;0.350400000
CVE-2013-2182;0.055950000;0.924560000
CVE-2013-2181;0.026700000;0.849120000
CVE-2013-2179;0.024370000;0.833610000
CVE-2013-2178;0.017630000;0.767650000
CVE-2013-2177;0.011610000;0.653610000
CVE-2013-2176;0.004610000;0.387360000
CVE-2013-2175;0.035190000;0.885530000
CVE-2013-2174;0.111180000;0.956830000
CVE-2013-2173;0.033730000;0.880700000
CVE-2013-2172;0.059300000;0.928350000
CVE-2013-2171;0.069420000;0.937330000
CVE-2013-2168;0.003830000;0.318160000
CVE-2013-2167;0.019700000;0.792710000
CVE-2013-2166;0.021470000;0.810670000
CVE-2013-2165;0.126620000;0.960220000
CVE-2013-2164;0.005340000;0.434960000
CVE-2013-2163;0.025060000;0.838400000
CVE-2013-2162;0.003500000;0.282580000
CVE-2013-2161;0.019100000;0.786240000
CVE-2013-2160;0.322590000;0.982220000
CVE-2013-2159;0.028340000;0.858430000
CVE-2013-2158;0.007270000;0.521550000
CVE-2013-2157;0.031280000;0.871250000
CVE-2013-2156;0.084020000;0.946550000
CVE-2013-2155;0.058050000;0.927000000
CVE-2013-2154;0.080310000;0.944450000
CVE-2013-2153;0.047670000;0.913910000
CVE-2013-2152;0.004140000;0.349700000
CVE-2013-2151;0.004140000;0.349700000
CVE-2013-2150;0.011520000;0.651480000
CVE-2013-2149;0.011520000;0.651480000
CVE-2013-2148;0.003590000;0.292970000
CVE-2013-2147;0.004040000;0.340270000
CVE-2013-2146;0.005020000;0.414760000
CVE-2013-2145;0.005570000;0.447560000
CVE-2013-2144;0.012440000;0.675570000
CVE-2013-2143;0.482210000;0.987900000
CVE-2013-2142;0.002650000;0.184900000
CVE-2013-2141;0.005930000;0.465220000
CVE-2013-2140;0.010130000;0.612570000
CVE-2013-2139;0.029900000;0.865620000
CVE-2013-2138;0.027070000;0.851250000
CVE-2013-2137;0.076980000;0.942550000
CVE-2013-2136;0.040510000;0.900600000
CVE-2013-2135;0.138280000;0.963010000
CVE-2013-2134;0.702110000;0.993410000
CVE-2013-2133;0.018090000;0.773660000
CVE-2013-2132;0.026330000;0.846830000
CVE-2013-2131;0.105900000;0.955180000
CVE-2013-2130;0.022120000;0.816270000
CVE-2013-2129;0.012840000;0.684500000
CVE-2013-2128;0.003680000;0.301840000
CVE-2013-2127;0.032870000;0.877690000
CVE-2013-2126;0.045340000;0.910040000
CVE-2013-2125;0.024740000;0.836220000
CVE-2013-2124;0.026020000;0.844780000
CVE-2013-2123;0.013090000;0.690140000
CVE-2013-2122;0.015560000;0.737660000
CVE-2013-2121;0.247820000;0.977720000
CVE-2013-2120;0.005580000;0.447970000
CVE-2013-2119;0.004000000;0.336320000
CVE-2013-2118;0.089820000;0.949600000
CVE-2013-2117;0.017650000;0.767900000
CVE-2013-2116;0.037610000;0.892750000
CVE-2013-2115;0.746360000;0.994690000
CVE-2013-2114;0.023440000;0.826820000
CVE-2013-2113;0.209340000;0.974180000
CVE-2013-2112;0.038940000;0.896530000
CVE-2013-2111;0.024270000;0.832910000
CVE-2013-2110;0.067480000;0.935800000
CVE-2013-2109;0.019720000;0.792910000
CVE-2013-2108;0.021920000;0.814340000
CVE-2013-2107;0.032050000;0.874370000
CVE-2013-2106;0.015760000;0.740600000
CVE-2013-2105;0.003910000;0.326290000
CVE-2013-2104;0.020820000;0.804620000
CVE-2013-2103;0.009560000;0.594380000
CVE-2013-2102;0.009850000;0.603890000
CVE-2013-2101;0.005520000;0.444530000
CVE-2013-2100;0.015700000;0.739580000
CVE-2013-2099;0.046670000;0.912340000
CVE-2013-2097;0.260470000;0.978650000
CVE-2013-2096;0.003860000;0.321270000
CVE-2013-2095;0.024980000;0.837780000
CVE-2013-2094;0.477090000;0.987760000
CVE-2013-2093;0.052190000;0.920350000
CVE-2013-2092;0.013470000;0.698470000
CVE-2013-2091;0.025040000;0.838210000
CVE-2013-2090;0.042470000;0.904780000
CVE-2013-2089;0.012620000;0.679720000
CVE-2013-2088;0.314660000;0.981790000
CVE-2013-2087;0.020600000;0.802430000
CVE-2013-2086;0.017990000;0.772290000
CVE-2013-2085;0.014640000;0.721480000
CVE-2013-2083;0.024080000;0.831430000
CVE-2013-2082;0.023720000;0.828850000
CVE-2013-2081;0.015560000;0.737550000
CVE-2013-2080;0.018760000;0.782220000
CVE-2013-2079;0.012290000;0.672040000
CVE-2013-2078;0.003710000;0.305350000
CVE-2013-2077;0.005310000;0.433030000
CVE-2013-2076;0.004960000;0.410930000
CVE-2013-2075;0.021900000;0.814220000
CVE-2013-2074;0.019800000;0.793900000
CVE-2013-2073;0.008210000;0.552440000
CVE-2013-2072;0.010580000;0.625720000
CVE-2013-2071;0.065010000;0.933730000
CVE-2013-2070;0.119250000;0.958730000
CVE-2013-2069;0.003450000;0.276600000
CVE-2013-2068;0.586240000;0.990470000
CVE-2013-2067;0.071470000;0.939070000
CVE-2013-2066;0.023310000;0.825790000
CVE-2013-2065;0.025100000;0.838620000
CVE-2013-2064;0.024510000;0.834710000
CVE-2013-2063;0.013940000;0.708240000
CVE-2013-2062;0.016710000;0.754670000
CVE-2013-2061;0.028130000;0.857360000
CVE-2013-2060;0.055400000;0.923840000
CVE-2013-2059;0.024680000;0.835790000
CVE-2013-2058;0.004520000;0.381650000
CVE-2013-2057;0.021370000;0.809760000
CVE-2013-2056;0.023670000;0.828480000
CVE-2013-2055;0.031880000;0.873560000
CVE-2013-2054;0.020350000;0.799760000
CVE-2013-2053;0.024470000;0.834380000
CVE-2013-2052;0.017650000;0.767800000
CVE-2013-2051;0.021280000;0.808980000
CVE-2013-2050;0.156590000;0.966480000
CVE-2013-2049;0.012130000;0.667980000
CVE-2013-2048;0.016320000;0.748900000
CVE-2013-2047;0.003740000;0.308440000
CVE-2013-2046;0.016060000;0.744920000
CVE-2013-2045;0.016060000;0.744920000
CVE-2013-2044;0.016360000;0.749670000
CVE-2013-2043;0.014220000;0.713670000
CVE-2013-2042;0.011520000;0.651470000
CVE-2013-2041;0.011520000;0.651470000
CVE-2013-2040;0.011520000;0.651470000
CVE-2013-2039;0.020400000;0.800310000
CVE-2013-2038;0.041500000;0.902800000
CVE-2013-2037;0.013240000;0.693170000
CVE-2013-2036;0.011610000;0.653580000
CVE-2013-2035;0.005940000;0.465580000
CVE-2013-2034;0.016240000;0.747690000
CVE-2013-2033;0.018750000;0.782130000
CVE-2013-2032;0.025100000;0.838610000
CVE-2013-2031;0.025020000;0.838010000
CVE-2013-2030;0.002400000;0.151300000
CVE-2013-2029;0.003540000;0.286950000
CVE-2013-2028;0.874750000;0.997470000
CVE-2013-2027;0.004410000;0.373050000
CVE-2013-2025;0.019250000;0.787940000
CVE-2013-2024;0.045230000;0.909830000
CVE-2013-2023;0.024610000;0.835340000
CVE-2013-2022;0.027220000;0.852120000
CVE-2013-2021;0.035020000;0.885040000
CVE-2013-2020;0.035470000;0.886330000
CVE-2013-2019;0.023180000;0.824770000
CVE-2013-2018;0.020140000;0.797850000
CVE-2013-2017;0.041890000;0.903590000
CVE-2013-2016;0.005050000;0.416490000
CVE-2013-2015;0.003820000;0.316290000
CVE-2013-2014;0.032710000;0.877010000
CVE-2013-2013;0.003730000;0.307750000
CVE-2013-2012;0.004130000;0.348340000
CVE-2013-2011;0.051280000;0.919110000
CVE-2013-2010;0.738620000;0.994470000
CVE-2013-2009;0.129850000;0.960980000
CVE-2013-2008;0.015230000;0.731820000
CVE-2013-2007;0.003750000;0.309620000
CVE-2013-2006;0.006070000;0.471790000
CVE-2013-2005;0.020840000;0.804940000
CVE-2013-2004;0.015760000;0.740520000
CVE-2013-2003;0.021270000;0.808930000
CVE-2013-2002;0.030820000;0.869400000
CVE-2013-2001;0.027100000;0.851410000
CVE-2013-20006;0.003560000;0.290140000
CVE-2013-20005;0.002320000;0.141690000
CVE-2013-20004;0.012110000;0.667380000
CVE-2013-20003;0.005720000;0.455390000
CVE-2013-20002;0.038750000;0.896080000
CVE-2013-20001;0.020840000;0.804860000
CVE-2013-2000;0.021090000;0.807400000
CVE-2013-1999;0.023310000;0.825790000
CVE-2013-1998;0.027980000;0.856550000
CVE-2013-1997;0.021090000;0.807390000
CVE-2013-1996;0.012620000;0.679830000
CVE-2013-1995;0.018760000;0.782220000
CVE-2013-1994;0.016830000;0.756650000
CVE-2013-1993;0.026870000;0.850160000
CVE-2013-1992;0.013940000;0.708240000
CVE-2013-1991;0.012620000;0.679830000
CVE-2013-1990;0.013950000;0.708490000
CVE-2013-1989;0.018270000;0.776110000
CVE-2013-1988;0.019670000;0.792380000
CVE-2013-1987;0.018780000;0.782420000
CVE-2013-1986;0.018190000;0.775010000
CVE-2013-1985;0.018170000;0.774750000
CVE-2013-1984;0.018190000;0.775010000
CVE-2013-1983;0.021370000;0.809780000
CVE-2013-1982;0.016930000;0.758020000
CVE-2013-1981;0.013950000;0.708500000
CVE-2013-1980;0.037000000;0.891010000
CVE-2013-1979;0.004180000;0.352900000
CVE-2013-1978;0.041910000;0.903610000
CVE-2013-1977;0.004380000;0.370700000
CVE-2013-1976;0.003720000;0.306830000
CVE-2013-1973;0.010940000;0.636210000
CVE-2013-1972;0.013540000;0.700090000
CVE-2013-1971;0.009310000;0.586610000
CVE-2013-1969;0.038190000;0.894570000
CVE-2013-1968;0.028140000;0.857420000
CVE-2013-1967;0.022140000;0.816430000
CVE-2013-1966;0.737050000;0.994420000
CVE-2013-1965;0.935270000;0.998350000
CVE-2013-1964;0.003490000;0.281370000
CVE-2013-1963;0.014220000;0.713660000
CVE-2013-1962;0.035130000;0.885370000
CVE-2013-1961;0.059130000;0.928150000
CVE-2013-1960;0.118230000;0.958440000
CVE-2013-1959;0.012450000;0.675800000
CVE-2013-1958;0.003400000;0.271490000
CVE-2013-1957;0.003380000;0.269370000
CVE-2013-1956;0.003830000;0.318310000
CVE-2013-1955;0.011480000;0.649980000
CVE-2013-1954;0.060730000;0.929790000
CVE-2013-1953;0.017310000;0.763140000
CVE-2013-1952;0.004210000;0.356400000
CVE-2013-1951;0.016390000;0.749990000
CVE-2013-1950;0.064600000;0.933390000
CVE-2013-1949;0.023740000;0.828970000
CVE-2013-1948;0.021610000;0.811850000
CVE-2013-1947;0.016050000;0.744690000
CVE-2013-1946;0.013470000;0.698420000
CVE-2013-1945;0.002880000;0.212490000
CVE-2013-1944;0.043360000;0.906420000
CVE-2013-1943;0.004490000;0.379460000
CVE-2013-1942;0.054940000;0.923250000
CVE-2013-1941;0.011160000;0.642090000
CVE-2013-1940;0.003760000;0.310800000
CVE-2013-1939;0.017790000;0.769720000
CVE-2013-1938;0.032530000;0.876330000
CVE-2013-1937;0.063200000;0.932170000
CVE-2013-1935;0.004870000;0.405030000
CVE-2013-1934;0.009240000;0.584200000
CVE-2013-1933;0.017930000;0.771500000
CVE-2013-1932;0.010100000;0.611610000
CVE-2013-1931;0.023480000;0.827190000
CVE-2013-1930;0.012190000;0.669350000
CVE-2013-1929;0.006900000;0.508170000
CVE-2013-1928;0.003500000;0.282660000
CVE-2013-1927;0.043230000;0.906170000
CVE-2013-1926;0.018650000;0.780940000
CVE-2013-1925;0.017720000;0.768860000
CVE-2013-1924;0.010940000;0.636230000
CVE-2013-1923;0.010450000;0.622100000
CVE-2013-1922;0.003440000;0.275810000
CVE-2013-1921;0.002390000;0.151110000
CVE-2013-1920;0.004010000;0.336710000
CVE-2013-1919;0.003720000;0.306330000
CVE-2013-1918;0.003630000;0.297360000
CVE-2013-1917;0.003720000;0.307070000
CVE-2013-1916;0.128470000;0.960670000
CVE-2013-1915;0.042080000;0.903980000
CVE-2013-1914;0.041130000;0.901970000
CVE-2013-1913;0.040660000;0.900890000
CVE-2013-1912;0.054640000;0.922920000
CVE-2013-1911;0.019590000;0.791720000
CVE-2013-1910;0.024960000;0.837690000
CVE-2013-1909;0.015860000;0.741920000
CVE-2013-1908;0.025580000;0.841880000
CVE-2013-1907;0.029080000;0.862070000
CVE-2013-1906;0.011480000;0.650010000
CVE-2013-1905;0.022270000;0.817480000
CVE-2013-1904;0.022870000;0.822160000
CVE-2013-1903;0.022060000;0.815770000
CVE-2013-1902;0.022060000;0.815770000
CVE-2013-1901;0.032980000;0.878100000
CVE-2013-1900;0.045110000;0.909630000
CVE-2013-1899;0.543120000;0.989460000
CVE-2013-1898;0.021110000;0.807540000
CVE-2013-1897;0.020960000;0.806160000
CVE-2013-1896;0.294840000;0.980760000
CVE-2013-1895;0.028350000;0.858460000
CVE-2013-1893;0.010720000;0.629940000
CVE-2013-1892;0.445430000;0.986920000
CVE-2013-1891;0.065790000;0.934390000
CVE-2013-1890;0.011970000;0.663350000
CVE-2013-1889;0.021650000;0.812130000
CVE-2013-1888;0.003670000;0.301420000
CVE-2013-1887;0.020460000;0.800970000
CVE-2013-1886;0.022200000;0.816900000
CVE-2013-1885;0.012370000;0.673800000
CVE-2013-1884;0.505380000;0.988460000
CVE-2013-1883;0.027590000;0.854270000
CVE-2013-1881;0.031970000;0.873990000
CVE-2013-1880;0.067910000;0.936110000
CVE-2013-1879;0.065930000;0.934510000
CVE-2013-1875;0.036330000;0.888850000
CVE-2013-1874;0.004220000;0.357300000
CVE-2013-1872;0.026090000;0.845220000
CVE-2013-1871;0.015930000;0.742960000
CVE-2013-1869;0.018500000;0.779050000
CVE-2013-1868;0.109780000;0.956350000
CVE-2013-1867;0.003940000;0.329360000
CVE-2013-1866;0.004220000;0.357110000
CVE-2013-1865;0.026300000;0.846530000
CVE-2013-1864;0.028500000;0.859230000
CVE-2013-1863;0.021550000;0.811360000
CVE-2013-1862;0.248860000;0.977800000
CVE-2013-1861;0.186750000;0.971000000
CVE-2013-1860;0.008200000;0.552170000
CVE-2013-1859;0.027820000;0.855830000
CVE-2013-1858;0.016850000;0.757010000
CVE-2013-1857;0.018680000;0.781360000
CVE-2013-1856;0.020540000;0.801870000
CVE-2013-1855;0.026400000;0.847150000
CVE-2013-1854;0.034380000;0.882860000
CVE-2013-1853;0.003700000;0.304280000
CVE-2013-1852;0.054160000;0.922420000
CVE-2013-1851;0.011810000;0.659700000
CVE-2013-1850;0.011930000;0.662510000
CVE-2013-1849;0.088450000;0.948980000
CVE-2013-1848;0.005770000;0.457630000
CVE-2013-1847;0.514420000;0.988750000
CVE-2013-1846;0.067250000;0.935560000
CVE-2013-1845;0.058730000;0.927850000
CVE-2013-1844;0.009310000;0.586830000
CVE-2013-1843;0.024180000;0.832270000
CVE-2013-1842;0.031210000;0.870980000
CVE-2013-1841;0.019440000;0.790090000
CVE-2013-1840;0.013670000;0.702910000
CVE-2013-1839;0.183070000;0.970560000
CVE-2013-1838;0.027420000;0.853340000
CVE-2013-1836;0.019610000;0.791840000
CVE-2013-1835;0.014810000;0.724800000
CVE-2013-1834;0.017100000;0.760500000
CVE-2013-1833;0.014570000;0.720110000
CVE-2013-1832;0.011190000;0.643020000
CVE-2013-1831;0.013930000;0.708150000
CVE-2013-1830;0.015770000;0.740680000
CVE-2013-1829;0.011180000;0.642720000
CVE-2013-1828;0.010140000;0.613020000
CVE-2013-1827;0.004800000;0.400750000
CVE-2013-1826;0.004950000;0.410280000
CVE-2013-1824;0.043140000;0.906050000
CVE-2013-1823;0.019030000;0.785430000
CVE-2013-1822;0.007420000;0.526760000
CVE-2013-1821;0.067280000;0.935590000
CVE-2013-1820;0.003760000;0.310720000
CVE-2013-1819;0.004400000;0.372160000
CVE-2013-1818;0.021050000;0.807000000
CVE-2013-1817;0.025150000;0.839020000
CVE-2013-1816;0.026830000;0.849890000
CVE-2013-1815;0.004550000;0.383460000
CVE-2013-1814;0.738220000;0.994450000
CVE-2013-1813;0.006230000;0.479840000
CVE-2013-1812;0.021320000;0.809400000
CVE-2013-1811;0.010250000;0.616330000
CVE-2013-1810;0.009620000;0.596660000
CVE-2013-1809;0.020110000;0.797540000
CVE-2013-1808;0.063160000;0.932150000
CVE-2013-1807;0.076190000;0.942090000
CVE-2013-1806;0.078420000;0.943380000
CVE-2013-1804;0.044410000;0.908410000
CVE-2013-1803;0.040490000;0.900540000
CVE-2013-1802;0.034150000;0.882040000
CVE-2013-1801;0.044100000;0.907740000
CVE-2013-1800;0.049520000;0.916740000
CVE-2013-1799;0.010280000;0.616970000
CVE-2013-1798;0.013500000;0.699160000
CVE-2013-1797;0.008940000;0.574840000
CVE-2013-1796;0.009460000;0.591710000
CVE-2013-1795;0.032830000;0.877430000
CVE-2013-1794;0.033830000;0.881020000
CVE-2013-1793;0.010260000;0.616530000
CVE-2013-1792;0.002870000;0.212300000
CVE-2013-1790;0.025780000;0.843240000
CVE-2013-1789;0.023820000;0.829450000
CVE-2013-1788;0.038660000;0.895850000
CVE-2013-1787;0.009410000;0.589960000
CVE-2013-1786;0.009410000;0.589920000
CVE-2013-1785;0.009410000;0.589940000
CVE-2013-1784;0.009410000;0.589930000
CVE-2013-1783;0.010890000;0.634580000
CVE-2013-1782;0.010640000;0.627710000
CVE-2013-1781;0.009410000;0.589950000
CVE-2013-1780;0.010890000;0.634580000
CVE-2013-1779;0.009620000;0.596660000
CVE-2013-1778;0.009410000;0.589950000
CVE-2013-1777;0.098080000;0.952690000
CVE-2013-1776;0.003740000;0.309110000
CVE-2013-1775;0.031760000;0.873130000
CVE-2013-1774;0.003880000;0.323130000
CVE-2013-1773;0.010390000;0.620390000
CVE-2013-1772;0.003770000;0.311650000
CVE-2013-1771;0.030470000;0.867920000
CVE-2013-1770;0.021640000;0.812050000
CVE-2013-1769;0.024480000;0.834450000
CVE-2013-1768;0.095110000;0.951560000
CVE-2013-1767;0.005000000;0.413780000
CVE-2013-1766;0.003820000;0.316340000
CVE-2013-1765;0.039140000;0.897050000
CVE-2013-1764;0.003820000;0.316540000
CVE-2013-1763;0.042140000;0.904120000
CVE-2013-1762;0.029320000;0.863110000
CVE-2013-1760;0.011490000;0.650330000
CVE-2013-1759;0.020230000;0.798680000
CVE-2013-1758;0.020530000;0.801740000
CVE-2013-1756;0.037130000;0.891340000
CVE-2013-1753;0.035880000;0.887550000
CVE-2013-1751;0.048720000;0.915470000
CVE-2013-1750;0.031890000;0.873680000
CVE-2013-1749;0.009660000;0.597630000
CVE-2013-1748;0.010240000;0.616150000
CVE-2013-1747;0.027120000;0.851520000
CVE-2013-1744;0.051310000;0.919140000
CVE-2013-1743;0.028240000;0.857910000
CVE-2013-1742;0.024050000;0.831230000
CVE-2013-1741;0.038930000;0.896510000
CVE-2013-1740;0.016640000;0.753640000
CVE-2013-1739;0.034060000;0.881810000
CVE-2013-1738;0.059080000;0.928090000
CVE-2013-1737;0.029320000;0.863130000
CVE-2013-1736;0.053910000;0.922160000
CVE-2013-1735;0.047310000;0.913280000
CVE-2013-1734;0.005790000;0.458570000
CVE-2013-1733;0.005790000;0.458570000
CVE-2013-1732;0.088940000;0.949250000
CVE-2013-1731;0.018230000;0.775550000
CVE-2013-1730;0.022510000;0.819360000
CVE-2013-1729;0.012330000;0.673040000
CVE-2013-1728;0.017890000;0.770960000
CVE-2013-1727;0.051890000;0.919900000
CVE-2013-1726;0.003350000;0.266280000
CVE-2013-1725;0.040130000;0.899770000
CVE-2013-1724;0.057100000;0.925870000
CVE-2013-1723;0.017950000;0.771710000
CVE-2013-1722;0.056930000;0.925690000
CVE-2013-1721;0.043570000;0.906820000
CVE-2013-1720;0.039910000;0.899240000
CVE-2013-1719;0.054370000;0.922630000
CVE-2013-1718;0.054370000;0.922620000
CVE-2013-1717;0.024240000;0.832670000
CVE-2013-1715;0.004140000;0.349290000
CVE-2013-1714;0.020910000;0.805630000
CVE-2013-1713;0.016200000;0.747070000
CVE-2013-1712;0.003870000;0.321760000
CVE-2013-1711;0.021580000;0.811670000
CVE-2013-1710;0.401180000;0.985510000
CVE-2013-1709;0.013310000;0.694800000
CVE-2013-1708;0.031780000;0.873190000
CVE-2013-1707;0.003290000;0.258850000
CVE-2013-1706;0.003290000;0.258850000
CVE-2013-1705;0.039140000;0.897050000
CVE-2013-1704;0.045020000;0.909500000
CVE-2013-1702;0.053910000;0.922160000
CVE-2013-1701;0.045870000;0.911080000
CVE-2013-1700;0.003700000;0.304730000
CVE-2013-1699;0.020800000;0.804500000
CVE-2013-1698;0.014860000;0.725550000
CVE-2013-1697;0.031660000;0.872780000
CVE-2013-1696;0.016610000;0.753330000
CVE-2013-1695;0.026510000;0.847750000
CVE-2013-1694;0.046030000;0.911340000
CVE-2013-1693;0.037450000;0.892320000
CVE-2013-1692;0.020110000;0.797590000
CVE-2013-1690;0.690210000;0.993100000
CVE-2013-1689;0.008300000;0.555010000
CVE-2013-1688;0.025600000;0.842010000
CVE-2013-1687;0.033370000;0.879450000
CVE-2013-1686;0.053970000;0.922200000
CVE-2013-1685;0.035370000;0.886040000
CVE-2013-1684;0.035370000;0.886040000
CVE-2013-1683;0.053970000;0.922210000
CVE-2013-1682;0.053970000;0.922210000
CVE-2013-1681;0.055930000;0.924540000
CVE-2013-1680;0.055450000;0.923880000
CVE-2013-1679;0.054370000;0.922620000
CVE-2013-1678;0.055020000;0.923330000
CVE-2013-1677;0.055020000;0.923330000
CVE-2013-1676;0.057090000;0.925850000
CVE-2013-1675;0.066960000;0.935240000
CVE-2013-1674;0.058280000;0.927300000
CVE-2013-1673;0.002580000;0.175560000
CVE-2013-1672;0.003320000;0.262780000
CVE-2013-1671;0.010410000;0.620910000
CVE-2013-1670;0.108930000;0.956070000
CVE-2013-1669;0.053910000;0.922160000
CVE-2013-1668;0.069770000;0.937610000
CVE-2013-1667;0.035770000;0.887210000
CVE-2013-1666;0.022790000;0.821540000
CVE-2013-1665;0.046310000;0.911780000
CVE-2013-1664;0.049030000;0.915910000
CVE-2013-1662;0.046380000;0.911880000
CVE-2013-1661;0.011050000;0.639300000
CVE-2013-1659;0.018160000;0.774690000
CVE-2013-1656;0.015310000;0.733250000
CVE-2013-1655;0.045580000;0.910600000
CVE-2013-1654;0.029470000;0.863760000
CVE-2013-1653;0.053750000;0.921980000
CVE-2013-1652;0.018590000;0.780220000
CVE-2013-1651;0.009900000;0.605670000
CVE-2013-1650;0.007610000;0.532910000
CVE-2013-1649;0.018890000;0.783730000
CVE-2013-1648;0.013260000;0.693660000
CVE-2013-1647;0.017240000;0.762280000
CVE-2013-1646;0.013270000;0.693990000
CVE-2013-1645;0.028210000;0.857820000
CVE-2013-1643;0.101360000;0.953770000
CVE-2013-1642;0.015730000;0.740110000
CVE-2013-1641;0.037200000;0.891560000
CVE-2013-1640;0.049270000;0.916290000
CVE-2013-1639;0.004910000;0.407980000
CVE-2013-1638;0.080360000;0.944490000
CVE-2013-1637;0.045870000;0.911070000
CVE-2013-1636;0.063140000;0.932120000
CVE-2013-1635;0.097470000;0.952450000
CVE-2013-1634;0.024880000;0.837140000
CVE-2013-1633;0.019650000;0.792290000
CVE-2013-1631;0.013150000;0.691370000
CVE-2013-1630;0.021000000;0.806550000
CVE-2013-1629;0.062170000;0.931220000
CVE-2013-1627;0.033870000;0.881120000
CVE-2013-1624;0.029720000;0.864750000
CVE-2013-1623;0.024240000;0.832700000
CVE-2013-1621;0.020680000;0.803360000
CVE-2013-1620;0.037230000;0.891680000
CVE-2013-1619;0.064400000;0.933260000
CVE-2013-1618;0.021570000;0.811520000
CVE-2013-1617;0.056570000;0.925330000
CVE-2013-1616;0.107470000;0.955670000
CVE-2013-1615;0.007600000;0.532740000
CVE-2013-1614;0.015140000;0.730480000
CVE-2013-1613;0.014610000;0.721020000
CVE-2013-1612;0.043830000;0.907380000
CVE-2013-1611;0.008430000;0.559120000
CVE-2013-1610;0.003030000;0.228750000
CVE-2013-1609;0.004140000;0.348870000
CVE-2013-1608;0.012460000;0.676050000
CVE-2013-1607;0.026750000;0.849470000
CVE-2013-1606;0.233970000;0.976540000
CVE-2013-1605;0.115430000;0.957790000
CVE-2013-1604;0.035580000;0.886600000
CVE-2013-1603;0.161290000;0.967350000
CVE-2013-1602;0.150770000;0.965290000
CVE-2013-1601;0.127280000;0.960370000
CVE-2013-1600;0.185010000;0.970790000
CVE-2013-1599;0.403530000;0.985590000
CVE-2013-1598;0.204630000;0.973560000
CVE-2013-1597;0.141930000;0.963690000
CVE-2013-1596;0.104380000;0.954720000
CVE-2013-1595;0.415960000;0.985980000
CVE-2013-1594;0.073310000;0.940330000
CVE-2013-1593;0.023880000;0.829970000
CVE-2013-1592;0.244070000;0.977400000
CVE-2013-1591;0.036260000;0.888650000
CVE-2013-1590;0.009380000;0.588810000
CVE-2013-1589;0.008640000;0.565890000
CVE-2013-1588;0.008640000;0.565860000
CVE-2013-1587;0.007280000;0.521890000
CVE-2013-1586;0.008260000;0.553650000
CVE-2013-1585;0.008640000;0.565890000
CVE-2013-1584;0.007390000;0.525670000
CVE-2013-1583;0.007390000;0.525670000
CVE-2013-1582;0.008840000;0.572050000
CVE-2013-1581;0.007280000;0.521890000
CVE-2013-1580;0.007280000;0.521880000
CVE-2013-1579;0.007030000;0.513010000
CVE-2013-1578;0.007280000;0.521900000
CVE-2013-1577;0.007280000;0.521890000
CVE-2013-1576;0.007280000;0.521880000
CVE-2013-1575;0.007280000;0.521900000
CVE-2013-1574;0.007280000;0.521910000
CVE-2013-1573;0.007280000;0.521890000
CVE-2013-1572;0.007280000;0.521900000
CVE-2013-1571;0.669210000;0.992500000
CVE-2013-1570;0.026610000;0.848470000
CVE-2013-1569;0.088690000;0.949100000
CVE-2013-1568;0.009950000;0.606840000
CVE-2013-1567;0.018750000;0.782080000
CVE-2013-1566;0.018750000;0.782080000
CVE-2013-1565;0.012670000;0.681100000
CVE-2013-1564;0.028680000;0.860110000
CVE-2013-1563;0.051250000;0.919070000
CVE-2013-1562;0.008950000;0.575220000
CVE-2013-1561;0.028890000;0.861100000
CVE-2013-1560;0.009940000;0.606650000
CVE-2013-1559;0.588170000;0.990510000
CVE-2013-1558;0.073290000;0.940320000
CVE-2013-1557;0.069170000;0.937110000
CVE-2013-1556;0.008200000;0.551980000
CVE-2013-1555;0.026010000;0.844740000
CVE-2013-1554;0.016590000;0.752990000
CVE-2013-1553;0.011870000;0.661030000
CVE-2013-1552;0.022240000;0.817150000
CVE-2013-1551;0.009670000;0.597930000
CVE-2013-1550;0.010240000;0.615760000
CVE-2013-1549;0.008200000;0.551980000
CVE-2013-1548;0.018240000;0.775720000
CVE-2013-1547;0.008200000;0.551980000
CVE-2013-1546;0.002890000;0.213950000
CVE-2013-1545;0.012670000;0.681100000
CVE-2013-1544;0.022790000;0.821490000
CVE-2013-1543;0.009570000;0.595000000
CVE-2013-1542;0.010240000;0.615790000
CVE-2013-1541;0.009050000;0.578420000
CVE-2013-1540;0.037570000;0.892650000
CVE-2013-1539;0.009050000;0.578430000
CVE-2013-1538;0.016250000;0.747880000
CVE-2013-1537;0.098750000;0.952910000
CVE-2013-1536;0.009950000;0.607060000
CVE-2013-1535;0.012200000;0.669580000
CVE-2013-1534;0.037290000;0.891810000
CVE-2013-1533;0.009500000;0.592920000
CVE-2013-1532;0.022600000;0.819960000
CVE-2013-1531;0.022430000;0.818800000
CVE-2013-1530;0.003040000;0.230010000
CVE-2013-1529;0.009850000;0.603980000
CVE-2013-1528;0.010240000;0.615770000
CVE-2013-1527;0.009950000;0.607060000
CVE-2013-1526;0.022140000;0.816440000
CVE-2013-1525;0.009570000;0.595010000
CVE-2013-1524;0.010240000;0.615760000
CVE-2013-1523;0.018980000;0.784920000
CVE-2013-1522;0.010240000;0.615770000
CVE-2013-1521;0.022430000;0.818780000
CVE-2013-1520;0.009500000;0.592910000
CVE-2013-1519;0.014080000;0.711100000
CVE-2013-1518;0.072130000;0.939550000
CVE-2013-1517;0.010750000;0.630710000
CVE-2013-1516;0.009950000;0.606840000
CVE-2013-1515;0.010460000;0.622290000
CVE-2013-1514;0.008610000;0.564920000
CVE-2013-1513;0.010240000;0.615780000
CVE-2013-1512;0.021950000;0.814870000
CVE-2013-1511;0.018720000;0.781830000
CVE-2013-1510;0.012680000;0.681220000
CVE-2013-1509;0.022070000;0.815870000
CVE-2013-1508;0.010460000;0.622280000
CVE-2013-1507;0.003520000;0.284920000
CVE-2013-1506;0.019050000;0.785550000
CVE-2013-1505;0.009050000;0.578390000
CVE-2013-1504;0.010240000;0.615770000
CVE-2013-1503;0.008200000;0.551980000
CVE-2013-1502;0.003380000;0.269830000
CVE-2013-1501;0.009850000;0.603990000
CVE-2013-1500;0.005060000;0.417410000
CVE-2013-1499;0.002570000;0.174600000
CVE-2013-1498;0.003830000;0.317600000
CVE-2013-1497;0.009850000;0.603990000
CVE-2013-1496;0.003830000;0.317590000
CVE-2013-1495;0.003960000;0.332320000
CVE-2013-1494;0.003250000;0.254360000
CVE-2013-1493;0.861510000;0.997190000
CVE-2013-1492;0.028300000;0.858250000
CVE-2013-1491;0.164220000;0.967940000
CVE-2013-1490;0.027010000;0.850900000
CVE-2013-1489;0.076410000;0.942230000
CVE-2013-1488;0.872270000;0.997410000
CVE-2013-1487;0.060360000;0.929420000
CVE-2013-1486;0.069170000;0.937120000
CVE-2013-1485;0.039500000;0.898190000
CVE-2013-1484;0.061960000;0.930980000
CVE-2013-1483;0.049900000;0.917270000
CVE-2013-1482;0.049900000;0.917270000
CVE-2013-1481;0.075500000;0.941610000
CVE-2013-1480;0.077140000;0.942680000
CVE-2013-1479;0.060150000;0.929200000
CVE-2013-1478;0.076340000;0.942190000
CVE-2013-1477;0.050560000;0.918200000
CVE-2013-1476;0.077140000;0.942680000
CVE-2013-1475;0.077140000;0.942680000
CVE-2013-1474;0.039570000;0.898390000
CVE-2013-1473;0.054870000;0.923190000
CVE-2013-1472;0.049900000;0.917280000
CVE-2013-1471;0.020150000;0.797870000
CVE-2013-1470;0.018850000;0.783320000
CVE-2013-1469;0.560110000;0.989860000
CVE-2013-1468;0.057260000;0.926080000
CVE-2013-1466;0.037750000;0.893220000
CVE-2013-1465;0.070860000;0.938530000
CVE-2013-1464;0.064140000;0.932940000
CVE-2013-1463;0.063500000;0.932410000
CVE-2013-1462;0.018490000;0.778850000
CVE-2013-1461;0.027950000;0.856400000
CVE-2013-1455;0.012450000;0.675710000
CVE-2013-1454;0.012450000;0.675710000
CVE-2013-1453;0.031490000;0.872040000
CVE-2013-1451;0.203790000;0.973380000
CVE-2013-1450;0.089930000;0.949640000
CVE-2013-1447;0.025040000;0.838230000
CVE-2013-1445;0.017450000;0.765020000
CVE-2013-1444;0.003400000;0.272330000
CVE-2013-1443;0.026830000;0.849880000
CVE-2013-1442;0.003730000;0.307410000
CVE-2013-1441;0.012610000;0.679640000
CVE-2013-1439;0.017790000;0.769680000
CVE-2013-1438;0.020590000;0.802370000
CVE-2013-1437;0.029430000;0.863570000
CVE-2013-1436;0.089850000;0.949610000
CVE-2013-1435;0.023910000;0.830250000
CVE-2013-1434;0.017270000;0.762630000
CVE-2013-1432;0.005830000;0.460240000
CVE-2013-1431;0.020270000;0.799080000
CVE-2013-1430;0.013260000;0.693770000
CVE-2013-1429;0.012970000;0.687490000
CVE-2013-1428;0.606790000;0.990940000
CVE-2013-1427;0.003490000;0.282010000
CVE-2013-1426;0.010450000;0.622250000
CVE-2013-1425;0.003400000;0.271530000
CVE-2013-1424;0.003050000;0.230800000
CVE-2013-1423;0.003740000;0.309060000
CVE-2013-1422;0.016210000;0.747260000
CVE-2013-1421;0.012400000;0.674420000
CVE-2013-1420;0.010600000;0.626260000
CVE-2013-1418;0.055080000;0.923410000
CVE-2013-1417;0.019320000;0.788760000
CVE-2013-1416;0.029210000;0.862620000
CVE-2013-1415;0.036600000;0.889880000
CVE-2013-1414;0.022860000;0.821990000
CVE-2013-1413;0.011610000;0.653740000
CVE-2013-1412;0.404650000;0.985640000
CVE-2013-1410;0.015040000;0.728730000
CVE-2013-1409;0.045460000;0.910370000
CVE-2013-1408;0.043140000;0.906050000
CVE-2013-1407;0.020580000;0.802230000
CVE-2013-1406;0.009680000;0.599050000
CVE-2013-1405;0.028030000;0.856830000
CVE-2013-1402;0.063250000;0.932200000
CVE-2013-1401;0.049730000;0.917040000
CVE-2013-1400;0.031770000;0.873170000
CVE-2013-1399;0.006070000;0.471920000
CVE-2013-1398;0.015540000;0.737240000
CVE-2013-1397;0.016190000;0.746890000
CVE-2013-1393;0.020030000;0.796500000
CVE-2013-1391;0.761090000;0.995030000
CVE-2013-1389;0.061300000;0.930360000
CVE-2013-1388;0.045370000;0.910090000
CVE-2013-1387;0.045980000;0.911220000
CVE-2013-1386;0.038690000;0.895920000
CVE-2013-1385;0.042900000;0.905580000
CVE-2013-1384;0.038690000;0.895920000
CVE-2013-1383;0.059670000;0.928740000
CVE-2013-1380;0.049520000;0.916730000
CVE-2013-1379;0.062300000;0.931330000
CVE-2013-1378;0.049520000;0.916730000
CVE-2013-1377;0.038360000;0.895050000
CVE-2013-1376;0.071920000;0.939420000
CVE-2013-1375;0.092570000;0.950640000
CVE-2013-1374;0.085270000;0.947310000
CVE-2013-1373;0.103000000;0.954250000
CVE-2013-1372;0.103000000;0.954260000
CVE-2013-1371;0.051410000;0.919270000
CVE-2013-1370;0.103000000;0.954280000
CVE-2013-1369;0.103000000;0.954260000
CVE-2013-1368;0.103000000;0.954270000
CVE-2013-1367;0.103000000;0.954280000
CVE-2013-1366;0.103000000;0.954260000
CVE-2013-1365;0.103000000;0.954270000
CVE-2013-1364;0.021690000;0.812460000
CVE-2013-1362;0.657240000;0.992200000
CVE-2013-1361;0.063670000;0.932540000
CVE-2013-1360;0.232110000;0.976400000
CVE-2013-1359;0.894020000;0.997750000
CVE-2013-1353;0.005900000;0.463900000
CVE-2013-1352;0.013070000;0.689600000
CVE-2013-1351;0.020080000;0.797340000
CVE-2013-1350;0.015140000;0.730550000
CVE-2013-1349;0.227210000;0.975920000
CVE-2013-1348;0.016190000;0.746890000
CVE-2013-1347;0.778890000;0.995440000
CVE-2013-1346;0.116360000;0.958000000
CVE-2013-1345;0.017430000;0.764830000
CVE-2013-1344;0.016540000;0.752210000
CVE-2013-1343;0.016540000;0.752200000
CVE-2013-1342;0.011910000;0.662030000
CVE-2013-1341;0.018060000;0.773290000
CVE-2013-1340;0.015260000;0.732370000
CVE-2013-1339;0.236250000;0.976730000
CVE-2013-1338;0.205390000;0.973680000
CVE-2013-1337;0.206320000;0.973780000
CVE-2013-1336;0.192630000;0.971770000
CVE-2013-1335;0.209330000;0.974170000
CVE-2013-1334;0.017370000;0.764010000
CVE-2013-1333;0.021450000;0.810480000
CVE-2013-1332;0.018780000;0.782450000
CVE-2013-1331;0.818770000;0.996280000
CVE-2013-1330;0.274110000;0.979480000
CVE-2013-1329;0.207660000;0.973970000
CVE-2013-1328;0.207660000;0.973970000
CVE-2013-1327;0.207660000;0.973960000
CVE-2013-1325;0.314330000;0.981770000
CVE-2013-1324;0.314330000;0.981770000
CVE-2013-1323;0.207660000;0.973970000
CVE-2013-1322;0.252620000;0.978120000
CVE-2013-1321;0.217040000;0.974910000
CVE-2013-1320;0.290270000;0.980500000
CVE-2013-1319;0.250650000;0.977950000
CVE-2013-1318;0.261680000;0.978730000
CVE-2013-1317;0.208720000;0.974100000
CVE-2013-1316;0.218140000;0.974980000
CVE-2013-1315;0.287020000;0.980260000
CVE-2013-1313;0.227010000;0.975910000
CVE-2013-1312;0.206430000;0.973790000
CVE-2013-1311;0.206990000;0.973880000
CVE-2013-1310;0.206430000;0.973790000
CVE-2013-1309;0.391090000;0.985090000
CVE-2013-1308;0.209000000;0.974150000
CVE-2013-1307;0.206430000;0.973790000
CVE-2013-1306;0.334070000;0.982770000
CVE-2013-1305;0.546650000;0.989560000
CVE-2013-1304;0.199640000;0.972810000
CVE-2013-1303;0.205390000;0.973680000
CVE-2013-1302;0.219100000;0.975090000
CVE-2013-1301;0.167070000;0.968450000
CVE-2013-1300;0.121800000;0.959240000
CVE-2013-1299;0.094670000;0.951400000
CVE-2013-1297;0.167770000;0.968560000
CVE-2013-1296;0.206610000;0.973810000
CVE-2013-1295;0.022390000;0.818540000
CVE-2013-1294;0.010640000;0.627520000
CVE-2013-1293;0.015530000;0.737050000
CVE-2013-1292;0.008970000;0.575710000
CVE-2013-1291;0.046250000;0.911680000
CVE-2013-1290;0.169910000;0.968870000
CVE-2013-1289;0.154320000;0.965920000
CVE-2013-1288;0.184770000;0.970760000
CVE-2013-1287;0.014550000;0.719670000
CVE-2013-1286;0.014550000;0.719670000
CVE-2013-1285;0.014550000;0.719670000
CVE-2013-1284;0.015300000;0.732870000
CVE-2013-1283;0.011660000;0.655250000
CVE-2013-1282;0.270050000;0.979220000
CVE-2013-1281;0.238570000;0.976940000
CVE-2013-1280;0.017220000;0.761970000
CVE-2013-1279;0.011880000;0.661150000
CVE-2013-1278;0.009420000;0.590160000
CVE-2013-1277;0.015160000;0.730900000
CVE-2013-1276;0.015160000;0.730900000
CVE-2013-1275;0.010470000;0.622590000
CVE-2013-1274;0.015250000;0.732170000
CVE-2013-1273;0.015250000;0.732170000
CVE-2013-1272;0.015250000;0.732170000
CVE-2013-1271;0.015250000;0.732150000
CVE-2013-1270;0.015250000;0.732160000
CVE-2013-1269;0.015250000;0.732170000
CVE-2013-1268;0.015250000;0.732160000
CVE-2013-1267;0.015250000;0.732160000
CVE-2013-1266;0.015250000;0.732160000
CVE-2013-1265;0.010470000;0.622590000
CVE-2013-1264;0.014660000;0.722150000
CVE-2013-1263;0.014660000;0.722160000
CVE-2013-1262;0.014660000;0.722140000
CVE-2013-1261;0.014660000;0.722150000
CVE-2013-1260;0.014660000;0.722140000
CVE-2013-1259;0.014660000;0.722140000
CVE-2013-1258;0.014660000;0.722150000
CVE-2013-1257;0.014660000;0.722170000
CVE-2013-1256;0.014660000;0.722160000
CVE-2013-1255;0.014660000;0.722130000
CVE-2013-1254;0.015380000;0.734380000
CVE-2013-1253;0.010470000;0.622590000
CVE-2013-1252;0.014660000;0.722140000
CVE-2013-1251;0.014660000;0.722160000
CVE-2013-1250;0.014660000;0.722130000
CVE-2013-1249;0.014660000;0.722130000
CVE-2013-1248;0.014660000;0.722160000
CVE-2013-1247;0.015230000;0.731830000
CVE-2013-1246;0.016640000;0.753640000
CVE-2013-1245;0.009970000;0.607550000
CVE-2013-1244;0.007670000;0.535150000
CVE-2013-1243;0.013280000;0.694160000
CVE-2013-1242;0.012320000;0.672670000
CVE-2013-1241;0.014560000;0.720010000
CVE-2013-1240;0.003020000;0.227820000
CVE-2013-1236;0.013280000;0.694170000
CVE-2013-1235;0.012320000;0.672700000
CVE-2013-1234;0.009840000;0.603700000
CVE-2013-1232;0.011860000;0.660780000
CVE-2013-1231;0.011860000;0.660780000
CVE-2013-1230;0.012320000;0.672690000
CVE-2013-1229;0.012320000;0.672680000
CVE-2013-1228;0.004770000;0.398520000
CVE-2013-1227;0.009420000;0.590190000
CVE-2013-1226;0.007120000;0.516160000
CVE-2013-1225;0.015950000;0.743270000
CVE-2013-1224;0.021160000;0.807870000
CVE-2013-1223;0.014820000;0.724850000
CVE-2013-1222;0.012300000;0.672320000
CVE-2013-1221;0.034360000;0.882800000
CVE-2013-1220;0.013280000;0.694150000
CVE-2013-1219;0.002470000;0.160500000
CVE-2013-1218;0.018870000;0.783520000
CVE-2013-1217;0.015050000;0.729030000
CVE-2013-1216;0.009840000;0.603700000
CVE-2013-1215;0.003490000;0.282040000
CVE-2013-1214;0.011860000;0.660780000
CVE-2013-1213;0.017530000;0.766270000
CVE-2013-1212;0.006740000;0.501650000
CVE-2013-1211;0.015920000;0.742800000
CVE-2013-1210;0.015070000;0.729270000
CVE-2013-1209;0.010880000;0.634340000
CVE-2013-1208;0.009440000;0.590760000
CVE-2013-1205;0.018000000;0.772380000
CVE-2013-1204;0.012320000;0.672710000
CVE-2013-1203;0.013300000;0.694410000
CVE-2013-1202;0.010440000;0.621800000
CVE-2013-1200;0.012090000;0.666680000
CVE-2013-1199;0.009030000;0.577820000
CVE-2013-1198;0.009420000;0.590230000
CVE-2013-1197;0.010610000;0.626710000
CVE-2013-1196;0.003000000;0.225890000
CVE-2013-1195;0.017720000;0.768870000
CVE-2013-1194;0.016690000;0.754360000
CVE-2013-1193;0.017530000;0.766260000
CVE-2013-1192;0.024090000;0.831510000
CVE-2013-1191;0.018740000;0.781990000
CVE-2013-1190;0.014970000;0.727490000
CVE-2013-1189;0.006470000;0.490560000
CVE-2013-1188;0.013530000;0.699810000
CVE-2013-1187;0.012320000;0.672690000
CVE-2013-1186;0.021080000;0.807210000
CVE-2013-1185;0.018460000;0.778510000
CVE-2013-1184;0.013300000;0.694490000
CVE-2013-1183;0.035960000;0.887810000
CVE-2013-1182;0.035090000;0.885250000
CVE-2013-1181;0.018900000;0.783800000
CVE-2013-1180;0.033630000;0.880390000
CVE-2013-1179;0.033630000;0.880390000
CVE-2013-1178;0.013720000;0.703900000
CVE-2013-1177;0.011430000;0.648690000
CVE-2013-1176;0.011690000;0.655920000
CVE-2013-1174;0.012320000;0.672720000
CVE-2013-1173;0.002940000;0.219410000
CVE-2013-1172;0.003260000;0.255120000
CVE-2013-1171;0.009420000;0.590180000
CVE-2013-1170;0.013230000;0.693030000
CVE-2013-1169;0.018440000;0.778180000
CVE-2013-1168;0.016220000;0.747330000
CVE-2013-1167;0.019600000;0.791820000
CVE-2013-1166;0.018900000;0.783780000
CVE-2013-1165;0.018900000;0.783780000
CVE-2013-1164;0.019060000;0.785740000
CVE-2013-1163;0.011430000;0.648690000
CVE-2013-1162;0.012320000;0.672710000
CVE-2013-1161;0.009330000;0.587550000
CVE-2013-1160;0.009420000;0.590270000
CVE-2013-1159;0.009420000;0.590180000
CVE-2013-1158;0.009420000;0.590270000
CVE-2013-1157;0.013780000;0.705210000
CVE-2013-1156;0.020400000;0.800270000
CVE-2013-1155;0.012590000;0.679160000
CVE-2013-1154;0.015530000;0.737030000
CVE-2013-1153;0.005760000;0.457070000
CVE-2013-1152;0.018900000;0.783780000
CVE-2013-1151;0.007260000;0.521050000
CVE-2013-1150;0.021420000;0.810190000
CVE-2013-1149;0.013330000;0.695410000
CVE-2013-1148;0.021730000;0.812870000
CVE-2013-1147;0.013280000;0.694190000
CVE-2013-1146;0.013280000;0.694190000
CVE-2013-1145;0.013280000;0.694150000
CVE-2013-1144;0.018870000;0.783520000
CVE-2013-1143;0.013610000;0.701650000
CVE-2013-1142;0.010570000;0.625480000
CVE-2013-1141;0.005660000;0.452200000
CVE-2013-1140;0.011610000;0.653920000
CVE-2013-1139;0.009370000;0.588680000
CVE-2013-1138;0.014970000;0.727500000
CVE-2013-1137;0.022920000;0.822620000
CVE-2013-1136;0.001640000;0.059100000
CVE-2013-1135;0.011730000;0.657160000
CVE-2013-1134;0.012850000;0.684910000
CVE-2013-1133;0.013280000;0.694190000
CVE-2013-1132;0.009420000;0.590270000
CVE-2013-1131;0.005120000;0.420960000
CVE-2013-1130;0.005500000;0.443340000
CVE-2013-1129;0.012320000;0.672690000
CVE-2013-1128;0.006360000;0.485500000
CVE-2013-1125;0.003000000;0.225890000
CVE-2013-1124;0.005270000;0.430540000
CVE-2013-1123;0.012840000;0.684510000
CVE-2013-1122;0.021290000;0.809020000
CVE-2013-1121;0.010600000;0.626440000
CVE-2013-1120;0.012000000;0.664060000
CVE-2013-1119;0.031240000;0.871110000
CVE-2013-1118;0.031890000;0.873680000
CVE-2013-1117;0.031240000;0.871100000
CVE-2013-1116;0.031240000;0.871100000
CVE-2013-1115;0.031240000;0.871110000
CVE-2013-1114;0.102680000;0.954170000
CVE-2013-1113;0.011610000;0.653690000
CVE-2013-1112;0.015530000;0.737030000
CVE-2013-1111;0.014270000;0.714560000
CVE-2013-1110;0.016580000;0.752790000
CVE-2013-1109;0.005700000;0.453840000
CVE-2013-1108;0.011850000;0.660470000
CVE-2013-1107;0.009470000;0.592040000
CVE-2013-1105;0.030940000;0.869890000
CVE-2013-1104;0.037270000;0.891770000
CVE-2013-1103;0.018190000;0.775090000
CVE-2013-1102;0.018190000;0.775080000
CVE-2013-1100;0.014640000;0.721670000
CVE-2013-1097;0.012820000;0.684100000
CVE-2013-1096;0.019960000;0.795620000
CVE-2013-1095;0.012820000;0.684100000
CVE-2013-1094;0.012820000;0.684100000
CVE-2013-1093;0.013030000;0.688800000
CVE-2013-1092;0.003780000;0.312660000
CVE-2013-1091;0.062270000;0.931290000
CVE-2013-1090;0.003940000;0.329820000
CVE-2013-1088;0.006080000;0.472330000
CVE-2013-1087;0.015070000;0.729400000
CVE-2013-1086;0.012220000;0.670030000
CVE-2013-1085;0.055910000;0.924510000
CVE-2013-1084;0.056760000;0.925510000
CVE-2013-1083;0.014030000;0.710110000
CVE-2013-1082;0.127670000;0.960460000
CVE-2013-1081;0.680790000;0.992830000
CVE-2013-1080;0.770490000;0.995220000
CVE-2013-1079;0.023550000;0.827740000
CVE-2013-1070;0.023790000;0.829270000
CVE-2013-1069;0.003790000;0.313830000
CVE-2013-1068;0.011930000;0.662440000
CVE-2013-1067;0.004020000;0.338050000
CVE-2013-1066;0.003750000;0.309500000
CVE-2013-1065;0.003730000;0.307990000
CVE-2013-1064;0.003780000;0.313010000
CVE-2013-1063;0.003730000;0.307990000
CVE-2013-1062;0.003580000;0.291730000
CVE-2013-1061;0.003610000;0.294640000
CVE-2013-1060;0.004410000;0.372700000
CVE-2013-1059;0.045460000;0.910370000
CVE-2013-1058;0.019360000;0.789270000
CVE-2013-1057;0.005860000;0.462010000
CVE-2013-1056;0.003380000;0.269640000
CVE-2013-1055;0.012750000;0.682700000
CVE-2013-1054;0.013410000;0.697150000
CVE-2013-1053;0.001870000;0.084710000
CVE-2013-1052;0.004520000;0.381650000
CVE-2013-1051;0.013430000;0.697650000
CVE-2013-1050;0.003760000;0.310790000
CVE-2013-1049;0.031250000;0.871140000
CVE-2013-1048;0.003780000;0.312490000
CVE-2013-1047;0.021660000;0.812220000
CVE-2013-1046;0.023780000;0.829240000
CVE-2013-1045;0.023580000;0.827930000
CVE-2013-1044;0.023580000;0.827920000
CVE-2013-1043;0.023580000;0.827920000
CVE-2013-1042;0.023780000;0.829250000
CVE-2013-1041;0.021660000;0.812220000
CVE-2013-1040;0.021470000;0.810680000
CVE-2013-1039;0.021660000;0.812210000
CVE-2013-1038;0.021470000;0.810680000
CVE-2013-1037;0.021470000;0.810680000
CVE-2013-1036;0.028240000;0.857930000
CVE-2013-1035;0.040910000;0.901470000
CVE-2013-1034;0.020310000;0.799480000
CVE-2013-1033;0.017100000;0.760460000
CVE-2013-1032;0.028170000;0.857600000
CVE-2013-1031;0.003520000;0.285470000
CVE-2013-1030;0.003380000;0.269100000
CVE-2013-1029;0.005330000;0.434200000
CVE-2013-1028;0.008000000;0.545210000
CVE-2013-1027;0.015890000;0.742400000
CVE-2013-1026;0.033020000;0.878250000
CVE-2013-1025;0.033020000;0.878250000
CVE-2013-1024;0.029050000;0.861870000
CVE-2013-1023;0.019580000;0.791660000
CVE-2013-1022;0.049540000;0.916770000
CVE-2013-1021;0.040140000;0.899790000
CVE-2013-1020;0.033350000;0.879360000
CVE-2013-1019;0.056160000;0.924940000
CVE-2013-1018;0.049540000;0.916780000
CVE-2013-1017;0.325530000;0.982380000
CVE-2013-1016;0.049430000;0.916540000
CVE-2013-1015;0.033350000;0.879370000
CVE-2013-1014;0.002710000;0.192700000
CVE-2013-1013;0.013920000;0.707900000
CVE-2013-1012;0.017710000;0.768740000
CVE-2013-1011;0.020170000;0.798130000
CVE-2013-1010;0.027380000;0.853070000
CVE-2013-1009;0.020160000;0.798050000
CVE-2013-1008;0.027380000;0.853070000
CVE-2013-10075;0.003560000;0.289840000
CVE-2013-10074;0.003920000;0.326910000
CVE-2013-10073;0.034640000;0.883750000
CVE-2013-10072;0.007040000;0.513260000
CVE-2013-10071;0.005190000;0.426160000
CVE-2013-10070;0.014540000;0.719530000
CVE-2013-1007;0.027380000;0.853060000
CVE-2013-10069;0.118590000;0.958550000
CVE-2013-10068;0.009720000;0.600150000
CVE-2013-10067;0.010290000;0.617610000
CVE-2013-10066;0.011540000;0.651980000
CVE-2013-10065;0.011410000;0.648360000
CVE-2013-10064;0.010440000;0.621900000
CVE-2013-10063;0.008920000;0.574240000
CVE-2013-10062;0.014020000;0.710000000
CVE-2013-10061;0.043910000;0.907500000
CVE-2013-10060;0.045470000;0.910370000
CVE-2013-1006;0.027380000;0.853090000
CVE-2013-10059;0.191100000;0.971570000
CVE-2013-10058;0.030250000;0.867120000
CVE-2013-10057;0.011730000;0.657210000
CVE-2013-10055;0.010790000;0.631540000
CVE-2013-10054;0.012820000;0.684140000
CVE-2013-10053;0.011050000;0.639050000
CVE-2013-10052;0.002720000;0.194890000
CVE-2013-10051;0.019770000;0.793470000
CVE-2013-10050;0.096370000;0.952030000
CVE-2013-1005;0.027380000;0.853090000
CVE-2013-10049;0.019680000;0.792500000
CVE-2013-10048;0.120990000;0.959110000
CVE-2013-10047;0.010320000;0.618250000
CVE-2013-10046;0.004720000;0.395050000
CVE-2013-10044;0.013700000;0.703490000
CVE-2013-10043;0.015870000;0.742020000
CVE-2013-10042;0.017120000;0.760740000
CVE-2013-10040;0.025910000;0.844210000
CVE-2013-1004;0.027380000;0.853080000
CVE-2013-10039;0.032680000;0.876900000
CVE-2013-10038;0.012810000;0.683890000
CVE-2013-10037;0.096150000;0.951960000
CVE-2013-10036;0.004330000;0.366700000
CVE-2013-10035;0.014900000;0.726400000
CVE-2013-10034;0.018380000;0.777400000
CVE-2013-10033;0.012610000;0.679710000
CVE-2013-10032;0.025410000;0.840810000
CVE-2013-10031;0.002910000;0.216210000
CVE-2013-10030;0.007490000;0.528900000
CVE-2013-1003;0.027380000;0.853080000
CVE-2013-10029;0.004330000;0.366860000
CVE-2013-10028;0.005460000;0.441740000
CVE-2013-10027;0.004330000;0.366860000
CVE-2013-10026;0.005710000;0.454730000
CVE-2013-10025;0.004330000;0.366860000
CVE-2013-10024;0.007180000;0.518410000
CVE-2013-10023;0.007230000;0.519930000
CVE-2013-10022;0.005140000;0.422640000
CVE-2013-10021;0.005590000;0.448210000
CVE-2013-10020;0.005940000;0.465640000
CVE-2013-1002;0.027380000;0.853080000
CVE-2013-10019;0.006290000;0.482160000
CVE-2013-10018;0.006430000;0.488910000
CVE-2013-10017;0.006430000;0.488910000
CVE-2013-10016;0.006580000;0.495280000
CVE-2013-10015;0.006580000;0.495280000
CVE-2013-10014;0.006430000;0.488920000
CVE-2013-10013;0.006810000;0.504780000
CVE-2013-10012;0.006430000;0.488910000
CVE-2013-10011;0.006570000;0.494830000
CVE-2013-10010;0.006470000;0.490510000
CVE-2013-1001;0.027380000;0.853080000
CVE-2013-10009;0.006730000;0.501470000
CVE-2013-10008;0.006430000;0.488920000
CVE-2013-10007;0.008870000;0.572590000
CVE-2013-10006;0.006760000;0.502460000
CVE-2013-10005;0.007820000;0.539570000
CVE-2013-10004;0.009640000;0.597210000
CVE-2013-10003;0.009620000;0.596520000
CVE-2013-10002;0.007800000;0.538980000
CVE-2013-10001;0.006110000;0.473510000
CVE-2013-1000;0.027380000;0.853070000
CVE-2013-0999;0.027380000;0.853070000
CVE-2013-0998;0.023230000;0.825140000
CVE-2013-0997;0.028010000;0.856720000
CVE-2013-0996;0.023230000;0.825150000
CVE-2013-0995;0.023230000;0.825140000
CVE-2013-0994;0.023920000;0.830270000
CVE-2013-0993;0.023230000;0.825140000
CVE-2013-0992;0.091550000;0.950240000
CVE-2013-0991;0.023230000;0.825140000
CVE-2013-0990;0.011530000;0.651540000
CVE-2013-0989;0.049540000;0.916770000
CVE-2013-0988;0.049540000;0.916780000
CVE-2013-0987;0.033720000;0.880660000
CVE-2013-0986;0.049540000;0.916770000
CVE-2013-0985;0.001870000;0.084970000
CVE-2013-0984;0.144090000;0.964150000
CVE-2013-0983;0.024570000;0.835120000
CVE-2013-0982;0.003370000;0.268620000
CVE-2013-0981;0.003610000;0.295470000
CVE-2013-0980;0.003640000;0.297860000
CVE-2013-0979;0.002980000;0.223140000
CVE-2013-0978;0.003520000;0.285120000
CVE-2013-0977;0.003510000;0.283820000
CVE-2013-0976;0.023110000;0.824180000
CVE-2013-0975;0.027800000;0.855720000
CVE-2013-0974;0.012330000;0.672830000
CVE-2013-0973;0.011680000;0.655790000
CVE-2013-0971;0.018440000;0.778150000
CVE-2013-0970;0.010760000;0.630840000
CVE-2013-0969;0.003930000;0.328970000
CVE-2013-0968;0.014710000;0.722970000
CVE-2013-0967;0.014990000;0.727980000
CVE-2013-0966;0.016990000;0.758870000
CVE-2013-0964;0.006320000;0.483600000
CVE-2013-0963;0.002120000;0.115940000
CVE-2013-0962;0.010970000;0.637310000
CVE-2013-0961;0.019010000;0.785190000
CVE-2013-0960;0.019010000;0.785190000
CVE-2013-0959;0.021950000;0.814820000
CVE-2013-0958;0.021950000;0.814820000
CVE-2013-0957;0.013320000;0.695130000
CVE-2013-0956;0.021950000;0.814810000
CVE-2013-0955;0.021950000;0.814830000
CVE-2013-0954;0.021950000;0.814830000
CVE-2013-0953;0.021950000;0.814830000
CVE-2013-0952;0.021950000;0.814820000
CVE-2013-0951;0.021950000;0.814820000
CVE-2013-0950;0.021950000;0.814810000
CVE-2013-0949;0.021950000;0.814810000
CVE-2013-0948;0.021950000;0.814810000
CVE-2013-0947;0.003360000;0.266890000
CVE-2013-0946;0.285470000;0.980180000
CVE-2013-0945;0.008580000;0.564240000
CVE-2013-0944;0.008610000;0.565080000
CVE-2013-0943;0.003020000;0.227810000
CVE-2013-0942;0.023700000;0.828690000
CVE-2013-0941;0.012630000;0.680220000
CVE-2013-0940;0.003870000;0.322180000
CVE-2013-0939;0.010570000;0.625510000
CVE-2013-0938;0.009420000;0.590260000
CVE-2013-0937;0.010900000;0.634670000
CVE-2013-0936;0.009420000;0.590260000
CVE-2013-0935;0.041470000;0.902730000
CVE-2013-0934;0.011660000;0.655270000
CVE-2013-0933;0.009420000;0.590280000
CVE-2013-0932;0.011660000;0.655270000
CVE-2013-0931;0.005480000;0.442510000
CVE-2013-0930;0.027520000;0.853840000
CVE-2013-0929;0.034430000;0.883080000
CVE-2013-0928;0.343360000;0.983140000
CVE-2013-0927;0.008340000;0.556360000
CVE-2013-0926;0.011230000;0.643730000
CVE-2013-0925;0.007940000;0.543500000
CVE-2013-0924;0.011390000;0.647810000
CVE-2013-0923;0.012820000;0.684120000
CVE-2013-0922;0.008340000;0.556480000
CVE-2013-0921;0.007570000;0.531590000
CVE-2013-0920;0.010810000;0.632230000
CVE-2013-0919;0.008900000;0.573560000
CVE-2013-0918;0.007570000;0.531590000
CVE-2013-0917;0.010890000;0.634380000
CVE-2013-0916;0.010810000;0.632200000
CVE-2013-0915;0.007250000;0.520840000
CVE-2013-0914;0.004610000;0.387540000
CVE-2013-0913;0.005560000;0.446640000
CVE-2013-0912;0.042670000;0.905160000
CVE-2013-0911;0.012680000;0.681200000
CVE-2013-0910;0.013360000;0.695980000
CVE-2013-0909;0.009340000;0.587660000
CVE-2013-0908;0.007940000;0.543490000
CVE-2013-0907;0.008450000;0.559860000
CVE-2013-0906;0.010810000;0.632210000
CVE-2013-0905;0.010810000;0.632220000
CVE-2013-0904;0.010540000;0.624660000
CVE-2013-0903;0.010810000;0.632200000
CVE-2013-0902;0.010810000;0.632180000
CVE-2013-0900;0.013390000;0.696730000
CVE-2013-0899;0.015090000;0.729720000
CVE-2013-0898;0.010570000;0.625490000
CVE-2013-0897;0.014710000;0.723000000
CVE-2013-0896;0.011920000;0.662240000
CVE-2013-0895;0.013800000;0.705550000
CVE-2013-0894;0.017020000;0.759230000
CVE-2013-0893;0.009890000;0.605350000
CVE-2013-0892;0.022500000;0.819250000
CVE-2013-0891;0.013840000;0.706240000
CVE-2013-0890;0.014120000;0.711660000
CVE-2013-0889;0.015060000;0.729130000
CVE-2013-0888;0.014870000;0.725820000
CVE-2013-0887;0.008800000;0.570740000
CVE-2013-0886;0.007530000;0.530410000
CVE-2013-0885;0.009110000;0.580260000
CVE-2013-0884;0.009900000;0.605650000
CVE-2013-0883;0.011510000;0.650970000
CVE-2013-0882;0.014200000;0.713190000
CVE-2013-0881;0.011510000;0.650970000
CVE-2013-0880;0.012050000;0.665210000
CVE-2013-0879;0.018110000;0.773950000
CVE-2013-0878;0.024470000;0.834430000
CVE-2013-0877;0.024470000;0.834410000
CVE-2013-0876;0.024470000;0.834420000
CVE-2013-0875;0.036390000;0.889060000
CVE-2013-0874;0.024470000;0.834420000
CVE-2013-0873;0.028440000;0.858960000
CVE-2013-0872;0.028410000;0.858820000
CVE-2013-0871;0.014340000;0.715760000
CVE-2013-0870;0.014760000;0.723960000
CVE-2013-0869;0.021150000;0.807830000
CVE-2013-0868;0.039300000;0.897720000
CVE-2013-0867;0.024470000;0.834420000
CVE-2013-0866;0.036180000;0.888450000
CVE-2013-0865;0.024470000;0.834410000
CVE-2013-0864;0.028410000;0.858820000
CVE-2013-0863;0.023180000;0.824770000
CVE-2013-0862;0.021080000;0.807230000
CVE-2013-0861;0.022570000;0.819800000
CVE-2013-0860;0.022570000;0.819800000
CVE-2013-0859;0.021150000;0.807840000
CVE-2013-0858;0.031180000;0.870780000
CVE-2013-0857;0.036180000;0.888450000
CVE-2013-0856;0.021150000;0.807830000
CVE-2013-0855;0.029680000;0.864620000
CVE-2013-0854;0.031180000;0.870780000
CVE-2013-0853;0.024470000;0.834430000
CVE-2013-0852;0.021080000;0.807230000
CVE-2013-0851;0.021150000;0.807840000
CVE-2013-0850;0.021080000;0.807240000
CVE-2013-0849;0.031180000;0.870790000
CVE-2013-0848;0.024470000;0.834410000
CVE-2013-0847;0.018680000;0.781300000
CVE-2013-0846;0.031180000;0.870780000
CVE-2013-0845;0.036180000;0.888450000
CVE-2013-0844;0.024470000;0.834420000
CVE-2013-0843;0.012720000;0.682180000
CVE-2013-0842;0.009650000;0.597500000
CVE-2013-0841;0.010810000;0.632220000
CVE-2013-0840;0.009650000;0.597500000
CVE-2013-0839;0.010950000;0.636530000
CVE-2013-0838;0.007960000;0.543990000
CVE-2013-0837;0.010810000;0.632210000
CVE-2013-0836;0.010010000;0.608800000
CVE-2013-0835;0.010890000;0.634380000
CVE-2013-0834;0.010890000;0.634390000
CVE-2013-0833;0.010890000;0.634370000
CVE-2013-0832;0.010810000;0.632210000
CVE-2013-0831;0.012850000;0.684870000
CVE-2013-0830;0.007950000;0.543730000
CVE-2013-0829;0.009640000;0.597100000
CVE-2013-0828;0.020170000;0.798120000
CVE-2013-0811;0.206430000;0.973780000
CVE-2013-0810;0.598850000;0.990780000
CVE-2013-0809;0.107530000;0.955680000
CVE-2013-0807;0.040260000;0.900020000
CVE-2013-0805;0.016610000;0.753330000
CVE-2013-0804;0.123980000;0.959680000
CVE-2013-0803;0.749770000;0.994760000
CVE-2013-0801;0.053910000;0.922150000
CVE-2013-0800;0.039410000;0.898020000
CVE-2013-0799;0.003880000;0.323400000
CVE-2013-0798;0.009940000;0.606640000
CVE-2013-0797;0.004070000;0.342540000
CVE-2013-0796;0.079530000;0.944080000
CVE-2013-0795;0.034290000;0.882540000
CVE-2013-0794;0.010610000;0.626750000
CVE-2013-0793;0.021900000;0.814180000
CVE-2013-0792;0.013820000;0.705840000
CVE-2013-0791;0.052130000;0.920260000
CVE-2013-0790;0.041990000;0.903770000
CVE-2013-0789;0.044370000;0.908320000
CVE-2013-0788;0.046150000;0.911540000
CVE-2013-0787;0.063980000;0.932720000
CVE-2013-0786;0.016570000;0.752600000
CVE-2013-0785;0.014330000;0.715720000
CVE-2013-0784;0.047310000;0.913280000
CVE-2013-0783;0.046760000;0.912470000
CVE-2013-0782;0.053640000;0.921880000
CVE-2013-0781;0.038810000;0.896250000
CVE-2013-0780;0.044200000;0.907960000
CVE-2013-0779;0.050250000;0.917690000
CVE-2013-0778;0.039620000;0.898550000
CVE-2013-0777;0.048810000;0.915600000
CVE-2013-0776;0.013000000;0.688280000
CVE-2013-0775;0.034980000;0.884920000
CVE-2013-0774;0.013080000;0.689690000
CVE-2013-0773;0.023610000;0.828130000
CVE-2013-0772;0.019580000;0.791560000
CVE-2013-0771;0.053340000;0.921550000
CVE-2013-0770;0.058520000;0.927600000
CVE-2013-0769;0.057840000;0.926670000
CVE-2013-0768;0.076330000;0.942180000
CVE-2013-0767;0.058150000;0.927150000
CVE-2013-0766;0.047130000;0.913010000
CVE-2013-0765;0.027450000;0.853520000
CVE-2013-0764;0.031480000;0.871990000
CVE-2013-0763;0.043950000;0.907560000
CVE-2013-0762;0.047130000;0.913010000
CVE-2013-0761;0.043950000;0.907560000
CVE-2013-0760;0.053340000;0.921550000
CVE-2013-0759;0.022840000;0.821890000
CVE-2013-0758;0.733640000;0.994320000
CVE-2013-0757;0.608590000;0.991000000
CVE-2013-0756;0.041990000;0.903770000
CVE-2013-0755;0.068530000;0.936590000
CVE-2013-0754;0.053810000;0.922050000
CVE-2013-0753;0.513240000;0.988710000
CVE-2013-0752;0.066230000;0.934710000
CVE-2013-0751;0.013730000;0.704020000
CVE-2013-0750;0.063300000;0.932250000
CVE-2013-0749;0.058020000;0.926950000
CVE-2013-0748;0.019980000;0.795830000
CVE-2013-0747;0.021890000;0.814090000
CVE-2013-0746;0.044850000;0.909170000
CVE-2013-0745;0.044850000;0.909170000
CVE-2013-0744;0.061470000;0.930520000
CVE-2013-0742;0.090070000;0.949680000
CVE-2013-0741;0.014430000;0.717450000
CVE-2013-0740;0.011770000;0.658660000
CVE-2013-0739;0.007970000;0.544310000
CVE-2013-0738;0.007970000;0.544310000
CVE-2013-0737;0.008820000;0.571350000
CVE-2013-0736;0.010580000;0.625800000
CVE-2013-0735;0.021930000;0.814490000
CVE-2013-0734;0.021500000;0.810970000
CVE-2013-0733;0.051080000;0.918880000
CVE-2013-0732;0.051610000;0.919560000
CVE-2013-0731;0.025850000;0.843650000
CVE-2013-0730;0.017730000;0.769010000
CVE-2013-0729;0.062510000;0.931520000
CVE-2013-0728;0.044030000;0.907660000
CVE-2013-0727;0.004200000;0.354750000
CVE-2013-0726;0.279750000;0.979870000
CVE-2013-0725;0.004510000;0.380480000
CVE-2013-0724;0.027170000;0.851840000
CVE-2013-0723;0.042020000;0.903830000
CVE-2013-0722;0.008400000;0.558290000
CVE-2013-0721;0.023030000;0.823560000
CVE-2013-0720;0.009820000;0.603210000
CVE-2013-0719;0.009820000;0.603210000
CVE-2013-0718;0.009820000;0.603230000
CVE-2013-0717;0.009840000;0.603770000
CVE-2013-0716;0.023740000;0.828980000
CVE-2013-0715;0.018780000;0.782380000
CVE-2013-0714;0.063530000;0.932420000
CVE-2013-0713;0.021760000;0.813110000
CVE-2013-0712;0.026140000;0.845490000
CVE-2013-0711;0.032740000;0.877090000
CVE-2013-0710;0.042730000;0.905300000
CVE-2013-0709;0.011480000;0.650130000
CVE-2013-0708;0.011480000;0.650190000
CVE-2013-0707;0.038150000;0.894500000
CVE-2013-0706;0.017510000;0.765820000
CVE-2013-0705;0.018540000;0.779570000
CVE-2013-0704;0.013680000;0.703010000
CVE-2013-0703;0.011480000;0.650040000
CVE-2013-0702;0.011480000;0.650050000
CVE-2013-0701;0.009670000;0.597880000
CVE-2013-0700;0.023920000;0.830290000
CVE-2013-0699;0.027930000;0.856260000
CVE-2013-0694;0.025830000;0.843490000
CVE-2013-0693;0.032630000;0.876730000
CVE-2013-0692;0.048590000;0.915280000
CVE-2013-0689;0.050360000;0.917830000
CVE-2013-0688;0.010120000;0.612370000
CVE-2013-0687;0.003360000;0.267090000
CVE-2013-0686;0.020780000;0.804180000
CVE-2013-0685;0.032870000;0.877680000
CVE-2013-0684;0.012600000;0.679400000
CVE-2013-0683;0.009920000;0.606180000
CVE-2013-0682;0.024670000;0.835750000
CVE-2013-0681;0.020130000;0.797710000
CVE-2013-0680;0.187680000;0.971100000
CVE-2013-0679;0.023280000;0.825560000
CVE-2013-0678;0.015150000;0.730710000
CVE-2013-0677;0.019000000;0.785030000
CVE-2013-0676;0.015290000;0.732760000
CVE-2013-0675;0.010470000;0.622580000
CVE-2013-0674;0.033610000;0.880310000
CVE-2013-0673;0.030290000;0.867290000
CVE-2013-0672;0.011960000;0.663250000
CVE-2013-0671;0.023280000;0.825560000
CVE-2013-0670;0.015390000;0.734560000
CVE-2013-0669;0.018300000;0.776430000
CVE-2013-0668;0.015130000;0.730440000
CVE-2013-0667;0.015130000;0.730440000
CVE-2013-0666;0.013580000;0.701110000
CVE-2013-0665;0.011860000;0.660730000
CVE-2013-0664;0.039090000;0.896880000
CVE-2013-0663;0.059600000;0.928670000
CVE-2013-0662;0.222930000;0.975450000
CVE-2013-0659;0.059200000;0.928230000
CVE-2013-0658;0.215270000;0.974760000
CVE-2013-0657;0.212620000;0.974540000
CVE-2013-0656;0.026760000;0.849520000
CVE-2013-0655;0.029060000;0.861920000
CVE-2013-0654;0.030600000;0.868570000
CVE-2013-0653;0.191110000;0.971580000
CVE-2013-0652;0.019550000;0.791330000
CVE-2013-0651;0.013080000;0.689710000
CVE-2013-0650;0.065340000;0.934000000
CVE-2013-0649;0.085270000;0.947310000
CVE-2013-0648;0.110940000;0.956720000
CVE-2013-0647;0.067330000;0.935650000
CVE-2013-0646;0.065340000;0.934000000
CVE-2013-0645;0.103000000;0.954260000
CVE-2013-0644;0.085270000;0.947300000
CVE-2013-0643;0.105330000;0.955010000
CVE-2013-0642;0.103000000;0.954270000
CVE-2013-0641;0.324490000;0.982340000
CVE-2013-0640;0.869790000;0.997360000
CVE-2013-0639;0.126090000;0.960110000
CVE-2013-0638;0.067330000;0.935660000
CVE-2013-0637;0.058420000;0.927450000
CVE-2013-0636;0.092750000;0.950710000
CVE-2013-0635;0.053440000;0.921650000
CVE-2013-0634;0.775970000;0.995340000
CVE-2013-0633;0.208810000;0.974120000
CVE-2013-0632;0.936910000;0.998380000
CVE-2013-0631;0.658670000;0.992250000
CVE-2013-0630;0.081580000;0.945260000
CVE-2013-0629;0.659020000;0.992260000
CVE-2013-0627;0.006720000;0.500720000
CVE-2013-0626;0.078400000;0.943370000
CVE-2013-0625;0.937970000;0.998390000
CVE-2013-0624;0.046270000;0.911730000
CVE-2013-0623;0.052620000;0.920800000
CVE-2013-0622;0.056820000;0.925580000
CVE-2013-0621;0.078400000;0.943370000
CVE-2013-0620;0.052620000;0.920800000
CVE-2013-0619;0.052620000;0.920800000
CVE-2013-0618;0.062130000;0.931180000
CVE-2013-0617;0.095520000;0.951740000
CVE-2013-0616;0.064480000;0.933300000
CVE-2013-0615;0.095520000;0.951750000
CVE-2013-0614;0.064120000;0.932900000
CVE-2013-0613;0.100040000;0.953360000
CVE-2013-0612;0.081580000;0.945260000
CVE-2013-0611;0.067440000;0.935730000
CVE-2013-0610;0.095520000;0.951740000
CVE-2013-0609;0.067440000;0.935730000
CVE-2013-0608;0.062130000;0.931180000
CVE-2013-0607;0.064120000;0.932900000
CVE-2013-0606;0.095520000;0.951740000
CVE-2013-0605;0.064480000;0.933300000
CVE-2013-0604;0.095520000;0.951740000
CVE-2013-0603;0.081580000;0.945250000
CVE-2013-0602;0.079910000;0.944260000
CVE-2013-0601;0.064480000;0.933300000
CVE-2013-0600;0.027210000;0.852050000
CVE-2013-0599;0.021120000;0.807620000
CVE-2013-0598;0.006360000;0.485530000
CVE-2013-0597;0.014490000;0.718460000
CVE-2013-0596;0.018120000;0.774150000
CVE-2013-0595;0.011480000;0.650200000
CVE-2013-0594;0.012500000;0.677160000
CVE-2013-0593;0.030810000;0.869350000
CVE-2013-0592;0.006990000;0.511560000
CVE-2013-0591;0.007590000;0.532350000
CVE-2013-0590;0.007590000;0.532360000
CVE-2013-0589;0.017640000;0.767770000
CVE-2013-0587;0.011480000;0.650210000
CVE-2013-0586;0.010680000;0.628860000
CVE-2013-0585;0.007650000;0.534400000
CVE-2013-0584;0.011730000;0.657120000
CVE-2013-0582;0.011610000;0.653700000
CVE-2013-0581;0.009360000;0.588190000
CVE-2013-0580;0.003340000;0.264200000
CVE-2013-0579;0.005860000;0.462190000
CVE-2013-0578;0.013510000;0.699280000
CVE-2013-0577;0.005610000;0.449210000
CVE-2013-0576;0.011480000;0.649980000
CVE-2013-0572;0.005740000;0.456360000
CVE-2013-0571;0.006720000;0.500850000
CVE-2013-0570;0.007440000;0.527450000
CVE-2013-0569;0.011480000;0.650060000
CVE-2013-0568;0.009370000;0.588690000
CVE-2013-0567;0.010820000;0.632630000
CVE-2013-0566;0.011480000;0.650070000
CVE-2013-0565;0.018120000;0.774140000
CVE-2013-0560;0.009610000;0.596290000
CVE-2013-0559;0.013180000;0.691970000
CVE-2013-0558;0.013540000;0.700180000
CVE-2013-0553;0.007720000;0.536440000
CVE-2013-0551;0.017920000;0.771280000
CVE-2013-0549;0.017730000;0.769020000
CVE-2013-0548;0.013250000;0.693590000
CVE-2013-0544;0.031470000;0.871950000
CVE-2013-0543;0.025320000;0.840230000
CVE-2013-0542;0.018120000;0.774160000
CVE-2013-0541;0.003810000;0.315410000
CVE-2013-0540;0.016000000;0.743960000
CVE-2013-0539;0.013540000;0.700170000
CVE-2013-0538;0.021230000;0.808540000
CVE-2013-0537;0.007720000;0.536430000
CVE-2013-0536;0.003710000;0.305780000
CVE-2013-0535;0.009360000;0.588180000
CVE-2013-0534;0.003410000;0.273400000
CVE-2013-0533;0.007590000;0.532290000
CVE-2013-0532;0.006330000;0.484230000
CVE-2013-0531;0.007210000;0.519370000
CVE-2013-0529;0.013540000;0.700150000
CVE-2013-0527;0.003190000;0.246790000
CVE-2013-0526;0.060690000;0.929750000
CVE-2013-0525;0.002840000;0.208740000
CVE-2013-0523;0.007480000;0.528630000
CVE-2013-0522;0.002740000;0.197330000
CVE-2013-0520;0.013290000;0.694340000
CVE-2013-0519;0.011730000;0.657060000
CVE-2013-0518;0.007970000;0.544360000
CVE-2013-0517;0.005850000;0.461810000
CVE-2013-0513;0.003340000;0.265360000
CVE-2013-0512;0.011250000;0.644360000
CVE-2013-0511;0.009610000;0.596300000
CVE-2013-0510;0.008560000;0.563290000
CVE-2013-0509;0.072110000;0.939540000
CVE-2013-0508;0.029660000;0.864540000
CVE-2013-0507;0.012060000;0.665710000
CVE-2013-0506;0.011480000;0.650110000
CVE-2013-0505;0.010740000;0.630360000
CVE-2013-0504;0.095160000;0.951580000
CVE-2013-0503;0.011480000;0.650050000
CVE-2013-0502;0.011480000;0.650110000
CVE-2013-0501;0.014920000;0.726560000
CVE-2013-0500;0.009870000;0.604540000
CVE-2013-0499;0.012080000;0.666300000
CVE-2013-0494;0.020270000;0.799050000
CVE-2013-0492;0.007650000;0.534400000
CVE-2013-0490;0.003230000;0.251420000
CVE-2013-0489;0.004750000;0.396940000
CVE-2013-0488;0.009310000;0.586860000
CVE-2013-0487;0.018740000;0.782010000
CVE-2013-0486;0.013360000;0.695990000
CVE-2013-0485;0.024410000;0.833840000
CVE-2013-0484;0.010720000;0.629790000
CVE-2013-0483;0.011730000;0.657090000
CVE-2013-0482;0.020280000;0.799170000
CVE-2013-0481;0.013540000;0.700170000
CVE-2013-0479;0.009670000;0.598670000
CVE-2013-0478;0.007590000;0.532310000
CVE-2013-0477;0.009290000;0.586030000
CVE-2013-0476;0.011410000;0.648330000
CVE-2013-0475;0.009370000;0.588690000
CVE-2013-0474;0.010010000;0.608780000
CVE-2013-0473;0.011480000;0.650220000
CVE-2013-0472;0.009890000;0.605380000
CVE-2013-0471;0.019990000;0.795970000
CVE-2013-0470;0.009370000;0.588680000
CVE-2013-0468;0.007590000;0.532300000
CVE-2013-0467;0.013870000;0.706870000
CVE-2013-0466;0.011420000;0.648560000
CVE-2013-0465;0.005710000;0.454740000
CVE-2013-0464;0.018270000;0.776160000
CVE-2013-0463;0.009370000;0.588660000
CVE-2013-0462;0.018160000;0.774700000
CVE-2013-0461;0.018120000;0.774140000
CVE-2013-0460;0.009790000;0.602350000
CVE-2013-0459;0.018120000;0.774140000
CVE-2013-0458;0.018120000;0.774150000
CVE-2013-0457;0.009360000;0.588200000
CVE-2013-0456;0.008420000;0.558900000
CVE-2013-0455;0.009420000;0.590260000
CVE-2013-0454;0.029810000;0.865180000
CVE-2013-0453;0.009360000;0.588300000
CVE-2013-0452;0.006360000;0.485520000
CVE-2013-0451;0.010400000;0.620670000
CVE-2013-0450;0.076340000;0.942190000
CVE-2013-0449;0.038390000;0.895120000
CVE-2013-0448;0.035060000;0.885140000
CVE-2013-0447;0.049900000;0.917280000
CVE-2013-0446;0.081030000;0.944930000
CVE-2013-0445;0.080870000;0.944820000
CVE-2013-0444;0.064220000;0.933020000
CVE-2013-0443;0.042590000;0.905000000
CVE-2013-0442;0.080870000;0.944830000
CVE-2013-0441;0.080870000;0.944820000
CVE-2013-0440;0.055320000;0.923690000
CVE-2013-0439;0.049900000;0.917280000
CVE-2013-0438;0.042840000;0.905480000
CVE-2013-0437;0.059370000;0.928400000
CVE-2013-0436;0.049900000;0.917270000
CVE-2013-0435;0.052050000;0.920110000
CVE-2013-0434;0.049110000;0.916060000
CVE-2013-0433;0.048750000;0.915500000
CVE-2013-0432;0.048750000;0.915500000
CVE-2013-0431;0.899870000;0.997860000
CVE-2013-0430;0.012490000;0.676850000
CVE-2013-0429;0.066970000;0.935240000
CVE-2013-0428;0.076340000;0.942190000
CVE-2013-0427;0.048750000;0.915500000
CVE-2013-0426;0.080870000;0.944820000
CVE-2013-0425;0.080870000;0.944830000
CVE-2013-0424;0.047950000;0.914270000
CVE-2013-0423;0.067100000;0.935340000
CVE-2013-0422;0.976120000;0.998990000
CVE-2013-0420;0.004050000;0.341360000
CVE-2013-0419;0.068950000;0.936890000
CVE-2013-0418;0.083470000;0.946260000
CVE-2013-0417;0.012200000;0.669590000
CVE-2013-0416;0.009950000;0.607090000
CVE-2013-0415;0.003040000;0.230140000
CVE-2013-0414;0.003150000;0.242410000
CVE-2013-0413;0.006450000;0.489850000
CVE-2013-0412;0.003700000;0.304710000
CVE-2013-0411;0.003100000;0.236510000
CVE-2013-0410;0.011090000;0.640240000
CVE-2013-0409;0.048560000;0.915240000
CVE-2013-0408;0.012510000;0.677290000
CVE-2013-0407;0.003470000;0.279470000
CVE-2013-0406;0.011680000;0.655630000
CVE-2013-0405;0.020340000;0.799720000
CVE-2013-0404;0.003320000;0.262150000
CVE-2013-0403;0.003030000;0.228760000
CVE-2013-0402;0.096270000;0.952010000
CVE-2013-0401;0.103420000;0.954410000
CVE-2013-0400;0.003170000;0.244700000
CVE-2013-0399;0.003170000;0.244710000
CVE-2013-0398;0.025970000;0.844540000
CVE-2013-0397;0.026720000;0.849190000
CVE-2013-0396;0.010750000;0.630730000
CVE-2013-0395;0.008610000;0.564920000
CVE-2013-0394;0.012200000;0.669590000
CVE-2013-0393;0.014800000;0.724600000
CVE-2013-0392;0.009850000;0.604000000
CVE-2013-0391;0.009500000;0.592920000
CVE-2013-0390;0.007580000;0.531850000
CVE-2013-0389;0.026740000;0.849390000
CVE-2013-0388;0.009850000;0.604000000
CVE-2013-0387;0.009090000;0.579660000
CVE-2013-0386;0.029510000;0.863920000
CVE-2013-0385;0.004190000;0.354290000
CVE-2013-0384;0.028350000;0.858510000
CVE-2013-0383;0.026490000;0.847630000
CVE-2013-0382;0.011870000;0.661020000
CVE-2013-0381;0.013860000;0.706620000
CVE-2013-0380;0.009850000;0.603990000
CVE-2013-0379;0.009860000;0.604370000
CVE-2013-0378;0.009860000;0.604370000
CVE-2013-0377;0.009850000;0.603950000
CVE-2013-0376;0.009850000;0.603930000
CVE-2013-0375;0.019170000;0.787000000
CVE-2013-0374;0.009850000;0.603950000
CVE-2013-0373;0.009850000;0.603940000
CVE-2013-0372;0.018950000;0.784520000
CVE-2013-0371;0.025470000;0.841170000
CVE-2013-0370;0.008120000;0.549390000
CVE-2013-0369;0.009500000;0.592930000
CVE-2013-0368;0.025470000;0.841170000
CVE-2013-0367;0.025470000;0.841180000
CVE-2013-0366;0.025340000;0.840350000
CVE-2013-0365;0.009590000;0.595270000
CVE-2013-0364;0.016670000;0.754120000
CVE-2013-0363;0.016670000;0.754120000
CVE-2013-0362;0.014680000;0.722500000
CVE-2013-0361;0.025340000;0.840340000
CVE-2013-0360;0.010750000;0.630730000
CVE-2013-0359;0.013610000;0.701680000
CVE-2013-0358;0.009850000;0.603940000
CVE-2013-0357;0.009850000;0.603950000
CVE-2013-0356;0.009850000;0.604010000
CVE-2013-0355;0.009850000;0.603950000
CVE-2013-0354;0.012280000;0.671660000
CVE-2013-0353;0.009850000;0.603960000
CVE-2013-0352;0.012280000;0.671660000
CVE-2013-0351;0.060130000;0.929180000
CVE-2013-0350;0.003210000;0.249430000
CVE-2013-0349;0.003270000;0.256130000
CVE-2013-0348;0.005230000;0.427960000
CVE-2013-0347;0.004830000;0.402670000
CVE-2013-0346;0.006780000;0.503350000
CVE-2013-0345;0.003740000;0.308270000
CVE-2013-0343;0.016620000;0.753500000
CVE-2013-0342;0.015560000;0.737650000
CVE-2013-0340;0.194330000;0.972060000
CVE-2013-0339;0.036090000;0.888170000
CVE-2013-0338;0.028560000;0.859470000
CVE-2013-0337;0.021950000;0.814850000
CVE-2013-0336;0.027590000;0.854270000
CVE-2013-0335;0.021220000;0.808400000
CVE-2013-0334;0.038510000;0.895430000
CVE-2013-0333;0.953270000;0.998620000
CVE-2013-0332;0.101950000;0.953950000
CVE-2013-0331;0.020030000;0.796410000
CVE-2013-0330;0.017620000;0.767530000
CVE-2013-0329;0.023090000;0.824020000
CVE-2013-0328;0.014370000;0.716340000
CVE-2013-0327;0.031470000;0.871960000
CVE-2013-0326;0.003580000;0.291670000
CVE-2013-0325;0.012840000;0.684480000
CVE-2013-0324;0.009410000;0.589970000
CVE-2013-0323;0.013250000;0.693610000
CVE-2013-0322;0.011610000;0.653560000
CVE-2013-0321;0.011610000;0.653550000
CVE-2013-0320;0.006840000;0.506010000
CVE-2013-0319;0.012840000;0.684480000
CVE-2013-0318;0.020430000;0.800700000
CVE-2013-0317;0.011610000;0.653600000
CVE-2013-0316;0.018480000;0.778660000
CVE-2013-0315;0.013710000;0.703670000
CVE-2013-0314;0.016350000;0.749460000
CVE-2013-0313;0.003570000;0.291120000
CVE-2013-0312;0.027270000;0.852390000
CVE-2013-0311;0.006440000;0.489130000
CVE-2013-0310;0.003170000;0.244670000
CVE-2013-0309;0.003660000;0.300290000
CVE-2013-0308;0.016610000;0.753270000
CVE-2013-0307;0.006860000;0.506840000
CVE-2013-0306;0.025950000;0.844410000
CVE-2013-0305;0.018200000;0.775150000
CVE-2013-0304;0.010000000;0.608610000
CVE-2013-0303;0.026050000;0.845040000
CVE-2013-0302;0.012660000;0.680880000
CVE-2013-0301;0.006150000;0.475650000
CVE-2013-0300;0.004100000;0.345660000
CVE-2013-0299;0.006150000;0.475650000
CVE-2013-0298;0.010050000;0.610330000
CVE-2013-0297;0.008190000;0.551800000
CVE-2013-0296;0.003430000;0.274720000
CVE-2013-0294;0.028570000;0.859510000
CVE-2013-0293;0.003800000;0.314660000
CVE-2013-0292;0.010900000;0.634700000
CVE-2013-0291;0.156210000;0.966350000
CVE-2013-0290;0.004020000;0.338140000
CVE-2013-0289;0.013260000;0.693780000
CVE-2013-0288;0.035820000;0.887390000
CVE-2013-0287;0.021540000;0.811310000
CVE-2013-0286;0.008320000;0.555600000
CVE-2013-0285;0.023120000;0.824300000
CVE-2013-0284;0.012520000;0.677470000
CVE-2013-0283;0.005520000;0.444530000
CVE-2013-0282;0.017610000;0.767360000
CVE-2013-0281;0.026070000;0.845120000
CVE-2013-0277;0.074970000;0.941300000
CVE-2013-0276;0.024600000;0.835310000
CVE-2013-0275;0.019250000;0.787950000
CVE-2013-0274;0.013530000;0.699840000
CVE-2013-0273;0.026010000;0.844710000
CVE-2013-0272;0.028600000;0.859680000
CVE-2013-0271;0.031210000;0.871000000
CVE-2013-0270;0.031650000;0.872710000
CVE-2013-0269;0.139110000;0.963190000
CVE-2013-0268;0.015570000;0.737760000
CVE-2013-0267;0.036780000;0.890370000
CVE-2013-0266;0.002720000;0.195160000
CVE-2013-0265;0.004290000;0.363100000
CVE-2013-0264;0.005400000;0.438010000
CVE-2013-0263;0.053830000;0.922070000
CVE-2013-0262;0.029410000;0.863470000
CVE-2013-0261;0.003460000;0.278120000
CVE-2013-0260;0.003120000;0.239930000
CVE-2013-0259;0.009410000;0.589960000
CVE-2013-0258;0.013940000;0.708320000
CVE-2013-0257;0.011730000;0.657050000
CVE-2013-0256;0.030030000;0.866210000
CVE-2013-0255;0.035920000;0.887690000
CVE-2013-0254;0.004180000;0.353230000
CVE-2013-0253;0.015700000;0.739530000
CVE-2013-0252;0.028700000;0.860180000
CVE-2013-0251;0.049770000;0.917100000
CVE-2013-0250;0.030770000;0.869170000
CVE-2013-0249;0.216430000;0.974860000
CVE-2013-0248;0.006800000;0.504090000
CVE-2013-0247;0.032430000;0.875940000
CVE-2013-0246;0.021040000;0.806880000
CVE-2013-0245;0.018870000;0.783430000
CVE-2013-0244;0.021440000;0.810370000
CVE-2013-0243;0.010470000;0.622580000
CVE-2013-0242;0.028510000;0.859260000
CVE-2013-0241;0.003850000;0.320520000
CVE-2013-0240;0.013620000;0.701930000
CVE-2013-0239;0.046870000;0.912600000
CVE-2013-0238;0.099620000;0.953230000
CVE-2013-0237;0.031350000;0.871550000
CVE-2013-0236;0.024800000;0.836610000
CVE-2013-0235;0.288570000;0.980400000
CVE-2013-0234;0.014570000;0.720110000
CVE-2013-0233;0.141260000;0.963580000
CVE-2013-0232;0.478950000;0.987820000
CVE-2013-0231;0.004240000;0.358570000
CVE-2013-0230;0.691510000;0.993130000
CVE-2013-0229;0.763960000;0.995070000
CVE-2013-0228;0.003940000;0.330200000
CVE-2013-0227;0.009410000;0.589960000
CVE-2013-0226;0.009450000;0.591190000
CVE-2013-0225;0.010410000;0.620790000
CVE-2013-0224;0.003030000;0.228760000
CVE-2013-0223;0.005070000;0.417630000
CVE-2013-0222;0.003840000;0.318850000
CVE-2013-0221;0.072380000;0.939690000
CVE-2013-0220;0.033240000;0.878970000
CVE-2013-0219;0.003660000;0.300160000
CVE-2013-0218;0.003660000;0.299850000
CVE-2013-0217;0.005650000;0.452040000
CVE-2013-0216;0.009490000;0.592590000
CVE-2013-0215;0.005900000;0.464230000
CVE-2013-0214;0.019060000;0.785710000
CVE-2013-0213;0.032480000;0.876110000
CVE-2013-0212;0.029890000;0.865560000
CVE-2013-0211;0.039260000;0.897570000
CVE-2013-0210;0.018530000;0.779460000
CVE-2013-0209;0.452010000;0.987110000
CVE-2013-0208;0.025050000;0.838280000
CVE-2013-0207;0.006430000;0.488770000
CVE-2013-0206;0.018570000;0.779960000
CVE-2013-0205;0.006730000;0.501390000
CVE-2013-0204;0.008970000;0.575850000
CVE-2013-0203;0.007240000;0.520590000
CVE-2013-0202;0.009500000;0.593020000
CVE-2013-0201;0.021640000;0.812050000
CVE-2013-0200;0.003790000;0.313840000
CVE-2013-0199;0.021180000;0.808060000
CVE-2013-0198;0.027950000;0.856370000
CVE-2013-0197;0.019950000;0.795530000
CVE-2013-0196;0.004350000;0.368080000
CVE-2013-0195;0.011610000;0.653880000
CVE-2013-0194;0.011610000;0.653890000
CVE-2013-0193;0.011610000;0.653890000
CVE-2013-0192;0.037600000;0.892720000
CVE-2013-0191;0.017580000;0.766960000
CVE-2013-0190;0.003660000;0.299890000
CVE-2013-0189;0.230260000;0.976230000
CVE-2013-0187;0.010780000;0.631420000
CVE-2013-0186;0.009140000;0.581250000
CVE-2013-0185;0.007460000;0.528060000
CVE-2013-0184;0.024180000;0.832260000
CVE-2013-0183;0.037780000;0.893280000
CVE-2013-0182;0.013690000;0.703210000
CVE-2013-0181;0.013500000;0.699030000
CVE-2013-0180;0.003230000;0.251760000
CVE-2013-0179;0.014980000;0.727830000
CVE-2013-0178;0.004150000;0.350530000
CVE-2013-0177;0.212300000;0.974500000
CVE-2013-0176;0.030490000;0.867990000
CVE-2013-0175;0.037260000;0.891730000
CVE-2013-0174;0.016670000;0.754140000
CVE-2013-0173;0.011180000;0.642610000
CVE-2013-0172;0.024260000;0.832800000
CVE-2013-0171;0.029740000;0.864880000
CVE-2013-0170;0.057740000;0.926580000
CVE-2013-0169;0.355840000;0.983620000
CVE-2013-0168;0.019190000;0.787400000
CVE-2013-0167;0.005620000;0.450250000
CVE-2013-0166;0.196500000;0.972380000
CVE-2013-0165;0.008130000;0.549840000
CVE-2013-0164;0.003650000;0.299610000
CVE-2013-0163;0.003050000;0.230920000
CVE-2013-0162;0.003430000;0.275190000
CVE-2013-0161;0.009720000;0.600210000
CVE-2013-0160;0.007320000;0.523420000
CVE-2013-0159;0.003390000;0.270750000
CVE-2013-0158;0.024550000;0.834970000
CVE-2013-0157;0.003750000;0.309750000
CVE-2013-0156;0.994490000;0.999420000
CVE-2013-0155;0.082450000;0.945710000
CVE-2013-0154;0.003720000;0.307070000
CVE-2013-0153;0.004110000;0.346450000
CVE-2013-0152;0.003730000;0.307370000
CVE-2013-0151;0.006030000;0.469950000
CVE-2013-0150;0.063160000;0.932150000
CVE-2013-0149;0.024760000;0.836400000
CVE-2013-0148;0.006910000;0.508550000
CVE-2013-0145;0.088680000;0.949090000
CVE-2013-0144;0.006190000;0.477610000
CVE-2013-0143;0.069650000;0.937510000
CVE-2013-0142;0.013080000;0.689710000
CVE-2013-0141;0.011160000;0.642230000
CVE-2013-0140;0.025440000;0.841010000
CVE-2013-0139;0.015980000;0.743660000
CVE-2013-0138;0.047520000;0.913630000
CVE-2013-0137;0.134460000;0.962050000
CVE-2013-0136;0.403380000;0.985580000
CVE-2013-0135;0.029780000;0.865090000
CVE-2013-0134;0.010120000;0.612380000
CVE-2013-0133;0.003950000;0.331180000
CVE-2013-0132;0.012600000;0.679310000
CVE-2013-0131;0.048070000;0.914450000
CVE-2013-0130;0.022600000;0.819950000
CVE-2013-0129;0.008150000;0.550510000
CVE-2013-0128;0.013080000;0.689710000
CVE-2013-0127;0.037870000;0.893550000
CVE-2013-0126;0.029380000;0.863340000
CVE-2013-0125;0.016820000;0.756560000
CVE-2013-0124;0.011410000;0.648350000
CVE-2013-0123;0.014680000;0.722560000
CVE-2013-0122;0.003590000;0.292490000
CVE-2013-0120;0.014650000;0.721740000
CVE-2013-0118;0.017240000;0.762250000
CVE-2013-0113;0.032200000;0.875080000
CVE-2013-0111;0.003600000;0.293900000
CVE-2013-0110;0.003600000;0.293910000
CVE-2013-0109;0.044720000;0.908960000
CVE-2013-0108;0.266390000;0.979000000
CVE-2013-0107;0.038910000;0.896440000
CVE-2013-0096;0.160970000;0.967290000
CVE-2013-0095;0.208010000;0.974030000
CVE-2013-0094;0.184770000;0.970770000
CVE-2013-0093;0.184770000;0.970760000
CVE-2013-0092;0.281940000;0.979990000
CVE-2013-0091;0.198040000;0.972570000
CVE-2013-0090;0.382230000;0.984750000
CVE-2013-0089;0.184770000;0.970760000
CVE-2013-0088;0.198040000;0.972580000
CVE-2013-0087;0.184770000;0.970760000
CVE-2013-0086;0.239690000;0.977050000
CVE-2013-0085;0.339750000;0.983010000
CVE-2013-0084;0.213500000;0.974610000
CVE-2013-0083;0.143330000;0.964010000
CVE-2013-0082;0.186820000;0.971010000
CVE-2013-0081;0.767460000;0.995160000
CVE-2013-0080;0.192900000;0.971810000
CVE-2013-0079;0.266840000;0.979030000
CVE-2013-0078;0.018060000;0.773280000
CVE-2013-0077;0.242420000;0.977240000
CVE-2013-0076;0.017910000;0.771170000
CVE-2013-0075;0.699360000;0.993330000
CVE-2013-0074;0.810090000;0.996070000
CVE-2013-0073;0.296320000;0.980830000
CVE-2013-0030;0.266960000;0.979040000
CVE-2013-0029;0.303390000;0.981220000
CVE-2013-0028;0.199050000;0.972740000
CVE-2013-0027;0.199050000;0.972730000
CVE-2013-0026;0.199050000;0.972730000
CVE-2013-0025;0.557650000;0.989810000
CVE-2013-0024;0.199050000;0.972740000
CVE-2013-0023;0.185720000;0.970870000
CVE-2013-0022;0.168050000;0.968590000
CVE-2013-0021;0.211850000;0.974440000
CVE-2013-0020;0.283310000;0.980070000
CVE-2013-0019;0.349230000;0.983390000
CVE-2013-0018;0.199050000;0.972730000
CVE-2013-0015;0.158530000;0.966850000
CVE-2013-0013;0.063510000;0.932410000
CVE-2013-0011;0.302790000;0.981180000
CVE-2013-0010;0.166180000;0.968300000
CVE-2013-0009;0.136400000;0.962590000
CVE-2013-0008;0.170890000;0.968980000
CVE-2013-0007;0.315740000;0.981840000
CVE-2013-0006;0.280840000;0.979930000
CVE-2013-0005;0.320960000;0.982120000
CVE-2013-0004;0.214230000;0.974660000
CVE-2013-0003;0.238430000;0.976920000
CVE-2013-0002;0.251180000;0.978010000
CVE-2013-0001;0.135530000;0.962340000
