CVE-2020-9999;0.079570000;0.945480000
CVE-2020-9997;0.008570000;0.567580000
CVE-2020-9996;0.009000000;0.580470000
CVE-2020-9995;0.005900000;0.460160000
CVE-2020-9994;0.009520000;0.597680000
CVE-2020-9993;0.011160000;0.646960000
CVE-2020-9992;0.029860000;0.867870000
CVE-2020-9991;0.028220000;0.860310000
CVE-2020-9990;0.002490000;0.145330000
CVE-2020-9989;0.003260000;0.231680000
CVE-2020-9988;0.003230000;0.227890000
CVE-2020-9987;0.008580000;0.567790000
CVE-2020-9986;0.009320000;0.591290000
CVE-2020-9985;0.014100000;0.715650000
CVE-2020-9984;0.013270000;0.698550000
CVE-2020-9983;0.022010000;0.818170000
CVE-2020-9982;0.007590000;0.534290000
CVE-2020-9981;0.014090000;0.715540000
CVE-2020-9980;0.011960000;0.668360000
CVE-2020-9979;0.004110000;0.326710000
CVE-2020-9978;0.005200000;0.418580000
CVE-2020-9977;0.009260000;0.588830000
CVE-2020-9976;0.010920000;0.640420000
CVE-2020-9975;0.011190000;0.647820000
CVE-2020-9974;0.011030000;0.643820000
CVE-2020-9973;0.019450000;0.793570000
CVE-2020-9972;0.014190000;0.717320000
CVE-2020-9971;0.011250000;0.649220000
CVE-2020-9969;0.003400000;0.249100000
CVE-2020-9968;0.011610000;0.658740000
CVE-2020-9967;0.023230000;0.828010000
CVE-2020-9966;0.012620000;0.684710000
CVE-2020-9965;0.014750000;0.727780000
CVE-2020-9964;0.004060000;0.322690000
CVE-2020-9963;0.009980000;0.612490000
CVE-2020-9962;0.011780000;0.663840000
CVE-2020-9961;0.015910000;0.746660000
CVE-2020-9960;0.010410000;0.625970000
CVE-2020-9959;0.002820000;0.185860000
CVE-2020-9958;0.011310000;0.650770000
CVE-2020-9956;0.010810000;0.637530000
CVE-2020-9955;0.010150000;0.618230000
CVE-2020-9954;0.014500000;0.723110000
CVE-2020-9952;0.014970000;0.731710000
CVE-2020-9951;0.023330000;0.828740000
CVE-2020-9950;0.014570000;0.724560000
CVE-2020-9949;0.015010000;0.732400000
CVE-2020-9948;0.016940000;0.761930000
CVE-2020-9947;0.017970000;0.775650000
CVE-2020-9946;0.003070000;0.210640000
CVE-2020-9945;0.011770000;0.663670000
CVE-2020-9944;0.011500000;0.655640000
CVE-2020-9943;0.011500000;0.655640000
CVE-2020-9942;0.011770000;0.663670000
CVE-2020-9941;0.025700000;0.845420000
CVE-2020-9940;0.013500000;0.703590000
CVE-2020-9939;0.001780000;0.066350000
CVE-2020-9938;0.013280000;0.698810000
CVE-2020-9937;0.013280000;0.698810000
CVE-2020-9936;0.013240000;0.697870000
CVE-2020-9935;0.007190000;0.519890000
CVE-2020-9934;0.032080000;0.876780000
CVE-2020-9933;0.008400000;0.561630000
CVE-2020-9932;0.011720000;0.661610000
CVE-2020-9931;0.015870000;0.746060000
CVE-2020-9930;0.002470000;0.143060000
CVE-2020-9929;0.003190000;0.223280000
CVE-2020-9928;0.012070000;0.671290000
CVE-2020-9927;0.003690000;0.282000000
CVE-2020-9926;0.010120000;0.617390000
CVE-2020-9925;0.012740000;0.687180000
CVE-2020-9924;0.015850000;0.745870000
CVE-2020-9923;0.012300000;0.677080000
CVE-2020-9922;0.015070000;0.733410000
CVE-2020-9921;0.002260000;0.119680000
CVE-2020-9920;0.018590000;0.783690000
CVE-2020-9919;0.015100000;0.733940000
CVE-2020-9918;0.030050000;0.868780000
CVE-2020-9917;0.015870000;0.746060000
CVE-2020-9916;0.013770000;0.709570000
CVE-2020-9915;0.015040000;0.732880000
CVE-2020-9914;0.012360000;0.678420000
CVE-2020-9913;0.003120000;0.215620000
CVE-2020-9912;0.002830000;0.186290000
CVE-2020-9911;0.014600000;0.725190000
CVE-2020-9910;0.021900000;0.817010000
CVE-2020-9909;0.017960000;0.775450000
CVE-2020-9908;0.002990000;0.202810000
CVE-2020-9907;0.031990000;0.876370000
CVE-2020-9906;0.047860000;0.916140000
CVE-2020-9905;0.025750000;0.845720000
CVE-2020-9904;0.013800000;0.709970000
CVE-2020-9903;0.005070000;0.408640000
CVE-2020-9902;0.009660000;0.601880000
CVE-2020-9901;0.003400000;0.249180000
CVE-2020-9900;0.003880000;0.303090000
CVE-2020-9899;0.012490000;0.681720000
CVE-2020-9898;0.013420000;0.702040000
CVE-2020-9897;0.009410000;0.593910000
CVE-2020-9895;0.044910000;0.911430000
CVE-2020-9894;0.028370000;0.861040000
CVE-2020-9893;0.029490000;0.866350000
CVE-2020-9892;0.014520000;0.723540000
CVE-2020-9891;0.012290000;0.676790000
CVE-2020-9890;0.012340000;0.678120000
CVE-2020-9889;0.017570000;0.770360000
CVE-2020-9888;0.012030000;0.669930000
CVE-2020-9887;0.010180000;0.618820000
CVE-2020-9885;0.004460000;0.362350000
CVE-2020-9884;0.010620000;0.631900000
CVE-2020-9883;0.059610000;0.930360000
CVE-2020-9882;0.013210000;0.697400000
CVE-2020-9881;0.013150000;0.696100000
CVE-2020-9880;0.013660000;0.707090000
CVE-2020-9879;0.012950000;0.691550000
CVE-2020-9878;0.013230000;0.697630000
CVE-2020-9877;0.013340000;0.700250000
CVE-2020-9876;0.019510000;0.794140000
CVE-2020-9875;0.013010000;0.693040000
CVE-2020-9874;0.012950000;0.691550000
CVE-2020-9873;0.013340000;0.700250000
CVE-2020-9872;0.013340000;0.700250000
CVE-2020-9871;0.013280000;0.698810000
CVE-2020-9870;0.019960000;0.798780000
CVE-2020-9869;0.015850000;0.745870000
CVE-2020-9868;0.010420000;0.626410000
CVE-2020-9866;0.019470000;0.793810000
CVE-2020-9865;0.009120000;0.584320000
CVE-2020-9864;0.024250000;0.835460000
CVE-2020-9863;0.013670000;0.707300000
CVE-2020-9862;0.019060000;0.789090000
CVE-2020-9861;0.014500000;0.722970000
CVE-2020-9860;0.010300000;0.622550000
CVE-2020-9859;0.008290000;0.558090000
CVE-2020-9858;0.004890000;0.396370000
CVE-2020-9857;0.007610000;0.534910000
CVE-2020-9856;0.013900000;0.712140000
CVE-2020-9855;0.002730000;0.176440000
CVE-2020-9854;0.004070000;0.323340000
CVE-2020-9853;0.007910000;0.544910000
CVE-2020-9852;0.013090000;0.694860000
CVE-2020-9851;0.006040000;0.467710000
CVE-2020-9850;0.773980000;0.995440000
CVE-2020-9849;0.021080000;0.810220000
CVE-2020-9848;0.002880000;0.191800000
CVE-2020-9847;0.006710000;0.500270000
CVE-2020-9846;0.004490000;0.365100000
CVE-2020-9844;0.017710000;0.772410000
CVE-2020-9843;0.011270000;0.649870000
CVE-2020-9842;0.009160000;0.585910000
CVE-2020-9841;0.011900000;0.666670000
CVE-2020-9840;0.010160000;0.618570000
CVE-2020-9839;0.036670000;0.892440000
CVE-2020-9838;0.024570000;0.837850000
CVE-2020-9837;0.013750000;0.709150000
CVE-2020-9835;0.007070000;0.515380000
CVE-2020-9834;0.011960000;0.668390000
CVE-2020-9833;0.002850000;0.188630000
CVE-2020-9832;0.006900000;0.508500000
CVE-2020-9831;0.007220000;0.520710000
CVE-2020-9830;0.010330000;0.623290000
CVE-2020-9829;0.009770000;0.606370000
CVE-2020-9828;0.011760000;0.662990000
CVE-2020-9827;0.015900000;0.746490000
CVE-2020-9826;0.011930000;0.667580000
CVE-2020-9825;0.006780000;0.503480000
CVE-2020-9824;0.008110000;0.552230000
CVE-2020-9823;0.008110000;0.552230000
CVE-2020-9822;0.012200000;0.674670000
CVE-2020-9821;0.013160000;0.696190000
CVE-2020-9820;0.009880000;0.609660000
CVE-2020-9819;0.021780000;0.816080000
CVE-2020-9818;0.022860000;0.825010000
CVE-2020-9817;0.010630000;0.632220000
CVE-2020-9816;0.013750000;0.709120000
CVE-2020-9815;0.013740000;0.708790000
CVE-2020-9814;0.013450000;0.702710000
CVE-2020-9813;0.013450000;0.702720000
CVE-2020-9812;0.008460000;0.563430000
CVE-2020-9811;0.007940000;0.546180000
CVE-2020-9810;0.003470000;0.256820000
CVE-2020-9809;0.008720000;0.572310000
CVE-2020-9808;0.007960000;0.546640000
CVE-2020-9807;0.018020000;0.776260000
CVE-2020-9806;0.018170000;0.778440000
CVE-2020-9805;0.011840000;0.665210000
CVE-2020-9804;0.003000000;0.203950000
CVE-2020-9803;0.018000000;0.776010000
CVE-2020-9802;0.082730000;0.947250000
CVE-2020-9801;0.013820000;0.710530000
CVE-2020-9800;0.016480000;0.755290000
CVE-2020-9799;0.012320000;0.677510000
CVE-2020-9797;0.008190000;0.554570000
CVE-2020-9796;0.002300000;0.124940000
CVE-2020-9795;0.013010000;0.693180000
CVE-2020-9794;0.015770000;0.744650000
CVE-2020-9793;0.024230000;0.835320000
CVE-2020-9792;0.002800000;0.183440000
CVE-2020-9791;0.013740000;0.708780000
CVE-2020-9790;0.024790000;0.839310000
CVE-2020-9789;0.024820000;0.839470000
CVE-2020-9788;0.008770000;0.573970000
CVE-2020-9787;0.012720000;0.686870000
CVE-2020-9786;0.005790000;0.454270000
CVE-2020-9785;0.012830000;0.688910000
CVE-2020-9784;0.008590000;0.568130000
CVE-2020-9783;0.012910000;0.690730000
CVE-2020-9782;0.012460000;0.680920000
CVE-2020-9781;0.007620000;0.535410000
CVE-2020-9780;0.002580000;0.156850000
CVE-2020-9779;0.003150000;0.218570000
CVE-2020-9777;0.008020000;0.548840000
CVE-2020-9776;0.005970000;0.464200000
CVE-2020-9775;0.008800000;0.574670000
CVE-2020-9774;0.006200000;0.476060000
CVE-2020-9773;0.006350000;0.483400000
CVE-2020-9772;0.003120000;0.216500000
CVE-2020-9771;0.003700000;0.283790000
CVE-2020-9770;0.011880000;0.666280000
CVE-2020-9769;0.010940000;0.641480000
CVE-2020-9768;0.012790000;0.688150000
CVE-2020-9767;0.007950000;0.546340000
CVE-2020-9761;0.021900000;0.817030000
CVE-2020-9760;0.022480000;0.822060000
CVE-2020-9759;0.004790000;0.388810000
CVE-2020-9758;0.024650000;0.838340000
CVE-2020-9757;0.728210000;0.994340000
CVE-2020-9756;0.005060000;0.407730000
CVE-2020-9754;0.007250000;0.521810000
CVE-2020-9753;0.010670000;0.633800000
CVE-2020-9752;0.011490000;0.655360000
CVE-2020-9751;0.004850000;0.392890000
CVE-2020-9750;0.045030000;0.911640000
CVE-2020-9749;0.041470000;0.904960000
CVE-2020-9748;0.062710000;0.933370000
CVE-2020-9747;0.041470000;0.904960000
CVE-2020-9746;0.042550000;0.907090000
CVE-2020-9745;0.022250000;0.820180000
CVE-2020-9744;0.022440000;0.821770000
CVE-2020-9743;0.019550000;0.794580000
CVE-2020-9742;0.018450000;0.781810000
CVE-2020-9741;0.018840000;0.786430000
CVE-2020-9740;0.018840000;0.786430000
CVE-2020-9739;0.022440000;0.821770000
CVE-2020-9738;0.016780000;0.759500000
CVE-2020-9737;0.016780000;0.759500000
CVE-2020-9736;0.017580000;0.770510000
CVE-2020-9735;0.017580000;0.770500000
CVE-2020-9734;0.018840000;0.786430000
CVE-2020-9733;0.037510000;0.894860000
CVE-2020-9732;0.028090000;0.859600000
CVE-2020-9731;0.112940000;0.958340000
CVE-2020-9730;0.027130000;0.854260000
CVE-2020-9729;0.027130000;0.854270000
CVE-2020-9728;0.027130000;0.854260000
CVE-2020-9727;0.031080000;0.872760000
CVE-2020-9726;0.026490000;0.850310000
CVE-2020-9725;0.035950000;0.890340000
CVE-2020-9724;0.027430000;0.855890000
CVE-2020-9723;0.035040000;0.887520000
CVE-2020-9722;0.058130000;0.928800000
CVE-2020-9721;0.034740000;0.886560000
CVE-2020-9720;0.034740000;0.886570000
CVE-2020-9719;0.034740000;0.886560000
CVE-2020-9718;0.034740000;0.886560000
CVE-2020-9717;0.034740000;0.886570000
CVE-2020-9716;0.034740000;0.886570000
CVE-2020-9715;0.485950000;0.988310000
CVE-2020-9714;0.027880000;0.858520000
CVE-2020-9713;0.002610000;0.159630000
CVE-2020-9712;0.034040000;0.884240000
CVE-2020-9711;0.002610000;0.159640000
CVE-2020-9710;0.028170000;0.860070000
CVE-2020-9708;0.029420000;0.865990000
CVE-2020-9707;0.028170000;0.860070000
CVE-2020-9706;0.028170000;0.860070000
CVE-2020-9705;0.034740000;0.886570000
CVE-2020-9704;0.043310000;0.908460000
CVE-2020-9703;0.023790000;0.832040000
CVE-2020-9702;0.023790000;0.832050000
CVE-2020-9701;0.043310000;0.908460000
CVE-2020-9700;0.043310000;0.908470000
CVE-2020-9699;0.043310000;0.908460000
CVE-2020-9698;0.042230000;0.906500000
CVE-2020-9697;0.031430000;0.874160000
CVE-2020-9696;0.024750000;0.839070000
CVE-2020-9695;0.002590000;0.158430000
CVE-2020-9694;0.045360000;0.912180000
CVE-2020-9693;0.049860000;0.919140000
CVE-2020-9692;0.038070000;0.896520000
CVE-2020-9691;0.060180000;0.930910000
CVE-2020-9690;0.016320000;0.752830000
CVE-2020-9689;0.041380000;0.904840000
CVE-2020-9688;0.048470000;0.917070000
CVE-2020-9687;0.034820000;0.886850000
CVE-2020-9686;0.042350000;0.906730000
CVE-2020-9685;0.034820000;0.886850000
CVE-2020-9684;0.034820000;0.886860000
CVE-2020-9683;0.040330000;0.902490000
CVE-2020-9682;0.043060000;0.908040000
CVE-2020-9681;0.006830000;0.505580000
CVE-2020-9680;0.039100000;0.899250000
CVE-2020-9679;0.048480000;0.917090000
CVE-2020-9678;0.039660000;0.900940000
CVE-2020-9677;0.045280000;0.912070000
CVE-2020-9676;0.038320000;0.897240000
CVE-2020-9675;0.044380000;0.910480000
CVE-2020-9674;0.038500000;0.897700000
CVE-2020-9673;0.010450000;0.627160000
CVE-2020-9672;0.010450000;0.627160000
CVE-2020-9671;0.039990000;0.901710000
CVE-2020-9670;0.035550000;0.888950000
CVE-2020-9669;0.034360000;0.885250000
CVE-2020-9668;0.016370000;0.753620000
CVE-2020-9667;0.004880000;0.395680000
CVE-2020-9666;0.022520000;0.822310000
CVE-2020-9665;0.014290000;0.719380000
CVE-2020-9664;0.083850000;0.947910000
CVE-2020-9663;0.032450000;0.878280000
CVE-2020-9662;0.035390000;0.888490000
CVE-2020-9661;0.035680000;0.889370000
CVE-2020-9660;0.032610000;0.879140000
CVE-2020-9659;0.033110000;0.881080000
CVE-2020-9658;0.030900000;0.872100000
CVE-2020-9657;0.044760000;0.911140000
CVE-2020-9656;0.041070000;0.904110000
CVE-2020-9655;0.061670000;0.932380000
CVE-2020-9654;0.021380000;0.812850000
CVE-2020-9653;0.021630000;0.814890000
CVE-2020-9652;0.024280000;0.835790000
CVE-2020-9651;0.024410000;0.836640000
CVE-2020-9650;0.032980000;0.880600000
CVE-2020-9649;0.026050000;0.847670000
CVE-2020-9648;0.024410000;0.836630000
CVE-2020-9647;0.024410000;0.836630000
CVE-2020-9646;0.031610000;0.874860000
CVE-2020-9645;0.032940000;0.880420000
CVE-2020-9644;0.017630000;0.771170000
CVE-2020-9643;0.032940000;0.880420000
CVE-2020-9642;0.029410000;0.865930000
CVE-2020-9641;0.024700000;0.838690000
CVE-2020-9640;0.025330000;0.843010000
CVE-2020-9639;0.025330000;0.843020000
CVE-2020-9638;0.086570000;0.949400000
CVE-2020-9637;0.084440000;0.948210000
CVE-2020-9636;0.039390000;0.900210000
CVE-2020-9635;0.044630000;0.910980000
CVE-2020-9634;0.044630000;0.910980000
CVE-2020-9633;0.075600000;0.943140000
CVE-2020-9632;0.073970000;0.942230000
CVE-2020-9631;0.073970000;0.942230000
CVE-2020-9630;0.039520000;0.900540000
CVE-2020-9629;0.028120000;0.859770000
CVE-2020-9628;0.034740000;0.886550000
CVE-2020-9627;0.034740000;0.886540000
CVE-2020-9626;0.021930000;0.817300000
CVE-2020-9625;0.034740000;0.886550000
CVE-2020-9624;0.028120000;0.859760000
CVE-2020-9623;0.034740000;0.886540000
CVE-2020-9622;0.028120000;0.859760000
CVE-2020-9621;0.074960000;0.942770000
CVE-2020-9620;0.076870000;0.943930000
CVE-2020-9618;0.028730000;0.862790000
CVE-2020-9617;0.028290000;0.860630000
CVE-2020-9616;0.026770000;0.852250000
CVE-2020-9615;0.014090000;0.715530000
CVE-2020-9614;0.022420000;0.821600000
CVE-2020-9613;0.022420000;0.821600000
CVE-2020-9612;0.057410000;0.927960000
CVE-2020-9611;0.019090000;0.789490000
CVE-2020-9610;0.020290000;0.802370000
CVE-2020-9609;0.027170000;0.854460000
CVE-2020-9608;0.022580000;0.822700000
CVE-2020-9607;0.047450000;0.915510000
CVE-2020-9606;0.012840000;0.689270000
CVE-2020-9605;0.041040000;0.904030000
CVE-2020-9604;0.041040000;0.904030000
CVE-2020-9603;0.028120000;0.859750000
CVE-2020-9602;0.028120000;0.859760000
CVE-2020-9601;0.034740000;0.886550000
CVE-2020-9600;0.034740000;0.886550000
CVE-2020-9599;0.034740000;0.886540000
CVE-2020-9598;0.028120000;0.859750000
CVE-2020-9597;0.101310000;0.954970000
CVE-2020-9596;0.023470000;0.829830000
CVE-2020-9595;0.028120000;0.859750000
CVE-2020-9594;0.035040000;0.887510000
CVE-2020-9593;0.028120000;0.859760000
CVE-2020-9592;0.023470000;0.829830000
CVE-2020-9591;0.034250000;0.884830000
CVE-2020-9590;0.404070000;0.985990000
CVE-2020-9589;0.075950000;0.943400000
CVE-2020-9588;0.029240000;0.865270000
CVE-2020-9587;0.050090000;0.919430000
CVE-2020-9586;0.075680000;0.943180000
CVE-2020-9585;0.049460000;0.918520000
CVE-2020-9584;0.011720000;0.661590000
CVE-2020-9583;0.057200000;0.927680000
CVE-2020-9582;0.057200000;0.927690000
CVE-2020-9581;0.015020000;0.732600000
CVE-2020-9580;0.050380000;0.919850000
CVE-2020-9579;0.050380000;0.919850000
CVE-2020-9578;0.057200000;0.927690000
CVE-2020-9577;0.015020000;0.732590000
CVE-2020-9576;0.057200000;0.927680000
CVE-2020-9575;0.029720000;0.867240000
CVE-2020-9574;0.034260000;0.884880000
CVE-2020-9573;0.034260000;0.884870000
CVE-2020-9572;0.033400000;0.882070000
CVE-2020-9571;0.034260000;0.884880000
CVE-2020-9570;0.034260000;0.884870000
CVE-2020-9569;0.028150000;0.859950000
CVE-2020-9568;0.026580000;0.850950000
CVE-2020-9567;0.035770000;0.889820000
CVE-2020-9566;0.034870000;0.887030000
CVE-2020-9565;0.028150000;0.859950000
CVE-2020-9564;0.028150000;0.859950000
CVE-2020-9563;0.051740000;0.921550000
CVE-2020-9562;0.053070000;0.923030000
CVE-2020-9561;0.027840000;0.858380000
CVE-2020-9560;0.028150000;0.859960000
CVE-2020-9559;0.028150000;0.859960000
CVE-2020-9558;0.019910000;0.798270000
CVE-2020-9557;0.025600000;0.844650000
CVE-2020-9556;0.027840000;0.858370000
CVE-2020-9555;0.051740000;0.921560000
CVE-2020-9554;0.028150000;0.859950000
CVE-2020-9553;0.020550000;0.805020000
CVE-2020-9552;0.057870000;0.928420000
CVE-2020-9551;0.029220000;0.865120000
CVE-2020-9550;0.007450000;0.529100000
CVE-2020-9549;0.013710000;0.708160000
CVE-2020-9548;0.183450000;0.971360000
CVE-2020-9547;0.183830000;0.971380000
CVE-2020-9546;0.046130000;0.913580000
CVE-2020-9545;0.013480000;0.703300000
CVE-2020-9544;0.013560000;0.705260000
CVE-2020-9543;0.011620000;0.659130000
CVE-2020-9540;0.003590000;0.271300000
CVE-2020-9535;0.016160000;0.750390000
CVE-2020-9534;0.015590000;0.742000000
CVE-2020-9531;0.013000000;0.693010000
CVE-2020-9530;0.014770000;0.728190000
CVE-2020-9529;0.029570000;0.866600000
CVE-2020-9528;0.008340000;0.559700000
CVE-2020-9527;0.029040000;0.864320000
CVE-2020-9526;0.006040000;0.467680000
CVE-2020-9525;0.016050000;0.748770000
CVE-2020-9524;0.005100000;0.411030000
CVE-2020-9523;0.008610000;0.568760000
CVE-2020-9522;0.006410000;0.486510000
CVE-2020-9521;0.011380000;0.652420000
CVE-2020-9520;0.008140000;0.552910000
CVE-2020-9519;0.008620000;0.568930000
CVE-2020-9518;0.008620000;0.568920000
CVE-2020-9517;0.004820000;0.390970000
CVE-2020-9514;0.009610000;0.600140000
CVE-2020-9502;0.014890000;0.730480000
CVE-2020-9501;0.003350000;0.242980000
CVE-2020-9500;0.010490000;0.628150000
CVE-2020-9499;0.015010000;0.732430000
CVE-2020-9498;0.007400000;0.527460000
CVE-2020-9497;0.007860000;0.543220000
CVE-2020-9496;0.989260000;0.999270000
CVE-2020-9495;0.080040000;0.945710000
CVE-2020-9494;0.039840000;0.901400000
CVE-2020-9493;0.045910000;0.913210000
CVE-2020-9492;0.044390000;0.910540000
CVE-2020-9491;0.028710000;0.862690000
CVE-2020-9490;0.888440000;0.997740000
CVE-2020-9489;0.026140000;0.848200000
CVE-2020-9488;0.080960000;0.946280000
CVE-2020-9487;0.030500000;0.870520000
CVE-2020-9486;0.035580000;0.889050000
CVE-2020-9485;0.027600000;0.856910000
CVE-2020-9484;0.555200000;0.990060000
CVE-2020-9483;0.346130000;0.983710000
CVE-2020-9482;0.026720000;0.851880000
CVE-2020-9481;0.023870000;0.832580000
CVE-2020-9480;0.293700000;0.981210000
CVE-2020-9479;0.019770000;0.796650000
CVE-2020-9478;0.031060000;0.872650000
CVE-2020-9477;0.012580000;0.683910000
CVE-2020-9476;0.009610000;0.600170000
CVE-2020-9475;0.002640000;0.164590000
CVE-2020-9474;0.019450000;0.793610000
CVE-2020-9473;0.010120000;0.617380000
CVE-2020-9472;0.021090000;0.810330000
CVE-2020-9471;0.022800000;0.824490000
CVE-2020-9470;0.005830000;0.456610000
CVE-2020-9468;0.005820000;0.456160000
CVE-2020-9467;0.238220000;0.977510000
CVE-2020-9466;0.013180000;0.696760000
CVE-2020-9465;0.822440000;0.996480000
CVE-2020-9464;0.013830000;0.710660000
CVE-2020-9463;0.041220000;0.904420000
CVE-2020-9462;0.003310000;0.237230000
CVE-2020-9461;0.013470000;0.703000000
CVE-2020-9460;0.013470000;0.702990000
CVE-2020-9459;0.010240000;0.620690000
CVE-2020-9458;0.025110000;0.841460000
CVE-2020-9457;0.025330000;0.843010000
CVE-2020-9456;0.025110000;0.841450000
CVE-2020-9455;0.014390000;0.720940000
CVE-2020-9454;0.010900000;0.639940000
CVE-2020-9453;0.003880000;0.302970000
CVE-2020-9452;0.004850000;0.392950000
CVE-2020-9451;0.003840000;0.298310000
CVE-2020-9450;0.003950000;0.310820000
CVE-2020-9449;0.010360000;0.624410000
CVE-2020-9447;0.007590000;0.534310000
CVE-2020-9445;0.006710000;0.499970000
CVE-2020-9444;0.006710000;0.500420000
CVE-2020-9443;0.006410000;0.486510000
CVE-2020-9442;0.006420000;0.487070000
CVE-2020-9440;0.013100000;0.694950000
CVE-2020-9439;0.007810000;0.541660000
CVE-2020-9438;0.006660000;0.498180000
CVE-2020-9437;0.009810000;0.607420000
CVE-2020-9436;0.026060000;0.847750000
CVE-2020-9435;0.011560000;0.657260000
CVE-2020-9434;0.008430000;0.562380000
CVE-2020-9433;0.008430000;0.562380000
CVE-2020-9432;0.008430000;0.562380000
CVE-2020-9431;0.027130000;0.854220000
CVE-2020-9430;0.028100000;0.859630000
CVE-2020-9429;0.015420000;0.739150000
CVE-2020-9428;0.031090000;0.872810000
CVE-2020-9427;0.011230000;0.648790000
CVE-2020-9426;0.011800000;0.664480000
CVE-2020-9425;0.190370000;0.972190000
CVE-2020-9423;0.050070000;0.919400000
CVE-2020-9420;0.004730000;0.384390000
CVE-2020-9419;0.004930000;0.398670000
CVE-2020-9418;0.004310000;0.348620000
CVE-2020-9417;0.008660000;0.570350000
CVE-2020-9416;0.005700000;0.449610000
CVE-2020-9415;0.007860000;0.543230000
CVE-2020-9414;0.016910000;0.761450000
CVE-2020-9413;0.013480000;0.703240000
CVE-2020-9412;0.023450000;0.829680000
CVE-2020-9411;0.014320000;0.719880000
CVE-2020-9410;0.052440000;0.922410000
CVE-2020-9409;0.034170000;0.884570000
CVE-2020-9408;0.012680000;0.685950000
CVE-2020-9407;0.005200000;0.418710000
CVE-2020-9406;0.012270000;0.676440000
CVE-2020-9405;0.006140000;0.472790000
CVE-2020-9404;0.002830000;0.186950000
CVE-2020-9403;0.002850000;0.188830000
CVE-2020-9402;0.225130000;0.976360000
CVE-2020-9399;0.011630000;0.659360000
CVE-2020-9398;0.012660000;0.685500000
CVE-2020-9395;0.007780000;0.540570000
CVE-2020-9394;0.006810000;0.504960000
CVE-2020-9393;0.009150000;0.585580000
CVE-2020-9392;0.016770000;0.759400000
CVE-2020-9391;0.005170000;0.416520000
CVE-2020-9390;0.008730000;0.572710000
CVE-2020-9389;0.009300000;0.590420000
CVE-2020-9388;0.007770000;0.540110000
CVE-2020-9387;0.007240000;0.521630000
CVE-2020-9386;0.010010000;0.613750000
CVE-2020-9385;0.016130000;0.749990000
CVE-2020-9384;0.019020000;0.788660000
CVE-2020-9383;0.007610000;0.534940000
CVE-2020-9382;0.009710000;0.604000000
CVE-2020-9381;0.021140000;0.810720000
CVE-2020-9380;0.039780000;0.901260000
CVE-2020-9379;0.009240000;0.588370000
CVE-2020-9377;0.213380000;0.975260000
CVE-2020-9376;0.165860000;0.969100000
CVE-2020-9375;0.266820000;0.979590000
CVE-2020-9374;0.426730000;0.986680000
CVE-2020-9372;0.086120000;0.949140000
CVE-2020-9371;0.033030000;0.880800000
CVE-2020-9370;0.012030000;0.670000000
CVE-2020-9369;0.029150000;0.864810000
CVE-2020-9368;0.020390000;0.803260000
CVE-2020-9367;0.010960000;0.641920000
CVE-2020-9366;0.027060000;0.853830000
CVE-2020-9365;0.071120000;0.940260000
CVE-2020-9364;0.031470000;0.874300000
CVE-2020-9363;0.009720000;0.604450000
CVE-2020-9362;0.015310000;0.737180000
CVE-2020-9361;0.003600000;0.272270000
CVE-2020-9359;0.014520000;0.723510000
CVE-2020-9355;0.022190000;0.819690000
CVE-2020-9354;0.011760000;0.663010000
CVE-2020-9353;0.015080000;0.733810000
CVE-2020-9352;0.018900000;0.787250000
CVE-2020-9351;0.010720000;0.634990000
CVE-2020-9350;0.005210000;0.419200000
CVE-2020-9349;0.014960000;0.731360000
CVE-2020-9347;0.077940000;0.944570000
CVE-2020-9346;0.021980000;0.817860000
CVE-2020-9345;0.009160000;0.585810000
CVE-2020-9344;0.051980000;0.921870000
CVE-2020-9343;0.009350000;0.592140000
CVE-2020-9342;0.016410000;0.754200000
CVE-2020-9341;0.005980000;0.464960000
CVE-2020-9340;0.010400000;0.625650000
CVE-2020-9339;0.005570000;0.441410000
CVE-2020-9338;0.005310000;0.426040000
CVE-2020-9337;0.005410000;0.431990000
CVE-2020-9336;0.005310000;0.426050000
CVE-2020-9335;0.013550000;0.705010000
CVE-2020-9334;0.007780000;0.540800000
CVE-2020-9332;0.004960000;0.400780000
CVE-2020-9331;0.004150000;0.332130000
CVE-2020-9330;0.010670000;0.633880000
CVE-2020-9329;0.007680000;0.537520000
CVE-2020-9327;0.036830000;0.892870000
CVE-2020-9326;0.010440000;0.626850000
CVE-2020-9325;0.018120000;0.777750000
CVE-2020-9324;0.014460000;0.722410000
CVE-2020-9323;0.016180000;0.750640000
CVE-2020-9322;0.002610000;0.159990000
CVE-2020-9321;0.007390000;0.527210000
CVE-2020-9320;0.028820000;0.863180000
CVE-2020-9318;0.008970000;0.579500000
CVE-2020-9315;0.818140000;0.996380000
CVE-2020-9314;0.012820000;0.688860000
CVE-2020-9311;0.005560000;0.441270000
CVE-2020-9309;0.018370000;0.780880000
CVE-2020-9308;0.022510000;0.822200000
CVE-2020-9307;0.005860000;0.458170000
CVE-2020-9306;0.011650000;0.659820000
CVE-2020-9301;0.015230000;0.735890000
CVE-2020-9300;0.009430000;0.594760000
CVE-2020-9299;0.005700000;0.449330000
CVE-2020-9298;0.013490000;0.703530000
CVE-2020-9297;0.018630000;0.784110000
CVE-2020-9296;0.016730000;0.758930000
CVE-2020-9295;0.003180000;0.221760000
CVE-2020-9294;0.777780000;0.995560000
CVE-2020-9292;0.015450000;0.739750000
CVE-2020-9291;0.005280000;0.423890000
CVE-2020-9290;0.006040000;0.467750000
CVE-2020-9289;0.021690000;0.815340000
CVE-2020-9288;0.008570000;0.567540000
CVE-2020-9287;0.005990000;0.465190000
CVE-2020-9286;0.011540000;0.656860000
CVE-2020-9285;0.004840000;0.392240000
CVE-2020-9283;0.205210000;0.974350000
CVE-2020-9282;0.009190000;0.586700000
CVE-2020-9281;0.043080000;0.908050000
CVE-2020-9280;0.017290000;0.766520000
CVE-2020-9279;0.021870000;0.816800000
CVE-2020-9278;0.016230000;0.751270000
CVE-2020-9277;0.024640000;0.838310000
CVE-2020-9276;0.026010000;0.847420000
CVE-2020-9275;0.017020000;0.763030000
CVE-2020-9274;0.059570000;0.930320000
CVE-2020-9273;0.120450000;0.960020000
CVE-2020-9272;0.021100000;0.810440000
CVE-2020-9271;0.004390000;0.356260000
CVE-2020-9270;0.005130000;0.413630000
CVE-2020-9269;0.024130000;0.834600000
CVE-2020-9268;0.014150000;0.716650000
CVE-2020-9267;0.005200000;0.418320000
CVE-2020-9266;0.005200000;0.418320000
CVE-2020-9265;0.014570000;0.724510000
CVE-2020-9264;0.012100000;0.671950000
CVE-2020-9263;0.008330000;0.559320000
CVE-2020-9262;0.008330000;0.559320000
CVE-2020-9261;0.007920000;0.545530000
CVE-2020-9260;0.003420000;0.251660000
CVE-2020-9259;0.007940000;0.546310000
CVE-2020-9258;0.002220000;0.115030000
CVE-2020-9257;0.007510000;0.531200000
CVE-2020-9256;0.006050000;0.468150000
CVE-2020-9255;0.004690000;0.381100000
CVE-2020-9254;0.008790000;0.574490000
CVE-2020-9253;0.002330000;0.127610000
CVE-2020-9252;0.002260000;0.119470000
CVE-2020-9251;0.002140000;0.105950000
CVE-2020-9250;0.001220000;0.017110000
CVE-2020-9249;0.003240000;0.228990000
CVE-2020-9248;0.002270000;0.120630000
CVE-2020-9247;0.008280000;0.557890000
CVE-2020-9246;0.006070000;0.469160000
CVE-2020-9245;0.004690000;0.381100000
CVE-2020-9244;0.002340000;0.128630000
CVE-2020-9243;0.004690000;0.381090000
CVE-2020-9242;0.013060000;0.694170000
CVE-2020-9241;0.004680000;0.380260000
CVE-2020-9240;0.001980000;0.086400000
CVE-2020-9239;0.002420000;0.138100000
CVE-2020-9238;0.003220000;0.227230000
CVE-2020-9237;0.002180000;0.109860000
CVE-2020-9236;0.004180000;0.336140000
CVE-2020-9235;0.002420000;0.138100000
CVE-2020-9233;0.007750000;0.539620000
CVE-2020-9230;0.002100000;0.101830000
CVE-2020-9229;0.002240000;0.117710000
CVE-2020-9228;0.007770000;0.540420000
CVE-2020-9227;0.004690000;0.381100000
CVE-2020-9226;0.003500000;0.260460000
CVE-2020-9225;0.001970000;0.084270000
CVE-2020-9223;0.008880000;0.576850000
CVE-2020-9222;0.001130000;0.013120000
CVE-2020-9213;0.007270000;0.522760000
CVE-2020-9212;0.005970000;0.464170000
CVE-2020-9211;0.002500000;0.147060000
CVE-2020-9210;0.001490000;0.034520000
CVE-2020-9209;0.002120000;0.103530000
CVE-2020-9208;0.006300000;0.480430000
CVE-2020-9207;0.005660000;0.447460000
CVE-2020-9206;0.001850000;0.072850000
CVE-2020-9205;0.006240000;0.477960000
CVE-2020-9203;0.001940000;0.081770000
CVE-2020-9202;0.002240000;0.117710000
CVE-2020-9201;0.003240000;0.228980000
CVE-2020-9200;0.003130000;0.217130000
CVE-2020-9199;0.007960000;0.546660000
CVE-2020-9158;0.006770000;0.503000000
CVE-2020-9149;0.001550000;0.040010000
CVE-2020-9148;0.001590000;0.043630000
CVE-2020-9147;0.001670000;0.053800000
CVE-2020-9146;0.001490000;0.034450000
CVE-2020-9145;0.008320000;0.559020000
CVE-2020-9144;0.008050000;0.550220000
CVE-2020-9143;0.006540000;0.492780000
CVE-2020-9142;0.007120000;0.517020000
CVE-2020-9141;0.003550000;0.267250000
CVE-2020-9140;0.012920000;0.690970000
CVE-2020-9139;0.008320000;0.559020000
CVE-2020-9138;0.007200000;0.520220000
CVE-2020-9137;0.002150000;0.107480000
CVE-2020-9129;0.002060000;0.095280000
CVE-2020-9128;0.001140000;0.013260000
CVE-2020-9127;0.003870000;0.301780000
CVE-2020-9125;0.002500000;0.147110000
CVE-2020-9124;0.009280000;0.589460000
CVE-2020-9123;0.008280000;0.557890000
CVE-2020-9122;0.003550000;0.266960000
CVE-2020-9120;0.007450000;0.529130000
CVE-2020-9119;0.002270000;0.120630000
CVE-2020-9118;0.001560000;0.040700000
CVE-2020-9117;0.002600000;0.159340000
CVE-2020-9116;0.010360000;0.624480000
CVE-2020-9115;0.013780000;0.709700000
CVE-2020-9114;0.002190000;0.111120000
CVE-2020-9113;0.004490000;0.364570000
CVE-2020-9112;0.001970000;0.084640000
CVE-2020-9111;0.002930000;0.196100000
CVE-2020-9110;0.002350000;0.129380000
CVE-2020-9109;0.002200000;0.112940000
CVE-2020-9108;0.004770000;0.387150000
CVE-2020-9107;0.004770000;0.387150000
CVE-2020-9106;0.002910000;0.194560000
CVE-2020-9105;0.002420000;0.137870000
CVE-2020-9104;0.003190000;0.222990000
CVE-2020-9103;0.002100000;0.100960000
CVE-2020-9102;0.001990000;0.087940000
CVE-2020-9101;0.003290000;0.233990000
CVE-2020-9100;0.003680000;0.281120000
CVE-2020-9099;0.008760000;0.573560000
CVE-2020-9098;0.007930000;0.545700000
CVE-2020-9096;0.001990000;0.087300000
CVE-2020-9095;0.001990000;0.087300000
CVE-2020-9094;0.007450000;0.529140000
CVE-2020-9093;0.004940000;0.399160000
CVE-2020-9092;0.002830000;0.186210000
CVE-2020-9091;0.001990000;0.087300000
CVE-2020-9090;0.002220000;0.115340000
CVE-2020-9089;0.001400000;0.027900000
CVE-2020-9087;0.002080000;0.097840000
CVE-2020-9086;0.002060000;0.095460000
CVE-2020-9085;0.003400000;0.248090000
CVE-2020-9084;0.002250000;0.119260000
CVE-2020-9083;0.002100000;0.100960000
CVE-2020-9082;0.002300000;0.124350000
CVE-2020-9081;0.002000000;0.087980000
CVE-2020-9080;0.001300000;0.021810000
CVE-2020-9079;0.003750000;0.288390000
CVE-2020-9078;0.002190000;0.111490000
CVE-2020-9077;0.005120000;0.412500000
CVE-2020-9076;0.005990000;0.465290000
CVE-2020-9075;0.006070000;0.469160000
CVE-2020-9074;0.007330000;0.524840000
CVE-2020-9073;0.002220000;0.114880000
CVE-2020-9072;0.002270000;0.120730000
CVE-2020-9071;0.006340000;0.482960000
CVE-2020-9070;0.005930000;0.461570000
CVE-2020-9069;0.003360000;0.244040000
CVE-2020-9068;0.011070000;0.644620000
CVE-2020-9067;0.006170000;0.474450000
CVE-2020-9066;0.005660000;0.447450000
CVE-2020-9065;0.001890000;0.076130000
CVE-2020-9064;0.002240000;0.117000000
CVE-2020-9063;0.006740000;0.501790000
CVE-2020-9062;0.001720000;0.058770000
CVE-2020-9061;0.007330000;0.524890000
CVE-2020-9060;0.005320000;0.426600000
CVE-2020-9059;0.008460000;0.563400000
CVE-2020-9058;0.003000000;0.203630000
CVE-2020-9057;0.004130000;0.329470000
CVE-2020-9056;0.006390000;0.485090000
CVE-2020-9055;0.005100000;0.411430000
CVE-2020-9054;0.999880000;0.999840000
CVE-2020-9050;0.037870000;0.895920000
CVE-2020-9049;0.005330000;0.427280000
CVE-2020-9048;0.011310000;0.650740000
CVE-2020-9047;0.077700000;0.944420000
CVE-2020-9046;0.002980000;0.201750000
CVE-2020-9045;0.009900000;0.610180000
CVE-2020-9044;0.012860000;0.689610000
CVE-2020-9043;0.081730000;0.946730000
CVE-2020-9042;0.005760000;0.452770000
CVE-2020-9041;0.012760000;0.687710000
CVE-2020-9040;0.006670000;0.498410000
CVE-2020-9039;0.039390000;0.900210000
CVE-2020-9038;0.035660000;0.889320000
CVE-2020-9036;0.035870000;0.890080000
CVE-2020-9034;0.009110000;0.584130000
CVE-2020-9033;0.013470000;0.703090000
CVE-2020-9032;0.010600000;0.631570000
CVE-2020-9031;0.010600000;0.631580000
CVE-2020-9030;0.010600000;0.631570000
CVE-2020-9029;0.012210000;0.674910000
CVE-2020-9028;0.006680000;0.499160000
CVE-2020-9027;0.030290000;0.869720000
CVE-2020-9026;0.030590000;0.870910000
CVE-2020-9025;0.006680000;0.499150000
CVE-2020-9024;0.018430000;0.781590000
CVE-2020-9023;0.014870000;0.729960000
CVE-2020-9022;0.006680000;0.499130000
CVE-2020-9021;0.020900000;0.808550000
CVE-2020-9020;0.025350000;0.843090000
CVE-2020-9019;0.016410000;0.754220000
CVE-2020-9018;0.004210000;0.338400000
CVE-2020-9017;0.011020000;0.643350000
CVE-2020-9016;0.008510000;0.565330000
CVE-2020-9015;0.164640000;0.968830000
CVE-2020-9014;0.003710000;0.284550000
CVE-2020-9013;0.012920000;0.690890000
CVE-2020-9012;0.007770000;0.540090000
CVE-2020-9009;0.006330000;0.482230000
CVE-2020-9008;0.006170000;0.474440000
CVE-2020-9007;0.005310000;0.426050000
CVE-2020-9006;0.085600000;0.948850000
CVE-2020-9005;0.021540000;0.814200000
CVE-2020-9004;0.035310000;0.888280000
CVE-2020-9003;0.010420000;0.626390000
CVE-2020-9002;0.009960000;0.612020000
CVE-2020-9000;0.010880000;0.639470000
CVE-2020-8997;0.006330000;0.482250000
CVE-2020-8996;0.010650000;0.632950000
CVE-2020-8995;0.021630000;0.814950000
CVE-2020-8994;0.005590000;0.442940000
CVE-2020-8992;0.004160000;0.333900000
CVE-2020-8991;0.003280000;0.233630000
CVE-2020-8990;0.009970000;0.612450000
CVE-2020-8989;0.010270000;0.621710000
CVE-2020-8988;0.008540000;0.566350000
CVE-2020-8987;0.005070000;0.408220000
CVE-2020-8986;0.015410000;0.739120000
CVE-2020-8985;0.005130000;0.413180000
CVE-2020-8984;0.004910000;0.397200000
CVE-2020-8983;0.046190000;0.913680000
CVE-2020-8982;0.271490000;0.979880000
CVE-2020-8981;0.010660000;0.633560000
CVE-2020-8976;0.005270000;0.422930000
CVE-2020-8975;0.011270000;0.649750000
CVE-2020-8974;0.007570000;0.533430000
CVE-2020-8973;0.004620000;0.375030000
CVE-2020-8968;0.002720000;0.176070000
CVE-2020-8967;0.010340000;0.623930000
CVE-2020-8966;0.008690000;0.571230000
CVE-2020-8964;0.036570000;0.892180000
CVE-2020-8963;0.026830000;0.852530000
CVE-2020-8962;0.017970000;0.775550000
CVE-2020-8961;0.020480000;0.804270000
CVE-2020-8960;0.008650000;0.569820000
CVE-2020-8959;0.004450000;0.361340000
CVE-2020-8958;0.466420000;0.987850000
CVE-2020-8956;0.011550000;0.657040000
CVE-2020-8955;0.036840000;0.892900000
CVE-2020-8954;0.007610000;0.534890000
CVE-2020-8953;0.013360000;0.700690000
CVE-2020-8952;0.007340000;0.525080000
CVE-2020-8951;0.006370000;0.484330000
CVE-2020-8950;0.009940000;0.611360000
CVE-2020-8949;0.028290000;0.860690000
CVE-2020-8948;0.004750000;0.385800000
CVE-2020-8947;0.224760000;0.976330000
CVE-2020-8946;0.018700000;0.785060000
CVE-2020-8945;0.050710000;0.920260000
CVE-2020-8944;0.001580000;0.042330000
CVE-2020-8943;0.001320000;0.022880000
CVE-2020-8942;0.001350000;0.024350000
CVE-2020-8941;0.001390000;0.026790000
CVE-2020-8940;0.001350000;0.024360000
CVE-2020-8939;0.001350000;0.024360000
CVE-2020-8938;0.001300000;0.021800000
CVE-2020-8937;0.001300000;0.021810000
CVE-2020-8936;0.001350000;0.024360000
CVE-2020-8935;0.001410000;0.028090000
CVE-2020-8934;0.002470000;0.143790000
CVE-2020-8933;0.003530000;0.264030000
CVE-2020-8929;0.004630000;0.376080000
CVE-2020-8927;0.032170000;0.877190000
CVE-2020-8923;0.003240000;0.229340000
CVE-2020-8920;0.003720000;0.285360000
CVE-2020-8919;0.003210000;0.225620000
CVE-2020-8918;0.001800000;0.067710000
CVE-2020-8916;0.002670000;0.168760000
CVE-2020-8913;0.028830000;0.863250000
CVE-2020-8912;0.002310000;0.125860000
CVE-2020-8911;0.003460000;0.255860000
CVE-2020-8910;0.005370000;0.429460000
CVE-2020-8908;0.009760000;0.605970000
CVE-2020-8907;0.003090000;0.212620000
CVE-2020-8905;0.002390000;0.133970000
CVE-2020-8904;0.002320000;0.127100000
CVE-2020-8903;0.003150000;0.219370000
CVE-2020-8902;0.003250000;0.229810000
CVE-2020-8899;0.059010000;0.929720000
CVE-2020-8897;0.003990000;0.315010000
CVE-2020-8896;0.004040000;0.320110000
CVE-2020-8895;0.001880000;0.075170000
CVE-2020-8894;0.013990000;0.713660000
CVE-2020-8893;0.020790000;0.807290000
CVE-2020-8892;0.017360000;0.767460000
CVE-2020-8891;0.014300000;0.719550000
CVE-2020-8890;0.010980000;0.642630000
CVE-2020-8889;0.010040000;0.614760000
CVE-2020-8887;0.014540000;0.723930000
CVE-2020-8884;0.040860000;0.903630000
CVE-2020-8883;0.083840000;0.947900000
CVE-2020-8882;0.110570000;0.957720000
CVE-2020-8881;0.110570000;0.957730000
CVE-2020-8880;0.110570000;0.957730000
CVE-2020-8879;0.081580000;0.946640000
CVE-2020-8878;0.110570000;0.957720000
CVE-2020-8877;0.081580000;0.946640000
CVE-2020-8876;0.005070000;0.408320000
CVE-2020-8875;0.005450000;0.434420000
CVE-2020-8874;0.004190000;0.336750000
CVE-2020-8873;0.003710000;0.284080000
CVE-2020-8872;0.005270000;0.423600000
CVE-2020-8871;0.006140000;0.472710000
CVE-2020-8870;0.040290000;0.902390000
CVE-2020-8869;0.040290000;0.902390000
CVE-2020-8868;0.094710000;0.952670000
CVE-2020-8867;0.026440000;0.850100000
CVE-2020-8866;0.095790000;0.953100000
CVE-2020-8865;0.068080000;0.937830000
CVE-2020-8864;0.802210000;0.996080000
CVE-2020-8863;0.767330000;0.995320000
CVE-2020-8862;0.133430000;0.962790000
CVE-2020-8861;0.065440000;0.935720000
CVE-2020-8860;0.007140000;0.517800000
CVE-2020-8859;0.035730000;0.889520000
CVE-2020-8858;0.085770000;0.948930000
CVE-2020-8857;0.060780000;0.931550000
CVE-2020-8856;0.198370000;0.973310000
CVE-2020-8855;0.060780000;0.931550000
CVE-2020-8854;0.060550000;0.931310000
CVE-2020-8853;0.060040000;0.930770000
CVE-2020-8852;0.041760000;0.905540000
CVE-2020-8851;0.059550000;0.930300000
CVE-2020-8850;0.059550000;0.930290000
CVE-2020-8849;0.059550000;0.930300000
CVE-2020-8848;0.060780000;0.931540000
CVE-2020-8847;0.060780000;0.931550000
CVE-2020-8846;0.198370000;0.973320000
CVE-2020-8845;0.194570000;0.972850000
CVE-2020-8844;0.236640000;0.977410000
CVE-2020-8843;0.010650000;0.632890000
CVE-2020-8841;0.014260000;0.718750000
CVE-2020-8840;0.265870000;0.979530000
CVE-2020-8839;0.020710000;0.806620000
CVE-2020-8838;0.015570000;0.741830000
CVE-2020-8835;0.060100000;0.930850000
CVE-2020-8834;0.003470000;0.257130000
CVE-2020-8833;0.003440000;0.252870000
CVE-2020-8832;0.004520000;0.367080000
CVE-2020-8831;0.006510000;0.491360000
CVE-2020-8830;0.005130000;0.413630000
CVE-2020-8829;0.005130000;0.413640000
CVE-2020-8828;0.018000000;0.775970000
CVE-2020-8827;0.022120000;0.819080000
CVE-2020-8826;0.017120000;0.764400000
CVE-2020-8825;0.018750000;0.785510000
CVE-2020-8824;0.005570000;0.441410000
CVE-2020-8823;0.018860000;0.786750000
CVE-2020-8822;0.005640000;0.446730000
CVE-2020-8821;0.802150000;0.996080000
CVE-2020-8820;0.005700000;0.449690000
CVE-2020-8819;0.048770000;0.917490000
CVE-2020-8818;0.041700000;0.905390000
CVE-2020-8817;0.008850000;0.576040000
CVE-2020-8816;0.781900000;0.995650000
CVE-2020-8815;0.021930000;0.817270000
CVE-2020-8813;0.739570000;0.994670000
CVE-2020-8812;0.006060000;0.468670000
CVE-2020-8811;0.005460000;0.435100000
CVE-2020-8810;0.021070000;0.810040000
CVE-2020-8809;0.010330000;0.623450000
CVE-2020-8808;0.005810000;0.455010000
CVE-2020-8807;0.010410000;0.625860000
CVE-2020-8806;0.010270000;0.621780000
CVE-2020-8804;0.013850000;0.710950000
CVE-2020-8803;0.033080000;0.880990000
CVE-2020-8802;0.026080000;0.847880000
CVE-2020-8801;0.028050000;0.859430000
CVE-2020-8800;0.028130000;0.859840000
CVE-2020-8799;0.007410000;0.528020000
CVE-2020-8798;0.003980000;0.313680000
CVE-2020-8797;0.009340000;0.591840000
CVE-2020-8796;0.029280000;0.865420000
CVE-2020-8795;0.011550000;0.657000000
CVE-2020-8794;0.889000000;0.997750000
CVE-2020-8793;0.009000000;0.580410000
CVE-2020-8792;0.009720000;0.604460000
CVE-2020-8791;0.010220000;0.619900000
CVE-2020-8790;0.016540000;0.756010000
CVE-2020-8789;0.006520000;0.491730000
CVE-2020-8788;0.008120000;0.552580000
CVE-2020-8787;0.008800000;0.574700000
CVE-2020-8786;0.010530000;0.629430000
CVE-2020-8785;0.010530000;0.629430000
CVE-2020-8784;0.011120000;0.646130000
CVE-2020-8783;0.010530000;0.629430000
CVE-2020-8782;0.018340000;0.780430000
CVE-2020-8781;0.004610000;0.374120000
CVE-2020-8778;0.026210000;0.848630000
CVE-2020-8777;0.031700000;0.875280000
CVE-2020-8776;0.026760000;0.852190000
CVE-2020-8775;0.008390000;0.561190000
CVE-2020-8774;0.008300000;0.558420000
CVE-2020-8773;0.008300000;0.558460000
CVE-2020-8772;0.880490000;0.997620000
CVE-2020-8771;0.464540000;0.987810000
CVE-2020-8768;0.018460000;0.781900000
CVE-2020-8767;0.002750000;0.178270000
CVE-2020-8766;0.005910000;0.460990000
CVE-2020-8765;0.002770000;0.180490000
CVE-2020-8764;0.004170000;0.335110000
CVE-2020-8763;0.002840000;0.187850000
CVE-2020-8761;0.001550000;0.039140000
CVE-2020-8760;0.004190000;0.336860000
CVE-2020-8759;0.003460000;0.255290000
CVE-2020-8758;0.018890000;0.787080000
CVE-2020-8757;0.004170000;0.335110000
CVE-2020-8756;0.003510000;0.262050000
CVE-2020-8755;0.002780000;0.181820000
CVE-2020-8754;0.014760000;0.728050000
CVE-2020-8753;0.014960000;0.731390000
CVE-2020-8752;0.016860000;0.760910000
CVE-2020-8751;0.004130000;0.329310000
CVE-2020-8750;0.003520000;0.263440000
CVE-2020-8749;0.011220000;0.648630000
CVE-2020-8747;0.017280000;0.766390000
CVE-2020-8746;0.008800000;0.574520000
CVE-2020-8745;0.003830000;0.296810000
CVE-2020-8744;0.003620000;0.273890000
CVE-2020-8743;0.002820000;0.185610000
CVE-2020-8742;0.003220000;0.226790000
CVE-2020-8741;0.002150000;0.106750000
CVE-2020-8740;0.004170000;0.335100000
CVE-2020-8739;0.004190000;0.336860000
CVE-2020-8738;0.003360000;0.244290000
CVE-2020-8737;0.003670000;0.279640000
CVE-2020-8736;0.003260000;0.231260000
CVE-2020-8734;0.003180000;0.222040000
CVE-2020-8733;0.003340000;0.241430000
CVE-2020-8732;0.007140000;0.517610000
CVE-2020-8731;0.003480000;0.257750000
CVE-2020-8730;0.003480000;0.257730000
CVE-2020-8729;0.003480000;0.257730000
CVE-2020-8723;0.006080000;0.469400000
CVE-2020-8722;0.003750000;0.288230000
CVE-2020-8721;0.003460000;0.256260000
CVE-2020-8720;0.003270000;0.232700000
CVE-2020-8719;0.003750000;0.288220000
CVE-2020-8718;0.003760000;0.289640000
CVE-2020-8717;0.003030000;0.206210000
CVE-2020-8716;0.003030000;0.206210000
CVE-2020-8715;0.003110000;0.215170000
CVE-2020-8714;0.003320000;0.238400000
CVE-2020-8713;0.006840000;0.506020000
CVE-2020-8712;0.003650000;0.277930000
CVE-2020-8711;0.003370000;0.244720000
CVE-2020-8710;0.003750000;0.288230000
CVE-2020-8709;0.006640000;0.497340000
CVE-2020-8708;0.006640000;0.497340000
CVE-2020-8707;0.006930000;0.509680000
CVE-2020-8706;0.006930000;0.509690000
CVE-2020-8705;0.005040000;0.406690000
CVE-2020-8704;0.002080000;0.098020000
CVE-2020-8703;0.003330000;0.239270000
CVE-2020-8702;0.002700000;0.172760000
CVE-2020-8701;0.002780000;0.181190000
CVE-2020-8700;0.002980000;0.201970000
CVE-2020-8698;0.005160000;0.415560000
CVE-2020-8696;0.004440000;0.360810000
CVE-2020-8695;0.004190000;0.336420000
CVE-2020-8694;0.004510000;0.366710000
CVE-2020-8693;0.003390000;0.247220000
CVE-2020-8692;0.003390000;0.247210000
CVE-2020-8691;0.003760000;0.289520000
CVE-2020-8690;0.003390000;0.247210000
CVE-2020-8689;0.006040000;0.467460000
CVE-2020-8688;0.015240000;0.736120000
CVE-2020-8687;0.003230000;0.228070000
CVE-2020-8685;0.003000000;0.203080000
CVE-2020-8684;0.003220000;0.226780000
CVE-2020-8683;0.003050000;0.208870000
CVE-2020-8682;0.003050000;0.208880000
CVE-2020-8681;0.003690000;0.281540000
CVE-2020-8680;0.001970000;0.085090000
CVE-2020-8679;0.002750000;0.178280000
CVE-2020-8678;0.002740000;0.177190000
CVE-2020-8677;0.002810000;0.185050000
CVE-2020-8676;0.003220000;0.226780000
CVE-2020-8675;0.003880000;0.302180000
CVE-2020-8674;0.017890000;0.774520000
CVE-2020-8672;0.003410000;0.249960000
CVE-2020-8671;0.003260000;0.231750000
CVE-2020-8670;0.002680000;0.169390000
CVE-2020-8669;0.008740000;0.572860000
CVE-2020-8664;0.013000000;0.692920000
CVE-2020-8663;0.014750000;0.727940000
CVE-2020-8661;0.018690000;0.784860000
CVE-2020-8660;0.006060000;0.468600000
CVE-2020-8659;0.018870000;0.786790000
CVE-2020-8658;0.099180000;0.954310000
CVE-2020-8657;0.918740000;0.998160000
CVE-2020-8656;0.846000000;0.996980000
CVE-2020-8655;0.600750000;0.991060000
CVE-2020-8654;0.911800000;0.998070000
CVE-2020-8649;0.004880000;0.395530000
CVE-2020-8648;0.006610000;0.495960000
CVE-2020-8647;0.004130000;0.329840000
CVE-2020-8645;0.017580000;0.770560000
CVE-2020-8644;0.866890000;0.997370000
CVE-2020-8641;0.108080000;0.957010000
CVE-2020-8639;0.158580000;0.967700000
CVE-2020-8638;0.017400000;0.768060000
CVE-2020-8637;0.029350000;0.865700000
CVE-2020-8636;0.040140000;0.902090000
CVE-2020-8635;0.008070000;0.550800000
CVE-2020-8634;0.004260000;0.343790000
CVE-2020-8633;0.010700000;0.634610000
CVE-2020-8632;0.003800000;0.293410000
CVE-2020-8631;0.004350000;0.352430000
CVE-2020-8625;0.641610000;0.992040000
CVE-2020-8624;0.036700000;0.892530000
CVE-2020-8623;0.064000000;0.934360000
CVE-2020-8622;0.055910000;0.926230000
CVE-2020-8621;0.029680000;0.867090000
CVE-2020-8620;0.036930000;0.893150000
CVE-2020-8619;0.021050000;0.809920000
CVE-2020-8618;0.018480000;0.782280000
CVE-2020-8617;0.934220000;0.998380000
CVE-2020-8616;0.105930000;0.956350000
CVE-2020-8615;0.088300000;0.950210000
CVE-2020-8614;0.026470000;0.850220000
CVE-2020-8612;0.016740000;0.758960000
CVE-2020-8611;0.012330000;0.677830000
CVE-2020-8608;0.024860000;0.839810000
CVE-2020-8607;0.005510000;0.438110000
CVE-2020-8606;0.727400000;0.994320000
CVE-2020-8605;0.877600000;0.997580000
CVE-2020-8604;0.897720000;0.997870000
CVE-2020-8603;0.019760000;0.796580000
CVE-2020-8602;0.040140000;0.902080000
CVE-2020-8601;0.004030000;0.319680000
CVE-2020-8600;0.041790000;0.905600000
CVE-2020-8599;0.118580000;0.959590000
CVE-2020-8598;0.132400000;0.962520000
CVE-2020-8597;0.199250000;0.973460000
CVE-2020-8596;0.016240000;0.751640000
CVE-2020-8595;0.026060000;0.847750000
CVE-2020-8594;0.011950000;0.668110000
CVE-2020-8592;0.014000000;0.714000000
CVE-2020-8591;0.014380000;0.720880000
CVE-2020-8590;0.003420000;0.251500000
CVE-2020-8589;0.005480000;0.436200000
CVE-2020-8588;0.005480000;0.436200000
CVE-2020-8587;0.003570000;0.268230000
CVE-2020-8585;0.004070000;0.323470000
CVE-2020-8584;0.041700000;0.905390000
CVE-2020-8583;0.011100000;0.645640000
CVE-2020-8582;0.008970000;0.579630000
CVE-2020-8581;0.008890000;0.577010000
CVE-2020-8580;0.013450000;0.702660000
CVE-2020-8579;0.012880000;0.690000000
CVE-2020-8578;0.003420000;0.251500000
CVE-2020-8577;0.010260000;0.621590000
CVE-2020-8576;0.007330000;0.524860000
CVE-2020-8575;0.003220000;0.227260000
CVE-2020-8574;0.004470000;0.363160000
CVE-2020-8573;0.012820000;0.688760000
CVE-2020-8572;0.013440000;0.702460000
CVE-2020-8571;0.018230000;0.779170000
CVE-2020-8570;0.036430000;0.891720000
CVE-2020-8569;0.022750000;0.824030000
CVE-2020-8568;0.013120000;0.695360000
CVE-2020-8567;0.013810000;0.710260000
CVE-2020-8566;0.005260000;0.422680000
CVE-2020-8565;0.005180000;0.417210000
CVE-2020-8564;0.004670000;0.378990000
CVE-2020-8563;0.005110000;0.412110000
CVE-2020-8562;0.010820000;0.637670000
CVE-2020-8561;0.021000000;0.809550000
CVE-2020-8559;0.061000000;0.931780000
CVE-2020-8558;0.035970000;0.890430000
CVE-2020-8557;0.005010000;0.404620000
CVE-2020-8555;0.036790000;0.892740000
CVE-2020-8554;0.092740000;0.951980000
CVE-2020-8553;0.008940000;0.578640000
CVE-2020-8552;0.024280000;0.835730000
CVE-2020-8551;0.012420000;0.680050000
CVE-2020-8549;0.018790000;0.785980000
CVE-2020-8548;0.014360000;0.720590000
CVE-2020-8547;0.058610000;0.929430000
CVE-2020-8545;0.013190000;0.696850000
CVE-2020-8544;0.010640000;0.632620000
CVE-2020-8543;0.020290000;0.802390000
CVE-2020-8542;0.012060000;0.670780000
CVE-2020-8541;0.010370000;0.624850000
CVE-2020-8540;0.127790000;0.961460000
CVE-2020-8539;0.023190000;0.827690000
CVE-2020-8521;0.014070000;0.715200000
CVE-2020-8520;0.014070000;0.715200000
CVE-2020-8519;0.014070000;0.715200000
CVE-2020-8518;0.717280000;0.994060000
CVE-2020-8517;0.068460000;0.938100000
CVE-2020-8516;0.024990000;0.840630000
CVE-2020-8515;0.999930000;0.999870000
CVE-2020-8514;0.008120000;0.552400000
CVE-2020-8512;0.148340000;0.965790000
CVE-2020-8511;0.030820000;0.871850000
CVE-2020-8510;0.012470000;0.680970000
CVE-2020-8509;0.106160000;0.956420000
CVE-2020-8508;0.017190000;0.765360000
CVE-2020-8507;0.013990000;0.713690000
CVE-2020-8506;0.011290000;0.650280000
CVE-2020-8505;0.011020000;0.643430000
CVE-2020-8504;0.011020000;0.643420000
CVE-2020-8503;0.007310000;0.524140000
CVE-2020-8500;0.035400000;0.888520000
CVE-2020-8498;0.012110000;0.672300000
CVE-2020-8497;0.053760000;0.923770000
CVE-2020-8496;0.005480000;0.436430000
CVE-2020-8495;0.031380000;0.873970000
CVE-2020-8494;0.011070000;0.644680000
CVE-2020-8493;0.014940000;0.731130000
CVE-2020-8492;0.066170000;0.936260000
CVE-2020-8489;0.003400000;0.249160000
CVE-2020-8488;0.004060000;0.322960000
CVE-2020-8487;0.003300000;0.235110000
CVE-2020-8486;0.003300000;0.235110000
CVE-2020-8485;0.003400000;0.249150000
CVE-2020-8484;0.003400000;0.249160000
CVE-2020-8482;0.003190000;0.223040000
CVE-2020-8481;0.018550000;0.783210000
CVE-2020-8479;0.022590000;0.822790000
CVE-2020-8478;0.003400000;0.248340000
CVE-2020-8477;0.017110000;0.764340000
CVE-2020-8476;0.015480000;0.740290000
CVE-2020-8475;0.011540000;0.656880000
CVE-2020-8474;0.002970000;0.200620000
CVE-2020-8473;0.002910000;0.194480000
CVE-2020-8472;0.002790000;0.182170000
CVE-2020-8471;0.003700000;0.283810000
CVE-2020-8470;0.045840000;0.913100000
CVE-2020-8469;0.004550000;0.369710000
CVE-2020-8468;0.061650000;0.932360000
CVE-2020-8467;0.109000000;0.957290000
CVE-2020-8466;0.640750000;0.992020000
CVE-2020-8465;0.026850000;0.852660000
CVE-2020-8464;0.064170000;0.934570000
CVE-2020-8463;0.059790000;0.930490000
CVE-2020-8462;0.011480000;0.654910000
CVE-2020-8461;0.011500000;0.655630000
CVE-2020-8450;0.717900000;0.994080000
CVE-2020-8449;0.083110000;0.947450000
CVE-2020-8448;0.004920000;0.397840000
CVE-2020-8447;0.019390000;0.792970000
CVE-2020-8446;0.005040000;0.406240000
CVE-2020-8445;0.022770000;0.824260000
CVE-2020-8444;0.024890000;0.839960000
CVE-2020-8443;0.026850000;0.852590000
CVE-2020-8442;0.023850000;0.832450000
CVE-2020-8441;0.049620000;0.918800000
CVE-2020-8440;0.028110000;0.859700000
CVE-2020-8439;0.015890000;0.746440000
CVE-2020-8438;0.015870000;0.746080000
CVE-2020-8437;0.120420000;0.960010000
CVE-2020-8436;0.013530000;0.704400000
CVE-2020-8435;0.019190000;0.790650000
CVE-2020-8434;0.013390000;0.701360000
CVE-2020-8432;0.030650000;0.871160000
CVE-2020-8430;0.009380000;0.593180000
CVE-2020-8429;0.016970000;0.762360000
CVE-2020-8428;0.006800000;0.504600000
CVE-2020-8427;0.015100000;0.733940000
CVE-2020-8426;0.012880000;0.690140000
CVE-2020-8425;0.012330000;0.677830000
CVE-2020-8424;0.015480000;0.740090000
CVE-2020-8423;0.093450000;0.952220000
CVE-2020-8422;0.013850000;0.710890000
CVE-2020-8421;0.010150000;0.618290000
CVE-2020-8420;0.007360000;0.526150000
CVE-2020-8419;0.004520000;0.367340000
CVE-2020-8417;0.119050000;0.959700000
CVE-2020-8416;0.142060000;0.964650000
CVE-2020-8357;0.002110000;0.102170000
CVE-2020-8356;0.005420000;0.432720000
CVE-2020-8355;0.005290000;0.424310000
CVE-2020-8354;0.002560000;0.155430000
CVE-2020-8353;0.005540000;0.439910000
CVE-2020-8352;0.003090000;0.212420000
CVE-2020-8351;0.003370000;0.244730000
CVE-2020-8350;0.006290000;0.480100000
CVE-2020-8349;0.022480000;0.822010000
CVE-2020-8348;0.009940000;0.611360000
CVE-2020-8347;0.010640000;0.632580000
CVE-2020-8346;0.002470000;0.143050000
CVE-2020-8345;0.004240000;0.341450000
CVE-2020-8342;0.002170000;0.109320000
CVE-2020-8341;0.003470000;0.257470000
CVE-2020-8340;0.006410000;0.486470000
CVE-2020-8339;0.006690000;0.499250000
CVE-2020-8338;0.004360000;0.354040000
CVE-2020-8337;0.003770000;0.290600000
CVE-2020-8336;0.002970000;0.200480000
CVE-2020-8335;0.003130000;0.217250000
CVE-2020-8334;0.003270000;0.232120000
CVE-2020-8333;0.003340000;0.241650000
CVE-2020-8332;0.002300000;0.123880000
CVE-2020-8330;0.015420000;0.739180000
CVE-2020-8329;0.015420000;0.739180000
CVE-2020-8327;0.003690000;0.281480000
CVE-2020-8326;0.004160000;0.333600000
CVE-2020-8324;0.003510000;0.261790000
CVE-2020-8323;0.003270000;0.232640000
CVE-2020-8322;0.003270000;0.232650000
CVE-2020-8321;0.003450000;0.254700000
CVE-2020-8320;0.002840000;0.187360000
CVE-2020-8319;0.004120000;0.328260000
CVE-2020-8318;0.004220000;0.340290000
CVE-2020-8317;0.004160000;0.333600000
CVE-2020-8316;0.002730000;0.176550000
CVE-2020-8315;0.014780000;0.728420000
CVE-2020-8300;0.029970000;0.868360000
CVE-2020-8299;0.004190000;0.337130000
CVE-2020-8298;0.111680000;0.958080000
CVE-2020-8297;0.013390000;0.701460000
CVE-2020-8296;0.005120000;0.412730000
CVE-2020-8295;0.018070000;0.776860000
CVE-2020-8294;0.009010000;0.580910000
CVE-2020-8293;0.015570000;0.741760000
CVE-2020-8292;0.009030000;0.581450000
CVE-2020-8291;0.006270000;0.479310000
CVE-2020-8290;0.005890000;0.459850000
CVE-2020-8289;0.046580000;0.914250000
CVE-2020-8288;0.008480000;0.564150000
CVE-2020-8287;0.162960000;0.968490000
CVE-2020-8286;0.046310000;0.913860000
CVE-2020-8285;0.097700000;0.953750000
CVE-2020-8284;0.038980000;0.898940000
CVE-2020-8283;0.026820000;0.852460000
CVE-2020-8282;0.009260000;0.589100000
CVE-2020-8281;0.006210000;0.476740000
CVE-2020-8280;0.006340000;0.483010000
CVE-2020-8279;0.006470000;0.489140000
CVE-2020-8278;0.010170000;0.618580000
CVE-2020-8277;0.541640000;0.989750000
CVE-2020-8276;0.004480000;0.363900000
CVE-2020-8275;0.018840000;0.786470000
CVE-2020-8274;0.020370000;0.803100000
CVE-2020-8273;0.024380000;0.836430000
CVE-2020-8272;0.014710000;0.727170000
CVE-2020-8271;0.110840000;0.957810000
CVE-2020-8270;0.034800000;0.886750000
CVE-2020-8269;0.026820000;0.852460000
CVE-2020-8268;0.012930000;0.691220000
CVE-2020-8267;0.012630000;0.685020000
CVE-2020-8265;0.090090000;0.951040000
CVE-2020-8264;0.669860000;0.992760000
CVE-2020-8263;0.006880000;0.507570000
CVE-2020-8262;0.018480000;0.782260000
CVE-2020-8261;0.021510000;0.813990000
CVE-2020-8260;0.964800000;0.998800000
CVE-2020-8259;0.007360000;0.526020000
CVE-2020-8258;0.012800000;0.688400000
CVE-2020-8257;0.016540000;0.756070000
CVE-2020-8256;0.033560000;0.882620000
CVE-2020-8255;0.022640000;0.823150000
CVE-2020-8254;0.021230000;0.811490000
CVE-2020-8253;0.017040000;0.763300000
CVE-2020-8252;0.007140000;0.517860000
CVE-2020-8251;0.083580000;0.947760000
CVE-2020-8250;0.004830000;0.391810000
CVE-2020-8249;0.005030000;0.405600000
CVE-2020-8248;0.004880000;0.394930000
CVE-2020-8247;0.013530000;0.704480000
CVE-2020-8246;0.015550000;0.741580000
CVE-2020-8245;0.009340000;0.591730000
CVE-2020-8244;0.021830000;0.816470000
CVE-2020-8243;0.907590000;0.998020000
CVE-2020-8242;0.009340000;0.591720000
CVE-2020-8241;0.017430000;0.768320000
CVE-2020-8240;0.003250000;0.229810000
CVE-2020-8239;0.020220000;0.801740000
CVE-2020-8238;0.017380000;0.767790000
CVE-2020-8237;0.017080000;0.763900000
CVE-2020-8236;0.005900000;0.460090000
CVE-2020-8235;0.007810000;0.541750000
CVE-2020-8234;0.034100000;0.884390000
CVE-2020-8233;0.044190000;0.910060000
CVE-2020-8232;0.017350000;0.767380000
CVE-2020-8231;0.037660000;0.895300000
CVE-2020-8230;0.003510000;0.262250000
CVE-2020-8229;0.004660000;0.377930000
CVE-2020-8228;0.019060000;0.789050000
CVE-2020-8227;0.257690000;0.979030000
CVE-2020-8226;0.009660000;0.601960000
CVE-2020-8225;0.009100000;0.583830000
CVE-2020-8224;0.006620000;0.496290000
CVE-2020-8223;0.014680000;0.726680000
CVE-2020-8222;0.022800000;0.824550000
CVE-2020-8221;0.022800000;0.824550000
CVE-2020-8220;0.024600000;0.838060000
CVE-2020-8219;0.022240000;0.820090000
CVE-2020-8218;0.322500000;0.982700000
CVE-2020-8217;0.013540000;0.704830000
CVE-2020-8216;0.022830000;0.824720000
CVE-2020-8215;0.023230000;0.828000000
CVE-2020-8214;0.019860000;0.797620000
CVE-2020-8213;0.011100000;0.645640000
CVE-2020-8212;0.016400000;0.754100000
CVE-2020-8211;0.015400000;0.738900000
CVE-2020-8210;0.015420000;0.739150000
CVE-2020-8209;0.486560000;0.988330000
CVE-2020-8208;0.009610000;0.600710000
CVE-2020-8207;0.020620000;0.805690000
CVE-2020-8206;0.029910000;0.868100000
CVE-2020-8205;0.011900000;0.666770000
CVE-2020-8204;0.018130000;0.777820000
CVE-2020-8203;0.052130000;0.922100000
CVE-2020-8202;0.013160000;0.696180000
CVE-2020-8201;0.052990000;0.922950000
CVE-2020-8200;0.013300000;0.699230000
CVE-2020-8199;0.003900000;0.305350000
CVE-2020-8198;0.009720000;0.604500000
CVE-2020-8197;0.018190000;0.778640000
CVE-2020-8196;0.263330000;0.979390000
CVE-2020-8195;0.330290000;0.983090000
CVE-2020-8194;0.106950000;0.956670000
CVE-2020-8193;0.884110000;0.997680000
CVE-2020-8192;0.011570000;0.657610000
CVE-2020-8191;0.261360000;0.979270000
CVE-2020-8190;0.012350000;0.678350000
CVE-2020-8189;0.014010000;0.714200000
CVE-2020-8188;0.013420000;0.702060000
CVE-2020-8187;0.019490000;0.793980000
CVE-2020-8186;0.027740000;0.857920000
CVE-2020-8185;0.021810000;0.816340000
CVE-2020-8184;0.029380000;0.865790000
CVE-2020-8183;0.019120000;0.789770000
CVE-2020-8182;0.010350000;0.624370000
CVE-2020-8181;0.007900000;0.544760000
CVE-2020-8180;0.016680000;0.758080000
CVE-2020-8179;0.006360000;0.483850000
CVE-2020-8178;0.036330000;0.891400000
CVE-2020-8177;0.012510000;0.682140000
CVE-2020-8176;0.009840000;0.608180000
CVE-2020-8175;0.010770000;0.636160000
CVE-2020-8174;0.076460000;0.943690000
CVE-2020-8173;0.003690000;0.281840000
CVE-2020-8172;0.060650000;0.931410000
CVE-2020-8171;0.038810000;0.898560000
CVE-2020-8170;0.010200000;0.619420000
CVE-2020-8169;0.034690000;0.886380000
CVE-2020-8168;0.006930000;0.509490000
CVE-2020-8167;0.014850000;0.729710000
CVE-2020-8166;0.016730000;0.758770000
CVE-2020-8165;0.457320000;0.987600000
CVE-2020-8164;0.048280000;0.916700000
CVE-2020-8163;0.820470000;0.996440000
CVE-2020-8162;0.030280000;0.869670000
CVE-2020-8161;0.033590000;0.882720000
CVE-2020-8160;0.007150000;0.518060000
CVE-2020-8159;0.052500000;0.922470000
CVE-2020-8158;0.021200000;0.811220000
CVE-2020-8157;0.003560000;0.268090000
CVE-2020-8156;0.009330000;0.591330000
CVE-2020-8155;0.011380000;0.652430000
CVE-2020-8154;0.017730000;0.772570000
CVE-2020-8153;0.018560000;0.783290000
CVE-2020-8152;0.003230000;0.228660000
CVE-2020-8151;0.021630000;0.814930000
CVE-2020-8150;0.002890000;0.192970000
CVE-2020-8149;0.020100000;0.800570000
CVE-2020-8148;0.010540000;0.629770000
CVE-2020-8147;0.031490000;0.874420000
CVE-2020-8146;0.005020000;0.404960000
CVE-2020-8145;0.011210000;0.648300000
CVE-2020-8144;0.007480000;0.530230000
CVE-2020-8143;0.703860000;0.993690000
CVE-2020-8142;0.006260000;0.478820000
CVE-2020-8141;0.021380000;0.812820000
CVE-2020-8140;0.006890000;0.508130000
CVE-2020-8139;0.015360000;0.738230000
CVE-2020-8138;0.013950000;0.712880000
CVE-2020-8137;0.042680000;0.907360000
CVE-2020-8136;0.014970000;0.731580000
CVE-2020-8135;0.013280000;0.698710000
CVE-2020-8134;0.012200000;0.674720000
CVE-2020-8133;0.007250000;0.522030000
CVE-2020-8132;0.020450000;0.803960000
CVE-2020-8131;0.051590000;0.921390000
CVE-2020-8130;0.013590000;0.705720000
CVE-2020-8129;0.029430000;0.866070000
CVE-2020-8128;0.026920000;0.853060000
CVE-2020-8127;0.011970000;0.668530000
CVE-2020-8126;0.005170000;0.416200000
CVE-2020-8125;0.041180000;0.904330000
CVE-2020-8124;0.016520000;0.755730000
CVE-2020-8123;0.011450000;0.654210000
CVE-2020-8122;0.006840000;0.506310000
CVE-2020-8121;0.010360000;0.624660000
CVE-2020-8120;0.009160000;0.585860000
CVE-2020-8119;0.009150000;0.585510000
CVE-2020-8118;0.012870000;0.689750000
CVE-2020-8117;0.007140000;0.517600000
CVE-2020-8116;0.030790000;0.871670000
CVE-2020-8115;0.070550000;0.939810000
CVE-2020-8114;0.013830000;0.710680000
CVE-2020-8113;0.013830000;0.710680000
CVE-2020-8112;0.036240000;0.891150000
CVE-2020-8110;0.009190000;0.586690000
CVE-2020-8109;0.009190000;0.586690000
CVE-2020-8108;0.002880000;0.192060000
CVE-2020-8107;0.003240000;0.229740000
CVE-2020-8105;0.009810000;0.607450000
CVE-2020-8103;0.008050000;0.550260000
CVE-2020-8102;0.010700000;0.634570000
CVE-2020-8101;0.012190000;0.674330000
CVE-2020-8100;0.010050000;0.614920000
CVE-2020-8099;0.004370000;0.354950000
CVE-2020-8097;0.004160000;0.333350000
CVE-2020-8096;0.002790000;0.182630000
CVE-2020-8095;0.004660000;0.377660000
CVE-2020-8094;0.001880000;0.075840000
CVE-2020-8093;0.004150000;0.332540000
CVE-2020-8092;0.002640000;0.164770000
CVE-2020-8091;0.052140000;0.922110000
CVE-2020-8090;0.006250000;0.478610000
CVE-2020-8089;0.005520000;0.438900000
CVE-2020-8088;0.013510000;0.703800000
CVE-2020-8087;0.063470000;0.934020000
CVE-2020-8086;0.015570000;0.741770000
CVE-2020-8037;0.031090000;0.872780000
CVE-2020-8036;0.014790000;0.728490000
CVE-2020-8035;0.008810000;0.574820000
CVE-2020-8034;0.009740000;0.605280000
CVE-2020-8033;0.007000000;0.512540000
CVE-2020-8032;0.003520000;0.262490000
CVE-2020-8031;0.007480000;0.530290000
CVE-2020-8030;0.002500000;0.146180000
CVE-2020-8029;0.002910000;0.193850000
CVE-2020-8028;0.004030000;0.319000000
CVE-2020-8027;0.003040000;0.207170000
CVE-2020-8026;0.003620000;0.274870000
CVE-2020-8025;0.004750000;0.385900000
CVE-2020-8024;0.004940000;0.399630000
CVE-2020-8023;0.004070000;0.323500000
CVE-2020-8022;0.008570000;0.567560000
CVE-2020-8021;0.012670000;0.685840000
CVE-2020-8020;0.008940000;0.578690000
CVE-2020-8019;0.005210000;0.418770000
CVE-2020-8018;0.002890000;0.192460000
CVE-2020-8017;0.002030000;0.091970000
CVE-2020-8016;0.002860000;0.189500000
CVE-2020-8015;0.005280000;0.423640000
CVE-2020-8014;0.004970000;0.401620000
CVE-2020-8013;0.003170000;0.220880000
CVE-2020-8012;0.774150000;0.995440000
CVE-2020-8011;0.022260000;0.820260000
CVE-2020-8010;0.507170000;0.988850000
CVE-2020-8009;0.016530000;0.755800000
CVE-2020-8007;0.017440000;0.768520000
CVE-2020-8006;0.011060000;0.644570000
CVE-2020-8004;0.030470000;0.870330000
CVE-2020-8003;0.003400000;0.249500000
CVE-2020-8002;0.003420000;0.251520000
CVE-2020-8001;0.016210000;0.751120000
CVE-2020-8000;0.024000000;0.833600000
CVE-2020-7999;0.012530000;0.682610000
CVE-2020-7998;0.015000000;0.732380000
CVE-2020-7997;0.007000000;0.512550000
CVE-2020-7996;0.011520000;0.656430000
CVE-2020-7995;0.045370000;0.912190000
CVE-2020-7994;0.014700000;0.726950000
CVE-2020-7993;0.007470000;0.530050000
CVE-2020-7991;0.030780000;0.871640000
CVE-2020-7990;0.008740000;0.573050000
CVE-2020-7989;0.008740000;0.573060000
CVE-2020-7988;0.007310000;0.524290000
CVE-2020-7984;0.024750000;0.839080000
CVE-2020-7983;0.006200000;0.476220000
CVE-2020-7982;0.015960000;0.747360000
CVE-2020-7981;0.014840000;0.729400000
CVE-2020-7980;0.825440000;0.996570000
CVE-2020-7979;0.008550000;0.566810000
CVE-2020-7978;0.011480000;0.654750000
CVE-2020-7977;0.007540000;0.532290000
CVE-2020-7976;0.009290000;0.590010000
CVE-2020-7974;0.009290000;0.590000000
CVE-2020-7973;0.008830000;0.575430000
CVE-2020-7972;0.009000000;0.580510000
CVE-2020-7971;0.006910000;0.508990000
CVE-2020-7969;0.011740000;0.662570000
CVE-2020-7968;0.010940000;0.641500000
CVE-2020-7967;0.006580000;0.494550000
CVE-2020-7966;0.016470000;0.755010000
CVE-2020-7965;0.006060000;0.468760000
CVE-2020-7964;0.010920000;0.640460000
CVE-2020-7962;0.008710000;0.572060000
CVE-2020-7961;0.999050000;0.999650000
CVE-2020-7959;0.013780000;0.709610000
CVE-2020-7958;0.005810000;0.455060000
CVE-2020-7957;0.018770000;0.785720000
CVE-2020-7956;0.009830000;0.608050000
CVE-2020-7955;0.014120000;0.716130000
CVE-2020-7954;0.003840000;0.297810000
CVE-2020-7953;0.011650000;0.659910000
CVE-2020-7952;0.018680000;0.784720000
CVE-2020-7951;0.018680000;0.784720000
CVE-2020-7950;0.019070000;0.789240000
CVE-2020-7949;0.041650000;0.905290000
CVE-2020-7948;0.021910000;0.817170000
CVE-2020-7947;0.028420000;0.861290000
CVE-2020-7945;0.003060000;0.209830000
CVE-2020-7944;0.008590000;0.568090000
CVE-2020-7943;0.078840000;0.945150000
CVE-2020-7942;0.008230000;0.556130000
CVE-2020-7941;0.022680000;0.823460000
CVE-2020-7940;0.012650000;0.685430000
CVE-2020-7939;0.012250000;0.675960000
CVE-2020-7938;0.014720000;0.727380000
CVE-2020-7937;0.008090000;0.551440000
CVE-2020-7936;0.009180000;0.586380000
CVE-2020-7935;0.030820000;0.871850000
CVE-2020-7934;0.044570000;0.910880000
CVE-2020-7932;0.008030000;0.549390000
CVE-2020-7931;0.054900000;0.924960000
CVE-2020-7929;0.012890000;0.690300000
CVE-2020-7928;0.014300000;0.719410000
CVE-2020-7927;0.010440000;0.626970000
CVE-2020-7926;0.014080000;0.715300000
CVE-2020-7925;0.016800000;0.759910000
CVE-2020-7924;0.007430000;0.528490000
CVE-2020-7923;0.012750000;0.687470000
CVE-2020-7922;0.006680000;0.499110000
CVE-2020-7921;0.006600000;0.495280000
CVE-2020-7920;0.020970000;0.809160000
CVE-2020-7919;0.026470000;0.850230000
CVE-2020-7918;0.007300000;0.523700000
CVE-2020-7916;0.011160000;0.647000000
CVE-2020-7915;0.006520000;0.491680000
CVE-2020-7914;0.018880000;0.786980000
CVE-2020-7913;0.010520000;0.629340000
CVE-2020-7912;0.014840000;0.729560000
CVE-2020-7911;0.006480000;0.489910000
CVE-2020-7910;0.005200000;0.418720000
CVE-2020-7909;0.011160000;0.647100000
CVE-2020-7908;0.008390000;0.561310000
CVE-2020-7907;0.008440000;0.562670000
CVE-2020-7906;0.006730000;0.501310000
CVE-2020-7905;0.011550000;0.657000000
CVE-2020-7904;0.014180000;0.717280000
CVE-2020-7883;0.009360000;0.592230000
CVE-2020-7882;0.013010000;0.693190000
CVE-2020-7881;0.014400000;0.721090000
CVE-2020-7880;0.016590000;0.756850000
CVE-2020-7879;0.014480000;0.722570000
CVE-2020-7878;0.006890000;0.508100000
CVE-2020-7877;0.008180000;0.554160000
CVE-2020-7875;0.006260000;0.478840000
CVE-2020-7874;0.005840000;0.457000000
CVE-2020-7873;0.005950000;0.462660000
CVE-2020-7872;0.008620000;0.569120000
CVE-2020-7871;0.008640000;0.569650000
CVE-2020-7870;0.007240000;0.521700000
CVE-2020-7869;0.016210000;0.751090000
CVE-2020-7868;0.027020000;0.853580000
CVE-2020-7867;0.008110000;0.552270000
CVE-2020-7866;0.009970000;0.612160000
CVE-2020-7865;0.009520000;0.597600000
CVE-2020-7864;0.009560000;0.598580000
CVE-2020-7863;0.014770000;0.728180000
CVE-2020-7862;0.011060000;0.644370000
CVE-2020-7861;0.014530000;0.723770000
CVE-2020-7860;0.008620000;0.569120000
CVE-2020-7858;0.010600000;0.631410000
CVE-2020-7857;0.010120000;0.617390000
CVE-2020-7856;0.008540000;0.566420000
CVE-2020-7853;0.008300000;0.558270000
CVE-2020-7852;0.009260000;0.589130000
CVE-2020-7851;0.007230000;0.521330000
CVE-2020-7850;0.007730000;0.539190000
CVE-2020-7849;0.013610000;0.706330000
CVE-2020-7848;0.011360000;0.651860000
CVE-2020-7847;0.005250000;0.421840000
CVE-2020-7846;0.010640000;0.632600000
CVE-2020-7845;0.027960000;0.858910000
CVE-2020-7842;0.015500000;0.740710000
CVE-2020-7841;0.015780000;0.744780000
CVE-2020-7839;0.014120000;0.716100000
CVE-2020-7838;0.012500000;0.681890000
CVE-2020-7837;0.007490000;0.530500000
CVE-2020-7836;0.006120000;0.471740000
CVE-2020-7832;0.009520000;0.597590000
CVE-2020-7831;0.008670000;0.570740000
CVE-2020-7830;0.007980000;0.547270000
CVE-2020-7829;0.012480000;0.681390000
CVE-2020-7828;0.012480000;0.681390000
CVE-2020-7827;0.013120000;0.695230000
CVE-2020-7826;0.007330000;0.525010000
CVE-2020-7825;0.020910000;0.808580000
CVE-2020-7824;0.010180000;0.618840000
CVE-2020-7823;0.011770000;0.663310000
CVE-2020-7822;0.011680000;0.660620000
CVE-2020-7821;0.016100000;0.749490000
CVE-2020-7820;0.016100000;0.749500000
CVE-2020-7819;0.014500000;0.723000000
CVE-2020-7818;0.012400000;0.679290000
CVE-2020-7817;0.002800000;0.183880000
CVE-2020-7816;0.013770000;0.709570000
CVE-2020-7815;0.011940000;0.667680000
CVE-2020-7814;0.011510000;0.655930000
CVE-2020-7813;0.007480000;0.530310000
CVE-2020-7812;0.007480000;0.530310000
CVE-2020-7811;0.007140000;0.517770000
CVE-2020-7810;0.004390000;0.356000000
CVE-2020-7809;0.006310000;0.481590000
CVE-2020-7808;0.006890000;0.508200000
CVE-2020-7807;0.001890000;0.076260000
CVE-2020-7806;0.007480000;0.530310000
CVE-2020-7805;0.025740000;0.845660000
CVE-2020-7804;0.009660000;0.601950000
CVE-2020-7803;0.011680000;0.660620000
CVE-2020-7802;0.008980000;0.579980000
CVE-2020-7801;0.009480000;0.596180000
CVE-2020-7800;0.013620000;0.706370000
CVE-2020-7799;0.198070000;0.973270000
CVE-2020-7796;0.844180000;0.996940000
CVE-2020-7795;0.038560000;0.897930000
CVE-2020-7794;0.015830000;0.745570000
CVE-2020-7793;0.039250000;0.899830000
CVE-2020-7792;0.021450000;0.813430000
CVE-2020-7791;0.030130000;0.869050000
CVE-2020-7790;0.010340000;0.624150000
CVE-2020-7789;0.015940000;0.747130000
CVE-2020-7788;0.036550000;0.892120000
CVE-2020-7787;0.012820000;0.688750000
CVE-2020-7786;0.020460000;0.804090000
CVE-2020-7785;0.024720000;0.838840000
CVE-2020-7784;0.013550000;0.704880000
CVE-2020-7782;0.024720000;0.838830000
CVE-2020-7781;0.019900000;0.798200000
CVE-2020-7780;0.006530000;0.492290000
CVE-2020-7779;0.017540000;0.769930000
CVE-2020-7778;0.024220000;0.835280000
CVE-2020-7777;0.021140000;0.810700000
CVE-2020-7776;0.013170000;0.696420000
CVE-2020-7775;0.012600000;0.684070000
CVE-2020-7774;0.693770000;0.993400000
CVE-2020-7773;0.013620000;0.706460000
CVE-2020-7772;0.027750000;0.857950000
CVE-2020-7771;0.019390000;0.793000000
CVE-2020-7770;0.018930000;0.787660000
CVE-2020-7769;0.022840000;0.824750000
CVE-2020-7768;0.041900000;0.905840000
CVE-2020-7767;0.016400000;0.754130000
CVE-2020-7766;0.019020000;0.788700000
CVE-2020-7765;0.005690000;0.449030000
CVE-2020-7764;0.017260000;0.766130000
CVE-2020-7763;0.016180000;0.750690000
CVE-2020-7762;0.016210000;0.751090000
CVE-2020-7761;0.015740000;0.744240000
CVE-2020-7760;0.053040000;0.923010000
CVE-2020-7759;0.013610000;0.706250000
CVE-2020-7758;0.021770000;0.816060000
CVE-2020-7757;0.015670000;0.743220000
CVE-2020-7755;0.020990000;0.809400000
CVE-2020-7754;0.034810000;0.886810000
CVE-2020-7753;0.037770000;0.895620000
CVE-2020-7752;0.067490000;0.937400000
CVE-2020-7751;0.015160000;0.734920000
CVE-2020-7750;0.061250000;0.931980000
CVE-2020-7749;0.016000000;0.748060000
CVE-2020-7748;0.017210000;0.765570000
CVE-2020-7747;0.008600000;0.568540000
CVE-2020-7746;0.047350000;0.915360000
CVE-2020-7745;0.026630000;0.851300000
CVE-2020-7744;0.008570000;0.567450000
CVE-2020-7743;0.039240000;0.899800000
CVE-2020-7742;0.015120000;0.734370000
CVE-2020-7741;0.014760000;0.727960000
CVE-2020-7740;0.020440000;0.803850000
CVE-2020-7739;0.013990000;0.713660000
CVE-2020-7738;0.015520000;0.741050000
CVE-2020-7737;0.013550000;0.705030000
CVE-2020-7736;0.014690000;0.726830000
CVE-2020-7735;0.023900000;0.832890000
CVE-2020-7734;0.012760000;0.687700000
CVE-2020-7733;0.044830000;0.911290000
CVE-2020-7731;0.016620000;0.757320000
CVE-2020-7730;0.031450000;0.874240000
CVE-2020-7729;0.023040000;0.826450000
CVE-2020-7727;0.019160000;0.790250000
CVE-2020-7726;0.019160000;0.790260000
CVE-2020-7725;0.019160000;0.790260000
CVE-2020-7724;0.019160000;0.790270000
CVE-2020-7723;0.019160000;0.790290000
CVE-2020-7722;0.019160000;0.790280000
CVE-2020-7721;0.019160000;0.790270000
CVE-2020-7720;0.031880000;0.875870000
CVE-2020-7719;0.027530000;0.856390000
CVE-2020-7718;0.019160000;0.790260000
CVE-2020-7717;0.019160000;0.790280000
CVE-2020-7716;0.019160000;0.790270000
CVE-2020-7715;0.019650000;0.795430000
CVE-2020-7714;0.019160000;0.790280000
CVE-2020-7713;0.019160000;0.790280000
CVE-2020-7712;0.031120000;0.872920000
CVE-2020-7711;0.017690000;0.772200000
CVE-2020-7710;0.014300000;0.719520000
CVE-2020-7709;0.017830000;0.773870000
CVE-2020-7708;0.028210000;0.860310000
CVE-2020-7707;0.033760000;0.883240000
CVE-2020-7706;0.028000000;0.859140000
CVE-2020-7705;0.011700000;0.661050000
CVE-2020-7704;0.027040000;0.853730000
CVE-2020-7703;0.019330000;0.792160000
CVE-2020-7702;0.019330000;0.792160000
CVE-2020-7701;0.020550000;0.804990000
CVE-2020-7700;0.019160000;0.790260000
CVE-2020-7699;0.047620000;0.915800000
CVE-2020-7698;0.017170000;0.765050000
CVE-2020-7697;0.020440000;0.803850000
CVE-2020-7696;0.015800000;0.745150000
CVE-2020-7695;0.013600000;0.705930000
CVE-2020-7694;0.013570000;0.705330000
CVE-2020-7693;0.049780000;0.919050000
CVE-2020-7692;0.015870000;0.746130000
CVE-2020-7691;0.015730000;0.744120000
CVE-2020-7690;0.009680000;0.603050000
CVE-2020-7689;0.007850000;0.543010000
CVE-2020-7688;0.005500000;0.437480000
CVE-2020-7687;0.017610000;0.770980000
CVE-2020-7686;0.017680000;0.771950000
CVE-2020-7685;0.009020000;0.581090000
CVE-2020-7684;0.014740000;0.727740000
CVE-2020-7683;0.017680000;0.771940000
CVE-2020-7682;0.017380000;0.767720000
CVE-2020-7681;0.017380000;0.767720000
CVE-2020-7680;0.045000000;0.911600000
CVE-2020-7679;0.019560000;0.794660000
CVE-2020-7678;0.011270000;0.649770000
CVE-2020-7677;0.020220000;0.801720000
CVE-2020-7676;0.019320000;0.792070000
CVE-2020-7675;0.025120000;0.841510000
CVE-2020-7674;0.025120000;0.841520000
CVE-2020-7673;0.025120000;0.841510000
CVE-2020-7672;0.019380000;0.792770000
CVE-2020-7671;0.012210000;0.674840000
CVE-2020-7670;0.011700000;0.661150000
CVE-2020-7669;0.018300000;0.779970000
CVE-2020-7668;0.013320000;0.699660000
CVE-2020-7667;0.016020000;0.748340000
CVE-2020-7666;0.015270000;0.736600000
CVE-2020-7665;0.018260000;0.779490000
CVE-2020-7664;0.014190000;0.717420000
CVE-2020-7663;0.045260000;0.911990000
CVE-2020-7662;0.030120000;0.869010000
CVE-2020-7661;0.026700000;0.851780000
CVE-2020-7660;0.030090000;0.868880000
CVE-2020-7659;0.013340000;0.700200000
CVE-2020-7658;0.006860000;0.507010000
CVE-2020-7656;0.062730000;0.933390000
CVE-2020-7655;0.008190000;0.554510000
CVE-2020-7654;0.011220000;0.648440000
CVE-2020-7653;0.011300000;0.650590000
CVE-2020-7652;0.016850000;0.760670000
CVE-2020-7651;0.011150000;0.646930000
CVE-2020-7650;0.011300000;0.650590000
CVE-2020-7649;0.015810000;0.745290000
CVE-2020-7648;0.011300000;0.650590000
CVE-2020-7647;0.015540000;0.741420000
CVE-2020-7646;0.019320000;0.792050000
CVE-2020-7645;0.010480000;0.628050000
CVE-2020-7644;0.012160000;0.673690000
CVE-2020-7643;0.010100000;0.616850000
CVE-2020-7642;0.008890000;0.577100000
CVE-2020-7641;0.003790000;0.293140000
CVE-2020-7640;0.021370000;0.812750000
CVE-2020-7639;0.010970000;0.642280000
CVE-2020-7638;0.010220000;0.619910000
CVE-2020-7637;0.011880000;0.666350000
CVE-2020-7636;0.043580000;0.908990000
CVE-2020-7635;0.043580000;0.908990000
CVE-2020-7634;0.027870000;0.858520000
CVE-2020-7633;0.043580000;0.908980000
CVE-2020-7632;0.043620000;0.909090000
CVE-2020-7631;0.038570000;0.897950000
CVE-2020-7630;0.042210000;0.906450000
CVE-2020-7629;0.042210000;0.906460000
CVE-2020-7628;0.017880000;0.774400000
CVE-2020-7627;0.042210000;0.906460000
CVE-2020-7626;0.043380000;0.908580000
CVE-2020-7625;0.042210000;0.906460000
CVE-2020-7624;0.042210000;0.906460000
CVE-2020-7623;0.035870000;0.890090000
CVE-2020-7622;0.016020000;0.748330000
CVE-2020-7621;0.030150000;0.869130000
CVE-2020-7620;0.021750000;0.815860000
CVE-2020-7619;0.021750000;0.815860000
CVE-2020-7618;0.011430000;0.653550000
CVE-2020-7617;0.008650000;0.569950000
CVE-2020-7616;0.012740000;0.687240000
CVE-2020-7615;0.011390000;0.652760000
CVE-2020-7614;0.036040000;0.890590000
CVE-2020-7613;0.021220000;0.811330000
CVE-2020-7611;0.018140000;0.777930000
CVE-2020-7610;0.023280000;0.828370000
CVE-2020-7609;0.015960000;0.747500000
CVE-2020-7608;0.005140000;0.414580000
CVE-2020-7607;0.025750000;0.845740000
CVE-2020-7606;0.027100000;0.854050000
CVE-2020-7605;0.025750000;0.845740000
CVE-2020-7604;0.025750000;0.845740000
CVE-2020-7603;0.025750000;0.845740000
CVE-2020-7602;0.026190000;0.848510000
CVE-2020-7601;0.027100000;0.854050000
CVE-2020-7600;0.011560000;0.657230000
CVE-2020-7599;0.004810000;0.390030000
CVE-2020-7598;0.019310000;0.791960000
CVE-2020-7597;0.029180000;0.864970000
CVE-2020-7596;0.018590000;0.783670000
CVE-2020-7595;0.078360000;0.944800000
CVE-2020-7594;0.024910000;0.840100000
CVE-2020-7593;0.087230000;0.949700000
CVE-2020-7592;0.003320000;0.238510000
CVE-2020-7591;0.014790000;0.728550000
CVE-2020-7590;0.003530000;0.264090000
CVE-2020-7589;0.019900000;0.798230000
CVE-2020-7588;0.021510000;0.813980000
CVE-2020-7587;0.024840000;0.839610000
CVE-2020-7586;0.004230000;0.340730000
CVE-2020-7585;0.004520000;0.367540000
CVE-2020-7584;0.010440000;0.626850000
CVE-2020-7583;0.002680000;0.169500000
CVE-2020-7581;0.003790000;0.293180000
CVE-2020-7580;0.004600000;0.373290000
CVE-2020-7579;0.007850000;0.543050000
CVE-2020-7578;0.010560000;0.630240000
CVE-2020-7577;0.012190000;0.674360000
CVE-2020-7576;0.006460000;0.489020000
CVE-2020-7575;0.006620000;0.496290000
CVE-2020-7574;0.006620000;0.496290000
CVE-2020-7573;0.013730000;0.708470000
CVE-2020-7572;0.018050000;0.776730000
CVE-2020-7571;0.008450000;0.563330000
CVE-2020-7570;0.008450000;0.563330000
CVE-2020-7569;0.023920000;0.832980000
CVE-2020-7568;0.005270000;0.423280000
CVE-2020-7567;0.002060000;0.094840000
CVE-2020-7566;0.002960000;0.199400000
CVE-2020-7565;0.002960000;0.199770000
CVE-2020-7564;0.011440000;0.653820000
CVE-2020-7563;0.011290000;0.650360000
CVE-2020-7562;0.009020000;0.581310000
CVE-2020-7561;0.031630000;0.874980000
CVE-2020-7560;0.014470000;0.722510000
CVE-2020-7559;0.019050000;0.788990000
CVE-2020-7558;0.024770000;0.839210000
CVE-2020-7557;0.024990000;0.840620000
CVE-2020-7556;0.024770000;0.839210000
CVE-2020-7555;0.024770000;0.839210000
CVE-2020-7554;0.024890000;0.839930000
CVE-2020-7553;0.024360000;0.836320000
CVE-2020-7552;0.016540000;0.756000000
CVE-2020-7551;0.016540000;0.756010000
CVE-2020-7550;0.024890000;0.839930000
CVE-2020-7549;0.010780000;0.636460000
CVE-2020-7548;0.014440000;0.722010000
CVE-2020-7547;0.013140000;0.695630000
CVE-2020-7546;0.006250000;0.478380000
CVE-2020-7545;0.020820000;0.807610000
CVE-2020-7544;0.003130000;0.217310000
CVE-2020-7543;0.013380000;0.701240000
CVE-2020-7542;0.013380000;0.701240000
CVE-2020-7541;0.009090000;0.583630000
CVE-2020-7540;0.023170000;0.827530000
CVE-2020-7539;0.011960000;0.668220000
CVE-2020-7538;0.012880000;0.690000000
CVE-2020-7537;0.013990000;0.713650000
CVE-2020-7536;0.011690000;0.661030000
CVE-2020-7535;0.014940000;0.731050000
CVE-2020-7534;0.003580000;0.270040000
CVE-2020-7533;0.023360000;0.829000000
CVE-2020-7532;0.013630000;0.706580000
CVE-2020-7531;0.008170000;0.553980000
CVE-2020-7530;0.011830000;0.665150000
CVE-2020-7529;0.008830000;0.575600000
CVE-2020-7528;0.013570000;0.705340000
CVE-2020-7527;0.003270000;0.232700000
CVE-2020-7526;0.022730000;0.823860000
CVE-2020-7525;0.014840000;0.729610000
CVE-2020-7524;0.013870000;0.711400000
CVE-2020-7523;0.001940000;0.081500000
CVE-2020-7522;0.016590000;0.756870000
CVE-2020-7521;0.016590000;0.756880000
CVE-2020-7520;0.009310000;0.590620000
CVE-2020-7519;0.012520000;0.682340000
CVE-2020-7518;0.011180000;0.647550000
CVE-2020-7517;0.002160000;0.108410000
CVE-2020-7516;0.002030000;0.091930000
CVE-2020-7515;0.002570000;0.155940000
CVE-2020-7514;0.002200000;0.111590000
CVE-2020-7513;0.008150000;0.553400000
CVE-2020-7512;0.014330000;0.719890000
CVE-2020-7511;0.008580000;0.567780000
CVE-2020-7510;0.013780000;0.709760000
CVE-2020-7509;0.011900000;0.666740000
CVE-2020-7508;0.014330000;0.720010000
CVE-2020-7507;0.012760000;0.687700000
CVE-2020-7506;0.013100000;0.694910000
CVE-2020-7505;0.009130000;0.584710000
CVE-2020-7504;0.012560000;0.683290000
CVE-2020-7503;0.005530000;0.439270000
CVE-2020-7502;0.015250000;0.736320000
CVE-2020-7501;0.011180000;0.647690000
CVE-2020-7500;0.019020000;0.788710000
CVE-2020-7499;0.007830000;0.542380000
CVE-2020-7498;0.013580000;0.705550000
CVE-2020-7497;0.022890000;0.825270000
CVE-2020-7496;0.008620000;0.569070000
CVE-2020-7495;0.008830000;0.575600000
CVE-2020-7494;0.013470000;0.703080000
CVE-2020-7493;0.011360000;0.651880000
CVE-2020-7492;0.011450000;0.654180000
CVE-2020-7491;0.013080000;0.694490000
CVE-2020-7490;0.004560000;0.370290000
CVE-2020-7489;0.015960000;0.747480000
CVE-2020-7488;0.008760000;0.573510000
CVE-2020-7487;0.006920000;0.509230000
CVE-2020-7486;0.016390000;0.753850000
CVE-2020-7485;0.018590000;0.783680000
CVE-2020-7484;0.013280000;0.698800000
CVE-2020-7483;0.009120000;0.584150000
CVE-2020-7482;0.007960000;0.546770000
CVE-2020-7481;0.007920000;0.545520000
CVE-2020-7480;0.015360000;0.738210000
CVE-2020-7479;0.005090000;0.410430000
CVE-2020-7478;0.040660000;0.903140000
CVE-2020-7477;0.013210000;0.697400000
CVE-2020-7476;0.004190000;0.336890000
CVE-2020-7475;0.015810000;0.745180000
CVE-2020-7474;0.004300000;0.346850000
CVE-2020-7473;0.142950000;0.964830000
CVE-2020-7472;0.032030000;0.876550000
CVE-2020-7471;0.655750000;0.992420000
CVE-2020-7470;0.005640000;0.446720000
CVE-2020-7469;0.012210000;0.674910000
CVE-2020-7468;0.013500000;0.703750000
CVE-2020-7467;0.002580000;0.157270000
CVE-2020-7466;0.020160000;0.801090000
CVE-2020-7465;0.030040000;0.868710000
CVE-2020-7464;0.007370000;0.526390000
CVE-2020-7463;0.003990000;0.315020000
CVE-2020-7462;0.002210000;0.114390000
CVE-2020-7461;0.041260000;0.904550000
CVE-2020-7460;0.006930000;0.509560000
CVE-2020-7459;0.004070000;0.323140000
CVE-2020-7458;0.019040000;0.788870000
CVE-2020-7457;0.331060000;0.983120000
CVE-2020-7456;0.005600000;0.443640000
CVE-2020-7455;0.005460000;0.434810000
CVE-2020-7454;0.027060000;0.853830000
CVE-2020-7453;0.003400000;0.248520000
CVE-2020-7452;0.018340000;0.780470000
CVE-2020-7451;0.011690000;0.660860000
CVE-2020-7450;0.025180000;0.842000000
CVE-2020-7390;0.005970000;0.464000000
CVE-2020-7389;0.020710000;0.806650000
CVE-2020-7388;0.694440000;0.993410000
CVE-2020-7387;0.363660000;0.984360000
CVE-2020-7385;0.017500000;0.769270000
CVE-2020-7384;0.304630000;0.981790000
CVE-2020-7383;0.011370000;0.652100000
CVE-2020-7382;0.002880000;0.191620000
CVE-2020-7381;0.006760000;0.502710000
CVE-2020-7378;0.026170000;0.848370000
CVE-2020-7377;0.010720000;0.635000000
CVE-2020-7376;0.011230000;0.648650000
CVE-2020-7374;0.030940000;0.872270000
CVE-2020-7373;0.450070000;0.987410000
CVE-2020-7371;0.009940000;0.611260000
CVE-2020-7370;0.009940000;0.611260000
CVE-2020-7369;0.009940000;0.611260000
CVE-2020-7364;0.007420000;0.528300000
CVE-2020-7363;0.007420000;0.528300000
CVE-2020-7361;0.172250000;0.969990000
CVE-2020-7360;0.004870000;0.394470000
CVE-2020-7358;0.002880000;0.191620000
CVE-2020-7357;0.320940000;0.982600000
CVE-2020-7356;0.140140000;0.964320000
CVE-2020-7355;0.008810000;0.574800000
CVE-2020-7354;0.008810000;0.574790000
CVE-2020-7352;0.037780000;0.895650000
CVE-2020-7351;0.652080000;0.992310000
CVE-2020-7350;0.050000000;0.919330000
CVE-2020-7346;0.003530000;0.264330000
CVE-2020-7343;0.003540000;0.265310000
CVE-2020-7339;0.001740000;0.061610000
CVE-2020-7337;0.004120000;0.328790000
CVE-2020-7336;0.005230000;0.420600000
CVE-2020-7335;0.004340000;0.351480000
CVE-2020-7334;0.002850000;0.188660000
CVE-2020-7333;0.005170000;0.416360000
CVE-2020-7332;0.005880000;0.459540000
CVE-2020-7331;0.004170000;0.334180000
CVE-2020-7330;0.002700000;0.172750000
CVE-2020-7329;0.016510000;0.755680000
CVE-2020-7328;0.021720000;0.815650000
CVE-2020-7327;0.002890000;0.192630000
CVE-2020-7326;0.003720000;0.285260000
CVE-2020-7325;0.003270000;0.232770000
CVE-2020-7324;0.002540000;0.152300000
CVE-2020-7323;0.003290000;0.234470000
CVE-2020-7322;0.002460000;0.142150000
CVE-2020-7320;0.002580000;0.157060000
CVE-2020-7319;0.003900000;0.305120000
CVE-2020-7318;0.010240000;0.621130000
CVE-2020-7317;0.003390000;0.247020000
CVE-2020-7316;0.003850000;0.299000000
CVE-2020-7315;0.004670000;0.379260000
CVE-2020-7314;0.003550000;0.266440000
CVE-2020-7312;0.003480000;0.257680000
CVE-2020-7311;0.002790000;0.182530000
CVE-2020-7310;0.002930000;0.196410000
CVE-2020-7309;0.003670000;0.280260000
CVE-2020-7308;0.005090000;0.410700000
CVE-2020-7307;0.002610000;0.161010000
CVE-2020-7306;0.002480000;0.144690000
CVE-2020-7305;0.010180000;0.618990000
CVE-2020-7304;0.004870000;0.394890000
CVE-2020-7303;0.004360000;0.354160000
CVE-2020-7302;0.006970000;0.511160000
CVE-2020-7301;0.005100000;0.411030000
CVE-2020-7300;0.005950000;0.462590000
CVE-2020-7299;0.003590000;0.271170000
CVE-2020-7298;0.002930000;0.196190000
CVE-2020-7297;0.004320000;0.350400000
CVE-2020-7296;0.004320000;0.350410000
CVE-2020-7295;0.004640000;0.376530000
CVE-2020-7294;0.003890000;0.304010000
CVE-2020-7293;0.006600000;0.495720000
CVE-2020-7292;0.008600000;0.568360000
CVE-2020-7291;0.002510000;0.148150000
CVE-2020-7290;0.002530000;0.151540000
CVE-2020-7289;0.003390000;0.247270000
CVE-2020-7288;0.002510000;0.148150000
CVE-2020-7287;0.002530000;0.151540000
CVE-2020-7286;0.002530000;0.151540000
CVE-2020-7285;0.002530000;0.151530000
CVE-2020-7284;0.003710000;0.284940000
CVE-2020-7283;0.006160000;0.474270000
CVE-2020-7282;0.003070000;0.210490000
CVE-2020-7281;0.002460000;0.141970000
CVE-2020-7280;0.004000000;0.316670000
CVE-2020-7279;0.004230000;0.340870000
CVE-2020-7278;0.006360000;0.483550000
CVE-2020-7277;0.002680000;0.170400000
CVE-2020-7276;0.002800000;0.183370000
CVE-2020-7275;0.003070000;0.210470000
CVE-2020-7274;0.002340000;0.128330000
CVE-2020-7273;0.002460000;0.142650000
CVE-2020-7270;0.008210000;0.555630000
CVE-2020-7269;0.007260000;0.522290000
CVE-2020-7268;0.009790000;0.606710000
CVE-2020-7267;0.002610000;0.160350000
CVE-2020-7266;0.002590000;0.157630000
CVE-2020-7265;0.002610000;0.160340000
CVE-2020-7264;0.002610000;0.160350000
CVE-2020-7263;0.001680000;0.054310000
CVE-2020-7262;0.007430000;0.528420000
CVE-2020-7261;0.002590000;0.157660000
CVE-2020-7260;0.004100000;0.326050000
CVE-2020-7259;0.002500000;0.146090000
CVE-2020-7258;0.005170000;0.416360000
CVE-2020-7257;0.002520000;0.149920000
CVE-2020-7256;0.005170000;0.416360000
CVE-2020-7255;0.002340000;0.128720000
CVE-2020-7254;0.003000000;0.204020000
CVE-2020-7253;0.002370000;0.132350000
CVE-2020-7252;0.005040000;0.406710000
CVE-2020-7251;0.002150000;0.107520000
CVE-2020-7250;0.003910000;0.305900000
CVE-2020-7249;0.006420000;0.486600000
CVE-2020-7248;0.024860000;0.839800000
CVE-2020-7247;0.989720000;0.999290000
CVE-2020-7246;0.832350000;0.996710000
CVE-2020-7245;0.011660000;0.660230000
CVE-2020-7244;0.042440000;0.906870000
CVE-2020-7243;0.042440000;0.906870000
CVE-2020-7242;0.044180000;0.910050000
CVE-2020-7241;0.024310000;0.836010000
CVE-2020-7240;0.024370000;0.836370000
CVE-2020-7239;0.013710000;0.708150000
CVE-2020-7238;0.036470000;0.891860000
CVE-2020-7237;0.370860000;0.984690000
CVE-2020-7236;0.006680000;0.499140000
CVE-2020-7235;0.006680000;0.499160000
CVE-2020-7234;0.005530000;0.439310000
CVE-2020-7233;0.016550000;0.756090000
CVE-2020-7232;0.014890000;0.730310000
CVE-2020-7231;0.009720000;0.604460000
CVE-2020-7229;0.014690000;0.726890000
CVE-2020-7228;0.009910000;0.610480000
CVE-2020-7227;0.013110000;0.695060000
CVE-2020-7226;0.033340000;0.881850000
CVE-2020-7224;0.023080000;0.826800000
CVE-2020-7222;0.012850000;0.689500000
CVE-2020-7221;0.006700000;0.499750000
CVE-2020-7220;0.014220000;0.717870000
CVE-2020-7219;0.020100000;0.800600000
CVE-2020-7218;0.014660000;0.726340000
CVE-2020-7217;0.016380000;0.753790000
CVE-2020-7216;0.010990000;0.642710000
CVE-2020-7215;0.003010000;0.205060000
CVE-2020-7213;0.010910000;0.640070000
CVE-2020-7212;0.033710000;0.883100000
CVE-2020-7211;0.043100000;0.908090000
CVE-2020-7210;0.010360000;0.624440000
CVE-2020-7209;0.987510000;0.999250000
CVE-2020-7208;0.008500000;0.564880000
CVE-2020-7207;0.005220000;0.419590000
CVE-2020-7206;0.018260000;0.779460000
CVE-2020-7205;0.004160000;0.333570000
CVE-2020-7203;0.052000000;0.921880000
CVE-2020-7202;0.014720000;0.727400000
CVE-2020-7201;0.005780000;0.453730000
CVE-2020-7200;0.818900000;0.996410000
CVE-2020-7199;0.095760000;0.953100000
CVE-2020-7198;0.020550000;0.805000000
CVE-2020-7197;0.021810000;0.816320000
CVE-2020-7196;0.008610000;0.568690000
CVE-2020-7195;0.034010000;0.884120000
CVE-2020-7194;0.033530000;0.882480000
CVE-2020-7193;0.034010000;0.884120000
CVE-2020-7192;0.033530000;0.882500000
CVE-2020-7191;0.034010000;0.884120000
CVE-2020-7190;0.033530000;0.882510000
CVE-2020-7189;0.033530000;0.882520000
CVE-2020-7188;0.033530000;0.882480000
CVE-2020-7187;0.033530000;0.882490000
CVE-2020-7186;0.033530000;0.882510000
CVE-2020-7185;0.033530000;0.882500000
CVE-2020-7184;0.034010000;0.884140000
CVE-2020-7183;0.033530000;0.882480000
CVE-2020-7182;0.034010000;0.884130000
CVE-2020-7181;0.033530000;0.882490000
CVE-2020-7180;0.034010000;0.884130000
CVE-2020-7179;0.033530000;0.882510000
CVE-2020-7178;0.033530000;0.882490000
CVE-2020-7177;0.033530000;0.882510000
CVE-2020-7176;0.034010000;0.884120000
CVE-2020-7175;0.034010000;0.884130000
CVE-2020-7174;0.033530000;0.882500000
CVE-2020-7173;0.033530000;0.882500000
CVE-2020-7172;0.068950000;0.938500000
CVE-2020-7171;0.068950000;0.938500000
CVE-2020-7170;0.069940000;0.939330000
CVE-2020-7169;0.069940000;0.939320000
CVE-2020-7168;0.069940000;0.939320000
CVE-2020-7167;0.068950000;0.938480000
CVE-2020-7166;0.069940000;0.939300000
CVE-2020-7165;0.069940000;0.939300000
CVE-2020-7164;0.069940000;0.939340000
CVE-2020-7163;0.069940000;0.939310000
CVE-2020-7162;0.069940000;0.939290000
CVE-2020-7161;0.069940000;0.939290000
CVE-2020-7160;0.069940000;0.939280000
CVE-2020-7159;0.068950000;0.938500000
CVE-2020-7158;0.069940000;0.939330000
CVE-2020-7157;0.069940000;0.939310000
CVE-2020-7156;0.069940000;0.939280000
CVE-2020-7155;0.069940000;0.939290000
CVE-2020-7154;0.068950000;0.938470000
CVE-2020-7153;0.069940000;0.939280000
CVE-2020-7152;0.069940000;0.939310000
CVE-2020-7151;0.069940000;0.939320000
CVE-2020-7150;0.068950000;0.938480000
CVE-2020-7149;0.068950000;0.938490000
CVE-2020-7148;0.069940000;0.939330000
CVE-2020-7147;0.069940000;0.939300000
CVE-2020-7146;0.068950000;0.938490000
CVE-2020-7145;0.069940000;0.939320000
CVE-2020-7144;0.068950000;0.938470000
CVE-2020-7143;0.068950000;0.938480000
CVE-2020-7142;0.068950000;0.938480000
CVE-2020-7141;0.069940000;0.939330000
CVE-2020-7140;0.008300000;0.558410000
CVE-2020-7139;0.008770000;0.573730000
CVE-2020-7138;0.018080000;0.777100000
CVE-2020-7137;0.003050000;0.208350000
CVE-2020-7136;0.795220000;0.995940000
CVE-2020-7135;0.005300000;0.425200000
CVE-2020-7134;0.009350000;0.591990000
CVE-2020-7133;0.017480000;0.769080000
CVE-2020-7132;0.006650000;0.497640000
CVE-2020-7131;0.011430000;0.653700000
CVE-2020-7130;0.022150000;0.819360000
CVE-2020-7129;0.027390000;0.855690000
CVE-2020-7128;0.022060000;0.818580000
CVE-2020-7127;0.018270000;0.779640000
CVE-2020-7126;0.008260000;0.557010000
CVE-2020-7125;0.014420000;0.721640000
CVE-2020-7124;0.013850000;0.710930000
CVE-2020-7123;0.002480000;0.144470000
CVE-2020-7122;0.009920000;0.610670000
CVE-2020-7121;0.009920000;0.610670000
CVE-2020-7120;0.002840000;0.187340000
CVE-2020-7119;0.007480000;0.530100000
CVE-2020-7117;0.033250000;0.881540000
CVE-2020-7116;0.033250000;0.881540000
CVE-2020-7115;0.645960000;0.992150000
CVE-2020-7114;0.010890000;0.639580000
CVE-2020-7113;0.008520000;0.565640000
CVE-2020-7111;0.018860000;0.786740000
CVE-2020-7110;0.006200000;0.475820000
CVE-2020-7109;0.016750000;0.759080000
CVE-2020-7108;0.034580000;0.886000000
CVE-2020-7107;0.021950000;0.817680000
CVE-2020-7106;0.021560000;0.814410000
CVE-2020-7105;0.027350000;0.855430000
CVE-2020-7104;0.016070000;0.749170000
CVE-2020-7085;0.014290000;0.719290000
CVE-2020-7084;0.007730000;0.539130000
CVE-2020-7083;0.010350000;0.624270000
CVE-2020-7082;0.020880000;0.808330000
CVE-2020-7081;0.014890000;0.730300000
CVE-2020-7080;0.014290000;0.719290000
CVE-2020-7079;0.003750000;0.288340000
CVE-2020-7071;0.029830000;0.867740000
CVE-2020-7070;0.050290000;0.919650000
CVE-2020-7069;0.020550000;0.805020000
CVE-2020-7068;0.016610000;0.757160000
CVE-2020-7067;0.043110000;0.908110000
CVE-2020-7066;0.027670000;0.857330000
CVE-2020-7065;0.048830000;0.917560000
CVE-2020-7064;0.042950000;0.907800000
CVE-2020-7063;0.016390000;0.753870000
CVE-2020-7062;0.035980000;0.890430000
CVE-2020-7061;0.040750000;0.903380000
CVE-2020-7060;0.088880000;0.950510000
CVE-2020-7059;0.071160000;0.940310000
CVE-2020-7058;0.022540000;0.822470000
CVE-2020-7057;0.011030000;0.643680000
CVE-2020-7055;0.030720000;0.871440000
CVE-2020-7054;0.011010000;0.643340000
CVE-2020-7053;0.006170000;0.474580000
CVE-2020-7052;0.018840000;0.786410000
CVE-2020-7051;0.007570000;0.533520000
CVE-2020-7050;0.005390000;0.431050000
CVE-2020-7049;0.009020000;0.581320000
CVE-2020-7048;0.229280000;0.976760000
CVE-2020-7047;0.024630000;0.838240000
CVE-2020-7046;0.512640000;0.989020000
CVE-2020-7045;0.014570000;0.724420000
CVE-2020-7044;0.032420000;0.878190000
CVE-2020-7043;0.027590000;0.856810000
CVE-2020-7042;0.015770000;0.744740000
CVE-2020-7041;0.017450000;0.768610000
CVE-2020-7040;0.028680000;0.862530000
CVE-2020-7039;0.035660000;0.889340000
CVE-2020-7038;0.013030000;0.693480000
CVE-2020-7037;0.010640000;0.632650000
CVE-2020-7036;0.009810000;0.607420000
CVE-2020-7035;0.010670000;0.633870000
CVE-2020-7034;0.023670000;0.831230000
CVE-2020-7033;0.005650000;0.446770000
CVE-2020-7032;0.028950000;0.863920000
CVE-2020-7030;0.010440000;0.626750000
CVE-2020-7029;0.004340000;0.351300000
CVE-2020-7021;0.013130000;0.695560000
CVE-2020-7020;0.010110000;0.617100000
CVE-2020-7019;0.012040000;0.670100000
CVE-2020-7018;0.010900000;0.640010000
CVE-2020-7017;0.012200000;0.674540000
CVE-2020-7016;0.010850000;0.638770000
CVE-2020-7015;0.007790000;0.541040000
CVE-2020-7014;0.015430000;0.739340000
CVE-2020-7013;0.021460000;0.813470000
CVE-2020-7012;0.182110000;0.971180000
CVE-2020-7011;0.009830000;0.608010000
CVE-2020-7010;0.014390000;0.720920000
CVE-2020-7009;0.016000000;0.747960000
CVE-2020-7008;0.019070000;0.789230000
CVE-2020-7007;0.029000000;0.864120000
CVE-2020-7006;0.017290000;0.766520000
CVE-2020-7005;0.009210000;0.587230000
CVE-2020-7004;0.003720000;0.285260000
CVE-2020-7003;0.009730000;0.605140000
CVE-2020-7002;0.011440000;0.653830000
CVE-2020-7001;0.009730000;0.605150000
CVE-2020-7000;0.011160000;0.647190000
CVE-2020-6999;0.009790000;0.606800000
CVE-2020-6998;0.022710000;0.823750000
CVE-2020-6997;0.009730000;0.605150000
CVE-2020-6996;0.013490000;0.703570000
CVE-2020-6995;0.016210000;0.751100000
CVE-2020-6994;0.016460000;0.754930000
CVE-2020-6993;0.015630000;0.742700000
CVE-2020-6992;0.003920000;0.307420000
CVE-2020-6991;0.015060000;0.733280000
CVE-2020-6990;0.043670000;0.909230000
CVE-2020-6989;0.034980000;0.887330000
CVE-2020-6988;0.040170000;0.902130000
CVE-2020-6987;0.009730000;0.605140000
CVE-2020-6986;0.015620000;0.742500000
CVE-2020-6985;0.019050000;0.788910000
CVE-2020-6984;0.028470000;0.861550000
CVE-2020-6983;0.014820000;0.729110000
CVE-2020-6982;0.010750000;0.635790000
CVE-2020-6981;0.022710000;0.823760000
CVE-2020-6980;0.004150000;0.332190000
CVE-2020-6979;0.014820000;0.729110000
CVE-2020-6978;0.007850000;0.543130000
CVE-2020-6977;0.004280000;0.345450000
CVE-2020-6976;0.008320000;0.559040000
CVE-2020-6975;0.007890000;0.544390000
CVE-2020-6974;0.018980000;0.788290000
CVE-2020-6973;0.008310000;0.558640000
CVE-2020-6972;0.013250000;0.698140000
CVE-2020-6971;0.002780000;0.181940000
CVE-2020-6970;0.025790000;0.845940000
CVE-2020-6969;0.023740000;0.831740000
CVE-2020-6968;0.002640000;0.164710000
CVE-2020-6967;0.054970000;0.925010000
CVE-2020-6966;0.022210000;0.819850000
CVE-2020-6965;0.011300000;0.650430000
CVE-2020-6964;0.013600000;0.706010000
CVE-2020-6963;0.027460000;0.856090000
CVE-2020-6962;0.049320000;0.918290000
CVE-2020-6961;0.016190000;0.750870000
CVE-2020-6960;0.011400000;0.652940000
CVE-2020-6959;0.022100000;0.818920000
CVE-2020-6958;0.023520000;0.830210000
CVE-2020-6956;0.007000000;0.512530000
CVE-2020-6955;0.007000000;0.512540000
CVE-2020-6954;0.009570000;0.599110000
CVE-2020-6950;0.101240000;0.954950000
CVE-2020-6949;0.012810000;0.688640000
CVE-2020-6948;0.027760000;0.858070000
CVE-2020-6939;0.018260000;0.779460000
CVE-2020-6938;0.012230000;0.675570000
CVE-2020-6937;0.012450000;0.680580000
CVE-2020-6933;0.002750000;0.178270000
CVE-2020-6932;0.035890000;0.890140000
CVE-2020-6931;0.002850000;0.188170000
CVE-2020-6923;0.003050000;0.208410000
CVE-2020-6922;0.008650000;0.569860000
CVE-2020-6921;0.008650000;0.569870000
CVE-2020-6920;0.008560000;0.567090000
CVE-2020-6919;0.008650000;0.569870000
CVE-2020-6918;0.008650000;0.569870000
CVE-2020-6917;0.008650000;0.569860000
CVE-2020-6882;0.012360000;0.678450000
CVE-2020-6881;0.005870000;0.459010000
CVE-2020-6880;0.012190000;0.674260000
CVE-2020-6879;0.006880000;0.507560000
CVE-2020-6877;0.010260000;0.621600000
CVE-2020-6876;0.006220000;0.476810000
CVE-2020-6875;0.011720000;0.661720000
CVE-2020-6874;0.004450000;0.362030000
CVE-2020-6873;0.012510000;0.682080000
CVE-2020-6872;0.007440000;0.528970000
CVE-2020-6871;0.018800000;0.786060000
CVE-2020-6870;0.006170000;0.474570000
CVE-2020-6869;0.008770000;0.573730000
CVE-2020-6868;0.007890000;0.544410000
CVE-2020-6867;0.003490000;0.259020000
CVE-2020-6866;0.008900000;0.577540000
CVE-2020-6865;0.008740000;0.572860000
CVE-2020-6864;0.005330000;0.426950000
CVE-2020-6863;0.005770000;0.453170000
CVE-2020-6862;0.063060000;0.933690000
CVE-2020-6861;0.004410000;0.358310000
CVE-2020-6860;0.016820000;0.760310000
CVE-2020-6859;0.021680000;0.815250000
CVE-2020-6858;0.011620000;0.659000000
CVE-2020-6857;0.009670000;0.602180000
CVE-2020-6856;0.009260000;0.588900000
CVE-2020-6855;0.009140000;0.585230000
CVE-2020-6854;0.005220000;0.419490000
CVE-2020-6852;0.024210000;0.835230000
CVE-2020-6851;0.051850000;0.921690000
CVE-2020-6850;0.013760000;0.709370000
CVE-2020-6849;0.013200000;0.697030000
CVE-2020-6848;0.006680000;0.499150000
CVE-2020-6847;0.009270000;0.589290000
CVE-2020-6845;0.008740000;0.573050000
CVE-2020-6844;0.007180000;0.519590000
CVE-2020-6843;0.023830000;0.832300000
CVE-2020-6842;0.022900000;0.825330000
CVE-2020-6841;0.028110000;0.859700000
CVE-2020-6840;0.015050000;0.733200000
CVE-2020-6839;0.013550000;0.705100000
CVE-2020-6838;0.015010000;0.732500000
CVE-2020-6836;0.021480000;0.813710000
CVE-2020-6835;0.020160000;0.801080000
CVE-2020-6833;0.011740000;0.662580000
CVE-2020-6832;0.009290000;0.589990000
CVE-2020-6831;0.058030000;0.928680000
CVE-2020-6830;0.009030000;0.581490000
CVE-2020-6829;0.014670000;0.726560000
CVE-2020-6828;0.015080000;0.733630000
CVE-2020-6827;0.007630000;0.535510000
CVE-2020-6826;0.014270000;0.718930000
CVE-2020-6825;0.021880000;0.816890000
CVE-2020-6824;0.002730000;0.176390000
CVE-2020-6823;0.016080000;0.749220000
CVE-2020-6822;0.013250000;0.698270000
CVE-2020-6821;0.015050000;0.733190000
CVE-2020-6820;0.070630000;0.939870000
CVE-2020-6819;0.030390000;0.870040000
CVE-2020-6817;0.007180000;0.519680000
CVE-2020-6816;0.013400000;0.701600000
CVE-2020-6815;0.013610000;0.706150000
CVE-2020-6814;0.018690000;0.784830000
CVE-2020-6813;0.012190000;0.674390000
CVE-2020-6812;0.016010000;0.748080000
CVE-2020-6811;0.032710000;0.879520000
CVE-2020-6810;0.010330000;0.623280000
CVE-2020-6809;0.014840000;0.729510000
CVE-2020-6808;0.011030000;0.643820000
CVE-2020-6807;0.014740000;0.727650000
CVE-2020-6806;0.026070000;0.847800000
CVE-2020-6805;0.014860000;0.729940000
CVE-2020-6804;0.007490000;0.530480000
CVE-2020-6803;0.006650000;0.497550000
CVE-2020-6802;0.017310000;0.766810000
CVE-2020-6801;0.014110000;0.715900000
CVE-2020-6800;0.023560000;0.830540000
CVE-2020-6799;0.015310000;0.737270000
CVE-2020-6798;0.021300000;0.812160000
CVE-2020-6797;0.014780000;0.728350000
CVE-2020-6796;0.015910000;0.746640000
CVE-2020-6795;0.013050000;0.693730000
CVE-2020-6794;0.010160000;0.618470000
CVE-2020-6793;0.015110000;0.734100000
CVE-2020-6792;0.013320000;0.699680000
CVE-2020-6790;0.003470000;0.256580000
CVE-2020-6789;0.003470000;0.256580000
CVE-2020-6788;0.003470000;0.256570000
CVE-2020-6787;0.003470000;0.256580000
CVE-2020-6786;0.003470000;0.256590000
CVE-2020-6785;0.003270000;0.232160000
CVE-2020-6781;0.004520000;0.367140000
CVE-2020-6780;0.005610000;0.444640000
CVE-2020-6779;0.036960000;0.893230000
CVE-2020-6777;0.006090000;0.470140000
CVE-2020-6776;0.005500000;0.437340000
CVE-2020-6774;0.002790000;0.182160000
CVE-2020-6771;0.003470000;0.256580000
CVE-2020-6770;0.036420000;0.891680000
CVE-2020-6769;0.022160000;0.819470000
CVE-2020-6768;0.016760000;0.759250000
CVE-2020-6767;0.013080000;0.694510000
CVE-2020-6765;0.012150000;0.673370000
CVE-2020-6760;0.017100000;0.764150000
CVE-2020-6758;0.007930000;0.545800000
CVE-2020-6757;0.014010000;0.714130000
CVE-2020-6756;0.105590000;0.956270000
CVE-2020-6754;0.948000000;0.998580000
CVE-2020-6753;0.013180000;0.696760000
CVE-2020-6752;0.005540000;0.439890000
CVE-2020-6750;0.021950000;0.817610000
CVE-2020-6656;0.027060000;0.853810000
CVE-2020-6655;0.026540000;0.850740000
CVE-2020-6654;0.004120000;0.328470000
CVE-2020-6653;0.002640000;0.164600000
CVE-2020-6652;0.003560000;0.268130000
CVE-2020-6651;0.021470000;0.813660000
CVE-2020-6650;0.021030000;0.809740000
CVE-2020-6649;0.015230000;0.735940000
CVE-2020-6648;0.005760000;0.452780000
CVE-2020-6647;0.006250000;0.478380000
CVE-2020-6646;0.008030000;0.549370000
CVE-2020-6644;0.010280000;0.622020000
CVE-2020-6643;0.008400000;0.561470000
CVE-2020-6641;0.005940000;0.462350000
CVE-2020-6640;0.008570000;0.567540000
CVE-2020-6638;0.013240000;0.697950000
CVE-2020-6637;0.200580000;0.973630000
CVE-2020-6632;0.006790000;0.504150000
CVE-2020-6631;0.007780000;0.540510000
CVE-2020-6630;0.007800000;0.541280000
CVE-2020-6629;0.013160000;0.696330000
CVE-2020-6628;0.015410000;0.738990000
CVE-2020-6627;0.127970000;0.961520000
CVE-2020-6625;0.014350000;0.720420000
CVE-2020-6624;0.014350000;0.720420000
CVE-2020-6623;0.014540000;0.723840000
CVE-2020-6622;0.014460000;0.722250000
CVE-2020-6621;0.011430000;0.653680000
CVE-2020-6620;0.011430000;0.653680000
CVE-2020-6619;0.011420000;0.653340000
CVE-2020-6618;0.011420000;0.653350000
CVE-2020-6617;0.011420000;0.653350000
CVE-2020-6616;0.007300000;0.523710000
CVE-2020-6615;0.015120000;0.734340000
CVE-2020-6614;0.016730000;0.758900000
CVE-2020-6613;0.016730000;0.758900000
CVE-2020-6612;0.016730000;0.758900000
CVE-2020-6611;0.015250000;0.736370000
CVE-2020-6610;0.013670000;0.707380000
CVE-2020-6609;0.017550000;0.770080000
CVE-2020-6590;0.010460000;0.627560000
CVE-2020-6586;0.190300000;0.972170000
CVE-2020-6585;0.012230000;0.675190000
CVE-2020-6584;0.039020000;0.899030000
CVE-2020-6583;0.006860000;0.506850000
CVE-2020-6582;0.044400000;0.910560000
CVE-2020-6581;0.016120000;0.749690000
CVE-2020-6579;0.008230000;0.556010000
CVE-2020-6578;0.008440000;0.562720000
CVE-2020-6577;0.015520000;0.741000000
CVE-2020-6576;0.016360000;0.753570000
CVE-2020-6575;0.013650000;0.706900000
CVE-2020-6574;0.003580000;0.270050000
CVE-2020-6573;0.017690000;0.772150000
CVE-2020-6572;0.105860000;0.956330000
CVE-2020-6571;0.013070000;0.694190000
CVE-2020-6570;0.011890000;0.666540000
CVE-2020-6569;0.012720000;0.686880000
CVE-2020-6568;0.015020000;0.732660000
CVE-2020-6567;0.015020000;0.732660000
CVE-2020-6566;0.015650000;0.742920000
CVE-2020-6565;0.014930000;0.730970000
CVE-2020-6564;0.015480000;0.740290000
CVE-2020-6563;0.016860000;0.760860000
CVE-2020-6562;0.014950000;0.731200000
CVE-2020-6561;0.015230000;0.735970000
CVE-2020-6560;0.016460000;0.754910000
CVE-2020-6559;0.022960000;0.825830000
CVE-2020-6558;0.017870000;0.774310000
CVE-2020-6557;0.015220000;0.735730000
CVE-2020-6556;0.032910000;0.880290000
CVE-2020-6555;0.021570000;0.814440000
CVE-2020-6554;0.006150000;0.473170000
CVE-2020-6553;0.015210000;0.735710000
CVE-2020-6552;0.015210000;0.735710000
CVE-2020-6551;0.275400000;0.980130000
CVE-2020-6550;0.275400000;0.980130000
CVE-2020-6549;0.275400000;0.980130000
CVE-2020-6548;0.026060000;0.847740000
CVE-2020-6547;0.010840000;0.638460000
CVE-2020-6546;0.002030000;0.091940000
CVE-2020-6545;0.013690000;0.707810000
CVE-2020-6544;0.013790000;0.709860000
CVE-2020-6543;0.013790000;0.709870000
CVE-2020-6542;0.020280000;0.802340000
CVE-2020-6541;0.214470000;0.975360000
CVE-2020-6540;0.015050000;0.733040000
CVE-2020-6539;0.009820000;0.607660000
CVE-2020-6538;0.010150000;0.618160000
CVE-2020-6537;0.015540000;0.741310000
CVE-2020-6536;0.014200000;0.717510000
CVE-2020-6535;0.013590000;0.705880000
CVE-2020-6534;0.019130000;0.789870000
CVE-2020-6533;0.022220000;0.819930000
CVE-2020-6532;0.012940000;0.691490000
CVE-2020-6531;0.015740000;0.744250000
CVE-2020-6530;0.014930000;0.730910000
CVE-2020-6529;0.013060000;0.694160000
CVE-2020-6528;0.015050000;0.733170000
CVE-2020-6527;0.015350000;0.738080000
CVE-2020-6526;0.017090000;0.764010000
CVE-2020-6525;0.018570000;0.783400000
CVE-2020-6524;0.028820000;0.863210000
CVE-2020-6523;0.027230000;0.854760000
CVE-2020-6522;0.016320000;0.752760000
CVE-2020-6521;0.017030000;0.763240000
CVE-2020-6520;0.026960000;0.853290000
CVE-2020-6519;0.102710000;0.955380000
CVE-2020-6518;0.025530000;0.844270000
CVE-2020-6517;0.027940000;0.858780000
CVE-2020-6516;0.047650000;0.915840000
CVE-2020-6515;0.025130000;0.841630000
CVE-2020-6514;0.077900000;0.944540000
CVE-2020-6513;0.029650000;0.866980000
CVE-2020-6512;0.029500000;0.866370000
CVE-2020-6511;0.016850000;0.760680000
CVE-2020-6510;0.015830000;0.745540000
CVE-2020-6509;0.008140000;0.553040000
CVE-2020-6507;0.190820000;0.972290000
CVE-2020-6506;0.037180000;0.893900000
CVE-2020-6505;0.009810000;0.607400000
CVE-2020-6504;0.005440000;0.434170000
CVE-2020-6503;0.007460000;0.529470000
CVE-2020-6502;0.006510000;0.491310000
CVE-2020-6501;0.006550000;0.493300000
CVE-2020-6500;0.006760000;0.502690000
CVE-2020-6499;0.006800000;0.504500000
CVE-2020-6498;0.008790000;0.574310000
CVE-2020-6497;0.008040000;0.549820000
CVE-2020-6496;0.013620000;0.706370000
CVE-2020-6495;0.010730000;0.635320000
CVE-2020-6494;0.014920000;0.730820000
CVE-2020-6493;0.016820000;0.760110000
CVE-2020-6492;0.007220000;0.520770000
CVE-2020-6491;0.014640000;0.725720000
CVE-2020-6490;0.014610000;0.725200000
CVE-2020-6489;0.016330000;0.753090000
CVE-2020-6488;0.015440000;0.739470000
CVE-2020-6487;0.016030000;0.748390000
CVE-2020-6486;0.016640000;0.757540000
CVE-2020-6485;0.016780000;0.759530000
CVE-2020-6484;0.014910000;0.730660000
CVE-2020-6483;0.016650000;0.757620000
CVE-2020-6482;0.013400000;0.701570000
CVE-2020-6481;0.015390000;0.738650000
CVE-2020-6480;0.012240000;0.675790000
CVE-2020-6479;0.015700000;0.743650000
CVE-2020-6478;0.015700000;0.743660000
CVE-2020-6477;0.002410000;0.137490000
CVE-2020-6476;0.013400000;0.701570000
CVE-2020-6475;0.016690000;0.758210000
CVE-2020-6474;0.017060000;0.763510000
CVE-2020-6473;0.017800000;0.773510000
CVE-2020-6472;0.014740000;0.727760000
CVE-2020-6471;0.014000000;0.713890000
CVE-2020-6470;0.010370000;0.624730000
CVE-2020-6469;0.011610000;0.658430000
CVE-2020-6468;0.064140000;0.934550000
CVE-2020-6467;0.016740000;0.759000000
CVE-2020-6466;0.015900000;0.746500000
CVE-2020-6465;0.015900000;0.746500000
CVE-2020-6464;0.019200000;0.790680000
CVE-2020-6463;0.032650000;0.879280000
CVE-2020-6462;0.013650000;0.706970000
CVE-2020-6461;0.011770000;0.663250000
CVE-2020-6460;0.008870000;0.576650000
CVE-2020-6459;0.010700000;0.634420000
CVE-2020-6458;0.013260000;0.698470000
CVE-2020-6457;0.012360000;0.678380000
CVE-2020-6456;0.014150000;0.716720000
CVE-2020-6455;0.020260000;0.802130000
CVE-2020-6454;0.014350000;0.720270000
CVE-2020-6453;0.008820000;0.575270000
CVE-2020-6452;0.018600000;0.783780000
CVE-2020-6451;0.014890000;0.730490000
CVE-2020-6450;0.014940000;0.731180000
CVE-2020-6449;0.026640000;0.851330000
CVE-2020-6448;0.017410000;0.768140000
CVE-2020-6447;0.018790000;0.785980000
CVE-2020-6446;0.016600000;0.757070000
CVE-2020-6445;0.019470000;0.793780000
CVE-2020-6444;0.013850000;0.711020000
CVE-2020-6443;0.018490000;0.782320000
CVE-2020-6442;0.019530000;0.794360000
CVE-2020-6441;0.017670000;0.771750000
CVE-2020-6440;0.011820000;0.664810000
CVE-2020-6439;0.018230000;0.779070000
CVE-2020-6438;0.013270000;0.698580000
CVE-2020-6437;0.017640000;0.771350000
CVE-2020-6436;0.016330000;0.753050000
CVE-2020-6435;0.016600000;0.756930000
CVE-2020-6434;0.017020000;0.763050000
CVE-2020-6433;0.016600000;0.756930000
CVE-2020-6432;0.017350000;0.767370000
CVE-2020-6431;0.015880000;0.746330000
CVE-2020-6430;0.019440000;0.793460000
CVE-2020-6429;0.023140000;0.827250000
CVE-2020-6428;0.023140000;0.827240000
CVE-2020-6427;0.024460000;0.837050000
CVE-2020-6426;0.028610000;0.862190000
CVE-2020-6425;0.011800000;0.664150000
CVE-2020-6424;0.034980000;0.887330000
CVE-2020-6423;0.017220000;0.765650000
CVE-2020-6422;0.023540000;0.830400000
CVE-2020-6420;0.013270000;0.698530000
CVE-2020-6419;0.007480000;0.530160000
CVE-2020-6418;0.788080000;0.995800000
CVE-2020-6417;0.002950000;0.198730000
CVE-2020-6416;0.019900000;0.798220000
CVE-2020-6415;0.019900000;0.798220000
CVE-2020-6414;0.018570000;0.783520000
CVE-2020-6413;0.019080000;0.789350000
CVE-2020-6412;0.014860000;0.729840000
CVE-2020-6411;0.013960000;0.712990000
CVE-2020-6410;0.016960000;0.762130000
CVE-2020-6409;0.017420000;0.768250000
CVE-2020-6408;0.016240000;0.751560000
CVE-2020-6407;0.017830000;0.773840000
CVE-2020-6406;0.018500000;0.782450000
CVE-2020-6405;0.026250000;0.848870000
CVE-2020-6404;0.020450000;0.804000000
CVE-2020-6403;0.016060000;0.749030000
CVE-2020-6402;0.026620000;0.851220000
CVE-2020-6401;0.019450000;0.793540000
CVE-2020-6400;0.020040000;0.799730000
CVE-2020-6399;0.019890000;0.798090000
CVE-2020-6398;0.017940000;0.775220000
CVE-2020-6397;0.019150000;0.790060000
CVE-2020-6396;0.017380000;0.767710000
CVE-2020-6395;0.019840000;0.797450000
CVE-2020-6394;0.016500000;0.755560000
CVE-2020-6393;0.018540000;0.783050000
CVE-2020-6392;0.014810000;0.729040000
CVE-2020-6391;0.013310000;0.699510000
CVE-2020-6390;0.030830000;0.871900000
CVE-2020-6389;0.017420000;0.768260000
CVE-2020-6388;0.020420000;0.803700000
CVE-2020-6387;0.018060000;0.776770000
CVE-2020-6386;0.016970000;0.762360000
CVE-2020-6385;0.022600000;0.822880000
CVE-2020-6384;0.016770000;0.759420000
CVE-2020-6383;0.063800000;0.934250000
CVE-2020-6382;0.022590000;0.822820000
CVE-2020-6381;0.022070000;0.818660000
CVE-2020-6380;0.011950000;0.668030000
CVE-2020-6379;0.011780000;0.663970000
CVE-2020-6378;0.012180000;0.674070000
CVE-2020-6377;0.014530000;0.723610000
CVE-2020-6376;0.006660000;0.498010000
CVE-2020-6375;0.006660000;0.498000000
CVE-2020-6374;0.012430000;0.680270000
CVE-2020-6373;0.012430000;0.680270000
CVE-2020-6372;0.012430000;0.680270000
CVE-2020-6371;0.008970000;0.579690000
CVE-2020-6370;0.005270000;0.423240000
CVE-2020-6369;0.026680000;0.851610000
CVE-2020-6368;0.006100000;0.470930000
CVE-2020-6367;0.008280000;0.557780000
CVE-2020-6366;0.010750000;0.635890000
CVE-2020-6365;0.010930000;0.640650000
CVE-2020-6364;0.064080000;0.934450000
CVE-2020-6363;0.005300000;0.424850000
CVE-2020-6362;0.010410000;0.625860000
CVE-2020-6361;0.016230000;0.751390000
CVE-2020-6360;0.016230000;0.751390000
CVE-2020-6359;0.016230000;0.751390000
CVE-2020-6358;0.016230000;0.751370000
CVE-2020-6357;0.016230000;0.751360000
CVE-2020-6356;0.016230000;0.751400000
CVE-2020-6355;0.016230000;0.751360000
CVE-2020-6354;0.016230000;0.751370000
CVE-2020-6353;0.016230000;0.751370000
CVE-2020-6352;0.016230000;0.751340000
CVE-2020-6351;0.016230000;0.751390000
CVE-2020-6350;0.016230000;0.751350000
CVE-2020-6349;0.016230000;0.751340000
CVE-2020-6348;0.016230000;0.751380000
CVE-2020-6347;0.016230000;0.751380000
CVE-2020-6346;0.016230000;0.751380000
CVE-2020-6345;0.016230000;0.751330000
CVE-2020-6344;0.016230000;0.751350000
CVE-2020-6343;0.016230000;0.751360000
CVE-2020-6342;0.016230000;0.751420000
CVE-2020-6341;0.016230000;0.751410000
CVE-2020-6340;0.016230000;0.751420000
CVE-2020-6339;0.016230000;0.751430000
CVE-2020-6338;0.016230000;0.751410000
CVE-2020-6337;0.016230000;0.751410000
CVE-2020-6336;0.016230000;0.751420000
CVE-2020-6335;0.016230000;0.751420000
CVE-2020-6334;0.016230000;0.751370000
CVE-2020-6333;0.016230000;0.751350000
CVE-2020-6332;0.016230000;0.751400000
CVE-2020-6331;0.016230000;0.751350000
CVE-2020-6330;0.016230000;0.751400000
CVE-2020-6329;0.016230000;0.751340000
CVE-2020-6328;0.016230000;0.751400000
CVE-2020-6327;0.016230000;0.751410000
CVE-2020-6326;0.006480000;0.489820000
CVE-2020-6324;0.008950000;0.578950000
CVE-2020-6323;0.006480000;0.489650000
CVE-2020-6322;0.016230000;0.751360000
CVE-2020-6321;0.016290000;0.752350000
CVE-2020-6320;0.009520000;0.597680000
CVE-2020-6319;0.009050000;0.582430000
CVE-2020-6318;0.058260000;0.929000000
CVE-2020-6317;0.003560000;0.267360000
CVE-2020-6316;0.008160000;0.553680000
CVE-2020-6315;0.008090000;0.551550000
CVE-2020-6314;0.016230000;0.751340000
CVE-2020-6313;0.007210000;0.520390000
CVE-2020-6312;0.005360000;0.428960000
CVE-2020-6311;0.010200000;0.619380000
CVE-2020-6310;0.009380000;0.593120000
CVE-2020-6309;0.018000000;0.776100000
CVE-2020-6308;0.617360000;0.991470000
CVE-2020-6307;0.007230000;0.521150000
CVE-2020-6306;0.005960000;0.463100000
CVE-2020-6305;0.007590000;0.533940000
CVE-2020-6304;0.014830000;0.729300000
CVE-2020-6303;0.005360000;0.428960000
CVE-2020-6302;0.008050000;0.549890000
CVE-2020-6301;0.007090000;0.515910000
CVE-2020-6300;0.005270000;0.423250000
CVE-2020-6299;0.008970000;0.579700000
CVE-2020-6298;0.009620000;0.600750000
CVE-2020-6297;0.003350000;0.242600000
CVE-2020-6296;0.013270000;0.698560000
CVE-2020-6295;0.002700000;0.171620000
CVE-2020-6294;0.015300000;0.737040000
CVE-2020-6293;0.009340000;0.591900000
CVE-2020-6292;0.005860000;0.458210000
CVE-2020-6291;0.006340000;0.482710000
CVE-2020-6290;0.006020000;0.466520000
CVE-2020-6289;0.004330000;0.350860000
CVE-2020-6288;0.006560000;0.493790000
CVE-2020-6287;0.947190000;0.998560000
CVE-2020-6286;0.283120000;0.980590000
CVE-2020-6285;0.011020000;0.643520000
CVE-2020-6284;0.018000000;0.776000000
CVE-2020-6283;0.006750000;0.502240000
CVE-2020-6282;0.011170000;0.647240000
CVE-2020-6281;0.007810000;0.541530000
CVE-2020-6280;0.009420000;0.594220000
CVE-2020-6278;0.005360000;0.428950000
CVE-2020-6276;0.006540000;0.492670000
CVE-2020-6275;0.014390000;0.720970000
CVE-2020-6273;0.005600000;0.443560000
CVE-2020-6272;0.005360000;0.428960000
CVE-2020-6271;0.011610000;0.658450000
CVE-2020-6270;0.008040000;0.549710000
CVE-2020-6269;0.007890000;0.544540000
CVE-2020-6268;0.006750000;0.501940000
CVE-2020-6267;0.007820000;0.541830000
CVE-2020-6266;0.006120000;0.471860000
CVE-2020-6265;0.013600000;0.706030000
CVE-2020-6264;0.009720000;0.604430000
CVE-2020-6263;0.014410000;0.721340000
CVE-2020-6262;0.011740000;0.662200000
CVE-2020-6261;0.007750000;0.539580000
CVE-2020-6260;0.007750000;0.539580000
CVE-2020-6259;0.007740000;0.539280000
CVE-2020-6258;0.006800000;0.504230000
CVE-2020-6257;0.005360000;0.428970000
CVE-2020-6256;0.006270000;0.479500000
CVE-2020-6254;0.006540000;0.492660000
CVE-2020-6253;0.012360000;0.678460000
CVE-2020-6252;0.005190000;0.417430000
CVE-2020-6251;0.007820000;0.542060000
CVE-2020-6250;0.005170000;0.416520000
CVE-2020-6249;0.009810000;0.607320000
CVE-2020-6248;0.018880000;0.786990000
CVE-2020-6247;0.010480000;0.627880000
CVE-2020-6246;0.006540000;0.492660000
CVE-2020-6245;0.003350000;0.242690000
CVE-2020-6244;0.003370000;0.245050000
CVE-2020-6243;0.008810000;0.574960000
CVE-2020-6242;0.008440000;0.562840000
CVE-2020-6241;0.009740000;0.605560000
CVE-2020-6240;0.013860000;0.711190000
CVE-2020-6239;0.003160000;0.220650000
CVE-2020-6238;0.013100000;0.695030000
CVE-2020-6237;0.011410000;0.653190000
CVE-2020-6236;0.012360000;0.678490000
CVE-2020-6235;0.016420000;0.754430000
CVE-2020-6234;0.035560000;0.888960000
CVE-2020-6233;0.007420000;0.528180000
CVE-2020-6232;0.008320000;0.559150000
CVE-2020-6231;0.006480000;0.489820000
CVE-2020-6230;0.010670000;0.633980000
CVE-2020-6229;0.006540000;0.492650000
CVE-2020-6228;0.003810000;0.294690000
CVE-2020-6227;0.008600000;0.568350000
CVE-2020-6226;0.006480000;0.489820000
CVE-2020-6225;0.011070000;0.644670000
CVE-2020-6224;0.010870000;0.639330000
CVE-2020-6223;0.006550000;0.493060000
CVE-2020-6222;0.007740000;0.539490000
CVE-2020-6221;0.006480000;0.489820000
CVE-2020-6220;0.005030000;0.405910000
CVE-2020-6219;0.012660000;0.685590000
CVE-2020-6218;0.009050000;0.582200000
CVE-2020-6217;0.006540000;0.492660000
CVE-2020-6216;0.006540000;0.492640000
CVE-2020-6215;0.015640000;0.742770000
CVE-2020-6214;0.006470000;0.489360000
CVE-2020-6213;0.008000000;0.548160000
CVE-2020-6212;0.006540000;0.492920000
CVE-2020-6211;0.006550000;0.493060000
CVE-2020-6210;0.006540000;0.492650000
CVE-2020-6209;0.007970000;0.547180000
CVE-2020-6208;0.011420000;0.653470000
CVE-2020-6207;0.981350000;0.999120000
CVE-2020-6206;0.003580000;0.269950000
CVE-2020-6205;0.007680000;0.537340000
CVE-2020-6204;0.006270000;0.479500000
CVE-2020-6203;0.018600000;0.783790000
CVE-2020-6202;0.010650000;0.633010000
CVE-2020-6201;0.008000000;0.548160000
CVE-2020-6200;0.005360000;0.428950000
CVE-2020-6199;0.003340000;0.241350000
CVE-2020-6198;0.013830000;0.710580000
CVE-2020-6197;0.005640000;0.446550000
CVE-2020-6196;0.013600000;0.706110000
CVE-2020-6195;0.006280000;0.479730000
CVE-2020-6193;0.007120000;0.516910000
CVE-2020-6192;0.017180000;0.765250000
CVE-2020-6191;0.015790000;0.744910000
CVE-2020-6190;0.008960000;0.579350000
CVE-2020-6189;0.008780000;0.574170000
CVE-2020-6188;0.006760000;0.502830000
CVE-2020-6187;0.008560000;0.567180000
CVE-2020-6186;0.012260000;0.676150000
CVE-2020-6185;0.005360000;0.428960000
CVE-2020-6184;0.009630000;0.601270000
CVE-2020-6183;0.006900000;0.508390000
CVE-2020-6181;0.007750000;0.539580000
CVE-2020-6178;0.007260000;0.522520000
CVE-2020-6177;0.008470000;0.563810000
CVE-2020-6175;0.005900000;0.460660000
CVE-2020-6174;0.009870000;0.609400000
CVE-2020-6173;0.017580000;0.770500000
CVE-2020-6171;0.047980000;0.916310000
CVE-2020-6170;0.073290000;0.941790000
CVE-2020-6168;0.019530000;0.794340000
CVE-2020-6167;0.009240000;0.588520000
CVE-2020-6166;0.010700000;0.634620000
CVE-2020-6165;0.010660000;0.633550000
CVE-2020-6164;0.018000000;0.775980000
CVE-2020-6163;0.006990000;0.511840000
CVE-2020-6162;0.017370000;0.767630000
CVE-2020-6159;0.006410000;0.486520000
CVE-2020-6158;0.002820000;0.185460000
CVE-2020-6157;0.007210000;0.520550000
CVE-2020-6156;0.013470000;0.703020000
CVE-2020-6155;0.026690000;0.851670000
CVE-2020-6152;0.019430000;0.793320000
CVE-2020-6151;0.016230000;0.751450000
CVE-2020-6150;0.013470000;0.703020000
CVE-2020-6149;0.013470000;0.703010000
CVE-2020-6148;0.013470000;0.703010000
CVE-2020-6147;0.014500000;0.723070000
CVE-2020-6146;0.760890000;0.995180000
CVE-2020-6145;0.018030000;0.776390000
CVE-2020-6144;0.061720000;0.932460000
CVE-2020-6143;0.061720000;0.932460000
CVE-2020-6142;0.092400000;0.951860000
CVE-2020-6141;0.039380000;0.900200000
CVE-2020-6140;0.026340000;0.849500000
CVE-2020-6139;0.026340000;0.849500000
CVE-2020-6138;0.026340000;0.849510000
CVE-2020-6137;0.026340000;0.849510000
CVE-2020-6136;0.018030000;0.776390000
CVE-2020-6135;0.018030000;0.776390000
CVE-2020-6134;0.014030000;0.714450000
CVE-2020-6133;0.014030000;0.714450000
CVE-2020-6132;0.014030000;0.714460000
CVE-2020-6131;0.014030000;0.714490000
CVE-2020-6130;0.014030000;0.714480000
CVE-2020-6129;0.014030000;0.714480000
CVE-2020-6128;0.017660000;0.771610000
CVE-2020-6127;0.014030000;0.714460000
CVE-2020-6126;0.014030000;0.714480000
CVE-2020-6125;0.018030000;0.776390000
CVE-2020-6124;0.014030000;0.714460000
CVE-2020-6123;0.014030000;0.714470000
CVE-2020-6122;0.014030000;0.714470000
CVE-2020-6121;0.014030000;0.714480000
CVE-2020-6120;0.014030000;0.714450000
CVE-2020-6119;0.014030000;0.714460000
CVE-2020-6118;0.014030000;0.714470000
CVE-2020-6117;0.014030000;0.714490000
CVE-2020-6116;0.284240000;0.980670000
CVE-2020-6115;0.027310000;0.855200000
CVE-2020-6114;0.017270000;0.766280000
CVE-2020-6113;0.650190000;0.992290000
CVE-2020-6112;0.170930000;0.969810000
CVE-2020-6111;0.055550000;0.925710000
CVE-2020-6110;0.042640000;0.907260000
CVE-2020-6109;0.047230000;0.915150000
CVE-2020-6108;0.022130000;0.819170000
CVE-2020-6107;0.015080000;0.733730000
CVE-2020-6106;0.014960000;0.731370000
CVE-2020-6105;0.020970000;0.809170000
CVE-2020-6104;0.015030000;0.732710000
CVE-2020-6103;0.027060000;0.853820000
CVE-2020-6102;0.027060000;0.853820000
CVE-2020-6101;0.027060000;0.853820000
CVE-2020-6100;0.020240000;0.801950000
CVE-2020-6099;0.011780000;0.663860000
CVE-2020-6098;0.017630000;0.771230000
CVE-2020-6097;0.021540000;0.814220000
CVE-2020-6096;0.053540000;0.923520000
CVE-2020-6095;0.029440000;0.866090000
CVE-2020-6094;0.036870000;0.892980000
CVE-2020-6093;0.026500000;0.850360000
CVE-2020-6092;0.422680000;0.986530000
CVE-2020-6091;0.022980000;0.826010000
CVE-2020-6090;0.020560000;0.805080000
CVE-2020-6089;0.026690000;0.851670000
CVE-2020-6088;0.034540000;0.885870000
CVE-2020-6087;0.042630000;0.907240000
CVE-2020-6086;0.042630000;0.907240000
CVE-2020-6085;0.042630000;0.907250000
CVE-2020-6084;0.042630000;0.907240000
CVE-2020-6083;0.041890000;0.905820000
CVE-2020-6082;0.036870000;0.892970000
CVE-2020-6081;0.017570000;0.770360000
CVE-2020-6080;0.024360000;0.836340000
CVE-2020-6079;0.030860000;0.871980000
CVE-2020-6078;0.030860000;0.871980000
CVE-2020-6077;0.024570000;0.837820000
CVE-2020-6076;0.036870000;0.892970000
CVE-2020-6075;0.036870000;0.892970000
CVE-2020-6074;0.408790000;0.986120000
CVE-2020-6073;0.024570000;0.837820000
CVE-2020-6072;0.037270000;0.894190000
CVE-2020-6071;0.024570000;0.837820000
CVE-2020-6070;0.017300000;0.766740000
CVE-2020-6069;0.036870000;0.892990000
CVE-2020-6068;0.036870000;0.892990000
CVE-2020-6067;0.036870000;0.892990000
CVE-2020-6066;0.036870000;0.892980000
CVE-2020-6065;0.036870000;0.892980000
CVE-2020-6064;0.036870000;0.892980000
CVE-2020-6063;0.036870000;0.893000000
CVE-2020-6062;0.061020000;0.931800000
CVE-2020-6061;0.051160000;0.920830000
CVE-2020-6060;0.021970000;0.817860000
CVE-2020-6059;0.025670000;0.845180000
CVE-2020-6058;0.023880000;0.832660000
CVE-2020-6024;0.002650000;0.164900000
CVE-2020-6023;0.003370000;0.245540000
CVE-2020-6022;0.003100000;0.213540000
CVE-2020-6021;0.003040000;0.207190000
CVE-2020-6020;0.005130000;0.413440000
CVE-2020-6019;0.027910000;0.858680000
CVE-2020-6018;0.032340000;0.877860000
CVE-2020-6017;0.032340000;0.877860000
CVE-2020-6016;0.060000000;0.930750000
CVE-2020-6015;0.003420000;0.251520000
CVE-2020-6014;0.003880000;0.302530000
CVE-2020-6013;0.015510000;0.740850000
CVE-2020-6012;0.005210000;0.419090000
CVE-2020-6010;0.492310000;0.988490000
CVE-2020-6009;0.018400000;0.781230000
CVE-2020-6008;0.038480000;0.897670000
CVE-2020-6007;0.021140000;0.810720000
CVE-2020-5992;0.004770000;0.386710000
CVE-2020-5991;0.005010000;0.404420000
CVE-2020-5990;0.003770000;0.290790000
CVE-2020-5989;0.002890000;0.192860000
CVE-2020-5988;0.003060000;0.209180000
CVE-2020-5987;0.003230000;0.228080000
CVE-2020-5986;0.002750000;0.178270000
CVE-2020-5985;0.002800000;0.183770000
CVE-2020-5984;0.003660000;0.278270000
CVE-2020-5983;0.003220000;0.227010000
CVE-2020-5982;0.002810000;0.185060000
CVE-2020-5981;0.003590000;0.271450000
CVE-2020-5980;0.003760000;0.289290000
CVE-2020-5979;0.003230000;0.228080000
CVE-2020-5978;0.003230000;0.228080000
CVE-2020-5977;0.004300000;0.346830000
CVE-2020-5976;0.010900000;0.639850000
CVE-2020-5975;0.010900000;0.639850000
CVE-2020-5974;0.002820000;0.185600000
CVE-2020-5973;0.004040000;0.320760000
CVE-2020-5972;0.003150000;0.219240000
CVE-2020-5971;0.004090000;0.325650000
CVE-2020-5970;0.003150000;0.219250000
CVE-2020-5969;0.002050000;0.094260000
CVE-2020-5968;0.004310000;0.348790000
CVE-2020-5967;0.002720000;0.175730000
CVE-2020-5966;0.003750000;0.288500000
CVE-2020-5965;0.003520000;0.263430000
CVE-2020-5964;0.003460000;0.255800000
CVE-2020-5963;0.004710000;0.382660000
CVE-2020-5962;0.003230000;0.228270000
CVE-2020-5961;0.002740000;0.177670000
CVE-2020-5960;0.003020000;0.205570000
CVE-2020-5959;0.002740000;0.177660000
CVE-2020-5958;0.003700000;0.283030000
CVE-2020-5957;0.003200000;0.224950000
CVE-2020-5956;0.008060000;0.550430000
CVE-2020-5955;0.014130000;0.716210000
CVE-2020-5953;0.002840000;0.187330000
CVE-2020-5950;0.010560000;0.630330000
CVE-2020-5949;0.010440000;0.626840000
CVE-2020-5948;0.010250000;0.621290000
CVE-2020-5947;0.006970000;0.511000000
CVE-2020-5946;0.010440000;0.626860000
CVE-2020-5945;0.013270000;0.698570000
CVE-2020-5944;0.008240000;0.556430000
CVE-2020-5943;0.005300000;0.425240000
CVE-2020-5942;0.010140000;0.617930000
CVE-2020-5941;0.010440000;0.626860000
CVE-2020-5940;0.005210000;0.419200000
CVE-2020-5939;0.010140000;0.617950000
CVE-2020-5938;0.005300000;0.424760000
CVE-2020-5937;0.012730000;0.687070000
CVE-2020-5936;0.011030000;0.643700000
CVE-2020-5935;0.008080000;0.551230000
CVE-2020-5934;0.004540000;0.369030000
CVE-2020-5933;0.010620000;0.632130000
CVE-2020-5932;0.005170000;0.416350000
CVE-2020-5931;0.010450000;0.627170000
CVE-2020-5930;0.010920000;0.640380000
CVE-2020-5929;0.010880000;0.639410000
CVE-2020-5928;0.001820000;0.069530000
CVE-2020-5927;0.007660000;0.536670000
CVE-2020-5926;0.010440000;0.626800000
CVE-2020-5925;0.010140000;0.617950000
CVE-2020-5924;0.011170000;0.647410000
CVE-2020-5923;0.004960000;0.400880000
CVE-2020-5922;0.005930000;0.462070000
CVE-2020-5921;0.010440000;0.626870000
CVE-2020-5920;0.008590000;0.567980000
CVE-2020-5919;0.010440000;0.626770000
CVE-2020-5918;0.010440000;0.626850000
CVE-2020-5917;0.005230000;0.420420000
CVE-2020-5916;0.005330000;0.427100000
CVE-2020-5915;0.006410000;0.486450000
CVE-2020-5914;0.010530000;0.629380000
CVE-2020-5913;0.005000000;0.403530000
CVE-2020-5912;0.003210000;0.226370000
CVE-2020-5911;0.010060000;0.615350000
CVE-2020-5910;0.011540000;0.656830000
CVE-2020-5909;0.004000000;0.315850000
CVE-2020-5908;0.003330000;0.239250000
CVE-2020-5907;0.014310000;0.719700000
CVE-2020-5906;0.011850000;0.665580000
CVE-2020-5905;0.006810000;0.504620000
CVE-2020-5904;0.005570000;0.442320000
CVE-2020-5903;0.019720000;0.796120000
CVE-2020-5902;0.999990000;1.000000000
CVE-2020-5901;0.014660000;0.726320000
CVE-2020-5900;0.004520000;0.367340000
CVE-2020-5899;0.001850000;0.072570000
CVE-2020-5898;0.002610000;0.159590000
CVE-2020-5897;0.012020000;0.669750000
CVE-2020-5896;0.003000000;0.203860000
CVE-2020-5895;0.003040000;0.207830000
CVE-2020-5894;0.010190000;0.619250000
CVE-2020-5893;0.005750000;0.452140000
CVE-2020-5892;0.003050000;0.208360000
CVE-2020-5891;0.012710000;0.686580000
CVE-2020-5890;0.004750000;0.385870000
CVE-2020-5889;0.007200000;0.520250000
CVE-2020-5888;0.005990000;0.465180000
CVE-2020-5887;0.018480000;0.782270000
CVE-2020-5886;0.008290000;0.558220000
CVE-2020-5885;0.008290000;0.558230000
CVE-2020-5884;0.015350000;0.738050000
CVE-2020-5883;0.013090000;0.694600000
CVE-2020-5882;0.010440000;0.626890000
CVE-2020-5881;0.013090000;0.694590000
CVE-2020-5880;0.012610000;0.684430000
CVE-2020-5879;0.008120000;0.552390000
CVE-2020-5878;0.010440000;0.626820000
CVE-2020-5877;0.013090000;0.694590000
CVE-2020-5876;0.005860000;0.458120000
CVE-2020-5875;0.013090000;0.694610000
CVE-2020-5874;0.013090000;0.694600000
CVE-2020-5873;0.013860000;0.711090000
CVE-2020-5872;0.013090000;0.694590000
CVE-2020-5871;0.010440000;0.626800000
CVE-2020-5870;0.005230000;0.420430000
CVE-2020-5869;0.004850000;0.392890000
CVE-2020-5868;0.022480000;0.822040000
CVE-2020-5867;0.004100000;0.326290000
CVE-2020-5866;0.003400000;0.249180000
CVE-2020-5865;0.004000000;0.315560000
CVE-2020-5864;0.010590000;0.631140000
CVE-2020-5863;0.011510000;0.655960000
CVE-2020-5862;0.010960000;0.641980000
CVE-2020-5861;0.010440000;0.626790000
CVE-2020-5860;0.008490000;0.564440000
CVE-2020-5859;0.010440000;0.626780000
CVE-2020-5858;0.004530000;0.368490000
CVE-2020-5857;0.010440000;0.626780000
CVE-2020-5856;0.010440000;0.626790000
CVE-2020-5855;0.003290000;0.234250000
CVE-2020-5854;0.008080000;0.551230000
CVE-2020-5853;0.005210000;0.419160000
CVE-2020-5852;0.012040000;0.670080000
CVE-2020-5851;0.003320000;0.238730000
CVE-2020-5849;0.932430000;0.998330000
CVE-2020-5847;0.958440000;0.998720000
CVE-2020-5846;0.013990000;0.713740000
CVE-2020-5844;0.302540000;0.981660000
CVE-2020-5843;0.005470000;0.435540000
CVE-2020-5842;0.018160000;0.778210000
CVE-2020-5841;0.012360000;0.678540000
CVE-2020-5840;0.014940000;0.731170000
CVE-2020-5839;0.020140000;0.800940000
CVE-2020-5838;0.006890000;0.508090000
CVE-2020-5837;0.007460000;0.529460000
CVE-2020-5836;0.003740000;0.287500000
CVE-2020-5835;0.003160000;0.219920000
CVE-2020-5834;0.016920000;0.761660000
CVE-2020-5833;0.003590000;0.270920000
CVE-2020-5832;0.003830000;0.297160000
CVE-2020-5831;0.003540000;0.265630000
CVE-2020-5830;0.003540000;0.265620000
CVE-2020-5829;0.003540000;0.265630000
CVE-2020-5828;0.003540000;0.265630000
CVE-2020-5827;0.003540000;0.265630000
CVE-2020-5826;0.003360000;0.243670000
CVE-2020-5825;0.003630000;0.275520000
CVE-2020-5824;0.003360000;0.243670000
CVE-2020-5823;0.003890000;0.303710000
CVE-2020-5822;0.003890000;0.303710000
CVE-2020-5821;0.004270000;0.344050000
CVE-2020-5820;0.003890000;0.303710000
CVE-2020-5812;0.005150000;0.415110000
CVE-2020-5811;0.094810000;0.952710000
CVE-2020-5810;0.619540000;0.991500000
CVE-2020-5809;0.006850000;0.506710000
CVE-2020-5808;0.011110000;0.645860000
CVE-2020-5807;0.338360000;0.983420000
CVE-2020-5806;0.047760000;0.916000000
CVE-2020-5805;0.009090000;0.583450000
CVE-2020-5804;0.016600000;0.757040000
CVE-2020-5803;0.017270000;0.766240000
CVE-2020-5802;0.388280000;0.985410000
CVE-2020-5801;0.252190000;0.978680000
CVE-2020-5800;0.015810000;0.745270000
CVE-2020-5799;0.012490000;0.681700000
CVE-2020-5798;0.002950000;0.198820000
CVE-2020-5797;0.006570000;0.494270000
CVE-2020-5796;0.019520000;0.794240000
CVE-2020-5795;0.010680000;0.634190000
CVE-2020-5794;0.003710000;0.284810000
CVE-2020-5793;0.003970000;0.312810000
CVE-2020-5792;0.594620000;0.990940000
CVE-2020-5791;0.786320000;0.995750000
CVE-2020-5790;0.022540000;0.822450000
CVE-2020-5789;0.013580000;0.705540000
CVE-2020-5788;0.011910000;0.667170000
CVE-2020-5787;0.016690000;0.758190000
CVE-2020-5786;0.086220000;0.949190000
CVE-2020-5785;0.007420000;0.528090000
CVE-2020-5784;0.006820000;0.505070000
CVE-2020-5783;0.003620000;0.274800000
CVE-2020-5782;0.009870000;0.609050000
CVE-2020-5781;0.009020000;0.581270000
CVE-2020-5780;0.016340000;0.753190000
CVE-2020-5779;0.010560000;0.630210000
CVE-2020-5778;0.012770000;0.687780000
CVE-2020-5777;0.233030000;0.977070000
CVE-2020-5776;0.147250000;0.965610000
CVE-2020-5775;0.065310000;0.935570000
CVE-2020-5774;0.003470000;0.256750000
CVE-2020-5773;0.009940000;0.611140000
CVE-2020-5772;0.010520000;0.629270000
CVE-2020-5771;0.019520000;0.794320000
CVE-2020-5770;0.006910000;0.509000000
CVE-2020-5769;0.006360000;0.483900000
CVE-2020-5768;0.019660000;0.795570000
CVE-2020-5767;0.009170000;0.586250000
CVE-2020-5766;0.072330000;0.941160000
CVE-2020-5765;0.011030000;0.643720000
CVE-2020-5764;0.020370000;0.803110000
CVE-2020-5763;0.027260000;0.854920000
CVE-2020-5762;0.033610000;0.882780000
CVE-2020-5761;0.040930000;0.903790000
CVE-2020-5760;0.054700000;0.924730000
CVE-2020-5759;0.032040000;0.876620000
CVE-2020-5758;0.043750000;0.909380000
CVE-2020-5757;0.069260000;0.938780000
CVE-2020-5756;0.024730000;0.838900000
CVE-2020-5755;0.005010000;0.404450000
CVE-2020-5754;0.015470000;0.739950000
CVE-2020-5753;0.010750000;0.635770000
CVE-2020-5752;0.086070000;0.949130000
CVE-2020-5751;0.006660000;0.498120000
CVE-2020-5750;0.011410000;0.653180000
CVE-2020-5749;0.006660000;0.498130000
CVE-2020-5748;0.011320000;0.650970000
CVE-2020-5747;0.006660000;0.498120000
CVE-2020-5746;0.006660000;0.498130000
CVE-2020-5745;0.008270000;0.557550000
CVE-2020-5744;0.014060000;0.715000000
CVE-2020-5743;0.008210000;0.555450000
CVE-2020-5742;0.014150000;0.716670000
CVE-2020-5741;0.729360000;0.994370000
CVE-2020-5740;0.007470000;0.529900000
CVE-2020-5739;0.053390000;0.923380000
CVE-2020-5738;0.054240000;0.924260000
CVE-2020-5737;0.006220000;0.476800000
CVE-2020-5736;0.015850000;0.745890000
CVE-2020-5735;0.362170000;0.984290000
CVE-2020-5734;0.251490000;0.978640000
CVE-2020-5733;0.011840000;0.665200000
CVE-2020-5732;0.011840000;0.665200000
CVE-2020-5731;0.011430000;0.653550000
CVE-2020-5730;0.011430000;0.653560000
CVE-2020-5729;0.011430000;0.653560000
CVE-2020-5728;0.011430000;0.653560000
CVE-2020-5727;0.003890000;0.303360000
CVE-2020-5726;0.043320000;0.908470000
CVE-2020-5725;0.017520000;0.769810000
CVE-2020-5724;0.121640000;0.960210000
CVE-2020-5723;0.058940000;0.929680000
CVE-2020-5722;0.844060000;0.996940000
CVE-2020-5721;0.003820000;0.295740000
CVE-2020-5720;0.010610000;0.631720000
CVE-2020-5686;0.011640000;0.659540000
CVE-2020-5685;0.018030000;0.776430000
CVE-2020-5684;0.003350000;0.243210000
CVE-2020-5683;0.030180000;0.869270000
CVE-2020-5682;0.019840000;0.797410000
CVE-2020-5681;0.008770000;0.573860000
CVE-2020-5680;0.013840000;0.710730000
CVE-2020-5679;0.006630000;0.496640000
CVE-2020-5678;0.011610000;0.658800000
CVE-2020-5677;0.011610000;0.658820000
CVE-2020-5676;0.017920000;0.774960000
CVE-2020-5675;0.028200000;0.860230000
CVE-2020-5674;0.003450000;0.254040000
CVE-2020-5669;0.006050000;0.468010000
CVE-2020-5668;0.049350000;0.918330000
CVE-2020-5667;0.002740000;0.177630000
CVE-2020-5666;0.087540000;0.949870000
CVE-2020-5665;0.010280000;0.622100000
CVE-2020-5664;0.027250000;0.854850000
CVE-2020-5663;0.006930000;0.509780000
CVE-2020-5662;0.008200000;0.555310000
CVE-2020-5659;0.011540000;0.656890000
CVE-2020-5658;0.029200000;0.865020000
CVE-2020-5657;0.010630000;0.632190000
CVE-2020-5656;0.029690000;0.867120000
CVE-2020-5655;0.029450000;0.866150000
CVE-2020-5654;0.027360000;0.855470000
CVE-2020-5653;0.032090000;0.876810000
CVE-2020-5652;0.035720000;0.889500000
CVE-2020-5651;0.015060000;0.733230000
CVE-2020-5650;0.009430000;0.594640000
CVE-2020-5649;0.041370000;0.904820000
CVE-2020-5648;0.034740000;0.886600000
CVE-2020-5647;0.042060000;0.906140000
CVE-2020-5646;0.041730000;0.905450000
CVE-2020-5645;0.038770000;0.898430000
CVE-2020-5644;0.045440000;0.912420000
CVE-2020-5643;0.016890000;0.761240000
CVE-2020-5642;0.008180000;0.554340000
CVE-2020-5641;0.006360000;0.483590000
CVE-2020-5640;0.024840000;0.839590000
CVE-2020-5639;0.050700000;0.920240000
CVE-2020-5638;0.007810000;0.541670000
CVE-2020-5637;0.003760000;0.289920000
CVE-2020-5636;0.007630000;0.535530000
CVE-2020-5635;0.010650000;0.633470000
CVE-2020-5634;0.006140000;0.473050000
CVE-2020-5633;0.031830000;0.875760000
CVE-2020-5632;0.003970000;0.312600000
CVE-2020-5631;0.010300000;0.622680000
CVE-2020-5629;0.009970000;0.612420000
CVE-2020-5628;0.009970000;0.612420000
CVE-2020-5627;0.008640000;0.569710000
CVE-2020-5626;0.021560000;0.814350000
CVE-2020-5625;0.010300000;0.622680000
CVE-2020-5624;0.014050000;0.714850000
CVE-2020-5623;0.008420000;0.562250000
CVE-2020-5622;0.012960000;0.692040000
CVE-2020-5621;0.007890000;0.544350000
CVE-2020-5620;0.006350000;0.483260000
CVE-2020-5619;0.006640000;0.497030000
CVE-2020-5617;0.003390000;0.247950000
CVE-2020-5616;0.030640000;0.871100000
CVE-2020-5615;0.006990000;0.511820000
CVE-2020-5614;0.022120000;0.819120000
CVE-2020-5613;0.010820000;0.637890000
CVE-2020-5612;0.010600000;0.631490000
CVE-2020-5611;0.011630000;0.659250000
CVE-2020-5610;0.013690000;0.707680000
CVE-2020-5609;0.020650000;0.806020000
CVE-2020-5608;0.015870000;0.746120000
CVE-2020-5607;0.012040000;0.670060000
CVE-2020-5606;0.007810000;0.541670000
CVE-2020-5605;0.010540000;0.629790000
CVE-2020-5604;0.019960000;0.798800000
CVE-2020-5603;0.013310000;0.699540000
CVE-2020-5602;0.014310000;0.719720000
CVE-2020-5601;0.015870000;0.746120000
CVE-2020-5600;0.020220000;0.801680000
CVE-2020-5599;0.034890000;0.887090000
CVE-2020-5598;0.018070000;0.776940000
CVE-2020-5597;0.020400000;0.803340000
CVE-2020-5596;0.016350000;0.753360000
CVE-2020-5595;0.024520000;0.837530000
CVE-2020-5594;0.012960000;0.691800000
CVE-2020-5593;0.011660000;0.660160000
CVE-2020-5592;0.007810000;0.541680000
CVE-2020-5591;0.016390000;0.753820000
CVE-2020-5590;0.020590000;0.805370000
CVE-2020-5589;0.005810000;0.455260000
CVE-2020-5588;0.010380000;0.625140000
CVE-2020-5587;0.010680000;0.634140000
CVE-2020-5586;0.005280000;0.423900000
CVE-2020-5585;0.005280000;0.423910000
CVE-2020-5584;0.013320000;0.699700000
CVE-2020-5583;0.010300000;0.622630000
CVE-2020-5582;0.008100000;0.551840000
CVE-2020-5581;0.018000000;0.776030000
CVE-2020-5580;0.010990000;0.642740000
CVE-2020-5579;0.011900000;0.666750000
CVE-2020-5577;0.017330000;0.767060000
CVE-2020-5576;0.008430000;0.562400000
CVE-2020-5575;0.009500000;0.597160000
CVE-2020-5574;0.012060000;0.670780000
CVE-2020-5573;0.003350000;0.242610000
CVE-2020-5572;0.003350000;0.242610000
CVE-2020-5571;0.012030000;0.669830000
CVE-2020-5570;0.008490000;0.564490000
CVE-2020-5569;0.003600000;0.272730000
CVE-2020-5568;0.007810000;0.541660000
CVE-2020-5567;0.014340000;0.720200000
CVE-2020-5566;0.010580000;0.630850000
CVE-2020-5565;0.007730000;0.539040000
CVE-2020-5564;0.007810000;0.541680000
CVE-2020-5563;0.011540000;0.656940000
CVE-2020-5562;0.009070000;0.582830000
CVE-2020-5561;0.022740000;0.823950000
CVE-2020-5560;0.022740000;0.823950000
CVE-2020-5559;0.007730000;0.539240000
CVE-2020-5558;0.020500000;0.804460000
CVE-2020-5557;0.007730000;0.539230000
CVE-2020-5556;0.022740000;0.823940000
CVE-2020-5555;0.012830000;0.689070000
CVE-2020-5554;0.019350000;0.792370000
CVE-2020-5553;0.022740000;0.823950000
CVE-2020-5552;0.007730000;0.539230000
CVE-2020-5551;0.013970000;0.713170000
CVE-2020-5550;0.019070000;0.789280000
CVE-2020-5549;0.009090000;0.583470000
CVE-2020-5548;0.014190000;0.717370000
CVE-2020-5547;0.023260000;0.828180000
CVE-2020-5546;0.009010000;0.580770000
CVE-2020-5545;0.023450000;0.829650000
CVE-2020-5544;0.024150000;0.834780000
CVE-2020-5543;0.022050000;0.818480000
CVE-2020-5542;0.023260000;0.828180000
CVE-2020-5541;0.013930000;0.712550000
CVE-2020-5540;0.015010000;0.732430000
CVE-2020-5539;0.008420000;0.562110000
CVE-2020-5538;0.003830000;0.296980000
CVE-2020-5537;0.029320000;0.865580000
CVE-2020-5536;0.005780000;0.453710000
CVE-2020-5535;0.008550000;0.566770000
CVE-2020-5534;0.008700000;0.571720000
CVE-2020-5533;0.008010000;0.548590000
CVE-2020-5532;0.009220000;0.587370000
CVE-2020-5531;0.020250000;0.802010000
CVE-2020-5530;0.008180000;0.554330000
CVE-2020-5529;0.047190000;0.915100000
CVE-2020-5528;0.008390000;0.561410000
CVE-2020-5527;0.013650000;0.706900000
CVE-2020-5526;0.004970000;0.401710000
CVE-2020-5525;0.008700000;0.571720000
CVE-2020-5524;0.010190000;0.619030000
CVE-2020-5523;0.011750000;0.662830000
CVE-2020-5522;0.005200000;0.418520000
CVE-2020-5521;0.005200000;0.418510000
CVE-2020-5520;0.005200000;0.418510000
CVE-2020-5519;0.011970000;0.668400000
CVE-2020-5517;0.006390000;0.485330000
CVE-2020-5515;0.265460000;0.979490000
CVE-2020-5514;0.441070000;0.987120000
CVE-2020-5513;0.257920000;0.979070000
CVE-2020-5512;0.188940000;0.972040000
CVE-2020-5511;0.017400000;0.768040000
CVE-2020-5510;0.021120000;0.810560000
CVE-2020-5509;0.058080000;0.928740000
CVE-2020-5505;0.443200000;0.987180000
CVE-2020-5504;0.387780000;0.985400000
CVE-2020-5502;0.004350000;0.352860000
CVE-2020-5501;0.003750000;0.288700000
CVE-2020-5499;0.031630000;0.874960000
CVE-2020-5497;0.021330000;0.812480000
CVE-2020-5496;0.023650000;0.831130000
CVE-2020-5428;0.005140000;0.414290000
CVE-2020-5427;0.010600000;0.631350000
CVE-2020-5426;0.007080000;0.515600000
CVE-2020-5425;0.007270000;0.522860000
CVE-2020-5423;0.011450000;0.654130000
CVE-2020-5422;0.009170000;0.586110000
CVE-2020-5421;0.107360000;0.956800000
CVE-2020-5420;0.011830000;0.665130000
CVE-2020-5419;0.004520000;0.367040000
CVE-2020-5418;0.005750000;0.452330000
CVE-2020-5417;0.009860000;0.608690000
CVE-2020-5416;0.012450000;0.680680000
CVE-2020-5415;0.012170000;0.673930000
CVE-2020-5414;0.007070000;0.515270000
CVE-2020-5413;0.044090000;0.909860000
CVE-2020-5412;0.102140000;0.955200000
CVE-2020-5411;0.016560000;0.756240000
CVE-2020-5410;0.955860000;0.998690000
CVE-2020-5409;0.009070000;0.582920000
CVE-2020-5408;0.015940000;0.747200000
CVE-2020-5407;0.011990000;0.668900000
CVE-2020-5406;0.010120000;0.617360000
CVE-2020-5405;0.687600000;0.993240000
CVE-2020-5404;0.006530000;0.492450000
CVE-2020-5403;0.011460000;0.654510000
CVE-2020-5402;0.004860000;0.394150000
CVE-2020-5401;0.010370000;0.624720000
CVE-2020-5400;0.007530000;0.531960000
CVE-2020-5399;0.005270000;0.423600000
CVE-2020-5398;0.887680000;0.997730000
CVE-2020-5397;0.024280000;0.835790000
CVE-2020-5396;0.018910000;0.787430000
CVE-2020-5395;0.024780000;0.839270000
CVE-2020-5393;0.007090000;0.516030000
CVE-2020-5392;0.013180000;0.696750000
CVE-2020-5391;0.008450000;0.562870000
CVE-2020-5390;0.012230000;0.675640000
CVE-2020-5389;0.009440000;0.594820000
CVE-2020-5388;0.002730000;0.176390000
CVE-2020-5387;0.002980000;0.201820000
CVE-2020-5386;0.012560000;0.683280000
CVE-2020-5385;0.001830000;0.070890000
CVE-2020-5384;0.003880000;0.303040000
CVE-2020-5383;0.010220000;0.619910000
CVE-2020-5379;0.003970000;0.312340000
CVE-2020-5378;0.003900000;0.305000000
CVE-2020-5377;0.483320000;0.988250000
CVE-2020-5376;0.003900000;0.305000000
CVE-2020-5374;0.010400000;0.625410000
CVE-2020-5373;0.013870000;0.711290000
CVE-2020-5372;0.009440000;0.595100000
CVE-2020-5371;0.011520000;0.656480000
CVE-2020-5370;0.014510000;0.723120000
CVE-2020-5369;0.012140000;0.673090000
CVE-2020-5368;0.019900000;0.798130000
CVE-2020-5367;0.005940000;0.462540000
CVE-2020-5366;0.018080000;0.777100000
CVE-2020-5365;0.009940000;0.611200000
CVE-2020-5364;0.009850000;0.608650000
CVE-2020-5363;0.003240000;0.229510000
CVE-2020-5362;0.002900000;0.193620000
CVE-2020-5361;0.003830000;0.297410000
CVE-2020-5360;0.022330000;0.820850000
CVE-2020-5359;0.012900000;0.690480000
CVE-2020-5358;0.001910000;0.078820000
CVE-2020-5357;0.002640000;0.164090000
CVE-2020-5356;0.012730000;0.686990000
CVE-2020-5355;0.004210000;0.338820000
CVE-2020-5353;0.009910000;0.610330000
CVE-2020-5352;0.029110000;0.864620000
CVE-2020-5351;0.010640000;0.632800000
CVE-2020-5350;0.019750000;0.796450000
CVE-2020-5349;0.012340000;0.677990000
CVE-2020-5348;0.003790000;0.292130000
CVE-2020-5347;0.010440000;0.626880000
CVE-2020-5346;0.006440000;0.488060000
CVE-2020-5345;0.007480000;0.530100000
CVE-2020-5344;0.038420000;0.897540000
CVE-2020-5343;0.002730000;0.176520000
CVE-2020-5342;0.004400000;0.357600000
CVE-2020-5341;0.042540000;0.907070000
CVE-2020-5340;0.006690000;0.499300000
CVE-2020-5339;0.006690000;0.499310000
CVE-2020-5337;0.007540000;0.532290000
CVE-2020-5336;0.007050000;0.514490000
CVE-2020-5335;0.004570000;0.371000000
CVE-2020-5334;0.008620000;0.569170000
CVE-2020-5333;0.007950000;0.546370000
CVE-2020-5332;0.022480000;0.821980000
CVE-2020-5331;0.007200000;0.520060000
CVE-2020-5330;0.132550000;0.962560000
CVE-2020-5329;0.008580000;0.567720000
CVE-2020-5328;0.013870000;0.711430000
CVE-2020-5327;0.037160000;0.893870000
CVE-2020-5326;0.003490000;0.259830000
CVE-2020-5324;0.002520000;0.150260000
CVE-2020-5323;0.010110000;0.616900000
CVE-2020-5322;0.023450000;0.829700000
CVE-2020-5321;0.009380000;0.592970000
CVE-2020-5320;0.009290000;0.590130000
CVE-2020-5319;0.014020000;0.714310000
CVE-2020-5318;0.011260000;0.649630000
CVE-2020-5317;0.006220000;0.477240000
CVE-2020-5316;0.002940000;0.197910000
CVE-2020-5315;0.002050000;0.093940000
CVE-2020-5313;0.027520000;0.856370000
CVE-2020-5312;0.036900000;0.893070000
CVE-2020-5311;0.042120000;0.906320000
CVE-2020-5310;0.019750000;0.796410000
CVE-2020-5308;0.013250000;0.698070000
CVE-2020-5307;0.156520000;0.967360000
CVE-2020-5306;0.011200000;0.648050000
CVE-2020-5305;0.005720000;0.450480000
CVE-2020-5304;0.009950000;0.611480000
CVE-2020-5303;0.013690000;0.707850000
CVE-2020-5302;0.008950000;0.579240000
CVE-2020-5301;0.009220000;0.587330000
CVE-2020-5300;0.010280000;0.621920000
CVE-2020-5299;0.010020000;0.613820000
CVE-2020-5298;0.009090000;0.583510000
CVE-2020-5297;0.011800000;0.664480000
CVE-2020-5296;0.014290000;0.719320000
CVE-2020-5295;0.073710000;0.942060000
CVE-2020-5294;0.006830000;0.505740000
CVE-2020-5293;0.006640000;0.497310000
CVE-2020-5292;0.014050000;0.714750000
CVE-2020-5291;0.009040000;0.581830000
CVE-2020-5290;0.008160000;0.553520000
CVE-2020-5289;0.012510000;0.682070000
CVE-2020-5288;0.006630000;0.496830000
CVE-2020-5287;0.006630000;0.496830000
CVE-2020-5286;0.006610000;0.495890000
CVE-2020-5285;0.008090000;0.551490000
CVE-2020-5284;0.443340000;0.987190000
CVE-2020-5283;0.012160000;0.673740000
CVE-2020-5282;0.011720000;0.661560000
CVE-2020-5281;0.013620000;0.706400000
CVE-2020-5280;0.069850000;0.939230000
CVE-2020-5279;0.008120000;0.552460000
CVE-2020-5278;0.008090000;0.551490000
CVE-2020-5277;0.006970000;0.511260000
CVE-2020-5276;0.008090000;0.551480000
CVE-2020-5275;0.011480000;0.654730000
CVE-2020-5274;0.011970000;0.668470000
CVE-2020-5273;0.006970000;0.511260000
CVE-2020-5272;0.008470000;0.563900000
CVE-2020-5271;0.008090000;0.551480000
CVE-2020-5270;0.008320000;0.559160000
CVE-2020-5269;0.008090000;0.551490000
CVE-2020-5268;0.010860000;0.639180000
CVE-2020-5267;0.015250000;0.736280000
CVE-2020-5266;0.006380000;0.484660000
CVE-2020-5265;0.007550000;0.532810000
CVE-2020-5264;0.007550000;0.532810000
CVE-2020-5263;0.008710000;0.571870000
CVE-2020-5262;0.005450000;0.434710000
CVE-2020-5261;0.014960000;0.731380000
CVE-2020-5260;0.100470000;0.954680000
CVE-2020-5259;0.020180000;0.801340000
CVE-2020-5258;0.040230000;0.902270000
CVE-2020-5257;0.009000000;0.580420000
CVE-2020-5256;0.019690000;0.795870000
CVE-2020-5255;0.012970000;0.692120000
CVE-2020-5254;0.011320000;0.651010000
CVE-2020-5253;0.005430000;0.433100000
CVE-2020-5252;0.003660000;0.279180000
CVE-2020-5251;0.008490000;0.564290000
CVE-2020-5250;0.008510000;0.565090000
CVE-2020-5249;0.015710000;0.743690000
CVE-2020-5248;0.015290000;0.736860000
CVE-2020-5247;0.025490000;0.844010000
CVE-2020-5246;0.008520000;0.565660000
CVE-2020-5245;0.030060000;0.868820000
CVE-2020-5244;0.024430000;0.836790000
CVE-2020-5243;0.022610000;0.822910000
CVE-2020-5242;0.019730000;0.796250000
CVE-2020-5241;0.006270000;0.479480000
CVE-2020-5240;0.009990000;0.612800000
CVE-2020-5239;0.008900000;0.577530000
CVE-2020-5238;0.015660000;0.743080000
CVE-2020-5237;0.039290000;0.899930000
CVE-2020-5236;0.023630000;0.830990000
CVE-2020-5235;0.017260000;0.766140000
CVE-2020-5234;0.015780000;0.744780000
CVE-2020-5233;0.013040000;0.693650000
CVE-2020-5232;0.011810000;0.664670000
CVE-2020-5231;0.006250000;0.478500000
CVE-2020-5230;0.011680000;0.660670000
CVE-2020-5229;0.006260000;0.478680000
CVE-2020-5228;0.009770000;0.606410000
CVE-2020-5227;0.021820000;0.816450000
CVE-2020-5226;0.005440000;0.433820000
CVE-2020-5225;0.006590000;0.495050000
CVE-2020-5224;0.005270000;0.423070000
CVE-2020-5223;0.006580000;0.494530000
CVE-2020-5222;0.009390000;0.593460000
CVE-2020-5221;0.011620000;0.658990000
CVE-2020-5220;0.007370000;0.526460000
CVE-2020-5219;0.023930000;0.833060000
CVE-2020-5218;0.005950000;0.462770000
CVE-2020-5217;0.018300000;0.779910000
CVE-2020-5216;0.010790000;0.636660000
CVE-2020-5215;0.005880000;0.459500000
CVE-2020-5214;0.010770000;0.636300000
CVE-2020-5213;0.010670000;0.633830000
CVE-2020-5212;0.010670000;0.633830000
CVE-2020-5211;0.010770000;0.636290000
CVE-2020-5210;0.008020000;0.548820000
CVE-2020-5209;0.008100000;0.551680000
CVE-2020-5208;0.032900000;0.880270000
CVE-2020-5207;0.007620000;0.535500000
CVE-2020-5206;0.012930000;0.691310000
CVE-2020-5205;0.007700000;0.538200000
CVE-2020-5204;0.010790000;0.636740000
CVE-2020-5203;0.021370000;0.812760000
CVE-2020-5202;0.004650000;0.377400000
CVE-2020-5200;0.001750000;0.062230000
CVE-2020-5197;0.007490000;0.530480000
CVE-2020-5196;0.012040000;0.670180000
CVE-2020-5195;0.012160000;0.673620000
CVE-2020-5194;0.006760000;0.502810000
CVE-2020-5193;0.009230000;0.588040000
CVE-2020-5192;0.168100000;0.969410000
CVE-2020-5191;0.055200000;0.925260000
CVE-2020-5188;0.018510000;0.782590000
CVE-2020-5187;0.023940000;0.833130000
CVE-2020-5186;0.008810000;0.574970000
CVE-2020-5183;0.020130000;0.800840000
CVE-2020-5182;0.010470000;0.627860000
CVE-2020-5180;0.004020000;0.318580000
CVE-2020-5179;0.028400000;0.861210000
CVE-2020-5148;0.008860000;0.576210000
CVE-2020-5147;0.016580000;0.756560000
CVE-2020-5146;0.018830000;0.786410000
CVE-2020-5145;0.012430000;0.680250000
CVE-2020-5144;0.005760000;0.452930000
CVE-2020-5143;0.015920000;0.746950000
CVE-2020-5142;0.012430000;0.680220000
CVE-2020-5141;0.012770000;0.687810000
CVE-2020-5140;0.017630000;0.771230000
CVE-2020-5139;0.017630000;0.771240000
CVE-2020-5138;0.017690000;0.772160000
CVE-2020-5137;0.017540000;0.769960000
CVE-2020-5136;0.011180000;0.647550000
CVE-2020-5135;0.268690000;0.979700000
CVE-2020-5134;0.011240000;0.649040000
CVE-2020-5133;0.017540000;0.769950000
CVE-2020-5132;0.009850000;0.608360000
CVE-2020-5131;0.005480000;0.436170000
CVE-2020-5130;0.012510000;0.682070000
CVE-2020-5129;0.013000000;0.692940000
CVE-2020-5032;0.005180000;0.416780000
CVE-2020-5031;0.004950000;0.400630000
CVE-2020-5030;0.004950000;0.400600000
CVE-2020-5026;0.007460000;0.529410000
CVE-2020-5025;0.005640000;0.446710000
CVE-2020-5024;0.020190000;0.801390000
CVE-2020-5023;0.023130000;0.827210000
CVE-2020-5022;0.009990000;0.612820000
CVE-2020-5021;0.002430000;0.139450000
CVE-2020-5020;0.008860000;0.576350000
CVE-2020-5019;0.013220000;0.697480000
CVE-2020-5018;0.006710000;0.500230000
CVE-2020-5017;0.002830000;0.186730000
CVE-2020-5016;0.022520000;0.822270000
CVE-2020-5015;0.024660000;0.838420000
CVE-2020-5014;0.008680000;0.571100000
CVE-2020-5013;0.014670000;0.726460000
CVE-2020-5008;0.008680000;0.570870000
CVE-2020-5004;0.004950000;0.400620000
CVE-2020-5003;0.018360000;0.780710000
CVE-2020-5002;0.005830000;0.456280000
CVE-2020-5001;0.010190000;0.619130000
CVE-2020-5000;0.004710000;0.382020000
CVE-2020-4997;0.005020000;0.404770000
CVE-2020-4996;0.003680000;0.281250000
CVE-2020-4995;0.011500000;0.655760000
CVE-2020-4994;0.014980000;0.731750000
CVE-2020-4993;0.012580000;0.683910000
CVE-2020-4992;0.004000000;0.315750000
CVE-2020-4990;0.011200000;0.648140000
CVE-2020-4989;0.007040000;0.513850000
CVE-2020-4988;0.015120000;0.734260000
CVE-2020-4987;0.004950000;0.400640000
CVE-2020-4985;0.009820000;0.607720000
CVE-2020-4983;0.004370000;0.355120000
CVE-2020-4981;0.002230000;0.116410000
CVE-2020-4980;0.002710000;0.173140000
CVE-2020-4979;0.016040000;0.748600000
CVE-2020-4977;0.004950000;0.400640000
CVE-2020-4976;0.003390000;0.247820000
CVE-2020-4975;0.005980000;0.464670000
CVE-2020-4974;0.005980000;0.464770000
CVE-2020-4970;0.007250000;0.521820000
CVE-2020-4969;0.006660000;0.498260000
CVE-2020-4968;0.003220000;0.227370000
CVE-2020-4967;0.007420000;0.528040000
CVE-2020-4966;0.014280000;0.719130000
CVE-2020-4965;0.007190000;0.519900000
CVE-2020-4964;0.006380000;0.484620000
CVE-2020-4958;0.016960000;0.762150000
CVE-2020-4957;0.008990000;0.580230000
CVE-2020-4956;0.004650000;0.377610000
CVE-2020-4955;0.006960000;0.510700000
CVE-2020-4954;0.005920000;0.461100000
CVE-2020-4953;0.011850000;0.665560000
CVE-2020-4952;0.019840000;0.797440000
CVE-2020-4951;0.002740000;0.177900000
CVE-2020-4949;0.047540000;0.915650000
CVE-2020-4945;0.010400000;0.625710000
CVE-2020-4944;0.001550000;0.039550000
CVE-2020-4942;0.005250000;0.421910000
CVE-2020-4941;0.007270000;0.522740000
CVE-2020-4938;0.003970000;0.312720000
CVE-2020-4937;0.007920000;0.545620000
CVE-2020-4935;0.004950000;0.400540000
CVE-2020-4934;0.018220000;0.778900000
CVE-2020-4933;0.005570000;0.441440000
CVE-2020-4932;0.001720000;0.058780000
CVE-2020-4931;0.012210000;0.674780000
CVE-2020-4929;0.004950000;0.400550000
CVE-2020-4928;0.003530000;0.263570000
CVE-2020-4927;0.003470000;0.256780000
CVE-2020-4926;0.006990000;0.512010000
CVE-2020-4925;0.002290000;0.122960000
CVE-2020-4921;0.015010000;0.732560000
CVE-2020-4920;0.006200000;0.476220000
CVE-2020-4919;0.006230000;0.477480000
CVE-2020-4918;0.002940000;0.196730000
CVE-2020-4917;0.004250000;0.342580000
CVE-2020-4916;0.006540000;0.492570000
CVE-2020-4914;0.001480000;0.033780000
CVE-2020-4913;0.003020000;0.205890000
CVE-2020-4912;0.010530000;0.629640000
CVE-2020-4910;0.005450000;0.434590000
CVE-2020-4909;0.005450000;0.434590000
CVE-2020-4908;0.010670000;0.633890000
CVE-2020-4907;0.012990000;0.692710000
CVE-2020-4906;0.003240000;0.229160000
CVE-2020-4905;0.012730000;0.686950000
CVE-2020-4904;0.004820000;0.390690000
CVE-2020-4903;0.007470000;0.529930000
CVE-2020-4902;0.009680000;0.603120000
CVE-2020-4901;0.010780000;0.636420000
CVE-2020-4900;0.002890000;0.192550000
CVE-2020-4899;0.007620000;0.535130000
CVE-2020-4898;0.007830000;0.542190000
CVE-2020-4897;0.015780000;0.744820000
CVE-2020-4896;0.008120000;0.552420000
CVE-2020-4895;0.005540000;0.440160000
CVE-2020-4893;0.006490000;0.490290000
CVE-2020-4892;0.005540000;0.440150000
CVE-2020-4891;0.002410000;0.136580000
CVE-2020-4890;0.002410000;0.137320000
CVE-2020-4889;0.002880000;0.190870000
CVE-2020-4888;0.619640000;0.991510000
CVE-2020-4887;0.003050000;0.208030000
CVE-2020-4886;0.003240000;0.229150000
CVE-2020-4885;0.002900000;0.193010000
CVE-2020-4884;0.001720000;0.059090000
CVE-2020-4883;0.007870000;0.543820000
CVE-2020-4882;0.007110000;0.516590000
CVE-2020-4881;0.009200000;0.586950000
CVE-2020-4879;0.014810000;0.729040000
CVE-2020-4877;0.008980000;0.579980000
CVE-2020-4876;0.017260000;0.766190000
CVE-2020-4875;0.017260000;0.766190000
CVE-2020-4874;0.002700000;0.171700000
CVE-2020-4873;0.009990000;0.612830000
CVE-2020-4871;0.003240000;0.229170000
CVE-2020-4870;0.017160000;0.764990000
CVE-2020-4869;0.018140000;0.777950000
CVE-2020-4868;0.007020000;0.513510000
CVE-2020-4866;0.005980000;0.464680000
CVE-2020-4865;0.006650000;0.497450000
CVE-2020-4864;0.004460000;0.362900000
CVE-2020-4863;0.005980000;0.464680000
CVE-2020-4857;0.007330000;0.524900000
CVE-2020-4856;0.005980000;0.464680000
CVE-2020-4855;0.006650000;0.497450000
CVE-2020-4854;0.024300000;0.835950000
CVE-2020-4851;0.002790000;0.182410000
CVE-2020-4850;0.009710000;0.604090000
CVE-2020-4849;0.008150000;0.553200000
CVE-2020-4848;0.005820000;0.456110000
CVE-2020-4846;0.009780000;0.606480000
CVE-2020-4845;0.005610000;0.444300000
CVE-2020-4843;0.005010000;0.404580000
CVE-2020-4842;0.011070000;0.644630000
CVE-2020-4841;0.012060000;0.670690000
CVE-2020-4840;0.009080000;0.583120000
CVE-2020-4839;0.015190000;0.735350000
CVE-2020-4838;0.006050000;0.468180000
CVE-2020-4832;0.003320000;0.238430000
CVE-2020-4831;0.007730000;0.538840000
CVE-2020-4829;0.003510000;0.261810000
CVE-2020-4828;0.008120000;0.552420000
CVE-2020-4827;0.003980000;0.314260000
CVE-2020-4826;0.003980000;0.314260000
CVE-2020-4825;0.006650000;0.497450000
CVE-2020-4821;0.020020000;0.799450000
CVE-2020-4820;0.007210000;0.520500000
CVE-2020-4816;0.011510000;0.655980000
CVE-2020-4815;0.012840000;0.689160000
CVE-2020-4811;0.007250000;0.522030000
CVE-2020-4809;0.002490000;0.145630000
CVE-2020-4805;0.002490000;0.145620000
CVE-2020-4803;0.002490000;0.145630000
CVE-2020-4799;0.003660000;0.278980000
CVE-2020-4795;0.017430000;0.768360000
CVE-2020-4794;0.008490000;0.564330000
CVE-2020-4792;0.005020000;0.404770000
CVE-2020-4791;0.003030000;0.206390000
CVE-2020-4790;0.006030000;0.467010000
CVE-2020-4789;0.025530000;0.844230000
CVE-2020-4788;0.003920000;0.306460000
CVE-2020-4787;0.002900000;0.193660000
CVE-2020-4786;0.006010000;0.466060000
CVE-2020-4785;0.006730000;0.501470000
CVE-2020-4783;0.012060000;0.670690000
CVE-2020-4782;0.025650000;0.845020000
CVE-2020-4781;0.013950000;0.712890000
CVE-2020-4780;0.009980000;0.612470000
CVE-2020-4779;0.011140000;0.646710000
CVE-2020-4778;0.007920000;0.545620000
CVE-2020-4776;0.020020000;0.799490000
CVE-2020-4775;0.005610000;0.444330000
CVE-2020-4774;0.008320000;0.558960000
CVE-2020-4773;0.005950000;0.462670000
CVE-2020-4772;0.014640000;0.725780000
CVE-2020-4771;0.015640000;0.742800000
CVE-2020-4768;0.004820000;0.390970000
CVE-2020-4767;0.016020000;0.748210000
CVE-2020-4766;0.014690000;0.726890000
CVE-2020-4765;0.002490000;0.145630000
CVE-2020-4764;0.004030000;0.319750000
CVE-2020-4763;0.010010000;0.613740000
CVE-2020-4762;0.013130000;0.695410000
CVE-2020-4761;0.012840000;0.689160000
CVE-2020-4760;0.008610000;0.568850000
CVE-2020-4759;0.020080000;0.800460000
CVE-2020-4757;0.012920000;0.691050000
CVE-2020-4756;0.003530000;0.263870000
CVE-2020-4755;0.005610000;0.444340000
CVE-2020-4749;0.010010000;0.613740000
CVE-2020-4748;0.007300000;0.523780000
CVE-2020-4747;0.020460000;0.804060000
CVE-2020-4741;0.005610000;0.444390000
CVE-2020-4740;0.006710000;0.500050000
CVE-2020-4739;0.004690000;0.380930000
CVE-2020-4733;0.005540000;0.440150000
CVE-2020-4732;0.008010000;0.548500000
CVE-2020-4731;0.007300000;0.523770000
CVE-2020-4729;0.006480000;0.489870000
CVE-2020-4727;0.008970000;0.579660000
CVE-2020-4726;0.003010000;0.204250000
CVE-2020-4725;0.007340000;0.525090000
CVE-2020-4724;0.015460000;0.739910000
CVE-2020-4723;0.015460000;0.739910000
CVE-2020-4722;0.015460000;0.739900000
CVE-2020-4721;0.015460000;0.739910000
CVE-2020-4719;0.009230000;0.587930000
CVE-2020-4718;0.005610000;0.444320000
CVE-2020-4717;0.003230000;0.228490000
CVE-2020-4711;0.026060000;0.847770000
CVE-2020-4708;0.009810000;0.607470000
CVE-2020-4707;0.004950000;0.400540000
CVE-2020-4706;0.009370000;0.592820000
CVE-2020-4705;0.005520000;0.438680000
CVE-2020-4704;0.008610000;0.568850000
CVE-2020-4703;0.017650000;0.771400000
CVE-2020-4702;0.005610000;0.444420000
CVE-2020-4701;0.004740000;0.385300000
CVE-2020-4700;0.011970000;0.668530000
CVE-2020-4699;0.004560000;0.370340000
CVE-2020-4698;0.005610000;0.444420000
CVE-2020-4697;0.005540000;0.440160000
CVE-2020-4696;0.007500000;0.530770000
CVE-2020-4695;0.007730000;0.538840000
CVE-2020-4693;0.025380000;0.843360000
CVE-2020-4692;0.008990000;0.580280000
CVE-2020-4691;0.005540000;0.440140000
CVE-2020-4690;0.011490000;0.655430000
CVE-2020-4689;0.023520000;0.830250000
CVE-2020-4688;0.008980000;0.579860000
CVE-2020-4687;0.010460000;0.627560000
CVE-2020-4686;0.015780000;0.744890000
CVE-2020-4685;0.014450000;0.722170000
CVE-2020-4682;0.077910000;0.944560000
CVE-2020-4681;0.005610000;0.444410000
CVE-2020-4680;0.005610000;0.444410000
CVE-2020-4679;0.005520000;0.438680000
CVE-2020-4678;0.012420000;0.679950000
CVE-2020-4675;0.004590000;0.372790000
CVE-2020-4674;0.008060000;0.550660000
CVE-2020-4673;0.008060000;0.550660000
CVE-2020-4672;0.005610000;0.444310000
CVE-2020-4671;0.010440000;0.626920000
CVE-2020-4670;0.024400000;0.836570000
CVE-2020-4669;0.019360000;0.792510000
CVE-2020-4668;0.003840000;0.298400000
CVE-2020-4667;0.008060000;0.550670000
CVE-2020-4666;0.005540000;0.440150000
CVE-2020-4665;0.010010000;0.613750000
CVE-2020-4664;0.005540000;0.440150000
CVE-2020-4663;0.005540000;0.440160000
CVE-2020-4662;0.012910000;0.690660000
CVE-2020-4661;0.004560000;0.370350000
CVE-2020-4660;0.004560000;0.370340000
CVE-2020-4658;0.007300000;0.523780000
CVE-2020-4657;0.007300000;0.523810000
CVE-2020-4655;0.013140000;0.695610000
CVE-2020-4654;0.007370000;0.526280000
CVE-2020-4653;0.007070000;0.514930000
CVE-2020-4651;0.003090000;0.212620000
CVE-2020-4650;0.003240000;0.229160000
CVE-2020-4649;0.008160000;0.553770000
CVE-2020-4648;0.008910000;0.577720000
CVE-2020-4647;0.009720000;0.604580000
CVE-2020-4646;0.007270000;0.522740000
CVE-2020-4645;0.005610000;0.444290000
CVE-2020-4644;0.012300000;0.677180000
CVE-2020-4643;0.028390000;0.861170000
CVE-2020-4642;0.003700000;0.283190000
CVE-2020-4640;0.003480000;0.257620000
CVE-2020-4638;0.017150000;0.764870000
CVE-2020-4636;0.011170000;0.647450000
CVE-2020-4635;0.009440000;0.594890000
CVE-2020-4633;0.028660000;0.862440000
CVE-2020-4632;0.009240000;0.588490000
CVE-2020-4631;0.002450000;0.141040000
CVE-2020-4629;0.003320000;0.238320000
CVE-2020-4628;0.012840000;0.689170000
CVE-2020-4627;0.016110000;0.749590000
CVE-2020-4626;0.009880000;0.609810000
CVE-2020-4625;0.014940000;0.731120000
CVE-2020-4624;0.007350000;0.525760000
CVE-2020-4623;0.003000000;0.203820000
CVE-2020-4622;0.011790000;0.664120000
CVE-2020-4621;0.013460000;0.702830000
CVE-2020-4620;0.051870000;0.921730000
CVE-2020-4619;0.007060000;0.514840000
CVE-2020-4618;0.011020000;0.643480000
CVE-2020-4617;0.005530000;0.439360000
CVE-2020-4616;0.017040000;0.763270000
CVE-2020-4615;0.006730000;0.501100000
CVE-2020-4614;0.008080000;0.551200000
CVE-2020-4613;0.009430000;0.594560000
CVE-2020-4612;0.013320000;0.699660000
CVE-2020-4611;0.016310000;0.752590000
CVE-2020-4610;0.001680000;0.054530000
CVE-2020-4609;0.002950000;0.198840000
CVE-2020-4607;0.003040000;0.207750000
CVE-2020-4606;0.003430000;0.252330000
CVE-2020-4604;0.001920000;0.079850000
CVE-2020-4603;0.008150000;0.553270000
CVE-2020-4602;0.003020000;0.205890000
CVE-2020-4600;0.012840000;0.689160000
CVE-2020-4599;0.012840000;0.689170000
CVE-2020-4598;0.007840000;0.542600000
CVE-2020-4597;0.006230000;0.477390000
CVE-2020-4596;0.007830000;0.542190000
CVE-2020-4595;0.007830000;0.542200000
CVE-2020-4594;0.007830000;0.542190000
CVE-2020-4593;0.003060000;0.209550000
CVE-2020-4592;0.007870000;0.543500000
CVE-2020-4591;0.002010000;0.089130000
CVE-2020-4590;0.012410000;0.679580000
CVE-2020-4589;0.084650000;0.948320000
CVE-2020-4588;0.013730000;0.708470000
CVE-2020-4587;0.003400000;0.249610000
CVE-2020-4584;0.009760000;0.606050000
CVE-2020-4581;0.016020000;0.748210000
CVE-2020-4580;0.016020000;0.748200000
CVE-2020-4579;0.022400000;0.821500000
CVE-2020-4578;0.007080000;0.515670000
CVE-2020-4576;0.020410000;0.803600000
CVE-2020-4575;0.009210000;0.587210000
CVE-2020-4574;0.018990000;0.788320000
CVE-2020-4573;0.012800000;0.688410000
CVE-2020-4572;0.017290000;0.766510000
CVE-2020-4569;0.011700000;0.661050000
CVE-2020-4568;0.006840000;0.506220000
CVE-2020-4567;0.023260000;0.828170000
CVE-2020-4566;0.010440000;0.626920000
CVE-2020-4565;0.011530000;0.656710000
CVE-2020-4564;0.007480000;0.530260000
CVE-2020-4562;0.012750000;0.687400000
CVE-2020-4561;0.029350000;0.865710000
CVE-2020-4560;0.008520000;0.565440000
CVE-2020-4559;0.013310000;0.699560000
CVE-2020-4557;0.005610000;0.444360000
CVE-2020-4556;0.001870000;0.074660000
CVE-2020-4555;0.007640000;0.536080000
CVE-2020-4554;0.004190000;0.337090000
CVE-2020-4553;0.004190000;0.337100000
CVE-2020-4552;0.004190000;0.337100000
CVE-2020-4551;0.004190000;0.337100000
CVE-2020-4550;0.004190000;0.337090000
CVE-2020-4549;0.004190000;0.337090000
CVE-2020-4548;0.007290000;0.523640000
CVE-2020-4547;0.008210000;0.555460000
CVE-2020-4546;0.005610000;0.444300000
CVE-2020-4545;0.029960000;0.868310000
CVE-2020-4544;0.009820000;0.607630000
CVE-2020-4542;0.005610000;0.444290000
CVE-2020-4541;0.007300000;0.523770000
CVE-2020-4539;0.007300000;0.523800000
CVE-2020-4536;0.009820000;0.607740000
CVE-2020-4535;0.004950000;0.400580000
CVE-2020-4534;0.004100000;0.326430000
CVE-2020-4533;0.007300000;0.523790000
CVE-2020-4532;0.012990000;0.692710000
CVE-2020-4531;0.014260000;0.718640000
CVE-2020-4530;0.005610000;0.444340000
CVE-2020-4529;0.008210000;0.555540000
CVE-2020-4528;0.002860000;0.189360000
CVE-2020-4527;0.013310000;0.699450000
CVE-2020-4526;0.004820000;0.390690000
CVE-2020-4525;0.005610000;0.444320000
CVE-2020-4524;0.006650000;0.497440000
CVE-2020-4522;0.005610000;0.444320000
CVE-2020-4521;0.064570000;0.934970000
CVE-2020-4520;0.027300000;0.855130000
CVE-2020-4516;0.008130000;0.552630000
CVE-2020-4513;0.007300000;0.523810000
CVE-2020-4512;0.020200000;0.801510000
CVE-2020-4511;0.011360000;0.651860000
CVE-2020-4510;0.019890000;0.798030000
CVE-2020-4509;0.015280000;0.736700000
CVE-2020-4503;0.008470000;0.563770000
CVE-2020-4499;0.012480000;0.681150000
CVE-2020-4498;0.002910000;0.194120000
CVE-2020-4497;0.003980000;0.313440000
CVE-2020-4496;0.005750000;0.452240000
CVE-2020-4495;0.026480000;0.850260000
CVE-2020-4494;0.022290000;0.820500000
CVE-2020-4493;0.027230000;0.854760000
CVE-2020-4492;0.003190000;0.223210000
CVE-2020-4491;0.002920000;0.195050000
CVE-2020-4490;0.008600000;0.568330000
CVE-2020-4487;0.009820000;0.607630000
CVE-2020-4486;0.015060000;0.733270000
CVE-2020-4485;0.014920000;0.730810000
CVE-2020-4484;0.008160000;0.553780000
CVE-2020-4483;0.009940000;0.611270000
CVE-2020-4482;0.008670000;0.570510000
CVE-2020-4481;0.020460000;0.804100000
CVE-2020-4477;0.009400000;0.593820000
CVE-2020-4476;0.014700000;0.727170000
CVE-2020-4475;0.010950000;0.641740000
CVE-2020-4471;0.026530000;0.850710000
CVE-2020-4470;0.019110000;0.789710000
CVE-2020-4469;0.133880000;0.962920000
CVE-2020-4468;0.027660000;0.857250000
CVE-2020-4467;0.027660000;0.857240000
CVE-2020-4466;0.013540000;0.704810000
CVE-2020-4465;0.019070000;0.789200000
CVE-2020-4464;0.132270000;0.962490000
CVE-2020-4463;0.315900000;0.982340000
CVE-2020-4462;0.032490000;0.878430000
CVE-2020-4461;0.009330000;0.591620000
CVE-2020-4459;0.010290000;0.622370000
CVE-2020-4452;0.007920000;0.545610000
CVE-2020-4450;0.341760000;0.983550000
CVE-2020-4449;0.039320000;0.900070000
CVE-2020-4448;0.122240000;0.960360000
CVE-2020-4447;0.005610000;0.444390000
CVE-2020-4446;0.008980000;0.579850000
CVE-2020-4445;0.005610000;0.444330000
CVE-2020-4436;0.030930000;0.872230000
CVE-2020-4435;0.016160000;0.750450000
CVE-2020-4434;0.026040000;0.847590000
CVE-2020-4433;0.051330000;0.921030000
CVE-2020-4432;0.034230000;0.884740000
CVE-2020-4431;0.005610000;0.444380000
CVE-2020-4430;0.685440000;0.993170000
CVE-2020-4429;0.719510000;0.994110000
CVE-2020-4428;0.616920000;0.991460000
CVE-2020-4427;0.700310000;0.993570000
CVE-2020-4422;0.027660000;0.857240000
CVE-2020-4421;0.006210000;0.476750000
CVE-2020-4420;0.024100000;0.834320000
CVE-2020-4419;0.005610000;0.444400000
CVE-2020-4415;0.080520000;0.945970000
CVE-2020-4414;0.003280000;0.233140000
CVE-2020-4413;0.012060000;0.670690000
CVE-2020-4412;0.012960000;0.691970000
CVE-2020-4411;0.003350000;0.242620000
CVE-2020-4410;0.009880000;0.609810000
CVE-2020-4409;0.008930000;0.578350000
CVE-2020-4408;0.003110000;0.214990000
CVE-2020-4406;0.008230000;0.556280000
CVE-2020-4405;0.009220000;0.587650000
CVE-2020-4400;0.016310000;0.752560000
CVE-2020-4399;0.011360000;0.651860000
CVE-2020-4397;0.006460000;0.488750000
CVE-2020-4396;0.005610000;0.444410000
CVE-2020-4395;0.005620000;0.444780000
CVE-2020-4388;0.012630000;0.685020000
CVE-2020-4387;0.002360000;0.131270000
CVE-2020-4386;0.002390000;0.134700000
CVE-2020-4385;0.012480000;0.681510000
CVE-2020-4384;0.005610000;0.444300000
CVE-2020-4383;0.010550000;0.629980000
CVE-2020-4382;0.003190000;0.223420000
CVE-2020-4381;0.010030000;0.614550000
CVE-2020-4380;0.005610000;0.444310000
CVE-2020-4379;0.007920000;0.545610000
CVE-2020-4378;0.008520000;0.565670000
CVE-2020-4377;0.020770000;0.807120000
CVE-2020-4376;0.010550000;0.629980000
CVE-2020-4375;0.015400000;0.738960000
CVE-2020-4372;0.002880000;0.191450000
CVE-2020-4371;0.003080000;0.211540000
CVE-2020-4369;0.002070000;0.096730000
CVE-2020-4367;0.007920000;0.545600000
CVE-2020-4366;0.007300000;0.523770000
CVE-2020-4365;0.013980000;0.713500000
CVE-2020-4364;0.005610000;0.444410000
CVE-2020-4363;0.004800000;0.389520000
CVE-2020-4362;0.024380000;0.836480000
CVE-2020-4361;0.009940000;0.611270000
CVE-2020-4360;0.006510000;0.491370000
CVE-2020-4358;0.005610000;0.444430000
CVE-2020-4357;0.009940000;0.611270000
CVE-2020-4355;0.021610000;0.814760000
CVE-2020-4354;0.009600000;0.599890000
CVE-2020-4353;0.003470000;0.256740000
CVE-2020-4352;0.003100000;0.213440000
CVE-2020-4350;0.007920000;0.545610000
CVE-2020-4349;0.007920000;0.545600000
CVE-2020-4348;0.007590000;0.534320000
CVE-2020-4347;0.018090000;0.777150000
CVE-2020-4346;0.010980000;0.642510000
CVE-2020-4345;0.003260000;0.231790000
CVE-2020-4344;0.003240000;0.229160000
CVE-2020-4343;0.028260000;0.860500000
CVE-2020-4342;0.010670000;0.633900000
CVE-2020-4341;0.014160000;0.716860000
CVE-2020-4340;0.006850000;0.506540000
CVE-2020-4338;0.003280000;0.233640000
CVE-2020-4337;0.010510000;0.628690000
CVE-2020-4336;0.009690000;0.603620000
CVE-2020-4329;0.011200000;0.648120000
CVE-2020-4328;0.011720000;0.661720000
CVE-2020-4327;0.011300000;0.650520000
CVE-2020-4325;0.014560000;0.724310000
CVE-2020-4324;0.012420000;0.679940000
CVE-2020-4323;0.007300000;0.523760000
CVE-2020-4322;0.010460000;0.627490000
CVE-2020-4320;0.007230000;0.521310000
CVE-2020-4319;0.007480000;0.530390000
CVE-2020-4318;0.006730000;0.501090000
CVE-2020-4317;0.005610000;0.444390000
CVE-2020-4316;0.011720000;0.661670000
CVE-2020-4315;0.012090000;0.671850000
CVE-2020-4312;0.008160000;0.553780000
CVE-2020-4311;0.003230000;0.228030000
CVE-2020-4310;0.015610000;0.742350000
CVE-2020-4309;0.013050000;0.693830000
CVE-2020-4307;0.005320000;0.426880000
CVE-2020-4306;0.005610000;0.444350000
CVE-2020-4305;0.045420000;0.912280000
CVE-2020-4304;0.008180000;0.554160000
CVE-2020-4303;0.008180000;0.554160000
CVE-2020-4302;0.017350000;0.767360000
CVE-2020-4301;0.004080000;0.324200000
CVE-2020-4300;0.040360000;0.902550000
CVE-2020-4299;0.009880000;0.609820000
CVE-2020-4298;0.005610000;0.444360000
CVE-2020-4297;0.005610000;0.444360000
CVE-2020-4295;0.005610000;0.444400000
CVE-2020-4294;0.012440000;0.680510000
CVE-2020-4292;0.009810000;0.607480000
CVE-2020-4291;0.012390000;0.678950000
CVE-2020-4290;0.006700000;0.499810000
CVE-2020-4289;0.016650000;0.757740000
CVE-2020-4288;0.027660000;0.857250000
CVE-2020-4287;0.027660000;0.857240000
CVE-2020-4286;0.004820000;0.390680000
CVE-2020-4285;0.027660000;0.857250000
CVE-2020-4284;0.013410000;0.701880000
CVE-2020-4283;0.012880000;0.690050000
CVE-2020-4282;0.007960000;0.546680000
CVE-2020-4281;0.005610000;0.444420000
CVE-2020-4280;0.734510000;0.994520000
CVE-2020-4278;0.002750000;0.178890000
CVE-2020-4277;0.014480000;0.722600000
CVE-2020-4276;0.031210000;0.873380000
CVE-2020-4274;0.008930000;0.578350000
CVE-2020-4273;0.004010000;0.317360000
CVE-2020-4272;0.029780000;0.867550000
CVE-2020-4271;0.017320000;0.767000000
CVE-2020-4270;0.004920000;0.398360000
CVE-2020-4269;0.019590000;0.794920000
CVE-2020-4268;0.005610000;0.444430000
CVE-2020-4267;0.012950000;0.691710000
CVE-2020-4266;0.004180000;0.336110000
CVE-2020-4265;0.003980000;0.314080000
CVE-2020-4264;0.004180000;0.336120000
CVE-2020-4263;0.004180000;0.336110000
CVE-2020-4262;0.004180000;0.336110000
CVE-2020-4261;0.004180000;0.336120000
CVE-2020-4260;0.009140000;0.585300000
CVE-2020-4259;0.007590000;0.534320000
CVE-2020-4258;0.004180000;0.336120000
CVE-2020-4257;0.004180000;0.336120000
CVE-2020-4254;0.007920000;0.545590000
CVE-2020-4253;0.009020000;0.581330000
CVE-2020-4252;0.006730000;0.501120000
CVE-2020-4251;0.005610000;0.444430000
CVE-2020-4249;0.009140000;0.585390000
CVE-2020-4248;0.009780000;0.606480000
CVE-2020-4246;0.013980000;0.713340000
CVE-2020-4245;0.012070000;0.670900000
CVE-2020-4244;0.010670000;0.633880000
CVE-2020-4243;0.009140000;0.585030000
CVE-2020-4242;0.045900000;0.913190000
CVE-2020-4241;0.662980000;0.992580000
CVE-2020-4240;0.019680000;0.795700000
CVE-2020-4239;0.017570000;0.770390000
CVE-2020-4238;0.005320000;0.426290000
CVE-2020-4237;0.005320000;0.426300000
CVE-2020-4236;0.013830000;0.710620000
CVE-2020-4235;0.006730000;0.501080000
CVE-2020-4233;0.007660000;0.536640000
CVE-2020-4232;0.011250000;0.649410000
CVE-2020-4231;0.008140000;0.553030000
CVE-2020-4230;0.003800000;0.293540000
CVE-2020-4229;0.008500000;0.564890000
CVE-2020-4226;0.012950000;0.691670000
CVE-2020-4224;0.001940000;0.082010000
CVE-2020-4223;0.005610000;0.444330000
CVE-2020-4222;0.154910000;0.966910000
CVE-2020-4217;0.013440000;0.702420000
CVE-2020-4216;0.015670000;0.743210000
CVE-2020-4214;0.016250000;0.751650000
CVE-2020-4213;0.154910000;0.966910000
CVE-2020-4212;0.149680000;0.966010000
CVE-2020-4211;0.710940000;0.993890000
CVE-2020-4210;0.154910000;0.966920000
CVE-2020-4209;0.013630000;0.706560000
CVE-2020-4208;0.017990000;0.775890000
CVE-2020-4207;0.045260000;0.912000000
CVE-2020-4206;0.046120000;0.913560000
CVE-2020-4205;0.005280000;0.423860000
CVE-2020-4204;0.005990000;0.465380000
CVE-2020-4203;0.012850000;0.689370000
CVE-2020-4202;0.009680000;0.603360000
CVE-2020-4200;0.016420000;0.754320000
CVE-2020-4199;0.004940000;0.399500000
CVE-2020-4198;0.005610000;0.444300000
CVE-2020-4197;0.003400000;0.248360000
CVE-2020-4196;0.005610000;0.444370000
CVE-2020-4195;0.006370000;0.484540000
CVE-2020-4193;0.014410000;0.721380000
CVE-2020-4191;0.002050000;0.093620000
CVE-2020-4190;0.002100000;0.101230000
CVE-2020-4189;0.006450000;0.488440000
CVE-2020-4188;0.010670000;0.633900000
CVE-2020-4187;0.010670000;0.633900000
CVE-2020-4186;0.010670000;0.633900000
CVE-2020-4185;0.007920000;0.545630000
CVE-2020-4184;0.008400000;0.561700000
CVE-2020-4183;0.007300000;0.523790000
CVE-2020-4182;0.007300000;0.523800000
CVE-2020-4180;0.030130000;0.869040000
CVE-2020-4177;0.010290000;0.622370000
CVE-2020-4175;0.016050000;0.748780000
CVE-2020-4174;0.009510000;0.597250000
CVE-2020-4173;0.009210000;0.587140000
CVE-2020-4172;0.011770000;0.663690000
CVE-2020-4171;0.010030000;0.614260000
CVE-2020-4170;0.004030000;0.319750000
CVE-2020-4169;0.009510000;0.597250000
CVE-2020-4167;0.009530000;0.597930000
CVE-2020-4166;0.012990000;0.692710000
CVE-2020-4165;0.006370000;0.484540000
CVE-2020-4164;0.009780000;0.606500000
CVE-2020-4163;0.015510000;0.740810000
CVE-2020-4162;0.005610000;0.444370000
CVE-2020-4161;0.013950000;0.712890000
CVE-2020-4160;0.013250000;0.698150000
CVE-2020-4159;0.009490000;0.596530000
CVE-2020-4157;0.008010000;0.548390000
CVE-2020-4153;0.004950000;0.400510000
CVE-2020-4152;0.005890000;0.459600000
CVE-2020-4151;0.010850000;0.638770000
CVE-2020-4150;0.008700000;0.571730000
CVE-2020-4146;0.011110000;0.645790000
CVE-2020-4140;0.004950000;0.400540000
CVE-2020-4138;0.002350000;0.129370000
CVE-2020-4135;0.029270000;0.865390000
CVE-2020-4129;0.009450000;0.595350000
CVE-2020-4128;0.009450000;0.595350000
CVE-2020-4127;0.004780000;0.387520000
CVE-2020-4126;0.006740000;0.501660000
CVE-2020-4125;0.004220000;0.339880000
CVE-2020-4107;0.002360000;0.131160000
CVE-2020-4104;0.005210000;0.419160000
CVE-2020-4102;0.003250000;0.230230000
CVE-2020-4101;0.010890000;0.639580000
CVE-2020-4100;0.002810000;0.184160000
CVE-2020-4099;0.002910000;0.194120000
CVE-2020-4097;0.003180000;0.221840000
CVE-2020-4095;0.001960000;0.084020000
CVE-2020-4092;0.003300000;0.235510000
CVE-2020-4089;0.011630000;0.659430000
CVE-2020-4085;0.008160000;0.553780000
CVE-2020-4084;0.005210000;0.419190000
CVE-2020-4083;0.003490000;0.259430000
CVE-2020-4082;0.006600000;0.495750000
CVE-2020-4081;0.006340000;0.482630000
CVE-2020-4080;0.008550000;0.566740000
CVE-2020-4079;0.008610000;0.568770000
CVE-2020-4077;0.010030000;0.614650000
CVE-2020-4076;0.003670000;0.280020000
CVE-2020-4075;0.011750000;0.662890000
CVE-2020-4074;0.017610000;0.770880000
CVE-2020-4072;0.012140000;0.673170000
CVE-2020-4071;0.003580000;0.270440000
CVE-2020-4070;0.005500000;0.437720000
CVE-2020-4068;0.013160000;0.696300000
CVE-2020-4067;0.018980000;0.788280000
CVE-2020-4066;0.016280000;0.752110000
CVE-2020-4062;0.014110000;0.715750000
CVE-2020-4061;0.008210000;0.555690000
CVE-2020-4060;0.009470000;0.595860000
CVE-2020-4059;0.025960000;0.847150000
CVE-2020-4054;0.018550000;0.783150000
CVE-2020-4053;0.014580000;0.724670000
CVE-2020-4052;0.008350000;0.559820000
CVE-2020-4051;0.011830000;0.665030000
CVE-2020-4050;0.014140000;0.716540000
CVE-2020-4049;0.025300000;0.842820000
CVE-2020-4048;0.019780000;0.796740000
CVE-2020-4047;0.032710000;0.879510000
CVE-2020-4046;0.021270000;0.811930000
CVE-2020-4045;0.012810000;0.688650000
CVE-2020-4044;0.024040000;0.833920000
CVE-2020-4043;0.025970000;0.847180000
CVE-2020-4042;0.009710000;0.604090000
CVE-2020-4041;0.020260000;0.802100000
CVE-2020-4040;0.017660000;0.771640000
CVE-2020-4039;0.013710000;0.708090000
CVE-2020-4038;0.072430000;0.941230000
CVE-2020-4037;0.008960000;0.579290000
CVE-2020-4035;0.007630000;0.535680000
CVE-2020-4033;0.018370000;0.780800000
CVE-2020-4032;0.018410000;0.781370000
CVE-2020-4031;0.018080000;0.777080000
CVE-2020-4030;0.018480000;0.782230000
CVE-2020-4029;0.014480000;0.722690000
CVE-2020-4028;0.008620000;0.568970000
CVE-2020-4027;0.015150000;0.734720000
CVE-2020-4026;0.007500000;0.531050000
CVE-2020-4025;0.009180000;0.586530000
CVE-2020-4024;0.009260000;0.588850000
CVE-2020-4023;0.007720000;0.538780000
CVE-2020-4022;0.011350000;0.651550000
CVE-2020-4021;0.010030000;0.614200000
CVE-2020-4020;0.016690000;0.758250000
CVE-2020-4019;0.003540000;0.265610000
CVE-2020-4018;0.005700000;0.449230000
CVE-2020-4017;0.012450000;0.680710000
CVE-2020-4016;0.012450000;0.680710000
CVE-2020-4015;0.009600000;0.599800000
CVE-2020-4014;0.007650000;0.536140000
CVE-2020-4013;0.006280000;0.479590000
CVE-2020-4008;0.002100000;0.101720000
CVE-2020-4006;0.173020000;0.970090000
CVE-2020-4005;0.003860000;0.300660000
CVE-2020-4004;0.004090000;0.325540000
CVE-2020-4003;0.011540000;0.656870000
CVE-2020-4002;0.016170000;0.750570000
CVE-2020-4001;0.028990000;0.864070000
CVE-2020-4000;0.430170000;0.986780000
CVE-2020-3999;0.003830000;0.296560000
CVE-2020-3998;0.012830000;0.689030000
CVE-2020-3997;0.006700000;0.499610000
CVE-2020-3996;0.003520000;0.262730000
CVE-2020-3995;0.011110000;0.645670000
CVE-2020-3994;0.006450000;0.488530000
CVE-2020-3993;0.009340000;0.591910000
CVE-2020-3992;0.830150000;0.996650000
CVE-2020-3991;0.003430000;0.252010000
CVE-2020-3990;0.003240000;0.228800000
CVE-2020-3989;0.002890000;0.192860000
CVE-2020-3988;0.003010000;0.204110000
CVE-2020-3987;0.003010000;0.204110000
CVE-2020-3986;0.003010000;0.204110000
CVE-2020-3985;0.014230000;0.718070000
CVE-2020-3984;0.223670000;0.976180000
CVE-2020-3982;0.008350000;0.560100000
CVE-2020-3981;0.008020000;0.548910000
CVE-2020-3980;0.002850000;0.188680000
CVE-2020-3979;0.003760000;0.289160000
CVE-2020-3977;0.009600000;0.599760000
CVE-2020-3976;0.021170000;0.810970000
CVE-2020-3975;0.005210000;0.419210000
CVE-2020-3974;0.003590000;0.270820000
CVE-2020-3973;0.011290000;0.650220000
CVE-2020-3972;0.003950000;0.311130000
CVE-2020-3971;0.003480000;0.257570000
CVE-2020-3970;0.003990000;0.314290000
CVE-2020-3969;0.005200000;0.418200000
CVE-2020-3968;0.005950000;0.462770000
CVE-2020-3967;0.004930000;0.398890000
CVE-2020-3966;0.003780000;0.291180000
CVE-2020-3965;0.005650000;0.446880000
CVE-2020-3964;0.004710000;0.382840000
CVE-2020-3963;0.005500000;0.437660000
CVE-2020-3962;0.005970000;0.464040000
CVE-2020-3961;0.003880000;0.302720000
CVE-2020-3960;0.002820000;0.185330000
CVE-2020-3959;0.003150000;0.218720000
CVE-2020-3958;0.004700000;0.381300000
CVE-2020-3957;0.002170000;0.109400000
CVE-2020-3956;0.211000000;0.975040000
CVE-2020-3955;0.013420000;0.702030000
CVE-2020-3954;0.007930000;0.545950000
CVE-2020-3953;0.006530000;0.492110000
CVE-2020-3952;0.903840000;0.997970000
CVE-2020-3951;0.002740000;0.177660000
CVE-2020-3950;0.072540000;0.941300000
CVE-2020-3948;0.002820000;0.185700000
CVE-2020-3947;0.006120000;0.472090000
CVE-2020-3946;0.010440000;0.626770000
CVE-2020-3945;0.013860000;0.711080000
CVE-2020-3944;0.014890000;0.730400000
CVE-2020-3943;0.023310000;0.828630000
CVE-2020-3941;0.003080000;0.211270000
CVE-2020-3940;0.008020000;0.548850000
CVE-2020-3939;0.006990000;0.511840000
CVE-2020-3938;0.014810000;0.728890000
CVE-2020-3937;0.013750000;0.709130000
CVE-2020-3936;0.012490000;0.681610000
CVE-2020-3935;0.009270000;0.589340000
CVE-2020-3934;0.013860000;0.711060000
CVE-2020-3933;0.012440000;0.680550000
CVE-2020-3932;0.010830000;0.638200000
CVE-2020-3931;0.017660000;0.771610000
CVE-2020-3930;0.002960000;0.199770000
CVE-2020-3929;0.005070000;0.408080000
CVE-2020-3928;0.008740000;0.572920000
CVE-2020-3927;0.012050000;0.670590000
CVE-2020-3926;0.014820000;0.729230000
CVE-2020-3925;0.027750000;0.857960000
CVE-2020-3924;0.012580000;0.683890000
CVE-2020-3923;0.016790000;0.759700000
CVE-2020-3922;0.014670000;0.726650000
CVE-2020-3921;0.007060000;0.514670000
CVE-2020-3920;0.008360000;0.560200000
CVE-2020-3919;0.014270000;0.718890000
CVE-2020-3918;0.002950000;0.198020000
CVE-2020-3917;0.003080000;0.212030000
CVE-2020-3916;0.008100000;0.551770000
CVE-2020-3915;0.002880000;0.190900000
CVE-2020-3914;0.007730000;0.538810000
CVE-2020-3913;0.007330000;0.524830000
CVE-2020-3912;0.003210000;0.226080000
CVE-2020-3911;0.016410000;0.754240000
CVE-2020-3910;0.016390000;0.753880000
CVE-2020-3909;0.030390000;0.870030000
CVE-2020-3908;0.003150000;0.218570000
CVE-2020-3907;0.003740000;0.287070000
CVE-2020-3906;0.009800000;0.607220000
CVE-2020-3905;0.013650000;0.707000000
CVE-2020-3904;0.013300000;0.699100000
CVE-2020-3903;0.013640000;0.706790000
CVE-2020-3902;0.011530000;0.656630000
CVE-2020-3901;0.018930000;0.787630000
CVE-2020-3900;0.018990000;0.788330000
CVE-2020-3899;0.041170000;0.904310000
CVE-2020-3898;0.003910000;0.306180000
CVE-2020-3897;0.044790000;0.911180000
CVE-2020-3896;0.005520000;0.439000000
CVE-2020-3895;0.026430000;0.850020000
CVE-2020-3894;0.011350000;0.651700000
CVE-2020-3893;0.013650000;0.707000000
CVE-2020-3892;0.013650000;0.706990000
CVE-2020-3891;0.002970000;0.201060000
CVE-2020-3890;0.008020000;0.548840000
CVE-2020-3889;0.003280000;0.233380000
CVE-2020-3888;0.006710000;0.500190000
CVE-2020-3887;0.011920000;0.667380000
CVE-2020-3886;0.009600000;0.599910000
CVE-2020-3885;0.017070000;0.763680000
CVE-2020-3884;0.010980000;0.642620000
CVE-2020-3883;0.010360000;0.624500000
CVE-2020-3882;0.012460000;0.680840000
CVE-2020-3881;0.003280000;0.233380000
CVE-2020-3880;0.013850000;0.711010000
CVE-2020-3878;0.094450000;0.952580000
CVE-2020-3877;0.020470000;0.804170000
CVE-2020-3875;0.008050000;0.549950000
CVE-2020-3874;0.008020000;0.548830000
CVE-2020-3873;0.002820000;0.185770000
CVE-2020-3872;0.008050000;0.549950000
CVE-2020-3871;0.013300000;0.699110000
CVE-2020-3870;0.011490000;0.655510000
CVE-2020-3869;0.006720000;0.500770000
CVE-2020-3868;0.027000000;0.853470000
CVE-2020-3867;0.013860000;0.711180000
CVE-2020-3866;0.006810000;0.504670000
CVE-2020-3865;0.018580000;0.783570000
CVE-2020-3864;0.004040000;0.320170000
CVE-2020-3863;0.013300000;0.699110000
CVE-2020-3862;0.020090000;0.800530000
CVE-2020-3861;0.004030000;0.319470000
CVE-2020-3860;0.003630000;0.275860000
CVE-2020-3859;0.003170000;0.221120000
CVE-2020-3858;0.013300000;0.699110000
CVE-2020-3857;0.003700000;0.282890000
CVE-2020-3856;0.009200000;0.586820000
CVE-2020-3855;0.006740000;0.501690000
CVE-2020-3854;0.013940000;0.712680000
CVE-2020-3853;0.013390000;0.701420000
CVE-2020-3852;0.009730000;0.604610000
CVE-2020-3851;0.007790000;0.540900000
CVE-2020-3850;0.033250000;0.881530000
CVE-2020-3849;0.021990000;0.817990000
CVE-2020-3848;0.021990000;0.817990000
CVE-2020-3847;0.021930000;0.817340000
CVE-2020-3846;0.017760000;0.773110000
CVE-2020-3845;0.013300000;0.699100000
CVE-2020-3844;0.002820000;0.185770000
CVE-2020-3843;0.035910000;0.890220000
CVE-2020-3842;0.013470000;0.703070000
CVE-2020-3841;0.005460000;0.435110000
CVE-2020-3840;0.011360000;0.651950000
CVE-2020-3839;0.003450000;0.253920000
CVE-2020-3838;0.015300000;0.737110000
CVE-2020-3837;0.147220000;0.965610000
CVE-2020-3836;0.003250000;0.230320000
CVE-2020-3835;0.003340000;0.242330000
CVE-2020-3834;0.013300000;0.699100000
CVE-2020-3833;0.007160000;0.518850000
CVE-2020-3831;0.008020000;0.548790000
CVE-2020-3830;0.003260000;0.231310000
CVE-2020-3829;0.009200000;0.586820000
CVE-2020-3828;0.003170000;0.221130000
CVE-2020-3827;0.013760000;0.709220000
CVE-2020-3826;0.011880000;0.666230000
CVE-2020-3825;0.012810000;0.688510000
CVE-2020-3812;0.004250000;0.342410000
CVE-2020-3811;0.017680000;0.772030000
CVE-2020-3810;0.013050000;0.693760000
CVE-2020-3809;0.022880000;0.825160000
CVE-2020-3808;0.013880000;0.711570000
CVE-2020-3807;0.063160000;0.933790000
CVE-2020-3806;0.030110000;0.868960000
CVE-2020-3805;0.075810000;0.943270000
CVE-2020-3804;0.034560000;0.885930000
CVE-2020-3803;0.008300000;0.558410000
CVE-2020-3802;0.045280000;0.912060000
CVE-2020-3801;0.047750000;0.915990000
CVE-2020-3800;0.028740000;0.862850000
CVE-2020-3799;0.063160000;0.933780000
CVE-2020-3798;0.046750000;0.914500000
CVE-2020-3797;0.039400000;0.900290000
CVE-2020-3796;0.042940000;0.907790000
CVE-2020-3795;0.042220000;0.906480000
CVE-2020-3794;0.071440000;0.940540000
CVE-2020-3793;0.048880000;0.917640000
CVE-2020-3792;0.048880000;0.917640000
CVE-2020-3791;0.021590000;0.814650000
CVE-2020-3790;0.036500000;0.891930000
CVE-2020-3789;0.039400000;0.900280000
CVE-2020-3788;0.039400000;0.900280000
CVE-2020-3787;0.039400000;0.900290000
CVE-2020-3786;0.039400000;0.900290000
CVE-2020-3785;0.039400000;0.900290000
CVE-2020-3784;0.039400000;0.900280000
CVE-2020-3783;0.048880000;0.917630000
CVE-2020-3782;0.021590000;0.814660000
CVE-2020-3781;0.021590000;0.814660000
CVE-2020-3780;0.045280000;0.912060000
CVE-2020-3779;0.039100000;0.899240000
CVE-2020-3778;0.021590000;0.814660000
CVE-2020-3777;0.030110000;0.868960000
CVE-2020-3776;0.045280000;0.912060000
CVE-2020-3775;0.048880000;0.917650000
CVE-2020-3774;0.045280000;0.912070000
CVE-2020-3773;0.039100000;0.899240000
CVE-2020-3772;0.045280000;0.912050000
CVE-2020-3771;0.021590000;0.814660000
CVE-2020-3770;0.045280000;0.912080000
CVE-2020-3769;0.028540000;0.861910000
CVE-2020-3768;0.008510000;0.565220000
CVE-2020-3767;0.034700000;0.886410000
CVE-2020-3766;0.009440000;0.594920000
CVE-2020-3765;0.055510000;0.925660000
CVE-2020-3764;0.050550000;0.920050000
CVE-2020-3763;0.037380000;0.894520000
CVE-2020-3762;0.034580000;0.886010000
CVE-2020-3761;0.042020000;0.906060000
CVE-2020-3760;0.071500000;0.940600000
CVE-2020-3759;0.042000000;0.906030000
CVE-2020-3758;0.018380000;0.780930000
CVE-2020-3757;0.101740000;0.955100000
CVE-2020-3756;0.021970000;0.817850000
CVE-2020-3755;0.027250000;0.854870000
CVE-2020-3754;0.048530000;0.917150000
CVE-2020-3753;0.021970000;0.817850000
CVE-2020-3752;0.052380000;0.922340000
CVE-2020-3751;0.048530000;0.917150000
CVE-2020-3750;0.048530000;0.917160000
CVE-2020-3749;0.048530000;0.917150000
CVE-2020-3748;0.035530000;0.888910000
CVE-2020-3747;0.027250000;0.854880000
CVE-2020-3746;0.048530000;0.917160000
CVE-2020-3745;0.048530000;0.917160000
CVE-2020-3744;0.089060000;0.950610000
CVE-2020-3743;0.048530000;0.917150000
CVE-2020-3742;0.057980000;0.928630000
CVE-2020-3741;0.032140000;0.877090000
CVE-2020-3740;0.050030000;0.919370000
CVE-2020-3739;0.036500000;0.891930000
CVE-2020-3738;0.039100000;0.899260000
CVE-2020-3737;0.039100000;0.899250000
CVE-2020-3736;0.039660000;0.900960000
CVE-2020-3735;0.062310000;0.932980000
CVE-2020-3734;0.045280000;0.912060000
CVE-2020-3733;0.039660000;0.900960000
CVE-2020-3732;0.039100000;0.899240000
CVE-2020-3731;0.062310000;0.932980000
CVE-2020-3730;0.039100000;0.899250000
CVE-2020-3729;0.039100000;0.899240000
CVE-2020-3728;0.039660000;0.900950000
CVE-2020-37277;0.002950000;0.198590000
CVE-2020-3727;0.039100000;0.899260000
CVE-2020-37268;0.001830000;0.070960000
CVE-2020-37267;0.004320000;0.349910000
CVE-2020-3726;0.039660000;0.900940000
CVE-2020-37256;0.002870000;0.190060000
CVE-2020-37255;0.006290000;0.480030000
CVE-2020-37254;0.001750000;0.063040000
CVE-2020-37253;0.001570000;0.041390000
CVE-2020-37252;0.001730000;0.060610000
CVE-2020-37251;0.001730000;0.060600000
CVE-2020-37250;0.001730000;0.060610000
CVE-2020-3725;0.039660000;0.900950000
CVE-2020-37248;0.001860000;0.073140000
CVE-2020-37247;0.001150000;0.013850000
CVE-2020-37246;0.006730000;0.501400000
CVE-2020-37245;0.004950000;0.399900000
CVE-2020-37244;0.002760000;0.179810000
CVE-2020-37243;0.002760000;0.179800000
CVE-2020-37242;0.002760000;0.179790000
CVE-2020-37241;0.001460000;0.032300000
CVE-2020-37240;0.002430000;0.139030000
CVE-2020-3724;0.039660000;0.900950000
CVE-2020-37239;0.004590000;0.372680000
CVE-2020-37238;0.002430000;0.139030000
CVE-2020-37237;0.002390000;0.134450000
CVE-2020-37236;0.002350000;0.130050000
CVE-2020-37235;0.002430000;0.139030000
CVE-2020-37234;0.001470000;0.032880000
CVE-2020-37233;0.002780000;0.181610000
CVE-2020-37232;0.001160000;0.014550000
CVE-2020-37231;0.001200000;0.016160000
CVE-2020-37230;0.001140000;0.013240000
CVE-2020-3723;0.039660000;0.900930000
CVE-2020-37229;0.001140000;0.013250000
CVE-2020-37228;0.004290000;0.346060000
CVE-2020-37227;0.005410000;0.432380000
CVE-2020-37226;0.002730000;0.176710000
CVE-2020-37225;0.002430000;0.139020000
CVE-2020-37224;0.002730000;0.176710000
CVE-2020-37223;0.001200000;0.016160000
CVE-2020-37222;0.003110000;0.215320000
CVE-2020-37221;0.001520000;0.036690000
CVE-2020-37220;0.003560000;0.268080000
CVE-2020-3722;0.039100000;0.899250000
CVE-2020-37219;0.007160000;0.518410000
CVE-2020-37218;0.002700000;0.172710000
CVE-2020-37217;0.001400000;0.027380000
CVE-2020-37216;0.009210000;0.587200000
CVE-2020-37215;0.002400000;0.135910000
CVE-2020-37214;0.006350000;0.483280000
CVE-2020-37213;0.002480000;0.144210000
CVE-2020-37212;0.002910000;0.194190000
CVE-2020-37211;0.002910000;0.194180000
CVE-2020-37210;0.002910000;0.194190000
CVE-2020-3721;0.039660000;0.900950000
CVE-2020-37209;0.003220000;0.227370000
CVE-2020-37208;0.004260000;0.343740000
CVE-2020-37207;0.003830000;0.297130000
CVE-2020-37206;0.003830000;0.297130000
CVE-2020-37205;0.003980000;0.313940000
CVE-2020-37204;0.003980000;0.313950000
CVE-2020-37203;0.003460000;0.256200000
CVE-2020-37202;0.003460000;0.256190000
CVE-2020-37201;0.003580000;0.270240000
CVE-2020-37200;0.003580000;0.270240000
CVE-2020-3720;0.039660000;0.900940000
CVE-2020-37199;0.004580000;0.371790000
CVE-2020-37198;0.004100000;0.325860000
CVE-2020-37197;0.004580000;0.371790000
CVE-2020-37196;0.004580000;0.371790000
CVE-2020-37195;0.003160000;0.219700000
CVE-2020-37194;0.003300000;0.235120000
CVE-2020-37193;0.003980000;0.313520000
CVE-2020-37192;0.002150000;0.106840000
CVE-2020-37191;0.002930000;0.196570000
CVE-2020-37190;0.002930000;0.196570000
CVE-2020-3719;0.031610000;0.874890000
CVE-2020-37189;0.004230000;0.341170000
CVE-2020-37188;0.004100000;0.325850000
CVE-2020-37187;0.004100000;0.325860000
CVE-2020-37186;0.010060000;0.615330000
CVE-2020-37185;0.003160000;0.219700000
CVE-2020-37184;0.004350000;0.353210000
CVE-2020-37183;0.004350000;0.353200000
CVE-2020-37182;0.004950000;0.400370000
CVE-2020-37181;0.004350000;0.353210000
CVE-2020-37180;0.002930000;0.196580000
CVE-2020-3718;0.075160000;0.942890000
CVE-2020-37179;0.003160000;0.219700000
CVE-2020-37178;0.002930000;0.196580000
CVE-2020-37177;0.003160000;0.219710000
CVE-2020-37176;0.004350000;0.353210000
CVE-2020-37175;0.003300000;0.235120000
CVE-2020-37174;0.002560000;0.154890000
CVE-2020-37173;0.005870000;0.458570000
CVE-2020-37172;0.007020000;0.513290000
CVE-2020-37171;0.002430000;0.138930000
CVE-2020-37170;0.002430000;0.138920000
CVE-2020-3717;0.031610000;0.874880000
CVE-2020-37169;0.002460000;0.142950000
CVE-2020-37168;0.002460000;0.142650000
CVE-2020-37167;0.001790000;0.066610000
CVE-2020-37166;0.002270000;0.120610000
CVE-2020-37165;0.002360000;0.130800000
CVE-2020-37164;0.002360000;0.130800000
CVE-2020-37163;0.004350000;0.352910000
CVE-2020-37162;0.006960000;0.510770000
CVE-2020-37161;0.009240000;0.588290000
CVE-2020-37160;0.001540000;0.038360000
CVE-2020-3716;0.139640000;0.964230000
CVE-2020-37159;0.006540000;0.492560000
CVE-2020-37158;0.002410000;0.136780000
CVE-2020-37157;0.004250000;0.342670000
CVE-2020-37156;0.003130000;0.217250000
CVE-2020-37155;0.004120000;0.328110000
CVE-2020-37154;0.004760000;0.386650000
CVE-2020-37153;0.045980000;0.913310000
CVE-2020-37152;0.002610000;0.160550000
CVE-2020-37151;0.004070000;0.323410000
CVE-2020-37150;0.007520000;0.531760000
CVE-2020-3715;0.018380000;0.780920000
CVE-2020-37149;0.003070000;0.210660000
CVE-2020-37148;0.002610000;0.161040000
CVE-2020-37147;0.002990000;0.202490000
CVE-2020-37146;0.004400000;0.356840000
CVE-2020-37145;0.001660000;0.052550000
CVE-2020-37144;0.001860000;0.073100000
CVE-2020-37143;0.003580000;0.269650000
CVE-2020-37142;0.003610000;0.273570000
CVE-2020-37141;0.003070000;0.210650000
CVE-2020-37140;0.002270000;0.120880000
CVE-2020-3714;0.035900000;0.890170000
CVE-2020-37139;0.001950000;0.082690000
CVE-2020-37138;0.006690000;0.499390000
CVE-2020-37137;0.005750000;0.452190000
CVE-2020-37136;0.003830000;0.297500000
CVE-2020-37135;0.004540000;0.369100000
CVE-2020-37134;0.003830000;0.297500000
CVE-2020-37133;0.005150000;0.414650000
CVE-2020-37132;0.002430000;0.138930000
CVE-2020-37131;0.002420000;0.137780000
CVE-2020-37130;0.004840000;0.392010000
CVE-2020-3713;0.036380000;0.891570000
CVE-2020-37129;0.003590000;0.271440000
CVE-2020-37128;0.001780000;0.066170000
CVE-2020-37127;0.001930000;0.080450000
CVE-2020-37126;0.005850000;0.457610000
CVE-2020-37125;0.066840000;0.936720000
CVE-2020-37124;0.003750000;0.288450000
CVE-2020-37123;0.032040000;0.876600000
CVE-2020-37122;0.004250000;0.342950000
CVE-2020-37121;0.002110000;0.102140000
CVE-2020-37120;0.004810000;0.389910000
CVE-2020-3712;0.034840000;0.886890000
CVE-2020-37119;0.006450000;0.488340000
CVE-2020-37118;0.001450000;0.031640000
CVE-2020-37117;0.007300000;0.523840000
CVE-2020-37116;0.004400000;0.357400000
CVE-2020-37115;0.002730000;0.177120000
CVE-2020-37114;0.003470000;0.256540000
CVE-2020-37113;0.008300000;0.558320000
CVE-2020-37112;0.002910000;0.194210000
CVE-2020-37111;0.002700000;0.172940000
CVE-2020-37110;0.003710000;0.284070000
CVE-2020-3711;0.034840000;0.886890000
CVE-2020-37109;0.003830000;0.297500000
CVE-2020-37108;0.002890000;0.192470000
CVE-2020-37107;0.003960000;0.312100000
CVE-2020-37106;0.001930000;0.080080000
CVE-2020-37105;0.002350000;0.129680000
CVE-2020-37104;0.005870000;0.458560000
CVE-2020-37103;0.003090000;0.212760000
CVE-2020-37102;0.001270000;0.020230000
CVE-2020-37101;0.001190000;0.016060000
CVE-2020-37100;0.001980000;0.086570000
CVE-2020-3710;0.035630000;0.889210000
CVE-2020-37099;0.001260000;0.019470000
CVE-2020-37098;0.001260000;0.019470000
CVE-2020-37097;0.004090000;0.325830000
CVE-2020-37096;0.001540000;0.038590000
CVE-2020-37095;0.007110000;0.516650000
CVE-2020-37094;0.004820000;0.390980000
CVE-2020-37093;0.003190000;0.223100000
CVE-2020-37092;0.002930000;0.196530000
CVE-2020-37091;0.001590000;0.043630000
CVE-2020-37090;0.008210000;0.555550000
CVE-2020-37089;0.003550000;0.267180000
CVE-2020-37088;0.027220000;0.854740000
CVE-2020-37087;0.003630000;0.275870000
CVE-2020-37086;0.005300000;0.425160000
CVE-2020-37085;0.003600000;0.272200000
CVE-2020-37084;0.008650000;0.569840000
CVE-2020-37083;0.003210000;0.225950000
CVE-2020-37082;0.005740000;0.451960000
CVE-2020-37081;0.002100000;0.101890000
CVE-2020-37080;0.003460000;0.255820000
CVE-2020-37079;0.001810000;0.068950000
CVE-2020-37078;0.003460000;0.255090000
CVE-2020-37077;0.006400000;0.485420000
CVE-2020-37076;0.003880000;0.302670000
CVE-2020-37075;0.004810000;0.389910000
CVE-2020-37074;0.003580000;0.269790000
CVE-2020-37073;0.005000000;0.403880000
CVE-2020-37072;0.002480000;0.144820000
CVE-2020-37071;0.006520000;0.491540000
CVE-2020-37070;0.004810000;0.389900000
CVE-2020-37069;0.006110000;0.471560000
CVE-2020-37068;0.006110000;0.471560000
CVE-2020-37067;0.003950000;0.311110000
CVE-2020-37066;0.003730000;0.286120000
CVE-2020-37065;0.003490000;0.259860000
CVE-2020-37064;0.001590000;0.043430000
CVE-2020-37063;0.001260000;0.019710000
CVE-2020-37062;0.001590000;0.043440000
CVE-2020-37061;0.001260000;0.019710000
CVE-2020-37060;0.001720000;0.058590000
CVE-2020-37059;0.001420000;0.029200000
CVE-2020-37058;0.001280000;0.020770000
CVE-2020-37057;0.005330000;0.426960000
CVE-2020-37056;0.005700000;0.449690000
CVE-2020-37055;0.001590000;0.043440000
CVE-2020-37054;0.002160000;0.107920000
CVE-2020-37053;0.003590000;0.271230000
CVE-2020-37052;0.012460000;0.680890000
CVE-2020-37051;0.003880000;0.302930000
CVE-2020-37050;0.007580000;0.533790000
CVE-2020-37049;0.002140000;0.104900000
CVE-2020-37048;0.001590000;0.043450000
CVE-2020-37047;0.001590000;0.043450000
CVE-2020-37046;0.001900000;0.078040000
CVE-2020-37045;0.001590000;0.043440000
CVE-2020-37044;0.003660000;0.279010000
CVE-2020-37043;0.007530000;0.531930000
CVE-2020-37042;0.002000000;0.088100000
CVE-2020-37041;0.010410000;0.625890000
CVE-2020-37040;0.001990000;0.087600000
CVE-2020-3704;0.005320000;0.426310000
CVE-2020-37039;0.003830000;0.297500000
CVE-2020-37038;0.003960000;0.312090000
CVE-2020-37037;0.001590000;0.043450000
CVE-2020-37036;0.002140000;0.104900000
CVE-2020-37035;0.003850000;0.299070000
CVE-2020-37034;0.010350000;0.624260000
CVE-2020-37033;0.003850000;0.299070000
CVE-2020-37032;0.011050000;0.644160000
CVE-2020-37031;0.001710000;0.058200000
CVE-2020-37030;0.001350000;0.024560000
CVE-2020-3703;0.007110000;0.516680000
CVE-2020-37029;0.001670000;0.053610000
CVE-2020-37028;0.001670000;0.053610000
CVE-2020-37027;0.023940000;0.833130000
CVE-2020-37026;0.001860000;0.073640000
CVE-2020-37025;0.001670000;0.053620000
CVE-2020-37024;0.001670000;0.053620000
CVE-2020-37023;0.006380000;0.484760000
CVE-2020-37022;0.002680000;0.169920000
CVE-2020-37021;0.001310000;0.022160000
CVE-2020-37020;0.001380000;0.026070000
CVE-2020-3702;0.003430000;0.251830000
CVE-2020-37019;0.004220000;0.340350000
CVE-2020-37018;0.002730000;0.176630000
CVE-2020-37017;0.001380000;0.026080000
CVE-2020-37016;0.001380000;0.026070000
CVE-2020-37015;0.007110000;0.516450000
CVE-2020-37014;0.003300000;0.235480000
CVE-2020-37013;0.002060000;0.095510000
CVE-2020-37012;0.008590000;0.568020000
CVE-2020-37011;0.004570000;0.371010000
CVE-2020-37010;0.004850000;0.392850000
CVE-2020-3701;0.002230000;0.115870000
CVE-2020-37009;0.005920000;0.461450000
CVE-2020-37008;0.005070000;0.408770000
CVE-2020-37007;0.001930000;0.080160000
CVE-2020-37006;0.003190000;0.223580000
CVE-2020-37005;0.003070000;0.210350000
CVE-2020-37004;0.002540000;0.151860000
CVE-2020-37003;0.002680000;0.169920000
CVE-2020-37002;0.007500000;0.530780000
CVE-2020-37001;0.001720000;0.058680000
CVE-2020-37000;0.005430000;0.433240000
CVE-2020-3700;0.010960000;0.642100000
CVE-2020-36999;0.003450000;0.254840000
CVE-2020-36998;0.002680000;0.169920000
CVE-2020-36997;0.004150000;0.332370000
CVE-2020-36996;0.002380000;0.133860000
CVE-2020-36995;0.004160000;0.333850000
CVE-2020-36994;0.001900000;0.077130000
CVE-2020-36993;0.002880000;0.191400000
CVE-2020-36992;0.001760000;0.064830000
CVE-2020-36991;0.001760000;0.064830000
CVE-2020-36990;0.001760000;0.064830000
CVE-2020-3699;0.009220000;0.587430000
CVE-2020-36989;0.001760000;0.064820000
CVE-2020-36988;0.002390000;0.134810000
CVE-2020-36987;0.001760000;0.064830000
CVE-2020-36986;0.001770000;0.065030000
CVE-2020-36985;0.001760000;0.064820000
CVE-2020-36984;0.001760000;0.064820000
CVE-2020-36983;0.001830000;0.070620000
CVE-2020-36982;0.001810000;0.068870000
CVE-2020-36981;0.001830000;0.070610000
CVE-2020-36980;0.001480000;0.033930000
CVE-2020-3698;0.008840000;0.575660000
CVE-2020-36979;0.001880000;0.075680000
CVE-2020-36978;0.003440000;0.253180000
CVE-2020-36977;0.002040000;0.093390000
CVE-2020-36976;0.001810000;0.068870000
CVE-2020-36975;0.001810000;0.068870000
CVE-2020-36974;0.001810000;0.068880000
CVE-2020-36973;0.004830000;0.391690000
CVE-2020-36972;0.003280000;0.232980000
CVE-2020-36971;0.001790000;0.066690000
CVE-2020-36970;0.002980000;0.201970000
CVE-2020-36969;0.004870000;0.394290000
CVE-2020-36968;0.004880000;0.395040000
CVE-2020-36967;0.005940000;0.462520000
CVE-2020-36966;0.002590000;0.158340000
CVE-2020-36965;0.001700000;0.056420000
CVE-2020-36964;0.004510000;0.366660000
CVE-2020-36963;0.004140000;0.331040000
CVE-2020-36962;0.121930000;0.960280000
CVE-2020-36961;0.005430000;0.433590000
CVE-2020-36960;0.002270000;0.120850000
CVE-2020-3696;0.001900000;0.077300000
CVE-2020-36959;0.001480000;0.033930000
CVE-2020-36958;0.001480000;0.033930000
CVE-2020-36957;0.001480000;0.033830000
CVE-2020-36956;0.002850000;0.188070000
CVE-2020-36955;0.006390000;0.485170000
CVE-2020-36954;0.003490000;0.259010000
CVE-2020-36953;0.001890000;0.076810000
CVE-2020-36952;0.001690000;0.055340000
CVE-2020-36951;0.003450000;0.253780000
CVE-2020-36950;0.003670000;0.279720000
CVE-2020-36949;0.004980000;0.402250000
CVE-2020-36948;0.006390000;0.485080000
CVE-2020-36947;0.004640000;0.376490000
CVE-2020-36946;0.007270000;0.522630000
CVE-2020-36945;0.004620000;0.375070000
CVE-2020-36944;0.002160000;0.108090000
CVE-2020-36943;0.002860000;0.189810000
CVE-2020-36942;0.006950000;0.510270000
CVE-2020-36941;0.005740000;0.451540000
CVE-2020-36940;0.002840000;0.187550000
CVE-2020-3694;0.002510000;0.147940000
CVE-2020-36939;0.029100000;0.864600000
CVE-2020-36938;0.002300000;0.123880000
CVE-2020-36937;0.001380000;0.026480000
CVE-2020-36936;0.001380000;0.026400000
CVE-2020-36935;0.001690000;0.055520000
CVE-2020-36934;0.001710000;0.057480000
CVE-2020-36933;0.001740000;0.061110000
CVE-2020-36932;0.002820000;0.186080000
CVE-2020-36931;0.002830000;0.186270000
CVE-2020-36930;0.002410000;0.137380000
CVE-2020-3693;0.002280000;0.122440000
CVE-2020-36929;0.002540000;0.151880000
CVE-2020-36928;0.002580000;0.157300000
CVE-2020-36927;0.002410000;0.137380000
CVE-2020-36926;0.005720000;0.450900000
CVE-2020-36925;0.006770000;0.502960000
CVE-2020-36924;0.005490000;0.437010000
CVE-2020-36923;0.009490000;0.596580000
CVE-2020-36922;0.006250000;0.478580000
CVE-2020-36921;0.004300000;0.347020000
CVE-2020-36920;0.003590000;0.270800000
CVE-2020-3692;0.009020000;0.581160000
CVE-2020-36919;0.003660000;0.278940000
CVE-2020-36918;0.001610000;0.046030000
CVE-2020-36917;0.003110000;0.214360000
CVE-2020-36916;0.002560000;0.154990000
CVE-2020-36915;0.003760000;0.289350000
CVE-2020-36914;0.003110000;0.214360000
CVE-2020-36913;0.003620000;0.273930000
CVE-2020-36912;0.004250000;0.342270000
CVE-2020-36911;0.120680000;0.960070000
CVE-2020-36910;0.014520000;0.723570000
CVE-2020-3691;0.010540000;0.629670000
CVE-2020-36909;0.007240000;0.521430000
CVE-2020-36908;0.002700000;0.171960000
CVE-2020-36907;0.005460000;0.435070000
CVE-2020-36906;0.001610000;0.046030000
CVE-2020-36905;0.005100000;0.411060000
CVE-2020-36904;0.004830000;0.391680000
CVE-2020-36903;0.001480000;0.033790000
CVE-2020-36902;0.011370000;0.652240000
CVE-2020-36901;0.003100000;0.214310000
CVE-2020-36900;0.002730000;0.176920000
CVE-2020-3690;0.002270000;0.120970000
CVE-2020-36899;0.009250000;0.588720000
CVE-2020-36898;0.017430000;0.768350000
CVE-2020-36897;0.012970000;0.692110000
CVE-2020-36896;0.008780000;0.574030000
CVE-2020-36895;0.007340000;0.525260000
CVE-2020-36894;0.007980000;0.547330000
CVE-2020-36893;0.015650000;0.742910000
CVE-2020-36892;0.010520000;0.629320000
CVE-2020-36891;0.002180000;0.109560000
CVE-2020-36890;0.003430000;0.252520000
CVE-2020-36889;0.002180000;0.109550000
CVE-2020-36888;0.003990000;0.315020000
CVE-2020-36887;0.004190000;0.336760000
CVE-2020-36886;0.002750000;0.178110000
CVE-2020-36885;0.012290000;0.676930000
CVE-2020-36884;0.011190000;0.647800000
CVE-2020-36883;0.008970000;0.579770000
CVE-2020-36882;0.006170000;0.474610000
CVE-2020-36881;0.003660000;0.278860000
CVE-2020-36880;0.002360000;0.131190000
CVE-2020-3688;0.008790000;0.574360000
CVE-2020-36879;0.002670000;0.168700000
CVE-2020-36878;0.003460000;0.255730000
CVE-2020-36877;0.007180000;0.519620000
CVE-2020-36876;0.003740000;0.287390000
CVE-2020-36875;0.007690000;0.537740000
CVE-2020-36874;0.006560000;0.493600000
CVE-2020-36873;0.005980000;0.464690000
CVE-2020-36872;0.004970000;0.401550000
CVE-2020-36871;0.006480000;0.489940000
CVE-2020-36870;0.007530000;0.531780000
CVE-2020-3687;0.002030000;0.091640000
CVE-2020-36869;0.018360000;0.780650000
CVE-2020-36868;0.003160000;0.219650000
CVE-2020-36867;0.026120000;0.848050000
CVE-2020-36866;0.003920000;0.306500000
CVE-2020-36865;0.003920000;0.306480000
CVE-2020-36864;0.004160000;0.333820000
CVE-2020-36863;0.012860000;0.689690000
CVE-2020-36862;0.005870000;0.458470000
CVE-2020-36861;0.003920000;0.306490000
CVE-2020-36860;0.003920000;0.306480000
CVE-2020-3686;0.011940000;0.667720000
CVE-2020-36859;0.008530000;0.565750000
CVE-2020-36858;0.004770000;0.386840000
CVE-2020-36857;0.021340000;0.812550000
CVE-2020-36856;0.022890000;0.825240000
CVE-2020-36855;0.002470000;0.143170000
CVE-2020-36854;0.002610000;0.160840000
CVE-2020-36853;0.003800000;0.294070000
CVE-2020-36852;0.003290000;0.234300000
CVE-2020-36851;0.008280000;0.557850000
CVE-2020-36850;0.004640000;0.376530000
CVE-2020-3685;0.009210000;0.587180000
CVE-2020-36849;0.069770000;0.939150000
CVE-2020-36848;0.016330000;0.753050000
CVE-2020-36847;0.441870000;0.987140000
CVE-2020-36846;0.006330000;0.482420000
CVE-2020-36845;0.002580000;0.157200000
CVE-2020-36844;0.002800000;0.183220000
CVE-2020-36843;0.001400000;0.027940000
CVE-2020-36842;0.011590000;0.657950000
CVE-2020-36841;0.002130000;0.104180000
CVE-2020-36840;0.004150000;0.332530000
CVE-2020-3684;0.002200000;0.112570000
CVE-2020-36839;0.002700000;0.171830000
CVE-2020-36838;0.003540000;0.264840000
CVE-2020-36837;0.005840000;0.457330000
CVE-2020-36836;0.014790000;0.728450000
CVE-2020-36835;0.005490000;0.436850000
CVE-2020-36834;0.003540000;0.264830000
CVE-2020-36833;0.003540000;0.264830000
CVE-2020-36832;0.006910000;0.508740000
CVE-2020-36831;0.005010000;0.404420000
CVE-2020-36830;0.008020000;0.548680000
CVE-2020-36829;0.005110000;0.412140000
CVE-2020-36828;0.004840000;0.392370000
CVE-2020-36827;0.003390000;0.247420000
CVE-2020-36826;0.004340000;0.351600000
CVE-2020-36825;0.004560000;0.370550000
CVE-2020-3681;0.007490000;0.530500000
CVE-2020-3680;0.001980000;0.086230000
CVE-2020-36791;0.001910000;0.078240000
CVE-2020-36790;0.001630000;0.049370000
CVE-2020-3679;0.002710000;0.175260000
CVE-2020-36789;0.001900000;0.077310000
CVE-2020-36788;0.002300000;0.123780000
CVE-2020-36787;0.002310000;0.125350000
CVE-2020-36786;0.002220000;0.114780000
CVE-2020-36785;0.002240000;0.117460000
CVE-2020-36784;0.002250000;0.118860000
CVE-2020-36783;0.002270000;0.121140000
CVE-2020-36782;0.002250000;0.118900000
CVE-2020-36781;0.002220000;0.114780000
CVE-2020-36780;0.002280000;0.121970000
CVE-2020-3678;0.002270000;0.121400000
CVE-2020-36779;0.002220000;0.114780000
CVE-2020-36778;0.002250000;0.118890000
CVE-2020-36777;0.002420000;0.137760000
CVE-2020-36776;0.002320000;0.126780000
CVE-2020-36775;0.001700000;0.056250000
CVE-2020-36774;0.002140000;0.105070000
CVE-2020-36773;0.008790000;0.574280000
CVE-2020-36772;0.003780000;0.291260000
CVE-2020-36771;0.004740000;0.384900000
CVE-2020-36770;0.003730000;0.286140000
CVE-2020-36769;0.004280000;0.344820000
CVE-2020-36768;0.007580000;0.533710000
CVE-2020-36767;0.004390000;0.356700000
CVE-2020-36766;0.002400000;0.135740000
CVE-2020-36765;0.003220000;0.227180000
CVE-2020-36763;0.004860000;0.394060000
CVE-2020-36762;0.023330000;0.828720000
CVE-2020-36761;0.005630000;0.445580000
CVE-2020-36760;0.005630000;0.445570000
CVE-2020-3676;0.002070000;0.096650000
CVE-2020-36759;0.003940000;0.309840000
CVE-2020-36758;0.003940000;0.309850000
CVE-2020-36757;0.003930000;0.309020000
CVE-2020-36756;0.003930000;0.309030000
CVE-2020-36755;0.003940000;0.309840000
CVE-2020-36754;0.003940000;0.309850000
CVE-2020-36753;0.003940000;0.309850000
CVE-2020-36752;0.004830000;0.391170000
CVE-2020-36751;0.003940000;0.309860000
CVE-2020-36750;0.003840000;0.298630000
CVE-2020-3675;0.010660000;0.633690000
CVE-2020-36749;0.004640000;0.376520000
CVE-2020-36748;0.004640000;0.376520000
CVE-2020-36747;0.004640000;0.376520000
CVE-2020-36746;0.004640000;0.376520000
CVE-2020-36745;0.004400000;0.357030000
CVE-2020-36744;0.003840000;0.298640000
CVE-2020-36743;0.003840000;0.298660000
CVE-2020-36742;0.003840000;0.298660000
CVE-2020-36741;0.003840000;0.298650000
CVE-2020-36740;0.004720000;0.383200000
CVE-2020-3674;0.002160000;0.107940000
CVE-2020-36739;0.004760000;0.386520000
CVE-2020-36738;0.004760000;0.386520000
CVE-2020-36737;0.004580000;0.371820000
CVE-2020-36736;0.004580000;0.371810000
CVE-2020-36735;0.004580000;0.371810000
CVE-2020-36732;0.010750000;0.635760000
CVE-2020-36731;0.013420000;0.702000000
CVE-2020-36730;0.022690000;0.823570000
CVE-2020-3673;0.010710000;0.634880000
CVE-2020-36729;0.007150000;0.518180000
CVE-2020-36728;0.031330000;0.873800000
CVE-2020-36727;0.016150000;0.750210000
CVE-2020-36726;0.015530000;0.741180000
CVE-2020-36725;0.011380000;0.652400000
CVE-2020-36724;0.015430000;0.739390000
CVE-2020-36723;0.016080000;0.749220000
CVE-2020-36722;0.007280000;0.523000000
CVE-2020-36721;0.009710000;0.604110000
CVE-2020-36720;0.007930000;0.545880000
CVE-2020-36719;0.043040000;0.907980000
CVE-2020-36718;0.017190000;0.765310000
CVE-2020-36717;0.004780000;0.387720000
CVE-2020-36716;0.008250000;0.556900000
CVE-2020-36715;0.006970000;0.511170000
CVE-2020-36714;0.004250000;0.342410000
CVE-2020-36713;0.016050000;0.748720000
CVE-2020-36712;0.007350000;0.525800000
CVE-2020-36711;0.006480000;0.489790000
CVE-2020-36710;0.007770000;0.540410000
CVE-2020-3671;0.009100000;0.583700000
CVE-2020-36709;0.006420000;0.486840000
CVE-2020-36708;0.653420000;0.992360000
CVE-2020-36707;0.004540000;0.368980000
CVE-2020-36706;0.018180000;0.778530000
CVE-2020-36705;0.068880000;0.938440000
CVE-2020-36704;0.005000000;0.403870000
CVE-2020-36703;0.004800000;0.389640000
CVE-2020-36702;0.004200000;0.338180000
CVE-2020-36701;0.015180000;0.735200000
CVE-2020-36700;0.011760000;0.663100000
CVE-2020-3670;0.008830000;0.575350000
CVE-2020-36699;0.007710000;0.538450000
CVE-2020-36698;0.009640000;0.601360000
CVE-2020-36697;0.008510000;0.565160000
CVE-2020-36696;0.010790000;0.636910000
CVE-2020-36695;0.001570000;0.041300000
CVE-2020-36694;0.004440000;0.361130000
CVE-2020-36692;0.005660000;0.447580000
CVE-2020-36691;0.002350000;0.130490000
CVE-2020-3669;0.011110000;0.645870000
CVE-2020-3668;0.010520000;0.629080000
CVE-2020-36670;0.005540000;0.440120000
CVE-2020-3667;0.010710000;0.634870000
CVE-2020-36669;0.004080000;0.324700000
CVE-2020-36668;0.006390000;0.485260000
CVE-2020-36667;0.004830000;0.391780000
CVE-2020-36666;0.009050000;0.582440000
CVE-2020-36665;0.005870000;0.458480000
CVE-2020-36664;0.006380000;0.484810000
CVE-2020-36663;0.006380000;0.484810000
CVE-2020-36661;0.009200000;0.587040000
CVE-2020-36660;0.006720000;0.500570000
CVE-2020-3666;0.002120000;0.103240000
CVE-2020-36659;0.004220000;0.339900000
CVE-2020-36658;0.004410000;0.358230000
CVE-2020-36657;0.004100000;0.326000000
CVE-2020-36656;0.005070000;0.408750000
CVE-2020-36655;0.014610000;0.725300000
CVE-2020-36654;0.006030000;0.467310000
CVE-2020-36653;0.005910000;0.460880000
CVE-2020-36652;0.001500000;0.035080000
CVE-2020-36651;0.008890000;0.577020000
CVE-2020-36650;0.020890000;0.808420000
CVE-2020-3665;0.002200000;0.113140000
CVE-2020-36649;0.013880000;0.711720000
CVE-2020-36648;0.006670000;0.498380000
CVE-2020-36647;0.006780000;0.503650000
CVE-2020-36646;0.011770000;0.663260000
CVE-2020-36645;0.006870000;0.507390000
CVE-2020-36644;0.006750000;0.502230000
CVE-2020-36642;0.020990000;0.809410000
CVE-2020-36641;0.008450000;0.562860000
CVE-2020-36640;0.007700000;0.538050000
CVE-2020-3664;0.001840000;0.072060000
CVE-2020-36639;0.008920000;0.578210000
CVE-2020-36638;0.005440000;0.433750000
CVE-2020-36637;0.005440000;0.433750000
CVE-2020-36636;0.009260000;0.588850000
CVE-2020-36635;0.008870000;0.576600000
CVE-2020-36634;0.005030000;0.405680000
CVE-2020-36633;0.003110000;0.215340000
CVE-2020-36632;0.011160000;0.647030000
CVE-2020-36631;0.006790000;0.503820000
CVE-2020-36630;0.006790000;0.503810000
CVE-2020-3663;0.008920000;0.578250000
CVE-2020-36629;0.008460000;0.563440000
CVE-2020-36628;0.008670000;0.570590000
CVE-2020-36627;0.005910000;0.460950000
CVE-2020-36626;0.005570000;0.442140000
CVE-2020-36625;0.003430000;0.252310000
CVE-2020-36624;0.005730000;0.451230000
CVE-2020-36623;0.002690000;0.171130000
CVE-2020-36622;0.002640000;0.163970000
CVE-2020-36621;0.004230000;0.341070000
CVE-2020-36620;0.012830000;0.689000000
CVE-2020-3662;0.009380000;0.593200000
CVE-2020-36619;0.008890000;0.577100000
CVE-2020-36618;0.009430000;0.594640000
CVE-2020-36617;0.005450000;0.434400000
CVE-2020-36615;0.002480000;0.144810000
CVE-2020-36611;0.001500000;0.035090000
CVE-2020-36610;0.004690000;0.380610000
CVE-2020-3661;0.008800000;0.574640000
CVE-2020-36609;0.003980000;0.313340000
CVE-2020-36608;0.004280000;0.345710000
CVE-2020-36607;0.006460000;0.488780000
CVE-2020-36605;0.001520000;0.036670000
CVE-2020-36604;0.012410000;0.679760000
CVE-2020-36603;0.006190000;0.475550000
CVE-2020-36602;0.002800000;0.183640000
CVE-2020-36601;0.005840000;0.457280000
CVE-2020-36600;0.006200000;0.475810000
CVE-2020-3660;0.009260000;0.588870000
CVE-2020-36599;0.011380000;0.652640000
CVE-2020-3658;0.009230000;0.587740000
CVE-2020-3657;0.283380000;0.980620000
CVE-2020-36569;0.008110000;0.552180000
CVE-2020-36568;0.014640000;0.725740000
CVE-2020-36567;0.014480000;0.722590000
CVE-2020-36566;0.010230000;0.620500000
CVE-2020-36565;0.013620000;0.706400000
CVE-2020-36564;0.007220000;0.520770000
CVE-2020-36563;0.002960000;0.199840000
CVE-2020-36562;0.007990000;0.547860000
CVE-2020-36561;0.013250000;0.698050000
CVE-2020-36560;0.012490000;0.681590000
CVE-2020-3656;0.002270000;0.120970000
CVE-2020-36559;0.011430000;0.653660000
CVE-2020-36558;0.003100000;0.213320000
CVE-2020-36557;0.002020000;0.090330000
CVE-2020-36553;0.010350000;0.624240000
CVE-2020-36552;0.010350000;0.624240000
CVE-2020-36551;0.010350000;0.624230000
CVE-2020-36550;0.010350000;0.624230000
CVE-2020-36549;0.002280000;0.122550000
CVE-2020-36548;0.002220000;0.114630000
CVE-2020-36547;0.002190000;0.111430000
CVE-2020-36544;0.005810000;0.455070000
CVE-2020-36543;0.007650000;0.536270000
CVE-2020-36542;0.014020000;0.714220000
CVE-2020-36541;0.012210000;0.674760000
CVE-2020-36540;0.006520000;0.491830000
CVE-2020-3654;0.009020000;0.581100000
CVE-2020-36539;0.006520000;0.491830000
CVE-2020-36538;0.005940000;0.462170000
CVE-2020-36537;0.006430000;0.487150000
CVE-2020-36536;0.006430000;0.487150000
CVE-2020-36535;0.006430000;0.487150000
CVE-2020-36534;0.004490000;0.364960000
CVE-2020-36533;0.014840000;0.729510000
CVE-2020-36532;0.009890000;0.610020000
CVE-2020-36531;0.008090000;0.551640000
CVE-2020-36530;0.008210000;0.555430000
CVE-2020-3653;0.009150000;0.585640000
CVE-2020-36529;0.040620000;0.903060000
CVE-2020-36528;0.007620000;0.535310000
CVE-2020-36527;0.005870000;0.458600000
CVE-2020-36526;0.005870000;0.458580000
CVE-2020-36525;0.005870000;0.458590000
CVE-2020-36524;0.005870000;0.458590000
CVE-2020-36523;0.005870000;0.458590000
CVE-2020-36521;0.004440000;0.360710000
CVE-2020-3652;0.009150000;0.585630000
CVE-2020-36519;0.008150000;0.553180000
CVE-2020-36518;0.048600000;0.917250000
CVE-2020-36517;0.028970000;0.863990000
CVE-2020-36516;0.006720000;0.500780000
CVE-2020-36514;0.011910000;0.667030000
CVE-2020-36513;0.011910000;0.667050000
CVE-2020-36512;0.011910000;0.667060000
CVE-2020-36511;0.010590000;0.631320000
CVE-2020-36510;0.025900000;0.846790000
CVE-2020-3651;0.006580000;0.494500000
CVE-2020-36505;0.006210000;0.476690000
CVE-2020-36504;0.006690000;0.499350000
CVE-2020-36503;0.012470000;0.681060000
CVE-2020-36502;0.007250000;0.521890000
CVE-2020-36501;0.005810000;0.455170000
CVE-2020-36499;0.005690000;0.448740000
CVE-2020-36498;0.005690000;0.448740000
CVE-2020-36497;0.008270000;0.557480000
CVE-2020-36496;0.008270000;0.557480000
CVE-2020-36495;0.008270000;0.557490000
CVE-2020-36494;0.008270000;0.557480000
CVE-2020-36493;0.005810000;0.455210000
CVE-2020-36492;0.005810000;0.455200000
CVE-2020-36491;0.005810000;0.455190000
CVE-2020-36490;0.005810000;0.455210000
CVE-2020-36489;0.005690000;0.448730000
CVE-2020-36488;0.013330000;0.699930000
CVE-2020-36486;0.007250000;0.521900000
CVE-2020-36485;0.004680000;0.380300000
CVE-2020-3648;0.001900000;0.078020000
CVE-2020-36478;0.011020000;0.643530000
CVE-2020-36477;0.008620000;0.568990000
CVE-2020-36476;0.015700000;0.743550000
CVE-2020-36475;0.019170000;0.790340000
CVE-2020-36474;0.018040000;0.776520000
CVE-2020-36473;0.005210000;0.418840000
CVE-2020-36472;0.009780000;0.606680000
CVE-2020-36471;0.010940000;0.641320000
CVE-2020-36470;0.009780000;0.606680000
CVE-2020-3647;0.001890000;0.076990000
CVE-2020-36469;0.009780000;0.606680000
CVE-2020-36468;0.009780000;0.606690000
CVE-2020-36467;0.009780000;0.606690000
CVE-2020-36466;0.009780000;0.606690000
CVE-2020-36465;0.012430000;0.680190000
CVE-2020-36464;0.012330000;0.677750000
CVE-2020-36463;0.010980000;0.642590000
CVE-2020-36462;0.012400000;0.679560000
CVE-2020-36461;0.012400000;0.679560000
CVE-2020-36460;0.010980000;0.642590000
CVE-2020-3646;0.002110000;0.102550000
CVE-2020-36459;0.010980000;0.642580000
CVE-2020-36458;0.008330000;0.559200000
CVE-2020-36457;0.012400000;0.679560000
CVE-2020-36456;0.010980000;0.642600000
CVE-2020-36455;0.013110000;0.695050000
CVE-2020-36454;0.008330000;0.559200000
CVE-2020-36453;0.010980000;0.642590000
CVE-2020-36452;0.011190000;0.647910000
CVE-2020-36451;0.012490000;0.681780000
CVE-2020-36450;0.012490000;0.681770000
CVE-2020-3645;0.006580000;0.494500000
CVE-2020-36449;0.012490000;0.681770000
CVE-2020-36448;0.010980000;0.642590000
CVE-2020-36447;0.010590000;0.631120000
CVE-2020-36446;0.007660000;0.536520000
CVE-2020-36445;0.007660000;0.536520000
CVE-2020-36444;0.007660000;0.536500000
CVE-2020-36443;0.012300000;0.677290000
CVE-2020-36442;0.007660000;0.536520000
CVE-2020-36441;0.007660000;0.536500000
CVE-2020-36440;0.007660000;0.536510000
CVE-2020-3644;0.002120000;0.103280000
CVE-2020-36439;0.007660000;0.536510000
CVE-2020-36438;0.007660000;0.536510000
CVE-2020-36437;0.008470000;0.563890000
CVE-2020-36436;0.007660000;0.536510000
CVE-2020-36435;0.007660000;0.536500000
CVE-2020-36434;0.012300000;0.677300000
CVE-2020-36433;0.009150000;0.585660000
CVE-2020-36432;0.012300000;0.677290000
CVE-2020-36431;0.002730000;0.176810000
CVE-2020-36430;0.010750000;0.635720000
CVE-2020-3643;0.001910000;0.078370000
CVE-2020-36429;0.003100000;0.213340000
CVE-2020-36428;0.013850000;0.710890000
CVE-2020-36427;0.007080000;0.515760000
CVE-2020-36426;0.016870000;0.760990000
CVE-2020-36425;0.009730000;0.605030000
CVE-2020-36424;0.003500000;0.260400000
CVE-2020-36423;0.011950000;0.667960000
CVE-2020-36422;0.012640000;0.685170000
CVE-2020-36421;0.015390000;0.738620000
CVE-2020-36420;0.019010000;0.788540000
CVE-2020-3642;0.002210000;0.114470000
CVE-2020-36416;0.004730000;0.384680000
CVE-2020-36415;0.004730000;0.384680000
CVE-2020-36414;0.004730000;0.384670000
CVE-2020-36413;0.004730000;0.384670000
CVE-2020-36412;0.004730000;0.384660000
CVE-2020-36411;0.004730000;0.384660000
CVE-2020-36410;0.004730000;0.384670000
CVE-2020-3641;0.010570000;0.630610000
CVE-2020-36409;0.004730000;0.384660000
CVE-2020-36408;0.004730000;0.384670000
CVE-2020-36407;0.014130000;0.716320000
CVE-2020-36406;0.015230000;0.735990000
CVE-2020-36405;0.011010000;0.643170000
CVE-2020-36404;0.010930000;0.640600000
CVE-2020-36403;0.015930000;0.747020000
CVE-2020-36402;0.009600000;0.599770000
CVE-2020-36401;0.009910000;0.610460000
CVE-2020-36400;0.018420000;0.781440000
CVE-2020-3640;0.002040000;0.092700000
CVE-2020-36399;0.005090000;0.410520000
CVE-2020-36398;0.005220000;0.419530000
CVE-2020-36397;0.005120000;0.413100000
CVE-2020-36396;0.005000000;0.403690000
CVE-2020-36395;0.005120000;0.413100000
CVE-2020-36394;0.003460000;0.256210000
CVE-2020-3639;0.009070000;0.582790000
CVE-2020-36389;0.006610000;0.496090000
CVE-2020-36388;0.014780000;0.728390000
CVE-2020-36387;0.003910000;0.306090000
CVE-2020-36386;0.005490000;0.436560000
CVE-2020-36385;0.014760000;0.728070000
CVE-2020-36384;0.008270000;0.557470000
CVE-2020-36383;0.008270000;0.557490000
CVE-2020-36382;0.018910000;0.787300000
CVE-2020-36381;0.018690000;0.784890000
CVE-2020-36380;0.021850000;0.816630000
CVE-2020-3638;0.002120000;0.103660000
CVE-2020-36379;0.018690000;0.784890000
CVE-2020-36378;0.018690000;0.784890000
CVE-2020-36377;0.018690000;0.784890000
CVE-2020-36376;0.018690000;0.784880000
CVE-2020-36375;0.008230000;0.556270000
CVE-2020-36374;0.008230000;0.556270000
CVE-2020-36373;0.008230000;0.556270000
CVE-2020-36372;0.008230000;0.556260000
CVE-2020-36371;0.008230000;0.556260000
CVE-2020-36370;0.008230000;0.556280000
CVE-2020-36369;0.008230000;0.556270000
CVE-2020-36368;0.008230000;0.556250000
CVE-2020-36367;0.008230000;0.556260000
CVE-2020-36366;0.008230000;0.556260000
CVE-2020-36365;0.029850000;0.867820000
CVE-2020-36364;0.018020000;0.776220000
CVE-2020-36363;0.007060000;0.514720000
CVE-2020-3636;0.001900000;0.077290000
CVE-2020-3635;0.001890000;0.076920000
CVE-2020-3634;0.010570000;0.630610000
CVE-2020-36334;0.006460000;0.488800000
CVE-2020-36333;0.041050000;0.904080000
CVE-2020-36332;0.019660000;0.795540000
CVE-2020-36331;0.023020000;0.826330000
CVE-2020-36330;0.022300000;0.820560000
CVE-2020-3633;0.011130000;0.646180000
CVE-2020-36329;0.023190000;0.827700000
CVE-2020-36328;0.026620000;0.851230000
CVE-2020-36327;0.063070000;0.933690000
CVE-2020-36326;0.030950000;0.872310000
CVE-2020-36325;0.017180000;0.765220000
CVE-2020-36324;0.006260000;0.478710000
CVE-2020-36323;0.020250000;0.801990000
CVE-2020-36322;0.003780000;0.291670000
CVE-2020-36321;0.012110000;0.672280000
CVE-2020-36320;0.019560000;0.794660000
CVE-2020-3632;0.002030000;0.092000000
CVE-2020-36319;0.010010000;0.613520000
CVE-2020-36318;0.016760000;0.759260000
CVE-2020-36317;0.014960000;0.731540000
CVE-2020-36316;0.011590000;0.658030000
CVE-2020-36315;0.009280000;0.589430000
CVE-2020-36314;0.006110000;0.471180000
CVE-2020-36313;0.003200000;0.223940000
CVE-2020-36312;0.003130000;0.217510000
CVE-2020-36311;0.003350000;0.243510000
CVE-2020-36310;0.003290000;0.234140000
CVE-2020-36309;0.014230000;0.718120000
CVE-2020-36308;0.009710000;0.603990000
CVE-2020-36307;0.006960000;0.510650000
CVE-2020-36306;0.007350000;0.525690000
CVE-2020-3630;0.001890000;0.076920000
CVE-2020-36290;0.006770000;0.503070000
CVE-2020-3629;0.002120000;0.103660000
CVE-2020-36289;0.992090000;0.999340000
CVE-2020-36288;0.015190000;0.735380000
CVE-2020-36287;0.089510000;0.950800000
CVE-2020-36286;0.014100000;0.715650000
CVE-2020-36285;0.009040000;0.581730000
CVE-2020-36284;0.009040000;0.581740000
CVE-2020-36283;0.007270000;0.522840000
CVE-2020-36282;0.028440000;0.861400000
CVE-2020-36281;0.028660000;0.862450000
CVE-2020-36280;0.023560000;0.830570000
CVE-2020-3628;0.009580000;0.599350000
CVE-2020-36279;0.025740000;0.845640000
CVE-2020-36278;0.028710000;0.862660000
CVE-2020-36277;0.024330000;0.836130000
CVE-2020-3626;0.001650000;0.051560000
CVE-2020-36255;0.015320000;0.737500000
CVE-2020-36254;0.018020000;0.776260000
CVE-2020-36252;0.005100000;0.411600000
CVE-2020-36251;0.006170000;0.474420000
CVE-2020-36250;0.002690000;0.171380000
CVE-2020-3625;0.002020000;0.091490000
CVE-2020-36249;0.008650000;0.569810000
CVE-2020-36248;0.001440000;0.030630000
CVE-2020-36247;0.004490000;0.365230000
CVE-2020-36246;0.004540000;0.369350000
CVE-2020-36245;0.015200000;0.735460000
CVE-2020-36244;0.042270000;0.906590000
CVE-2020-36243;0.641440000;0.992040000
CVE-2020-36242;0.067180000;0.937000000
CVE-2020-36241;0.006390000;0.484980000
CVE-2020-36240;0.012770000;0.687800000
CVE-2020-3624;0.001890000;0.076210000
CVE-2020-36239;0.498170000;0.988610000
CVE-2020-36238;0.015910000;0.746830000
CVE-2020-36237;0.012410000;0.679690000
CVE-2020-36236;0.013200000;0.696980000
CVE-2020-36235;0.019960000;0.798830000
CVE-2020-36234;0.010510000;0.628720000
CVE-2020-36233;0.002650000;0.165370000
CVE-2020-36232;0.010820000;0.637790000
CVE-2020-36231;0.012000000;0.669200000
CVE-2020-36230;0.122900000;0.960500000
CVE-2020-3623;0.002360000;0.131340000
CVE-2020-36229;0.043000000;0.907910000
CVE-2020-36228;0.842240000;0.996910000
CVE-2020-36227;0.777380000;0.995540000
CVE-2020-36226;0.043000000;0.907910000
CVE-2020-36225;0.043000000;0.907910000
CVE-2020-36224;0.043000000;0.907910000
CVE-2020-36223;0.043000000;0.907920000
CVE-2020-36222;0.777380000;0.995540000
CVE-2020-36221;0.842240000;0.996910000
CVE-2020-36220;0.008010000;0.548600000
CVE-2020-3622;0.001900000;0.077290000
CVE-2020-36219;0.011070000;0.644820000
CVE-2020-36218;0.011070000;0.644820000
CVE-2020-36217;0.011120000;0.646060000
CVE-2020-36216;0.010660000;0.633550000
CVE-2020-36215;0.013600000;0.706110000
CVE-2020-36214;0.011070000;0.644820000
CVE-2020-36213;0.013580000;0.705520000
CVE-2020-36212;0.014130000;0.716200000
CVE-2020-36211;0.003440000;0.252920000
CVE-2020-36210;0.004260000;0.343600000
CVE-2020-3621;0.002200000;0.112630000
CVE-2020-36209;0.003570000;0.268580000
CVE-2020-36208;0.004310000;0.348650000
CVE-2020-36207;0.002850000;0.188650000
CVE-2020-36206;0.002850000;0.188640000
CVE-2020-36205;0.004010000;0.317150000
CVE-2020-36204;0.003320000;0.238230000
CVE-2020-36203;0.002420000;0.138350000
CVE-2020-36202;0.008150000;0.553210000
CVE-2020-36201;0.008050000;0.550050000
CVE-2020-36200;0.007880000;0.544170000
CVE-2020-3620;0.001870000;0.074450000
CVE-2020-36199;0.021820000;0.816430000
CVE-2020-36198;0.011230000;0.648730000
CVE-2020-36197;0.184970000;0.971550000
CVE-2020-36196;0.005810000;0.455140000
CVE-2020-36195;0.017650000;0.771520000
CVE-2020-36194;0.005810000;0.455120000
CVE-2020-36193;0.705950000;0.993740000
CVE-2020-36192;0.009600000;0.600010000
CVE-2020-36191;0.005040000;0.406040000
CVE-2020-36190;0.012780000;0.688050000
CVE-2020-3619;0.001610000;0.046060000
CVE-2020-36189;0.039400000;0.900260000
CVE-2020-36188;0.087870000;0.950020000
CVE-2020-36187;0.041860000;0.905740000
CVE-2020-36186;0.041860000;0.905740000
CVE-2020-36185;0.041860000;0.905740000
CVE-2020-36184;0.083560000;0.947730000
CVE-2020-36183;0.049120000;0.918020000
CVE-2020-36182;0.040430000;0.902680000
CVE-2020-36181;0.040430000;0.902690000
CVE-2020-36180;0.040430000;0.902690000
CVE-2020-3618;0.002200000;0.113170000
CVE-2020-36179;0.170650000;0.969760000
CVE-2020-36178;0.097010000;0.953510000
CVE-2020-36177;0.035240000;0.888080000
CVE-2020-36176;0.012920000;0.690890000
CVE-2020-36175;0.011830000;0.665050000
CVE-2020-36174;0.005930000;0.462010000
CVE-2020-36173;0.011170000;0.647420000
CVE-2020-36172;0.008960000;0.579330000
CVE-2020-36171;0.008190000;0.554970000
CVE-2020-36170;0.011170000;0.647420000
CVE-2020-3617;0.002220000;0.115470000
CVE-2020-36169;0.004350000;0.352290000
CVE-2020-36168;0.004310000;0.348280000
CVE-2020-36167;0.004620000;0.375440000
CVE-2020-36166;0.004310000;0.348270000
CVE-2020-36165;0.004310000;0.348260000
CVE-2020-36164;0.004310000;0.348270000
CVE-2020-36163;0.003950000;0.311150000
CVE-2020-36162;0.004310000;0.348270000
CVE-2020-36161;0.004220000;0.339750000
CVE-2020-36160;0.004310000;0.348270000
CVE-2020-3616;0.002260000;0.119620000
CVE-2020-36159;0.009080000;0.583280000
CVE-2020-36158;0.022090000;0.818850000
CVE-2020-36157;0.029610000;0.866790000
CVE-2020-36156;0.020320000;0.802730000
CVE-2020-36155;0.089750000;0.950910000
CVE-2020-36154;0.004440000;0.360650000
CVE-2020-36152;0.022740000;0.823970000
CVE-2020-36151;0.012340000;0.678040000
CVE-2020-36150;0.012340000;0.678040000
CVE-2020-3615;0.007520000;0.531400000
CVE-2020-36149;0.011630000;0.659370000
CVE-2020-36148;0.011540000;0.656820000
CVE-2020-36144;0.009340000;0.591930000
CVE-2020-36142;0.013950000;0.712810000
CVE-2020-36141;0.013250000;0.698100000
CVE-2020-36140;0.005690000;0.449090000
CVE-2020-3614;0.007070000;0.515410000
CVE-2020-36139;0.005160000;0.415580000
CVE-2020-36138;0.012250000;0.676020000
CVE-2020-36136;0.006420000;0.486760000
CVE-2020-36135;0.014850000;0.729720000
CVE-2020-36134;0.011920000;0.667240000
CVE-2020-36133;0.017720000;0.772490000
CVE-2020-36131;0.017720000;0.772490000
CVE-2020-36130;0.014850000;0.729710000
CVE-2020-3613;0.002380000;0.133510000
CVE-2020-36129;0.014740000;0.727690000
CVE-2020-36128;0.011580000;0.657700000
CVE-2020-36127;0.006810000;0.504870000
CVE-2020-36126;0.014010000;0.714140000
CVE-2020-36125;0.009390000;0.593380000
CVE-2020-36124;0.012580000;0.683770000
CVE-2020-36120;0.012410000;0.679720000
CVE-2020-36115;0.005950000;0.462720000
CVE-2020-36112;0.180520000;0.970990000
CVE-2020-3611;0.002130000;0.104260000
CVE-2020-36109;0.042070000;0.906180000
CVE-2020-3610;0.001900000;0.077500000
CVE-2020-36085;0.002720000;0.176170000
CVE-2020-36084;0.007180000;0.519380000
CVE-2020-36082;0.011770000;0.663150000
CVE-2020-36079;0.047220000;0.915140000
CVE-2020-36077;0.009970000;0.612450000
CVE-2020-36074;0.013780000;0.709620000
CVE-2020-36073;0.013490000;0.703540000
CVE-2020-36072;0.013780000;0.709620000
CVE-2020-36071;0.014050000;0.714860000
CVE-2020-36070;0.010830000;0.638060000
CVE-2020-36067;0.013870000;0.711250000
CVE-2020-36066;0.018200000;0.778790000
CVE-2020-36065;0.003370000;0.244990000
CVE-2020-36064;0.014510000;0.723290000
CVE-2020-36062;0.023490000;0.830000000
CVE-2020-36056;0.005200000;0.418620000
CVE-2020-36052;0.019040000;0.788830000
CVE-2020-36051;0.019720000;0.796180000
CVE-2020-36049;0.026390000;0.849720000
CVE-2020-36048;0.032370000;0.877960000
CVE-2020-3604;0.026120000;0.848090000
CVE-2020-36037;0.010460000;0.627510000
CVE-2020-36034;0.016110000;0.749530000
CVE-2020-36033;0.011330000;0.651130000
CVE-2020-3603;0.026370000;0.849650000
CVE-2020-36024;0.005320000;0.426390000
CVE-2020-36023;0.011670000;0.660300000
CVE-2020-3602;0.003870000;0.301840000
CVE-2020-36012;0.005620000;0.445220000
CVE-2020-36011;0.007000000;0.512590000
CVE-2020-3601;0.003770000;0.290250000
CVE-2020-36009;0.013110000;0.695070000
CVE-2020-36008;0.011130000;0.646260000
CVE-2020-36007;0.008730000;0.572730000
CVE-2020-36006;0.010750000;0.635930000
CVE-2020-36005;0.010750000;0.635930000
CVE-2020-36004;0.008980000;0.579950000
CVE-2020-36003;0.015470000;0.739970000
CVE-2020-36002;0.016240000;0.751500000
CVE-2020-3600;0.002860000;0.189880000
CVE-2020-35992;0.007030000;0.513790000
CVE-2020-35990;0.002260000;0.119520000
CVE-2020-3599;0.008330000;0.559250000
CVE-2020-35987;0.011090000;0.645270000
CVE-2020-35986;0.011090000;0.645270000
CVE-2020-35985;0.011110000;0.645900000
CVE-2020-35984;0.011040000;0.643960000
CVE-2020-35982;0.010670000;0.633850000
CVE-2020-35981;0.011110000;0.645680000
CVE-2020-35980;0.011940000;0.667760000
CVE-2020-3598;0.009470000;0.595950000
CVE-2020-35979;0.011650000;0.659870000
CVE-2020-35973;0.006130000;0.472540000
CVE-2020-35972;0.005660000;0.447340000
CVE-2020-35971;0.005030000;0.405800000
CVE-2020-35970;0.013170000;0.696380000
CVE-2020-3597;0.014250000;0.718620000
CVE-2020-35965;0.022630000;0.823120000
CVE-2020-35964;0.015270000;0.736560000
CVE-2020-35963;0.013100000;0.694890000
CVE-2020-35962;0.013350000;0.700520000
CVE-2020-3596;0.012280000;0.676730000
CVE-2020-35952;0.009030000;0.581490000
CVE-2020-35951;0.763280000;0.995230000
CVE-2020-35950;0.009430000;0.594780000
CVE-2020-3595;0.002860000;0.189880000
CVE-2020-35949;0.051460000;0.921240000
CVE-2020-35948;0.249370000;0.978440000
CVE-2020-35947;0.011030000;0.643540000
CVE-2020-35946;0.008470000;0.563810000
CVE-2020-35945;0.024510000;0.837460000
CVE-2020-35944;0.007830000;0.542110000
CVE-2020-35943;0.007280000;0.523070000
CVE-2020-35942;0.013750000;0.709090000
CVE-2020-3594;0.002860000;0.189870000
CVE-2020-35939;0.021080000;0.810170000
CVE-2020-35938;0.021080000;0.810160000
CVE-2020-35937;0.016710000;0.758520000
CVE-2020-35936;0.016710000;0.758520000
CVE-2020-35935;0.014810000;0.728860000
CVE-2020-35934;0.010720000;0.635030000
CVE-2020-35933;0.008650000;0.569860000
CVE-2020-35932;0.021080000;0.810170000
CVE-2020-35931;0.023220000;0.827860000
CVE-2020-35930;0.005190000;0.417660000
CVE-2020-3593;0.002860000;0.189870000
CVE-2020-35929;0.010310000;0.622860000
CVE-2020-35928;0.002450000;0.141140000
CVE-2020-35927;0.003130000;0.217520000
CVE-2020-35926;0.015340000;0.737840000
CVE-2020-35925;0.003820000;0.295790000
CVE-2020-35924;0.003820000;0.295790000
CVE-2020-35923;0.003920000;0.306570000
CVE-2020-35922;0.003940000;0.309880000
CVE-2020-35921;0.003920000;0.306570000
CVE-2020-35920;0.004040000;0.320090000
CVE-2020-3592;0.007960000;0.546800000
CVE-2020-35919;0.003880000;0.302980000
CVE-2020-35918;0.004710000;0.382590000
CVE-2020-35917;0.003930000;0.308310000
CVE-2020-35916;0.003890000;0.303450000
CVE-2020-35915;0.003790000;0.292500000
CVE-2020-35914;0.002090000;0.100470000
CVE-2020-35913;0.002030000;0.092340000
CVE-2020-35912;0.002080000;0.097600000
CVE-2020-35911;0.002090000;0.100460000
CVE-2020-35910;0.003280000;0.233420000
CVE-2020-3591;0.007230000;0.521320000
CVE-2020-35909;0.013880000;0.711570000
CVE-2020-35908;0.003380000;0.246080000
CVE-2020-35907;0.004070000;0.323770000
CVE-2020-35906;0.004990000;0.403400000
CVE-2020-35905;0.002640000;0.164260000
CVE-2020-35904;0.003930000;0.308300000
CVE-2020-35903;0.003790000;0.292490000
CVE-2020-35902;0.016490000;0.755410000
CVE-2020-35901;0.014230000;0.718110000
CVE-2020-35900;0.004310000;0.347410000
CVE-2020-3590;0.006490000;0.490100000
CVE-2020-35899;0.003790000;0.292490000
CVE-2020-35898;0.014280000;0.719070000
CVE-2020-35897;0.001980000;0.086700000
CVE-2020-35896;0.013520000;0.704220000
CVE-2020-35895;0.018660000;0.784490000
CVE-2020-35894;0.011740000;0.662590000
CVE-2020-35893;0.013520000;0.704220000
CVE-2020-35892;0.015290000;0.736890000
CVE-2020-35891;0.014070000;0.715180000
CVE-2020-35890;0.014070000;0.715190000
CVE-2020-3589;0.006170000;0.474310000
CVE-2020-35889;0.008810000;0.574830000
CVE-2020-35888;0.015340000;0.737850000
CVE-2020-35887;0.014940000;0.731170000
CVE-2020-35886;0.001940000;0.081760000
CVE-2020-35885;0.015340000;0.737840000
CVE-2020-35884;0.010870000;0.639300000
CVE-2020-35883;0.015250000;0.736350000
CVE-2020-35882;0.009690000;0.603550000
CVE-2020-35881;0.017310000;0.766890000
CVE-2020-35880;0.015340000;0.737850000
CVE-2020-3588;0.004100000;0.326330000
CVE-2020-35879;0.016680000;0.758110000
CVE-2020-35878;0.015340000;0.737840000
CVE-2020-35877;0.015340000;0.737850000
CVE-2020-35876;0.015600000;0.742230000
CVE-2020-35875;0.013520000;0.704230000
CVE-2020-35874;0.009690000;0.603560000
CVE-2020-35873;0.017510000;0.769470000
CVE-2020-35872;0.017360000;0.767590000
CVE-2020-35871;0.010350000;0.624310000
CVE-2020-35870;0.017360000;0.767590000
CVE-2020-3587;0.006490000;0.490100000
CVE-2020-35869;0.017360000;0.767580000
CVE-2020-35868;0.017360000;0.767590000
CVE-2020-35867;0.017360000;0.767580000
CVE-2020-35866;0.017360000;0.767580000
CVE-2020-35865;0.013520000;0.704220000
CVE-2020-35864;0.005910000;0.460720000
CVE-2020-35863;0.029180000;0.864960000
CVE-2020-35862;0.016490000;0.755420000
CVE-2020-35861;0.015090000;0.733840000
CVE-2020-35860;0.016490000;0.755420000
CVE-2020-3586;0.024800000;0.839410000
CVE-2020-35859;0.015230000;0.735970000
CVE-2020-35858;0.034010000;0.884110000
CVE-2020-35857;0.014560000;0.724290000
CVE-2020-35856;0.007230000;0.521090000
CVE-2020-35854;0.005710000;0.449830000
CVE-2020-35853;0.005910000;0.460900000
CVE-2020-35852;0.011000000;0.642880000
CVE-2020-35851;0.017590000;0.770600000
CVE-2020-35850;0.016640000;0.757470000
CVE-2020-3585;0.012540000;0.682680000
CVE-2020-35849;0.016210000;0.751100000
CVE-2020-35848;0.745910000;0.994850000
CVE-2020-35847;0.981650000;0.999130000
CVE-2020-35846;0.932920000;0.998340000
CVE-2020-35845;0.008860000;0.576230000
CVE-2020-35844;0.009190000;0.586550000
CVE-2020-35843;0.007490000;0.530470000
CVE-2020-35842;0.005470000;0.435500000
CVE-2020-35841;0.006270000;0.479430000
CVE-2020-35840;0.005470000;0.435510000
CVE-2020-35839;0.007160000;0.518850000
CVE-2020-35838;0.005600000;0.443770000
CVE-2020-35837;0.006830000;0.505850000
CVE-2020-35836;0.005600000;0.443750000
CVE-2020-35835;0.005600000;0.443760000
CVE-2020-35834;0.005600000;0.443750000
CVE-2020-35833;0.005600000;0.443750000
CVE-2020-35832;0.005600000;0.443760000
CVE-2020-35831;0.008740000;0.572920000
CVE-2020-35830;0.006560000;0.493880000
CVE-2020-3583;0.010620000;0.631990000
CVE-2020-35829;0.005600000;0.443730000
CVE-2020-35828;0.005600000;0.443710000
CVE-2020-35827;0.005600000;0.443740000
CVE-2020-35826;0.006830000;0.505840000
CVE-2020-35825;0.006560000;0.493870000
CVE-2020-35824;0.005600000;0.443720000
CVE-2020-35823;0.005600000;0.443740000
CVE-2020-35822;0.005600000;0.443730000
CVE-2020-35821;0.005600000;0.443740000
CVE-2020-35820;0.005600000;0.443730000
CVE-2020-3582;0.011590000;0.657940000
CVE-2020-35819;0.006830000;0.505840000
CVE-2020-35818;0.005600000;0.443750000
CVE-2020-35817;0.006830000;0.505840000
CVE-2020-35816;0.005600000;0.443760000
CVE-2020-35815;0.005600000;0.443740000
CVE-2020-35814;0.005600000;0.443720000
CVE-2020-35813;0.005600000;0.443720000
CVE-2020-35812;0.005600000;0.443720000
CVE-2020-35811;0.005600000;0.443760000
CVE-2020-35810;0.006560000;0.493880000
CVE-2020-3581;0.011590000;0.657930000
CVE-2020-35809;0.006560000;0.493870000
CVE-2020-35808;0.005170000;0.416350000
CVE-2020-35807;0.005160000;0.415890000
CVE-2020-35806;0.004230000;0.340950000
CVE-2020-35805;0.005600000;0.443710000
CVE-2020-35804;0.003290000;0.234430000
CVE-2020-35803;0.003150000;0.218740000
CVE-2020-35802;0.010900000;0.639850000
CVE-2020-35801;0.017060000;0.763520000
CVE-2020-35800;0.016140000;0.750130000
CVE-2020-3580;0.855750000;0.997180000
CVE-2020-35799;0.012040000;0.670020000
CVE-2020-35798;0.008160000;0.553770000
CVE-2020-35797;0.021260000;0.811770000
CVE-2020-35796;0.012990000;0.692460000
CVE-2020-35795;0.012040000;0.670020000
CVE-2020-35794;0.007220000;0.520930000
CVE-2020-35793;0.005930000;0.462040000
CVE-2020-35792;0.007300000;0.523910000
CVE-2020-35791;0.005080000;0.410020000
CVE-2020-35790;0.007240000;0.521710000
CVE-2020-3579;0.008400000;0.561730000
CVE-2020-35789;0.027090000;0.853980000
CVE-2020-35788;0.004180000;0.335450000
CVE-2020-35787;0.004890000;0.395920000
CVE-2020-35786;0.004750000;0.385700000
CVE-2020-35785;0.006720000;0.500960000
CVE-2020-35784;0.008540000;0.566280000
CVE-2020-35783;0.015820000;0.745390000
CVE-2020-35782;0.016730000;0.758790000
CVE-2020-35781;0.008450000;0.563000000
CVE-2020-35780;0.007820000;0.542060000
CVE-2020-3578;0.012320000;0.677500000
CVE-2020-35779;0.008700000;0.571540000
CVE-2020-35778;0.004450000;0.362150000
CVE-2020-35777;0.008190000;0.555000000
CVE-2020-35776;0.039140000;0.899340000
CVE-2020-35775;0.133090000;0.962690000
CVE-2020-35774;0.856490000;0.997190000
CVE-2020-35773;0.009820000;0.607720000
CVE-2020-3577;0.004330000;0.351270000
CVE-2020-35769;0.017510000;0.769460000
CVE-2020-35766;0.005220000;0.420000000
CVE-2020-35765;0.273480000;0.979960000
CVE-2020-35762;0.009750000;0.605600000
CVE-2020-35761;0.008290000;0.558020000
CVE-2020-35760;0.018940000;0.787770000
CVE-2020-35759;0.008390000;0.561400000
CVE-2020-35758;0.015730000;0.744160000
CVE-2020-35757;0.018060000;0.776800000
CVE-2020-35756;0.012160000;0.673510000
CVE-2020-35755;0.011110000;0.645900000
CVE-2020-35754;0.104580000;0.955940000
CVE-2020-35753;0.009320000;0.591210000
CVE-2020-35752;0.008920000;0.578280000
CVE-2020-35749;0.304790000;0.981790000
CVE-2020-35748;0.009200000;0.586820000
CVE-2020-35745;0.017310000;0.766840000
CVE-2020-35743;0.006060000;0.468450000
CVE-2020-35742;0.006060000;0.468450000
CVE-2020-35741;0.006190000;0.475200000
CVE-2020-35740;0.006190000;0.475200000
CVE-2020-3574;0.080300000;0.945860000
CVE-2020-35738;0.012110000;0.672250000
CVE-2020-35737;0.104350000;0.955860000
CVE-2020-35736;0.154020000;0.966730000
CVE-2020-35735;0.007300000;0.523740000
CVE-2020-35734;0.067720000;0.937590000
CVE-2020-35733;0.011530000;0.656660000
CVE-2020-35730;0.326880000;0.982910000
CVE-2020-3573;0.027720000;0.857600000
CVE-2020-35729;0.880990000;0.997630000
CVE-2020-35728;0.125040000;0.960890000
CVE-2020-35727;0.012890000;0.690220000
CVE-2020-35726;0.016140000;0.750170000
CVE-2020-35725;0.016140000;0.750160000
CVE-2020-35724;0.012300000;0.677320000
CVE-2020-35723;0.012620000;0.684670000
CVE-2020-35722;0.006790000;0.503810000
CVE-2020-35721;0.012620000;0.684670000
CVE-2020-35720;0.012300000;0.677320000
CVE-2020-3572;0.017780000;0.773340000
CVE-2020-35719;0.015810000;0.745270000
CVE-2020-35717;0.037550000;0.894980000
CVE-2020-35716;0.039880000;0.901480000
CVE-2020-35715;0.037200000;0.893980000
CVE-2020-35714;0.026870000;0.852790000
CVE-2020-35713;0.329360000;0.983060000
CVE-2020-35712;0.016650000;0.757580000
CVE-2020-35711;0.016190000;0.750830000
CVE-2020-35710;0.016950000;0.762100000
CVE-2020-3571;0.013740000;0.708860000
CVE-2020-35709;0.013360000;0.700700000
CVE-2020-35708;0.014990000;0.732200000
CVE-2020-35707;0.006020000;0.466810000
CVE-2020-35706;0.006020000;0.466820000
CVE-2020-35705;0.006020000;0.466820000
CVE-2020-35704;0.006020000;0.466820000
CVE-2020-35702;0.008710000;0.572050000
CVE-2020-35701;0.045990000;0.913350000
CVE-2020-35700;0.023400000;0.829330000
CVE-2020-35698;0.005240000;0.421610000
CVE-2020-35693;0.004510000;0.366920000
CVE-2020-3569;0.033200000;0.881400000
CVE-2020-35687;0.013650000;0.706930000
CVE-2020-35686;0.003440000;0.252980000
CVE-2020-35685;0.020510000;0.804630000
CVE-2020-35684;0.022870000;0.825050000
CVE-2020-35683;0.022870000;0.825050000
CVE-2020-35682;0.072180000;0.941080000
CVE-2020-35681;0.026580000;0.850970000
CVE-2020-35680;0.036520000;0.892000000
CVE-2020-3568;0.010020000;0.614080000
CVE-2020-35679;0.028700000;0.862610000
CVE-2020-35678;0.014430000;0.721690000
CVE-2020-35677;0.003340000;0.242380000
CVE-2020-35676;0.007580000;0.533730000
CVE-2020-35675;0.004640000;0.376820000
CVE-2020-35674;0.011360000;0.651870000
CVE-2020-3567;0.011540000;0.656850000
CVE-2020-35669;0.021550000;0.814320000
CVE-2020-35668;0.016190000;0.750820000
CVE-2020-35667;0.013230000;0.697740000
CVE-2020-35666;0.010860000;0.639000000
CVE-2020-35665;0.784800000;0.995720000
CVE-2020-35664;0.007000000;0.512200000
CVE-2020-35662;0.029780000;0.867490000
CVE-2020-35660;0.008900000;0.577540000
CVE-2020-3566;0.037020000;0.893430000
CVE-2020-35659;0.009520000;0.597690000
CVE-2020-35658;0.005110000;0.411900000
CVE-2020-35657;0.025070000;0.841170000
CVE-2020-35656;0.025070000;0.841160000
CVE-2020-35655;0.016430000;0.754580000
CVE-2020-35654;0.017950000;0.775410000
CVE-2020-35653;0.016200000;0.751020000
CVE-2020-35652;0.019070000;0.789240000
CVE-2020-35650;0.007810000;0.541670000
CVE-2020-3565;0.009390000;0.593420000
CVE-2020-3564;0.013290000;0.699080000
CVE-2020-35636;0.032920000;0.880340000
CVE-2020-35635;0.023750000;0.831770000
CVE-2020-35634;0.023810000;0.832170000
CVE-2020-35633;0.023280000;0.828370000
CVE-2020-35632;0.022990000;0.826060000
CVE-2020-35631;0.022800000;0.824500000
CVE-2020-35630;0.022800000;0.824510000
CVE-2020-3563;0.014150000;0.716630000
CVE-2020-35629;0.022900000;0.825370000
CVE-2020-35628;0.028780000;0.863020000
CVE-2020-35627;0.020830000;0.807860000
CVE-2020-35626;0.005150000;0.415200000
CVE-2020-35625;0.010440000;0.626960000
CVE-2020-35624;0.010360000;0.624590000
CVE-2020-35623;0.010960000;0.641900000
CVE-2020-35622;0.006690000;0.499370000
CVE-2020-3562;0.018100000;0.777350000
CVE-2020-35616;0.062860000;0.933520000
CVE-2020-35615;0.003980000;0.314220000
CVE-2020-35614;0.010830000;0.638200000
CVE-2020-35613;0.288870000;0.980970000
CVE-2020-35612;0.016280000;0.752100000
CVE-2020-35611;0.013460000;0.702960000
CVE-2020-35610;0.013580000;0.705590000
CVE-2020-3561;0.012800000;0.688220000
CVE-2020-35609;0.013370000;0.700890000
CVE-2020-35608;0.041030000;0.904000000
CVE-2020-35606;0.280480000;0.980450000
CVE-2020-35605;0.037640000;0.895260000
CVE-2020-35604;0.016510000;0.755670000
CVE-2020-3560;0.014150000;0.716630000
CVE-2020-35598;0.208390000;0.974750000
CVE-2020-35597;0.015170000;0.735120000
CVE-2020-35594;0.010460000;0.627390000
CVE-2020-35593;0.002730000;0.177060000
CVE-2020-35592;0.008570000;0.567490000
CVE-2020-35591;0.011400000;0.653050000
CVE-2020-35590;0.043480000;0.908800000
CVE-2020-3559;0.014040000;0.714640000
CVE-2020-35589;0.007760000;0.539940000
CVE-2020-35587;0.014960000;0.731360000
CVE-2020-35586;0.013690000;0.707600000
CVE-2020-35585;0.013690000;0.707600000
CVE-2020-35584;0.007610000;0.535040000
CVE-2020-35582;0.013430000;0.702300000
CVE-2020-35581;0.013430000;0.702300000
CVE-2020-35580;0.139750000;0.964250000
CVE-2020-3558;0.008030000;0.549170000
CVE-2020-35579;0.011510000;0.655950000
CVE-2020-35578;0.819150000;0.996410000
CVE-2020-35577;0.010070000;0.615450000
CVE-2020-35576;0.422850000;0.986540000
CVE-2020-35575;0.076430000;0.943690000
CVE-2020-35573;0.026890000;0.852900000
CVE-2020-35572;0.020030000;0.799640000
CVE-2020-35571;0.006620000;0.496220000
CVE-2020-35570;0.012490000;0.681670000
CVE-2020-3557;0.007290000;0.523540000
CVE-2020-35569;0.006530000;0.492120000
CVE-2020-35568;0.009660000;0.602130000
CVE-2020-35567;0.002450000;0.141060000
CVE-2020-35566;0.012420000;0.680110000
CVE-2020-35565;0.010880000;0.639500000
CVE-2020-35564;0.009260000;0.589180000
CVE-2020-35563;0.005240000;0.420980000
CVE-2020-35561;0.012360000;0.678420000
CVE-2020-35560;0.006530000;0.492490000
CVE-2020-3556;0.004490000;0.365160000
CVE-2020-35559;0.008090000;0.551370000
CVE-2020-35558;0.014790000;0.728490000
CVE-2020-35557;0.010050000;0.615010000
CVE-2020-35556;0.010620000;0.632020000
CVE-2020-35555;0.001360000;0.025130000
CVE-2020-35554;0.001360000;0.025130000
CVE-2020-35553;0.004410000;0.358300000
CVE-2020-35552;0.003400000;0.249450000
CVE-2020-35551;0.004260000;0.343470000
CVE-2020-35550;0.006050000;0.468130000
CVE-2020-3555;0.016810000;0.759940000
CVE-2020-35549;0.001450000;0.031560000
CVE-2020-35548;0.001400000;0.027540000
CVE-2020-35547;0.010860000;0.639070000
CVE-2020-35546;0.003570000;0.269050000
CVE-2020-35545;0.038030000;0.896410000
CVE-2020-35542;0.004660000;0.378010000
CVE-2020-3554;0.026650000;0.851390000
CVE-2020-35538;0.002830000;0.186230000
CVE-2020-35535;0.003310000;0.237180000
CVE-2020-35534;0.002550000;0.154050000
CVE-2020-35533;0.002980000;0.201260000
CVE-2020-35532;0.003890000;0.303490000
CVE-2020-35531;0.002980000;0.201260000
CVE-2020-35530;0.003890000;0.303490000
CVE-2020-3553;0.007740000;0.539380000
CVE-2020-35527;0.012470000;0.681100000
CVE-2020-35525;0.010610000;0.631740000
CVE-2020-35524;0.018510000;0.782670000
CVE-2020-35523;0.019220000;0.790890000
CVE-2020-35522;0.015740000;0.744200000
CVE-2020-35521;0.012260000;0.676260000
CVE-2020-3552;0.004860000;0.393150000
CVE-2020-35519;0.004080000;0.324630000
CVE-2020-35518;0.015380000;0.738490000
CVE-2020-35517;0.005270000;0.422890000
CVE-2020-35514;0.002180000;0.110050000
CVE-2020-35513;0.013470000;0.703180000
CVE-2020-35512;0.003310000;0.236980000
CVE-2020-35511;0.003580000;0.270500000
CVE-2020-35510;0.010890000;0.639810000
CVE-2020-3551;0.008330000;0.559250000
CVE-2020-35509;0.003440000;0.253360000
CVE-2020-35508;0.002250000;0.119190000
CVE-2020-35507;0.012340000;0.678140000
CVE-2020-35506;0.003660000;0.279170000
CVE-2020-35505;0.003170000;0.221700000
CVE-2020-35504;0.003380000;0.246230000
CVE-2020-35503;0.002750000;0.178060000
CVE-2020-35502;0.023550000;0.830440000
CVE-2020-35501;0.002410000;0.137450000
CVE-2020-3550;0.022050000;0.818520000
CVE-2020-35499;0.002730000;0.176890000
CVE-2020-35498;0.080260000;0.945830000
CVE-2020-35497;0.007630000;0.535630000
CVE-2020-35496;0.011410000;0.653200000
CVE-2020-35495;0.011560000;0.657300000
CVE-2020-35494;0.010740000;0.635490000
CVE-2020-35493;0.010850000;0.638670000
CVE-2020-35492;0.011020000;0.643510000
CVE-2020-35491;0.077500000;0.944330000
CVE-2020-35490;0.062850000;0.933510000
CVE-2020-3549;0.009510000;0.597370000
CVE-2020-35489;0.892800000;0.997790000
CVE-2020-35488;0.075990000;0.943410000
CVE-2020-35483;0.004680000;0.379660000
CVE-2020-35482;0.015230000;0.736000000
CVE-2020-35481;0.013460000;0.702930000
CVE-2020-35480;0.014930000;0.730980000
CVE-2020-3548;0.008430000;0.562510000
CVE-2020-35479;0.014860000;0.729840000
CVE-2020-35478;0.013700000;0.707950000
CVE-2020-35477;0.017150000;0.764780000
CVE-2020-35476;0.853300000;0.997120000
CVE-2020-35475;0.015920000;0.746890000
CVE-2020-35474;0.010500000;0.628520000
CVE-2020-35473;0.003530000;0.264720000
CVE-2020-35471;0.023930000;0.833050000
CVE-2020-35470;0.009860000;0.608930000
CVE-2020-3547;0.008750000;0.573370000
CVE-2020-35469;0.020790000;0.807320000
CVE-2020-35468;0.020790000;0.807310000
CVE-2020-35467;0.022010000;0.818150000
CVE-2020-35466;0.020790000;0.807310000
CVE-2020-35464;0.020790000;0.807320000
CVE-2020-35463;0.020790000;0.807310000
CVE-2020-35462;0.020790000;0.807310000
CVE-2020-35460;0.018640000;0.784320000
CVE-2020-3546;0.010740000;0.635630000
CVE-2020-35459;0.006810000;0.504670000
CVE-2020-35458;0.053330000;0.923330000
CVE-2020-35457;0.005740000;0.451760000
CVE-2020-35456;0.005400000;0.431150000
CVE-2020-35455;0.002350000;0.129420000
CVE-2020-35454;0.002350000;0.130180000
CVE-2020-35453;0.008190000;0.554990000
CVE-2020-35452;0.548080000;0.989910000
CVE-2020-35451;0.004340000;0.351330000
CVE-2020-35450;0.014230000;0.718110000
CVE-2020-3545;0.003870000;0.301200000
CVE-2020-35448;0.012380000;0.678940000
CVE-2020-35442;0.016840000;0.760530000
CVE-2020-35441;0.011330000;0.651120000
CVE-2020-3544;0.007460000;0.529670000
CVE-2020-35438;0.006850000;0.506520000
CVE-2020-35437;0.030670000;0.871200000
CVE-2020-35430;0.010930000;0.640640000
CVE-2020-3543;0.004540000;0.369030000
CVE-2020-35427;0.028990000;0.864080000
CVE-2020-3542;0.010790000;0.636810000
CVE-2020-35419;0.006670000;0.498730000
CVE-2020-35418;0.005240000;0.421280000
CVE-2020-35416;0.027110000;0.854120000
CVE-2020-3541;0.003260000;0.231840000
CVE-2020-35398;0.011170000;0.647450000
CVE-2020-35396;0.011490000;0.655450000
CVE-2020-35395;0.008560000;0.567290000
CVE-2020-35391;0.352480000;0.983940000
CVE-2020-3539;0.004300000;0.347250000
CVE-2020-35388;0.014890000;0.730310000
CVE-2020-35382;0.010400000;0.625650000
CVE-2020-35381;0.023080000;0.826830000
CVE-2020-35380;0.015040000;0.732890000
CVE-2020-3538;0.005090000;0.410340000
CVE-2020-35378;0.020500000;0.804480000
CVE-2020-35376;0.021230000;0.811470000
CVE-2020-35373;0.006950000;0.510290000
CVE-2020-35370;0.077940000;0.944580000
CVE-2020-3537;0.012670000;0.685730000
CVE-2020-35364;0.018980000;0.788270000
CVE-2020-35362;0.016370000;0.753590000
CVE-2020-3536;0.006260000;0.478880000
CVE-2020-35359;0.044650000;0.911010000
CVE-2020-35358;0.024320000;0.836100000
CVE-2020-35357;0.009650000;0.601790000
CVE-2020-3535;0.005930000;0.461900000
CVE-2020-35349;0.006110000;0.471210000
CVE-2020-35347;0.004390000;0.356260000
CVE-2020-35346;0.006630000;0.496930000
CVE-2020-35342;0.007680000;0.537300000
CVE-2020-35340;0.011580000;0.657650000
CVE-2020-35339;0.044140000;0.909970000
CVE-2020-35338;0.121110000;0.960140000
CVE-2020-35337;0.019450000;0.793520000
CVE-2020-3533;0.017630000;0.771230000
CVE-2020-35329;0.013000000;0.692890000
CVE-2020-35328;0.006850000;0.506580000
CVE-2020-35327;0.013000000;0.692900000
CVE-2020-35326;0.135610000;0.963290000
CVE-2020-3532;0.005010000;0.404290000
CVE-2020-35314;0.269120000;0.979720000
CVE-2020-35313;0.452210000;0.987470000
CVE-2020-3531;0.022000000;0.818080000
CVE-2020-35309;0.007090000;0.516010000
CVE-2020-35308;0.014970000;0.731700000
CVE-2020-35305;0.007680000;0.537320000
CVE-2020-3530;0.002810000;0.184310000
CVE-2020-35296;0.022280000;0.820440000
CVE-2020-3529;0.018550000;0.783230000
CVE-2020-35284;0.016370000;0.753590000
CVE-2020-3528;0.014330000;0.719900000
CVE-2020-35276;0.015630000;0.742630000
CVE-2020-35275;0.010690000;0.634210000
CVE-2020-35274;0.006160000;0.473840000
CVE-2020-35273;0.005690000;0.449100000
CVE-2020-35272;0.005910000;0.460910000
CVE-2020-35271;0.005460000;0.435190000
CVE-2020-35270;0.018400000;0.781190000
CVE-2020-3527;0.013740000;0.708860000
CVE-2020-35269;0.023290000;0.828440000
CVE-2020-35263;0.024610000;0.838090000
CVE-2020-35262;0.008630000;0.569240000
CVE-2020-35261;0.010350000;0.624230000
CVE-2020-3526;0.013740000;0.708860000
CVE-2020-35252;0.009650000;0.601640000
CVE-2020-3525;0.005560000;0.440890000
CVE-2020-35249;0.011620000;0.658990000
CVE-2020-35245;0.011590000;0.658050000
CVE-2020-35244;0.011590000;0.658040000
CVE-2020-35243;0.011590000;0.658040000
CVE-2020-35242;0.011590000;0.658040000
CVE-2020-35241;0.021730000;0.815680000
CVE-2020-35240;0.010300000;0.622740000
CVE-2020-3524;0.002850000;0.188750000
CVE-2020-35239;0.006000000;0.465860000
CVE-2020-35236;0.012240000;0.675790000
CVE-2020-35235;0.182840000;0.971280000
CVE-2020-35234;0.646030000;0.992160000
CVE-2020-35233;0.006230000;0.477400000
CVE-2020-35231;0.010690000;0.634320000
CVE-2020-35230;0.004180000;0.335810000
CVE-2020-3523;0.006220000;0.476800000
CVE-2020-35229;0.007510000;0.531100000
CVE-2020-35228;0.008280000;0.557660000
CVE-2020-35227;0.011200000;0.648090000
CVE-2020-35226;0.006040000;0.467600000
CVE-2020-35225;0.006360000;0.483740000
CVE-2020-35224;0.006600000;0.495250000
CVE-2020-35223;0.005860000;0.458340000
CVE-2020-35221;0.004700000;0.381120000
CVE-2020-3522;0.008050000;0.549930000
CVE-2020-35219;0.016660000;0.757760000
CVE-2020-35217;0.005800000;0.454580000
CVE-2020-35216;0.006600000;0.495520000
CVE-2020-35215;0.008430000;0.562390000
CVE-2020-35214;0.007980000;0.547360000
CVE-2020-35213;0.011640000;0.659800000
CVE-2020-35211;0.010380000;0.625090000
CVE-2020-35210;0.008800000;0.574770000
CVE-2020-3521;0.017870000;0.774370000
CVE-2020-35209;0.009020000;0.581090000
CVE-2020-35208;0.004800000;0.389380000
CVE-2020-35207;0.004760000;0.386340000
CVE-2020-35206;0.012990000;0.692690000
CVE-2020-35205;0.019090000;0.789530000
CVE-2020-35204;0.013260000;0.698480000
CVE-2020-35203;0.013260000;0.698480000
CVE-2020-35202;0.007400000;0.527520000
CVE-2020-35201;0.007400000;0.527530000
CVE-2020-35200;0.009130000;0.584770000
CVE-2020-3520;0.002870000;0.190340000
CVE-2020-35199;0.006170000;0.474620000
CVE-2020-35198;0.024910000;0.840100000
CVE-2020-35197;0.021550000;0.814330000
CVE-2020-35196;0.021550000;0.814320000
CVE-2020-35195;0.022010000;0.818150000
CVE-2020-35193;0.021550000;0.814330000
CVE-2020-35192;0.029180000;0.864950000
CVE-2020-35191;0.045700000;0.912860000
CVE-2020-35190;0.022010000;0.818140000
CVE-2020-3519;0.009690000;0.603580000
CVE-2020-35189;0.022010000;0.818140000
CVE-2020-35187;0.022010000;0.818140000
CVE-2020-35186;0.029180000;0.864960000
CVE-2020-35185;0.028830000;0.863240000
CVE-2020-35184;0.030300000;0.869750000
CVE-2020-3518;0.006220000;0.476800000
CVE-2020-35177;0.013050000;0.693750000
CVE-2020-35176;0.021750000;0.815910000
CVE-2020-35175;0.008940000;0.578710000
CVE-2020-35173;0.017400000;0.767910000
CVE-2020-35170;0.006170000;0.474610000
CVE-2020-3517;0.013830000;0.710630000
CVE-2020-35169;0.009670000;0.602880000
CVE-2020-35168;0.004920000;0.398100000
CVE-2020-35167;0.009910000;0.610480000
CVE-2020-35166;0.006990000;0.511820000
CVE-2020-35165;0.001520000;0.036880000
CVE-2020-35164;0.007600000;0.534600000
CVE-2020-35163;0.010440000;0.627030000
CVE-2020-3516;0.016700000;0.758440000
CVE-2020-35152;0.002730000;0.176760000
CVE-2020-35151;0.038290000;0.897140000
CVE-2020-3515;0.007740000;0.539380000
CVE-2020-35149;0.010410000;0.625870000
CVE-2020-35145;0.005690000;0.449010000
CVE-2020-35141;0.009540000;0.598170000
CVE-2020-3514;0.003720000;0.285880000
CVE-2020-35139;0.009540000;0.598170000
CVE-2020-35138;0.011860000;0.665840000
CVE-2020-35137;0.015560000;0.741580000
CVE-2020-35136;0.066330000;0.936360000
CVE-2020-35135;0.008980000;0.580010000
CVE-2020-35133;0.044440000;0.910630000
CVE-2020-35132;0.012510000;0.682130000
CVE-2020-35131;0.512990000;0.989030000
CVE-2020-3513;0.003220000;0.227030000
CVE-2020-35129;0.010060000;0.615320000
CVE-2020-35128;0.016540000;0.755980000
CVE-2020-35127;0.005730000;0.451460000
CVE-2020-35126;0.007020000;0.513380000
CVE-2020-35125;0.026940000;0.853170000
CVE-2020-35124;0.023950000;0.833260000
CVE-2020-35123;0.015120000;0.734330000
CVE-2020-35122;0.008330000;0.559450000
CVE-2020-35121;0.010030000;0.614230000
CVE-2020-3512;0.004260000;0.343440000
CVE-2020-35114;0.010360000;0.624560000
CVE-2020-35113;0.015530000;0.741150000
CVE-2020-35112;0.012590000;0.683980000
CVE-2020-35111;0.014150000;0.716610000
CVE-2020-3511;0.004330000;0.351270000
CVE-2020-3510;0.013750000;0.709020000
CVE-2020-3509;0.014150000;0.716630000
CVE-2020-3508;0.004290000;0.346560000
CVE-2020-3507;0.007000000;0.512470000
CVE-2020-3506;0.009550000;0.598310000
CVE-2020-3505;0.005660000;0.447440000
CVE-2020-3504;0.002750000;0.178850000
CVE-2020-35037;0.009050000;0.582400000
CVE-2020-3503;0.002770000;0.180240000
CVE-2020-3502;0.010190000;0.619140000
CVE-2020-35012;0.015330000;0.737700000
CVE-2020-3501;0.010190000;0.619140000
CVE-2020-3500;0.016180000;0.750690000
CVE-2020-3499;0.019560000;0.794610000
CVE-2020-3498;0.016310000;0.752690000
CVE-2020-3497;0.005070000;0.408470000
CVE-2020-3496;0.017370000;0.767610000
CVE-2020-3495;0.599230000;0.991050000
CVE-2020-3494;0.004330000;0.351270000
CVE-2020-3493;0.005070000;0.408480000
CVE-2020-3492;0.013740000;0.708850000
CVE-2020-3491;0.006170000;0.474320000
CVE-2020-3490;0.030410000;0.870120000
CVE-2020-3489;0.005070000;0.408470000
CVE-2020-3488;0.005070000;0.408470000
CVE-2020-3487;0.004580000;0.372180000
CVE-2020-3486;0.005710000;0.450230000
CVE-2020-3485;0.006760000;0.502770000
CVE-2020-3484;0.010950000;0.641760000
CVE-2020-3483;0.001460000;0.032080000
CVE-2020-3482;0.013780000;0.709720000
CVE-2020-3481;0.032040000;0.876620000
CVE-2020-3480;0.014020000;0.714310000
CVE-2020-3479;0.010970000;0.642320000
CVE-2020-3478;0.012130000;0.672930000
CVE-2020-3477;0.003240000;0.229380000
CVE-2020-3476;0.002690000;0.171080000
CVE-2020-3475;0.013740000;0.708800000
CVE-2020-3474;0.009110000;0.584100000
CVE-2020-3473;0.003840000;0.298190000
CVE-2020-3472;0.011330000;0.651110000
CVE-2020-3471;0.017560000;0.770220000
CVE-2020-3470;0.047980000;0.916300000
CVE-2020-3468;0.009930000;0.611080000
CVE-2020-3467;0.008810000;0.574830000
CVE-2020-3466;0.009210000;0.587270000
CVE-2020-3465;0.006660000;0.498350000
CVE-2020-3464;0.006170000;0.474310000
CVE-2020-3463;0.008300000;0.558260000
CVE-2020-3462;0.007410000;0.527970000
CVE-2020-3461;0.012180000;0.673980000
CVE-2020-3460;0.007160000;0.518500000
CVE-2020-3459;0.003810000;0.294230000
CVE-2020-3458;0.003200000;0.224030000
CVE-2020-3457;0.004050000;0.321200000
CVE-2020-3456;0.005560000;0.441290000
CVE-2020-3455;0.003480000;0.257980000
CVE-2020-3454;0.025840000;0.846250000
CVE-2020-3453;0.030830000;0.871900000
CVE-2020-3452;0.999920000;0.999870000
CVE-2020-3451;0.021750000;0.815850000
CVE-2020-3450;0.010210000;0.619760000
CVE-2020-3449;0.010570000;0.630440000
CVE-2020-3448;0.011100000;0.645630000
CVE-2020-3447;0.007380000;0.526730000
CVE-2020-3446;0.013890000;0.711920000
CVE-2020-3444;0.014940000;0.731100000
CVE-2020-3443;0.017920000;0.774910000
CVE-2020-3442;0.001530000;0.037270000
CVE-2020-3441;0.015650000;0.742850000
CVE-2020-3440;0.026200000;0.848540000
CVE-2020-3439;0.006220000;0.477260000
CVE-2020-3437;0.028770000;0.863000000
CVE-2020-3436;0.019350000;0.792360000
CVE-2020-3435;0.003370000;0.245830000
CVE-2020-3434;0.004550000;0.369960000
CVE-2020-3433;0.100490000;0.954680000
CVE-2020-3432;0.002290000;0.123110000
CVE-2020-3431;0.004440000;0.360650000
CVE-2020-3430;0.039020000;0.899030000
CVE-2020-3429;0.007260000;0.522190000
CVE-2020-3428;0.004550000;0.369690000
CVE-2020-3427;0.003060000;0.209330000
CVE-2020-3426;0.022260000;0.820250000
CVE-2020-3425;0.018040000;0.776580000
CVE-2020-3423;0.003860000;0.300850000
CVE-2020-3422;0.012750000;0.687420000
CVE-2020-3421;0.019300000;0.791810000
CVE-2020-3420;0.004160000;0.333660000
CVE-2020-3419;0.017650000;0.771490000
CVE-2020-3418;0.004130000;0.329560000
CVE-2020-3417;0.003570000;0.269140000
CVE-2020-3416;0.003220000;0.227030000
CVE-2020-3415;0.008130000;0.552720000
CVE-2020-3414;0.019180000;0.790520000
CVE-2020-3413;0.007210000;0.520580000
CVE-2020-3412;0.007210000;0.520590000
CVE-2020-3411;0.022220000;0.819900000
CVE-2020-3410;0.011350000;0.651560000
CVE-2020-3409;0.005330000;0.427220000
CVE-2020-3408;0.015550000;0.741510000
CVE-2020-3407;0.015110000;0.734110000
CVE-2020-3406;0.008190000;0.554520000
CVE-2020-3405;0.012810000;0.688540000
CVE-2020-3404;0.003170000;0.221180000
CVE-2020-3403;0.003760000;0.289950000
CVE-2020-3402;0.015770000;0.744760000
CVE-2020-3401;0.026460000;0.850180000
CVE-2020-3400;0.009810000;0.607430000
CVE-2020-3399;0.013610000;0.706280000
CVE-2020-3398;0.018250000;0.779380000
CVE-2020-3397;0.018120000;0.777630000
CVE-2020-3396;0.003240000;0.229720000
CVE-2020-3394;0.003240000;0.229400000
CVE-2020-3393;0.003420000;0.251690000
CVE-2020-3392;0.015460000;0.739880000
CVE-2020-3391;0.013070000;0.694340000
CVE-2020-3390;0.006390000;0.485010000
CVE-2020-3389;0.002080000;0.097620000
CVE-2020-3388;0.003770000;0.290500000
CVE-2020-3387;0.130200000;0.962020000
CVE-2020-3386;0.020420000;0.803680000
CVE-2020-3385;0.005270000;0.423040000
CVE-2020-3384;0.007900000;0.544620000
CVE-2020-3383;0.070380000;0.939670000
CVE-2020-3382;0.022960000;0.825780000
CVE-2020-3381;0.026440000;0.850070000
CVE-2020-3380;0.006020000;0.466600000
CVE-2020-3379;0.003360000;0.244420000
CVE-2020-3378;0.006910000;0.508960000
CVE-2020-3377;0.010190000;0.619310000
CVE-2020-3376;0.011520000;0.656500000
CVE-2020-3375;0.039020000;0.899030000
CVE-2020-3374;0.019170000;0.790330000
CVE-2020-3373;0.019740000;0.796340000
CVE-2020-3372;0.009320000;0.591320000
CVE-2020-3371;0.018680000;0.784680000
CVE-2020-3370;0.012820000;0.688790000
CVE-2020-3369;0.014150000;0.716640000
CVE-2020-3368;0.013780000;0.709760000
CVE-2020-3367;0.007970000;0.547210000
CVE-2020-3365;0.016120000;0.749760000
CVE-2020-3364;0.009140000;0.585130000
CVE-2020-3363;0.018190000;0.778580000
CVE-2020-3362;0.002540000;0.151870000
CVE-2020-3361;0.023640000;0.831030000
CVE-2020-3360;0.012640000;0.685090000
CVE-2020-3359;0.015100000;0.734000000
CVE-2020-3358;0.013510000;0.704090000
CVE-2020-3357;0.042360000;0.906770000
CVE-2020-3356;0.008010000;0.548440000
CVE-2020-3355;0.006220000;0.477250000
CVE-2020-3354;0.006220000;0.477240000
CVE-2020-3353;0.007600000;0.534530000
CVE-2020-3352;0.002730000;0.176790000
CVE-2020-3351;0.013740000;0.708860000
CVE-2020-3350;0.002640000;0.163250000
CVE-2020-3349;0.006220000;0.477240000
CVE-2020-3348;0.006220000;0.477230000
CVE-2020-3347;0.003670000;0.279560000
CVE-2020-3346;0.008330000;0.559250000
CVE-2020-3345;0.012120000;0.672650000
CVE-2020-3344;0.003340000;0.242130000
CVE-2020-3343;0.003340000;0.242130000
CVE-2020-3342;0.037970000;0.896190000
CVE-2020-3341;0.033630000;0.882870000
CVE-2020-3340;0.006220000;0.477240000
CVE-2020-3339;0.011430000;0.653690000
CVE-2020-3338;0.017810000;0.773670000
CVE-2020-3337;0.008150000;0.553260000
CVE-2020-3336;0.020740000;0.806890000
CVE-2020-3335;0.002910000;0.193960000
CVE-2020-3334;0.004330000;0.350570000
CVE-2020-3333;0.010400000;0.625680000
CVE-2020-3332;0.031800000;0.875650000
CVE-2020-3331;0.417000000;0.986400000
CVE-2020-3330;0.034410000;0.885450000
CVE-2020-3329;0.006750000;0.502260000
CVE-2020-3327;0.050630000;0.920170000
CVE-2020-3323;0.057470000;0.928010000
CVE-2020-3322;0.006580000;0.494800000
CVE-2020-3321;0.014000000;0.714000000
CVE-2020-3320;0.006330000;0.482300000
CVE-2020-3319;0.006580000;0.494800000
CVE-2020-3318;0.009590000;0.599570000
CVE-2020-3317;0.009690000;0.603510000
CVE-2020-3315;0.022100000;0.818930000
CVE-2020-3314;0.005640000;0.446010000
CVE-2020-3313;0.008010000;0.548460000
CVE-2020-3312;0.010610000;0.631880000
CVE-2020-3311;0.008430000;0.562360000
CVE-2020-3310;0.012160000;0.673620000
CVE-2020-3309;0.017660000;0.771580000
CVE-2020-3308;0.006020000;0.466590000
CVE-2020-3307;0.009680000;0.603110000
CVE-2020-3306;0.012330000;0.677850000
CVE-2020-3305;0.012330000;0.677840000
CVE-2020-3304;0.039080000;0.899180000
CVE-2020-3303;0.012330000;0.677840000
CVE-2020-3302;0.017480000;0.768940000
CVE-2020-3301;0.007920000;0.545460000
CVE-2020-3299;0.023070000;0.826640000
CVE-2020-3298;0.019670000;0.795620000
CVE-2020-3297;0.030430000;0.870170000
CVE-2020-3296;0.031890000;0.875910000
CVE-2020-3295;0.031890000;0.875910000
CVE-2020-3294;0.031890000;0.875930000
CVE-2020-3293;0.031890000;0.875940000
CVE-2020-3292;0.031890000;0.875930000
CVE-2020-3291;0.031890000;0.875930000
CVE-2020-3290;0.031890000;0.875920000
CVE-2020-3289;0.031890000;0.875920000
CVE-2020-3288;0.031890000;0.875930000
CVE-2020-3287;0.031890000;0.875920000
CVE-2020-3286;0.031890000;0.875920000
CVE-2020-3285;0.014550000;0.724070000
CVE-2020-3284;0.028870000;0.863420000
CVE-2020-3283;0.020050000;0.799780000
CVE-2020-3282;0.008010000;0.548460000
CVE-2020-3281;0.010470000;0.627760000
CVE-2020-3280;0.069450000;0.938900000
CVE-2020-3279;0.028000000;0.859130000
CVE-2020-3278;0.028000000;0.859130000
CVE-2020-3277;0.028000000;0.859130000
CVE-2020-3276;0.028000000;0.859120000
CVE-2020-3275;0.028000000;0.859130000
CVE-2020-3274;0.028000000;0.859140000
CVE-2020-3273;0.012740000;0.687270000
CVE-2020-3272;0.015100000;0.734010000
CVE-2020-3269;0.025910000;0.846860000
CVE-2020-3268;0.025910000;0.846870000
CVE-2020-3267;0.008060000;0.550440000
CVE-2020-3266;0.005570000;0.441510000
CVE-2020-3265;0.003830000;0.296930000
CVE-2020-3264;0.007270000;0.522660000
CVE-2020-3263;0.041170000;0.904280000
CVE-2020-3262;0.014700000;0.726970000
CVE-2020-3261;0.005000000;0.404210000
CVE-2020-3260;0.004570000;0.371430000
CVE-2020-3259;0.717890000;0.994080000
CVE-2020-3258;0.046460000;0.914070000
CVE-2020-3257;0.007030000;0.513690000
CVE-2020-3256;0.011940000;0.667670000
CVE-2020-3255;0.018400000;0.781210000
CVE-2020-3254;0.019670000;0.795610000
CVE-2020-3253;0.003040000;0.207940000
CVE-2020-3252;0.053260000;0.923260000
CVE-2020-3251;0.615160000;0.991430000
CVE-2020-3250;0.609470000;0.991280000
CVE-2020-3249;0.235870000;0.977310000
CVE-2020-3248;0.744380000;0.994800000
CVE-2020-3247;0.755730000;0.995040000
CVE-2020-3246;0.009000000;0.580610000
CVE-2020-3245;0.012070000;0.670880000
CVE-2020-3244;0.010110000;0.617090000
CVE-2020-3243;0.883740000;0.997680000
CVE-2020-3242;0.010760000;0.636050000
CVE-2020-3241;0.019820000;0.797220000
CVE-2020-3240;0.386930000;0.985340000
CVE-2020-3239;0.735660000;0.994550000
CVE-2020-3238;0.012350000;0.678260000
CVE-2020-3237;0.003500000;0.260670000
CVE-2020-3236;0.004660000;0.377790000
CVE-2020-3235;0.015650000;0.742860000
CVE-2020-3234;0.003520000;0.262660000
CVE-2020-3233;0.006330000;0.482290000
CVE-2020-3232;0.010280000;0.622180000
CVE-2020-3231;0.004510000;0.366560000
CVE-2020-3230;0.016710000;0.758590000
CVE-2020-3229;0.053250000;0.923240000
CVE-2020-3228;0.018020000;0.776240000
CVE-2020-3227;0.034080000;0.884340000
CVE-2020-3226;0.015550000;0.741510000
CVE-2020-3225;0.021080000;0.810200000
CVE-2020-3224;0.018120000;0.777610000
CVE-2020-3223;0.019110000;0.789620000
CVE-2020-3222;0.004420000;0.358670000
CVE-2020-3221;0.015100000;0.734010000
CVE-2020-3220;0.005290000;0.424500000
CVE-2020-3219;0.033140000;0.881220000
CVE-2020-3218;0.049350000;0.918340000
CVE-2020-3217;0.010910000;0.640220000
CVE-2020-3216;0.004350000;0.352880000
CVE-2020-3215;0.003540000;0.265370000
CVE-2020-3214;0.003540000;0.265370000
CVE-2020-3213;0.004250000;0.342290000
CVE-2020-3212;0.025840000;0.846250000
CVE-2020-3211;0.035310000;0.888270000
CVE-2020-3210;0.004450000;0.361890000
CVE-2020-3209;0.002790000;0.182940000
CVE-2020-3208;0.003210000;0.226150000
CVE-2020-3207;0.006100000;0.470980000
CVE-2020-3206;0.004670000;0.379410000
CVE-2020-3205;0.009920000;0.610520000
CVE-2020-3204;0.003780000;0.291790000
CVE-2020-3203;0.008450000;0.562870000
CVE-2020-3201;0.003120000;0.216210000
CVE-2020-3200;0.017170000;0.765080000
CVE-2020-3199;0.006810000;0.504760000
CVE-2020-3198;0.044710000;0.911100000
CVE-2020-3197;0.009910000;0.610390000
CVE-2020-3196;0.019200000;0.790700000
CVE-2020-3195;0.019200000;0.790700000
CVE-2020-3194;0.019550000;0.794530000
CVE-2020-3193;0.011060000;0.644580000
CVE-2020-3192;0.008010000;0.548450000
CVE-2020-3191;0.018640000;0.784320000
CVE-2020-3190;0.013190000;0.696870000
CVE-2020-3189;0.018400000;0.781200000
CVE-2020-3188;0.017170000;0.765140000
CVE-2020-3187;0.965950000;0.998820000
CVE-2020-3186;0.013630000;0.706620000
CVE-2020-3185;0.006280000;0.479570000
CVE-2020-3184;0.009440000;0.595030000
CVE-2020-3182;0.005080000;0.410230000
CVE-2020-3181;0.015630000;0.742680000
CVE-2020-3180;0.002840000;0.187690000
CVE-2020-3179;0.019840000;0.797430000
CVE-2020-3178;0.008430000;0.562360000
CVE-2020-3177;0.027990000;0.859060000
CVE-2020-3176;0.004450000;0.361890000
CVE-2020-3175;0.019690000;0.795840000
CVE-2020-3174;0.002920000;0.195070000
CVE-2020-3173;0.004390000;0.356470000
CVE-2020-3172;0.018940000;0.787700000
CVE-2020-3171;0.004840000;0.392040000
CVE-2020-3170;0.017440000;0.768480000
CVE-2020-3169;0.004450000;0.361890000
CVE-2020-3168;0.015960000;0.747460000
CVE-2020-3167;0.008890000;0.577210000
CVE-2020-3166;0.002850000;0.188600000
CVE-2020-3165;0.015630000;0.742580000
CVE-2020-3164;0.012810000;0.688500000
CVE-2020-3163;0.008950000;0.579050000
CVE-2020-3162;0.017070000;0.763770000
CVE-2020-3161;0.838550000;0.996840000
CVE-2020-3160;0.012440000;0.680510000
CVE-2020-3159;0.008010000;0.548430000
CVE-2020-3158;0.025820000;0.846110000
CVE-2020-3157;0.006330000;0.482280000
CVE-2020-3156;0.010560000;0.630300000
CVE-2020-3155;0.008960000;0.579390000
CVE-2020-3154;0.008690000;0.571430000
CVE-2020-3153;0.283070000;0.980590000
CVE-2020-3152;0.003860000;0.300090000
CVE-2020-3151;0.002820000;0.186050000
CVE-2020-3150;0.015000000;0.732390000
CVE-2020-3149;0.006220000;0.477230000
CVE-2020-3148;0.005000000;0.404210000
CVE-2020-3147;0.022800000;0.824560000
CVE-2020-3146;0.028560000;0.861980000
CVE-2020-3145;0.018410000;0.781350000
CVE-2020-3144;0.028660000;0.862450000
CVE-2020-3143;0.084530000;0.948260000
CVE-2020-3142;0.014900000;0.730610000
CVE-2020-3141;0.017800000;0.773570000
CVE-2020-3140;0.030790000;0.871690000
CVE-2020-3139;0.010420000;0.626050000
CVE-2020-3138;0.002070000;0.097360000
CVE-2020-3137;0.008400000;0.561730000
CVE-2020-3136;0.008400000;0.561740000
CVE-2020-3135;0.005360000;0.429100000
CVE-2020-3134;0.010870000;0.639200000
CVE-2020-3133;0.013780000;0.709760000
CVE-2020-3132;0.015080000;0.733740000
CVE-2020-3131;0.021800000;0.816240000
CVE-2020-3130;0.018100000;0.777360000
CVE-2020-3129;0.006220000;0.477230000
CVE-2020-3128;0.019290000;0.791640000
CVE-2020-3127;0.023610000;0.830910000
CVE-2020-3126;0.008630000;0.569320000
CVE-2020-3125;0.024170000;0.834960000
CVE-2020-3124;0.005000000;0.404220000
CVE-2020-3123;0.026040000;0.847630000
CVE-2020-3122;0.003810000;0.294680000
CVE-2020-3121;0.010660000;0.633540000
CVE-2020-3120;0.016390000;0.753860000
CVE-2020-3119;0.047840000;0.916130000
CVE-2020-3118;0.116850000;0.959220000
CVE-2020-3117;0.009290000;0.590070000
CVE-2020-3116;0.006640000;0.497400000
CVE-2020-3115;0.003330000;0.239310000
CVE-2020-3114;0.005660000;0.447700000
CVE-2020-3113;0.006280000;0.479570000
CVE-2020-3112;0.014520000;0.723520000
CVE-2020-3111;0.030950000;0.872310000
CVE-2020-3110;0.057280000;0.927790000
CVE-2020-2984;0.011340000;0.651380000
CVE-2020-2983;0.011030000;0.643700000
CVE-2020-2982;0.011030000;0.643710000
CVE-2020-2981;0.004340000;0.351620000
CVE-2020-2978;0.012420000;0.679980000
CVE-2020-2977;0.006990000;0.511890000
CVE-2020-2976;0.006880000;0.507570000
CVE-2020-2975;0.006880000;0.507570000
CVE-2020-2974;0.006880000;0.507580000
CVE-2020-2973;0.006880000;0.507580000
CVE-2020-2972;0.006610000;0.496140000
CVE-2020-2971;0.006990000;0.511890000
CVE-2020-2969;0.020310000;0.802530000
CVE-2020-2968;0.011110000;0.645790000
CVE-2020-2967;0.022490000;0.822080000
CVE-2020-29669;0.048660000;0.917300000
CVE-2020-29668;0.019810000;0.797170000
CVE-2020-29667;0.032300000;0.877700000
CVE-2020-29666;0.014570000;0.724460000
CVE-2020-29664;0.014920000;0.730830000
CVE-2020-29663;0.015730000;0.744150000
CVE-2020-29662;0.007220000;0.520850000
CVE-2020-29661;0.011200000;0.648100000
CVE-2020-29660;0.004740000;0.384810000
CVE-2020-2966;0.011510000;0.655910000
CVE-2020-29659;0.053130000;0.923120000
CVE-2020-29658;0.041000000;0.903910000
CVE-2020-29657;0.012290000;0.677040000
CVE-2020-29656;0.010710000;0.634860000
CVE-2020-29655;0.009140000;0.585220000
CVE-2020-29654;0.004350000;0.352280000
CVE-2020-29653;0.014310000;0.719660000
CVE-2020-29652;0.032670000;0.879360000
CVE-2020-29651;0.046620000;0.914300000
CVE-2020-2964;0.010510000;0.628590000
CVE-2020-29639;0.006560000;0.493800000
CVE-2020-29633;0.010510000;0.628980000
CVE-2020-2963;0.013840000;0.710740000
CVE-2020-29629;0.006340000;0.482920000
CVE-2020-29625;0.008990000;0.580100000
CVE-2020-29624;0.010360000;0.624510000
CVE-2020-29623;0.003600000;0.272660000
CVE-2020-29622;0.010900000;0.640050000
CVE-2020-29621;0.003790000;0.292870000
CVE-2020-29620;0.006460000;0.488620000
CVE-2020-29619;0.007930000;0.545970000
CVE-2020-29618;0.010290000;0.622300000
CVE-2020-29617;0.007930000;0.545970000
CVE-2020-29616;0.008580000;0.567770000
CVE-2020-29615;0.007780000;0.540540000
CVE-2020-29614;0.007930000;0.545960000
CVE-2020-29613;0.005780000;0.453560000
CVE-2020-29612;0.010130000;0.617750000
CVE-2020-29611;0.010150000;0.618230000
CVE-2020-29610;0.008170000;0.554030000
CVE-2020-2961;0.018910000;0.787350000
CVE-2020-29608;0.010270000;0.621730000
CVE-2020-29607;0.331940000;0.983160000
CVE-2020-29605;0.008920000;0.578180000
CVE-2020-29604;0.011110000;0.645760000
CVE-2020-29603;0.010440000;0.626940000
CVE-2020-29602;0.021930000;0.817330000
CVE-2020-29601;0.023220000;0.827840000
CVE-2020-29600;0.038360000;0.897390000
CVE-2020-29599;0.075080000;0.942850000
CVE-2020-29597;0.710060000;0.993870000
CVE-2020-29596;0.026930000;0.853120000
CVE-2020-29595;0.012490000;0.681700000
CVE-2020-29594;0.016330000;0.752950000
CVE-2020-29593;0.006290000;0.480010000
CVE-2020-29592;0.021800000;0.816300000
CVE-2020-29591;0.026450000;0.850110000
CVE-2020-2959;0.026860000;0.852700000
CVE-2020-29587;0.006760000;0.502570000
CVE-2020-29583;0.901550000;0.997950000
CVE-2020-29582;0.025720000;0.845500000
CVE-2020-29581;0.022740000;0.823990000
CVE-2020-29580;0.023220000;0.827830000
CVE-2020-2958;0.003790000;0.292520000
CVE-2020-29579;0.021930000;0.817330000
CVE-2020-29578;0.022740000;0.823990000
CVE-2020-29577;0.023220000;0.827840000
CVE-2020-29576;0.030150000;0.869120000
CVE-2020-29575;0.029330000;0.865630000
CVE-2020-29574;0.046580000;0.914250000
CVE-2020-29573;0.027230000;0.854770000
CVE-2020-29572;0.007810000;0.541690000
CVE-2020-29571;0.003840000;0.298270000
CVE-2020-29570;0.003770000;0.290910000
CVE-2020-29569;0.003930000;0.308690000
CVE-2020-29568;0.003610000;0.272880000
CVE-2020-29567;0.003650000;0.277220000
CVE-2020-29566;0.004440000;0.360600000
CVE-2020-29565;0.014290000;0.719240000
CVE-2020-29564;0.061720000;0.932450000
CVE-2020-29563;0.029220000;0.865120000
CVE-2020-29562;0.015310000;0.737200000
CVE-2020-29561;0.006540000;0.492710000
CVE-2020-2956;0.019560000;0.794670000
CVE-2020-29557;0.543200000;0.989780000
CVE-2020-29556;0.009850000;0.608370000
CVE-2020-29555;0.028990000;0.864070000
CVE-2020-29553;0.013610000;0.706310000
CVE-2020-29552;0.048760000;0.917460000
CVE-2020-29551;0.028690000;0.862560000
CVE-2020-29550;0.014390000;0.720930000
CVE-2020-2955;0.008980000;0.579910000
CVE-2020-29548;0.011270000;0.649760000
CVE-2020-29547;0.007530000;0.531920000
CVE-2020-29540;0.011910000;0.667100000
CVE-2020-2954;0.010020000;0.614030000
CVE-2020-29539;0.006590000;0.495140000
CVE-2020-29538;0.009690000;0.603480000
CVE-2020-29537;0.008060000;0.550540000
CVE-2020-29536;0.005370000;0.429790000
CVE-2020-29535;0.008100000;0.551880000
CVE-2020-29534;0.004600000;0.372970000
CVE-2020-2953;0.021830000;0.816460000
CVE-2020-29529;0.028170000;0.860030000
CVE-2020-2952;0.012100000;0.671950000
CVE-2020-29511;0.019660000;0.795510000
CVE-2020-29510;0.020720000;0.806710000
CVE-2020-2951;0.003640000;0.276560000
CVE-2020-29509;0.020990000;0.809400000
CVE-2020-29508;0.011400000;0.652960000
CVE-2020-29507;0.010660000;0.633610000
CVE-2020-29506;0.011210000;0.648390000
CVE-2020-29505;0.007410000;0.527980000
CVE-2020-29504;0.004890000;0.396210000
CVE-2020-29503;0.002030000;0.091810000
CVE-2020-29502;0.002000000;0.089090000
CVE-2020-29501;0.001760000;0.063240000
CVE-2020-29500;0.002000000;0.089090000
CVE-2020-2950;0.710310000;0.993880000
CVE-2020-29499;0.004190000;0.336400000
CVE-2020-29498;0.010710000;0.634740000
CVE-2020-29497;0.008080000;0.551100000
CVE-2020-29496;0.007940000;0.546310000
CVE-2020-29495;0.061580000;0.932330000
CVE-2020-29494;0.016800000;0.759880000
CVE-2020-29493;0.026110000;0.848010000
CVE-2020-29492;0.017360000;0.767420000
CVE-2020-29491;0.018480000;0.782150000
CVE-2020-29490;0.014820000;0.729050000
CVE-2020-2949;0.012270000;0.676460000
CVE-2020-29489;0.001640000;0.049730000
CVE-2020-29487;0.014460000;0.722280000
CVE-2020-29486;0.004110000;0.327720000
CVE-2020-29485;0.004050000;0.321660000
CVE-2020-29484;0.003900000;0.305100000
CVE-2020-29483;0.003750000;0.288460000
CVE-2020-29482;0.003900000;0.305100000
CVE-2020-29481;0.003510000;0.262180000
CVE-2020-29480;0.003100000;0.213670000
CVE-2020-29479;0.003080000;0.211650000
CVE-2020-29478;0.011650000;0.659980000
CVE-2020-29477;0.011040000;0.643920000
CVE-2020-29475;0.010950000;0.641610000
CVE-2020-29474;0.042400000;0.906810000
CVE-2020-29472;0.042910000;0.907740000
CVE-2020-29471;0.012730000;0.686980000
CVE-2020-29470;0.017110000;0.764260000
CVE-2020-2947;0.008260000;0.557270000
CVE-2020-29469;0.013870000;0.711450000
CVE-2020-2946;0.013350000;0.700600000
CVE-2020-29458;0.006580000;0.494880000
CVE-2020-29457;0.003110000;0.215320000
CVE-2020-29456;0.015590000;0.742070000
CVE-2020-29455;0.011620000;0.659180000
CVE-2020-29454;0.009060000;0.582450000
CVE-2020-29453;0.239480000;0.977620000
CVE-2020-29451;0.008760000;0.573500000
CVE-2020-29450;0.022140000;0.819270000
CVE-2020-2945;0.012100000;0.672110000
CVE-2020-29448;0.025840000;0.846220000
CVE-2020-29447;0.010030000;0.614550000
CVE-2020-29446;0.011840000;0.665360000
CVE-2020-29445;0.012010000;0.669350000
CVE-2020-29444;0.009280000;0.589750000
CVE-2020-29443;0.003720000;0.285340000
CVE-2020-29441;0.009520000;0.597520000
CVE-2020-29440;0.002130000;0.104370000
CVE-2020-2944;0.018020000;0.776220000
CVE-2020-29439;0.004140000;0.331030000
CVE-2020-29438;0.004110000;0.327990000
CVE-2020-29437;0.028140000;0.859910000
CVE-2020-29436;0.014590000;0.724830000
CVE-2020-2943;0.010510000;0.628610000
CVE-2020-2942;0.010510000;0.628600000
CVE-2020-2941;0.010510000;0.628600000
CVE-2020-2940;0.010510000;0.628600000
CVE-2020-29396;0.032330000;0.877820000
CVE-2020-29395;0.128830000;0.961740000
CVE-2020-29394;0.019400000;0.793050000
CVE-2020-29392;0.004140000;0.331030000
CVE-2020-29390;0.395650000;0.985670000
CVE-2020-2939;0.010510000;0.628590000
CVE-2020-29389;0.017330000;0.767050000
CVE-2020-29385;0.015410000;0.739140000
CVE-2020-29384;0.010520000;0.629320000
CVE-2020-29383;0.002740000;0.177630000
CVE-2020-29382;0.003300000;0.235790000
CVE-2020-29381;0.023500000;0.830020000
CVE-2020-29380;0.004800000;0.389280000
CVE-2020-2938;0.010510000;0.628590000
CVE-2020-29379;0.003240000;0.228860000
CVE-2020-29378;0.010880000;0.639540000
CVE-2020-29377;0.013180000;0.696700000
CVE-2020-29376;0.011220000;0.648500000
CVE-2020-29375;0.008090000;0.551520000
CVE-2020-29374;0.004070000;0.323870000
CVE-2020-29373;0.005180000;0.417210000
CVE-2020-29372;0.004020000;0.318280000
CVE-2020-29371;0.007270000;0.522690000
CVE-2020-29370;0.006080000;0.469460000
CVE-2020-2937;0.010510000;0.628600000
CVE-2020-29369;0.004560000;0.370450000
CVE-2020-29368;0.003650000;0.277520000
CVE-2020-29367;0.012010000;0.669420000
CVE-2020-29364;0.006220000;0.477030000
CVE-2020-29363;0.035280000;0.888180000
CVE-2020-29362;0.022700000;0.823660000
CVE-2020-29361;0.033630000;0.882840000
CVE-2020-2936;0.010510000;0.628580000
CVE-2020-2935;0.010510000;0.628580000
CVE-2020-2934;0.032800000;0.879820000
CVE-2020-2933;0.015470000;0.739930000
CVE-2020-29324;0.010730000;0.635450000
CVE-2020-29323;0.014090000;0.715480000
CVE-2020-29322;0.017110000;0.764370000
CVE-2020-29321;0.013540000;0.704650000
CVE-2020-2932;0.015140000;0.734630000
CVE-2020-29315;0.010260000;0.621430000
CVE-2020-29312;0.012560000;0.683250000
CVE-2020-29311;0.065610000;0.935840000
CVE-2020-2931;0.027800000;0.858240000
CVE-2020-29304;0.055500000;0.925640000
CVE-2020-29303;0.019530000;0.794410000
CVE-2020-2930;0.018120000;0.777640000
CVE-2020-29299;0.023720000;0.831610000
CVE-2020-29297;0.008200000;0.555130000
CVE-2020-29292;0.003700000;0.283460000
CVE-2020-2929;0.005860000;0.457960000
CVE-2020-29288;0.025940000;0.847000000
CVE-2020-29287;0.027550000;0.856560000
CVE-2020-29285;0.013350000;0.700310000
CVE-2020-29284;0.060930000;0.931730000
CVE-2020-29283;0.013350000;0.700310000
CVE-2020-29282;0.027000000;0.853470000
CVE-2020-29280;0.018980000;0.788220000
CVE-2020-2928;0.020640000;0.805940000
CVE-2020-29279;0.528810000;0.989380000
CVE-2020-2927;0.003610000;0.273480000
CVE-2020-29260;0.011060000;0.644600000
CVE-2020-2926;0.018540000;0.783100000
CVE-2020-29259;0.006730000;0.501340000
CVE-2020-29258;0.006860000;0.506850000
CVE-2020-29257;0.007000000;0.512570000
CVE-2020-29254;0.015000000;0.732330000
CVE-2020-29250;0.006680000;0.499170000
CVE-2020-2925;0.021990000;0.818030000
CVE-2020-29249;0.006680000;0.499120000
CVE-2020-29247;0.007990000;0.547820000
CVE-2020-29245;0.011010000;0.643270000
CVE-2020-29244;0.011240000;0.649120000
CVE-2020-29243;0.011240000;0.649120000
CVE-2020-29242;0.011340000;0.651390000
CVE-2020-29241;0.006320000;0.482140000
CVE-2020-29240;0.016930000;0.761800000
CVE-2020-2924;0.025920000;0.846920000
CVE-2020-29239;0.004610000;0.374530000
CVE-2020-29238;0.164830000;0.968860000
CVE-2020-29233;0.012860000;0.689710000
CVE-2020-29231;0.005980000;0.464700000
CVE-2020-29230;0.008070000;0.550800000
CVE-2020-2923;0.025220000;0.842240000
CVE-2020-29228;0.011460000;0.654370000
CVE-2020-29227;0.168220000;0.969420000
CVE-2020-2922;0.024970000;0.840540000
CVE-2020-29215;0.006150000;0.473660000
CVE-2020-29214;0.044990000;0.911570000
CVE-2020-2921;0.018280000;0.779750000
CVE-2020-29205;0.015330000;0.737720000
CVE-2020-29204;0.008930000;0.578490000
CVE-2020-29203;0.012760000;0.687630000
CVE-2020-2920;0.011620000;0.659140000
CVE-2020-29194;0.012150000;0.673410000
CVE-2020-29193;0.003630000;0.275780000
CVE-2020-29189;0.018880000;0.786910000
CVE-2020-29177;0.009610000;0.600450000
CVE-2020-29176;0.008620000;0.569120000
CVE-2020-29172;0.009410000;0.594110000
CVE-2020-29171;0.014950000;0.731200000
CVE-2020-29168;0.012440000;0.680430000
CVE-2020-29166;0.023080000;0.826840000
CVE-2020-29165;0.017180000;0.765240000
CVE-2020-29164;0.061980000;0.932670000
CVE-2020-29163;0.011370000;0.652010000
CVE-2020-29160;0.009100000;0.583820000
CVE-2020-29159;0.009290000;0.590050000
CVE-2020-29158;0.006800000;0.504540000
CVE-2020-29157;0.004580000;0.371930000
CVE-2020-29156;0.040260000;0.902300000
CVE-2020-2915;0.019610000;0.795100000
CVE-2020-29147;0.011220000;0.648560000
CVE-2020-29146;0.006620000;0.496450000
CVE-2020-29145;0.005570000;0.441380000
CVE-2020-29144;0.005570000;0.441400000
CVE-2020-29143;0.018410000;0.781270000
CVE-2020-29142;0.019710000;0.796080000
CVE-2020-29140;0.019710000;0.796080000
CVE-2020-2914;0.003850000;0.299050000
CVE-2020-29139;0.018410000;0.781270000
CVE-2020-29138;0.011300000;0.650490000
CVE-2020-29137;0.006410000;0.486480000
CVE-2020-29136;0.011930000;0.667600000
CVE-2020-29135;0.005810000;0.455430000
CVE-2020-29134;0.276390000;0.980200000
CVE-2020-29133;0.010810000;0.637390000
CVE-2020-29130;0.018880000;0.786970000
CVE-2020-2913;0.003850000;0.299050000
CVE-2020-29129;0.014600000;0.725160000
CVE-2020-29128;0.023230000;0.827960000
CVE-2020-29127;0.044740000;0.911130000
CVE-2020-2912;0.009480000;0.596310000
CVE-2020-2911;0.005620000;0.444980000
CVE-2020-2910;0.003680000;0.281390000
CVE-2020-2909;0.009390000;0.593410000
CVE-2020-2908;0.005760000;0.452950000
CVE-2020-29075;0.078820000;0.945120000
CVE-2020-29074;0.017780000;0.773250000
CVE-2020-29072;0.007090000;0.516020000
CVE-2020-29071;0.016600000;0.756900000
CVE-2020-29070;0.011590000;0.657990000
CVE-2020-2907;0.005670000;0.447860000
CVE-2020-29069;0.003330000;0.239050000
CVE-2020-29063;0.005390000;0.431010000
CVE-2020-29062;0.014770000;0.728160000
CVE-2020-29061;0.014770000;0.728160000
CVE-2020-29060;0.014770000;0.728160000
CVE-2020-2906;0.012700000;0.686370000
CVE-2020-29059;0.014890000;0.730480000
CVE-2020-29058;0.014920000;0.730790000
CVE-2020-29057;0.019180000;0.790440000
CVE-2020-29056;0.020180000;0.801350000
CVE-2020-29055;0.006660000;0.498280000
CVE-2020-29054;0.013720000;0.708350000
CVE-2020-29053;0.006960000;0.510730000
CVE-2020-29050;0.021660000;0.815140000
CVE-2020-2905;0.003890000;0.303240000
CVE-2020-29047;0.160170000;0.967990000
CVE-2020-29045;0.307980000;0.981930000
CVE-2020-29043;0.014500000;0.723040000
CVE-2020-29042;0.010770000;0.636170000
CVE-2020-29041;0.013550000;0.705080000
CVE-2020-29040;0.003770000;0.290850000
CVE-2020-2904;0.025220000;0.842240000
CVE-2020-29032;0.004770000;0.386940000
CVE-2020-29031;0.007470000;0.529990000
CVE-2020-29030;0.005190000;0.417570000
CVE-2020-2903;0.021990000;0.818040000
CVE-2020-29029;0.007770000;0.540100000
CVE-2020-29028;0.006740000;0.501760000
CVE-2020-29027;0.004890000;0.395950000
CVE-2020-29026;0.014580000;0.724690000
CVE-2020-29025;0.006090000;0.470030000
CVE-2020-29024;0.005310000;0.425660000
CVE-2020-29023;0.005490000;0.436780000
CVE-2020-29022;0.008320000;0.558890000
CVE-2020-29021;0.006450000;0.488290000
CVE-2020-29020;0.017420000;0.768260000
CVE-2020-2902;0.005680000;0.448400000
CVE-2020-29019;0.020840000;0.807950000
CVE-2020-29018;0.020280000;0.802260000
CVE-2020-29017;0.036360000;0.891470000
CVE-2020-29016;0.033010000;0.880710000
CVE-2020-29015;0.025990000;0.847330000
CVE-2020-29014;0.005030000;0.405920000
CVE-2020-29013;0.006350000;0.483230000
CVE-2020-29012;0.005500000;0.437460000
CVE-2020-29011;0.009760000;0.606020000
CVE-2020-29010;0.005670000;0.448040000
CVE-2020-2901;0.025920000;0.846930000
CVE-2020-29007;0.023170000;0.827560000
CVE-2020-29006;0.012570000;0.683530000
CVE-2020-29005;0.006550000;0.493240000
CVE-2020-29004;0.007010000;0.512770000
CVE-2020-29003;0.005250000;0.421990000
CVE-2020-29002;0.005340000;0.428190000
CVE-2020-29001;0.012720000;0.686800000
CVE-2020-29000;0.025290000;0.842740000
CVE-2020-2900;0.006870000;0.507520000
CVE-2020-28999;0.017130000;0.764540000
CVE-2020-28998;0.028440000;0.861420000
CVE-2020-28994;0.012870000;0.689970000
CVE-2020-28993;0.028000000;0.859150000
CVE-2020-28991;0.017360000;0.767580000
CVE-2020-2899;0.007000000;0.512300000
CVE-2020-28984;0.021940000;0.817370000
CVE-2020-2898;0.025130000;0.841540000
CVE-2020-28978;0.154310000;0.966840000
CVE-2020-28977;0.154310000;0.966850000
CVE-2020-28976;0.277710000;0.980280000
CVE-2020-28975;0.035000000;0.887400000
CVE-2020-28974;0.005170000;0.416240000
CVE-2020-28973;0.009840000;0.608090000
CVE-2020-28972;0.030900000;0.872120000
CVE-2020-28971;0.038310000;0.897210000
CVE-2020-28970;0.039440000;0.900360000
CVE-2020-2897;0.025220000;0.842250000
CVE-2020-28969;0.006640000;0.497120000
CVE-2020-28968;0.005690000;0.448720000
CVE-2020-28967;0.088890000;0.950520000
CVE-2020-28964;0.004140000;0.331610000
CVE-2020-28963;0.004170000;0.334100000
CVE-2020-28961;0.005810000;0.455170000
CVE-2020-28960;0.015550000;0.741530000
CVE-2020-2896;0.021400000;0.812930000
CVE-2020-28957;0.005950000;0.462960000
CVE-2020-28956;0.005810000;0.455190000
CVE-2020-28955;0.005810000;0.455200000
CVE-2020-28954;0.012500000;0.681880000
CVE-2020-28953;0.007000000;0.512630000
CVE-2020-28952;0.012590000;0.683970000
CVE-2020-28951;0.017780000;0.773230000
CVE-2020-28950;0.004670000;0.379560000
CVE-2020-2895;0.025220000;0.842240000
CVE-2020-28949;0.845540000;0.996970000
CVE-2020-28948;0.474930000;0.988050000
CVE-2020-28947;0.008180000;0.554390000
CVE-2020-28946;0.012250000;0.675970000
CVE-2020-28945;0.010770000;0.636230000
CVE-2020-28944;0.015700000;0.743640000
CVE-2020-28943;0.011940000;0.667730000
CVE-2020-28942;0.003650000;0.278080000
CVE-2020-28941;0.003340000;0.242500000
CVE-2020-28940;0.039440000;0.900360000
CVE-2020-2894;0.005750000;0.452140000
CVE-2020-28939;0.017420000;0.768210000
CVE-2020-28938;0.005450000;0.434510000
CVE-2020-28937;0.013370000;0.701040000
CVE-2020-28935;0.004940000;0.399790000
CVE-2020-28931;0.005110000;0.411640000
CVE-2020-28930;0.006330000;0.482280000
CVE-2020-2893;0.024330000;0.836140000
CVE-2020-28929;0.012470000;0.681000000
CVE-2020-28928;0.006520000;0.491930000
CVE-2020-28927;0.006780000;0.503640000
CVE-2020-28926;0.128710000;0.961720000
CVE-2020-28925;0.010980000;0.642610000
CVE-2020-28924;0.013640000;0.706770000
CVE-2020-28923;0.009690000;0.603520000
CVE-2020-28922;0.006820000;0.505170000
CVE-2020-28921;0.006560000;0.493770000
CVE-2020-2892;0.020640000;0.805940000
CVE-2020-28919;0.010780000;0.636490000
CVE-2020-28918;0.010830000;0.638070000
CVE-2020-28917;0.005300000;0.424760000
CVE-2020-28916;0.006620000;0.496560000
CVE-2020-28915;0.003790000;0.292560000
CVE-2020-28914;0.003720000;0.285470000
CVE-2020-28912;0.004430000;0.359540000
CVE-2020-28911;0.027240000;0.854820000
CVE-2020-28910;0.039010000;0.899000000
CVE-2020-2891;0.011950000;0.668110000
CVE-2020-28909;0.051330000;0.921040000
CVE-2020-28908;0.056730000;0.927170000
CVE-2020-28907;0.034140000;0.884500000
CVE-2020-28906;0.047270000;0.915230000
CVE-2020-28905;0.262060000;0.979330000
CVE-2020-28904;0.036070000;0.890680000
CVE-2020-28903;0.100990000;0.954870000
CVE-2020-28902;0.064350000;0.934820000
CVE-2020-28901;0.091110000;0.951420000
CVE-2020-28900;0.023630000;0.830980000
CVE-2020-2890;0.014610000;0.725310000
CVE-2020-28899;0.016320000;0.752860000
CVE-2020-28898;0.012970000;0.692130000
CVE-2020-28896;0.023510000;0.830170000
CVE-2020-28895;0.015660000;0.742990000
CVE-2020-2889;0.012270000;0.676460000
CVE-2020-28885;0.021470000;0.813580000
CVE-2020-28884;0.020280000;0.802310000
CVE-2020-2888;0.012760000;0.687540000
CVE-2020-28877;0.011980000;0.668810000
CVE-2020-28874;0.023510000;0.830100000
CVE-2020-28873;0.008580000;0.567770000
CVE-2020-28872;0.033180000;0.881360000
CVE-2020-28871;0.857850000;0.997210000
CVE-2020-28870;0.031270000;0.873590000
CVE-2020-2887;0.010870000;0.639350000
CVE-2020-28865;0.007860000;0.543370000
CVE-2020-28864;0.028470000;0.861570000
CVE-2020-28861;0.022940000;0.825650000
CVE-2020-28860;0.021560000;0.814410000
CVE-2020-2886;0.010430000;0.626460000
CVE-2020-28859;0.007810000;0.541690000
CVE-2020-28858;0.010580000;0.630820000
CVE-2020-28857;0.015080000;0.733810000
CVE-2020-28856;0.024700000;0.838730000
CVE-2020-28852;0.017210000;0.765570000
CVE-2020-28851;0.022970000;0.825880000
CVE-2020-2885;0.013140000;0.695740000
CVE-2020-28849;0.004340000;0.351490000
CVE-2020-28848;0.011200000;0.648180000
CVE-2020-28847;0.004720000;0.383460000
CVE-2020-28846;0.004190000;0.337310000
CVE-2020-28845;0.011310000;0.650730000
CVE-2020-28841;0.008100000;0.551920000
CVE-2020-28840;0.003550000;0.266270000
CVE-2020-2884;0.022320000;0.820730000
CVE-2020-28838;0.003890000;0.303470000
CVE-2020-2883;0.949280000;0.998590000
CVE-2020-2882;0.465400000;0.987820000
CVE-2020-2881;0.013140000;0.695720000
CVE-2020-2880;0.013140000;0.695720000
CVE-2020-2879;0.013140000;0.695730000
CVE-2020-2878;0.013140000;0.695720000
CVE-2020-2877;0.013140000;0.695730000
CVE-2020-2876;0.013140000;0.695740000
CVE-2020-28759;0.007000000;0.512510000
CVE-2020-2875;0.022240000;0.820130000
CVE-2020-2874;0.013140000;0.695740000
CVE-2020-28736;0.014530000;0.723670000
CVE-2020-28735;0.014530000;0.723670000
CVE-2020-28734;0.014530000;0.723670000
CVE-2020-2873;0.013140000;0.695710000
CVE-2020-28727;0.007050000;0.514170000
CVE-2020-28726;0.006490000;0.490630000
CVE-2020-28724;0.016810000;0.760000000
CVE-2020-28723;0.016010000;0.748080000
CVE-2020-28722;0.006130000;0.472540000
CVE-2020-2872;0.013140000;0.695710000
CVE-2020-28717;0.005210000;0.419250000
CVE-2020-28715;0.008450000;0.562880000
CVE-2020-28713;0.013590000;0.705810000
CVE-2020-2871;0.661860000;0.992560000
CVE-2020-28707;0.010120000;0.617350000
CVE-2020-28705;0.005850000;0.457890000
CVE-2020-28702;0.010940000;0.641420000
CVE-2020-2870;0.013140000;0.695710000
CVE-2020-28695;0.023010000;0.826250000
CVE-2020-28693;0.025280000;0.842700000
CVE-2020-28692;0.016390000;0.753950000
CVE-2020-2869;0.011600000;0.658270000
CVE-2020-28688;0.120350000;0.959990000
CVE-2020-28687;0.120350000;0.959990000
CVE-2020-2868;0.010420000;0.626020000
CVE-2020-28679;0.025320000;0.842910000
CVE-2020-28672;0.116550000;0.959140000
CVE-2020-2867;0.013700000;0.707880000
CVE-2020-2866;0.010870000;0.639350000
CVE-2020-28657;0.016680000;0.758090000
CVE-2020-28656;0.003480000;0.258070000
CVE-2020-28653;0.787000000;0.995780000
CVE-2020-28650;0.006990000;0.512090000
CVE-2020-2865;0.014030000;0.714510000
CVE-2020-28649;0.007740000;0.539490000
CVE-2020-28648;0.061930000;0.932600000
CVE-2020-28647;0.014690000;0.726890000
CVE-2020-28646;0.007730000;0.539210000
CVE-2020-28645;0.012400000;0.679260000
CVE-2020-28644;0.004610000;0.374650000
CVE-2020-28642;0.025550000;0.844420000
CVE-2020-28641;0.007730000;0.539240000
CVE-2020-2864;0.014690000;0.726910000
CVE-2020-28638;0.007140000;0.517780000
CVE-2020-28636;0.028780000;0.863010000
CVE-2020-28635;0.023000000;0.826130000
CVE-2020-28634;0.022800000;0.824500000
CVE-2020-28633;0.022990000;0.826050000
CVE-2020-28632;0.022990000;0.826060000
CVE-2020-28631;0.022990000;0.826060000
CVE-2020-28630;0.022800000;0.824510000
CVE-2020-2863;0.011230000;0.648750000
CVE-2020-28629;0.022990000;0.826070000
CVE-2020-28628;0.024130000;0.834600000
CVE-2020-28627;0.024230000;0.835310000
CVE-2020-28626;0.024080000;0.834190000
CVE-2020-28625;0.024220000;0.835260000
CVE-2020-28624;0.022800000;0.824500000
CVE-2020-28623;0.024080000;0.834180000
CVE-2020-28622;0.024080000;0.834190000
CVE-2020-28621;0.024280000;0.835820000
CVE-2020-28620;0.024280000;0.835820000
CVE-2020-2862;0.011760000;0.663130000
CVE-2020-28619;0.024280000;0.835810000
CVE-2020-28618;0.024280000;0.835820000
CVE-2020-28617;0.024290000;0.835870000
CVE-2020-28616;0.024280000;0.835820000
CVE-2020-28615;0.024280000;0.835810000
CVE-2020-28614;0.024130000;0.834590000
CVE-2020-28613;0.024130000;0.834590000
CVE-2020-28612;0.024220000;0.835250000
CVE-2020-28611;0.024020000;0.833730000
CVE-2020-28610;0.024220000;0.835260000
CVE-2020-2861;0.014400000;0.721260000
CVE-2020-28609;0.020140000;0.800900000
CVE-2020-28608;0.024220000;0.835270000
CVE-2020-28607;0.024220000;0.835260000
CVE-2020-28606;0.024020000;0.833730000
CVE-2020-28605;0.024130000;0.834590000
CVE-2020-28604;0.022990000;0.826060000
CVE-2020-28603;0.022660000;0.823320000
CVE-2020-28602;0.022990000;0.826050000
CVE-2020-28601;0.029020000;0.864180000
CVE-2020-28600;0.012740000;0.687220000
CVE-2020-2860;0.014400000;0.721250000
CVE-2020-28599;0.019720000;0.796160000
CVE-2020-28598;0.012740000;0.687220000
CVE-2020-28597;0.010720000;0.635140000
CVE-2020-28596;0.014360000;0.720440000
CVE-2020-28595;0.014670000;0.726580000
CVE-2020-28594;0.013420000;0.702040000
CVE-2020-28593;0.018750000;0.785570000
CVE-2020-28592;0.025450000;0.843750000
CVE-2020-28591;0.018970000;0.788140000
CVE-2020-28590;0.013420000;0.702180000
CVE-2020-2859;0.018050000;0.776690000
CVE-2020-28589;0.018800000;0.786030000
CVE-2020-28588;0.011000000;0.643110000
CVE-2020-28587;0.009490000;0.596470000
CVE-2020-28583;0.032450000;0.878270000
CVE-2020-28582;0.032450000;0.878280000
CVE-2020-28581;0.449530000;0.987380000
CVE-2020-28580;0.449530000;0.987380000
CVE-2020-2858;0.014400000;0.721250000
CVE-2020-28579;0.507340000;0.988870000
CVE-2020-28578;0.730480000;0.994410000
CVE-2020-28577;0.032450000;0.878280000
CVE-2020-28576;0.032450000;0.878280000
CVE-2020-28575;0.006730000;0.501390000
CVE-2020-28574;0.028070000;0.859480000
CVE-2020-28573;0.032450000;0.878270000
CVE-2020-28572;0.004270000;0.343900000
CVE-2020-2857;0.013140000;0.695850000
CVE-2020-2856;0.013140000;0.695850000
CVE-2020-2855;0.013140000;0.695710000
CVE-2020-2854;0.661860000;0.992560000
CVE-2020-2853;0.023580000;0.830740000
CVE-2020-2852;0.661860000;0.992550000
CVE-2020-2851;0.005600000;0.443890000
CVE-2020-28503;0.016970000;0.762210000
CVE-2020-28502;0.046290000;0.913840000
CVE-2020-28501;0.014980000;0.731990000
CVE-2020-28500;0.073360000;0.941830000
CVE-2020-2850;0.013140000;0.695730000
CVE-2020-28499;0.014430000;0.721760000
CVE-2020-28498;0.011960000;0.668350000
CVE-2020-28496;0.025190000;0.842100000
CVE-2020-28495;0.036040000;0.890610000
CVE-2020-28494;0.017020000;0.763000000
CVE-2020-28493;0.035460000;0.888720000
CVE-2020-28491;0.030740000;0.871500000
CVE-2020-28490;0.025490000;0.843940000
CVE-2020-2849;0.013140000;0.695730000
CVE-2020-28487;0.014440000;0.721950000
CVE-2020-28483;0.013160000;0.696290000
CVE-2020-28482;0.009800000;0.607090000
CVE-2020-28481;0.007300000;0.523700000
CVE-2020-28480;0.013590000;0.705730000
CVE-2020-2848;0.013140000;0.695700000
CVE-2020-28479;0.020470000;0.804150000
CVE-2020-28478;0.016000000;0.747950000
CVE-2020-28477;0.022930000;0.825570000
CVE-2020-28473;0.017650000;0.771420000
CVE-2020-28472;0.021420000;0.813160000
CVE-2020-28471;0.013730000;0.708510000
CVE-2020-28470;0.008250000;0.556780000
CVE-2020-2847;0.013140000;0.695830000
CVE-2020-28469;0.045790000;0.913020000
CVE-2020-28468;0.041980000;0.905970000
CVE-2020-28466;0.037290000;0.894220000
CVE-2020-28464;0.029960000;0.868340000
CVE-2020-28463;0.014870000;0.729990000
CVE-2020-28462;0.009150000;0.585410000
CVE-2020-28461;0.011870000;0.666060000
CVE-2020-28460;0.015360000;0.738150000
CVE-2020-2846;0.013140000;0.695820000
CVE-2020-28459;0.005970000;0.463960000
CVE-2020-28458;0.037150000;0.893770000
CVE-2020-28457;0.008830000;0.575540000
CVE-2020-28456;0.010850000;0.638610000
CVE-2020-28455;0.005970000;0.463970000
CVE-2020-28453;0.012910000;0.690760000
CVE-2020-28452;0.005240000;0.421320000
CVE-2020-28451;0.015030000;0.732810000
CVE-2020-28450;0.017600000;0.770750000
CVE-2020-2845;0.013140000;0.695820000
CVE-2020-28449;0.017600000;0.770750000
CVE-2020-28448;0.014550000;0.724110000
CVE-2020-28447;0.012910000;0.690760000
CVE-2020-28446;0.034220000;0.884720000
CVE-2020-28445;0.014870000;0.729950000
CVE-2020-28443;0.012910000;0.690770000
CVE-2020-28442;0.019830000;0.797290000
CVE-2020-28441;0.011870000;0.666060000
CVE-2020-28440;0.019870000;0.797860000
CVE-2020-2844;0.013140000;0.695820000
CVE-2020-28439;0.015900000;0.746580000
CVE-2020-28438;0.012910000;0.690750000
CVE-2020-28437;0.012910000;0.690760000
CVE-2020-28436;0.009560000;0.598600000
CVE-2020-28435;0.012910000;0.690750000
CVE-2020-28434;0.012910000;0.690750000
CVE-2020-28433;0.009130000;0.584490000
CVE-2020-2843;0.013140000;0.695840000
CVE-2020-28429;0.633050000;0.991830000
CVE-2020-28426;0.019290000;0.791580000
CVE-2020-28425;0.009130000;0.584490000
CVE-2020-28424;0.008120000;0.552340000
CVE-2020-28423;0.012910000;0.690750000
CVE-2020-28422;0.004310000;0.347630000
CVE-2020-28421;0.003020000;0.205780000
CVE-2020-2842;0.013140000;0.695830000
CVE-2020-28419;0.025830000;0.846200000
CVE-2020-28416;0.003780000;0.291750000
CVE-2020-28415;0.010900000;0.640030000
CVE-2020-28414;0.010900000;0.640030000
CVE-2020-28413;0.047820000;0.916070000
CVE-2020-2841;0.013140000;0.695840000
CVE-2020-28409;0.005570000;0.441410000
CVE-2020-28408;0.005450000;0.434510000
CVE-2020-28407;0.002790000;0.182930000
CVE-2020-28406;0.013060000;0.693910000
CVE-2020-28405;0.016180000;0.750640000
CVE-2020-28404;0.013060000;0.693910000
CVE-2020-28403;0.006630000;0.496920000
CVE-2020-28402;0.014160000;0.716940000
CVE-2020-28401;0.013060000;0.693910000
CVE-2020-28400;0.018560000;0.783300000
CVE-2020-2840;0.013140000;0.695840000
CVE-2020-28398;0.002090000;0.100590000
CVE-2020-28397;0.007520000;0.531440000
CVE-2020-28396;0.005710000;0.449820000
CVE-2020-28395;0.011760000;0.663030000
CVE-2020-28394;0.007130000;0.517570000
CVE-2020-28393;0.016290000;0.752340000
CVE-2020-28392;0.002930000;0.196140000
CVE-2020-28391;0.011190000;0.647780000
CVE-2020-28390;0.004400000;0.357460000
CVE-2020-2839;0.013140000;0.695850000
CVE-2020-28388;0.013500000;0.703740000
CVE-2020-28387;0.008880000;0.576790000
CVE-2020-28386;0.026250000;0.848820000
CVE-2020-28385;0.014780000;0.728330000
CVE-2020-28384;0.028450000;0.861510000
CVE-2020-28383;0.034390000;0.885350000
CVE-2020-28382;0.026250000;0.848820000
CVE-2020-28381;0.026210000;0.848640000
CVE-2020-2838;0.017110000;0.764210000
CVE-2020-28374;0.063090000;0.933720000
CVE-2020-28373;0.010410000;0.625890000
CVE-2020-28371;0.017360000;0.767570000
CVE-2020-2837;0.013140000;0.695840000
CVE-2020-28369;0.002330000;0.127870000
CVE-2020-28368;0.003980000;0.313510000
CVE-2020-28367;0.024050000;0.833940000
CVE-2020-28366;0.023420000;0.829440000
CVE-2020-28365;0.006990000;0.511830000
CVE-2020-28364;0.006470000;0.489160000
CVE-2020-28362;0.038590000;0.897980000
CVE-2020-28361;0.011080000;0.645030000
CVE-2020-28360;0.030770000;0.871600000
CVE-2020-2836;0.014400000;0.721260000
CVE-2020-28351;0.159870000;0.967910000
CVE-2020-28350;0.006680000;0.499130000
CVE-2020-2835;0.013140000;0.695830000
CVE-2020-28349;0.022010000;0.818220000
CVE-2020-28348;0.016500000;0.755570000
CVE-2020-28347;0.754060000;0.995020000
CVE-2020-28346;0.012310000;0.677430000
CVE-2020-28345;0.004150000;0.332080000
CVE-2020-28344;0.004220000;0.340050000
CVE-2020-28343;0.002510000;0.147820000
CVE-2020-28342;0.003090000;0.212770000
CVE-2020-28341;0.001930000;0.080740000
CVE-2020-28340;0.004550000;0.369380000
CVE-2020-2834;0.013140000;0.695850000
CVE-2020-28339;0.019020000;0.788650000
CVE-2020-28337;0.166110000;0.969130000
CVE-2020-28334;0.047650000;0.915850000
CVE-2020-28333;0.032390000;0.878030000
CVE-2020-28332;0.010920000;0.640520000
CVE-2020-28331;0.016940000;0.761830000
CVE-2020-28330;0.011600000;0.658200000
CVE-2020-2833;0.015250000;0.736240000
CVE-2020-28329;0.015620000;0.742440000
CVE-2020-28328;0.632670000;0.991820000
CVE-2020-28327;0.019930000;0.798510000
CVE-2020-2832;0.013140000;0.695830000
CVE-2020-2831;0.014400000;0.721250000
CVE-2020-2830;0.049480000;0.918560000
CVE-2020-2829;0.014810000;0.728940000
CVE-2020-28283;0.033600000;0.882750000
CVE-2020-28282;0.042400000;0.906800000
CVE-2020-28281;0.037470000;0.894790000
CVE-2020-28280;0.030710000;0.871370000
CVE-2020-2828;0.015760000;0.744560000
CVE-2020-28279;0.031060000;0.872660000
CVE-2020-28278;0.030710000;0.871360000
CVE-2020-28277;0.030710000;0.871360000
CVE-2020-28276;0.030710000;0.871360000
CVE-2020-28274;0.022770000;0.824240000
CVE-2020-28273;0.040450000;0.902720000
CVE-2020-28272;0.033980000;0.883980000
CVE-2020-28271;0.034120000;0.884450000
CVE-2020-28270;0.038460000;0.897630000
CVE-2020-2827;0.013140000;0.695800000
CVE-2020-28269;0.041620000;0.905250000
CVE-2020-28268;0.035700000;0.889440000
CVE-2020-28267;0.022910000;0.825380000
CVE-2020-2826;0.013140000;0.695810000
CVE-2020-28251;0.011750000;0.662870000
CVE-2020-28250;0.028860000;0.863400000
CVE-2020-2825;0.013140000;0.695810000
CVE-2020-28249;0.030630000;0.871070000
CVE-2020-28248;0.022160000;0.819460000
CVE-2020-28247;0.015220000;0.735720000
CVE-2020-28246;0.022890000;0.825270000
CVE-2020-28243;0.043020000;0.907960000
CVE-2020-28242;0.015590000;0.742010000
CVE-2020-28241;0.021590000;0.814640000
CVE-2020-2824;0.013140000;0.695810000
CVE-2020-2823;0.013140000;0.695810000
CVE-2020-28221;0.020500000;0.804480000
CVE-2020-28220;0.010630000;0.632420000
CVE-2020-2822;0.013140000;0.695800000
CVE-2020-28219;0.003100000;0.214310000
CVE-2020-28218;0.010880000;0.639440000
CVE-2020-28217;0.005830000;0.456210000
CVE-2020-28216;0.005060000;0.408020000
CVE-2020-28215;0.023390000;0.829220000
CVE-2020-28214;0.007340000;0.525320000
CVE-2020-28213;0.011780000;0.663820000
CVE-2020-28212;0.027570000;0.856710000
CVE-2020-28211;0.003270000;0.232650000
CVE-2020-28210;0.008130000;0.552710000
CVE-2020-2821;0.013140000;0.695800000
CVE-2020-28209;0.002760000;0.180030000
CVE-2020-28208;0.108170000;0.957040000
CVE-2020-28206;0.011400000;0.652990000
CVE-2020-28203;0.018910000;0.787320000
CVE-2020-28200;0.019680000;0.795710000
CVE-2020-2820;0.013140000;0.695770000
CVE-2020-28199;0.016640000;0.757500000
CVE-2020-28198;0.004150000;0.332990000
CVE-2020-28196;0.044170000;0.910030000
CVE-2020-28194;0.030040000;0.868720000
CVE-2020-28191;0.003800000;0.293520000
CVE-2020-28190;0.007870000;0.543730000
CVE-2020-2819;0.013140000;0.695750000
CVE-2020-28188;0.965980000;0.998820000
CVE-2020-28187;0.163500000;0.968590000
CVE-2020-28186;0.041290000;0.904630000
CVE-2020-28185;0.182530000;0.971240000
CVE-2020-28184;0.008690000;0.571290000
CVE-2020-28183;0.025560000;0.844460000
CVE-2020-2818;0.013140000;0.695790000
CVE-2020-28175;0.004930000;0.398660000
CVE-2020-28173;0.031830000;0.875770000
CVE-2020-28172;0.029860000;0.867860000
CVE-2020-2817;0.013140000;0.695790000
CVE-2020-28169;0.011710000;0.661440000
CVE-2020-28168;0.023590000;0.830760000
CVE-2020-28165;0.010870000;0.639230000
CVE-2020-28163;0.007870000;0.543510000
CVE-2020-2816;0.027660000;0.857270000
CVE-2020-28150;0.009050000;0.582090000
CVE-2020-2815;0.013140000;0.695790000
CVE-2020-28149;0.018610000;0.783890000
CVE-2020-28146;0.014580000;0.724710000
CVE-2020-28145;0.012540000;0.682650000
CVE-2020-28144;0.026140000;0.848180000
CVE-2020-28141;0.006040000;0.467710000
CVE-2020-28140;0.018630000;0.784160000
CVE-2020-2814;0.028050000;0.859440000
CVE-2020-28139;0.009770000;0.606350000
CVE-2020-28138;0.019810000;0.797080000
CVE-2020-28137;0.005610000;0.444280000
CVE-2020-28136;0.030680000;0.871250000
CVE-2020-28133;0.021070000;0.810090000
CVE-2020-28130;0.065320000;0.935580000
CVE-2020-2813;0.013140000;0.695740000
CVE-2020-28129;0.009670000;0.602900000
CVE-2020-28124;0.005160000;0.415590000
CVE-2020-2812;0.029810000;0.867670000
CVE-2020-28119;0.007400000;0.527470000
CVE-2020-28115;0.009530000;0.597850000
CVE-2020-2811;0.011430000;0.653650000
CVE-2020-28103;0.010960000;0.642220000
CVE-2020-28102;0.012130000;0.672990000
CVE-2020-2810;0.010030000;0.614240000
CVE-2020-28097;0.005190000;0.417680000
CVE-2020-28096;0.004830000;0.391480000
CVE-2020-28095;0.011710000;0.661480000
CVE-2020-28094;0.012200000;0.674630000
CVE-2020-28093;0.011770000;0.663320000
CVE-2020-28092;0.026900000;0.852970000
CVE-2020-28091;0.037970000;0.896210000
CVE-2020-2809;0.013140000;0.695790000
CVE-2020-28088;0.023430000;0.829560000
CVE-2020-28087;0.015540000;0.741390000
CVE-2020-28086;0.005930000;0.461680000
CVE-2020-2808;0.013140000;0.695780000
CVE-2020-28074;0.023390000;0.829230000
CVE-2020-28073;0.028070000;0.859490000
CVE-2020-28072;0.026820000;0.852460000
CVE-2020-28071;0.007790000;0.541140000
CVE-2020-28070;0.228980000;0.976720000
CVE-2020-2807;0.013140000;0.695780000
CVE-2020-28063;0.012920000;0.691070000
CVE-2020-28062;0.025680000;0.845240000
CVE-2020-2806;0.015310000;0.737200000
CVE-2020-28055;0.005070000;0.408680000
CVE-2020-28054;0.019760000;0.796610000
CVE-2020-28053;0.013960000;0.713000000
CVE-2020-28052;0.072250000;0.941120000
CVE-2020-28050;0.051260000;0.920940000
CVE-2020-2805;0.040510000;0.902880000
CVE-2020-28049;0.004160000;0.333920000
CVE-2020-28047;0.008450000;0.562950000
CVE-2020-28046;0.005120000;0.412910000
CVE-2020-28045;0.003660000;0.278280000
CVE-2020-28044;0.003410000;0.250660000
CVE-2020-28043;0.013260000;0.698370000
CVE-2020-28042;0.023250000;0.828090000
CVE-2020-28041;0.019990000;0.799130000
CVE-2020-28040;0.010810000;0.637590000
CVE-2020-2804;0.033890000;0.883670000
CVE-2020-28039;0.041080000;0.904130000
CVE-2020-28038;0.026110000;0.848020000
CVE-2020-28037;0.080690000;0.946050000
CVE-2020-28036;0.052170000;0.922140000
CVE-2020-28035;0.042550000;0.907100000
CVE-2020-28034;0.017210000;0.765550000
CVE-2020-28033;0.026540000;0.850780000
CVE-2020-28032;0.161190000;0.968160000
CVE-2020-28031;0.006280000;0.479620000
CVE-2020-28030;0.020660000;0.806180000
CVE-2020-2803;0.062300000;0.932970000
CVE-2020-28026;0.093260000;0.952170000
CVE-2020-28025;0.027640000;0.857180000
CVE-2020-28024;0.041530000;0.905070000
CVE-2020-28023;0.026060000;0.847760000
CVE-2020-28022;0.030170000;0.869200000
CVE-2020-28021;0.041390000;0.904850000
CVE-2020-28020;0.079440000;0.945420000
CVE-2020-2802;0.013180000;0.696580000
CVE-2020-28019;0.616640000;0.991450000
CVE-2020-28018;0.567500000;0.990350000
CVE-2020-28017;0.368990000;0.984600000
CVE-2020-28016;0.003950000;0.311340000
CVE-2020-28015;0.003760000;0.289270000
CVE-2020-28014;0.009400000;0.593810000
CVE-2020-28013;0.003930000;0.308920000
CVE-2020-28012;0.003950000;0.311330000
CVE-2020-28011;0.003930000;0.308920000
CVE-2020-28010;0.004170000;0.334580000
CVE-2020-2801;0.025690000;0.845340000
CVE-2020-28009;0.004680000;0.380340000
CVE-2020-28008;0.004070000;0.323640000
CVE-2020-28007;0.005300000;0.425460000
CVE-2020-28005;0.018090000;0.777210000
CVE-2020-28002;0.010730000;0.635330000
CVE-2020-28001;0.037890000;0.895940000
CVE-2020-2800;0.028790000;0.863070000
CVE-2020-27998;0.023590000;0.830770000
CVE-2020-27997;0.008230000;0.556100000
CVE-2020-27996;0.021740000;0.815800000
CVE-2020-27995;0.088330000;0.950220000
CVE-2020-27994;0.039260000;0.899850000
CVE-2020-27993;0.025360000;0.843170000
CVE-2020-27992;0.004260000;0.343700000
CVE-2020-27991;0.343630000;0.983620000
CVE-2020-27990;0.343630000;0.983620000
CVE-2020-2799;0.009200000;0.587060000
CVE-2020-27989;0.343630000;0.983620000
CVE-2020-27988;0.913110000;0.998090000
CVE-2020-27986;0.159660000;0.967880000
CVE-2020-27985;0.005300000;0.425280000
CVE-2020-27982;0.053420000;0.923400000
CVE-2020-27980;0.007630000;0.535750000
CVE-2020-2798;0.079800000;0.945600000
CVE-2020-27978;0.018550000;0.783230000
CVE-2020-27977;0.003370000;0.245540000
CVE-2020-27976;0.070380000;0.939670000
CVE-2020-27975;0.006150000;0.473250000
CVE-2020-27974;0.008360000;0.560390000
CVE-2020-27970;0.013210000;0.697170000
CVE-2020-2797;0.010420000;0.626020000
CVE-2020-27969;0.005310000;0.425900000
CVE-2020-2796;0.013140000;0.695780000
CVE-2020-27958;0.010520000;0.629270000
CVE-2020-27957;0.006910000;0.508790000
CVE-2020-27956;0.053740000;0.923750000
CVE-2020-27955;0.823230000;0.996520000
CVE-2020-27952;0.008880000;0.576810000
CVE-2020-27951;0.010610000;0.631850000
CVE-2020-27950;0.165200000;0.968940000
CVE-2020-2795;0.007230000;0.521050000
CVE-2020-27949;0.009770000;0.606210000
CVE-2020-27948;0.010030000;0.614210000
CVE-2020-27947;0.010180000;0.618970000
CVE-2020-27946;0.008010000;0.548370000
CVE-2020-27945;0.007280000;0.522960000
CVE-2020-27944;0.010080000;0.615610000
CVE-2020-27943;0.009820000;0.607650000
CVE-2020-27942;0.012840000;0.689150000
CVE-2020-27941;0.011250000;0.649230000
CVE-2020-27940;0.007540000;0.532190000
CVE-2020-2794;0.013140000;0.695780000
CVE-2020-27939;0.008990000;0.580100000
CVE-2020-27938;0.007180000;0.519530000
CVE-2020-27937;0.012840000;0.689210000
CVE-2020-27936;0.003140000;0.218260000
CVE-2020-27935;0.016840000;0.760490000
CVE-2020-27933;0.009940000;0.611320000
CVE-2020-27932;0.103370000;0.955580000
CVE-2020-27931;0.009940000;0.611320000
CVE-2020-27930;0.220090000;0.975880000
CVE-2020-2793;0.010510000;0.628590000
CVE-2020-27929;0.006040000;0.467720000
CVE-2020-27927;0.012620000;0.684700000
CVE-2020-27926;0.011690000;0.660850000
CVE-2020-27925;0.002710000;0.173360000
CVE-2020-27924;0.010410000;0.625970000
CVE-2020-27923;0.010410000;0.625970000
CVE-2020-27922;0.010150000;0.618240000
CVE-2020-27921;0.007440000;0.528970000
CVE-2020-27920;0.011850000;0.665580000
CVE-2020-27919;0.010380000;0.625060000
CVE-2020-27918;0.014250000;0.718630000
CVE-2020-27917;0.017370000;0.767640000
CVE-2020-27916;0.016210000;0.751140000
CVE-2020-27915;0.011010000;0.643180000
CVE-2020-27914;0.011010000;0.643180000
CVE-2020-27912;0.018260000;0.779490000
CVE-2020-27911;0.033980000;0.883990000
CVE-2020-27910;0.016630000;0.757440000
CVE-2020-2791;0.021830000;0.816460000
CVE-2020-27909;0.022230000;0.819950000
CVE-2020-27908;0.010810000;0.637540000
CVE-2020-27907;0.009840000;0.608120000
CVE-2020-27906;0.028900000;0.863580000
CVE-2020-27905;0.013290000;0.698970000
CVE-2020-27904;0.031420000;0.874110000
CVE-2020-27903;0.011660000;0.660230000
CVE-2020-27902;0.003200000;0.225040000
CVE-2020-27901;0.005820000;0.455930000
CVE-2020-27900;0.009550000;0.598330000
CVE-2020-2790;0.017900000;0.774650000
CVE-2020-27899;0.002700000;0.172200000
CVE-2020-27898;0.010030000;0.614610000
CVE-2020-27897;0.005780000;0.453660000
CVE-2020-27896;0.014510000;0.723200000
CVE-2020-27895;0.006570000;0.494260000
CVE-2020-27894;0.007080000;0.515740000
CVE-2020-27893;0.008190000;0.554620000
CVE-2020-27892;0.014590000;0.724830000
CVE-2020-27891;0.014590000;0.724830000
CVE-2020-27890;0.009650000;0.601570000
CVE-2020-2789;0.010030000;0.614250000
CVE-2020-27888;0.010150000;0.618260000
CVE-2020-27887;0.017650000;0.771540000
CVE-2020-27886;0.017040000;0.763340000
CVE-2020-27885;0.010940000;0.641560000
CVE-2020-27874;0.020870000;0.808200000
CVE-2020-27873;0.006200000;0.475810000
CVE-2020-27872;0.008980000;0.580010000
CVE-2020-27871;0.908300000;0.998030000
CVE-2020-27870;0.044800000;0.911230000
CVE-2020-2787;0.010400000;0.625480000
CVE-2020-27869;0.052700000;0.922690000
CVE-2020-27868;0.817530000;0.996360000
CVE-2020-27867;0.022340000;0.820900000
CVE-2020-27866;0.086560000;0.949390000
CVE-2020-27865;0.026390000;0.849750000
CVE-2020-27864;0.100950000;0.954850000
CVE-2020-27863;0.010240000;0.621110000
CVE-2020-27862;0.014240000;0.718290000
CVE-2020-27861;0.020330000;0.802790000
CVE-2020-27860;0.035540000;0.888930000
CVE-2020-2786;0.010400000;0.625480000
CVE-2020-27859;0.028990000;0.864060000
CVE-2020-27858;0.738280000;0.994640000
CVE-2020-27857;0.037970000;0.896220000
CVE-2020-27856;0.028650000;0.862350000
CVE-2020-27855;0.028650000;0.862360000
CVE-2020-27853;0.039420000;0.900320000
CVE-2020-27852;0.007850000;0.542830000
CVE-2020-27851;0.007850000;0.542820000
CVE-2020-27850;0.007960000;0.546830000
CVE-2020-2785;0.010400000;0.625480000
CVE-2020-27848;0.012490000;0.681550000
CVE-2020-27847;0.017180000;0.765200000
CVE-2020-27846;0.049310000;0.918280000
CVE-2020-27845;0.015020000;0.732580000
CVE-2020-27844;0.013770000;0.709520000
CVE-2020-27843;0.017510000;0.769380000
CVE-2020-27842;0.015020000;0.732590000
CVE-2020-27841;0.014360000;0.720550000
CVE-2020-27840;0.038330000;0.897250000
CVE-2020-2784;0.012440000;0.680400000
CVE-2020-27839;0.024490000;0.837280000
CVE-2020-27838;0.179430000;0.970860000
CVE-2020-27837;0.002280000;0.122240000
CVE-2020-27836;0.012140000;0.673210000
CVE-2020-27835;0.003080000;0.211600000
CVE-2020-27833;0.016640000;0.757500000
CVE-2020-27832;0.009100000;0.583670000
CVE-2020-27831;0.005460000;0.435200000
CVE-2020-27830;0.003030000;0.206470000
CVE-2020-2783;0.008990000;0.580140000
CVE-2020-27829;0.012040000;0.670170000
CVE-2020-27828;0.013880000;0.711530000
CVE-2020-27827;0.032350000;0.877890000
CVE-2020-27826;0.005720000;0.450450000
CVE-2020-27825;0.002790000;0.182510000
CVE-2020-27824;0.016100000;0.749440000
CVE-2020-27823;0.011070000;0.644790000
CVE-2020-27822;0.011220000;0.648530000
CVE-2020-27821;0.003640000;0.277060000
CVE-2020-27820;0.005020000;0.405200000
CVE-2020-2782;0.010610000;0.631820000
CVE-2020-27819;0.008290000;0.558040000
CVE-2020-27818;0.012230000;0.675500000
CVE-2020-27816;0.006510000;0.491440000
CVE-2020-27815;0.007880000;0.543870000
CVE-2020-27814;0.020080000;0.800480000
CVE-2020-27813;0.021460000;0.813530000
CVE-2020-2781;0.049480000;0.918560000
CVE-2020-27802;0.002850000;0.188200000
CVE-2020-27801;0.003790000;0.292820000
CVE-2020-27800;0.003260000;0.231020000
CVE-2020-2780;0.024300000;0.835910000
CVE-2020-27799;0.003260000;0.231030000
CVE-2020-27798;0.002850000;0.188200000
CVE-2020-27797;0.002850000;0.188210000
CVE-2020-27796;0.003350000;0.242720000
CVE-2020-27795;0.014740000;0.727630000
CVE-2020-27794;0.010840000;0.638460000
CVE-2020-27793;0.010900000;0.639880000
CVE-2020-27792;0.004620000;0.375490000
CVE-2020-27790;0.003290000;0.234130000
CVE-2020-2779;0.023940000;0.833130000
CVE-2020-27788;0.003290000;0.234130000
CVE-2020-27787;0.004130000;0.330050000
CVE-2020-27786;0.016720000;0.758730000
CVE-2020-27784;0.002320000;0.126620000
CVE-2020-27783;0.039820000;0.901340000
CVE-2020-27782;0.013750000;0.709080000
CVE-2020-27781;0.003140000;0.218110000
CVE-2020-27780;0.019830000;0.797380000
CVE-2020-2778;0.023560000;0.830530000
CVE-2020-27779;0.003900000;0.305330000
CVE-2020-27778;0.022010000;0.818170000
CVE-2020-27777;0.004760000;0.386640000
CVE-2020-27776;0.008840000;0.575840000
CVE-2020-27775;0.011380000;0.652470000
CVE-2020-27774;0.011380000;0.652480000
CVE-2020-27773;0.009770000;0.606430000
CVE-2020-27772;0.011380000;0.652470000
CVE-2020-27771;0.011750000;0.662850000
CVE-2020-27770;0.011470000;0.654680000
CVE-2020-2777;0.008300000;0.558550000
CVE-2020-27769;0.010940000;0.641460000
CVE-2020-27768;0.014110000;0.715870000
CVE-2020-27767;0.011380000;0.652480000
CVE-2020-27766;0.011970000;0.668580000
CVE-2020-27765;0.010130000;0.617630000
CVE-2020-27764;0.011610000;0.658850000
CVE-2020-27763;0.009250000;0.588710000
CVE-2020-27762;0.011040000;0.644030000
CVE-2020-27761;0.010880000;0.639480000
CVE-2020-27760;0.014320000;0.719770000
CVE-2020-2776;0.018050000;0.776690000
CVE-2020-27759;0.011400000;0.653040000
CVE-2020-27758;0.011380000;0.652470000
CVE-2020-27757;0.010850000;0.638710000
CVE-2020-27756;0.008430000;0.562440000
CVE-2020-27755;0.008620000;0.569150000
CVE-2020-27754;0.011380000;0.652480000
CVE-2020-27753;0.008620000;0.569150000
CVE-2020-27752;0.010860000;0.639070000
CVE-2020-27751;0.011280000;0.649990000
CVE-2020-27750;0.009940000;0.611370000
CVE-2020-2775;0.014030000;0.714510000
CVE-2020-27749;0.005730000;0.451070000
CVE-2020-27748;0.014360000;0.720620000
CVE-2020-27747;0.011040000;0.643990000
CVE-2020-27746;0.008340000;0.559660000
CVE-2020-27745;0.022420000;0.821590000
CVE-2020-27744;0.061600000;0.932330000
CVE-2020-27743;0.017360000;0.767570000
CVE-2020-27742;0.011500000;0.655610000
CVE-2020-27741;0.010820000;0.637890000
CVE-2020-27740;0.012920000;0.691050000
CVE-2020-2774;0.024610000;0.838070000
CVE-2020-27739;0.018360000;0.780690000
CVE-2020-27738;0.036590000;0.892220000
CVE-2020-27737;0.035720000;0.889490000
CVE-2020-27736;0.035720000;0.889490000
CVE-2020-27735;0.057900000;0.928480000
CVE-2020-27733;0.088140000;0.950130000
CVE-2020-27730;0.017140000;0.764720000
CVE-2020-2773;0.036250000;0.891160000
CVE-2020-27729;0.006420000;0.486950000
CVE-2020-27728;0.010140000;0.617960000
CVE-2020-27727;0.008520000;0.565640000
CVE-2020-27726;0.007660000;0.536670000
CVE-2020-27725;0.008000000;0.548110000
CVE-2020-27724;0.008970000;0.579790000
CVE-2020-27723;0.010440000;0.626810000
CVE-2020-27722;0.008720000;0.572230000
CVE-2020-27721;0.010140000;0.617960000
CVE-2020-27720;0.014400000;0.721150000
CVE-2020-2772;0.009360000;0.592420000
CVE-2020-27719;0.007660000;0.536670000
CVE-2020-27718;0.010440000;0.626800000
CVE-2020-27717;0.010640000;0.632560000
CVE-2020-27716;0.013100000;0.695030000
CVE-2020-27715;0.010620000;0.632140000
CVE-2020-27714;0.010140000;0.617960000
CVE-2020-27713;0.012760000;0.687710000
CVE-2020-2771;0.005360000;0.429110000
CVE-2020-27708;0.005910000;0.461020000
CVE-2020-2770;0.020310000;0.802560000
CVE-2020-27697;0.005720000;0.450550000
CVE-2020-27696;0.004720000;0.383230000
CVE-2020-27695;0.004720000;0.383230000
CVE-2020-27694;0.073670000;0.942030000
CVE-2020-27693;0.017750000;0.772970000
CVE-2020-27692;0.005480000;0.436450000
CVE-2020-27691;0.009050000;0.582320000
CVE-2020-27690;0.004230000;0.341180000
CVE-2020-2769;0.008920000;0.578130000
CVE-2020-27689;0.021970000;0.817830000
CVE-2020-27688;0.019230000;0.791000000
CVE-2020-27687;0.015390000;0.738680000
CVE-2020-2768;0.013010000;0.693170000
CVE-2020-27678;0.014410000;0.721380000
CVE-2020-27675;0.002690000;0.170570000
CVE-2020-27674;0.003570000;0.268880000
CVE-2020-27673;0.004150000;0.331950000
CVE-2020-27672;0.002640000;0.163280000
CVE-2020-27671;0.003410000;0.249930000
CVE-2020-27670;0.002540000;0.152280000
CVE-2020-2767;0.021610000;0.814790000
CVE-2020-27666;0.007150000;0.518210000
CVE-2020-27665;0.012090000;0.671840000
CVE-2020-27664;0.022920000;0.825460000
CVE-2020-27663;0.008680000;0.571100000
CVE-2020-27662;0.006930000;0.509790000
CVE-2020-27661;0.003140000;0.218400000
CVE-2020-27660;0.046100000;0.913520000
CVE-2020-2766;0.020670000;0.806270000
CVE-2020-27659;0.052000000;0.921890000
CVE-2020-27658;0.013130000;0.695550000
CVE-2020-27657;0.005850000;0.457760000
CVE-2020-27656;0.005470000;0.435460000
CVE-2020-27655;0.017670000;0.771690000
CVE-2020-27654;0.046810000;0.914550000
CVE-2020-27653;0.008320000;0.558940000
CVE-2020-27652;0.008320000;0.558940000
CVE-2020-27651;0.007720000;0.538540000
CVE-2020-27650;0.005590000;0.443040000
CVE-2020-2765;0.025130000;0.841550000
CVE-2020-27649;0.007190000;0.520000000
CVE-2020-27648;0.007190000;0.519990000
CVE-2020-27646;0.010160000;0.618560000
CVE-2020-27645;0.012400000;0.679330000
CVE-2020-27644;0.011730000;0.662070000
CVE-2020-27643;0.014420000;0.721500000
CVE-2020-27642;0.008110000;0.552280000
CVE-2020-27640;0.005190000;0.417680000
CVE-2020-2764;0.025080000;0.841190000
CVE-2020-27639;0.005190000;0.417670000
CVE-2020-27638;0.023620000;0.830950000
CVE-2020-27637;0.022400000;0.821510000
CVE-2020-27636;0.008710000;0.572010000
CVE-2020-27635;0.008710000;0.572000000
CVE-2020-27634;0.017160000;0.764920000
CVE-2020-27633;0.008710000;0.572010000
CVE-2020-27632;0.012120000;0.672630000
CVE-2020-27631;0.010830000;0.638230000
CVE-2020-27630;0.010830000;0.638230000
CVE-2020-2763;0.021990000;0.818040000
CVE-2020-27629;0.009330000;0.591470000
CVE-2020-27628;0.007450000;0.529310000
CVE-2020-27627;0.007340000;0.525150000
CVE-2020-27626;0.013150000;0.695970000
CVE-2020-27625;0.014340000;0.720050000
CVE-2020-27624;0.013840000;0.710730000
CVE-2020-27623;0.010820000;0.637650000
CVE-2020-27622;0.013140000;0.695670000
CVE-2020-27621;0.007090000;0.515890000
CVE-2020-27620;0.011230000;0.648790000
CVE-2020-2762;0.025220000;0.842240000
CVE-2020-27619;0.083340000;0.947650000
CVE-2020-27618;0.008870000;0.576600000
CVE-2020-27617;0.025670000;0.845190000
CVE-2020-27616;0.025280000;0.842690000
CVE-2020-27615;0.522610000;0.989240000
CVE-2020-27614;0.003530000;0.264680000
CVE-2020-27613;0.002720000;0.175420000
CVE-2020-27612;0.006810000;0.504970000
CVE-2020-27611;0.006640000;0.497080000
CVE-2020-27610;0.011950000;0.667960000
CVE-2020-2761;0.020010000;0.799310000
CVE-2020-27609;0.007890000;0.544420000
CVE-2020-27608;0.008190000;0.554660000
CVE-2020-27607;0.007700000;0.538190000
CVE-2020-27606;0.011420000;0.653460000
CVE-2020-27605;0.012490000;0.681710000
CVE-2020-27604;0.011470000;0.654690000
CVE-2020-27603;0.029250000;0.865280000
CVE-2020-27602;0.014230000;0.718170000
CVE-2020-27601;0.007820000;0.541840000
CVE-2020-27600;0.138770000;0.964050000
CVE-2020-2760;0.030140000;0.869070000
CVE-2020-2759;0.021990000;0.818030000
CVE-2020-27589;0.011260000;0.649500000
CVE-2020-27587;0.003630000;0.275950000
CVE-2020-27586;0.006960000;0.510620000
CVE-2020-27585;0.003180000;0.222690000
CVE-2020-27583;0.036930000;0.893150000
CVE-2020-2758;0.005760000;0.452950000
CVE-2020-27576;0.005640000;0.446390000
CVE-2020-27575;0.030750000;0.871530000
CVE-2020-27574;0.007580000;0.533670000
CVE-2020-2757;0.042110000;0.906280000
CVE-2020-27569;0.009000000;0.580430000
CVE-2020-27568;0.015610000;0.742340000
CVE-2020-27560;0.015090000;0.733870000
CVE-2020-2756;0.042110000;0.906280000
CVE-2020-27558;0.011390000;0.652810000
CVE-2020-27557;0.003480000;0.257760000
CVE-2020-27556;0.010430000;0.626650000
CVE-2020-27555;0.025360000;0.843140000
CVE-2020-27554;0.007200000;0.520030000
CVE-2020-27553;0.015230000;0.735980000
CVE-2020-2755;0.038990000;0.898970000
CVE-2020-27545;0.008230000;0.556030000
CVE-2020-27544;0.011710000;0.661360000
CVE-2020-27543;0.025890000;0.846600000
CVE-2020-27542;0.011690000;0.660880000
CVE-2020-27541;0.011130000;0.646360000
CVE-2020-27540;0.008280000;0.557890000
CVE-2020-2754;0.041280000;0.904590000
CVE-2020-27539;0.012610000;0.684280000
CVE-2020-27534;0.017660000;0.771680000
CVE-2020-27533;0.035640000;0.889270000
CVE-2020-2753;0.010870000;0.639350000
CVE-2020-27524;0.011770000;0.663230000
CVE-2020-27523;0.020320000;0.802680000
CVE-2020-2752;0.023170000;0.827540000
CVE-2020-27519;0.003480000;0.257770000
CVE-2020-27518;0.004370000;0.355220000
CVE-2020-27515;0.018150000;0.778140000
CVE-2020-27514;0.013510000;0.704030000
CVE-2020-27511;0.025020000;0.840830000
CVE-2020-2751;0.010420000;0.626020000
CVE-2020-27509;0.005790000;0.454180000
CVE-2020-27508;0.013440000;0.702440000
CVE-2020-27507;0.011760000;0.663050000
CVE-2020-2750;0.017110000;0.764200000
CVE-2020-2749;0.005460000;0.434890000
CVE-2020-27488;0.019620000;0.795230000
CVE-2020-27486;0.019400000;0.793040000
CVE-2020-27485;0.016960000;0.762190000
CVE-2020-27484;0.017670000;0.771700000
CVE-2020-27483;0.021460000;0.813550000
CVE-2020-27481;0.100270000;0.954630000
CVE-2020-2748;0.005350000;0.428760000
CVE-2020-27478;0.004590000;0.372700000
CVE-2020-2747;0.007120000;0.516870000
CVE-2020-27467;0.157370000;0.967500000
CVE-2020-27466;0.018940000;0.787740000
CVE-2020-27464;0.024600000;0.838030000
CVE-2020-27461;0.037400000;0.894580000
CVE-2020-2746;0.013910000;0.712170000
CVE-2020-27459;0.009450000;0.595190000
CVE-2020-2745;0.014080000;0.715270000
CVE-2020-27449;0.031460000;0.874280000
CVE-2020-2744;0.007400000;0.527360000
CVE-2020-2743;0.005630000;0.445610000
CVE-2020-27428;0.006450000;0.488260000
CVE-2020-27423;0.064380000;0.934840000
CVE-2020-27422;0.078570000;0.944950000
CVE-2020-2742;0.006360000;0.483560000
CVE-2020-27418;0.002240000;0.117510000
CVE-2020-27416;0.015880000;0.746340000
CVE-2020-27414;0.010310000;0.623050000
CVE-2020-27413;0.003100000;0.213630000
CVE-2020-2741;0.006310000;0.481250000
CVE-2020-27409;0.011900000;0.666740000
CVE-2020-27408;0.016740000;0.758980000
CVE-2020-27406;0.007640000;0.535860000
CVE-2020-27403;0.027180000;0.854520000
CVE-2020-27402;0.005370000;0.429730000
CVE-2020-2740;0.007600000;0.534710000
CVE-2020-27397;0.027180000;0.854490000
CVE-2020-2739;0.018650000;0.784330000
CVE-2020-27388;0.007150000;0.518210000
CVE-2020-27387;0.184610000;0.971500000
CVE-2020-27386;0.728720000;0.994360000
CVE-2020-27385;0.017660000;0.771630000
CVE-2020-27384;0.003200000;0.224890000
CVE-2020-27383;0.003200000;0.224890000
CVE-2020-2738;0.010700000;0.634540000
CVE-2020-27379;0.004850000;0.392580000
CVE-2020-27377;0.005340000;0.427950000
CVE-2020-27376;0.009870000;0.609320000
CVE-2020-27375;0.006020000;0.466700000
CVE-2020-27374;0.008020000;0.548770000
CVE-2020-27373;0.009960000;0.611980000
CVE-2020-27372;0.014480000;0.722650000
CVE-2020-2737;0.010310000;0.622810000
CVE-2020-27368;0.004510000;0.366290000
CVE-2020-27366;0.003850000;0.299560000
CVE-2020-27362;0.013210000;0.697220000
CVE-2020-27361;0.067690000;0.937580000
CVE-2020-27359;0.008110000;0.552030000
CVE-2020-27358;0.020310000;0.802510000
CVE-2020-27356;0.009520000;0.597450000
CVE-2020-27352;0.002560000;0.155300000
CVE-2020-27351;0.003950000;0.310520000
CVE-2020-27350;0.003810000;0.294850000
CVE-2020-2735;0.011250000;0.649270000
CVE-2020-27349;0.002910000;0.194520000
CVE-2020-27348;0.007030000;0.513560000
CVE-2020-27347;0.006930000;0.509740000
CVE-2020-27344;0.010110000;0.617080000
CVE-2020-27340;0.008160000;0.553630000
CVE-2020-2734;0.008920000;0.578130000
CVE-2020-27339;0.003170000;0.220870000
CVE-2020-27338;0.008100000;0.551870000
CVE-2020-27337;0.014820000;0.729150000
CVE-2020-27336;0.017280000;0.766350000
CVE-2020-2733;0.186450000;0.971720000
CVE-2020-2732;0.009270000;0.589220000
CVE-2020-2731;0.003960000;0.311720000
CVE-2020-27304;0.032410000;0.878150000
CVE-2020-27302;0.020090000;0.800530000
CVE-2020-27301;0.019910000;0.798300000
CVE-2020-2730;0.007400000;0.527350000
CVE-2020-27299;0.016730000;0.758780000
CVE-2020-27298;0.008870000;0.576600000
CVE-2020-27297;0.024110000;0.834390000
CVE-2020-27295;0.014670000;0.726470000
CVE-2020-27293;0.019810000;0.797090000
CVE-2020-27291;0.018960000;0.788020000
CVE-2020-27290;0.002830000;0.186430000
CVE-2020-2729;0.008140000;0.553000000
CVE-2020-27289;0.019130000;0.789830000
CVE-2020-27288;0.012780000;0.688020000
CVE-2020-27287;0.025340000;0.843020000
CVE-2020-27285;0.008890000;0.577120000
CVE-2020-27284;0.011910000;0.667000000
CVE-2020-27283;0.009440000;0.594970000
CVE-2020-27282;0.002530000;0.150650000
CVE-2020-27281;0.020170000;0.801230000
CVE-2020-27280;0.012520000;0.682270000
CVE-2020-2728;0.020160000;0.801150000
CVE-2020-27279;0.017290000;0.766570000
CVE-2020-27278;0.002720000;0.176100000
CVE-2020-27277;0.021850000;0.816680000
CVE-2020-27276;0.005040000;0.406640000
CVE-2020-27275;0.032500000;0.878450000
CVE-2020-27274;0.011500000;0.655750000
CVE-2020-27272;0.004680000;0.380110000
CVE-2020-27270;0.002620000;0.161650000
CVE-2020-2727;0.004540000;0.368920000
CVE-2020-27269;0.004990000;0.403380000
CVE-2020-27268;0.005390000;0.430780000
CVE-2020-27267;0.049410000;0.918450000
CVE-2020-27266;0.005810000;0.455010000
CVE-2020-27265;0.100620000;0.954730000
CVE-2020-27264;0.005400000;0.431590000
CVE-2020-27263;0.049410000;0.918450000
CVE-2020-27262;0.006750000;0.502180000
CVE-2020-27261;0.076120000;0.943490000
CVE-2020-27260;0.004330000;0.350990000
CVE-2020-2726;0.003790000;0.292520000
CVE-2020-27259;0.026690000;0.851710000
CVE-2020-27258;0.005750000;0.452070000
CVE-2020-27257;0.017810000;0.773640000
CVE-2020-27256;0.003110000;0.215300000
CVE-2020-27255;0.038690000;0.898240000
CVE-2020-27254;0.012860000;0.689740000
CVE-2020-27253;0.019170000;0.790310000
CVE-2020-27252;0.038400000;0.897490000
CVE-2020-27251;0.068150000;0.937910000
CVE-2020-27250;0.009490000;0.596470000
CVE-2020-2725;0.004320000;0.349940000
CVE-2020-27249;0.012490000;0.681750000
CVE-2020-27248;0.012490000;0.681750000
CVE-2020-27247;0.012490000;0.681740000
CVE-2020-27246;0.008060000;0.550510000
CVE-2020-27245;0.008060000;0.550510000
CVE-2020-27244;0.008060000;0.550520000
CVE-2020-27243;0.008060000;0.550520000
CVE-2020-27242;0.008060000;0.550520000
CVE-2020-27241;0.008660000;0.570200000
CVE-2020-27240;0.008660000;0.570190000
CVE-2020-2724;0.009780000;0.606460000
CVE-2020-27239;0.008660000;0.570190000
CVE-2020-27238;0.008660000;0.570190000
CVE-2020-27237;0.008660000;0.570200000
CVE-2020-27236;0.008760000;0.573560000
CVE-2020-27235;0.008760000;0.573550000
CVE-2020-27234;0.008760000;0.573560000
CVE-2020-27233;0.008760000;0.573560000
CVE-2020-27232;0.010370000;0.624710000
CVE-2020-27231;0.008060000;0.550500000
CVE-2020-27230;0.008060000;0.550510000
CVE-2020-2723;0.011230000;0.648740000
CVE-2020-27229;0.008060000;0.550510000
CVE-2020-27228;0.007630000;0.535780000
CVE-2020-27227;0.028940000;0.863840000
CVE-2020-27226;0.010370000;0.624710000
CVE-2020-27225;0.003360000;0.243780000
CVE-2020-27224;0.025930000;0.846960000
CVE-2020-27223;0.779500000;0.995600000
CVE-2020-27222;0.008510000;0.565140000
CVE-2020-27221;0.015320000;0.737570000
CVE-2020-27220;0.011470000;0.654660000
CVE-2020-2722;0.010020000;0.614030000
CVE-2020-27219;0.008250000;0.556780000
CVE-2020-27218;0.082770000;0.947260000
CVE-2020-27217;0.013040000;0.693680000
CVE-2020-27216;0.043520000;0.908900000
CVE-2020-27213;0.009730000;0.604640000
CVE-2020-27212;0.003420000;0.251690000
CVE-2020-27211;0.002730000;0.177020000
CVE-2020-2721;0.013210000;0.697200000
CVE-2020-27209;0.015370000;0.738330000
CVE-2020-27208;0.003280000;0.232950000
CVE-2020-27207;0.015920000;0.746850000
CVE-2020-2720;0.008140000;0.553000000
CVE-2020-27199;0.028750000;0.862890000
CVE-2020-27197;0.023080000;0.826770000
CVE-2020-27196;0.014030000;0.714590000
CVE-2020-27195;0.014910000;0.730680000
CVE-2020-27194;0.020180000;0.801310000
CVE-2020-27193;0.020330000;0.802790000
CVE-2020-27192;0.003850000;0.298810000
CVE-2020-27191;0.095950000;0.953170000
CVE-2020-2719;0.009400000;0.593760000
CVE-2020-27187;0.004280000;0.345350000
CVE-2020-27185;0.007320000;0.524380000
CVE-2020-27184;0.003180000;0.222440000
CVE-2020-27183;0.013640000;0.706760000
CVE-2020-27182;0.008220000;0.555820000
CVE-2020-27181;0.009420000;0.594230000
CVE-2020-27180;0.012340000;0.678030000
CVE-2020-2718;0.011230000;0.648750000
CVE-2020-27179;0.012930000;0.691100000
CVE-2020-27178;0.012190000;0.674300000
CVE-2020-27176;0.018840000;0.786420000
CVE-2020-27174;0.017410000;0.768120000
CVE-2020-27173;0.015310000;0.737210000
CVE-2020-27172;0.013460000;0.702850000
CVE-2020-27171;0.005770000;0.453230000
CVE-2020-27170;0.005650000;0.446760000
CVE-2020-2717;0.010950000;0.641730000
CVE-2020-27163;0.006650000;0.497860000
CVE-2020-27160;0.048670000;0.917320000
CVE-2020-2716;0.013210000;0.697200000
CVE-2020-27159;0.062050000;0.932730000
CVE-2020-27158;0.074980000;0.942780000
CVE-2020-27157;0.009800000;0.607060000
CVE-2020-27156;0.021840000;0.816580000
CVE-2020-27155;0.012670000;0.685680000
CVE-2020-27154;0.010360000;0.624410000
CVE-2020-27153;0.043240000;0.908320000
CVE-2020-27152;0.005690000;0.448720000
CVE-2020-27151;0.020440000;0.803960000
CVE-2020-27150;0.011420000;0.653470000
CVE-2020-2715;0.007830000;0.542240000
CVE-2020-27149;0.006910000;0.509000000
CVE-2020-27148;0.010510000;0.628770000
CVE-2020-27147;0.007530000;0.532050000
CVE-2020-27146;0.003300000;0.235700000
CVE-2020-2714;0.009400000;0.593770000
CVE-2020-27134;0.016670000;0.758060000
CVE-2020-27133;0.011370000;0.652230000
CVE-2020-27132;0.014470000;0.722500000
CVE-2020-27131;0.877190000;0.997570000
CVE-2020-27130;0.659070000;0.992490000
CVE-2020-2713;0.011230000;0.648750000
CVE-2020-27129;0.003250000;0.230560000
CVE-2020-27128;0.607850000;0.991240000
CVE-2020-27127;0.013510000;0.704080000
CVE-2020-27126;0.010210000;0.619770000
CVE-2020-27125;0.017560000;0.770260000
CVE-2020-27124;0.009200000;0.587010000
CVE-2020-27123;0.003330000;0.241100000
CVE-2020-27122;0.003060000;0.209890000
CVE-2020-27121;0.011640000;0.659510000
CVE-2020-2712;0.010020000;0.614030000
CVE-2020-2711;0.013210000;0.697200000
CVE-2020-2710;0.008140000;0.552990000
CVE-2020-27098;0.001350000;0.024710000
CVE-2020-27097;0.001350000;0.024520000
CVE-2020-2709;0.010670000;0.633950000
CVE-2020-2707;0.007400000;0.527360000
CVE-2020-27068;0.007590000;0.534250000
CVE-2020-27067;0.001410000;0.028590000
CVE-2020-27066;0.001630000;0.049320000
CVE-2020-2706;0.009140000;0.585290000
CVE-2020-27059;0.002100000;0.101240000
CVE-2020-27057;0.001320000;0.022740000
CVE-2020-27056;0.001380000;0.026400000
CVE-2020-27055;0.006150000;0.473220000
CVE-2020-27054;0.001450000;0.031260000
CVE-2020-27053;0.001390000;0.026810000
CVE-2020-27052;0.001400000;0.027510000
CVE-2020-27051;0.004230000;0.340960000
CVE-2020-27050;0.004420000;0.359260000
CVE-2020-2705;0.003820000;0.295750000
CVE-2020-27049;0.004230000;0.340960000
CVE-2020-27048;0.004340000;0.351790000
CVE-2020-27047;0.004230000;0.340650000
CVE-2020-27046;0.001630000;0.049120000
CVE-2020-27045;0.004420000;0.359250000
CVE-2020-27044;0.001480000;0.033910000
CVE-2020-27043;0.001430000;0.029710000
CVE-2020-27041;0.001400000;0.027470000
CVE-2020-27040;0.001550000;0.039470000
CVE-2020-2704;0.004460000;0.362710000
CVE-2020-27039;0.001490000;0.034460000
CVE-2020-27038;0.007240000;0.521560000
CVE-2020-27037;0.001550000;0.039470000
CVE-2020-27036;0.001500000;0.035530000
CVE-2020-27035;0.001170000;0.015020000
CVE-2020-27034;0.001490000;0.034450000
CVE-2020-27033;0.001510000;0.036050000
CVE-2020-27032;0.001390000;0.027100000
CVE-2020-27031;0.001510000;0.036050000
CVE-2020-27030;0.001540000;0.038220000
CVE-2020-2703;0.004320000;0.349930000
CVE-2020-27029;0.007240000;0.521570000
CVE-2020-27028;0.001570000;0.041420000
CVE-2020-27027;0.001480000;0.033480000
CVE-2020-27026;0.004110000;0.326700000
CVE-2020-27025;0.001410000;0.028280000
CVE-2020-27024;0.009710000;0.604000000
CVE-2020-27023;0.001820000;0.069970000
CVE-2020-27021;0.001510000;0.036060000
CVE-2020-27020;0.007390000;0.527120000
CVE-2020-2702;0.004160000;0.333950000
CVE-2020-27019;0.179490000;0.970880000
CVE-2020-27018;0.035090000;0.887680000
CVE-2020-27017;0.064690000;0.935090000
CVE-2020-27016;0.018980000;0.788230000
CVE-2020-27015;0.008960000;0.579320000
CVE-2020-27014;0.003220000;0.227230000
CVE-2020-27013;0.004420000;0.358880000
CVE-2020-27010;0.007220000;0.520760000
CVE-2020-2701;0.005570000;0.442140000
CVE-2020-27009;0.071940000;0.940930000
CVE-2020-27008;0.007130000;0.517570000
CVE-2020-27007;0.025480000;0.843890000
CVE-2020-27006;0.006700000;0.499890000
CVE-2020-27005;0.007060000;0.514720000
CVE-2020-27004;0.019960000;0.798840000
CVE-2020-27003;0.007240000;0.521750000
CVE-2020-27002;0.007520000;0.531560000
CVE-2020-27001;0.007700000;0.538220000
CVE-2020-27000;0.006680000;0.498860000
CVE-2020-2700;0.009400000;0.593770000
CVE-2020-26999;0.006530000;0.492490000
CVE-2020-26998;0.006460000;0.488930000
CVE-2020-26997;0.010440000;0.626710000
CVE-2020-26996;0.030800000;0.871700000
CVE-2020-26995;0.034920000;0.887170000
CVE-2020-26994;0.020910000;0.808560000
CVE-2020-26993;0.015810000;0.745280000
CVE-2020-26992;0.015810000;0.745280000
CVE-2020-26991;0.039910000;0.901550000
CVE-2020-26990;0.039040000;0.899090000
CVE-2020-2699;0.011230000;0.648740000
CVE-2020-26989;0.028330000;0.860880000
CVE-2020-26988;0.030800000;0.871700000
CVE-2020-26987;0.042970000;0.907850000
CVE-2020-26986;0.032810000;0.879850000
CVE-2020-26985;0.042970000;0.907850000
CVE-2020-26984;0.030800000;0.871700000
CVE-2020-26983;0.030420000;0.870160000
CVE-2020-26982;0.030420000;0.870170000
CVE-2020-26981;0.025860000;0.846380000
CVE-2020-26980;0.030420000;0.870160000
CVE-2020-2698;0.004160000;0.333950000
CVE-2020-26979;0.007170000;0.518990000
CVE-2020-26978;0.013180000;0.696730000
CVE-2020-26977;0.008510000;0.565290000
CVE-2020-26976;0.016190000;0.750970000
CVE-2020-26975;0.008580000;0.567720000
CVE-2020-26974;0.015150000;0.734730000
CVE-2020-26973;0.016030000;0.748450000
CVE-2020-26972;0.012950000;0.691510000
CVE-2020-26971;0.018760000;0.785590000
CVE-2020-26970;0.012470000;0.681130000
CVE-2020-2697;0.003810000;0.295060000
CVE-2020-26969;0.012150000;0.673370000
CVE-2020-26968;0.015140000;0.734680000
CVE-2020-26967;0.008500000;0.564950000
CVE-2020-26966;0.013540000;0.704820000
CVE-2020-26965;0.012620000;0.684520000
CVE-2020-26964;0.009210000;0.587200000
CVE-2020-26963;0.008460000;0.563460000
CVE-2020-26962;0.006980000;0.511680000
CVE-2020-26961;0.011650000;0.659980000
CVE-2020-26960;0.015630000;0.742690000
CVE-2020-2696;0.006430000;0.487680000
CVE-2020-26959;0.012970000;0.692080000
CVE-2020-26958;0.013640000;0.706720000
CVE-2020-26957;0.005490000;0.436560000
CVE-2020-26956;0.012330000;0.677770000
CVE-2020-26955;0.008260000;0.557020000
CVE-2020-26954;0.006430000;0.487390000
CVE-2020-26953;0.012930000;0.691200000
CVE-2020-26952;0.011630000;0.659340000
CVE-2020-26951;0.010510000;0.628700000
CVE-2020-26950;0.423270000;0.986570000
CVE-2020-2695;0.014030000;0.714510000
CVE-2020-26948;0.871540000;0.997460000
CVE-2020-26947;0.003340000;0.242140000
CVE-2020-26945;0.018040000;0.776630000
CVE-2020-26944;0.011470000;0.654600000
CVE-2020-26943;0.032860000;0.880140000
CVE-2020-26942;0.004570000;0.371480000
CVE-2020-26941;0.003320000;0.238960000
CVE-2020-2694;0.015020000;0.732620000
CVE-2020-26939;0.009250000;0.588600000
CVE-2020-26938;0.009650000;0.601670000
CVE-2020-26936;0.004540000;0.369340000
CVE-2020-26935;0.670810000;0.992780000
CVE-2020-26934;0.019040000;0.788850000
CVE-2020-26933;0.003000000;0.203900000
CVE-2020-26932;0.009790000;0.606920000
CVE-2020-26931;0.004020000;0.318250000
CVE-2020-26930;0.005330000;0.426990000
CVE-2020-2693;0.004330000;0.350730000
CVE-2020-26929;0.009260000;0.589170000
CVE-2020-26928;0.007020000;0.513180000
CVE-2020-26927;0.010640000;0.632810000
CVE-2020-26926;0.005310000;0.425510000
CVE-2020-26925;0.002810000;0.185060000
CVE-2020-26924;0.005600000;0.443520000
CVE-2020-26923;0.005170000;0.416340000
CVE-2020-26922;0.004390000;0.356330000
CVE-2020-26921;0.007650000;0.536170000
CVE-2020-26920;0.011730000;0.662140000
CVE-2020-2692;0.004410000;0.357780000
CVE-2020-26919;0.574680000;0.990520000
CVE-2020-26918;0.006260000;0.478890000
CVE-2020-26917;0.006260000;0.478900000
CVE-2020-26916;0.004740000;0.385210000
CVE-2020-26915;0.005160000;0.415890000
CVE-2020-26914;0.007940000;0.546230000
CVE-2020-26913;0.006300000;0.480890000
CVE-2020-26912;0.006210000;0.476500000
CVE-2020-26911;0.005260000;0.422420000
CVE-2020-26910;0.010460000;0.627550000
CVE-2020-2691;0.004630000;0.376310000
CVE-2020-26909;0.024860000;0.839780000
CVE-2020-26908;0.020610000;0.805660000
CVE-2020-26907;0.015370000;0.738440000
CVE-2020-26906;0.006130000;0.472490000
CVE-2020-26905;0.008120000;0.552530000
CVE-2020-26904;0.007390000;0.527170000
CVE-2020-26903;0.005200000;0.418570000
CVE-2020-26902;0.022630000;0.823110000
CVE-2020-26901;0.005120000;0.412750000
CVE-2020-26900;0.005200000;0.418570000
CVE-2020-2690;0.005150000;0.414630000
CVE-2020-26899;0.007680000;0.537300000
CVE-2020-26898;0.006030000;0.467160000
CVE-2020-26897;0.006130000;0.472490000
CVE-2020-26896;0.007380000;0.526810000
CVE-2020-26895;0.007070000;0.514920000
CVE-2020-26894;0.004350000;0.352340000
CVE-2020-26893;0.002300000;0.124130000
CVE-2020-26892;0.020790000;0.807300000
CVE-2020-26891;0.019310000;0.791980000
CVE-2020-26890;0.030040000;0.868700000
CVE-2020-2689;0.003970000;0.312810000
CVE-2020-26887;0.014190000;0.717330000
CVE-2020-26886;0.006260000;0.478770000
CVE-2020-26885;0.011100000;0.645590000
CVE-2020-26884;0.008330000;0.559260000
CVE-2020-26883;0.014030000;0.714580000
CVE-2020-26882;0.014030000;0.714590000
CVE-2020-26880;0.003520000;0.262380000
CVE-2020-2688;0.011510000;0.656220000
CVE-2020-26879;0.450830000;0.987430000
CVE-2020-26878;0.115880000;0.958980000
CVE-2020-26877;0.008300000;0.558390000
CVE-2020-26876;0.105510000;0.956230000
CVE-2020-26870;0.048810000;0.917540000
CVE-2020-2687;0.013730000;0.708720000
CVE-2020-26869;0.016680000;0.758100000
CVE-2020-26868;0.021510000;0.814040000
CVE-2020-26867;0.037510000;0.894880000
CVE-2020-2686;0.020550000;0.805000000
CVE-2020-2685;0.010020000;0.614030000
CVE-2020-2684;0.013210000;0.697190000
CVE-2020-26838;0.022470000;0.821930000
CVE-2020-26837;0.018950000;0.787820000
CVE-2020-26836;0.022000000;0.818090000
CVE-2020-26835;0.008230000;0.556210000
CVE-2020-26834;0.006910000;0.508820000
CVE-2020-26832;0.021890000;0.816950000
CVE-2020-26831;0.010830000;0.637990000
CVE-2020-26830;0.014520000;0.723470000
CVE-2020-2683;0.007830000;0.542240000
CVE-2020-26829;0.047650000;0.915840000
CVE-2020-26828;0.008120000;0.552440000
CVE-2020-26826;0.012240000;0.675750000
CVE-2020-26825;0.006540000;0.492660000
CVE-2020-26824;0.013000000;0.692910000
CVE-2020-26823;0.013000000;0.692910000
CVE-2020-26822;0.013000000;0.692910000
CVE-2020-26821;0.013560000;0.705270000
CVE-2020-26820;0.039110000;0.899270000
CVE-2020-2682;0.004520000;0.367310000
CVE-2020-26819;0.009430000;0.594750000
CVE-2020-26818;0.011540000;0.656790000
CVE-2020-26817;0.012430000;0.680270000
CVE-2020-26816;0.001690000;0.056040000
CVE-2020-26815;0.014130000;0.716330000
CVE-2020-26814;0.009080000;0.583140000
CVE-2020-26811;0.017770000;0.773180000
CVE-2020-26810;0.011340000;0.651330000
CVE-2020-2681;0.004460000;0.362720000
CVE-2020-26809;0.020700000;0.806530000
CVE-2020-26808;0.030500000;0.870530000
CVE-2020-26807;0.002570000;0.155860000
CVE-2020-26806;0.059670000;0.930410000
CVE-2020-26805;0.015050000;0.733040000
CVE-2020-26804;0.014110000;0.715760000
CVE-2020-26803;0.014110000;0.715760000
CVE-2020-26802;0.006450000;0.488370000
CVE-2020-26801;0.005230000;0.420450000
CVE-2020-26800;0.012030000;0.669980000
CVE-2020-2680;0.003530000;0.264060000
CVE-2020-26799;0.005560000;0.440810000
CVE-2020-26797;0.042380000;0.906790000
CVE-2020-2679;0.018780000;0.785890000
CVE-2020-2678;0.004100000;0.326430000
CVE-2020-26773;0.015670000;0.743150000
CVE-2020-26772;0.040450000;0.902710000
CVE-2020-2677;0.011550000;0.657040000
CVE-2020-26768;0.012240000;0.675750000
CVE-2020-26766;0.006450000;0.488360000
CVE-2020-26763;0.008250000;0.556660000
CVE-2020-26762;0.023330000;0.828710000
CVE-2020-2676;0.010020000;0.614020000
CVE-2020-26759;0.025780000;0.845890000
CVE-2020-2675;0.011230000;0.648740000
CVE-2020-2674;0.004520000;0.367310000
CVE-2020-26733;0.006760000;0.502670000
CVE-2020-26732;0.015100000;0.734080000
CVE-2020-2673;0.018160000;0.778230000
CVE-2020-26728;0.037670000;0.895340000
CVE-2020-2672;0.013140000;0.695760000
CVE-2020-26713;0.011710000;0.661510000
CVE-2020-26712;0.021100000;0.810420000
CVE-2020-26710;0.008020000;0.548790000
CVE-2020-2671;0.013140000;0.695770000
CVE-2020-26709;0.008020000;0.548800000
CVE-2020-26708;0.007370000;0.526310000
CVE-2020-26707;0.018690000;0.784900000
CVE-2020-26705;0.013320000;0.699870000
CVE-2020-26701;0.009140000;0.585220000
CVE-2020-2670;0.013140000;0.695770000
CVE-2020-26693;0.053130000;0.923120000
CVE-2020-2669;0.013140000;0.695760000
CVE-2020-26683;0.003060000;0.210000000
CVE-2020-26682;0.018110000;0.777420000
CVE-2020-26680;0.004600000;0.372930000
CVE-2020-2668;0.010430000;0.626460000
CVE-2020-26679;0.007730000;0.538920000
CVE-2020-26678;0.017850000;0.774100000
CVE-2020-26677;0.008820000;0.575070000
CVE-2020-26672;0.007170000;0.519020000
CVE-2020-26670;0.018190000;0.778680000
CVE-2020-2667;0.010430000;0.626460000
CVE-2020-26669;0.006040000;0.467710000
CVE-2020-26668;0.013950000;0.712820000
CVE-2020-26664;0.014730000;0.727470000
CVE-2020-2666;0.012870000;0.689850000
CVE-2020-26652;0.007410000;0.527850000
CVE-2020-26650;0.010160000;0.618540000
CVE-2020-2665;0.013140000;0.695750000
CVE-2020-26649;0.007510000;0.531140000
CVE-2020-26642;0.006620000;0.496460000
CVE-2020-26641;0.005180000;0.417220000
CVE-2020-2664;0.003900000;0.304930000
CVE-2020-26630;0.007070000;0.515200000
CVE-2020-2663;0.010420000;0.626030000
CVE-2020-26629;0.011810000;0.664620000
CVE-2020-26628;0.005030000;0.405870000
CVE-2020-26627;0.007070000;0.515200000
CVE-2020-26625;0.006680000;0.498830000
CVE-2020-26624;0.006680000;0.498820000
CVE-2020-26623;0.006680000;0.498820000
CVE-2020-2662;0.013140000;0.695760000
CVE-2020-2661;0.013140000;0.695800000
CVE-2020-26609;0.009050000;0.582140000
CVE-2020-26607;0.004680000;0.379760000
CVE-2020-26606;0.004310000;0.348740000
CVE-2020-26605;0.004130000;0.329390000
CVE-2020-26604;0.004130000;0.329400000
CVE-2020-26603;0.004880000;0.395770000
CVE-2020-26602;0.004310000;0.348740000
CVE-2020-26601;0.003660000;0.278690000
CVE-2020-26600;0.004130000;0.329410000
CVE-2020-2660;0.018780000;0.785880000
CVE-2020-26599;0.003280000;0.233830000
CVE-2020-26598;0.003330000;0.241150000
CVE-2020-26597;0.004150000;0.332060000
CVE-2020-26596;0.056960000;0.927410000
CVE-2020-2659;0.042020000;0.906070000
CVE-2020-26584;0.009210000;0.587310000
CVE-2020-26583;0.010000000;0.613400000
CVE-2020-26582;0.047910000;0.916220000
CVE-2020-2658;0.013140000;0.695760000
CVE-2020-26575;0.031160000;0.873060000
CVE-2020-26574;0.021190000;0.811180000
CVE-2020-26572;0.003980000;0.314050000
CVE-2020-26571;0.004010000;0.317370000
CVE-2020-26570;0.003980000;0.314050000
CVE-2020-2657;0.008720000;0.572140000
CVE-2020-26569;0.008510000;0.565240000
CVE-2020-26567;0.171760000;0.969910000
CVE-2020-26566;0.044850000;0.911330000
CVE-2020-26565;0.017240000;0.765940000
CVE-2020-26564;0.011210000;0.648330000
CVE-2020-26563;0.009840000;0.608270000
CVE-2020-26561;0.121590000;0.960200000
CVE-2020-26560;0.008550000;0.566710000
CVE-2020-2656;0.005600000;0.443580000
CVE-2020-26559;0.008520000;0.565500000
CVE-2020-26558;0.008720000;0.572300000
CVE-2020-26557;0.008280000;0.557660000
CVE-2020-26556;0.009070000;0.582810000
CVE-2020-26555;0.008800000;0.574560000
CVE-2020-26554;0.010440000;0.627020000
CVE-2020-26553;0.017640000;0.771290000
CVE-2020-26552;0.011770000;0.663300000
CVE-2020-26551;0.009200000;0.586990000
CVE-2020-26550;0.014790000;0.728450000
CVE-2020-2655;0.036130000;0.890840000
CVE-2020-26549;0.015060000;0.733340000
CVE-2020-26548;0.014590000;0.724780000
CVE-2020-26547;0.005480000;0.436250000
CVE-2020-26546;0.013000000;0.692850000
CVE-2020-26542;0.015380000;0.738590000
CVE-2020-26541;0.005280000;0.423800000
CVE-2020-26540;0.006660000;0.498330000
CVE-2020-2654;0.039600000;0.900780000
CVE-2020-26539;0.022320000;0.820710000
CVE-2020-26538;0.005020000;0.404830000
CVE-2020-26537;0.011490000;0.655370000
CVE-2020-26536;0.009180000;0.586430000
CVE-2020-26535;0.017170000;0.765140000
CVE-2020-26534;0.023940000;0.833100000
CVE-2020-2653;0.012750000;0.687430000
CVE-2020-26527;0.009120000;0.584330000
CVE-2020-26526;0.014670000;0.726520000
CVE-2020-26525;0.254990000;0.978850000
CVE-2020-26524;0.014400000;0.721160000
CVE-2020-26523;0.006850000;0.506370000
CVE-2020-26522;0.007690000;0.537900000
CVE-2020-26521;0.021570000;0.814440000
CVE-2020-2652;0.012750000;0.687430000
CVE-2020-26519;0.010310000;0.622970000
CVE-2020-26518;0.020580000;0.805280000
CVE-2020-26517;0.005420000;0.432750000
CVE-2020-26516;0.008490000;0.564400000
CVE-2020-26515;0.005140000;0.414290000
CVE-2020-26513;0.009160000;0.585810000
CVE-2020-26511;0.021460000;0.813550000
CVE-2020-26510;0.021990000;0.817990000
CVE-2020-2651;0.010990000;0.642740000
CVE-2020-26509;0.010990000;0.642750000
CVE-2020-26508;0.011350000;0.651570000
CVE-2020-26507;0.010120000;0.617320000
CVE-2020-26506;0.007970000;0.546990000
CVE-2020-26505;0.007090000;0.516020000
CVE-2020-2650;0.010860000;0.639140000
CVE-2020-2649;0.003920000;0.307440000
CVE-2020-2648;0.004050000;0.321550000
CVE-2020-2647;0.003500000;0.260760000
CVE-2020-2646;0.007120000;0.516870000
CVE-2020-2645;0.012050000;0.670520000
CVE-2020-2644;0.012050000;0.670480000
CVE-2020-2643;0.011590000;0.658100000
CVE-2020-26422;0.047250000;0.915180000
CVE-2020-26421;0.025500000;0.844040000
CVE-2020-26420;0.027490000;0.856190000
CVE-2020-2642;0.012310000;0.677330000
CVE-2020-26419;0.029330000;0.865630000
CVE-2020-26418;0.030010000;0.868580000
CVE-2020-26417;0.011690000;0.660870000
CVE-2020-26416;0.003320000;0.238190000
CVE-2020-26415;0.008250000;0.556700000
CVE-2020-26414;0.015290000;0.736860000
CVE-2020-26413;0.349310000;0.983860000
CVE-2020-26412;0.010150000;0.618160000
CVE-2020-26411;0.012160000;0.673690000
CVE-2020-2641;0.012050000;0.670490000
CVE-2020-26409;0.012600000;0.684080000
CVE-2020-26408;0.010310000;0.622920000
CVE-2020-26407;0.007280000;0.523120000
CVE-2020-26406;0.014390000;0.720950000
CVE-2020-26405;0.014510000;0.723240000
CVE-2020-2640;0.012050000;0.670490000
CVE-2020-2639;0.011590000;0.658100000
CVE-2020-2638;0.012050000;0.670500000
CVE-2020-2637;0.011590000;0.658090000
CVE-2020-2636;0.012050000;0.670500000
CVE-2020-2635;0.011590000;0.658080000
CVE-2020-2634;0.012050000;0.670510000
CVE-2020-2633;0.012050000;0.670510000
CVE-2020-2632;0.012050000;0.670510000
CVE-2020-26312;0.004410000;0.358230000
CVE-2020-26311;0.005180000;0.417310000
CVE-2020-26310;0.004060000;0.322580000
CVE-2020-2631;0.011590000;0.658090000
CVE-2020-26309;0.004540000;0.368840000
CVE-2020-26308;0.005140000;0.414220000
CVE-2020-26307;0.004060000;0.322580000
CVE-2020-26306;0.004540000;0.368840000
CVE-2020-26305;0.004790000;0.388650000
CVE-2020-26304;0.005390000;0.430760000
CVE-2020-26303;0.005390000;0.430760000
CVE-2020-26302;0.008660000;0.570360000
CVE-2020-26301;0.038320000;0.897240000
CVE-2020-26300;0.014070000;0.715220000
CVE-2020-2630;0.012050000;0.670510000
CVE-2020-26299;0.018630000;0.784190000
CVE-2020-26298;0.015700000;0.743550000
CVE-2020-26297;0.012540000;0.682770000
CVE-2020-26296;0.017130000;0.764590000
CVE-2020-26295;0.017820000;0.773690000
CVE-2020-26294;0.017770000;0.773130000
CVE-2020-26293;0.009970000;0.612410000
CVE-2020-26292;0.008580000;0.567760000
CVE-2020-26291;0.017100000;0.764190000
CVE-2020-26290;0.009890000;0.609960000
CVE-2020-2629;0.012050000;0.670480000
CVE-2020-26289;0.021720000;0.815610000
CVE-2020-26288;0.008060000;0.550400000
CVE-2020-26287;0.014640000;0.725810000
CVE-2020-26286;0.014370000;0.720650000
CVE-2020-26285;0.028780000;0.863020000
CVE-2020-26284;0.014680000;0.726800000
CVE-2020-26283;0.015010000;0.732550000
CVE-2020-26282;0.048290000;0.916720000
CVE-2020-26281;0.010200000;0.619440000
CVE-2020-26280;0.013660000;0.707250000
CVE-2020-2628;0.013350000;0.700600000
CVE-2020-26279;0.016990000;0.762530000
CVE-2020-26278;0.007360000;0.526010000
CVE-2020-26277;0.012010000;0.669390000
CVE-2020-26276;0.021950000;0.817610000
CVE-2020-26275;0.013790000;0.709860000
CVE-2020-26274;0.027450000;0.856010000
CVE-2020-26273;0.009550000;0.598490000
CVE-2020-26272;0.017250000;0.766010000
CVE-2020-26271;0.002160000;0.108260000
CVE-2020-26270;0.001730000;0.059670000
CVE-2020-2627;0.020550000;0.805000000
CVE-2020-26269;0.006970000;0.511110000
CVE-2020-26268;0.002120000;0.103290000
CVE-2020-26267;0.002430000;0.139560000
CVE-2020-26266;0.002610000;0.161190000
CVE-2020-26265;0.009200000;0.586900000
CVE-2020-26264;0.018860000;0.786730000
CVE-2020-26263;0.015230000;0.735880000
CVE-2020-26262;0.013180000;0.696640000
CVE-2020-26261;0.004800000;0.389610000
CVE-2020-26260;0.008370000;0.560780000
CVE-2020-2626;0.013880000;0.711580000
CVE-2020-26259;0.823920000;0.996540000
CVE-2020-26258;0.818170000;0.996380000
CVE-2020-26257;0.023920000;0.832970000
CVE-2020-26256;0.015370000;0.738310000
CVE-2020-26255;0.014880000;0.730160000
CVE-2020-26254;0.013380000;0.701230000
CVE-2020-26253;0.005680000;0.448230000
CVE-2020-26252;0.020570000;0.805140000
CVE-2020-26251;0.004530000;0.368180000
CVE-2020-26250;0.011320000;0.650900000
CVE-2020-2625;0.012050000;0.670500000
CVE-2020-26249;0.013030000;0.693430000
CVE-2020-26248;0.123880000;0.960670000
CVE-2020-26247;0.011810000;0.664700000
CVE-2020-26246;0.008070000;0.551020000
CVE-2020-26245;0.022290000;0.820510000
CVE-2020-26244;0.008320000;0.559110000
CVE-2020-26243;0.026640000;0.851350000
CVE-2020-26242;0.014800000;0.728700000
CVE-2020-26241;0.012260000;0.676290000
CVE-2020-26240;0.018630000;0.784160000
CVE-2020-2624;0.011590000;0.658090000
CVE-2020-26239;0.010280000;0.622030000
CVE-2020-26238;0.042040000;0.906110000
CVE-2020-26237;0.013230000;0.697580000
CVE-2020-26236;0.009480000;0.596160000
CVE-2020-26235;0.016410000;0.754310000
CVE-2020-26234;0.002790000;0.182480000
CVE-2020-26233;0.059910000;0.930630000
CVE-2020-26232;0.010040000;0.614740000
CVE-2020-26231;0.002930000;0.195930000
CVE-2020-26230;0.016660000;0.757770000
CVE-2020-2623;0.012050000;0.670490000
CVE-2020-26229;0.006440000;0.487900000
CVE-2020-26228;0.006750000;0.501940000
CVE-2020-26227;0.007240000;0.521590000
CVE-2020-26226;0.014010000;0.714150000
CVE-2020-26225;0.008860000;0.576320000
CVE-2020-26224;0.017640000;0.771350000
CVE-2020-26223;0.011240000;0.649170000
CVE-2020-26222;0.030620000;0.871020000
CVE-2020-26221;0.006190000;0.475210000
CVE-2020-26220;0.007530000;0.531870000
CVE-2020-2622;0.011590000;0.658080000
CVE-2020-26219;0.006160000;0.473810000
CVE-2020-26218;0.019360000;0.792450000
CVE-2020-26217;0.850010000;0.997070000
CVE-2020-26216;0.010390000;0.625220000
CVE-2020-26215;0.012280000;0.676580000
CVE-2020-26214;0.659330000;0.992500000
CVE-2020-26213;0.014290000;0.719350000
CVE-2020-26212;0.011740000;0.662590000
CVE-2020-26211;0.010960000;0.641970000
CVE-2020-26210;0.011690000;0.660830000
CVE-2020-2621;0.012050000;0.670500000
CVE-2020-26208;0.008900000;0.577420000
CVE-2020-26207;0.021010000;0.809580000
CVE-2020-26205;0.006730000;0.501510000
CVE-2020-26201;0.024380000;0.836460000
CVE-2020-26200;0.002310000;0.125930000
CVE-2020-2620;0.011590000;0.658080000
CVE-2020-26199;0.002610000;0.160670000
CVE-2020-26198;0.010030000;0.614580000
CVE-2020-26197;0.005900000;0.460320000
CVE-2020-26196;0.002690000;0.171190000
CVE-2020-26195;0.018040000;0.776520000
CVE-2020-26194;0.002500000;0.147010000
CVE-2020-26193;0.004800000;0.389420000
CVE-2020-26192;0.002930000;0.196150000
CVE-2020-26191;0.002930000;0.196140000
CVE-2020-2619;0.011590000;0.658080000
CVE-2020-26186;0.003640000;0.276960000
CVE-2020-26185;0.010850000;0.638640000
CVE-2020-26184;0.006720000;0.500740000
CVE-2020-26183;0.007170000;0.518950000
CVE-2020-26182;0.007170000;0.518950000
CVE-2020-26181;0.002540000;0.152940000
CVE-2020-26180;0.005930000;0.461690000
CVE-2020-2618;0.012050000;0.670480000
CVE-2020-26178;0.008970000;0.579720000
CVE-2020-26177;0.006490000;0.490490000
CVE-2020-26176;0.007540000;0.532080000
CVE-2020-26175;0.006670000;0.498550000
CVE-2020-26174;0.012490000;0.681770000
CVE-2020-26173;0.007400000;0.527450000
CVE-2020-26172;0.006600000;0.495420000
CVE-2020-26171;0.005810000;0.455610000
CVE-2020-2617;0.012310000;0.677330000
CVE-2020-26168;0.015960000;0.747360000
CVE-2020-26167;0.034340000;0.885200000
CVE-2020-26166;0.008490000;0.564490000
CVE-2020-26165;0.025320000;0.842930000
CVE-2020-26164;0.005510000;0.438290000
CVE-2020-26163;0.015310000;0.737220000
CVE-2020-26162;0.006480000;0.489670000
CVE-2020-26161;0.010730000;0.635180000
CVE-2020-26160;0.021580000;0.814560000
CVE-2020-2616;0.013350000;0.700590000
CVE-2020-26158;0.019130000;0.789810000
CVE-2020-26157;0.019130000;0.789810000
CVE-2020-26155;0.003630000;0.276050000
CVE-2020-26154;0.035560000;0.888970000
CVE-2020-26153;0.043780000;0.909430000
CVE-2020-26150;0.012720000;0.686610000
CVE-2020-2615;0.013350000;0.700600000
CVE-2020-26149;0.014760000;0.727990000
CVE-2020-26148;0.014230000;0.718100000
CVE-2020-26147;0.076040000;0.943430000
CVE-2020-26146;0.056220000;0.926720000
CVE-2020-26145;0.035150000;0.887860000
CVE-2020-26144;0.049130000;0.918030000
CVE-2020-26143;0.041730000;0.905470000
CVE-2020-26142;0.020760000;0.807060000
CVE-2020-26141;0.030720000;0.871390000
CVE-2020-26140;0.029230000;0.865200000
CVE-2020-2614;0.011590000;0.658090000
CVE-2020-26139;0.064870000;0.935200000
CVE-2020-26138;0.013410000;0.701960000
CVE-2020-26137;0.022690000;0.823590000
CVE-2020-26136;0.011570000;0.657540000
CVE-2020-26135;0.010410000;0.625980000
CVE-2020-26134;0.010820000;0.637730000
CVE-2020-26133;0.003300000;0.235170000
CVE-2020-26132;0.003230000;0.228070000
CVE-2020-26131;0.004230000;0.340950000
CVE-2020-26130;0.004440000;0.361160000
CVE-2020-2613;0.012050000;0.670480000
CVE-2020-26129;0.007700000;0.538010000
CVE-2020-26124;0.668020000;0.992690000
CVE-2020-26122;0.012140000;0.673210000
CVE-2020-26121;0.012770000;0.687920000
CVE-2020-26120;0.009800000;0.606950000
CVE-2020-2612;0.013350000;0.700600000
CVE-2020-26118;0.037610000;0.895130000
CVE-2020-26117;0.030600000;0.870940000
CVE-2020-26116;0.063580000;0.934100000
CVE-2020-26115;0.006410000;0.486520000
CVE-2020-26114;0.006410000;0.486520000
CVE-2020-26113;0.006410000;0.486530000
CVE-2020-26112;0.008720000;0.572170000
CVE-2020-26111;0.006410000;0.486450000
CVE-2020-26110;0.007820000;0.542020000
CVE-2020-2611;0.012050000;0.670520000
CVE-2020-26109;0.012070000;0.670820000
CVE-2020-26108;0.024750000;0.839080000
CVE-2020-26107;0.013850000;0.711020000
CVE-2020-26106;0.013130000;0.695490000
CVE-2020-26105;0.014190000;0.717350000
CVE-2020-26104;0.013850000;0.711030000
CVE-2020-26103;0.013130000;0.695490000
CVE-2020-26102;0.013850000;0.711030000
CVE-2020-26101;0.014190000;0.717350000
CVE-2020-26100;0.016110000;0.749640000
CVE-2020-2610;0.012050000;0.670490000
CVE-2020-26099;0.012070000;0.670810000
CVE-2020-26098;0.030050000;0.868780000
CVE-2020-26097;0.018450000;0.781850000
CVE-2020-2609;0.010750000;0.635860000
CVE-2020-26088;0.003990000;0.315240000
CVE-2020-26086;0.008480000;0.564230000
CVE-2020-26085;0.022440000;0.821780000
CVE-2020-26084;0.008930000;0.578330000
CVE-2020-26083;0.006170000;0.474310000
CVE-2020-26082;0.006280000;0.479880000
CVE-2020-26081;0.008010000;0.548450000
CVE-2020-26080;0.007180000;0.519660000
CVE-2020-2608;0.013880000;0.711580000
CVE-2020-26079;0.009740000;0.605580000
CVE-2020-26078;0.014510000;0.723310000
CVE-2020-26077;0.007570000;0.533340000
CVE-2020-26076;0.013350000;0.700500000
CVE-2020-26075;0.015840000;0.745770000
CVE-2020-26074;0.001840000;0.071720000
CVE-2020-26073;0.125830000;0.961040000
CVE-2020-26072;0.010120000;0.617390000
CVE-2020-26071;0.001920000;0.079200000
CVE-2020-26070;0.019010000;0.788510000
CVE-2020-2607;0.012080000;0.671470000
CVE-2020-26068;0.007310000;0.524030000
CVE-2020-26067;0.008160000;0.553680000
CVE-2020-26066;0.005940000;0.462260000
CVE-2020-26065;0.017050000;0.763480000
CVE-2020-26064;0.007410000;0.527770000
CVE-2020-26063;0.006230000;0.477460000
CVE-2020-26062;0.008420000;0.562130000
CVE-2020-26061;0.044560000;0.910840000
CVE-2020-2606;0.010020000;0.614020000
CVE-2020-26052;0.006760000;0.502500000
CVE-2020-26051;0.024040000;0.833850000
CVE-2020-26050;0.005710000;0.450130000
CVE-2020-2605;0.003840000;0.297820000
CVE-2020-26049;0.013300000;0.699190000
CVE-2020-26048;0.018630000;0.784150000
CVE-2020-26046;0.006530000;0.492230000
CVE-2020-26045;0.018460000;0.781940000
CVE-2020-26043;0.007000000;0.512570000
CVE-2020-26042;0.011590000;0.658050000
CVE-2020-26041;0.027560000;0.856680000
CVE-2020-2604;0.048810000;0.917530000
CVE-2020-26037;0.021960000;0.817730000
CVE-2020-26035;0.005450000;0.434430000
CVE-2020-26034;0.007280000;0.523190000
CVE-2020-26033;0.003600000;0.272110000
CVE-2020-26032;0.010790000;0.636910000
CVE-2020-26031;0.006380000;0.484770000
CVE-2020-26030;0.013500000;0.703680000
CVE-2020-2603;0.009420000;0.594540000
CVE-2020-26029;0.007870000;0.543480000
CVE-2020-26028;0.008620000;0.569070000
CVE-2020-2602;0.011620000;0.659150000
CVE-2020-2601;0.041770000;0.905550000
CVE-2020-26008;0.010060000;0.615100000
CVE-2020-26007;0.010060000;0.615100000
CVE-2020-26006;0.006850000;0.506530000
CVE-2020-2600;0.011620000;0.659140000
CVE-2020-25990;0.016680000;0.758090000
CVE-2020-2599;0.003810000;0.294700000
CVE-2020-25989;0.007720000;0.538590000
CVE-2020-25988;0.030520000;0.870650000
CVE-2020-25987;0.016280000;0.752130000
CVE-2020-25986;0.005690000;0.448830000
CVE-2020-25985;0.017170000;0.765080000
CVE-2020-2598;0.010020000;0.614040000
CVE-2020-2597;0.011400000;0.652920000
CVE-2020-25969;0.010210000;0.619730000
CVE-2020-25967;0.012900000;0.690400000
CVE-2020-25966;0.013690000;0.707840000
CVE-2020-2596;0.010430000;0.626460000
CVE-2020-25955;0.009400000;0.593680000
CVE-2020-25952;0.041270000;0.904570000
CVE-2020-25950;0.004270000;0.343890000
CVE-2020-2595;0.014890000;0.730340000
CVE-2020-2594;0.007100000;0.516290000
CVE-2020-2593;0.029700000;0.867180000
CVE-2020-25928;0.036270000;0.891230000
CVE-2020-25927;0.022700000;0.823630000
CVE-2020-25926;0.012620000;0.684530000
CVE-2020-25925;0.010290000;0.622510000
CVE-2020-2592;0.013310000;0.699460000
CVE-2020-25917;0.012560000;0.683310000
CVE-2020-25915;0.004410000;0.358180000
CVE-2020-25912;0.013960000;0.713090000
CVE-2020-25911;0.023840000;0.832410000
CVE-2020-2591;0.013140000;0.695750000
CVE-2020-25905;0.016660000;0.757850000
CVE-2020-25902;0.006890000;0.508220000
CVE-2020-25901;0.051420000;0.921140000
CVE-2020-25900;0.002010000;0.090100000
CVE-2020-2590;0.030710000;0.871350000
CVE-2020-25890;0.015260000;0.736430000
CVE-2020-2589;0.018780000;0.785880000
CVE-2020-25889;0.027600000;0.856870000
CVE-2020-25887;0.007090000;0.515890000
CVE-2020-25881;0.012220000;0.675010000
CVE-2020-2588;0.018780000;0.785890000
CVE-2020-25879;0.004540000;0.368800000
CVE-2020-25878;0.005430000;0.433600000
CVE-2020-25877;0.005070000;0.408690000
CVE-2020-25876;0.004540000;0.368800000
CVE-2020-25875;0.005070000;0.408690000
CVE-2020-25873;0.011700000;0.661290000
CVE-2020-25872;0.011680000;0.660680000
CVE-2020-2587;0.015210000;0.735550000
CVE-2020-25869;0.014050000;0.714910000
CVE-2020-25868;0.013280000;0.698790000
CVE-2020-25867;0.027590000;0.856820000
CVE-2020-25866;0.039380000;0.900190000
CVE-2020-25864;0.060680000;0.931420000
CVE-2020-25863;0.049180000;0.918070000
CVE-2020-25862;0.023530000;0.830340000
CVE-2020-25860;0.014340000;0.720130000
CVE-2020-2586;0.015210000;0.735550000
CVE-2020-25859;0.002710000;0.173840000
CVE-2020-25858;0.096390000;0.953270000
CVE-2020-25857;0.012290000;0.676770000
CVE-2020-25856;0.021590000;0.814640000
CVE-2020-25855;0.026360000;0.849580000
CVE-2020-25854;0.026360000;0.849580000
CVE-2020-25853;0.012470000;0.681120000
CVE-2020-25850;0.011210000;0.648400000
CVE-2020-2585;0.033210000;0.881430000
CVE-2020-25849;0.022310000;0.820680000
CVE-2020-25848;0.016740000;0.758980000
CVE-2020-25847;0.025810000;0.846060000
CVE-2020-25846;0.009740000;0.605390000
CVE-2020-25845;0.009740000;0.605380000
CVE-2020-25844;0.019780000;0.796740000
CVE-2020-25843;0.019780000;0.796730000
CVE-2020-25842;0.005080000;0.410110000
CVE-2020-25840;0.006130000;0.472530000
CVE-2020-2584;0.017790000;0.773350000
CVE-2020-25839;0.011910000;0.667000000
CVE-2020-25838;0.008550000;0.566680000
CVE-2020-25837;0.010580000;0.631020000
CVE-2020-25836;0.002790000;0.182490000
CVE-2020-25835;0.003770000;0.290340000
CVE-2020-25834;0.006910000;0.508650000
CVE-2020-25833;0.005170000;0.416340000
CVE-2020-25832;0.005100000;0.411030000
CVE-2020-25830;0.016820000;0.760100000
CVE-2020-2583;0.040220000;0.902240000
CVE-2020-25829;0.065430000;0.935710000
CVE-2020-25828;0.010890000;0.639660000
CVE-2020-25827;0.017040000;0.763320000
CVE-2020-25826;0.004260000;0.343680000
CVE-2020-25825;0.015400000;0.738830000
CVE-2020-25824;0.005500000;0.437570000
CVE-2020-25821;0.014070000;0.715180000
CVE-2020-25820;0.104820000;0.956030000
CVE-2020-2582;0.013140000;0.695750000
CVE-2020-25817;0.008200000;0.555400000
CVE-2020-25816;0.010120000;0.617430000
CVE-2020-25815;0.011040000;0.643930000
CVE-2020-25814;0.013500000;0.703720000
CVE-2020-25813;0.012910000;0.690650000
CVE-2020-25812;0.011040000;0.643930000
CVE-2020-2581;0.004020000;0.318310000
CVE-2020-25803;0.011230000;0.648820000
CVE-2020-25802;0.011230000;0.648820000
CVE-2020-2580;0.018220000;0.778930000
CVE-2020-25799;0.007050000;0.514480000
CVE-2020-25798;0.006450000;0.488310000
CVE-2020-25797;0.007050000;0.514480000
CVE-2020-25796;0.016660000;0.757840000
CVE-2020-25795;0.017190000;0.765280000
CVE-2020-25794;0.017670000;0.771730000
CVE-2020-25793;0.016660000;0.757850000
CVE-2020-25792;0.028970000;0.863970000
CVE-2020-25791;0.017670000;0.771730000
CVE-2020-25790;0.155780000;0.967230000
CVE-2020-2579;0.019990000;0.799140000
CVE-2020-25789;0.008830000;0.575430000
CVE-2020-25788;0.011930000;0.667570000
CVE-2020-25787;0.184170000;0.971420000
CVE-2020-25786;0.009880000;0.609450000
CVE-2020-25785;0.015390000;0.738720000
CVE-2020-25784;0.016720000;0.758630000
CVE-2020-25783;0.016720000;0.758630000
CVE-2020-25782;0.029390000;0.865860000
CVE-2020-25781;0.009380000;0.592910000
CVE-2020-25780;0.098840000;0.954150000
CVE-2020-2578;0.016170000;0.750610000
CVE-2020-25779;0.008480000;0.564050000
CVE-2020-25778;0.006050000;0.467900000
CVE-2020-25777;0.013420000;0.702040000
CVE-2020-25776;0.006210000;0.476730000
CVE-2020-25775;0.002980000;0.201360000
CVE-2020-25774;0.020590000;0.805320000
CVE-2020-25773;0.023820000;0.832230000
CVE-2020-25772;0.013460000;0.702870000
CVE-2020-25771;0.013460000;0.702880000
CVE-2020-25770;0.013460000;0.702880000
CVE-2020-2577;0.019310000;0.791900000
CVE-2020-25768;0.008190000;0.554980000
CVE-2020-25767;0.014530000;0.723620000
CVE-2020-25766;0.012310000;0.677400000
CVE-2020-25765;0.060790000;0.931560000
CVE-2020-25763;0.049840000;0.919120000
CVE-2020-25762;0.113010000;0.958360000
CVE-2020-25761;0.018250000;0.779400000
CVE-2020-25760;0.021690000;0.815400000
CVE-2020-2576;0.012480000;0.681500000
CVE-2020-25759;0.023030000;0.826370000
CVE-2020-25758;0.012510000;0.682120000
CVE-2020-25757;0.021330000;0.812440000
CVE-2020-25756;0.016300000;0.752360000
CVE-2020-25755;0.030760000;0.871570000
CVE-2020-25754;0.013500000;0.703690000
CVE-2020-25753;0.022310000;0.820660000
CVE-2020-25752;0.016030000;0.748530000
CVE-2020-25751;0.018300000;0.779940000
CVE-2020-25750;0.011450000;0.654330000
CVE-2020-2575;0.006970000;0.511150000
CVE-2020-25749;0.030960000;0.872340000
CVE-2020-25748;0.008440000;0.562760000
CVE-2020-25747;0.018480000;0.782210000
CVE-2020-25746;0.003070000;0.210360000
CVE-2020-25744;0.014230000;0.718040000
CVE-2020-25743;0.004670000;0.379340000
CVE-2020-25742;0.004670000;0.379330000
CVE-2020-25741;0.004560000;0.370380000
CVE-2020-2574;0.034850000;0.886960000
CVE-2020-25739;0.013760000;0.709290000
CVE-2020-25738;0.004400000;0.357290000
CVE-2020-25737;0.002920000;0.194840000
CVE-2020-25736;0.021520000;0.814100000
CVE-2020-25735;0.014070000;0.715150000
CVE-2020-25734;0.021490000;0.813820000
CVE-2020-25733;0.021360000;0.812660000
CVE-2020-25730;0.006290000;0.480300000
CVE-2020-2573;0.030060000;0.868810000
CVE-2020-25729;0.012110000;0.672620000
CVE-2020-25728;0.010010000;0.613560000
CVE-2020-25727;0.009250000;0.588760000
CVE-2020-25725;0.010050000;0.614870000
CVE-2020-25724;0.006290000;0.480210000
CVE-2020-25723;0.003650000;0.277180000
CVE-2020-25722;0.016060000;0.748920000
CVE-2020-25721;0.022010000;0.818220000
CVE-2020-25720;0.004940000;0.399330000
CVE-2020-2572;0.013590000;0.705720000
CVE-2020-25719;0.016870000;0.761050000
CVE-2020-25718;0.017020000;0.762910000
CVE-2020-25717;0.016250000;0.751770000
CVE-2020-25716;0.007690000;0.537750000
CVE-2020-25715;0.011420000;0.653450000
CVE-2020-25713;0.021430000;0.813290000
CVE-2020-25712;0.003540000;0.266170000
CVE-2020-25711;0.010800000;0.637100000
CVE-2020-25710;0.026660000;0.851490000
CVE-2020-2571;0.004270000;0.343950000
CVE-2020-25709;0.028580000;0.862040000
CVE-2020-25708;0.016330000;0.752980000
CVE-2020-25706;0.028040000;0.859350000
CVE-2020-25705;0.066920000;0.936780000
CVE-2020-25704;0.003530000;0.263570000
CVE-2020-25703;0.015380000;0.738530000
CVE-2020-25702;0.012910000;0.690740000
CVE-2020-25701;0.013850000;0.710960000
CVE-2020-25700;0.013450000;0.702760000
CVE-2020-2570;0.029300000;0.865510000
CVE-2020-25699;0.016070000;0.749150000
CVE-2020-25698;0.019180000;0.790490000
CVE-2020-25697;0.003130000;0.217470000
CVE-2020-25696;0.026980000;0.853420000
CVE-2020-25695;0.464400000;0.987810000
CVE-2020-25694;0.015930000;0.747050000
CVE-2020-25693;0.014780000;0.728390000
CVE-2020-25692;0.022090000;0.818880000
CVE-2020-25691;0.013160000;0.696340000
CVE-2020-25690;0.013430000;0.702400000
CVE-2020-2569;0.003240000;0.229390000
CVE-2020-25689;0.015000000;0.732260000
CVE-2020-25688;0.002510000;0.148180000
CVE-2020-25687;0.866920000;0.997370000
CVE-2020-25686;0.048730000;0.917400000
CVE-2020-25685;0.021810000;0.816370000
CVE-2020-25684;0.040410000;0.902640000
CVE-2020-25683;0.860410000;0.997240000
CVE-2020-25682;0.707540000;0.993810000
CVE-2020-25681;0.811910000;0.996250000
CVE-2020-25680;0.003270000;0.232820000
CVE-2020-2568;0.007170000;0.518970000
CVE-2020-25678;0.002690000;0.170930000
CVE-2020-25677;0.002130000;0.104480000
CVE-2020-25676;0.011860000;0.665870000
CVE-2020-25675;0.010850000;0.638720000
CVE-2020-25674;0.010280000;0.622100000
CVE-2020-25673;0.004680000;0.380010000
CVE-2020-25672;0.031320000;0.873740000
CVE-2020-25671;0.005110000;0.411770000
CVE-2020-25670;0.005890000;0.459610000
CVE-2020-2567;0.007000000;0.512300000
CVE-2020-25669;0.006270000;0.479300000
CVE-2020-25668;0.010260000;0.621480000
CVE-2020-25667;0.012120000;0.672780000
CVE-2020-25666;0.011770000;0.663270000
CVE-2020-25665;0.010280000;0.622090000
CVE-2020-25664;0.007190000;0.519840000
CVE-2020-25663;0.011150000;0.646740000
CVE-2020-25662;0.011820000;0.664760000
CVE-2020-25661;0.017860000;0.774260000
CVE-2020-25660;0.010340000;0.624130000
CVE-2020-2566;0.010640000;0.632840000
CVE-2020-25659;0.024330000;0.836150000
CVE-2020-25658;0.016510000;0.755640000
CVE-2020-25657;0.017410000;0.768190000
CVE-2020-25656;0.004390000;0.356770000
CVE-2020-25655;0.006090000;0.470060000
CVE-2020-25654;0.020270000;0.802170000
CVE-2020-25653;0.003300000;0.235760000
CVE-2020-25652;0.004360000;0.353880000
CVE-2020-25651;0.002990000;0.202290000
CVE-2020-25650;0.005000000;0.403570000
CVE-2020-2565;0.004020000;0.318390000
CVE-2020-25649;0.172600000;0.970030000
CVE-2020-25648;0.039010000;0.899010000
CVE-2020-25647;0.007940000;0.546070000
CVE-2020-25646;0.014190000;0.717420000
CVE-2020-25645;0.024330000;0.836150000
CVE-2020-25644;0.023650000;0.831160000
CVE-2020-25643;0.032920000;0.880370000
CVE-2020-25641;0.003850000;0.299440000
CVE-2020-25640;0.013480000;0.703240000
CVE-2020-2564;0.015960000;0.747430000
CVE-2020-25639;0.003660000;0.278640000
CVE-2020-25638;0.029290000;0.865460000
CVE-2020-25637;0.005290000;0.424270000
CVE-2020-25636;0.003090000;0.213060000
CVE-2020-25635;0.003190000;0.222960000
CVE-2020-25634;0.005170000;0.416670000
CVE-2020-25633;0.011780000;0.663760000
CVE-2020-25632;0.011520000;0.656300000
CVE-2020-25631;0.009340000;0.591860000
CVE-2020-25630;0.013620000;0.706500000
CVE-2020-2563;0.008300000;0.558540000
CVE-2020-25629;0.013200000;0.697050000
CVE-2020-25628;0.009840000;0.608290000
CVE-2020-25627;0.036940000;0.893180000
CVE-2020-25626;0.012860000;0.689740000
CVE-2020-25625;0.004450000;0.361290000
CVE-2020-25624;0.005850000;0.457680000
CVE-2020-25623;0.031510000;0.874470000
CVE-2020-25622;0.009560000;0.598560000
CVE-2020-25621;0.005430000;0.433320000
CVE-2020-25620;0.004300000;0.346610000
CVE-2020-2562;0.009620000;0.600890000
CVE-2020-25619;0.004520000;0.367790000
CVE-2020-25618;0.026800000;0.852360000
CVE-2020-25617;0.033050000;0.880870000
CVE-2020-25614;0.019360000;0.792570000
CVE-2020-25613;0.038490000;0.897700000
CVE-2020-25612;0.008520000;0.565640000
CVE-2020-25611;0.006410000;0.486530000
CVE-2020-25610;0.008620000;0.568920000
CVE-2020-2561;0.007980000;0.547370000
CVE-2020-25609;0.007180000;0.519380000
CVE-2020-25608;0.008970000;0.579500000
CVE-2020-25606;0.006410000;0.486480000
CVE-2020-25605;0.062540000;0.933210000
CVE-2020-25604;0.002610000;0.160600000
CVE-2020-25603;0.004150000;0.332310000
CVE-2020-25602;0.003240000;0.228770000
CVE-2020-25601;0.004240000;0.341900000
CVE-2020-25600;0.004260000;0.343790000
CVE-2020-2560;0.014830000;0.729250000
CVE-2020-25599;0.002860000;0.189280000
CVE-2020-25598;0.004160000;0.333620000
CVE-2020-25597;0.003580000;0.270100000
CVE-2020-25596;0.005120000;0.412530000
CVE-2020-25595;0.003730000;0.286530000
CVE-2020-25594;0.013550000;0.705040000
CVE-2020-25593;0.002500000;0.146730000
CVE-2020-25592;0.577260000;0.990580000
CVE-2020-2559;0.016940000;0.761880000
CVE-2020-25584;0.001800000;0.068060000
CVE-2020-25583;0.014650000;0.726040000
CVE-2020-25582;0.006940000;0.510080000
CVE-2020-25581;0.007580000;0.533610000
CVE-2020-25580;0.007240000;0.521520000
CVE-2020-2558;0.017760000;0.773100000
CVE-2020-25579;0.011170000;0.647360000
CVE-2020-25578;0.023150000;0.827350000
CVE-2020-25577;0.014960000;0.731440000
CVE-2020-25576;0.015580000;0.741980000
CVE-2020-25575;0.028740000;0.862850000
CVE-2020-25574;0.024600000;0.838050000
CVE-2020-25573;0.017920000;0.775000000
CVE-2020-2557;0.011090000;0.645410000
CVE-2020-25566;0.015600000;0.742240000
CVE-2020-25565;0.021290000;0.812080000
CVE-2020-25564;0.012470000;0.681030000
CVE-2020-25563;0.015600000;0.742230000
CVE-2020-25562;0.005020000;0.405280000
CVE-2020-25561;0.003750000;0.288170000
CVE-2020-25560;0.021290000;0.812070000
CVE-2020-2556;0.004290000;0.346240000
CVE-2020-25559;0.015700000;0.743620000
CVE-2020-25557;0.099690000;0.954440000
CVE-2020-2555;0.971160000;0.998920000
CVE-2020-25540;0.753320000;0.995010000
CVE-2020-25538;0.099690000;0.954440000
CVE-2020-25537;0.018560000;0.783340000
CVE-2020-25533;0.002670000;0.168940000
CVE-2020-2553;0.009660000;0.601800000
CVE-2020-2552;0.008270000;0.557510000
CVE-2020-25516;0.005880000;0.459500000
CVE-2020-25515;0.005080000;0.410140000
CVE-2020-25514;0.005710000;0.450090000
CVE-2020-2551;0.932170000;0.998330000
CVE-2020-25507;0.005480000;0.436410000
CVE-2020-25506;0.999680000;0.999770000
CVE-2020-25502;0.002330000;0.127830000
CVE-2020-2550;0.005270000;0.422930000
CVE-2020-25499;0.042030000;0.906080000
CVE-2020-25498;0.010700000;0.634530000
CVE-2020-25495;0.089810000;0.950950000
CVE-2020-25494;0.391930000;0.985520000
CVE-2020-25493;0.008930000;0.578570000
CVE-2020-25491;0.005940000;0.462160000
CVE-2020-25490;0.011520000;0.656420000
CVE-2020-2549;0.019370000;0.792700000
CVE-2020-25489;0.025200000;0.842130000
CVE-2020-25487;0.005130000;0.413250000
CVE-2020-25483;0.086500000;0.949370000
CVE-2020-2548;0.008510000;0.565230000
CVE-2020-25476;0.009410000;0.593940000
CVE-2020-25475;0.010650000;0.632900000
CVE-2020-25474;0.008690000;0.571410000
CVE-2020-25473;0.009150000;0.585660000
CVE-2020-25472;0.005190000;0.417580000
CVE-2020-25470;0.013300000;0.699190000
CVE-2020-2547;0.008850000;0.575960000
CVE-2020-25467;0.009290000;0.589920000
CVE-2020-25466;0.025510000;0.844150000
CVE-2020-25465;0.015740000;0.744360000
CVE-2020-25464;0.011100000;0.645600000
CVE-2020-25463;0.013090000;0.694730000
CVE-2020-25462;0.019580000;0.794820000
CVE-2020-25461;0.013090000;0.694740000
CVE-2020-2546;0.051350000;0.921060000
CVE-2020-25459;0.010040000;0.614780000
CVE-2020-25454;0.007400000;0.527530000
CVE-2020-25453;0.062810000;0.933460000
CVE-2020-2545;0.014890000;0.730350000
CVE-2020-25449;0.011560000;0.657390000
CVE-2020-25445;0.008980000;0.580070000
CVE-2020-25444;0.005940000;0.462250000
CVE-2020-2544;0.009700000;0.603770000
CVE-2020-2543;0.012440000;0.680390000
CVE-2020-25427;0.006770000;0.503270000
CVE-2020-25422;0.005200000;0.418180000
CVE-2020-2542;0.014930000;0.730930000
CVE-2020-25414;0.020320000;0.802730000
CVE-2020-25412;0.026310000;0.849320000
CVE-2020-25411;0.006580000;0.494780000
CVE-2020-2541;0.014930000;0.730930000
CVE-2020-25409;0.016050000;0.748850000
CVE-2020-25408;0.007810000;0.541700000
CVE-2020-25406;0.008610000;0.568720000
CVE-2020-25400;0.018730000;0.785300000
CVE-2020-2540;0.014360000;0.720550000
CVE-2020-25399;0.010230000;0.620470000
CVE-2020-25398;0.019780000;0.796880000
CVE-2020-25394;0.004470000;0.363570000
CVE-2020-25392;0.004500000;0.365840000
CVE-2020-25391;0.004500000;0.365830000
CVE-2020-2539;0.010900000;0.640030000
CVE-2020-25385;0.162030000;0.968330000
CVE-2020-25380;0.007230000;0.521280000
CVE-2020-2538;0.010880000;0.639480000
CVE-2020-25379;0.019280000;0.791530000
CVE-2020-25378;0.009340000;0.591970000
CVE-2020-25375;0.007170000;0.519020000
CVE-2020-25374;0.005940000;0.462320000
CVE-2020-2537;0.010880000;0.639480000
CVE-2020-25368;0.086490000;0.949360000
CVE-2020-25367;0.086490000;0.949350000
CVE-2020-25366;0.024600000;0.838030000
CVE-2020-25362;0.020510000;0.804600000
CVE-2020-2536;0.009420000;0.594540000
CVE-2020-25359;0.022500000;0.822140000
CVE-2020-25353;0.009880000;0.609720000
CVE-2020-25352;0.020060000;0.800200000
CVE-2020-25351;0.011220000;0.648560000
CVE-2020-2535;0.013570000;0.705360000
CVE-2020-25343;0.007080000;0.515470000
CVE-2020-25340;0.003320000;0.238510000
CVE-2020-2534;0.009950000;0.611700000
CVE-2020-2533;0.010350000;0.624190000
CVE-2020-2531;0.010580000;0.630820000
CVE-2020-2530;0.010900000;0.640030000
CVE-2020-25291;0.016170000;0.750580000
CVE-2020-25289;0.004490000;0.365130000
CVE-2020-25288;0.014900000;0.730500000
CVE-2020-25287;0.027110000;0.854100000
CVE-2020-25286;0.019080000;0.789420000
CVE-2020-25285;0.002720000;0.175970000
CVE-2020-25284;0.003080000;0.211590000
CVE-2020-25283;0.004640000;0.376460000
CVE-2020-25282;0.004380000;0.355370000
CVE-2020-25281;0.003460000;0.255700000
CVE-2020-25280;0.001590000;0.043730000
CVE-2020-25279;0.007090000;0.515920000
CVE-2020-25278;0.006520000;0.491760000
CVE-2020-25276;0.004910000;0.397290000
CVE-2020-25275;0.046600000;0.914270000
CVE-2020-25273;0.018130000;0.777820000
CVE-2020-25272;0.008660000;0.570350000
CVE-2020-25271;0.006170000;0.474440000
CVE-2020-25270;0.031850000;0.875820000
CVE-2020-2527;0.009820000;0.607540000
CVE-2020-25269;0.026860000;0.852720000
CVE-2020-25268;0.024150000;0.834800000
CVE-2020-25267;0.005570000;0.441410000
CVE-2020-25266;0.003450000;0.253710000
CVE-2020-25265;0.019190000;0.790590000
CVE-2020-25263;0.005990000;0.465250000
CVE-2020-25262;0.005260000;0.422350000
CVE-2020-25260;0.026870000;0.852800000
CVE-2020-25259;0.014210000;0.717720000
CVE-2020-25258;0.015180000;0.735240000
CVE-2020-25257;0.012120000;0.672740000
CVE-2020-25256;0.006330000;0.482260000
CVE-2020-25255;0.014800000;0.728620000
CVE-2020-25254;0.015200000;0.735450000
CVE-2020-25253;0.010650000;0.632980000
CVE-2020-25252;0.005090000;0.410520000
CVE-2020-25251;0.012160000;0.673540000
CVE-2020-25250;0.009080000;0.583320000
CVE-2020-25249;0.008240000;0.556650000
CVE-2020-25248;0.020990000;0.809390000
CVE-2020-25247;0.015000000;0.732390000
CVE-2020-25245;0.003420000;0.250730000
CVE-2020-25244;0.002480000;0.144550000
CVE-2020-25243;0.003110000;0.214530000
CVE-2020-25242;0.012690000;0.686160000
CVE-2020-25241;0.010320000;0.623190000
CVE-2020-25240;0.008640000;0.569690000
CVE-2020-2524;0.014830000;0.729300000
CVE-2020-25239;0.009400000;0.593600000
CVE-2020-25238;0.008620000;0.569010000
CVE-2020-25237;0.206160000;0.974430000
CVE-2020-25236;0.002560000;0.154850000
CVE-2020-25235;0.014200000;0.717540000
CVE-2020-25234;0.003180000;0.221840000
CVE-2020-25233;0.001990000;0.087280000
CVE-2020-25232;0.008160000;0.553660000
CVE-2020-25231;0.001800000;0.067700000
CVE-2020-25230;0.004960000;0.400840000
CVE-2020-25229;0.006470000;0.489570000
CVE-2020-25228;0.016400000;0.754050000
CVE-2020-25226;0.017150000;0.764830000
CVE-2020-25223;0.967530000;0.998860000
CVE-2020-25221;0.006680000;0.498940000
CVE-2020-25220;0.004490000;0.365160000
CVE-2020-2522;0.010670000;0.633950000
CVE-2020-25219;0.043670000;0.909160000
CVE-2020-25218;0.018220000;0.778910000
CVE-2020-25217;0.023820000;0.832260000
CVE-2020-25216;0.024240000;0.835390000
CVE-2020-25215;0.012100000;0.671990000
CVE-2020-25214;0.031110000;0.872890000
CVE-2020-25213;0.973280000;0.998960000
CVE-2020-25212;0.002750000;0.178120000
CVE-2020-25211;0.005660000;0.447690000
CVE-2020-25210;0.014480000;0.722580000
CVE-2020-25209;0.023910000;0.832920000
CVE-2020-25208;0.013550000;0.705090000
CVE-2020-25207;0.045680000;0.912830000
CVE-2020-25206;0.053120000;0.923100000
CVE-2020-25205;0.009050000;0.582150000
CVE-2020-25204;0.003980000;0.313940000
CVE-2020-25203;0.004530000;0.368500000
CVE-2020-25201;0.026100000;0.848000000
CVE-2020-25200;0.074700000;0.942610000
CVE-2020-25199;0.012990000;0.692730000
CVE-2020-25198;0.014060000;0.714950000
CVE-2020-25197;0.031720000;0.875380000
CVE-2020-25196;0.018140000;0.777970000
CVE-2020-25195;0.014720000;0.727410000
CVE-2020-25194;0.013660000;0.707040000
CVE-2020-25193;0.008590000;0.567980000
CVE-2020-25192;0.012100000;0.672120000
CVE-2020-25191;0.011230000;0.648720000
CVE-2020-25190;0.009650000;0.601610000
CVE-2020-2519;0.012460000;0.680920000
CVE-2020-25189;0.026500000;0.850360000
CVE-2020-25188;0.019390000;0.792910000
CVE-2020-25187;0.039310000;0.900040000
CVE-2020-25186;0.011520000;0.656280000
CVE-2020-25185;0.021920000;0.817220000
CVE-2020-25184;0.004370000;0.355020000
CVE-2020-25183;0.007960000;0.546920000
CVE-2020-25182;0.004460000;0.362310000
CVE-2020-25181;0.020580000;0.805260000
CVE-2020-25180;0.011630000;0.659340000
CVE-2020-2518;0.012560000;0.683170000
CVE-2020-25179;0.015020000;0.732620000
CVE-2020-25178;0.016910000;0.761500000
CVE-2020-25177;0.018250000;0.779380000
CVE-2020-25176;0.064210000;0.934630000
CVE-2020-25175;0.011500000;0.655840000
CVE-2020-25174;0.004700000;0.381350000
CVE-2020-25173;0.002820000;0.185660000
CVE-2020-25172;0.020330000;0.802780000
CVE-2020-25171;0.011510000;0.655990000
CVE-2020-25170;0.009770000;0.606360000
CVE-2020-2517;0.007700000;0.538000000
CVE-2020-25169;0.009860000;0.608780000
CVE-2020-25168;0.002140000;0.105840000
CVE-2020-25167;0.007480000;0.530160000
CVE-2020-25166;0.004730000;0.384610000
CVE-2020-25165;0.017150000;0.764860000
CVE-2020-25164;0.006240000;0.477820000
CVE-2020-25163;0.009470000;0.596000000
CVE-2020-25162;0.018790000;0.786000000
CVE-2020-25161;0.015630000;0.742680000
CVE-2020-25160;0.002080000;0.098450000
CVE-2020-2516;0.007840000;0.542530000
CVE-2020-25159;0.030260000;0.869600000
CVE-2020-25158;0.008480000;0.564070000
CVE-2020-25157;0.014130000;0.716240000
CVE-2020-25156;0.011860000;0.665710000
CVE-2020-25155;0.007430000;0.528710000
CVE-2020-25154;0.006630000;0.496940000
CVE-2020-25153;0.015970000;0.747610000
CVE-2020-25152;0.012810000;0.688490000
CVE-2020-25151;0.011640000;0.659600000
CVE-2020-25150;0.015290000;0.736970000
CVE-2020-2515;0.007920000;0.545470000
CVE-2020-25149;0.032340000;0.877870000
CVE-2020-25148;0.008360000;0.560400000
CVE-2020-25147;0.013590000;0.705730000
CVE-2020-25146;0.008430000;0.562340000
CVE-2020-25145;0.032340000;0.877870000
CVE-2020-25144;0.032340000;0.877870000
CVE-2020-25143;0.011930000;0.667600000
CVE-2020-25142;0.005080000;0.409820000
CVE-2020-25141;0.007000000;0.512550000
CVE-2020-25140;0.006410000;0.486520000
CVE-2020-2514;0.007490000;0.530700000
CVE-2020-25139;0.007000000;0.512520000
CVE-2020-25138;0.007000000;0.512530000
CVE-2020-25137;0.007000000;0.512560000
CVE-2020-25136;0.029550000;0.866540000
CVE-2020-25135;0.007000000;0.512530000
CVE-2020-25134;0.033600000;0.882750000
CVE-2020-25133;0.025750000;0.845730000
CVE-2020-25132;0.015540000;0.741290000
CVE-2020-25131;0.008360000;0.560390000
CVE-2020-25130;0.009980000;0.612490000
CVE-2020-2513;0.006610000;0.496140000
CVE-2020-25125;0.012830000;0.688940000
CVE-2020-25124;0.005530000;0.439300000
CVE-2020-25123;0.005530000;0.439300000
CVE-2020-25122;0.005530000;0.439300000
CVE-2020-25121;0.006690000;0.499260000
CVE-2020-25120;0.005530000;0.439290000
CVE-2020-2512;0.014660000;0.726440000
CVE-2020-25119;0.006630000;0.496730000
CVE-2020-25118;0.005530000;0.439290000
CVE-2020-25117;0.005530000;0.439310000
CVE-2020-25116;0.005530000;0.439310000
CVE-2020-25115;0.005530000;0.439300000
CVE-2020-25112;0.278640000;0.980340000
CVE-2020-25111;0.208830000;0.974810000
CVE-2020-25110;0.536990000;0.989630000
CVE-2020-2511;0.013180000;0.696580000
CVE-2020-25109;0.536990000;0.989630000
CVE-2020-25108;0.536990000;0.989630000
CVE-2020-25107;0.536990000;0.989620000
CVE-2020-25106;0.014680000;0.726720000
CVE-2020-25105;0.010750000;0.635660000
CVE-2020-25104;0.005760000;0.452880000
CVE-2020-25102;0.009130000;0.584690000
CVE-2020-2510;0.021210000;0.811270000
CVE-2020-25097;0.081610000;0.946650000
CVE-2020-25096;0.010240000;0.621090000
CVE-2020-25095;0.010000000;0.613260000
CVE-2020-25094;0.031490000;0.874410000
CVE-2020-25093;0.006790000;0.504160000
CVE-2020-25092;0.006790000;0.504130000
CVE-2020-25091;0.006790000;0.504120000
CVE-2020-25090;0.006790000;0.504150000
CVE-2020-2509;0.339870000;0.983480000
CVE-2020-25089;0.006790000;0.504160000
CVE-2020-25088;0.006790000;0.504150000
CVE-2020-25087;0.006790000;0.504130000
CVE-2020-25086;0.006790000;0.504140000
CVE-2020-25085;0.006330000;0.482400000
CVE-2020-25084;0.003450000;0.254930000
CVE-2020-25082;0.002070000;0.096760000
CVE-2020-2508;0.018310000;0.780100000
CVE-2020-25079;0.540070000;0.989700000
CVE-2020-25078;0.975110000;0.999000000
CVE-2020-25074;0.065510000;0.935770000
CVE-2020-25073;0.021400000;0.812960000
CVE-2020-25071;0.006760000;0.502720000
CVE-2020-25070;0.004880000;0.395010000
CVE-2020-2507;0.030420000;0.870150000
CVE-2020-25069;0.019170000;0.790420000
CVE-2020-25068;0.038990000;0.898960000
CVE-2020-25067;0.022400000;0.821510000
CVE-2020-25066;0.034930000;0.887180000
CVE-2020-25065;0.004860000;0.393660000
CVE-2020-25064;0.003460000;0.255690000
CVE-2020-25063;0.004150000;0.332080000
CVE-2020-25062;0.004550000;0.369380000
CVE-2020-25061;0.004430000;0.359490000
CVE-2020-25060;0.001290000;0.021520000
CVE-2020-2506;0.019820000;0.797260000
CVE-2020-25059;0.004150000;0.332080000
CVE-2020-25058;0.004430000;0.359510000
CVE-2020-25057;0.004430000;0.359500000
CVE-2020-25056;0.003660000;0.278680000
CVE-2020-25055;0.004380000;0.355370000
CVE-2020-25054;0.012340000;0.678080000
CVE-2020-25053;0.006780000;0.503390000
CVE-2020-25052;0.006390000;0.485280000
CVE-2020-25051;0.003640000;0.276240000
CVE-2020-25050;0.004310000;0.348740000
CVE-2020-2505;0.002970000;0.200440000
CVE-2020-25049;0.004430000;0.359530000
CVE-2020-25048;0.001710000;0.057590000
CVE-2020-25047;0.001480000;0.034050000
CVE-2020-25046;0.001480000;0.034050000
CVE-2020-25045;0.004320000;0.350210000
CVE-2020-25044;0.003370000;0.244720000
CVE-2020-25043;0.003140000;0.218300000
CVE-2020-25042;0.182480000;0.971240000
CVE-2020-25040;0.020400000;0.803370000
CVE-2020-2504;0.010290000;0.622530000
CVE-2020-25039;0.020140000;0.800970000
CVE-2020-25037;0.005180000;0.416770000
CVE-2020-25036;0.020400000;0.803340000
CVE-2020-25035;0.005040000;0.406740000
CVE-2020-25034;0.014160000;0.716800000
CVE-2020-25033;0.009770000;0.606260000
CVE-2020-25032;0.040170000;0.902130000
CVE-2020-25031;0.005440000;0.433770000
CVE-2020-2503;0.007890000;0.544580000
CVE-2020-25026;0.007700000;0.538020000
CVE-2020-25025;0.008240000;0.556440000
CVE-2020-25023;0.025530000;0.844260000
CVE-2020-25022;0.025530000;0.844260000
CVE-2020-25021;0.025530000;0.844260000
CVE-2020-25020;0.025910000;0.846890000
CVE-2020-2502;0.008270000;0.557320000
CVE-2020-25019;0.010220000;0.620330000
CVE-2020-25018;0.011390000;0.652740000
CVE-2020-25017;0.013170000;0.696430000
CVE-2020-25016;0.015950000;0.747250000
CVE-2020-25015;0.031000000;0.872480000
CVE-2020-25014;0.044400000;0.910550000
CVE-2020-25013;0.013840000;0.710710000
CVE-2020-25011;0.015860000;0.745970000
CVE-2020-25010;0.025280000;0.842650000
CVE-2020-2501;0.029420000;0.865980000
CVE-2020-25006;0.022550000;0.822540000
CVE-2020-25005;0.023020000;0.826370000
CVE-2020-25004;0.023020000;0.826370000
CVE-2020-2500;0.007450000;0.529250000
CVE-2020-24999;0.010550000;0.630040000
CVE-2020-24996;0.010540000;0.629740000
CVE-2020-24995;0.005630000;0.445670000
CVE-2020-24994;0.026500000;0.850360000
CVE-2020-24993;0.005030000;0.405790000
CVE-2020-24992;0.005050000;0.407380000
CVE-2020-24990;0.036810000;0.892800000
CVE-2020-2499;0.013780000;0.709750000
CVE-2020-24987;0.031040000;0.872610000
CVE-2020-24986;0.019810000;0.797110000
CVE-2020-24985;0.011030000;0.643810000
CVE-2020-24984;0.005570000;0.441990000
CVE-2020-24983;0.006390000;0.485310000
CVE-2020-24982;0.004450000;0.362000000
CVE-2020-24981;0.009520000;0.597600000
CVE-2020-2498;0.006030000;0.467310000
CVE-2020-24978;0.013600000;0.706060000
CVE-2020-24977;0.029760000;0.867420000
CVE-2020-24972;0.047580000;0.915760000
CVE-2020-2497;0.009850000;0.608610000
CVE-2020-24963;0.018530000;0.782900000
CVE-2020-2496;0.010230000;0.620540000
CVE-2020-24955;0.009070000;0.582900000
CVE-2020-24950;0.013780000;0.709610000
CVE-2020-2495;0.010360000;0.624540000
CVE-2020-24949;0.675160000;0.992890000
CVE-2020-24948;0.131390000;0.962340000
CVE-2020-24944;0.014630000;0.725620000
CVE-2020-24941;0.010900000;0.639860000
CVE-2020-24940;0.012030000;0.669900000
CVE-2020-2494;0.009930000;0.610880000
CVE-2020-24939;0.017040000;0.763350000
CVE-2020-24932;0.016430000;0.754580000
CVE-2020-24930;0.011280000;0.650040000
CVE-2020-2493;0.007650000;0.536220000
CVE-2020-24928;0.009410000;0.593930000
CVE-2020-24925;0.009620000;0.600910000
CVE-2020-24924;0.007770000;0.540370000
CVE-2020-24922;0.005030000;0.405750000
CVE-2020-2492;0.017030000;0.763230000
CVE-2020-24918;0.043580000;0.909000000
CVE-2020-24917;0.012250000;0.675980000
CVE-2020-24916;0.173740000;0.970200000
CVE-2020-24914;0.049780000;0.919060000
CVE-2020-24913;0.408860000;0.986130000
CVE-2020-24912;0.063400000;0.933980000
CVE-2020-2491;0.009930000;0.610880000
CVE-2020-24908;0.003010000;0.204410000
CVE-2020-24904;0.008320000;0.559170000
CVE-2020-24903;0.029320000;0.865590000
CVE-2020-24902;0.028520000;0.861790000
CVE-2020-24901;0.040670000;0.903170000
CVE-2020-24900;0.008580000;0.567700000
CVE-2020-2490;0.022050000;0.818490000
CVE-2020-24899;0.166130000;0.969140000
CVE-2020-24898;0.006650000;0.497640000
CVE-2020-24897;0.009350000;0.592220000
CVE-2020-24890;0.015510000;0.740800000
CVE-2020-24889;0.014440000;0.721880000
CVE-2020-24881;0.734490000;0.994520000
CVE-2020-24877;0.020520000;0.804730000
CVE-2020-24876;0.017380000;0.767690000
CVE-2020-24872;0.005090000;0.410490000
CVE-2020-24870;0.016250000;0.751780000
CVE-2020-24863;0.005330000;0.427200000
CVE-2020-24862;0.020510000;0.804600000
CVE-2020-24861;0.008810000;0.574970000
CVE-2020-24860;0.010870000;0.639290000
CVE-2020-24857;0.004060000;0.322930000
CVE-2020-24855;0.010350000;0.624390000
CVE-2020-24849;0.033070000;0.880970000
CVE-2020-24848;0.003910000;0.306060000
CVE-2020-24847;0.004250000;0.342060000
CVE-2020-24842;0.007110000;0.516790000
CVE-2020-24841;0.016430000;0.754510000
CVE-2020-24838;0.013770000;0.709540000
CVE-2020-24837;0.015680000;0.743320000
CVE-2020-24829;0.009590000;0.599460000
CVE-2020-24827;0.006860000;0.506780000
CVE-2020-24826;0.006890000;0.508000000
CVE-2020-24825;0.006860000;0.506780000
CVE-2020-24824;0.007490000;0.530450000
CVE-2020-24823;0.007240000;0.521690000
CVE-2020-24822;0.007270000;0.522900000
CVE-2020-24821;0.006890000;0.508000000
CVE-2020-24815;0.018360000;0.780730000
CVE-2020-24807;0.020960000;0.809090000
CVE-2020-24804;0.005900000;0.460250000
CVE-2020-24794;0.009180000;0.586400000
CVE-2020-24791;0.025910000;0.846880000
CVE-2020-24786;0.128220000;0.961590000
CVE-2020-24772;0.006770000;0.503260000
CVE-2020-24771;0.020460000;0.804120000
CVE-2020-24770;0.024290000;0.835900000
CVE-2020-24769;0.019790000;0.796900000
CVE-2020-24765;0.067980000;0.937770000
CVE-2020-24755;0.005790000;0.453940000
CVE-2020-24753;0.026440000;0.850070000
CVE-2020-24750;0.073270000;0.941790000
CVE-2020-24743;0.028270000;0.860520000
CVE-2020-24742;0.011670000;0.660350000
CVE-2020-24740;0.004030000;0.318870000
CVE-2020-24739;0.004020000;0.318120000
CVE-2020-24736;0.003230000;0.228220000
CVE-2020-24723;0.010170000;0.618690000
CVE-2020-24722;0.024650000;0.838340000
CVE-2020-24721;0.003180000;0.222280000
CVE-2020-24719;0.233040000;0.977070000
CVE-2020-24718;0.006040000;0.467670000
CVE-2020-24717;0.004590000;0.372870000
CVE-2020-24716;0.004820000;0.390530000
CVE-2020-24715;0.007650000;0.536330000
CVE-2020-24714;0.009590000;0.599510000
CVE-2020-24713;0.011560000;0.657390000
CVE-2020-24712;0.008620000;0.568870000
CVE-2020-24711;0.015640000;0.742800000
CVE-2020-24710;0.013380000;0.701240000
CVE-2020-24709;0.005570000;0.441390000
CVE-2020-24708;0.006250000;0.478260000
CVE-2020-24707;0.013290000;0.698980000
CVE-2020-24706;0.007900000;0.544730000
CVE-2020-24705;0.010500000;0.628400000
CVE-2020-24704;0.007220000;0.520820000
CVE-2020-24703;0.010500000;0.628400000
CVE-2020-24701;0.067880000;0.937670000
CVE-2020-24700;0.012330000;0.677800000
CVE-2020-24699;0.010110000;0.617080000
CVE-2020-24698;0.031570000;0.874710000
CVE-2020-24697;0.044120000;0.909910000
CVE-2020-24696;0.013630000;0.706600000
CVE-2020-24693;0.002750000;0.179110000
CVE-2020-24692;0.004190000;0.336500000
CVE-2020-24686;0.024980000;0.840580000
CVE-2020-24685;0.016080000;0.749200000
CVE-2020-24683;0.014790000;0.728490000
CVE-2020-24682;0.001490000;0.034210000
CVE-2020-24681;0.001530000;0.037510000
CVE-2020-24680;0.002770000;0.180700000
CVE-2020-24679;0.018860000;0.786700000
CVE-2020-24678;0.015230000;0.735890000
CVE-2020-24677;0.014480000;0.722630000
CVE-2020-24676;0.004290000;0.345920000
CVE-2020-24675;0.012060000;0.670750000
CVE-2020-24674;0.031060000;0.872670000
CVE-2020-24673;0.010970000;0.642410000
CVE-2020-24672;0.005440000;0.434070000
CVE-2020-24671;0.009610000;0.600590000
CVE-2020-24670;0.006200000;0.475950000
CVE-2020-24669;0.006200000;0.475960000
CVE-2020-24668;0.004930000;0.398910000
CVE-2020-24667;0.009610000;0.600590000
CVE-2020-24666;0.006200000;0.475960000
CVE-2020-24665;0.010890000;0.639640000
CVE-2020-24664;0.006200000;0.475960000
CVE-2020-24663;0.004910000;0.397330000
CVE-2020-24662;0.005040000;0.406260000
CVE-2020-24661;0.009220000;0.587660000
CVE-2020-24660;0.023620000;0.830930000
CVE-2020-24659;0.037300000;0.894310000
CVE-2020-24658;0.003140000;0.217960000
CVE-2020-24656;0.037330000;0.894410000
CVE-2020-24655;0.002250000;0.118430000
CVE-2020-24654;0.014960000;0.731530000
CVE-2020-24653;0.011700000;0.661240000
CVE-2020-24652;0.069940000;0.939300000
CVE-2020-24651;0.069940000;0.939310000
CVE-2020-24650;0.068950000;0.938490000
CVE-2020-24649;0.042290000;0.906620000
CVE-2020-24648;0.105300000;0.956170000
CVE-2020-24647;0.042290000;0.906620000
CVE-2020-24646;0.070130000;0.939490000
CVE-2020-24641;0.014640000;0.725690000
CVE-2020-24640;0.029120000;0.864650000
CVE-2020-24639;0.072410000;0.941210000
CVE-2020-24638;0.031870000;0.875850000
CVE-2020-24637;0.015700000;0.743660000
CVE-2020-24636;0.032950000;0.880490000
CVE-2020-24635;0.027220000;0.854720000
CVE-2020-24634;0.020760000;0.807080000
CVE-2020-24633;0.051110000;0.920810000
CVE-2020-24632;0.027390000;0.855680000
CVE-2020-24631;0.027390000;0.855680000
CVE-2020-24630;0.018040000;0.776600000
CVE-2020-24629;0.028860000;0.863360000
CVE-2020-24628;0.013340000;0.700270000
CVE-2020-24627;0.005210000;0.419200000
CVE-2020-24626;0.030400000;0.870080000
CVE-2020-24625;0.015880000;0.746320000
CVE-2020-24624;0.015880000;0.746330000
CVE-2020-24623;0.009460000;0.595380000
CVE-2020-24622;0.009920000;0.610560000
CVE-2020-24621;0.031500000;0.874440000
CVE-2020-24620;0.002950000;0.198780000
CVE-2020-24619;0.007130000;0.517570000
CVE-2020-24618;0.018790000;0.785990000
CVE-2020-24617;0.014960000;0.731520000
CVE-2020-24616;0.075800000;0.943260000
CVE-2020-24615;0.010370000;0.624900000
CVE-2020-24614;0.031220000;0.873420000
CVE-2020-24613;0.008610000;0.568590000
CVE-2020-24612;0.003170000;0.220770000
CVE-2020-24609;0.098150000;0.953920000
CVE-2020-24606;0.051620000;0.921440000
CVE-2020-24604;0.011690000;0.660840000
CVE-2020-24602;0.010120000;0.617290000
CVE-2020-24601;0.006200000;0.476100000
CVE-2020-24600;0.008500000;0.564700000
CVE-2020-24599;0.010030000;0.614660000
CVE-2020-24598;0.010000000;0.613310000
CVE-2020-24595;0.009100000;0.583680000
CVE-2020-24594;0.017130000;0.764560000
CVE-2020-24593;0.011010000;0.643280000
CVE-2020-24592;0.008700000;0.571640000
CVE-2020-24591;0.010330000;0.623890000
CVE-2020-24590;0.012600000;0.684120000
CVE-2020-24589;0.262820000;0.979360000
CVE-2020-24588;0.036110000;0.890790000
CVE-2020-24587;0.025920000;0.846930000
CVE-2020-24586;0.057650000;0.928170000
CVE-2020-24585;0.008940000;0.578710000
CVE-2020-24584;0.032970000;0.880570000
CVE-2020-24583;0.039690000;0.901020000
CVE-2020-24582;0.006850000;0.506390000
CVE-2020-24581;0.137270000;0.963780000
CVE-2020-24580;0.013470000;0.703170000
CVE-2020-24579;0.099970000;0.954550000
CVE-2020-24578;0.018480000;0.782230000
CVE-2020-24577;0.190610000;0.972240000
CVE-2020-24576;0.021510000;0.814050000
CVE-2020-24574;0.006230000;0.477720000
CVE-2020-24573;0.013730000;0.708520000
CVE-2020-24572;0.067990000;0.937780000
CVE-2020-24571;0.179590000;0.970880000
CVE-2020-24570;0.004780000;0.387520000
CVE-2020-24569;0.006860000;0.506740000
CVE-2020-24568;0.008450000;0.563340000
CVE-2020-24567;0.005590000;0.443000000
CVE-2020-24566;0.018120000;0.777630000
CVE-2020-24565;0.013460000;0.702870000
CVE-2020-24564;0.013460000;0.702870000
CVE-2020-24563;0.004820000;0.390770000
CVE-2020-24562;0.005730000;0.451050000
CVE-2020-24561;0.052350000;0.922300000
CVE-2020-24560;0.017720000;0.772470000
CVE-2020-24559;0.007950000;0.546430000
CVE-2020-24558;0.006330000;0.482510000
CVE-2020-24557;0.026660000;0.851470000
CVE-2020-24556;0.007830000;0.542370000
CVE-2020-24554;0.017590000;0.770580000
CVE-2020-24553;0.036460000;0.891840000
CVE-2020-24552;0.013680000;0.707460000
CVE-2020-24551;0.006490000;0.490630000
CVE-2020-24550;0.047190000;0.915100000
CVE-2020-24549;0.025970000;0.847180000
CVE-2020-24548;0.016890000;0.761180000
CVE-2020-24525;0.002920000;0.195500000
CVE-2020-24516;0.002670000;0.169270000
CVE-2020-24515;0.002610000;0.160200000
CVE-2020-24514;0.002670000;0.168840000
CVE-2020-24513;0.004720000;0.383030000
CVE-2020-24512;0.003830000;0.297130000
CVE-2020-24511;0.003990000;0.315090000
CVE-2020-24509;0.002510000;0.148040000
CVE-2020-24507;0.002840000;0.187500000
CVE-2020-24506;0.002840000;0.187500000
CVE-2020-24505;0.002670000;0.168920000
CVE-2020-24504;0.002980000;0.201730000
CVE-2020-24503;0.003450000;0.254760000
CVE-2020-24502;0.003100000;0.214050000
CVE-2020-24501;0.005940000;0.462260000
CVE-2020-24500;0.002980000;0.201640000
CVE-2020-24498;0.002980000;0.201640000
CVE-2020-24497;0.003000000;0.203160000
CVE-2020-24496;0.002940000;0.196650000
CVE-2020-24495;0.003000000;0.203160000
CVE-2020-24494;0.003000000;0.203170000
CVE-2020-24493;0.003000000;0.203170000
CVE-2020-24492;0.002940000;0.196650000
CVE-2020-24491;0.002960000;0.199180000
CVE-2020-24490;0.022230000;0.819980000
CVE-2020-24489;0.003520000;0.262530000
CVE-2020-24486;0.003030000;0.206070000
CVE-2020-24485;0.002920000;0.195410000
CVE-2020-24482;0.011170000;0.647270000
CVE-2020-24481;0.002930000;0.196110000
CVE-2020-24480;0.005390000;0.430850000
CVE-2020-24475;0.002190000;0.110570000
CVE-2020-24474;0.003890000;0.303950000
CVE-2020-24473;0.002460000;0.142220000
CVE-2020-24462;0.002740000;0.177190000
CVE-2020-24460;0.002470000;0.143050000
CVE-2020-24458;0.004200000;0.338240000
CVE-2020-24457;0.003900000;0.305220000
CVE-2020-24456;0.002820000;0.185600000
CVE-2020-24455;0.005840000;0.456900000
CVE-2020-24454;0.011920000;0.667320000
CVE-2020-24453;0.002930000;0.196110000
CVE-2020-24452;0.002610000;0.159730000
CVE-2020-24451;0.003030000;0.207000000
CVE-2020-24450;0.002740000;0.177200000
CVE-2020-24448;0.002430000;0.139370000
CVE-2020-24447;0.007880000;0.543920000
CVE-2020-24445;0.025660000;0.845100000
CVE-2020-24444;0.021020000;0.809700000
CVE-2020-24443;0.014980000;0.731870000
CVE-2020-24442;0.014980000;0.731870000
CVE-2020-24441;0.022850000;0.824830000
CVE-2020-24440;0.006460000;0.488980000
CVE-2020-24439;0.006380000;0.484880000
CVE-2020-24438;0.038920000;0.898790000
CVE-2020-24437;0.465490000;0.987820000
CVE-2020-24436;0.170200000;0.969720000
CVE-2020-24435;0.527180000;0.989340000
CVE-2020-24434;0.030600000;0.870930000
CVE-2020-24433;0.158700000;0.967720000
CVE-2020-24432;0.110970000;0.957850000
CVE-2020-24431;0.016090000;0.749350000
CVE-2020-24430;0.186650000;0.971750000
CVE-2020-24429;0.030460000;0.870280000
CVE-2020-24428;0.022620000;0.823050000
CVE-2020-24427;0.024470000;0.837120000
CVE-2020-24426;0.030600000;0.870930000
CVE-2020-24425;0.006760000;0.502780000
CVE-2020-24424;0.011590000;0.657890000
CVE-2020-24423;0.011590000;0.657890000
CVE-2020-24422;0.030790000;0.871690000
CVE-2020-24421;0.018210000;0.778790000
CVE-2020-24420;0.007960000;0.546660000
CVE-2020-24419;0.007100000;0.516440000
CVE-2020-24418;0.030810000;0.871780000
CVE-2020-24416;0.019120000;0.789800000
CVE-2020-24415;0.026740000;0.852070000
CVE-2020-24414;0.028010000;0.859240000
CVE-2020-24413;0.028010000;0.859240000
CVE-2020-24412;0.028010000;0.859240000
CVE-2020-24411;0.042470000;0.906960000
CVE-2020-24410;0.049180000;0.918070000
CVE-2020-24409;0.049180000;0.918070000
CVE-2020-24408;0.017410000;0.768070000
CVE-2020-24407;0.052720000;0.922710000
CVE-2020-24406;0.020780000;0.807250000
CVE-2020-24405;0.015190000;0.735360000
CVE-2020-24404;0.015790000;0.744980000
CVE-2020-24403;0.016300000;0.752530000
CVE-2020-24402;0.017030000;0.763120000
CVE-2020-24401;0.023200000;0.827770000
CVE-2020-24400;0.023010000;0.826210000
CVE-2020-24397;0.154180000;0.966760000
CVE-2020-24396;0.018500000;0.782520000
CVE-2020-24395;0.002400000;0.135180000
CVE-2020-24394;0.003610000;0.273010000
CVE-2020-24393;0.008520000;0.565380000
CVE-2020-24392;0.008840000;0.575680000
CVE-2020-24391;0.745190000;0.994830000
CVE-2020-24390;0.009890000;0.610040000
CVE-2020-24388;0.017550000;0.770070000
CVE-2020-24387;0.017550000;0.770070000
CVE-2020-24386;0.027510000;0.856250000
CVE-2020-24385;0.003670000;0.279950000
CVE-2020-24384;0.035290000;0.888200000
CVE-2020-24383;0.048510000;0.917120000
CVE-2020-24381;0.013560000;0.705300000
CVE-2020-24379;0.033540000;0.882560000
CVE-2020-24377;0.011900000;0.666710000
CVE-2020-24376;0.009970000;0.612230000
CVE-2020-24375;0.010760000;0.635960000
CVE-2020-24374;0.011650000;0.659970000
CVE-2020-24373;0.005350000;0.428410000
CVE-2020-24372;0.014820000;0.729070000
CVE-2020-24371;0.017450000;0.768560000
CVE-2020-24370;0.038330000;0.897270000
CVE-2020-24369;0.016840000;0.760640000
CVE-2020-24368;0.032800000;0.879830000
CVE-2020-24367;0.003300000;0.235010000
CVE-2020-24366;0.002940000;0.196680000
CVE-2020-24365;0.114140000;0.958600000
CVE-2020-24364;0.025740000;0.845640000
CVE-2020-24363;0.206890000;0.974540000
CVE-2020-24361;0.020330000;0.802800000
CVE-2020-24360;0.006610000;0.496170000
CVE-2020-24359;0.010360000;0.624610000
CVE-2020-24356;0.003480000;0.257870000
CVE-2020-24355;0.021760000;0.815990000
CVE-2020-24354;0.013040000;0.693650000
CVE-2020-24353;0.006480000;0.489670000
CVE-2020-24352;0.004150000;0.332880000
CVE-2020-24349;0.005350000;0.428220000
CVE-2020-24348;0.004180000;0.336240000
CVE-2020-24347;0.004180000;0.336240000
CVE-2020-24346;0.010470000;0.627840000
CVE-2020-24345;0.008170000;0.554130000
CVE-2020-24344;0.008150000;0.553160000
CVE-2020-24343;0.008280000;0.557680000
CVE-2020-24342;0.010850000;0.638840000
CVE-2020-24341;0.049520000;0.918640000
CVE-2020-24340;0.028530000;0.861850000
CVE-2020-24339;0.027940000;0.858790000
CVE-2020-24338;0.372260000;0.984750000
CVE-2020-24337;0.028530000;0.861840000
CVE-2020-24336;0.590890000;0.990850000
CVE-2020-24335;0.030440000;0.870220000
CVE-2020-24334;0.024340000;0.836180000
CVE-2020-24333;0.008350000;0.560040000
CVE-2020-24332;0.005530000;0.439470000
CVE-2020-24331;0.004860000;0.394070000
CVE-2020-24330;0.004860000;0.394070000
CVE-2020-24327;0.010590000;0.631280000
CVE-2020-24316;0.008660000;0.570340000
CVE-2020-24315;0.020350000;0.802860000
CVE-2020-24314;0.008660000;0.570350000
CVE-2020-24313;0.011510000;0.655970000
CVE-2020-24312;0.159060000;0.967780000
CVE-2020-24307;0.003680000;0.280910000
CVE-2020-24303;0.020050000;0.800100000
CVE-2020-24301;0.009470000;0.596050000
CVE-2020-24297;0.036530000;0.892070000
CVE-2020-24295;0.013690000;0.707620000
CVE-2020-24294;0.008520000;0.565570000
CVE-2020-24293;0.014580000;0.724580000
CVE-2020-24292;0.014580000;0.724570000
CVE-2020-24285;0.044120000;0.909910000
CVE-2020-24275;0.007700000;0.538220000
CVE-2020-24271;0.006020000;0.466700000
CVE-2020-24266;0.025620000;0.844800000
CVE-2020-24265;0.025620000;0.844790000
CVE-2020-24264;0.041160000;0.904280000
CVE-2020-24263;0.016010000;0.748100000
CVE-2020-24246;0.012810000;0.688670000
CVE-2020-24242;0.007410000;0.527940000
CVE-2020-24241;0.007780000;0.540800000
CVE-2020-24240;0.012650000;0.685360000
CVE-2020-24231;0.018070000;0.776880000
CVE-2020-24227;0.014010000;0.714160000
CVE-2020-24223;0.145520000;0.965280000
CVE-2020-24222;0.003270000;0.232060000
CVE-2020-24221;0.003210000;0.225890000
CVE-2020-24220;0.024010000;0.833620000
CVE-2020-24219;0.236360000;0.977390000
CVE-2020-24218;0.019590000;0.794910000
CVE-2020-24217;0.403020000;0.985950000
CVE-2020-24216;0.021120000;0.810570000
CVE-2020-24215;0.197600000;0.973210000
CVE-2020-24214;0.353930000;0.983990000
CVE-2020-24213;0.011080000;0.644950000
CVE-2020-24208;0.033120000;0.881120000
CVE-2020-24203;0.037380000;0.894520000
CVE-2020-24202;0.029490000;0.866350000
CVE-2020-24199;0.036890000;0.893050000
CVE-2020-24198;0.008350000;0.559880000
CVE-2020-24197;0.014260000;0.718720000
CVE-2020-24196;0.027380000;0.855630000
CVE-2020-24195;0.029290000;0.865450000
CVE-2020-24194;0.008290000;0.558230000
CVE-2020-24193;0.026120000;0.848060000
CVE-2020-24188;0.008290000;0.558210000
CVE-2020-24187;0.003290000;0.234600000
CVE-2020-24186;0.946160000;0.998540000
CVE-2020-24175;0.017620000;0.771110000
CVE-2020-24165;0.006970000;0.511170000
CVE-2020-24164;0.011140000;0.646690000
CVE-2020-24162;0.004030000;0.319610000
CVE-2020-24161;0.004030000;0.319610000
CVE-2020-24160;0.004760000;0.386290000
CVE-2020-24159;0.004030000;0.319610000
CVE-2020-24158;0.003490000;0.258930000
CVE-2020-24149;0.016950000;0.762040000
CVE-2020-24148;0.147450000;0.965640000
CVE-2020-24147;0.016120000;0.749720000
CVE-2020-24146;0.016730000;0.758860000
CVE-2020-24145;0.009960000;0.612060000
CVE-2020-24144;0.019980000;0.798970000
CVE-2020-24143;0.019670000;0.795640000
CVE-2020-24142;0.016840000;0.760570000
CVE-2020-24141;0.009330000;0.591410000
CVE-2020-24140;0.011550000;0.657090000
CVE-2020-24139;0.010510000;0.628670000
CVE-2020-24138;0.009080000;0.583120000
CVE-2020-24137;0.014120000;0.716120000
CVE-2020-24136;0.022230000;0.819960000
CVE-2020-24135;0.009030000;0.581700000
CVE-2020-24133;0.026470000;0.850260000
CVE-2020-24130;0.004270000;0.343940000
CVE-2020-24119;0.010760000;0.635980000
CVE-2020-24115;0.019880000;0.797930000
CVE-2020-24113;0.012520000;0.682400000
CVE-2020-24104;0.008190000;0.554660000
CVE-2020-24102;0.009250000;0.588530000
CVE-2020-24089;0.002920000;0.194810000
CVE-2020-24088;0.003790000;0.292560000
CVE-2020-24085;0.008330000;0.559440000
CVE-2020-24075;0.005090000;0.410480000
CVE-2020-24074;0.020310000;0.802520000
CVE-2020-24063;0.014640000;0.725790000
CVE-2020-24061;0.003510000;0.261770000
CVE-2020-24057;0.054830000;0.924870000
CVE-2020-24056;0.012460000;0.680910000
CVE-2020-24055;0.016240000;0.751600000
CVE-2020-24054;0.025540000;0.844290000
CVE-2020-24053;0.012460000;0.680910000
CVE-2020-24052;0.019220000;0.790950000
CVE-2020-24051;0.022180000;0.819550000
CVE-2020-24046;0.034080000;0.884350000
CVE-2020-24045;0.015530000;0.741240000
CVE-2020-24038;0.011230000;0.648700000
CVE-2020-24036;0.029600000;0.866730000
CVE-2020-24034;0.036720000;0.892570000
CVE-2020-24033;0.009710000;0.604080000
CVE-2020-24032;0.053730000;0.923730000
CVE-2020-24030;0.026670000;0.851570000
CVE-2020-24029;0.019740000;0.796320000
CVE-2020-24028;0.022780000;0.824360000
CVE-2020-24027;0.016120000;0.749840000
CVE-2020-24026;0.009450000;0.595180000
CVE-2020-24025;0.008200000;0.555160000
CVE-2020-24020;0.015510000;0.740800000
CVE-2020-24008;0.009110000;0.583950000
CVE-2020-24007;0.016330000;0.753090000
CVE-2020-24003;0.011640000;0.659780000
CVE-2020-24000;0.023580000;0.830720000
CVE-2020-23996;0.023080000;0.826800000
CVE-2020-23995;0.015460000;0.739920000
CVE-2020-23992;0.024520000;0.837510000
CVE-2020-23989;0.005570000;0.441400000
CVE-2020-23986;0.006280000;0.479880000
CVE-2020-23984;0.006020000;0.466680000
CVE-2020-23983;0.006020000;0.466680000
CVE-2020-23982;0.004900000;0.397020000
CVE-2020-23981;0.008080000;0.551140000
CVE-2020-23980;0.021810000;0.816340000
CVE-2020-23979;0.018950000;0.787860000
CVE-2020-23978;0.021290000;0.812060000
CVE-2020-23977;0.008080000;0.551140000
CVE-2020-23976;0.021840000;0.816550000
CVE-2020-23975;0.009150000;0.585470000
CVE-2020-23974;0.005970000;0.464030000
CVE-2020-23973;0.015630000;0.742570000
CVE-2020-23972;0.314440000;0.982270000
CVE-2020-23971;0.015400000;0.738960000
CVE-2020-23968;0.008950000;0.579200000
CVE-2020-23967;0.003220000;0.226790000
CVE-2020-23966;0.008400000;0.561750000
CVE-2020-23962;0.006620000;0.496450000
CVE-2020-23960;0.006760000;0.502720000
CVE-2020-23957;0.006860000;0.506840000
CVE-2020-23945;0.011680000;0.660560000
CVE-2020-23936;0.013790000;0.709850000
CVE-2020-23935;0.159260000;0.967830000
CVE-2020-23934;0.159620000;0.967880000
CVE-2020-23932;0.008040000;0.549650000
CVE-2020-23931;0.009410000;0.593990000
CVE-2020-23930;0.007160000;0.518540000
CVE-2020-23928;0.009410000;0.593990000
CVE-2020-23922;0.022370000;0.821190000
CVE-2020-23921;0.009130000;0.584750000
CVE-2020-23915;0.008930000;0.578540000
CVE-2020-23914;0.008690000;0.571390000
CVE-2020-23912;0.007230000;0.521350000
CVE-2020-23911;0.002960000;0.199990000
CVE-2020-23910;0.002960000;0.199920000
CVE-2020-23909;0.003000000;0.203360000
CVE-2020-23907;0.026100000;0.847970000
CVE-2020-23906;0.003670000;0.279690000
CVE-2020-23904;0.007190000;0.519800000
CVE-2020-23903;0.010110000;0.617010000
CVE-2020-23902;0.006220000;0.476940000
CVE-2020-23901;0.007260000;0.522580000
CVE-2020-23900;0.007110000;0.516490000
CVE-2020-23899;0.005630000;0.445820000
CVE-2020-23898;0.005630000;0.445820000
CVE-2020-23897;0.005630000;0.445820000
CVE-2020-23896;0.006910000;0.508750000
CVE-2020-23895;0.006640000;0.497000000
CVE-2020-23894;0.005630000;0.445810000
CVE-2020-23893;0.007260000;0.522570000
CVE-2020-23891;0.006640000;0.496990000
CVE-2020-23890;0.007110000;0.516490000
CVE-2020-23889;0.006640000;0.496990000
CVE-2020-23888;0.007260000;0.522570000
CVE-2020-23887;0.007200000;0.520230000
CVE-2020-23886;0.009790000;0.606770000
CVE-2020-23884;0.009790000;0.606770000
CVE-2020-23879;0.014060000;0.715060000
CVE-2020-23878;0.017620000;0.771130000
CVE-2020-23877;0.017620000;0.771130000
CVE-2020-23876;0.014060000;0.715060000
CVE-2020-23874;0.021310000;0.812270000
CVE-2020-23873;0.021310000;0.812280000
CVE-2020-23872;0.014060000;0.715060000
CVE-2020-23868;0.005310000;0.426040000
CVE-2020-23864;0.005130000;0.413600000
CVE-2020-23861;0.006340000;0.482690000
CVE-2020-23856;0.004200000;0.337430000
CVE-2020-23852;0.006980000;0.511590000
CVE-2020-23851;0.006980000;0.511580000
CVE-2020-23849;0.006920000;0.509130000
CVE-2020-23839;0.104590000;0.955950000
CVE-2020-23837;0.008180000;0.554260000
CVE-2020-23836;0.006450000;0.488530000
CVE-2020-23835;0.022890000;0.825240000
CVE-2020-23834;0.004990000;0.402750000
CVE-2020-23833;0.041750000;0.905530000
CVE-2020-23832;0.021090000;0.810290000
CVE-2020-23831;0.008420000;0.562320000
CVE-2020-23830;0.005340000;0.428080000
CVE-2020-23829;0.025410000;0.843510000
CVE-2020-23828;0.041050000;0.904050000
CVE-2020-23826;0.126480000;0.961180000
CVE-2020-23824;0.011700000;0.661160000
CVE-2020-23814;0.011880000;0.666210000
CVE-2020-23811;0.011540000;0.656940000
CVE-2020-23804;0.011520000;0.656490000
CVE-2020-23793;0.008420000;0.562270000
CVE-2020-23790;0.015290000;0.736950000
CVE-2020-23776;0.007860000;0.543460000
CVE-2020-23774;0.006050000;0.467950000
CVE-2020-23768;0.010250000;0.621210000
CVE-2020-23766;0.014310000;0.719590000
CVE-2020-23765;0.011020000;0.643490000
CVE-2020-23763;0.018620000;0.784080000
CVE-2020-23762;0.007980000;0.547410000
CVE-2020-23761;0.010090000;0.616200000
CVE-2020-23754;0.016020000;0.748230000
CVE-2020-23741;0.003500000;0.260660000
CVE-2020-23740;0.003370000;0.245850000
CVE-2020-23738;0.003570000;0.269480000
CVE-2020-23736;0.004490000;0.365140000
CVE-2020-23735;0.003140000;0.217890000
CVE-2020-23727;0.004490000;0.365130000
CVE-2020-23726;0.003500000;0.260660000
CVE-2020-23722;0.010010000;0.613520000
CVE-2020-23721;0.005760000;0.452520000
CVE-2020-23719;0.013600000;0.705920000
CVE-2020-23718;0.013600000;0.705920000
CVE-2020-23715;0.017320000;0.767030000
CVE-2020-23711;0.014650000;0.726090000
CVE-2020-23710;0.005520000;0.438570000
CVE-2020-23707;0.010980000;0.642670000
CVE-2020-23706;0.010100000;0.616540000
CVE-2020-23705;0.010100000;0.616550000
CVE-2020-23702;0.006020000;0.466860000
CVE-2020-23700;0.005890000;0.459790000
CVE-2020-23697;0.018850000;0.786650000
CVE-2020-23691;0.033970000;0.883960000
CVE-2020-23689;0.005890000;0.459790000
CVE-2020-23686;0.005870000;0.458820000
CVE-2020-23685;0.016220000;0.751230000
CVE-2020-23680;0.006550000;0.493250000
CVE-2020-23679;0.018720000;0.785170000
CVE-2020-23660;0.005310000;0.426030000
CVE-2020-23659;0.005570000;0.441390000
CVE-2020-23658;0.004860000;0.394230000
CVE-2020-23657;0.005310000;0.426050000
CVE-2020-23656;0.005310000;0.426040000
CVE-2020-23655;0.005450000;0.434510000
CVE-2020-23654;0.005310000;0.426040000
CVE-2020-23653;0.040990000;0.903910000
CVE-2020-23648;0.010460000;0.627470000
CVE-2020-23647;0.005140000;0.414560000
CVE-2020-23644;0.006920000;0.509130000
CVE-2020-23643;0.006920000;0.509120000
CVE-2020-23639;0.031690000;0.875190000
CVE-2020-23631;0.004710000;0.382280000
CVE-2020-23630;0.012090000;0.671750000
CVE-2020-23622;0.010990000;0.642820000
CVE-2020-23621;0.021310000;0.812210000
CVE-2020-23620;0.021310000;0.812210000
CVE-2020-23618;0.005680000;0.448160000
CVE-2020-23617;0.005680000;0.448170000
CVE-2020-23595;0.005310000;0.425990000
CVE-2020-23593;0.004570000;0.371040000
CVE-2020-23592;0.005690000;0.448690000
CVE-2020-23591;0.011610000;0.658450000
CVE-2020-23590;0.004500000;0.365370000
CVE-2020-23589;0.004800000;0.389120000
CVE-2020-23588;0.003950000;0.311230000
CVE-2020-23587;0.003270000;0.232340000
CVE-2020-23586;0.003680000;0.281260000
CVE-2020-23585;0.005510000;0.438130000
CVE-2020-23584;0.414430000;0.986320000
CVE-2020-23583;0.023080000;0.826810000
CVE-2020-23582;0.004500000;0.365380000
CVE-2020-23580;0.024740000;0.838980000
CVE-2020-23576;0.005450000;0.434500000
CVE-2020-23575;0.367650000;0.984540000
CVE-2020-23574;0.009500000;0.596810000
CVE-2020-23572;0.013450000;0.702700000
CVE-2020-23567;0.009270000;0.589290000
CVE-2020-23566;0.008150000;0.553250000
CVE-2020-23565;0.011390000;0.652690000
CVE-2020-23564;0.011220000;0.648630000
CVE-2020-23563;0.003270000;0.232380000
CVE-2020-23562;0.002380000;0.133460000
CVE-2020-23561;0.003270000;0.232370000
CVE-2020-23560;0.003310000;0.236750000
CVE-2020-23559;0.003310000;0.236750000
CVE-2020-23558;0.003310000;0.236740000
CVE-2020-23557;0.003310000;0.236740000
CVE-2020-23556;0.003310000;0.236740000
CVE-2020-23555;0.003310000;0.236750000
CVE-2020-23554;0.003310000;0.236750000
CVE-2020-23553;0.003310000;0.236730000
CVE-2020-23552;0.003310000;0.236740000
CVE-2020-23551;0.003370000;0.244730000
CVE-2020-23550;0.003370000;0.244720000
CVE-2020-23549;0.009700000;0.603700000
CVE-2020-23546;0.009580000;0.599280000
CVE-2020-23545;0.012700000;0.686370000
CVE-2020-23539;0.017870000;0.774280000
CVE-2020-23534;0.012530000;0.682420000
CVE-2020-23533;0.009240000;0.588240000
CVE-2020-23522;0.020090000;0.800490000
CVE-2020-23520;0.022500000;0.822130000
CVE-2020-23518;0.020010000;0.799380000
CVE-2020-23517;0.070510000;0.939790000
CVE-2020-23512;0.022880000;0.825200000
CVE-2020-23490;0.026230000;0.848710000
CVE-2020-23489;0.023290000;0.828480000
CVE-2020-23481;0.004770000;0.386740000
CVE-2020-23478;0.012330000;0.677750000
CVE-2020-23469;0.012190000;0.674300000
CVE-2020-23466;0.006200000;0.476110000
CVE-2020-23452;0.004060000;0.322840000
CVE-2020-23451;0.005930000;0.461720000
CVE-2020-23450;0.005950000;0.462720000
CVE-2020-23449;0.008690000;0.571190000
CVE-2020-23448;0.015770000;0.744710000
CVE-2020-23447;0.006600000;0.495730000
CVE-2020-23446;0.012370000;0.678710000
CVE-2020-23438;0.002320000;0.126900000
CVE-2020-23426;0.037120000;0.893670000
CVE-2020-23376;0.003580000;0.269940000
CVE-2020-23374;0.007910000;0.545060000
CVE-2020-23373;0.007910000;0.545060000
CVE-2020-23371;0.009370000;0.592750000
CVE-2020-23370;0.007350000;0.525870000
CVE-2020-23369;0.008730000;0.572730000
CVE-2020-23363;0.003780000;0.291480000
CVE-2020-23362;0.007140000;0.517820000
CVE-2020-23361;0.012080000;0.671490000
CVE-2020-23360;0.012180000;0.674250000
CVE-2020-23359;0.012080000;0.671490000
CVE-2020-23356;0.009760000;0.606120000
CVE-2020-23355;0.009850000;0.608590000
CVE-2020-23352;0.010740000;0.635550000
CVE-2020-23349;0.007960000;0.546900000
CVE-2020-23342;0.124280000;0.960740000
CVE-2020-23341;0.008270000;0.557480000
CVE-2020-23334;0.012500000;0.681970000
CVE-2020-23333;0.012060000;0.670680000
CVE-2020-23332;0.013250000;0.698060000
CVE-2020-23331;0.012360000;0.678510000
CVE-2020-23330;0.012500000;0.681980000
CVE-2020-23327;0.004250000;0.342620000
CVE-2020-23323;0.013140000;0.695590000
CVE-2020-23322;0.010830000;0.638240000
CVE-2020-23321;0.013140000;0.695600000
CVE-2020-23320;0.010830000;0.638250000
CVE-2020-23319;0.010830000;0.638250000
CVE-2020-23315;0.023730000;0.831650000
CVE-2020-23314;0.011490000;0.655490000
CVE-2020-23313;0.010830000;0.638240000
CVE-2020-23312;0.010830000;0.638250000
CVE-2020-23311;0.010830000;0.638260000
CVE-2020-23310;0.011490000;0.655490000
CVE-2020-23309;0.010830000;0.638250000
CVE-2020-23308;0.010830000;0.638260000
CVE-2020-23306;0.013130000;0.695540000
CVE-2020-23303;0.013140000;0.695590000
CVE-2020-23302;0.012690000;0.685990000
CVE-2020-23284;0.010030000;0.614510000
CVE-2020-23283;0.014440000;0.721880000
CVE-2020-23282;0.012820000;0.688850000
CVE-2020-23273;0.006580000;0.494700000
CVE-2020-23269;0.006300000;0.480430000
CVE-2020-23267;0.007260000;0.522410000
CVE-2020-23266;0.006300000;0.480430000
CVE-2020-23264;0.006290000;0.480340000
CVE-2020-23263;0.008440000;0.562610000
CVE-2020-23262;0.011450000;0.654220000
CVE-2020-23260;0.007660000;0.536740000
CVE-2020-23259;0.007660000;0.536740000
CVE-2020-23258;0.009990000;0.612700000
CVE-2020-23257;0.008690000;0.571280000
CVE-2020-23256;0.008560000;0.567330000
CVE-2020-23250;0.001960000;0.084080000
CVE-2020-23249;0.003710000;0.283950000
CVE-2020-23243;0.005270000;0.423210000
CVE-2020-23242;0.005270000;0.423190000
CVE-2020-23241;0.004730000;0.384070000
CVE-2020-23240;0.004730000;0.384070000
CVE-2020-2324;0.013580000;0.705590000
CVE-2020-23239;0.005100000;0.411560000
CVE-2020-23238;0.005030000;0.405790000
CVE-2020-23234;0.006240000;0.477870000
CVE-2020-2323;0.008340000;0.559630000
CVE-2020-23226;0.022780000;0.824350000
CVE-2020-2322;0.013390000;0.701510000
CVE-2020-23219;0.015800000;0.745090000
CVE-2020-23217;0.005580000;0.442740000
CVE-2020-23214;0.005510000;0.438240000
CVE-2020-2321;0.007560000;0.533100000
CVE-2020-23209;0.005160000;0.415580000
CVE-2020-23208;0.005510000;0.438250000
CVE-2020-23207;0.005380000;0.429790000
CVE-2020-23205;0.005310000;0.426180000
CVE-2020-2320;0.009280000;0.589600000
CVE-2020-23194;0.005120000;0.413090000
CVE-2020-23192;0.005280000;0.423870000
CVE-2020-23190;0.005120000;0.413090000
CVE-2020-2319;0.010450000;0.627140000
CVE-2020-23185;0.004470000;0.363570000
CVE-2020-23184;0.004470000;0.363570000
CVE-2020-23182;0.005180000;0.416880000
CVE-2020-23181;0.004470000;0.363570000
CVE-2020-2318;0.010460000;0.627470000
CVE-2020-23179;0.004720000;0.383670000
CVE-2020-23178;0.005240000;0.421350000
CVE-2020-23172;0.007410000;0.527840000
CVE-2020-23171;0.006560000;0.493780000
CVE-2020-2317;0.008620000;0.569170000
CVE-2020-23162;0.011690000;0.661030000
CVE-2020-23161;0.023850000;0.832450000
CVE-2020-23160;0.069290000;0.938810000
CVE-2020-2316;0.007190000;0.519980000
CVE-2020-23151;0.057180000;0.927650000
CVE-2020-23150;0.015580000;0.741860000
CVE-2020-2315;0.010890000;0.639690000
CVE-2020-23149;0.013530000;0.704420000
CVE-2020-23148;0.016230000;0.751320000
CVE-2020-23140;0.010310000;0.622920000
CVE-2020-2314;0.003280000;0.233460000
CVE-2020-23139;0.003100000;0.213330000
CVE-2020-23138;0.013150000;0.696060000
CVE-2020-23136;0.003240000;0.228840000
CVE-2020-2313;0.007860000;0.543160000
CVE-2020-23128;0.008980000;0.580050000
CVE-2020-23127;0.007840000;0.542700000
CVE-2020-23126;0.005810000;0.455110000
CVE-2020-2312;0.009890000;0.609890000
CVE-2020-2311;0.008250000;0.556830000
CVE-2020-23109;0.013450000;0.702700000
CVE-2020-2310;0.008020000;0.548900000
CVE-2020-2309;0.011480000;0.654960000
CVE-2020-23083;0.036590000;0.892210000
CVE-2020-2308;0.011580000;0.657730000
CVE-2020-23079;0.012420000;0.680040000
CVE-2020-2307;0.012280000;0.676690000
CVE-2020-23069;0.015980000;0.747770000
CVE-2020-23065;0.004920000;0.397740000
CVE-2020-23061;0.016970000;0.762250000
CVE-2020-23060;0.004090000;0.324950000
CVE-2020-2306;0.010790000;0.636840000
CVE-2020-23058;0.004240000;0.341800000
CVE-2020-23055;0.005690000;0.448740000
CVE-2020-23054;0.007400000;0.527490000
CVE-2020-23052;0.005950000;0.462950000
CVE-2020-23051;0.007400000;0.527470000
CVE-2020-23050;0.011580000;0.657880000
CVE-2020-2305;0.014650000;0.726100000
CVE-2020-23049;0.005950000;0.462960000
CVE-2020-23048;0.007250000;0.521900000
CVE-2020-23047;0.007400000;0.527490000
CVE-2020-23046;0.008270000;0.557470000
CVE-2020-23045;0.011340000;0.651380000
CVE-2020-23044;0.005810000;0.455180000
CVE-2020-23043;0.017080000;0.763950000
CVE-2020-23042;0.007400000;0.527480000
CVE-2020-23041;0.007400000;0.527490000
CVE-2020-23040;0.017320000;0.767030000
CVE-2020-2304;0.014960000;0.731470000
CVE-2020-23039;0.005810000;0.455170000
CVE-2020-23038;0.030340000;0.869900000
CVE-2020-23037;0.014830000;0.729230000
CVE-2020-23036;0.011250000;0.649370000
CVE-2020-2303;0.006790000;0.503970000
CVE-2020-23026;0.010400000;0.625410000
CVE-2020-2302;0.006770000;0.502930000
CVE-2020-23015;0.026890000;0.852890000
CVE-2020-23014;0.007090000;0.515940000
CVE-2020-2301;0.017000000;0.762750000
CVE-2020-2300;0.016720000;0.758720000
CVE-2020-2299;0.013410000;0.701900000
CVE-2020-22987;0.014730000;0.727520000
CVE-2020-22986;0.015730000;0.744180000
CVE-2020-22985;0.016060000;0.749020000
CVE-2020-22984;0.016060000;0.749030000
CVE-2020-22983;0.024230000;0.835340000
CVE-2020-2298;0.011120000;0.646040000
CVE-2020-2297;0.003350000;0.243130000
CVE-2020-2296;0.007600000;0.534500000
CVE-2020-2295;0.005380000;0.430350000
CVE-2020-2294;0.008080000;0.551110000
CVE-2020-22937;0.028200000;0.860200000
CVE-2020-2293;0.010100000;0.616540000
CVE-2020-2292;0.007350000;0.525660000
CVE-2020-22916;0.002490000;0.145160000
CVE-2020-2291;0.003530000;0.263690000
CVE-2020-22907;0.015720000;0.743900000
CVE-2020-2290;0.009030000;0.581540000
CVE-2020-2289;0.009110000;0.583950000
CVE-2020-22886;0.015540000;0.741380000
CVE-2020-22885;0.015540000;0.741380000
CVE-2020-22884;0.028280000;0.860600000
CVE-2020-22882;0.012360000;0.678510000
CVE-2020-2288;0.009520000;0.597570000
CVE-2020-22876;0.015540000;0.741370000
CVE-2020-22875;0.032570000;0.878950000
CVE-2020-22874;0.032570000;0.878950000
CVE-2020-22873;0.023310000;0.828590000
CVE-2020-2287;0.011690000;0.661020000
CVE-2020-22864;0.008680000;0.571040000
CVE-2020-2286;0.012730000;0.687020000
CVE-2020-2285;0.006910000;0.508880000
CVE-2020-22848;0.028740000;0.862850000
CVE-2020-22845;0.012500000;0.681830000
CVE-2020-22844;0.012330000;0.677760000
CVE-2020-22842;0.005900000;0.460150000
CVE-2020-22841;0.035370000;0.888440000
CVE-2020-22840;0.138170000;0.963940000
CVE-2020-2284;0.008770000;0.573850000
CVE-2020-22839;0.044960000;0.911510000
CVE-2020-2283;0.007350000;0.525660000
CVE-2020-22820;0.008910000;0.577760000
CVE-2020-2282;0.006560000;0.493820000
CVE-2020-22819;0.008910000;0.577760000
CVE-2020-22818;0.008910000;0.577760000
CVE-2020-2281;0.006690000;0.499370000
CVE-2020-22809;0.003970000;0.312800000
CVE-2020-22808;0.008100000;0.551850000
CVE-2020-22807;0.012800000;0.688320000
CVE-2020-2280;0.010820000;0.637820000
CVE-2020-22790;0.012870000;0.689990000
CVE-2020-2279;0.021260000;0.811820000
CVE-2020-22789;0.012440000;0.680500000
CVE-2020-22785;0.010710000;0.634850000
CVE-2020-22784;0.010440000;0.627040000
CVE-2020-22783;0.006400000;0.485800000
CVE-2020-22782;0.010710000;0.634850000
CVE-2020-22781;0.011110000;0.645730000
CVE-2020-2278;0.014140000;0.716550000
CVE-2020-2277;0.016570000;0.756490000
CVE-2020-22765;0.006160000;0.474150000
CVE-2020-22761;0.007610000;0.535050000
CVE-2020-2276;0.016230000;0.751460000
CVE-2020-22755;0.009240000;0.588370000
CVE-2020-2275;0.017040000;0.763310000
CVE-2020-22741;0.008270000;0.557450000
CVE-2020-2274;0.002590000;0.158430000
CVE-2020-22732;0.004880000;0.395750000
CVE-2020-2273;0.006790000;0.503960000
CVE-2020-22724;0.055630000;0.925810000
CVE-2020-22723;0.008010000;0.548590000
CVE-2020-22722;0.004560000;0.370240000
CVE-2020-22721;0.004920000;0.398100000
CVE-2020-2272;0.006560000;0.493820000
CVE-2020-22719;0.005310000;0.426020000
CVE-2020-2271;0.007350000;0.525640000
CVE-2020-2270;0.007200000;0.520040000
CVE-2020-2269;0.007350000;0.525650000
CVE-2020-2268;0.006910000;0.508680000
CVE-2020-22679;0.007940000;0.546140000
CVE-2020-22678;0.007660000;0.536570000
CVE-2020-22677;0.007660000;0.536570000
CVE-2020-22675;0.007660000;0.536570000
CVE-2020-22674;0.007940000;0.546140000
CVE-2020-22673;0.007940000;0.546140000
CVE-2020-2267;0.006910000;0.508880000
CVE-2020-22669;0.013230000;0.697560000
CVE-2020-22662;0.012550000;0.683100000
CVE-2020-22661;0.005210000;0.419290000
CVE-2020-22660;0.005560000;0.441130000
CVE-2020-2266;0.007350000;0.525610000
CVE-2020-22659;0.003130000;0.217070000
CVE-2020-22658;0.005110000;0.411640000
CVE-2020-22657;0.006000000;0.465750000
CVE-2020-22656;0.004900000;0.396990000
CVE-2020-22655;0.004650000;0.377100000
CVE-2020-22654;0.003440000;0.253130000
CVE-2020-22653;0.005530000;0.439480000
CVE-2020-22650;0.010740000;0.635580000
CVE-2020-2265;0.007350000;0.525620000
CVE-2020-22647;0.006940000;0.509850000
CVE-2020-22643;0.019110000;0.789630000
CVE-2020-2264;0.007350000;0.525630000
CVE-2020-2263;0.007360000;0.525930000
CVE-2020-22628;0.007720000;0.538510000
CVE-2020-22623;0.012140000;0.673290000
CVE-2020-2262;0.007350000;0.525600000
CVE-2020-22617;0.012890000;0.690200000
CVE-2020-22612;0.007260000;0.522310000
CVE-2020-2261;0.013570000;0.705340000
CVE-2020-22609;0.006860000;0.506830000
CVE-2020-22608;0.006720000;0.500560000
CVE-2020-22607;0.006860000;0.506830000
CVE-2020-2260;0.006560000;0.493830000
CVE-2020-22597;0.013140000;0.695900000
CVE-2020-2259;0.007350000;0.525610000
CVE-2020-2258;0.006910000;0.508890000
CVE-2020-22570;0.013370000;0.700870000
CVE-2020-2257;0.007350000;0.525610000
CVE-2020-2256;0.007350000;0.525630000
CVE-2020-22552;0.014730000;0.727610000
CVE-2020-22550;0.022300000;0.820570000
CVE-2020-2255;0.008490000;0.564300000
CVE-2020-22540;0.004250000;0.342920000
CVE-2020-2254;0.021260000;0.811780000
CVE-2020-22539;0.008600000;0.568370000
CVE-2020-22535;0.007960000;0.546790000
CVE-2020-22533;0.005140000;0.413800000
CVE-2020-2253;0.006910000;0.508830000
CVE-2020-22524;0.010550000;0.630010000
CVE-2020-2252;0.009630000;0.601100000
CVE-2020-2251;0.005140000;0.414290000
CVE-2020-2250;0.006260000;0.479060000
CVE-2020-2249;0.002570000;0.155730000
CVE-2020-22481;0.006410000;0.486330000
CVE-2020-2248;0.008710000;0.571900000
CVE-2020-22475;0.004610000;0.374460000
CVE-2020-22474;0.010120000;0.617420000
CVE-2020-2247;0.008180000;0.554220000
CVE-2020-2246;0.007530000;0.531970000
CVE-2020-22453;0.006550000;0.493340000
CVE-2020-22452;0.017110000;0.764220000
CVE-2020-2245;0.008770000;0.573850000
CVE-2020-2244;0.007530000;0.531970000
CVE-2020-2243;0.007530000;0.531970000
CVE-2020-22429;0.002520000;0.149690000
CVE-2020-22428;0.011760000;0.663080000
CVE-2020-22427;0.142780000;0.964800000
CVE-2020-22425;0.024660000;0.838440000
CVE-2020-22421;0.008000000;0.548320000
CVE-2020-2242;0.007150000;0.518200000
CVE-2020-2241;0.006910000;0.508680000
CVE-2020-22403;0.005670000;0.447840000
CVE-2020-22402;0.003810000;0.294790000
CVE-2020-2240;0.006910000;0.508680000
CVE-2020-22394;0.007330000;0.524800000
CVE-2020-22392;0.006210000;0.476500000
CVE-2020-22390;0.015890000;0.746440000
CVE-2020-2239;0.005240000;0.421350000
CVE-2020-2238;0.007530000;0.531970000
CVE-2020-2237;0.006790000;0.503970000
CVE-2020-2236;0.007350000;0.525620000
CVE-2020-22352;0.006620000;0.496480000
CVE-2020-2235;0.008590000;0.568180000
CVE-2020-22345;0.038260000;0.897060000
CVE-2020-2234;0.010560000;0.630350000
CVE-2020-22336;0.011990000;0.668950000
CVE-2020-22334;0.003670000;0.279820000
CVE-2020-22330;0.006410000;0.486380000
CVE-2020-2233;0.008360000;0.560410000
CVE-2020-22327;0.005510000;0.438450000
CVE-2020-2232;0.007550000;0.532490000
CVE-2020-22312;0.007400000;0.527480000
CVE-2020-2231;0.052980000;0.922940000
CVE-2020-2230;0.827330000;0.996600000
CVE-2020-2229;0.067650000;0.937510000
CVE-2020-22284;0.011830000;0.665060000
CVE-2020-22283;0.013770000;0.709600000
CVE-2020-2228;0.014330000;0.719910000
CVE-2020-22278;0.015260000;0.736440000
CVE-2020-22277;0.018500000;0.782420000
CVE-2020-22276;0.030200000;0.869310000
CVE-2020-22275;0.021700000;0.815470000
CVE-2020-22274;0.016280000;0.752050000
CVE-2020-22273;0.004080000;0.324250000
CVE-2020-2227;0.006880000;0.507780000
CVE-2020-2226;0.009190000;0.586800000
CVE-2020-22253;0.010990000;0.642720000
CVE-2020-22251;0.006220000;0.477110000
CVE-2020-2225;0.010410000;0.625990000
CVE-2020-22249;0.028900000;0.863610000
CVE-2020-2224;0.009190000;0.586800000
CVE-2020-2223;0.010320000;0.623100000
CVE-2020-22226;0.011330000;0.651130000
CVE-2020-22225;0.011330000;0.651130000
CVE-2020-22224;0.006620000;0.496420000
CVE-2020-22223;0.011330000;0.651140000
CVE-2020-22222;0.007400000;0.527480000
CVE-2020-2222;0.011260000;0.649610000
CVE-2020-22219;0.007940000;0.546320000
CVE-2020-22218;0.010990000;0.642690000
CVE-2020-22217;0.009770000;0.606240000
CVE-2020-22212;0.014490000;0.722790000
CVE-2020-22211;0.079400000;0.945410000
CVE-2020-22210;0.085790000;0.948940000
CVE-2020-2221;0.010770000;0.636140000
CVE-2020-22209;0.085790000;0.948940000
CVE-2020-22208;0.100980000;0.954860000
CVE-2020-22206;0.014490000;0.722790000
CVE-2020-22205;0.014490000;0.722780000
CVE-2020-22204;0.014490000;0.722780000
CVE-2020-22203;0.011160000;0.647140000
CVE-2020-22201;0.014720000;0.727380000
CVE-2020-22200;0.014440000;0.721850000
CVE-2020-2220;0.010230000;0.620450000
CVE-2020-22199;0.011790000;0.664070000
CVE-2020-22198;0.017120000;0.764470000
CVE-2020-2219;0.007350000;0.525630000
CVE-2020-22181;0.004030000;0.319200000
CVE-2020-2218;0.003060000;0.209890000
CVE-2020-22176;0.020910000;0.808590000
CVE-2020-22175;0.021880000;0.816920000
CVE-2020-22174;0.021880000;0.816940000
CVE-2020-22173;0.021880000;0.816920000
CVE-2020-22172;0.021880000;0.816920000
CVE-2020-22171;0.021880000;0.816930000
CVE-2020-22170;0.021880000;0.816920000
CVE-2020-2217;0.006990000;0.512040000
CVE-2020-22169;0.021880000;0.816930000
CVE-2020-22168;0.022060000;0.818620000
CVE-2020-22167;0.005200000;0.418160000
CVE-2020-22166;0.021880000;0.816930000
CVE-2020-22165;0.063480000;0.934030000
CVE-2020-22164;0.021880000;0.816930000
CVE-2020-2216;0.006560000;0.493820000
CVE-2020-22159;0.009780000;0.606500000
CVE-2020-22158;0.006580000;0.494670000
CVE-2020-22153;0.014530000;0.723710000
CVE-2020-22152;0.005760000;0.452710000
CVE-2020-22151;0.014530000;0.723710000
CVE-2020-22150;0.010970000;0.642460000
CVE-2020-2215;0.006790000;0.503970000
CVE-2020-22148;0.009510000;0.597290000
CVE-2020-2214;0.007350000;0.525640000
CVE-2020-2213;0.006910000;0.508880000
CVE-2020-22124;0.010070000;0.615570000
CVE-2020-22122;0.012540000;0.682790000
CVE-2020-22120;0.024610000;0.838120000
CVE-2020-2212;0.006910000;0.508870000
CVE-2020-2211;0.022820000;0.824670000
CVE-2020-2210;0.006570000;0.494000000
CVE-2020-2209;0.006910000;0.508900000
CVE-2020-22083;0.064150000;0.934560000
CVE-2020-2208;0.006910000;0.508890000
CVE-2020-22079;0.041700000;0.905380000
CVE-2020-2207;0.008710000;0.571900000
CVE-2020-22061;0.003180000;0.221990000
CVE-2020-2206;0.008710000;0.571890000
CVE-2020-22057;0.010520000;0.629170000
CVE-2020-22056;0.008930000;0.578420000
CVE-2020-22054;0.013210000;0.697330000
CVE-2020-22051;0.010410000;0.625880000
CVE-2020-2205;0.007020000;0.513370000
CVE-2020-22049;0.013210000;0.697340000
CVE-2020-22048;0.009100000;0.583710000
CVE-2020-22046;0.010210000;0.619690000
CVE-2020-22044;0.010390000;0.625340000
CVE-2020-22043;0.010390000;0.625270000
CVE-2020-22042;0.009280000;0.589520000
CVE-2020-22041;0.009020000;0.581370000
CVE-2020-22040;0.010300000;0.622760000
CVE-2020-2204;0.006220000;0.476920000
CVE-2020-22039;0.010390000;0.625270000
CVE-2020-22038;0.010100000;0.616850000
CVE-2020-22037;0.015990000;0.747820000
CVE-2020-22036;0.017350000;0.767310000
CVE-2020-22035;0.011780000;0.663820000
CVE-2020-22034;0.016240000;0.751640000
CVE-2020-22033;0.014990000;0.732060000
CVE-2020-22032;0.018490000;0.782300000
CVE-2020-22031;0.016870000;0.761030000
CVE-2020-22030;0.011820000;0.664920000
CVE-2020-2203;0.006650000;0.497660000
CVE-2020-22029;0.014990000;0.732180000
CVE-2020-22028;0.016950000;0.762030000
CVE-2020-22027;0.015300000;0.737070000
CVE-2020-22026;0.013660000;0.707160000
CVE-2020-22025;0.018490000;0.782300000
CVE-2020-22024;0.010300000;0.622720000
CVE-2020-22023;0.014590000;0.724820000
CVE-2020-22022;0.017300000;0.766690000
CVE-2020-22021;0.016810000;0.760080000
CVE-2020-22020;0.015160000;0.735040000
CVE-2020-2202;0.006910000;0.508870000
CVE-2020-22019;0.010900000;0.639960000
CVE-2020-22017;0.014250000;0.718440000
CVE-2020-22016;0.016050000;0.748790000
CVE-2020-22015;0.035670000;0.889370000
CVE-2020-2201;0.007350000;0.525660000
CVE-2020-22007;0.022510000;0.822220000
CVE-2020-22002;0.013520000;0.704230000
CVE-2020-22001;0.034060000;0.884280000
CVE-2020-22000;0.010590000;0.631320000
CVE-2020-2200;0.024220000;0.835300000
CVE-2020-21999;0.052420000;0.922380000
CVE-2020-21998;0.013190000;0.696900000
CVE-2020-21997;0.027170000;0.854440000
CVE-2020-21996;0.035630000;0.889230000
CVE-2020-21995;0.020230000;0.801820000
CVE-2020-21994;0.036600000;0.892270000
CVE-2020-21993;0.008050000;0.549880000
CVE-2020-21992;0.052120000;0.922090000
CVE-2020-21991;0.029140000;0.864750000
CVE-2020-21990;0.023290000;0.828480000
CVE-2020-2199;0.061890000;0.932570000
CVE-2020-21989;0.007480000;0.530330000
CVE-2020-21987;0.009050000;0.582330000
CVE-2020-2198;0.007980000;0.547500000
CVE-2020-21976;0.018490000;0.782320000
CVE-2020-2197;0.006470000;0.489560000
CVE-2020-21967;0.006600000;0.495360000
CVE-2020-2196;0.009370000;0.592670000
CVE-2020-2195;0.007350000;0.525650000
CVE-2020-2194;0.007350000;0.525650000
CVE-2020-21937;0.048040000;0.916390000
CVE-2020-21936;0.012520000;0.682240000
CVE-2020-21935;0.043650000;0.909140000
CVE-2020-21934;0.015620000;0.742520000
CVE-2020-21933;0.014980000;0.731760000
CVE-2020-21932;0.012990000;0.692460000
CVE-2020-21930;0.005000000;0.403680000
CVE-2020-2193;0.007350000;0.525640000
CVE-2020-21929;0.005280000;0.423870000
CVE-2020-2192;0.006130000;0.472190000
CVE-2020-21913;0.012130000;0.672980000
CVE-2020-2191;0.006560000;0.493820000
CVE-2020-2190;0.007600000;0.534680000
CVE-2020-21896;0.005070000;0.408460000
CVE-2020-21890;0.008110000;0.552270000
CVE-2020-2189;0.022820000;0.824660000
CVE-2020-21884;0.011530000;0.656760000
CVE-2020-21883;0.040900000;0.903700000
CVE-2020-21881;0.003400000;0.248390000
CVE-2020-2188;0.006470000;0.489560000
CVE-2020-2187;0.004110000;0.327710000
CVE-2020-21865;0.020070000;0.800280000
CVE-2020-21862;0.009620000;0.601060000
CVE-2020-21861;0.007100000;0.516390000
CVE-2020-2186;0.006360000;0.483770000
CVE-2020-21854;0.005970000;0.464140000
CVE-2020-2185;0.006940000;0.510170000
CVE-2020-21845;0.008270000;0.557560000
CVE-2020-21844;0.015250000;0.736240000
CVE-2020-21843;0.011330000;0.651230000
CVE-2020-21842;0.011330000;0.651220000
CVE-2020-21841;0.010730000;0.635280000
CVE-2020-21840;0.010730000;0.635280000
CVE-2020-2184;0.444640000;0.987230000
CVE-2020-21839;0.009210000;0.587160000
CVE-2020-21838;0.010730000;0.635280000
CVE-2020-21836;0.010730000;0.635290000
CVE-2020-21835;0.008630000;0.569320000
CVE-2020-21834;0.008630000;0.569310000
CVE-2020-21833;0.011330000;0.651240000
CVE-2020-21832;0.011330000;0.651240000
CVE-2020-21831;0.010730000;0.635270000
CVE-2020-21830;0.011330000;0.651240000
CVE-2020-2183;0.008520000;0.565620000
CVE-2020-21827;0.008940000;0.578860000
CVE-2020-2182;0.008810000;0.575000000
CVE-2020-21819;0.011330000;0.651230000
CVE-2020-21818;0.011210000;0.648260000
CVE-2020-21817;0.009110000;0.584080000
CVE-2020-21816;0.011330000;0.651230000
CVE-2020-21815;0.009110000;0.584090000
CVE-2020-21814;0.010730000;0.635280000
CVE-2020-21813;0.008130000;0.552640000
CVE-2020-2181;0.010870000;0.639200000
CVE-2020-21809;0.015760000;0.744550000
CVE-2020-21808;0.015830000;0.745590000
CVE-2020-21806;0.011620000;0.658940000
CVE-2020-2180;0.022820000;0.824660000
CVE-2020-2179;0.028670000;0.862490000
CVE-2020-21788;0.006660000;0.498300000
CVE-2020-21787;0.018460000;0.782000000
CVE-2020-21786;0.011180000;0.647690000
CVE-2020-21785;0.027260000;0.854900000
CVE-2020-21784;0.013980000;0.713600000
CVE-2020-21783;0.006890000;0.508160000
CVE-2020-2178;0.008770000;0.573840000
CVE-2020-2177;0.005010000;0.404220000
CVE-2020-2176;0.007050000;0.514350000
CVE-2020-2175;0.007050000;0.514340000
CVE-2020-2174;0.008160000;0.553590000
CVE-2020-21733;0.007300000;0.523690000
CVE-2020-21732;0.006600000;0.495800000
CVE-2020-21731;0.006600000;0.495800000
CVE-2020-2173;0.007050000;0.514350000
CVE-2020-21729;0.005810000;0.455200000
CVE-2020-21726;0.012800000;0.688310000
CVE-2020-21725;0.012800000;0.688320000
CVE-2020-21724;0.003960000;0.311740000
CVE-2020-21723;0.004850000;0.393070000
CVE-2020-21722;0.007160000;0.518640000
CVE-2020-2172;0.010670000;0.633980000
CVE-2020-21710;0.007050000;0.514490000
CVE-2020-2171;0.011500000;0.655720000
CVE-2020-2170;0.007350000;0.525620000
CVE-2020-21699;0.008030000;0.549210000
CVE-2020-21697;0.009240000;0.588460000
CVE-2020-2169;0.010660000;0.633590000
CVE-2020-21688;0.017340000;0.767200000
CVE-2020-21687;0.004390000;0.356090000
CVE-2020-21686;0.004390000;0.356200000
CVE-2020-21685;0.004390000;0.356080000
CVE-2020-21684;0.006990000;0.511800000
CVE-2020-21683;0.007780000;0.540800000
CVE-2020-21682;0.008490000;0.564440000
CVE-2020-21681;0.007210000;0.520660000
CVE-2020-21680;0.007780000;0.540810000
CVE-2020-2168;0.019570000;0.794720000
CVE-2020-21679;0.004280000;0.345740000
CVE-2020-21678;0.006610000;0.496150000
CVE-2020-21677;0.009040000;0.581750000
CVE-2020-21676;0.010700000;0.634550000
CVE-2020-21675;0.010590000;0.631200000
CVE-2020-21674;0.020820000;0.807730000
CVE-2020-2167;0.020770000;0.807120000
CVE-2020-21667;0.010400000;0.625650000
CVE-2020-21665;0.009600000;0.599940000
CVE-2020-21662;0.007970000;0.547130000
CVE-2020-2166;0.020340000;0.802840000
CVE-2020-21658;0.004920000;0.398010000
CVE-2020-21656;0.004500000;0.365840000
CVE-2020-21654;0.011020000;0.643490000
CVE-2020-21653;0.012300000;0.677130000
CVE-2020-21652;0.028200000;0.860190000
CVE-2020-21651;0.033380000;0.882010000
CVE-2020-21650;0.032250000;0.877550000
CVE-2020-2165;0.010860000;0.638970000
CVE-2020-21649;0.008300000;0.558330000
CVE-2020-21648;0.013500000;0.703680000
CVE-2020-21643;0.004060000;0.322840000
CVE-2020-21642;0.069780000;0.939170000
CVE-2020-21641;0.039400000;0.900300000
CVE-2020-2164;0.008050000;0.549940000
CVE-2020-21639;0.005810000;0.455130000
CVE-2020-2163;0.011590000;0.658110000
CVE-2020-21627;0.009610000;0.600450000
CVE-2020-2162;0.011590000;0.658110000
CVE-2020-2161;0.012370000;0.678580000
CVE-2020-21606;0.010960000;0.641930000
CVE-2020-21605;0.010080000;0.615850000
CVE-2020-21604;0.010570000;0.630570000
CVE-2020-21603;0.010570000;0.630570000
CVE-2020-21602;0.014380000;0.720790000
CVE-2020-21601;0.010960000;0.641930000
CVE-2020-21600;0.014380000;0.720800000
CVE-2020-2160;0.020430000;0.803790000
CVE-2020-21599;0.014380000;0.720800000
CVE-2020-21598;0.018140000;0.777910000
CVE-2020-21597;0.015470000;0.739940000
CVE-2020-21596;0.014920000;0.730840000
CVE-2020-21595;0.010960000;0.641930000
CVE-2020-21594;0.012200000;0.674650000
CVE-2020-21590;0.012550000;0.682860000
CVE-2020-2159;0.020030000;0.799630000
CVE-2020-21588;0.002510000;0.148180000
CVE-2020-21585;0.031840000;0.875800000
CVE-2020-21583;0.005470000;0.435370000
CVE-2020-2158;0.028670000;0.862490000
CVE-2020-21574;0.009780000;0.606650000
CVE-2020-21573;0.005220000;0.419610000
CVE-2020-21572;0.012590000;0.683960000
CVE-2020-2157;0.005110000;0.412070000
CVE-2020-21564;0.034550000;0.885920000
CVE-2020-2156;0.006400000;0.485630000
CVE-2020-21554;0.015250000;0.736340000
CVE-2020-2155;0.006140000;0.473100000
CVE-2020-21548;0.010690000;0.634290000
CVE-2020-21547;0.010640000;0.632670000
CVE-2020-2154;0.002730000;0.176840000
CVE-2020-21535;0.008910000;0.577720000
CVE-2020-21534;0.008660000;0.570360000
CVE-2020-21533;0.008660000;0.570370000
CVE-2020-21532;0.010780000;0.636520000
CVE-2020-21531;0.010530000;0.629660000
CVE-2020-21530;0.007160000;0.518370000
CVE-2020-2153;0.006460000;0.488700000
CVE-2020-21529;0.010900000;0.639890000
CVE-2020-21528;0.005400000;0.431110000
CVE-2020-21527;0.011230000;0.648900000
CVE-2020-21526;0.018900000;0.787170000
CVE-2020-21525;0.019170000;0.790410000
CVE-2020-21524;0.015100000;0.734020000
CVE-2020-21523;0.025870000;0.846480000
CVE-2020-21522;0.015320000;0.737610000
CVE-2020-2152;0.012710000;0.686490000
CVE-2020-21517;0.009530000;0.597960000
CVE-2020-21516;0.012460000;0.680860000
CVE-2020-21514;0.007860000;0.543190000
CVE-2020-2151;0.007550000;0.532410000
CVE-2020-21506;0.006620000;0.496440000
CVE-2020-21505;0.006620000;0.496440000
CVE-2020-21504;0.006620000;0.496430000
CVE-2020-21503;0.010500000;0.628530000
CVE-2020-2150;0.006140000;0.473090000
CVE-2020-21496;0.006940000;0.510010000
CVE-2020-21495;0.006940000;0.510010000
CVE-2020-21494;0.006940000;0.510010000
CVE-2020-21493;0.009990000;0.612750000
CVE-2020-21490;0.003250000;0.230440000
CVE-2020-2149;0.006140000;0.473100000
CVE-2020-21489;0.013140000;0.695900000
CVE-2020-21487;0.006660000;0.498240000
CVE-2020-21486;0.008690000;0.571350000
CVE-2020-21485;0.005140000;0.414560000
CVE-2020-21483;0.016860000;0.760850000
CVE-2020-21482;0.005810000;0.455180000
CVE-2020-21481;0.016510000;0.755660000
CVE-2020-21480;0.016860000;0.760850000
CVE-2020-2148;0.008090000;0.551650000
CVE-2020-21474;0.011690000;0.661030000
CVE-2020-2147;0.008310000;0.558850000
CVE-2020-21469;0.003680000;0.280590000
CVE-2020-21468;0.012020000;0.669690000
CVE-2020-2146;0.005700000;0.449680000
CVE-2020-21452;0.010870000;0.639220000
CVE-2020-2145;0.003300000;0.235200000
CVE-2020-2144;0.010810000;0.637620000
CVE-2020-21434;0.005200000;0.418170000
CVE-2020-21431;0.009400000;0.593640000
CVE-2020-2143;0.006140000;0.473100000
CVE-2020-21428;0.004650000;0.377040000
CVE-2020-21427;0.005230000;0.420680000
CVE-2020-21426;0.004940000;0.399240000
CVE-2020-2142;0.006150000;0.473270000
CVE-2020-2141;0.006360000;0.483780000
CVE-2020-21406;0.009190000;0.586670000
CVE-2020-21405;0.009190000;0.586670000
CVE-2020-21400;0.011270000;0.649720000
CVE-2020-2140;0.759750000;0.995150000
CVE-2020-21394;0.011730000;0.662050000
CVE-2020-2139;0.015930000;0.747040000
CVE-2020-21387;0.005740000;0.451590000
CVE-2020-21386;0.004360000;0.353560000
CVE-2020-2138;0.009260000;0.589080000
CVE-2020-21378;0.021470000;0.813620000
CVE-2020-21377;0.010090000;0.616260000
CVE-2020-2137;0.007020000;0.513370000
CVE-2020-21366;0.003250000;0.230260000
CVE-2020-21365;0.020520000;0.804720000
CVE-2020-21363;0.008420000;0.562210000
CVE-2020-21362;0.004750000;0.386020000
CVE-2020-2136;0.008530000;0.565930000
CVE-2020-21359;0.017330000;0.767070000
CVE-2020-21358;0.004430000;0.359900000
CVE-2020-21357;0.007820000;0.541810000
CVE-2020-21356;0.008970000;0.579640000
CVE-2020-21353;0.005490000;0.436730000
CVE-2020-2135;0.010060000;0.615100000
CVE-2020-21345;0.008070000;0.550860000
CVE-2020-21342;0.012290000;0.677000000
CVE-2020-2134;0.010060000;0.615110000
CVE-2020-21333;0.004750000;0.386010000
CVE-2020-2133;0.008520000;0.565620000
CVE-2020-21325;0.012630000;0.684990000
CVE-2020-21322;0.017810000;0.773660000
CVE-2020-21321;0.005360000;0.428830000
CVE-2020-2132;0.008520000;0.565620000
CVE-2020-21316;0.011210000;0.648330000
CVE-2020-2131;0.008520000;0.565610000
CVE-2020-2130;0.008520000;0.565610000
CVE-2020-2129;0.008520000;0.565610000
CVE-2020-2128;0.006910000;0.508900000
CVE-2020-2127;0.006910000;0.508890000
CVE-2020-21268;0.005650000;0.446840000
CVE-2020-21266;0.007660000;0.536670000
CVE-2020-2126;0.006910000;0.508870000
CVE-2020-21252;0.004290000;0.346120000
CVE-2020-21250;0.011640000;0.659600000
CVE-2020-2125;0.006910000;0.508860000
CVE-2020-21246;0.005530000;0.439720000
CVE-2020-21244;0.010130000;0.617540000
CVE-2020-2124;0.006910000;0.508890000
CVE-2020-21238;0.009390000;0.593490000
CVE-2020-21237;0.010930000;0.640680000
CVE-2020-21236;0.005370000;0.429300000
CVE-2020-2123;0.022820000;0.824670000
CVE-2020-21228;0.008080000;0.551090000
CVE-2020-21224;0.387450000;0.985380000
CVE-2020-2122;0.008220000;0.555860000
CVE-2020-21219;0.006260000;0.478690000
CVE-2020-2121;0.027450000;0.856020000
CVE-2020-2120;0.011500000;0.655720000
CVE-2020-2119;0.009250000;0.588620000
CVE-2020-21180;0.013450000;0.702680000
CVE-2020-2118;0.006780000;0.503550000
CVE-2020-21179;0.013450000;0.702690000
CVE-2020-21176;0.014890000;0.730440000
CVE-2020-21174;0.013140000;0.695900000
CVE-2020-2117;0.006780000;0.503560000
CVE-2020-21161;0.007110000;0.516650000
CVE-2020-2116;0.006780000;0.503330000
CVE-2020-21152;0.007620000;0.535490000
CVE-2020-2115;0.011500000;0.655730000
CVE-2020-21147;0.008070000;0.550810000
CVE-2020-21146;0.007560000;0.533230000
CVE-2020-21142;0.006850000;0.506510000
CVE-2020-21141;0.005540000;0.440200000
CVE-2020-2114;0.010770000;0.636260000
CVE-2020-21139;0.004740000;0.384950000
CVE-2020-21133;0.017390000;0.767890000
CVE-2020-21132;0.017390000;0.767890000
CVE-2020-21131;0.011880000;0.666190000
CVE-2020-21130;0.007820000;0.541810000
CVE-2020-2113;0.007350000;0.525650000
CVE-2020-21127;0.016270000;0.751980000
CVE-2020-21126;0.006320000;0.481960000
CVE-2020-21125;0.017810000;0.773660000
CVE-2020-21124;0.021830000;0.816530000
CVE-2020-21122;0.008500000;0.564790000
CVE-2020-21121;0.011160000;0.647130000
CVE-2020-21120;0.009770000;0.606320000
CVE-2020-2112;0.007350000;0.525640000
CVE-2020-21119;0.008850000;0.576030000
CVE-2020-2111;0.009300000;0.590250000
CVE-2020-21101;0.006120000;0.471890000
CVE-2020-2110;0.012670000;0.685770000
CVE-2020-2109;0.012670000;0.685770000
CVE-2020-21088;0.007600000;0.534700000
CVE-2020-21087;0.013500000;0.703680000
CVE-2020-21082;0.006620000;0.496440000
CVE-2020-21081;0.004190000;0.337310000
CVE-2020-2108;0.009040000;0.581960000
CVE-2020-2107;0.006470000;0.489560000
CVE-2020-21066;0.008460000;0.563540000
CVE-2020-21060;0.009190000;0.586770000
CVE-2020-2106;0.007350000;0.525620000
CVE-2020-21058;0.005710000;0.450210000
CVE-2020-21057;0.015080000;0.733680000
CVE-2020-21056;0.009860000;0.608720000
CVE-2020-21055;0.011800000;0.664260000
CVE-2020-21054;0.007230000;0.521370000
CVE-2020-21053;0.006850000;0.506520000
CVE-2020-21052;0.005530000;0.439460000
CVE-2020-21050;0.015510000;0.740850000
CVE-2020-2105;0.018500000;0.782430000
CVE-2020-21049;0.013820000;0.710470000
CVE-2020-21048;0.013760000;0.709290000
CVE-2020-21047;0.002440000;0.140070000
CVE-2020-21046;0.004020000;0.318400000
CVE-2020-21041;0.020680000;0.806400000
CVE-2020-2104;0.010740000;0.635640000
CVE-2020-21038;0.004600000;0.373940000
CVE-2020-2103;0.070440000;0.939730000
CVE-2020-2102;0.013970000;0.713200000
CVE-2020-21016;0.021730000;0.815750000
CVE-2020-21014;0.009520000;0.597470000
CVE-2020-21013;0.009890000;0.609910000
CVE-2020-21012;0.035010000;0.887450000
CVE-2020-2101;0.013680000;0.707460000
CVE-2020-21005;0.008100000;0.551980000
CVE-2020-21003;0.004820000;0.390960000
CVE-2020-2100;0.034430000;0.885560000
CVE-2020-20990;0.005950000;0.462950000
CVE-2020-2099;0.010120000;0.617390000
CVE-2020-20989;0.004830000;0.391510000
CVE-2020-20988;0.013310000;0.699640000
CVE-2020-20982;0.061910000;0.932580000
CVE-2020-20981;0.013500000;0.703660000
CVE-2020-2098;0.010190000;0.619140000
CVE-2020-20979;0.016030000;0.748440000
CVE-2020-20977;0.005030000;0.405770000
CVE-2020-20975;0.012800000;0.688320000
CVE-2020-20971;0.005350000;0.428360000
CVE-2020-2097;0.012090000;0.671640000
CVE-2020-20969;0.062070000;0.932750000
CVE-2020-2096;0.927900000;0.998270000
CVE-2020-20951;0.040280000;0.902350000
CVE-2020-20950;0.008660000;0.570400000
CVE-2020-2095;0.008550000;0.566740000
CVE-2020-20949;0.009260000;0.589170000
CVE-2020-20948;0.013180000;0.696630000
CVE-2020-20946;0.006020000;0.466720000
CVE-2020-20945;0.005550000;0.440460000
CVE-2020-20944;0.019580000;0.794800000
CVE-2020-20943;0.003820000;0.295320000
CVE-2020-2094;0.008230000;0.556120000
CVE-2020-2093;0.008440000;0.562790000
CVE-2020-2092;0.013820000;0.710460000
CVE-2020-20919;0.012560000;0.683160000
CVE-2020-20918;0.011370000;0.652180000
CVE-2020-20915;0.011420000;0.653470000
CVE-2020-20914;0.011420000;0.653470000
CVE-2020-20913;0.014230000;0.718070000
CVE-2020-2091;0.011340000;0.651500000
CVE-2020-20908;0.006150000;0.473660000
CVE-2020-20907;0.022010000;0.818170000
CVE-2020-20902;0.011710000;0.661300000
CVE-2020-2090;0.008270000;0.557400000
CVE-2020-20898;0.012710000;0.686580000
CVE-2020-20896;0.011490000;0.655350000
CVE-2020-20892;0.011360000;0.651850000
CVE-2020-20891;0.012340000;0.678120000
CVE-2020-20813;0.009190000;0.586600000
CVE-2020-20808;0.006600000;0.495770000
CVE-2020-20800;0.015070000;0.733480000
CVE-2020-20799;0.005030000;0.405780000
CVE-2020-20797;0.011160000;0.647150000
CVE-2020-20796;0.009880000;0.609650000
CVE-2020-20781;0.005030000;0.405780000
CVE-2020-2078;0.007520000;0.531730000
CVE-2020-2077;0.010150000;0.618270000
CVE-2020-2076;0.012610000;0.684450000
CVE-2020-2075;0.014420000;0.721570000
CVE-2020-20746;0.029010000;0.864160000
CVE-2020-20741;0.015610000;0.742400000
CVE-2020-20740;0.010590000;0.631260000
CVE-2020-20739;0.020040000;0.799720000
CVE-2020-20735;0.010530000;0.629630000
CVE-2020-20726;0.006650000;0.497420000
CVE-2020-20725;0.005140000;0.413800000
CVE-2020-20718;0.013140000;0.695900000
CVE-2020-20703;0.015140000;0.734690000
CVE-2020-20701;0.005790000;0.454350000
CVE-2020-20700;0.005790000;0.454350000
CVE-2020-20699;0.005270000;0.423200000
CVE-2020-20698;0.019500000;0.794070000
CVE-2020-20697;0.005460000;0.434810000
CVE-2020-20696;0.004930000;0.398680000
CVE-2020-20695;0.005160000;0.415580000
CVE-2020-20693;0.007000000;0.512510000
CVE-2020-20692;0.012600000;0.684120000
CVE-2020-20691;0.009260000;0.589100000
CVE-2020-20675;0.011330000;0.651120000
CVE-2020-20672;0.008790000;0.574250000
CVE-2020-20671;0.005540000;0.440200000
CVE-2020-20670;0.017470000;0.768930000
CVE-2020-20665;0.011400000;0.652930000
CVE-2020-20664;0.008460000;0.563550000
CVE-2020-20663;0.008460000;0.563540000
CVE-2020-20662;0.008460000;0.563550000
CVE-2020-20658;0.010230000;0.620450000
CVE-2020-20657;0.010230000;0.620450000
CVE-2020-20645;0.004500000;0.365840000
CVE-2020-20642;0.005730000;0.451280000
CVE-2020-20640;0.008760000;0.573430000
CVE-2020-20636;0.007440000;0.528990000
CVE-2020-20634;0.009890000;0.610000000
CVE-2020-20633;0.008590000;0.568150000
CVE-2020-20628;0.009360000;0.592590000
CVE-2020-20627;0.018810000;0.786170000
CVE-2020-20626;0.007400000;0.527330000
CVE-2020-20625;0.017440000;0.768430000
CVE-2020-20605;0.005610000;0.444730000
CVE-2020-20601;0.075980000;0.943410000
CVE-2020-20600;0.005620000;0.445130000
CVE-2020-20598;0.007160000;0.518670000
CVE-2020-20597;0.007160000;0.518680000
CVE-2020-20595;0.004590000;0.372410000
CVE-2020-20593;0.004320000;0.350010000
CVE-2020-20589;0.005890000;0.459720000
CVE-2020-20588;0.012310000;0.677350000
CVE-2020-20586;0.003920000;0.306530000
CVE-2020-20585;0.016540000;0.756060000
CVE-2020-20584;0.011350000;0.651560000
CVE-2020-20583;0.012540000;0.682780000
CVE-2020-20582;0.010670000;0.633920000
CVE-2020-20545;0.005690000;0.449010000
CVE-2020-20523;0.006820000;0.505250000
CVE-2020-20522;0.005650000;0.446840000
CVE-2020-20521;0.005650000;0.446840000
CVE-2020-20514;0.004300000;0.347310000
CVE-2020-20508;0.007250000;0.521870000
CVE-2020-20502;0.004650000;0.377160000
CVE-2020-2050;0.010330000;0.623250000
CVE-2020-20495;0.015090000;0.733900000
CVE-2020-20491;0.011270000;0.649730000
CVE-2020-20490;0.010710000;0.634860000
CVE-2020-2049;0.003450000;0.255020000
CVE-2020-20486;0.010890000;0.639830000
CVE-2020-2048;0.003440000;0.253290000
CVE-2020-20474;0.016690000;0.758220000
CVE-2020-20473;0.016690000;0.758230000
CVE-2020-20472;0.014500000;0.722990000
CVE-2020-20471;0.024360000;0.836340000
CVE-2020-20470;0.008950000;0.579200000
CVE-2020-20469;0.016690000;0.758220000
CVE-2020-20468;0.005010000;0.404260000
CVE-2020-20467;0.011690000;0.660870000
CVE-2020-20466;0.018030000;0.776360000
CVE-2020-20453;0.017770000;0.773220000
CVE-2020-20451;0.013470000;0.703160000
CVE-2020-20450;0.010790000;0.636800000
CVE-2020-20448;0.009150000;0.585430000
CVE-2020-20446;0.017300000;0.766610000
CVE-2020-20445;0.016490000;0.755370000
CVE-2020-20444;0.010650000;0.633430000
CVE-2020-2044;0.007320000;0.524520000
CVE-2020-2043;0.007320000;0.524520000
CVE-2020-20426;0.006560000;0.493600000
CVE-2020-20425;0.006560000;0.493600000
CVE-2020-2042;0.023020000;0.826270000
CVE-2020-20413;0.013430000;0.702270000
CVE-2020-20412;0.010410000;0.625740000
CVE-2020-2041;0.021350000;0.812580000
CVE-2020-20406;0.007020000;0.513160000
CVE-2020-20402;0.007490000;0.530450000
CVE-2020-2040;0.039370000;0.900160000
CVE-2020-20392;0.014490000;0.722780000
CVE-2020-20391;0.005810000;0.455180000
CVE-2020-2039;0.463830000;0.987790000
CVE-2020-20389;0.005890000;0.459800000
CVE-2020-2038;0.860860000;0.997250000
CVE-2020-2037;0.035600000;0.889130000
CVE-2020-20363;0.005700000;0.449100000
CVE-2020-2036;0.238900000;0.977560000
CVE-2020-2035;0.007800000;0.541360000
CVE-2020-20349;0.005310000;0.426180000
CVE-2020-20348;0.005310000;0.426180000
CVE-2020-20347;0.005030000;0.405800000
CVE-2020-20345;0.005490000;0.437050000
CVE-2020-20344;0.005030000;0.405770000
CVE-2020-20343;0.004250000;0.342210000
CVE-2020-20341;0.013170000;0.696370000
CVE-2020-20340;0.012540000;0.682780000
CVE-2020-2034;0.071520000;0.940620000
CVE-2020-20335;0.009540000;0.598100000
CVE-2020-2033;0.008710000;0.572000000
CVE-2020-2032;0.002210000;0.113670000
CVE-2020-2031;0.011350000;0.651600000
CVE-2020-20300;0.087520000;0.949870000
CVE-2020-2030;0.025300000;0.842800000
CVE-2020-20299;0.014790000;0.728450000
CVE-2020-20298;0.026840000;0.852560000
CVE-2020-20296;0.013550000;0.704880000
CVE-2020-20295;0.013550000;0.704880000
CVE-2020-20294;0.017680000;0.771980000
CVE-2020-20290;0.013300000;0.699120000
CVE-2020-2029;0.017680000;0.772020000
CVE-2020-20289;0.011330000;0.651160000
CVE-2020-20287;0.028270000;0.860540000
CVE-2020-20285;0.014070000;0.715250000
CVE-2020-2028;0.017830000;0.773900000
CVE-2020-20277;0.262360000;0.979340000
CVE-2020-20276;0.034320000;0.885100000
CVE-2020-2027;0.021320000;0.812400000
CVE-2020-20269;0.046850000;0.914620000
CVE-2020-20267;0.017140000;0.764690000
CVE-2020-20266;0.020980000;0.809360000
CVE-2020-20265;0.021100000;0.810400000
CVE-2020-20264;0.020980000;0.809350000
CVE-2020-20262;0.021420000;0.813170000
CVE-2020-2026;0.004750000;0.385460000
CVE-2020-20254;0.020980000;0.809360000
CVE-2020-20253;0.020980000;0.809360000
CVE-2020-20252;0.016260000;0.751870000
CVE-2020-20250;0.017110000;0.764240000
CVE-2020-2025;0.003130000;0.216860000
CVE-2020-20249;0.017540000;0.770030000
CVE-2020-20248;0.018230000;0.779160000
CVE-2020-20247;0.010770000;0.636150000
CVE-2020-20246;0.027370000;0.855570000
CVE-2020-20245;0.027370000;0.855580000
CVE-2020-2024;0.003660000;0.279010000
CVE-2020-20237;0.028150000;0.859910000
CVE-2020-20236;0.031720000;0.875360000
CVE-2020-20231;0.020070000;0.800320000
CVE-2020-20230;0.019380000;0.792740000
CVE-2020-2023;0.011390000;0.652780000
CVE-2020-20227;0.030850000;0.871950000
CVE-2020-20225;0.020380000;0.803210000
CVE-2020-20222;0.031720000;0.875360000
CVE-2020-20221;0.029070000;0.864470000
CVE-2020-20220;0.027370000;0.855580000
CVE-2020-2022;0.012250000;0.675920000
CVE-2020-20219;0.019850000;0.797580000
CVE-2020-20218;0.019550000;0.794600000
CVE-2020-20217;0.020010000;0.799300000
CVE-2020-20216;0.015800000;0.745050000
CVE-2020-20215;0.015470000;0.740010000
CVE-2020-20214;0.031080000;0.872750000
CVE-2020-20213;0.021110000;0.810510000
CVE-2020-20212;0.023480000;0.829930000
CVE-2020-20211;0.025330000;0.842990000
CVE-2020-20210;0.012630000;0.684990000
CVE-2020-2021;0.043620000;0.909080000
CVE-2020-2020;0.003070000;0.210950000
CVE-2020-20189;0.010950000;0.641630000
CVE-2020-20184;0.026840000;0.852560000
CVE-2020-20183;0.010150000;0.618270000
CVE-2020-2018;0.013240000;0.698040000
CVE-2020-20178;0.010940000;0.641570000
CVE-2020-2017;0.008280000;0.557920000
CVE-2020-2016;0.005680000;0.448310000
CVE-2020-2015;0.019110000;0.789720000
CVE-2020-20142;0.021140000;0.810690000
CVE-2020-20141;0.021580000;0.814580000
CVE-2020-20140;0.021580000;0.814580000
CVE-2020-2014;0.026590000;0.851020000
CVE-2020-20139;0.021580000;0.814580000
CVE-2020-20138;0.028890000;0.863560000
CVE-2020-20136;0.015370000;0.738400000
CVE-2020-20131;0.005950000;0.462960000
CVE-2020-2013;0.006390000;0.485170000
CVE-2020-20129;0.005950000;0.462970000
CVE-2020-20128;0.008000000;0.548120000
CVE-2020-20125;0.006620000;0.496420000
CVE-2020-20124;0.028580000;0.862030000
CVE-2020-20122;0.012800000;0.688310000
CVE-2020-20120;0.018070000;0.776910000
CVE-2020-2012;0.019350000;0.792310000
CVE-2020-20118;0.001650000;0.051480000
CVE-2020-2011;0.018460000;0.781950000
CVE-2020-2010;0.022480000;0.821990000
CVE-2020-20096;0.013980000;0.713440000
CVE-2020-20095;0.013230000;0.697620000
CVE-2020-20094;0.013980000;0.713440000
CVE-2020-20093;0.023500000;0.830090000
CVE-2020-20092;0.012920000;0.691080000
CVE-2020-2009;0.019510000;0.794160000
CVE-2020-2008;0.027550000;0.856580000
CVE-2020-20070;0.005650000;0.446840000
CVE-2020-2007;0.022480000;0.821980000
CVE-2020-20067;0.012630000;0.685000000
CVE-2020-2006;0.018950000;0.787900000
CVE-2020-2005;0.008340000;0.559520000
CVE-2020-2004;0.003140000;0.217790000
CVE-2020-2003;0.009380000;0.593300000
CVE-2020-20021;0.010140000;0.617830000
CVE-2020-2002;0.012970000;0.692150000
CVE-2020-20012;0.010830000;0.637960000
CVE-2020-2001;0.013340000;0.700190000
CVE-2020-2000;0.033660000;0.882960000
CVE-2020-1999;0.013370000;0.700940000
CVE-2020-1998;0.008920000;0.578190000
CVE-2020-1997;0.008930000;0.578550000
CVE-2020-19964;0.005170000;0.416510000
CVE-2020-19962;0.005810000;0.455180000
CVE-2020-19961;0.017250000;0.766090000
CVE-2020-19960;0.015160000;0.734990000
CVE-2020-1996;0.009050000;0.582430000
CVE-2020-19959;0.015160000;0.734980000
CVE-2020-19957;0.015160000;0.734980000
CVE-2020-19954;0.012430000;0.680190000
CVE-2020-19952;0.006760000;0.502740000
CVE-2020-19951;0.005610000;0.444730000
CVE-2020-19950;0.005890000;0.459790000
CVE-2020-1995;0.011450000;0.654120000
CVE-2020-19949;0.005890000;0.459790000
CVE-2020-19947;0.009510000;0.597350000
CVE-2020-1994;0.002360000;0.131250000
CVE-2020-1993;0.004330000;0.350730000
CVE-2020-19924;0.005310000;0.426170000
CVE-2020-1992;0.034510000;0.885790000
CVE-2020-19915;0.008010000;0.548500000
CVE-2020-19914;0.007240000;0.521720000
CVE-2020-1991;0.002770000;0.180790000
CVE-2020-19909;0.003670000;0.279750000
CVE-2020-19907;0.030130000;0.869040000
CVE-2020-19902;0.019350000;0.792380000
CVE-2020-1990;0.021320000;0.812400000
CVE-2020-19897;0.007740000;0.539290000
CVE-2020-19896;0.015670000;0.743160000
CVE-2020-19891;0.014100000;0.715720000
CVE-2020-19890;0.009200000;0.586970000
CVE-2020-1989;0.002650000;0.165360000
CVE-2020-19889;0.005130000;0.413640000
CVE-2020-19888;0.007420000;0.528340000
CVE-2020-19887;0.008590000;0.568010000
CVE-2020-19886;0.004390000;0.356250000
CVE-2020-19885;0.008840000;0.575790000
CVE-2020-19884;0.006770000;0.502970000
CVE-2020-19883;0.008510000;0.565290000
CVE-2020-19882;0.008510000;0.565300000
CVE-2020-19881;0.008590000;0.568010000
CVE-2020-19880;0.008900000;0.577280000
CVE-2020-1988;0.003700000;0.283070000
CVE-2020-19879;0.007000000;0.512560000
CVE-2020-19878;0.015190000;0.735310000
CVE-2020-19877;0.017100000;0.764160000
CVE-2020-1987;0.003010000;0.205100000
CVE-2020-19861;0.014930000;0.730920000
CVE-2020-19860;0.013100000;0.694870000
CVE-2020-1986;0.002610000;0.159590000
CVE-2020-19858;0.017110000;0.764340000
CVE-2020-19855;0.006620000;0.496430000
CVE-2020-19853;0.011330000;0.651120000
CVE-2020-19850;0.010790000;0.636690000
CVE-2020-1985;0.002570000;0.155940000
CVE-2020-1984;0.003110000;0.214800000
CVE-2020-1983;0.023570000;0.830630000
CVE-2020-19825;0.006970000;0.511130000
CVE-2020-19824;0.002420000;0.138220000
CVE-2020-19822;0.028200000;0.860210000
CVE-2020-19821;0.008870000;0.576590000
CVE-2020-1982;0.004500000;0.365420000
CVE-2020-1981;0.003620000;0.274640000
CVE-2020-19803;0.004380000;0.355350000
CVE-2020-19802;0.011180000;0.647520000
CVE-2020-1980;0.006270000;0.479220000
CVE-2020-1979;0.010010000;0.613750000
CVE-2020-19786;0.008030000;0.549210000
CVE-2020-1978;0.003070000;0.210380000
CVE-2020-19778;0.021050000;0.809930000
CVE-2020-19770;0.004870000;0.394530000
CVE-2020-1977;0.005100000;0.411300000
CVE-2020-19769;0.005420000;0.432690000
CVE-2020-19768;0.005420000;0.432690000
CVE-2020-19767;0.011730000;0.661820000
CVE-2020-19766;0.009490000;0.596630000
CVE-2020-19765;0.009000000;0.580300000
CVE-2020-19762;0.010060000;0.615260000
CVE-2020-1976;0.002800000;0.183380000
CVE-2020-19752;0.016050000;0.748860000
CVE-2020-19751;0.012970000;0.692090000
CVE-2020-19750;0.011210000;0.648390000
CVE-2020-1975;0.009980000;0.612640000
CVE-2020-19726;0.007520000;0.531510000
CVE-2020-19725;0.010330000;0.623900000
CVE-2020-19724;0.002980000;0.201820000
CVE-2020-19722;0.010310000;0.623040000
CVE-2020-19721;0.011660000;0.660110000
CVE-2020-19720;0.010310000;0.623040000
CVE-2020-19719;0.056840000;0.927280000
CVE-2020-19718;0.010310000;0.623040000
CVE-2020-19717;0.009760000;0.606180000
CVE-2020-19716;0.011400000;0.653050000
CVE-2020-1971;0.070510000;0.939790000
CVE-2020-19709;0.006410000;0.486380000
CVE-2020-19705;0.009880000;0.609650000
CVE-2020-19704;0.004750000;0.386020000
CVE-2020-19703;0.006770000;0.503210000
CVE-2020-19699;0.005930000;0.461710000
CVE-2020-19698;0.006600000;0.495770000
CVE-2020-19697;0.006600000;0.495780000
CVE-2020-19695;0.013330000;0.699940000
CVE-2020-19693;0.008350000;0.560110000
CVE-2020-19692;0.013180000;0.696710000
CVE-2020-19683;0.005620000;0.445110000
CVE-2020-19682;0.005260000;0.422280000
CVE-2020-1968;0.047640000;0.915820000
CVE-2020-19678;0.034730000;0.886530000
CVE-2020-19676;0.014200000;0.717590000
CVE-2020-19672;0.013470000;0.703180000
CVE-2020-19670;0.008720000;0.572250000
CVE-2020-1967;0.533360000;0.989520000
CVE-2020-19669;0.006050000;0.468250000
CVE-2020-19668;0.008560000;0.567250000
CVE-2020-19667;0.016520000;0.755730000
CVE-2020-19664;0.055340000;0.925440000
CVE-2020-19660;0.004140000;0.331610000
CVE-2020-19643;0.007490000;0.530600000
CVE-2020-19642;0.004460000;0.362930000
CVE-2020-19641;0.013260000;0.698420000
CVE-2020-19640;0.013340000;0.700120000
CVE-2020-1964;0.048150000;0.916530000
CVE-2020-19639;0.005110000;0.412370000
CVE-2020-1963;0.049830000;0.919110000
CVE-2020-19626;0.008480000;0.564240000
CVE-2020-19625;0.131430000;0.962340000
CVE-2020-19619;0.006370000;0.484160000
CVE-2020-19618;0.006370000;0.484150000
CVE-2020-19617;0.006030000;0.467000000
CVE-2020-19616;0.006030000;0.467000000
CVE-2020-19613;0.012580000;0.683630000
CVE-2020-19611;0.006340000;0.482640000
CVE-2020-1961;0.048000000;0.916320000
CVE-2020-19609;0.010480000;0.628020000
CVE-2020-1960;0.008630000;0.569330000
CVE-2020-19596;0.012890000;0.690200000
CVE-2020-19595;0.011030000;0.643670000
CVE-2020-1959;0.049820000;0.919100000
CVE-2020-19587;0.008960000;0.579350000
CVE-2020-19586;0.014900000;0.730560000
CVE-2020-1958;0.045650000;0.912790000
CVE-2020-1957;0.233260000;0.977090000
CVE-2020-1956;0.973370000;0.998960000
CVE-2020-19559;0.014310000;0.719660000
CVE-2020-19554;0.005810000;0.455110000
CVE-2020-19553;0.005810000;0.455210000
CVE-2020-19551;0.017600000;0.770740000
CVE-2020-1955;0.018460000;0.782030000
CVE-2020-19547;0.012110000;0.672630000
CVE-2020-1954;0.061470000;0.932180000
CVE-2020-1953;0.068490000;0.938140000
CVE-2020-19527;0.015520000;0.741030000
CVE-2020-1952;0.026760000;0.852210000
CVE-2020-19515;0.017890000;0.774520000
CVE-2020-19513;0.004810000;0.389670000
CVE-2020-19511;0.008260000;0.557020000
CVE-2020-19510;0.014600000;0.725120000
CVE-2020-1951;0.029050000;0.864370000
CVE-2020-1950;0.030000000;0.868500000
CVE-2020-19499;0.013680000;0.707440000
CVE-2020-19498;0.013680000;0.707430000
CVE-2020-19497;0.013680000;0.707440000
CVE-2020-19492;0.009840000;0.608080000
CVE-2020-19491;0.009950000;0.611780000
CVE-2020-19490;0.008300000;0.558280000
CVE-2020-1949;0.019650000;0.795420000
CVE-2020-19488;0.008000000;0.548110000
CVE-2020-19481;0.010190000;0.619070000
CVE-2020-1948;0.164410000;0.968790000
CVE-2020-19475;0.006340000;0.482720000
CVE-2020-19474;0.006660000;0.498330000
CVE-2020-19473;0.006340000;0.482730000
CVE-2020-19472;0.006340000;0.482720000
CVE-2020-19471;0.006340000;0.482730000
CVE-2020-19470;0.006340000;0.482730000
CVE-2020-1947;0.339180000;0.983460000
CVE-2020-19469;0.006340000;0.482730000
CVE-2020-19468;0.006270000;0.479270000
CVE-2020-19467;0.006590000;0.495060000
CVE-2020-19466;0.006270000;0.479260000
CVE-2020-19465;0.006270000;0.479270000
CVE-2020-19464;0.007450000;0.529310000
CVE-2020-19463;0.007450000;0.529320000
CVE-2020-1946;0.061320000;0.932030000
CVE-2020-19455;0.010520000;0.629330000
CVE-2020-19451;0.010520000;0.629330000
CVE-2020-19450;0.010520000;0.629330000
CVE-2020-1945;0.017690000;0.772190000
CVE-2020-19447;0.010520000;0.629330000
CVE-2020-1944;0.027340000;0.855390000
CVE-2020-1943;0.973090000;0.998950000
CVE-2020-1942;0.031240000;0.873480000
CVE-2020-19419;0.029720000;0.867240000
CVE-2020-19417;0.027460000;0.856050000
CVE-2020-1941;0.071500000;0.940600000
CVE-2020-1940;0.045110000;0.911770000
CVE-2020-1939;0.024970000;0.840490000
CVE-2020-1938;0.992700000;0.999360000
CVE-2020-1937;0.030700000;0.871300000
CVE-2020-19364;0.705750000;0.993730000
CVE-2020-19363;0.036130000;0.890850000
CVE-2020-19362;0.007490000;0.530470000
CVE-2020-19361;0.010450000;0.627080000
CVE-2020-19360;0.172780000;0.970060000
CVE-2020-1936;0.028640000;0.862330000
CVE-2020-1935;0.093860000;0.952370000
CVE-2020-1934;0.519510000;0.989170000
CVE-2020-1933;0.028130000;0.859830000
CVE-2020-19323;0.013030000;0.693510000
CVE-2020-19320;0.010560000;0.630400000
CVE-2020-1932;0.013510000;0.703930000
CVE-2020-19319;0.009160000;0.585690000
CVE-2020-19318;0.010790000;0.636760000
CVE-2020-19316;0.025230000;0.842300000
CVE-2020-1931;0.064640000;0.935020000
CVE-2020-19305;0.021010000;0.809620000
CVE-2020-19304;0.019030000;0.788750000
CVE-2020-19303;0.012830000;0.688950000
CVE-2020-19302;0.017300000;0.766720000
CVE-2020-19301;0.025000000;0.840650000
CVE-2020-1930;0.070530000;0.939800000
CVE-2020-19295;0.035090000;0.887670000
CVE-2020-19294;0.005450000;0.434310000
CVE-2020-19293;0.005580000;0.442750000
CVE-2020-19292;0.005580000;0.442750000
CVE-2020-19291;0.006700000;0.499900000
CVE-2020-19290;0.005450000;0.434320000
CVE-2020-1929;0.010250000;0.621390000
CVE-2020-19289;0.006600000;0.495510000
CVE-2020-19288;0.005450000;0.434310000
CVE-2020-19287;0.006870000;0.507430000
CVE-2020-19286;0.005580000;0.442740000
CVE-2020-19285;0.006600000;0.495510000
CVE-2020-19284;0.005450000;0.434320000
CVE-2020-19283;0.026330000;0.849450000
CVE-2020-19282;0.031620000;0.874930000
CVE-2020-19281;0.005580000;0.442750000
CVE-2020-19280;0.009100000;0.583700000
CVE-2020-1928;0.039590000;0.900730000
CVE-2020-19279;0.010530000;0.629390000
CVE-2020-19278;0.004980000;0.402490000
CVE-2020-19277;0.005470000;0.435770000
CVE-2020-19275;0.011790000;0.664010000
CVE-2020-19274;0.008520000;0.565650000
CVE-2020-1927;0.566910000;0.990340000
CVE-2020-19268;0.003060000;0.209710000
CVE-2020-19267;0.016030000;0.748430000
CVE-2020-19266;0.006410000;0.486370000
CVE-2020-19265;0.006410000;0.486370000
CVE-2020-19264;0.005650000;0.447020000
CVE-2020-19263;0.006610000;0.495980000
CVE-2020-1926;0.024580000;0.837930000
CVE-2020-1925;0.028300000;0.860730000
CVE-2020-19248;0.002610000;0.160540000
CVE-2020-19229;0.014390000;0.721000000
CVE-2020-19228;0.012250000;0.675960000
CVE-2020-19217;0.009700000;0.603840000
CVE-2020-19216;0.009700000;0.603850000
CVE-2020-19215;0.009700000;0.603850000
CVE-2020-19213;0.158780000;0.967740000
CVE-2020-19212;0.008590000;0.568230000
CVE-2020-1921;0.012110000;0.672320000
CVE-2020-19204;0.007410000;0.527960000
CVE-2020-19203;0.010500000;0.628530000
CVE-2020-19202;0.005730000;0.451340000
CVE-2020-19201;0.034510000;0.885770000
CVE-2020-1920;0.013630000;0.706610000
CVE-2020-19199;0.009130000;0.584690000
CVE-2020-19190;0.017530000;0.769860000
CVE-2020-1919;0.012180000;0.674100000
CVE-2020-19189;0.022340000;0.820860000
CVE-2020-19188;0.017530000;0.769870000
CVE-2020-19187;0.017530000;0.769870000
CVE-2020-19186;0.018380000;0.781020000
CVE-2020-19185;0.017530000;0.769860000
CVE-2020-1918;0.012180000;0.674090000
CVE-2020-1917;0.013840000;0.710810000
CVE-2020-19165;0.016130000;0.749980000
CVE-2020-1916;0.013840000;0.710810000
CVE-2020-19159;0.009980000;0.612590000
CVE-2020-19158;0.007130000;0.517250000
CVE-2020-19157;0.010180000;0.618850000
CVE-2020-19156;0.008530000;0.565790000
CVE-2020-19155;0.075220000;0.942910000
CVE-2020-19154;0.038760000;0.898420000
CVE-2020-19151;0.050310000;0.919680000
CVE-2020-19150;0.034900000;0.887110000
CVE-2020-1915;0.016030000;0.748460000
CVE-2020-19148;0.010830000;0.638220000
CVE-2020-19147;0.016010000;0.748110000
CVE-2020-19146;0.019090000;0.789510000
CVE-2020-19144;0.015940000;0.747160000
CVE-2020-19143;0.014560000;0.724260000
CVE-2020-19142;0.015520000;0.741030000
CVE-2020-1914;0.025150000;0.841770000
CVE-2020-19138;0.057410000;0.927960000
CVE-2020-19137;0.009420000;0.594390000
CVE-2020-19131;0.024330000;0.836130000
CVE-2020-1913;0.012020000;0.669810000
CVE-2020-1912;0.018130000;0.777830000
CVE-2020-19118;0.005240000;0.421290000
CVE-2020-19114;0.019440000;0.793420000
CVE-2020-19113;0.030080000;0.868850000
CVE-2020-19112;0.019440000;0.793410000
CVE-2020-19111;0.018920000;0.787560000
CVE-2020-19110;0.015560000;0.741590000
CVE-2020-1911;0.020030000;0.799590000
CVE-2020-19109;0.019440000;0.793410000
CVE-2020-19108;0.019440000;0.793420000
CVE-2020-19107;0.019440000;0.793420000
CVE-2020-1910;0.051180000;0.920870000
CVE-2020-1909;0.022830000;0.824710000
CVE-2020-1908;0.002910000;0.194280000
CVE-2020-1907;0.018890000;0.787050000
CVE-2020-1906;0.003060000;0.209720000
CVE-2020-1905;0.006420000;0.486710000
CVE-2020-19049;0.007160000;0.518370000
CVE-2020-19048;0.007160000;0.518370000
CVE-2020-19047;0.007120000;0.516980000
CVE-2020-19046;0.008530000;0.565780000
CVE-2020-19042;0.009070000;0.582830000
CVE-2020-1904;0.011140000;0.646720000
CVE-2020-19038;0.011680000;0.660550000
CVE-2020-19037;0.008860000;0.576180000
CVE-2020-1903;0.006580000;0.494790000
CVE-2020-19028;0.011100000;0.645550000
CVE-2020-1902;0.006660000;0.498320000
CVE-2020-1901;0.010270000;0.621820000
CVE-2020-19007;0.004990000;0.403110000
CVE-2020-19005;0.007340000;0.525130000
CVE-2020-19003;0.007890000;0.544380000
CVE-2020-19002;0.011280000;0.650160000
CVE-2020-19001;0.043250000;0.908330000
CVE-2020-19000;0.011190000;0.647850000
CVE-2020-1900;0.013840000;0.710810000
CVE-2020-18999;0.011820000;0.664820000
CVE-2020-18998;0.011820000;0.664830000
CVE-2020-1899;0.012180000;0.674090000
CVE-2020-18985;0.006550000;0.493350000
CVE-2020-18984;0.008290000;0.558130000
CVE-2020-18982;0.005690000;0.448750000
CVE-2020-18980;0.014600000;0.725120000
CVE-2020-1898;0.012110000;0.672330000
CVE-2020-18979;0.007400000;0.527480000
CVE-2020-18976;0.006650000;0.497910000
CVE-2020-18974;0.008270000;0.557640000
CVE-2020-18972;0.007630000;0.535710000
CVE-2020-18971;0.006830000;0.505700000
CVE-2020-1897;0.011490000;0.655350000
CVE-2020-18964;0.005540000;0.440210000
CVE-2020-1896;0.024180000;0.835010000
CVE-2020-1895;0.008790000;0.574420000
CVE-2020-1894;0.017520000;0.769470000
CVE-2020-1893;0.011480000;0.654750000
CVE-2020-1892;0.010950000;0.641690000
CVE-2020-18917;0.008360000;0.560220000
CVE-2020-18913;0.013060000;0.693900000
CVE-2020-18912;0.014840000;0.729380000
CVE-2020-1891;0.014880000;0.730120000
CVE-2020-18900;0.003200000;0.225190000
CVE-2020-1890;0.014010000;0.714150000
CVE-2020-18899;0.016580000;0.756570000
CVE-2020-18898;0.014320000;0.719840000
CVE-2020-18897;0.005020000;0.405050000
CVE-2020-18890;0.015190000;0.735380000
CVE-2020-1889;0.047780000;0.916020000
CVE-2020-18889;0.004360000;0.354350000
CVE-2020-18888;0.007790000;0.541150000
CVE-2020-18886;0.018030000;0.776490000
CVE-2020-18885;0.035710000;0.889460000
CVE-2020-1888;0.011480000;0.654740000
CVE-2020-18879;0.031330000;0.873780000
CVE-2020-18878;0.017020000;0.762970000
CVE-2020-18877;0.014810000;0.728920000
CVE-2020-18875;0.019830000;0.797340000
CVE-2020-1887;0.015730000;0.744070000
CVE-2020-1886;0.012420000;0.679880000
CVE-2020-1885;0.004190000;0.336970000
CVE-2020-18839;0.006520000;0.491720000
CVE-2020-18831;0.008010000;0.548340000
CVE-2020-1883;0.007950000;0.546450000
CVE-2020-1882;0.002140000;0.105380000
CVE-2020-1881;0.007940000;0.546300000
CVE-2020-1880;0.005390000;0.431020000
CVE-2020-1879;0.001490000;0.034310000
CVE-2020-18781;0.002870000;0.190230000
CVE-2020-18780;0.002880000;0.190950000
CVE-2020-1878;0.002490000;0.145920000
CVE-2020-18778;0.008860000;0.576410000
CVE-2020-18776;0.008770000;0.573920000
CVE-2020-18775;0.008860000;0.576410000
CVE-2020-18774;0.013090000;0.694560000
CVE-2020-18773;0.013320000;0.699760000
CVE-2020-18771;0.018320000;0.780280000
CVE-2020-18770;0.003440000;0.253180000
CVE-2020-1877;0.002000000;0.088970000
CVE-2020-18768;0.002770000;0.180940000
CVE-2020-18766;0.011540000;0.656880000
CVE-2020-1876;0.007550000;0.532890000
CVE-2020-18759;0.008140000;0.553020000
CVE-2020-18758;0.026760000;0.852160000
CVE-2020-18757;0.012870000;0.689820000
CVE-2020-18756;0.013110000;0.695080000
CVE-2020-18754;0.013330000;0.700020000
CVE-2020-18753;0.014930000;0.731020000
CVE-2020-18750;0.005360000;0.429170000
CVE-2020-1875;0.001990000;0.086960000
CVE-2020-18748;0.009470000;0.596070000
CVE-2020-18746;0.017980000;0.775780000
CVE-2020-18741;0.009400000;0.593740000
CVE-2020-1874;0.001990000;0.086950000
CVE-2020-18737;0.013200000;0.697020000
CVE-2020-18735;0.018620000;0.784010000
CVE-2020-18734;0.018620000;0.784020000
CVE-2020-18731;0.014060000;0.715070000
CVE-2020-18730;0.014060000;0.715060000
CVE-2020-1873;0.007690000;0.537740000
CVE-2020-18724;0.031910000;0.876030000
CVE-2020-18723;0.037990000;0.896280000
CVE-2020-1872;0.002140000;0.105370000
CVE-2020-18717;0.035890000;0.890150000
CVE-2020-18716;0.017580000;0.770480000
CVE-2020-18714;0.013170000;0.696540000
CVE-2020-18713;0.018220000;0.779030000
CVE-2020-1871;0.006440000;0.488100000
CVE-2020-18705;0.027710000;0.857470000
CVE-2020-18704;0.028900000;0.863610000
CVE-2020-18703;0.027710000;0.857460000
CVE-2020-18702;0.013120000;0.695220000
CVE-2020-18701;0.022770000;0.824280000
CVE-2020-1870;0.007450000;0.529140000
CVE-2020-18699;0.012810000;0.688540000
CVE-2020-18698;0.020420000;0.803720000
CVE-2020-18694;0.009260000;0.588880000
CVE-2020-18693;0.009900000;0.610240000
CVE-2020-18685;0.012920000;0.691060000
CVE-2020-18684;0.012920000;0.691070000
CVE-2020-18683;0.012920000;0.691070000
CVE-2020-18671;0.008140000;0.553140000
CVE-2020-18670;0.009200000;0.586930000
CVE-2020-18668;0.007580000;0.533720000
CVE-2020-18667;0.013570000;0.705480000
CVE-2020-18665;0.016530000;0.755840000
CVE-2020-18664;0.007280000;0.523020000
CVE-2020-18663;0.010550000;0.630040000
CVE-2020-18662;0.053770000;0.923780000
CVE-2020-18661;0.011350000;0.651620000
CVE-2020-18660;0.012850000;0.689560000
CVE-2020-1866;0.003510000;0.261710000
CVE-2020-18659;0.012980000;0.692330000
CVE-2020-18658;0.013710000;0.708180000
CVE-2020-18657;0.013710000;0.708190000
CVE-2020-18654;0.014980000;0.731940000
CVE-2020-18652;0.010030000;0.614660000
CVE-2020-18651;0.012560000;0.683380000
CVE-2020-1865;0.003320000;0.239010000
CVE-2020-18648;0.007360000;0.526180000
CVE-2020-18647;0.015240000;0.736190000
CVE-2020-18646;0.015240000;0.736190000
CVE-2020-1864;0.008060000;0.550660000
CVE-2020-1863;0.009280000;0.589460000
CVE-2020-1862;0.001890000;0.076120000
CVE-2020-1861;0.002200000;0.113100000
CVE-2020-1860;0.006640000;0.497030000
CVE-2020-1858;0.007670000;0.537030000
CVE-2020-1857;0.002070000;0.097450000
CVE-2020-18568;0.145520000;0.965290000
CVE-2020-1856;0.007640000;0.536050000
CVE-2020-1855;0.002080000;0.097720000
CVE-2020-18544;0.023350000;0.828920000
CVE-2020-1853;0.007250000;0.521800000
CVE-2020-18494;0.010120000;0.617230000
CVE-2020-1848;0.001890000;0.076400000
CVE-2020-18477;0.008870000;0.576600000
CVE-2020-18476;0.008870000;0.576590000
CVE-2020-18475;0.004500000;0.365840000
CVE-2020-18470;0.005150000;0.414900000
CVE-2020-1847;0.007450000;0.529150000
CVE-2020-18469;0.005440000;0.433880000
CVE-2020-18468;0.004130000;0.329390000
CVE-2020-18467;0.004730000;0.384100000
CVE-2020-18464;0.002880000;0.190980000
CVE-2020-18463;0.002910000;0.194640000
CVE-2020-18462;0.009760000;0.605930000
CVE-2020-18460;0.004360000;0.353560000
CVE-2020-18458;0.004580000;0.371860000
CVE-2020-18457;0.004810000;0.390080000
CVE-2020-18456;0.005270000;0.423200000
CVE-2020-18455;0.005270000;0.423190000
CVE-2020-18454;0.004810000;0.390080000
CVE-2020-18451;0.005270000;0.423200000
CVE-2020-1845;0.002270000;0.120730000
CVE-2020-18449;0.005200000;0.418170000
CVE-2020-18446;0.005270000;0.423200000
CVE-2020-18445;0.007170000;0.518920000
CVE-2020-18442;0.007450000;0.529260000
CVE-2020-18440;0.016590000;0.756880000
CVE-2020-1844;0.002290000;0.123390000
CVE-2020-18439;0.010070000;0.615570000
CVE-2020-18438;0.016600000;0.756920000
CVE-2020-18432;0.008880000;0.576960000
CVE-2020-18430;0.012670000;0.685790000
CVE-2020-1843;0.002270000;0.121400000
CVE-2020-18428;0.012330000;0.677750000
CVE-2020-1842;0.002360000;0.130810000
CVE-2020-18418;0.003840000;0.298580000
CVE-2020-18416;0.003650000;0.277830000
CVE-2020-18414;0.004320000;0.350440000
CVE-2020-18413;0.004320000;0.350440000
CVE-2020-18410;0.003920000;0.307470000
CVE-2020-1841;0.009720000;0.604490000
CVE-2020-18409;0.003230000;0.227680000
CVE-2020-18406;0.003650000;0.277910000
CVE-2020-18404;0.003920000;0.307470000
CVE-2020-1840;0.002220000;0.114650000
CVE-2020-18395;0.012770000;0.687760000
CVE-2020-18392;0.009420000;0.594180000
CVE-2020-1839;0.001800000;0.068390000
CVE-2020-18382;0.006180000;0.474910000
CVE-2020-1838;0.002150000;0.107410000
CVE-2020-18378;0.006100000;0.470930000
CVE-2020-1837;0.002650000;0.165090000
CVE-2020-1836;0.002780000;0.181340000
CVE-2020-1835;0.003790000;0.293010000
CVE-2020-1834;0.001390000;0.027180000
CVE-2020-18336;0.005730000;0.450990000
CVE-2020-18331;0.013030000;0.693520000
CVE-2020-18330;0.010430000;0.626660000
CVE-2020-1833;0.002460000;0.143000000
CVE-2020-18329;0.009340000;0.591730000
CVE-2020-18327;0.008660000;0.570480000
CVE-2020-18326;0.022430000;0.821690000
CVE-2020-18325;0.016440000;0.754640000
CVE-2020-18324;0.021660000;0.815130000
CVE-2020-1832;0.004770000;0.387280000
CVE-2020-1831;0.001960000;0.083520000
CVE-2020-18305;0.007030000;0.513630000
CVE-2020-1830;0.007330000;0.524840000
CVE-2020-1829;0.007450000;0.529140000
CVE-2020-18282;0.005210000;0.419090000
CVE-2020-18280;0.004250000;0.342630000
CVE-2020-1828;0.007450000;0.529130000
CVE-2020-1827;0.007450000;0.529140000
CVE-2020-18268;0.026870000;0.852800000
CVE-2020-18265;0.010540000;0.629870000
CVE-2020-18264;0.010540000;0.629870000
CVE-2020-18263;0.009790000;0.606730000
CVE-2020-18262;0.009880000;0.609650000
CVE-2020-18261;0.013720000;0.708460000
CVE-2020-1826;0.001140000;0.013170000
CVE-2020-18259;0.006410000;0.486370000
CVE-2020-1825;0.006340000;0.482960000
CVE-2020-18243;0.004740000;0.384970000
CVE-2020-1824;0.003210000;0.225290000
CVE-2020-18232;0.010910000;0.640090000
CVE-2020-18230;0.009840000;0.608150000
CVE-2020-1823;0.002540000;0.152320000
CVE-2020-18229;0.009320000;0.591080000
CVE-2020-18221;0.011820000;0.664820000
CVE-2020-18220;0.004120000;0.328140000
CVE-2020-1822;0.002540000;0.152320000
CVE-2020-18215;0.019860000;0.797670000
CVE-2020-1821;0.002540000;0.152320000
CVE-2020-1820;0.002540000;0.152330000
CVE-2020-18198;0.009320000;0.591300000
CVE-2020-18195;0.009320000;0.591300000
CVE-2020-18194;0.015240000;0.736200000
CVE-2020-18191;0.020660000;0.806180000
CVE-2020-18190;0.019610000;0.795110000
CVE-2020-1819;0.002540000;0.152320000
CVE-2020-18185;0.017710000;0.772360000
CVE-2020-18184;0.014380000;0.720860000
CVE-2020-1818;0.002540000;0.152310000
CVE-2020-18178;0.017450000;0.768630000
CVE-2020-18175;0.015080000;0.733650000
CVE-2020-18174;0.012920000;0.691070000
CVE-2020-18173;0.004720000;0.383030000
CVE-2020-18172;0.013400000;0.701650000
CVE-2020-18171;0.003950000;0.310540000
CVE-2020-18170;0.012920000;0.691060000
CVE-2020-1817;0.002310000;0.125600000
CVE-2020-18169;0.004890000;0.396090000
CVE-2020-18167;0.008650000;0.569900000
CVE-2020-18166;0.016840000;0.760520000
CVE-2020-18165;0.009140000;0.584970000
CVE-2020-18164;0.011330000;0.651140000
CVE-2020-1816;0.008630000;0.569230000
CVE-2020-18158;0.006250000;0.478620000
CVE-2020-18157;0.007090000;0.516090000
CVE-2020-18155;0.013380000;0.701150000
CVE-2020-18151;0.004730000;0.383980000
CVE-2020-1815;0.007230000;0.521370000
CVE-2020-18145;0.008240000;0.556370000
CVE-2020-18144;0.011380000;0.652410000
CVE-2020-1814;0.004100000;0.325930000
CVE-2020-18132;0.003920000;0.307290000
CVE-2020-18131;0.004020000;0.318810000
CVE-2020-1813;0.002360000;0.130810000
CVE-2020-18129;0.005980000;0.464960000
CVE-2020-18127;0.011720000;0.661740000
CVE-2020-18126;0.005030000;0.405790000
CVE-2020-18125;0.005740000;0.451580000
CVE-2020-18124;0.003550000;0.266460000
CVE-2020-18123;0.004250000;0.342210000
CVE-2020-18121;0.009690000;0.603500000
CVE-2020-1812;0.005660000;0.447460000
CVE-2020-18116;0.011260000;0.649440000
CVE-2020-18114;0.019430000;0.793330000
CVE-2020-1811;0.011440000;0.653960000
CVE-2020-18106;0.009880000;0.609660000
CVE-2020-18102;0.012460000;0.680820000
CVE-2020-1810;0.004520000;0.367610000
CVE-2020-1809;0.002340000;0.128900000
CVE-2020-18084;0.013150000;0.696100000
CVE-2020-18081;0.011350000;0.651690000
CVE-2020-1808;0.005400000;0.431530000
CVE-2020-18078;0.010110000;0.617060000
CVE-2020-18077;0.011540000;0.657000000
CVE-2020-18070;0.022180000;0.819570000
CVE-2020-1807;0.002330000;0.127260000
CVE-2020-18066;0.005740000;0.451600000
CVE-2020-18065;0.005160000;0.415570000
CVE-2020-1806;0.006210000;0.476250000
CVE-2020-1805;0.006210000;0.476250000
CVE-2020-18048;0.017810000;0.773640000
CVE-2020-1804;0.006210000;0.476250000
CVE-2020-18035;0.010330000;0.623880000
CVE-2020-18032;0.026140000;0.848180000
CVE-2020-1803;0.003220000;0.227450000
CVE-2020-18022;0.012460000;0.680820000
CVE-2020-18020;0.037890000;0.895970000
CVE-2020-1802;0.001510000;0.036340000
CVE-2020-18019;0.015190000;0.735340000
CVE-2020-18013;0.013950000;0.712770000
CVE-2020-1801;0.005910000;0.461060000
CVE-2020-1800;0.005310000;0.425950000
CVE-2020-17999;0.016050000;0.748860000
CVE-2020-1799;0.003660000;0.278810000
CVE-2020-1798;0.002330000;0.127850000
CVE-2020-1797;0.002090000;0.099850000
CVE-2020-1796;0.001970000;0.084270000
CVE-2020-17952;0.024740000;0.838970000
CVE-2020-1795;0.002140000;0.105380000
CVE-2020-1794;0.002450000;0.141380000
CVE-2020-1793;0.002450000;0.141380000
CVE-2020-1792;0.004780000;0.387540000
CVE-2020-1791;0.002090000;0.099850000
CVE-2020-17901;0.004390000;0.356260000
CVE-2020-1790;0.010930000;0.640600000
CVE-2020-17891;0.011800000;0.664140000
CVE-2020-1789;0.002450000;0.141090000
CVE-2020-1788;0.005910000;0.461060000
CVE-2020-1787;0.002620000;0.161830000
CVE-2020-1786;0.002460000;0.142910000
CVE-2020-1785;0.004780000;0.387530000
CVE-2020-1779;0.010040000;0.614820000
CVE-2020-1778;0.006510000;0.491250000
CVE-2020-1777;0.008420000;0.562030000
CVE-2020-1776;0.009180000;0.586530000
CVE-2020-17759;0.034330000;0.885170000
CVE-2020-17753;0.015080000;0.733660000
CVE-2020-17752;0.015790000;0.744970000
CVE-2020-1775;0.008260000;0.557250000
CVE-2020-1774;0.008180000;0.554410000
CVE-2020-1773;0.014560000;0.724270000
CVE-2020-1772;0.015970000;0.747650000
CVE-2020-1771;0.010330000;0.623880000
CVE-2020-1770;0.012650000;0.685370000
CVE-2020-1769;0.012040000;0.670170000
CVE-2020-1768;0.007470000;0.529940000
CVE-2020-1767;0.012030000;0.669870000
CVE-2020-1766;0.012330000;0.677940000
CVE-2020-1765;0.014520000;0.723530000
CVE-2020-1764;0.034680000;0.886330000
CVE-2020-1763;0.034880000;0.887040000
CVE-2020-1762;0.011530000;0.656700000
CVE-2020-1761;0.006330000;0.482520000
CVE-2020-1760;0.015570000;0.741710000
CVE-2020-1759;0.016250000;0.751750000
CVE-2020-1758;0.009050000;0.582340000
CVE-2020-1757;0.015840000;0.745790000
CVE-2020-17564;0.026010000;0.847390000
CVE-2020-17563;0.026010000;0.847390000
CVE-2020-1756;0.009920000;0.610660000
CVE-2020-17551;0.011340000;0.651530000
CVE-2020-1755;0.005370000;0.429490000
CVE-2020-17542;0.008370000;0.560590000
CVE-2020-17541;0.027280000;0.855020000
CVE-2020-1754;0.006410000;0.486420000
CVE-2020-17538;0.019310000;0.791930000
CVE-2020-17534;0.004040000;0.320880000
CVE-2020-17533;0.036990000;0.893360000
CVE-2020-17532;0.032410000;0.878080000
CVE-2020-17531;0.099960000;0.954540000
CVE-2020-17530;0.959310000;0.998730000
CVE-2020-1753;0.005100000;0.411160000
CVE-2020-17529;0.028900000;0.863610000
CVE-2020-17528;0.031720000;0.875360000
CVE-2020-17527;0.246220000;0.978140000
CVE-2020-17526;0.233360000;0.977100000
CVE-2020-17525;0.400750000;0.985880000
CVE-2020-17523;0.859110000;0.997230000
CVE-2020-17522;0.039280000;0.899910000
CVE-2020-17521;0.010270000;0.621910000
CVE-2020-17520;0.013530000;0.704430000
CVE-2020-1752;0.005350000;0.428410000
CVE-2020-17519;0.978090000;0.999050000
CVE-2020-17518;0.500380000;0.988670000
CVE-2020-17517;0.022660000;0.823340000
CVE-2020-17516;0.019310000;0.791950000
CVE-2020-17515;0.162140000;0.968360000
CVE-2020-17514;0.034010000;0.884150000
CVE-2020-17513;0.043770000;0.909410000
CVE-2020-17511;0.026180000;0.848430000
CVE-2020-17510;0.082480000;0.947110000
CVE-2020-1751;0.005370000;0.429730000
CVE-2020-17509;0.017920000;0.774990000
CVE-2020-17508;0.020200000;0.801460000
CVE-2020-17507;0.039900000;0.901540000
CVE-2020-17506;0.939670000;0.998430000
CVE-2020-17505;0.821650000;0.996470000
CVE-2020-17504;0.028480000;0.861590000
CVE-2020-17503;0.028480000;0.861590000
CVE-2020-17502;0.028480000;0.861600000
CVE-2020-17500;0.039380000;0.900190000
CVE-2020-1750;0.008710000;0.571890000
CVE-2020-17498;0.025770000;0.845850000
CVE-2020-17497;0.006940000;0.509960000
CVE-2020-17496;0.877400000;0.997580000
CVE-2020-17495;0.008710000;0.571930000
CVE-2020-17494;0.008100000;0.551840000
CVE-2020-17490;0.004160000;0.333970000
CVE-2020-1749;0.012400000;0.679290000
CVE-2020-17489;0.005530000;0.439700000
CVE-2020-17487;0.018340000;0.780480000
CVE-2020-17485;0.018370000;0.780830000
CVE-2020-17484;0.004890000;0.396060000
CVE-2020-17483;0.008430000;0.562470000
CVE-2020-17482;0.025920000;0.846900000
CVE-2020-17480;0.012480000;0.681370000
CVE-2020-1748;0.014380000;0.720910000
CVE-2020-17479;0.024620000;0.838150000
CVE-2020-17478;0.011350000;0.651580000
CVE-2020-17477;0.003760000;0.289150000
CVE-2020-17476;0.006850000;0.506470000
CVE-2020-17475;0.009250000;0.588540000
CVE-2020-17474;0.011840000;0.665260000
CVE-2020-17473;0.007450000;0.529120000
CVE-2020-17470;0.020980000;0.809260000
CVE-2020-1747;0.054420000;0.924430000
CVE-2020-17469;0.029920000;0.868160000
CVE-2020-17468;0.029920000;0.868150000
CVE-2020-17467;0.030760000;0.871560000
CVE-2020-17466;0.014730000;0.727620000
CVE-2020-17465;0.007170000;0.519000000
CVE-2020-17463;0.896890000;0.997860000
CVE-2020-17462;0.009730000;0.605080000
CVE-2020-1746;0.004090000;0.325510000
CVE-2020-17458;0.006380000;0.484850000
CVE-2020-17457;0.005050000;0.407380000
CVE-2020-17456;0.736350000;0.994570000
CVE-2020-17454;0.007820000;0.542020000
CVE-2020-17453;0.262250000;0.979340000
CVE-2020-17452;0.024290000;0.835870000
CVE-2020-17451;0.006110000;0.471300000
CVE-2020-17450;0.008000000;0.548040000
CVE-2020-1745;0.049570000;0.918740000
CVE-2020-17449;0.005450000;0.434510000
CVE-2020-17448;0.022810000;0.824600000
CVE-2020-17446;0.024170000;0.834960000
CVE-2020-17445;0.028910000;0.863650000
CVE-2020-17444;0.028320000;0.860810000
CVE-2020-17443;0.028320000;0.860820000
CVE-2020-17442;0.030880000;0.872040000
CVE-2020-17441;0.070020000;0.939410000
CVE-2020-17440;0.027940000;0.858790000
CVE-2020-1744;0.011290000;0.650370000
CVE-2020-17439;0.031830000;0.875760000
CVE-2020-17438;0.192940000;0.972560000
CVE-2020-17437;0.028080000;0.859560000
CVE-2020-17436;0.028650000;0.862350000
CVE-2020-17435;0.028650000;0.862350000
CVE-2020-17434;0.028650000;0.862360000
CVE-2020-17433;0.028650000;0.862360000
CVE-2020-17432;0.028650000;0.862360000
CVE-2020-17431;0.037200000;0.893980000
CVE-2020-17430;0.037200000;0.893970000
CVE-2020-17429;0.028480000;0.861610000
CVE-2020-17428;0.026870000;0.852800000
CVE-2020-17427;0.036710000;0.892560000
CVE-2020-17426;0.035340000;0.888350000
CVE-2020-17425;0.036710000;0.892560000
CVE-2020-17424;0.037200000;0.893980000
CVE-2020-17423;0.037200000;0.893980000
CVE-2020-17422;0.027230000;0.854780000
CVE-2020-17421;0.037200000;0.893970000
CVE-2020-17420;0.027230000;0.854780000
CVE-2020-1742;0.002560000;0.154760000
CVE-2020-17419;0.037200000;0.893970000
CVE-2020-17418;0.036470000;0.891860000
CVE-2020-17417;0.090840000;0.951310000
CVE-2020-17416;0.090840000;0.951310000
CVE-2020-17415;0.020590000;0.805350000
CVE-2020-17414;0.019090000;0.789450000
CVE-2020-17413;0.041750000;0.905510000
CVE-2020-17412;0.041750000;0.905510000
CVE-2020-17411;0.031130000;0.872940000
CVE-2020-17410;0.090840000;0.951310000
CVE-2020-1741;0.008760000;0.573440000
CVE-2020-17409;0.006970000;0.510980000
CVE-2020-17408;0.717400000;0.994070000
CVE-2020-17407;0.068120000;0.937880000
CVE-2020-17406;0.053420000;0.923390000
CVE-2020-17405;0.020450000;0.803970000
CVE-2020-17404;0.042770000;0.907500000
CVE-2020-17403;0.042770000;0.907500000
CVE-2020-17402;0.004750000;0.385960000
CVE-2020-17401;0.005530000;0.439100000
CVE-2020-17400;0.005330000;0.427050000
CVE-2020-1740;0.003770000;0.291030000
CVE-2020-17399;0.005330000;0.427040000
CVE-2020-17398;0.005300000;0.424950000
CVE-2020-17397;0.004600000;0.374030000
CVE-2020-17396;0.005330000;0.427050000
CVE-2020-17395;0.004850000;0.392770000
CVE-2020-17394;0.005530000;0.439100000
CVE-2020-17393;0.005300000;0.424950000
CVE-2020-17392;0.005330000;0.427050000
CVE-2020-17391;0.005300000;0.424950000
CVE-2020-17390;0.005310000;0.425800000
CVE-2020-1739;0.003610000;0.273740000
CVE-2020-17389;0.100860000;0.954810000
CVE-2020-17388;0.075430000;0.943040000
CVE-2020-17387;0.100860000;0.954810000
CVE-2020-17386;0.010980000;0.642530000
CVE-2020-17385;0.016020000;0.748290000
CVE-2020-17384;0.019270000;0.791370000
CVE-2020-17383;0.042520000;0.907030000
CVE-2020-17382;0.020750000;0.807010000
CVE-2020-17381;0.003940000;0.310020000
CVE-2020-17380;0.004240000;0.341920000
CVE-2020-1738;0.003990000;0.315530000
CVE-2020-17376;0.017290000;0.766540000
CVE-2020-17373;0.014380000;0.720830000
CVE-2020-17372;0.008170000;0.553970000
CVE-2020-1737;0.003650000;0.277480000
CVE-2020-17368;0.040980000;0.903880000
CVE-2020-17367;0.014640000;0.725680000
CVE-2020-17366;0.007470000;0.529970000
CVE-2020-17365;0.003790000;0.293050000
CVE-2020-17364;0.007840000;0.542580000
CVE-2020-17363;0.045710000;0.912890000
CVE-2020-17362;0.028730000;0.862800000
CVE-2020-17361;0.011780000;0.663840000
CVE-2020-17360;0.011590000;0.658000000
CVE-2020-1736;0.004050000;0.321160000
CVE-2020-17355;0.012090000;0.671740000
CVE-2020-17354;0.004140000;0.331010000
CVE-2020-17353;0.023710000;0.831480000
CVE-2020-17352;0.040980000;0.903890000
CVE-2020-1735;0.004920000;0.397650000
CVE-2020-1734;0.004580000;0.372200000
CVE-2020-1733;0.004030000;0.319440000
CVE-2020-1732;0.006640000;0.497210000
CVE-2020-1731;0.012810000;0.688660000
CVE-2020-1730;0.031420000;0.874100000
CVE-2020-1729;0.002690000;0.171070000
CVE-2020-1728;0.007830000;0.542310000
CVE-2020-1727;0.008010000;0.548520000
CVE-2020-1726;0.018490000;0.782350000
CVE-2020-1725;0.006830000;0.505600000
CVE-2020-1724;0.008220000;0.555810000
CVE-2020-1723;0.010000000;0.613360000
CVE-2020-1722;0.012460000;0.680950000
CVE-2020-1721;0.009810000;0.607370000
CVE-2020-1720;0.011830000;0.664980000
CVE-2020-1719;0.005750000;0.452420000
CVE-2020-1718;0.010040000;0.614710000
CVE-2020-1717;0.007660000;0.536780000
CVE-2020-17163;0.005890000;0.459830000
CVE-2020-17162;0.024320000;0.836060000
CVE-2020-1716;0.012690000;0.686080000
CVE-2020-17159;0.033490000;0.882390000
CVE-2020-17158;0.029690000;0.867120000
CVE-2020-17156;0.031120000;0.872900000
CVE-2020-17153;0.022240000;0.820060000
CVE-2020-17152;0.029690000;0.867120000
CVE-2020-17150;0.031530000;0.874560000
CVE-2020-17148;0.038350000;0.897320000
CVE-2020-17147;0.014020000;0.714340000
CVE-2020-17145;0.014980000;0.731970000
CVE-2020-17144;0.365140000;0.984440000
CVE-2020-17143;0.706320000;0.993740000
CVE-2020-17142;0.033680000;0.883010000
CVE-2020-17141;0.066330000;0.936370000
CVE-2020-17140;0.130980000;0.962260000
CVE-2020-1714;0.026040000;0.847610000
CVE-2020-17139;0.009310000;0.590830000
CVE-2020-17138;0.010640000;0.632780000
CVE-2020-17137;0.007550000;0.532520000
CVE-2020-17136;0.139580000;0.964210000
CVE-2020-17135;0.013330000;0.700020000
CVE-2020-17134;0.012160000;0.673710000
CVE-2020-17133;0.035590000;0.889050000
CVE-2020-17132;0.898970000;0.997900000
CVE-2020-17131;0.018930000;0.787690000
CVE-2020-17130;0.022910000;0.825390000
CVE-2020-17129;0.034610000;0.886090000
CVE-2020-17128;0.027390000;0.855690000
CVE-2020-17127;0.034610000;0.886090000
CVE-2020-17126;0.010510000;0.628780000
CVE-2020-17125;0.034610000;0.886090000
CVE-2020-17124;0.034610000;0.886090000
CVE-2020-17123;0.035870000;0.890090000
CVE-2020-17122;0.035030000;0.887500000
CVE-2020-17121;0.030450000;0.870240000
CVE-2020-17120;0.030950000;0.872330000
CVE-2020-1712;0.004560000;0.370380000
CVE-2020-17119;0.040190000;0.902180000
CVE-2020-17118;0.037910000;0.896010000
CVE-2020-17117;0.488710000;0.988390000
CVE-2020-17115;0.026770000;0.852220000
CVE-2020-17113;0.014850000;0.729750000
CVE-2020-17110;0.040330000;0.902480000
CVE-2020-1711;0.040180000;0.902160000
CVE-2020-17109;0.042660000;0.907310000
CVE-2020-17108;0.040330000;0.902470000
CVE-2020-17107;0.040330000;0.902470000
CVE-2020-17106;0.040330000;0.902480000
CVE-2020-17105;0.036830000;0.892870000
CVE-2020-17104;0.038340000;0.897280000
CVE-2020-17103;0.265270000;0.979480000
CVE-2020-17102;0.011730000;0.662090000
CVE-2020-17101;0.009470000;0.596020000
CVE-2020-17100;0.008130000;0.552770000
CVE-2020-1710;0.011900000;0.666700000
CVE-2020-17099;0.010040000;0.614730000
CVE-2020-17098;0.014020000;0.714310000
CVE-2020-17097;0.010530000;0.629370000
CVE-2020-17096;0.195400000;0.972930000
CVE-2020-17095;0.050270000;0.919620000
CVE-2020-17094;0.014020000;0.714300000
CVE-2020-17092;0.010390000;0.625390000
CVE-2020-17091;0.018780000;0.785770000
CVE-2020-17090;0.033290000;0.881670000
CVE-2020-1709;0.002750000;0.178790000
CVE-2020-17089;0.028920000;0.863720000
CVE-2020-17088;0.008790000;0.574340000
CVE-2020-17087;0.054310000;0.924320000
CVE-2020-17086;0.045960000;0.913280000
CVE-2020-17085;0.036330000;0.891410000
CVE-2020-17084;0.038530000;0.897790000
CVE-2020-17083;0.119810000;0.959900000
CVE-2020-17082;0.029080000;0.864500000
CVE-2020-17081;0.036820000;0.892800000
CVE-2020-1708;0.002800000;0.183120000
CVE-2020-17079;0.030970000;0.872380000
CVE-2020-17078;0.031620000;0.874910000
CVE-2020-17077;0.009630000;0.601200000
CVE-2020-17076;0.008890000;0.577220000
CVE-2020-17075;0.007290000;0.523310000
CVE-2020-17074;0.009830000;0.607970000
CVE-2020-17073;0.009000000;0.580420000
CVE-2020-17071;0.011140000;0.646710000
CVE-2020-17070;0.009010000;0.580940000
CVE-2020-1707;0.002580000;0.156640000
CVE-2020-17069;0.011140000;0.646710000
CVE-2020-17068;0.009760000;0.606040000
CVE-2020-17067;0.032910000;0.880320000
CVE-2020-17066;0.041290000;0.904620000
CVE-2020-17065;0.041290000;0.904610000
CVE-2020-17064;0.034210000;0.884670000
CVE-2020-17063;0.015780000;0.744900000
CVE-2020-17062;0.041290000;0.904620000
CVE-2020-17061;0.042560000;0.907130000
CVE-2020-17060;0.018620000;0.784080000
CVE-2020-1706;0.002450000;0.140720000
CVE-2020-17058;0.030850000;0.871950000
CVE-2020-17057;0.018670000;0.784640000
CVE-2020-17056;0.013080000;0.694400000
CVE-2020-17055;0.028530000;0.861810000
CVE-2020-17054;0.020670000;0.806240000
CVE-2020-17053;0.031710000;0.875310000
CVE-2020-17052;0.026510000;0.850440000
CVE-2020-17051;0.106240000;0.956450000
CVE-2020-1705;0.002600000;0.158830000
CVE-2020-17049;0.137940000;0.963910000
CVE-2020-17048;0.016470000;0.755130000
CVE-2020-17047;0.271010000;0.979850000
CVE-2020-17046;0.014790000;0.728540000
CVE-2020-17045;0.013880000;0.711700000
CVE-2020-17044;0.028530000;0.861810000
CVE-2020-17043;0.028530000;0.861810000
CVE-2020-17042;0.051080000;0.920750000
CVE-2020-17041;0.009920000;0.610560000
CVE-2020-17040;0.026970000;0.853350000
CVE-2020-1704;0.002750000;0.178870000
CVE-2020-17038;0.009960000;0.612110000
CVE-2020-17037;0.009760000;0.606050000
CVE-2020-17036;0.013880000;0.711710000
CVE-2020-17035;0.014230000;0.718020000
CVE-2020-17034;0.009210000;0.587180000
CVE-2020-17033;0.009120000;0.584270000
CVE-2020-17032;0.009120000;0.584270000
CVE-2020-17031;0.009210000;0.587180000
CVE-2020-17030;0.013880000;0.711700000
CVE-2020-17029;0.013880000;0.711700000
CVE-2020-17028;0.009120000;0.584280000
CVE-2020-17027;0.009210000;0.587180000
CVE-2020-17026;0.009310000;0.590740000
CVE-2020-17025;0.009120000;0.584280000
CVE-2020-17024;0.009920000;0.610560000
CVE-2020-17023;0.046190000;0.913670000
CVE-2020-17022;0.038800000;0.898540000
CVE-2020-17021;0.014320000;0.719870000
CVE-2020-17020;0.012600000;0.684040000
CVE-2020-1702;0.006880000;0.507850000
CVE-2020-17019;0.035450000;0.888700000
CVE-2020-17018;0.014320000;0.719870000
CVE-2020-17017;0.038330000;0.897250000
CVE-2020-17016;0.031990000;0.876410000
CVE-2020-17015;0.020490000;0.804360000
CVE-2020-17014;0.009480000;0.596290000
CVE-2020-17013;0.013080000;0.694390000
CVE-2020-17012;0.007850000;0.542810000
CVE-2020-17011;0.010440000;0.626740000
CVE-2020-17010;0.015470000;0.739940000
CVE-2020-1701;0.007460000;0.529790000
CVE-2020-17007;0.007630000;0.535520000
CVE-2020-17006;0.014320000;0.719860000
CVE-2020-17005;0.014320000;0.719870000
CVE-2020-17004;0.013080000;0.694400000
CVE-2020-17003;0.042140000;0.906340000
CVE-2020-17002;0.034910000;0.887130000
CVE-2020-17001;0.009980000;0.612550000
CVE-2020-17000;0.013080000;0.694390000
CVE-2020-1700;0.024200000;0.835140000
CVE-2020-16999;0.013080000;0.694390000
CVE-2020-16998;0.008510000;0.565250000
CVE-2020-16997;0.040290000;0.902370000
CVE-2020-16996;0.023700000;0.831410000
CVE-2020-16995;0.009830000;0.607970000
CVE-2020-16994;0.016420000;0.754360000
CVE-2020-16993;0.008400000;0.561600000
CVE-2020-16992;0.014190000;0.717370000
CVE-2020-16991;0.017020000;0.762920000
CVE-2020-16990;0.014640000;0.725870000
CVE-2020-1699;0.021440000;0.813370000
CVE-2020-16989;0.007110000;0.516640000
CVE-2020-16988;0.007250000;0.522100000
CVE-2020-16987;0.012750000;0.687530000
CVE-2020-16986;0.012700000;0.686260000
CVE-2020-16985;0.017250000;0.766080000
CVE-2020-16984;0.013020000;0.693270000
CVE-2020-16983;0.006730000;0.501440000
CVE-2020-16982;0.012370000;0.678600000
CVE-2020-16981;0.006890000;0.508190000
CVE-2020-16980;0.009000000;0.580600000
CVE-2020-1698;0.003710000;0.284290000
CVE-2020-16979;0.031260000;0.873570000
CVE-2020-16978;0.014320000;0.719860000
CVE-2020-16977;0.033520000;0.882460000
CVE-2020-16976;0.009270000;0.589340000
CVE-2020-16975;0.009080000;0.583270000
CVE-2020-16974;0.009080000;0.583270000
CVE-2020-16973;0.008740000;0.572910000
CVE-2020-16972;0.009080000;0.583260000
CVE-2020-16971;0.038450000;0.897600000
CVE-2020-16970;0.014010000;0.714180000
CVE-2020-1697;0.007580000;0.533750000
CVE-2020-16969;0.027300000;0.855140000
CVE-2020-16968;0.048650000;0.917290000
CVE-2020-16967;0.042140000;0.906340000
CVE-2020-16964;0.011390000;0.652810000
CVE-2020-16963;0.011390000;0.652800000
CVE-2020-16962;0.011390000;0.652800000
CVE-2020-16961;0.012670000;0.685710000
CVE-2020-16960;0.012670000;0.685700000
CVE-2020-1696;0.007640000;0.535880000
CVE-2020-16959;0.011390000;0.652800000
CVE-2020-16958;0.011390000;0.652800000
CVE-2020-16957;0.038710000;0.898310000
CVE-2020-16956;0.014320000;0.719870000
CVE-2020-16955;0.034820000;0.886840000
CVE-2020-16954;0.033230000;0.881490000
CVE-2020-16953;0.038420000;0.897520000
CVE-2020-16952;0.710950000;0.993890000
CVE-2020-16951;0.014260000;0.718820000
CVE-2020-16950;0.041710000;0.905400000
CVE-2020-1695;0.019680000;0.795700000
CVE-2020-16949;0.029680000;0.867100000
CVE-2020-16948;0.038420000;0.897520000
CVE-2020-16947;0.337880000;0.983400000
CVE-2020-16946;0.016120000;0.749740000
CVE-2020-16945;0.016710000;0.758510000
CVE-2020-16944;0.018030000;0.776410000
CVE-2020-16943;0.011180000;0.647740000
CVE-2020-16942;0.008800000;0.574520000
CVE-2020-16941;0.008980000;0.579880000
CVE-2020-16940;0.015530000;0.741220000
CVE-2020-1694;0.016410000;0.754200000
CVE-2020-16939;0.024170000;0.834910000
CVE-2020-16938;0.023340000;0.828830000
CVE-2020-16937;0.032880000;0.880210000
CVE-2020-16936;0.009000000;0.580590000
CVE-2020-16935;0.010030000;0.614560000
CVE-2020-16934;0.026780000;0.852290000
CVE-2020-16933;0.027370000;0.855560000
CVE-2020-16932;0.048240000;0.916650000
CVE-2020-16931;0.048240000;0.916650000
CVE-2020-16930;0.046880000;0.914660000
CVE-2020-1693;0.042680000;0.907360000
CVE-2020-16929;0.036970000;0.893290000
CVE-2020-16928;0.034110000;0.884420000
CVE-2020-16927;0.059210000;0.929920000
CVE-2020-16924;0.041240000;0.904470000
CVE-2020-16923;0.038320000;0.897240000
CVE-2020-16922;0.008060000;0.550560000
CVE-2020-16921;0.012530000;0.682580000
CVE-2020-16920;0.014200000;0.717560000
CVE-2020-1692;0.005720000;0.450610000
CVE-2020-16919;0.012530000;0.682570000
CVE-2020-16918;0.038650000;0.898160000
CVE-2020-16916;0.009760000;0.606050000
CVE-2020-16915;0.098360000;0.953990000
CVE-2020-16914;0.013560000;0.705170000
CVE-2020-16913;0.010000000;0.613370000
CVE-2020-16912;0.009080000;0.583270000
CVE-2020-16911;0.044540000;0.910820000
CVE-2020-16910;0.027870000;0.858510000
CVE-2020-1691;0.006170000;0.474420000
CVE-2020-16909;0.008740000;0.572900000
CVE-2020-16908;0.009550000;0.598400000
CVE-2020-16907;0.010000000;0.613370000
CVE-2020-16905;0.010050000;0.615000000
CVE-2020-16904;0.033730000;0.883170000
CVE-2020-16902;0.009410000;0.594000000
CVE-2020-16901;0.014550000;0.723950000
CVE-2020-16900;0.007120000;0.517120000
CVE-2020-1690;0.002210000;0.113890000
CVE-2020-16899;0.134540000;0.963050000
CVE-2020-16898;0.109400000;0.957430000
CVE-2020-16897;0.012430000;0.680120000
CVE-2020-16896;0.126040000;0.961090000
CVE-2020-16895;0.010300000;0.622620000
CVE-2020-16894;0.049380000;0.918410000
CVE-2020-16892;0.009090000;0.583580000
CVE-2020-16891;0.009450000;0.595110000
CVE-2020-16890;0.010000000;0.613370000
CVE-2020-1689;0.005040000;0.406600000
CVE-2020-16889;0.013560000;0.705180000
CVE-2020-16887;0.009170000;0.586210000
CVE-2020-16886;0.008160000;0.553730000
CVE-2020-16885;0.010210000;0.619690000
CVE-2020-16884;0.018190000;0.778630000
CVE-2020-16881;0.053650000;0.923660000
CVE-2020-1688;0.003180000;0.222710000
CVE-2020-16879;0.010790000;0.636720000
CVE-2020-16878;0.016340000;0.753210000
CVE-2020-16877;0.009580000;0.599210000
CVE-2020-16876;0.009230000;0.588000000
CVE-2020-16875;0.474240000;0.988030000
CVE-2020-16874;0.042850000;0.907640000
CVE-2020-16873;0.039730000;0.901160000
CVE-2020-16872;0.018070000;0.776920000
CVE-2020-16871;0.016340000;0.753210000
CVE-2020-1687;0.004960000;0.400700000
CVE-2020-16864;0.015940000;0.747110000
CVE-2020-16863;0.058470000;0.929240000
CVE-2020-16862;0.033920000;0.883780000
CVE-2020-16861;0.015940000;0.747120000
CVE-2020-16860;0.027410000;0.855790000
CVE-2020-1686;0.013990000;0.713620000
CVE-2020-16859;0.016340000;0.753220000
CVE-2020-16858;0.016340000;0.753220000
CVE-2020-16857;0.026630000;0.851270000
CVE-2020-16856;0.043690000;0.909260000
CVE-2020-16855;0.044250000;0.910160000
CVE-2020-16854;0.012100000;0.671990000
CVE-2020-16853;0.009900000;0.610130000
CVE-2020-16852;0.009340000;0.591740000
CVE-2020-16851;0.009670000;0.602870000
CVE-2020-16850;0.021430000;0.813260000
CVE-2020-1685;0.007600000;0.534590000
CVE-2020-16849;0.011440000;0.653780000
CVE-2020-16847;0.006480000;0.489660000
CVE-2020-16846;0.995850000;0.999460000
CVE-2020-16845;0.047300000;0.915280000
CVE-2020-16844;0.010950000;0.641600000
CVE-2020-16843;0.016740000;0.758940000
CVE-2020-1684;0.010600000;0.631530000
CVE-2020-16839;0.011770000;0.663240000
CVE-2020-1683;0.010620000;0.632120000
CVE-2020-1682;0.003240000;0.229640000
CVE-2020-1681;0.005090000;0.410360000
CVE-2020-1680;0.013120000;0.695300000
CVE-2020-1679;0.012400000;0.679380000
CVE-2020-1678;0.004130000;0.329340000
CVE-2020-1677;0.004250000;0.342220000
CVE-2020-1676;0.008870000;0.576520000
CVE-2020-1675;0.005810000;0.455080000
CVE-2020-1673;0.015560000;0.741640000
CVE-2020-1672;0.010440000;0.626880000
CVE-2020-1671;0.012760000;0.687700000
CVE-2020-1670;0.005250000;0.422250000
CVE-2020-1669;0.002530000;0.151240000
CVE-2020-1668;0.005090000;0.410360000
CVE-2020-1667;0.006900000;0.508460000
CVE-2020-1666;0.003280000;0.233430000
CVE-2020-1665;0.012790000;0.688210000
CVE-2020-1664;0.004250000;0.342420000
CVE-2020-16632;0.005450000;0.434630000
CVE-2020-16630;0.006890000;0.507910000
CVE-2020-16629;0.014410000;0.721310000
CVE-2020-1662;0.012880000;0.690050000
CVE-2020-16610;0.003730000;0.286030000
CVE-2020-1661;0.009980000;0.612530000
CVE-2020-16608;0.045270000;0.912010000
CVE-2020-16602;0.059890000;0.930580000
CVE-2020-16600;0.009620000;0.600750000
CVE-2020-1660;0.007900000;0.544680000
CVE-2020-16599;0.010550000;0.630020000
CVE-2020-16593;0.011950000;0.667960000
CVE-2020-16592;0.010580000;0.630970000
CVE-2020-16591;0.008940000;0.578910000
CVE-2020-16590;0.009540000;0.598160000
CVE-2020-16589;0.011480000;0.654960000
CVE-2020-16588;0.012190000;0.674360000
CVE-2020-16587;0.012550000;0.682860000
CVE-2020-1657;0.012880000;0.690000000
CVE-2020-1656;0.011070000;0.644850000
CVE-2020-1655;0.010370000;0.624910000
CVE-2020-1654;0.022320000;0.820710000
CVE-2020-1653;0.015910000;0.746660000
CVE-2020-1652;0.007440000;0.528790000
CVE-2020-1651;0.004540000;0.369030000
CVE-2020-1650;0.010440000;0.626790000
CVE-2020-1649;0.010750000;0.635830000
CVE-2020-1648;0.012760000;0.687700000
CVE-2020-1647;0.026470000;0.850240000
CVE-2020-1646;0.010140000;0.617940000
CVE-2020-1645;0.006270000;0.479380000
CVE-2020-1644;0.012760000;0.687710000
CVE-2020-1643;0.003390000;0.247910000
CVE-2020-1641;0.003820000;0.295930000
CVE-2020-1640;0.013880000;0.711710000
CVE-2020-1639;0.010910000;0.640270000
CVE-2020-1638;0.013200000;0.697070000
CVE-2020-1637;0.008280000;0.557860000
CVE-2020-1634;0.012840000;0.689210000
CVE-2020-1633;0.005310000;0.425710000
CVE-2020-1632;0.010620000;0.632130000
CVE-2020-16310;0.017750000;0.772950000
CVE-2020-1631;0.048430000;0.916950000
CVE-2020-16309;0.018700000;0.785010000
CVE-2020-16308;0.018700000;0.785020000
CVE-2020-16307;0.017750000;0.772950000
CVE-2020-16306;0.017750000;0.772960000
CVE-2020-16305;0.022520000;0.822280000
CVE-2020-16304;0.019310000;0.791940000
CVE-2020-16303;0.017930000;0.775200000
CVE-2020-16302;0.018700000;0.785010000
CVE-2020-16301;0.019100000;0.789550000
CVE-2020-16300;0.019880000;0.797940000
CVE-2020-1630;0.002210000;0.113950000
CVE-2020-16299;0.018330000;0.780340000
CVE-2020-16298;0.019880000;0.797940000
CVE-2020-16297;0.022580000;0.822730000
CVE-2020-16296;0.020530000;0.804800000
CVE-2020-16295;0.017750000;0.772960000
CVE-2020-16294;0.018700000;0.785000000
CVE-2020-16293;0.017750000;0.772960000
CVE-2020-16292;0.019880000;0.797950000
CVE-2020-16291;0.022580000;0.822730000
CVE-2020-16290;0.019880000;0.797950000
CVE-2020-1629;0.006830000;0.505660000
CVE-2020-16289;0.019880000;0.797940000
CVE-2020-16288;0.019880000;0.797950000
CVE-2020-16287;0.018700000;0.785010000
CVE-2020-16282;0.003690000;0.281430000
CVE-2020-16281;0.003460000;0.255640000
CVE-2020-16280;0.002600000;0.159530000
CVE-2020-1628;0.012950000;0.691730000
CVE-2020-16279;0.023400000;0.829270000
CVE-2020-16278;0.006410000;0.486500000
CVE-2020-16277;0.011800000;0.664240000
CVE-2020-16276;0.011800000;0.664240000
CVE-2020-16275;0.006410000;0.486440000
CVE-2020-16273;0.003450000;0.254980000
CVE-2020-16272;0.027750000;0.858000000
CVE-2020-16271;0.015060000;0.733360000
CVE-2020-16270;0.131120000;0.962290000
CVE-2020-1627;0.013200000;0.697070000
CVE-2020-16269;0.009840000;0.608150000
CVE-2020-16268;0.013400000;0.701740000
CVE-2020-16267;0.433290000;0.986870000
CVE-2020-16266;0.011780000;0.663930000
CVE-2020-16263;0.012070000;0.670930000
CVE-2020-16262;0.004340000;0.351450000
CVE-2020-16261;0.004750000;0.385790000
CVE-2020-16260;0.009340000;0.591830000
CVE-2020-1626;0.013630000;0.706650000
CVE-2020-16259;0.017510000;0.769450000
CVE-2020-16258;0.003930000;0.307790000
CVE-2020-16257;0.036950000;0.893210000
CVE-2020-16256;0.006640000;0.497230000
CVE-2020-16255;0.008470000;0.563840000
CVE-2020-16254;0.007580000;0.533730000
CVE-2020-16253;0.004650000;0.377040000
CVE-2020-16252;0.004260000;0.343670000
CVE-2020-16251;0.028280000;0.860620000
CVE-2020-16250;0.015080000;0.733740000
CVE-2020-1625;0.008100000;0.551980000
CVE-2020-16248;0.026980000;0.853420000
CVE-2020-16247;0.003610000;0.273260000
CVE-2020-16246;0.006880000;0.507700000
CVE-2020-16245;0.077170000;0.944130000
CVE-2020-16244;0.006520000;0.491820000
CVE-2020-16243;0.124190000;0.960720000
CVE-2020-16242;0.007060000;0.514640000
CVE-2020-16241;0.002560000;0.154820000
CVE-2020-16240;0.008980000;0.579980000
CVE-2020-1624;0.003150000;0.219490000
CVE-2020-16239;0.010030000;0.614540000
CVE-2020-16238;0.002490000;0.146000000
CVE-2020-16237;0.003390000;0.247820000
CVE-2020-16236;0.011910000;0.666990000
CVE-2020-16235;0.001000000;0.007890000
CVE-2020-16234;0.012990000;0.692730000
CVE-2020-16233;0.018420000;0.781400000
CVE-2020-16232;0.007370000;0.526440000
CVE-2020-16231;0.008690000;0.571230000
CVE-2020-16230;0.003400000;0.248480000
CVE-2020-1623;0.003150000;0.219490000
CVE-2020-16229;0.029240000;0.865220000
CVE-2020-16228;0.003680000;0.281190000
CVE-2020-16227;0.018720000;0.785220000
CVE-2020-16226;0.022700000;0.823610000
CVE-2020-16225;0.020890000;0.808390000
CVE-2020-16224;0.005940000;0.462260000
CVE-2020-16223;0.022480000;0.822030000
CVE-2020-16222;0.005490000;0.436750000
CVE-2020-16221;0.022480000;0.822030000
CVE-2020-16220;0.002800000;0.183800000
CVE-2020-1622;0.003150000;0.219490000
CVE-2020-16219;0.026410000;0.849890000
CVE-2020-16218;0.006530000;0.492350000
CVE-2020-16217;0.028660000;0.862450000
CVE-2020-16216;0.006980000;0.511690000
CVE-2020-16215;0.039760000;0.901220000
CVE-2020-16214;0.005860000;0.458100000
CVE-2020-16213;0.029850000;0.867820000
CVE-2020-16212;0.003710000;0.284610000
CVE-2020-16211;0.012820000;0.688820000
CVE-2020-16210;0.032330000;0.877780000
CVE-2020-1621;0.003150000;0.219490000
CVE-2020-16209;0.015240000;0.736150000
CVE-2020-16208;0.012380000;0.678890000
CVE-2020-16207;0.037350000;0.894460000
CVE-2020-16206;0.032330000;0.877790000
CVE-2020-16205;0.610920000;0.991330000
CVE-2020-16204;0.054920000;0.924970000
CVE-2020-16203;0.018720000;0.785220000
CVE-2020-16202;0.003800000;0.293690000
CVE-2020-16201;0.014340000;0.720160000
CVE-2020-16200;0.006210000;0.476720000
CVE-2020-1620;0.003150000;0.219480000
CVE-2020-16199;0.094770000;0.952700000
CVE-2020-16198;0.005640000;0.446600000
CVE-2020-16197;0.005480000;0.436510000
CVE-2020-16194;0.012190000;0.674260000
CVE-2020-16193;0.005870000;0.458490000
CVE-2020-16192;0.006650000;0.497860000
CVE-2020-1619;0.003230000;0.228680000
CVE-2020-1618;0.003630000;0.275980000
CVE-2020-16171;0.055050000;0.925110000
CVE-2020-16170;0.018690000;0.784850000
CVE-2020-1617;0.015680000;0.743330000
CVE-2020-16169;0.024360000;0.836330000
CVE-2020-16168;0.006480000;0.489890000
CVE-2020-16167;0.021500000;0.813860000
CVE-2020-16166;0.052710000;0.922690000
CVE-2020-16165;0.012130000;0.673030000
CVE-2020-16164;0.009070000;0.583080000
CVE-2020-16163;0.012720000;0.686870000
CVE-2020-16162;0.007440000;0.529070000
CVE-2020-16161;0.018250000;0.779340000
CVE-2020-16160;0.013090000;0.694730000
CVE-2020-1616;0.014280000;0.719070000
CVE-2020-16159;0.015740000;0.744390000
CVE-2020-16158;0.020240000;0.801970000
CVE-2020-16157;0.144140000;0.965060000
CVE-2020-16156;0.007980000;0.547430000
CVE-2020-16155;0.009640000;0.601390000
CVE-2020-16154;0.007130000;0.517300000
CVE-2020-16152;0.355150000;0.984040000
CVE-2020-16150;0.003840000;0.297850000
CVE-2020-1615;0.017740000;0.772900000
CVE-2020-16148;0.018910000;0.787310000
CVE-2020-16147;0.020350000;0.802950000
CVE-2020-16146;0.013820000;0.710320000
CVE-2020-16145;0.020580000;0.805220000
CVE-2020-16144;0.007970000;0.547250000
CVE-2020-16143;0.004430000;0.359610000
CVE-2020-16142;0.007590000;0.534280000
CVE-2020-16140;0.009340000;0.591940000
CVE-2020-1614;0.013580000;0.705530000
CVE-2020-16139;0.797700000;0.995990000
CVE-2020-16138;0.213600000;0.975280000
CVE-2020-16137;0.193790000;0.972680000
CVE-2020-16136;0.020590000;0.805370000
CVE-2020-16135;0.041050000;0.904070000
CVE-2020-16134;0.008150000;0.553510000
CVE-2020-16131;0.006850000;0.506460000
CVE-2020-1613;0.013200000;0.697070000
CVE-2020-16128;0.003390000;0.247120000
CVE-2020-16127;0.004140000;0.330930000
CVE-2020-16126;0.005410000;0.432090000
CVE-2020-16125;0.011090000;0.645230000
CVE-2020-16124;0.009130000;0.584700000
CVE-2020-16123;0.003180000;0.222450000
CVE-2020-16122;0.003390000;0.247930000
CVE-2020-16121;0.004680000;0.379930000
CVE-2020-16120;0.004120000;0.328460000
CVE-2020-16119;0.004220000;0.339890000
CVE-2020-16118;0.020500000;0.804500000
CVE-2020-16117;0.021230000;0.811480000
CVE-2020-16116;0.017060000;0.763600000
CVE-2020-1611;0.016670000;0.758050000
CVE-2020-16104;0.009110000;0.583910000
CVE-2020-16103;0.022920000;0.825500000
CVE-2020-16102;0.010410000;0.625990000
CVE-2020-16101;0.010440000;0.626840000
CVE-2020-16100;0.010440000;0.626840000
CVE-2020-16099;0.008000000;0.548110000
CVE-2020-16098;0.010890000;0.639580000
CVE-2020-16097;0.003060000;0.210070000
CVE-2020-16096;0.008000000;0.547970000
CVE-2020-16095;0.008690000;0.571300000
CVE-2020-16094;0.017810000;0.773590000
CVE-2020-16093;0.007520000;0.531420000
CVE-2020-16092;0.003770000;0.290680000
CVE-2020-1609;0.009370000;0.592870000
CVE-2020-16088;0.024180000;0.835030000
CVE-2020-16087;0.012790000;0.688110000
CVE-2020-1608;0.013320000;0.699720000
CVE-2020-1607;0.008810000;0.574920000
CVE-2020-1606;0.009310000;0.590550000
CVE-2020-1605;0.008360000;0.560330000
CVE-2020-16048;0.006590000;0.494930000
CVE-2020-16046;0.007600000;0.534740000
CVE-2020-16045;0.010060000;0.615260000
CVE-2020-16044;0.013040000;0.693660000
CVE-2020-16043;0.010790000;0.636620000
CVE-2020-16042;0.008910000;0.577820000
CVE-2020-16041;0.020900000;0.808520000
CVE-2020-16040;0.995950000;0.999460000
CVE-2020-1604;0.008490000;0.564590000
CVE-2020-16039;0.012400000;0.679540000
CVE-2020-16038;0.012400000;0.679540000
CVE-2020-16037;0.012400000;0.679550000
CVE-2020-16036;0.007590000;0.534380000
CVE-2020-16035;0.009960000;0.611920000
CVE-2020-16034;0.004900000;0.397050000
CVE-2020-16033;0.007070000;0.514920000
CVE-2020-16032;0.006560000;0.493760000
CVE-2020-16031;0.006870000;0.507180000
CVE-2020-16030;0.006520000;0.491710000
CVE-2020-1603;0.014050000;0.714770000
CVE-2020-16029;0.009340000;0.591800000
CVE-2020-16028;0.009280000;0.589760000
CVE-2020-16027;0.009310000;0.590730000
CVE-2020-16026;0.009900000;0.610190000
CVE-2020-16025;0.022550000;0.822570000
CVE-2020-16024;0.019250000;0.791230000
CVE-2020-16023;0.008930000;0.578340000
CVE-2020-16022;0.008320000;0.559070000
CVE-2020-16021;0.006310000;0.481250000
CVE-2020-16020;0.008580000;0.567870000
CVE-2020-1602;0.007870000;0.543680000
CVE-2020-16019;0.008660000;0.570170000
CVE-2020-16018;0.009900000;0.610180000
CVE-2020-16017;0.027470000;0.856130000
CVE-2020-16016;0.008560000;0.566980000
CVE-2020-16015;0.009900000;0.610180000
CVE-2020-16014;0.009900000;0.610180000
CVE-2020-16013;0.027510000;0.856270000
CVE-2020-16012;0.025710000;0.845460000
CVE-2020-16011;0.024080000;0.834160000
CVE-2020-16010;0.063630000;0.934140000
CVE-2020-1601;0.010750000;0.635840000
CVE-2020-16009;0.482930000;0.988230000
CVE-2020-16008;0.011510000;0.656270000
CVE-2020-16007;0.002730000;0.176530000
CVE-2020-16006;0.016730000;0.758850000
CVE-2020-16005;0.016730000;0.758840000
CVE-2020-16004;0.015200000;0.735470000
CVE-2020-16003;0.014880000;0.730090000
CVE-2020-16002;0.016550000;0.756150000
CVE-2020-16001;0.015920000;0.746940000
CVE-2020-16000;0.015970000;0.747650000
CVE-2020-1600;0.011960000;0.668250000
CVE-2020-15999;0.443030000;0.987180000
CVE-2020-15998;0.007450000;0.529200000
CVE-2020-15997;0.009210000;0.587270000
CVE-2020-15996;0.008440000;0.562650000
CVE-2020-15995;0.012710000;0.686510000
CVE-2020-15994;0.130730000;0.962220000
CVE-2020-15993;0.011250000;0.649360000
CVE-2020-15992;0.014150000;0.716590000
CVE-2020-15991;0.014520000;0.723480000
CVE-2020-15990;0.014000000;0.714070000
CVE-2020-1599;0.191240000;0.972340000
CVE-2020-15989;0.011270000;0.649930000
CVE-2020-15988;0.012050000;0.670580000
CVE-2020-15987;0.010560000;0.630290000
CVE-2020-15986;0.013350000;0.700280000
CVE-2020-15985;0.016440000;0.754710000
CVE-2020-15984;0.012960000;0.692060000
CVE-2020-15983;0.002900000;0.193140000
CVE-2020-15982;0.013880000;0.711480000
CVE-2020-15981;0.013880000;0.711480000
CVE-2020-15980;0.002460000;0.142950000
CVE-2020-1598;0.009250000;0.588640000
CVE-2020-15979;0.016030000;0.748530000
CVE-2020-15978;0.015130000;0.734510000
CVE-2020-15977;0.014860000;0.729930000
CVE-2020-15976;0.014860000;0.729850000
CVE-2020-15975;0.013780000;0.709730000
CVE-2020-15974;0.014880000;0.730130000
CVE-2020-15973;0.010280000;0.622170000
CVE-2020-15972;0.024820000;0.839530000
CVE-2020-15971;0.013890000;0.711800000
CVE-2020-15970;0.013890000;0.711810000
CVE-2020-1597;0.065610000;0.935840000
CVE-2020-15969;0.017400000;0.767940000
CVE-2020-15968;0.015400000;0.738940000
CVE-2020-15967;0.013890000;0.711810000
CVE-2020-15966;0.013310000;0.699590000
CVE-2020-15965;0.029480000;0.866290000
CVE-2020-15964;0.029420000;0.866010000
CVE-2020-15963;0.014730000;0.727520000
CVE-2020-15962;0.018970000;0.788090000
CVE-2020-15961;0.014730000;0.727520000
CVE-2020-15960;0.018510000;0.782600000
CVE-2020-1596;0.008890000;0.577090000
CVE-2020-15959;0.012410000;0.679640000
CVE-2020-15958;0.032170000;0.877190000
CVE-2020-15957;0.013600000;0.706150000
CVE-2020-15956;0.161580000;0.968240000
CVE-2020-15955;0.009500000;0.596790000
CVE-2020-15954;0.006530000;0.492220000
CVE-2020-15953;0.024130000;0.834600000
CVE-2020-15952;0.020030000;0.799660000
CVE-2020-15951;0.009680000;0.603310000
CVE-2020-15950;0.013140000;0.695620000
CVE-2020-1595;0.019790000;0.796930000
CVE-2020-15949;0.012850000;0.689500000
CVE-2020-15948;0.009120000;0.584410000
CVE-2020-15947;0.010960000;0.641870000
CVE-2020-15945;0.005450000;0.434690000
CVE-2020-15944;0.013480000;0.703310000
CVE-2020-15943;0.020940000;0.808910000
CVE-2020-15942;0.009360000;0.592600000
CVE-2020-15941;0.011460000;0.654350000
CVE-2020-15940;0.007350000;0.525560000
CVE-2020-1594;0.038510000;0.897730000
CVE-2020-15939;0.006460000;0.488760000
CVE-2020-15938;0.007720000;0.538720000
CVE-2020-15937;0.008300000;0.558500000
CVE-2020-15936;0.006510000;0.491430000
CVE-2020-15935;0.005440000;0.433820000
CVE-2020-15934;0.002260000;0.119670000
CVE-2020-15933;0.007680000;0.537310000
CVE-2020-15932;0.029260000;0.865310000
CVE-2020-15931;0.037260000;0.894140000
CVE-2020-15930;0.043770000;0.909410000
CVE-2020-1593;0.028200000;0.860220000
CVE-2020-15929;0.047450000;0.915520000
CVE-2020-15928;0.017290000;0.766580000
CVE-2020-15927;0.433290000;0.986870000
CVE-2020-15926;0.028250000;0.860460000
CVE-2020-15925;0.010960000;0.641870000
CVE-2020-15924;0.018810000;0.786150000
CVE-2020-15923;0.033100000;0.881060000
CVE-2020-15922;0.573260000;0.990480000
CVE-2020-15921;0.182930000;0.971300000
CVE-2020-15920;0.982390000;0.999140000
CVE-2020-1592;0.011910000;0.666960000
CVE-2020-15919;0.009430000;0.594590000
CVE-2020-15918;0.005570000;0.441400000
CVE-2020-15917;0.026140000;0.848160000
CVE-2020-15916;0.034290000;0.885000000
CVE-2020-15914;0.006350000;0.483260000
CVE-2020-15912;0.011900000;0.666760000
CVE-2020-15910;0.055910000;0.926220000
CVE-2020-1591;0.015070000;0.733560000
CVE-2020-15909;0.022220000;0.819910000
CVE-2020-15908;0.017300000;0.766600000
CVE-2020-15907;0.006990000;0.512030000
CVE-2020-15906;0.271600000;0.979880000
CVE-2020-15904;0.010500000;0.628440000
CVE-2020-15903;0.047510000;0.915620000
CVE-2020-15902;0.351350000;0.983910000
CVE-2020-15901;0.218690000;0.975720000
CVE-2020-15900;0.051860000;0.921700000
CVE-2020-1590;0.008370000;0.560550000
CVE-2020-15899;0.007540000;0.532190000
CVE-2020-15898;0.009870000;0.609120000
CVE-2020-15897;0.012760000;0.687660000
CVE-2020-15896;0.017200000;0.765440000
CVE-2020-15895;0.028480000;0.861600000
CVE-2020-15894;0.016880000;0.761130000
CVE-2020-15893;0.208560000;0.974770000
CVE-2020-15892;0.016380000;0.753780000
CVE-2020-15890;0.028860000;0.863350000
CVE-2020-1589;0.013110000;0.695140000
CVE-2020-15889;0.022320000;0.820730000
CVE-2020-15888;0.024350000;0.836270000
CVE-2020-15887;0.012620000;0.684550000
CVE-2020-15886;0.012620000;0.684550000
CVE-2020-15885;0.009360000;0.592240000
CVE-2020-15884;0.012340000;0.678100000
CVE-2020-15883;0.011610000;0.658810000
CVE-2020-15882;0.006190000;0.475210000
CVE-2020-15881;0.011610000;0.658810000
CVE-2020-15879;0.026990000;0.853460000
CVE-2020-15878;0.004550000;0.369790000
CVE-2020-15877;0.019180000;0.790430000
CVE-2020-15876;0.003420000;0.251290000
CVE-2020-15875;0.003410000;0.250360000
CVE-2020-15874;0.011230000;0.648660000
CVE-2020-15873;0.022200000;0.819740000
CVE-2020-15871;0.022330000;0.820820000
CVE-2020-15870;0.006770000;0.503150000
CVE-2020-1587;0.008560000;0.567270000
CVE-2020-15869;0.006770000;0.503140000
CVE-2020-15868;0.011430000;0.653720000
CVE-2020-15867;0.874160000;0.997520000
CVE-2020-15866;0.020870000;0.808140000
CVE-2020-15865;0.051160000;0.920830000
CVE-2020-15864;0.007000000;0.512660000
CVE-2020-15863;0.004770000;0.387100000
CVE-2020-15862;0.003790000;0.292540000
CVE-2020-15861;0.004550000;0.369610000
CVE-2020-15860;0.040090000;0.901970000
CVE-2020-15859;0.004400000;0.357540000
CVE-2020-15858;0.007860000;0.543240000
CVE-2020-15855;0.004360000;0.353880000
CVE-2020-15853;0.006580000;0.494700000
CVE-2020-15852;0.003380000;0.246010000
CVE-2020-15851;0.015390000;0.738700000
CVE-2020-15850;0.005220000;0.419560000
CVE-2020-1585;0.049260000;0.918190000
CVE-2020-15849;0.027440000;0.855960000
CVE-2020-15843;0.003980000;0.314150000
CVE-2020-15842;0.017930000;0.775180000
CVE-2020-15841;0.015140000;0.734630000
CVE-2020-15840;0.012170000;0.673910000
CVE-2020-1584;0.009010000;0.580950000
CVE-2020-15839;0.021640000;0.814970000
CVE-2020-15838;0.012350000;0.678230000
CVE-2020-15836;0.022120000;0.819100000
CVE-2020-15835;0.016660000;0.757760000
CVE-2020-15834;0.011140000;0.646450000
CVE-2020-15833;0.016480000;0.755290000
CVE-2020-15832;0.011100000;0.645520000
CVE-2020-15831;0.006480000;0.489900000
CVE-2020-15830;0.007740000;0.539520000
CVE-2020-1583;0.049060000;0.917930000
CVE-2020-15829;0.009330000;0.591460000
CVE-2020-15828;0.010740000;0.635620000
CVE-2020-15827;0.006910000;0.509000000
CVE-2020-15826;0.005500000;0.437810000
CVE-2020-15825;0.010680000;0.634060000
CVE-2020-15824;0.018480000;0.782220000
CVE-2020-15823;0.019600000;0.795000000
CVE-2020-15822;0.014170000;0.717040000
CVE-2020-15821;0.009340000;0.591940000
CVE-2020-15820;0.014480000;0.722580000
CVE-2020-1582;0.026780000;0.852300000
CVE-2020-15819;0.014440000;0.721910000
CVE-2020-15818;0.014480000;0.722580000
CVE-2020-15817;0.020380000;0.803150000
CVE-2020-15816;0.040940000;0.903820000
CVE-2020-15813;0.007790000;0.541010000
CVE-2020-15811;0.042350000;0.906720000
CVE-2020-15810;0.025260000;0.842490000
CVE-2020-1581;0.037170000;0.893890000
CVE-2020-15809;0.009380000;0.593310000
CVE-2020-15807;0.014950000;0.731280000
CVE-2020-15806;0.020470000;0.804180000
CVE-2020-15803;0.323040000;0.982720000
CVE-2020-15802;0.070790000;0.940010000
CVE-2020-15801;0.034550000;0.885900000
CVE-2020-15800;0.016520000;0.755730000
CVE-2020-1580;0.015860000;0.746020000
CVE-2020-15799;0.010800000;0.636990000
CVE-2020-15798;0.052180000;0.922150000
CVE-2020-15797;0.003840000;0.297930000
CVE-2020-15796;0.016100000;0.749520000
CVE-2020-15795;0.063660000;0.934170000
CVE-2020-15794;0.007740000;0.539330000
CVE-2020-15793;0.007360000;0.526190000
CVE-2020-15792;0.009950000;0.611490000
CVE-2020-15791;0.007180000;0.519450000
CVE-2020-15790;0.009010000;0.580760000
CVE-2020-1579;0.008560000;0.567260000
CVE-2020-15789;0.004910000;0.397580000
CVE-2020-15788;0.006710000;0.499970000
CVE-2020-15787;0.014770000;0.728190000
CVE-2020-15786;0.014890000;0.730420000
CVE-2020-15785;0.006230000;0.477340000
CVE-2020-15784;0.005670000;0.447930000
CVE-2020-15783;0.016660000;0.757850000
CVE-2020-15782;0.051840000;0.921680000
CVE-2020-15781;0.010020000;0.614080000
CVE-2020-15780;0.013680000;0.707540000
CVE-2020-1578;0.009400000;0.593730000
CVE-2020-15779;0.015810000;0.745220000
CVE-2020-15778;0.129960000;0.961980000
CVE-2020-15777;0.010470000;0.627700000
CVE-2020-15776;0.020480000;0.804300000
CVE-2020-15775;0.012170000;0.673810000
CVE-2020-15774;0.003430000;0.252460000
CVE-2020-15773;0.004220000;0.340240000
CVE-2020-15772;0.012480000;0.681540000
CVE-2020-15771;0.010360000;0.624460000
CVE-2020-15770;0.002660000;0.166100000
CVE-2020-1577;0.070870000;0.940070000
CVE-2020-15769;0.006550000;0.493320000
CVE-2020-15768;0.016770000;0.759390000
CVE-2020-15767;0.005420000;0.432590000
CVE-2020-1576;0.016090000;0.749340000
CVE-2020-1575;0.016340000;0.753220000
CVE-2020-15744;0.014120000;0.716070000
CVE-2020-1574;0.026140000;0.848170000
CVE-2020-15734;0.001570000;0.041660000
CVE-2020-15733;0.005730000;0.451260000
CVE-2020-15732;0.005420000;0.432660000
CVE-2020-15731;0.005340000;0.427820000
CVE-2020-1573;0.018820000;0.786230000
CVE-2020-15724;0.006080000;0.469810000
CVE-2020-15723;0.004780000;0.388050000
CVE-2020-15722;0.004320000;0.350390000
CVE-2020-15721;0.014670000;0.726630000
CVE-2020-15720;0.010090000;0.616270000
CVE-2020-15719;0.025150000;0.841800000
CVE-2020-15718;0.063540000;0.934070000
CVE-2020-15717;0.015110000;0.734200000
CVE-2020-15716;0.055570000;0.925750000
CVE-2020-15715;0.042020000;0.906060000
CVE-2020-15714;0.027910000;0.858640000
CVE-2020-15713;0.027910000;0.858640000
CVE-2020-15712;0.015640000;0.742720000
CVE-2020-15711;0.004940000;0.399790000
CVE-2020-15710;0.002980000;0.201370000
CVE-2020-1571;0.010760000;0.636010000
CVE-2020-15709;0.003130000;0.216670000
CVE-2020-15708;0.004000000;0.316200000
CVE-2020-15707;0.015880000;0.746290000
CVE-2020-15706;0.009770000;0.606330000
CVE-2020-15705;0.013920000;0.712370000
CVE-2020-15704;0.003640000;0.276360000
CVE-2020-15703;0.004900000;0.396600000
CVE-2020-15702;0.004980000;0.402200000
CVE-2020-15701;0.004320000;0.350030000
CVE-2020-15700;0.005170000;0.416570000
CVE-2020-1570;0.088390000;0.950260000
CVE-2020-15699;0.005820000;0.455940000
CVE-2020-15698;0.014360000;0.720560000
CVE-2020-15697;0.008760000;0.573460000
CVE-2020-15696;0.027780000;0.858160000
CVE-2020-15695;0.005170000;0.416570000
CVE-2020-15694;0.023310000;0.828590000
CVE-2020-15693;0.020480000;0.804250000
CVE-2020-15692;0.042050000;0.906140000
CVE-2020-15690;0.031800000;0.875650000
CVE-2020-1569;0.029840000;0.867770000
CVE-2020-15689;0.013280000;0.698730000
CVE-2020-15688;0.040390000;0.902590000
CVE-2020-15687;0.016840000;0.760590000
CVE-2020-15685;0.008480000;0.564210000
CVE-2020-15684;0.013450000;0.702620000
CVE-2020-15683;0.026740000;0.852040000
CVE-2020-15682;0.004800000;0.389620000
CVE-2020-15681;0.010910000;0.640220000
CVE-2020-15680;0.009470000;0.596050000
CVE-2020-1568;0.031100000;0.872840000
CVE-2020-15679;0.004690000;0.380870000
CVE-2020-15678;0.018820000;0.786300000
CVE-2020-15677;0.016570000;0.756370000
CVE-2020-15676;0.015940000;0.747150000
CVE-2020-15675;0.010130000;0.617730000
CVE-2020-15674;0.008060000;0.550570000
CVE-2020-15673;0.019610000;0.795070000
CVE-2020-15671;0.004880000;0.395430000
CVE-2020-15670;0.010710000;0.634730000
CVE-2020-1567;0.036660000;0.892440000
CVE-2020-15669;0.011190000;0.647910000
CVE-2020-15668;0.005350000;0.428350000
CVE-2020-15667;0.016470000;0.754980000
CVE-2020-15666;0.012280000;0.676700000
CVE-2020-15665;0.006860000;0.506880000
CVE-2020-15664;0.013780000;0.709700000
CVE-2020-15663;0.027160000;0.854420000
CVE-2020-15662;0.006740000;0.501840000
CVE-2020-15661;0.008450000;0.563310000
CVE-2020-15660;0.011290000;0.650280000
CVE-2020-1566;0.016840000;0.760570000
CVE-2020-15659;0.023910000;0.832910000
CVE-2020-15658;0.013880000;0.711520000
CVE-2020-15657;0.003530000;0.264100000
CVE-2020-15656;0.015110000;0.734120000
CVE-2020-15655;0.015200000;0.735500000
CVE-2020-15654;0.014230000;0.718190000
CVE-2020-15653;0.013970000;0.713150000
CVE-2020-15652;0.012630000;0.685030000
CVE-2020-15651;0.005820000;0.455740000
CVE-2020-15650;0.006350000;0.483120000
CVE-2020-1565;0.025080000;0.841220000
CVE-2020-15649;0.007210000;0.520580000
CVE-2020-15648;0.011420000;0.653520000
CVE-2020-15647;0.011000000;0.642940000
CVE-2020-15646;0.009610000;0.600520000
CVE-2020-15645;0.106780000;0.956610000
CVE-2020-15644;0.092550000;0.951920000
CVE-2020-15643;0.586530000;0.990760000
CVE-2020-15642;0.072440000;0.941240000
CVE-2020-15641;0.032170000;0.877200000
CVE-2020-15640;0.032170000;0.877200000
CVE-2020-1564;0.040330000;0.902480000
CVE-2020-15639;0.115490000;0.958900000
CVE-2020-15638;0.061110000;0.931840000
CVE-2020-15637;0.040740000;0.903340000
CVE-2020-15636;0.085360000;0.948730000
CVE-2020-15635;0.026440000;0.850060000
CVE-2020-15634;0.013860000;0.711060000
CVE-2020-15633;0.027680000;0.857390000
CVE-2020-15632;0.033190000;0.881360000
CVE-2020-15631;0.029420000;0.865960000
CVE-2020-15630;0.039610000;0.900850000
CVE-2020-1563;0.031690000;0.875190000
CVE-2020-15629;0.051430000;0.921160000
CVE-2020-15628;0.038300000;0.897170000
CVE-2020-15627;0.038300000;0.897190000
CVE-2020-15626;0.038300000;0.897180000
CVE-2020-15625;0.038300000;0.897190000
CVE-2020-15624;0.040100000;0.902000000
CVE-2020-15623;0.083350000;0.947650000
CVE-2020-15622;0.038300000;0.897180000
CVE-2020-15621;0.038300000;0.897170000
CVE-2020-15620;0.040100000;0.901990000
CVE-2020-1562;0.040330000;0.902470000
CVE-2020-15619;0.038300000;0.897180000
CVE-2020-15618;0.038300000;0.897180000
CVE-2020-15617;0.038300000;0.897190000
CVE-2020-15616;0.040100000;0.902000000
CVE-2020-15615;0.080830000;0.946150000
CVE-2020-15614;0.080830000;0.946160000
CVE-2020-15613;0.080830000;0.946160000
CVE-2020-15612;0.084110000;0.948040000
CVE-2020-15611;0.083160000;0.947480000
CVE-2020-15610;0.080830000;0.946160000
CVE-2020-1561;0.042640000;0.907270000
CVE-2020-15609;0.080830000;0.946170000
CVE-2020-15608;0.080830000;0.946140000
CVE-2020-15607;0.080830000;0.946150000
CVE-2020-15606;0.080830000;0.946150000
CVE-2020-15605;0.026120000;0.848110000
CVE-2020-15604;0.016180000;0.750650000
CVE-2020-15603;0.012280000;0.676560000
CVE-2020-15602;0.010100000;0.616470000
CVE-2020-15601;0.026120000;0.848110000
CVE-2020-15600;0.018990000;0.788350000
CVE-2020-1560;0.014700000;0.727160000
CVE-2020-15599;0.021140000;0.810680000
CVE-2020-15598;0.031790000;0.875600000
CVE-2020-15597;0.005390000;0.430790000
CVE-2020-15596;0.004650000;0.377360000
CVE-2020-15595;0.022070000;0.818650000
CVE-2020-15594;0.017720000;0.772500000
CVE-2020-15593;0.004220000;0.339790000
CVE-2020-15592;0.018550000;0.783210000
CVE-2020-15591;0.040580000;0.903000000
CVE-2020-15590;0.025120000;0.841500000
CVE-2020-1559;0.009310000;0.590770000
CVE-2020-15589;0.082870000;0.947320000
CVE-2020-15588;0.126660000;0.961220000
CVE-2020-15586;0.029060000;0.864430000
CVE-2020-15584;0.002740000;0.177470000
CVE-2020-15583;0.002130000;0.104190000
CVE-2020-15582;0.002680000;0.169430000
CVE-2020-15581;0.003400000;0.249480000
CVE-2020-15580;0.001300000;0.021860000
CVE-2020-1558;0.041790000;0.905610000
CVE-2020-15579;0.003640000;0.276230000
CVE-2020-15578;0.001180000;0.015490000
CVE-2020-15577;0.001310000;0.022100000
CVE-2020-15576;0.015480000;0.740090000
CVE-2020-15575;0.015050000;0.733160000
CVE-2020-15574;0.015220000;0.735720000
CVE-2020-15573;0.015050000;0.733160000
CVE-2020-15572;0.014040000;0.714630000
CVE-2020-15570;0.010760000;0.636020000
CVE-2020-1557;0.039300000;0.900000000
CVE-2020-15569;0.007460000;0.529650000
CVE-2020-15568;0.289840000;0.981020000
CVE-2020-15567;0.002760000;0.179830000
CVE-2020-15566;0.004090000;0.325400000
CVE-2020-15565;0.003670000;0.279410000
CVE-2020-15564;0.003980000;0.313980000
CVE-2020-15563;0.004130000;0.329450000
CVE-2020-15562;0.021070000;0.810080000
CVE-2020-1556;0.009310000;0.590750000
CVE-2020-1555;0.045100000;0.911740000
CVE-2020-15543;0.016320000;0.752710000
CVE-2020-15542;0.016320000;0.752710000
CVE-2020-15541;0.069720000;0.939110000
CVE-2020-15540;0.017620000;0.771030000
CVE-2020-1554;0.034630000;0.886140000
CVE-2020-15539;0.017620000;0.771030000
CVE-2020-15538;0.008560000;0.567310000
CVE-2020-15537;0.011670000;0.660330000
CVE-2020-15536;0.011670000;0.660330000
CVE-2020-15535;0.011670000;0.660330000
CVE-2020-15533;0.042030000;0.906100000
CVE-2020-15532;0.011780000;0.663750000
CVE-2020-15531;0.031580000;0.874790000
CVE-2020-15530;0.005450000;0.434380000
CVE-2020-1553;0.007380000;0.526980000
CVE-2020-15529;0.010160000;0.618500000
CVE-2020-15528;0.013400000;0.701620000
CVE-2020-15526;0.004990000;0.402740000
CVE-2020-15525;0.010590000;0.631310000
CVE-2020-15523;0.009190000;0.586640000
CVE-2020-15522;0.015220000;0.735860000
CVE-2020-15521;0.016930000;0.761720000
CVE-2020-1552;0.023550000;0.830450000
CVE-2020-15518;0.009940000;0.611140000
CVE-2020-15517;0.005550000;0.440710000
CVE-2020-15516;0.003670000;0.280020000
CVE-2020-15515;0.019240000;0.791080000
CVE-2020-15514;0.005550000;0.440710000
CVE-2020-15513;0.008470000;0.563810000
CVE-2020-15511;0.008520000;0.565580000
CVE-2020-1551;0.007950000;0.546570000
CVE-2020-15509;0.005400000;0.431450000
CVE-2020-15507;0.022440000;0.821760000
CVE-2020-15506;0.028160000;0.859980000
CVE-2020-15505;0.997370000;0.999530000
CVE-2020-15504;0.021180000;0.811090000
CVE-2020-15503;0.036720000;0.892570000
CVE-2020-15502;0.015330000;0.737670000
CVE-2020-15501;0.010970000;0.642410000
CVE-2020-15500;0.122240000;0.960350000
CVE-2020-1550;0.008560000;0.567270000
CVE-2020-15499;0.006490000;0.490030000
CVE-2020-15498;0.004210000;0.338950000
CVE-2020-15497;0.012610000;0.684300000
CVE-2020-15496;0.002230000;0.116760000
CVE-2020-15495;0.002560000;0.154880000
CVE-2020-15492;0.165850000;0.969090000
CVE-2020-15490;0.037300000;0.894300000
CVE-2020-1549;0.009760000;0.606040000
CVE-2020-15489;0.036990000;0.893320000
CVE-2020-15488;0.009840000;0.608110000
CVE-2020-15487;0.036900000;0.893080000
CVE-2020-15486;0.005080000;0.409710000
CVE-2020-15485;0.001910000;0.078950000
CVE-2020-15484;0.008320000;0.559170000
CVE-2020-15483;0.004240000;0.341770000
CVE-2020-15482;0.002000000;0.089110000
CVE-2020-15481;0.006700000;0.499910000
CVE-2020-15480;0.006320000;0.481800000
CVE-2020-1548;0.011830000;0.665090000
CVE-2020-15479;0.006770000;0.502900000
CVE-2020-15478;0.046890000;0.914670000
CVE-2020-15477;0.049670000;0.918870000
CVE-2020-15476;0.021130000;0.810590000
CVE-2020-15475;0.012390000;0.679140000
CVE-2020-15474;0.011980000;0.668820000
CVE-2020-15473;0.012880000;0.690070000
CVE-2020-15472;0.014770000;0.728200000
CVE-2020-15471;0.012880000;0.690070000
CVE-2020-15470;0.006500000;0.491110000
CVE-2020-1547;0.009200000;0.586880000
CVE-2020-15469;0.004290000;0.345890000
CVE-2020-15468;0.027270000;0.854970000
CVE-2020-15467;0.031530000;0.874580000
CVE-2020-15466;0.030050000;0.868770000
CVE-2020-1546;0.009120000;0.584270000
CVE-2020-1545;0.009120000;0.584240000
CVE-2020-1544;0.009120000;0.584240000
CVE-2020-15437;0.004320000;0.348970000
CVE-2020-15436;0.009280000;0.589780000
CVE-2020-15435;0.084110000;0.948040000
CVE-2020-15434;0.084110000;0.948040000
CVE-2020-15433;0.080830000;0.946150000
CVE-2020-15432;0.080830000;0.946170000
CVE-2020-15431;0.080830000;0.946130000
CVE-2020-15430;0.080830000;0.946120000
CVE-2020-1543;0.007950000;0.546550000
CVE-2020-15429;0.084110000;0.948040000
CVE-2020-15428;0.080830000;0.946140000
CVE-2020-15427;0.080830000;0.946120000
CVE-2020-15426;0.080830000;0.946120000
CVE-2020-15425;0.080830000;0.946160000
CVE-2020-15424;0.080830000;0.946140000
CVE-2020-15423;0.080830000;0.946130000
CVE-2020-15422;0.084110000;0.948050000
CVE-2020-15421;0.080830000;0.946130000
CVE-2020-15420;0.080830000;0.946140000
CVE-2020-1542;0.007950000;0.546550000
CVE-2020-15419;0.597860000;0.991030000
CVE-2020-15418;0.094020000;0.952450000
CVE-2020-15417;0.012850000;0.689460000
CVE-2020-15416;0.064190000;0.934590000
CVE-2020-15415;0.844800000;0.996950000
CVE-2020-15412;0.006850000;0.506490000
CVE-2020-15411;0.014610000;0.725250000
CVE-2020-1541;0.009120000;0.584250000
CVE-2020-15408;0.007700000;0.538090000
CVE-2020-15401;0.003810000;0.295130000
CVE-2020-15400;0.004460000;0.362930000
CVE-2020-1540;0.009120000;0.584250000
CVE-2020-15397;0.005380000;0.429810000
CVE-2020-15396;0.003870000;0.301840000
CVE-2020-15395;0.010830000;0.638090000
CVE-2020-15394;0.078740000;0.945060000
CVE-2020-15393;0.004500000;0.365510000
CVE-2020-15392;0.012080000;0.671450000
CVE-2020-15391;0.027160000;0.854420000
CVE-2020-15390;0.013480000;0.703380000
CVE-2020-1539;0.009120000;0.584260000
CVE-2020-15389;0.025950000;0.847110000
CVE-2020-15388;0.007030000;0.513690000
CVE-2020-15387;0.004910000;0.397360000
CVE-2020-15386;0.009550000;0.598370000
CVE-2020-15385;0.005420000;0.432680000
CVE-2020-15384;0.005060000;0.407870000
CVE-2020-15383;0.009900000;0.610110000
CVE-2020-15382;0.008630000;0.569480000
CVE-2020-15381;0.010330000;0.623340000
CVE-2020-15380;0.009860000;0.608870000
CVE-2020-1538;0.007950000;0.546570000
CVE-2020-15379;0.012710000;0.686510000
CVE-2020-15378;0.007930000;0.545940000
CVE-2020-15377;0.011560000;0.657340000
CVE-2020-15376;0.008800000;0.574660000
CVE-2020-15375;0.003080000;0.212110000
CVE-2020-15374;0.012240000;0.675710000
CVE-2020-15373;0.023670000;0.831240000
CVE-2020-15372;0.003380000;0.246470000
CVE-2020-15371;0.012690000;0.686010000
CVE-2020-15370;0.010460000;0.627470000
CVE-2020-1537;0.007950000;0.546560000
CVE-2020-15369;0.010020000;0.613990000
CVE-2020-15368;0.013600000;0.706010000
CVE-2020-15367;0.019870000;0.797860000
CVE-2020-15366;0.023130000;0.827220000
CVE-2020-15365;0.013260000;0.698380000
CVE-2020-15364;0.037290000;0.894290000
CVE-2020-15363;0.059010000;0.929730000
CVE-2020-15362;0.025330000;0.843000000
CVE-2020-15360;0.006810000;0.504630000
CVE-2020-1536;0.007950000;0.546570000
CVE-2020-15358;0.010270000;0.621640000
CVE-2020-15357;0.042630000;0.907220000
CVE-2020-15352;0.032000000;0.876430000
CVE-2020-15351;0.002900000;0.193010000
CVE-2020-15350;0.014750000;0.727790000
CVE-2020-1535;0.009120000;0.584260000
CVE-2020-15349;0.007430000;0.528420000
CVE-2020-15348;0.017510000;0.769400000
CVE-2020-15347;0.013070000;0.694200000
CVE-2020-15346;0.005720000;0.450510000
CVE-2020-15345;0.005680000;0.448320000
CVE-2020-15344;0.005680000;0.448320000
CVE-2020-15343;0.005800000;0.454670000
CVE-2020-15342;0.005620000;0.444750000
CVE-2020-15341;0.010590000;0.631180000
CVE-2020-15340;0.007380000;0.526940000
CVE-2020-1534;0.026780000;0.852300000
CVE-2020-15339;0.007140000;0.517860000
CVE-2020-15338;0.007590000;0.534270000
CVE-2020-15337;0.007900000;0.544730000
CVE-2020-15336;0.009340000;0.591700000
CVE-2020-15335;0.009340000;0.591710000
CVE-2020-15334;0.007840000;0.542680000
CVE-2020-15333;0.009520000;0.597610000
CVE-2020-15332;0.008910000;0.577940000
CVE-2020-15331;0.008910000;0.577940000
CVE-2020-15330;0.005720000;0.450510000
CVE-2020-1533;0.009120000;0.584240000
CVE-2020-15329;0.008490000;0.564440000
CVE-2020-15328;0.008490000;0.564440000
CVE-2020-15327;0.009630000;0.601290000
CVE-2020-15326;0.005300000;0.424780000
CVE-2020-15325;0.005720000;0.450510000
CVE-2020-15324;0.012500000;0.682010000
CVE-2020-15323;0.012500000;0.682010000
CVE-2020-15322;0.012500000;0.682010000
CVE-2020-15321;0.012500000;0.682000000
CVE-2020-15320;0.012500000;0.682000000
CVE-2020-1532;0.009310000;0.590760000
CVE-2020-15319;0.009970000;0.612160000
CVE-2020-15318;0.009970000;0.612160000
CVE-2020-15317;0.009760000;0.606110000
CVE-2020-15316;0.009760000;0.606100000
CVE-2020-15315;0.009760000;0.606100000
CVE-2020-15314;0.009760000;0.606110000
CVE-2020-15313;0.009760000;0.606100000
CVE-2020-15312;0.009760000;0.606110000
CVE-2020-1531;0.026780000;0.852310000
CVE-2020-15309;0.003400000;0.249070000
CVE-2020-15308;0.010750000;0.635710000
CVE-2020-15307;0.006860000;0.506870000
CVE-2020-15306;0.004640000;0.376980000
CVE-2020-15305;0.004170000;0.335240000
CVE-2020-15304;0.003990000;0.315500000
CVE-2020-15303;0.008570000;0.567470000
CVE-2020-15302;0.008760000;0.573370000
CVE-2020-15301;0.007930000;0.546020000
CVE-2020-15300;0.007070000;0.515250000
CVE-2020-1530;0.010070000;0.615550000
CVE-2020-15299;0.469600000;0.987930000
CVE-2020-15297;0.008590000;0.568150000
CVE-2020-15294;0.003020000;0.205590000
CVE-2020-15293;0.002750000;0.178280000
CVE-2020-15292;0.002750000;0.178270000
CVE-2020-1529;0.009010000;0.580950000
CVE-2020-1528;0.024420000;0.836700000
CVE-2020-15279;0.004740000;0.385080000
CVE-2020-15278;0.010870000;0.639370000
CVE-2020-15277;0.023110000;0.827080000
CVE-2020-15276;0.010020000;0.614130000
CVE-2020-15275;0.017460000;0.768720000
CVE-2020-15274;0.007650000;0.536200000
CVE-2020-15273;0.010290000;0.622230000
CVE-2020-15272;0.011750000;0.662960000
CVE-2020-15271;0.023100000;0.826950000
CVE-2020-15270;0.011650000;0.659880000
CVE-2020-1527;0.009480000;0.596170000
CVE-2020-15269;0.010640000;0.632560000
CVE-2020-15266;0.009400000;0.593610000
CVE-2020-15265;0.009080000;0.583330000
CVE-2020-15264;0.015510000;0.740900000
CVE-2020-15263;0.007480000;0.530320000
CVE-2020-15262;0.005190000;0.418110000
CVE-2020-15261;0.112550000;0.958260000
CVE-2020-15260;0.009870000;0.609170000
CVE-2020-1526;0.007950000;0.546580000
CVE-2020-15259;0.009720000;0.604480000
CVE-2020-15258;0.020850000;0.808030000
CVE-2020-15257;0.032360000;0.877950000
CVE-2020-15256;0.015460000;0.739890000
CVE-2020-15255;0.035040000;0.887540000
CVE-2020-15254;0.027010000;0.853550000
CVE-2020-15253;0.012470000;0.681000000
CVE-2020-15252;0.033580000;0.882690000
CVE-2020-15251;0.014540000;0.723940000
CVE-2020-15250;0.016950000;0.761990000
CVE-2020-1525;0.028530000;0.861810000
CVE-2020-15249;0.004650000;0.377170000
CVE-2020-15248;0.003130000;0.216990000
CVE-2020-15247;0.002940000;0.196920000
CVE-2020-15246;0.016990000;0.762530000
CVE-2020-15245;0.006270000;0.479410000
CVE-2020-15244;0.012640000;0.685230000
CVE-2020-15243;0.011960000;0.668260000
CVE-2020-15242;0.007730000;0.538820000
CVE-2020-15241;0.009660000;0.602100000
CVE-2020-15240;0.008030000;0.549300000
CVE-2020-1524;0.009310000;0.590760000
CVE-2020-15239;0.018730000;0.785260000
CVE-2020-15238;0.045940000;0.913250000
CVE-2020-15237;0.010070000;0.615450000
CVE-2020-15236;0.017660000;0.771610000
CVE-2020-15235;0.010190000;0.619120000
CVE-2020-15234;0.008410000;0.561940000
CVE-2020-15233;0.008000000;0.547880000
CVE-2020-15232;0.013420000;0.702150000
CVE-2020-15231;0.008010000;0.548630000
CVE-2020-15230;0.015300000;0.737050000
CVE-2020-1523;0.022170000;0.819480000
CVE-2020-15229;0.020460000;0.804140000
CVE-2020-15228;0.014880000;0.730220000
CVE-2020-15227;0.344240000;0.983650000
CVE-2020-15226;0.010360000;0.624550000
CVE-2020-15225;0.017970000;0.775650000
CVE-2020-15224;0.006350000;0.483430000
CVE-2020-15223;0.015880000;0.746290000
CVE-2020-15222;0.008670000;0.570720000
CVE-2020-15221;0.005520000;0.438620000
CVE-2020-15220;0.006980000;0.511540000
CVE-2020-1522;0.010030000;0.614500000
CVE-2020-15219;0.006810000;0.504710000
CVE-2020-15218;0.007640000;0.536090000
CVE-2020-15217;0.010130000;0.617760000
CVE-2020-15216;0.008980000;0.579850000
CVE-2020-15215;0.006830000;0.505690000
CVE-2020-15214;0.006710000;0.500110000
CVE-2020-15213;0.007600000;0.534530000
CVE-2020-15212;0.007370000;0.526300000
CVE-2020-15211;0.009170000;0.586150000
CVE-2020-15210;0.007390000;0.527110000
CVE-2020-1521;0.007950000;0.546580000
CVE-2020-15209;0.008000000;0.548140000
CVE-2020-15208;0.009050000;0.582010000
CVE-2020-15207;0.012430000;0.680320000
CVE-2020-15206;0.009560000;0.598670000
CVE-2020-15205;0.010290000;0.622320000
CVE-2020-15204;0.009030000;0.581660000
CVE-2020-15203;0.009650000;0.601660000
CVE-2020-15202;0.012870000;0.689820000
CVE-2020-15201;0.005680000;0.448420000
CVE-2020-15200;0.008510000;0.565280000
CVE-2020-1520;0.009010000;0.580930000
CVE-2020-15199;0.008120000;0.552360000
CVE-2020-15198;0.005420000;0.432660000
CVE-2020-15197;0.007260000;0.522340000
CVE-2020-15196;0.009030000;0.581660000
CVE-2020-15195;0.009500000;0.597020000
CVE-2020-15194;0.010260000;0.621410000
CVE-2020-15193;0.008300000;0.558360000
CVE-2020-15192;0.008340000;0.559590000
CVE-2020-15191;0.009000000;0.580380000
CVE-2020-15190;0.009430000;0.594720000
CVE-2020-1519;0.009120000;0.584250000
CVE-2020-15189;0.028070000;0.859490000
CVE-2020-15188;0.050830000;0.920430000
CVE-2020-15187;0.015170000;0.735050000
CVE-2020-15186;0.009620000;0.600990000
CVE-2020-15185;0.008830000;0.575520000
CVE-2020-15184;0.010290000;0.622280000
CVE-2020-15183;0.017470000;0.768900000
CVE-2020-15182;0.011710000;0.661470000
CVE-2020-15181;0.014230000;0.718160000
CVE-2020-15180;0.055390000;0.925510000
CVE-2020-1518;0.009120000;0.584270000
CVE-2020-15179;0.012200000;0.674460000
CVE-2020-15178;0.012230000;0.675600000
CVE-2020-15177;0.007700000;0.538080000
CVE-2020-15176;0.011440000;0.654040000
CVE-2020-15175;0.715500000;0.994010000
CVE-2020-15174;0.013510000;0.704030000
CVE-2020-15173;0.011830000;0.665120000
CVE-2020-15172;0.018250000;0.779360000
CVE-2020-15171;0.013410000;0.701980000
CVE-2020-15170;0.013150000;0.696100000
CVE-2020-1517;0.007950000;0.546570000
CVE-2020-15169;0.023720000;0.831580000
CVE-2020-15168;0.016920000;0.761670000
CVE-2020-15167;0.004340000;0.351790000
CVE-2020-15166;0.034080000;0.884360000
CVE-2020-15165;0.013230000;0.697680000
CVE-2020-15164;0.011740000;0.662330000
CVE-2020-15163;0.006700000;0.499860000
CVE-2020-15162;0.007950000;0.546600000
CVE-2020-15161;0.009320000;0.591240000
CVE-2020-15160;0.108070000;0.957010000
CVE-2020-1516;0.009120000;0.584250000
CVE-2020-15159;0.021520000;0.814090000
CVE-2020-15158;0.020360000;0.803000000
CVE-2020-15157;0.022990000;0.826020000
CVE-2020-15156;0.006120000;0.471760000
CVE-2020-15155;0.012850000;0.689480000
CVE-2020-15154;0.010110000;0.616970000
CVE-2020-15153;0.023980000;0.833450000
CVE-2020-15152;0.018590000;0.783710000
CVE-2020-15151;0.009310000;0.590730000
CVE-2020-15150;0.032840000;0.880000000
CVE-2020-1515;0.009120000;0.584240000
CVE-2020-15149;0.024340000;0.836200000
CVE-2020-15148;0.787590000;0.995800000
CVE-2020-15147;0.026140000;0.848190000
CVE-2020-15146;0.021490000;0.813800000
CVE-2020-15145;0.004090000;0.325410000
CVE-2020-15143;0.019140000;0.789990000
CVE-2020-15142;0.018490000;0.782340000
CVE-2020-15141;0.011370000;0.652120000
CVE-2020-15140;0.011560000;0.657320000
CVE-2020-1514;0.016350000;0.753290000
CVE-2020-15139;0.013170000;0.696500000
CVE-2020-15138;0.020410000;0.803640000
CVE-2020-15137;0.002690000;0.170990000
CVE-2020-15136;0.016360000;0.753570000
CVE-2020-15135;0.007220000;0.520860000
CVE-2020-15134;0.008640000;0.569530000
CVE-2020-15133;0.010560000;0.630230000
CVE-2020-15132;0.011120000;0.645910000
CVE-2020-15131;0.010360000;0.624600000
CVE-2020-15130;0.010360000;0.624600000
CVE-2020-1513;0.009120000;0.584260000
CVE-2020-15129;0.080110000;0.945750000
CVE-2020-15128;0.006890000;0.508230000
CVE-2020-15127;0.013750000;0.709040000
CVE-2020-15126;0.010720000;0.635050000
CVE-2020-15125;0.015390000;0.738720000
CVE-2020-15124;0.015380000;0.738550000
CVE-2020-15123;0.038050000;0.896450000
CVE-2020-15121;0.015710000;0.743860000
CVE-2020-15120;0.010290000;0.622310000
CVE-2020-1512;0.038710000;0.898300000
CVE-2020-15119;0.005460000;0.435180000
CVE-2020-15118;0.011010000;0.643330000
CVE-2020-15117;0.024940000;0.840340000
CVE-2020-15115;0.013420000;0.702180000
CVE-2020-15114;0.012060000;0.670780000
CVE-2020-15113;0.002270000;0.121420000
CVE-2020-15112;0.012560000;0.683250000
CVE-2020-15111;0.008610000;0.568850000
CVE-2020-15110;0.011140000;0.646440000
CVE-2020-1511;0.007950000;0.546560000
CVE-2020-15109;0.008960000;0.579320000
CVE-2020-15108;0.012330000;0.677780000
CVE-2020-15107;0.003330000;0.239090000
CVE-2020-15106;0.012910000;0.690720000
CVE-2020-15105;0.006980000;0.511620000
CVE-2020-15104;0.002520000;0.149580000
CVE-2020-15103;0.014660000;0.726340000
CVE-2020-15102;0.007270000;0.522800000
CVE-2020-15101;0.006930000;0.509730000
CVE-2020-15100;0.003370000;0.245010000
CVE-2020-1510;0.048130000;0.916510000
CVE-2020-15099;0.017750000;0.772970000
CVE-2020-15098;0.022290000;0.820510000
CVE-2020-15097;0.021160000;0.810890000
CVE-2020-15096;0.008100000;0.551870000
CVE-2020-15095;0.004070000;0.323730000
CVE-2020-15094;0.030430000;0.870190000
CVE-2020-15093;0.013570000;0.705470000
CVE-2020-15092;0.010600000;0.631540000
CVE-2020-15091;0.009050000;0.582100000
CVE-2020-1509;0.032640000;0.879240000
CVE-2020-15087;0.010580000;0.630700000
CVE-2020-15086;0.027210000;0.854670000
CVE-2020-15085;0.005770000;0.453230000
CVE-2020-15084;0.010500000;0.628490000
CVE-2020-15083;0.006520000;0.491940000
CVE-2020-15082;0.012140000;0.673190000
CVE-2020-15081;0.016480000;0.755230000
CVE-2020-15080;0.009410000;0.593850000
CVE-2020-1508;0.032560000;0.878930000
CVE-2020-15079;0.005790000;0.454270000
CVE-2020-15078;0.049080000;0.917960000
CVE-2020-15077;0.012150000;0.673470000
CVE-2020-15076;0.003580000;0.270370000
CVE-2020-15075;0.002890000;0.192340000
CVE-2020-15074;0.010450000;0.627190000
CVE-2020-15073;0.007490000;0.530580000
CVE-2020-15072;0.011990000;0.669070000
CVE-2020-15071;0.007000000;0.512540000
CVE-2020-15070;0.012080000;0.671340000
CVE-2020-1507;0.027360000;0.855500000
CVE-2020-15069;0.106740000;0.956580000
CVE-2020-15065;0.005100000;0.411190000
CVE-2020-15064;0.003430000;0.252030000
CVE-2020-15063;0.008750000;0.573170000
CVE-2020-15062;0.003200000;0.223960000
CVE-2020-15061;0.004590000;0.372730000
CVE-2020-15060;0.003430000;0.252030000
CVE-2020-1506;0.020950000;0.809020000
CVE-2020-15059;0.008750000;0.573170000
CVE-2020-15058;0.003200000;0.223960000
CVE-2020-15057;0.004590000;0.372720000
CVE-2020-15056;0.003430000;0.252030000
CVE-2020-15055;0.008940000;0.578860000
CVE-2020-15054;0.003200000;0.223960000
CVE-2020-15053;0.018260000;0.779560000
CVE-2020-15052;0.021850000;0.816620000
CVE-2020-15051;0.024670000;0.838470000
CVE-2020-15050;0.507340000;0.988870000
CVE-2020-1505;0.013300000;0.699150000
CVE-2020-15049;0.057060000;0.927490000
CVE-2020-15047;0.008050000;0.549840000
CVE-2020-15046;0.022960000;0.825840000
CVE-2020-15043;0.004490000;0.364580000
CVE-2020-15041;0.005390000;0.430720000
CVE-2020-1504;0.042050000;0.906130000
CVE-2020-15038;0.037570000;0.895030000
CVE-2020-15037;0.005450000;0.434640000
CVE-2020-15036;0.005450000;0.434640000
CVE-2020-15035;0.005320000;0.426730000
CVE-2020-15034;0.005680000;0.448430000
CVE-2020-15033;0.005570000;0.441370000
CVE-2020-15032;0.005680000;0.448430000
CVE-2020-15031;0.005680000;0.448440000
CVE-2020-15030;0.005680000;0.448440000
CVE-2020-1503;0.045530000;0.912610000
CVE-2020-15029;0.005680000;0.448440000
CVE-2020-15028;0.005680000;0.448430000
CVE-2020-15027;0.013430000;0.702280000
CVE-2020-15026;0.012990000;0.692700000
CVE-2020-15025;0.033570000;0.882660000
CVE-2020-15024;0.003220000;0.227440000
CVE-2020-15023;0.016300000;0.752400000
CVE-2020-15020;0.006910000;0.508730000
CVE-2020-1502;0.046390000;0.913980000
CVE-2020-15018;0.008960000;0.579400000
CVE-2020-15017;0.006490000;0.490030000
CVE-2020-15016;0.006490000;0.490030000
CVE-2020-15015;0.006860000;0.506840000
CVE-2020-15014;0.005130000;0.413620000
CVE-2020-15012;0.025910000;0.846840000
CVE-2020-15011;0.018880000;0.786970000
CVE-2020-1501;0.017490000;0.769210000
CVE-2020-15009;0.004400000;0.356840000
CVE-2020-15008;0.008900000;0.577570000
CVE-2020-15007;0.022970000;0.825880000
CVE-2020-15006;0.005100000;0.410880000
CVE-2020-15005;0.013020000;0.693230000
CVE-2020-15004;0.028470000;0.861580000
CVE-2020-15003;0.007890000;0.544550000
CVE-2020-15002;0.015900000;0.746610000
CVE-2020-15001;0.005520000;0.438790000
CVE-2020-15000;0.007030000;0.513610000
CVE-2020-1500;0.018410000;0.781320000
CVE-2020-14999;0.011240000;0.649110000
CVE-2020-14993;0.053280000;0.923270000
CVE-2020-14990;0.005070000;0.408350000
CVE-2020-1499;0.018410000;0.781320000
CVE-2020-14989;0.005900000;0.460700000
CVE-2020-14988;0.005780000;0.453820000
CVE-2020-14987;0.035190000;0.887950000
CVE-2020-14983;0.022450000;0.821870000
CVE-2020-14982;0.012950000;0.691700000
CVE-2020-14981;0.009710000;0.604060000
CVE-2020-14980;0.011580000;0.657870000
CVE-2020-1498;0.039300000;0.900010000
CVE-2020-14979;0.006050000;0.468250000
CVE-2020-14978;0.031140000;0.872980000
CVE-2020-14977;0.027770000;0.858090000
CVE-2020-14976;0.004830000;0.391160000
CVE-2020-14975;0.006240000;0.477870000
CVE-2020-14974;0.008970000;0.579780000
CVE-2020-14973;0.011670000;0.660320000
CVE-2020-14972;0.060220000;0.930960000
CVE-2020-14971;0.005530000;0.439700000
CVE-2020-1497;0.046390000;0.913970000
CVE-2020-14969;0.012660000;0.685540000
CVE-2020-14968;0.028630000;0.862300000
CVE-2020-14967;0.022700000;0.823660000
CVE-2020-14966;0.011250000;0.649280000
CVE-2020-14965;0.006370000;0.484080000
CVE-2020-14962;0.008920000;0.578230000
CVE-2020-14961;0.009430000;0.594600000
CVE-2020-14960;0.017480000;0.769080000
CVE-2020-1496;0.042120000;0.906310000
CVE-2020-14959;0.008920000;0.578230000
CVE-2020-14958;0.009300000;0.590200000
CVE-2020-14957;0.003500000;0.260860000
CVE-2020-14956;0.003500000;0.260860000
CVE-2020-14955;0.003800000;0.293730000
CVE-2020-14954;0.023070000;0.826760000
CVE-2020-14950;0.026010000;0.847430000
CVE-2020-1495;0.042120000;0.906310000
CVE-2020-14947;0.194810000;0.972870000
CVE-2020-14946;0.077000000;0.943990000
CVE-2020-14945;0.113990000;0.958560000
CVE-2020-14944;0.063380000;0.933960000
CVE-2020-14943;0.036840000;0.892890000
CVE-2020-14942;0.013500000;0.703630000
CVE-2020-14940;0.035910000;0.890210000
CVE-2020-1494;0.042120000;0.906310000
CVE-2020-14939;0.013110000;0.695190000
CVE-2020-14938;0.013750000;0.709150000
CVE-2020-14937;0.014780000;0.728350000
CVE-2020-14936;0.014220000;0.717930000
CVE-2020-14935;0.025020000;0.840830000
CVE-2020-14934;0.015400000;0.738820000
CVE-2020-14933;0.014150000;0.716730000
CVE-2020-14932;0.014310000;0.719650000
CVE-2020-14931;0.025780000;0.845920000
CVE-2020-14930;0.033590000;0.882730000
CVE-2020-1493;0.072960000;0.941580000
CVE-2020-14929;0.018230000;0.779080000
CVE-2020-14928;0.028080000;0.859570000
CVE-2020-14927;0.005450000;0.434460000
CVE-2020-14926;0.006440000;0.487990000
CVE-2020-1492;0.034630000;0.886150000
CVE-2020-1491;0.009310000;0.590740000
CVE-2020-14901;0.014800000;0.728730000
CVE-2020-14900;0.006990000;0.511900000
CVE-2020-1490;0.007380000;0.526990000
CVE-2020-14899;0.006990000;0.511880000
CVE-2020-14898;0.007260000;0.522590000
CVE-2020-14897;0.020060000;0.800210000
CVE-2020-14896;0.015260000;0.736510000
CVE-2020-14895;0.007690000;0.537770000
CVE-2020-14894;0.015260000;0.736520000
CVE-2020-14893;0.021210000;0.811320000
CVE-2020-14892;0.003940000;0.309890000
CVE-2020-14891;0.023210000;0.827790000
CVE-2020-14890;0.019300000;0.791790000
CVE-2020-1489;0.009120000;0.584280000
CVE-2020-14889;0.004400000;0.357280000
CVE-2020-14888;0.023210000;0.827780000
CVE-2020-14887;0.015260000;0.736510000
CVE-2020-14886;0.007140000;0.517800000
CVE-2020-14885;0.007140000;0.517790000
CVE-2020-14884;0.007230000;0.521200000
CVE-2020-14883;0.979290000;0.999080000
CVE-2020-14882;0.999970000;0.999890000
CVE-2020-14881;0.007230000;0.521190000
CVE-2020-14880;0.012980000;0.692320000
CVE-2020-1488;0.007930000;0.546000000
CVE-2020-14879;0.012980000;0.692320000
CVE-2020-14878;0.011990000;0.668950000
CVE-2020-14877;0.014690000;0.726910000
CVE-2020-14876;0.028310000;0.860780000
CVE-2020-14875;0.022250000;0.820200000
CVE-2020-14874;0.008450000;0.562900000
CVE-2020-14873;0.022330000;0.820820000
CVE-2020-14872;0.004490000;0.365230000
CVE-2020-14871;0.801570000;0.996070000
CVE-2020-14870;0.022580000;0.822740000
CVE-2020-1487;0.035680000;0.889380000
CVE-2020-14869;0.018020000;0.776210000
CVE-2020-14868;0.019690000;0.795810000
CVE-2020-14867;0.018940000;0.787770000
CVE-2020-14866;0.018520000;0.782740000
CVE-2020-14865;0.016190000;0.750900000
CVE-2020-14864;0.972330000;0.998940000
CVE-2020-14863;0.014780000;0.728400000
CVE-2020-14862;0.018270000;0.779660000
CVE-2020-14861;0.018520000;0.782740000
CVE-2020-14860;0.012740000;0.687310000
CVE-2020-1486;0.009760000;0.606050000
CVE-2020-14859;0.037970000;0.896220000
CVE-2020-14858;0.013810000;0.710290000
CVE-2020-14857;0.012560000;0.683350000
CVE-2020-14856;0.014780000;0.728390000
CVE-2020-14855;0.021800000;0.816310000
CVE-2020-14854;0.013450000;0.702720000
CVE-2020-14853;0.009450000;0.595340000
CVE-2020-14852;0.021240000;0.811580000
CVE-2020-14851;0.014780000;0.728390000
CVE-2020-14850;0.014780000;0.728400000
CVE-2020-1485;0.011290000;0.650410000
CVE-2020-14849;0.012560000;0.683330000
CVE-2020-14848;0.024830000;0.839550000
CVE-2020-14847;0.009680000;0.603080000
CVE-2020-14846;0.024100000;0.834300000
CVE-2020-14845;0.023210000;0.827790000
CVE-2020-14844;0.022020000;0.818230000
CVE-2020-14843;0.010950000;0.641820000
CVE-2020-14842;0.014320000;0.719810000
CVE-2020-14841;0.520320000;0.989200000
CVE-2020-14840;0.009850000;0.608400000
CVE-2020-1484;0.007380000;0.526990000
CVE-2020-14839;0.023400000;0.829280000
CVE-2020-14838;0.014130000;0.716250000
CVE-2020-14837;0.023210000;0.827780000
CVE-2020-14836;0.020440000;0.803930000
CVE-2020-14835;0.012560000;0.683330000
CVE-2020-14834;0.012560000;0.683330000
CVE-2020-14833;0.012560000;0.683360000
CVE-2020-14832;0.010230000;0.620440000
CVE-2020-14831;0.012560000;0.683350000
CVE-2020-14830;0.020440000;0.803930000
CVE-2020-1483;0.088440000;0.950280000
CVE-2020-14829;0.019850000;0.797560000
CVE-2020-14828;0.018960000;0.788010000
CVE-2020-14827;0.015940000;0.747140000
CVE-2020-14826;0.013370000;0.701070000
CVE-2020-14825;0.304010000;0.981760000
CVE-2020-14824;0.018040000;0.776570000
CVE-2020-14823;0.012490000;0.681570000
CVE-2020-14822;0.010240000;0.620650000
CVE-2020-14821;0.018520000;0.782740000
CVE-2020-14820;0.044980000;0.911530000
CVE-2020-1482;0.019840000;0.797410000
CVE-2020-14819;0.012560000;0.683340000
CVE-2020-14818;0.007230000;0.521340000
CVE-2020-14817;0.012560000;0.683330000
CVE-2020-14816;0.012560000;0.683350000
CVE-2020-14815;0.082210000;0.946970000
CVE-2020-14814;0.023210000;0.827790000
CVE-2020-14813;0.010230000;0.620440000
CVE-2020-14812;0.029150000;0.864820000
CVE-2020-14811;0.012530000;0.682430000
CVE-2020-14810;0.009840000;0.608130000
CVE-2020-1481;0.235630000;0.977290000
CVE-2020-14809;0.019690000;0.795800000
CVE-2020-14808;0.012560000;0.683350000
CVE-2020-14807;0.013210000;0.697250000
CVE-2020-14806;0.014320000;0.719820000
CVE-2020-14805;0.016410000;0.754150000
CVE-2020-14804;0.017990000;0.775920000
CVE-2020-14803;0.031860000;0.875830000
CVE-2020-14802;0.009230000;0.588020000
CVE-2020-14801;0.009600000;0.599790000
CVE-2020-14800;0.014310000;0.719640000
CVE-2020-1480;0.009010000;0.580940000
CVE-2020-14799;0.013490000;0.703560000
CVE-2020-14798;0.027170000;0.854460000
CVE-2020-14797;0.021960000;0.817760000
CVE-2020-14796;0.024930000;0.840310000
CVE-2020-14795;0.016410000;0.754160000
CVE-2020-14794;0.023650000;0.831100000
CVE-2020-14793;0.023650000;0.831100000
CVE-2020-14792;0.022300000;0.820590000
CVE-2020-14791;0.016070000;0.749160000
CVE-2020-14790;0.023840000;0.832400000
CVE-2020-1479;0.009010000;0.580950000
CVE-2020-14789;0.026530000;0.850640000
CVE-2020-14788;0.011670000;0.660320000
CVE-2020-14787;0.007260000;0.522590000
CVE-2020-14786;0.023650000;0.831090000
CVE-2020-14785;0.023650000;0.831110000
CVE-2020-14784;0.014320000;0.719800000
CVE-2020-14783;0.016970000;0.762220000
CVE-2020-14782;0.022720000;0.823840000
CVE-2020-14781;0.023240000;0.828040000
CVE-2020-14780;0.014320000;0.719810000
CVE-2020-1478;0.026780000;0.852300000
CVE-2020-14779;0.037580000;0.895050000
CVE-2020-14778;0.008820000;0.575180000
CVE-2020-14777;0.023650000;0.831110000
CVE-2020-14776;0.026530000;0.850640000
CVE-2020-14775;0.024550000;0.837710000
CVE-2020-14774;0.015490000;0.740510000
CVE-2020-14773;0.023650000;0.831110000
CVE-2020-14772;0.008410000;0.561860000
CVE-2020-14771;0.013050000;0.693790000
CVE-2020-14770;0.008160000;0.553650000
CVE-2020-1477;0.025080000;0.841210000
CVE-2020-14769;0.024550000;0.837700000
CVE-2020-14768;0.004860000;0.393910000
CVE-2020-14767;0.010180000;0.618810000
CVE-2020-14766;0.011030000;0.643700000
CVE-2020-14765;0.031730000;0.875380000
CVE-2020-14764;0.008000000;0.548070000
CVE-2020-14763;0.007260000;0.522600000
CVE-2020-14762;0.007260000;0.522590000
CVE-2020-14761;0.010030000;0.614670000
CVE-2020-14760;0.019540000;0.794460000
CVE-2020-1476;0.011290000;0.650410000
CVE-2020-14759;0.003410000;0.250470000
CVE-2020-14758;0.003840000;0.298050000
CVE-2020-14757;0.019630000;0.795280000
CVE-2020-14756;0.747530000;0.994900000
CVE-2020-14754;0.003350000;0.243290000
CVE-2020-14753;0.003880000;0.302880000
CVE-2020-14752;0.007770000;0.540420000
CVE-2020-14750;0.992700000;0.999360000
CVE-2020-1475;0.011520000;0.656400000
CVE-2020-14746;0.011680000;0.660640000
CVE-2020-14745;0.009600000;0.599950000
CVE-2020-14744;0.012970000;0.692140000
CVE-2020-14743;0.007510000;0.531340000
CVE-2020-14742;0.008680000;0.571110000
CVE-2020-14741;0.012200000;0.674680000
CVE-2020-14740;0.004100000;0.326120000
CVE-2020-1474;0.014770000;0.728270000
CVE-2020-14736;0.008060000;0.550430000
CVE-2020-14735;0.004380000;0.355470000
CVE-2020-14734;0.017210000;0.765550000
CVE-2020-14732;0.008410000;0.561770000
CVE-2020-14731;0.008410000;0.561770000
CVE-2020-1473;0.028020000;0.859260000
CVE-2020-14729;0.007030000;0.513560000
CVE-2020-14728;0.007430000;0.528470000
CVE-2020-14725;0.017620000;0.771070000
CVE-2020-14724;0.004600000;0.373350000
CVE-2020-14723;0.014040000;0.714720000
CVE-2020-14722;0.008950000;0.579180000
CVE-2020-14721;0.009610000;0.600170000
CVE-2020-14720;0.013240000;0.698030000
CVE-2020-1472;0.993890000;0.999400000
CVE-2020-14719;0.010420000;0.626410000
CVE-2020-14718;0.014850000;0.729790000
CVE-2020-14717;0.010240000;0.620640000
CVE-2020-14716;0.009850000;0.608400000
CVE-2020-14715;0.003820000;0.295730000
CVE-2020-14714;0.003820000;0.295720000
CVE-2020-14713;0.003720000;0.285340000
CVE-2020-14712;0.003960000;0.311760000
CVE-2020-14711;0.004440000;0.360830000
CVE-2020-14710;0.007990000;0.547850000
CVE-2020-1471;0.012090000;0.671690000
CVE-2020-14709;0.010320000;0.623130000
CVE-2020-14708;0.008120000;0.552330000
CVE-2020-14707;0.003900000;0.304340000
CVE-2020-14706;0.011340000;0.651420000
CVE-2020-14705;0.018640000;0.784220000
CVE-2020-14704;0.005600000;0.443860000
CVE-2020-14703;0.005530000;0.439790000
CVE-2020-14702;0.019850000;0.797570000
CVE-2020-14701;0.020870000;0.808130000
CVE-2020-14700;0.005430000;0.433150000
CVE-2020-1470;0.011280000;0.650130000
CVE-2020-14699;0.005520000;0.438590000
CVE-2020-14698;0.005380000;0.429920000
CVE-2020-14697;0.020350000;0.802910000
CVE-2020-14696;0.012180000;0.674000000
CVE-2020-14695;0.005380000;0.429920000
CVE-2020-14694;0.005490000;0.437140000
CVE-2020-14693;0.009720000;0.604350000
CVE-2020-14692;0.009720000;0.604350000
CVE-2020-14691;0.010320000;0.623120000
CVE-2020-14690;0.014320000;0.719800000
CVE-2020-1469;0.048440000;0.916970000
CVE-2020-14688;0.012560000;0.683370000
CVE-2020-14687;0.020060000;0.800190000
CVE-2020-14686;0.012560000;0.683370000
CVE-2020-14685;0.010210000;0.619730000
CVE-2020-14684;0.010480000;0.628000000
CVE-2020-14682;0.012560000;0.683340000
CVE-2020-14681;0.012560000;0.683340000
CVE-2020-14680;0.020870000;0.808240000
CVE-2020-1468;0.051800000;0.921650000
CVE-2020-14679;0.015490000;0.740500000
CVE-2020-14678;0.020350000;0.802920000
CVE-2020-14677;0.004150000;0.331960000
CVE-2020-14676;0.005470000;0.435700000
CVE-2020-14675;0.004110000;0.327760000
CVE-2020-14674;0.004160000;0.333870000
CVE-2020-14673;0.005490000;0.437140000
CVE-2020-14672;0.024340000;0.836190000
CVE-2020-14671;0.012560000;0.683340000
CVE-2020-14670;0.012560000;0.683360000
CVE-2020-1467;0.035490000;0.888790000
CVE-2020-14669;0.013490000;0.703450000
CVE-2020-14668;0.012560000;0.683360000
CVE-2020-14667;0.010020000;0.614150000
CVE-2020-14666;0.012560000;0.683370000
CVE-2020-14665;0.016410000;0.754150000
CVE-2020-14664;0.042450000;0.906890000
CVE-2020-14663;0.021180000;0.811110000
CVE-2020-14662;0.008820000;0.575180000
CVE-2020-14661;0.010240000;0.620640000
CVE-2020-14660;0.012560000;0.683360000
CVE-2020-1466;0.039460000;0.900400000
CVE-2020-14659;0.010240000;0.620650000
CVE-2020-14658;0.016410000;0.754140000
CVE-2020-14657;0.010020000;0.614150000
CVE-2020-14656;0.019310000;0.791950000
CVE-2020-14655;0.010810000;0.637520000
CVE-2020-14654;0.022770000;0.824230000
CVE-2020-14653;0.007690000;0.537760000
CVE-2020-14652;0.011160000;0.647230000
CVE-2020-14651;0.020230000;0.801740000
CVE-2020-14650;0.005470000;0.435780000
CVE-2020-1465;0.008370000;0.560550000
CVE-2020-14649;0.005540000;0.439920000
CVE-2020-14648;0.005380000;0.429930000
CVE-2020-14647;0.005470000;0.435690000
CVE-2020-14646;0.005520000;0.438590000
CVE-2020-14645;0.468550000;0.987900000
CVE-2020-14644;0.945480000;0.998520000
CVE-2020-14643;0.021500000;0.813880000
CVE-2020-14642;0.015770000;0.744650000
CVE-2020-14641;0.019800000;0.797030000
CVE-2020-14640;0.011510000;0.655900000
CVE-2020-1464;0.389460000;0.985440000
CVE-2020-14639;0.022490000;0.822080000
CVE-2020-14638;0.011510000;0.655900000
CVE-2020-14637;0.011510000;0.655910000
CVE-2020-14636;0.011510000;0.655900000
CVE-2020-14635;0.012050000;0.670350000
CVE-2020-14634;0.017560000;0.770220000
CVE-2020-14633;0.014060000;0.715050000
CVE-2020-14632;0.022300000;0.820540000
CVE-2020-14631;0.022770000;0.824230000
CVE-2020-14630;0.008000000;0.548010000
CVE-2020-1463;0.007380000;0.526990000
CVE-2020-14629;0.005530000;0.439790000
CVE-2020-14628;0.005650000;0.446910000
CVE-2020-14627;0.009840000;0.608130000
CVE-2020-14626;0.016080000;0.749200000
CVE-2020-14625;0.098860000;0.954160000
CVE-2020-14624;0.021420000;0.813170000
CVE-2020-14623;0.020100000;0.800650000
CVE-2020-14622;0.014510000;0.723300000
CVE-2020-14621;0.043500000;0.908850000
CVE-2020-14620;0.022770000;0.824220000
CVE-2020-1462;0.042160000;0.906380000
CVE-2020-14619;0.026920000;0.853070000
CVE-2020-14618;0.011340000;0.651410000
CVE-2020-14617;0.011340000;0.651430000
CVE-2020-14616;0.009880000;0.609750000
CVE-2020-14615;0.009190000;0.586770000
CVE-2020-14614;0.023160000;0.827440000
CVE-2020-14613;0.010830000;0.638030000
CVE-2020-14612;0.007690000;0.537760000
CVE-2020-14611;0.014710000;0.727260000
CVE-2020-14610;0.009290000;0.590120000
CVE-2020-1461;0.007200000;0.520140000
CVE-2020-14609;0.014770000;0.728220000
CVE-2020-14608;0.012830000;0.689020000
CVE-2020-14607;0.009130000;0.584670000
CVE-2020-14606;0.025160000;0.841870000
CVE-2020-14605;0.010210000;0.619720000
CVE-2020-14604;0.013780000;0.709630000
CVE-2020-14603;0.014320000;0.719820000
CVE-2020-14602;0.010320000;0.623130000
CVE-2020-14601;0.009620000;0.600890000
CVE-2020-14600;0.010890000;0.639830000
CVE-2020-1460;0.037030000;0.893470000
CVE-2020-14599;0.016410000;0.754150000
CVE-2020-14598;0.016410000;0.754150000
CVE-2020-14597;0.020690000;0.806480000
CVE-2020-14596;0.012140000;0.673120000
CVE-2020-14595;0.020470000;0.804150000
CVE-2020-14594;0.004040000;0.319980000
CVE-2020-14593;0.038640000;0.898110000
CVE-2020-14592;0.009620000;0.600890000
CVE-2020-14591;0.018120000;0.777740000
CVE-2020-14590;0.009680000;0.603070000
CVE-2020-1459;0.044660000;0.911020000
CVE-2020-14589;0.019300000;0.791790000
CVE-2020-14588;0.015940000;0.747090000
CVE-2020-14587;0.007690000;0.537760000
CVE-2020-14586;0.021270000;0.811910000
CVE-2020-14585;0.013840000;0.710730000
CVE-2020-14584;0.013840000;0.710740000
CVE-2020-14583;0.040290000;0.902370000
CVE-2020-14582;0.012140000;0.673120000
CVE-2020-14581;0.032840000;0.880000000
CVE-2020-14580;0.009780000;0.606460000
CVE-2020-1458;0.108890000;0.957250000
CVE-2020-14579;0.040440000;0.902700000
CVE-2020-14578;0.040440000;0.902690000
CVE-2020-14577;0.032840000;0.880000000
CVE-2020-14576;0.022370000;0.821160000
CVE-2020-14575;0.024390000;0.836530000
CVE-2020-14574;0.003190000;0.223260000
CVE-2020-14573;0.033770000;0.883320000
CVE-2020-14572;0.010830000;0.638020000
CVE-2020-14571;0.012180000;0.674000000
CVE-2020-14570;0.014320000;0.719810000
CVE-2020-1457;0.123750000;0.960650000
CVE-2020-14569;0.013660000;0.707150000
CVE-2020-14568;0.024190000;0.835060000
CVE-2020-14567;0.021620000;0.814870000
CVE-2020-14566;0.010480000;0.628000000
CVE-2020-14565;0.010220000;0.619920000
CVE-2020-14564;0.008580000;0.567830000
CVE-2020-14563;0.009620000;0.600890000
CVE-2020-14562;0.051660000;0.921470000
CVE-2020-14561;0.004600000;0.373350000
CVE-2020-14560;0.010180000;0.618810000
CVE-2020-1456;0.022290000;0.820500000
CVE-2020-14559;0.019190000;0.790650000
CVE-2020-14558;0.013780000;0.709630000
CVE-2020-14557;0.013200000;0.696960000
CVE-2020-14556;0.030220000;0.869420000
CVE-2020-14555;0.009850000;0.608390000
CVE-2020-14554;0.009850000;0.608400000
CVE-2020-14553;0.019560000;0.794670000
CVE-2020-14552;0.011340000;0.651430000
CVE-2020-14551;0.008120000;0.552320000
CVE-2020-14550;0.022210000;0.819840000
CVE-2020-1455;0.012280000;0.676630000
CVE-2020-14549;0.011340000;0.651420000
CVE-2020-14548;0.008600000;0.568290000
CVE-2020-14547;0.026100000;0.847960000
CVE-2020-14546;0.008000000;0.548070000
CVE-2020-14545;0.003210000;0.226490000
CVE-2020-14544;0.008700000;0.571710000
CVE-2020-14543;0.004600000;0.373340000
CVE-2020-14542;0.004040000;0.320620000
CVE-2020-14541;0.007290000;0.523620000
CVE-2020-14540;0.021540000;0.814220000
CVE-2020-1454;0.015650000;0.742930000
CVE-2020-14539;0.022370000;0.821160000
CVE-2020-14537;0.003510000;0.262290000
CVE-2020-14536;0.015960000;0.747400000
CVE-2020-14535;0.015960000;0.747400000
CVE-2020-14534;0.014320000;0.719810000
CVE-2020-14533;0.007320000;0.524700000
CVE-2020-14532;0.010480000;0.628000000
CVE-2020-14531;0.011200000;0.648170000
CVE-2020-14530;0.012880000;0.690140000
CVE-2020-1453;0.021540000;0.814200000
CVE-2020-14529;0.006990000;0.511890000
CVE-2020-14528;0.009840000;0.608130000
CVE-2020-14527;0.011340000;0.651410000
CVE-2020-14525;0.004720000;0.383170000
CVE-2020-14524;0.025150000;0.841800000
CVE-2020-14523;0.022540000;0.822460000
CVE-2020-14522;0.014850000;0.729640000
CVE-2020-14521;0.012740000;0.687190000
CVE-2020-14520;0.011520000;0.656290000
CVE-2020-1452;0.021540000;0.814200000
CVE-2020-14519;0.006370000;0.484120000
CVE-2020-14518;0.013460000;0.702910000
CVE-2020-14517;0.006790000;0.503950000
CVE-2020-14516;0.040950000;0.903840000
CVE-2020-14515;0.008380000;0.561060000
CVE-2020-14514;0.004650000;0.377140000
CVE-2020-14513;0.015620000;0.742550000
CVE-2020-14512;0.008230000;0.556130000
CVE-2020-14511;0.013950000;0.712850000
CVE-2020-14510;0.024870000;0.839840000
CVE-2020-1451;0.016040000;0.748670000
CVE-2020-14509;0.020700000;0.806580000
CVE-2020-14508;0.020170000;0.801190000
CVE-2020-14507;0.048860000;0.917610000
CVE-2020-14506;0.002880000;0.191680000
CVE-2020-14505;0.070180000;0.939520000
CVE-2020-14504;0.012660000;0.685490000
CVE-2020-14503;0.034690000;0.886380000
CVE-2020-14502;0.010080000;0.615780000
CVE-2020-14501;0.017000000;0.762670000
CVE-2020-14500;0.016660000;0.757870000
CVE-2020-1450;0.016040000;0.748660000
CVE-2020-14499;0.017450000;0.768660000
CVE-2020-14498;0.039840000;0.901390000
CVE-2020-14497;0.049220000;0.918110000
CVE-2020-14496;0.008530000;0.565920000
CVE-2020-14494;0.013070000;0.694350000
CVE-2020-14493;0.016840000;0.760580000
CVE-2020-14492;0.012160000;0.673620000
CVE-2020-14491;0.008390000;0.561370000
CVE-2020-14490;0.024580000;0.837930000
CVE-2020-1449;0.045850000;0.913110000
CVE-2020-14489;0.009820000;0.607580000
CVE-2020-14488;0.017480000;0.769120000
CVE-2020-14487;0.021720000;0.815570000
CVE-2020-14486;0.012800000;0.688380000
CVE-2020-14485;0.025450000;0.843750000
CVE-2020-14484;0.012440000;0.680470000
CVE-2020-14483;0.004200000;0.337760000
CVE-2020-14482;0.025910000;0.846850000
CVE-2020-14481;0.001630000;0.048940000
CVE-2020-14480;0.002730000;0.176540000
CVE-2020-1448;0.099550000;0.954400000
CVE-2020-14479;0.008860000;0.576190000
CVE-2020-14478;0.003360000;0.244600000
CVE-2020-14477;0.002990000;0.202230000
CVE-2020-14475;0.008100000;0.551910000
CVE-2020-14474;0.025110000;0.841430000
CVE-2020-14473;0.023020000;0.826300000
CVE-2020-14472;0.029310000;0.865560000
CVE-2020-14470;0.008500000;0.564660000
CVE-2020-1447;0.106300000;0.956460000
CVE-2020-14462;0.006260000;0.478980000
CVE-2020-14461;0.095370000;0.952930000
CVE-2020-14460;0.007910000;0.544990000
CVE-2020-1446;0.112290000;0.958220000
CVE-2020-14459;0.009400000;0.593830000
CVE-2020-14458;0.011430000;0.653710000
CVE-2020-14457;0.009200000;0.586900000
CVE-2020-14456;0.004250000;0.342530000
CVE-2020-14455;0.011680000;0.660720000
CVE-2020-14454;0.007460000;0.529400000
CVE-2020-14453;0.006400000;0.485690000
CVE-2020-14452;0.012790000;0.688180000
CVE-2020-14451;0.011200000;0.648020000
CVE-2020-14450;0.011140000;0.646630000
CVE-2020-1445;0.061190000;0.931920000
CVE-2020-14449;0.011110000;0.645730000
CVE-2020-14448;0.011140000;0.646620000
CVE-2020-14447;0.011140000;0.646630000
CVE-2020-14446;0.008120000;0.552450000
CVE-2020-14445;0.006320000;0.481880000
CVE-2020-14444;0.006810000;0.504720000
CVE-2020-14443;0.011470000;0.654660000
CVE-2020-14442;0.018360000;0.780760000
CVE-2020-14441;0.018360000;0.780750000
CVE-2020-14440;0.030910000;0.872160000
CVE-2020-1444;0.090500000;0.951180000
CVE-2020-14439;0.024220000;0.835240000
CVE-2020-14438;0.018360000;0.780760000
CVE-2020-14437;0.018360000;0.780760000
CVE-2020-14436;0.022940000;0.825690000
CVE-2020-14435;0.010000000;0.613300000
CVE-2020-14434;0.008210000;0.555660000
CVE-2020-14433;0.007400000;0.527540000
CVE-2020-14432;0.004450000;0.361370000
CVE-2020-14431;0.008090000;0.551510000
CVE-2020-14430;0.005380000;0.430400000
CVE-2020-1443;0.016540000;0.756030000
CVE-2020-14429;0.008150000;0.553150000
CVE-2020-14428;0.007660000;0.536760000
CVE-2020-14427;0.005380000;0.430400000
CVE-2020-14426;0.005380000;0.430400000
CVE-2020-14425;0.411290000;0.986210000
CVE-2020-14424;0.015960000;0.747510000
CVE-2020-14423;0.010590000;0.631320000
CVE-2020-14422;0.127060000;0.961290000
CVE-2020-14421;0.059700000;0.930420000
CVE-2020-1442;0.017290000;0.766570000
CVE-2020-14418;0.003390000;0.247470000
CVE-2020-14416;0.003090000;0.212730000
CVE-2020-14415;0.004530000;0.368010000
CVE-2020-14414;0.037110000;0.893640000
CVE-2020-14413;0.034420000;0.885510000
CVE-2020-14412;0.037110000;0.893640000
CVE-2020-14410;0.016590000;0.756730000
CVE-2020-14409;0.013050000;0.693780000
CVE-2020-14408;0.030030000;0.868680000
CVE-2020-14405;0.018700000;0.784950000
CVE-2020-14404;0.015900000;0.746560000
CVE-2020-14403;0.016100000;0.749420000
CVE-2020-14402;0.018900000;0.787210000
CVE-2020-14401;0.024520000;0.837520000
CVE-2020-14400;0.028400000;0.861190000
CVE-2020-1440;0.018070000;0.776960000
CVE-2020-14399;0.028020000;0.859270000
CVE-2020-14398;0.027560000;0.856680000
CVE-2020-14397;0.033900000;0.883710000
CVE-2020-14396;0.025730000;0.845520000
CVE-2020-14394;0.003850000;0.299570000
CVE-2020-14393;0.006070000;0.468830000
CVE-2020-14392;0.005760000;0.452510000
CVE-2020-14391;0.003180000;0.221810000
CVE-2020-14390;0.003520000;0.262520000
CVE-2020-1439;0.202650000;0.973900000
CVE-2020-14389;0.008220000;0.555730000
CVE-2020-14388;0.005980000;0.464870000
CVE-2020-14387;0.011070000;0.644840000
CVE-2020-14386;0.013080000;0.694510000
CVE-2020-14385;0.004160000;0.333370000
CVE-2020-14384;0.013560000;0.705210000
CVE-2020-14383;0.022070000;0.818670000
CVE-2020-14382;0.011570000;0.657480000
CVE-2020-14381;0.008300000;0.558510000
CVE-2020-14380;0.007890000;0.544530000
CVE-2020-1438;0.007620000;0.535380000
CVE-2020-14379;0.002210000;0.114410000
CVE-2020-14378;0.003970000;0.312780000
CVE-2020-14377;0.004110000;0.327900000
CVE-2020-14376;0.003950000;0.310520000
CVE-2020-14375;0.002500000;0.146300000
CVE-2020-14374;0.004290000;0.346170000
CVE-2020-14373;0.004530000;0.368580000
CVE-2020-14372;0.017380000;0.767750000
CVE-2020-14371;0.008680000;0.571100000
CVE-2020-14370;0.014020000;0.714410000
CVE-2020-1437;0.007080000;0.515540000
CVE-2020-14369;0.003390000;0.247850000
CVE-2020-14368;0.005130000;0.413330000
CVE-2020-14367;0.004850000;0.392560000
CVE-2020-14366;0.013770000;0.709510000
CVE-2020-14365;0.002330000;0.127600000
CVE-2020-14364;0.054470000;0.924480000
CVE-2020-14363;0.005750000;0.452120000
CVE-2020-14362;0.005890000;0.459570000
CVE-2020-14361;0.006130000;0.472210000
CVE-2020-14360;0.003930000;0.307760000
CVE-2020-1436;0.212770000;0.975220000
CVE-2020-14359;0.009300000;0.590420000
CVE-2020-14356;0.010040000;0.614810000
CVE-2020-14355;0.026560000;0.850860000
CVE-2020-14354;0.005290000;0.424240000
CVE-2020-14352;0.025260000;0.842480000
CVE-2020-14351;0.003060000;0.209320000
CVE-2020-14350;0.005320000;0.426310000
CVE-2020-1435;0.137320000;0.963800000
CVE-2020-14349;0.022350000;0.820990000
CVE-2020-14348;0.008080000;0.551150000
CVE-2020-14347;0.003880000;0.302500000
CVE-2020-14346;0.006290000;0.480290000
CVE-2020-14345;0.005940000;0.462390000
CVE-2020-14344;0.004650000;0.377610000
CVE-2020-14343;0.059840000;0.930540000
CVE-2020-14342;0.006520000;0.491650000
CVE-2020-14341;0.009450000;0.595140000
CVE-2020-14340;0.022120000;0.819130000
CVE-2020-1434;0.007750000;0.539680000
CVE-2020-14339;0.004210000;0.338870000
CVE-2020-14338;0.012920000;0.691080000
CVE-2020-14337;0.014880000;0.730170000
CVE-2020-14336;0.009300000;0.590270000
CVE-2020-14335;0.002490000;0.145450000
CVE-2020-14334;0.003150000;0.218710000
CVE-2020-14333;0.007900000;0.544590000
CVE-2020-14332;0.004100000;0.326280000
CVE-2020-14331;0.005630000;0.445890000
CVE-2020-14330;0.005730000;0.451100000
CVE-2020-1433;0.052940000;0.922910000
CVE-2020-14329;0.002680000;0.169420000
CVE-2020-14328;0.002400000;0.135780000
CVE-2020-14327;0.002490000;0.145440000
CVE-2020-14326;0.012220000;0.675000000
CVE-2020-14325;0.010870000;0.639310000
CVE-2020-14324;0.025150000;0.841790000
CVE-2020-14323;0.006210000;0.476270000
CVE-2020-14322;0.009120000;0.584390000
CVE-2020-14321;0.162430000;0.968400000
CVE-2020-14320;0.006850000;0.506420000
CVE-2020-1432;0.044520000;0.910780000
CVE-2020-14319;0.003210000;0.226010000
CVE-2020-14318;0.015400000;0.738810000
CVE-2020-14317;0.001920000;0.079690000
CVE-2020-14316;0.015760000;0.744540000
CVE-2020-14315;0.025540000;0.844300000
CVE-2020-14314;0.003710000;0.284060000
CVE-2020-14313;0.008730000;0.572670000
CVE-2020-14312;0.012300000;0.677160000
CVE-2020-14311;0.004650000;0.377620000
CVE-2020-14310;0.004780000;0.387680000
CVE-2020-1431;0.007390000;0.527190000
CVE-2020-14309;0.004820000;0.390740000
CVE-2020-14308;0.004320000;0.350120000
CVE-2020-14307;0.012030000;0.669850000
CVE-2020-14306;0.013000000;0.692890000
CVE-2020-14305;0.051520000;0.921320000
CVE-2020-14304;0.003820000;0.295630000
CVE-2020-14303;0.035390000;0.888500000
CVE-2020-14302;0.010050000;0.614860000
CVE-2020-14301;0.011960000;0.668260000
CVE-2020-14300;0.003820000;0.295890000
CVE-2020-1430;0.007920000;0.545660000
CVE-2020-14299;0.013770000;0.709470000
CVE-2020-14298;0.003210000;0.225290000
CVE-2020-14297;0.012030000;0.669850000
CVE-2020-14296;0.006430000;0.487270000
CVE-2020-14295;0.863300000;0.997300000
CVE-2020-14294;0.012350000;0.678260000
CVE-2020-14293;0.052610000;0.922590000
CVE-2020-14292;0.013090000;0.694820000
CVE-2020-1429;0.009010000;0.580940000
CVE-2020-1428;0.007080000;0.515520000
CVE-2020-14275;0.014400000;0.721070000
CVE-2020-14274;0.013110000;0.695030000
CVE-2020-14273;0.012640000;0.685250000
CVE-2020-14271;0.011100000;0.645450000
CVE-2020-14270;0.009000000;0.580550000
CVE-2020-1427;0.007620000;0.535390000
CVE-2020-14268;0.022530000;0.822400000
CVE-2020-14264;0.001620000;0.047100000
CVE-2020-14263;0.002330000;0.128000000
CVE-2020-14260;0.014560000;0.724310000
CVE-2020-1426;0.012240000;0.675850000
CVE-2020-14258;0.012620000;0.684720000
CVE-2020-14255;0.010580000;0.630890000
CVE-2020-14254;0.006470000;0.489530000
CVE-2020-1425;0.092740000;0.951980000
CVE-2020-14248;0.006720000;0.500980000
CVE-2020-14247;0.006690000;0.499260000
CVE-2020-14246;0.006880000;0.507550000
CVE-2020-14245;0.012130000;0.672980000
CVE-2020-14244;0.029870000;0.867920000
CVE-2020-14240;0.006660000;0.498280000
CVE-2020-1424;0.013230000;0.697540000
CVE-2020-14234;0.010440000;0.626760000
CVE-2020-14232;0.012870000;0.689870000
CVE-2020-14231;0.010300000;0.622690000
CVE-2020-14230;0.012620000;0.684720000
CVE-2020-1423;0.007290000;0.523320000
CVE-2020-14225;0.012660000;0.685540000
CVE-2020-14224;0.022530000;0.822390000
CVE-2020-14223;0.006410000;0.486510000
CVE-2020-14222;0.006410000;0.486470000
CVE-2020-14221;0.008420000;0.562150000
CVE-2020-1422;0.007620000;0.535390000
CVE-2020-14215;0.008910000;0.577900000
CVE-2020-14214;0.007170000;0.518980000
CVE-2020-14213;0.005620000;0.445400000
CVE-2020-14212;0.016550000;0.756160000
CVE-2020-14210;0.009960000;0.611860000
CVE-2020-1421;0.745040000;0.994820000
CVE-2020-14209;0.274820000;0.980080000
CVE-2020-14208;0.006440000;0.488030000
CVE-2020-14207;0.014400000;0.721060000
CVE-2020-14206;0.009600000;0.599920000
CVE-2020-14205;0.011530000;0.656760000
CVE-2020-14204;0.019120000;0.789780000
CVE-2020-14203;0.004850000;0.392700000
CVE-2020-14202;0.006680000;0.499140000
CVE-2020-14201;0.016290000;0.752170000
CVE-2020-1420;0.012250000;0.676030000
CVE-2020-14199;0.008460000;0.563450000
CVE-2020-14198;0.031760000;0.875480000
CVE-2020-14196;0.017020000;0.763030000
CVE-2020-14195;0.045490000;0.912520000
CVE-2020-14194;0.006850000;0.506720000
CVE-2020-14193;0.007790000;0.541010000
CVE-2020-14192;0.008680000;0.570950000
CVE-2020-14191;0.012270000;0.676510000
CVE-2020-14190;0.012270000;0.676510000
CVE-2020-1419;0.013000000;0.692980000
CVE-2020-14189;0.023510000;0.830100000
CVE-2020-14188;0.028690000;0.862570000
CVE-2020-14185;0.018890000;0.787070000
CVE-2020-14184;0.009440000;0.594810000
CVE-2020-14183;0.012870000;0.689840000
CVE-2020-14181;0.996030000;0.999470000
CVE-2020-14180;0.008480000;0.564220000
CVE-2020-1418;0.010190000;0.619220000
CVE-2020-14179;0.760420000;0.995160000
CVE-2020-14178;0.030510000;0.870560000
CVE-2020-14177;0.022330000;0.820800000
CVE-2020-14175;0.011540000;0.656820000
CVE-2020-14174;0.012150000;0.673320000
CVE-2020-14173;0.008860000;0.576370000
CVE-2020-14172;0.025050000;0.841020000
CVE-2020-14171;0.005580000;0.442420000
CVE-2020-14170;0.008290000;0.557990000
CVE-2020-1417;0.014410000;0.721330000
CVE-2020-14169;0.007650000;0.536220000
CVE-2020-14168;0.016800000;0.759860000
CVE-2020-14167;0.021290000;0.812030000
CVE-2020-14166;0.019400000;0.793090000
CVE-2020-14165;0.010050000;0.614870000
CVE-2020-14164;0.007320000;0.524480000
CVE-2020-14163;0.012710000;0.686390000
CVE-2020-14162;0.005870000;0.458960000
CVE-2020-14161;0.009020000;0.581060000
CVE-2020-14160;0.016950000;0.762060000
CVE-2020-1416;0.058620000;0.929440000
CVE-2020-14159;0.019320000;0.792110000
CVE-2020-14158;0.018420000;0.781460000
CVE-2020-14157;0.007930000;0.545820000
CVE-2020-14156;0.018090000;0.777150000
CVE-2020-14155;0.041820000;0.905690000
CVE-2020-14154;0.010610000;0.631820000
CVE-2020-14153;0.010800000;0.637140000
CVE-2020-14152;0.014880000;0.730220000
CVE-2020-14150;0.003850000;0.299350000
CVE-2020-1415;0.007620000;0.535360000
CVE-2020-14149;0.023160000;0.827470000
CVE-2020-14148;0.026430000;0.850010000
CVE-2020-14147;0.030850000;0.871950000
CVE-2020-14146;0.006180000;0.474800000
CVE-2020-14145;0.020570000;0.805100000
CVE-2020-14144;0.953570000;0.998660000
CVE-2020-14140;0.009930000;0.610850000
CVE-2020-1414;0.007620000;0.535360000
CVE-2020-14131;0.008920000;0.578180000
CVE-2020-14130;0.007080000;0.515660000
CVE-2020-1413;0.007620000;0.535390000
CVE-2020-14129;0.009900000;0.610250000
CVE-2020-14127;0.010240000;0.620600000
CVE-2020-14126;0.007180000;0.519480000
CVE-2020-14125;0.073180000;0.941720000
CVE-2020-14124;0.017510000;0.769420000
CVE-2020-14123;0.009300000;0.590310000
CVE-2020-14122;0.001560000;0.040940000
CVE-2020-14121;0.001960000;0.082940000
CVE-2020-14120;0.004150000;0.332190000
CVE-2020-1412;0.139800000;0.964260000
CVE-2020-14119;0.029590000;0.866700000
CVE-2020-14118;0.005630000;0.445680000
CVE-2020-14117;0.006850000;0.506670000
CVE-2020-14116;0.004380000;0.355710000
CVE-2020-14115;0.011220000;0.648450000
CVE-2020-14114;0.007180000;0.519490000
CVE-2020-14112;0.007770000;0.540400000
CVE-2020-14111;0.003230000;0.228320000
CVE-2020-14110;0.002470000;0.143310000
CVE-2020-1411;0.008640000;0.569660000
CVE-2020-14109;0.021650000;0.815080000
CVE-2020-14107;0.009560000;0.598670000
CVE-2020-14106;0.006630000;0.496620000
CVE-2020-14105;0.002550000;0.153690000
CVE-2020-14104;0.006650000;0.497680000
CVE-2020-14103;0.006990000;0.512010000
CVE-2020-14102;0.018830000;0.786410000
CVE-2020-14101;0.010580000;0.630890000
CVE-2020-14100;0.055910000;0.926230000
CVE-2020-1410;0.115360000;0.958870000
CVE-2020-14099;0.006000000;0.465830000
CVE-2020-14098;0.012230000;0.675550000
CVE-2020-14097;0.008610000;0.568730000
CVE-2020-14096;0.012140000;0.673080000
CVE-2020-14095;0.023330000;0.828760000
CVE-2020-14094;0.023330000;0.828760000
CVE-2020-14093;0.021400000;0.812960000
CVE-2020-14092;0.945300000;0.998510000
CVE-2020-1409;0.116850000;0.959220000
CVE-2020-14081;0.022310000;0.820680000
CVE-2020-14080;0.023490000;0.830000000
CVE-2020-1408;0.056360000;0.926830000
CVE-2020-14079;0.022370000;0.821210000
CVE-2020-14078;0.017830000;0.773790000
CVE-2020-14077;0.017830000;0.773790000
CVE-2020-14076;0.026180000;0.848450000
CVE-2020-14075;0.030690000;0.871290000
CVE-2020-14074;0.017830000;0.773790000
CVE-2020-14073;0.028570000;0.862020000
CVE-2020-14072;0.034000000;0.884100000
CVE-2020-14071;0.006850000;0.506460000
CVE-2020-14070;0.018250000;0.779340000
CVE-2020-1407;0.108890000;0.957250000
CVE-2020-14069;0.004190000;0.336280000
CVE-2020-14068;0.011460000;0.654500000
CVE-2020-14067;0.012300000;0.677160000
CVE-2020-14066;0.017740000;0.772820000
CVE-2020-14065;0.014620000;0.725370000
CVE-2020-14064;0.009690000;0.603620000
CVE-2020-14063;0.013670000;0.707390000
CVE-2020-14062;0.081080000;0.946340000
CVE-2020-14061;0.044580000;0.910880000
CVE-2020-14060;0.086070000;0.949120000
CVE-2020-1406;0.008640000;0.569650000
CVE-2020-14059;0.044080000;0.909850000
CVE-2020-14058;0.026090000;0.847910000
CVE-2020-14057;0.025760000;0.845770000
CVE-2020-14056;0.013300000;0.699430000
CVE-2020-14055;0.006990000;0.512030000
CVE-2020-14054;0.014110000;0.715860000
CVE-2020-1405;0.007600000;0.534710000
CVE-2020-14049;0.021610000;0.814790000
CVE-2020-14048;0.048460000;0.917030000
CVE-2020-14044;0.032190000;0.877350000
CVE-2020-14043;0.015490000;0.740550000
CVE-2020-14042;0.011720000;0.661570000
CVE-2020-14040;0.018400000;0.781190000
CVE-2020-1404;0.007620000;0.535370000
CVE-2020-14039;0.017620000;0.771010000
CVE-2020-14034;0.022880000;0.825120000
CVE-2020-14033;0.018970000;0.788120000
CVE-2020-14032;0.021150000;0.810740000
CVE-2020-14031;0.015900000;0.746570000
CVE-2020-14030;0.018360000;0.780700000
CVE-2020-1403;0.104510000;0.955940000
CVE-2020-14029;0.013840000;0.710720000
CVE-2020-14028;0.018640000;0.784240000
CVE-2020-14027;0.008430000;0.562570000
CVE-2020-14026;0.017320000;0.766980000
CVE-2020-14025;0.005350000;0.428410000
CVE-2020-14024;0.007190000;0.519950000
CVE-2020-14023;0.009790000;0.606910000
CVE-2020-14022;0.018420000;0.781450000
CVE-2020-14021;0.011450000;0.654330000
CVE-2020-1402;0.008530000;0.566090000
CVE-2020-14019;0.003420000;0.251280000
CVE-2020-14018;0.009340000;0.591950000
CVE-2020-14017;0.011650000;0.659950000
CVE-2020-14016;0.015790000;0.744900000
CVE-2020-14015;0.013610000;0.706180000
CVE-2020-14014;0.006490000;0.490160000
CVE-2020-14012;0.005100000;0.410880000
CVE-2020-14011;0.294670000;0.981260000
CVE-2020-14010;0.009340000;0.591960000
CVE-2020-1401;0.131280000;0.962330000
CVE-2020-14009;0.003160000;0.219790000
CVE-2020-14008;0.375250000;0.984850000
CVE-2020-14007;0.011340000;0.651330000
CVE-2020-14006;0.011340000;0.651330000
CVE-2020-14005;0.143270000;0.964900000
CVE-2020-14004;0.007390000;0.527230000
CVE-2020-14002;0.031460000;0.874280000
CVE-2020-14001;0.045600000;0.912700000
CVE-2020-14000;0.028300000;0.860740000
CVE-2020-1400;0.237310000;0.977450000
CVE-2020-13999;0.012140000;0.673200000
CVE-2020-13998;0.013890000;0.711850000
CVE-2020-13997;0.014870000;0.730080000
CVE-2020-13996;0.013430000;0.702220000
CVE-2020-13995;0.027140000;0.854300000
CVE-2020-13994;0.073600000;0.941980000
CVE-2020-13993;0.020540000;0.804880000
CVE-2020-13992;0.012050000;0.670350000
CVE-2020-13991;0.024450000;0.836960000
CVE-2020-1399;0.007080000;0.515540000
CVE-2020-13988;0.039590000;0.900750000
CVE-2020-13987;0.032590000;0.879100000
CVE-2020-13986;0.030510000;0.870570000
CVE-2020-13985;0.048700000;0.917360000
CVE-2020-13984;0.016990000;0.762540000
CVE-2020-13980;0.006590000;0.495040000
CVE-2020-1398;0.011650000;0.659920000
CVE-2020-13978;0.012720000;0.686880000
CVE-2020-13977;0.027260000;0.854930000
CVE-2020-13976;0.017660000;0.771660000
CVE-2020-13974;0.005700000;0.449210000
CVE-2020-13973;0.011140000;0.646580000
CVE-2020-13972;0.006860000;0.506860000
CVE-2020-13971;0.005840000;0.457010000
CVE-2020-13970;0.012870000;0.689990000
CVE-2020-1397;0.064200000;0.934620000
CVE-2020-13969;0.006680000;0.499160000
CVE-2020-13968;0.013560000;0.705290000
CVE-2020-13965;0.765960000;0.995280000
CVE-2020-13964;0.010380000;0.625170000
CVE-2020-13963;0.018120000;0.777560000
CVE-2020-13962;0.029870000;0.867900000
CVE-2020-13961;0.016660000;0.757770000
CVE-2020-13960;0.011920000;0.667410000
CVE-2020-1396;0.007620000;0.535370000
CVE-2020-13959;0.057230000;0.927730000
CVE-2020-13958;0.028980000;0.864030000
CVE-2020-13957;0.793420000;0.995910000
CVE-2020-13956;0.090320000;0.951120000
CVE-2020-13955;0.021490000;0.813760000
CVE-2020-13954;0.408730000;0.986110000
CVE-2020-13953;0.026510000;0.850420000
CVE-2020-13952;0.020180000;0.801320000
CVE-2020-13951;0.685780000;0.993180000
CVE-2020-13950;0.493700000;0.988530000
CVE-2020-1395;0.007080000;0.515530000
CVE-2020-13949;0.067790000;0.937620000
CVE-2020-13948;0.031020000;0.872520000
CVE-2020-13947;0.789720000;0.995850000
CVE-2020-13946;0.029510000;0.866420000
CVE-2020-13945;0.729760000;0.994380000
CVE-2020-13944;0.250760000;0.978560000
CVE-2020-13943;0.572860000;0.990460000
CVE-2020-13942;0.682960000;0.993110000
CVE-2020-13941;0.039240000;0.899780000
CVE-2020-13940;0.019110000;0.789610000
CVE-2020-1394;0.007620000;0.535380000
CVE-2020-13938;0.118670000;0.959610000
CVE-2020-13937;0.783310000;0.995680000
CVE-2020-13936;0.227090000;0.976550000
CVE-2020-13935;0.866080000;0.997350000
CVE-2020-13934;0.641240000;0.992030000
CVE-2020-13933;0.444110000;0.987210000
CVE-2020-13932;0.043470000;0.908790000
CVE-2020-13931;0.036990000;0.893330000
CVE-2020-1393;0.009190000;0.586580000
CVE-2020-13929;0.032580000;0.879060000
CVE-2020-13928;0.025870000;0.846460000
CVE-2020-13927;0.997780000;0.999540000
CVE-2020-13926;0.019500000;0.794130000
CVE-2020-13925;0.198590000;0.973360000
CVE-2020-13924;0.040400000;0.902610000
CVE-2020-13923;0.050280000;0.919630000
CVE-2020-13922;0.017280000;0.766440000
CVE-2020-13921;0.334780000;0.983280000
CVE-2020-13920;0.045440000;0.912430000
CVE-2020-1392;0.008920000;0.578220000
CVE-2020-13919;0.025500000;0.844070000
CVE-2020-13918;0.023610000;0.830870000
CVE-2020-13917;0.020830000;0.807750000
CVE-2020-13916;0.036400000;0.891630000
CVE-2020-13915;0.018970000;0.788050000
CVE-2020-13914;0.022870000;0.825060000
CVE-2020-13913;0.013070000;0.694350000
CVE-2020-13912;0.010530000;0.629650000
CVE-2020-13911;0.005530000;0.439340000
CVE-2020-13910;0.012250000;0.675950000
CVE-2020-1391;0.012240000;0.675850000
CVE-2020-13909;0.014780000;0.728430000
CVE-2020-13906;0.011200000;0.648030000
CVE-2020-13905;0.032250000;0.877560000
CVE-2020-13904;0.012900000;0.690440000
CVE-2020-13902;0.009650000;0.601610000
CVE-2020-13901;0.025810000;0.846060000
CVE-2020-13900;0.023670000;0.831270000
CVE-2020-1390;0.007620000;0.535380000
CVE-2020-13899;0.021420000;0.813190000
CVE-2020-13898;0.023070000;0.826650000
CVE-2020-13897;0.006410000;0.486490000
CVE-2020-13896;0.148380000;0.965810000
CVE-2020-13895;0.007090000;0.515860000
CVE-2020-13894;0.011040000;0.643970000
CVE-2020-13893;0.005320000;0.426730000
CVE-2020-13892;0.006960000;0.510660000
CVE-2020-13891;0.010710000;0.634790000
CVE-2020-13890;0.005450000;0.434520000
CVE-2020-1389;0.012240000;0.675850000
CVE-2020-13889;0.008570000;0.567500000
CVE-2020-13888;0.005210000;0.418780000
CVE-2020-13887;0.024450000;0.836960000
CVE-2020-13886;0.051980000;0.921860000
CVE-2020-13885;0.005800000;0.454900000
CVE-2020-13884;0.005740000;0.451660000
CVE-2020-13883;0.008000000;0.548030000
CVE-2020-13882;0.002560000;0.154790000
CVE-2020-13881;0.016730000;0.758800000
CVE-2020-13880;0.005620000;0.444820000
CVE-2020-1388;0.007950000;0.546560000
CVE-2020-13879;0.005620000;0.444810000
CVE-2020-13878;0.005620000;0.444810000
CVE-2020-13877;0.022240000;0.820070000
CVE-2020-13873;0.049150000;0.918040000
CVE-2020-13872;0.026970000;0.853330000
CVE-2020-13871;0.044470000;0.910680000
CVE-2020-13870;0.005400000;0.431440000
CVE-2020-1387;0.007620000;0.535390000
CVE-2020-13869;0.005400000;0.431430000
CVE-2020-13868;0.004280000;0.344850000
CVE-2020-13867;0.003350000;0.242770000
CVE-2020-13866;0.010680000;0.634090000
CVE-2020-13865;0.007610000;0.535070000
CVE-2020-13864;0.007610000;0.535070000
CVE-2020-13863;0.011300000;0.650550000
CVE-2020-13860;0.010810000;0.637460000
CVE-2020-1386;0.012240000;0.675840000
CVE-2020-13859;0.011780000;0.663950000
CVE-2020-13858;0.013970000;0.713270000
CVE-2020-13857;0.011100000;0.645520000
CVE-2020-13856;0.011640000;0.659540000
CVE-2020-13855;0.276290000;0.980190000
CVE-2020-13854;0.029610000;0.866780000
CVE-2020-13853;0.010440000;0.627040000
CVE-2020-13852;0.276290000;0.980190000
CVE-2020-13851;0.909930000;0.998050000
CVE-2020-13850;0.021690000;0.815360000
CVE-2020-1385;0.007080000;0.515530000
CVE-2020-13849;0.020000000;0.799270000
CVE-2020-13848;0.034690000;0.886380000
CVE-2020-13847;0.006290000;0.480030000
CVE-2020-13846;0.013360000;0.700800000
CVE-2020-13845;0.005170000;0.416310000
CVE-2020-13844;0.004880000;0.395370000
CVE-2020-13843;0.001190000;0.015890000
CVE-2020-13842;0.001360000;0.024940000
CVE-2020-13841;0.007100000;0.516280000
CVE-2020-13840;0.006820000;0.505120000
CVE-2020-1384;0.007620000;0.535360000
CVE-2020-13839;0.008690000;0.571350000
CVE-2020-13838;0.001300000;0.021940000
CVE-2020-13837;0.001450000;0.031580000
CVE-2020-13836;0.004920000;0.398250000
CVE-2020-13835;0.004040000;0.320050000
CVE-2020-13834;0.003330000;0.241150000
CVE-2020-13833;0.004610000;0.374450000
CVE-2020-13832;0.006780000;0.503390000
CVE-2020-13831;0.004430000;0.359480000
CVE-2020-13830;0.004310000;0.348740000
CVE-2020-1383;0.011290000;0.650400000
CVE-2020-13829;0.003460000;0.255690000
CVE-2020-13828;0.008320000;0.559030000
CVE-2020-13827;0.008480000;0.564230000
CVE-2020-13826;0.014990000;0.732000000
CVE-2020-13825;0.008060000;0.550350000
CVE-2020-13822;0.026290000;0.849120000
CVE-2020-13821;0.005320000;0.426730000
CVE-2020-13820;0.041780000;0.905570000
CVE-2020-1382;0.053740000;0.923740000
CVE-2020-13819;0.008540000;0.566420000
CVE-2020-13818;0.370330000;0.984670000
CVE-2020-13817;0.032520000;0.878570000
CVE-2020-13815;0.015300000;0.737130000
CVE-2020-13814;0.017170000;0.765140000
CVE-2020-13813;0.007670000;0.536930000
CVE-2020-13812;0.007670000;0.536940000
CVE-2020-13811;0.026950000;0.853200000
CVE-2020-13810;0.010520000;0.629180000
CVE-2020-1381;0.009600000;0.599930000
CVE-2020-13809;0.015300000;0.737130000
CVE-2020-13808;0.015300000;0.737150000
CVE-2020-13807;0.015300000;0.737130000
CVE-2020-13806;0.021310000;0.812230000
CVE-2020-13805;0.015120000;0.734370000
CVE-2020-13804;0.016080000;0.749310000
CVE-2020-13803;0.006840000;0.506320000
CVE-2020-13802;0.067500000;0.937410000
CVE-2020-13800;0.004860000;0.393900000
CVE-2020-1380;0.241880000;0.977800000
CVE-2020-13799;0.002970000;0.200270000
CVE-2020-13798;0.006790000;0.504130000
CVE-2020-13797;0.006790000;0.504140000
CVE-2020-13796;0.006790000;0.504140000
CVE-2020-13795;0.017520000;0.769700000
CVE-2020-13794;0.012660000;0.685610000
CVE-2020-13793;0.016870000;0.761060000
CVE-2020-13792;0.011240000;0.649100000
CVE-2020-13791;0.003980000;0.313890000
CVE-2020-13790;0.032050000;0.876630000
CVE-2020-1379;0.033070000;0.880980000
CVE-2020-13788;0.012780000;0.688020000
CVE-2020-13787;0.009040000;0.581790000
CVE-2020-13786;0.006940000;0.510100000
CVE-2020-13785;0.005870000;0.458730000
CVE-2020-13784;0.012960000;0.691820000
CVE-2020-13783;0.009040000;0.581790000
CVE-2020-13782;0.270570000;0.979810000
CVE-2020-1378;0.038630000;0.898090000
CVE-2020-13778;0.043920000;0.909630000
CVE-2020-13777;0.222840000;0.976090000
CVE-2020-13776;0.004610000;0.374110000
CVE-2020-13775;0.018450000;0.781810000
CVE-2020-13774;0.049520000;0.918630000
CVE-2020-13773;0.013200000;0.697080000
CVE-2020-13772;0.023070000;0.826710000
CVE-2020-13771;0.007850000;0.542800000
CVE-2020-13770;0.004660000;0.377900000
CVE-2020-1377;0.015060000;0.733330000
CVE-2020-13769;0.026680000;0.851620000
CVE-2020-13768;0.020900000;0.808530000
CVE-2020-13767;0.008910000;0.577730000
CVE-2020-13765;0.023980000;0.833450000
CVE-2020-13764;0.018300000;0.779970000
CVE-2020-13763;0.013260000;0.698360000
CVE-2020-13762;0.009860000;0.608700000
CVE-2020-13761;0.009860000;0.608700000
CVE-2020-13760;0.007050000;0.514460000
CVE-2020-1376;0.009310000;0.590750000
CVE-2020-13759;0.015990000;0.747830000
CVE-2020-13758;0.008600000;0.568330000
CVE-2020-13757;0.013970000;0.713270000
CVE-2020-13756;0.497970000;0.988600000
CVE-2020-13754;0.004210000;0.339430000
CVE-2020-13753;0.032660000;0.879320000
CVE-2020-1375;0.067340000;0.937240000
CVE-2020-1374;0.091420000;0.951530000
CVE-2020-1373;0.007620000;0.535370000
CVE-2020-1372;0.007080000;0.515530000
CVE-2020-13712;0.005870000;0.458910000
CVE-2020-1371;0.007360000;0.526030000
CVE-2020-13702;0.021730000;0.815690000
CVE-2020-13700;0.134630000;0.963080000
CVE-2020-1370;0.007620000;0.535360000
CVE-2020-13699;0.257890000;0.979060000
CVE-2020-13697;0.007580000;0.533630000
CVE-2020-13696;0.003550000;0.267190000
CVE-2020-13695;0.016970000;0.762380000
CVE-2020-13694;0.020170000;0.801230000
CVE-2020-13693;0.438790000;0.987050000
CVE-2020-13692;0.040940000;0.903810000
CVE-2020-1369;0.009520000;0.597670000
CVE-2020-13688;0.006620000;0.496230000
CVE-2020-1368;0.007080000;0.515550000
CVE-2020-13677;0.010530000;0.629570000
CVE-2020-13676;0.008050000;0.549830000
CVE-2020-13675;0.012360000;0.678450000
CVE-2020-13674;0.004560000;0.370510000
CVE-2020-13673;0.002590000;0.157640000
CVE-2020-13672;0.006770000;0.503100000
CVE-2020-13671;0.353500000;0.983980000
CVE-2020-13670;0.011060000;0.644440000
CVE-2020-1367;0.012240000;0.675860000
CVE-2020-13669;0.006430000;0.487550000
CVE-2020-13668;0.006810000;0.504860000
CVE-2020-13667;0.009280000;0.589810000
CVE-2020-13666;0.029250000;0.865310000
CVE-2020-13665;0.012750000;0.687330000
CVE-2020-13664;0.029780000;0.867470000
CVE-2020-13663;0.006950000;0.510510000
CVE-2020-13662;0.008640000;0.569580000
CVE-2020-13661;0.011580000;0.657770000
CVE-2020-13660;0.006850000;0.506700000
CVE-2020-1366;0.007080000;0.515550000
CVE-2020-13659;0.004290000;0.345850000
CVE-2020-13658;0.004940000;0.399370000
CVE-2020-13657;0.004120000;0.329100000
CVE-2020-13656;0.021350000;0.812570000
CVE-2020-13655;0.007240000;0.521590000
CVE-2020-13654;0.019450000;0.793520000
CVE-2020-13653;0.013980000;0.713440000
CVE-2020-13652;0.007750000;0.539590000
CVE-2020-13651;0.009050000;0.582440000
CVE-2020-13650;0.010270000;0.621720000
CVE-2020-1365;0.007920000;0.545650000
CVE-2020-13649;0.021150000;0.810800000
CVE-2020-13646;0.003990000;0.314360000
CVE-2020-13645;0.019700000;0.795970000
CVE-2020-13644;0.007660000;0.536550000
CVE-2020-13643;0.008090000;0.551350000
CVE-2020-13642;0.008090000;0.551350000
CVE-2020-13641;0.008090000;0.551350000
CVE-2020-13640;0.126050000;0.961090000
CVE-2020-1364;0.007060000;0.514760000
CVE-2020-13639;0.008210000;0.555440000
CVE-2020-13638;0.766010000;0.995280000
CVE-2020-13637;0.005570000;0.441540000
CVE-2020-13634;0.003830000;0.296790000
CVE-2020-13633;0.006790000;0.504140000
CVE-2020-13632;0.005710000;0.450210000
CVE-2020-13631;0.006200000;0.475740000
CVE-2020-13630;0.010300000;0.622540000
CVE-2020-1363;0.007360000;0.526040000
CVE-2020-13628;0.022330000;0.820780000
CVE-2020-13627;0.022330000;0.820780000
CVE-2020-13626;0.003150000;0.219280000
CVE-2020-13625;0.037800000;0.895690000
CVE-2020-13623;0.011510000;0.655940000
CVE-2020-13622;0.012520000;0.682340000
CVE-2020-13620;0.005480000;0.436450000
CVE-2020-1362;0.024860000;0.839760000
CVE-2020-13619;0.029310000;0.865530000
CVE-2020-13617;0.013260000;0.698310000
CVE-2020-13616;0.009340000;0.591940000
CVE-2020-13615;0.007290000;0.523540000
CVE-2020-13614;0.019280000;0.791500000
CVE-2020-1361;0.012610000;0.684440000
CVE-2020-13603;0.002340000;0.128620000
CVE-2020-13602;0.002970000;0.201060000
CVE-2020-13601;0.009280000;0.589850000
CVE-2020-13600;0.002400000;0.135690000
CVE-2020-1360;0.007080000;0.515540000
CVE-2020-13599;0.002330000;0.127420000
CVE-2020-13598;0.002420000;0.138460000
CVE-2020-13597;0.009020000;0.581190000
CVE-2020-13596;0.028970000;0.863970000
CVE-2020-13595;0.008700000;0.571600000
CVE-2020-13594;0.008130000;0.552710000
CVE-2020-13593;0.002570000;0.155900000
CVE-2020-13592;0.015070000;0.733530000
CVE-2020-13591;0.015070000;0.733550000
CVE-2020-13590;0.008580000;0.567840000
CVE-2020-1359;0.007620000;0.535380000
CVE-2020-13589;0.009680000;0.603020000
CVE-2020-13588;0.009680000;0.603020000
CVE-2020-13587;0.015070000;0.733530000
CVE-2020-13586;0.015250000;0.736380000
CVE-2020-13585;0.018550000;0.783190000
CVE-2020-13584;0.049380000;0.918410000
CVE-2020-13583;0.018810000;0.786170000
CVE-2020-13582;0.026120000;0.848100000
CVE-2020-13581;0.010320000;0.623180000
CVE-2020-13580;0.706880000;0.993780000
CVE-2020-1358;0.012250000;0.676030000
CVE-2020-13579;0.706880000;0.993780000
CVE-2020-13578;0.030230000;0.869450000
CVE-2020-13577;0.030480000;0.870350000
CVE-2020-13576;0.058600000;0.929410000
CVE-2020-13575;0.022050000;0.818500000
CVE-2020-13574;0.030480000;0.870350000
CVE-2020-13573;0.034160000;0.884560000
CVE-2020-13572;0.019170000;0.790350000
CVE-2020-13571;0.019590000;0.794960000
CVE-2020-13570;0.023370000;0.829070000
CVE-2020-1357;0.007380000;0.526990000
CVE-2020-13569;0.030290000;0.869730000
CVE-2020-13568;0.296830000;0.981380000
CVE-2020-13567;0.023450000;0.829670000
CVE-2020-13566;0.015760000;0.744610000
CVE-2020-13565;0.018790000;0.785900000
CVE-2020-13564;0.758560000;0.995120000
CVE-2020-13563;0.758560000;0.995110000
CVE-2020-13562;0.777450000;0.995550000
CVE-2020-13561;0.018550000;0.783190000
CVE-2020-13560;0.030560000;0.870810000
CVE-2020-1356;0.007080000;0.515550000
CVE-2020-13559;0.013180000;0.696810000
CVE-2020-13558;0.018570000;0.783400000
CVE-2020-13557;0.703880000;0.993690000
CVE-2020-13556;0.047140000;0.915040000
CVE-2020-13555;0.005040000;0.406100000
CVE-2020-13554;0.005470000;0.435750000
CVE-2020-13553;0.005040000;0.406100000
CVE-2020-13552;0.005040000;0.406100000
CVE-2020-13551;0.004930000;0.399040000
CVE-2020-13550;0.034880000;0.887060000
CVE-2020-1355;0.039510000;0.900520000
CVE-2020-13549;0.004650000;0.377400000
CVE-2020-13548;0.658040000;0.992470000
CVE-2020-13547;0.029930000;0.868220000
CVE-2020-13546;0.013970000;0.713190000
CVE-2020-13545;0.015810000;0.745240000
CVE-2020-13544;0.015810000;0.745240000
CVE-2020-13543;0.034870000;0.887000000
CVE-2020-13542;0.006110000;0.471190000
CVE-2020-13541;0.006080000;0.469710000
CVE-2020-13540;0.005250000;0.422190000
CVE-2020-1354;0.007920000;0.545660000
CVE-2020-13539;0.005880000;0.459120000
CVE-2020-13537;0.005390000;0.430660000
CVE-2020-13536;0.005500000;0.437680000
CVE-2020-13535;0.006880000;0.507870000
CVE-2020-13534;0.008890000;0.576990000
CVE-2020-13533;0.004180000;0.336240000
CVE-2020-13532;0.004030000;0.319830000
CVE-2020-13531;0.027990000;0.859060000
CVE-2020-13530;0.020880000;0.808360000
CVE-2020-1353;0.007080000;0.515530000
CVE-2020-13529;0.013990000;0.713610000
CVE-2020-13528;0.029690000;0.867130000
CVE-2020-13527;0.005960000;0.463350000
CVE-2020-13526;0.017030000;0.763130000
CVE-2020-13525;0.017030000;0.763140000
CVE-2020-13524;0.008270000;0.557570000
CVE-2020-13523;0.004890000;0.395930000
CVE-2020-13522;0.004550000;0.369860000
CVE-2020-13520;0.021110000;0.810470000
CVE-2020-1352;0.007360000;0.526030000
CVE-2020-13519;0.005730000;0.451340000
CVE-2020-13518;0.005150000;0.414780000
CVE-2020-13517;0.005310000;0.425480000
CVE-2020-13516;0.005150000;0.414780000
CVE-2020-13515;0.005340000;0.427580000
CVE-2020-13514;0.005340000;0.427580000
CVE-2020-13513;0.005340000;0.427570000
CVE-2020-13512;0.005340000;0.427580000
CVE-2020-13511;0.005150000;0.414780000
CVE-2020-13510;0.003790000;0.293140000
CVE-2020-1351;0.013530000;0.704430000
CVE-2020-13509;0.004890000;0.396030000
CVE-2020-13505;0.011830000;0.664970000
CVE-2020-13504;0.011830000;0.664970000
CVE-2020-13501;0.029120000;0.864680000
CVE-2020-13500;0.029120000;0.864690000
CVE-2020-1350;0.967210000;0.998840000
CVE-2020-13499;0.029120000;0.864690000
CVE-2020-13498;0.008660000;0.570420000
CVE-2020-13497;0.012010000;0.669440000
CVE-2020-13496;0.017000000;0.762750000
CVE-2020-13495;0.006940000;0.510040000
CVE-2020-13494;0.011790000;0.663990000
CVE-2020-13493;0.013470000;0.703020000
CVE-2020-1349;0.224070000;0.976220000
CVE-2020-13487;0.015930000;0.747040000
CVE-2020-13486;0.006800000;0.504510000
CVE-2020-13485;0.013550000;0.704890000
CVE-2020-13484;0.020280000;0.802290000
CVE-2020-13483;0.045110000;0.911780000
CVE-2020-13482;0.009050000;0.582220000
CVE-2020-13481;0.002690000;0.170980000
CVE-2020-13480;0.009790000;0.606840000
CVE-2020-1348;0.052490000;0.922460000
CVE-2020-13476;0.006880000;0.507860000
CVE-2020-13474;0.007550000;0.532880000
CVE-2020-13473;0.002890000;0.192390000
CVE-2020-13472;0.003870000;0.302110000
CVE-2020-13471;0.005960000;0.463250000
CVE-2020-13470;0.003800000;0.293230000
CVE-2020-1347;0.007850000;0.542810000
CVE-2020-13469;0.003870000;0.302120000
CVE-2020-13468;0.005480000;0.436180000
CVE-2020-13467;0.002970000;0.200320000
CVE-2020-13466;0.004150000;0.332590000
CVE-2020-13465;0.005380000;0.430260000
CVE-2020-13464;0.002340000;0.128350000
CVE-2020-13463;0.003270000;0.232450000
CVE-2020-13462;0.004180000;0.335890000
CVE-2020-13461;0.005080000;0.409620000
CVE-2020-13460;0.005760000;0.452910000
CVE-2020-1346;0.007380000;0.526980000
CVE-2020-13459;0.005400000;0.431430000
CVE-2020-13458;0.004840000;0.392170000
CVE-2020-13452;0.027460000;0.856070000
CVE-2020-13451;0.030200000;0.869350000
CVE-2020-13450;0.055910000;0.926230000
CVE-2020-1345;0.026770000;0.852260000
CVE-2020-13449;0.049360000;0.918350000
CVE-2020-13448;0.174020000;0.970240000
CVE-2020-13445;0.036860000;0.892940000
CVE-2020-13444;0.015930000;0.747020000
CVE-2020-13443;0.041310000;0.904680000
CVE-2020-13442;0.026470000;0.850220000
CVE-2020-13440;0.008180000;0.554130000
CVE-2020-1344;0.009520000;0.597660000
CVE-2020-13439;0.008180000;0.554130000
CVE-2020-13438;0.008390000;0.561280000
CVE-2020-13435;0.006400000;0.485670000
CVE-2020-13434;0.010130000;0.617450000
CVE-2020-13433;0.011270000;0.649890000
CVE-2020-13432;0.308650000;0.981960000
CVE-2020-13431;0.003090000;0.212530000
CVE-2020-13430;0.018350000;0.780590000
CVE-2020-1343;0.028260000;0.860490000
CVE-2020-13429;0.006800000;0.504390000
CVE-2020-13428;0.024110000;0.834390000
CVE-2020-13427;0.008740000;0.573060000
CVE-2020-13426;0.011930000;0.667440000
CVE-2020-13425;0.005650000;0.446980000
CVE-2020-13424;0.017150000;0.764800000
CVE-2020-13423;0.013590000;0.705690000
CVE-2020-13422;0.008760000;0.573620000
CVE-2020-13421;0.011330000;0.651190000
CVE-2020-13420;0.020310000;0.802610000
CVE-2020-1342;0.064110000;0.934510000
CVE-2020-13419;0.012190000;0.674310000
CVE-2020-13418;0.006210000;0.476490000
CVE-2020-13417;0.022570000;0.822630000
CVE-2020-13416;0.005100000;0.411520000
CVE-2020-13415;0.007470000;0.529910000
CVE-2020-13414;0.014660000;0.726370000
CVE-2020-13413;0.013690000;0.707660000
CVE-2020-13412;0.005830000;0.456730000
CVE-2020-13410;0.022460000;0.821900000
CVE-2020-13409;0.004390000;0.356240000
CVE-2020-13408;0.004390000;0.356240000
CVE-2020-13407;0.004390000;0.356240000
CVE-2020-13405;0.136140000;0.963430000
CVE-2020-13404;0.065400000;0.935680000
CVE-2020-13401;0.028390000;0.861150000
CVE-2020-1340;0.015780000;0.744870000
CVE-2020-13398;0.023250000;0.828100000
CVE-2020-13397;0.005380000;0.430220000
CVE-2020-13396;0.023360000;0.829020000
CVE-2020-13394;0.025520000;0.844220000
CVE-2020-13393;0.032030000;0.876550000
CVE-2020-13392;0.025520000;0.844220000
CVE-2020-13391;0.025520000;0.844210000
CVE-2020-13390;0.025520000;0.844210000
CVE-2020-1339;0.034300000;0.885060000
CVE-2020-13389;0.025520000;0.844220000
CVE-2020-13388;0.044220000;0.910110000
CVE-2020-13387;0.010750000;0.635830000
CVE-2020-13386;0.003480000;0.258560000
CVE-2020-13384;0.025020000;0.840820000
CVE-2020-13383;0.677920000;0.992970000
CVE-2020-13382;0.528140000;0.989370000
CVE-2020-13381;0.590280000;0.990840000
CVE-2020-13380;0.023650000;0.831120000
CVE-2020-1338;0.038510000;0.897730000
CVE-2020-13379;0.998560000;0.999600000
CVE-2020-13378;0.033060000;0.880920000
CVE-2020-13377;0.015260000;0.736530000
CVE-2020-13376;0.035070000;0.887640000
CVE-2020-1337;0.140670000;0.964400000
CVE-2020-13365;0.009720000;0.604510000
CVE-2020-13364;0.011510000;0.656270000
CVE-2020-13362;0.003770000;0.290470000
CVE-2020-13361;0.003700000;0.282890000
CVE-2020-1336;0.009190000;0.586580000
CVE-2020-13359;0.007650000;0.536420000
CVE-2020-13358;0.003250000;0.230450000
CVE-2020-13357;0.007640000;0.536110000
CVE-2020-13356;0.017850000;0.774170000
CVE-2020-13355;0.016810000;0.759990000
CVE-2020-13354;0.014330000;0.720000000
CVE-2020-13353;0.002770000;0.180450000
CVE-2020-13352;0.012240000;0.675880000
CVE-2020-13351;0.013610000;0.706340000
CVE-2020-13350;0.008130000;0.552730000
CVE-2020-1335;0.038510000;0.897740000
CVE-2020-13349;0.009110000;0.584060000
CVE-2020-13348;0.007990000;0.547690000
CVE-2020-13347;0.022820000;0.824650000
CVE-2020-13346;0.013350000;0.700530000
CVE-2020-13345;0.008890000;0.577030000
CVE-2020-13344;0.003440000;0.252970000
CVE-2020-13343;0.015050000;0.733160000
CVE-2020-13342;0.008810000;0.574900000
CVE-2020-13341;0.011830000;0.665030000
CVE-2020-13340;0.686390000;0.993200000
CVE-2020-1334;0.007320000;0.524510000
CVE-2020-13339;0.008230000;0.556200000
CVE-2020-13338;0.007000000;0.512460000
CVE-2020-13337;0.007520000;0.531720000
CVE-2020-13336;0.005120000;0.412890000
CVE-2020-13335;0.008020000;0.549130000
CVE-2020-13334;0.015300000;0.737090000
CVE-2020-13333;0.021120000;0.810550000
CVE-2020-13331;0.006760000;0.502820000
CVE-2020-13330;0.006310000;0.481270000
CVE-2020-1333;0.009210000;0.587120000
CVE-2020-13329;0.005970000;0.464130000
CVE-2020-13328;0.005780000;0.453630000
CVE-2020-13327;0.007150000;0.518220000
CVE-2020-13326;0.006940000;0.509820000
CVE-2020-13325;0.009250000;0.588760000
CVE-2020-13324;0.010100000;0.616410000
CVE-2020-13323;0.011020000;0.643390000
CVE-2020-13322;0.011500000;0.655810000
CVE-2020-13321;0.014180000;0.717210000
CVE-2020-13320;0.010380000;0.625070000
CVE-2020-1332;0.038510000;0.897740000
CVE-2020-13319;0.007800000;0.541200000
CVE-2020-13318;0.009850000;0.608350000
CVE-2020-13317;0.014340000;0.720140000
CVE-2020-13316;0.014350000;0.720260000
CVE-2020-13315;0.020780000;0.807260000
CVE-2020-13314;0.015050000;0.733080000
CVE-2020-13313;0.009810000;0.607460000
CVE-2020-13312;0.008520000;0.565540000
CVE-2020-13311;0.014980000;0.731960000
CVE-2020-13310;0.016520000;0.755750000
CVE-2020-1331;0.012570000;0.683550000
CVE-2020-13309;0.012650000;0.685400000
CVE-2020-13308;0.016410000;0.754270000
CVE-2020-13307;0.010090000;0.616390000
CVE-2020-13306;0.018280000;0.779750000
CVE-2020-13305;0.009860000;0.608890000
CVE-2020-13304;0.016170000;0.750530000
CVE-2020-13303;0.011320000;0.650950000
CVE-2020-13302;0.011320000;0.650990000
CVE-2020-13301;0.011420000;0.653430000
CVE-2020-13300;0.012920000;0.690930000
CVE-2020-1330;0.012240000;0.675850000
CVE-2020-13299;0.012250000;0.675960000
CVE-2020-13298;0.012420000;0.679790000
CVE-2020-13297;0.010290000;0.622370000
CVE-2020-13296;0.016000000;0.748050000
CVE-2020-13295;0.011690000;0.660980000
CVE-2020-13294;0.012210000;0.674890000
CVE-2020-13293;0.010410000;0.625900000
CVE-2020-13292;0.009960000;0.611970000
CVE-2020-13291;0.009560000;0.598640000
CVE-2020-13290;0.011120000;0.646000000
CVE-2020-1329;0.025930000;0.846970000
CVE-2020-13289;0.006870000;0.507230000
CVE-2020-13288;0.040450000;0.902720000
CVE-2020-13287;0.013990000;0.713610000
CVE-2020-13286;0.007450000;0.529370000
CVE-2020-13285;0.010140000;0.617970000
CVE-2020-13284;0.010950000;0.641670000
CVE-2020-13283;0.008460000;0.563420000
CVE-2020-13282;0.006830000;0.505590000
CVE-2020-13281;0.013270000;0.698590000
CVE-2020-13280;0.010500000;0.628510000
CVE-2020-13279;0.012010000;0.669340000
CVE-2020-13278;0.014300000;0.719450000
CVE-2020-13277;0.018480000;0.782180000
CVE-2020-13276;0.006740000;0.501530000
CVE-2020-13275;0.010430000;0.626590000
CVE-2020-13274;0.011490000;0.655450000
CVE-2020-13273;0.011870000;0.666070000
CVE-2020-13272;0.005790000;0.454070000
CVE-2020-13271;0.015310000;0.737190000
CVE-2020-13270;0.014120000;0.716140000
CVE-2020-1327;0.018200000;0.778730000
CVE-2020-13269;0.017500000;0.769320000
CVE-2020-13268;0.010710000;0.634910000
CVE-2020-13267;0.017500000;0.769320000
CVE-2020-13266;0.005540000;0.440240000
CVE-2020-13265;0.007260000;0.522290000
CVE-2020-13264;0.010820000;0.637700000
CVE-2020-13263;0.010170000;0.618800000
CVE-2020-13262;0.008710000;0.571880000
CVE-2020-13261;0.008770000;0.573960000
CVE-2020-13260;0.019820000;0.797240000
CVE-2020-1326;0.015650000;0.742930000
CVE-2020-13259;0.046630000;0.914310000
CVE-2020-13258;0.020630000;0.805850000
CVE-2020-13254;0.060900000;0.931710000
CVE-2020-13253;0.004280000;0.345480000
CVE-2020-13252;0.054150000;0.924170000
CVE-2020-13250;0.028510000;0.861750000
CVE-2020-1325;0.016340000;0.753100000
CVE-2020-13249;0.023370000;0.829080000
CVE-2020-13248;0.005760000;0.452880000
CVE-2020-13247;0.009650000;0.601770000
CVE-2020-13246;0.019870000;0.797800000
CVE-2020-13245;0.005020000;0.405180000
CVE-2020-13241;0.004550000;0.369760000
CVE-2020-13240;0.007010000;0.512800000
CVE-2020-1324;0.007950000;0.546610000
CVE-2020-13239;0.006980000;0.511610000
CVE-2020-13238;0.033360000;0.881940000
CVE-2020-13231;0.008550000;0.566800000
CVE-2020-13230;0.010000000;0.613150000
CVE-2020-1323;0.021350000;0.812650000
CVE-2020-13229;0.016070000;0.749170000
CVE-2020-13228;0.030750000;0.871540000
CVE-2020-13227;0.018690000;0.784880000
CVE-2020-13226;0.020880000;0.808310000
CVE-2020-13225;0.006110000;0.471370000
CVE-2020-13224;0.021830000;0.816500000
CVE-2020-13223;0.012330000;0.677920000
CVE-2020-1322;0.054800000;0.924840000
CVE-2020-1321;0.115780000;0.958960000
CVE-2020-1320;0.015260000;0.736490000
CVE-2020-1319;0.046640000;0.914330000
CVE-2020-13186;0.003560000;0.267930000
CVE-2020-13185;0.010040000;0.614790000
CVE-2020-13183;0.006410000;0.486500000
CVE-2020-1318;0.014880000;0.730220000
CVE-2020-13179;0.003020000;0.205700000
CVE-2020-13178;0.002350000;0.129910000
CVE-2020-13177;0.003760000;0.289150000
CVE-2020-13176;0.008330000;0.559250000
CVE-2020-13175;0.016720000;0.758720000
CVE-2020-13174;0.006610000;0.496000000
CVE-2020-13173;0.002320000;0.126680000
CVE-2020-13170;0.017250000;0.766040000
CVE-2020-1317;0.043500000;0.908840000
CVE-2020-13169;0.022080000;0.818740000
CVE-2020-13168;0.009660000;0.602080000
CVE-2020-13167;0.954150000;0.998680000
CVE-2020-13166;0.776350000;0.995500000
CVE-2020-13164;0.029210000;0.865060000
CVE-2020-13163;0.007510000;0.531170000
CVE-2020-13162;0.007930000;0.545830000
CVE-2020-13160;0.805510000;0.996140000
CVE-2020-1316;0.009410000;0.593860000
CVE-2020-13159;0.093240000;0.952160000
CVE-2020-13158;0.539730000;0.989700000
CVE-2020-13157;0.005690000;0.448830000
CVE-2020-13156;0.005690000;0.448820000
CVE-2020-13155;0.006860000;0.507030000
CVE-2020-13154;0.031180000;0.873170000
CVE-2020-13153;0.008410000;0.561990000
CVE-2020-13152;0.034290000;0.885030000
CVE-2020-13151;0.867490000;0.997390000
CVE-2020-13150;0.002800000;0.183560000
CVE-2020-1315;0.037700000;0.895460000
CVE-2020-13149;0.004490000;0.365180000
CVE-2020-13146;0.010900000;0.639940000
CVE-2020-13145;0.005310000;0.426030000
CVE-2020-13144;0.109630000;0.957470000
CVE-2020-13143;0.051930000;0.921790000
CVE-2020-1314;0.030270000;0.869660000
CVE-2020-13136;0.012050000;0.670310000
CVE-2020-13135;0.007530000;0.532020000
CVE-2020-13134;0.005220000;0.419510000
CVE-2020-13133;0.007040000;0.514120000
CVE-2020-13132;0.006380000;0.484840000
CVE-2020-13131;0.004920000;0.398180000
CVE-2020-1313;0.389740000;0.985450000
CVE-2020-13129;0.017190000;0.765350000
CVE-2020-13128;0.016140000;0.750180000
CVE-2020-13127;0.013780000;0.709770000
CVE-2020-13126;0.085650000;0.948880000
CVE-2020-13125;0.023070000;0.826710000
CVE-2020-13124;0.047150000;0.915060000
CVE-2020-13122;0.071160000;0.940310000
CVE-2020-13121;0.029320000;0.865570000
CVE-2020-1312;0.007330000;0.524970000
CVE-2020-13119;0.008340000;0.559520000
CVE-2020-13118;0.039550000;0.900610000
CVE-2020-13117;0.685760000;0.993180000
CVE-2020-13116;0.005380000;0.430340000
CVE-2020-13114;0.023010000;0.826250000
CVE-2020-13113;0.018870000;0.786790000
CVE-2020-13112;0.026840000;0.852570000
CVE-2020-13111;0.014350000;0.720380000
CVE-2020-13110;0.007370000;0.526530000
CVE-2020-1311;0.031160000;0.873090000
CVE-2020-13109;0.047570000;0.915730000
CVE-2020-13101;0.007330000;0.524800000
CVE-2020-13100;0.012760000;0.687660000
CVE-2020-1310;0.009460000;0.595820000
CVE-2020-13095;0.018910000;0.787310000
CVE-2020-13094;0.011450000;0.654170000
CVE-2020-13093;0.012840000;0.689260000
CVE-2020-13092;0.026670000;0.851580000
CVE-2020-13091;0.034160000;0.884560000
CVE-2020-1309;0.036590000;0.892240000
CVE-2020-1308;0.010310000;0.622990000
CVE-2020-1307;0.037630000;0.895200000
CVE-2020-1306;0.007880000;0.544280000
CVE-2020-1305;0.031160000;0.873080000
CVE-2020-1304;0.032910000;0.880310000
CVE-2020-1303;0.042560000;0.907130000
CVE-2020-1302;0.007330000;0.524980000
CVE-2020-1301;0.437680000;0.987020000
CVE-2020-1300;0.593720000;0.990920000
CVE-2020-1299;0.144810000;0.965170000
CVE-2020-12988;0.010380000;0.625010000
CVE-2020-12987;0.002760000;0.179770000
CVE-2020-12986;0.003130000;0.217410000
CVE-2020-12985;0.002610000;0.161030000
CVE-2020-12983;0.002610000;0.161030000
CVE-2020-12982;0.002610000;0.161020000
CVE-2020-12981;0.002780000;0.181220000
CVE-2020-12980;0.002610000;0.161030000
CVE-2020-1298;0.015260000;0.736500000
CVE-2020-1297;0.014880000;0.730210000
CVE-2020-12967;0.016830000;0.760390000
CVE-2020-12966;0.003130000;0.217660000
CVE-2020-12965;0.023540000;0.830420000
CVE-2020-12964;0.002460000;0.142220000
CVE-2020-12963;0.002610000;0.160460000
CVE-2020-12962;0.002610000;0.160290000
CVE-2020-12961;0.002480000;0.144290000
CVE-2020-12960;0.002320000;0.126680000
CVE-2020-1296;0.012610000;0.684480000
CVE-2020-12954;0.002310000;0.126070000
CVE-2020-12951;0.002160000;0.108440000
CVE-2020-1295;0.029570000;0.866590000
CVE-2020-12946;0.002250000;0.118360000
CVE-2020-12944;0.003460000;0.255440000
CVE-2020-1294;0.033200000;0.881380000
CVE-2020-12933;0.003420000;0.251590000
CVE-2020-12931;0.002580000;0.156820000
CVE-2020-12930;0.002580000;0.156810000
CVE-2020-1293;0.008190000;0.554620000
CVE-2020-12929;0.002660000;0.165870000
CVE-2020-12928;0.013020000;0.693220000
CVE-2020-12927;0.003480000;0.258500000
CVE-2020-12926;0.002140000;0.105710000
CVE-2020-12920;0.002190000;0.110600000
CVE-2020-1292;0.031580000;0.874770000
CVE-2020-12912;0.004680000;0.379800000
CVE-2020-12911;0.003380000;0.246090000
CVE-2020-1291;0.030270000;0.869650000
CVE-2020-12905;0.002590000;0.158470000
CVE-2020-12904;0.002450000;0.140670000
CVE-2020-12903;0.002610000;0.160290000
CVE-2020-12902;0.002460000;0.142200000
CVE-2020-12901;0.002620000;0.161290000
CVE-2020-12900;0.002460000;0.142200000
CVE-2020-1290;0.012780000;0.687940000
CVE-2020-12899;0.002410000;0.137040000
CVE-2020-12898;0.002650000;0.165150000
CVE-2020-12897;0.002460000;0.143040000
CVE-2020-12895;0.002540000;0.152130000
CVE-2020-12894;0.002380000;0.133890000
CVE-2020-12893;0.002650000;0.165150000
CVE-2020-12892;0.003140000;0.218560000
CVE-2020-12891;0.002540000;0.152300000
CVE-2020-12890;0.002810000;0.184460000
CVE-2020-1289;0.014560000;0.724230000
CVE-2020-12889;0.012300000;0.677150000
CVE-2020-12888;0.004040000;0.320270000
CVE-2020-12887;0.017330000;0.767070000
CVE-2020-12886;0.013520000;0.704120000
CVE-2020-12885;0.012350000;0.678260000
CVE-2020-12884;0.013520000;0.704120000
CVE-2020-12883;0.017830000;0.773900000
CVE-2020-12882;0.012030000;0.669970000
CVE-2020-12880;0.004770000;0.387190000
CVE-2020-12878;0.005230000;0.420820000
CVE-2020-12877;0.012300000;0.677310000
CVE-2020-12876;0.011170000;0.647290000
CVE-2020-12875;0.006420000;0.486720000
CVE-2020-12874;0.009030000;0.581660000
CVE-2020-12873;0.016730000;0.758880000
CVE-2020-12872;0.003890000;0.304000000
CVE-2020-12870;0.016090000;0.749330000
CVE-2020-1287;0.030270000;0.869650000
CVE-2020-12869;0.005510000;0.438320000
CVE-2020-12867;0.004970000;0.401580000
CVE-2020-12866;0.010410000;0.625790000
CVE-2020-12865;0.014570000;0.724390000
CVE-2020-12864;0.012040000;0.670220000
CVE-2020-12863;0.010060000;0.615300000
CVE-2020-12862;0.010770000;0.636210000
CVE-2020-12861;0.030440000;0.870220000
CVE-2020-12860;0.010160000;0.618400000
CVE-2020-1286;0.117800000;0.959410000
CVE-2020-12859;0.006870000;0.507260000
CVE-2020-12858;0.018060000;0.776810000
CVE-2020-12857;0.016310000;0.752610000
CVE-2020-12856;0.051420000;0.921140000
CVE-2020-12855;0.022310000;0.820660000
CVE-2020-12854;0.029750000;0.867390000
CVE-2020-12853;0.007580000;0.533730000
CVE-2020-12852;0.023500000;0.830070000
CVE-2020-12851;0.014500000;0.723090000
CVE-2020-12850;0.004910000;0.397300000
CVE-2020-1285;0.039560000;0.900650000
CVE-2020-12849;0.008260000;0.556940000
CVE-2020-12848;0.011050000;0.644280000
CVE-2020-12847;0.016840000;0.760510000
CVE-2020-12846;0.026240000;0.848750000
CVE-2020-12845;0.032040000;0.876600000
CVE-2020-12843;0.013080000;0.694520000
CVE-2020-12842;0.015460000;0.739890000
CVE-2020-12841;0.004940000;0.399590000
CVE-2020-12840;0.004940000;0.399590000
CVE-2020-1284;0.068780000;0.938360000
CVE-2020-12839;0.015460000;0.739900000
CVE-2020-12838;0.015460000;0.739890000
CVE-2020-12837;0.009310000;0.590630000
CVE-2020-12835;0.129730000;0.961930000
CVE-2020-12834;0.110720000;0.957770000
CVE-2020-12832;0.070730000;0.939970000
CVE-2020-12831;0.013970000;0.713160000
CVE-2020-12830;0.033270000;0.881610000
CVE-2020-1283;0.088190000;0.950150000
CVE-2020-12829;0.003740000;0.288000000
CVE-2020-12828;0.032780000;0.879710000
CVE-2020-12827;0.026600000;0.851110000
CVE-2020-12826;0.007060000;0.514520000
CVE-2020-12825;0.023190000;0.827670000
CVE-2020-12824;0.010750000;0.635830000
CVE-2020-12823;0.046220000;0.913730000
CVE-2020-12821;0.019370000;0.792710000
CVE-2020-12820;0.008870000;0.576520000
CVE-2020-1282;0.032910000;0.880320000
CVE-2020-12819;0.007920000;0.545650000
CVE-2020-12818;0.009000000;0.580550000
CVE-2020-12817;0.022760000;0.824200000
CVE-2020-12816;0.011540000;0.656950000
CVE-2020-12815;0.008510000;0.565110000
CVE-2020-12814;0.004660000;0.377990000
CVE-2020-12812;0.493440000;0.988530000
CVE-2020-12811;0.008010000;0.548390000
CVE-2020-1281;0.144870000;0.965170000
CVE-2020-12803;0.017120000;0.764490000
CVE-2020-12802;0.019440000;0.793440000
CVE-2020-12801;0.012550000;0.682990000
CVE-2020-12800;0.786080000;0.995750000
CVE-2020-1280;0.030270000;0.869660000
CVE-2020-12798;0.003430000;0.251910000
CVE-2020-12797;0.015520000;0.741050000
CVE-2020-12790;0.021890000;0.816990000
CVE-2020-1279;0.007390000;0.527040000
CVE-2020-12789;0.012300000;0.677230000
CVE-2020-12788;0.013360000;0.700770000
CVE-2020-12787;0.012270000;0.676450000
CVE-2020-12785;0.008770000;0.573720000
CVE-2020-12784;0.012510000;0.682070000
CVE-2020-12783;0.045530000;0.912610000
CVE-2020-12782;0.018860000;0.786690000
CVE-2020-12781;0.004780000;0.387960000
CVE-2020-12780;0.011940000;0.667690000
CVE-2020-1278;0.008190000;0.554620000
CVE-2020-12779;0.006300000;0.481070000
CVE-2020-12778;0.007930000;0.545840000
CVE-2020-12777;0.012600000;0.684040000
CVE-2020-12776;0.008330000;0.559280000
CVE-2020-12775;0.028010000;0.859220000
CVE-2020-12774;0.004120000;0.328610000
CVE-2020-12773;0.011630000;0.659230000
CVE-2020-12772;0.017400000;0.768010000
CVE-2020-12771;0.005190000;0.417500000
CVE-2020-12770;0.005860000;0.458200000
CVE-2020-1277;0.007330000;0.524970000
CVE-2020-12769;0.006520000;0.491880000
CVE-2020-12768;0.003920000;0.306620000
CVE-2020-12767;0.005310000;0.425630000
CVE-2020-12766;0.010340000;0.623940000
CVE-2020-12765;0.012990000;0.692440000
CVE-2020-12764;0.013230000;0.697620000
CVE-2020-12763;0.033570000;0.882650000
CVE-2020-12762;0.018950000;0.787870000
CVE-2020-12761;0.016290000;0.752350000
CVE-2020-12760;0.034560000;0.885940000
CVE-2020-1276;0.009130000;0.584540000
CVE-2020-12759;0.006710000;0.499960000
CVE-2020-12758;0.017090000;0.763970000
CVE-2020-12757;0.015220000;0.735770000
CVE-2020-12755;0.003710000;0.284680000
CVE-2020-12754;0.002950000;0.198720000
CVE-2020-12753;0.024720000;0.838880000
CVE-2020-12752;0.005050000;0.407210000
CVE-2020-12751;0.004730000;0.384280000
CVE-2020-12750;0.003640000;0.276230000
CVE-2020-1275;0.008300000;0.558360000
CVE-2020-12749;0.001510000;0.036310000
CVE-2020-12748;0.003320000;0.238490000
CVE-2020-12747;0.004400000;0.357350000
CVE-2020-12746;0.010820000;0.637850000
CVE-2020-12745;0.004280000;0.344890000
CVE-2020-12744;0.001990000;0.087900000
CVE-2020-12743;0.015460000;0.739800000
CVE-2020-12742;0.010660000;0.633600000
CVE-2020-12740;0.016930000;0.761810000
CVE-2020-1274;0.008300000;0.558370000
CVE-2020-12739;0.019490000;0.794030000
CVE-2020-12737;0.011350000;0.651710000
CVE-2020-12736;0.020290000;0.802370000
CVE-2020-12735;0.017190000;0.765360000
CVE-2020-12734;0.009410000;0.593950000
CVE-2020-12733;0.013170000;0.696510000
CVE-2020-12732;0.009410000;0.593880000
CVE-2020-12731;0.006810000;0.504740000
CVE-2020-12730;0.001990000;0.087640000
CVE-2020-1273;0.007710000;0.538320000
CVE-2020-12729;0.002550000;0.153500000
CVE-2020-12725;0.013180000;0.696700000
CVE-2020-12723;0.059710000;0.930430000
CVE-2020-12720;0.889480000;0.997760000
CVE-2020-1272;0.007930000;0.546010000
CVE-2020-12719;0.010340000;0.624060000
CVE-2020-12718;0.006590000;0.495160000
CVE-2020-12717;0.013930000;0.712570000
CVE-2020-12715;0.012070000;0.670830000
CVE-2020-12714;0.009740000;0.605400000
CVE-2020-12713;0.026260000;0.848930000
CVE-2020-12712;0.078420000;0.944830000
CVE-2020-1271;0.008270000;0.557510000
CVE-2020-12708;0.009240000;0.588400000
CVE-2020-12707;0.012250000;0.676090000
CVE-2020-12706;0.028970000;0.863980000
CVE-2020-12705;0.006410000;0.486460000
CVE-2020-12704;0.011860000;0.665860000
CVE-2020-12703;0.006410000;0.486510000
CVE-2020-12702;0.003060000;0.208990000
CVE-2020-12700;0.007780000;0.540870000
CVE-2020-1270;0.007950000;0.546610000
CVE-2020-12699;0.007810000;0.541720000
CVE-2020-12698;0.007780000;0.540870000
CVE-2020-12697;0.012790000;0.688210000
CVE-2020-12696;0.020060000;0.800190000
CVE-2020-12695;0.151930000;0.966390000
CVE-2020-12693;0.022570000;0.822650000
CVE-2020-12692;0.007050000;0.514260000
CVE-2020-12691;0.049180000;0.918070000
CVE-2020-12690;0.018960000;0.787970000
CVE-2020-1269;0.009880000;0.609480000
CVE-2020-12689;0.015620000;0.742510000
CVE-2020-12687;0.009680000;0.603040000
CVE-2020-12685;0.007720000;0.538770000
CVE-2020-12684;0.011210000;0.648380000
CVE-2020-12683;0.005550000;0.440710000
CVE-2020-12681;0.005170000;0.416210000
CVE-2020-12680;0.003440000;0.252940000
CVE-2020-1268;0.012670000;0.685660000
CVE-2020-12679;0.007730000;0.539220000
CVE-2020-12677;0.018610000;0.783930000
CVE-2020-12676;0.029060000;0.864420000
CVE-2020-12675;0.028420000;0.861320000
CVE-2020-12674;0.061870000;0.932560000
CVE-2020-12673;0.061870000;0.932550000
CVE-2020-12672;0.029240000;0.865250000
CVE-2020-12670;0.006850000;0.506380000
CVE-2020-1267;0.045320000;0.912120000
CVE-2020-12669;0.019550000;0.794530000
CVE-2020-12668;0.018140000;0.777920000
CVE-2020-12667;0.025480000;0.843900000
CVE-2020-12666;0.014100000;0.715620000
CVE-2020-12663;0.035880000;0.890110000
CVE-2020-12662;0.031970000;0.876300000
CVE-2020-1266;0.008940000;0.578690000
CVE-2020-12659;0.007070000;0.515430000
CVE-2020-12658;0.017710000;0.772400000
CVE-2020-12657;0.007110000;0.516630000
CVE-2020-12656;0.003340000;0.241670000
CVE-2020-12655;0.004510000;0.366300000
CVE-2020-12654;0.012180000;0.674060000
CVE-2020-12653;0.004520000;0.367510000
CVE-2020-12652;0.003280000;0.233350000
CVE-2020-12651;0.066030000;0.936170000
CVE-2020-1265;0.007320000;0.524500000
CVE-2020-12649;0.016060000;0.749010000
CVE-2020-12648;0.018110000;0.777500000
CVE-2020-12647;0.003940000;0.310160000
CVE-2020-12646;0.005270000;0.423310000
CVE-2020-12645;0.010750000;0.635670000
CVE-2020-12644;0.006850000;0.506590000
CVE-2020-12643;0.006230000;0.477590000
CVE-2020-12642;0.013830000;0.710610000
CVE-2020-12641;0.843360000;0.996930000
CVE-2020-12640;0.067270000;0.937170000
CVE-2020-1264;0.008300000;0.558370000
CVE-2020-12639;0.006990000;0.512030000
CVE-2020-12638;0.004500000;0.366010000
CVE-2020-12637;0.006780000;0.503520000
CVE-2020-12635;0.007240000;0.521390000
CVE-2020-1263;0.012670000;0.685650000
CVE-2020-12629;0.015040000;0.733030000
CVE-2020-12627;0.013680000;0.707450000
CVE-2020-12626;0.019860000;0.797610000
CVE-2020-12625;0.027820000;0.858290000
CVE-2020-12624;0.012980000;0.692390000
CVE-2020-12621;0.003330000;0.241180000
CVE-2020-12620;0.015020000;0.732590000
CVE-2020-1262;0.008940000;0.578690000
CVE-2020-12619;0.004290000;0.346170000
CVE-2020-12618;0.003480000;0.258010000
CVE-2020-12615;0.002240000;0.117190000
CVE-2020-12614;0.001420000;0.029370000
CVE-2020-12613;0.007740000;0.539440000
CVE-2020-12612;0.002560000;0.155680000
CVE-2020-1261;0.012670000;0.685660000
CVE-2020-12608;0.224040000;0.976220000
CVE-2020-12607;0.012790000;0.688090000
CVE-2020-12606;0.033880000;0.883660000
CVE-2020-12605;0.014480000;0.722630000
CVE-2020-12604;0.017030000;0.763130000
CVE-2020-12603;0.014480000;0.722630000
CVE-2020-1260;0.071750000;0.940800000
CVE-2020-12595;0.008670000;0.570630000
CVE-2020-12594;0.015100000;0.733980000
CVE-2020-12593;0.019970000;0.798890000
CVE-2020-1259;0.031260000;0.873560000
CVE-2020-1258;0.009460000;0.595820000
CVE-2020-1257;0.008190000;0.554620000
CVE-2020-1256;0.046010000;0.913380000
CVE-2020-1255;0.033660000;0.882960000
CVE-2020-1254;0.008570000;0.567350000
CVE-2020-12530;0.006460000;0.488880000
CVE-2020-1253;0.009380000;0.593220000
CVE-2020-12529;0.008360000;0.560440000
CVE-2020-12528;0.008610000;0.568580000
CVE-2020-12527;0.010150000;0.618120000
CVE-2020-12526;0.009550000;0.598370000
CVE-2020-12525;0.013400000;0.701740000
CVE-2020-12524;0.010830000;0.638070000
CVE-2020-12523;0.008990000;0.580210000
CVE-2020-12522;0.030540000;0.870740000
CVE-2020-12521;0.004590000;0.372720000
CVE-2020-1252;0.038800000;0.898540000
CVE-2020-12519;0.008610000;0.568820000
CVE-2020-12518;0.007470000;0.529820000
CVE-2020-12517;0.011240000;0.648940000
CVE-2020-12516;0.018870000;0.786830000
CVE-2020-12514;0.010130000;0.617770000
CVE-2020-12513;0.311100000;0.982120000
CVE-2020-12512;0.007230000;0.521230000
CVE-2020-12511;0.005680000;0.448240000
CVE-2020-12510;0.008760000;0.573510000
CVE-2020-1251;0.008910000;0.577960000
CVE-2020-12509;0.008370000;0.560640000
CVE-2020-12508;0.008370000;0.560640000
CVE-2020-12507;0.007350000;0.525570000
CVE-2020-12506;0.014520000;0.723500000
CVE-2020-12505;0.012470000;0.681100000
CVE-2020-12504;0.030200000;0.869310000
CVE-2020-12503;0.232820000;0.977060000
CVE-2020-12502;0.010280000;0.621960000
CVE-2020-12501;0.033380000;0.882000000
CVE-2020-12500;0.028850000;0.863320000
CVE-2020-1250;0.010790000;0.636720000
CVE-2020-12499;0.004000000;0.316000000
CVE-2020-12498;0.021060000;0.809970000
CVE-2020-12497;0.146680000;0.965480000
CVE-2020-12496;0.008350000;0.559990000
CVE-2020-12495;0.009200000;0.586830000
CVE-2020-12494;0.010140000;0.617880000
CVE-2020-12493;0.014030000;0.714580000
CVE-2020-12492;0.001670000;0.053710000
CVE-2020-12491;0.001890000;0.076430000
CVE-2020-1249;0.007620000;0.535370000
CVE-2020-12488;0.002080000;0.097540000
CVE-2020-12487;0.002690000;0.171400000
CVE-2020-12485;0.002660000;0.165880000
CVE-2020-12484;0.002250000;0.119100000
CVE-2020-12483;0.006770000;0.502910000
CVE-2020-12480;0.005250000;0.421850000
CVE-2020-1248;0.137320000;0.963790000
CVE-2020-12479;0.025750000;0.845710000
CVE-2020-12478;0.085520000;0.948820000
CVE-2020-12477;0.018030000;0.776360000
CVE-2020-12475;0.005590000;0.443010000
CVE-2020-12474;0.025910000;0.846810000
CVE-2020-12473;0.014390000;0.721010000
CVE-2020-12472;0.005310000;0.426020000
CVE-2020-12471;0.027640000;0.857170000
CVE-2020-12470;0.016740000;0.758950000
CVE-2020-1247;0.008940000;0.578680000
CVE-2020-12469;0.008640000;0.569610000
CVE-2020-12468;0.008580000;0.567710000
CVE-2020-12467;0.009390000;0.593440000
CVE-2020-12465;0.003820000;0.296470000
CVE-2020-12464;0.008020000;0.549120000
CVE-2020-12463;0.004480000;0.364270000
CVE-2020-12462;0.004590000;0.372280000
CVE-2020-12461;0.016990000;0.762630000
CVE-2020-12460;0.036840000;0.892890000
CVE-2020-1246;0.009410000;0.593860000
CVE-2020-12459;0.003200000;0.225030000
CVE-2020-12458;0.004690000;0.380780000
CVE-2020-12457;0.015310000;0.737210000
CVE-2020-12456;0.030610000;0.870980000
CVE-2020-1245;0.008330000;0.559450000
CVE-2020-12448;0.012610000;0.684420000
CVE-2020-12447;0.137040000;0.963680000
CVE-2020-12446;0.004980000;0.401950000
CVE-2020-12443;0.036590000;0.892220000
CVE-2020-12442;0.022530000;0.822360000
CVE-2020-12441;0.038360000;0.897360000
CVE-2020-1244;0.030250000;0.869550000
CVE-2020-12439;0.015510000;0.740890000
CVE-2020-12438;0.005820000;0.455670000
CVE-2020-12432;0.008660000;0.570350000
CVE-2020-12431;0.005500000;0.437690000
CVE-2020-12430;0.022750000;0.824060000
CVE-2020-1243;0.009000000;0.580590000
CVE-2020-12429;0.025090000;0.841270000
CVE-2020-12427;0.004540000;0.369340000
CVE-2020-12426;0.016090000;0.749380000
CVE-2020-12425;0.015730000;0.744080000
CVE-2020-12424;0.016070000;0.749080000
CVE-2020-12423;0.004140000;0.331750000
CVE-2020-12422;0.019380000;0.792820000
CVE-2020-12421;0.018430000;0.781570000
CVE-2020-12420;0.018590000;0.783690000
CVE-2020-1242;0.037700000;0.895460000
CVE-2020-12419;0.023220000;0.827850000
CVE-2020-12418;0.030340000;0.869880000
CVE-2020-12417;0.026760000;0.852200000
CVE-2020-12416;0.013500000;0.703630000
CVE-2020-12415;0.012650000;0.685460000
CVE-2020-12414;0.006740000;0.501840000
CVE-2020-12413;0.005940000;0.462360000
CVE-2020-12412;0.007780000;0.540750000
CVE-2020-12411;0.011680000;0.660570000
CVE-2020-12410;0.017290000;0.766480000
CVE-2020-1241;0.031780000;0.875540000
CVE-2020-12409;0.011780000;0.663790000
CVE-2020-12408;0.009580000;0.599380000
CVE-2020-12407;0.009740000;0.605240000
CVE-2020-12406;0.010200000;0.619330000
CVE-2020-12405;0.013520000;0.704260000
CVE-2020-12404;0.007840000;0.542600000
CVE-2020-12403;0.015410000;0.739000000
CVE-2020-12402;0.003370000;0.245530000
CVE-2020-12401;0.003230000;0.228050000
CVE-2020-12400;0.002680000;0.169490000
CVE-2020-1240;0.126310000;0.961140000
CVE-2020-12399;0.006510000;0.491410000
CVE-2020-12398;0.009760000;0.606120000
CVE-2020-12397;0.005970000;0.464210000
CVE-2020-12396;0.016340000;0.753240000
CVE-2020-12395;0.025340000;0.843030000
CVE-2020-12394;0.002750000;0.178170000
CVE-2020-12393;0.010110000;0.617080000
CVE-2020-12392;0.003470000;0.256840000
CVE-2020-12391;0.014260000;0.718680000
CVE-2020-12390;0.015820000;0.745400000
CVE-2020-1239;0.059280000;0.930000000
CVE-2020-12389;0.016810000;0.760030000
CVE-2020-12388;0.027140000;0.854270000
CVE-2020-12387;0.014030000;0.714520000
CVE-2020-12386;0.002430000;0.139390000
CVE-2020-12385;0.002740000;0.177180000
CVE-2020-12384;0.002740000;0.177180000
CVE-2020-12380;0.002930000;0.196110000
CVE-2020-1238;0.069880000;0.939250000
CVE-2020-12377;0.002930000;0.196110000
CVE-2020-12376;0.002620000;0.161220000
CVE-2020-12375;0.002970000;0.200150000
CVE-2020-12374;0.002790000;0.182910000
CVE-2020-12373;0.002690000;0.171080000
CVE-2020-12372;0.002430000;0.139380000
CVE-2020-12371;0.002430000;0.139380000
CVE-2020-12370;0.002430000;0.139380000
CVE-2020-1237;0.031580000;0.874760000
CVE-2020-12369;0.002740000;0.177190000
CVE-2020-12368;0.002740000;0.177190000
CVE-2020-12367;0.002740000;0.177200000
CVE-2020-12366;0.002740000;0.177200000
CVE-2020-12365;0.002290000;0.123580000
CVE-2020-12364;0.003150000;0.219180000
CVE-2020-12363;0.003150000;0.219190000
CVE-2020-12362;0.003590000;0.271380000
CVE-2020-12361;0.002430000;0.139380000
CVE-2020-12360;0.003470000;0.256920000
CVE-2020-1236;0.115360000;0.958870000
CVE-2020-12359;0.003180000;0.221960000
CVE-2020-12358;0.002980000;0.201670000
CVE-2020-12357;0.003460000;0.255340000
CVE-2020-12356;0.003850000;0.298900000
CVE-2020-12355;0.004050000;0.321050000
CVE-2020-12354;0.003360000;0.244020000
CVE-2020-12353;0.007670000;0.537050000
CVE-2020-12352;0.057140000;0.927580000
CVE-2020-12351;0.076930000;0.943950000
CVE-2020-12350;0.003260000;0.231250000
CVE-2020-1235;0.030010000;0.868570000
CVE-2020-12349;0.008740000;0.572860000
CVE-2020-12347;0.012970000;0.692070000
CVE-2020-12346;0.002820000;0.185590000
CVE-2020-12345;0.003150000;0.219320000
CVE-2020-1234;0.046940000;0.914760000
CVE-2020-12339;0.010760000;0.636040000
CVE-2020-12338;0.015950000;0.747290000
CVE-2020-12337;0.003220000;0.226790000
CVE-2020-12336;0.003230000;0.228080000
CVE-2020-12335;0.002820000;0.185610000
CVE-2020-12334;0.002820000;0.185610000
CVE-2020-12333;0.002970000;0.200320000
CVE-2020-12332;0.002820000;0.185610000
CVE-2020-12331;0.003230000;0.228090000
CVE-2020-12330;0.002820000;0.185620000
CVE-2020-1233;0.033200000;0.881380000
CVE-2020-12329;0.003230000;0.228100000
CVE-2020-12328;0.003150000;0.218740000
CVE-2020-12327;0.003150000;0.218740000
CVE-2020-12326;0.003070000;0.210830000
CVE-2020-12325;0.003230000;0.228100000
CVE-2020-12324;0.003230000;0.228100000
CVE-2020-12323;0.003220000;0.226780000
CVE-2020-12322;0.004610000;0.374200000
CVE-2020-12321;0.009820000;0.607630000
CVE-2020-12320;0.003260000;0.231260000
CVE-2020-1232;0.058730000;0.929530000
CVE-2020-12319;0.006710000;0.500160000
CVE-2020-12318;0.003230000;0.228100000
CVE-2020-12317;0.006960000;0.510820000
CVE-2020-12316;0.002760000;0.179420000
CVE-2020-12315;0.017480000;0.769120000
CVE-2020-12314;0.004610000;0.374200000
CVE-2020-12313;0.008980000;0.579840000
CVE-2020-12312;0.003610000;0.272920000
CVE-2020-12311;0.003560000;0.267790000
CVE-2020-12310;0.003560000;0.267790000
CVE-2020-1231;0.033830000;0.883500000
CVE-2020-12309;0.003330000;0.241180000
CVE-2020-12308;0.008740000;0.572860000
CVE-2020-12307;0.003150000;0.219350000
CVE-2020-12306;0.002820000;0.185590000
CVE-2020-12304;0.003560000;0.268070000
CVE-2020-12303;0.003690000;0.281480000
CVE-2020-12302;0.002820000;0.185590000
CVE-2020-12301;0.003370000;0.244710000
CVE-2020-12300;0.003370000;0.244710000
CVE-2020-1230;0.070820000;0.940040000
CVE-2020-12299;0.003340000;0.241430000
CVE-2020-12297;0.004490000;0.365180000
CVE-2020-12296;0.002190000;0.110580000
CVE-2020-12295;0.002190000;0.110580000
CVE-2020-12294;0.002190000;0.110580000
CVE-2020-12293;0.002190000;0.110560000
CVE-2020-12292;0.002190000;0.110600000
CVE-2020-12291;0.002190000;0.110590000
CVE-2020-12290;0.002190000;0.110570000
CVE-2020-1229;0.038270000;0.897080000
CVE-2020-12289;0.002190000;0.110570000
CVE-2020-12288;0.002190000;0.110590000
CVE-2020-12287;0.002820000;0.185600000
CVE-2020-12286;0.009810000;0.607370000
CVE-2020-12284;0.038500000;0.897710000
CVE-2020-12283;0.013330000;0.699890000
CVE-2020-12282;0.004960000;0.400770000
CVE-2020-12281;0.004940000;0.399590000
CVE-2020-12280;0.004940000;0.399590000
CVE-2020-1228;0.044960000;0.911510000
CVE-2020-12279;0.052140000;0.922110000
CVE-2020-12278;0.052380000;0.922320000
CVE-2020-12277;0.007690000;0.537690000
CVE-2020-12276;0.005520000;0.438730000
CVE-2020-12275;0.010220000;0.620260000
CVE-2020-12274;0.012270000;0.676410000
CVE-2020-12273;0.007530000;0.531870000
CVE-2020-12272;0.021890000;0.816990000
CVE-2020-12271;0.424340000;0.986590000
CVE-2020-12270;0.014370000;0.720620000
CVE-2020-1227;0.016270000;0.752000000
CVE-2020-12268;0.027400000;0.855730000
CVE-2020-12267;0.024080000;0.834170000
CVE-2020-12266;0.017650000;0.771490000
CVE-2020-12265;0.021160000;0.810890000
CVE-2020-12262;0.017110000;0.764250000
CVE-2020-12261;0.025870000;0.846390000
CVE-2020-1226;0.170840000;0.969790000
CVE-2020-12259;0.961790000;0.998770000
CVE-2020-12258;0.017080000;0.763850000
CVE-2020-12257;0.014090000;0.715540000
CVE-2020-12256;0.957520000;0.998710000
CVE-2020-12255;0.525820000;0.989310000
CVE-2020-12254;0.003950000;0.310580000
CVE-2020-12252;0.019730000;0.796250000
CVE-2020-12251;0.012010000;0.669420000
CVE-2020-1225;0.170840000;0.969780000
CVE-2020-12248;0.017990000;0.775900000
CVE-2020-12247;0.036070000;0.890680000
CVE-2020-12246;0.048990000;0.917790000
CVE-2020-12245;0.019620000;0.795270000
CVE-2020-12244;0.023680000;0.831280000
CVE-2020-12243;0.044230000;0.910120000
CVE-2020-12242;0.010880000;0.639430000
CVE-2020-1224;0.043520000;0.908910000
CVE-2020-1223;0.080450000;0.945960000
CVE-2020-1222;0.008270000;0.557510000
CVE-2020-1220;0.018110000;0.777430000
CVE-2020-1219;0.190570000;0.972220000
CVE-2020-1218;0.038330000;0.897270000
CVE-2020-1217;0.043630000;0.909110000
CVE-2020-1216;0.071750000;0.940800000
CVE-2020-1215;0.080220000;0.945810000
CVE-2020-12149;0.013270000;0.698570000
CVE-2020-12148;0.020830000;0.807790000
CVE-2020-12147;0.015210000;0.735560000
CVE-2020-12146;0.275690000;0.980140000
CVE-2020-12145;0.060470000;0.931200000
CVE-2020-12144;0.003350000;0.243170000
CVE-2020-12143;0.003350000;0.243170000
CVE-2020-12142;0.007220000;0.520780000
CVE-2020-12141;0.015660000;0.743060000
CVE-2020-12140;0.009200000;0.586920000
CVE-2020-1214;0.080220000;0.945810000
CVE-2020-12138;0.033220000;0.881470000
CVE-2020-12137;0.022880000;0.825160000
CVE-2020-12135;0.011650000;0.659900000
CVE-2020-12134;0.013050000;0.693870000
CVE-2020-12133;0.101180000;0.954930000
CVE-2020-12132;0.006720000;0.500700000
CVE-2020-12131;0.007000000;0.512540000
CVE-2020-12130;0.006860000;0.506870000
CVE-2020-1213;0.071750000;0.940800000
CVE-2020-12129;0.007000000;0.512550000
CVE-2020-12128;0.016370000;0.753600000
CVE-2020-12127;0.074010000;0.942250000
CVE-2020-12126;0.012900000;0.690450000
CVE-2020-12125;0.036080000;0.890700000
CVE-2020-12124;0.746500000;0.994870000
CVE-2020-12123;0.004250000;0.342470000
CVE-2020-12122;0.004660000;0.378180000
CVE-2020-12120;0.017700000;0.772320000
CVE-2020-1212;0.034350000;0.885230000
CVE-2020-12119;0.004930000;0.398550000
CVE-2020-12118;0.012790000;0.688120000
CVE-2020-12117;0.013980000;0.713330000
CVE-2020-12116;0.974180000;0.998980000
CVE-2020-12114;0.004400000;0.357610000
CVE-2020-12113;0.009470000;0.595960000
CVE-2020-12112;0.052780000;0.922780000
CVE-2020-12111;0.078650000;0.944990000
CVE-2020-12110;0.135660000;0.963300000
CVE-2020-1211;0.030270000;0.869650000
CVE-2020-12109;0.743380000;0.994780000
CVE-2020-12108;0.026980000;0.853390000
CVE-2020-12107;0.020890000;0.808450000
CVE-2020-12106;0.013990000;0.713760000
CVE-2020-12105;0.017380000;0.767740000
CVE-2020-12104;0.016020000;0.748230000
CVE-2020-12103;0.014580000;0.724740000
CVE-2020-12102;0.018300000;0.779940000
CVE-2020-12101;0.019860000;0.797600000
CVE-2020-12100;0.052580000;0.922560000
CVE-2020-1210;0.019010000;0.788550000
CVE-2020-1209;0.033200000;0.881390000
CVE-2020-12083;0.009670000;0.602920000
CVE-2020-12082;0.004560000;0.370300000
CVE-2020-12081;0.010900000;0.639840000
CVE-2020-12080;0.021110000;0.810520000
CVE-2020-1208;0.146720000;0.965490000
CVE-2020-12079;0.022280000;0.820420000
CVE-2020-12078;0.099990000;0.954550000
CVE-2020-12077;0.055450000;0.925590000
CVE-2020-12076;0.006870000;0.507460000
CVE-2020-12075;0.010420000;0.626050000
CVE-2020-12074;0.017270000;0.766270000
CVE-2020-12073;0.015810000;0.745310000
CVE-2020-12071;0.005640000;0.446720000
CVE-2020-12070;0.019840000;0.797490000
CVE-2020-1207;0.012050000;0.670330000
CVE-2020-12069;0.001640000;0.050210000
CVE-2020-12068;0.009190000;0.586650000
CVE-2020-12067;0.005090000;0.410680000
CVE-2020-12066;0.030310000;0.869810000
CVE-2020-12063;0.009350000;0.592010000
CVE-2020-12062;0.021780000;0.816080000
CVE-2020-12061;0.018530000;0.782900000
CVE-2020-1206;0.104780000;0.956010000
CVE-2020-12059;0.027210000;0.854640000
CVE-2020-12058;0.009600000;0.600030000
CVE-2020-12054;0.036110000;0.890780000
CVE-2020-12053;0.006780000;0.503510000
CVE-2020-12052;0.014800000;0.728590000
CVE-2020-12051;0.013170000;0.696440000
CVE-2020-12050;0.003080000;0.211220000
CVE-2020-1205;0.017720000;0.772510000
CVE-2020-12049;0.005690000;0.448920000
CVE-2020-12048;0.004520000;0.367570000
CVE-2020-12047;0.016760000;0.759240000
CVE-2020-12046;0.004650000;0.377000000
CVE-2020-12045;0.016760000;0.759240000
CVE-2020-12043;0.020980000;0.809350000
CVE-2020-12042;0.005100000;0.411240000
CVE-2020-12041;0.014060000;0.715070000
CVE-2020-12040;0.009480000;0.596280000
CVE-2020-1204;0.007940000;0.546090000
CVE-2020-12039;0.003480000;0.257840000
CVE-2020-12038;0.024990000;0.840640000
CVE-2020-12037;0.004830000;0.391480000
CVE-2020-12036;0.004960000;0.400850000
CVE-2020-12035;0.002470000;0.143400000
CVE-2020-12034;0.012630000;0.685030000
CVE-2020-12033;0.010970000;0.642380000
CVE-2020-12032;0.009490000;0.596590000
CVE-2020-12031;0.006000000;0.465750000
CVE-2020-12030;0.011310000;0.650690000
CVE-2020-1203;0.009280000;0.589810000
CVE-2020-12029;0.469680000;0.987930000
CVE-2020-12028;0.530330000;0.989440000
CVE-2020-12027;0.530240000;0.989430000
CVE-2020-12026;0.023120000;0.827160000
CVE-2020-12025;0.015450000;0.739710000
CVE-2020-12024;0.003600000;0.272120000
CVE-2020-12023;0.005200000;0.418520000
CVE-2020-12022;0.016720000;0.758690000
CVE-2020-12021;0.015700000;0.743600000
CVE-2020-12020;0.003260000;0.231720000
CVE-2020-1202;0.009280000;0.589810000
CVE-2020-12019;0.021690000;0.815340000
CVE-2020-12018;0.015290000;0.736920000
CVE-2020-12017;0.023310000;0.828650000
CVE-2020-12016;0.018560000;0.783260000
CVE-2020-12015;0.020320000;0.802650000
CVE-2020-12014;0.015290000;0.736910000
CVE-2020-12013;0.030290000;0.869740000
CVE-2020-12012;0.003600000;0.272120000
CVE-2020-12011;0.291940000;0.981130000
CVE-2020-12010;0.010350000;0.624250000
CVE-2020-1201;0.008570000;0.567340000
CVE-2020-12009;0.035960000;0.890350000
CVE-2020-12008;0.009480000;0.596330000
CVE-2020-12007;0.039380000;0.900180000
CVE-2020-12006;0.036920000;0.893140000
CVE-2020-12005;0.018420000;0.781430000
CVE-2020-12004;0.136390000;0.963530000
CVE-2020-12003;0.052300000;0.922260000
CVE-2020-12002;0.090760000;0.951260000
CVE-2020-12001;0.115030000;0.958810000
CVE-2020-12000;0.014800000;0.728650000
CVE-2020-1200;0.020690000;0.806450000
CVE-2020-11999;0.028050000;0.859420000
CVE-2020-11998;0.512250000;0.989010000
CVE-2020-11997;0.012450000;0.680570000
CVE-2020-11996;0.266990000;0.979590000
CVE-2020-11995;0.056820000;0.927260000
CVE-2020-11994;0.044910000;0.911430000
CVE-2020-11993;0.564480000;0.990290000
CVE-2020-11991;0.724560000;0.994240000
CVE-2020-11990;0.007410000;0.527790000
CVE-2020-1199;0.008570000;0.567350000
CVE-2020-11989;0.244360000;0.978010000
CVE-2020-11988;0.066500000;0.936470000
CVE-2020-11987;0.132800000;0.962610000
CVE-2020-11986;0.099310000;0.954350000
CVE-2020-11985;0.070500000;0.939780000
CVE-2020-11984;0.900390000;0.997920000
CVE-2020-11983;0.017660000;0.771600000
CVE-2020-11982;0.072250000;0.941110000
CVE-2020-11981;0.365370000;0.984450000
CVE-2020-11980;0.018760000;0.785630000
CVE-2020-1198;0.026650000;0.851450000
CVE-2020-11979;0.080160000;0.945780000
CVE-2020-11978;0.991890000;0.999330000
CVE-2020-11977;0.028620000;0.862250000
CVE-2020-11976;0.037590000;0.895080000
CVE-2020-11975;0.298850000;0.981470000
CVE-2020-11974;0.081240000;0.946450000
CVE-2020-11973;0.065920000;0.936090000
CVE-2020-11972;0.055140000;0.925220000
CVE-2020-11971;0.139590000;0.964220000
CVE-2020-1197;0.008570000;0.567340000
CVE-2020-11969;0.041150000;0.904260000
CVE-2020-11968;0.026580000;0.850960000
CVE-2020-11967;0.032690000;0.879410000
CVE-2020-11966;0.030680000;0.871230000
CVE-2020-11965;0.020680000;0.806330000
CVE-2020-11964;0.023040000;0.826450000
CVE-2020-11963;0.032250000;0.877560000
CVE-2020-11961;0.011540000;0.656830000
CVE-2020-11960;0.014330000;0.719900000
CVE-2020-1196;0.007390000;0.527040000
CVE-2020-11959;0.013980000;0.713400000
CVE-2020-11958;0.016980000;0.762410000
CVE-2020-11957;0.003940000;0.309190000
CVE-2020-11956;0.016210000;0.751120000
CVE-2020-11955;0.013130000;0.695510000
CVE-2020-11953;0.024700000;0.838680000
CVE-2020-11952;0.005270000;0.423380000
CVE-2020-11951;0.016550000;0.756100000
CVE-2020-11950;0.026850000;0.852620000
CVE-2020-1195;0.020120000;0.800750000
CVE-2020-11949;0.011940000;0.667760000
CVE-2020-11947;0.004730000;0.384220000
CVE-2020-11946;0.517980000;0.989130000
CVE-2020-11945;0.272460000;0.979930000
CVE-2020-11944;0.012460000;0.680790000
CVE-2020-11943;0.239010000;0.977580000
CVE-2020-11942;0.012370000;0.678660000
CVE-2020-11941;0.045580000;0.912680000
CVE-2020-11940;0.013240000;0.697960000
CVE-2020-1194;0.013070000;0.694260000
CVE-2020-11939;0.033020000;0.880760000
CVE-2020-11938;0.008530000;0.565930000
CVE-2020-11937;0.004680000;0.379780000
CVE-2020-11936;0.003430000;0.251940000
CVE-2020-11935;0.002000000;0.088030000
CVE-2020-11934;0.003650000;0.277720000
CVE-2020-11933;0.002170000;0.108620000
CVE-2020-11932;0.005970000;0.463560000
CVE-2020-11931;0.003300000;0.235920000
CVE-2020-11930;0.044570000;0.910880000
CVE-2020-1193;0.038330000;0.897270000
CVE-2020-11928;0.035590000;0.889080000
CVE-2020-11926;0.005730000;0.451310000
CVE-2020-11925;0.013490000;0.703580000
CVE-2020-11924;0.003140000;0.218040000
CVE-2020-11923;0.003090000;0.212240000
CVE-2020-11922;0.011240000;0.649120000
CVE-2020-11921;0.002450000;0.141010000
CVE-2020-11920;0.041930000;0.905880000
CVE-2020-1192;0.041180000;0.904310000
CVE-2020-11919;0.003420000;0.250850000
CVE-2020-11918;0.002870000;0.190430000
CVE-2020-11917;0.005670000;0.447800000
CVE-2020-11916;0.004940000;0.399720000
CVE-2020-11915;0.005860000;0.458420000
CVE-2020-11914;0.016570000;0.756510000
CVE-2020-11913;0.033360000;0.881900000
CVE-2020-11912;0.045210000;0.911930000
CVE-2020-11911;0.031490000;0.874410000
CVE-2020-11910;0.109340000;0.957410000
CVE-2020-1191;0.016790000;0.759620000
CVE-2020-11909;0.035910000;0.890200000
CVE-2020-11908;0.018990000;0.788350000
CVE-2020-11907;0.019600000;0.795010000
CVE-2020-11906;0.019600000;0.795020000
CVE-2020-11905;0.019870000;0.797860000
CVE-2020-11904;0.031710000;0.875330000
CVE-2020-11903;0.020750000;0.806990000
CVE-2020-11902;0.092790000;0.952010000
CVE-2020-11901;0.211150000;0.975060000
CVE-2020-11900;0.131950000;0.962430000
CVE-2020-1190;0.008330000;0.559340000
CVE-2020-11899;0.185640000;0.971640000
CVE-2020-11898;0.188740000;0.972010000
CVE-2020-11897;0.091410000;0.951520000
CVE-2020-11896;0.368520000;0.984590000
CVE-2020-11895;0.017450000;0.768620000
CVE-2020-11894;0.017450000;0.768610000
CVE-2020-11891;0.007950000;0.546340000
CVE-2020-11890;0.027610000;0.856930000
CVE-2020-1189;0.008330000;0.559330000
CVE-2020-11889;0.007600000;0.534590000
CVE-2020-11888;0.019320000;0.792040000
CVE-2020-11887;0.007000000;0.512560000
CVE-2020-11886;0.013780000;0.709600000
CVE-2020-11885;0.007780000;0.540760000
CVE-2020-11884;0.003970000;0.312380000
CVE-2020-11883;0.151500000;0.966310000
CVE-2020-11882;0.010010000;0.613460000
CVE-2020-11881;0.037750000;0.895580000
CVE-2020-11880;0.008500000;0.564840000
CVE-2020-1188;0.008330000;0.559330000
CVE-2020-11879;0.027610000;0.856910000
CVE-2020-11878;0.013200000;0.697000000
CVE-2020-11877;0.015630000;0.742580000
CVE-2020-11876;0.017060000;0.763600000
CVE-2020-11875;0.001790000;0.066810000
CVE-2020-11874;0.003640000;0.276230000
CVE-2020-11873;0.004400000;0.357330000
CVE-2020-11872;0.006800000;0.504210000
CVE-2020-1187;0.008330000;0.559320000
CVE-2020-11869;0.003950000;0.311040000
CVE-2020-11868;0.021160000;0.810860000
CVE-2020-11867;0.004750000;0.385460000
CVE-2020-11866;0.013530000;0.704470000
CVE-2020-11865;0.013920000;0.712380000
CVE-2020-11864;0.012650000;0.685370000
CVE-2020-11863;0.011150000;0.646800000
CVE-2020-11862;0.007000000;0.512450000
CVE-2020-11861;0.003460000;0.255630000
CVE-2020-11860;0.006410000;0.486440000
CVE-2020-1186;0.008330000;0.559340000
CVE-2020-11859;0.003340000;0.242400000
CVE-2020-11858;0.026870000;0.852770000
CVE-2020-11857;0.157760000;0.967590000
CVE-2020-11856;0.052350000;0.922300000
CVE-2020-11855;0.013480000;0.703290000
CVE-2020-11854;0.744490000;0.994800000
CVE-2020-11853;0.769900000;0.995370000
CVE-2020-11852;0.013680000;0.707480000
CVE-2020-11851;0.029480000;0.866290000
CVE-2020-11850;0.003240000;0.229150000
CVE-2020-1185;0.008330000;0.559350000
CVE-2020-11849;0.011830000;0.665090000
CVE-2020-11848;0.010440000;0.626870000
CVE-2020-11847;0.003090000;0.212780000
CVE-2020-11846;0.003270000;0.232770000
CVE-2020-11845;0.007650000;0.536220000
CVE-2020-11844;0.020070000;0.800320000
CVE-2020-11843;0.004840000;0.392110000
CVE-2020-11842;0.011380000;0.652560000
CVE-2020-11841;0.006810000;0.504980000
CVE-2020-11840;0.006810000;0.504970000
CVE-2020-1184;0.008330000;0.559350000
CVE-2020-11839;0.006410000;0.486500000
CVE-2020-11838;0.005100000;0.411030000
CVE-2020-11836;0.001480000;0.033990000
CVE-2020-11835;0.003280000;0.233500000
CVE-2020-11834;0.003280000;0.233500000
CVE-2020-11833;0.003280000;0.233500000
CVE-2020-11832;0.003280000;0.233510000
CVE-2020-11831;0.013870000;0.711430000
CVE-2020-11830;0.014640000;0.725780000
CVE-2020-1183;0.014880000;0.730210000
CVE-2020-11829;0.011490000;0.655370000
CVE-2020-11828;0.011710000;0.661480000
CVE-2020-11827;0.003420000;0.251070000
CVE-2020-11826;0.005140000;0.414390000
CVE-2020-11825;0.010110000;0.616930000
CVE-2020-11823;0.006980000;0.511600000
CVE-2020-11822;0.008000000;0.548040000
CVE-2020-11821;0.011030000;0.643570000
CVE-2020-11820;0.018380000;0.780960000
CVE-2020-1182;0.027540000;0.856540000
CVE-2020-11819;0.267780000;0.979650000
CVE-2020-11818;0.008390000;0.561340000
CVE-2020-11817;0.019910000;0.798270000
CVE-2020-11816;0.018380000;0.780960000
CVE-2020-11815;0.023080000;0.826830000
CVE-2020-11814;0.009960000;0.611930000
CVE-2020-11813;0.005160000;0.415430000
CVE-2020-11812;0.017230000;0.765870000
CVE-2020-11811;0.029980000;0.868420000
CVE-2020-11810;0.016500000;0.755460000
CVE-2020-1181;0.693030000;0.993390000
CVE-2020-11807;0.006520000;0.491790000
CVE-2020-11806;0.004930000;0.398450000
CVE-2020-11805;0.014220000;0.717970000
CVE-2020-11804;0.071070000;0.940230000
CVE-2020-11803;0.075500000;0.943080000
CVE-2020-11800;0.091910000;0.951670000
CVE-2020-1180;0.020670000;0.806240000
CVE-2020-11799;0.011840000;0.665260000
CVE-2020-11798;0.487710000;0.988370000
CVE-2020-11797;0.011660000;0.660190000
CVE-2020-11796;0.012280000;0.676640000
CVE-2020-11795;0.008260000;0.557070000
CVE-2020-11793;0.028980000;0.864060000
CVE-2020-11792;0.006620000;0.496390000
CVE-2020-11791;0.006470000;0.489420000
CVE-2020-11790;0.024170000;0.834920000
CVE-2020-1179;0.050490000;0.920010000
CVE-2020-11789;0.026710000;0.851830000
CVE-2020-11788;0.005770000;0.453060000
CVE-2020-11787;0.004390000;0.356130000
CVE-2020-11786;0.004820000;0.390950000
CVE-2020-11785;0.004390000;0.356120000
CVE-2020-11784;0.004390000;0.356140000
CVE-2020-11783;0.004820000;0.390950000
CVE-2020-11782;0.004820000;0.390940000
CVE-2020-11781;0.004390000;0.356110000
CVE-2020-11780;0.004820000;0.390940000
CVE-2020-1178;0.031300000;0.873690000
CVE-2020-11779;0.004390000;0.356110000
CVE-2020-11778;0.005060000;0.408070000
CVE-2020-11777;0.005060000;0.408060000
CVE-2020-11776;0.005570000;0.441490000
CVE-2020-11775;0.005570000;0.441500000
CVE-2020-11774;0.005570000;0.441500000
CVE-2020-11773;0.006430000;0.487680000
CVE-2020-11772;0.005060000;0.408070000
CVE-2020-11771;0.005570000;0.441500000
CVE-2020-11770;0.015990000;0.747870000
CVE-2020-1177;0.014880000;0.730210000
CVE-2020-11769;0.005060000;0.408070000
CVE-2020-11768;0.005060000;0.408060000
CVE-2020-11767;0.018180000;0.778570000
CVE-2020-11766;0.018460000;0.782030000
CVE-2020-11765;0.017020000;0.762970000
CVE-2020-11764;0.017850000;0.774080000
CVE-2020-11763;0.017930000;0.775150000
CVE-2020-11762;0.018070000;0.776890000
CVE-2020-11761;0.017850000;0.774080000
CVE-2020-11760;0.018070000;0.776900000
CVE-2020-1176;0.036760000;0.892700000
CVE-2020-11759;0.016960000;0.762120000
CVE-2020-11758;0.017930000;0.775150000
CVE-2020-11753;0.017150000;0.764760000
CVE-2020-1175;0.036760000;0.892690000
CVE-2020-11749;0.162260000;0.968380000
CVE-2020-11743;0.005270000;0.423320000
CVE-2020-11742;0.004090000;0.325020000
CVE-2020-11741;0.004240000;0.341570000
CVE-2020-11740;0.004340000;0.351750000
CVE-2020-1174;0.036760000;0.892690000
CVE-2020-11739;0.002880000;0.190980000
CVE-2020-11738;0.978220000;0.999050000
CVE-2020-11737;0.017810000;0.773620000
CVE-2020-11736;0.007680000;0.537270000
CVE-2020-11735;0.012870000;0.689810000
CVE-2020-11734;0.009620000;0.600950000
CVE-2020-11733;0.015570000;0.741800000
CVE-2020-11732;0.048640000;0.917280000
CVE-2020-11731;0.011540000;0.656950000
CVE-2020-1173;0.024610000;0.838100000
CVE-2020-11729;0.018790000;0.786020000
CVE-2020-11728;0.015880000;0.746190000
CVE-2020-11727;0.019550000;0.794600000
CVE-2020-11725;0.005150000;0.414940000
CVE-2020-11724;0.025920000;0.846900000
CVE-2020-11723;0.004470000;0.363770000
CVE-2020-11722;0.038910000;0.898780000
CVE-2020-11721;0.009430000;0.594660000
CVE-2020-11720;0.018560000;0.783270000
CVE-2020-1172;0.022360000;0.821090000
CVE-2020-11719;0.010060000;0.615340000
CVE-2020-11718;0.008570000;0.567410000
CVE-2020-11717;0.019920000;0.798380000
CVE-2020-11716;0.013580000;0.705550000
CVE-2020-11715;0.014330000;0.719900000
CVE-2020-11714;0.006730000;0.501330000
CVE-2020-11713;0.020100000;0.800610000
CVE-2020-11712;0.010570000;0.630660000
CVE-2020-11711;0.004750000;0.385750000
CVE-2020-11710;0.331270000;0.983130000
CVE-2020-1171;0.050430000;0.919930000
CVE-2020-11709;0.016840000;0.760580000
CVE-2020-11708;0.016030000;0.748420000
CVE-2020-11707;0.010030000;0.614660000
CVE-2020-11706;0.004960000;0.400760000
CVE-2020-11705;0.009080000;0.583170000
CVE-2020-11704;0.006780000;0.503640000
CVE-2020-11703;0.009310000;0.590620000
CVE-2020-11702;0.006780000;0.503650000
CVE-2020-11701;0.004960000;0.400770000
CVE-2020-11700;0.070870000;0.940070000
CVE-2020-1170;0.016080000;0.749240000
CVE-2020-11699;0.096440000;0.953300000
CVE-2020-11698;0.731970000;0.994430000
CVE-2020-11697;0.006850000;0.506460000
CVE-2020-11696;0.006850000;0.506470000
CVE-2020-11694;0.018630000;0.784160000
CVE-2020-11693;0.017800000;0.773500000
CVE-2020-11692;0.009180000;0.586470000
CVE-2020-11691;0.008720000;0.572150000
CVE-2020-11690;0.023010000;0.826220000
CVE-2020-1169;0.036630000;0.892370000
CVE-2020-11689;0.006250000;0.478550000
CVE-2020-11688;0.009900000;0.610250000
CVE-2020-11687;0.010720000;0.635100000
CVE-2020-11686;0.007410000;0.527920000
CVE-2020-11685;0.008800000;0.574520000
CVE-2020-11684;0.010770000;0.636380000
CVE-2020-11683;0.005140000;0.414600000
CVE-2020-11682;0.006440000;0.488190000
CVE-2020-11681;0.011430000;0.653630000
CVE-2020-11680;0.011660000;0.660230000
CVE-2020-11679;0.020180000;0.801290000
CVE-2020-11677;0.006570000;0.494010000
CVE-2020-11676;0.006570000;0.494010000
CVE-2020-11675;0.006570000;0.494010000
CVE-2020-11674;0.007020000;0.513130000
CVE-2020-11673;0.035250000;0.888120000
CVE-2020-11671;0.011380000;0.652610000
CVE-2020-1167;0.047160000;0.915070000
CVE-2020-11669;0.004960000;0.400920000
CVE-2020-11668;0.004830000;0.391490000
CVE-2020-11666;0.030220000;0.869420000
CVE-2020-11665;0.015690000;0.743440000
CVE-2020-11664;0.013530000;0.704380000
CVE-2020-11663;0.013250000;0.698110000
CVE-2020-11662;0.032030000;0.876540000
CVE-2020-11661;0.018870000;0.786800000
CVE-2020-11660;0.013710000;0.708240000
CVE-2020-1166;0.009440000;0.595050000
CVE-2020-11659;0.009240000;0.588490000
CVE-2020-11658;0.023750000;0.831770000
CVE-2020-11656;0.076100000;0.943470000
CVE-2020-11655;0.043400000;0.908630000
CVE-2020-11653;0.021590000;0.814640000
CVE-2020-11652;0.861780000;0.997260000
CVE-2020-11651;0.966140000;0.998830000
CVE-2020-11650;0.029520000;0.866460000
CVE-2020-1165;0.009440000;0.595040000
CVE-2020-11649;0.008110000;0.552130000
CVE-2020-11647;0.034050000;0.884260000
CVE-2020-11646;0.010110000;0.616960000
CVE-2020-11645;0.013460000;0.702940000
CVE-2020-11644;0.011980000;0.668800000
CVE-2020-11643;0.012850000;0.689540000
CVE-2020-11642;0.012970000;0.692080000
CVE-2020-11641;0.012270000;0.676550000
CVE-2020-11640;0.003720000;0.285640000
CVE-2020-1164;0.021980000;0.817870000
CVE-2020-11639;0.001270000;0.019840000
CVE-2020-11637;0.010920000;0.640380000
CVE-2020-11635;0.004440000;0.361050000
CVE-2020-11634;0.004650000;0.377040000
CVE-2020-11633;0.018910000;0.787290000
CVE-2020-11632;0.003180000;0.222320000
CVE-2020-11631;0.010500000;0.628390000
CVE-2020-11630;0.012680000;0.685960000
CVE-2020-1163;0.008850000;0.575970000
CVE-2020-11629;0.005810000;0.455590000
CVE-2020-11628;0.008580000;0.567720000
CVE-2020-11627;0.004520000;0.367350000
CVE-2020-11626;0.003930000;0.308580000
CVE-2020-11625;0.013760000;0.709340000
CVE-2020-11624;0.011970000;0.668610000
CVE-2020-11623;0.004360000;0.353710000
CVE-2020-11622;0.012770000;0.687880000
CVE-2020-11620;0.057800000;0.928340000
CVE-2020-1162;0.007710000;0.538320000
CVE-2020-11619;0.037140000;0.893740000
CVE-2020-11618;0.004150000;0.332140000
CVE-2020-11617;0.004200000;0.337410000
CVE-2020-11616;0.013320000;0.699820000
CVE-2020-11615;0.012630000;0.684750000
CVE-2020-11614;0.003920000;0.306350000
CVE-2020-11613;0.004630000;0.376200000
CVE-2020-11612;0.094380000;0.952540000
CVE-2020-11611;0.009360000;0.592410000
CVE-2020-11610;0.014100000;0.715630000
CVE-2020-1161;0.051420000;0.921150000
CVE-2020-11609;0.005880000;0.459170000
CVE-2020-11608;0.005340000;0.427470000
CVE-2020-11607;0.003960000;0.311820000
CVE-2020-11606;0.001610000;0.046330000
CVE-2020-11605;0.004310000;0.348730000
CVE-2020-11604;0.004750000;0.386050000
CVE-2020-11603;0.007540000;0.532310000
CVE-2020-11602;0.001550000;0.039990000
CVE-2020-11601;0.001480000;0.034050000
CVE-2020-11600;0.008310000;0.558830000
CVE-2020-1160;0.015960000;0.747450000
CVE-2020-11599;0.011040000;0.643970000
CVE-2020-11598;0.025090000;0.841280000
CVE-2020-11597;0.014800000;0.728800000
CVE-2020-11596;0.017680000;0.771970000
CVE-2020-11595;0.012090000;0.671720000
CVE-2020-11594;0.012090000;0.671720000
CVE-2020-11593;0.009920000;0.610770000
CVE-2020-11592;0.012090000;0.671710000
CVE-2020-11591;0.009630000;0.601250000
CVE-2020-11590;0.009630000;0.601250000
CVE-2020-1159;0.007210000;0.520690000
CVE-2020-11589;0.011320000;0.651000000
CVE-2020-11588;0.009630000;0.601250000
CVE-2020-11587;0.012090000;0.671720000
CVE-2020-11586;0.012470000;0.681000000
CVE-2020-11585;0.006880000;0.507840000
CVE-2020-11584;0.009050000;0.582440000
CVE-2020-11583;0.010170000;0.618730000
CVE-2020-11582;0.008790000;0.574430000
CVE-2020-11581;0.098390000;0.954010000
CVE-2020-11580;0.010720000;0.634980000
CVE-2020-1158;0.024960000;0.840420000
CVE-2020-11579;0.269190000;0.979730000
CVE-2020-11576;0.019730000;0.796220000
CVE-2020-1157;0.024960000;0.840430000
CVE-2020-11565;0.005170000;0.416580000
CVE-2020-11561;0.022060000;0.818590000
CVE-2020-11560;0.009990000;0.613140000
CVE-2020-1156;0.024960000;0.840420000
CVE-2020-11558;0.015400000;0.738820000
CVE-2020-11557;0.007200000;0.520030000
CVE-2020-11556;0.005570000;0.441390000
CVE-2020-11555;0.013590000;0.705700000
CVE-2020-11554;0.014890000;0.730310000
CVE-2020-11553;0.005130000;0.413630000
CVE-2020-11552;0.074030000;0.942270000
CVE-2020-11551;0.016510000;0.755630000
CVE-2020-11550;0.015680000;0.743310000
CVE-2020-1155;0.024960000;0.840420000
CVE-2020-11549;0.041360000;0.904810000
CVE-2020-11548;0.051750000;0.921580000
CVE-2020-11547;0.520590000;0.989210000
CVE-2020-11546;0.328410000;0.983010000
CVE-2020-11545;0.015970000;0.747550000
CVE-2020-11544;0.011120000;0.645980000
CVE-2020-11543;0.025950000;0.847090000
CVE-2020-11542;0.009780000;0.606550000
CVE-2020-11541;0.003260000;0.231260000
CVE-2020-1154;0.009440000;0.595050000
CVE-2020-11539;0.010340000;0.623970000
CVE-2020-11538;0.025140000;0.841690000
CVE-2020-11537;0.014860000;0.729830000
CVE-2020-11536;0.025860000;0.846340000
CVE-2020-11535;0.023180000;0.827600000
CVE-2020-11534;0.022360000;0.821100000
CVE-2020-11533;0.004760000;0.386410000
CVE-2020-11532;0.774770000;0.995460000
CVE-2020-11531;0.136550000;0.963570000
CVE-2020-11530;0.956570000;0.998700000
CVE-2020-1153;0.038340000;0.897290000
CVE-2020-11529;0.108790000;0.957180000
CVE-2020-11528;0.012490000;0.681650000
CVE-2020-11527;0.094760000;0.952700000
CVE-2020-11526;0.020030000;0.799570000
CVE-2020-11525;0.016800000;0.759890000
CVE-2020-11524;0.018540000;0.783040000
CVE-2020-11523;0.020120000;0.800760000
CVE-2020-11522;0.026530000;0.850670000
CVE-2020-11521;0.019530000;0.794370000
CVE-2020-11520;0.004190000;0.336290000
CVE-2020-1152;0.006030000;0.467280000
CVE-2020-11519;0.008090000;0.551630000
CVE-2020-11518;0.192330000;0.972460000
CVE-2020-11516;0.007120000;0.517090000
CVE-2020-11515;0.020720000;0.806750000
CVE-2020-11514;0.091060000;0.951400000
CVE-2020-11512;0.007230000;0.521080000
CVE-2020-11511;0.032090000;0.876840000
CVE-2020-1151;0.021980000;0.817870000
CVE-2020-11509;0.018760000;0.785630000
CVE-2020-11508;0.007840000;0.542520000
CVE-2020-11507;0.008810000;0.574810000
CVE-2020-11506;0.011740000;0.662570000
CVE-2020-11505;0.011740000;0.662570000
CVE-2020-11503;0.014440000;0.721930000
CVE-2020-11501;0.033880000;0.883620000
CVE-2020-11500;0.013380000;0.701150000
CVE-2020-1150;0.032470000;0.878340000
CVE-2020-11499;0.006140000;0.472580000
CVE-2020-11498;0.033950000;0.883860000
CVE-2020-11497;0.011520000;0.656410000
CVE-2020-11496;0.003260000;0.231030000
CVE-2020-11494;0.007220000;0.520760000
CVE-2020-11493;0.009320000;0.591120000
CVE-2020-11492;0.009350000;0.592010000
CVE-2020-11491;0.078700000;0.945020000
CVE-2020-11490;0.019260000;0.791330000
CVE-2020-1149;0.021980000;0.817870000
CVE-2020-11489;0.013320000;0.699820000
CVE-2020-11488;0.002540000;0.151790000
CVE-2020-11487;0.012740000;0.687150000
CVE-2020-11486;0.027240000;0.854830000
CVE-2020-11485;0.007830000;0.542200000
CVE-2020-11484;0.010860000;0.638880000
CVE-2020-11483;0.013810000;0.710230000
CVE-2020-1148;0.014020000;0.714350000
CVE-2020-11476;0.029360000;0.865730000
CVE-2020-11474;0.005310000;0.426100000
CVE-2020-11470;0.003060000;0.209960000
CVE-2020-1147;0.939660000;0.998430000
CVE-2020-11469;0.004180000;0.335910000
CVE-2020-11467;0.039870000;0.901480000
CVE-2020-11466;0.012340000;0.678100000
CVE-2020-11465;0.019090000;0.789520000
CVE-2020-11464;0.012000000;0.669300000
CVE-2020-11463;0.018270000;0.779630000
CVE-2020-11462;0.012820000;0.688870000
CVE-2020-1146;0.007770000;0.540300000
CVE-2020-11458;0.011180000;0.647490000
CVE-2020-11457;0.092820000;0.952020000
CVE-2020-11456;0.708410000;0.993820000
CVE-2020-11455;0.971790000;0.998940000
CVE-2020-11454;0.009040000;0.581830000
CVE-2020-11453;0.027320000;0.855250000
CVE-2020-11452;0.012150000;0.673470000
CVE-2020-11451;0.026580000;0.850950000
CVE-2020-11450;0.178410000;0.970760000
CVE-2020-1145;0.020010000;0.799330000
CVE-2020-11449;0.011560000;0.657390000
CVE-2020-11448;0.004730000;0.384090000
CVE-2020-11447;0.006520000;0.491830000
CVE-2020-11446;0.003790000;0.292070000
CVE-2020-11445;0.018070000;0.776910000
CVE-2020-11444;0.085080000;0.948580000
CVE-2020-11443;0.015390000;0.738760000
CVE-2020-11441;0.024060000;0.834040000
CVE-2020-11440;0.010820000;0.637650000
CVE-2020-1144;0.008330000;0.559360000
CVE-2020-11439;0.019580000;0.794780000
CVE-2020-11438;0.006400000;0.485800000
CVE-2020-11437;0.009450000;0.595180000
CVE-2020-11436;0.013480000;0.703260000
CVE-2020-11431;0.020910000;0.808610000
CVE-2020-1143;0.010720000;0.635060000
CVE-2020-11420;0.016420000;0.754460000
CVE-2020-1142;0.009440000;0.595060000
CVE-2020-11416;0.005150000;0.414850000
CVE-2020-11415;0.006480000;0.489890000
CVE-2020-11414;0.011570000;0.657600000
CVE-2020-1141;0.020010000;0.799340000
CVE-2020-1140;0.009440000;0.595030000
CVE-2020-1139;0.024960000;0.840430000
CVE-2020-1138;0.008550000;0.566910000
CVE-2020-1137;0.009440000;0.595040000
CVE-2020-1136;0.037840000;0.895850000
CVE-2020-1135;0.009720000;0.604520000
CVE-2020-1134;0.008330000;0.559350000
CVE-2020-1133;0.009780000;0.606580000
CVE-2020-1132;0.008550000;0.566900000
CVE-2020-1131;0.010780000;0.636500000
CVE-2020-11309;0.002190000;0.111520000
CVE-2020-11308;0.002250000;0.119190000
CVE-2020-11307;0.009370000;0.592840000
CVE-2020-11306;0.001840000;0.072020000
CVE-2020-11305;0.002120000;0.103130000
CVE-2020-11304;0.001840000;0.072020000
CVE-2020-11303;0.006840000;0.506050000
CVE-2020-11301;0.111080000;0.957920000
CVE-2020-1130;0.007770000;0.540300000
CVE-2020-11299;0.010930000;0.640730000
CVE-2020-11298;0.001370000;0.025340000
CVE-2020-11297;0.006710000;0.500490000
CVE-2020-11296;0.006160000;0.473760000
CVE-2020-11295;0.001460000;0.032410000
CVE-2020-11294;0.001470000;0.032870000
CVE-2020-11293;0.001500000;0.035100000
CVE-2020-11292;0.008140000;0.552990000
CVE-2020-11291;0.009370000;0.592830000
CVE-2020-11290;0.001790000;0.067220000
CVE-2020-1129;0.041810000;0.905680000
CVE-2020-11289;0.001960000;0.083260000
CVE-2020-11288;0.001960000;0.083270000
CVE-2020-11287;0.006920000;0.509410000
CVE-2020-11286;0.001740000;0.061450000
CVE-2020-11285;0.009130000;0.584680000
CVE-2020-11284;0.001580000;0.042710000
CVE-2020-11283;0.007070000;0.515390000
CVE-2020-11282;0.001820000;0.069380000
CVE-2020-11281;0.006920000;0.509410000
CVE-2020-11280;0.006270000;0.479230000
CVE-2020-11279;0.008190000;0.555030000
CVE-2020-11278;0.006270000;0.479220000
CVE-2020-11277;0.001200000;0.016110000
CVE-2020-11276;0.008340000;0.559780000
CVE-2020-11275;0.008340000;0.559770000
CVE-2020-11274;0.006860000;0.506900000
CVE-2020-11273;0.006860000;0.506890000
CVE-2020-11272;0.008940000;0.578760000
CVE-2020-11271;0.001790000;0.067130000
CVE-2020-11270;0.006270000;0.479230000
CVE-2020-11269;0.002940000;0.196630000
CVE-2020-11268;0.006740000;0.501640000
CVE-2020-11267;0.001840000;0.072060000
CVE-2020-11266;0.001680000;0.054840000
CVE-2020-11265;0.001760000;0.064710000
CVE-2020-11264;0.131860000;0.962410000
CVE-2020-11263;0.001720000;0.059060000
CVE-2020-11262;0.001040000;0.009520000
CVE-2020-11261;0.016040000;0.748680000
CVE-2020-11260;0.001650000;0.050460000
CVE-2020-1126;0.040090000;0.901970000
CVE-2020-11259;0.001820000;0.069480000
CVE-2020-11258;0.001820000;0.069470000
CVE-2020-11257;0.001820000;0.069470000
CVE-2020-11256;0.001780000;0.065920000
CVE-2020-11255;0.007090000;0.515970000
CVE-2020-11254;0.001340000;0.023860000
CVE-2020-11253;0.001670000;0.053680000
CVE-2020-11252;0.001880000;0.075500000
CVE-2020-11251;0.009440000;0.594830000
CVE-2020-11250;0.001110000;0.011920000
CVE-2020-1125;0.021980000;0.817870000
CVE-2020-11247;0.009440000;0.594820000
CVE-2020-11246;0.002020000;0.091410000
CVE-2020-11245;0.002020000;0.091410000
CVE-2020-11243;0.007090000;0.515970000
CVE-2020-11242;0.002020000;0.091410000
CVE-2020-11241;0.005980000;0.464610000
CVE-2020-11240;0.001600000;0.043960000
CVE-2020-1124;0.008330000;0.559350000
CVE-2020-11239;0.002200000;0.113470000
CVE-2020-11238;0.005980000;0.464590000
CVE-2020-11237;0.002020000;0.091420000
CVE-2020-11236;0.004480000;0.364200000
CVE-2020-11235;0.001720000;0.058810000
CVE-2020-11234;0.002020000;0.091410000
CVE-2020-11233;0.001320000;0.022900000
CVE-2020-11231;0.001520000;0.036390000
CVE-2020-11230;0.001360000;0.025030000
CVE-2020-1123;0.010860000;0.638930000
CVE-2020-11228;0.002050000;0.094310000
CVE-2020-11227;0.009110000;0.583970000
CVE-2020-11226;0.008700000;0.571750000
CVE-2020-11225;0.010850000;0.638650000
CVE-2020-11223;0.001670000;0.053680000
CVE-2020-11222;0.009180000;0.586350000
CVE-2020-11221;0.002060000;0.094860000
CVE-2020-11220;0.001360000;0.025030000
CVE-2020-1122;0.009560000;0.598620000
CVE-2020-11218;0.008110000;0.552280000
CVE-2020-11217;0.002050000;0.094310000
CVE-2020-11216;0.009110000;0.583970000
CVE-2020-11215;0.008790000;0.574510000
CVE-2020-11214;0.007780000;0.540550000
CVE-2020-11213;0.008730000;0.572610000
CVE-2020-11212;0.008730000;0.572600000
CVE-2020-11210;0.001890000;0.076420000
CVE-2020-1121;0.008550000;0.566910000
CVE-2020-11209;0.015680000;0.743280000
CVE-2020-11208;0.017250000;0.766020000
CVE-2020-11207;0.014720000;0.727440000
CVE-2020-11206;0.018190000;0.778650000
CVE-2020-11205;0.002020000;0.090510000
CVE-2020-11204;0.001670000;0.053680000
CVE-2020-11203;0.001560000;0.040230000
CVE-2020-11202;0.015400000;0.738840000
CVE-2020-11201;0.018040000;0.776540000
CVE-2020-11200;0.007780000;0.540540000
CVE-2020-1120;0.012670000;0.685720000
CVE-2020-11199;0.002020000;0.090770000
CVE-2020-11198;0.001230000;0.018050000
CVE-2020-11197;0.009110000;0.583970000
CVE-2020-11196;0.009020000;0.581170000
CVE-2020-11195;0.001670000;0.053670000
CVE-2020-11194;0.001670000;0.053670000
CVE-2020-11193;0.009070000;0.582800000
CVE-2020-11192;0.010990000;0.642810000
CVE-2020-11191;0.009440000;0.594820000
CVE-2020-11190;0.009590000;0.599710000
CVE-2020-1119;0.010790000;0.636720000
CVE-2020-11189;0.009590000;0.599710000
CVE-2020-11188;0.009590000;0.599700000
CVE-2020-11187;0.001670000;0.053670000
CVE-2020-11186;0.001840000;0.071510000
CVE-2020-11185;0.002190000;0.111510000
CVE-2020-11184;0.009530000;0.597890000
CVE-2020-11183;0.002080000;0.098490000
CVE-2020-11182;0.008080000;0.551190000
CVE-2020-11181;0.002090000;0.098580000
CVE-2020-11180;0.002190000;0.111520000
CVE-2020-1118;0.146810000;0.965510000
CVE-2020-11179;0.003160000;0.219870000
CVE-2020-11178;0.001600000;0.043960000
CVE-2020-11177;0.001670000;0.053670000
CVE-2020-11176;0.006830000;0.505420000
CVE-2020-11175;0.002030000;0.092000000
CVE-2020-11174;0.001900000;0.077280000
CVE-2020-11173;0.001410000;0.028530000
CVE-2020-11172;0.007480000;0.530110000
CVE-2020-11171;0.009590000;0.599710000
CVE-2020-11170;0.008340000;0.559780000
CVE-2020-1117;0.039560000;0.900660000
CVE-2020-11169;0.007640000;0.536020000
CVE-2020-11168;0.009070000;0.582800000
CVE-2020-11167;0.012200000;0.674640000
CVE-2020-11166;0.009180000;0.586350000
CVE-2020-11165;0.001620000;0.047360000
CVE-2020-11164;0.001990000;0.087390000
CVE-2020-11163;0.008470000;0.563940000
CVE-2020-11162;0.001890000;0.076210000
CVE-2020-11161;0.001460000;0.032390000
CVE-2020-11160;0.001500000;0.035110000
CVE-2020-1116;0.012740000;0.687150000
CVE-2020-11159;0.007960000;0.546760000
CVE-2020-11158;0.008300000;0.558540000
CVE-2020-11157;0.004120000;0.328640000
CVE-2020-11156;0.004230000;0.340990000
CVE-2020-11155;0.005160000;0.415970000
CVE-2020-11154;0.005160000;0.415980000
CVE-2020-11153;0.022770000;0.824290000
CVE-2020-11152;0.001320000;0.022850000
CVE-2020-11151;0.001320000;0.022850000
CVE-2020-11150;0.002080000;0.097690000
CVE-2020-1115;0.010930000;0.640600000
CVE-2020-11149;0.002080000;0.097690000
CVE-2020-11148;0.002080000;0.097690000
CVE-2020-11147;0.001570000;0.041500000
CVE-2020-11146;0.002070000;0.097070000
CVE-2020-11145;0.007780000;0.540540000
CVE-2020-11144;0.008790000;0.574500000
CVE-2020-11143;0.010540000;0.629680000
CVE-2020-11141;0.003070000;0.210970000
CVE-2020-11140;0.010540000;0.629680000
CVE-2020-1114;0.009440000;0.595050000
CVE-2020-11139;0.007780000;0.540550000
CVE-2020-11138;0.010850000;0.638650000
CVE-2020-11137;0.010850000;0.638660000
CVE-2020-11136;0.010540000;0.629670000
CVE-2020-11135;0.006880000;0.507580000
CVE-2020-11134;0.007960000;0.546760000
CVE-2020-11133;0.001900000;0.077280000
CVE-2020-11132;0.001860000;0.073560000
CVE-2020-11131;0.001890000;0.076210000
CVE-2020-11130;0.002110000;0.102550000
CVE-2020-1113;0.061110000;0.931850000
CVE-2020-11129;0.002220000;0.115450000
CVE-2020-11128;0.002030000;0.092010000
CVE-2020-11127;0.002020000;0.090510000
CVE-2020-11126;0.007960000;0.546760000
CVE-2020-11125;0.001900000;0.077280000
CVE-2020-11124;0.002270000;0.120980000
CVE-2020-11123;0.001920000;0.079270000
CVE-2020-11122;0.004070000;0.323910000
CVE-2020-11121;0.001890000;0.076200000
CVE-2020-11120;0.001900000;0.077290000
CVE-2020-1112;0.032660000;0.879310000
CVE-2020-11119;0.007710000;0.538380000
CVE-2020-11118;0.006630000;0.496840000
CVE-2020-11117;0.196770000;0.973120000
CVE-2020-11116;0.009070000;0.582800000
CVE-2020-11115;0.006630000;0.496840000
CVE-2020-11114;0.004490000;0.364860000
CVE-2020-11113;0.062780000;0.933420000
CVE-2020-11112;0.036430000;0.891710000
CVE-2020-11111;0.035760000;0.889770000
CVE-2020-11110;0.096190000;0.953230000
CVE-2020-1111;0.009440000;0.595040000
CVE-2020-11108;0.782620000;0.995660000
CVE-2020-11107;0.224700000;0.976260000
CVE-2020-11106;0.009060000;0.582630000
CVE-2020-11105;0.020440000;0.803850000
CVE-2020-11104;0.015720000;0.744030000
CVE-2020-11103;0.028730000;0.862800000
CVE-2020-11102;0.019690000;0.795850000
CVE-2020-11101;0.008770000;0.573850000
CVE-2020-11100;0.607270000;0.991220000
CVE-2020-1110;0.009440000;0.595050000
CVE-2020-11099;0.021140000;0.810730000
CVE-2020-11098;0.016660000;0.757900000
CVE-2020-11097;0.014170000;0.717130000
CVE-2020-11096;0.018370000;0.780800000
CVE-2020-11095;0.014570000;0.724480000
CVE-2020-11094;0.010470000;0.627620000
CVE-2020-11093;0.011830000;0.665170000
CVE-2020-11091;0.008600000;0.568430000
CVE-2020-11090;0.021250000;0.811680000
CVE-2020-1109;0.009810000;0.607480000
CVE-2020-11089;0.011510000;0.655920000
CVE-2020-11088;0.014650000;0.726010000
CVE-2020-11087;0.014250000;0.718520000
CVE-2020-11086;0.014250000;0.718520000
CVE-2020-11085;0.017070000;0.763710000
CVE-2020-11084;0.014290000;0.719370000
CVE-2020-11083;0.011480000;0.654920000
CVE-2020-11082;0.015080000;0.733570000
CVE-2020-11081;0.005870000;0.459050000
CVE-2020-11080;0.053160000;0.923150000
CVE-2020-1108;0.062550000;0.933220000
CVE-2020-11079;0.026200000;0.848520000
CVE-2020-11078;0.025930000;0.846960000
CVE-2020-11077;0.028060000;0.859480000
CVE-2020-11076;0.040880000;0.903670000
CVE-2020-11075;0.018360000;0.780660000
CVE-2020-11074;0.005820000;0.455800000
CVE-2020-11073;0.005420000;0.432720000
CVE-2020-11072;0.010360000;0.624600000
CVE-2020-11071;0.009320000;0.591190000
CVE-2020-11070;0.005400000;0.431440000
CVE-2020-1107;0.014890000;0.730420000
CVE-2020-11069;0.007150000;0.518220000
CVE-2020-11068;0.009190000;0.586580000
CVE-2020-11067;0.019900000;0.798120000
CVE-2020-11066;0.014720000;0.727410000
CVE-2020-11065;0.005400000;0.431440000
CVE-2020-11064;0.005400000;0.431430000
CVE-2020-11063;0.011880000;0.666280000
CVE-2020-11062;0.005430000;0.433400000
CVE-2020-11061;0.012400000;0.679370000
CVE-2020-11060;0.109490000;0.957450000
CVE-2020-1106;0.039840000;0.901390000
CVE-2020-11059;0.011200000;0.648170000
CVE-2020-11058;0.016120000;0.749770000
CVE-2020-11057;0.021520000;0.814070000
CVE-2020-11056;0.010290000;0.622480000
CVE-2020-11055;0.007820000;0.542050000
CVE-2020-11054;0.015100000;0.734030000
CVE-2020-11053;0.007900000;0.544830000
CVE-2020-11052;0.015980000;0.747790000
CVE-2020-11051;0.006100000;0.470910000
CVE-2020-11050;0.007910000;0.544900000
CVE-2020-1105;0.016660000;0.757790000
CVE-2020-11049;0.015220000;0.735850000
CVE-2020-11048;0.018500000;0.782550000
CVE-2020-11047;0.017130000;0.764550000
CVE-2020-11046;0.013240000;0.697980000
CVE-2020-11045;0.016970000;0.762260000
CVE-2020-11044;0.018950000;0.787850000
CVE-2020-11043;0.019070000;0.789180000
CVE-2020-11042;0.017710000;0.772380000
CVE-2020-11041;0.015380000;0.738550000
CVE-2020-11040;0.016080000;0.749230000
CVE-2020-1104;0.016660000;0.757780000
CVE-2020-11039;0.012680000;0.685850000
CVE-2020-11038;0.013490000;0.703430000
CVE-2020-11037;0.002500000;0.146450000
CVE-2020-11036;0.008040000;0.549810000
CVE-2020-11035;0.008010000;0.548640000
CVE-2020-11034;0.075740000;0.943220000
CVE-2020-11033;0.010380000;0.625140000
CVE-2020-11032;0.010150000;0.618340000
CVE-2020-11031;0.003270000;0.232440000
CVE-2020-11030;0.014370000;0.720740000
CVE-2020-1103;0.023800000;0.832120000
CVE-2020-11029;0.021390000;0.812900000
CVE-2020-11028;0.023340000;0.828800000
CVE-2020-11027;0.136250000;0.963490000
CVE-2020-11026;0.020920000;0.808670000
CVE-2020-11025;0.015330000;0.737760000
CVE-2020-11024;0.008020000;0.548670000
CVE-2020-11023;0.848870000;0.997060000
CVE-2020-11022;0.992150000;0.999350000
CVE-2020-11021;0.017810000;0.773640000
CVE-2020-11020;0.015730000;0.744080000
CVE-2020-1102;0.051820000;0.921660000
CVE-2020-11019;0.025370000;0.843230000
CVE-2020-11018;0.018960000;0.787930000
CVE-2020-11017;0.018430000;0.781540000
CVE-2020-11016;0.023340000;0.828810000
CVE-2020-11015;0.008790000;0.574400000
CVE-2020-11014;0.016090000;0.749340000
CVE-2020-11013;0.012600000;0.684260000
CVE-2020-11012;0.018720000;0.785240000
CVE-2020-11011;0.018700000;0.785050000
CVE-2020-11010;0.010470000;0.627680000
CVE-2020-1101;0.017120000;0.764420000
CVE-2020-11009;0.013730000;0.708470000
CVE-2020-11008;0.038670000;0.898200000
CVE-2020-11007;0.008520000;0.565660000
CVE-2020-11006;0.006300000;0.481070000
CVE-2020-11005;0.002340000;0.128910000
CVE-2020-11004;0.015150000;0.734770000
CVE-2020-11003;0.005150000;0.414690000
CVE-2020-11002;0.051750000;0.921560000
CVE-2020-11001;0.012730000;0.687100000
CVE-2020-11000;0.012420000;0.680100000
CVE-2020-1100;0.017120000;0.764430000
CVE-2020-10997;0.009510000;0.597220000
CVE-2020-10996;0.015400000;0.738910000
CVE-2020-10995;0.043720000;0.909300000
CVE-2020-10994;0.014320000;0.719750000
CVE-2020-10993;0.012740000;0.687310000
CVE-2020-10992;0.012530000;0.682600000
CVE-2020-10991;0.014440000;0.721870000
CVE-2020-10990;0.011760000;0.663020000
CVE-2020-1099;0.017120000;0.764430000
CVE-2020-10989;0.008560000;0.567210000
CVE-2020-10988;0.028500000;0.861700000
CVE-2020-10987;0.798100000;0.996000000
CVE-2020-10986;0.005810000;0.454980000
CVE-2020-10985;0.005980000;0.464910000
CVE-2020-10984;0.007150000;0.518090000
CVE-2020-10983;0.014000000;0.713910000
CVE-2020-10982;0.013710000;0.708190000
CVE-2020-10981;0.007330000;0.524910000
CVE-2020-10980;0.018680000;0.784700000
CVE-2020-1098;0.009310000;0.590770000
CVE-2020-10979;0.007700000;0.538040000
CVE-2020-10978;0.011650000;0.659800000
CVE-2020-10977;0.427410000;0.986710000
CVE-2020-10976;0.011550000;0.657010000
CVE-2020-10975;0.007700000;0.538040000
CVE-2020-10974;0.016850000;0.760760000
CVE-2020-10973;0.075520000;0.943100000
CVE-2020-10972;0.017700000;0.772350000
CVE-2020-10971;0.027290000;0.855090000
CVE-2020-1097;0.045900000;0.913190000
CVE-2020-10969;0.035600000;0.889120000
CVE-2020-10968;0.036260000;0.891210000
CVE-2020-10967;0.081530000;0.946590000
CVE-2020-10966;0.018530000;0.782820000
CVE-2020-10965;0.014750000;0.727850000
CVE-2020-10964;0.027930000;0.858720000
CVE-2020-10963;0.146670000;0.965480000
CVE-2020-10962;0.002560000;0.154190000
CVE-2020-10960;0.011520000;0.656330000
CVE-2020-1096;0.019990000;0.799120000
CVE-2020-10959;0.014290000;0.719350000
CVE-2020-10958;0.061220000;0.931950000
CVE-2020-10957;0.071670000;0.940710000
CVE-2020-10956;0.014480000;0.722710000
CVE-2020-10955;0.010320000;0.623170000
CVE-2020-10954;0.011480000;0.654740000
CVE-2020-10953;0.016390000;0.753940000
CVE-2020-10952;0.007480000;0.530200000
CVE-2020-10951;0.008950000;0.578980000
CVE-2020-10948;0.066800000;0.936690000
CVE-2020-10947;0.020180000;0.801290000
CVE-2020-10946;0.022330000;0.820780000
CVE-2020-10945;0.005970000;0.463960000
CVE-2020-10944;0.006700000;0.499610000
CVE-2020-10942;0.009990000;0.613100000
CVE-2020-10941;0.016850000;0.760740000
CVE-2020-10940;0.002980000;0.201760000
CVE-2020-1094;0.009140000;0.585260000
CVE-2020-10939;0.002980000;0.201770000
CVE-2020-10938;0.053560000;0.923550000
CVE-2020-10937;0.011610000;0.658400000
CVE-2020-10936;0.005000000;0.403540000
CVE-2020-10935;0.007230000;0.521280000
CVE-2020-10934;0.013000000;0.693020000
CVE-2020-10933;0.026290000;0.849100000
CVE-2020-10932;0.002500000;0.146160000
CVE-2020-10931;0.281440000;0.980490000
CVE-2020-10930;0.009160000;0.585820000
CVE-2020-1093;0.031400000;0.874050000
CVE-2020-10929;0.019250000;0.791240000
CVE-2020-10928;0.006390000;0.485230000
CVE-2020-10927;0.009150000;0.585520000
CVE-2020-10926;0.012220000;0.674990000
CVE-2020-10925;0.014310000;0.719660000
CVE-2020-10924;0.873430000;0.997510000
CVE-2020-10923;0.846760000;0.997000000
CVE-2020-10922;0.036740000;0.892640000
CVE-2020-10921;0.028080000;0.859550000
CVE-2020-10920;0.049220000;0.918120000
CVE-2020-1092;0.030990000;0.872430000
CVE-2020-10919;0.015910000;0.746690000
CVE-2020-10918;0.027280000;0.855010000
CVE-2020-10917;0.055740000;0.925980000
CVE-2020-10916;0.011200000;0.648190000
CVE-2020-10915;0.866190000;0.997350000
CVE-2020-10914;0.478680000;0.988130000
CVE-2020-10913;0.067660000;0.937530000
CVE-2020-10912;0.048060000;0.916410000
CVE-2020-10911;0.048060000;0.916400000
CVE-2020-10910;0.049060000;0.917920000
CVE-2020-1091;0.044770000;0.911150000
CVE-2020-10909;0.048060000;0.916400000
CVE-2020-10908;0.048060000;0.916410000
CVE-2020-10907;0.049060000;0.917930000
CVE-2020-10906;0.049060000;0.917920000
CVE-2020-10905;0.034900000;0.887110000
CVE-2020-10904;0.049460000;0.918530000
CVE-2020-10903;0.034900000;0.887110000
CVE-2020-10902;0.049460000;0.918530000
CVE-2020-10901;0.035630000;0.889200000
CVE-2020-10900;0.049060000;0.917930000
CVE-2020-1090;0.008330000;0.559340000
CVE-2020-10899;0.048060000;0.916410000
CVE-2020-10898;0.049460000;0.918540000
CVE-2020-10897;0.049460000;0.918530000
CVE-2020-10896;0.048060000;0.916400000
CVE-2020-10895;0.049460000;0.918530000
CVE-2020-10894;0.033940000;0.883840000
CVE-2020-10893;0.048460000;0.917050000
CVE-2020-10892;0.022240000;0.820140000
CVE-2020-10891;0.048460000;0.917040000
CVE-2020-10890;0.022240000;0.820140000
CVE-2020-10889;0.048060000;0.916410000
CVE-2020-10888;0.021550000;0.814280000
CVE-2020-10887;0.036930000;0.893160000
CVE-2020-10886;0.049510000;0.918620000
CVE-2020-10885;0.065340000;0.935590000
CVE-2020-10884;0.219110000;0.975760000
CVE-2020-10883;0.052710000;0.922700000
CVE-2020-10882;0.413630000;0.986280000
CVE-2020-10881;0.092820000;0.952020000
CVE-2020-1088;0.008700000;0.571440000
CVE-2020-10879;0.838620000;0.996840000
CVE-2020-10878;0.048790000;0.917500000
CVE-2020-10876;0.010670000;0.633910000
CVE-2020-10875;0.017150000;0.764810000
CVE-2020-10874;0.013590000;0.705700000
CVE-2020-10871;0.016790000;0.759620000
CVE-2020-10870;0.003150000;0.218790000
CVE-2020-1087;0.008330000;0.559330000
CVE-2020-10868;0.016900000;0.761320000
CVE-2020-10867;0.022160000;0.819370000
CVE-2020-10866;0.012000000;0.669330000
CVE-2020-10865;0.016900000;0.761320000
CVE-2020-10864;0.016460000;0.754960000
CVE-2020-10863;0.020840000;0.807910000
CVE-2020-10862;0.005040000;0.406650000
CVE-2020-10861;0.016900000;0.761320000
CVE-2020-10860;0.020840000;0.807910000
CVE-2020-1086;0.008330000;0.559330000
CVE-2020-10859;0.043860000;0.909540000
CVE-2020-10858;0.010730000;0.635230000
CVE-2020-10857;0.030390000;0.870030000
CVE-2020-10855;0.001340000;0.023830000
CVE-2020-10854;0.004130000;0.329400000
CVE-2020-10853;0.003400000;0.249480000
CVE-2020-10852;0.001350000;0.024580000
CVE-2020-10851;0.001350000;0.024590000
CVE-2020-10850;0.008690000;0.571360000
CVE-2020-1085;0.007080000;0.515540000
CVE-2020-10849;0.004040000;0.320050000
CVE-2020-10848;0.005640000;0.446590000
CVE-2020-10847;0.001350000;0.024380000
CVE-2020-10846;0.001260000;0.019650000
CVE-2020-10845;0.001000000;0.007930000
CVE-2020-10844;0.003900000;0.305320000
CVE-2020-10843;0.000970000;0.006910000
CVE-2020-10842;0.001360000;0.024940000
CVE-2020-10841;0.001360000;0.024940000
CVE-2020-10840;0.001330000;0.023500000
CVE-2020-1084;0.010860000;0.638930000
CVE-2020-10839;0.001410000;0.028420000
CVE-2020-10838;0.001530000;0.037350000
CVE-2020-10837;0.008690000;0.571370000
CVE-2020-10836;0.004490000;0.364930000
CVE-2020-10835;0.014560000;0.724310000
CVE-2020-10834;0.003400000;0.249480000
CVE-2020-10833;0.003970000;0.313070000
CVE-2020-10832;0.001350000;0.024590000
CVE-2020-10831;0.002280000;0.121950000
CVE-2020-10830;0.001390000;0.027220000
CVE-2020-1083;0.010790000;0.636710000
CVE-2020-10829;0.001580000;0.042080000
CVE-2020-10828;0.208810000;0.974800000
CVE-2020-10827;0.208810000;0.974800000
CVE-2020-10826;0.393890000;0.985600000
CVE-2020-10825;0.040820000;0.903570000
CVE-2020-10824;0.040820000;0.903560000
CVE-2020-10823;0.044250000;0.910150000
CVE-2020-10821;0.711250000;0.993900000
CVE-2020-10820;0.191060000;0.972320000
CVE-2020-1082;0.009770000;0.606400000
CVE-2020-10819;0.713330000;0.993950000
CVE-2020-10818;0.029170000;0.864910000
CVE-2020-10817;0.017640000;0.771370000
CVE-2020-10816;0.048460000;0.917030000
CVE-2020-10814;0.019890000;0.798100000
CVE-2020-10813;0.013990000;0.713710000
CVE-2020-10812;0.015210000;0.735580000
CVE-2020-10811;0.014760000;0.728050000
CVE-2020-10810;0.014540000;0.723930000
CVE-2020-1081;0.009440000;0.595040000
CVE-2020-10809;0.015480000;0.740090000
CVE-2020-10808;0.775050000;0.995470000
CVE-2020-10807;0.014400000;0.721100000
CVE-2020-10806;0.023200000;0.827720000
CVE-2020-10804;0.023550000;0.830460000
CVE-2020-10803;0.013730000;0.708710000
CVE-2020-10802;0.018240000;0.779230000
CVE-2020-10800;0.013650000;0.707020000
CVE-2020-1080;0.008900000;0.577380000
CVE-2020-10799;0.015280000;0.736800000
CVE-2020-10797;0.023910000;0.832960000
CVE-2020-10795;0.038080000;0.896540000
CVE-2020-10794;0.014460000;0.722410000
CVE-2020-10793;0.018980000;0.788210000
CVE-2020-10792;0.019430000;0.793330000
CVE-2020-10791;0.011510000;0.656240000
CVE-2020-10790;0.009060000;0.582510000
CVE-2020-1079;0.009850000;0.608600000
CVE-2020-10789;0.019960000;0.798790000
CVE-2020-10788;0.015990000;0.747850000
CVE-2020-10787;0.025020000;0.840800000
CVE-2020-10786;0.048430000;0.916960000
CVE-2020-10783;0.010000000;0.613410000
CVE-2020-10782;0.002940000;0.196890000
CVE-2020-10781;0.003110000;0.215150000
CVE-2020-10780;0.007010000;0.512780000
CVE-2020-1078;0.008330000;0.559340000
CVE-2020-10779;0.007760000;0.540070000
CVE-2020-10778;0.008770000;0.573800000
CVE-2020-10777;0.006610000;0.496020000
CVE-2020-10776;0.007780000;0.540880000
CVE-2020-10775;0.018500000;0.782440000
CVE-2020-10774;0.002620000;0.162090000
CVE-2020-10773;0.003660000;0.278690000
CVE-2020-10772;0.013460000;0.702860000
CVE-2020-10771;0.004450000;0.362040000
CVE-2020-10770;0.697240000;0.993500000
CVE-2020-1077;0.008570000;0.567680000
CVE-2020-10769;0.004910000;0.397060000
CVE-2020-10768;0.004000000;0.316180000
CVE-2020-10767;0.003710000;0.284240000
CVE-2020-10766;0.004670000;0.378960000
CVE-2020-10763;0.004190000;0.336460000
CVE-2020-10762;0.003410000;0.249700000
CVE-2020-10761;0.017960000;0.775460000
CVE-2020-10760;0.026590000;0.851040000
CVE-2020-1076;0.010860000;0.638940000
CVE-2020-10759;0.004900000;0.396610000
CVE-2020-10758;0.019470000;0.793850000
CVE-2020-10757;0.009920000;0.610530000
CVE-2020-10756;0.005100000;0.411440000
CVE-2020-10755;0.012130000;0.672920000
CVE-2020-10754;0.009910000;0.610370000
CVE-2020-10753;0.016330000;0.753020000
CVE-2020-10752;0.010720000;0.635040000
CVE-2020-10751;0.003480000;0.257570000
CVE-2020-10750;0.004270000;0.344650000
CVE-2020-1075;0.013290000;0.699000000
CVE-2020-10749;0.024280000;0.835800000
CVE-2020-10748;0.009310000;0.590540000
CVE-2020-10746;0.002360000;0.131060000
CVE-2020-10745;0.038740000;0.898390000
CVE-2020-10744;0.002550000;0.154050000
CVE-2020-10743;0.007130000;0.517270000
CVE-2020-10742;0.002630000;0.162300000
CVE-2020-10740;0.020670000;0.806270000
CVE-2020-1074;0.483560000;0.988250000
CVE-2020-10739;0.023310000;0.828550000
CVE-2020-10738;0.030830000;0.871860000
CVE-2020-10737;0.002930000;0.195990000
CVE-2020-10736;0.006460000;0.488790000
CVE-2020-10735;0.071780000;0.940850000
CVE-2020-10734;0.002110000;0.102220000
CVE-2020-10733;0.005300000;0.425410000
CVE-2020-10732;0.006170000;0.474430000
CVE-2020-10731;0.008890000;0.577250000
CVE-2020-10730;0.024400000;0.836560000
CVE-2020-1073;0.086420000;0.949290000
CVE-2020-10729;0.004390000;0.356040000
CVE-2020-10728;0.002180000;0.110070000
CVE-2020-10727;0.006970000;0.511070000
CVE-2020-10726;0.004730000;0.384430000
CVE-2020-10725;0.022130000;0.819200000
CVE-2020-10724;0.003530000;0.264210000
CVE-2020-10723;0.003780000;0.291340000
CVE-2020-10722;0.003780000;0.291340000
CVE-2020-10721;0.005800000;0.454570000
CVE-2020-10720;0.003360000;0.244280000
CVE-2020-1072;0.012740000;0.687140000
CVE-2020-10719;0.010050000;0.614910000
CVE-2020-10718;0.014350000;0.720290000
CVE-2020-10717;0.003950000;0.310440000
CVE-2020-10716;0.007680000;0.537500000
CVE-2020-10715;0.009460000;0.595500000
CVE-2020-10714;0.014540000;0.723830000
CVE-2020-10713;0.017110000;0.764250000
CVE-2020-10712;0.009940000;0.611300000
CVE-2020-10711;0.030830000;0.871870000
CVE-2020-10710;0.002300000;0.124480000
CVE-2020-1071;0.010260000;0.621590000
CVE-2020-10709;0.002720000;0.176030000
CVE-2020-10706;0.001280000;0.020780000
CVE-2020-10705;0.011920000;0.667270000
CVE-2020-10704;0.035420000;0.888630000
CVE-2020-10703;0.023630000;0.830980000
CVE-2020-10702;0.003310000;0.237250000
CVE-2020-10701;0.008610000;0.568800000
CVE-2020-10700;0.020170000;0.801250000
CVE-2020-1070;0.011390000;0.652700000
CVE-2020-10699;0.003480000;0.257620000
CVE-2020-10698;0.002710000;0.173190000
CVE-2020-10697;0.002390000;0.134440000
CVE-2020-10696;0.026680000;0.851660000
CVE-2020-10695;0.002500000;0.146970000
CVE-2020-10693;0.023510000;0.830200000
CVE-2020-10691;0.003610000;0.273240000
CVE-2020-10690;0.003590000;0.270690000
CVE-2020-1069;0.039800000;0.901300000
CVE-2020-10689;0.007520000;0.531740000
CVE-2020-10688;0.013880000;0.711460000
CVE-2020-10687;0.011470000;0.654650000
CVE-2020-10686;0.006540000;0.492830000
CVE-2020-10685;0.003790000;0.292490000
CVE-2020-10684;0.003470000;0.257490000
CVE-2020-10683;0.072690000;0.941410000
CVE-2020-10682;0.019640000;0.795340000
CVE-2020-10681;0.006230000;0.477620000
CVE-2020-1068;0.009440000;0.595060000
CVE-2020-10678;0.010240000;0.621090000
CVE-2020-10676;0.010260000;0.621620000
CVE-2020-10675;0.025840000;0.846270000
CVE-2020-10674;0.012810000;0.688690000
CVE-2020-10673;0.080280000;0.945850000
CVE-2020-10672;0.030590000;0.870890000
CVE-2020-10671;0.007030000;0.513780000
CVE-2020-10670;0.008560000;0.567300000
CVE-2020-1067;0.025210000;0.842180000
CVE-2020-10669;0.035490000;0.888790000
CVE-2020-10668;0.014170000;0.717050000
CVE-2020-10667;0.017570000;0.770450000
CVE-2020-10666;0.022370000;0.821220000
CVE-2020-10665;0.014350000;0.720340000
CVE-2020-10664;0.013770000;0.709560000
CVE-2020-10663;0.068110000;0.937860000
CVE-2020-10661;0.011160000;0.646970000
CVE-2020-10660;0.007630000;0.535570000
CVE-2020-1066;0.025010000;0.840740000
CVE-2020-10659;0.003750000;0.288330000
CVE-2020-10658;0.026840000;0.852540000
CVE-2020-10657;0.025380000;0.843340000
CVE-2020-10656;0.025820000;0.846110000
CVE-2020-10655;0.025820000;0.846120000
CVE-2020-10654;0.034560000;0.885960000
CVE-2020-10650;0.033280000;0.881660000
CVE-2020-1065;0.021650000;0.815040000
CVE-2020-10649;0.006010000;0.466310000
CVE-2020-10648;0.013950000;0.712740000
CVE-2020-10646;0.008050000;0.550000000
CVE-2020-10644;0.202080000;0.973850000
CVE-2020-10643;0.009510000;0.597380000
CVE-2020-10642;0.004450000;0.361520000
CVE-2020-10641;0.012780000;0.688030000
CVE-2020-10640;0.031070000;0.872710000
CVE-2020-1064;0.031400000;0.874050000
CVE-2020-10639;0.008050000;0.550000000
CVE-2020-10638;0.070590000;0.939850000
CVE-2020-10637;0.008320000;0.559040000
CVE-2020-10636;0.002780000;0.181360000
CVE-2020-10635;0.003420000;0.251660000
CVE-2020-10634;0.014060000;0.714970000
CVE-2020-10633;0.006870000;0.507430000
CVE-2020-10632;0.004730000;0.384100000
CVE-2020-10631;0.014840000;0.729430000
CVE-2020-10630;0.006870000;0.507430000
CVE-2020-1063;0.014890000;0.730420000
CVE-2020-10629;0.012310000;0.677440000
CVE-2020-10628;0.007430000;0.528710000
CVE-2020-10627;0.004890000;0.396030000
CVE-2020-10626;0.005000000;0.403450000
CVE-2020-10625;0.016240000;0.751640000
CVE-2020-10624;0.007430000;0.528710000
CVE-2020-10623;0.009220000;0.587600000
CVE-2020-10622;0.008090000;0.551580000
CVE-2020-10621;0.015900000;0.746570000
CVE-2020-10620;0.012140000;0.673140000
CVE-2020-1062;0.062440000;0.933110000
CVE-2020-10619;0.143270000;0.964900000
CVE-2020-10618;0.008320000;0.559050000
CVE-2020-10617;0.012630000;0.685050000
CVE-2020-10616;0.017460000;0.768680000
CVE-2020-10615;0.025680000;0.845240000
CVE-2020-10614;0.008910000;0.577600000
CVE-2020-10613;0.024930000;0.840300000
CVE-2020-10612;0.010740000;0.635490000
CVE-2020-10611;0.052260000;0.922230000
CVE-2020-10610;0.003780000;0.291230000
CVE-2020-1061;0.032690000;0.879400000
CVE-2020-10609;0.015190000;0.735390000
CVE-2020-10608;0.002230000;0.116140000
CVE-2020-10607;0.021230000;0.811530000
CVE-2020-10606;0.002700000;0.171540000
CVE-2020-10605;0.011320000;0.650960000
CVE-2020-10604;0.021470000;0.813610000
CVE-2020-10603;0.012210000;0.674830000
CVE-2020-10602;0.008810000;0.574810000
CVE-2020-10601;0.002510000;0.148070000
CVE-2020-10600;0.008420000;0.562060000
CVE-2020-1060;0.030990000;0.872420000
CVE-2020-10599;0.025790000;0.845940000
CVE-2020-10598;0.003340000;0.241460000
CVE-2020-10597;0.008050000;0.549960000
CVE-2020-10596;0.026710000;0.851800000
CVE-2020-10595;0.047840000;0.916110000
CVE-2020-10594;0.016150000;0.750180000
CVE-2020-10593;0.023390000;0.829200000
CVE-2020-10592;0.032250000;0.877570000
CVE-2020-10591;0.024930000;0.840250000
CVE-2020-10590;0.013120000;0.695330000
CVE-2020-1059;0.020610000;0.805600000
CVE-2020-10589;0.003850000;0.298800000
CVE-2020-10588;0.004000000;0.315670000
CVE-2020-10587;0.004740000;0.385020000
CVE-2020-10584;0.021970000;0.817800000
CVE-2020-10583;0.027650000;0.857200000
CVE-2020-10582;0.015550000;0.741550000
CVE-2020-10581;0.013480000;0.703380000
CVE-2020-10580;0.039130000;0.899340000
CVE-2020-1058;0.030990000;0.872430000
CVE-2020-10579;0.021970000;0.817790000
CVE-2020-10578;0.011520000;0.656350000
CVE-2020-10577;0.004680000;0.380010000
CVE-2020-10576;0.006490000;0.490400000
CVE-2020-10575;0.004660000;0.378200000
CVE-2020-10574;0.014180000;0.717240000
CVE-2020-10573;0.009670000;0.602290000
CVE-2020-10571;0.017960000;0.775440000
CVE-2020-10570;0.003890000;0.303230000
CVE-2020-1057;0.022360000;0.821090000
CVE-2020-10569;0.032550000;0.878920000
CVE-2020-10568;0.017050000;0.763420000
CVE-2020-10567;0.196400000;0.973040000
CVE-2020-10566;0.003410000;0.250190000
CVE-2020-10565;0.004100000;0.326490000
CVE-2020-10564;0.085840000;0.948970000
CVE-2020-10563;0.016730000;0.758750000
CVE-2020-10562;0.014640000;0.725700000
CVE-2020-10561;0.024920000;0.840210000
CVE-2020-10560;0.037970000;0.896220000
CVE-2020-1056;0.020870000;0.808150000
CVE-2020-10558;0.026050000;0.847720000
CVE-2020-10557;0.013730000;0.708770000
CVE-2020-10554;0.007720000;0.538560000
CVE-2020-10553;0.002460000;0.142280000
CVE-2020-10552;0.010730000;0.635160000
CVE-2020-10551;0.014120000;0.716100000
CVE-2020-1055;0.023900000;0.832870000
CVE-2020-10549;0.321240000;0.982620000
CVE-2020-10548;0.365130000;0.984440000
CVE-2020-10547;0.365630000;0.984460000
CVE-2020-10546;0.873300000;0.997500000
CVE-2020-10544;0.008320000;0.558990000
CVE-2020-10543;0.113340000;0.958410000
CVE-2020-10541;0.100990000;0.954870000
CVE-2020-10540;0.004520000;0.367330000
CVE-2020-1054;0.541580000;0.989750000
CVE-2020-10539;0.014590000;0.724800000
CVE-2020-10538;0.002600000;0.159370000
CVE-2020-10537;0.003390000;0.247830000
CVE-2020-10535;0.010160000;0.618500000
CVE-2020-10534;0.012100000;0.671990000
CVE-2020-10532;0.027850000;0.858410000
CVE-2020-10531;0.026690000;0.851690000
CVE-2020-1053;0.009310000;0.590750000
CVE-2020-1052;0.009310000;0.590740000
CVE-2020-10519;0.030990000;0.872450000
CVE-2020-10518;0.036990000;0.893360000
CVE-2020-10517;0.010500000;0.628440000
CVE-2020-10516;0.015910000;0.746700000
CVE-2020-10515;0.028680000;0.862520000
CVE-2020-10514;0.015830000;0.745580000
CVE-2020-10513;0.008240000;0.556400000
CVE-2020-10512;0.014140000;0.716500000
CVE-2020-10511;0.022340000;0.820950000
CVE-2020-10510;0.010580000;0.630800000
CVE-2020-1051;0.036760000;0.892690000
CVE-2020-10509;0.008560000;0.567010000
CVE-2020-10508;0.015070000;0.733530000
CVE-2020-10507;0.011970000;0.668400000
CVE-2020-10506;0.013230000;0.697690000
CVE-2020-10505;0.010650000;0.632890000
CVE-2020-10504;0.004850000;0.392600000
CVE-2020-10503;0.004850000;0.392620000
CVE-2020-10502;0.004850000;0.392620000
CVE-2020-10501;0.005620000;0.444980000
CVE-2020-10500;0.004850000;0.392600000
CVE-2020-1050;0.018360000;0.780730000
CVE-2020-10499;0.004750000;0.385530000
CVE-2020-10498;0.005500000;0.437830000
CVE-2020-10497;0.005500000;0.437840000
CVE-2020-10496;0.004850000;0.392600000
CVE-2020-10495;0.004750000;0.385540000
CVE-2020-10494;0.004850000;0.392610000
CVE-2020-10493;0.004750000;0.385540000
CVE-2020-10492;0.004850000;0.392610000
CVE-2020-10491;0.004850000;0.392590000
CVE-2020-10490;0.004850000;0.392600000
CVE-2020-1049;0.014750000;0.727940000
CVE-2020-10489;0.004850000;0.392610000
CVE-2020-10488;0.004850000;0.392590000
CVE-2020-10487;0.005350000;0.428700000
CVE-2020-10486;0.004750000;0.385520000
CVE-2020-10485;0.004850000;0.392610000
CVE-2020-10484;0.004750000;0.385520000
CVE-2020-10483;0.004750000;0.385520000
CVE-2020-10482;0.004750000;0.385530000
CVE-2020-10481;0.004750000;0.385530000
CVE-2020-10480;0.005810000;0.455530000
CVE-2020-1048;0.163730000;0.968630000
CVE-2020-10479;0.004750000;0.385520000
CVE-2020-10478;0.011650000;0.659920000
CVE-2020-10477;0.006110000;0.471320000
CVE-2020-10476;0.006110000;0.471320000
CVE-2020-10475;0.006110000;0.471310000
CVE-2020-10474;0.006110000;0.471300000
CVE-2020-10473;0.006110000;0.471300000
CVE-2020-10472;0.006110000;0.471310000
CVE-2020-10471;0.007330000;0.524760000
CVE-2020-10470;0.006110000;0.471310000
CVE-2020-1047;0.008900000;0.577380000
CVE-2020-10469;0.006110000;0.471380000
CVE-2020-10468;0.006110000;0.471350000
CVE-2020-10467;0.006110000;0.471350000
CVE-2020-10466;0.006110000;0.471370000
CVE-2020-10465;0.006110000;0.471340000
CVE-2020-10464;0.006110000;0.471380000
CVE-2020-10463;0.006110000;0.471350000
CVE-2020-10462;0.006110000;0.471460000
CVE-2020-10461;0.007420000;0.528300000
CVE-2020-10460;0.010780000;0.636610000
CVE-2020-1046;0.037630000;0.895210000
CVE-2020-10459;0.009710000;0.604020000
CVE-2020-10458;0.015430000;0.739370000
CVE-2020-10457;0.010840000;0.638520000
CVE-2020-10456;0.007330000;0.524750000
CVE-2020-10455;0.007330000;0.524770000
CVE-2020-10454;0.007330000;0.524770000
CVE-2020-10453;0.007330000;0.524760000
CVE-2020-10452;0.007330000;0.524770000
CVE-2020-10451;0.007330000;0.524750000
CVE-2020-10450;0.007330000;0.524780000
CVE-2020-1045;0.059260000;0.929970000
CVE-2020-10449;0.007330000;0.524760000
CVE-2020-10448;0.007330000;0.524750000
CVE-2020-10447;0.006110000;0.471420000
CVE-2020-10446;0.006110000;0.471450000
CVE-2020-10445;0.006110000;0.471450000
CVE-2020-10444;0.006110000;0.471450000
CVE-2020-10443;0.006110000;0.471450000
CVE-2020-10442;0.006110000;0.471410000
CVE-2020-10441;0.006110000;0.471410000
CVE-2020-10440;0.006110000;0.471430000
CVE-2020-1044;0.019450000;0.793520000
CVE-2020-10439;0.006110000;0.471420000
CVE-2020-10438;0.006110000;0.471390000
CVE-2020-10437;0.006110000;0.471460000
CVE-2020-10436;0.006110000;0.471390000
CVE-2020-10435;0.006110000;0.471400000
CVE-2020-10434;0.006110000;0.471390000
CVE-2020-10433;0.006110000;0.471420000
CVE-2020-10432;0.006110000;0.471420000
CVE-2020-10431;0.006110000;0.471430000
CVE-2020-10430;0.006110000;0.471390000
CVE-2020-1043;0.059450000;0.930160000
CVE-2020-10429;0.006110000;0.471470000
CVE-2020-10428;0.006110000;0.471380000
CVE-2020-10427;0.006110000;0.471460000
CVE-2020-10426;0.006110000;0.471430000
CVE-2020-10425;0.006110000;0.471430000
CVE-2020-10424;0.006110000;0.471440000
CVE-2020-10423;0.006110000;0.471440000
CVE-2020-10422;0.006110000;0.471440000
CVE-2020-10421;0.006110000;0.471440000
CVE-2020-10420;0.006110000;0.471340000
CVE-2020-1042;0.060170000;0.930900000
CVE-2020-10419;0.006110000;0.471340000
CVE-2020-10418;0.006110000;0.471380000
CVE-2020-10417;0.006110000;0.471360000
CVE-2020-10416;0.006110000;0.471360000
CVE-2020-10415;0.006110000;0.471360000
CVE-2020-10414;0.006110000;0.471350000
CVE-2020-10413;0.006110000;0.471370000
CVE-2020-10412;0.006110000;0.471370000
CVE-2020-10411;0.006110000;0.471340000
CVE-2020-10410;0.006110000;0.471400000
CVE-2020-1041;0.059450000;0.930170000
CVE-2020-10409;0.006110000;0.471410000
CVE-2020-10408;0.006110000;0.471400000
CVE-2020-10407;0.006110000;0.471470000
CVE-2020-10406;0.006110000;0.471480000
CVE-2020-10405;0.006110000;0.471290000
CVE-2020-10404;0.006110000;0.471290000
CVE-2020-10403;0.006110000;0.471470000
CVE-2020-10402;0.006110000;0.471480000
CVE-2020-10401;0.006110000;0.471480000
CVE-2020-10400;0.006110000;0.471300000
CVE-2020-1040;0.073930000;0.942190000
CVE-2020-10399;0.006110000;0.471320000
CVE-2020-10398;0.007330000;0.524760000
CVE-2020-10397;0.006110000;0.471330000
CVE-2020-10396;0.006110000;0.471330000
CVE-2020-10395;0.006110000;0.471320000
CVE-2020-10394;0.006110000;0.471330000
CVE-2020-10393;0.006110000;0.471400000
CVE-2020-10392;0.006110000;0.471470000
CVE-2020-10391;0.007330000;0.524770000
CVE-2020-10390;0.043260000;0.908370000
CVE-2020-1039;0.042660000;0.907300000
CVE-2020-10389;0.048840000;0.917570000
CVE-2020-10388;0.006020000;0.466820000
CVE-2020-10387;0.078440000;0.944850000
CVE-2020-10386;0.123390000;0.960610000
CVE-2020-10385;0.044280000;0.910260000
CVE-2020-10384;0.002550000;0.153710000
CVE-2020-10383;0.018180000;0.778490000
CVE-2020-10382;0.019190000;0.790620000
CVE-2020-10381;0.011200000;0.648200000
CVE-2020-10380;0.010940000;0.641540000
CVE-2020-1038;0.012210000;0.674770000
CVE-2020-10379;0.011290000;0.650290000
CVE-2020-10378;0.011140000;0.646670000
CVE-2020-10377;0.005560000;0.440960000
CVE-2020-10376;0.010640000;0.632610000
CVE-2020-10375;0.003070000;0.211010000
CVE-2020-10374;0.046670000;0.914360000
CVE-2020-10372;0.006120000;0.472110000
CVE-2020-10370;0.005610000;0.444040000
CVE-2020-1037;0.021650000;0.815040000
CVE-2020-10369;0.003890000;0.304060000
CVE-2020-10368;0.003610000;0.273120000
CVE-2020-10367;0.003890000;0.304060000
CVE-2020-10366;0.014560000;0.724260000
CVE-2020-10365;0.012550000;0.682850000
CVE-2020-10364;0.026600000;0.851060000
CVE-2020-1036;0.061850000;0.932540000
CVE-2020-1035;0.031400000;0.874050000
CVE-2020-1034;0.048530000;0.917170000
CVE-2020-1033;0.011590000;0.658000000
CVE-2020-1032;0.059450000;0.930170000
CVE-2020-1031;0.051430000;0.921170000
CVE-2020-1030;0.010980000;0.642630000
CVE-2020-10292;0.015150000;0.734780000
CVE-2020-10291;0.014480000;0.722710000
CVE-2020-10290;0.003540000;0.265770000
CVE-2020-1029;0.010190000;0.619290000
CVE-2020-10289;0.019500000;0.794120000
CVE-2020-10288;0.014360000;0.720570000
CVE-2020-10287;0.014240000;0.718230000
CVE-2020-10286;0.007440000;0.529010000
CVE-2020-10285;0.013200000;0.697010000
CVE-2020-10284;0.013930000;0.712550000
CVE-2020-10283;0.014700000;0.727060000
CVE-2020-10282;0.017630000;0.771270000
CVE-2020-10281;0.007130000;0.517500000
CVE-2020-10280;0.011780000;0.663780000
CVE-2020-1028;0.037840000;0.895850000
CVE-2020-10279;0.009730000;0.605160000
CVE-2020-10278;0.009660000;0.602060000
CVE-2020-10277;0.003750000;0.288350000
CVE-2020-10276;0.014980000;0.731990000
CVE-2020-10275;0.009640000;0.601390000
CVE-2020-10274;0.009020000;0.581330000
CVE-2020-10273;0.008560000;0.567290000
CVE-2020-10272;0.024590000;0.838010000
CVE-2020-10271;0.018020000;0.776230000
CVE-2020-10270;0.016560000;0.756230000
CVE-2020-1027;0.045470000;0.912490000
CVE-2020-10269;0.013740000;0.708820000
CVE-2020-10268;0.003250000;0.230500000
CVE-2020-10267;0.009530000;0.597770000
CVE-2020-10266;0.005000000;0.403680000
CVE-2020-10265;0.014660000;0.726440000
CVE-2020-10264;0.005890000;0.459900000
CVE-2020-10263;0.005200000;0.418390000
CVE-2020-10262;0.005490000;0.436570000
CVE-2020-1026;0.026050000;0.847670000
CVE-2020-10257;0.088770000;0.950460000
CVE-2020-10256;0.008690000;0.571380000
CVE-2020-10255;0.025790000;0.845950000
CVE-2020-10254;0.019440000;0.793430000
CVE-2020-10252;0.012460000;0.680890000
CVE-2020-10251;0.015310000;0.737250000
CVE-2020-10250;0.026290000;0.849100000
CVE-2020-1025;0.058530000;0.929320000
CVE-2020-10249;0.009520000;0.597610000
CVE-2020-10248;0.013590000;0.705700000
CVE-2020-10247;0.008630000;0.569270000
CVE-2020-10246;0.008630000;0.569280000
CVE-2020-10245;0.025000000;0.840680000
CVE-2020-10244;0.007060000;0.514670000
CVE-2020-10243;0.018380000;0.780920000
CVE-2020-10242;0.010110000;0.616880000
CVE-2020-10241;0.007230000;0.521290000
CVE-2020-10240;0.013150000;0.695940000
CVE-2020-1024;0.037180000;0.893910000
CVE-2020-10239;0.027290000;0.855080000
CVE-2020-10238;0.048630000;0.917270000
CVE-2020-10237;0.002340000;0.128720000
CVE-2020-10236;0.003220000;0.227260000
CVE-2020-10235;0.016820000;0.760310000
CVE-2020-10234;0.032810000;0.879850000
CVE-2020-10233;0.024110000;0.834400000
CVE-2020-10232;0.024800000;0.839330000
CVE-2020-10231;0.037680000;0.895360000
CVE-2020-10230;0.157910000;0.967620000
CVE-2020-1023;0.037180000;0.893920000
CVE-2020-10229;0.008220000;0.555970000
CVE-2020-10228;0.028830000;0.863240000
CVE-2020-10227;0.011490000;0.655440000
CVE-2020-10225;0.043460000;0.908770000
CVE-2020-10224;0.054740000;0.924760000
CVE-2020-10223;0.024860000;0.839790000
CVE-2020-10222;0.024860000;0.839790000
CVE-2020-10221;0.771230000;0.995380000
CVE-2020-10220;0.996970000;0.999500000
CVE-2020-1022;0.068310000;0.937990000
CVE-2020-10218;0.011640000;0.659480000
CVE-2020-10216;0.050390000;0.919860000
CVE-2020-10215;0.052550000;0.922540000
CVE-2020-10214;0.183270000;0.971340000
CVE-2020-10213;0.049960000;0.919270000
CVE-2020-10212;0.014800000;0.728600000
CVE-2020-10211;0.030460000;0.870280000
CVE-2020-10210;0.015630000;0.742670000
CVE-2020-1021;0.009380000;0.593270000
CVE-2020-10209;0.028040000;0.859360000
CVE-2020-10208;0.041720000;0.905430000
CVE-2020-10207;0.025200000;0.842140000
CVE-2020-10206;0.002920000;0.195290000
CVE-2020-10204;0.381660000;0.985130000
CVE-2020-10203;0.009180000;0.586360000
CVE-2020-1020;0.650370000;0.992290000
CVE-2020-10199;0.990640000;0.999320000
CVE-2020-10196;0.014210000;0.717690000
CVE-2020-10195;0.010910000;0.640100000
CVE-2020-10194;0.012100000;0.672140000
CVE-2020-10193;0.013900000;0.711980000
CVE-2020-10192;0.007530000;0.531870000
CVE-2020-10191;0.005980000;0.464930000
CVE-2020-10190;0.012380000;0.678870000
CVE-2020-1019;0.009330000;0.591420000
CVE-2020-10189;0.999410000;0.999720000
CVE-2020-10188;0.743390000;0.994780000
CVE-2020-10187;0.020670000;0.806210000
CVE-2020-10185;0.014500000;0.723080000
CVE-2020-10184;0.015040000;0.732910000
CVE-2020-10181;0.146660000;0.965470000
CVE-2020-10180;0.016900000;0.761360000
CVE-2020-1018;0.063110000;0.933740000
CVE-2020-10177;0.014800000;0.728710000
CVE-2020-10176;0.023310000;0.828620000
CVE-2020-10174;0.002800000;0.183230000
CVE-2020-10173;0.771290000;0.995380000
CVE-2020-1017;0.009140000;0.585250000
CVE-2020-1016;0.013630000;0.706700000
CVE-2020-1015;0.026080000;0.847850000
CVE-2020-10148;0.919800000;0.998180000
CVE-2020-10146;0.020450000;0.803980000
CVE-2020-10145;0.005010000;0.404360000
CVE-2020-10143;0.006420000;0.486970000
CVE-2020-10140;0.003810000;0.295050000
CVE-2020-1014;0.008710000;0.572090000
CVE-2020-10139;0.004350000;0.352660000
CVE-2020-10138;0.005340000;0.427560000
CVE-2020-10137;0.007030000;0.513770000
CVE-2020-10136;0.285370000;0.980720000
CVE-2020-10135;0.023660000;0.831230000
CVE-2020-10134;0.006580000;0.494420000
CVE-2020-10132;0.007670000;0.537070000
CVE-2020-10131;0.015520000;0.741040000
CVE-2020-10130;0.009990000;0.612870000
CVE-2020-1013;0.064050000;0.934390000
CVE-2020-10129;0.008840000;0.575620000
CVE-2020-10128;0.004880000;0.394950000
CVE-2020-10126;0.002790000;0.182680000
CVE-2020-10125;0.001900000;0.077620000
CVE-2020-10124;0.007290000;0.523470000
CVE-2020-10123;0.004360000;0.354400000
CVE-2020-10122;0.008710000;0.572100000
CVE-2020-10121;0.018070000;0.776880000
CVE-2020-10120;0.027080000;0.853920000
CVE-2020-1012;0.037410000;0.894620000
CVE-2020-10119;0.022320000;0.820710000
CVE-2020-10118;0.010420000;0.626390000
CVE-2020-10117;0.010420000;0.626390000
CVE-2020-10116;0.008360000;0.560230000
CVE-2020-10115;0.017640000;0.771390000
CVE-2020-10114;0.006410000;0.486500000
CVE-2020-10113;0.006410000;0.486480000
CVE-2020-10112;0.014690000;0.726850000
CVE-2020-10111;0.019990000;0.799070000
CVE-2020-10110;0.026610000;0.851150000
CVE-2020-1011;0.010350000;0.624220000
CVE-2020-10109;0.032890000;0.880240000
CVE-2020-10108;0.039730000;0.901130000
CVE-2020-10107;0.005310000;0.426030000
CVE-2020-10106;0.011840000;0.665240000
CVE-2020-10105;0.009010000;0.580770000
CVE-2020-10104;0.008280000;0.557730000
CVE-2020-10103;0.005450000;0.434440000
CVE-2020-10102;0.006970000;0.511250000
CVE-2020-10101;0.010910000;0.640260000
CVE-2020-10100;0.008980000;0.579960000
CVE-2020-1010;0.009720000;0.604520000
CVE-2020-10099;0.005450000;0.434440000
CVE-2020-10098;0.005450000;0.434430000
CVE-2020-10097;0.009010000;0.580760000
CVE-2020-10096;0.011390000;0.652750000
CVE-2020-10095;0.001810000;0.069130000
CVE-2020-10094;0.006530000;0.492220000
CVE-2020-10093;0.006580000;0.494750000
CVE-2020-10092;0.006910000;0.508980000
CVE-2020-10091;0.006910000;0.508980000
CVE-2020-10090;0.009290000;0.590010000
CVE-2020-1009;0.010350000;0.624220000
CVE-2020-10089;0.011480000;0.654750000
CVE-2020-10088;0.008140000;0.552930000
CVE-2020-10087;0.011740000;0.662580000
CVE-2020-10086;0.013310000;0.699600000
CVE-2020-10085;0.009290000;0.589980000
CVE-2020-10084;0.009100000;0.583680000
CVE-2020-10083;0.010760000;0.636100000
CVE-2020-10082;0.011070000;0.644850000
CVE-2020-10081;0.009490000;0.596640000
CVE-2020-10080;0.009290000;0.589990000
CVE-2020-1008;0.119690000;0.959860000
CVE-2020-10079;0.008600000;0.568440000
CVE-2020-10078;0.006910000;0.508990000
CVE-2020-10077;0.011850000;0.665470000
CVE-2020-10076;0.006910000;0.508980000
CVE-2020-10075;0.007300000;0.524000000
CVE-2020-10074;0.012760000;0.687730000
CVE-2020-10073;0.011240000;0.649100000
CVE-2020-10072;0.002010000;0.089870000
CVE-2020-10071;0.033950000;0.883850000
CVE-2020-10070;0.028790000;0.863070000
CVE-2020-1007;0.013230000;0.697690000
CVE-2020-10069;0.003810000;0.294580000
CVE-2020-10068;0.004960000;0.401220000
CVE-2020-10067;0.004460000;0.362480000
CVE-2020-10066;0.002070000;0.097100000
CVE-2020-10065;0.004860000;0.393630000
CVE-2020-10064;0.008070000;0.550800000
CVE-2020-10063;0.018030000;0.776480000
CVE-2020-10062;0.028790000;0.863060000
CVE-2020-10061;0.006030000;0.467200000
CVE-2020-10060;0.015590000;0.742070000
CVE-2020-1006;0.009140000;0.585230000
CVE-2020-10059;0.012100000;0.672160000
CVE-2020-10058;0.003960000;0.311850000
CVE-2020-10057;0.009280000;0.589440000
CVE-2020-10056;0.003670000;0.279400000
CVE-2020-10055;0.059780000;0.930470000
CVE-2020-10054;0.002080000;0.097700000
CVE-2020-10053;0.001550000;0.039490000
CVE-2020-10052;0.002320000;0.127030000
CVE-2020-10051;0.003280000;0.233660000
CVE-2020-10050;0.002860000;0.189880000
CVE-2020-1005;0.013630000;0.706700000
CVE-2020-10049;0.002600000;0.159580000
CVE-2020-10048;0.003360000;0.244380000
CVE-2020-10045;0.010660000;0.633530000
CVE-2020-10044;0.008260000;0.557070000
CVE-2020-10043;0.006410000;0.486470000
CVE-2020-10042;0.018890000;0.787060000
CVE-2020-10041;0.007670000;0.536930000
CVE-2020-10040;0.001950000;0.082610000
CVE-2020-1004;0.009140000;0.585260000
CVE-2020-10039;0.005230000;0.420900000
CVE-2020-10038;0.012350000;0.678190000
CVE-2020-10037;0.010710000;0.634790000
CVE-2020-10030;0.238890000;0.977550000
CVE-2020-1003;0.009140000;0.585280000
CVE-2020-10029;0.007580000;0.533620000
CVE-2020-10028;0.003960000;0.311860000
CVE-2020-10027;0.006870000;0.507450000
CVE-2020-10024;0.006870000;0.507450000
CVE-2020-10023;0.004740000;0.384940000
CVE-2020-10022;0.023190000;0.827680000
CVE-2020-10021;0.004100000;0.326530000
CVE-2020-1002;0.007110000;0.516560000
CVE-2020-10019;0.004510000;0.366970000
CVE-2020-10018;0.049870000;0.919160000
CVE-2020-10017;0.014190000;0.717400000
CVE-2020-10016;0.016770000;0.759390000
CVE-2020-10015;0.010610000;0.631740000
CVE-2020-10014;0.010910000;0.640120000
CVE-2020-10013;0.013460000;0.702830000
CVE-2020-10012;0.010430000;0.626510000
CVE-2020-10011;0.012120000;0.672750000
CVE-2020-10010;0.004330000;0.350930000
CVE-2020-1001;0.009140000;0.585280000
CVE-2020-10009;0.010720000;0.634940000
CVE-2020-10008;0.010050000;0.614950000
CVE-2020-10007;0.003910000;0.306160000
CVE-2020-10006;0.009180000;0.586450000
CVE-2020-10005;0.013360000;0.700850000
CVE-2020-10004;0.014300000;0.719510000
CVE-2020-10003;0.003790000;0.292390000
CVE-2020-10002;0.004070000;0.323200000
CVE-2020-10001;0.010370000;0.624870000
CVE-2020-1000;0.009500000;0.596900000
CVE-2020-0999;0.119690000;0.959870000
CVE-2020-0998;0.009960000;0.612110000
CVE-2020-0997;0.049050000;0.917900000
CVE-2020-0996;0.009140000;0.585270000
CVE-2020-0995;0.178270000;0.970730000
CVE-2020-0994;0.119690000;0.959850000
CVE-2020-0993;0.052410000;0.922370000
CVE-2020-0992;0.119690000;0.959860000
CVE-2020-0991;0.118290000;0.959530000
CVE-2020-0989;0.009110000;0.584080000
CVE-2020-0988;0.119690000;0.959870000
CVE-2020-0987;0.016880000;0.761170000
CVE-2020-0986;0.159320000;0.967840000
CVE-2020-0985;0.009500000;0.596900000
CVE-2020-0984;0.010300000;0.622770000
CVE-2020-0983;0.010570000;0.630440000
CVE-2020-0982;0.013630000;0.706700000
CVE-2020-0981;0.012710000;0.686550000
CVE-2020-0980;0.118290000;0.959520000
CVE-2020-0979;0.115360000;0.958860000
CVE-2020-0978;0.015150000;0.734800000
CVE-2020-0977;0.016260000;0.751850000
CVE-2020-0976;0.021600000;0.814710000
CVE-2020-0975;0.016260000;0.751850000
CVE-2020-0974;0.106950000;0.956660000
CVE-2020-0973;0.015150000;0.734820000
CVE-2020-0972;0.016260000;0.751840000
CVE-2020-0971;0.131800000;0.962400000
CVE-2020-0970;0.133030000;0.962670000
CVE-2020-0969;0.133030000;0.962670000
CVE-2020-0968;0.306760000;0.981890000
CVE-2020-0967;0.116720000;0.959190000
CVE-2020-0966;0.116720000;0.959190000
CVE-2020-0965;0.021120000;0.810540000
CVE-2020-0964;0.185160000;0.971580000
CVE-2020-0963;0.046030000;0.913430000
CVE-2020-0962;0.015210000;0.735690000
CVE-2020-0961;0.118290000;0.959510000
CVE-2020-0960;0.119690000;0.959850000
CVE-2020-0959;0.119690000;0.959860000
CVE-2020-0958;0.009140000;0.585230000
CVE-2020-0957;0.010210000;0.619700000
CVE-2020-0956;0.009140000;0.585280000
CVE-2020-0955;0.015210000;0.735690000
CVE-2020-0954;0.015150000;0.734810000
CVE-2020-0953;0.119690000;0.959880000
CVE-2020-0952;0.059070000;0.929760000
CVE-2020-0951;0.070370000;0.939660000
CVE-2020-0950;0.051620000;0.921450000
CVE-2020-0949;0.051620000;0.921440000
CVE-2020-0948;0.051620000;0.921450000
CVE-2020-0947;0.066490000;0.936460000
CVE-2020-0946;0.066490000;0.936460000
CVE-2020-0945;0.066490000;0.936470000
CVE-2020-0944;0.007880000;0.544220000
CVE-2020-0943;0.013700000;0.707880000
CVE-2020-0942;0.007870000;0.543480000
CVE-2020-0941;0.011290000;0.650400000
CVE-2020-0940;0.009140000;0.585280000
CVE-2020-0939;0.086580000;0.949410000
CVE-2020-0938;0.689500000;0.993300000
CVE-2020-0937;0.066490000;0.936460000
CVE-2020-0936;0.007870000;0.543490000
CVE-2020-0935;0.007680000;0.537470000
CVE-2020-0934;0.010050000;0.615040000
CVE-2020-0933;0.015150000;0.734810000
CVE-2020-0932;0.352910000;0.983960000
CVE-2020-0931;0.106950000;0.956660000
CVE-2020-0930;0.015150000;0.734820000
CVE-2020-0929;0.106950000;0.956660000
CVE-2020-0928;0.011290000;0.650410000
CVE-2020-0927;0.015220000;0.735830000
CVE-2020-0926;0.015150000;0.734810000
CVE-2020-0925;0.015150000;0.734820000
CVE-2020-0924;0.018280000;0.779790000
CVE-2020-0923;0.015150000;0.734820000
CVE-2020-0922;0.049090000;0.917970000
CVE-2020-0921;0.010790000;0.636720000
CVE-2020-0920;0.104130000;0.955790000
CVE-2020-0919;0.007880000;0.544230000
CVE-2020-0918;0.012770000;0.687820000
CVE-2020-0917;0.016030000;0.748390000
CVE-2020-0916;0.008570000;0.567350000
CVE-2020-0915;0.008570000;0.567340000
CVE-2020-0914;0.010790000;0.636710000
CVE-2020-0913;0.009140000;0.585250000
CVE-2020-0912;0.007790000;0.540920000
CVE-2020-0911;0.010330000;0.623360000
CVE-2020-0910;0.092450000;0.951880000
CVE-2020-0909;0.045770000;0.912980000
CVE-2020-0908;0.032640000;0.879240000
CVE-2020-0907;0.119690000;0.959870000
CVE-2020-0906;0.115360000;0.958860000
CVE-2020-0905;0.108380000;0.957090000
CVE-2020-0904;0.012350000;0.678160000
CVE-2020-0903;0.016490000;0.755360000
CVE-2020-0902;0.029260000;0.865350000
CVE-2020-0901;0.043130000;0.908150000
CVE-2020-0900;0.008120000;0.552290000
CVE-2020-0899;0.008120000;0.552300000
CVE-2020-0898;0.008760000;0.573530000
CVE-2020-0897;0.009520000;0.597700000
CVE-2020-0896;0.007270000;0.522880000
CVE-2020-0895;0.079370000;0.945390000
CVE-2020-0894;0.012990000;0.692730000
CVE-2020-0893;0.012990000;0.692720000
CVE-2020-0892;0.118290000;0.959520000
CVE-2020-0891;0.015070000;0.733550000
CVE-2020-0890;0.028380000;0.861110000
CVE-2020-0889;0.119690000;0.959860000
CVE-2020-0888;0.009140000;0.585240000
CVE-2020-0887;0.022440000;0.821760000
CVE-2020-0886;0.012350000;0.678290000
CVE-2020-0885;0.045630000;0.912750000
CVE-2020-0884;0.016710000;0.758470000
CVE-2020-0883;0.219830000;0.975860000
CVE-2020-0882;0.062880000;0.933550000
CVE-2020-0881;0.167840000;0.969390000
CVE-2020-0880;0.062880000;0.933550000
CVE-2020-0879;0.017190000;0.765320000
CVE-2020-0878;0.026960000;0.853320000
CVE-2020-0877;0.010210000;0.619700000
CVE-2020-0876;0.059440000;0.930160000
CVE-2020-0875;0.044410000;0.910570000
CVE-2020-0874;0.013880000;0.711530000
CVE-2020-0872;0.100920000;0.954830000
CVE-2020-0871;0.014280000;0.719150000
CVE-2020-0870;0.009960000;0.612100000
CVE-2020-0869;0.046570000;0.914240000
CVE-2020-0868;0.007560000;0.532960000
CVE-2020-0867;0.007560000;0.532950000
CVE-2020-0866;0.009520000;0.597710000
CVE-2020-0865;0.010190000;0.619280000
CVE-2020-0864;0.009520000;0.597710000
CVE-2020-0863;0.015310000;0.737360000
CVE-2020-0861;0.010300000;0.622780000
CVE-2020-0860;0.009380000;0.593140000
CVE-2020-0859;0.013070000;0.694240000
CVE-2020-0858;0.009110000;0.584020000
CVE-2020-0857;0.007560000;0.532950000
CVE-2020-0856;0.039020000;0.899020000
CVE-2020-0855;0.118290000;0.959520000
CVE-2020-0854;0.007540000;0.532190000
CVE-2020-0853;0.065790000;0.935990000
CVE-2020-0852;0.119640000;0.959830000
CVE-2020-0851;0.118290000;0.959520000
CVE-2020-0850;0.088210000;0.950160000
CVE-2020-0849;0.008760000;0.573540000
CVE-2020-0848;0.095920000;0.953150000
CVE-2020-0847;0.079370000;0.945390000
CVE-2020-0845;0.009130000;0.584530000
CVE-2020-0844;0.007560000;0.532950000
CVE-2020-0843;0.010130000;0.617630000
CVE-2020-0842;0.010130000;0.617640000
CVE-2020-0841;0.008760000;0.573540000
CVE-2020-0840;0.008760000;0.573530000
CVE-2020-0839;0.009310000;0.590750000
CVE-2020-0838;0.009960000;0.612110000
CVE-2020-0837;0.014360000;0.720590000
CVE-2020-0836;0.050510000;0.920020000
CVE-2020-0835;0.009140000;0.585240000
CVE-2020-0834;0.008760000;0.573530000
CVE-2020-0833;0.086770000;0.949500000
CVE-2020-0832;0.086770000;0.949500000
CVE-2020-0831;0.088540000;0.950340000
CVE-2020-0830;0.087330000;0.949770000
CVE-2020-0829;0.088540000;0.950340000
CVE-2020-0828;0.088540000;0.950340000
CVE-2020-0827;0.133030000;0.962670000
CVE-2020-0826;0.088540000;0.950340000
CVE-2020-0825;0.133030000;0.962670000
CVE-2020-0824;0.072050000;0.940980000
CVE-2020-0823;0.088540000;0.950330000
CVE-2020-0822;0.007310000;0.524180000
CVE-2020-0821;0.014900000;0.730520000
CVE-2020-0820;0.012950000;0.691660000
CVE-2020-0819;0.008760000;0.573530000
CVE-2020-0816;0.106610000;0.956560000
CVE-2020-0815;0.018370000;0.780790000
CVE-2020-0814;0.012140000;0.673170000
CVE-2020-0813;0.054580000;0.924570000
CVE-2020-0812;0.078710000;0.945030000
CVE-2020-0811;0.077130000;0.944110000
CVE-2020-0810;0.010020000;0.614060000
CVE-2020-0809;0.056100000;0.926450000
CVE-2020-0808;0.007560000;0.532940000
CVE-2020-0807;0.056100000;0.926450000
CVE-2020-0806;0.007780000;0.540580000
CVE-2020-0805;0.008710000;0.571980000
CVE-2020-0804;0.009770000;0.606310000
CVE-2020-0803;0.010060000;0.615250000
CVE-2020-0802;0.010060000;0.615250000
CVE-2020-0801;0.053070000;0.923070000
CVE-2020-0800;0.010190000;0.619290000
CVE-2020-0799;0.008530000;0.565790000
CVE-2020-0798;0.010430000;0.626440000
CVE-2020-0797;0.010190000;0.619280000
CVE-2020-0796;0.998100000;0.999580000
CVE-2020-0795;0.015460000;0.739800000
CVE-2020-0794;0.013640000;0.706750000
CVE-2020-0793;0.007880000;0.544240000
CVE-2020-0792;0.012970000;0.692140000
CVE-2020-0791;0.011170000;0.647390000
CVE-2020-0790;0.009310000;0.590740000
CVE-2020-0789;0.008630000;0.569460000
CVE-2020-0788;0.009620000;0.600970000
CVE-2020-0787;0.425240000;0.986620000
CVE-2020-0786;0.008170000;0.554080000
CVE-2020-0785;0.007150000;0.518050000
CVE-2020-0784;0.009620000;0.600960000
CVE-2020-0783;0.009220000;0.587620000
CVE-2020-0782;0.009960000;0.612100000
CVE-2020-0781;0.009220000;0.587620000
CVE-2020-0780;0.008140000;0.552900000
CVE-2020-0779;0.009920000;0.610550000
CVE-2020-0778;0.009520000;0.597700000
CVE-2020-0777;0.009520000;0.597700000
CVE-2020-0776;0.009490000;0.596600000
CVE-2020-0775;0.013080000;0.694380000
CVE-2020-0774;0.058530000;0.929330000
CVE-2020-0773;0.008460000;0.563500000
CVE-2020-0772;0.007860000;0.543190000
CVE-2020-0771;0.008460000;0.563500000
CVE-2020-0770;0.008460000;0.563500000
CVE-2020-0769;0.009490000;0.596610000
CVE-2020-0768;0.087330000;0.949770000
CVE-2020-0767;0.175970000;0.970490000
CVE-2020-0766;0.009310000;0.590760000
CVE-2020-0765;0.046700000;0.914410000
CVE-2020-0764;0.009610000;0.600620000
CVE-2020-0763;0.008380000;0.560860000
CVE-2020-0762;0.008380000;0.560860000
CVE-2020-0761;0.036080000;0.890710000
CVE-2020-0760;0.088210000;0.950160000
CVE-2020-0759;0.151680000;0.966340000
CVE-2020-0758;0.020150000;0.801000000
CVE-2020-0757;0.009140000;0.585260000
CVE-2020-0756;0.016140000;0.750150000
CVE-2020-0755;0.016140000;0.750150000
CVE-2020-0754;0.014750000;0.727830000
CVE-2020-0753;0.023130000;0.827190000
CVE-2020-0752;0.007880000;0.544230000
CVE-2020-0751;0.013930000;0.712520000
CVE-2020-0750;0.008490000;0.564450000
CVE-2020-0749;0.008490000;0.564460000
CVE-2020-0748;0.016140000;0.750150000
CVE-2020-0747;0.007880000;0.544250000
CVE-2020-0746;0.050690000;0.920230000
CVE-2020-0745;0.009140000;0.585260000
CVE-2020-0744;0.019310000;0.791920000
CVE-2020-0743;0.008490000;0.564450000
CVE-2020-0742;0.008490000;0.564460000
CVE-2020-0741;0.008490000;0.564450000
CVE-2020-0740;0.008490000;0.564450000
CVE-2020-0739;0.007880000;0.544230000
CVE-2020-0738;0.061490000;0.932200000
CVE-2020-0737;0.007880000;0.544220000
CVE-2020-0736;0.014540000;0.723810000
CVE-2020-0735;0.007880000;0.544240000
CVE-2020-0734;0.165290000;0.969000000
CVE-2020-0733;0.008200000;0.555180000
CVE-2020-0732;0.009620000;0.600970000
CVE-2020-0731;0.010550000;0.629990000
CVE-2020-0730;0.008980000;0.580030000
CVE-2020-0729;0.308630000;0.981950000
CVE-2020-0728;0.037320000;0.894380000
CVE-2020-0727;0.008490000;0.564460000
CVE-2020-0726;0.009620000;0.600960000
CVE-2020-0725;0.009140000;0.585270000
CVE-2020-0724;0.009140000;0.585270000
CVE-2020-0723;0.009620000;0.600990000
CVE-2020-0722;0.009620000;0.600980000
CVE-2020-0721;0.009620000;0.600980000
CVE-2020-0720;0.009620000;0.600980000
CVE-2020-0719;0.009140000;0.585240000
CVE-2020-0718;0.036080000;0.890710000
CVE-2020-0717;0.014540000;0.723800000
CVE-2020-0716;0.014540000;0.723790000
CVE-2020-0715;0.009620000;0.600960000
CVE-2020-0714;0.014230000;0.718150000
CVE-2020-0713;0.101240000;0.954950000
CVE-2020-0712;0.101240000;0.954950000
CVE-2020-0711;0.102060000;0.955170000
CVE-2020-0710;0.101240000;0.954950000
CVE-2020-0709;0.009620000;0.600970000
CVE-2020-0708;0.135060000;0.963160000
CVE-2020-0707;0.009510000;0.597220000
CVE-2020-0706;0.050710000;0.920260000
CVE-2020-0705;0.014540000;0.723940000
CVE-2020-0704;0.009510000;0.597220000
CVE-2020-0703;0.010000000;0.613420000
CVE-2020-0702;0.008640000;0.569640000
CVE-2020-0701;0.007880000;0.544240000
CVE-2020-0700;0.013280000;0.698700000
CVE-2020-0699;0.015210000;0.735700000
CVE-2020-0698;0.014540000;0.723800000
CVE-2020-0697;0.009030000;0.581600000
CVE-2020-0696;0.049920000;0.919240000
CVE-2020-0695;0.009660000;0.601820000
CVE-2020-0694;0.015530000;0.741160000
CVE-2020-0693;0.015920000;0.746950000
CVE-2020-0692;0.032640000;0.879270000
CVE-2020-0691;0.009620000;0.600970000
CVE-2020-0690;0.069720000;0.939110000
CVE-2020-0689;0.010820000;0.637670000
CVE-2020-0688;0.999620000;0.999750000
CVE-2020-0687;0.192250000;0.972450000
CVE-2020-0686;0.009590000;0.599440000
CVE-2020-0685;0.009140000;0.585270000
CVE-2020-0684;0.089640000;0.950860000
CVE-2020-0683;0.076050000;0.943440000
CVE-2020-0682;0.009140000;0.585250000
CVE-2020-0681;0.106260000;0.956460000
CVE-2020-0680;0.008490000;0.564460000
CVE-2020-0679;0.008490000;0.564470000
CVE-2020-0678;0.009140000;0.585240000
CVE-2020-0677;0.016140000;0.750150000
CVE-2020-0676;0.016140000;0.750160000
CVE-2020-0675;0.016140000;0.750160000
CVE-2020-0674;0.868630000;0.997400000
CVE-2020-0673;0.098530000;0.954050000
CVE-2020-0672;0.013670000;0.707310000
CVE-2020-0671;0.013670000;0.707300000
CVE-2020-0670;0.013670000;0.707310000
CVE-2020-0669;0.012770000;0.687870000
CVE-2020-0668;0.258570000;0.979110000
CVE-2020-0667;0.007880000;0.544240000
CVE-2020-0666;0.008490000;0.564470000
CVE-2020-0665;0.043820000;0.909500000
CVE-2020-0664;0.040000000;0.901770000
CVE-2020-0663;0.015730000;0.744100000
CVE-2020-0662;0.132530000;0.962550000
CVE-2020-0661;0.016320000;0.752890000
CVE-2020-0660;0.053910000;0.923910000
CVE-2020-0659;0.008490000;0.564480000
CVE-2020-0658;0.014540000;0.723800000
CVE-2020-0657;0.008490000;0.564480000
CVE-2020-0656;0.014750000;0.727940000
CVE-2020-0655;0.656930000;0.992440000
CVE-2020-0654;0.034760000;0.886640000
CVE-2020-0653;0.205350000;0.974360000
CVE-2020-0652;0.170630000;0.969760000
CVE-2020-0651;0.172840000;0.970060000
CVE-2020-0650;0.172840000;0.970070000
CVE-2020-0648;0.009650000;0.601710000
CVE-2020-0647;0.009170000;0.586250000
CVE-2020-0646;0.992220000;0.999350000
CVE-2020-0645;0.039040000;0.899080000
CVE-2020-0644;0.008690000;0.571180000
CVE-2020-0643;0.013070000;0.694230000
CVE-2020-0642;0.014980000;0.731740000
CVE-2020-0641;0.009220000;0.587630000
CVE-2020-0640;0.086150000;0.949150000
CVE-2020-0639;0.013070000;0.694240000
CVE-2020-0638;0.023510000;0.830100000
CVE-2020-0637;0.050270000;0.919620000
CVE-2020-0636;0.008140000;0.552900000
CVE-2020-0635;0.010550000;0.629970000
CVE-2020-0634;0.012320000;0.677710000
CVE-2020-0633;0.008140000;0.552890000
CVE-2020-0632;0.007490000;0.530560000
CVE-2020-0631;0.007560000;0.532950000
CVE-2020-0630;0.007490000;0.530550000
CVE-2020-0629;0.007490000;0.530560000
CVE-2020-0628;0.008070000;0.550720000
CVE-2020-0627;0.008070000;0.550730000
CVE-2020-0626;0.007490000;0.530560000
CVE-2020-0625;0.008070000;0.550730000
CVE-2020-0624;0.019260000;0.791290000
CVE-2020-0623;0.008070000;0.550730000
CVE-2020-0622;0.012960000;0.691740000
CVE-2020-0621;0.009720000;0.604470000
CVE-2020-0620;0.007490000;0.530560000
CVE-2020-0618;0.990220000;0.999300000
CVE-2020-0617;0.013160000;0.696290000
CVE-2020-0616;0.016580000;0.756570000
CVE-2020-0615;0.016800000;0.759870000
CVE-2020-0614;0.008070000;0.550740000
CVE-2020-0613;0.008490000;0.564470000
CVE-2020-0612;0.045530000;0.912600000
CVE-2020-0611;0.067130000;0.936950000
CVE-2020-0610;0.675690000;0.992910000
CVE-2020-0609;0.776790000;0.995520000
CVE-2020-0608;0.013070000;0.694230000
CVE-2020-0607;0.059270000;0.929990000
CVE-2020-0606;0.171880000;0.969930000
CVE-2020-0605;0.177670000;0.970660000
CVE-2020-0604;0.036230000;0.891110000
CVE-2020-0603;0.210070000;0.974940000
CVE-2020-0602;0.076140000;0.943500000
CVE-2020-0601;0.894360000;0.997810000
CVE-2020-0600;0.003400000;0.248740000
CVE-2020-0599;0.003340000;0.242300000
CVE-2020-0598;0.003600000;0.272270000
CVE-2020-0597;0.029520000;0.866440000
CVE-2020-0596;0.022130000;0.819220000
CVE-2020-0595;0.034370000;0.885330000
CVE-2020-0594;0.035360000;0.888390000
CVE-2020-0593;0.003510000;0.262050000
CVE-2020-0592;0.003470000;0.256750000
CVE-2020-0591;0.003120000;0.215400000
CVE-2020-0590;0.004240000;0.341680000
CVE-2020-0588;0.003510000;0.262050000
CVE-2020-0587;0.003510000;0.262050000
CVE-2020-0586;0.003710000;0.284370000
CVE-2020-0584;0.003170000;0.220850000
CVE-2020-0583;0.003680000;0.280720000
CVE-2020-0578;0.006610000;0.496010000
CVE-2020-0577;0.006360000;0.484070000
CVE-2020-0576;0.004710000;0.382300000
CVE-2020-0575;0.003070000;0.210830000
CVE-2020-0574;0.003640000;0.276440000
CVE-2020-0573;0.003070000;0.210840000
CVE-2020-0572;0.003460000;0.255290000
CVE-2020-0571;0.003240000;0.228800000
CVE-2020-0570;0.005680000;0.448500000
CVE-2020-0569;0.005630000;0.445960000
CVE-2020-0568;0.003560000;0.268200000
CVE-2020-0567;0.003130000;0.217270000
CVE-2020-0566;0.004720000;0.383220000
CVE-2020-0565;0.003490000;0.258660000
CVE-2020-0564;0.002940000;0.197570000
CVE-2020-0563;0.002940000;0.197590000
CVE-2020-0562;0.002940000;0.197580000
CVE-2020-0561;0.004060000;0.322530000
CVE-2020-0560;0.002940000;0.197570000
CVE-2020-0559;0.002890000;0.192580000
CVE-2020-0558;0.006330000;0.482320000
CVE-2020-0557;0.003950000;0.310470000
CVE-2020-0556;0.010420000;0.626330000
CVE-2020-0555;0.003230000;0.228090000
CVE-2020-0554;0.009490000;0.596500000
CVE-2020-0553;0.003310000;0.237410000
CVE-2020-0551;0.010400000;0.625700000
CVE-2020-0550;0.003330000;0.239080000
CVE-2020-0549;0.005640000;0.446320000
CVE-2020-0548;0.005210000;0.418720000
CVE-2020-0547;0.002940000;0.197590000
CVE-2020-0546;0.003370000;0.245200000
CVE-2020-0545;0.004080000;0.324040000
CVE-2020-0544;0.002740000;0.177180000
CVE-2020-0543;0.005400000;0.431370000
CVE-2020-0542;0.004140000;0.330720000
CVE-2020-0541;0.004050000;0.321490000
CVE-2020-0540;0.019720000;0.796130000
CVE-2020-0539;0.003660000;0.278200000
CVE-2020-0538;0.023100000;0.826970000
CVE-2020-0537;0.015870000;0.746070000
CVE-2020-0536;0.017000000;0.762740000
CVE-2020-0535;0.016460000;0.754930000
CVE-2020-0534;0.018640000;0.784230000
CVE-2020-0533;0.002490000;0.145560000
CVE-2020-0532;0.006730000;0.501390000
CVE-2020-0531;0.013720000;0.708430000
CVE-2020-0530;0.003370000;0.245210000
CVE-2020-0529;0.003600000;0.272350000
CVE-2020-0528;0.003500000;0.260660000
CVE-2020-0527;0.003460000;0.255390000
CVE-2020-0526;0.003420000;0.250750000
CVE-2020-0525;0.002670000;0.168910000
CVE-2020-0524;0.002340000;0.128610000
CVE-2020-0523;0.002670000;0.168920000
CVE-2020-0522;0.002490000;0.145680000
CVE-2020-0521;0.002740000;0.177180000
CVE-2020-0520;0.003420000;0.251060000
CVE-2020-0519;0.003530000;0.263490000
CVE-2020-0518;0.002430000;0.139390000
CVE-2020-0517;0.003220000;0.226520000
CVE-2020-0516;0.005610000;0.444280000
CVE-2020-0515;0.003760000;0.289180000
CVE-2020-0514;0.003080000;0.211270000
CVE-2020-0513;0.003610000;0.273380000
CVE-2020-0512;0.003050000;0.208870000
CVE-2020-0511;0.003130000;0.217260000
CVE-2020-0510;0.003230000;0.228090000
CVE-2020-0508;0.003210000;0.226030000
CVE-2020-0507;0.003330000;0.239490000
CVE-2020-0506;0.002660000;0.166280000
CVE-2020-0505;0.003620000;0.274540000
CVE-2020-0504;0.003270000;0.232620000
CVE-2020-0503;0.003500000;0.260850000
CVE-2020-0502;0.003220000;0.226520000
CVE-2020-0501;0.003350000;0.242890000
CVE-2020-0500;0.001570000;0.041300000
CVE-2020-0499;0.041360000;0.904780000
CVE-2020-0498;0.006060000;0.468770000
CVE-2020-0497;0.001320000;0.022780000
CVE-2020-0496;0.001370000;0.025590000
CVE-2020-0495;0.001400000;0.027460000
CVE-2020-0494;0.008730000;0.572630000
CVE-2020-0493;0.001400000;0.027460000
CVE-2020-0492;0.008730000;0.572630000
CVE-2020-0491;0.007240000;0.521570000
CVE-2020-0490;0.007320000;0.524670000
CVE-2020-0489;0.007140000;0.517960000
CVE-2020-0488;0.007320000;0.524620000
CVE-2020-0486;0.001400000;0.027510000
CVE-2020-0485;0.001390000;0.026780000
CVE-2020-0484;0.001460000;0.032320000
CVE-2020-0483;0.001470000;0.033270000
CVE-2020-0482;0.001700000;0.056700000
CVE-2020-0481;0.001320000;0.023120000
CVE-2020-0480;0.004110000;0.326750000
CVE-2020-0479;0.004110000;0.326750000
CVE-2020-0478;0.004810000;0.389850000
CVE-2020-0477;0.001320000;0.022770000
CVE-2020-0476;0.001510000;0.036060000
CVE-2020-0475;0.004190000;0.337310000
CVE-2020-0474;0.001080000;0.010890000
CVE-2020-0473;0.001510000;0.035590000
CVE-2020-0471;0.015900000;0.746540000
CVE-2020-0470;0.007220000;0.520780000
CVE-2020-0469;0.001440000;0.031030000
CVE-2020-0468;0.001500000;0.034980000
CVE-2020-0467;0.001800000;0.067450000
CVE-2020-0466;0.002780000;0.181500000
CVE-2020-0465;0.002760000;0.179850000
CVE-2020-0464;0.001660000;0.052740000
CVE-2020-0463;0.014570000;0.724400000
CVE-2020-0460;0.007700000;0.538250000
CVE-2020-0459;0.001560000;0.040950000
CVE-2020-0458;0.015240000;0.736110000
CVE-2020-0457;0.006620000;0.496280000
CVE-2020-0456;0.006620000;0.496270000
CVE-2020-0455;0.006620000;0.496280000
CVE-2020-0454;0.002410000;0.137430000
CVE-2020-0453;0.002610000;0.160220000
CVE-2020-0452;0.033270000;0.881620000
CVE-2020-0451;0.019510000;0.794180000
CVE-2020-0450;0.008770000;0.573800000
CVE-2020-0449;0.013430000;0.702210000
CVE-2020-0448;0.001550000;0.040040000
CVE-2020-0447;0.005780000;0.453580000
CVE-2020-0446;0.005360000;0.428830000
CVE-2020-0445;0.005470000;0.435580000
CVE-2020-0444;0.002220000;0.115330000
CVE-2020-0443;0.003240000;0.228930000
CVE-2020-0442;0.010470000;0.627680000
CVE-2020-0441;0.010770000;0.636160000
CVE-2020-0440;0.001750000;0.062040000
CVE-2020-0439;0.002210000;0.114200000
CVE-2020-0438;0.001710000;0.057520000
CVE-2020-0437;0.001490000;0.034510000
CVE-2020-0434;0.001570000;0.041570000
CVE-2020-0433;0.001510000;0.035720000
CVE-2020-0432;0.002250000;0.119040000
CVE-2020-0431;0.002200000;0.112920000
CVE-2020-0430;0.001840000;0.071650000
CVE-2020-0429;0.001760000;0.064690000
CVE-2020-0428;0.001080000;0.010730000
CVE-2020-0427;0.004920000;0.397690000
CVE-2020-0426;0.001500000;0.035390000
CVE-2020-0425;0.001400000;0.027460000
CVE-2020-0424;0.001650000;0.050770000
CVE-2020-0423;0.005070000;0.408370000
CVE-2020-0422;0.001660000;0.052550000
CVE-2020-0421;0.002660000;0.165890000
CVE-2020-0420;0.001280000;0.020630000
CVE-2020-0419;0.001550000;0.040040000
CVE-2020-0418;0.002670000;0.169080000
CVE-2020-0417;0.001370000;0.025600000
CVE-2020-0416;0.012520000;0.682310000
CVE-2020-0415;0.001700000;0.056450000
CVE-2020-0414;0.009960000;0.611930000
CVE-2020-0413;0.014940000;0.731110000
CVE-2020-0412;0.001600000;0.044120000
CVE-2020-0411;0.008840000;0.575870000
CVE-2020-0410;0.001570000;0.041560000
CVE-2020-0409;0.002590000;0.158020000
CVE-2020-0408;0.001920000;0.079420000
CVE-2020-0407;0.001080000;0.010960000
CVE-2020-0406;0.004230000;0.340950000
CVE-2020-0405;0.001390000;0.026720000
CVE-2020-0404;0.002320000;0.126620000
CVE-2020-0403;0.001540000;0.038000000
CVE-2020-0401;0.002780000;0.182030000
CVE-2020-0400;0.001960000;0.083860000
CVE-2020-0399;0.001830000;0.070360000
CVE-2020-0398;0.001940000;0.081660000
CVE-2020-0397;0.001750000;0.062350000
CVE-2020-0396;0.001830000;0.070360000
CVE-2020-0395;0.001750000;0.062350000
CVE-2020-0394;0.002700000;0.172820000
CVE-2020-0393;0.001580000;0.042490000
CVE-2020-0392;0.002660000;0.165880000
CVE-2020-0391;0.004250000;0.342270000
CVE-2020-0390;0.001420000;0.028700000
CVE-2020-0389;0.001560000;0.041100000
CVE-2020-0388;0.001690000;0.055710000
CVE-2020-0387;0.004710000;0.382200000
CVE-2020-0386;0.003850000;0.299160000
CVE-2020-0385;0.006450000;0.488560000
CVE-2020-0384;0.006450000;0.488570000
CVE-2020-0383;0.006450000;0.488570000
CVE-2020-0382;0.001520000;0.036950000
CVE-2020-0381;0.014940000;0.731110000
CVE-2020-0380;0.028210000;0.860280000
CVE-2020-0379;0.003330000;0.239150000
CVE-2020-0378;0.001650000;0.050870000
CVE-2020-0377;0.018910000;0.787300000
CVE-2020-0376;0.005820000;0.455770000
CVE-2020-0375;0.001630000;0.048810000
CVE-2020-0374;0.001630000;0.048810000
CVE-2020-0373;0.001060000;0.010100000
CVE-2020-0372;0.001320000;0.022760000
CVE-2020-0371;0.005820000;0.455780000
CVE-2020-0370;0.007320000;0.524650000
CVE-2020-0369;0.001510000;0.036170000
CVE-2020-0368;0.001550000;0.040030000
CVE-2020-0367;0.004720000;0.383070000
CVE-2020-0366;0.004070000;0.323720000
CVE-2020-0365;0.002430000;0.139340000
CVE-2020-0364;0.008350000;0.559980000
CVE-2020-0363;0.006350000;0.483300000
CVE-2020-0362;0.007240000;0.521570000
CVE-2020-0361;0.007320000;0.524660000
CVE-2020-0360;0.004390000;0.356530000
CVE-2020-0359;0.001580000;0.042480000
CVE-2020-0358;0.001090000;0.011030000
CVE-2020-0357;0.001200000;0.016360000
CVE-2020-0356;0.001500000;0.035530000
CVE-2020-0355;0.008420000;0.562220000
CVE-2020-0354;0.010800000;0.636980000
CVE-2020-0353;0.007240000;0.521570000
CVE-2020-0352;0.002280000;0.122250000
CVE-2020-0351;0.007810000;0.541520000
CVE-2020-0350;0.001530000;0.037480000
CVE-2020-0349;0.001510000;0.036060000
CVE-2020-0348;0.006890000;0.507980000
CVE-2020-0347;0.001820000;0.070110000
CVE-2020-0346;0.001580000;0.042250000
CVE-2020-0345;0.001870000;0.074680000
CVE-2020-0344;0.002310000;0.125990000
CVE-2020-0343;0.001390000;0.027100000
CVE-2020-0342;0.005640000;0.446580000
CVE-2020-0341;0.001390000;0.026720000
CVE-2020-0340;0.007320000;0.524550000
CVE-2020-0339;0.005820000;0.455770000
CVE-2020-0338;0.001560000;0.040840000
CVE-2020-0337;0.001410000;0.028290000
CVE-2020-0336;0.001600000;0.045230000
CVE-2020-0335;0.001530000;0.037480000
CVE-2020-0334;0.001530000;0.037480000
CVE-2020-0333;0.008440000;0.562740000
CVE-2020-0332;0.006350000;0.483320000
CVE-2020-0331;0.001410000;0.028290000
CVE-2020-0330;0.001460000;0.032320000
CVE-2020-0329;0.001400000;0.027470000
CVE-2020-0328;0.001430000;0.029710000
CVE-2020-0327;0.001450000;0.031160000
CVE-2020-0326;0.001490000;0.034660000
CVE-2020-0325;0.001430000;0.029710000
CVE-2020-0324;0.008350000;0.559980000
CVE-2020-0323;0.001480000;0.033480000
CVE-2020-0322;0.001510000;0.036060000
CVE-2020-0321;0.007140000;0.517890000
CVE-2020-0320;0.006350000;0.483310000
CVE-2020-0319;0.004300000;0.347250000
CVE-2020-0318;0.001390000;0.026930000
CVE-2020-0317;0.001320000;0.022760000
CVE-2020-0316;0.001320000;0.022770000
CVE-2020-0315;0.001410000;0.028300000
CVE-2020-0314;0.001390000;0.027100000
CVE-2020-0313;0.001590000;0.043700000
CVE-2020-0312;0.001410000;0.028300000
CVE-2020-0311;0.001410000;0.028290000
CVE-2020-0310;0.001450000;0.031090000
CVE-2020-0309;0.001370000;0.025660000
CVE-2020-0308;0.001450000;0.031090000
CVE-2020-0307;0.001530000;0.037280000
CVE-2020-0306;0.001710000;0.057520000
CVE-2020-0305;0.001700000;0.056290000
CVE-2020-0304;0.001410000;0.028290000
CVE-2020-0303;0.005590000;0.442900000
CVE-2020-0302;0.001530000;0.037280000
CVE-2020-0301;0.006350000;0.483310000
CVE-2020-0300;0.008040000;0.549610000
CVE-2020-0299;0.001450000;0.031250000
CVE-2020-0298;0.001450000;0.031260000
CVE-2020-0297;0.001490000;0.034450000
CVE-2020-0296;0.001490000;0.034460000
CVE-2020-0295;0.001410000;0.028300000
CVE-2020-0294;0.001680000;0.054430000
CVE-2020-0293;0.002190000;0.111480000
CVE-2020-0292;0.001570000;0.041430000
CVE-2020-0291;0.001610000;0.045960000
CVE-2020-0290;0.001320000;0.022770000
CVE-2020-0289;0.001350000;0.024590000
CVE-2020-0288;0.001350000;0.024590000
CVE-2020-0287;0.006350000;0.483310000
CVE-2020-0286;0.008040000;0.549590000
CVE-2020-0285;0.001360000;0.025180000
CVE-2020-0284;0.001360000;0.025180000
CVE-2020-0283;0.005400000;0.431620000
CVE-2020-0282;0.006180000;0.475080000
CVE-2020-0281;0.006180000;0.475090000
CVE-2020-0280;0.001650000;0.050830000
CVE-2020-0279;0.010600000;0.631340000
CVE-2020-0278;0.005640000;0.446590000
CVE-2020-0277;0.001390000;0.026720000
CVE-2020-0276;0.001330000;0.023290000
CVE-2020-0275;0.001630000;0.048810000
CVE-2020-0274;0.001400000;0.027450000
CVE-2020-0273;0.001500000;0.035260000
CVE-2020-0272;0.001430000;0.029710000
CVE-2020-0271;0.001610000;0.046330000
CVE-2020-0270;0.008350000;0.559980000
CVE-2020-0269;0.001490000;0.034450000
CVE-2020-0268;0.001080000;0.010730000
CVE-2020-0267;0.005500000;0.437380000
CVE-2020-0266;0.001630000;0.048810000
CVE-2020-0265;0.001390000;0.027100000
CVE-2020-0264;0.007140000;0.517910000
CVE-2020-0263;0.001330000;0.023490000
CVE-2020-0262;0.001510000;0.036170000
CVE-2020-0261;0.001790000;0.066950000
CVE-2020-0260;0.004550000;0.369550000
CVE-2020-0259;0.001600000;0.045380000
CVE-2020-0258;0.003050000;0.208860000
CVE-2020-0257;0.001790000;0.066950000
CVE-2020-0256;0.002140000;0.105220000
CVE-2020-0254;0.004860000;0.393660000
CVE-2020-0253;0.006460000;0.488970000
CVE-2020-0252;0.005640000;0.446580000
CVE-2020-0251;0.004860000;0.393660000
CVE-2020-0250;0.001480000;0.033720000
CVE-2020-0249;0.001730000;0.060710000
CVE-2020-0248;0.001730000;0.060710000
CVE-2020-0247;0.001400000;0.027350000
CVE-2020-0246;0.001680000;0.055190000
CVE-2020-0245;0.020530000;0.804860000
CVE-2020-0244;0.004110000;0.326700000
CVE-2020-0243;0.001530000;0.037350000
CVE-2020-0242;0.002440000;0.140080000
CVE-2020-0241;0.002510000;0.147600000
CVE-2020-0240;0.021000000;0.809530000
CVE-2020-0239;0.001830000;0.070680000
CVE-2020-0238;0.001300000;0.021810000
CVE-2020-0236;0.007700000;0.538130000
CVE-2020-0235;0.004430000;0.359500000
CVE-2020-0234;0.001560000;0.041070000
CVE-2020-0233;0.001640000;0.049910000
CVE-2020-0232;0.004430000;0.359520000
CVE-2020-0231;0.004430000;0.359530000
CVE-2020-0230;0.004780000;0.387320000
CVE-2020-0229;0.005640000;0.446590000
CVE-2020-0228;0.004130000;0.329400000
CVE-2020-0227;0.002680000;0.169390000
CVE-2020-0226;0.002730000;0.176250000
CVE-2020-0225;0.026810000;0.852410000
CVE-2020-0224;0.015810000;0.745230000
CVE-2020-0223;0.004430000;0.359520000
CVE-2020-0221;0.004660000;0.378870000
CVE-2020-0220;0.001560000;0.040260000
CVE-2020-0219;0.003290000;0.233970000
CVE-2020-0218;0.001790000;0.067200000
CVE-2020-0217;0.008440000;0.562740000
CVE-2020-0216;0.001960000;0.083510000
CVE-2020-0215;0.002770000;0.180760000
CVE-2020-0214;0.008040000;0.549550000
CVE-2020-0213;0.008580000;0.567840000
CVE-2020-0212;0.007320000;0.524650000
CVE-2020-0211;0.007320000;0.524550000
CVE-2020-0210;0.001780000;0.065830000
CVE-2020-0209;0.002460000;0.142980000
CVE-2020-0208;0.001480000;0.034070000
CVE-2020-0207;0.007320000;0.524650000
CVE-2020-0206;0.001320000;0.022810000
CVE-2020-0205;0.007320000;0.524640000
CVE-2020-0204;0.003170000;0.221690000
CVE-2020-0203;0.002460000;0.142960000
CVE-2020-0202;0.003990000;0.315310000
CVE-2020-0201;0.017590000;0.770640000
CVE-2020-0200;0.007320000;0.524640000
CVE-2020-0199;0.001010000;0.008420000
CVE-2020-0198;0.042620000;0.907220000
CVE-2020-0197;0.001540000;0.038510000
CVE-2020-0196;0.003020000;0.205240000
CVE-2020-0195;0.007320000;0.524640000
CVE-2020-0194;0.007140000;0.517910000
CVE-2020-0193;0.007660000;0.536590000
CVE-2020-0192;0.007320000;0.524540000
CVE-2020-0191;0.007680000;0.537280000
CVE-2020-0190;0.007470000;0.529950000
CVE-2020-0189;0.006350000;0.483320000
CVE-2020-0188;0.003210000;0.225270000
CVE-2020-0187;0.001580000;0.042470000
CVE-2020-0186;0.001560000;0.040250000
CVE-2020-0185;0.001390000;0.027230000
CVE-2020-0184;0.006350000;0.483320000
CVE-2020-0183;0.003020000;0.205940000
CVE-2020-0182;0.011060000;0.644460000
CVE-2020-0181;0.028560000;0.861940000
CVE-2020-0180;0.007320000;0.524570000
CVE-2020-0179;0.004750000;0.385940000
CVE-2020-0178;0.001570000;0.041580000
CVE-2020-0177;0.001380000;0.026410000
CVE-2020-0176;0.008270000;0.557360000
CVE-2020-0175;0.007520000;0.531530000
CVE-2020-0174;0.007620000;0.535300000
CVE-2020-0173;0.007520000;0.531520000
CVE-2020-0172;0.007620000;0.535300000
CVE-2020-0171;0.007620000;0.535310000
CVE-2020-0170;0.007520000;0.531520000
CVE-2020-0169;0.007520000;0.531520000
CVE-2020-0168;0.007140000;0.517970000
CVE-2020-0167;0.004110000;0.326700000
CVE-2020-0166;0.001560000;0.041070000
CVE-2020-0165;0.001670000;0.053010000
CVE-2020-0164;0.001830000;0.070790000
CVE-2020-0163;0.006350000;0.483300000
CVE-2020-0162;0.006350000;0.483320000
CVE-2020-0161;0.006350000;0.483330000
CVE-2020-0160;0.010590000;0.631190000
CVE-2020-0159;0.003470000;0.257020000
CVE-2020-0158;0.001430000;0.029540000
CVE-2020-0157;0.006890000;0.507970000
CVE-2020-0156;0.001390000;0.027230000
CVE-2020-0155;0.002460000;0.142960000
CVE-2020-0154;0.001430000;0.029550000
CVE-2020-0153;0.001600000;0.044300000
CVE-2020-0152;0.001460000;0.032520000
CVE-2020-0151;0.001430000;0.029540000
CVE-2020-0150;0.001560000;0.041080000
CVE-2020-0149;0.001460000;0.032520000
CVE-2020-0148;0.001430000;0.029530000
CVE-2020-0147;0.001430000;0.029530000
CVE-2020-0146;0.001430000;0.029550000
CVE-2020-0145;0.001430000;0.029530000
CVE-2020-0144;0.001460000;0.032520000
CVE-2020-0143;0.001430000;0.029540000
CVE-2020-0142;0.008040000;0.549550000
CVE-2020-0141;0.004930000;0.398770000
CVE-2020-0140;0.008040000;0.549580000
CVE-2020-0139;0.001430000;0.029550000
CVE-2020-0138;0.013550000;0.704960000
CVE-2020-0137;0.002320000;0.126360000
CVE-2020-0136;0.002460000;0.142950000
CVE-2020-0135;0.001370000;0.025910000
CVE-2020-0134;0.001390000;0.027230000
CVE-2020-0133;0.002020000;0.090900000
CVE-2020-0132;0.002480000;0.144450000
CVE-2020-0131;0.007140000;0.517970000
CVE-2020-0130;0.004130000;0.330570000
CVE-2020-0129;0.001560000;0.041070000
CVE-2020-0128;0.008040000;0.549570000
CVE-2020-0127;0.008350000;0.559980000
CVE-2020-0126;0.001070000;0.010460000
CVE-2020-0125;0.001400000;0.027460000
CVE-2020-0124;0.001560000;0.040250000
CVE-2020-0123;0.006350000;0.483280000
CVE-2020-0122;0.001710000;0.058430000
CVE-2020-0121;0.002580000;0.157020000
CVE-2020-0120;0.001550000;0.039050000
CVE-2020-0119;0.007240000;0.521510000
CVE-2020-0118;0.001910000;0.078610000
CVE-2020-0117;0.015810000;0.745230000
CVE-2020-0116;0.001830000;0.070370000
CVE-2020-0115;0.001710000;0.058280000
CVE-2020-0114;0.003360000;0.244450000
CVE-2020-0113;0.003610000;0.272820000
CVE-2020-0110;0.001820000;0.069880000
CVE-2020-0109;0.001430000;0.030380000
CVE-2020-0108;0.004980000;0.402370000
CVE-2020-0107;0.001400000;0.027980000
CVE-2020-0106;0.001330000;0.023210000
CVE-2020-0105;0.001430000;0.030380000
CVE-2020-0104;0.001670000;0.053330000
CVE-2020-0103;0.016080000;0.749240000
CVE-2020-0102;0.001560000;0.041060000
CVE-2020-0101;0.001390000;0.027250000
CVE-2020-0100;0.001540000;0.038510000
CVE-2020-0099;0.005490000;0.436840000
CVE-2020-0098;0.001590000;0.043540000
CVE-2020-0097;0.001660000;0.052620000
CVE-2020-0096;0.006060000;0.468750000
CVE-2020-0094;0.001580000;0.042270000
CVE-2020-0093;0.003010000;0.204710000
CVE-2020-0092;0.001650000;0.050470000
CVE-2020-0091;0.001340000;0.023960000
CVE-2020-0090;0.001340000;0.023970000
CVE-2020-0089;0.001380000;0.025980000
CVE-2020-0088;0.006740000;0.501840000
CVE-2020-0087;0.001450000;0.031840000
CVE-2020-0086;0.006400000;0.485500000
CVE-2020-0085;0.001450000;0.031190000
CVE-2020-0084;0.001450000;0.031660000
CVE-2020-0083;0.008880000;0.576950000
CVE-2020-0082;0.004090000;0.324890000
CVE-2020-0081;0.001720000;0.059280000
CVE-2020-0080;0.005010000;0.404610000
CVE-2020-0079;0.001560000;0.041060000
CVE-2020-0078;0.001560000;0.041060000
CVE-2020-0077;0.001440000;0.030840000
CVE-2020-0076;0.001570000;0.041910000
CVE-2020-0075;0.001440000;0.030840000
CVE-2020-0074;0.002190000;0.110940000
CVE-2020-0073;0.013380000;0.701220000
CVE-2020-0072;0.013380000;0.701220000
CVE-2020-0071;0.013380000;0.701230000
CVE-2020-0070;0.013380000;0.701220000
CVE-2020-0069;0.013700000;0.708020000
CVE-2020-0068;0.001480000;0.033380000
CVE-2020-0067;0.004770000;0.386940000
CVE-2020-0066;0.001420000;0.028880000
CVE-2020-0065;0.001340000;0.023960000
CVE-2020-0064;0.001340000;0.023950000
CVE-2020-0063;0.001680000;0.055190000
CVE-2020-0062;0.006090000;0.470460000
CVE-2020-0061;0.001640000;0.049820000
CVE-2020-0060;0.001670000;0.053820000
CVE-2020-0059;0.001560000;0.040710000
CVE-2020-0058;0.001600000;0.044170000
CVE-2020-0057;0.001560000;0.040700000
CVE-2020-0056;0.001560000;0.040700000
CVE-2020-0055;0.001660000;0.052700000
CVE-2020-0054;0.001430000;0.030390000
CVE-2020-0053;0.001560000;0.040260000
CVE-2020-0052;0.001580000;0.042040000
CVE-2020-0051;0.001670000;0.053370000
CVE-2020-0050;0.001600000;0.044310000
CVE-2020-0049;0.007320000;0.524560000
CVE-2020-0048;0.001390000;0.027250000
CVE-2020-0047;0.001300000;0.022040000
CVE-2020-0046;0.001610000;0.046240000
CVE-2020-0045;0.001170000;0.014750000
CVE-2020-0044;0.001430000;0.029540000
CVE-2020-0043;0.001580000;0.042650000
CVE-2020-0042;0.001580000;0.042650000
CVE-2020-0041;0.031450000;0.874230000
CVE-2020-0039;0.011450000;0.654220000
CVE-2020-0038;0.011450000;0.654220000
CVE-2020-0037;0.011610000;0.658850000
CVE-2020-0036;0.001910000;0.078840000
CVE-2020-0035;0.001620000;0.047650000
CVE-2020-0034;0.019450000;0.793560000
CVE-2020-0033;0.001990000;0.087900000
CVE-2020-0032;0.015990000;0.747880000
CVE-2020-0031;0.001570000;0.041830000
CVE-2020-0030;0.001550000;0.040100000
CVE-2020-0029;0.001470000;0.033010000
CVE-2020-0028;0.026830000;0.852490000
CVE-2020-0027;0.001810000;0.068920000
CVE-2020-0026;0.001710000;0.057510000
CVE-2020-0025;0.001250000;0.019190000
CVE-2020-0024;0.001670000;0.053290000
CVE-2020-0023;0.003320000;0.237780000
CVE-2020-0022;0.060520000;0.931280000
CVE-2020-0021;0.008470000;0.563950000
CVE-2020-0020;0.001480000;0.033860000
CVE-2020-0019;0.001740000;0.060870000
CVE-2020-0018;0.001600000;0.044160000
CVE-2020-0017;0.001760000;0.064650000
CVE-2020-0016;0.001750000;0.062050000
CVE-2020-0015;0.001670000;0.053100000
CVE-2020-0014;0.009260000;0.589150000
CVE-2020-0012;0.001720000;0.059290000
CVE-2020-0011;0.001730000;0.060000000
CVE-2020-0010;0.001670000;0.053010000
CVE-2020-0009;0.006780000;0.503380000
CVE-2020-0008;0.001170000;0.014910000
CVE-2020-0007;0.001680000;0.055080000
CVE-2020-0006;0.007690000;0.537770000
CVE-2020-0005;0.001800000;0.068160000
CVE-2020-0004;0.001480000;0.033970000
CVE-2020-0003;0.001400000;0.027680000
CVE-2020-0002;0.013870000;0.711260000
CVE-2020-0001;0.004150000;0.333020000
